{"9":{"15":{"231":{"keys":["",1,4],"grid":[" "," "," "," "," "," "," ","!# /","#!!$ -","#$!! -","#$!# ,","#%!! ,","11","11","11","10"]},"232":{"keys":[4,1,""],"grid":[" $!!#-"," !!$#-","!##/","#","#","#","#","#","#","#","#","#","#","#","#","#"]}},"14":{"231":{"keys":["",1,4],"grid":[" "," "," "," "," "," "," "," .!$"," ,!$##"," +!##%"," *!##&"," *!!#'"," )!##'"," )!!#(","13","12"]},"232":{"keys":["",1,4],"grid":[" *!!#'"," *!##&"," +!$#!!#"," -!$ !"," "," "," "," "," "," "," "," "," "," "," "," "]}}},"13":{"235":{"3714":{"keys":[4,"",3],"grid":[" "," "," "," "," ","!!#! /","!##! .","!%#! ,","!&## *","!(## (","!*## &","!,## $","!/#! !","!","!","!"]},"3704":{"keys":["",3,4],"grid":[" "," "," "," "," "," "," "," "," "," "," "," "," 0!!"," /!!#!"," -!###"," ,!!#%"]},"3705":{"keys":["",3,4],"grid":[" *!##&"," )!!#("," (!!#)"," '!!#*"," &!!#+"," $!!#-"," #!!#."," !!!#/","!!#0","#","#","#","#","#","#","#"]}},"233":{"3711":{"keys":[4,3,""],"grid":[" "," "," "," "," "," "," ","!! 0","07","07","#! 0","#!!! /","11","##!! .","13","#$ ."]},"3713":{"keys":["",4,3],"grid":[" -!%"," -#!!$"," .#!!#"," /#!!!","03"," 0#!"," "," "," "," "," "," "," "," "," "," "]},"3712":{"keys":["",3,4],"grid":[" $!!#-","00"," %!!#,","02"," &!!#+","04"," '!!#*","06"," (!!#)","08"," )!!#("," *#("," *!!#'"," +!!#&","13"," ,!!#%"]},"3708":{"keys":["",3,4],"grid":[" %!!#,"," $!!#-","01"," $#."," #!!#.","04"," ##/"," !!!#/"," !#0","08","!!#0","10","#","#","#","#"]},"3706":{"keys":["",3,4],"grid":[" "," "," "," "," "," "," "," "," "," "," "," "," 0!!"," 0#!"," /!!#!"," .!!##"]},"3707":{"keys":["",3,4],"grid":[" -!!#$","00"," ,!!#%"," ,#&"," +!!#&"," *!!#'","05"," )!!#("," )#)"," (!!#)"," (#*"," '!!#*"," '#+"," &!!#+"," &#,"," %!!#,"]}},"244":{"3711":{"keys":[4,3,""],"grid":[" #!!#."," ##/","01"," !!!#/","03"," !#0","!!#0","06","#","#","#","#","#","#","#","#"]},"3710":{"keys":[4,"",3],"grid":[" '!+"," &#!!+","01"," &!,"," %#!!,","04"," %!-","06","06"," $#!!-","09","09","09"," $!.","13"," ##!!."]},"3708":{"keys":[4,3,""],"grid":[" *!!#'","00"," +#'","02","02","02","02","02","02","02","02","02","02","02","00","00"]},"3709":{"keys":[4,3,""],"grid":[" *!!#'","00","00"," *#(","03","03"," )!!#(","06","06"," )#)"," (!!#)","10","10"," (#*"," '!!#*","14"]},"3706":{"keys":["",3,4],"grid":[" "," ","!! 0","#! 0","#!!! /","## /","##!! .","#$ .","#$!! -","#% -","#%!! ,","10","#& ,","#&!! +","13","#' +"]},"3707":{"keys":[4,3,""],"grid":[" '!!#*","00"," (#*"," (!!#)","03"," )#)","05"," )!!#(","07","07"," *#(","10","10"," *!!#'","13","13"]}},"238":{"3715":{"keys":[4,3,""],"grid":[" +!##%"," $!%#*","#","#","#","#","#","#","#","#","#","#","#","#","#","#"]},"3714":{"keys":[4,3],"grid":[" "," "," "," "," "," "," "," "," "," "," "," "," "," "," "," /!#"]},"3703":{"keys":["",3,4],"grid":[" "," "," "," "," "," "," "," "," "," "," "," *!&##"," $!$#+","!##/","#","#"]}},"240":{"3714":{"keys":[4,3,""],"grid":[" "," "," "," "," "," "," "," "," .!##!"," +!##%"," '!##)","!%#-","#","#","#","#"]},"3703":{"keys":["",3,4],"grid":[" "," "," "," "," "," "," "," "," "," ","!# /","#'!% '","#-!$ !","#","#","#"]}},"243":{"3711":{"keys":[4,3,""],"grid":[" "," "," "," "," "," "," "," "," "," 0!!","09"," /!!#!","11"," /##"," .!!##"," .#$"]},"3713":{"keys":[4,"",3],"grid":[" #!/"," !#!!/","#!!0","!","!","!","!","!","!","!","!","!","!","!","!","!"]},"3712":{"keys":[4,3,""],"grid":[" -!!#$"," -#%"," ,!!#%"," ,#&"," +!!#&"," +#'"," *!!#'"," )!!#("," )#)"," (!!#)"," '!!#*"," '#+"," &!!#+"," %!!#,"," $!!#-"," #!!#."]},"3706":{"keys":[4,3],"grid":[" 0!!"," "," "," "," "," "," "," "," "," "," "," "," "," "," "," "]},"3704":{"keys":["",3,4],"grid":[" "," "," "," "," "," "," "," "," "," "," "," "," "," ","!! 0","#!!! /"]},"3705":{"keys":[4,3,""],"grid":[" #!!#."," $!!#-"," %!!#,"," &!!#+"," '!!#*"," (!!#)"," )!!#("," *!!#'"," +#'"," +!!#&"," ,!!#%"," -!!#$","11"," .!!##"," /!!#!","14"]}},"242":{"3704":{"keys":["",3,4],"grid":[" "," "," ","!# /","##!! .","#%!! ,","#'!! *","#(!! )","#*!! '","#+!! &","#,!# $","#.!! #","#/!! !","#0!!","#","#"]},"3713":{"keys":[4,3,""],"grid":[" "," "," "," 0!!"," /!!#!"," .!!##"," -!!#$"," ,!!#%"," +!!#&"," )!!#("," (!!#)"," '!!#*"," %!##+"," $!!#-"," !!##.","!!#0"]}},"234":{"3714":{"keys":["",3,4],"grid":[" +!!#&"," ,!!#%"," -!###"," /!!#!"," 0!!"," "," "," "," "," "," "," "," "," "," "," "]},"3706":{"keys":["",3,4],"grid":[" *!!#'"," )!!#("," (!!#)"," '!!#*"," &!!#+","04"," %!!#,"," $!!#-"," #!!#.","08"," !!!#/","!!#0","#","#","#","#"]},"3713":{"keys":[4,3,""],"grid":[" "," "," "," "," "," ","!! 0","#!!! /","##!! .","#$!! -","#%!! ,","#&!! +","#'!! *","#(!! )","#)!! (","#*!! '"]},"3705":{"keys":["",3,4],"grid":[" "," "," "," "," "," "," "," "," "," 0!!"," /!!#!"," .!!##"," -!!#$"," ,!!#%"," ,#&"," +!!#&"]}},"241":{"3714":{"keys":[4,3,""],"grid":[" /!#"," -!###"," ,!!#%"," *!!#'"," (!!#)"," &!!#+"," #!##-","!##/","#","#","#","#","#","#","#","#"]},"3704":{"keys":[4,3,""],"grid":[" +!!#&"," -!###"," /!#"," "," "," "," "," "," "," "," "," "," "," "," "," "]},"3713":{"keys":[4],"grid":[" "," "," "," "," "," "," "," "," "," "," "," "," "," "," "," "]},"3703":{"keys":["",4,3],"grid":[" "," "," "," "," "," "," "," "," "," "," "," "," ","!!## .","!%## +","!(## ("]}},"236":{"3715":{"keys":["",3,4],"grid":[" +!$#$"," 0!!"," "," "," "," "," "," "," "," "," "," "," "," "," "," "]},"3714":{"keys":[4,3,""],"grid":[" "," "," "," "," "," "," "," "," "," "," "," "," ","!# /","#$!# ,","#'!# )"]},"3704":{"keys":["",3,4],"grid":[" "," "," "," "," /!#"," -!###"," ,!!#%"," *!!#'"," (!!#)"," &!!#+"," $!!#-"," !!!#/","!!#0","#","#","#"]}},"237":{"3715":{"keys":[4,3,""],"grid":[" ","!% -","#","#","#","#","#","#","#","#","#","#","#","#","#","#"]},"3703":{"keys":["",3,4],"grid":[" "," "," "," "," "," "," "," "," "," "," "," "," "," 0!!"," -!###"," *!##&"]},"3704":{"keys":["",3,4],"grid":[" (!!#)"," %!##+"," #!##-","!!#0","#","#","#","#","#","#","#","#","#","#","#","#"]}},"232":{"3708":{"keys":["",3],"grid":[" "," "," "," "," "," "," "," "," "," "," "," "," "," 0!!","13","13"]},"3709":{"keys":["",4,3],"grid":[" 0!!","00"," /#!!!","02","02"," /!#","05","05"," .#!!#","08","08","08","08","08"," .!$","14"]},"3711":{"keys":["",3,4],"grid":[" /!!#!","00"," 0#!","02"," 0!!","04"," "," "," "," "," "," "," "," "," "," "]},"3710":{"keys":["",4,3],"grid":[" .!$","00","00","00","00","00"," .#!!#","06","06","06","06","06"," /!#","12","12"," /#!!!"]}},"239":{"3714":{"keys":[4,3,""],"grid":[" "," "," "," "," "," "," "," "," "," "," "," "," (!&#%"," &!!#+"," #!##-","#"]},"3703":{"keys":["",3,4],"grid":[" "," "," "," "," "," "," "," "," "," "," &!,","#","#","#","#","#"]}}}}