{"9":{"5":{"254":{"keys":["",1,4],"grid":[" "," "," "," "," "," "," "," "," ","!! 0","09","!# /","#!!! /","12","12","12"]},"255":{"keys":[1,"",4],"grid":[" #!/"," !!0","!","!","!","!","00","#! $!-","#$ #!,","#% !!,","09","09","09","09","08","07"]}},"4":{"254":{"keys":["",1,4],"grid":[" "," "," "," "," "," "," "," "," ,!% !"," *!$##!#"," )!##'"," )!!#(","11","11","11","11"]},"255":{"keys":["",1,4],"grid":[" )!##'"," *!##%!!"," +!'"," "," "," "," /!#"," .!##!"," -!###"," ,!##$"," ,!!#%","10","10","09"," -!!#$"," -!$#!"]}}},"13":{"79":{"4081":{"keys":[4,3,""],"grid":[" "," "," "," "," "," "," "," 0!!"," /!!#!"," -!!#$"," ,!!#%"," +!!#&"," )!!#("," '!##)"," &!!#+"," $!!#-"]},"4082":{"keys":[4,3,""],"grid":[" !!!#/","#","#","#","#","#","#","#","#","#","#","#","#","#","#","#"]},"4073":{"keys":["",3,4],"grid":[" "," "," "," ","!# /","##!! .","#%!! ,","#&!# *","#(!! )","#*!! '","#+!! &","#,!! %","#.!! #","#/!! !","#0!!","#"]},"4086":{"keys":["",3,4],"grid":[" "," "," "," "," "," "," "," "," "," "," "," "," "," &!%#(","!$#.","#"]}},"77":{"4088":{"keys":[4],"grid":[" "," "," "," "," "," "," "," "," "," "," "," "," "," "," "," "]},"4082":{"keys":[4,3,""],"grid":[" "," "," "," "," "," "," 0!!"," *!%#$","!!#0","#","#","#","#","#","#","#"]},"4072":{"keys":["",4,3],"grid":[" "," "," "," "," "," "," "," "," "," "," "," ","!'#% '","!-#$ !","!","!"]},"4095":{"keys":[4,3,""],"grid":[" "," ","!! 0","#!!! /","##!! .","#$!! -","#&!! +","#'!! *","#)!! (","#*!! '","#,!! %","#.!! #","#/!#","#","#","#"]},"4087":{"keys":["",3,4],"grid":[" "," "," "," "," "," /!!#!"," -!!#$"," +!##%"," *!!#'"," (!##("," '!!#*"," &!!#+"," $!!#-"," #!!#."," !!!#/","!!#0"]}},"76":{"4093":{"keys":[4,3],"grid":[" "," "," "," "," "," "," "," "," "," "," "," "," "," "," ","!! 0"]},"4082":{"keys":[4,3,""],"grid":[" "," "," "," "," "," ","!! 0","#$!% *","#0!!","#","#","#","#","#","#","#"]},"4095":{"keys":["",3,4],"grid":[" .!!##"," /!#"," "," "," "," "," "," "," "," "," "," "," "," "," "," "]},"4094":{"keys":["",4,3],"grid":[" !!0"," !#!!/"," ##!!.","02"," $#!!-"," %#!!,"," &!,"," &#!!+"," '#!!*"," (#!!)"," )#!!("," *!("," *#!!'"," +#!!&"," ,#!!%"," -#!!$"]},"4088":{"keys":["",3,4],"grid":[" 0!!"," /!!#!"," .!!##"," -!!#$"," ,!!#%"," +!!#&"," *!!#'"," )!!#("," (!!#)","08"," '!!#*"," &!!#+"," &#,"," %!!#,"," $!!#-"," $#."]},"4089":{"keys":["",3,4],"grid":[" #!!#."," !!!#/","01","!!#0","#","#","#","#","#","#","#","#","#","#","#","#"]},"4072":{"keys":["",3,4],"grid":[" "," "," "," "," "," "," "," "," "," "," "," "," #!%#+","#","#","#"]}},"75":{"4093":{"keys":["",3,4],"grid":[" *!!#'"," +#'"," +!!#&","02"," ,#&"," ,!!#%"," -#%"," -!!#$","07"," .!!##","09"," /!!#!","11"," 0!!","13"," "]},"4092":{"keys":["",3,4],"grid":[" '!!#*","00","00"," (#*","03","03"," (!!#)","06","06"," )#)","09"," )!!#(","11"," *#(","13"," *!!#'"]},"4082":{"keys":[4,3,""],"grid":[" ","!# /","##!# -","#&!# *","#)!# '","#,!# $","#/!#","#","#","#","#","#","#","#","#","#"]},"4090":{"keys":["",3,4],"grid":[" +!!#&","00"," +#'"," *!!#'","03"," *#("," )!!#(","06","06"," )#)","09"," (!!#)","11","11"," (#*","14"]},"4089":{"keys":["",3,4],"grid":[" "," "," "," "," "," 0!!"," 0#!"," /!!#!"," /##"," .!!##","09"," -!!#$","11"," ,!!#%","13"," ,#&"]},"4091":{"keys":["",4,3],"grid":[" (!*"," '#!!*","01","01","01","01","01","01","01","01","01","01","01","01","01","01"]},"4073":{"keys":["",3,4],"grid":[" $!##,"," !!!#/","#","#","#","#","#","#","#","#","#","#","#","#","#","#"]},"4072":{"keys":["",3,4],"grid":[" "," "," "," "," "," "," "," "," "," "," "," "," "," .!$"," *!##&"," '!##)"]}},"74":{"4081":{"keys":[4,"",3],"grid":[" "," "," "," "," "," "," ","!!#! /","!##! .","!$#! -","!%## +","!'#! *","!(## (","!*#! '","!,#! %","!-## #"]},"4082":{"keys":["",3],"grid":[" /!#"," "," "," "," "," "," "," "," "," "," "," "," "," "," "," "]},"4073":{"keys":["",3,4],"grid":[" "," "," 0!!"," .!!##"," ,!!#%"," *!!#'"," (!##("," '!!#*"," %!!#,"," $!!#-"," !!##.","!!#0","#","#","#","#"]}},"73":{"4080":{"keys":[4,3,""],"grid":[" "," "," ","!! 0","03","#!!! /","## /","##!! .","#$!! -","#% -","#%!! ,","#&!! +","#'!! *","#(!! )","13","#)!! ("]},"4074":{"keys":["",3,4],"grid":[" +!!#&"," *!!#'"," )!!#(","02"," (!!#)"," '!!#*"," &!!#+"," %!!#,"," $!!#-"," $#."," #!!#."," !!!#/"," !#0","!!#0","#","#"]},"4073":{"keys":["",3,4],"grid":[" "," "," "," "," "," "," "," "," "," "," "," "," 0!!"," /!!#!"," .!!##"," ,!##$"]},"4081":{"keys":["",3,4],"grid":[" *!!#'"," +!!#&"," ,!!#%"," -!!#$"," .!!##"," /!!#!"," 0!!"," "," "," "," "," "," "," "," "," "]}},"72":{"4080":{"keys":["",3,4],"grid":[" /!!#!"," 0#!"," 0!!"," "," "," "," "," "," "," "," "," "," "," "," "," "]},"4079":{"keys":["",3,4],"grid":[" )!!#(","00"," *#(","02"," *!!#'","04"," +!!#&","06"," ,#&"," ,!!#%","09"," -!!#$","11"," .#$"," .!!##"," /##"]},"4078":{"keys":["",3,4],"grid":[" %!!#,"," &#,","01"," &!!#+","03","03"," '#+","06"," '!!#*","08","08"," (#*"," (!!#)","12","12"," )#)"]},"4075":{"keys":["",3,4],"grid":[" /!!#!"," .!!##","01"," -!!#$","03"," ,!!#%","05"," +!!#&","07"," +#'"," *!!#'"," *#("," )!!#(","12"," )#)"," (!!#)"]},"4074":{"keys":["",3,4],"grid":[" "," "," "," "," "," "," "," "," "," "," "," "," "," "," 0!!"," 0#!"]},"4077":{"keys":["",3,4],"grid":[" %!!#,","00"," %#-","02","02","02","02","02","02","02","02","00","00","00","00","00"]},"4076":{"keys":["",3,4],"grid":[" (!!#)"," (#*","01"," '!!#*","03"," '#+","05"," &!!#+","07","07"," &#,","10"," %!!#,","12","12","12"]}},"82":{"4095":{"keys":[4,3,""],"grid":[" "," "," "," "," "," "," 0!!"," .!!##"," -!!#$"," +!!#&"," )!##'"," (!!#)"," &!!#+"," #!##-","!##/","#"]},"4087":{"keys":["",4,3],"grid":[" "," "," ","!!#! /","!$#! -","!&#! +","!(#! )","!*#! '","!+## %","!-#! $","!.#! #","!0#!","!","!","!","!"]}},"83":{"4088":{"keys":[4,3,""],"grid":[" &!!#+"," '!!#*"," (!!#)"," )!!#("," *!!#'"," +!!#&"," ,!!#%"," -!!#$","07"," .!!##"," /!!#!"," 0!!"," "," "," "," "]},"4094":{"keys":[4,3,""],"grid":[" "," "," "," "," "," "," 0!!"," /!!#!"," .!!##","08"," -!!#$"," ,!!#%"," +!!#&"," *!!#'"," )!!#("," (!!#)"]},"4095":{"keys":[4,3,""],"grid":[" '!!#*"," &!!#+"," %!!#,"," $!!#-"," !!!#/","!!#0","#","#","#","#","#","#","#","#","#","#"]},"4087":{"keys":["",3,4],"grid":[" "," "," "," "," "," "," "," "," "," "," "," ","!! 0","#!!! /","#$!! -","#%!! ,"]}},"80":{"4080":{"keys":[4,3,""],"grid":[" "," "," "," "," 0!!"," 0#!"," /!!#!"," .!!##","07"," -!!#$"," ,!!#%"," ,#&"," +!!#&"," *!!#'"," )!!#("," (!!#)"]},"4081":{"keys":[4,3,""],"grid":[" '!!#*"," &!!#+"," %!!#,"," $!!#-"," #!!#."," !!!#/","!!#0","#","#","#","#","#","#","#","#","#"]},"4086":{"keys":["",4,3],"grid":[" "," "," "," "," "," "," "," "," "," "," "," "," ","!*#& #","!","!"]},"4075":{"keys":[4,3,""],"grid":[" /!!#!"," 0!!"," "," "," "," "," "," "," "," "," "," "," "," "," "," "]},"4074":{"keys":[4,3,""],"grid":[" !!!#/"," #!!#."," $!!#-"," %!!#,"," &!!#+"," '!!#*"," (!!#)"," )!!#("," *!!#'"," +#'"," +!!#&"," ,!!#%"," -!!#$","12"," .!!##"," /!!#!"]},"4073":{"keys":["",3],"grid":[" "," "," "," "," "," "," "," "," "," "," "," "," "," "," ","!! 0"]}},"81":{"4080":{"keys":[4,"",3],"grid":[" #!/"," !#!!/","#!!0","02","!","!","!","!","!","!","!","!","!","!","!","!"]},"4079":{"keys":[4,"",3],"grid":[" )!)"," (#!!)","01","01"," (!*"," '#!!*","05"," '!+"," &#!!+"," &!,"," %#!!,","10"," $#!!-","12"," $!."," ##!!."]},"4078":{"keys":[4,3,""],"grid":[" +!!#&","00","00","00","00","00"," +#'","06","06"," *!!#'","09","09"," *#(","12"," )!!#(","14"]},"4086":{"keys":["",3,4],"grid":[" "," "," "," "," "," "," "," "," "," "," "," "," "," ","!$ .","#%!$ *"]},"4087":{"keys":[4,3,""],"grid":[" )!##'"," ,!##$"," /!#"," "," "," "," "," "," "," "," "," "," "," "," "," "]},"4075":{"keys":["",3,4],"grid":[" "," "," ","!! 0","#! 0","#!!! /","##!! .","06","#$ .","#$!! -","#% -","#%!! ,","11","#&!! +","13","#' +"]},"4077":{"keys":[4,"",3],"grid":[" +!'"," +#!!&","01","01","01","01","01"," ,!&","07","07","07","07","07","07","07","07"]},"4076":{"keys":[4,3,""],"grid":[" '!!#*","00"," (#*"," (!!#)","03"," )#)","05"," )!!#(","07"," *#(","09"," *!!#'","11","11"," +#'","14"]},"4095":{"keys":[4,3,""],"grid":[" "," "," "," "," "," "," "," "," "," "," "," "," "," "," "," /!!#!"]}},"84":{"4093":{"keys":[4,3,""],"grid":[" +!!#&","00"," +#'"," *!!#'","03"," *#("," )!!#("," )#)"," (!!#)","08"," '!!#*","10"," &!!#+","12"," %!!#,"," %#-"]},"4092":{"keys":[4,"",3],"grid":[" /!#","00","00"," .#!!#","03","03"," .!$","06","06"," -#!!$","09"," -!%","11"," ,#!!%","13"," ,!&"]},"4091":{"keys":[4,"",3],"grid":[" /!#","00","00","00","00","00"," /#!!!","06","06","06","06","06","06","00","00","00"]},"4090":{"keys":[4,3,""],"grid":[" +!!#&","00"," ,#&"," ,!!#%","03","03"," -#%"," -!!#$","07","07"," .#$","10"," .!!##","12","12","12"]},"4094":{"keys":[4,3,""],"grid":[" $!!#-"," #!!#.","01"," !!!#/","!!#0","04","#","#","#","#","#","#","#","#","#","#"]},"4088":{"keys":["",3,4],"grid":[" "," "," "," "," "," "," "," "," "," "," "," "," ","!! 0","#!!! /","## /"]},"4089":{"keys":[4,3,""],"grid":[" #!!#."," $!!#-","01"," %!!#,"," &#,"," &!!#+"," '#+"," '!!#*"," (#*"," (!!#)"," )#)"," )!!#(","11"," *!!#'","13"," +#'"]}},"78":{"4082":{"keys":[4,3,""],"grid":[" "," 0!!"," -!###"," +!##%"," (!##("," %!##+","!##/","#","#","#","#","#","#","#","#","#"]},"4086":{"keys":["",3,4],"grid":[" "," "," "," "," "," "," "," "," "," "," "," "," "," "," "," -!$#!"]},"4095":{"keys":[4,3,""],"grid":[" "," "," "," "," "," "," "," "," "," "," "," "," ","!# /","#$!! -","#&!# *"]},"4087":{"keys":["",3,4],"grid":[" *!##&"," '!##)"," %!##+"," #!!#.","!!#0","#","#","#","#","#","#","#","#","#","#","#"]},"4073":{"keys":[4,3,""],"grid":[" (!##("," +!!#&"," -!###"," /!#"," "," "," "," "," "," "," "," "," "," "," "," "]},"4072":{"keys":["",4,3],"grid":[" "," "," "," "," "," "," "," "," "," "," "," "," "," ","!!## .","!%## +"]}}}}