{"9":{"5":{"256":{"keys":[1,""],"grid":[" #!/","!","!","!","!","!","!","!","!","!","!","!","!","!","!","!"]}},"4":{"256":{"keys":["",1],"grid":[" /!#"," "," "," "," "," "," "," "," "," "," "," "," "," "," "," "]}}},"13":{"80":{"4096":{"keys":[4,3,""],"grid":[" "," "," "," /!#","!,#&","#","#","#","#","#","#","#","#","#","#","#"]}},"81":{"4096":{"keys":[4,3,""],"grid":[" ,!##$"," )!##'"," %!##+","!##/","#","#","#","#","#","#","#","#","#","#","#","#"]}},"79":{"4096":{"keys":[4,3,""],"grid":[" "," ","!! 0","#$!% *","#,!&","#","#","#","#","#","#","#","#","#","#","#"]}},"78":{"4096":{"keys":["",3,4],"grid":[" )!##'"," ,!##$"," 0!!"," "," "," "," "," "," "," "," "," "," "," "," "," "]}}}}