{"9":{"15":{"129":{"keys":[2,"",3,1],"grid":[" -!%","00","00","00","00","00","00","00","00","00","00","00"," -#%"," ,$!#%","13","13"]},"131":{"keys":[2,1,3,""],"grid":[" +!!#&","00"," *!##&"," *!!#'","03","03","03","03","$% &!!#'","08","$% %$##'","$% %$%#%","$","$","$","$"]},"130":{"keys":[2,1,3],"grid":[" +!##%"," +!!#&","01","01","01","01","01","01","01","01","01","01","01","01","01","01"]}}},"13":{"250":{"2088":{"keys":[2,3],"grid":[" *!(","00","00","00","00","00","00","00","00","00","00","00","00","00","00","00"]},"2089":{"keys":[2,3],"grid":[" *!("," )!)","01","01","01","01","01","01","01","01","01","01","01","01","01","01"]},"2082":{"keys":[2,3],"grid":[" 0!!","00","00","00"," /!#","04","04","04","04","04","04","04","04","04","04","04"]},"2083":{"keys":[2,3],"grid":[" /!#","00","00","00","00","00"," .!$","06","06","06","06","06","06","06","06","06"]},"2080":{"keys":[2],"grid":[" "," "," "," "," "," "," "," "," "," "," "," "," "," "," "," "]},"2081":{"keys":[2,3],"grid":[" "," "," 0!!","02","02","02","02","02","02","02","02","02","02","02","02","02"]},"2086":{"keys":[2,3],"grid":[" ,!&","00","00","00","00","00","00","00","00","00","00","00"," +!'","12","12","12"]},"2087":{"keys":[2,3],"grid":[" +!'","00","00","00","00","00","00","00","00","00","00","00","00","00","00"," *!("]},"2084":{"keys":[2,3],"grid":[" .!$","00","00","00","00","00","00","00"," -!%","08","08","08","08","08","08","08"]},"2085":{"keys":[2,3],"grid":[" -!%","00","00","00","00","00","00","00","00","00"," ,!&","10","10","10","10","10"]},"2095":{"keys":[2,3],"grid":[" $!.","00","00","00","00","00","00","00","00","00","00","00","00"," #!/","13","13"]},"2094":{"keys":[2,3],"grid":[" %!-","00","00","00","00","00","00","00","00","00","00"," $!.","11","11","11","11"]},"2097":{"keys":[2,3],"grid":[" !!0","00","00","00","00","00","00","00","00","00","00","00","00","00","00","00"]},"2096":{"keys":[2,3],"grid":[" #!/","00","00","00","00","00","00","00","00","00","00","00","00","00","00"," !!0"]},"2091":{"keys":[2,3],"grid":[" (!*","00","00","00","00"," '!+","05","05","05","05","05","05","05","05","05","05"]},"2090":{"keys":[2,3],"grid":[" )!)","00","00"," (!*","03","03","03","03","03","03","03","03","03","03","03","03"]},"2093":{"keys":[2,3],"grid":[" &!,","00","00","00","00","00","00","00","00"," %!-","09","09","09","09","09","09"]},"2092":{"keys":[2,3],"grid":[" '!+","00","00","00","00","00","00"," &!,","07","07","07","07","07","07","07","07"]},"2098":{"keys":[2,3],"grid":[" !!0","!","!","!","!","!","!","!","!","!","!","!","!","!","!","!"]}},"251":{"2080":{"keys":[3],"grid":[" "," "," "," "," "," "," "," "," "," "," "," "," "," "," "," "]},"2078":{"keys":[2,3],"grid":[" #!/","00","00","00","00","00","00","00","00","00","00","00","00"," !!0","13","13"]},"2077":{"keys":[2,"",3],"grid":[" %!-","00","00","00","00","00","00","00","00","00","00","00"," $!!#-","12"," ##/","14"]},"2079":{"keys":[2,3],"grid":[" !!0","00","00","00","00","00","00","00","00","00","00","00","00","00","00","!"]}},"249":{"2103":{"keys":[2,3],"grid":[" -!%","00","00","00","00","00","00","00","00","00","00"," ,!&","11","11","11","11"]},"2102":{"keys":[2,3],"grid":[" .!$","00","00","00","00","00","00","00","00"," -!%","09","09","09","09","09","09"]},"2101":{"keys":[2,3],"grid":[" /!#","00","00","00","00","00","00"," .!$","07","07","07","07","07","07","07","07"]},"2100":{"keys":[2,3],"grid":[" 0!!","00","00","00","00"," /!#","05","05","05","05","05","05","05","05","05","05"]},"2099":{"keys":[2,3],"grid":[" "," "," "," 0!!","03","03","03","03","03","03","03","03","03","03","03","03"]},"2098":{"keys":[2],"grid":[" "," "," "," "," "," "," "," "," "," "," "," "," "," "," "," "]},"2105":{"keys":[2,3,""],"grid":[" +!'","00","00","00","#% '!'","04","04","04","#*!(","#,!&","#-!%","10","10","10","10","10"]},"2104":{"keys":[2,3],"grid":[" ,!&","00","00","00","00","00","00","00","00","00","00","00","00"," +!'","13","13"]}}}}