{"9":{"441":{"175":{"keys":[2,1],"grid":[" "," "," "," "," "," "," "," "," "," "," "," "," "," ","!! 0","!# /"]}},"440":{"175":{"keys":[1,196,2],"grid":[" !!# !#-","!$ !#-","!$ ##,","!% &#(","!) !#(","04","!) ##'","!* $#%","!+ ##%","!+ $#$","!- !#$","10","!- $#!","!/ #","!0 !","!"]},"174":{"keys":[2,1,196],"grid":[" "," "," "," "," "," "," "," "," "," "," "," "," ","!# /","!% -","#$!! -"]}},"438":{"174":{"keys":[2,1,196],"grid":[" "," "," "," "," "," "," "," ","!! )!(","!# $!&#&!!","#!!&#!!##(","#","#","#","#","#"]}},"439":{"175":{"keys":[196,1],"grid":[" )!% !!$"," *!# $!#"," "," "," "," "," "," "," "," "," "," "," "," "," "," "]},"174":{"keys":[2,1,196],"grid":[" "," "," "," "," "," "," "," "," !!# .","!$ .","##!! .","#!!# .","#!!& +","#&!$ )","#(!# '!!","#)!! #!$ !!!"]}},"436":{"169":{"keys":[2,1,196],"grid":[" "," "," "," "," "," "," ","!! 0","07","!# /","#!!# .","##!# -","11","#$!! -","13","13"]},"171":{"keys":[196,1,2],"grid":[" (!!#)","00"," (!##("," )!!#(","03"," )!##'"," *!##&"," +!##%"," ,!##$"," -!###"," .!!##"," .!##!"," /!!#!","12"," /!#"," 0!!"]},"170":{"keys":[196,1,2],"grid":[" #!##-","00"," $!$#+"," &!##*","03"," &!!#+"," %!##+"," &!$#)"," (!##(","08"," &!&#'"," &!$ !!!#'","10"," '!$#(","08"," (!!#)"]}},"437":{"174":{"keys":[196,1,2],"grid":[" &!##*"," '!##)"," (!$#'"," *!!#'","03","03"," *!##&"," +!##%"," ,!###!!"," -!%"," "," "," "," "," "," "]},"173":{"keys":[196,1,2],"grid":[" #!$#,"," %!%#)"," (!!#)","02","02"," '!##)"," '!!#*"," &!##*"," &!!#+","08","08","08","07","06","07","08"]},"172":{"keys":[1,2,196],"grid":[" !!0","00","00"," #!/","#! !!/","#! #!.","## !!."," $!.","00","00","07","06","05","04","04","05"]},"171":{"keys":[2,1],"grid":[" "," "," "," "," "," "," "," "," "," "," "," "," "," "," ","!! 0"]}},"434":{"166":{"keys":[2,1,196],"grid":[" "," "," "," ","!! 0","!$ .","##!# -","#$!$ +","#&!$ )","#(!! !!# &","#(!% &","#+!# %","#,!$ #","#-!# #","#-!! $","#,!# $"]},"167":{"keys":[196,1,2],"grid":[" ,!!#!!$"," ,!$ !!!"," 0!!"," "," "," "," "," "," "," "," "," "," "," "," "," "]}},"435":{"167":{"keys":[2,1,196],"grid":[" "," ","!! 0","!# /","#!!! !!$ +","#!!& +","#%!! ,","06","##!$ ,","##!! .","09","##!% +","#$!% *","#'!# )","#(!! )","14"]},"168":{"keys":[196,1,2],"grid":[" (!$#'"," *!##&"," +!!#&"," +!##%","03","02"," +!$#$"," ,!$##","03","01"," *!$#%"," ,!%#!"," /!#"," 0!!","13","12"]},"169":{"keys":[196,1,2],"grid":[" .!##!"," .!!##","01","01","00"," /!#"," 0!!","06"," "," "," "," "," "," "," "," "]}},"432":{"165":{"keys":[2,1,196],"grid":[" "," "," "," "," "," "," "," "," ","!! 0","!% -","#$!# ,","#%!# +","#&!$ )","#(!! !!$ %","#(!$#!!# $"]},"166":{"keys":[196,1,2],"grid":[" -!###"," .!!##"," .!##!"," /!#"," 0!!"," "," "," "," "," "," "," "," "," "," "," "]}},"433":{"166":{"keys":[2,1,196],"grid":[" "," "," "," ","!' (!$","#&!# $!%##","#&!# #!##&","#'!&#&","#)!$#&","#","#","#","#","#","#","#"]}}},"13":{"6961":{"2675":{"keys":[2,196],"grid":[" "," "," "," "," ","!! 0","!# /","06","!$ .","08","!% -","10","!& ,","12","12","12"]},"2677":{"keys":[196,2],"grid":[" (!*"," )!)","01"," *!("," +!'"," ,!&"," -!%"," .!$"," 0!!"," "," "," "," "," "," "," "]},"2676":{"keys":[196,2],"grid":[" '!+","00","00"," &!,"," %!-","04","04","04","04","03","03","03","00","00"," (!*","14"]}},"6960":{"2675":{"keys":[196,2],"grid":[" .!$"," /!#"," 0!!","02"," "," "," "," "," "," "," "," "," "," "," "," "]},"2674":{"keys":[2,196],"grid":[" "," "," ","!! 0","03","!# /","!$ .","!% -","!' +","!( *","!) )","10","!* (","!+ '","!, &","!- %"]}},"6963":{"2684":{"keys":[196,2],"grid":[" $!.","00"," %!-"," &!,"," '!+","04"," (!*"," *!("," ,!% !"," "," "," "," "," "," "," "]},"2683":{"keys":[2,196],"grid":[" "," "," "," "," "," "," "," "," "," "," "," "," "," ","!! 0","!# /"]},"2680":{"keys":[196,2],"grid":[" "," "," "," "," "," "," "," "," "," "," "," "," ","!' &!&","!","!"]},"2677":{"keys":[2,196],"grid":[" #!/","00","00"," !!0","03","!","!","!","!","!","!","!","!","!","!","!"]},"2676":{"keys":[2,196],"grid":[" "," "," 0!!"," +!'"," )!)"," (!*"," '!+"," &!,","07"," %!-","09","09","09"," $!.","13","13"]}},"6962":{"2682":{"keys":[196,2],"grid":[" &!,","00","00","00","00","00","00","00","00","00"," '!+","10","10","10"," (!*","14"]},"2680":{"keys":[196,2],"grid":[" "," "," "," "," "," "," "," "," "," "," "," "," "," /!#"," -!%","14"]},"2681":{"keys":[196,2],"grid":[" ,!&"," +!'"," *!(","02"," )!)","04"," (!*","06"," '!+","08","08"," &!,","11","11","11","11"]},"2677":{"keys":[2,196],"grid":[" "," "," "," "," "," "," "," 0!!"," /!#","!! .!#","!$ *!%","!' &!&","!","!","!","!"]},"2683":{"keys":[196,2],"grid":[" (!*"," )!)","01"," *!(","03"," +!'"," ,!&","06"," -!%"," .!$"," /!#"," 0!!","11"," "," "," "]}},"6965":{"2684":{"keys":[196,2],"grid":[" )!)"," *!("," +!'","02"," ,!&"," .!$"," /!#"," "," "," "," "," "," "," "," "," "]},"2683":{"keys":[2,196],"grid":[" "," "," "," "," "," "," "," "," "," "," ","!# /","!$ .","!& ,","!' +","!( *"]},"2677":{"keys":[196,2],"grid":[" '!+"," (!*"," )!)"," *!("," +!'","04"," ,!&","06","06","06","06","04","02"," #!/","!","!"]},"2676":{"keys":[2,196],"grid":[" "," "," "," "," "," "," "," "," "," "," "," "," ","!! 0","!$ .","!% -"]}},"6964":{"2679":{"keys":[196,2],"grid":[" $!.","00"," %!-"," &!,","03"," '!+","05"," (!*"," )!)","08"," *!(","10"," +!'","12","12","12"]},"2677":{"keys":[196,2],"grid":[" "," "," "," "," "," "," "," "," "," "," "," "," "," "," .!$"," *!("]},"2676":{"keys":[2,196],"grid":[" "," ","!$ .","!& ,","!' +","!( *","05","!) )","!+ '","!, &","!. $","!/ #","!","!","!","!"]},"2684":{"keys":[2,196],"grid":[" &!,","00","00"," %!-","03","03"," $!."," !!0","!","!","!","!","!","!","!","!"]},"2678":{"keys":[196,2],"grid":[" (!*"," &!,"," $!."," #!/","03"," !!0","05","05","05","05","05","05","03","03","03","02"]},"2680":{"keys":[196,2],"grid":[" ,!&","00","00","00","00","00","00"," +!'","07","07"," *!("," )!)"," %!-","!","!","!"]},"2683":{"keys":[2,196],"grid":[" "," "," "," "," "," "," "," "," (!' $"," '!) #"," '!+","10"," &!,","12","12","12"]}},"6967":{"2685":{"keys":[2,196],"grid":[" "," "," "," "," "," ","!! 0","!# /","!$ .","!% -","!& ,","!' +","!( *","!) )","13","!* ("]},"2686":{"keys":[196,2],"grid":[" +!'"," ,!&"," -!%","02"," .!$","04","04","04","04","02","02","02","01","01","01","00"]},"2687":{"keys":[196,2],"grid":[" +!'"," *!(","01","01"," )!)","04"," (!*","06","06"," '!+","09","09","09","09","09","09"]},"2688":{"keys":[196,2],"grid":[" &!,","00","00","00","00"," '!+","05","05"," (!*"," (!) !"," *!% $"," "," "," "," "," "]}},"6966":{"2684":{"keys":[2,196],"grid":[" "," "," "," "," "," "," "," ","!# /","!$ .","!% -","!& ,","!( *","!) )","!* (","!+ '"]},"2685":{"keys":[196,2],"grid":[" ,!&"," -!%"," .!$"," /!#"," 0!!"," "," "," "," "," "," "," "," "," "," "," "]}},"6969":{"2697":{"keys":[196,2],"grid":[" "," "," "," "," "," "," "," "," "," 0!!","09","09","09","09","09","09"]},"2688":{"keys":[2,196],"grid":[" "," "," "," "," ","!$ .","05","!% -","07","!& ,","09","!' +","11","!( *","13","!) )"]},"2689":{"keys":[196,2],"grid":[" )!)"," *!(","01"," +!'","03"," ,!&","05"," -!%"," .!$"," /!#"," 0!!"," "," "," "," "," "]},"2698":{"keys":[196,2],"grid":[" 0!!","00"," "," "," "," "," "," "," "," "," "," "," "," "," "," "]}},"6968":{"2688":{"keys":[2,196],"grid":[" "," "," "," "," "," *!("," %!-"," #!/"," !!0","!","!","!","!","!","!","!"]}},"7042":{"2798":{"keys":[2,196],"grid":[" "," "," "," "," ","!$ .","!' +","!* (","!- %","!/ #","!0 !","!","!","!","!","!"]}},"6950":{"2664":{"keys":[2,196],"grid":[" "," "," "," ","!! 0","!$ .","!& ,","!' +","!) )","!. $","!","!","!","!","!","!"]}},"6951":{"2666":{"keys":[196,2],"grid":[" ,!&","00"," -!%","02","02","02"," .!$","06"," /!#","08"," 0!!"," "," "," "," "," "]},"2664":{"keys":[2,196],"grid":[" "," "," "," "," "," "," "," "," "," ","!! 0","!% -","!' +","!) )","!* (","!, &"]},"2665":{"keys":[196,2],"grid":[" ,!&"," -!%","01","01","01","01","00","00","00"," +!'","00","00","00","00","00","00"]}},"6952":{"2666":{"keys":[2,196],"grid":[" "," 0!!"," /!#"," .!$"," -!%"," ,!&"," +!'"," *!("," )!)"," (!*"," &!,"," %!-","!","!","!","!"]}},"6953":{"2666":{"keys":[196],"grid":[" "," "," "," "," "," "," "," "," "," "," "," "," "," "," "," "]},"2665":{"keys":[2,196],"grid":[" "," "," "," "," "," "," "," 0!!"," -!%"," +!'"," )!)"," (!*"," %!-"," $!."," #!/"," !!0"]}},"7052":{"2809":{"keys":[2,196],"grid":[" "," "," "," "," "," "," "," "," "," "," "," ","!# /","!$ .","!% -","!& ,"]},"2811":{"keys":[196,2],"grid":[" (!*"," '!+"," &!,"," %!-"," $!."," #!/","05","05","05","05","04","04","03","03","03","02"]},"2810":{"keys":[196,2],"grid":[" '!+"," (!*"," )!)","02","02"," *!(","05","05","05","05","05","05","05","02","02","01"]},"2812":{"keys":[196,2],"grid":[" '!+"," (!*"," )!)"," *!("," .!$"," "," "," "," "," "," "," "," "," "," "," "]}},"6918":{"2653":{"keys":[2,196],"grid":[" "," "," "," "," "," .!! #"," *!("," )!)"," '!+","!! #!.","!","!","!","!","!","!"]}},"7050":{"2808":{"keys":[196,2],"grid":[" "," "," "," "," 0!!","04"," /!#","06"," .!$","08","08"," -!%","11","11","11","11"]},"2809":{"keys":[196,2],"grid":[" -!%","00","00","00","00","00"," .!$"," /!#"," 0!!"," "," "," "," "," "," "," "]},"2807":{"keys":[2,196],"grid":[" "," "," ","!+ '","!, &","!- %","!. $","!/ #","!0 !","08","08","!","!","!","!","!"]}},"7051":{"2808":{"keys":[196,2],"grid":[" !!0","00","!","!","!","!","!","!","!","!","!","!","!","!","!","!"]},"2809":{"keys":[2,196],"grid":[" "," "," "," "," "," "," "," "," "," ","!$ .","!","!","!","!","!"]},"2807":{"keys":[2,196],"grid":[" "," "," "," "," "," "," "," "," "," "," "," "," ","!! 0","13","13"]}},"7056":{"2815":{"keys":[196,2],"grid":[" )!)"," *!("," ,!&"," -!%"," .!$"," 0!!"," "," "," "," "," "," "," "," "," "," "]},"2814":{"keys":[2,196],"grid":[" "," "," "," "," "," "," "," "," "," "," ","!! 0","!# /","!% -","!& ,","!' +"]}},"7057":{"2815":{"keys":[2,196],"grid":[" "," "," "," "," "," "," ","!! 0","!# /","!$ .","!& ,","!' +","!( *","!) )","!* (","!, &"]}},"7054":{"2813":{"keys":[196,2],"grid":[" ,!&","00"," -!%","02","02"," .!$","05"," /!#","07"," 0!!","09"," "," "," "," "," "]},"2812":{"keys":[2,196],"grid":[" "," "," "," "," "," "," "," "," "," ","!# /","!% -","!& ,","!( *","!) )","!* ("]}},"7055":{"2814":{"keys":[196,2],"grid":[" #!/"," $!."," %!-"," &!,","03"," '!+"," )!)"," +!'"," -!%"," /!#"," 0!!"," "," "," "," "," "]},"2813":{"keys":[2,196],"grid":[" "," "," "," "," "," "," "," "," "," "," "," "," "," ","!! 0","14"]}},"6956":{"2671":{"keys":[196,2],"grid":[" -!%"," ,!&"," )!)"," &!,"," !!0","!","!","!","!","!","!","!","!","!","!","!"]},"2670":{"keys":[196,2],"grid":[" /!#","00","00","00"," 0!!","04","04","04","04"," "," "," ","04","04","00"," .!$"]},"2673":{"keys":[2,196],"grid":[" "," "," ,!&"," )!)"," (!*","04"," '!+"," &!,","07"," %!-"," #!/","!","!","!","!","!"]},"2668":{"keys":[2,196],"grid":[" "," "," "," "," "," "," ","!! 0","!# /","!% -","!, &","!. $","!0 !","!","!","!"]},"2669":{"keys":[196,2],"grid":[" "," "," "," "," "," "," "," "," "," "," 0!!"," /!#","11","11","11","11"]}},"6957":{"2673":{"keys":[2,196],"grid":[" (!*"," '!+","!","!","!","!","!","!","!","!","!","!","!","!","!","!"]},"2672":{"keys":[2,196],"grid":[" "," "," "," "," "," "," "," /!#"," -!%"," ,!&","09"," +!'","11","11"," *!("," )!)"]},"2668":{"keys":[2,196],"grid":[" "," "," "," "," "," "," "," "," "," "," "," "," ","!! 0","!# /","!$ ."]},"2669":{"keys":[196,2],"grid":[" %!-","00"," &!,","02","02","02","00"," #!/"," !!0","!","!","!","!","!","!","!"]}},"6998":{"2785":{"keys":[196,2],"grid":[" #!/"," $!."," %!-","02"," &!,"," '!+","05"," (!*"," )!)","08"," *!("," +!'"," -!%"," 0!!"," "," "]},"2784":{"keys":[2,196],"grid":[" "," "," "," "," "," "," "," "," "," "," "," "," "," ","!! 0","14"]},"2769":{"keys":[2,196],"grid":[" "," "," "," "," "," ","!# /","!% -","!( *","!* (","!, &","!. $","!","!","!","!"]},"2781":{"keys":[196,2],"grid":[" %!-","00","00","00","00","00","00","00","00"," $!.","09","09","09","09"," #!/","14"]},"2780":{"keys":[2,196],"grid":[" "," "," ","!! 0","03","!# /","05","!$ .","07","!% -","09","09","09","09","09","09"]},"2782":{"keys":[196,2],"grid":[" #!/","00","00"," !!0","03","03","03","03","!","!","!","!","!","!","!","!"]},"2773":{"keys":[196,2],"grid":[" "," "," "," "," "," "," "," "," "," "," "," "," 0!!"," /!#","13"," .!$"]},"2774":{"keys":[196,2],"grid":[" -!%"," ,!&","01"," +!'"," *!("," )!)","05"," (!*"," '!+"," &!,","09"," %!-"," $!."," #!/"," !!0","14"]},"2775":{"keys":[2],"grid":[" "," "," "," "," "," "," "," "," "," "," "," "," "," "," "," "]}},"6999":{"2785":{"keys":[2,196],"grid":[" "," "," "," "," "," "," "," "," "," "," "," "," "," ","!# /","!% -"]},"2769":{"keys":[2,196],"grid":[" "," "," "," "," "," "," "," "," "," "," "," ","!% -","!) )","!, &","!- %"]},"2786":{"keys":[196,2],"grid":[" *!("," 0!!"," "," "," "," "," "," "," "," "," "," "," "," "," "," "]},"2770":{"keys":[196,2],"grid":[" -!%","00","00","00","00","00","00","00","00"," ,!&","09","09","09","09"," +!'","14"]},"2771":{"keys":[196,2],"grid":[" +!'","00","00","00","00","00","00","00","00","00","00"," ,!&","11","11","11","00"]},"2772":{"keys":[196,2],"grid":[" +!'","00"," *!(","02"," )!)","04","04"," (!*","07","07"," '!+","10","10","10"," &!,","14"]},"2773":{"keys":[196,2],"grid":[" &!,","00"," %!-","02"," $!.","04"," #!/","06"," !!0","08","!","!","!","!","!","!"]}},"6994":{"2768":{"keys":[196,2],"grid":[" '!+"," (!*"," )!)"," *!("," +!'"," "," "," "," "," "," "," "," "," "," "," "]},"2763":{"keys":[196,2],"grid":[" $!.","00","00"," #!/","03","03","00","00","00","00","00","00","00","00"," %!-","14"]},"2762":{"keys":[2,196],"grid":[" "," "," "," "," "," "," "," "," "," ","!! 0","10","!# /","12","!$ .","14"]},"2767":{"keys":[2,196],"grid":[" "," "," "," "," "," "," ","!! 0","07","!# /","09","!$ .","11","!% -","!& ,","14"]},"2764":{"keys":[196,2],"grid":[" %!-"," $!.","01","01"," #!/","04"," !!0","06","!","!","!","!","!","!","!","!"]},"2757":{"keys":[2,196],"grid":[" "," "," ","!! 0","03","!# /","!$ .","06","!% -","08","08","!& ,","11","11","11","08"]},"2758":{"keys":[196,2],"grid":[" %!-","00"," $!.","02","02"," #!/","05","05"," !!0","08","08","08","08","08","08","!"]},"2759":{"keys":[2],"grid":[" "," "," "," "," "," "," "," "," "," "," "," "," "," "," "," "]}},"6995":{"2768":{"keys":[2,196],"grid":[" "," "," "," "," "," ","!% -","!( *","!* (","!- %","!0 !","!","!","!","!","!"]}},"6996":{"2769":{"keys":[196,2],"grid":[" .!$"," 0!!"," "," "," "," "," "," "," "," "," "," "," "," "," "," "]},"2768":{"keys":[2,196],"grid":[" "," "," "," "," "," "," "," "," "," "," ","!# /","!% -","!( *","!* (","!, &"]}},"6997":{"2778":{"keys":[196,2],"grid":[" !!0","00","00","00","00","00","00","00","00","00","00"," #!/","11","11"," $!.","14"]},"2784":{"keys":[196,2],"grid":[" /!#","00","00","00","00","00","00","00","00","00"," 0!!","10","10"," "," "," "]},"2769":{"keys":[2,196],"grid":[" "," ","!! 0","!$ .","!' +","!- %","!","!","!","!","!","!","!","!","!","!"]},"2780":{"keys":[196,2],"grid":[" 0!!"," "," "," "," "," "," "," "," "," "," "," "," "," "," "," "]},"2783":{"keys":[196,2],"grid":[" 0!!","00"," /!#","02","02","02","02","02","02","02","02","02","02","02","02","02"]},"2779":{"keys":[196,2],"grid":[" $!."," %!-","01","01"," &!,","04"," '!+"," (!*"," )!)"," *!("," +!'","10"," ,!&"," -!%"," .!$"," /!#"]},"2782":{"keys":[196,2],"grid":[" "," "," "," "," "," "," "," "," "," "," "," "," "," 0!!","13","13"]},"2775":{"keys":[196,2],"grid":[" "," 0!!"," /!#","02"," .!$","04"," -!%","06"," ,!&","08"," +!'","10"," *!(","12"," )!)","14"]},"2776":{"keys":[196,2],"grid":[" (!*","00"," '!+","02","02"," &!,","05","05","05","05","05"," %!-","11","11","11","11"]},"2777":{"keys":[196,2],"grid":[" %!-"," $!.","01","01","01","01"," #!/","06","06","06","06","06"," !!0","12","12","12"]}},"6990":{"2749":{"keys":[196,2],"grid":[" *!(","00","00"," +!'","03","03"," ,!&","06"," -!%","08"," .!$","10","10"," /!#","13"," 0!!"]},"2748":{"keys":[196,2],"grid":[" #!/","00"," $!.","02"," %!-","04"," &!,","06"," '!+","08"," (!*","10","10"," )!)","13","13"]},"2747":{"keys":[2,196],"grid":[" "," "," "," "," "," "," "," "," "," "," "," "," "," ","!! 0","14"]},"2750":{"keys":[196,2],"grid":[" 0!!"," "," "," "," "," "," "," "," "," "," "," "," "," "," "," "]}},"6991":{"2750":{"keys":[2,196],"grid":[" "," "," ","!! 0","03","!# /","05","05","!$ .","08","!% -","10","!' +","!( *","!) )","!* ("]},"2751":{"keys":[196,2],"grid":[" +!'"," -!%"," 0!!"," "," "," "," "," "," "," "," "," "," "," "," "," "]}},"6992":{"2762":{"keys":[196,2],"grid":[" *!("," +!'"," -!%"," /!#"," 0!!"," "," "," "," "," "," "," "," "," "," "," "]},"2761":{"keys":[196,2],"grid":[" -!%"," ,!&","01"," +!'","03"," *!(","05"," )!)","07","07"," (!*","07","07","07","05","05"]},"2760":{"keys":[196,2],"grid":[" 0!!","00","00","00","00","00","00","00","00"," /!#","09","09","09","09"," .!$"," -!%"]},"2754":{"keys":[196,2],"grid":[" (!*","00","00","00","00","00","00"," )!)","07","07","07"," *!(","11"," +!'"," ,!&","14"]},"2755":{"keys":[196,2],"grid":[" -!%","00"," .!$","02"," /!#","04"," 0!!"," "," "," "," "," "," "," "," "," "]},"2752":{"keys":[196,2],"grid":[" .!$","00"," -!%","02"," ,!&","04","04"," +!'","07"," *!(","09"," )!)","11"," (!*","13"," '!+"]},"2753":{"keys":[196,2],"grid":[" '!+","00","00","00","00","00","00","00","00","00","00","00","00","00","00","00"]},"2751":{"keys":[2,196],"grid":[" "," "," ","!$ .","!& ,","!) )","!* (","!+ '","!, &","08","!- %","10","!. $","12","12","12"]},"2759":{"keys":[196,2],"grid":[" "," "," "," "," "," "," "," "," "," "," "," "," "," "," 0!!","14"]}},"6993":{"2762":{"keys":[2,196],"grid":[" "," "," "," "," ","!$ .","!+ '","!- %","!/ #","!","!","!","!","!","!","!"]},"2767":{"keys":[196,2],"grid":[" -!%"," .!$"," /!#","02"," 0!!","04"," "," "," "," "," "," "," "," "," "," "]},"2766":{"keys":[196,2],"grid":[" '!+","00","00","00","00","00","00","00"," (!*"," )!)"," *!(","10"," +!'"," ,!&","13"," -!%"]},"2765":{"keys":[196,2],"grid":[" -!%"," ,!&","01"," +!'"," *!(","04"," )!)"," (!*","07"," '!+","09","09","09","09","09","09"]},"2764":{"keys":[196,2],"grid":[" "," "," "," "," "," "," "," "," "," "," 0!!","10"," /!#","12"," .!$","14"]},"2756":{"keys":[196,2],"grid":[" (!*"," )!)"," *!(","02"," +!'"," ,!&","05"," -!%","07","07"," .!$","10","10"," /!#","13"," 0!!"]},"2757":{"keys":[196,2],"grid":[" 0!!"," "," "," "," "," "," "," "," "," "," "," "," "," "," "," "]},"2755":{"keys":[2,196],"grid":[" "," "," "," "," "," "," "," "," ","!! 0","09","!# /","11","!$ .","!% -","!' +"]},"2759":{"keys":[196,2],"grid":[" "," /!#"," .!$"," ,!&"," )!)"," '!+"," &!,"," %!-"," $!."," #!/"," !!0","!","!","!","!","!"]}},"6914":{"2650":{"keys":[196,2],"grid":[" %!-"," )!)"," +!'"," -!%"," /!#"," "," "," "," "," "," "," "," "," "," "," "]}},"6915":{"2651":{"keys":[196,2],"grid":[" .!$"," /!#"," 0!!"," "," "," "," "," "," "," "," "," "," "," "," "," "]},"2650":{"keys":[2,196],"grid":[" "," "," "," "," "," ","!! 0","!# /","!$ .","!% -","!& ,","!( *","!) )","!* (","!+ '","!, &"]}},"6916":{"2652":{"keys":[196,2],"grid":[" 0!!"," "," "," "," "," "," "," "," "," "," "," "," "," "," "," "]},"2651":{"keys":[2,196],"grid":[" "," "," "," ","!! 0","!# /","!% -","!& ,","!' +","!( *","!) )","!* (","!, &","!- %","!. $","!/ #"]}},"6917":{"2653":{"keys":[196,2],"grid":[" +!'"," ,!&","01"," -!%","03"," .!$","05"," /!#"," "," "," "," "," "," "," "," "]},"2652":{"keys":[2,196],"grid":[" "," ","!# /","!$ .","!% -","04","!& ,","!' +","!( *","!) )","09","!* (","11","11","!+ '","14"]}},"7041":{"2798":{"keys":[196,2],"grid":[" '!+"," )!)"," +!'"," -!%"," 0!!"," "," "," "," "," "," "," "," "," "," "," "]},"2797":{"keys":[2],"grid":[" "," "," "," "," "," "," "," "," "," "," "," "," "," "," "," "]}},"7040":{"2798":{"keys":[2,196],"grid":[" ,!&"," +!'"," )!)"," (!*"," &!,"," $!."," #!/"," !!0","!","!","!","!","!","!","!","!"]},"2800":{"keys":[196,2],"grid":[" "," "," "," ","!! 0","04","04","04","04","04"," "," "," "," "," "," "]},"2797":{"keys":[2],"grid":[" "," "," "," "," "," "," "," "," "," "," "," "," "," "," "," "]}},"7043":{"2802":{"keys":[196,2],"grid":[" 0!!","00","00","00","00","00","00","00","00","00","00"," "," "," "," "," "]},"2800":{"keys":[196,2],"grid":[" .!$","00","00","00","00","00","00"," /!#","07","07","07","07","07","07","07","07"]},"2801":{"keys":[196,2],"grid":[" /!#","00","00","00","00","00","00","00","00","00","00","00","00","00"," 0!!","14"]},"2798":{"keys":[2,196],"grid":[" "," "," "," "," "," "," "," "," "," "," "," ","!# /","!$ .","!% -","!& ,"]},"2799":{"keys":[196,2],"grid":[" '!+"," (!*"," )!)","02"," *!("," +!'","05"," ,!&","07","07","07"," -!%","11","11","11","11"]}},"6913":{"2650":{"keys":[2,196],"grid":[" -!%","!# '!)","!","!","!","!","!","!","!","!","!","!","!","!","!","!"]}},"7049":{"2806":{"keys":[2],"grid":[" "," "," "," "," "," "," "," "," "," "," "," "," "," "," "," "]},"2807":{"keys":[196,2],"grid":[" !!0"," #!/"," $!."," &!) $"," "," "," "," "," "," "," "," "," "," "," "," "]}},"6919":{"2653":{"keys":[2,196],"grid":[" "," "," "," "," "," ","!! 0","!# /","07","!$ .","!% -","10","!& ,","12","12","!' +"]},"2655":{"keys":[196,2],"grid":[" .!$"," /!#"," 0!!"," "," "," "," "," "," "," "," "," "," "," "," "," "]},"2654":{"keys":[196,2],"grid":[" '!+","00","00","00","00","00"," &!,","06","06","06","06","00","00"," (!*"," )!)"," +!'"]}},"6989":{"2745":{"keys":[2,196],"grid":[" "," "," "," "," "," "," "," "," "," "," ","!! 0","11","11","!# /","14"]},"2747":{"keys":[196,2],"grid":[" +!'","00"," ,!&","02"," -!%","04"," .!$","06"," /!#","08"," 0!!","10"," "," "," "," "]},"2746":{"keys":[196,2],"grid":[" $!.","00"," %!-","02"," &!,","04","04"," '!+","07"," (!*","09"," )!)","11"," *!(","13"," +!'"]}},"6988":{"2745":{"keys":[196,2],"grid":[" )!)"," *!("," +!'"," ,!&","03"," -!%"," .!$"," /!#","07"," 0!!"," "," "," "," "," "," "]},"2744":{"keys":[2,196],"grid":[" "," "," "," "," "," "," "," "," "," ","!# /","!$ .","!& ,","!' +","!( *","!) )"]}},"6987":{"2743":{"keys":[2],"grid":[" "," "," "," "," "," "," "," "," "," "," "," "," "," "," "," "]},"2744":{"keys":[196,2],"grid":[" #!/"," $!."," &!,"," '!+"," )!)"," +!'"," ,!&"," .!$"," /!#"," "," "," "," "," "," "," "]}},"6986":{"2743":{"keys":[196,2],"grid":[" '!+"," (!*","01"," )!)","03"," *!(","05"," +!'","07"," ,!&"," -!%"," .!$"," /!#","12"," 0!!"," "]},"2742":{"keys":[2,196],"grid":[" "," "," "," "," "," ","!! 0","!# /","07","!$ .","09","!% -","11","!& ,","13","!' +"]}},"6985":{"2741":{"keys":[2,196],"grid":[" "," ","!! 0","!# /","!$ .","!% -","!& ,","06","!' +","!( *","!) )","!* (","11","!+ '","!, &","!- %"]},"2742":{"keys":[196,2],"grid":[" -!%"," .!$"," /!#"," 0!!","03"," "," "," "," "," "," "," "," "," "," "," "]},"2730":{"keys":[2,196],"grid":[" "," "," "," "," "," "," ","!! 0","!# /","!% -","!& ,","!' +","11","!( *","13","13"]},"2731":{"keys":[196,2],"grid":[" (!*","00","00","00"," '!+","04","04","04","04","04","04"," &!,","11","11"," %!-"," $!."]},"2732":{"keys":[196,2],"grid":[" $!."," #!/","01"," !!0","03","!","!","!","!","!","!","!","!","!","!","!"]}},"6984":{"2734":{"keys":[196,2],"grid":[" !!0","00","!","!","!","!","!","!","!","!","!","!","!","!","!","!"]},"2730":{"keys":[2,196],"grid":[" "," "," "," "," "," "," "," +!'"," (!*"," %!-","!","!","!","!","!","!"]},"2732":{"keys":[196,2],"grid":[" "," "," "," "," "," "," "," 0!!","07"," /!#","09"," .!$","11"," -!%","13"," ,!&"]},"2733":{"keys":[196,2],"grid":[" +!'"," *!("," )!)"," (!*"," '!+","04"," &!,","06"," %!-","08"," $!.","10"," #!/","12","12"," !!0"]},"2738":{"keys":[2,196],"grid":[" "," "," "," "," "," "," "," "," ","!! 0","09","09","09","09","09"," "]},"2739":{"keys":[2,196],"grid":[" "," "," "," "," "," "," "," "," ","!! 0","09","09","09","09","09","09"]},"2729":{"keys":[196,2],"grid":[" #!/"," $!.","01","01","01","01","01","01","01","00","00","00","00"," !!0","!","!"]},"2728":{"keys":[2,196],"grid":[" "," "," "," "," "," "," "," ","!! 0","08","08","08","!# /","12","12","12"]},"2741":{"keys":[196,2],"grid":[" 0!!"," "," "," "," "," "," "," "," "," "," "," "," "," "," "," "]},"2740":{"keys":[196,2],"grid":[" !!0","00","00","00","00","00","00","00"," #!/","08"," &!,"," )!)"," ,!&"," -!%"," .!$"," /!#"]}},"6983":{"2727":{"keys":[2,196],"grid":[" "," "," "," "," "," "," "," "," "," ","!! 0","!* (","!+ '","!, &","!- %","!. $"]},"2734":{"keys":[196,2],"grid":[" "," "," "," "," "," 0!!","05"," /!#","07"," .!$","09"," -!%","11"," ,!&","13"," +!'"]},"2736":{"keys":[196,2],"grid":[" +!'","00"," ,!&","02","02","02","02"," -!%","07","07","07","07"," .!$","12","12","12"]},"2737":{"keys":[196,2],"grid":[" .!$"," /!#","01","01","01","01"," 0!!","06","06","06","06","06","06","06"," "," "]},"2730":{"keys":[196,2],"grid":[" /!#"," .!$"," ,!&","!' $!(","!","!","!","!","!","!","!","!. $","!+ '","!( *","!% -","!# /"]},"2731":{"keys":[2,196],"grid":[" !!0","!","!","!","!","!","!","!","!","00","00"," #!/","11"," $!."," %!-"," &!,"]},"2732":{"keys":[2,196],"grid":[" '!+"," (!*"," )!)"," *!("," ,!&"," -!%","05"," .!$","07"," /!#","09","09"," 0!!","12"," "," "]},"2733":{"keys":[2,196],"grid":[" "," "," "," "," "," 0!!"," /!#","06"," .!$"," -!%"," ,!&","!& !!+","!","!","!","!"]},"2738":{"keys":[196],"grid":[" "," "," "," "," "," "," "," "," "," "," "," "," "," "," "," "]},"2729":{"keys":[196,2],"grid":[" "," "," "," "," "," "," "," "," "," "," "," "," "," "," "," 0!!"]},"2728":{"keys":[196,2],"grid":[" .!$"," /!#","01"," 0!!","03"," "," "," "," "," "," "," "," "," "," "," "]},"2735":{"keys":[196,2],"grid":[" +!'"," *!(","01","01","01","01","01","01","01","01","01","00","00","00","00","00"]}},"6982":{"2727":{"keys":[2,196],"grid":[" "," "," "," "," "," "," "," ","!! 0","!) )","!","!","!","!","!","!"]},"2724":{"keys":[2],"grid":[" "," "," "," "," "," "," "," "," "," "," "," "," "," "," "," "]},"2730":{"keys":[196,2],"grid":[" "," $!( '","!","!","!","!","!","!","!","!","!","!","!","!","!","!"]},"2731":{"keys":[2,196],"grid":[" "," "," 0!!","02","02","02"," "," "," "," "," "," "," "," "," "," "]},"2732":{"keys":[2,196],"grid":[" "," "," "," "," "," "," "," "," "," "," "," ","!! 0","12","!# /","14"]},"2733":{"keys":[196,2],"grid":[" $!."," %!-","01"," &!,","03"," '!+"," (!*"," )!)"," +!'"," ,!&"," /!#"," "," "," "," "," "]},"2723":{"keys":[2,196],"grid":[" ","!# /","!$ .","02","!% -","04","04","04","04","04","02","02","01","01","!! 0","14"]}},"6981":{"2727":{"keys":[196,2],"grid":[" %!-","00"," &!,"," '!+"," )!)"," +!'"," -!%"," 0!!"," "," "," "," "," "," "," "," "]},"2726":{"keys":[2,196],"grid":[" "," "," "," "," "," "," "," "," "," "," "," "," ","!! 0","!# /","!$ ."]},"2725":{"keys":[196,2],"grid":[" '!+","00","00","00","00"," &!,","05","05","05","05"," %!-","10","10"," $!."," #!/"," !!0"]},"2724":{"keys":[196,2],"grid":[" "," "," 0!!"," /!#"," .!$"," -!%","05"," ,!&"," +!'"," *!("," )!)","10","10"," (!*","13"," '!+"]},"2723":{"keys":[196],"grid":[" "," "," "," "," "," "," "," "," "," "," "," "," "," "," "," "]},"2722":{"keys":[2,196],"grid":[" "," "," "," "," "," "," "," ","!# /","!$ .","!& ,","!( *","!* (","!, &","!. $","!/ #"]},"2732":{"keys":[196,2],"grid":[" ,!&","00","00"," -!%","03"," .!$","05"," /!#","07"," 0!!","09"," "," "," "," "," "]},"2730":{"keys":[196,2],"grid":[" "," "," "," "," 0!!"," /!#"," .!$","06"," -!%"," ,!&","09","09","09"," +!'","13","13"]},"2731":{"keys":[196,2],"grid":[" +!'","00"," *!(","02","02","02","00","00","00","00","00","00","00","00","00","00"]}},"6980":{"2726":{"keys":[196,2],"grid":[" "," 0!!","01","01"," /!#","04","04","04","04","01","01","01"," "," "," "," "]},"2722":{"keys":[2,196],"grid":[" ","!$ .","!' +","!* (","!+ '","!- %","!/ #","!","!","!","!","!","!","!","!","!"]}},"7030":{"2797":{"keys":[2,196],"grid":[" "," "," "," "," "," ","!# #!* $","!","!","!","!","!","!","!","!","!"]}},"6925":{"2658":{"keys":[196,2],"grid":[" -!%"," .!$"," /!#","02","02","02","02","02","02"," 0!!","09","09","09"," "," "," "]},"2657":{"keys":[196,2],"grid":[" &!,","00","00","00","00"," '!+","05","05"," (!*","08"," )!)","10"," *!("," +!'","13"," ,!&"]},"2656":{"keys":[2,196],"grid":[" "," "," "," ","!! 0","04","04","!# /","07","07","!$ .","10","10","!% -","13","13"]}},"7032":{"2800":{"keys":[196,2],"grid":[" *!(","00","00","00"," +!'","04"," ,!&"," -!%","07"," .!$"," /!#"," 0!!","11"," "," "," "]},"2799":{"keys":[196,2],"grid":[" &!,","00"," '!+","02","02"," (!*","05","05","05","05"," )!)","10","10","10","10"," *!("]},"2798":{"keys":[2,196],"grid":[" "," "," "," "," "," "," ","!! 0","07","!# /","09","!$ .","11","!% -","13","!& ,"]}},"7033":{"2800":{"keys":[2,196],"grid":[" "," "," "," "," "," "," "," "," "," "," "," "," "," ","!! 0","!# /"]},"2801":{"keys":[196,2],"grid":[" '!+"," .!$"," "," "," "," "," "," "," "," "," "," "," "," "," "," "]}},"7034":{"2800":{"keys":[2,196],"grid":[" "," "," "," "," "," "," "," "," 0!!","08"," /!#"," .!$","11"," -!%"," ,!&"," +!'"]},"2801":{"keys":[2,196],"grid":[" )!)"," (!*","!","!","!","!","!","!","!","!","!","!","!","!","!","!"]}},"7035":{"2800":{"keys":[2,196],"grid":[" &!,"," %!-"," $!.","02"," #!/"," !!0","05","!","!","!","!","!","!","!","!","!"]},"2799":{"keys":[2,196],"grid":[" "," "," "," "," "," "," "," "," "," /!#"," .!$"," ,!&"," *!("," (!*"," '!+"," &!,"]}},"7036":{"2799":{"keys":[2,196],"grid":[" "," "," "," "," "," "," "," )!$ &"," #!- #","!","!","!","!","!","!","!"]}},"6924":{"2656":{"keys":[196,2],"grid":[" 0!!"," "," "," "," "," "," "," "," "," "," "," "," "," "," "," "]},"2655":{"keys":[2,196],"grid":[" "," "," "," "," "," "," ","!! 0","!# /","!% -","!& ,","!' +","!) )","!+ '","!. $","!/ #"]}},"7038":{"2800":{"keys":[2,196],"grid":[" "," "," "," "," "," ","!! 0","!# /","!$ .","!% -","!& ,","10","!' +","!( *","!* (","!, &"]},"2801":{"keys":[196,2],"grid":[" .!$"," "," "," "," "," "," "," "," "," "," "," "," "," "," "," "]}},"7039":{"2800":{"keys":[2,196],"grid":[" 0!!","00"," "," "," "," "," "," "," "," "," "," ","00"," /!#","13"," -!%"]},"2801":{"keys":[2,196],"grid":[" +!'","!& $!)","!","!","!","!","!","!","!","!","!","!","!","!","!","!"]},"2798":{"keys":[2,196],"grid":[" "," "," "," "," "," "," "," "," "," "," 0!!"," /!#","11","11"," .!$","14"]},"2799":{"keys":[2,196],"grid":[" .!$","00","00","00","00"," -!%","05","05","05","05","05","00","00","00","00"," /!#"]}},"6927":{"2659":{"keys":[2,196],"grid":[" "," "," "," "," "," ","!! 0","06","!# /","08","!$ .","10","!% -","12","!& ,","14"]},"2660":{"keys":[196,2],"grid":[" &!,"," '!+","01"," (!*","03"," )!' #"," )!% %"," *!! '"," "," "," "," "," "," "," "," "]}},"6926":{"2659":{"keys":[196,2],"grid":[" $!."," &!,"," .!$"," /!#"," 0!!"," "," "," "," "," "," "," "," "," "," "," "]},"2658":{"keys":[2,196],"grid":[" "," "," "," "," "," "," "," "," "," "," "," "," "," ","!! 0","14"]}},"6921":{"2655":{"keys":[2,196],"grid":[" !!0","!","!","!","!","!","!","!","!","!","!","!","!","!","!","!"]},"2654":{"keys":[2,196],"grid":[" "," "," "," "," "," "," "," .!$"," ,!&"," )!)"," (!*"," '!+"," &!,"," %!-"," $!."," #!/"]}},"6920":{"2655":{"keys":[2,196],"grid":[" "," "," 0!!"," /!#","!! -!$","!# +!%","!$ (!'","!","!","!","!","!","!","!","!","!"]}},"6923":{"2655":{"keys":[196,2],"grid":[" +!'"," ,!&"," -!%"," .!$"," /!#"," 0!!"," "," "," "," "," "," "," "," "," "," "]},"2654":{"keys":[2,196],"grid":[" "," "," "," ","!# /","!% -","05","05","!& ,","08","!' +","10","!( *","!) )","13","!* ("]}},"6922":{"2654":{"keys":[2,196],"grid":[" "," "," "," "," -!%"," *!("," $!.","!","!","!","!","!","!","!","!","!"]}},"6912":{"2649":{"keys":[2,196],"grid":[" "," "," "," "," "," "," "," "," "," "," "," ","!$ .","!( *","!+ '","!- %"]},"2650":{"keys":[196,2],"grid":[" /!#"," "," "," "," "," "," "," "," "," "," "," "," "," "," "," "]}},"6932":{"2660":{"keys":[2,196],"grid":[" "," "," "," "," "," "," "," "," "," "," "," ","!& ,","!* (","!0 !","!"]}},"6933":{"2662":{"keys":[196,2],"grid":[" 0!!"," /!#","01"," .!$","03"," -!%","05","05","05","05","03","03","01","01"," "," "]},"2660":{"keys":[2,196],"grid":[" "," "," "," "," "," "," "," "," "," "," "," "," "," "," ","!! 0"]},"2661":{"keys":[196,2],"grid":[" $!."," &!,"," (!*"," *!("," ,!&"," .!$"," /!#"," "," "," "," "," "," "," "," "," 0!!"]}},"6930":{"2660":{"keys":[2,196],"grid":[" "," "," "," "," "," "," "," "," "," "," "," "," /!#"," )!)"," &!,","!"]}},"6931":{"2660":{"keys":[2,196],"grid":[" "," "," "," "," "," "," "," "," "," "," "," ","!","!","!","!"]}},"6936":{"2664":{"keys":[196,2],"grid":[" /!#","00"," 0!!","02","02","02","02"," "," "," "," "," "," "," "," "," "]},"2663":{"keys":[2,196],"grid":[" "," "," !!' *","!) )","!* (","!, &","05","!- %","07","07","!. $","10","10","!/ #","13","13"]}},"6937":{"2664":{"keys":[2,196],"grid":[" "," "," "," "," "," "," "," "," "," ","!# /","!$ .","!% ,!!","!' )!#","!+ $!$","!"]},"2662":{"keys":[2,196],"grid":[" "," "," 0!!"," /!#"," -!%"," ,!&","05"," +!'","07","05","05","05","05","04","04"," .!$"]},"2663":{"keys":[2,196],"grid":[" .!$","00"," /!#","02"," 0!!","04","04"," "," "," "," "," "," "," "," "," "]}},"6934":{"2662":{"keys":[2,196],"grid":[" "," "," "," "," "," "," "," "," "," "," "," "," "," "," ","!! 0"]},"2663":{"keys":[196,2],"grid":[" #!/"," %!-"," (!*"," +!'"," "," "," "," "," "," "," "," "," "," "," "," "]},"2661":{"keys":[2,196],"grid":[" "," "," "," "," "," "," "," "," ","!! 0","09","09","09"," "," "," "]}},"6935":{"2663":{"keys":[2,196],"grid":[" "," "," "," ,!&","!","!","!","!","!","!","!","!","!","!","!","!"]}},"6938":{"2664":{"keys":[2,196],"grid":[" #!/","00","00","00","00","00","00","00"," !!0","08","08","!","!","!","!","!"]},"2662":{"keys":[2,196],"grid":[" $!."," !!0","!","!","!","!","!","!","!","!","!","!","!","!","!","!"]},"2663":{"keys":[196,2],"grid":[" "," "," "," "," "," "," "," "," "," "," ","!! 0","11","!# /","13","13"]},"2661":{"keys":[2,196],"grid":[" "," "," "," "," "," "," "," "," "," "," 0!!"," .!$"," ,!&"," *!("," (!*"," &!,"]}},"6939":{"2661":{"keys":[2,196],"grid":[" "," "," /!#"," ,!&"," +!'"," *!("," )!)"," (!*"," %!-"," #!/","!","!","!","!","!","!"]}},"7023":{"2792":{"keys":[2,196],"grid":[" "," "," "," "," "," "," "," "," "," "," "," "," "," "," ","!! 0"]},"2793":{"keys":[196,2],"grid":[" #!/"," $!."," &!,"," '!+"," (!*"," )!)"," +!'"," ,!&"," "," "," "," "," "," "," "," "]}},"7022":{"2792":{"keys":[2,196],"grid":[" "," "," "," "," "," "," "," "," "," "," ","!# /","!/ #","!0 !","!","!"]}},"7021":{"2792":{"keys":[2,196],"grid":[" "," "," "," "," ","!$ .","!( *","!* (","!, &","!. $","!","!","!","!","!","!"]}},"7009":{"2793":{"keys":[2,196],"grid":[" "," "," "," "," "," ","!! 0","!# /","!$ .","08","!% -","!& ,","!' +","12","!( *","!) )"]},"2794":{"keys":[196],"grid":[" "," "," "," "," "," "," "," "," "," "," "," "," "," "," "," "]}},"7020":{"2792":{"keys":[2,196],"grid":[" "," "," "," "," "," .!$"," *!("," (!*"," '!+"," %!-"," #!/","!","!","!","!","!"]}},"7053":{"2812":{"keys":[2,196],"grid":[" "," "," "," "," ","!! 0","!& ,","!) )","!- %","!0 !","!","!","!","!","!","!"]}},"7029":{"2796":{"keys":[2,196],"grid":[" "," "," "," "," "," "," "," ","!! 0","!# /","!$ .","!% -","!& ,","!' +","!( *","!) )"]},"2797":{"keys":[196,2],"grid":[" *!("," +!'"," ,!&"," -!%"," .!$"," "," "," "," "," "," "," "," "," "," "," "]}},"7027":{"2796":{"keys":[2,196],"grid":[" "," "," "," "," "," "," 0!!"," -!%"," +!'"," (!*"," %!-"," #!/","!","!","!","!"]}},"7026":{"2792":{"keys":[2,196],"grid":[" "," "," "," "," "," "," "," "," "," "," "," "," ","!! 0","!% -","!' +"]},"2793":{"keys":[196,2],"grid":[" *!("," ,!&"," -!%","02"," .!$"," /!#","05","05"," 0!!","08","08"," "," "," "," "," "]},"2796":{"keys":[2,196],"grid":[" "," "," "," "," "," "," "," "," "," "," "," "," ","!# -!#","!& (!%","!"]},"2794":{"keys":[196,2],"grid":[" 0!!","00","00","00"," /!#","04"," .!$"," -!%"," ,!&"," +!'"," )!)"," (!*"," '!+"," &!,"," %!-"," $!."]},"2795":{"keys":[196,2],"grid":[" #!/"," !!0","!","!","!","!","!","!","!","!","!","!","!","!","!","!"]}},"7025":{"2792":{"keys":[2,196],"grid":[" "," "," "," "," "," "," "," "," "," "," (!( #"," '!* !"," &!,"," %!-","13","13"]},"2793":{"keys":[2,196],"grid":[" %!-","00","00","00"," $!.","04","04","04","04","04"," #!/"," !!0","!","!","!","!"]},"2796":{"keys":[196,2],"grid":[" *!(","00","00","00","00","00"," +!'","06","06"," ,!&"," .!$"," /!#"," 0!!"," "," "," "]},"2795":{"keys":[196,2],"grid":[" "," "," "," 0!!"," /!#"," .!$"," -!%"," ,!&","07","07"," +!'","10","10"," *!(","13","13"]}},"7024":{"2793":{"keys":[2,196],"grid":[" "," "," "," "," "," "," "," ","!( *","!* (","!+ '","!- %","!","!","!","!"]}},"7008":{"2792":{"keys":[2,196],"grid":[" "," "," "," "," "," "," "," "," "," ","!! 0","!# /","!$ .","12","!% -","!& ,"]},"2793":{"keys":[196,2],"grid":[" (!*"," +!'"," -!%"," /!#"," "," "," "," "," "," "," "," "," "," "," "," "]}},"6929":{"2660":{"keys":[2,196],"grid":[" "," "," "," "," "," "," "," "," "," "," "," "," "," ","!% -","!"]}},"6928":{"2660":{"keys":[2,196],"grid":[" "," "," "," "," ","!$ %!# (","!, &","!- %","07","07","!. $","10","!/ #","12","!","!"]}},"7018":{"2792":{"keys":[2,196],"grid":[" "," "," "," "," "," "," "," "," "," "," "," ","!/ #","!","!","!"]}},"7019":{"2792":{"keys":[2,196],"grid":[" "," "," "," "," "," "," "," "," "," "," "," ,!&"," &!,","!","!","!"]}},"7016":{"2793":{"keys":[2,196],"grid":[" "," "," "," "," "," "," "," 0!!","07","07","07","07","07","07"," /!#","14"]},"2794":{"keys":[2,196],"grid":[" /!#","00"," .!$"," -!%"," ,!&"," *!("," (!*","!","!","!","!","!","!","!","!","!"]}},"7017":{"2792":{"keys":[2,196],"grid":[" "," "," "," "," "," "," "," "," "," "," "," "," )!)"," %!-"," $!."," !!0"]},"2793":{"keys":[2,196],"grid":[" !!0","!","!","!","!","!","!","!","!","!","!","!","!","!","!","!"]}},"7014":{"2793":{"keys":[2,196],"grid":[" "," "," "," "," "," "," "," "," "," "," '!! *"," $!."," !!0","!","!","!"]}},"7015":{"2793":{"keys":[2,196],"grid":[" "," "," "," "," "," "," "," "," "," "," ","!$ .","!' +","!) )","13","!* ("]},"2794":{"keys":[196,2],"grid":[" +!'","00"," ,!&"," -!%"," /!#"," 0!!"," "," "," "," "," "," "," "," "," "," "]}},"7012":{"2794":{"keys":[2,196],"grid":[" "," "," "," "," "," ","!# /","!$ .","!& ,","!( *","!* !!'","!","!","!","!","!"]}},"7013":{"2793":{"keys":[2,196],"grid":[" "," "," "," "," "," "," "," "," "," "," "," "," "," "," 0!!","14"]},"2794":{"keys":[2,196],"grid":[" /!#"," .!$"," -!%","02"," ,!&"," +!'"," )!)"," (!*"," '!+"," &!,","!","!","!","!","!","!"]}},"7010":{"2794":{"keys":[196,2],"grid":[" #!/"," '!+"," +!'"," .!$"," /!#"," "," "," "," "," "," "," "," "," "," "," "]}},"7011":{"2794":{"keys":[2,196],"grid":[" "," "," "," "," )!' #"," %!-","!","!","!","!","!","!","!","!","!","!"]}},"7028":{"2796":{"keys":[2,196],"grid":[" "," "," "," "," "," #!+ %","!/ #","!0 !","!","!","!","!","!","!","!","!"]}},"7048":{"2803":{"keys":[2,196],"grid":[" "," "," "," "," "," "," "," "," "," "," ","!! 0","!# /","12","!$ .","!% -"]},"2806":{"keys":[196,2],"grid":[" )!)","00","00","00"," *!(","04"," +!'","06"," ,!&","08"," -!%","10"," .!$","12"," /!#"," "]},"2804":{"keys":[196,2],"grid":[" &!,"," '!+","01"," (!*","03","03"," )!)","06","06"," *!(","09","09","09","09","09","09"]},"2805":{"keys":[196,2],"grid":[" *!(","00"," )!)","02","02","02","02","02","02","02","02","02","02","02","02","02"]}},"6958":{"2672":{"keys":[2,196],"grid":[" "," "," "," "," "," "," ","!# /","!% )!%","!","!","!","!","!","!","!"]}},"6959":{"2673":{"keys":[196,2],"grid":[" ,!&","00"," +!'","02","02","02","02","02","02","00","00"," -!%"," .!$","12"," /!#","14"]},"2672":{"keys":[2,196],"grid":[" "," "," "," "," "," "," "," ","!' +","!( *","!* (","!, &","11","!- %","13","11"]},"2674":{"keys":[196,2],"grid":[" 0!!","00"," "," "," "," "," "," "," "," "," "," "," "," "," "," "]}},"7001":{"2790":{"keys":[196,2],"grid":[" *!("," +!'"," ,!&"," -!%"," .!$","04"," /!#"," 0!!"," "," "," "," "," "," "," "," "]},"2786":{"keys":[2,196],"grid":[" "," "," "," "," "," ","!! 0","!# /","07","07","07","07","!$ .","12","12","12"]},"2789":{"keys":[196,2],"grid":[" %!-","00"," &!,","02","02","02"," '!+","06","06"," (!*","09","09"," )!)","12"," *!(","14"]},"2787":{"keys":[196,2],"grid":[" %!-","00","00","00","00","00","00","00","00","00","00","00","00","00","00","00"]},"2788":{"keys":[196,2],"grid":[" %!-"," $!.","01","01","01","01","01","01","01","01","01","00","00","00","00","00"]}},"7000":{"2786":{"keys":[2,196],"grid":[" "," ","!' +","!, &","!. $","!0 !","!","!","!","!","!","!","!","!","!","!"]}},"7003":{"2792":{"keys":[196,2],"grid":[" 0!!","00"," "," "," "," "," "," "," "," "," "," "," "," "," "," "]},"2791":{"keys":[2,196],"grid":[" ","!$ .","!% -","!& ,","03","!' +","!( *","!) )","!* (","!+ '","!, &","!- %","!. $","!/ #","!0 !","14"]}},"7002":{"2790":{"keys":[2,196],"grid":[" "," "," "," "," "," "," "," "," ","!# /","!% -","!' +","!) )","!+ '","!- %","!/ #"]},"2791":{"keys":[196],"grid":[" "," "," "," "," "," "," "," "," "," "," "," "," "," "," "," "]}},"7005":{"2793":{"keys":[2,196],"grid":[" "," "," "," ","!! 0","!% -","!* (","!","!","!","!","!","!","!","!","!"]}},"7004":{"2792":{"keys":[2,196],"grid":[" "," "," "," "," "," ","!! 0","06","06","!# /","09","!$ .","!% -","!& ,","!' +","!, &"]},"2793":{"keys":[196,2],"grid":[" .!$"," /!#"," 0!!"," "," "," "," "," "," "," "," "," "," "," "," "," "]}},"7007":{"2792":{"keys":[2,196],"grid":[" "," "," "," "," "," "," "," "," "," *!' !"," (!*"," '!+"," &!,"," %!-"," $!."," #!/"]},"2793":{"keys":[2,196],"grid":[" !!0","00","!","!","!","!","!","!","!","!","!","!","!","!","!","!"]}},"7006":{"2793":{"keys":[2,196],"grid":[" "," "," "," /!#"," ,!&"," )!)"," %!-","!","!","!","!","!","!","!","!","!"]}},"7031":{"2798":{"keys":[196,2],"grid":[" -!%","00"," .!$"," /!#","03"," 0!!"," "," "," "," "," "," "," "," "," "," "]},"2797":{"keys":[2,196],"grid":[" "," "," "," "," "," "," ","!# /","!$ .","!& ,","!' +","!( *","!) )","!* (","!+ '","!, &"]}},"7037":{"2800":{"keys":[196,2],"grid":[" ,!&"," -!%"," .!$"," /!#"," 0!!"," "," "," "," "," "," "," "," "," "," "," "]},"2799":{"keys":[2,196],"grid":[" "," "," "," "," "," "," "," "," ","!! 0","!% -","!( *","11","!) )","!* (","!+ '"]}},"6949":{"2664":{"keys":[196,2],"grid":[" +!'"," ,!&"," .!$"," "," "," "," "," "," "," "," "," "," "," "," "," "]},"2663":{"keys":[2,196],"grid":[" "," "," "," "," "," "," "," "," "," "," ","!$ .","!% -","!' +","!( *","!) )"]}},"6948":{"2663":{"keys":[2,196],"grid":[" "," "," "," "," ","!! 0","!( *","!* (","!, &","!/ #","!","!","!","!","!","!"]}},"6943":{"2660":{"keys":[2,196],"grid":[" "," "," "," "," "," "," "," "," "," "," "," "," "," "," .!$","!"]}},"6942":{"2660":{"keys":[2,196],"grid":[" "," "," "," "," "," "," "," "," "," "," "," "," "," %!! ,","!( *","!"]}},"6941":{"2660":{"keys":[2,196],"grid":[" "," "," "," "," "," "," "," "," "," "," "," "," "," "," /!#"," (!*"]},"2661":{"keys":[196],"grid":[" "," "," "," "," "," "," "," "," "," "," "," "," "," "," "," "]}},"6940":{"2661":{"keys":[2,196],"grid":[" /!#"," ,!&","!","!","!","!","!","!","!","!","!","!","!","!","!","!"]}},"6947":{"2662":{"keys":[2,196],"grid":[" "," "," "," "," "," "," "," "," "," "," "," "," "," ","!# /","!$ ."]},"2663":{"keys":[196,2],"grid":[" &!,"," (!*"," +!'"," -!%"," 0!!"," "," "," "," "," "," "," "," "," "," "," "]}},"6946":{"2662":{"keys":[196,2],"grid":[" &!,"," '!+"," (!*"," )!)"," *!("," +!'"," ,!&","06"," -!%"," .!$","09"," /!#"," 0!!"," "," "," "]},"2661":{"keys":[2,196],"grid":[" "," "," "," "," "," "," "," "," "," "," "," "," "," ","!# /","!$ ."]}},"6945":{"2661":{"keys":[2,196],"grid":[" "," "," "," ","!# /","!$ .","!% -","06","!& ,","!' +","!* (","!, &","!/ #","!","!","!"]}},"6944":{"2660":{"keys":[2,196],"grid":[" "," "," "," "," "," "," "," "," "," "," "," "," "," ","!% -","!( *"]},"2661":{"keys":[196,2],"grid":[" *!("," ,!&"," /!#"," "," "," "," "," "," "," "," "," "," "," "," "," "]}},"6954":{"2666":{"keys":[196,2],"grid":[" ,!&"," -!%","01"," .!$","03","03","03"," /!#","07","07","07","07","07","07","07","07"]},"2667":{"keys":[196,2],"grid":[" /!#","00","00"," 0!!"," "," "," "," "," "," "," "," "," "," "," "," "]},"2665":{"keys":[2,196],"grid":[" "," "," "," "," "," "," ","!$ .","!& ,","!' +","!( *","!) )","!* (","12","!+ '","!, &"]}},"6976":{"2712":{"keys":[196,2],"grid":[" #!/","00","00"," $!.","03"," %!-","05","05"," &!,"," '!+"," (!*","10"," )!)"," *!("," +!'"," ,!&"]},"2713":{"keys":[196,2],"grid":[" ,!&"," -!%"," .!$","02"," /!#","04"," 0!!","06","06"," "," "," "," "," "," "," "]},"2711":{"keys":[2,196],"grid":[" "," "," "," "," "," "," "," "," "," "," "," "," ","!! 0","13","13"]}},"6977":{"2713":{"keys":[2,196],"grid":[" "," "," "," "," "," "," "," "," "," "," ","!! 0","11","11","!# /","14"]},"2714":{"keys":[196,2],"grid":[" $!.","00","00"," %!-"," &!,"," '!+"," )!)"," *!("," ,!&"," -!%"," /!#"," 0!!"," "," "," "," "]}},"6974":{"2709":{"keys":[196,2],"grid":[" ,!&","00","00","00"," -!%","04","04","04"," .!$"," /!#"," 0!!"," "," "," "," "," "]},"2708":{"keys":[2,196],"grid":[" "," "," "," "," "," "," ","!$ .","!' +","!( *","!) )","10","!* (","!+ '","13","13"]},"2704":{"keys":[196,2],"grid":[" /!#","00","00","00"," 0!!","04","04","!& +!!","!( )!!","!) '!#","!+ $!$","!","!","!","!","!"]},"2700":{"keys":[196,2],"grid":[" '!+"," (!*"," )!)"," +!'"," ,!&"," -!%"," /!#"," 0!!"," "," "," "," "," "," "," "," "]},"2703":{"keys":[196,2],"grid":[" "," "," "," "," "," "," "," "," "," "," "," 0!!","11"," /!#","13","13"]},"2699":{"keys":[2],"grid":[" "," "," "," "," "," "," "," "," "," "," "," "," "," "," "," "]}},"6975":{"2710":{"keys":[196,2],"grid":[" &!,"," '!+","01"," (!*"," )!)","04"," *!(","06","06"," +!'","09"," ,!&","11"," -!%","13"," .!$"]},"2711":{"keys":[196,2],"grid":[" .!$"," /!#","01","01"," 0!!","04","04","04"," "," "," "," "," "," "," "," "]},"2709":{"keys":[2,196],"grid":[" "," "," "," "," "," "," "," "," "," "," "," ","!! 0","!# /","!$ .","!% -"]},"2701":{"keys":[196,2],"grid":[" -!%"," .!$","01","01","01","01","01"," /!#","01","01","01","01","00","00","00"," ,!&"]},"2700":{"keys":[2,196],"grid":[" "," "," "," "," "," "," "," ","!! 0","!# /","!% -","!& ,","!( *","!* (","!+ '","!, &"]},"2703":{"keys":[196,2],"grid":[" '!+","00","00","00"," &!,","04","04"," %!-"," #!/"," !!0","!","!","!","!","!","!"]},"2702":{"keys":[196,2],"grid":[" ,!&"," +!'"," *!("," )!)"," '!+","04","04","04"," &!,","08","08","08","08","08","04","04"]}},"6972":{"2695":{"keys":[196,2],"grid":[" 0!!"," "," "," "," "," "," "," "," &!$ )"," $!( '"," !!+ %!!","!","!","!","!","!"]},"2694":{"keys":[2,196],"grid":[" "," "," "," "," "," "," "," "," "," "," ","!# /","!& ,","!* (","!. $","!/ #"]},"2699":{"keys":[2,196],"grid":[" "," ","!& ,","!' +","!( *","04","!) )","!* (","!+ '","!- %","!/ #","!","!","!","!","!"]}},"6973":{"2708":{"keys":[196,2],"grid":[" +!'","00"," ,!&"," -!%","03"," /!#"," "," "," "," "," "," "," "," "," "," "]},"2705":{"keys":[196,2],"grid":[" #!/","00","00","00"," !!0","04","04","04","04","00","00","00"," $!.","12"," %!-"," &!,"]},"2704":{"keys":[196,2],"grid":[" "," "," "," "," "," "," "," 0!!"," .!$"," ,!&"," +!'"," )!)"," '!+"," &!,"," %!-"," $!."]},"2707":{"keys":[196,2],"grid":[" +!'","00"," *!(","02","02"," )!)","05","02","02","02","02","02","02","02","02","02"]},"2706":{"keys":[196,2],"grid":[" &!,"," '!+"," (!*"," )!)","03"," *!("," +!'","06","06"," ,!&","09","09","09","09","06","06"]},"2699":{"keys":[2,196],"grid":[" "," "," "," "," "," "," "," "," "," "," "," ","!# /","!& ,","!( *","!. $"]},"2695":{"keys":[2,196],"grid":[" "," "," ","!! 0","03","03","03","03","03"," "," "," "," "," "," "," "]}},"6970":{"2689":{"keys":[2,196],"grid":[" "," "," "," "," "," "," "," "," "," "," "," ","!! 0","!# /","!$ .","!% -"]},"2698":{"keys":[2,196],"grid":[" "," "," "," "," ","!! 0","!# /","!% -","!& ,","!' +","!) )","!+ '","!- %","!/ #","!","!"]},"2697":{"keys":[196,2],"grid":[" &!,"," %!-"," $!.","02"," #!/","04"," !!0","!","!","!","!","!","!","!","!","!"]},"2696":{"keys":[196,2],"grid":[" "," "," "," "," "," 0!!"," /!#"," .!$"," -!%"," ,!&","09"," +!'"," *!("," )!)"," (!*"," '!+"]},"2694":{"keys":[196,2],"grid":[" )!)"," *!(","01","01"," +!'","04"," ,!&","06"," -!%","08"," .!$"," /!#"," "," "," "," "]},"2693":{"keys":[196,2],"grid":[" ,!&"," +!'"," )!)"," '!+"," &!,","04"," %!-","06","06","06","06","06","04","03"," (!*","02"]},"2692":{"keys":[196,2],"grid":[" "," "," "," "," "," "," "," "," "," "," 0!!","10","10"," /!#"," .!$","14"]},"2691":{"keys":[196,2],"grid":[" .!$"," /!#","01"," 0!!","03","03"," "," "," "," "," "," "," "," "," "," "]},"2690":{"keys":[196,2],"grid":[" &!,"," '!+"," (!*","02"," )!)","04"," *!(","06"," +!'","08"," ,!&","10","10"," -!%","13"," .!$"]}},"6971":{"2699":{"keys":[196,2],"grid":[" (!*"," /!#"," "," "," "," "," "," "," "," "," "," "," "," "," "," "]},"2698":{"keys":[2,196],"grid":[" "," "," "," "," "," "," "," "," "," "," "," "," "," "," ","!# /"]},"2696":{"keys":[196,2],"grid":[" *!("," '!+"," $!."," !!0","!","!","!","!","!","!","!","!","!","!","!","!"]},"2695":{"keys":[196,2],"grid":[" "," "," "," "," "," "," "," "," "," "," "," "," 0!!"," /!#"," -!%"," ,!&"]},"2694":{"keys":[2,196],"grid":[" "," "," "," "," "," "," "," "," "," "," "," -!%","!","!","!","!"]},"2692":{"keys":[196,2],"grid":[" !!0","00","00","00","00","!","!","!","!","!","!","!","!","!","!","!"]},"2691":{"keys":[2,196],"grid":[" "," "," "," "," "," "," "," "," ","!! 0","09","09","09","09","09","09"]}},"6978":{"2720":{"keys":[196,2],"grid":[" 0!!"," /!#"," -!%"," ,!&","03"," +!'"," *!(","06"," )!)","08"," (!*","10","10","10","08","08"]},"2716":{"keys":[196,2],"grid":[" -!$ !"," "," "," "," "," "," "," "," "," "," "," "," "," "," "," "]},"2721":{"keys":[196,2],"grid":[" )!)"," *!(","01"," +!'"," ,!&","04"," -!%"," .!$"," /!#"," 0!!"," "," "," "," "," "," "]},"2714":{"keys":[2,196],"grid":[" "," "," "," "," "," "," "," "," "," "," "," ","!! 0","!# /","!$ .","14"]},"2715":{"keys":[196,2],"grid":[" $!.","00","00","00"," #!/","04","04"," !!0","04","04","00","00"," %!-"," &!,"," '!+"," (!*"]}},"6979":{"2716":{"keys":[196,2],"grid":[" )!)","00"," *!(","02"," +!'","04"," ,!&","06","06","06"," -!%","10","10","10","06","06"]},"2717":{"keys":[196,2],"grid":[" ,!&"," +!'","01","01"," *!(","04"," )!)","06"," (!*","08","08","08","08","08","08","06"]},"2721":{"keys":[2,196],"grid":[" "," "," "," "," "," "," "," "," "," ","!! 0","!# /","!% -","!& ,","!) )","!- %"]},"2715":{"keys":[2,196],"grid":[" "," "," "," "," "," "," "," "," "," "," "," "," "," "," "," $!# ,"]},"2718":{"keys":[196,2],"grid":[" *!("," +!'"," ,!&","02"," -!%","04","04"," .!$","07","07","07","07","07","07","07","07"]},"2719":{"keys":[196,2],"grid":[" .!$","00","00"," /!#","03","03","00","00","00"," -!%"," ,!&"," +!'"," *!("," '!+"," %!-"," !!0"]},"2720":{"keys":[2],"grid":[" "," "," "," "," "," "," "," "," "," "," "," "," "," "," "," "]},"2722":{"keys":[196,2],"grid":[" 0!!"," "," "," "," "," "," "," "," "," "," "," "," "," "," "," "]}},"6955":{"2671":{"keys":[196,2],"grid":[" "," "," "," "," "," /!#"," -!%"," +!'"," *!("," )!)"," (!*"," '!+","11","11"," &!,","14"]},"2667":{"keys":[2,196],"grid":[" "," "," "," "," ","!! 0","!# /","!$ .","!% -","!& ,","!' +","10","!( *","!) )","13","!* ("]},"2673":{"keys":[196,2],"grid":[" '!+","00","00","00","00","00","00","00","00"," (!*"," )!)"," )!( !"," *!& #"," "," "," "]},"2672":{"keys":[196,2],"grid":[" &!,","00","00","00","00","00","00","00","00"," '!+","09","09","09","09","09","09"]},"2668":{"keys":[196,2],"grid":[" +!'","00"," ,!&","02"," -!%"," .!$"," 0!!"," "," "," "," "," "," "," "," "," "]}},"7045":{"2803":{"keys":[2,196],"grid":[" "," "," "," "," "," 0!!"," .!$"," -!%"," +!'"," *!("," '!+"," %!-","!","!","!","!"]}},"7044":{"2802":{"keys":[2,196],"grid":[" "," "," "," "," "," "," "," "," "," "," "," "," "," ","!! 0","14"]},"2803":{"keys":[196,2],"grid":[" #!/","00","00"," $!.","03"," %!-"," &!,"," '!+"," (!*"," )!)"," *!("," .!$"," "," "," "," "]}},"7047":{"2803":{"keys":[2,196],"grid":[" ","!& ,","!( *","!+ '","!, &","!- %","05","!. $","!/ #","!0 !","!","!","!","!","!","!"]}},"7046":{"2803":{"keys":[2,196],"grid":[" "," ,!&"," (!*"," %!-"," !!0","!","!","!","!","!","!","!","!","!","!","!"]}}}}