{"9":{"440":{"202":{"keys":[225,"",224],"grid":["  !!","00"," !!!"," #!!"]}},"438":{"196":{"keys":[223,1,225],"grid":[" "," "," "," "," "," )!)"," (!##("," (!!#)","07","07","07"," '!##)"," &!##*"," %!##+","!! !!$#,","!$#."]}},"439":{"203":{"keys":[225,224,""],"grid":["   !","  #!","  !!","02"]},"204":{"keys":[225,"",224],"grid":[" !##","!!##","!","!"]}},"436":{"197":{"keys":[223,1,225],"grid":[" +!##%"," *!##&"," *!!#'"," )!##'"," (!##("," '!##)"," '!!#*"," &!##*"," $!$#+"," #!##-"," #!!#.","10","10","10","!$#.","#"]},"196":{"keys":[223,1,225],"grid":[" "," "," "," "," "," "," "," "," "," "," "," "," "," "," /!#"," ,!%#!"]}},"437":{"196":{"keys":[223,1,225],"grid":[" "," "," "," "," "," "," "," "," "," "," "," "," "," ","!& !!+","#%!$#&!###"]}},"434":{"197":{"keys":[223,1],"grid":[" "," "," "," "," "," "," "," "," "," "," "," "," "," "," "," .!$"]},"198":{"keys":[223,1,225,""],"grid":[" +!%##"," '!&#&","!(#*","#","#","#","#","#","#","#","#","#","$)#)","12","12","12"]},"192":{"keys":[196,1,223],"grid":[" "," "," .!$"," -!%"," +!$#$"," +!##%"," )!%#%"," (!##("," '!##)"," #!&#*"," #!%#+","!$#.","#","#","#","#"]}},"435":{"197":{"keys":[223,1,225],"grid":[" "," "," "," "," "," "," "," "," "," "," "," "," (!( #"," (!!#&!$"," (!!#(!!","!% #!##)"]},"198":{"keys":[225,1],"grid":[" $!% *"," "," "," "," "," "," "," "," "," "," "," "," "," "," "," "]},"192":{"keys":[196,1,223],"grid":[" %!!#,"," #!$#,","!%#-","#!!##.","#","#","#","#","#","#","#","#","#","#","#","#"]}},"432":{"194":{"keys":[196,1,223,""],"grid":[" +!!#&"," *!##&"," *!!#'","02"," )!##'"," )!!#(","05","05"," (!##("," ($!#)"," %$&#("," %$'#'","$)#)","12","12","12"]},"197":{"keys":["",223,1,225],"grid":[" -!%","00","00","00"," /!#"," /##"," /$#"," .$$"," -$%","08","08","08","08","08","08","08"]},"193":{"keys":[196,1,223],"grid":[" "," "," "," "," "," "," "," "," 0!!"," /!#"," .!##!"," .!!##","10","10","11"," +!%##"]}},"433":{"197":{"keys":[223,1,225],"grid":[" "," "," "," "," ","!$ .","##!& *","#'!$ (","#)!! (","#)!# '","#*!! '","10","10","#*!# &","#+!# %","#,!# $"]},"198":{"keys":[225,1,223,""],"grid":[" -!###"," .!$"," 0!!"," "," "," "," "," ","$","$","$","$","$","$","$","$"]},"193":{"keys":[196,1,223],"grid":[" )!##'"," '!$#("," '!!#*"," &!##*"," $!$#+"," #!##-"," !!##.","!##/","!!#0","#","#","#","#","#","#","#"]},"192":{"keys":[196,1,223],"grid":[" "," "," "," "," "," "," "," "," "," "," "," 0!!"," .!$"," -!###"," +!! !!###"," *!&##"]}}},"13":{"6961":{"3167":{"keys":[223,225],"grid":[" "," "," "," "," "," "," "," "," "," "," "," "," ","!) )","!","!"]},"3074":{"keys":[196,223],"grid":[" "," "," !!# .","02","!$ .","04","04","!# /","!! 0","08","08","08","08","07","04","!& ,"]},"3075":{"keys":[223,196],"grid":[" '!+"," )!( !"," "," "," "," "," "," "," "," "," "," "," "," "," "," "]}},"6960":{"3167":{"keys":[223,225],"grid":[" "," "," "," "," "," "," "," "," "," "," ","!% -","!/ #","!","!","!"]},"3074":{"keys":[196,223],"grid":[" "," "," "," "," $!# ,"," #!& *"," #!' (!!"," #!( '!!"," !!0","08","08","08","!","!","!","!"]}},"6963":{"3167":{"keys":[223],"grid":[" "," "," "," "," "," "," "," "," "," "," "," "," "," "," "," "]},"3073":{"keys":[196,223],"grid":[" "," "," "," "," "," "," "," &!$ )"," #!) '","!- $!!","!","!","!","!","!","!"]},"3074":{"keys":[196,223],"grid":[" (!*"," )!)"," *!(","02"," +!'","04"," ,!&","02","00"," %!-","!","!","!","!","!","!"]},"3168":{"keys":[225,223],"grid":[" '!+"," "," "," "," "," "," "," "," "," "," "," "," "," "," "," "]}},"6962":{"3167":{"keys":[223,225],"grid":[" "," "," "," "," "," "," "," "," "," "," "," "," "," ","!# /","!- %"]},"3073":{"keys":[196,223],"grid":[" "," "," "," "," "," "," "," "," "," "," /!#"," .!$"," -!%"," ,!&"," +!'","14"]},"3074":{"keys":[196,223],"grid":[" +!'"," +!$ $"," "," "," "," "," (!% &"," '!( $"," '!* !"," &!,"," '!+","10","10","10","09"," %!-"]},"3075":{"keys":[196,223],"grid":[" #!/","!","!","!","!","!","!","!","!","!","!","!","!","!","!","!"]}},"6965":{"3168":{"keys":[223,225],"grid":[" "," "," ","!. $","!","!","!","!","!","!","!","!","!","!","!","!"]}},"6964":{"3072":{"keys":[196,223],"grid":[" 0!!","00","00"," .!$"," -!%"," ,!&"," +!'"," (!*"," '!+","08","08","08","08","08","08","08"]},"3073":{"keys":[196,223],"grid":[" &!,"," %!-"," #!/","!","!","!","!","!","!","!","!","!","!","!","!","!"]},"3168":{"keys":[223,225],"grid":[" ","!$ .","!","!","!","!","!","!","!","!","!","!","!","!","!","!"]}},"6967":{"3166":{"keys":[223,225],"grid":[" )!)","00","00","00","00","00","00","00","00","00","00","00","00","00","00","00"]},"3167":{"keys":[223,225],"grid":[" )!)","00","00"," (!*"," '!+","04"," &!,"," %!-","07"," $!."," #!/"," !!0","11","!","!","!"]},"3164":{"keys":[223,225],"grid":[" "," "," "," "," "," "," "," "," "," "," "," "," "," "," "," 0!!"]},"3165":{"keys":[223,225],"grid":[" .!$"," -!%"," ,!&"," +!'","03","03","03","03"," *!(","08","08","08","08","08","08","08"]}},"6966":{"3167":{"keys":[223,225],"grid":[" "," "," "," "," "," "," "," "," "," "," "," "," "," "," 0!!","14"]},"3168":{"keys":[223,225],"grid":[" /!#"," ,!&"," *!("," (!*","!","!","!","!","!","!","!","!","!","!","!","!"]}},"6969":{"3164":{"keys":[223,225],"grid":[" "," "," "," "," "," "," "," "," "," "," "," "," ","!$ .","!( )!!","!"]}},"6968":{"3164":{"keys":[223,225],"grid":[" "," "," "," "," "," "," "," "," "," "," "," "," '!( $"," $!."," !!0","!"]}},"7001":{"3150":{"keys":[223,225],"grid":[" "," "," "," "," "," "," "," "," ,!&"," (!*","!","!","!","!","!","!"]}},"7000":{"3150":{"keys":[223,225],"grid":[" "," "," "," "," "," "," "," "," "," ","!) #!'","!","!","!","!","!"]}},"6952":{"3078":{"keys":[196,223],"grid":[" "," "," "," "," "," "," "," "," 0!!"," /!#","09","09","09","09","09","09"]},"3079":{"keys":[196,223],"grid":[" /!#","00","00"," .!$","03","03"," -!%","06"," ,!&","08"," +!'"," *!("," (!*"," '!+","!","!"]},"3169":{"keys":[223,225],"grid":[" "," "," "," "," "," "," "," .!$"," *!("," &!,"," !!0","!","!","!","!","!"]}},"7002":{"3150":{"keys":[223,225],"grid":[" "," "," "," "," "," "," #!) '","!","!","!","!","!","!","!","!","!"]}},"7005":{"3151":{"keys":[223,225],"grid":[" *!("," '!+"," %!-","!","!","!","!","!","!","!","!","!","!","!","!","!"]},"3150":{"keys":[223,225],"grid":[" "," "," "," "," "," "," "," "," "," "," "," "," "," "," /!#"," ,!&"]}},"6955":{"3078":{"keys":[196,223],"grid":[" 0!!","00","00","00","00","00","00"," /!#","!","!","!","!","!","!","!","!"]},"3168":{"keys":[223,225],"grid":[" "," "," "," "," "," "," "," "," "," "," "," "," +!'"," &!,"," !!0","!"]},"3076":{"keys":[196,223],"grid":[" "," "," "," /!#"," .!$"," -!%"," ,!&"," +!'"," )!)"," (!*"," &!,"," %!-"," #!/","!","!","!"]},"3077":{"keys":[223,196],"grid":[" "," "," "," "," "," "," "," "," ","!! 0","!' +","!) )","!+ '","!. $","!/ #","!0 !"]}},"6956":{"3168":{"keys":[223,225],"grid":[" "," "," "," "," "," "," "," "," "," 0!!"," *!("," !!0","!","!","!","!"]},"3075":{"keys":[196,223],"grid":[" "," "," "," "," "," +!& !"," *!("," (!*"," '!+","08"," &!,","10","10"," %!-","13"," $!."]},"3076":{"keys":[196,223],"grid":[" #!/"," !!0","!","!","!","!","!","!","!","!","!","!","!","!","!","!"]}},"7006":{"3150":{"keys":[223,225],"grid":[" "," "," "," "," "," "," "," "," "," "," "," (!) !"," $!."," !!0","!","!"]}},"6998":{"3151":{"keys":[223,225],"grid":[" !!0","!","!","!","!","!","!","!","!","!","!","!","!","!","!","!"]},"3150":{"keys":[223,225],"grid":[" "," "," "," "," "," "," "," "," "," 0!!"," -!%"," +!'"," )!)"," '!+"," &!,"," %!-"]}},"6999":{"3150":{"keys":[223,225],"grid":[" "," "," "," "," "," "," "," "," ","!* (","!","!","!","!","!","!"]}},"6994":{"3150":{"keys":[223,225],"grid":[" "," "," "," "," "," "," "," +!'"," &!,"," #!/","!","!","!","!","!","!"]}},"6995":{"3150":{"keys":[223,225],"grid":[" "," "," "," "," "," "," ","!' +","!+ '","!- %","!/ #","!0 !","!","!","!","!"]}},"6996":{"3151":{"keys":[225],"grid":[" "," "," "," "," "," "," "," "," "," "," "," "," "," "," "," "]},"3150":{"keys":[223,225],"grid":[" "," "," "," "," "," "," "," "," "," "," "," ","!! 0","!$ .","!+ '","!. $"]}},"6997":{"3151":{"keys":[223,225],"grid":[" ","!$ -!!","!' $!(","!","!","!","!","!","!","!","!","!","!","!","!","!"]}},"6990":{"3151":{"keys":[223,225],"grid":[" !!0","!","!","!","!","!","!","!","!","!","!","!","!","!","!","!"]},"3150":{"keys":[223,225],"grid":[" "," "," "," "," "," "," "," "," "," "," "," .!$"," +!'"," )!)"," '!+"," %!-"]}},"6991":{"3150":{"keys":[223,225],"grid":[" "," "," "," "," "," "," "," "," "," "," ","!","!","!","!","!"]}},"6992":{"3150":{"keys":[223,225],"grid":[" "," "," "," "," "," "," "," "," "," "," "," ","!- %","!","!","!"]}},"6993":{"3150":{"keys":[223,225],"grid":[" "," "," "," "," "," "," "," "," "," "," /!#"," -!%"," '!+","!","!","!"]}},"6919":{"3112":{"keys":[196,223,""],"grid":[" "," "," "," "," "," "," 0!!","06","06"," /!#","09","09","09","09"," -#%","14"]}},"6989":{"3151":{"keys":[223,225],"grid":[" "," 0!!"," -!%"," *!(","!","!","!","!","!","!","!","!","!","!","!","!"]}},"6988":{"3151":{"keys":[223,225],"grid":[" "," "," "," "," /!#"," -!%"," ,!&"," *!("," (!*"," '!+"," %!-"," $!."," #!/"," !!0","!","!"]}},"6987":{"3152":{"keys":[223,225],"grid":[" /!#"," .!$"," -!%"," ,!&"," *!("," )!)"," (!*"," '!+"," &!,"," $!."," #!/","!","!","!","!","!"]},"3151":{"keys":[223,225],"grid":[" "," "," "," "," "," "," "," "," "," "," "," "," "," "," "," 0!!"]}},"6986":{"3153":{"keys":[223,225],"grid":[" '!+"," &!,"," %!-"," #!/"," !!0","!","!","!","!","!","!","!","!","!","!","!"]},"3152":{"keys":[223,225],"grid":[" "," "," "," "," "," "," "," "," "," "," "," "," /!#"," -!%"," +!'"," )!)"]}},"6985":{"3153":{"keys":[223,225],"grid":[" "," "," "," "," "," "," 0!!"," /!#"," .!$"," -!%"," ,!&"," +!'","11"," *!("," )!)","14"]},"3155":{"keys":[223,225],"grid":[" !!0","00","00","!","!","!","!","!","!","!","!","!","!","!","!","!"]},"3154":{"keys":[223,225],"grid":[" (!*","00"," '!+","02"," &!,","04","04"," %!-","07"," $!.","09","09"," #!/","12","12","12"]}},"6984":{"3156":{"keys":[223,225],"grid":[" +!'"," *!("," )!)"," (!*"," &!,"," %!-"," $!."," !!0","!","!","!","!","!","!","!","!"]},"3155":{"keys":[223,225],"grid":[" "," "," "," "," "," "," 0!!","06"," /!#","08"," .!$","10"," -!%","12"," ,!&","14"]}},"6983":{"3157":{"keys":[223,225],"grid":[" '!+"," &!,"," %!-"," $!.","03"," #!/"," !!0","!","!","!","!","!","!","!","!","!"]},"3156":{"keys":[223,225],"grid":[" "," "," "," "," "," "," "," "," "," 0!!"," /!#"," .!$"," -!%"," +!'"," *!("," (!*"]}},"6982":{"3159":{"keys":[223,225],"grid":[" %!-"," $!."," #!/","02"," !!0","!","!","!","!","!","!","!","!","!","!","!"]},"3158":{"keys":[223,225],"grid":[" .!$"," -!%","01"," ,!&","03"," +!'","05"," *!(","07"," )!)","09"," (!*","11"," '!+"," &!,","14"]},"3157":{"keys":[223,225],"grid":[" "," "," "," "," "," "," "," "," "," 0!!","09","09"," /!#","12"," .!$","14"]}},"6981":{"3159":{"keys":[223,225],"grid":[" "," "," "," "," "," "," "," 0!!"," /!#"," .!$"," -!%"," ,!&"," +!'"," *!(","13"," )!)"]},"3160":{"keys":[223,225],"grid":[" (!*"," &!,"," %!-"," $!."," #!/"," !!0","!","!","!","!","!","!","!","!","!","!"]}},"6980":{"3160":{"keys":[223,225],"grid":[" "," "," "," "," "," "," "," "," 0!!"," /!#"," .!$"," $!! )!%"," #!% &!&"," !!' #!(","!","!"]}},"7016":{"3141":{"keys":[223,225],"grid":[" "," "," "," "," "," "," "," "," "," "," "," "," "," "," "," /!#"]},"3142":{"keys":[223,225],"grid":[" -!%"," +!'"," *!("," (!*"," '!+"," &!,"," $!."," #!/","!","!","!","!","!","!","!","!"]}},"6924":{"3103":{"keys":[196,223],"grid":[" "," "," "," 0!!"," .!$"," ,!&","!# &!*","!","!","!","!","!","!","!","!","!"]}},"6927":{"3096":{"keys":[196,223],"grid":[" "," "," "," "," "," 0!!"," /!#"," .!$"," -!%","08"," ,!&"," +!'","11"," *!("," )!)"," (!*"]},"3157":{"keys":[223,225],"grid":[" "," "," "," "," "," "," "," "," "," "," "," "," "," "," ","!"]},"3097":{"keys":[196,223],"grid":[" &!,"," $!."," !!0","!","!","!","!","!","!","!","!","!","!","!","!","!"]}},"6926":{"3100":{"keys":[223,196],"grid":[" "," "," "," "," "," ","!! 0","06","!# /","08","08","08","06","06","06","06"]},"3098":{"keys":[196,223],"grid":[" )!)"," (!*"," '!+"," %!-"," $!."," #!/"," !!0","06","!","!","!","!","!","!","!","!"]},"3157":{"keys":["",223,225],"grid":[" %!-","00","00","00","00","00","00","00","00","00","00","00"," '!+","12","12"," '#+"]},"3097":{"keys":[196,223],"grid":[" "," "," "," "," 0!!"," /!#"," .!$","06"," -!%","08","08","08"," ,!&","12"," +!'"," *!("]},"3101":{"keys":[196,223],"grid":[" !!0","!","!","!","!","!","!","!","!","!","!","!","!","!","!","!"]}},"6921":{"3105":{"keys":[196,223],"grid":[" "," "," "," "," "," "," "," "," "," "," "," "," "," "," /!#"," -!%"]},"3106":{"keys":[196,223],"grid":[" ,!&"," +!'","01","01","01"," *!(","05","05","05","05","05","05","05","05","05","05"]},"3107":{"keys":[196,223],"grid":[" )!)","00","00","00"," (!*","04","04"," '!+","07","07","07"," &!,","11","11"," %!-","14"]},"3108":{"keys":[196,223],"grid":[" %!-"," $!.","01","01","01"," #!/","05","05"," !!0","08","08","08","!","!","!","!"]}},"6920":{"3109":{"keys":[196,223],"grid":[" 0!!","00","00"," /!#","03","03"," .!$","06","06"," -!%","09","09","09"," ,!&","13","13"]},"3108":{"keys":[196,223],"grid":[" "," "," "," "," "," "," "," "," "," "," "," "," "," "," "," 0!!"]},"3112":{"keys":[196,223],"grid":[" !!0","00","!","!","!","!","!","!","!","!","!","!","!","!","!","!"]},"3111":{"keys":[196,223],"grid":[" '!+"," &!,","01","01","01"," %!-","05","05"," $!.","08","08","08"," #!/","12","12"," !!0"]},"3110":{"keys":[196,223],"grid":[" +!'","00","00","00"," *!(","04","04"," )!)","07","07"," (!*","10","10","10"," '!+","14"]}},"6923":{"3103":{"keys":[196,223],"grid":[" "," "," "," "," "," +!% #"," &!,"," $!."," !!0","!","!","!","!","!","!","!"]}},"6922":{"3104":{"keys":[196,223],"grid":[" -!%","00","00"," ,!&","03"," +!'","05","05"," *!(","08","08","08","08","08","08","08"]},"3105":{"keys":[196,223],"grid":[" *!(","00","00","00","00","00","00"," )!)"," (!*"," '!+"," %!-"," $!."," #!/","!","!","!"]},"3103":{"keys":[196,223],"grid":[" "," "," "," "," "," "," "," "," "," "," 0!!"," /!#","11"," .!$","13","13"]}},"6932":{"3092":{"keys":[196,223],"grid":[" "," "," "," "," "," 0!!"," -!%"," )!)"," &!,"," !!0","!","!","!","!","!","!"]},"3158":{"keys":[223,225],"grid":[" "," "," "," ","!$ .","!) )","!- %","!","!","!","!","!","!","!","!","!"]}},"6933":{"3092":{"keys":[196,223],"grid":[" +!'"," )!)"," '!+"," %!-"," !!0","!","!","!","!","!","!","!","!","!","!","!"]},"3091":{"keys":[196,223],"grid":[" "," "," "," "," "," "," "," "," "," "," "," "," "," 0!!"," /!#"," -!%"]},"3158":{"keys":[223,225],"grid":[" "," "," "," "," "," "," ","!! 0","!& ,","!* (","!/ #","!","!","!","!","!"]}},"6930":{"3093":{"keys":[196,223],"grid":[" "," "," "," "," "," "," "," "," "," 0!!","09","09","09","09"," /!#","14"]},"3158":{"keys":[225,223],"grid":[" *!("," 0!!"," "," "," "," "," "," "," "," "," "," "," "," "," "," "]},"3157":{"keys":[223],"grid":[" "," "," "," "," "," "," "," "," "," "," "," "," "," "," "," "]},"3094":{"keys":[196,223],"grid":[" .!$"," -!%","01"," ,!&"," *!("," )!)"," (!*"," '!+"," &!,"," %!-"," $!."," #!/","!","!","!","!"]}},"6931":{"3092":{"keys":[196,223],"grid":[" "," "," "," "," "," "," "," "," "," "," /!#"," -!%"," ,!&"," *!(","13"," )!)"]},"3093":{"keys":[196,223],"grid":[" (!*"," '!+"," %!-"," $!."," #!/"," !!0","05","!","!","!","!","!","!","!","!","!"]},"3158":{"keys":[223,225],"grid":[" "," ","!' +","!. $","!","!","!","!","!","!","!","!","!","!","!","!"]}},"6936":{"3159":{"keys":[223,225],"grid":[" "," "," "," "," "," "," "," "," "," "," "," "," "," "," ","!! 0"]},"3089":{"keys":[196,223],"grid":[" )!)"," (!*"," '!+"," &!,"," %!-"," $!."," #!/","!","!","!","!","!","!","!","!","!"]},"3088":{"keys":[196,223],"grid":[" "," "," "," "," "," "," "," "," "," "," 0!!"," /!#"," .!$"," ,!&"," +!'"," *!("]},"3160":{"keys":[225,223],"grid":[" #!/"," $!."," &!,"," '!+"," (!*"," )!)"," *!("," ,!&"," -!%"," .!$","09","09"," /!#","12","12","12"]},"3161":{"keys":[225,223],"grid":[" 0!!","00","00"," "," "," "," "," "," "," "," "," "," "," "," "," "]}},"6937":{"3163":{"keys":[225,223],"grid":[" $!.","00","00","00","00","00","00","00","00","00","00","00","00","00","00","00"]},"3088":{"keys":[196,223],"grid":[" (!*","00"," '!+"," &!,"," %!-","04"," $!."," #!/"," !!0","!","!","!","!","!","!","!"]},"3164":{"keys":[225,223],"grid":[" $!.","00","00","00"," %!-","04","04"," &!,","07","07"," '!+","10","10"," (!*","13","13"]},"3165":{"keys":[225,223],"grid":[" )!)","00","00"," *!(","03"," +!'"," ,!&"," -!%","07"," .!$"," /!#"," 0!!"," "," "," "," "]},"3162":{"keys":[225,223],"grid":[" $!.","00","00","00","00","00","00","00","00","00","00","00","00","00","00","00"]},"3087":{"keys":[196,223],"grid":[" "," "," 0!!"," /!#","03","03"," .!$","06"," -!%","08"," ,!&","10"," +!'"," *!(","13"," )!)"]},"3161":{"keys":[223,225],"grid":[" "," "," "," "," "," ","!! 0","06","06","06","!# /","10","10","!$ .","13","13"]}},"6934":{"3090":{"keys":[196,223],"grid":[" -!%"," +!'"," )!)"," (!*","03"," '!+","05"," &!,","07","07"," %!-","10","10","10","10","10"]},"3091":{"keys":[196,223],"grid":[" %!-","00","00","00","00"," $!.","05","05","05","05"," #!/","10"," !!0","!","!","!"]},"3089":{"keys":[196,223],"grid":[" "," "," "," "," "," "," "," "," "," "," "," "," "," "," "," /!#"]},"3159":{"keys":[225,223],"grid":[" +!'"," -!%"," /!#"," "," "," "," "," "," "," "," "," "," "," "," "," "]},"3158":{"keys":[223,225],"grid":[" "," "," "," "," "," "," "," "," "," "," "," ","!# /","!% -","!' +","!) )"]}},"6935":{"3159":{"keys":[223,225],"grid":[" "," "," "," ","!# /","!% -","!' +","!) )","!* (","!+ '","!, &","!- %","!/ #","!0 !","!","!"]},"3089":{"keys":[196,223],"grid":[" "," "," "," "," "," "," "," "," /!#"," -!%"," )!)"," '!+"," %!-"," $!."," !!0","!"]}},"6938":{"3166":{"keys":[225,223],"grid":[" $!.","00"," %!-"," &!,"," '!+"," (!*"," )!)"," *!("," +!'"," ,!&"," -!%","10"," .!$"," /!#"," 0!!"," "]},"3087":{"keys":[196,223],"grid":[" !!& +","!' +","01","01","01","!& ,","05","05","05","01","!( *","!) )","!, &","!","!","!"]},"3086":{"keys":[196,223],"grid":[" "," "," "," "," "," "," "," "," "," "," "," "," "," "," "," #!# -"]},"3165":{"keys":[223,225],"grid":[" "," "," "," "," "," "," "," "," "," "," "," "," "," ","!! 0","!# /"]}},"6939":{"3166":{"keys":[223],"grid":[" "," "," "," "," "," "," "," "," "," "," "," "," "," "," "," "]},"3167":{"keys":[225,223],"grid":[" !!0"," #!/"," $!."," %!-"," &!,"," '!+"," (!*"," )!)"," *!("," +!'"," ,!&"," -!%"," .!$"," /!#"," 0!!"," "]},"3087":{"keys":[196,223],"grid":[" "," "," "," "," "," 0!!"," .!$"," ,!&"," +!'"," )!)"," (!*"," &!,"," $!.","!","!","!"]}},"7023":{"3141":{"keys":[223,"",225],"grid":[" )!)","00","00","00","00","00","00","00"," -!%","08","08","08"," +!'","12","12","#' %#!!&"]}},"7022":{"3141":{"keys":[223,225],"grid":[" "," "," "," "," "," "," "," "," "," "," "," "," "," "," ","!"]}},"7021":{"3141":{"keys":[223,225],"grid":[" "," "," "," "," "," "," "," "," "," "," "," "," "," "," ","!"]}},"7020":{"3141":{"keys":[223,225],"grid":[" "," "," "," "," "," "," "," "," "," "," "," "," "," ","!","!"]}},"6929":{"3157":{"keys":[223,225],"grid":[" "," "," "," "," "," "," "," "," "," "," "," "," "," "," ","!. $"]},"3094":{"keys":[196,223],"grid":[" "," "," "," "," "," "," "," "," "," "," "," "," "," /!#"," -!%"," ,!&"]},"3095":{"keys":[196,223],"grid":[" *!("," (!*"," &!,"," $!."," #!/"," !!0","!","!","!","!","!","!","!","!","!","!"]}},"6928":{"3096":{"keys":[196,223],"grid":[" +!'"," )!)"," $!."," !!0","!","!","!","!","!","!","!","!","!","!","!","!"]},"3157":{"keys":[223,225],"grid":[" "," "," "," "," "," "," "," "," "," "," "," "," "," "," ","!"]},"3095":{"keys":[196,223],"grid":[" "," "," "," "," "," "," "," 0!!","07"," /!#"," .!$"," -!%","11"," ,!&","13"," +!'"]}},"7018":{"3141":{"keys":[223,225],"grid":[" "," "," "," "," "," "," "," "," "," "," "," "," ","!+ '","!","!"]}},"7019":{"3141":{"keys":[223,225],"grid":[" "," "," "," "," "," "," "," "," "," "," "," "," "," ","!","!"]}},"6925":{"3100":{"keys":[196,223],"grid":[" .!$"," /!#","01"," 0!!"," "," "," "," "," "," "," "," "," "," "," "," "]},"3101":{"keys":[196,223],"grid":[" "," "," "," "," 0!!","04","04","04"," /!#","08","08","08"," .!$","12"," -!%","14"]},"3102":{"keys":[196,223],"grid":[" -!%","00","00","00"," ,!&","04","04","04","04","04"," +!'","10"," *!("," )!)"," (!*"," '!+"]},"3103":{"keys":[196,223],"grid":[" %!-"," $!."," !!0","!","!","!","!","!","!","!","!","!","!","!","!","!"]},"3098":{"keys":[196,223],"grid":[" "," "," "," "," "," "," "," "," "," "," 0!!"," /!#","11"," .!$","13"," -!%"]},"3099":{"keys":[196,223],"grid":[" -!%","00"," ,!&","02","02","02","02","02","00","00","00","00","00","00"," .!$","14"]}},"7017":{"3141":{"keys":[223,225],"grid":[" "," "," "," "," "," "," "," "," "," "," "," "," "," #!/","!","!"]}},"7014":{"3148":{"keys":[223,225],"grid":[" *!("," )!)","01"," (!*"," '!+"," &!,","05"," %!-"," $!."," #!/","!","!","!","!","!","!"]},"3147":{"keys":[223,225],"grid":[" "," "," "," "," "," "," "," "," "," 0!!"," /!#"," .!$"," -!%","12"," ,!&"," +!'"]}},"7015":{"3142":{"keys":[223,225],"grid":[" "," "," "," "," "," "," "," "," "," 0!!"," /!#"," .!$"," -!%"," ,!&"," +!'","14"]},"3143":{"keys":[223,225],"grid":[" +!'"," *!(","01","00","00","00","00","00"," ,!&","08","08","08"," -!%","12","12","12"]},"3144":{"keys":[223,225],"grid":[" -!%","00"," .!$","02","02","02","02"," /!#","07","07","07","07","07","02","02","02"]},"3145":{"keys":[223,225],"grid":[" .!$","00","00","00","00"," -!%","05","05","05","05","05"," ,!&","11","11","11"," +!'"]},"3146":{"keys":[223,225],"grid":[" +!'","00","00","00"," *!(","04","04"," )!)","07","07"," (!*","10","10"," '!+","13"," &!,"]},"3147":{"keys":[223,225],"grid":[" &!,"," %!-","01"," $!."," #!/","04"," !!0","06","!","!","!","!","!","!","!","!"]}},"7012":{"3149":{"keys":[223,225],"grid":[" "," "," "," "," "," "," "," "," "," 0!!"," .!$"," -!%"," ,!&"," *!("," )!)"," (!*"]},"3150":{"keys":[223,225],"grid":[" &!,"," %!-"," $!."," !!0","!","!","!","!","!","!","!","!","!","!","!","!"]}},"7013":{"3148":{"keys":[223,225],"grid":[" "," "," "," "," "," "," "," "," "," "," "," 0!!"," /!#"," .!$"," -!%"," +!'"]},"3149":{"keys":[223,225],"grid":[" *!("," )!)"," (!*"," '!+"," &!,"," %!-"," #!/"," !!0","!","!","!","!","!","!","!","!"]}},"7010":{"3151":{"keys":[225],"grid":[" "," "," "," "," "," "," "," "," "," "," "," "," "," "," "," "]},"3150":{"keys":[223,225],"grid":[" "," "," "," "," "," "," "," "," "," "," 0!!"," .!$"," ,!&"," *!("," '!+"," #!/"]}},"7011":{"3150":{"keys":[223,225],"grid":[" "," "," "," "," "," /!#"," +!'"," '!+"," $!.","!","!","!","!","!","!","!"]}},"6958":{"3167":{"keys":[223,225],"grid":[" "," "," "," "," "," "," "," "," "," "," "," "," +!'"," %!-"," !!0","!"]},"3074":{"keys":[196,223],"grid":[" "," "," "," "," "," "," "," "," "," "," ","!# /","!$ .","!' +","!) )","!* ("]},"3075":{"keys":[223,196],"grid":[" +!'","00","00"," *!(","03"," )!)","05","05"," +!& !"," "," "," "," "," "," "," "]}},"6959":{"3167":{"keys":[223,225],"grid":[" "," "," "," "," "," "," "," "," "," "," '!& &","!","!","!","!","!"]},"3074":{"keys":[196,223],"grid":[" "," "," "," "," "," "," "," "," "," "," "," "," "," "," "," /!#"]},"3075":{"keys":[196,223],"grid":[" ,!&"," *!("," (!*"," %!-"," $!."," #!/","05"," !!0","!","!","!","!","!","!","!","!"]}},"6950":{"3170":{"keys":[223,225],"grid":[" *!("," &!,"," !!0","!","!","!","!","!","!","!","!","!","!","!","!","!"]},"3081":{"keys":[196,223],"grid":[" ,!&","00"," +!'","02"," *!(","!","!","!","!","!","!","!","!","!","!","!"]},"3080":{"keys":[196,223],"grid":[" "," "," "," 0!!"," /!#"," .!$","05"," -!%","07"," ,!&","09","09","09","09","09","09"]},"3169":{"keys":[223,225],"grid":[" "," "," "," "," "," "," "," "," "," "," "," "," "," "," "," .!$"]}},"6951":{"3079":{"keys":[196,223],"grid":[" "," "," "," "," "," "," "," "," "," "," "," "," "," '!& &"," %!-"," $!."]},"3080":{"keys":[196,223],"grid":[" #!/"," !!0","!","!","!","!","!","!","!","!","!","!","!","!","!","!"]},"3169":{"keys":[223,225],"grid":[" "," "," "," "," "," "," "," "," "," "," "," .!$"," *!("," &!,"," !!0","!"]}},"7003":{"3150":{"keys":[223,225],"grid":[" "," "," "," "," )!' #"," &!+ !"," #!/","!","!","!","!","!","!","!","!","!"]}},"6953":{"3078":{"keys":[196,223],"grid":[" "," "," '!& &"," %!) %"," #!+ %"," !!, %","!. $","!/ #","07","!","!","!","!","!","!","!"]},"3169":{"keys":[223,225],"grid":[" "," "," "," .!$"," *!("," &!,"," !!0","!","!","!","!","!","!","!","!","!"]}},"6954":{"3078":{"keys":[196,223],"grid":[" "," "," "," "," "," "," "," "," ","!! +!&","!","!","!","!","!","!"]},"3169":{"keys":[223,225],"grid":[" *!("," &!,"," !!0","!","!","!","!","!","!","!","!","!","!","!","!","!"]},"3168":{"keys":[223,225],"grid":[" "," "," "," "," "," "," "," "," "," "," "," "," "," "," "," .!$"]},"3076":{"keys":[196,223],"grid":[" "," "," "," "," "," "," "," "," "," "," "," "," "," "," 0!!","14"]},"3077":{"keys":[196,223],"grid":[" 0!!","00","00","00","00","00","00","00"," "," "," "," "," "," "," "," "]}},"7004":{"3151":{"keys":[225,223],"grid":[" &!,"," '!+"," )!)"," +!'"," "," "," "," "," "," "," "," "," "," "," "," "]},"3150":{"keys":[223,225],"grid":[" "," "," "," "," "," "," "," "," ","!! 0","09","09","09","!# /","13","!$ ."]}},"7007":{"3150":{"keys":[223,225],"grid":[" "," "," "," "," "," "," "," "," "," "," "," ","!% -","!* (","!. $","!"]}},"6957":{"3167":{"keys":[223,225],"grid":[" "," "," "," "," "," "," "," "," "," "," "," "," "," "," "," 0!!"]},"3074":{"keys":[196,223],"grid":[" "," "," "," "," "," "," "," "," "," "," "," /!#"," -!%"," ,!&","13"," +!'"]},"3075":{"keys":[196,223],"grid":[" +!'","00","00","00","00","00","!' $!(","!","!","!","!","!","!","!","!","!"]},"3168":{"keys":[223,225],"grid":[" /!#"," -!%"," +!'"," *!("," (!*"," &!,"," %!-"," #!/"," !!0","!","!","!","!","!","!","!"]}},"6949":{"3170":{"keys":[223,225],"grid":[" "," "," "," 0!!"," -!%"," *!("," '!+"," %!-"," !!0","!","!","!","!","!","!","!"]},"3081":{"keys":[196,223],"grid":[" "," "," "," "," 0!!"," .!$"," -!%","06","06","06","06","06","05","05","05"," /!#"]},"3082":{"keys":[196,223],"grid":[" /!#"," 0!!","!! /!!","!# .!!","!$ -!!","04","!% ,!!","!& +!!","!' *!!","!( (!#","!) %!%","!","!","!","!","!"]}},"6948":{"3170":{"keys":[223,225],"grid":[" "," "," "," "," "," "," "," "," ","!! '!*","!","!","!","!","!","!"]},"3081":{"keys":[196,223],"grid":[" "," "," "," "," "," "," "," "," "," "," "," "," "," "," "," +!% #"]},"3082":{"keys":[196,223],"grid":[" )!( !"," '!+"," $!."," #!/","!","!","!","!","!","!","!","!","!","!","!","!"]}},"6943":{"3170":{"keys":[225,223],"grid":[" *!("," .!$"," "," "," "," "," "," "," "," "," "," "," "," "," "," "]},"3169":{"keys":[223,225],"grid":[" "," "," "," "," "," "," "," "," "," "," "," "," "," ","!! 0","!& ,"]},"3083":{"keys":[196,223],"grid":[" "," "," "," "," "," "," "," "," "," "," "," 0!!"," .!$"," -!%"," ,!&"," *!("]},"3084":{"keys":[196,223],"grid":[" )!)"," (!*"," '!+"," &!,"," %!-"," $!."," #!/"," !!0","!","!","!","!","!","!","!","!"]}},"6942":{"3084":{"keys":[196,223],"grid":[" "," "," "," "," "," "," "," "," 0!!"," /!#"," -!%"," +!'"," )!)"," &!,"," #!/","!"]},"3169":{"keys":[223,225],"grid":[" "," "," "," "," "," "," "," ","!! 0","!% -","!( *","!* (","!- %","!0 !","!","!"]}},"6941":{"3168":{"keys":[223,225],"grid":[" "," "," "," "," "," "," "," "," "," "," "," "," ","!! 0","!# /","!$ ."]},"3169":{"keys":[225,223],"grid":[" &!,"," '!+"," (!*"," )!)"," +!'"," ,!&"," -!%"," 0!!"," "," "," "," "," "," "," "," "]},"3085":{"keys":[196,223],"grid":[" -!%"," +!'"," )!)"," '!+"," %!-"," $!."," !!0","!","!","!","!","!","!","!","!","!"]},"3084":{"keys":[196,223],"grid":[" "," "," "," "," "," "," "," "," "," "," "," "," "," "," "," 0!!"]},"3087":{"keys":[196,223],"grid":[" '!+","00","00","00","00","00","00","00"," &!,"," %!-"," #!/","!","!","!","!","!"]},"3086":{"keys":[223,196],"grid":[" "," "," "," "," "," "," "," "," "," ","!# /","!$ .","!% -","!& ,","!' +","14"]}},"6940":{"3085":{"keys":[196,223],"grid":[" "," "," "," "," "," "," "," 0!!"," /!#"," -!%"," ,!&"," *!("," )!)"," (!*","13"," '!+"]},"3167":{"keys":[223],"grid":[" "," "," "," "," "," "," "," "," "," "," "," "," "," "," "," "]},"3087":{"keys":[196,223],"grid":[" "," "," "," "," ","!% -","!' +","!) )","!* (","!+ '","!, &","!/ !!!","!","!","!","!"]},"3086":{"keys":[196,223],"grid":[" '!+","00","00","00","00","00"," (!*"," )!)"," +!'"," /!#"," "," "," "," "," "," "]},"3168":{"keys":[225,223],"grid":[" !!0"," #!/"," $!."," %!-"," '!+"," (!*"," )!)"," *!("," ,!&"," -!%"," .!$"," /!#"," "," "," "," "]}},"6947":{"3170":{"keys":[223,225],"grid":[" "," "," "," "," "," "," "," "," ","!","!","!","!","!","!","!"]},"3081":{"keys":[196,223],"grid":[" "," "," "," "," "," "," "," "," "," "," "," "," ","!$ .","!% -","!' +"]},"3082":{"keys":[223,196],"grid":[" (!*"," *!("," +!'"," ,!&"," .!$"," "," "," "," "," "," "," "," "," "," "," "]}},"6946":{"3170":{"keys":[223,225],"grid":[" "," "," "," "," "," "," ","!! 0","!/ #","!","!","!","!","!","!","!"]},"3081":{"keys":[196,223],"grid":[" "," "," "," "," "," "," "," "," "," "," "," "," "," .!$"," +!'"," *!("]},"3083":{"keys":[196,223],"grid":[" !!0","!","!","!","!","!","!","!","!","!","!","!","!","!","!","!"]},"3082":{"keys":[196,223],"grid":[" )!)","00"," (!*","02","02","00","00","00","00","00","00","02","02"," '!+"," &!,"," $!."]}},"6945":{"3170":{"keys":[223,225],"grid":[" "," "," "," "," "," ","!( *","!","!","!","!","!","!","!","!","!"]},"3083":{"keys":[196,223],"grid":[" "," 0!!"," %!-"," #!/","!","!","!","!","!","!","!","!","!","!","!","!"]}},"6944":{"3170":{"keys":[223,225],"grid":[" "," ","!! 0","!& ,","!* (","!/ #","!","!","!","!","!","!","!","!","!","!"]},"3083":{"keys":[196,223],"grid":[" "," "," "," "," 0!!"," .!$"," ,!&"," *!("," &!,"," $!."," !!0","!","!","!","!","!"]}},"6976":{"3166":{"keys":[223,225],"grid":[" "," "," "," "," "," "," "," "," ","!! 0","!% +!#","!","!","!","!","!"]}},"6977":{"3166":{"keys":[223,225],"grid":[" "," "," "," (!*"," &!,"," %!-"," $!."," #!/"," !!0","!","!","!","!","!","!","!"]}},"6974":{"3165":{"keys":[223,225],"grid":[" "," "," "," "," "," ","!# /","!% -","!( *","!* (","!, &","!/ #","!","!","!","!"]}},"6975":{"3166":{"keys":[225,223],"grid":[" (!*"," )!)"," *!("," ,!&"," -!%"," .!$"," /!#"," 0!!"," "," "," "," "," "," "," "," "]},"3165":{"keys":[223,225],"grid":[" "," "," "," "," "," "," "," "," "," "," "," "," ","!# /","!$ .","!& ,"]}},"6972":{"3164":{"keys":[223,225],"grid":[" "," "," "," "," "," "," *!! '"," $!- !","!","!","!","!","!","!","!","!"]}},"6973":{"3164":{"keys":[223,225],"grid":[" "," "," "," "," "," "," "," ","!! 0","!$ .","!& ,","!' +","!( *","12","!) )","14"]},"3165":{"keys":[225,223],"grid":[" *!("," +!'","01"," -!%"," .!$"," 0!!"," "," "," "," "," "," "," "," "," "," "]}},"6970":{"3164":{"keys":[223,225],"grid":[" "," "," "," "," "," "," "," "," "," "," "," .!$"," (!*"," #!/","!","!"]}},"6971":{"3164":{"keys":[223,225],"grid":[" "," "," "," "," "," "," "," "," /!#"," )!)"," #!/","!","!","!","!","!"]}},"6978":{"3166":{"keys":[223,225],"grid":[" %!-","00"," $!.","!","!","!","!","!","!","!","!","!","!","!","!","!"]},"3164":{"keys":[223,225],"grid":[" /!#","00","00","00","00","00","00","00","00"," .!$"," ,!&"," *!("," )!)"," (!*"," '!+","14"]},"3165":{"keys":[223,225],"grid":[" '!+","00"," &!,","02","02","02","02","02"," %!-","08","08","08","08","08","08","02"]},"3162":{"keys":[223,225],"grid":[" +!'","00","00"," ,!&"," .!$"," /!#","05","05","05","04","04","04","04","04","04","04"]},"3163":{"keys":[223,225],"grid":[" -!%","00","00"," .!$","03","03","03","03"," /!#","08","08","08","08","03","03","03"]},"3161":{"keys":[223,225],"grid":[" "," .!! #"," (!$ !!&"," (!*","03","03","03","03","03","03"," )!)","10","10","10","10"," *!("]}},"6979":{"3160":{"keys":[223,225],"grid":[" "," "," "," "," "," "," "," "," "," "," "," "," "," "," 0!!","14"]},"3161":{"keys":[223,225],"grid":[" 0!!"," -!%"," ,!&","!! &!+","!","!","!","!","!","!","!","!","!","!","!","!"]}},"7009":{"3151":{"keys":[223,225],"grid":[" $!$ $!(","!","!","!","!","!","!","!","!","!","!","!","!","!","!","!"]}},"7008":{"3151":{"keys":[225,223],"grid":[" .!$"," "," "," "," "," "," "," "," "," "," "," "," "," "," "," "]},"3150":{"keys":[223,225],"grid":[" "," "," "," "," "," "," "," "," "," "," "," "," "," "," ","!! 0"]}}}}