{"9":{"436":{"268":{"keys":[227,1,210],"grid":[" "," "," "," "," "," "," "," 0!!"," /!#"," -!$#!"," +!$#$"," )!$#&"," '!$#("," $!%#*"," !!$#-","!##/"]},"267":{"keys":[210,1,227],"grid":[" "," "," "," "," "," "," "," "," "," "," "," %!-","!&#+!!","#","#","#"]}},"437":{"268":{"keys":[227,1,210],"grid":[" &!##*"," &!!#+"," %!##+"," %!!#,"," $!##,"," !!$#-","!##/","!!#0","#","#","#","#","#","#","#","#"]},"267":{"keys":[210,1,227],"grid":[" "," "," "," "," "," "," "," "," "," "," "," ","!$ .","##!# -","#$!# ,","#%!# +"]}},"434":{"269":{"keys":[1,227,210],"grid":[" !!0","00","!","!","!","!. $","!, $##","!) %#%","!' $#("," !!# %#*"," %#-","#","#","#","#","#"]},"268":{"keys":[210,1,227],"grid":[" !!'#*","!##/","#","#","#","#","#","#","#","#","#","#","#","!!#0","13","13"]},"267":{"keys":[210,1,227],"grid":[" "," "," "," "," "," "," "," "," "," "," "," "," "," 0!!"," +!'"," '!&#&"]}},"435":{"269":{"keys":[227,1,210],"grid":[" ,!%#!"," )!%#%"," &!%#("," #!%#+","!$#.","!!#0","#","#","#","#","#","#","#","#","#","#"]},"268":{"keys":[227,1],"grid":[" "," "," "," "," "," "," "," "," "," "," "," "," "," "," "," /!#"]},"267":{"keys":[210,1,227],"grid":[" "," "," "," "," "," "," "," "," "," "," "," "," *!(","!+#'","#","#"]}},"432":{"269":{"keys":[210,1,227],"grid":[" ,!&"," )!%#%"," '!$#("," '!!#*"," '!!#)!!"," '!##'!#"," (!!#!!$##!! !"," (!$ !!% !"," -!# #","08"," "," "," "," "," "," "]}},"433":{"269":{"keys":[1,210,227],"grid":[" !!0"," !!, %"," !!+ ##! #"," !!+ ##$"," !!, ###","!. !##","!. ##!","!/ !#!","!/ #","!0 !","!","!","!","!","!","!"]},"268":{"keys":[210,1,227],"grid":[" "," 0!!"," /!#"," .!##!"," -!###"," -!!#$"," ,!##$"," +!##%"," +!!#&","08","07"," ,!!#%"," ,!!##!#"," +!###!#"," +!& !"," ,!# $"]}}},"13":{"6961":{"4308":{"keys":[227,210],"grid":[" "," "," "," "," "," "," /!#"," -!%"," *!("," (!*"," %!-"," #!/","!","!","!","!"]},"4285":{"keys":[210,227],"grid":[" "," "," "," "," "," "," "," "," "," "," "," 0!!"," &!,","!","!","!"]}},"6960":{"4309":{"keys":[227,210],"grid":[" &!,"," $!.","!","!","!","!","!","!","!","!","!","!","!","!","!","!"]},"4308":{"keys":[227,210],"grid":[" "," "," "," "," "," "," "," "," "," "," "," "," 0!!"," .!$"," +!'"," )!)"]},"4285":{"keys":[210,227],"grid":[" "," "," "," "," "," "," "," "," "," "," "," "," "," +!'"," %!-","!"]}},"6963":{"4307":{"keys":[227,210],"grid":[" "," "," "," "," "," "," "," "," "," 0!!"," -!%"," +!'"," (!*"," &!,"," #!/","!"]},"4285":{"keys":[210,227],"grid":[" "," "," "," "," "," "," "," "," 0!!"," &!,","!","!","!","!","!","!"]}},"6962":{"4308":{"keys":[227,210],"grid":[" .!$"," ,!&"," )!)"," '!+"," $!."," !!0","!","!","!","!","!","!","!","!","!","!"]},"4307":{"keys":[227],"grid":[" "," "," "," "," "," "," "," "," "," "," "," "," "," "," "," "]},"4285":{"keys":[210,227],"grid":[" "," "," "," "," "," "," "," "," "," "," +!'","!","!","!","!","!"]}},"6965":{"4307":{"keys":[227,210],"grid":[" (!*"," %!-"," !!0","!","!","!","!","!","!","!","!","!","!","!","!","!"]},"4306":{"keys":[227,210],"grid":[" "," "," "," "," "," "," "," "," "," "," "," "," "," "," .!$"," +!'"]},"4285":{"keys":[210,227],"grid":[" "," "," "," "," "," 0!!"," &!,","!","!","!","!","!","!","!","!","!"]}},"6964":{"4307":{"keys":[227,210],"grid":[" "," "," "," /!#"," ,!&"," *!("," '!+"," %!-"," !!0","!","!","!","!","!","!","!"]},"4285":{"keys":[210,227],"grid":[" "," "," "," "," "," "," "," +!'","!","!","!","!","!","!","!","!"]}},"6967":{"4306":{"keys":[227,210],"grid":[" "," "," "," 0!!"," -!%"," *!("," '!+"," $!.","!","!","!","!","!","!","!","!"]},"4285":{"keys":[210,227],"grid":[" "," "," 0!!"," &!,","!","!","!","!","!","!","!","!","!","!","!","!"]}},"6966":{"4306":{"keys":[227,210],"grid":[" "," "," "," "," "," "," "," "," "," .!$"," +!'"," (!*"," $!.","!","!","!"]},"4285":{"keys":[210,227],"grid":[" "," "," "," "," +!'","!","!","!","!","!","!","!","!","!","!","!"]}},"6969":{"4305":{"keys":[227,210],"grid":[" "," "," "," "," "," "," "," "," "," .!$"," +!'"," (!*"," %!-"," !!0","!","!"]},"4284":{"keys":[210,227],"grid":[" "," "," "," "," "," "," "," "," "," "," "," "," "," "," "," 0!!"]},"4285":{"keys":[210,227],"grid":[" &!,","!","!","!","!","!","!","!","!","!","!","!","!","!","!","!"]}},"6968":{"4306":{"keys":[227,210],"grid":[" )!)"," &!,"," #!/","!","!","!","!","!","!","!","!","!","!","!","!","!"]},"4305":{"keys":[227,210],"grid":[" "," "," "," "," "," "," "," "," "," "," "," "," "," "," /!#"," ,!&"]},"4285":{"keys":[210,227],"grid":[" "," +!'","!","!","!","!","!","!","!","!","!","!","!","!","!","!"]}},"6985":{"4283":{"keys":[210,227],"grid":[" "," "," "," "," "," "," "," "," "," "," "," "," "," %!-","!","!"]},"4299":{"keys":[227,210],"grid":[" "," "," "," /!#"," -!%"," +!'"," )!)"," &!,"," $!."," !!0","!","!","!","!","!","!"]}},"6984":{"4283":{"keys":[210,227],"grid":[" "," "," "," "," "," "," "," "," "," "," "," "," "," ","!","!"]},"4300":{"keys":[227,210],"grid":[" #!/","!","!","!","!","!","!","!","!","!","!","!","!","!","!","!"]},"4299":{"keys":[227,210],"grid":[" "," "," "," "," "," "," "," "," "," "," 0!!"," .!$"," ,!&"," *!("," (!*"," %!-"]}},"6983":{"4283":{"keys":[210,227],"grid":[" "," "," "," "," "," "," "," "," "," "," "," "," "," ","!","!"]},"4300":{"keys":[227,210],"grid":[" "," "," /!#"," -!%"," +!'"," )!)"," '!+"," %!-"," !!0","!","!","!","!","!","!","!"]}},"6982":{"4283":{"keys":[210,227],"grid":[" "," "," "," "," "," "," "," "," "," "," "," "," "," ","!","!"]},"4301":{"keys":[210],"grid":[" "," "," "," "," "," "," "," "," "," "," "," "," "," "," "," "]},"4300":{"keys":[227,210],"grid":[" "," "," "," "," "," "," "," "," "," 0!!"," .!$"," ,!&"," *!("," (!*"," &!,"," $!."]}},"6981":{"4283":{"keys":[210,227],"grid":[" "," "," "," "," "," "," "," "," "," "," "," "," "," "," %!-","!"]},"4301":{"keys":[227,210],"grid":[" "," /!#"," -!%"," +!'"," )!)"," '!+"," %!-"," #!/","!","!","!","!","!","!","!","!"]}},"6980":{"4283":{"keys":[210,227],"grid":[" "," "," "," "," "," "," "," "," "," "," "," "," "," "," "," +!'"]},"4301":{"keys":[227,210],"grid":[" "," "," "," "," "," "," "," "," 0!!"," .!$"," ,!&"," *!("," (!*"," &!,"," $!."," !!0"]},"4284":{"keys":[227],"grid":[" "," "," "," "," "," "," "," "," "," "," "," "," "," "," "," "]}},"6925":{"4311":{"keys":[227,210],"grid":[" "," "," "," "," 0!!"," /!#"," .!$"," ,!&","07","07","07","07","07"," -!%","05","04"]},"4312":{"keys":[227,210],"grid":[" 0!!","00","00"," ","00"," .!$","05"," -!%","05","05","07","07"," ,!&"," %!! !!+"," $!.","!"]},"4313":{"keys":[210],"grid":[" "," "," "," "," "," "," "," "," "," "," "," "," "," "," "," "]},"4304":{"keys":[210,227],"grid":[" "," "," "," "," "," $!.","!","!","!","!","!","!","!","!","!","!"]}},"6949":{"4288":{"keys":[210,227],"grid":[" /!#"," *!("," &!,","!","!","!","!","!","!","!","!","!","!","!","!","!"]},"4313":{"keys":[227,210],"grid":[" "," "," .!$"," ,!&"," )!)"," &!,"," $!.","!","!","!","!","!","!","!","!","!"]}},"6948":{"4288":{"keys":[210,227],"grid":[" "," "," "," "," ,!&"," '!+"," !!0","!","!","!","!","!","!","!","!","!"]},"4313":{"keys":[227,210],"grid":[" "," "," "," "," "," "," "," "," /!#"," ,!&"," )!)"," '!+"," $!.","!","!","!"]}},"6928":{"4308":{"keys":[227,210],"grid":[" !!0","00","00","00"," #!/","04"," $!.","06","06","06","04","00","!","!","!","!"]},"4307":{"keys":[227,210],"grid":[" &!,","00","00"," %!-","03","03","00"," $!.","07","07"," #!/"," !!0","11","!","11","11"]},"4306":{"keys":[227,210],"grid":[" +!'","00","00"," ,!&"," *!("," )!)"," (!*"," '!+"," &!,","08","08","08","08","08","08","08"]},"4305":{"keys":[227,210],"grid":[" #!/"," $!."," %!-"," &!,"," '!+","04"," (!*"," )!)","07","07","07"," *!(","11","11","11"," +!'"]},"4304":{"keys":[210,227],"grid":[" "," "," "," "," "," "," "," "," "," "," "," "," "," ","!! 0","!# /"]}},"6942":{"4310":{"keys":[227,210],"grid":[" "," "," "," "," "," "," ","!! 0","!$ .","!% -","09","09","09","08","08","08"]},"4302":{"keys":[227,210],"grid":[" &!,"," %!-"," $!."," !!0","!","!","!","!","!","!","!","!","!","!","!","!"]},"4301":{"keys":[227,210],"grid":[" .!$","00"," -!%","02","02","02","02"," ,!&","07","07","07"," +!'"," *!("," )!)"," (!*"," &!,"]},"4300":{"keys":[227,210],"grid":[" "," "," "," "," "," "," "," "," "," "," "," "," "," "," 0!!"," /!#"]},"4306":{"keys":[227,210],"grid":[" &!,"," '!) #"," )!' #"," *!$ %"," +!# %"," ,!! %"," "," "," "," "," "," "," "," "," "," "]},"4305":{"keys":[210,227],"grid":[" "," "," "," "," "," "," "," "," "," "," ","!# /","11","!$ .","!% -","14"]},"4311":{"keys":[210,227],"grid":[" %!-","00"," &!,","00","00","00","02","00","00","02","00","02","02","00","02"," '!+"]},"4291":{"keys":[210,227],"grid":[" '!+"," &!,"," %!-"," $!.","03"," #!/"," !!0","06","!","!","!","!","!","!","!","!"]},"4290":{"keys":[210,227],"grid":[" "," "," "," "," "," "," "," /!#"," -!%"," ,!&"," +!'"," *!("," )!)","12"," (!*"," '!+"]},"4312":{"keys":[210,227],"grid":[" (!*"," '!+","00","00"," )!)"," +!'"," ,!&"," .!$"," /!#"," 0!!"," "," "," "," "," "," "]}},"6943":{"4301":{"keys":[210,227],"grid":[" $!.","00"," %!-"," &!,"," '!+","04","04"," )!)","07"," /!#"," 0!!"," "," "," "," "," "]},"4300":{"keys":[227,210],"grid":[" "," "," "," "," "," "," "," "," "," "," "," "," "," ","!! 0","!$ ."]},"4306":{"keys":[227],"grid":[" "," "," "," "," "," "," "," "," "," "," "," "," "," "," "," "]},"4305":{"keys":[210,227],"grid":[" "," "," "," "," "," "," "," "," "," "," ,!&"," )!)"," (!*"," &!,"," %!-"," !!0"]},"4289":{"keys":[210,227],"grid":[" "," "," "," "," "," "," "," "," "," "," "," "," "," "," 0!!"," .!$"]},"4290":{"keys":[210,227],"grid":[" ,!&"," *!("," (!*"," &!,"," %!-"," #!/","!","!","!","!","!","!","!","!","!","!"]},"4312":{"keys":[227,210],"grid":[" "," "," "," "," "," "," "," "," "," ","!! 0","!# /","!% -","!& ,","!( *","!) )"]},"4313":{"keys":[210,227],"grid":[" *!("," ,!&"," -!%"," /!#"," 0!!"," "," "," "," "," "," "," "," "," "," "," "]}},"6924":{"4311":{"keys":[227,210],"grid":[" "," "," "," "," "," "," "," "," "," "," "," ","!! 0","!# /","!$ .","14"]},"4312":{"keys":[210,227],"grid":[" $!.","00","00"," #!/","00","00","00"," %!-","07","00","03","03","03","03"," !!0","14"]},"4313":{"keys":[210,227],"grid":[" !!/ !","!) )","!( *","02"," "," "," "," "," "," "," "," "," "," "," "," "]},"4304":{"keys":[210,227],"grid":[" "," "," "," "," "," "," "," .!$"," +!'"," )!)"," &!,"," #!/","!","!","!","!"]}},"6941":{"4310":{"keys":[210,227],"grid":[" ,!&"," -!%"," .!$","02"," "," "," "," "," "," "," "," "," "," "," "," "]},"4302":{"keys":[227,210],"grid":[" "," "," "," "," -!! $"," ,!&"," '!+"," %!-"," $!.","08"," #!/","!","!","!","!","!"]},"4305":{"keys":[210,227],"grid":[" "," "," "," "," "," "," "," "," "," !!# '!$ %","!% !!! !!) !","!","!","!","!","!"]},"4309":{"keys":[210,227],"grid":[" '!+"," )!)"," *!("," +!'","03","03","03","03","03","03","02","02","02","03","03","03"]},"4308":{"keys":[227,210],"grid":[" "," "," "," "," "," "," "," "," "," "," "," "," "," ","!! 0","!$ ."]},"4291":{"keys":[210,227],"grid":[" "," "," "," "," "," "," "," "," "," 0!!"," /!#","10"," .!$"," -!%"," ,!&","14"]},"4292":{"keys":[210,227],"grid":[" +!'"," *!(","01"," )!)"," (!*"," '!+","05"," &!,"," %!-","08"," $!."," #!/"," !!0","12","!","!"]}},"6940":{"4303":{"keys":[227,210],"grid":[" +!'"," #!# &!(","!! !!/","!","!","!","!","!","!","!","!","!","!","!","!","!"]},"4302":{"keys":[227,210],"grid":[" "," "," "," "," "," "," "," "," "," "," 0!!","10","10"," ,!&"," +!'","14"]},"4307":{"keys":[227,210],"grid":[" ","!! 0","01"," ","01","!# /","01","05","!$ .","08","08","08","08","!% -","!& ,","14"]},"4306":{"keys":[210,227],"grid":[" $!.","00"," #!/"," !!0","03","03","03","!","!","!","!","!","!","!","!","!"]},"4305":{"keys":[210,227],"grid":[" "," "," "," "," "," "," "," "," "," -!$ !"," &!! !!# #!&"," %!-","11"," $!.","13","13"]},"4294":{"keys":[210,227],"grid":[" $!."," #!/","01"," !!0","!","!","!","!","!","!","!","!","!","!","!","!"]},"4308":{"keys":[210,227],"grid":[" '!+","00","00","00"," &!,","04","00"," +!'"," ,!&"," .!$"," /!#"," 0!!","11"," "," "," "]},"4293":{"keys":[210,227],"grid":[" 0!!"," /!#"," .!$"," -!%","03"," ,!&"," +!'","06"," *!("," )!)"," (!*","10"," '!+"," &!,"," %!-","14"]},"4292":{"keys":[210,227],"grid":[" "," "," "," "," "," "," "," "," "," "," "," "," "," "," "," 0!!"]}},"6947":{"4288":{"keys":[210,227],"grid":[" "," "," "," "," "," "," "," -!%"," (!*"," #!/","!","!","!","!","!","!"]},"4313":{"keys":[227,210],"grid":[" "," "," "," "," "," "," "," "," "," "," "," "," "," "," /!#"," ,!&"]},"4314":{"keys":[227,210],"grid":[" *!("," '!+"," $!."," !!0","!","!","!","!","!","!","!","!","!","!","!","!"]}},"6946":{"4288":{"keys":[210,227],"grid":[" "," "," "," "," "," "," "," "," "," "," .!$"," *!("," %!-","!","!","!"]},"4314":{"keys":[227,210],"grid":[" "," "," "," "," /!#"," -!%"," *!("," '!+"," %!-"," !!0","!","!","!","!","!","!"]}},"6945":{"4288":{"keys":[210,227],"grid":[" "," "," "," "," "," "," "," "," "," "," "," "," "," 0!!"," .!$"," ,!&"]},"4289":{"keys":[210,227],"grid":[" *!("," (!*"," &!,"," $!."," !!0","!","!","!","!","!","!","!","!","!","!","!"]},"4314":{"keys":[227,210],"grid":[" ","!# /","!$ .","!% -","!' +","!( *","!* (","!+ '","!- %","!. $","!/ !!!","!","!","!","!","!"]}},"6944":{"4303":{"keys":[210,227],"grid":[" +!'","00","00","00"," ,!&","04","00","00"," *!(","08"," )!)","10","10","10","10","10"]},"4302":{"keys":[210,227],"grid":[" &!,"," (!*"," )!)"," *!("," ,!&","04"," +!'","06","06","04"," -!%","10","10","10","10","10"]},"4301":{"keys":[227,210],"grid":[" "," "," "," "," "," "," "," "," "," "," "," ","!! 0","!# /","!$ .","!% -"]},"4313":{"keys":[227,210],"grid":[" "," "," "," "," "," ","!# /","!$ .","!& ,","!' +","!) )","!* (","!+ '","!- %","!. $","!0 !"]},"4314":{"keys":[210],"grid":[" "," "," "," "," "," "," "," "," "," "," "," "," "," "," "," "]},"4305":{"keys":[210,227],"grid":[" )!)","00","00","00"," (!*","00","00","00","00","04","!' !!*","!","!","!","!","!"]},"4304":{"keys":[210,227],"grid":[" (!*"," '!+","00","00"," )!)","04","01"," &!,","07","01","01","01","00","00","00","00"]},"4289":{"keys":[210,227],"grid":[" "," "," "," "," "," "," /!#"," -!%"," +!'"," )!)"," '!+"," %!-"," $!."," !!0","!","!"]}},"6926":{"4310":{"keys":[227,210],"grid":[" &!,","00","00"," %!-","03"," $!.","00","00","00"," '!+","09","00","00","00","05","03"]},"4311":{"keys":[227,210],"grid":[" #!/"," !!0","01","!","!","!","!","!","!","!","!","!","!","!","!","!"]},"4309":{"keys":[227,210],"grid":[" "," "," "," "," "," "," "," /!#","07","07"," .!$","10","10"," -!%"," '!! $!'"," &!,"]},"4304":{"keys":[210,227],"grid":[" "," "," "," "," .!$","!","!","!","!","!","!","!","!","!","!","!"]}},"6989":{"4283":{"keys":[210,227],"grid":[" "," "," "," "," "," "," "," "," "," "," "," "," ","!","!","!"]},"4297":{"keys":[227,210],"grid":[" "," "," "," "," "," /!#"," -!%"," *!("," (!*"," &!,"," $!."," !!0","!","!","!","!"]}},"6921":{"4310":{"keys":[227,210],"grid":[" "," "," "," "," "," "," "," "," 0!!"," /!#"," +!'"," *!("," )!)","11","11","12"]},"4311":{"keys":[227,210],"grid":[" (!*","00"," '!+","02","02"," &!,"," #!/","06","!","!","!","!","!","!","!","!"]},"4305":{"keys":[210,227],"grid":[" "," "," "," "," "," "," "," "," .!$"," +!'"," )!)"," &!,"," #!/","!","!","!"]}},"6988":{"4283":{"keys":[210,227],"grid":[" "," "," "," "," "," "," "," "," "," "," "," "," ","!","!","!"]},"4297":{"keys":[227,210],"grid":[" "," "," "," "," "," "," "," "," "," "," "," "," 0!!"," .!$"," ,!&"," )!)"]},"4298":{"keys":[227,210],"grid":[" '!+"," %!-"," #!/","!","!","!","!","!","!","!","!","!","!","!","!","!"]}},"6972":{"4284":{"keys":[210,227],"grid":[" "," "," "," "," "," "," "," "," "," "," "," +!'","!","!","!","!"]},"4304":{"keys":[227,210],"grid":[" "," "," "," "," "," "," "," "," "," /!#"," ,!&"," )!)"," &!,"," #!/","!","!"]}},"6920":{"4311":{"keys":[227,210],"grid":[" '!! *","!# !!# !!# )","!* (","02","!+ '","!, &","05","!- !!$","!","!","!","!","!","!","!","!"]},"4306":{"keys":[210,227],"grid":[" +!'"," )!)"," '!+"," %!-"," #!/","!","!","!","!","!","!","!","!","!","!","!"]},"4305":{"keys":[210,227],"grid":[" "," "," "," "," "," "," "," "," "," "," "," "," "," "," /!#"," -!%"]}},"6987":{"4283":{"keys":[210,227],"grid":[" "," "," "," "," "," "," "," "," "," "," "," "," ","!","!","!"]},"4298":{"keys":[227,210],"grid":[" "," "," "," "," /!#"," -!%"," +!'"," (!*"," &!,"," $!."," !!0","!","!","!","!","!"]}},"6923":{"4310":{"keys":[227,210],"grid":[" "," "," "," ","!! 0","04","!# /","!$ .","!% -","!& ,","!' +","!( *","!+ '","!, &","13","13"]},"4311":{"keys":[210,227],"grid":[" -!%","00"," /!#","02","02"," 0!!","02","05"," "," ","05"," "," "," "," "," "]},"4305":{"keys":[210,227],"grid":[" %!-"," !!0","!","!","!","!","!","!","!","!","!","!","!","!","!","!"]},"4304":{"keys":[210,227],"grid":[" "," "," "," "," "," "," "," "," "," "," "," "," 0!!"," -!%"," +!'"," (!*"]}},"6986":{"4283":{"keys":[210,227],"grid":[" "," "," "," "," "," "," "," "," "," "," "," "," ","!","!","!"]},"4299":{"keys":[227,210],"grid":[" %!-"," #!/","!","!","!","!","!","!","!","!","!","!","!","!","!","!"]},"4298":{"keys":[227,210],"grid":[" "," "," "," "," "," "," "," "," "," "," "," 0!!"," .!$"," ,!&"," *!("," '!+"]}},"6922":{"4310":{"keys":[227,210],"grid":[" "," *!! '"," )!$ &"," '!( $"," &!+ !"," &!,"," !!0","!","!","!","!","!","!","!","!","!"]},"4305":{"keys":[210,227],"grid":[" "," "," /!#"," ,!&"," *!("," '!+"," $!.","!","!","!","!","!","!","!","!","!"]}},"6919":{"4310":{"keys":[210,227],"grid":[" #!/"," $!.","01"," %!-"," &!,","04"," '!+"," (!*","07"," )!)"," *!(","10"," +!'"," ,!&","13"," -!%"]},"4311":{"keys":[210,227],"grid":[" -!%"," "," "," "," "," "," "," "," "," "," "," "," "," "," "," "]},"4309":{"keys":[227,210],"grid":[" "," "," "," "," "," "," "," "," "," "," "," "," "," ","!! 0","!# /"]},"4306":{"keys":[210,227],"grid":[" "," "," "," "," "," "," /!#"," -!%"," +!'"," )!)"," '!+"," %!-"," #!/","!","!","!"]}},"6976":{"4303":{"keys":[227,210],"grid":[" "," "," "," "," /!#"," ,!&"," )!)"," &!,"," #!/","!","!","!","!","!","!","!"]},"4284":{"keys":[210,227],"grid":[" "," "," "," "," "," +!'","!","!","!","!","!","!","!","!","!","!"]}},"6977":{"4303":{"keys":[227,210],"grid":[" ,!&"," )!)"," &!,"," !!0","!","!","!","!","!","!","!","!","!","!","!","!"]},"4302":{"keys":[227,210],"grid":[" "," "," "," "," "," "," "," "," "," "," "," "," "," "," "," /!#"]},"4284":{"keys":[210,227],"grid":[" "," "," "," 0!!"," %!-","!","!","!","!","!","!","!","!","!","!","!"]}},"6974":{"4303":{"keys":[227,210],"grid":[" "," "," "," "," "," "," "," "," "," "," "," "," "," "," "," .!$"]},"4284":{"keys":[210,227],"grid":[" "," "," "," "," "," "," "," "," +!'","!","!","!","!","!","!","!"]},"4304":{"keys":[227,210],"grid":[" +!'"," (!*"," %!-"," !!0","!","!","!","!","!","!","!","!","!","!","!","!"]}},"6975":{"4303":{"keys":[227,210],"grid":[" "," "," "," "," "," "," "," "," "," 0!!"," -!%"," *!("," '!+"," $!.","!","!"]},"4284":{"keys":[210,227],"grid":[" "," "," "," "," "," "," 0!!"," %!-","!","!","!","!","!","!","!","!"]}},"6998":{"4288":{"keys":[210,227],"grid":[" "," "," ","!! 0","03","03"," "," "," "," "," "," "," "," "," "," "]}},"6973":{"4284":{"keys":[210,227],"grid":[" "," "," "," "," "," "," "," "," "," 0!!"," %!-","!","!","!","!","!"]},"4304":{"keys":[227,210],"grid":[" "," "," "," "," /!#"," ,!&"," (!*"," %!-"," !!0","!","!","!","!","!","!","!"]}},"6970":{"4305":{"keys":[227,210],"grid":[" "," "," "," "," .!$"," +!'"," (!*"," %!-"," !!0","!","!","!","!","!","!","!"]},"4284":{"keys":[210,227],"grid":[" "," "," "," "," "," "," "," "," "," "," "," "," "," "," +!'","!"]}},"6971":{"4305":{"keys":[227,210],"grid":[" *!("," '!+"," $!.","!","!","!","!","!","!","!","!","!","!","!","!","!"]},"4284":{"keys":[210,227],"grid":[" "," "," "," "," "," "," "," "," "," "," "," "," 0!!"," %!-","!","!"]},"4304":{"keys":[227,210],"grid":[" "," "," "," "," "," "," "," "," "," "," "," "," "," "," 0!!"," -!%"]}},"6994":{"4284":{"keys":[210,227],"grid":[" "," "," "," "," "," "," "," "," "," "," "," "," ","!% -","!( *","!, &"]},"4293":{"keys":[227,210],"grid":[" "," "," /!#"," .!$"," -!%"," ,!&"," +!'"," )!)"," (!*"," '!+"," &!,"," %!-"," $!."," !!0","!","!"]},"4285":{"keys":[227,210],"grid":[" 0!!"," "," "," "," "," "," "," "," "," "," "," "," "," "," "," "]}},"6995":{"4292":{"keys":[227,210],"grid":[" "," "," "," 0!!","03"," /!#"," .!$"," ,!&"," +!'"," *!("," )!)"," (!*"," &!,"," %!-"," $!."," #!/"]},"4286":{"keys":[227,210],"grid":[" 0!!"," "," "," "," "," "," "," "," "," "," "," "," "," "," "," "]},"4293":{"keys":[227,210],"grid":[" !!0","!","!","!","!","!","!","!","!","!","!","!","!","!","!","!"]},"4285":{"keys":[210,227],"grid":[" ","!! 0","01","!# /","!$ .","!% -","!& ,","!' +","!( *","!) )","!* (","!+ '","!, &","!- %","!. $","!/ #"]}},"6996":{"4291":{"keys":[227,210],"grid":[" +!'"," *!("," )!)","02"," (!*","04"," '!+","06"," &!,","08"," %!-","10"," $!.","12"," #!/"," !!0"]},"4292":{"keys":[227,210],"grid":[" !!0","!","!","!","!","!","!","!","!","!","!","!","!","!","!","!"]},"4286":{"keys":[210,227],"grid":[" "," ","!! 0","!# /","!$ .","!% -","!& ,","!' +","!( *","!) )","!* (","!+ '","!, &","!- %","13","!. $"]},"4287":{"keys":[227,210],"grid":[" /!#"," 0!!"," "," "," "," "," "," "," "," "," "," "," "," "," "," "]},"4290":{"keys":[227,210],"grid":[" "," "," "," "," "," "," 0!!"," /!#","07"," .!$","09"," -!%","11"," ,!&","13"," +!'"]}},"6997":{"4288":{"keys":[227,210],"grid":[" /!#"," 0!!"," "," "," "," "," "," ","01","01","00","00"," .!$","12"," -!%"," ,!&"]},"4289":{"keys":[227,210],"grid":[" ,!&"," +!'","01"," *!(","03"," )!)","05"," (!*","07"," '!+","09"," &!,"," %!-","12"," $!.","14"]},"4290":{"keys":[227,210],"grid":[" #!/","00"," !!0","02","!","!","!","!","!","!","!","!","!","!","!","!"]},"4287":{"keys":[210,227],"grid":[" "," "," ","!! 0","!# /","!$ .","!% -","!& ,","!' +","!( *","!) )","!* (","!+ '","!, &","!- %","!. $"]}},"6990":{"4283":{"keys":[210,227],"grid":[" "," "," "," "," "," "," "," "," "," "," "," "," !!$ -","!) )","!- %","!"]},"4297":{"keys":[227,210],"grid":[" &!,"," %!-"," #!/"," !!0","!","!","!","!","!","!","!","!","!","!","!","!"]},"4296":{"keys":[227,210],"grid":[" "," "," "," "," "," "," "," "," /!#"," .!$"," -!%"," ,!&"," +!'"," )!)"," (!*"," '!+"]}},"6991":{"4295":{"keys":[227,210],"grid":[" "," "," "," "," "," "," "," "," "," "," 0!!"," /!#"," .!$"," ,!&"," +!'"," *!("]},"4283":{"keys":[210],"grid":[" "," "," "," "," "," "," "," "," "," "," "," "," "," "," "," "]},"4296":{"keys":[227,210],"grid":[" )!)"," (!*"," &!,"," %!-"," $!."," #!/"," !!0","!","!","!","!","!","!","!","!","!"]},"4284":{"keys":[227,210],"grid":[" $!."," (!*"," ,!&"," /!#"," "," "," "," "," "," "," "," "," "," "," "," "]}},"6978":{"4302":{"keys":[227,210],"grid":[" "," "," "," "," "," "," "," "," .!$"," ,!&"," *!("," (!*"," &!,"," $!."," !!0","!"]},"4284":{"keys":[210,227],"grid":[" "," "," +!'","!","!","!","!","!","!","!","!","!","!","!","!","!"]}},"6979":{"4302":{"keys":[227,210],"grid":[" /!#"," -!%"," +!'"," )!)"," '!+"," %!-"," #!/","!","!","!","!","!","!","!","!","!"]},"4301":{"keys":[227],"grid":[" "," "," "," "," "," "," "," "," "," "," "," "," "," "," "," "]},"4284":{"keys":[210,227],"grid":[" 0!!"," %!-","!","!","!","!","!","!","!","!","!","!","!","!","!","!"]}},"6958":{"4309":{"keys":[227,210],"grid":[" "," "," "," "," "," "," "," "," "," 0!!"," -!%"," +!'"," (!*"," &!,"," #!/","!"]},"4286":{"keys":[210,227],"grid":[" "," "," "," -!%"," (!*"," #!/","!","!","!","!","!","!","!","!","!","!"]}},"6959":{"4309":{"keys":[227,210],"grid":[" "," "," "," /!#"," ,!&"," *!("," '!+"," %!-"," !!0","!","!","!","!","!","!","!"]},"4286":{"keys":[210,227],"grid":[" ,!&"," '!+"," !!0","!","!","!","!","!","!","!","!","!","!","!","!","!"]},"4285":{"keys":[210,227],"grid":[" "," "," "," "," "," "," "," "," "," "," "," "," "," "," "," 0!!"]}},"6992":{"4295":{"keys":[227,210],"grid":[" ,!&"," +!'"," )!)"," (!*"," '!+"," &!,"," %!-"," #!/"," !!0","!","!","!","!","!","!","!"]},"4294":{"keys":[227,210],"grid":[" "," "," "," "," "," "," "," "," "," "," "," "," "," /!#"," .!$"," -!%"]},"4284":{"keys":[210,227],"grid":[" "," "," "," ","!# /","!' +","!+ '","!. $","!","!","!","!","!","!","!","!"]}},"6950":{"4288":{"keys":[227],"grid":[" "," "," "," "," "," "," "," "," "," "," "," "," "," "," "," "]},"4313":{"keys":[227,210],"grid":[" #!/","!","!","!","!","!","!","!","!","!","!","!","!","!","!","!"]},"4312":{"keys":[227,210],"grid":[" "," "," "," "," "," "," "," "," "," "," "," "," .!$"," +!'"," )!)"," &!,"]},"4287":{"keys":[210,227],"grid":[" "," "," "," "," "," "," "," "," "," "," "," "," "," .!$"," )!)"," $!."]}},"6951":{"4312":{"keys":[227,210],"grid":[" "," "," "," "," "," 0!!"," .!$"," +!'"," (!*"," &!,"," #!/","!","!","!","!","!"]},"4287":{"keys":[210,227],"grid":[" "," "," "," "," "," "," "," "," "," "," -!%"," (!*"," #!/","!","!","!"]}},"6938":{"4302":{"keys":[210,227],"grid":[" "," /!#","01","01","01"," 0!!"," "," "," "," "," "," "," "," "," "," "]},"4301":{"keys":[210,227],"grid":[" "," "," "," "," "," "," "," "," 0!!","08"," "," "," "," "," "," "]},"4298":{"keys":[210],"grid":[" "," "," "," "," "," "," "," "," "," "," "," "," "," "," "," "]},"4295":{"keys":[210,227],"grid":[" "," "," "," "," "," "," "," "," "," "," "," "," 0!!"," /!#"," .!$","14"]},"4297":{"keys":[210,227],"grid":[" /!#","00","00","00"," 0!!","04","04","04","04","04","04","04"," "," "," "," "]},"4296":{"keys":[210,227],"grid":[" -!%","00","00"," .!$","03","03","03","03","03","03","03"," /!#","11","11","11","11"]}},"6953":{"4311":{"keys":[227,210],"grid":[" "," "," "," "," "," "," "," "," "," 0!!"," -!%"," *!("," (!*"," %!-"," #!/","!"]},"4287":{"keys":[210,227],"grid":[" "," "," "," /!#"," *!("," %!-","!","!","!","!","!","!","!","!","!","!"]}},"6954":{"4311":{"keys":[227,210],"grid":[" "," "," "," /!#"," ,!&"," *!("," '!+"," %!-"," !!0","!","!","!","!","!","!","!"]},"4286":{"keys":[210],"grid":[" "," "," "," "," "," "," "," "," "," "," "," "," "," "," "," "]},"4287":{"keys":[210,227],"grid":[" -!%"," )!)"," $!.","!","!","!","!","!","!","!","!","!","!","!","!","!"]}},"6955":{"4310":{"keys":[227,210],"grid":[" "," "," "," "," "," "," "," "," "," "," "," "," 0!!"," .!$"," +!'"," )!)"]},"4311":{"keys":[227,210],"grid":[" &!,"," $!.","!","!","!","!","!","!","!","!","!","!","!","!","!","!"]},"4286":{"keys":[210,227],"grid":[" "," "," "," "," "," "," "," "," "," "," "," "," "," ,!&"," '!+"," !!0"]}},"6956":{"4310":{"keys":[227,210],"grid":[" "," "," "," "," "," "," /!#"," -!%"," *!("," (!*"," %!-"," #!/","!","!","!","!"]},"4286":{"keys":[210,227],"grid":[" "," "," "," "," "," "," "," "," "," 0!!"," +!'"," &!,","!","!","!","!"]}},"6957":{"4310":{"keys":[227,210],"grid":[" .!$"," ,!&"," )!)"," '!+"," $!."," !!0","!","!","!","!","!","!","!","!","!","!"]},"4309":{"keys":[227],"grid":[" "," "," "," "," "," "," "," "," "," "," "," "," "," "," "," "]},"4286":{"keys":[210,227],"grid":[" "," "," "," "," "," "," .!$"," )!)"," %!-","!","!","!","!","!","!","!"]}},"6927":{"4309":{"keys":[227,210],"grid":[" ,!&","00","00"," +!'","00"," '!$ !!'"," #!/","!","!","!","!","!","!","!","!","!"]},"4308":{"keys":[227,210],"grid":[" "," "," "," "," "," "," "," "," "," "," "," "," .!$","12"," ,!&","14"]},"4304":{"keys":[210,227],"grid":[" "," "," "," ","!* (","!+ '","!, &","06","!- %","!. $","!/ #","!0 !","11","!","!","!"]}},"6918":{"4309":{"keys":[210,227],"grid":[" -!%","00","00","00","00"," ,!&","05","05","05","00","00"," .!$"," 0!!"," "," "," "]},"4308":{"keys":[210,227],"grid":[" -!%","00","00","00","00","00","00","00","00","00","00","00","00","00","00","00"]},"4307":{"keys":[210,227],"grid":[" -!%","00","00","00","00","00","00","00","00","00","00","00","00","00","00","00"]},"4306":{"keys":[210,227],"grid":[" "," "," "," "," "," "," "," "," "," "," "," "," "," "," /!#"," -!%"]}},"6939":{"4303":{"keys":[210,227],"grid":[" .!$"," /!#"," "," "," "," "," "," "," "," "," "," "," "," "," "," "]},"4302":{"keys":[227,210],"grid":[" "," "," "," "," "," "," ","!! 0","!# /","08","07","07","!% !!! +","12","!' +","!( %!! %"]},"4301":{"keys":[210,227],"grid":[" $!.","00"," #!/","02","02"," !!0","!","!","!","!","!","!","!","!","!","!"]},"4300":{"keys":[210,227],"grid":[" %!-","00","00","00","00","00","00","00"," &!,","08","08","08","08","08","08","00"]},"4299":{"keys":[210,227],"grid":[" #!/","00","00","00","00","00"," $!.","06","06","06","06","06","06","06","06"," %!-"]},"4298":{"keys":[227,210],"grid":[" "," "," "," "," ","!! 0","05","05","05","05","05","05","05","05","!# /","14"]},"4295":{"keys":[210,227],"grid":[" )!)"," (!*"," '!+"," &!,","03"," %!-"," $!.","06"," #!/"," !!0","!","!","!","!","!","!"]},"4294":{"keys":[210,227],"grid":[" "," "," "," "," "," 0!!","05"," /!#"," .!$","08"," -!%"," ,!&"," +!'","12"," *!("," )!)"]},"4307":{"keys":[210],"grid":[" "," "," "," "," "," "," "," "," "," "," "," "," "," "," "," "]},"4306":{"keys":[210,227],"grid":[" "," "," "," "," "," "," "," "," "," "," "," "," "," "," "," 0!!"]}},"6993":{"4294":{"keys":[227,210],"grid":[" /!#"," .!$"," ,!&"," +!'"," *!("," )!)"," (!*"," &!,"," %!-"," $!."," #!/"," !!0","!","!","!","!"]},"4284":{"keys":[210,227],"grid":[" "," "," "," "," "," "," "," ","!! 0","!& ,","!* (","!- %","!","!","!","!"]},"4293":{"keys":[227,210],"grid":[" "," "," "," "," "," "," "," "," "," "," "," "," "," "," "," 0!!"]}},"6952":{"4311":{"keys":[227,210],"grid":[" "," "," "," "," "," "," "," "," "," "," "," "," "," "," "," 0!!"]},"4312":{"keys":[227,210],"grid":[" -!%"," +!'"," (!*"," &!,"," #!/","!","!","!","!","!","!","!","!","!","!","!"]},"4287":{"keys":[210,227],"grid":[" "," "," "," "," "," "," 0!!"," +!'"," &!,","!","!","!","!","!","!","!"]}}}}