{"9":{"496":{"274":{"keys":[229,231],"grid":[" ","!","!","!"]},"286":{"keys":[231,1,232,""],"grid":[" "," ","!! 0","!# /","#!!# .","##!# -","#$!# ,","#%!# +","#&!$ )","#(!# (","#)!# '","#*!# &","#+!! &","#,$! %","13","13"]}}},"13":{"7937":{"4579":{"keys":[231,232],"grid":[" "," "," "," "," "," "," ","!! 0","!# /","!$ .","!% -","!& ,","!' +","!( *","!) )","!+ '"]},"4580":{"keys":[232,231],"grid":[" ,!&"," -!%"," .!$"," /!#"," 0!!"," "," "," "," "," "," "," "," "," "," "," "]}},"7936":{"4578":{"keys":[231,232],"grid":[" "," "," "," "," "," "," "," "," ","!# /","!$ .","!% -","!& ,","!' +","!( *","!) )"]},"4579":{"keys":[232,231],"grid":[" *!("," +!'"," ,!&"," -!%"," /!#"," 0!!"," "," "," "," "," "," "," "," "," "," "]}},"7939":{"4581":{"keys":[231,232],"grid":[" "," "," "," "," ","!! 0","!$ .","!% -","!& ,","!' +","!( *","!) )","!* (","!+ '","!, &","!- %"]},"4582":{"keys":[232,231],"grid":[" .!$"," /!#"," "," "," "," "," "," "," "," "," "," "," "," "," "," "]}},"7938":{"4581":{"keys":[232,231],"grid":[" -!%"," .!$"," /!#"," 0!!"," "," "," "," "," "," "," "," "," "," "," "," "]},"4580":{"keys":[231,232],"grid":[" "," "," "," "," "," ","!! 0","!# /","!$ .","!% -","!& ,","!( *","!) )","!* (","!+ '","!, &"]}},"7944":{"4585":{"keys":[231,232],"grid":[" "," "," "," "," "," "," "," "," "," "," "," "," "," ","!! 0","!# /"]},"4586":{"keys":[232,231],"grid":[" $!."," %!-"," &!,"," '!+"," (!*"," )!)"," *!("," ,!&"," -!%"," .!$"," /!#"," 0!!"," "," "," "," "]}},"7945":{"4587":{"keys":[232,231],"grid":[" %!-"," &!,"," '!+"," )!)"," *!("," +!'"," ,!&"," -!%"," .!$"," /!#"," 0!!"," "," "," "," "," "]},"4586":{"keys":[231,232],"grid":[" "," "," "," "," "," "," "," "," "," "," "," "," ","!! 0","!# /","!$ ."]}},"7946":{"4587":{"keys":[231,232],"grid":[" "," "," "," "," "," "," "," "," "," "," "," ","!! 0","!# /","!$ .","!& ,"]},"4588":{"keys":[232,231,""],"grid":[" '!+"," (!*"," )!)"," *!("," +!'"," ,!&"," ,#!!%","06"," -#%","08","08","08","08","08","08","08"]}},"7940":{"4583":{"keys":[232,231],"grid":[" 0!!"," "," "," "," "," "," "," "," "," "," "," "," "," "," "," "]},"4582":{"keys":[231,232],"grid":[" "," "," ","!! 0","!# /","!$ .","!% -","!& ,","!' +","!( *","!) )","!* (","!+ '","!- %","!. $","!/ #"]}},"7941":{"4584":{"keys":[232],"grid":[" "," "," "," "," "," "," "," "," "," "," "," "," "," "," "," "]},"4583":{"keys":[231,232],"grid":[" "," ","!! 0","!# /","!$ .","!% -","!& ,","!' +","!( *","!* (","!+ '","!, &","!- %","!. $","!/ #","!0 !"]}},"7942":{"4584":{"keys":[231,232],"grid":[" ","!! 0","!# /","!$ .","!& ,","!' +","!( *","!) )","!* (","!+ '","!, &","!- %","!. $","!/ #","!0 !","!"]}},"7943":{"4585":{"keys":[232,231],"grid":[" #!/"," $!."," %!-"," &!,"," '!+"," (!*"," )!)"," *!("," +!'"," ,!&"," -!%"," .!$"," 0!!"," "," "," "]},"4584":{"keys":[231],"grid":[" "," "," "," "," "," "," "," "," "," "," "," "," "," "," "," "]}}}}