{"9":{"359":{"164":{"keys":[1,2,183],"grid":[" $!! !!,"," +!'"," !!! ##& &!#","!# !#* !!$"," !!! &#& $!!"," !!& !#( !!!"," !!& !#( #","!# &#) !","!# !#$ !#*"," $#.","#! !#/","#","#","#","#","#"]}},"357":{"164":{"keys":[183,1,2],"grid":[" #!!##!# !!$#&"," #!% %!!##!!##"," $!# &!'"," "," "," "," "," "," "," "," "," "," "," "," "," "]},"161":{"keys":[2,1],"grid":[" "," "," "," "," "," "," "," "," "," "," ","!! 0","11"," "," "," "]},"162":{"keys":[2,1,183],"grid":[" "," "," "," "," ","!! 0","05","05","!# /","#!!! /","#!!% ,","#%!# +","#&!# *","#'!! *","#%!$ *","#$!# ,"]},"163":{"keys":[183,1,2],"grid":[" $!!#-","00","00","00"," $!##,"," %!!#,","05","05","05","!$ !!!#,","##!$#,","!##/"," !!!#/","12","11","!$#$!$#("]}},"356":{"161":{"keys":[2,1,183],"grid":[" "," "," "," $!! %!% %"," #!(##!! %"," #!!#$!##$!! %","!$#)!# $","!!#,!# #","#.!# !","08","#.!$","#0!!","11","11","11","11"]},"162":{"keys":[183,1],"grid":[" 0!!","00","00"," /!#","00","00","00"," "," "," "," "," "," "," "," "," "]},"163":{"keys":[183,1],"grid":[" "," "," "," "," "," "," "," "," "," 0!!","09","09"," "," "," "," "]}},"355":{"160":{"keys":[2,1,183],"grid":[" "," "," "," "," "," "," "," "," "," "," "," !!! /","11","!# /","#!!! /","13"]},"161":{"keys":[1,2,183],"grid":[" #!/"," &!,","#% #!+","#& #!*","#' !!*","#' #!)","#( %!&","#+ #!$ !","#, &","#. ##!","#","#","#","#","#","#"]}},"354":{"160":{"keys":[2,1,183],"grid":[" "," "," "," "," "," "," "," "," "," "," "," "," ","!# .!!","!& +!!","!!#$!$ $!# $!!"]},"161":{"keys":[1,183,2],"grid":[" #!% !## $#%","#! #!$ %!! &"," $!.","!! #!.","!","!","!","!","!","!","!","!","!","!","!","!"]}},"353":{"161":{"keys":[2,1,183],"grid":[" ,!% !"," ,!!##!#"," ,!!#$!!"," +!##%"," *!##&","04"," !!% #!%#&","!)#!!!#'","!!#0","08","!##/"," !!##.","!$#.","08","08","08"]},"162":{"keys":[1,183],"grid":[" !!0","!","!","!","!","!","!","!","!","!","!","!","!","!","!","!"]}},"352":{"161":{"keys":[2,1],"grid":[" "," "," "," "," "," "," "," 0!!","07","07"," "," "," "," "," "," )!# &!!"]},"162":{"keys":[2,1,183],"grid":[" (!*"," '!##$!##$"," '!!#*"," &!##*","!! !!%#+","!$#.","#","#","#","#","#","#","#","#","#","#"]}},"358":{"164":{"keys":[1,183],"grid":[" #!' %!# #"," !!) #!&"," !!. #","!/ #","!0 !","!","04","04","03","04","!","!","!","!","!","!"]},"163":{"keys":[2,1,183],"grid":[" "," "," "," "," "," "," "," '!# )"," '!' %"," (!###!# $"," )!###!# #"," )!##$!! #","!!!  !  !####!! ","!#!!!!! !####!! ","!!#&!&##!! #","!#######! !!#!! "]}},"366":{"165":{"keys":[2,1,183],"grid":[" "," "," "," "," ","!! 0","!# /","#!!# .","##!# -","#$!# ,","#%!# +","#&!# *","#'!# )","#(!# (","#)!$ &","#+!# %"]},"166":{"keys":[183,1,2],"grid":[" ,!##$"," -!###"," .!!##"," .!##!"," /!!#!"," /!#"," 0!!","06"," "," "," "," "," "," "," "," "]}},"367":{"166":{"keys":[2,1,183],"grid":[" "," "," "," "," "," "," ","!! 0","!# /","#!!! /","#!!# .","##!! .","##!# -","#$!# ,","#%!! ,","#%!# +"]},"167":{"keys":[183,1,2],"grid":[" &!##*"," '!!#*"," '!##)"," (!!#)"," (!##("," )!!#("," )!##'"," *!!#'"," *!##&"," +!!#&"," +!##%"," ,!!#%"," ,!##$"," -!###"," .!!##"," .!##!"]},"168":{"keys":[183,1,2],"grid":[" /!!#!"," /!#"," 0!!","02"," "," "," "," "," "," "," "," "," "," "," "," "]}},"364":{"164":{"keys":[183,1,2],"grid":[" ,!&"," ,!!#$!!"," ,!##$"," -!!#$","03"," -!###"," .!##!"," /!#"," 0!!"," "," "," "," "," "," "," "]},"163":{"keys":[2,1,183],"grid":[" "," "," "," "," "," "," "," "," (!$ &!!"," '!##!!("," &!##*","10"," %!$#*"," #!$#,","!$#.","!!#+!##$"]}},"365":{"164":{"keys":[1,2,183],"grid":[" $!."," !!0","!","!","!","!","!","!","01"," #!/","#! $!-","#$ #!,","#% #!+","#& #!*","#' #!)","#( #!("]},"165":{"keys":[183,1,2],"grid":[" )!$#&"," +!##%"," ,!##$"," -!###"," .!##!"," /!#"," "," "," "," "," "," "," "," "," "," "]},"163":{"keys":[2,1,183],"grid":[" "," "," "," "," %!$ *"," #!$#!!# )"," !!##!!% )"," !!!#!!# ,","!##!!$ +","!!#%!! +","#&!! +","#%!# +","#%!! ,","#$!# ,","##!# -","##!! ."]}},"362":{"164":{"keys":[2,1,183],"grid":[" "," "," "," "," "," "," "," "," "," "," 0!!"," /!#"," .!##!"," &!*##"," &!!#&!##$"," $!$#+"]},"165":{"keys":[2,1,183],"grid":[" #!%#+"," #!!#.","!$#.","##!!#.","#","#","#","#","#","#","#","#","#","#","#","#"]}},"363":{"164":{"keys":[2,1,183],"grid":[" ,!$##"," '!# !!$#%"," %!'#'"," $!##,","03"," %!!#,","05"," #!$#,"," !!##.","!##/","!!#0","#","#","#","#","#"]},"163":{"keys":[2,1],"grid":[" "," "," "," "," "," "," "," "," "," "," "," "," "," "," "," .!$"]}},"360":{"164":{"keys":[2,1,183],"grid":[" "," "," "," ,!$ #"," ,!% !"," *!$##!! !"," )!##%!! !","!!!!  !! !###!! ","#$!(#$!! #","#.!! #","09","#(!( #","#'!# )","#(!! )","#%!% )","#&!! +"]},"165":{"keys":[183,1,2],"grid":[" &!!#+"," %!##+"," $!##,"," $!!#-","03"," #!##)!%"," #!!#*!! #!!"," #!%#%!$ $"," &!##$!! &"," '!!##!# &"," &!##!!# '"," &!% ("," "," "," "," "]}},"361":{"165":{"keys":[2,1,183],"grid":[" "," "," /!#"," !!# +!##!","!' (!!##","!####! !!    !##","!####! !!!   !!#","#&!$#!!# $!!#!","#+!! #!##!","#+!! #!!##","#+!%##","#-!!#$","#","#","#","#"]}}},"13":{"5633":{"2597":{"keys":[2,183],"grid":[" ","!! -!$","!$ )!&","!& %!(","!","!","!","!","!","!","!","!","!","!","!","!"]}},"5632":{"2596":{"keys":[2,183],"grid":[" "," "," "," "," "," "," "," "," "," %!$ *","!* (","!+ '","!- %","12","12","!. $"]},"2597":{"keys":[183,2],"grid":[" 0!!"," "," "," "," "," "," "," "," "," "," "," "," "," "," "," "]}},"5796":{"2640":{"keys":[183,2],"grid":[" )!)"," .!$"," "," "," "," "," "," "," "," "," "," "," "," "," "," "]},"2639":{"keys":[2,183],"grid":[" "," "," "," "," "," "," "," "," "," "," "," "," "," "," ","!% -"]}},"5740":{"2617":{"keys":[2,183],"grid":[" "," "," "," "," "," "," "," ","!! 0","!# /","!$ .","!% -","!& ,","!( *","!) )","!* ("]},"2618":{"keys":[183,2],"grid":[" +!'"," ,!&"," -!%"," .!$"," /!#"," 0!!","05"," "," "," "," "," "," "," "," "," "]}},"5741":{"2622":{"keys":[183,2],"grid":[" ,!&","00","00"," +!'","03","03","03"," *!(","07","07"," )!)","10","10","10"," (!*","14"]},"2623":{"keys":[183,2],"grid":[" *!("," +!'"," -!%"," .!$"," 0!!"," "," "," "," "," "," "," "," "," "," "," "]},"2620":{"keys":[183,2],"grid":[" !!0","00","00","00","00","00","00","00","00","00"," &!,"," ,!&"," "," "," "," "]},"2621":{"keys":[183,2],"grid":[" "," "," "," 0!!","03","03"," /!#","06","06"," .!$","09","09","09"," -!%","13","13"]},"2619":{"keys":[183,2],"grid":[" $!.","00","00","00","00","00","00"," #!/","07","07","07","07","07","07","07","07"]},"2618":{"keys":[2,183],"grid":[" "," "," "," "," "," "," "," ","!! 0","!# /","09","09","!$ .","12","12","12"]}},"5742":{"2623":{"keys":[2,183],"grid":[" "," "," "," "," ","!! 0","!# /","!% -","!& ,","!( *","!) )","!+ '","!, &","!- %","!/ #","!0 !"]},"2620":{"keys":[2,183],"grid":[" "," "," "," "," "," "," "," "," "," "," "," ","!! 0","12","12"," "]},"2621":{"keys":[2],"grid":[" "," "," "," "," "," "," "," "," "," "," "," "," "," "," "," "]},"2626":{"keys":[183,2],"grid":[" "," "," "," "," "," "," "," "," "," 0!!","09","09","09","09"," /!#","14"]},"2627":{"keys":[183,2],"grid":[" /!#","00"," 0!!"," "," "," "," "," "," "," "," "," "," "," "," "," "]},"2624":{"keys":[183],"grid":[" "," "," "," "," "," "," "," "," "," "," "," "," "," "," "," "]},"2632":{"keys":[183,2],"grid":[" "," "," "," "," "," 0!!","05"," "," "," "," "," "," "," "," "," "]}},"5743":{"2626":{"keys":[183,2],"grid":[" "," "," ","!! 0","!) )","!0 !","!","!","!","!","!","!","!","!","!","!"]},"2627":{"keys":[2,183],"grid":[" "," "," ","!# /","!& ,","!( *","!+ '","06","06","06","06","!* (","11","11","11","11"]},"2624":{"keys":[2,183],"grid":[" ","!# /","!$ .","!& ,","!( *","!* (","!- %","!0 !","!","!","!","!","!","!","!","!"]},"2628":{"keys":[183,2],"grid":[" )!)","00","00","00"," (!*","04"," +!'"," /!#"," "," "," "," "," "," "," "," "]},"2631":{"keys":[183,2],"grid":[" -!%"," ,!&","01"," +!'","03"," *!("," )!)","06"," (!*"," '!+","09"," &!,","11"," %!-","13"," $!."]},"2630":{"keys":[183,2],"grid":[" "," "," "," "," "," "," 0!!","06","06","06","06"," /!#","11","11"," .!$","14"]},"2633":{"keys":[183,2],"grid":[" +!'"," ,!&"," -!%"," .!$"," /!#"," 0!!"," "," "," "," "," "," "," "," "," "," "]},"2632":{"keys":[183,2],"grid":[" #!/","00"," !!0","02","!","!","!","!","02","00"," $!."," %!-"," &!,"," '!+"," )!)"," *!("]}},"5744":{"2626":{"keys":[183,2],"grid":[" &!,","00","00","00"," %!-","04","!","!","!","!","!","!","!","!","!","!"]},"2624":{"keys":[2,183],"grid":[" "," "," "," "," "," "," "," ","!! 0","!% -","!( *","!","!","!","!","!"]},"2625":{"keys":[183,2],"grid":[" "," "," "," "," "," "," "," "," "," "," "," "," '!) #"," '!+","13"," &!,"]},"2628":{"keys":[2,183],"grid":[" "," "," "," "," "," "," "," ","!# /","!% -","09","09","09","09","09","!$ ."]},"2629":{"keys":[183,2],"grid":[" $!.","00","00","00","00","00","00"," #!/","07","07","07","07"," !!0","12","12","12"]},"2630":{"keys":[183,2],"grid":[" !!0","!","!","!","!","!","!","!","!","!","!","!","!","!","!","!"]},"2633":{"keys":[2,183],"grid":[" "," "," "," "," "," "," ","!! 0","!# /","!$ .","!& ,","!) )","!- %","!0 !","!","!"]}},"5745":{"2634":{"keys":[183],"grid":[" "," "," "," "," "," "," "," "," "," "," "," "," "," "," "," "]},"2624":{"keys":[2,183],"grid":[" "," "," "," "," "," "," "," "," "," "," "," ","!* (","!","!","!"]},"2633":{"keys":[2,183],"grid":[" "," "," "," "," "," 0!!","05"," /!#","07"," .!$","09"," -!%","11"," ,!&","!$ )!&","!' %!'"]},"2625":{"keys":[183,2],"grid":[" "," "," "," "," "," "," "," "," "," "," "," 0!!","11","!$ -!!","!* '!!","!"]}},"5746":{"2626":{"keys":[2,183],"grid":[" "," "," "," "," "," "," "," "," "," "," 0!!","10","10","10"," /!#","14"]},"2627":{"keys":[2,183],"grid":[" /!#","00"," .!$","02","02"," -!%","05","05"," ,!&","08","08","08","08"," +!'","13","13"]},"2624":{"keys":[2,183],"grid":[" "," "," "," "," "," "," "," "," "," "," "," "," ","!# /","!$ .","13"]},"2625":{"keys":[183,2],"grid":[" #!/","00","00"," !!0","03","03","03","!","!","!","!","!","!","!","!","!"]},"2628":{"keys":[2,183],"grid":[" +!'"," *!(","01","01","01","01"," )!)","06","06","06","01"," 0!!"," "," "," "," "]},"2631":{"keys":[2,183],"grid":[" "," "," "," "," 0!!","04"," /!#","06"," .!$","08"," -!%","10"," ,!&","12"," +!'","14"]},"2633":{"keys":[2,183],"grid":[" !!0","00","00","!","!","!","!","!","!","!","!","!","!","!","!","!"]},"2632":{"keys":[2,183],"grid":[" *!(","00"," )!)"," (!*","03","03"," '!+","06"," &!,","08"," %!-","10"," $!.","12"," #!/","14"]}},"5747":{"2626":{"keys":[2,183],"grid":[" #!/"," !!0","01","01","01","!","!","!","!","!","!","!","!","!","!","!"]},"2628":{"keys":[183,2],"grid":[" "," "," "," "," "," '!! *"," '!% '"," '!( $"," &!,","08","08"," %!-","!","!","!","!"]},"2631":{"keys":[2,183],"grid":[" "," !!! /","!( *","!+ '","!. $","!","!","!","!","!","!","!","!","!","!","!"]},"2625":{"keys":[2,183],"grid":[" "," "," "," "," "," "," "," "," "," "," /!#"," )!)"," $!."," #!/","13","13"]}},"5748":{"2628":{"keys":[183,2],"grid":[" "," "," "," "," "," "," "," ","!* (","!","!","!","!","!","!","!"]},"2631":{"keys":[2,183],"grid":[" "," "," "," "," "," ","!$ .","!& ,","!) )","!, &","!/ #","!","!","!","!","!"]},"2624":{"keys":[2],"grid":[" "," "," "," "," "," "," "," "," "," "," "," "," "," "," "," "]},"2625":{"keys":[2,183],"grid":[" %!$ *"," %!) %"," %!-"," &!,","03","03","03","03","03","02","!","!","!","!","!","!"]}},"5749":{"2628":{"keys":[183,2],"grid":[" "," "," "," "," "," "," "," "," ","!- %","!. $","!/ #","11","!0 !","13","!"]},"2631":{"keys":[2,183],"grid":[" "," "," "," "," "," "," "," "," "," "," ","!# /","!& ,","!* (","!- %","!"]},"2625":{"keys":[2,183],"grid":[" "," ","!! 0","!' +","!, &","!0 !","!","!","!","!","!","!","!","!","!","!"]}},"5725":{"2626":{"keys":[183,2],"grid":[" +!'","00","00"," ,!&","03","03","03"," -!%","07"," "," "," "," "," "," "," "]},"2625":{"keys":[2,183],"grid":[" "," "," "," "," "," "," "," "," "," "," "," "," "," "," '!$ ("," #!) '"]}},"5821":{"2623":{"keys":[2,183],"grid":[" "," "," "," "," "," "," "," "," "," "," "," "," "," "," "," /!#"]},"2624":{"keys":[2,183],"grid":[" -!%"," +!'"," (!*"," &!,"," $!."," !!0","!","!","!","!","!","!","!","!","!","!"]}},"5820":{"2624":{"keys":[2,183],"grid":[" "," "," "," "," "," "," 0!!"," -!%"," +!'"," )!)"," '!+"," %!-"," !!0","!","!","!"]}},"5823":{"2623":{"keys":[2,183],"grid":[" "," .!$"," ,!&"," *!("," (!*"," %!-"," #!/","!","!","!","!","!","!","!","!","!"]}},"5822":{"2623":{"keys":[2,183],"grid":[" "," "," "," "," "," "," "," "," /!#"," ,!&"," *!("," (!*"," &!,"," $!.","!","!"]}},"5825":{"2622":{"keys":[2,183],"grid":[" "," "," /!#"," -!%"," +!'"," )!)"," '!+"," %!-"," !!0","!","!","!","!","!","!","!"]}},"5824":{"2622":{"keys":[2,183],"grid":[" "," "," "," "," "," "," "," "," "," 0!!"," .!$"," ,!&"," )!)"," '!+"," %!-"," #!/"]},"2623":{"keys":[183],"grid":[" "," "," "," "," "," "," "," "," "," "," "," "," "," "," "," "]}},"5827":{"2621":{"keys":[2,183],"grid":[" "," "," "," /!#"," -!%"," +!'"," )!)"," '!+"," $!."," !!0","!","!","!","!","!","!"]}},"5826":{"2622":{"keys":[2,183],"grid":[" #!/","!","!","!","!","!","!","!","!","!","!","!","!","!","!","!"]},"2621":{"keys":[2,183],"grid":[" "," "," "," "," "," "," "," "," "," "," 0!!"," .!$"," ,!&"," *!("," (!*"," &!,"]}},"5829":{"2620":{"keys":[2,183],"grid":[" "," "," "," "," 0!!"," .!$"," ,!&"," )!)"," '!+"," %!-"," !!0","!","!","!","!","!"]},"2619":{"keys":[2],"grid":[" "," "," "," "," "," "," "," "," "," "," "," "," "," "," "," "]},"2618":{"keys":[2,183],"grid":[" "," "," "," "," "," "," "," "," "," "," "," "," "," 0!!"," /!#","13"]}},"5828":{"2620":{"keys":[2,183],"grid":[" "," "," "," "," "," "," "," "," "," "," "," 0!!"," .!$"," ,!&"," *!("," '!+"]},"2621":{"keys":[2,183],"grid":[" %!-"," #!/","!","!","!","!","!","!","!","!","!","!","!","!","!","!"]}},"5638":{"2594":{"keys":[2,183],"grid":[" .!$","00"," -!%","02"," ,!&","04","04"," +!'","07","07"," *!(","10","10"," )!)","13","13"]},"2595":{"keys":[2,183],"grid":[" (!*","00"," '!+","02","02"," &!,","05","05"," %!-","08"," #!/","!","!","!","!","!"]},"2593":{"keys":[2,183],"grid":[" "," "," 0!!","02","02"," /!#","05","05","05"," .!$","09","09","09","09","09","09"]}},"5689":{"2582":{"keys":[2,183],"grid":[" "," "," "," "," "," "," "," "," "," "," "," "," "," ","!","!"]}},"5688":{"2582":{"keys":[2,183],"grid":[" "," "," "," "," "," "," "," "," "," "," "," "," ","!% -","!","!"]}},"5804":{"2637":{"keys":[2,183],"grid":[" "," "," "," "," 0!!"," /!#"," .!$"," -!%"," ,!&"," *!("," )!)"," (!*"," '!+"," &!,"," $!."," #!/"]},"2638":{"keys":[2,183],"grid":[" !!0","!","!","!","!","!","!","!","!","!","!","!","!","!","!","!"]}},"5753":{"2626":{"keys":[183,2],"grid":[" %!-","00","00","00"," &!,","04","04","04"," "," "," "," "," "," "," "," "]},"2625":{"keys":[2,183],"grid":[" "," "," "," "," "," "," "," "," "," ","!$ .","10","10","!% -","13","13"]}},"5752":{"2625":{"keys":[2,183],"grid":[" "," "," "," "," "," "," "," "," "," ","!","!","!","!","!","!"]}},"5751":{"2625":{"keys":[2,183],"grid":[" "," "," "," "," "," "," "," "," ","!. $","!","!","!","!","!","!"]}},"5750":{"2625":{"keys":[2,183],"grid":[" "," "," "," "," "," ","!% -","!* (","!0 !","!","!","!","!","!","!","!"]},"2628":{"keys":[183],"grid":[" "," "," "," "," "," "," "," "," "," "," "," "," "," "," "," "]},"2629":{"keys":[2,183],"grid":[" !!0","00"," #!/","02"," $!."," %!-","05"," &!,"," '!+","08"," (!*","10"," )!)"," *!(","13"," +!'"]},"2631":{"keys":[2,183],"grid":[" *!(","00","00","00","00"," )!)","05","05","05","05","05","05","05","05","05"," (!*"]},"2630":{"keys":[2,183],"grid":[" ,!&","00","00","00"," +!'","04","04","04","04","04"," *!(","10","10","10","10","10"]},"2632":{"keys":[183,2],"grid":[" %!$ *"," "," "," "," "," "," "," "," "," "," "," "," "," "," "," "]}},"5757":{"2628":{"keys":[2,183],"grid":[" "," "," "," "," "," "," ","!# /","!( *","!- %","!","!","!","!","!","!"]},"2626":{"keys":[2],"grid":[" "," "," "," "," "," "," "," "," "," "," "," "," "," "," "," "]}},"5756":{"2628":{"keys":[183,2],"grid":[" -!%","00"," ,!&","02","02","02"," .!$"," "," "," "," "," "," "," "," "," "]},"2626":{"keys":[2,183],"grid":[" "," "," "," "," "," "," "," ","!","!","!","!","!","!0 !","13","13"]},"2627":{"keys":[183,2],"grid":[" 0!!","00"," /!#","02","02","02","02","02"," .!$","08","08","08","08"," -!%","13","13"]}},"5755":{"2626":{"keys":[2,183],"grid":[" "," "," "," "," "," "," "," ","!","!","!","!","!","!","!","!"]}},"5754":{"2626":{"keys":[2,183],"grid":[" "," "," "," "," "," "," "," ","!","!","!","!","!","!","!","!"]}},"5759":{"2631":{"keys":[183,2],"grid":[" *!("," /!#"," "," "," "," "," "," "," "," "," "," "," "," "," "," "]},"2630":{"keys":[2,183],"grid":[" "," "," "," "," "," "," "," "," "," "," "," "," "," "," ","!% -"]}},"5758":{"2628":{"keys":[2,183],"grid":[" "," "," "," "," "," "," "," "," "," ","!! 0","!' +","!) )","12","12","12"]},"2629":{"keys":[183,2],"grid":[" )!)"," +!'"," .!$","02","02","02"," -!%","06","06","06","06","06","06","06","06","06"]},"2630":{"keys":[183,2],"grid":[" -!%","00","00","00","00"," ,!&","05","05","05","05","05","05","05","05"," 0!!"," "]}},"5710":{"2586":{"keys":[2,183],"grid":[" "," "," ","!! 0","!# /","!% -","!& ,","!( *","!) )","!* (","!, &","!- %","!/ #","!0 !","!","!"]},"2585":{"keys":[2],"grid":[" "," "," "," "," "," "," "," "," "," "," "," "," "," "," "," "]},"2584":{"keys":[2,183],"grid":[" "," "," "," "," "," "," "," "," ","!! 0","09","09","09"," "," "," "]},"2595":{"keys":[183,2],"grid":[" "," "," "," 0!!","03"," /!#","05"," .!$","07"," -!%","09","07","05","05","03"," "]}},"5692":{"2584":{"keys":[2,183],"grid":[" "," "," "," "," "," "," ","!! 0","!$ .","!' +","!* (","!, &","!/ #","!","!","!"]}},"5693":{"2585":{"keys":[183,2],"grid":[" $!."," &!,"," '!+"," (!*"," "," "," "," "," "," "," "," "," "," "," "," "]},"2584":{"keys":[2,183],"grid":[" "," "," "," "," "," "," "," "," "," "," "," "," "," ","!! 0","!# /"]}},"5856":{"2645":{"keys":[2],"grid":[" "," "," "," "," "," "," "," "," "," "," "," "," "," "," "," "]},"2646":{"keys":[183,2],"grid":[" !!0"," #!/"," $!."," &!,"," '!+"," (!*"," )!)"," *!("," ,!&"," -!%"," .!$"," /!#"," 0!!"," "," "," "]}},"5691":{"2584":{"keys":[183,2],"grid":[" %!-"," &!,"," '!+"," )!)"," +!'"," -!%"," /!#"," "," "," "," "," "," "," "," "," "]},"2583":{"keys":[2,183],"grid":[" "," "," "," "," "," "," "," "," "," "," "," "," ","!! 0","!# /","!$ ."]}},"5696":{"2583":{"keys":[2,183],"grid":[" .!$"," *!("," (!*"," %!-"," !!0","!","!","!","!","!","!","!","!","!","!","!"]},"2582":{"keys":[2],"grid":[" "," "," "," "," "," "," "," "," "," "," "," "," "," "," "," "]}},"5683":{"2577":{"keys":[2,183],"grid":[" "," "," "," "," ","!! 0","!# /","05"," "," ","!$ .","!. $","!0 !","!","!","!"]}},"5852":{"2642":{"keys":[2,183],"grid":[" "," "," "," "," "," "," "," "," "," "," ","!! 0","!# /","!% -","!& ,","!' +"]},"2643":{"keys":[183,2],"grid":[" (!*"," )!)"," +!'"," ,!&"," -!%"," .!$"," /!#"," "," "," "," "," "," "," "," "," "]}},"5853":{"2643":{"keys":[2,183],"grid":[" "," "," "," "," "," "," "," ","!! 0","!# /","!$ .","!% -","!' +","!( *","!) )","!* ("]},"2644":{"keys":[183,2],"grid":[" +!'"," ,!&"," .!$"," /!#"," 0!!"," "," "," "," "," "," "," "," "," "," "," "]}},"5698":{"2582":{"keys":[2,183],"grid":[" $!.","00","00","00"," #!/","04","04","04","04","04","!","!","!","!","!","!"]},"2581":{"keys":[2,183],"grid":[" '!+"," &!,"," %!-","02","02","02","02","02","02"," $!.","09","09","09","09","09","09"]},"2580":{"keys":[2,183],"grid":[" "," "," "," "," "," "," "," "," 0!!"," /!#"," .!$"," -!%"," +!'"," *!("," )!)"," (!*"]}},"5699":{"2579":{"keys":[2],"grid":[" "," "," "," "," "," "," "," "," "," "," "," "," "," "," "," "]},"2580":{"keys":[2,183],"grid":[" &!% ("," %!* $","01"," $!+ $"," #!, $"," !!0","05","!","!","!","!","!","!","!","!","!"]}},"5858":{"2648":{"keys":[183,2],"grid":[" '!+"," (!*"," )!)"," *!("," +!'"," ,!&"," -!%"," .!$"," 0!!"," "," "," "," "," "," "," "]},"2647":{"keys":[2,183],"grid":[" "," "," "," "," "," "," "," "," "," "," "," ","!! 0","!# /","!% -","!& ,"]}},"5848":{"2640":{"keys":[183,2],"grid":[" /!#"," 0!!"," "," "," "," "," "," "," "," "," "," "," "," "," "," "]},"2639":{"keys":[2,183],"grid":[" "," "," "," "," ","!! 0","!# /","!% -","!& ,","!' +","!( *","!) )","!* (","!+ '","!- %","!. $"]}},"5768":{"2635":{"keys":[183,2],"grid":[" "," ","!# /","!* (","!","!","!","!","!","!","!","!","!","!","!","!"]},"2651":{"keys":[2,183],"grid":[" &!,"," %!-"," #!/"," !!0","!","!","!","!","!","!","!","!","!","!","!","!"]},"2650":{"keys":[2,183],"grid":[" "," "," "," "," "," "," 0!!"," /!#"," .!$"," -!%"," ,!&"," +!'"," *!("," )!)"," (!*"," '!+"]},"2630":{"keys":[2,183],"grid":[" "," "," "," 0!!","03"," "," "," "," "," "," "," "," "," "," "," "]},"2632":{"keys":[2,183],"grid":[" ","!! 0","!# /","!$ .","!% -","!& ,","!( *","!) )","!* (","!+ '","!, %!!","!","!","!","!","!"]}},"5769":{"2649":{"keys":[2,183],"grid":[" "," "," "," "," "," 0!!"," /!#"," .!$"," -!%"," ,!&"," +!'","10"," *!("," )!)"," (!*"," '!+"]},"2650":{"keys":[2,183],"grid":[" &!,","00"," %!-"," $!."," #!/","!","!","!","!","!","!","!","!","!","!","!"]},"2635":{"keys":[183,2],"grid":[" "," "," "," "," ","!) )","!0 !","!","!","!","!","!","!","!","!","!"]},"2629":{"keys":[2,183],"grid":[" "," "," "," "," "," "," "," "," "," "," "," "," "," "," .!$"," +!'"]},"2631":{"keys":[183,2],"grid":[" "," "," "," "," "," "," "," "," ","!! 0","09","09","!# /","12","!$ .","!% -"]},"2630":{"keys":[2,183],"grid":[" (!*"," $!.","!","!","!","!","!","!","!","!","!","!","!","!","!","!"]},"2632":{"keys":[2,183],"grid":[" %!-"," &!,","01"," '!+","03","03","03","00"," $!."," !!0","!","!","!","!","!","!"]}},"5766":{"2648":{"keys":[2,183],"grid":[" "," "," "," "," "," "," "," "," "," "," ","!! 0","!# /","!$ .","!% -","14"]},"2649":{"keys":[183,2],"grid":[" $!.","00","00","00","00","00","00","00","00"," #!/","09","09","09"," !!0","13","13"]},"2636":{"keys":[183,2],"grid":[" "," "," "," "," 0!!","04","04","04"," "," "," "," "," "," "," "," "]},"2638":{"keys":[183,2],"grid":[" "," /!#"," -!%"," +!'"," )!)"," &!,","!","!","!","!","!","!","!","!","!","!"]},"2651":{"keys":[2,183],"grid":[" "," "," "," ","!# /","!$ .","!& ,","!' +","!) )","!* (","!+ '","!- %","!/ #","!0 !","!","!"]},"2650":{"keys":[2],"grid":[" "," "," "," "," "," "," "," "," "," "," "," "," "," "," "," "]},"2631":{"keys":[2,183],"grid":[" "," "," "," '!# )"," '!% '"," '!( $"," '!* !"," '!+","07","07","07","07","07","07","07","07"]},"2632":{"keys":[2,183],"grid":[" '!+","00","00","00","00"," &!,","05","!","!","!","!","!","!","!","!","!"]}},"5767":{"2638":{"keys":[2],"grid":[" "," "," "," "," "," "," "," "," "," "," "," "," "," "," "," "]},"2635":{"keys":[183,2],"grid":[" "," "," )!)"," (!*"," '!+","04"," &!,"," %!-","07"," $!.","09"," #!/","11"," !!0","13","13"]},"2637":{"keys":[183,2],"grid":[" !!0"," #!/","01"," $!.","03","03"," %!-","06"," &!,","08","08"," '!+","08","03","01","00"]},"2636":{"keys":[183,2],"grid":[" !!0","!","!","!","!","!","!","!","!","!","!","!","!","!","00","00"]},"2631":{"keys":[2,183],"grid":[" "," "," "," "," "," "," ","!! 0","!$ .","!& ,","!) )","!+ '","!, &","!- %","!. $","!/ #"]},"2632":{"keys":[183],"grid":[" "," "," "," "," "," "," "," "," "," "," "," "," "," "," "," "]},"2651":{"keys":[2,183],"grid":[" "," "," "," "," "," 0!!"," /!#"," .!$"," -!%"," ,!&"," +!'"," *!("," )!)"," '!+","!! %!,","!"]}},"5764":{"2641":{"keys":[183,2],"grid":[" "," "," "," "," "," "," 0!!","06","06","06","06"," /!#","11","11","11"," .!$"]},"2642":{"keys":[183,2],"grid":[" .!$","00"," -!%","02","02"," ,!&","05","05"," +!'","08"," *!("," (!*"," %!-","!","!","!"]},"2632":{"keys":[2,183],"grid":[" "," "," "," "," "," "," "," 0!!","!","!","!","!","!","!","!","!"]},"2638":{"keys":[183],"grid":[" "," "," "," "," "," "," "," "," "," "," "," "," "," "," "," "]},"2647":{"keys":[2,183],"grid":[" "," "," "," "," "," "," "," ","!! 0","!% -","!( *","!+ '","!. $","!0 !","!","!"]}},"5765":{"2648":{"keys":[183,2],"grid":[" #!/","00","00","00","00","00"," $!."," &!,"," *!("," .!$"," "," "," "," "," "," "]},"2639":{"keys":[183,2],"grid":[" $!.","00","00"," %!-","03","03","03","03","03"," &!,","09","03","03","03","03","03"]},"2638":{"keys":[183,2],"grid":[" "," "," "," "," "," "," "," -!%","!","!"," !!0","10"," #!/","12","12"," $!."]},"2640":{"keys":[183,2],"grid":[" %!-","00","00","00"," $!.","04","04","04","04"," #!/","09","09","09"," !!0","13","13"]},"2641":{"keys":[183,2],"grid":[" !!0","00","!","!","!","!","!","!","!","!","!","!","!","!","!","!"]},"2651":{"keys":[183,2],"grid":[" -!%"," /!#"," 0!!"," "," "," "," "," "," "," "," "," "," "," "," "," "]},"2650":{"keys":[183,2],"grid":[" "," "," "," "," 0!!"," /!#","05"," .!$"," -!%"," ,!&","09"," +!'"," *!(","12","12","09"]},"2647":{"keys":[2,183],"grid":[" "," "," "," "," "," "," "," "," "," "," "," "," "," "," ","!# /"]},"2632":{"keys":[2,183],"grid":[" "," "," "," "," "," "," ","!","!","!","!","!","!","!","!","!"]}},"5762":{"2631":{"keys":[2,183],"grid":[" "," "," "," "," "," "," "," "," "," ","!# /","!& ,","!( *","!+ '","!- %","!0 !"]},"2645":{"keys":[183],"grid":[" "," "," "," "," "," "," "," "," "," "," "," "," "," "," "," "]},"2646":{"keys":[183,2],"grid":[" "," 0!!","01","01"," /!#","04","04"," .!$","07","07"," -!%","10","10","10","10","07"]},"2647":{"keys":[183,2],"grid":[" .!$"," 0!!"," "," "," "," "," "," "," "," "," "," "," "," "," "," "]}},"5763":{"2631":{"keys":[2],"grid":[" "," "," "," "," "," "," "," "," "," "," "," "," "," "," "," "]},"2642":{"keys":[183,2],"grid":[" "," "," "," "," "," "," "," "," "," "," "," "," "," '!+"," %!-"," #!/"]},"2643":{"keys":[183,2],"grid":[" !!0","00","00","00","00","00","00","00","00","00","00","00","00","00","00","00"]},"2644":{"keys":[183,2],"grid":[" !!0"," #!/"," $!."," )!)","03","03","03","03"," (!*","08","08"," '!+","11","11"," &!,","14"]},"2645":{"keys":[183,2],"grid":[" &!,"," %!-","01","01"," $!.","04","04","04"," #!/","08","08"," !!0","11","11","!","!"]},"2632":{"keys":[183,2],"grid":[" #!/"," %!-"," (!*"," *!("," ,!&"," -!%"," .!$"," 0!!"," "," "," "," "," "," "," "," "]},"2647":{"keys":[2,183],"grid":[" "," ","!! 0","!% -","!' +","!* (","!- %","!/ #","!","!","!","!","!","!","!","!"]}},"5760":{"2631":{"keys":[2,183],"grid":[" "," ","!$ .","!( *","!- %","!","!","!","!","!","!","!","!","!","!","!"]}},"5761":{"2631":{"keys":[2,183],"grid":[" "," "," "," "," ","!! 0","!& ,","!+ '","!. $","!0 !","!","!","!","!","!","!"]}},"5854":{"2644":{"keys":[2,183],"grid":[" "," "," "," "," "," ","!! 0","!$ .","!% -","!& ,","!' +","!( *","!* (","!+ '","!, &","!- %"]},"2645":{"keys":[183,2],"grid":[" /!#"," 0!!"," "," "," "," "," "," "," "," "," "," "," "," "," "," "]}},"5855":{"2645":{"keys":[2,183],"grid":[" "," "," ","!! 0","!# /","!% -","!& ,","!' +","!( *","!* (","!+ '","!, &","!- %","!. $","!0 !","!"]}},"5690":{"2583":{"keys":[183,2],"grid":[" (!*"," )!)"," *!(","02"," +!'"," ,!&","05"," -!%"," .!$"," /!#","09"," 0!!"," "," "," "," "]},"2582":{"keys":[2,183],"grid":[" "," "," "," "," "," "," "," "," "," "," "," "," "," ","!' +","14"]}},"5847":{"2613":{"keys":[2,183],"grid":[" "," "," "," "," "," "," "," "," "," "," "," "," "," ","!! 0","!# /"]},"2614":{"keys":[183,2],"grid":[" $!."," !!0","!","!","!","!","!","!","!","!","!","!","!","!","!","!"]},"2639":{"keys":[183,2],"grid":[" ,!&"," .!$"," /!#"," 0!!"," "," "," "," "," "," "," "," "," "," "," "," "]},"2638":{"keys":[2,183],"grid":[" "," "," "," "," "," "," ","!! 0","!# /","!$ .","!% -","!' +","!( *","!) )","!* (","!+ '"]}},"5846":{"2637":{"keys":[2,183],"grid":[" "," "," "," "," "," "," "," "," ","!! 0","!# /","!$ .","!% -","!& ,","!( *","!) )"]},"2614":{"keys":[183,2],"grid":[" "," "," -!%"," *!("," (!*"," %!-"," !!0","!","!","!","!","!","!","!","!","!"]},"2613":{"keys":[183,2],"grid":[" -!%","00"," .!$"," /!#","03","03","02","02","00","00","02","03"," 0!!"," "," "," "]},"2638":{"keys":[183,2],"grid":[" *!("," +!'"," ,!&"," -!%"," /!#"," 0!!"," "," "," "," "," "," "," "," "," "," "]},"2612":{"keys":[2,183],"grid":[" "," "," "," "," "," "," "," "," "," '!# )"," $!& )","!* (","!+ '","12","!, &","14"]}},"5845":{"2617":{"keys":[183,2],"grid":[" $!."," %!-","01","01","01","01","01","01","01"," &!,","09","09","09","09","09","09"]},"2616":{"keys":[2,183],"grid":[" "," "," "," ","!! 0","04","04","!# /","07","07","!$ .","10","10","10","10","10"]},"2614":{"keys":[183,2],"grid":[" "," "," "," "," "," "," "," /!#"," -!%"," *!("," (!*","10","10"," %!-"," !!0","!"]},"2612":{"keys":[2,183],"grid":[" "," "," "," "," "," "," "," "," "," "," "," 0!!"," ,!&"," (!*"," $!.","!"]},"2637":{"keys":[183,2],"grid":[" '!+"," )!)"," *!("," +!'"," ,!&"," -!%"," .!$"," 0!!"," "," "," "," "," "," "," "," "]},"2636":{"keys":[2,183],"grid":[" "," "," "," "," "," "," "," "," "," "," ","!! 0","!# /","!$ .","!% -","!& ,"]},"2619":{"keys":[2],"grid":[" "," "," "," "," "," "," "," "," "," "," "," "," "," "," "," "]},"2618":{"keys":[183,2],"grid":[" &!,","00"," '!+","02","02","02","02","02","02","02","00"," %!-"," $!."," #!/","13"," !!0"]}},"5844":{"2616":{"keys":[183,2],"grid":[" '!+"," +!'"," .!$"," "," "," "," "," "," "," "," "," "," "," "," "," "]},"2615":{"keys":[183,2],"grid":[" +!'"," (!*"," %!-"," !!0","!","!","!","!","!","!","!","!","!","!","!","!"]},"2614":{"keys":[183,2],"grid":[" "," "," "," "," "," "," "," "," "," "," "," "," "," "," "," /!#"]},"2613":{"keys":[2,183],"grid":[" 0!!"," /!#"," -!%"," ,!&"," +!'"," *!("," (!*"," '!+"," &!,"," %!-"," #!/"," !!0","!","!","!","!"]},"2612":{"keys":[2],"grid":[" "," "," "," "," "," "," "," "," "," "," "," "," "," "," "," "]},"2635":{"keys":[2,183],"grid":[" "," "," "," "," "," "," "," "," "," "," "," "," ","!! 0","!# /","!$ ."]},"2636":{"keys":[183,2],"grid":[" %!-"," &!,"," '!+"," (!*"," *!("," +!'"," ,!&"," -!%"," .!$"," /!#"," "," "," "," "," "," "]},"2620":{"keys":[183,2],"grid":[" (!*"," )!)","01","01","01","00","00","00","00","00","00","00"," '!+","12","12","12"]},"2619":{"keys":[183,2],"grid":[" "," 0!!","01","01"," /!#","04"," .!$"," ,!&"," *!("," (!*"," '!+","10"," &!,","10","10","09"]},"2621":{"keys":[183,2],"grid":[" '!+","00","00","00","00","00"," $!."," !!0","07","!","!","!","!","!","!","!"]}},"5843":{"2622":{"keys":[183,2],"grid":[" ,!&"," +!'","01"," *!("," )!)","04"," (!*"," '!+","07"," &!,"," %!-"," $!."," #!/","!","!","!"]},"2616":{"keys":[183,2],"grid":[" %!+ #"," %!) %"," %!' '"," &!% ("," '!! *"," "," "," "," "," "," "," "," "," "," "," "]},"2615":{"keys":[183,2],"grid":[" "," "," "," "," .!$"," +!'"," (!*"," &!,"," $!."," !!0","09","09"," #!/","12","08","08"]},"2621":{"keys":[183,2],"grid":[" "," "," "," "," "," "," "," "," "," "," 0!!"," /!#","11"," .!$"," -!%","14"]},"2613":{"keys":[2,183],"grid":[" "," "," "," "," "," "," "," "," "," "," "," "," "," 0!!"," *!(","!"]},"2635":{"keys":[183,2],"grid":[" #!/"," $!."," %!-"," &!,"," '!+"," (!*"," *!("," +!'"," ,!&"," -!%"," .!$"," /!#"," 0!!"," "," "," "]},"2634":{"keys":[2,183],"grid":[" "," "," "," "," "," "," "," "," "," "," "," "," "," "," ","!! 0"]}},"5842":{"2622":{"keys":[183,2],"grid":[" "," "," "," "," "," "," "," "," "," "," "," "," "," "," 0!!"," /!#"]},"2623":{"keys":[183,2],"grid":[" -!%"," ,!&","01","01","01","01","01","01","01","01","01","01","01","01"," +!'"," *!("]},"2614":{"keys":[2,183],"grid":[" &!,"," $!.","01","01","01"," #!/","05","05","05","05","05","05","05"," !!0","!","!"]},"2613":{"keys":[2,183],"grid":[" "," "," "," "," "," "," "," "," "," "," "," "," "," "," "," 0!!"]},"2624":{"keys":[183,2],"grid":[" (!*"," &!,"," $!."," !!0","!","!","!","!","!","!","!","!","!","!","!","!"]},"2634":{"keys":[2,183],"grid":[" ","!! 0","!# /","!$ .","!% -","!& ,","!' +","!( *","!* (","!+ '","!, &","!- %","!. $","!/ #","!0 !","!"]}},"5841":{"2616":{"keys":[2,183],"grid":[" !!0","00","00","00","!","!","!","!","!","!","!","!","!","!","!","!"]},"2615":{"keys":[2,183],"grid":[" .!$"," -!%"," ,!&"," +!'"," *!("," )!)"," (!*"," '!+","07"," &!,"," %!-"," $!.","11"," #!/","13","13"]},"2614":{"keys":[2,183],"grid":[" "," "," "," "," "," "," "," "," "," "," "," "," "," "," "," /!#"]},"2624":{"keys":[183,2],"grid":[" "," "," "," "," 0!!"," .!$"," +!'"," )!)"," '!+"," %!-"," $!."," #!/"," !!0","!","!","!"]},"2634":{"keys":[183,2],"grid":[" 0!!"," "," "," "," "," "," "," "," "," "," "," "," "," "," "," "]},"2633":{"keys":[2,183],"grid":[" "," "," ","!! 0","!# /","!$ .","!% -","!& ,","!' +","!( *","!* (","!+ '","!, &","!- %","!. $","!/ #"]}},"5840":{"2617":{"keys":[2,183],"grid":[" ,!&"," )!)","!","!","!","!","!","!","!","!","!","!","!","!","!","!"]},"2616":{"keys":[2,183],"grid":[" "," "," "," "," "," "," "," 0!!","07","07"," /!#","10","10"," .!$","13"," -!%"]},"2624":{"keys":[183,2],"grid":[" "," "," "," "," "," "," "," "," "," "," "," "," "," "," 0!!"," /!#"]},"2625":{"keys":[183,2],"grid":[" .!$"," ,!&","!! *!'","!! )!(","!# '!)","!# &!*","!$ $!+","!% !!,","!","!","!","!","!","!","!","!"]},"2633":{"keys":[183,2],"grid":[" .!$"," /!#"," "," "," "," "," "," "," "," "," "," "," "," "," "," "]},"2632":{"keys":[2,183],"grid":[" "," "," "," "," ","!! 0","!# /","!$ .","!& ,","!' +","!( *","!) )","!* (","!+ '","!, &","!- %"]}},"5685":{"2578":{"keys":[2,183],"grid":[" "," "," "," "," "," "," "," "," "," "," "," ","!! 0","!# /","!% -","!& ,"]},"2579":{"keys":[183,2],"grid":[" (!*"," )!)"," +!'"," ,!&"," .!$"," /!#","05"," 0!!"," "," "," "," "," "," "," "," "]}},"5684":{"2577":{"keys":[2],"grid":[" "," "," "," "," "," "," "," "," "," "," "," "," "," "," "," "]},"2578":{"keys":[183,2],"grid":[" !!0","00"," #!/"," $!."," %!-"," '!+"," (!*"," *!("," +!'"," -!%"," /!#"," 0!!"," "," "," "," "]}},"5687":{"2582":{"keys":[183,2],"grid":[" &!,"," '!+","01"," (!*","03"," )!)","05"," *!("," +!'"," ,!&","09"," -!%"," /!#"," "," "," "]},"2581":{"keys":[2,183],"grid":[" "," "," "," "," "," "," "," ","!! 0","08","!# /","10","!$ .","12","!% -","14"]}},"5686":{"2579":{"keys":[2,183],"grid":[" "," "," "," "," "," "," "," "," "," ","!! 0","10","!# /","!$ .","13","!% -"]},"2581":{"keys":[183,2],"grid":[" -!%"," .!$","01"," /!#"," 0!!","04"," "," "," "," "," "," "," "," "," "," "]},"2580":{"keys":[183,2],"grid":[" %!-"," &!,","01"," '!+","03","03"," (!*","06"," )!)","08"," *!(","10"," +!'"," ,!&","13"," -!%"]}},"5681":{"2576":{"keys":[183,2],"grid":[" ,!&","00","00","00","00","00","00","00","00","00","00","!! +!&","!$ )!&","12","12","12"]},"2577":{"keys":[2,183],"grid":[" #!* &","00"," #!/","!","!","!","!","!","!","!","!","!","!","!","!","!"]},"2574":{"keys":[183,2],"grid":[" +!'","00","00","00","00","00","00","00","00","00","00","00","00","00","00","00"]},"2575":{"keys":[183,2],"grid":[" +!'","00","00","00","00","00","00","00","00","00","00","00"," ,!&","12","12","12"]},"2572":{"keys":[2,183],"grid":[" (!! )","00"," (!# (","02","02","02","02","02","02","02","02"," '!$ (","11","11","11","11"]},"2573":{"keys":[2,183],"grid":[" '!$ (","00","00","00"," %!& ("," $!' ("," #!( ("," !!) (","07","07","07","07","!* (","12","12","!+ '"]},"2571":{"keys":[2],"grid":[" "," "," "," "," "," "," "," "," "," "," "," "," "," "," "," "]}},"5680":{"2576":{"keys":[2,183],"grid":[" +!'","00","00","00"," *!(","04","04","04","00"," .!$"," 0!!"," "," "," "," "," "]},"2577":{"keys":[2,183],"grid":[" "," "," ","!","!","!","!","!","!","!","!","!","!","!","!","!"]},"2575":{"keys":[183,2],"grid":[" "," ","!! 0","!# /","!% -","!& ,","05","!' +","07","!( *","!) )","10","!* (","12","!+ '","14"]},"2573":{"keys":[2,183],"grid":[" "," "," "," "," "," "," "," "," "," "," "," ","!","!","!","!"]}},"5849":{"2640":{"keys":[2,183],"grid":[" "," "," ","!! 0","!$ .","!% -","!& ,","!' +","!( *","!) )","!+ '","!, &","!- %","!. $","!0 !","!"]}},"5682":{"2577":{"keys":[2,183],"grid":[" "," ","!) )","!- %","!0 !","!","!","!","!","04","!","!","!","!","!","!"]}},"5694":{"2585":{"keys":[2,183],"grid":[" &!,"," %!-"," $!."," #!/","!","!","!","!","!","!","!","!","!","!","!","!"]},"2584":{"keys":[2,183],"grid":[" "," "," "," "," "," 0!!"," /!#"," .!$"," -!%"," ,!&"," +!'","10"," *!("," )!)"," (!*"," '!+"]}},"5639":{"2592":{"keys":[2,183],"grid":[" "," 0!!"," ,!&"," (!*"," %!-","04"," $!.","06","06"," #!/","09","09"," !!0","12","12","!"]},"2593":{"keys":[183],"grid":[" "," "," "," "," "," "," "," "," "," "," "," "," "," "," "," "]}},"5695":{"2584":{"keys":[2,183],"grid":[" $!.","00"," #!/"," !!0","!","!","!","!","!","!","!","!","!","!","!","!"]},"2583":{"keys":[2,183],"grid":[" "," "," "," "," "," /!#"," .!$"," -!%"," ,!&"," +!'"," *!("," )!)"," (!*"," '!+"," &!,"," %!-"]}},"5670":{"2576":{"keys":[183,2],"grid":[" #!/","00"," $!.","02","02"," %!-","05","05"," &!,","08","08"," '!+","11","11"," (!*","14"]},"2577":{"keys":[183,2],"grid":[" )!)","00","00"," *!(","03"," +!'","05","05"," ,!&","08","08"," -!%","11","11"," .!$"," "]},"2575":{"keys":[2,183],"grid":[" "," "," "," "," "," "," "," "," "," "," "," "," "," ","!! 0","!# /"]}},"5671":{"2577":{"keys":[2,183],"grid":[" "," "," "," "," "," "," "," "," "," "," "," "," ,!&"," (!*"," #!/","!"]}},"5672":{"2577":{"keys":[2,183],"grid":[" "," "," "," "," "," "," "," "," /!#"," *!("," &!,","!","!","!","!","!"]}},"5673":{"2576":{"keys":[2,183],"grid":[" "," "," "," "," "," "," "," "," "," "," 0!!"," /!#","11"," .!$","13"," -!%"]},"2577":{"keys":[2,183],"grid":[" -!%"," ,!&"," +!'"," *!("," (!*"," '!+"," %!-"," $!.","!","!","!","!","!","!","!","!"]}},"5674":{"2576":{"keys":[2,183],"grid":[" !!0","00"," #!/","00","00","00","00","!","!","!","!","!","!","!","!","!"]},"2575":{"keys":[2,183],"grid":[" "," "," "," "," "," "," "," "," "," "," &!,"," %!-"," $!."," !!0","13","13"]}},"5675":{"2576":{"keys":[183,2],"grid":[" .!$","00","00","00","00"," -!%","05"," ,!&","07"," +!'","09"," *!(","11","11","11","05"]},"2577":{"keys":[183],"grid":[" "," "," "," "," "," "," "," "," "," "," "," "," "," "," "," "]},"2575":{"keys":[2,183],"grid":[" "," "," "," "," "," "," "," "," "," ","!# /","!% -","!' +","!) )","!, &","!- %"]}},"5676":{"2577":{"keys":[183,2],"grid":[" !!0"," %!-"," (!*","02"," )!)","04","04","04"," ,!&"," 0!!"," "," "," "," "," "," "]}},"5677":{"2577":{"keys":[2,183],"grid":[" "," "," "," "," "," "," "," "," "," ","!$ .","!","!","!","!","!"]}},"5678":{"2577":{"keys":[2,183],"grid":[" "," "," +!'","02"," *!(","04"," )!)","06"," (!*","08","08","!","!","!","!","!"]}},"5679":{"2577":{"keys":[2,183],"grid":[" "," ","!. $","!","!","!","!","!","!","!","!","!","!","!","!","!"]},"2574":{"keys":[2,183],"grid":[" (!*","00"," '!+","02","02","02","02","02","00"," )!)"," *!("," +!'"," ,!&"," -!%"," .!$"," /!#"]},"2575":{"keys":[2,183],"grid":[" 0!!"," "," "," "," "," "," "," "," "," "," "," "," "," "," "," "]},"2573":{"keys":[2,183],"grid":[" "," "," "," "," "," "," "," "," "," "," "," "," ,!&"," (!*","13","13"]}},"5773":{"2627":{"keys":[2,183],"grid":[" "," "," "," "," "," "," "," "," "," "," "," ","!$ .","!# /","13","13"]},"2635":{"keys":[183,2],"grid":[" $!."," #!/","01","01","01"," !!0","05","05","05","05","!","!","!","!","!","!"]},"2634":{"keys":[183,2],"grid":[" '!+","00","00","00"," &!,","04","04","04"," %!-","08","08","08"," $!.","12","12","12"]},"2628":{"keys":[183,2],"grid":[" #!/","00","00","00","00"," #!) '"," !!! /"," "," "," "," "," "," "," "," "," "]},"2631":{"keys":[183,2],"grid":[" "," "," "," "," "," "," "," 0!!","07","07","07","07"," /!#","12","12","12"]},"2645":{"keys":[2,183],"grid":[" "," "," "," "," "," ","!+ '","!","!","!","!","!","!","!","!","!"]},"2633":{"keys":[183,2],"grid":[" +!'","00"," *!(","02","02","02"," )!)","06","06","06","06"," (!*","11","11","11"," '!+"]},"2632":{"keys":[183,2],"grid":[" .!$","00","00","00"," -!%","04","04","04","04"," ,!&","09","09","09"," +!'","13","13"]}},"5772":{"2627":{"keys":[2,183],"grid":[" "," "," "," "," "," "," "," "," "," ","!' +","!0 !","!","!","!","!"]},"2635":{"keys":[183,2],"grid":[" "," "," "," "," "," "," "," "," "," "," ","!! /!!","!) &!$","!","!","!"]},"2628":{"keys":[183,2],"grid":[" "," "," "," "," "," ","!! 0","!# /","07","06"," "," "," "," "," "," "]},"2645":{"keys":[2,183],"grid":[" "," "," "," "," "," (!$ '"," '!+","06","06"," &!,","09","09","09","09"," %!-","14"]},"2646":{"keys":[2,183],"grid":[" %!-","00","00"," $!.","03","03","03"," #!/","07","07"," !!0","10","10","10","!","!"]},"2647":{"keys":[183],"grid":[" "," "," "," "," "," "," "," "," "," "," "," "," "," "," "," "]}},"5775":{"2645":{"keys":[2],"grid":[" "," "," "," "," "," "," "," "," "," "," "," "," "," "," "," "]},"2646":{"keys":[183,2],"grid":[" !!0"," #!/"," %!, !"," &!+ !"," '!) #"," (!( #"," *!$ %"," "," "," "," "," "," "," "," "," "]}},"5774":{"2628":{"keys":[2,183],"grid":[" "," "," "," "," #!) '","!+ '","!* (","06","06","06","!) )","10","10","10","10","10"]},"2629":{"keys":[183,2],"grid":[" (!*","00","00","00","00"," '!+","05","05","05","05","05"," &!,","11","11","11","11"]},"2631":{"keys":[183,2],"grid":[" !!0","00","00","!","!","!","!","!","!","!","!","!","!","!","!","!"]},"2645":{"keys":[2,183],"grid":[" "," "," "," "," "," "," ","!! 0","!% -","!' +","!) )","!+ '","!, &","!. $","!/ #","!"]},"2630":{"keys":[183,2],"grid":[" &!,"," %!-","01","01","01","01","01"," $!.","07","07","07"," #!/","11","11"," !!0","14"]}},"5777":{"2643":{"keys":[2,183],"grid":[" "," "," "," "," "," "," "," "," "," "," "," "," "," -!%"," +!'"," *!("]},"2644":{"keys":[2,183],"grid":[" (!*","00"," '!+"," &!,"," %!-","04"," $!."," #!/"," !!0","08","!","!","!","!","!","!"]}},"5776":{"2644":{"keys":[2,183],"grid":[" "," "," "," "," "," "," "," "," "," "," "," 0!!"," /!#","12"," .!$"," -!%"]},"2645":{"keys":[2,183],"grid":[" ,!&","00"," +!'"," *!("," )!)","04"," (!*"," '!+","07"," &!,"," %!-","10"," $!."," #!/","13"," !!0"]},"2646":{"keys":[2,183],"grid":[" !!0","!","!","!","!","!","!","!","!","!","!","!","!","!","!","!"]}},"5779":{"2644":{"keys":[2,183],"grid":[" ","!& ,","!+ '","!0 !","!","!","!","!","!","!","!","!","!","!","!","!"]}},"5813":{"2626":{"keys":[2,183],"grid":[" "," "," "," "," /!#"," -!%"," +!'"," )!)"," '!+"," %!-"," #!/","!","!","!","!","!"]}},"5778":{"2643":{"keys":[2,183],"grid":[" "," "," "," "," "," "," "," "," "," "," "," "," ","!! 0","!' +","!, &"]},"2644":{"keys":[183],"grid":[" "," "," "," "," "," "," "," "," "," "," "," "," "," "," "," "]}},"5859":{"2648":{"keys":[2,183],"grid":[" "," "," "," "," "," "," "," "," "," ","!! 0","!# /","!$ .","!% -","!& ,","!' +"]},"2649":{"keys":[183,2],"grid":[" (!*"," )!)"," +!'"," ,!&"," -!%"," .!$"," /!#"," 0!!"," "," "," "," "," "," "," "," "]}},"5872":{"2664":{"keys":[183,2],"grid":[" )!)","00"," *!(","02"," +!'","04"," ,!&"," -!%","07"," .!$","09"," /!#","11"," 0!!","13"," "]},"2663":{"keys":[2,183],"grid":[" "," "," ","!! 0","03","!# /","05","!$ .","07","!% -","09","!& ,","!' +","12","!( *","14"]}},"5873":{"2666":{"keys":[183,2],"grid":[" -!%"," .!$"," /!#","02"," 0!!","04"," "," "," "," "," "," "," "," "," "," "]},"2664":{"keys":[2],"grid":[" "," "," "," "," "," "," "," "," "," "," "," "," "," "," "," "]},"2665":{"keys":[2,183],"grid":[" ","!! 0","01","!# /","!$ .","04","!% -","06","!& ,","08","!' +","10","!( *","12","!) )","!* !!# %"]}},"5870":{"2659":{"keys":[2,183],"grid":[" "," "," "," "," "," "," "," "," "," "," "," ","!! 0","12","!# /","!$ ."]},"2660":{"keys":[183,2],"grid":[" $!."," %!-"," &!,","02"," '!+","04"," (!*"," )!)","07"," *!(","09"," +!'"," ,!&","12"," -!%"," .!$"]},"2661":{"keys":[183,2],"grid":[" .!$"," /!#","01"," 0!!"," "," "," "," "," "," "," "," "," "," "," "," "]}},"5871":{"2662":{"keys":[183,2],"grid":[" '!+"," (!*","01"," )!)"," *!(","04"," +!'","06"," ,!&","08"," -!%","10"," .!$","12"," /!#","14"]},"2663":{"keys":[183,2],"grid":[" 0!!","00"," "," "," "," "," "," "," "," "," "," "," "," "," "," "]},"2661":{"keys":[2,183],"grid":[" "," "," "," "," "," ","!! 0","06","!# /","08","!$ .","!% -","11","!& ,","13","!' +"]}},"5876":{"2671":{"keys":[183,2],"grid":[" 0!!","00"," "," "," "," "," "," "," "," "," "," "," "," "," "," "]},"2670":{"keys":[183,2],"grid":[" &!,","00"," '!+"," (!*","03"," )!)","05"," *!("," +!'","08"," ,!&"," -!%","11"," .!$","13"," /!#"]},"2669":{"keys":[2,183],"grid":[" "," "," "," "," "," "," "," "," "," ","!! 0","!# /","11","!$ .","!% -","14"]}},"5877":{"2671":{"keys":[2,183],"grid":[" "," "," ","!! 0","03","!# /","05","!$ .","!% -","08","!& ,","10","!' +","!( *","13","!) )"]},"2672":{"keys":[183,2],"grid":[" )!)"," *!(","01"," +!'"," ,!&","04"," -!%","06"," .!$","08"," /!#","10"," 0!!"," "," "," "]}},"5874":{"2666":{"keys":[2,183],"grid":[" "," "," "," "," "," "," ","!! 0","07","!# /","!$ .","10","!% -","12","!& ,","!' +"]},"2667":{"keys":[183,2],"grid":[" '!+"," (!*","01"," )!)"," *!(","04"," +!'","06"," ,!&"," -!%","09"," .!$","11"," /!#"," 0!!","14"]},"2668":{"keys":[183],"grid":[" "," "," "," "," "," "," "," "," "," "," "," "," "," "," "," "]}},"5875":{"2668":{"keys":[2,183],"grid":[" "," ","!! 0","!# /","03","!$ .","!% -","06","!& ,","!( *","09","!) )","11","!* (","!+ '","14"]},"2669":{"keys":[183,2],"grid":[" ,!&"," -!%","01"," .!$","03"," /!#"," 0!!","06"," "," "," "," "," "," "," "," "]}},"5878":{"2673":{"keys":[183,2],"grid":[" !!0"," #!/","01"," $!."," %!-","04"," &!,","06"," '!+","08"," (!*"," )!)","11"," *!(","13"," +!'"]},"2672":{"keys":[2,183],"grid":[" "," "," "," "," "," "," "," "," "," "," "," "," "," "," ","!! 0"]},"2674":{"keys":[183,2],"grid":[" +!'"," ,!&"," -!%","02"," .!$","04"," /!#","06"," 0!!","08"," "," "," "," "," "," "]}},"5798":{"2637":{"keys":[2,183],"grid":[" ","!% -","!* (","!/ #","!","!","!","!","!","!","!","!","!","!","!","!"]}},"5799":{"2637":{"keys":[2,183],"grid":[" "," "," "," -!%","!% &!(","!","!","!","!","!","!","!","!","!","!","!"]}},"5663":{"2577":{"keys":[2,183],"grid":[" "," "," "," "," "," "," "," "," ","!! 0","!$ .","!& ,","!( *","!* (","!, &","!. $"]},"2578":{"keys":[183,2],"grid":[" 0!!"," "," "," "," "," "," "," "," "," "," "," "," "," "," "," "]}},"5662":{"2576":{"keys":[2,183],"grid":[" "," "," "," "," "," "," "," "," "," "," "," "," "," ","!! 0","!$ ."]},"2577":{"keys":[183,2],"grid":[" %!-"," &!,"," '!+"," )!)"," *!("," +!'"," ,!&"," .!$"," 0!!"," "," "," "," "," "," "," "]}},"5661":{"2576":{"keys":[2,183],"grid":[" "," "," "," "," ","!! 0","!% -","!' +","!) )","!+ '","!, &","!. $","!0 !","!","!","!"]}},"5660":{"2576":{"keys":[2,183],"grid":[" "," "," (!$ '"," '!( $"," &!+ !"," %!-"," $!.","06"," #!/"," !!0","!","!","!","!","!","!"]}},"5667":{"2574":{"keys":[2,183],"grid":[" "," "," ","!$ .","!' +","!) )","!+ '","!- %","!0 !","!","!","!","!","!","!","!"]}},"5666":{"2577":{"keys":[183,2],"grid":[" "," "," "," "," "," "," "," "," "," "," "," ","!! 0","12","!# /","14"]},"2574":{"keys":[2,183],"grid":[" "," "," "," ,!&","!","!","!","!","!","!","!","!","!","!","!","!"]},"2578":{"keys":[2,183],"grid":[" #!/"," $!.","01","01","01","01"," %!-","06","06","06","06","06","06","06","06","06"]},"2579":{"keys":[2,183],"grid":[" &!,","00","00","00","00","00","00","00","00","00","00","00"," #!/","!","!","!"]}},"5665":{"2578":{"keys":[2,183],"grid":[" "," "," "," #!$ ,","!& ,","!' +","05","05","!( *","08","08","!) )","11","!* (","13","13"]},"2579":{"keys":[183,2],"grid":[" +!'","00"," ,!&","02","02"," -!%","05","05"," .!$","08","08"," /!#","11"," "," "," "]},"2576":{"keys":[183,2],"grid":[" "," "," "," "," "," "," "," "," ","!- %","09","09","09","09","09","!. $"]},"2577":{"keys":[2,183],"grid":[" .!$","00","00","00","00","00"," /!#","06"," 0!!","08"," "," "," "," "," "," "]},"2574":{"keys":[183,2],"grid":[" .!$","00","00","00"," "," "," "," "," "," "," "," "," "," "," "," "]},"2573":{"keys":[2,183],"grid":[" "," "," "," "," "," "," "," ","!. $","08","08","08","08","08","08","08"]}},"5664":{"2576":{"keys":[2,183],"grid":[" &!,","00","00","00","00","00","00","00","00"," "," "," "," "," "," "," "]},"2574":{"keys":[2,183],"grid":[" *!(","00","00","00","00"," )!)","05","05","05","05"," (!*","10","10","10","10","10"]},"2575":{"keys":[2,183],"grid":[" '!+","00","00","00","00","00","00","00"," &!,","08","08","08","08","08","08","08"]},"2573":{"keys":[2,183],"grid":[" "," "," "," "," "," "," "," "," /!#"," +!'","09","09","09","09","09"," *!("]},"2578":{"keys":[2,183],"grid":[" ","!! 0","!$ .","!& ,","!( *","!+ &!!","!- !!$","!","!","!","!","!","!","!","!","!"]}},"5669":{"2575":{"keys":[2,183],"grid":[" "," ","!! 0","!# /","!$ .","!& ,","!' +","!( *","!* (","!+ '","!, &","!. $","!/ #","!","!","!"]}},"5668":{"2574":{"keys":[2,183],"grid":[" "," "," "," "," "," "," "," "," ","!! 0","!$ .","!& ,","!( *","!* (","!, &","!- %"]},"2575":{"keys":[183,2],"grid":[" /!#"," 0!!"," "," "," "," "," "," "," "," "," "," "," "," "," "," "]}},"5771":{"2635":{"keys":[183,2],"grid":[" "," "," "," "," "," "," "," "," ","!% -","!, &","!","!","!","!","!"]},"2628":{"keys":[2,183],"grid":[" .!$"," /!#","01"," 0!!"," "," "," "," "," "," "," ","03","03","01","00"," -!%"]},"2629":{"keys":[2,183],"grid":[" -!%"," ,!&"," +!'"," *!(","03"," )!)"," (!*"," '!+","07"," &!,"," %!-","10"," $!."," #!/"," !!0","14"]},"2627":{"keys":[2,183],"grid":[" "," "," "," "," "," "," "," "," "," )!' #"," *!("," +!'","11"," ,!&"," -!%","14"]},"2647":{"keys":[2,183],"grid":[" "," "," 0!!","02","02","02","!. !!#","!","!","!","!","!","!","!","!","!"]}},"5708":{"2583":{"keys":[183,2],"grid":[" )!)"," *!(","01"," +!'","03"," ,!&","05"," -!%","07"," .!$","09"," /!#","11"," 0!!","13"," "]},"2582":{"keys":[2,183],"grid":[" ","!! 0","01","01","!# /","!$ .","05","!% -","07","!& ,","09","!' +","11","!( *","13","!) )"]}},"5709":{"2586":{"keys":[183,2],"grid":[" 0!!","00"," "," "," "," "," "," "," "," "," "," "," "," "," "," "]},"2585":{"keys":[183,2],"grid":[" "," "," "," "," "," "," "," "," "," "," 0!!","10","10","10","10","10"]},"2584":{"keys":[183,2],"grid":[" !!0"," #!/"," $!."," &!,"," (!*"," *!("," ,!&"," .!$"," 0!!"," "," "," "," "," "," "," "]},"2583":{"keys":[2],"grid":[" "," "," "," "," "," "," "," "," "," "," "," "," "," "," "," "]}},"5704":{"2579":{"keys":[2,183],"grid":[" "," "," "," "," "," "," "," "," "," "," "," -!%"," ,!&"," +!'"," *!("," (!*"]},"2580":{"keys":[2,183],"grid":[" '!+"," &!,"," %!-"," $!."," !!0","!","!","!","!","!","!","!","!","!","!","!"]}},"5705":{"2579":{"keys":[2,183],"grid":[" "," "," "," "," "," "," "," "," "," "," ","!","!","!","!","!"]}},"5706":{"2579":{"keys":[2,183],"grid":[" "," "," "," "," "," "," "," "," "," "," ","!","!","!","!","!"]}},"5707":{"2579":{"keys":[2,183],"grid":[" "," "," "," "," "," "," "," "," "," "," '!! *","!) )","!* (","12","!+ '","14"]},"2582":{"keys":[183],"grid":[" "," "," "," "," "," "," "," "," "," "," "," "," "," "," "," "]},"2581":{"keys":[183,2],"grid":[" *!("," +!'","01"," ,!&","03","03"," -!%","06"," .!$","08"," /!#","10","10"," 0!!","13"," "]},"2580":{"keys":[183,2],"grid":[" ,!&"," +!'"," *!("," (!*"," '!+"," %!-"," $!.","05","05"," &!,","04","04","03","03"," )!)","02"]}},"5700":{"2580":{"keys":[2,183],"grid":[" "," "," "," "," "," ","!$ .","!( *","!+ '","!/ #","!","!","!","!","!","!"]}},"5701":{"2580":{"keys":[2,183],"grid":[" "," "," "," "," "," "," "," "," "," ","!# /","!' +","!* (","!. $","!","!"]}},"5702":{"2581":{"keys":[183,2],"grid":[" )!)"," .!$"," "," "," "," "," "," "," "," "," "," "," "," "," "," "]},"2580":{"keys":[2,183],"grid":[" "," "," "," "," "," "," "," "," "," "," "," "," "," ","!! 0","!& ,"]}},"5703":{"2581":{"keys":[2,183],"grid":[" %!-"," #!/","!","!","!","!","!","!","!","!","!","!","!","!","!","!"]},"2580":{"keys":[2,183],"grid":[" "," "," "," "," "," "," 0!!"," /!#"," .!$"," -!%"," ,!&"," *!("," )!)"," (!*"," '!+"," &!,"]}},"5784":{"2645":{"keys":[2,183],"grid":[" "," "," "," "," "," "," "," "," "," "," "," "," ","!# /","!& ,","!* ("]},"2646":{"keys":[183,2],"grid":[" -!%"," "," "," "," "," "," "," "," "," "," "," "," "," "," "," "]}},"5785":{"2646":{"keys":[2,183],"grid":[" "," ","!$ .","!( *","!' +","04","04","!& ,","07","07","07","!% -","11","11","07","07"]},"2647":{"keys":[183,2],"grid":[" *!("," .!$"," "," "," "," "," "," "," "," "," "," "," "," "," "," "]}},"5786":{"2648":{"keys":[183,2],"grid":[" %!-","00","00"," $!.","03","03"," #!/","06","06"," !!0","06","06","00"," )!)"," ,!&"," /!#"]},"2649":{"keys":[183,2],"grid":[" /!#","00","00","00","00"," .!$","05","05"," -!%","08","08"," ,!&","11","11","11","08"]},"2650":{"keys":[183,2],"grid":[" .!$"," 0!!"," "," "," "," "," "," "," "," "," "," "," "," "," "," "]},"2647":{"keys":[2,183],"grid":[" "," ","!! 0","!% -","!) )","!( *","05","05","05","!' +","09","09","!& ,","12","12","03"]}},"5787":{"2650":{"keys":[2,183],"grid":[" "," ","!! 0","!$ .","!& ,","!' +","!) )","!+ '","!- %","!/ #","!0 !","!","!","!","!","!"]}},"5780":{"2644":{"keys":[2,183],"grid":[" "," "," "," ","!% -","!* (","!. $","!","!","!","!","!","!","!","!","!"]}},"5868":{"2657":{"keys":[183,2],"grid":[" &!,"," '!+"," (!*"," )!)"," *!("," +!'"," ,!&"," -!%"," /!#"," 0!!","09"," "," "," "," "," "]},"2656":{"keys":[2,183],"grid":[" "," "," "," "," "," "," "," "," "," "," "," "," ","!! 0","!# /","!$ ."]}},"5782":{"2647":{"keys":[2,183],"grid":[" "," "," ","!$ .","!) )","!. $","!","!","!","!","!","!","!","!","!","!"]}},"5783":{"2645":{"keys":[2,183],"grid":[" "," "," "," "," "," "," "," "," "," "," "," "," -!# #"," +!'","13","13"]},"2646":{"keys":[2,183],"grid":[" +!'","00"," *!(","02","02","02","02"," )!)","07","07","07","07"," (!*","12","12","12"]},"2647":{"keys":[2,183],"grid":[" (!*"," '!+","01","01","01"," &!,","!# #!-","!","!","!","!","!","!","!","!","!"]}},"5865":{"2654":{"keys":[2,183],"grid":[" ","!! 0","!# /","!$ .","!% -","!& ,","!' +","!( *","!) )","!+ '","!, &","!- %","!. $","!/ #","!0 !","!"]}},"5864":{"2653":{"keys":[2,183],"grid":[" "," "," ","!! 0","!# /","!$ .","!& ,","!' +","!( *","!) )","!* (","!+ '","!, &","!- %","!. $","!/ #"]},"2654":{"keys":[183],"grid":[" "," "," "," "," "," "," "," "," "," "," "," "," "," "," "," "]}},"5867":{"2656":{"keys":[183,2],"grid":[" $!."," %!-"," &!,"," '!+"," (!*"," )!)"," *!("," ,!&"," -!%"," .!$"," /!#"," 0!!"," "," "," "," "]},"2655":{"keys":[2,183],"grid":[" "," "," "," "," "," "," "," "," "," "," "," "," "," ","!! 0","!# /"]}},"5866":{"2655":{"keys":[183,2],"grid":[" !!0"," #!/"," $!."," &!,"," '!+"," (!*"," )!)"," *!("," +!'"," ,!&"," -!%"," .!$"," /!#"," "," "," "]},"2654":{"keys":[2],"grid":[" "," "," "," "," "," "," "," "," "," "," "," "," "," "," "," "]}},"5861":{"2651":{"keys":[183,2],"grid":[" ,!&"," -!%"," .!$"," /!#"," 0!!"," "," "," "," "," "," "," "," "," "," "," "]},"2650":{"keys":[2,183],"grid":[" "," "," "," "," "," "," ","!! 0","!# /","!$ .","!% -","!& ,","!' +","!( *","!) )","!+ '"]}},"5789":{"2648":{"keys":[2,183],"grid":[" "," "," "," "," "," "," "," "," "," "," "," "," "," "," 0!!","14"]},"2649":{"keys":[2,183],"grid":[" /!#","00"," .!$","02"," -!%","04"," ,!&","06"," +!'","08"," *!(","10"," )!)","12"," (!*","14"]},"2643":{"keys":[2],"grid":[" "," "," "," "," "," "," "," "," "," "," "," "," "," "," "," "]},"2650":{"keys":[2,183],"grid":[" '!+","00"," &!,","02"," %!-","04"," $!.","06"," #!/","08"," !!0","10","!","!","!","!"]},"2644":{"keys":[2,183],"grid":[" 0!!","00","00","00"," /!#","04","04","04"," .!$","08","08","08"," -!%","12","12","12"]},"2645":{"keys":[2,183],"grid":[" ,!&","00","00","00"," +!'","04","04","04","04","04","04","04","04","04","04","00"]},"2646":{"keys":[2,183],"grid":[" /!#"," "," "," "," "," "," "," "," "," "," "," "," "," "," "," "]}},"5863":{"2653":{"keys":[183,2],"grid":[" /!#"," 0!!"," "," "," "," "," "," "," "," "," "," "," "," "," "," "]},"2652":{"keys":[2,183],"grid":[" "," "," "," ","!! 0","!# /","!$ .","!% -","!& ,","!' +","!( *","!) )","!+ '","!, &","!- %","!. $"]}},"5781":{"2644":{"keys":[2,183],"grid":[" "," "," "," "," "," "," ","!# /","!( *","!) )","09","!* (","09","09","09","09"]},"2645":{"keys":[183,2],"grid":[" )!)","00","00"," (!*","03","03","03","03"," '!+","08","08","08","08","08"," &!,","14"]},"2646":{"keys":[183,2],"grid":[" &!,","00","00"," %!-","03","03","03","03","03"," $!.","09","09","09","09","09","09"]},"2647":{"keys":[183,2],"grid":[" &!,"," *!("," /!#"," "," "," "," "," "," "," "," "," "," "," "," "," "]}},"5697":{"2582":{"keys":[2,183],"grid":[" "," "," "," "," "," "," "," "," "," "," 0!!"," -!%"," +!'"," (!*"," %!-"," !!0"]}},"5835":{"2617":{"keys":[2,183],"grid":[" "," "," "," "," "," "," ","!$ .","!' +","!* (","!. $","!","!","!","!","!"]},"2623":{"keys":[183,2],"grid":[" "," "," "," "," "," "," "," "," "," "," "," "," +!% #"," )!)","13","13"]},"2626":{"keys":[183,2],"grid":[" +!'"," ,!&"," -!%","02"," .!$"," /!#"," 0!!","06"," "," "," "," "," "," "," "," "]},"2624":{"keys":[183,2],"grid":[" )!)","00","00"," (!*","03","03","03","03","03","03","03","03"," '!+","12","12","12"]},"2625":{"keys":[183,2],"grid":[" '!+","00","00","00"," &!,","04","04","04","04","04","04","00"," (!*"," )!)","13"," *!("]}},"5658":{"2579":{"keys":[2,183],"grid":[" "," "," "," "," "," "," "," "," "," "," "," "," "," "," 0!!"," /!#"]},"2582":{"keys":[2,183],"grid":[" %!-","00"," $!.","02"," #!/","04"," !!0","06","06","04","04","04","04","04","!","!"]},"2581":{"keys":[183,2],"grid":[" "," "," "," "," "," "," "," "," ","!# /","!% -","!' +","11","!& ,","13","10"]},"2580":{"keys":[2,183],"grid":[" -!%"," ,!&"," *!("," (!*"," '!+"," %!-"," #!/","!","!","!","!","!","!","!","!","!"]}},"5659":{"2576":{"keys":[2,183],"grid":[" "," "," "," "," "," "," "," "," "," "," "," 0!!"," /!#"," .!$","13"," -!%"]},"2577":{"keys":[2,183],"grid":[" ,!&","00","00"," +!'","03","00","00","00"," -!%","08"," .!$","10","10","10","10","10"]},"2578":{"keys":[2,183],"grid":[" .!$","00"," '!+","02","02","02","02","02","02","02"," (!*","10"," )!)","12","12","12"]},"2579":{"keys":[2,183],"grid":[" )!)"," (!*","01"," '!+","03","03"," &!,","06"," %!-","08"," $!."," #!/"," !!0","!","!","!"]}},"5656":{"2582":{"keys":[2,183],"grid":[" "," "," "," "," "," "," .!# !"," )!( !"," #!. !"," !!/ !","09"," !!0"," #!/","!","!","!"]}},"5657":{"2583":{"keys":[2,183],"grid":[" .!$","!! +!&","!$ (!'","!( !!)","!","!","!","!","!","!","!","!","!","!","!","!"]},"2582":{"keys":[2,183],"grid":[" "," "," "," "," "," "," "," "," "," "," "," "," "," "," "," /!#"]},"2581":{"keys":[2,183],"grid":[" /!#","00","00","00","00","00","00","00"," "," "," "," "," "," "," "," "]},"2580":{"keys":[2,183],"grid":[" "," "," "," "," "," "," "," "," /!#"," .!$","09","08","08","08","08","08"]}},"5654":{"2583":{"keys":[2,183],"grid":[" "," -!%"," )!)"," !!0","!","!","!","!","!","!","!","!","!","!","!","!"]}},"5655":{"2583":{"keys":[183],"grid":[" "," "," "," "," "," "," "," "," "," "," "," "," "," "," "," "]},"2582":{"keys":[2,183],"grid":[" "," "," "," "," "," "," "," "," "," "," "," "," "," .!$"," )!)"," $!."]}},"5652":{"2583":{"keys":[183,2],"grid":[" %!-"," *!("," /!#"," "," "," "," "," "," "," "," "," "," "," "," "," "]},"2582":{"keys":[2],"grid":[" "," "," "," "," "," "," "," "," "," "," "," "," "," "," "," "]}},"5653":{"2583":{"keys":[2,183],"grid":[" "," "," ","!$ .","!( $!'","!","!","!","!","!","!","!","!","!","!","!"]}},"5650":{"2587":{"keys":[183,2],"grid":[" "," "," "," "," "," "," "," "," "," "," "," "," "," ","!# /","!& ,"]},"2583":{"keys":[183,2],"grid":[" &!,","00"," '!+","02"," (!*","04"," )!)","06"," *!(","08"," +!'","10"," -!%"," .!$"," 0!!"," "]},"2582":{"keys":[2],"grid":[" "," "," "," "," "," "," "," "," "," "," "," "," "," "," "," "]},"2588":{"keys":[2,183],"grid":[" (!*"," *!(","01","01","01","01"," )!)"," '!+"," #!/","!","!","!","!","!","!","!"]}},"5651":{"2583":{"keys":[2,183],"grid":[" )!)","00","00","00","00","00"," (!*","06","06","06","06","06","06","06","06","!"]},"2582":{"keys":[2,183],"grid":[" "," "," "," "," "," "," "," "," "," "," "," "," "," "," "," *!' !"]}},"5649":{"2587":{"keys":[2,183],"grid":[" %!-","00","00","00"," &!,","04"," '!+"," (!*","07"," )!)","09"," *!("," +!'"," -!%"," /!#"," "]},"2586":{"keys":[183,2],"grid":[" "," "," "," "," "," "," "," "," ","!# /","!% -","10","10","10","10","10"]},"2583":{"keys":[2,183],"grid":[" ,!&"," +!'"," )!)"," (!*"," '!+"," %!-"," $!."," #!/","!","!","!","!","!","!","!","!"]},"2582":{"keys":[2],"grid":[" "," "," "," "," "," "," "," "," "," "," "," "," "," "," "," "]},"2588":{"keys":[2,183],"grid":[" "," "," "," "," "," "," "," "," "," /!#"," +!'"," (!*"," %!-"," !!0","!","!"]}},"5719":{"2623":{"keys":[2,183],"grid":[" "," "," "," ","!' +","!","!","!","!","!","!","!","!","!","!","!"]}},"5718":{"2604":{"keys":[2,183],"grid":[" "," "," "," "," ","!& ,","05","05","05","05","05","05","!% -","12","12","12"]},"2605":{"keys":[183,2],"grid":[" %!-","00","00","00","00","00","00","00","00","00","00","00","00","00"," $!.","14"]},"2606":{"keys":[183,2],"grid":[" $!.","00","00","00","00","00","00","00","00","00","00","00","00","!","!","!"]},"2624":{"keys":[2,183],"grid":[" #!/","00"," !!0","02","02","!","!","!","!","!","!","!","!","!","!","!"]},"2623":{"keys":[2,183],"grid":[" "," "," "," (!! )"," '!+","04"," &!,","06","06"," %!-","09","09"," $!.","12","12"," #!/"]}},"5717":{"2604":{"keys":[183,2],"grid":[" #!/","00","00","00","00"," "," "," "," "," "," "," "," "," "," "," "]},"2606":{"keys":[183,2],"grid":[" "," "," "," "," "," "," "," "," "," "," ","!# /","!, &","!","!","!"]},"2625":{"keys":[2,183],"grid":[" (!*"," '!+"," &!,"," %!-"," $!."," #!/"," !!0","!","!","!","!","!","!","!","!","!"]},"2624":{"keys":[2,183],"grid":[" "," "," "," "," "," "," "," "," "," 0!!"," /!#"," .!$"," -!%"," ,!&"," +!'"," )!)"]},"2603":{"keys":[2,183],"grid":[" "," "," "," "," "," "," "," ","!! 0","08","08","08","!# /","12","12","12"]}},"5788":{"2651":{"keys":[183,2],"grid":[" ,!$ #"," "," "," "," "," "," "," "," "," "," "," "," "," "," "," "]},"2650":{"keys":[2,183],"grid":[" "," "," "," "," "," "," "," "," "," "," ","!! 0","!$ .","!& ,","!' *!!","!) (!!"]}},"5715":{"2607":{"keys":[183,2],"grid":[" "," "," "," "," "," "," 0!!"," /!#"," .!$","08"," -!%"," ,!&","11"," +!'","13"," *!("]},"2626":{"keys":[183,2],"grid":[" !!0"," #!/"," $!."," %!-","03"," &!,"," '!+"," (!) !"," )!' #"," )!& $"," *!$ %"," +!! &"," "," "," "," "]},"2611":{"keys":[183,2],"grid":[" +!'","00","00","00","00","00","00","00","00"," *!(","09","09","09","09","09","09"]},"2602":{"keys":[2,183],"grid":[" "," "," "," "," "," "," "," "," "," "," "," "," "," "," ","!"]},"2610":{"keys":[183,2],"grid":[" *!(","00","00","00","00","00","00","00","00","00"," +!'","10","10","10","10","10"]},"2625":{"keys":[2],"grid":[" "," "," "," "," "," "," "," "," "," "," "," "," "," "," "," "]},"2608":{"keys":[183,2],"grid":[" *!(","00"," )!)","02","02","02","02","02","02","02","02","02","02","00","00","00"]},"2609":{"keys":[183,2],"grid":[" *!(","00","00","00","00","00","00","00","00","00","00","00","00","00","00","00"]},"2618":{"keys":[183,2],"grid":[" "," ","!% -","!* (","!/ #","!","!","!","!","!","!","!","!","!","!","!"]},"2612":{"keys":[183,2],"grid":[" *!(","00","00","00"," +!'","04","04","04"," "," "," "," "," "," "," "," "]}},"5714":{"2617":{"keys":[183,2],"grid":[" "," "," "," "," "," ","!$ .","06","06","06","06","06","06","06","06","!( *"]},"2623":{"keys":[2,183],"grid":[" "," "," ","!# /","03","03","03","03","!! 0","08","08","08","08","08","08","08"]},"2624":{"keys":[183,2],"grid":[" #!/"," +!'"," ,!&","02","02","02","02","02","01","01","01","01","01","01"," *!(","14"]},"2602":{"keys":[2,183],"grid":[" "," "," "," "," "," "," "," "," "," "," "," "," "," "," "," 0!!"]},"2625":{"keys":[183,2],"grid":[" *!(","00","00","00"," )!)","04","04","00"," +!'"," ,!&"," -!%"," .!$"," /!#"," 0!!"," "," "]},"2618":{"keys":[2,183],"grid":[" -!%"," "," "," "," "," "," "," "," "," "," "," "," "," "," "," "]}},"5713":{"2617":{"keys":[183,2],"grid":[" "," "," "," "," "," ","!! %!,","!","!","!","!","!","!","!","!","!"]},"2622":{"keys":[183,2],"grid":[" &!,","00","00","00","00","00","00","!","!","!","!","!","!","!","!","!"]},"2620":{"keys":[183,2],"grid":[" &!,","00","00","00","00","00","00","00","00","00","00","00","00","00","00","00"]},"2621":{"keys":[183,2],"grid":[" &!,","00","00","00","00","00","00","00","00","00","00","00","00","00","00","00"]},"2600":{"keys":[2,183],"grid":[" "," "," "," "," "," "," "," "," "," "," "," "," "," "," ","!! 0"]},"2601":{"keys":[183,2],"grid":[" !!0"," #!/","01"," $!."," %!-","04"," &!,","06"," '!+","08","08"," (!*","11","11"," )!)","14"]},"2602":{"keys":[183,2],"grid":[" *!("," +!'"," ,!&"," -!%","03"," .!$"," /!#","06","06","06","06","05","05","05","06","06"]},"2623":{"keys":[183,2],"grid":[" !!0"," )!)"," 0!!"," "," "," "," "," "," "," "," "," "," "," "," "," "]},"2619":{"keys":[2,183],"grid":[" "," "," "," "," "," "," "," "," "," "," ","!! 0","!& ,","12","12","12"]}},"5712":{"2617":{"keys":[183,2],"grid":[" "," "," "," "," "," ","!","!","!","!","!","!","!","!","!","!"]},"2587":{"keys":[2,183],"grid":[" "," "," "," "," "," "," "," "," "," "," ","!! 0","!# /","!$ .","12","11"]},"2597":{"keys":[183,2],"grid":[" !!0"," #!/"," $!.","02","02","02","02","02"," %!-","08","08","08","08","08","08"," &!,"]},"2600":{"keys":[183,2],"grid":[" (!*"," )!)","01"," *!("," +!'","04"," ,!&"," -!%","07"," .!$"," /!#","10"," 0!!","12"," "," "]},"2623":{"keys":[183],"grid":[" "," "," "," "," "," "," "," "," "," "," "," "," "," "," "," "]},"2598":{"keys":[183,2],"grid":[" &!,"," %!-"," $!.","02"," #!/"," !!0","!","!","!","!","!","05","04","04","02","01"]},"2599":{"keys":[183,2],"grid":[" %!-"," &!,","01","01"," '!+","04","04","04","04"," (!*","09","09","09","09","09","09"]},"2619":{"keys":[2,183],"grid":[" "," "," "," "," "," "," "," "," "," "," ","!","!","!","!","!"]},"2588":{"keys":[2],"grid":[" "," "," "," "," "," "," "," "," "," "," "," "," "," "," "," "]},"2622":{"keys":[183,2],"grid":[" "," "," "," "," "," "," "," 0!!","07","07","07","07","07","07","07","07"]}},"5711":{"2594":{"keys":[183,2],"grid":[" (!*","00","00"," '!+","03"," &!,","05"," %!-","07","07"," $!.","10","10"," #!/","13"," !!0"]},"2595":{"keys":[183,2],"grid":[" !!0","!","!","!","!","!","!","!","!","!","!","!","!","!","!","!"]},"2596":{"keys":[2,183],"grid":[" ","!! 0","!# /","!$ .","03","!% -","!& ,","06","!' +","!( *","!) )","10","!+ '","!, &","!. $","!/ #"]},"2597":{"keys":[183],"grid":[" "," "," "," "," "," "," "," "," "," "," "," "," "," "," "," "]},"2590":{"keys":[183,2],"grid":[" .!$","00","00","00","00","00","00"," -!%","07"," ,!&","09"," +!'"," *!(","12","12","12"]},"2591":{"keys":[183,2],"grid":[" *!(","00","00","00","00","00","00","00","00","00"," (!*"," &!,"," %!-"," $!.","12","11"]},"2592":{"keys":[183,2],"grid":[" '!+"," (!*"," )!)"," *!("," +!'"," ,!&"," -!%"," .!$","07","07","07","06","06","06","05","05"]},"2593":{"keys":[183,2],"grid":[" ,!&","00","00","00"," +!'","04","04","04","04","04"," *!(","10","10","10"," )!)","14"]},"2598":{"keys":[183,2],"grid":[" "," "," "," "," "," "," "," 0!!","07"," "," "," "," "," "," "," "]},"2619":{"keys":[183,2],"grid":[" ,!&","00","00","00"," +!'","04","04","04","04","04","04"," "," "," "," "," "]},"2618":{"keys":[183,2],"grid":[" ,!&","00","00","00","00","00","00","00","00","00","00","00","00","00","00","00"]},"2587":{"keys":[183,2],"grid":[" $!."," %!-"," &!,"," (!*"," )!)"," *!("," +!'"," -!%"," .!$"," /!#"," 0!!"," "," "," "," "," "]},"2617":{"keys":[183,2],"grid":[" "," "," "," "," "," +!& !"," +!'","06","06","06","06","06","06","06","06","06"]},"2586":{"keys":[2,183],"grid":[" "," "," "," "," "," "," "," "," "," "," "," "," "," "," ","!# /"]},"2589":{"keys":[183,2],"grid":[" (!*"," )!)"," .!$","02","02","02","02","02","02","02","02","02","02","02","02","02"]},"2588":{"keys":[183,2],"grid":[" "," 0!!"," /!#"," .!$"," ,!&"," +!'"," *!("," )!)","07"," (!*","09","09","09","09","09","09"]}},"5860":{"2649":{"keys":[2,183],"grid":[" "," "," "," "," "," "," "," "," ","!! 0","!# /","!% -","!& ,","!' +","!( *","!) )"]},"2650":{"keys":[183,2],"grid":[" *!("," +!'"," ,!&"," -!%"," .!$"," 0!!"," "," "," "," "," "," "," "," "," "," "]}},"5818":{"2625":{"keys":[2,183],"grid":[" "," "," "," "," 0!!"," -!%"," +!'"," (!*"," &!,"," $!."," !!0","!","!","!","!","!"]}},"5819":{"2624":{"keys":[2,183],"grid":[" "," "," "," "," "," "," "," "," "," "," "," "," "," 0!!"," .!$"," ,!&"]},"2625":{"keys":[2,183],"grid":[" *!("," '!+"," %!-"," !!0","!","!","!","!","!","!","!","!","!","!","!","!"]}},"5795":{"2640":{"keys":[2,183],"grid":[" $!.","00"," #!/","02","02","02","02"," !!0","07","07","07","!","!","!","!","!"]},"2639":{"keys":[2,183],"grid":[" "," "," "," "," "," "," "," "," "," "," "," "," %!# +"," %!( &"," $!- !"," $!."]}},"5794":{"2640":{"keys":[2],"grid":[" "," "," "," "," "," "," "," "," "," "," "," "," "," "," "," "]},"2641":{"keys":[2,183],"grid":[" 0!!","00","00","00"," /!#","04","04","04","04"," .!$","09","09","09"," -!%","13","13"]},"2642":{"keys":[2,183],"grid":[" -!%","00"," ,!&","02","02","02"," +!'","06","06","06","06"," *!(","11","11","11"," )!)"]},"2643":{"keys":[183,2],"grid":[" $!$ +"," "," "," "," "," "," "," "," "," "," "," "," "," "," "," "]}},"5793":{"2642":{"keys":[2,183],"grid":[" "," "," "," "," "," "," "," "," "," "," "," "," ","!& ,","!+ '","!/ #"]}},"5792":{"2642":{"keys":[2,183],"grid":[" "," "," "," "," "," "," "," "," "," ","!& ,","!+ '","!0 !","!","!","!"]}},"5791":{"2642":{"keys":[2,183],"grid":[" "," "," "," "," "," ","!# /","!( *","!, &","!","!","!","!","!","!","!"]}},"5790":{"2648":{"keys":[2,183],"grid":[" (!*"," '!+","01"," &!,","03"," %!-","05"," $!.","07"," #!/","09"," !!0","!","!","!","!"]},"2642":{"keys":[2,183],"grid":[" "," "," "," "," "," )!' #"," (!*","06"," '!+"," &!,","09","09","09"," %!-","13","13"]},"2643":{"keys":[2,183],"grid":[" %!-"," $!.","01","01","01"," #!/","05","05","05"," !!0","09","09","09","!","!","!"]},"2646":{"keys":[183,2],"grid":[" ","!! 0","!$ .","02","02","02","!% -","!( *","!* (","!- %","!0 !","10","10","!","!","10"]},"2647":{"keys":[2,183],"grid":[" 0!!"," /!#","01","01"," .!$","04"," -!%","06"," ,!&"," +!'","09"," *!(","11"," )!)","13"," (!*"]}},"5810":{"2631":{"keys":[2,183],"grid":[" "," "," "," "," "," "," "," "," "," "," "," "," "," "," 0!!"," /!#"]},"2632":{"keys":[2,183],"grid":[" -!%"," ,!&"," +!'"," *!("," (!*"," '!+"," &!,"," %!-"," $!."," #!/"," !!0","!","!","!","!","!"]}},"5811":{"2628":{"keys":[2,183],"grid":[" )!)"," *!(","01"," +!'"," ,!&","04"," -!%","06"," .!$"," /!#","09"," 0!!","11"," "," "," "]},"2631":{"keys":[2,183],"grid":[" "," "," "," "," "," "," "," "," "," "," "," "," '!+","!","!","!"]},"2627":{"keys":[2,183],"grid":[" "," "," "," "," 0!!"," .!$"," ,!&"," *!("," (!*"," &!,","09","09"," '!+","08","08"," )!)"]}},"5812":{"2626":{"keys":[2,183],"grid":[" "," "," "," "," "," "," "," "," "," "," "," "," /!#"," -!%"," +!'"," )!)"]},"2627":{"keys":[2,183],"grid":[" '!+"," %!-"," $!."," !!0","!","!","!","!","!","!","!","!","!","!","!","!"]},"2628":{"keys":[183,2],"grid":[" "," "," "," "," "," "," "," "," "," "," "," "," "," "," ","!! 0"]},"2629":{"keys":[2,183],"grid":[" #!/","00"," $!.","02"," %!-","04"," &!,"," '!+","07"," (!*","09"," )!)","11"," *!("," +!'","14"]},"2631":{"keys":[2,183],"grid":[" -!%"," ,!&","01","01","01"," &!,"," $!."," #!/","07","07","07"," !!0","!","!","!","!"]},"2630":{"keys":[2,183],"grid":[" ,!&","00"," -!%"," .!$","03","03","03","03","03","03","02","02","02","02","02","02"]}},"5862":{"2652":{"keys":[183,2],"grid":[" -!%"," .!$"," 0!!"," "," "," "," "," "," "," "," "," "," "," "," "," "]},"2651":{"keys":[2,183],"grid":[" "," "," "," "," "," ","!! 0","!# /","!$ .","!& ,","!' +","!( *","!) )","!* (","!+ '","!, &"]}},"5814":{"2626":{"keys":[2,183],"grid":[" '!+"," %!-"," #!/","!","!","!","!","!","!","!","!","!","!","!","!","!"]},"2625":{"keys":[2,183],"grid":[" "," "," "," "," "," "," "," "," "," "," "," "," "," ,!# $"," *!' !"," )!)"]}},"5815":{"2626":{"keys":[183,2],"grid":[" %!-"," '!+"," )!)"," +!'"," .!$"," 0!!"," "," "," "," "," "," "," "," "," "," "]},"2625":{"keys":[2,183],"grid":[" "," "," "," "," "," "," "," "," "," "," "," "," "," "," ","!# /"]}},"5816":{"2626":{"keys":[2,183],"grid":[" "," "," "," "," .!$"," ,!&","!# '!)","!","!","!","!","!","!","!","!","!"]}},"5817":{"2626":{"keys":[2,183],"grid":[" '!+"," %!-"," #!/","!","!","!","!","!","!","!","!","!","!","!","!","!"]},"2625":{"keys":[2,183],"grid":[" "," "," "," "," "," "," "," "," "," "," "," "," /!#"," -!%"," +!'"," )!)"]}},"5857":{"2646":{"keys":[2,183],"grid":[" "," "," "," "," "," "," "," "," "," "," "," "," ","!! 0","!# /","!$ ."]},"2647":{"keys":[183,2],"grid":[" %!-"," &!,"," '!+"," (!*"," *!("," +!'"," ,!&"," -!%"," .!$"," /!#"," 0!!"," "," "," "," "," "]}},"5883":{"2684":{"keys":[183,2],"grid":[" 0!!","00"," "," "," "," "," "," "," "," "," "," "," "," "," "," "]},"2682":{"keys":[2,183],"grid":[" "," "," "," ","!! 0","!# /","05","!$ .","07","!% -","09","!& ,","11","!' +","13","!( *"]},"2683":{"keys":[183,2],"grid":[" (!*"," )!)","01"," *!(","03"," +!'","05"," ,!&","07"," -!%","09"," .!$","11"," /!#","13"," 0!!"]}},"5648":{"2586":{"keys":[2,183],"grid":[" (!*","00"," )!)"," *!(","03"," +!'"," ,!&"," -!%","07"," .!# !"," "," "," "," "," "," "]},"2585":{"keys":[183,2],"grid":[" "," "," "," "," "," "," "," ","!! 0","08","!# /","!$ .","!% -","12","!& ,","!' +"]},"2584":{"keys":[183,2],"grid":[" ","!$ .","01","01","01","!% -","05","05","05","!& ,","09","09","09","09","!' +","09"]},"2583":{"keys":[2,183],"grid":[" "," "," "," "," "," ","!! 0","!% -","!( *","!+ &!!","!. !!#","!","!","!","!","!"]},"2591":{"keys":[2,183],"grid":[" %!-"," $!."," #!/"," !!0","!","!","!","!","!","!","02","01"," &!,"," '!+"," (!*"," )!)"]},"2592":{"keys":[2,183],"grid":[" ,!&","00","00"," -!%","03","00"," '!+"," !!0","!","!","!","!","!","!","!","!"]},"2589":{"keys":[2,183],"grid":[" .!$","00","00","00","00","00","00","00","00","00","00","00","00","00","00","00"]},"2588":{"keys":[2,183],"grid":[" "," "," "," "," "," "," "," "," "," "," "," "," "," "," 0!!"," .!$"]},"2590":{"keys":[2,183],"grid":[" .!$","00","00","00","00","00","00","00","00"," -!%"," ,!&"," *!("," )!)"," (!*"," '!+"," &!,"]}},"5881":{"2679":{"keys":[183,2],"grid":[" &!,","00"," '!+","02"," (!*"," )!)","05"," *!(","07"," +!'","09"," ,!&","11"," -!%"," .!$","14"]},"2678":{"keys":[2,183],"grid":[" "," "," "," "," "," "," "," "," ","!! 0","!# /","10","!$ .","12","!% -","14"]},"2680":{"keys":[183,2],"grid":[" /!#","00"," 0!!","02"," "," "," "," "," "," "," "," "," "," "," "," "]}},"5880":{"2678":{"keys":[183,2],"grid":[" -!%"," .!$","01"," /!#","03"," 0!!","05"," "," "," "," "," "," "," "," "," "]},"2677":{"keys":[183,2],"grid":[" &!,"," '!+","01"," (!*"," )!)","04"," *!(","06"," +!'","08"," ,!&"," -!%","11"," .!$","13"," /!#"]},"2676":{"keys":[2,183],"grid":[" "," "," "," "," "," "," "," ","!! 0","08","!# /","10","!$ .","12","!% -","!& ,"]}},"5887":{"2689":{"keys":[2,183],"grid":[" "," "," "," "," "," "," "," "," "," ","!! 0","10","!# /","12","!$ .","!% -"]},"2691":{"keys":[183,2],"grid":[" .!$","00"," /!#","02"," 0!!","04"," "," "," "," "," "," "," "," "," "," "]},"2690":{"keys":[183,2],"grid":[" %!-"," &!,","01"," '!+","03"," (!*","05"," )!)","07"," *!(","09"," +!'","11"," ,!&"," -!%","14"]}},"5886":{"2687":{"keys":[2,183],"grid":[" "," "," "," "," "," "," "," "," "," "," "," ","!! 0","12","!# /","14"]},"2688":{"keys":[183,2],"grid":[" $!."," %!-","01"," &!,","03"," '!+","05"," (!*","07"," )!)","09"," *!(","11"," +!'","13"," ,!&"]},"2689":{"keys":[183,2],"grid":[" -!%","00"," .!$","02"," /!#","04"," 0!!","06"," "," "," "," "," "," "," "," "]}},"5885":{"2685":{"keys":[2,183],"grid":[" "," "," "," "," "," "," "," "," "," "," "," "," "," ","!! 0","14"]},"2686":{"keys":[183,2],"grid":[" #!/","00"," $!."," %!-","03"," &!,","05"," '!+","07"," (!*","09"," )!)","11"," *!(","13"," +!'"]},"2687":{"keys":[183,2],"grid":[" +!'"," ,!&"," -!%","02"," .!$","04"," /!#","06"," 0!!","08"," "," "," "," "," "," "]}},"5884":{"2684":{"keys":[2,183],"grid":[" "," "," "," ","!! 0","04","!# /","!$ .","07","!% -","!& ,","10","!' +","12","!( *","!) )"]},"2685":{"keys":[183,2],"grid":[" )!)"," *!("," +!'","02"," ,!&","04"," -!%"," .!$","07"," /!#"," 0!!","10"," "," "," "," "]}},"5641":{"2591":{"keys":[2,183],"grid":[" "," "," "," "," "," "," "," "," "," "," "," "," %!# +","!) )","!, &","!. $"]},"2592":{"keys":[183,2],"grid":[" 0!!"," "," "," "," "," "," "," "," "," "," "," "," "," "," "," "]}},"5640":{"2591":{"keys":[2,183],"grid":[" "," "," "," "," "," "," "," "," "," "," "," "," "," "," ,!&"," (!*"]},"2592":{"keys":[2,183],"grid":[" $!.","!","!","!","!","!","!","!","!","!","!","!","!","!","!","!"]}},"5643":{"2592":{"keys":[2,183],"grid":[" "," "," "," "," "," "," "," "," ","!# /","!% -","!' +","!) )","!+ '","!- %","!/ #"]},"2593":{"keys":[183],"grid":[" "," "," "," "," "," "," "," "," "," "," "," "," "," "," "," "]}},"5642":{"2592":{"keys":[2,183],"grid":[" ","!! 0","!$ .","!& ,","!( *","!* (","!, &","!. $","!","!","!","!","!","!","!","!"]}},"5645":{"2592":{"keys":[2,183],"grid":[" "," "," "," "," "," "," "," "," "," "," "," "," "," +!'"," %!-","!"]}},"5644":{"2592":{"keys":[2,183],"grid":[" "," "," "," "," "," "," "," "," "," "," "," "," "," "," "," .!$"]},"2593":{"keys":[2,183],"grid":[" (!*","!","!","!","!","!","!","!","!","!","!","!","!","!","!","!"]}},"5647":{"2585":{"keys":[2,183],"grid":[" "," -!%","01"," .!$"," /!#","04"," 0!!"," "," "," "," "," "," "," "," "," "]},"2584":{"keys":[2,183],"grid":[" (!*"," "," "," "," "," "," "," "," "," "," "," "," "," "," "," "]},"2583":{"keys":[2,183],"grid":[" "," "," "," "," (!% &"," (!( #"," (!*","06","06","06","06","06","06","06","06","06"]},"2591":{"keys":[2,183],"grid":[" "," "," "," "," "," 0!!","05"," /!#","07"," "," "," "," "," "," "," "]},"2592":{"keys":[2,183],"grid":[" "," "," "," "," "," "," "," "," +!'"," %!-","!","!","!","!","!","!"]}},"5646":{"2592":{"keys":[2,183],"grid":[" "," "," "," "," "," "," "," "," "," "," .!$"," (!*"," !!0","!","!","!"]}},"5850":{"2640":{"keys":[2],"grid":[" "," "," "," "," "," "," "," "," "," "," "," "," "," "," "," "]},"2641":{"keys":[183,2],"grid":[" !!0"," #!/"," $!."," &!,"," '!+"," (!*"," )!)"," *!("," ,!&"," -!%"," .!$"," /!#"," 0!!"," "," "," "]}},"5728":{"2622":{"keys":[2,183],"grid":[" (!*","00"," '!+","02","02","02"," &!,","06","06","06","06"," %!-","11","11","11"," $!."]},"2623":{"keys":[2,183],"grid":[" $!.","00","00"," %!-","03"," &!,"," '!+","06"," (!*"," )!)","09"," *!(","11"," +!'"," ,!&","14"]},"2620":{"keys":[2,183],"grid":[" "," "," "," "," "," "," "," "," .!# !"," .!$","09"," -!%","11","11","11"," ,!&"]},"2621":{"keys":[2,183],"grid":[" ,!&","00","00"," +!'","03","03"," *!(","06","06","06"," )!)","10","10","10"," (!*","14"]},"2626":{"keys":[2,183],"grid":[" %!-"," $!.","01"," #!/","!","!","!","!","!","!","!","!","!","!","!","!"]},"2624":{"keys":[2,183],"grid":[" -!%"," .!$","01"," /!#","03"," 0!!"," "," "," "," "," "," "," ","05","03","03"]},"2625":{"keys":[2,183],"grid":[" .!$"," -!%","01"," ,!&"," +!'","04"," *!(","06"," )!)","08"," (!*","10"," '!+"," &!,","13"," %!-"]}},"5729":{"2620":{"keys":[2,183],"grid":[" "," "," "," "," "," "," "," "," ","!# /","!& ,","!) )","!, &","!/ #","!","!"]},"2624":{"keys":[183,2],"grid":[" "," "," "," "," "," "," "," ","!! 0","08","08"," "," "," "," "," "]}},"5722":{"2626":{"keys":[183,2],"grid":[" .!$","00","00","00","00","00","00","00"," "," "," "," "," "," "," "," "]},"2624":{"keys":[2,183],"grid":[" "," ","!( *","!- %","!. $","04","04","04","04","04","04","04","04","04","04","04"]},"2625":{"keys":[183,2],"grid":[" .!$","00","00","00","00","00","00","00","00","00","00","00","00","00","00","00"]}},"5770":{"2648":{"keys":[2,183],"grid":[" +!'","00"," *!(","02","02","02","02"," )!)","07"," (!*","09"," '!+","11"," &!,"," %!-","14"]},"2649":{"keys":[2,183],"grid":[" $!."," #!/","01"," !!0","!","!","!","!","!","!","!","!","!","!","!","!"]},"2635":{"keys":[183,2],"grid":[" "," "," "," "," "," "," ","!( *","!/ #","!","!","!","!","!","!","!"]},"2629":{"keys":[2,183],"grid":[" "," "," "," "," "," "," "," "," "," "," "," "," $!$ +","!) )","!, &","!"]},"2647":{"keys":[2,183],"grid":[" "," "," "," "," "," "," .!$"," -!%","07"," ,!&","09","09","09"," +!'","13","13"]}},"5720":{"2623":{"keys":[2,183],"grid":[" "," "," "," "," ","!& ,","!( *","06","06","!) )","09","09","09","09","09","!, &"]},"2624":{"keys":[183],"grid":[" "," "," "," "," "," "," "," "," "," "," "," "," "," "," "," "]}},"5721":{"2624":{"keys":[183,2],"grid":[" %!-"," -!%"," "," "," "," "," "," "," "," "," "," "," "," "," "," "]}},"5726":{"2626":{"keys":[2,183],"grid":[" "," "," "," "," "," "," "," "," -!%","!","!","!","!","!","!","!"]}},"5727":{"2626":{"keys":[2,183],"grid":[" "," ","!& ,","!- %","!","!","!","!","!","!","!","!","!","!","!","!"]}},"5724":{"2626":{"keys":[2,183],"grid":[" /!#"," +!'"," '!+"," #!/","!","!","!","!","!","!","!","!","!","!","!","!"]}},"5716":{"2617":{"keys":[183,2],"grid":[" #!/","00","00","00","00","00","00","00","00"," '!+"," &!,","10","10","10","10"," %!-"]},"2616":{"keys":[183,2],"grid":[" /!#","00","00","00","00","00","00","00","00"," .!$","09"," #!/","11","11","11","11"]},"2606":{"keys":[183,2],"grid":[" "," "," "," "," "," "," "," "," "," "," (!# ("," '!+","11"," &!,"," %!-","14"]},"2607":{"keys":[183,2],"grid":[" $!."," #!/","01"," !!0","!","!","!","!","!","!","!","!","!","!","!","!"]},"2626":{"keys":[2,183],"grid":[" (!*"," '!+"," &!,"," $!."," #!/"," !!0","!","!","!","!","!","!","!","!","!","!"]},"2612":{"keys":[2,183],"grid":[" "," "," "," "," "," "," "," !!% ,","!& ,","08","08","08","08","08","08","08"]},"2602":{"keys":[2,183],"grid":[" "," "," "," "," "," "," "," "," "," "," "," "," "," "," %!$ *","!( *"]},"2603":{"keys":[183,2],"grid":[" (!*","00","00","00","00","00","00","00"," "," "," "," "," "," "," "," "]},"2625":{"keys":[2,183],"grid":[" "," "," "," "," "," "," "," "," 0!!"," /!#"," .!$"," -!%"," ,!&"," +!'"," *!("," )!)"]},"2615":{"keys":[183,2],"grid":[" 0!!","00","00","00","00","00","00","00","00"," /!#","09","09","09","09","09","09"]},"2618":{"keys":[183,2],"grid":[" %!-","00","00","00"," $!.","!","!","!","!","!","!","!","!","!","!","!"]},"2614":{"keys":[183,2],"grid":[" %!-"," $!.","01","01","01","01","01","01","01","01"," 0!!"," ","10","10","10","10"]},"2613":{"keys":[183,2],"grid":[" &!,","00"," %!-","02","02","02","02","02","02","02","02","02","02","02","02","02"]}},"5809":{"2633":{"keys":[2,183],"grid":[" ,!&"," +!'"," *!("," )!)"," (!*"," '!+"," %!-"," $!."," #!/"," !!0","!","!","!","!","!","!"]},"2632":{"keys":[2,183],"grid":[" "," "," "," "," "," "," "," "," "," "," "," "," 0!!"," /!#"," .!$"," -!%"]}},"5808":{"2634":{"keys":[2,183],"grid":[" +!'"," *!("," )!)"," (!*"," '!+"," &!,"," %!-"," $!."," #!/"," !!0","!","!","!","!","!","!"]},"2633":{"keys":[2,183],"grid":[" "," "," "," "," "," "," "," "," "," "," "," 0!!"," /!#"," .!$"," -!%"," ,!&"]}},"5869":{"2659":{"keys":[183,2],"grid":[" ,!&","00"," -!%","02"," .!$","04"," /!#","06"," 0!!","08"," "," "," "," "," "," "]},"2658":{"keys":[183,2],"grid":[" #!/"," $!.","01"," %!-","03"," &!,","05"," '!+","07"," (!*","09"," )!)","11"," *!(","13"," +!'"]},"2657":{"keys":[2,183],"grid":[" "," "," "," "," "," "," "," "," "," "," "," "," ","!! 0","13","!# /"]}},"5803":{"2637":{"keys":[2,183],"grid":[" "," "," "," "," "," "," ","!! 0","!# /","!$ .","!% -","10","!& ,","!' +","!) )","!* ("]},"2638":{"keys":[183,2],"grid":[" +!'"," -!%"," "," "," "," "," "," "," "," "," "," "," "," "," "," "]}},"5802":{"2637":{"keys":[2,183],"grid":[" "," ","!, &","!- %","!/ #","!0 !","!","!","!","!","!","!","!","!","!","!"]}},"5801":{"2637":{"keys":[2,183],"grid":[" "," "," /!#","!","!","!","!","!","!","!","!","!","!","!","!","!"]}},"5800":{"2637":{"keys":[2,183],"grid":[" "," ","!+ '","!","!","!","!","!","!","!","!","!","!","!","!","!"]}},"5807":{"2635":{"keys":[2,183],"grid":[" +!'"," *!("," )!)"," (!*"," '!+"," &!,"," %!-"," #!/"," !!0","!","!","!","!","!","!","!"]},"2634":{"keys":[2,183],"grid":[" "," "," "," "," "," "," "," "," "," "," "," 0!!"," /!#"," .!$"," -!%"," ,!&"]}},"5806":{"2635":{"keys":[2,183],"grid":[" "," "," "," "," "," "," "," "," "," "," 0!!"," /!#"," .!$"," ,!&"," +!'"," *!("]},"2636":{"keys":[2,183],"grid":[" )!)"," '!+"," &!,"," %!-"," $!."," #!/","!","!","!","!","!","!","!","!","!","!"]}},"5805":{"2637":{"keys":[2,183],"grid":[" %!-"," $!."," #!/"," !!0","!","!","!","!","!","!","!","!","!","!","!","!"]},"2636":{"keys":[2,183],"grid":[" "," "," "," "," "," "," "," 0!!"," /!#"," .!$"," -!%"," +!'"," *!("," )!)"," (!*"," &!,"]}},"5851":{"2641":{"keys":[2,183],"grid":[" "," "," "," "," "," "," "," "," "," "," "," "," ","!! 0","!# /","!$ ."]},"2642":{"keys":[183,2],"grid":[" %!-"," &!,"," (!*"," )!)"," *!("," +!'"," ,!&"," -!%"," /!#"," 0!!"," "," "," "," "," "," "]}},"5735":{"2617":{"keys":[2,183],"grid":[" '!+","00","00","00","00","00","00","00","00"," '!& &"," '!$ ("," "," "," "," "," "]},"2616":{"keys":[183,2],"grid":[" &!,"," ,!&"," "," "," "," "," "," ","!! 0","!# /","09","!$ .","!% -","12","!& ,","14"]},"2615":{"keys":[2],"grid":[" "," "," "," "," "," "," "," "," "," "," "," "," "," "," "," "]},"2622":{"keys":[183,2],"grid":[" !!0"," #!/"," %!-"," &!,"," (!*"," )!)"," +!'"," -!%"," .!$","07","07","07"," ,!&","08"," /!#"," 0!!"]}},"5734":{"2622":{"keys":[183],"grid":[" "," "," "," "," "," "," "," "," "," "," "," "," "," "," "," "]},"2616":{"keys":[2,183],"grid":[" -!%"," .!$","01"," /!#"," 0!!","04"," "," "," "," "," "," "," "," "," "," "]},"2615":{"keys":[2,183],"grid":[" "," "," "," "," "," "," "," "," "," "," "," "," "," "," "," ,!$ #"]},"2621":{"keys":[2,183],"grid":[" "," "," "," "," "," "," ","!# /","!% -","!& ,","!( *","!) )","!+ '","!- %","!. $","!0 !"]}},"5737":{"2622":{"keys":[183,2],"grid":[" "," ","!! 0","!$ .","!& ,","!( *","!+ '","!- %","!/ #","!","!","!","!","!","!","!"]},"2616":{"keys":[2,183],"grid":[" "," "," "," "," ","!' +","!. $","!","!","!","!","!","!","!","!","!"]},"2624":{"keys":[2,183],"grid":[" "," "," "," "," "," "," "," "," "," "," "," "," ","!! 0","!$ .","!& ,"]},"2625":{"keys":[183,2],"grid":[" '!+"," )!)"," +!'"," -!%"," /!#"," "," "," "," "," "," "," "," "," "," "," "]},"2619":{"keys":[2,183],"grid":[" (!*","00","00","00","00","00","00"," '!+","07","!","!","!","!","!","!","!"]},"2618":{"keys":[183,2],"grid":[" "," "," "," "," ","!# /","!& ,","06","!' +","!( *","09","09","09","09","09","09"]}},"5736":{"2617":{"keys":[183,2],"grid":[" "," "," "," "," "," "," "," "," ","!% -","!& ,","!' +","!( *","12","!) )","!* ("]},"2616":{"keys":[2,183],"grid":[" "," ","!# /","!* (","!0 !","!","!","!","!","!","!","!","!","!","!","!"]},"2620":{"keys":[2,183],"grid":[" /!#","00","00","00","00","00"," .!$","06","06","06","06"," -!%","11","11","11"," ,!&"]},"2621":{"keys":[2,183],"grid":[" ,!&","00","00","00","00","00","00","00","00"," +!'","09","09","09","09","09","09"]},"2624":{"keys":[183,2],"grid":[" 0!!","00"," /!#","02"," .!$","04","04"," -!%","07"," ,!&","07","04","00"," "," "," "]},"2623":{"keys":[183,2],"grid":[" !!0"," #!/","01","01","00","01"," &!,"," (!*"," *!("," ,!&"," .!$"," 0!!","11","11","11","11"]},"2619":{"keys":[2,183],"grid":[" "," "," "," "," "," "," "," "," "," "," "," "," 0!!","12","12","12"]},"2618":{"keys":[2,183],"grid":[" +!'","00"," ,!&"," -!%"," /!#"," "," "," "," "," "," "," "," "," "," "," "]},"2622":{"keys":[2,183],"grid":[" -!%"," 0!!"," "," "," "," "," "," "," "," "," "," "," "," "," "," "]}},"5731":{"2621":{"keys":[2,183],"grid":[" "," "," ","!% -","!) )","!. $","!","!","!","!","!","!","!","!","!","!"]}},"5730":{"2620":{"keys":[2,183],"grid":[" "," "," "," "," "," "," "," "," "," "," "," "," "," ","!! 0","!% -"]},"2621":{"keys":[183,2],"grid":[" '!+"," ,!&"," 0!!"," "," "," "," "," "," "," "," "," "," "," "," "," "]}},"5733":{"2620":{"keys":[2,183],"grid":[" "," "," "," "," "," "," "," "," "," "," "," "," "," "," "," %!# +"]},"2621":{"keys":[2,183],"grid":[" %!$ *"," $!' ("," #!) '"," #!+ %"," !!- $","!0 !","!","!","!","!","!","!","!","!","!","!"]}},"5732":{"2621":{"keys":[2,183],"grid":[" "," "," "," "," "," ","!! 0","!& +!!","!","!","!","!","!","!","!","!"]}},"5739":{"2617":{"keys":[183,2],"grid":[" )!)"," *!("," +!'"," ,!&"," -!%"," /!#"," 0!!"," "," "," "," "," "," "," "," "," "]},"2616":{"keys":[2,183],"grid":[" "," "," "," "," "," "," "," "," "," ","!! 0","!# /","!$ .","!& ,","!' +","!( *"]},"2624":{"keys":[2,183],"grid":[" $!."," #!/","01"," !!0","03","!","!","!","!","!","!","!","!","!","!","!"]},"2623":{"keys":[183,2],"grid":[" "," "," ","!# /","!% -","!) )","!( *","06","!' +","08","!& ,","10","04","04","!$ .","14"]}},"5738":{"2622":{"keys":[183,2],"grid":[" "," "," "," "," "," "," "," "," "," ","!# /","!& ,","!' +","!) )","!+ '","!- %"]},"2616":{"keys":[2,183],"grid":[" "," "," "," "," "," "," ","!% -","!+ '","!","!","!","!","!","!","!"]},"2625":{"keys":[2,183],"grid":[" ,!&","00","00"," +!'","03"," *!(","!! )!(","!$ %!*","!& !!+","!","!","!","!","!","!","!"]},"2624":{"keys":[2,183],"grid":[" "," "," "," "," "," "," "," 0!!","07","07"," /!#","10"," .!$","12"," -!%","14"]},"2623":{"keys":[2,183],"grid":[" .!$"," 0!!"," "," "," "," "," "," "," "," "," "," "," "," "," "," "]}},"5836":{"2617":{"keys":[2,183],"grid":[" "," "," "," "," "," "," "," "," "," "," "," ","!+ &!!","!","!","!"]},"2623":{"keys":[183,2],"grid":[" "," "," "," "," "," "," "," "," "," "," "," "," ","!# /","!& ,","!* ("]},"2626":{"keys":[2,183],"grid":[" "," "," "," "," "," "," "," "," ","!! 0","!# /","10","!$ .","!% -","!& ,","!' +"]},"2627":{"keys":[183,2],"grid":[" '!+"," (!*"," )!)"," *!(","03"," +!'"," ,!&"," -!%","07"," .!$"," /!#"," 0!!","11","11","11","11"]},"2624":{"keys":[2,183],"grid":[" -!%"," "," "," "," "," "," "," "," "," "," "," "," "," "," "," "]},"2628":{"keys":[183,2],"grid":[" 0!!","00","00","00","00","00","00"," "," "," "," "," "," "," "," "," "]},"2629":{"keys":[183],"grid":[" "," "," "," "," "," "," "," "," "," "," "," "," "," "," "," "]}},"5837":{"2617":{"keys":[2,183],"grid":[" "," "," "," "," "," "," "," "," /!#"," ,!&"," )!)"," %!-","!","!","!","!"]},"2629":{"keys":[2,183],"grid":[" ","!! 0","01","!# /","03","!$ .","!% -","06","!& ,","!' +","!( *","!) )","11","!* (","13","!+ '"]},"2630":{"keys":[183,2],"grid":[" +!'"," ,!&","01"," -!%"," .!$"," /!#"," 0!!"," "," "," "," "," "," "," "," "," "]},"2624":{"keys":[183,2],"grid":[" "," ","!$ .","!( *","!+ '","!/ #","!","!","!","!","!","!","!","!","!","!"]}},"5834":{"2617":{"keys":[2,183],"grid":[" "," ","!# /","!& ,","!* (","!- %","!0 !","!","!","!","!","!","!","!","!","!"]}},"5879":{"2675":{"keys":[183,2],"grid":[" $!."," %!-","01"," &!,","03"," '!+"," (!*","06"," )!)","08"," *!(","10"," +!'"," ,!&","13"," -!%"]},"2674":{"keys":[2,183],"grid":[" "," "," "," "," "," "," "," "," "," "," "," ","!! 0","!# /","13","!$ ."]},"2676":{"keys":[183,2],"grid":[" -!%"," .!$","01"," /!#","03"," 0!!"," "," "," "," "," "," "," "," "," "," "]}},"5832":{"2616":{"keys":[2,183],"grid":[" "," "," "," "," "," "," "," ","!! 0","!% -","!( *","!, &","!/ #","!","!","!"]}},"5833":{"2617":{"keys":[183,2],"grid":[" ,!&"," 0!!"," "," "," "," "," "," "," "," "," "," "," "," "," "," "]},"2616":{"keys":[2,183],"grid":[" "," "," "," "," "," "," "," "," "," "," "," "," ","!! 0","!& ,","!) )"]}},"5830":{"2617":{"keys":[2,183],"grid":[" "," "," "," "," "," 0!!","05"," /!#","07"," .!$","09","09"," -!%"," ,!&"," +!'","14"]},"2620":{"keys":[2,183],"grid":[" (!*"," '!+"," %!-"," !!0","!","!","!","!","!","!","!","!","!","!","!","!"]},"2619":{"keys":[183,2],"grid":[" ","!! 0","!$ .","!% -","!& ,","!( *","!) )","!+ '","07","07","07","07","!* (","12","06","05"]},"2618":{"keys":[2,183],"grid":[" *!("," )!)"," (!*","02"," '!+"," &!,"," %!-"," $!.","07"," #!/"," !!0","!","!","!","!","!"]}},"5831":{"2617":{"keys":[2,183],"grid":[" !!0","00","00","!","!","!","!","!","!","!","!","!","!","!","!","!"]},"2616":{"keys":[2,183],"grid":[" "," "," "," "," "," '!! *"," '!% '"," &!) $"," &!,"," %!-","09","09"," $!.","12"," #!/","14"]}},"5634":{"2596":{"keys":[2,183],"grid":[" "," "," "," "," "," "," "," "," "," 0!!"," .!$"," ,!&"," *!("," '!+"," %!-"," #!/"]},"2597":{"keys":[183],"grid":[" "," "," "," "," "," "," "," "," "," "," "," "," "," "," "," "]}},"5635":{"2596":{"keys":[2,183],"grid":[" "," "," "," "," "," "," "," $!' ("," !!0","!","!","!","!","!","!","!"]}},"5636":{"2596":{"keys":[2,183],"grid":[" "," /!#"," -!%"," *!("," )!)"," (!*","05"," '!+","!","!","!","!","!","!","!","!"]}},"5637":{"2595":{"keys":[2,183],"grid":[" "," "," "," "," "," "," "," "," "," "," "," "," .!$"," +!'"," (!*"," %!-"]},"2596":{"keys":[2,183],"grid":[" !!0","!","!","!","!","!","!","!","!","!","!","!","!","!","!","!"]}},"5838":{"2617":{"keys":[2,183],"grid":[" 0!!"," .!$"," +!'"," )!)"," '!+"," %!-"," #!/","!","!","!","!","!","!","!","!","!"]},"2631":{"keys":[183,2],"grid":[" +!'"," ,!&"," -!%"," .!$"," 0!!"," "," "," "," "," "," "," "," "," "," "," "]},"2630":{"keys":[2,183],"grid":[" "," "," "," "," "," "," "," ","!! 0","!# /","!% -","!& ,","!' +","!( *","!) )","!* ("]},"2624":{"keys":[183,2],"grid":[" "," "," "," "," "," 0!!","!! .!#","!& (!%","!) $!&","!","!","!","!","!","!","!"]}},"5839":{"2617":{"keys":[183,2],"grid":[" $!."," %!-"," %!% )"," "," "," "," "," "," "," "," "," "," "," "," "," "]},"2616":{"keys":[2,183],"grid":[" "," "," "," "," "," "," "," "," "," "," "," "," "," "," "," #!! ."]},"2624":{"keys":[183,2],"grid":[" '!! *"," &!$ )"," %!% )"," #!( ("," !!) (","!+ '","!, &","06","!- %","08","!. $","10","!/ #","12","!0 !","14"]},"2625":{"keys":[2],"grid":[" "," "," "," "," "," "," "," "," "," "," "," "," "," "," "," "]},"2631":{"keys":[2,183],"grid":[" "," "," "," "," "," ","!! 0","!# /","!$ .","!% -","!& ,","!' +","!( *","!) )","!+ '","!, &"]},"2632":{"keys":[183,2],"grid":[" -!%"," .!$"," /!#"," 0!!"," "," "," "," "," "," "," "," "," "," "," "," "]}},"5882":{"2680":{"keys":[2,183],"grid":[" "," "," "," "," "," ","!! 0","06","!# /","!$ .","09","!% -","11","!& ,","13","!' +"]},"2681":{"keys":[183,2],"grid":[" '!+"," (!*","01"," )!)","03"," *!(","05"," +!'"," ,!&","08"," -!%","10"," .!$","12"," /!#","14"]},"2682":{"keys":[183,2],"grid":[" 0!!","00"," "," "," "," "," "," "," "," "," "," "," "," "," "," "]}},"5797":{"2640":{"keys":[2,183],"grid":[" &!,","00","!! %!,","!","!","!","!","!","!","!","!","!","!","!","!","!"]},"2637":{"keys":[2,183],"grid":[" "," "," "," 0!!","03","03"," /!#","06","06"," .!$","09","09","09"," -!%","13","13"]},"2639":{"keys":[2,183],"grid":[" )!)","00"," (!*","02","02","02","02","02"," '!+","08","08","08","08"," &!,","13","13"]},"2638":{"keys":[2,183],"grid":[" ,!&","00","00","00"," +!'","04","04","04"," *!(","08","08","08"," )!)","12","12","12"]}},"5723":{"2626":{"keys":[2,183],"grid":[" "," "," "," "," .!$"," *!("," &!,"," !!0","!","!","!","!","!","!","!","!"]}}}}