{"9":{"359":{"188":{"keys":[183,1,195],"grid":[" "," "," "," "," "," "," "," "," "," "," ","!& ,","##!& *","#'!# )","#(!# (","#)!$ &"]},"189":{"keys":[195,1],"grid":[" +!'"," "," "," "," "," "," "," "," "," "," "," "," "," "," "," "]},"191":{"keys":[195,1,185],"grid":[" "," "," "," "," "," "," "," "," "," "," "," "," "," ","!# /","#!!# ."]}},"357":{"188":{"keys":[183,1,195],"grid":[" "," "," "," "," "," "," "," "," &!) !!#"," &!!#!!##$!$#!"," &!!#+"," %!##+"," $!##,"," $!!#-","!%#-","#"]},"189":{"keys":[1,195,185],"grid":[" !!0"," #!/","01","!","!","!","!","!"," %!-","#$ #!,","#% #!+","#& !!+","## %!+","#! #!.","01","00"]},"191":{"keys":[195,1,185],"grid":[" .!$"," /!#","01","01"," .!##!"," +!%##"," *!&##"," *!!#'"," *!##&","!# !!$ $!##&","#!!& !!$#'","#&!&#'","#&!##!!##'","#","#","#"]},"190":{"keys":[195,1],"grid":[" "," "," "," "," "," "," "," "," "," "," "," "," "," "," 0!!"," /!#"]}},"356":{"188":{"keys":[183,1],"grid":[" "," "," "," "," "," "," "," "," "," "," "," "," "," "," 0!!","14"]},"189":{"keys":[183,1,195,185],"grid":[" 0!!","00"," /!#"," /!!#!","03"," .!##!"," -!###"," -!!#$"," -!%"," .!$"," +!%$#"," *!%$$"," )!#$'"," $!# $!!$("," !!& !!#$(","!!$$$! !$$$$!!$!"]},"191":{"keys":[1,195,185,193],"grid":[" #!/","#! #!# &!'","## #!! ### #!&","#$ $#% !!&","#+ !!&","04","04","#+ #!%","#+ %!#","#+ '","#+ ### #","#","#","#","#! %#,","#! !$# $#*"]},"190":{"keys":[1,185,195],"grid":[" !!% $!$ &"," !!+ ##$","!- !#$","!) &#$","!( ##(","!' ##)","!& ##*","!% ##+","!% !#,","!$ ##,","!! $#-"," ##/"," !#0","#","#","12"]}},"355":{"191":{"keys":[185,1],"grid":[" .!$"," "," "," "," "," "," "," "," "," "," "," "," "," "," "," "]},"190":{"keys":[183,1,185,195],"grid":[" "," 0!!"," /!#"," .!##!"," .!!##"," ,!$##"," +!##%"," )!$#&"," (!##("," %!%#)"," !!%#,","!##/","#/!#","#-!$$!","#-!#$#","#-!#$!!!"]}},"354":{"191":{"keys":[183,1,185],"grid":[" ,!##$"," '!(#$"," &!##!!##'"," $!%#*"," #!$#,"," $!!#-"," #!##-","06"," !!##.","!##/","!!#0","#","#","#","#","#"]},"190":{"keys":[183,1,185],"grid":[" "," "," "," "," "," "," "," "," "," "," "," 0!!"," /!#"," /!!#!"," ,!%#!"," ,!!#%"]}},"353":{"191":{"keys":[183,1,185],"grid":[" "," "," "," "," "," "," "," "," "," "," 0!!"," .!$"," -!###"," ,!##$"," (!$ !!##$"," '!& !!!#$"]}},"352":{"191":{"keys":[183,1,185],"grid":[" "," "," "," "," "," "," "," "," "," %!# +","!, &","#(!##!!! &","#+!% #","#,!% !","#+!& !","#-!# #"]}},"358":{"188":{"keys":[183,1,195],"grid":[" "," "," "," "," "," "," "," !!& +","!##$!# *","#'!) #","#)!##$!$","#0!!","#","#","#","#"]},"191":{"keys":[1,195,185],"grid":[" !!0"," #!/"," $!.","## #!-","03","#$ #!,","#% !!,","05","#$ !!-","08","#$ )!&","#( ##! !!&","#+ !!&","#+ #!! #!!","#+ '","#+ ##%"]},"190":{"keys":[195,1],"grid":[" "," "," "," "," "," "," "," "," "," "," "," "," "," ","!! 0","14"]}},"366":{"188":{"keys":[183,1,195],"grid":[" "," "," "," ","!, &","#)!& $","#-!%","#","#","#","#","#","#","#","#","#"]},"191":{"keys":[195,1,196],"grid":[" "," "," "," "," "," "," "," "," "," "," "," "," "," +!'","!$ %!%#%!!","##!'#)"]}},"367":{"188":{"keys":[183,1,195],"grid":[" "," "," "," "," "," #!# $!& %","!)#$!% !","!!#.!#","#","#","#","#","#","#","#","#"]},"191":{"keys":[195,1,196],"grid":[" .!##!"," +!%##"," (!%#&"," (!!#)","03"," (!##(","05"," '!##)"," &!##*"," %!##+"," $!##,"," $!!#-","11","!%#-","!!#0","#"]},"190":{"keys":[195,1,196],"grid":[" "," "," "," "," "," "," "," "," "," "," "," "," "," "," /!#"," /!!#!"]}},"364":{"188":{"keys":[183,1,195],"grid":[" "," "," ","!! 0","!* $!%","#)!! !!$#$","#)!$#&","#","#","#","#","#","#","#","#","#"]}},"365":{"188":{"keys":[183,1,195],"grid":[" "," "," %!) %"," #!$#$!& $","!! !!!#*!%","!$#.","#","#","#","#","#","#","#","#","#","#"]},"191":{"keys":[195,1,196],"grid":[" "," "," "," "," "," "," "," "," "," "," "," "," "," (!% &"," &!$##!'"," %!##&!##!!#"]}},"362":{"188":{"keys":[195,1,183],"grid":[" #!##-"," $!##,"," %!&#("," )!$#&"," +!$#$"," -!$#!"," /!#"," "," "," "," "," "," "," "," "," "]},"187":{"keys":[183,1,195],"grid":[" "," "," "," "," "," "," "," "," "," "," "," "," ","!! 0","!# /","#!!# ."]}},"363":{"188":{"keys":[183,1,195],"grid":[" "," "," "," .!$"," -!###"," -!!#$","!& (!!#$","#%!& #!##$","#)!%#%","#","#","#","#","#","#","#"]}},"360":{"188":{"keys":[183,1,195],"grid":[" +!$#$"," *!##&"," *!!#'","02"," )!##'","04","04"," )!!#(","07"," (!##("," (!!#)","10","10","10","10","10"]},"189":{"keys":[1,183,195],"grid":[" %!$ !#)","#$ #!# !#)","#% !!# ##(","#% &#(","#( ##(","#","#","#","#","#","#","#","#","#","#","#"]},"187":{"keys":[183,1,195],"grid":[" "," "," "," "," "," "," "," "," "," "," "," "," "," "," .!$"," -!###"]}},"361":{"187":{"keys":[183,1,195],"grid":[" "," "," "," "," "," "," "," "," "," )!! ("," )!$ &"," $!# $!!#!!$ $"," #!(#$!# #"," #!!#+!$","!$#.","#"]}}},"13":{"5633":{"3066":{"keys":[183,185],"grid":[" "," "," "," "," "," *!("," &!,"," !!0","!","!","!","!","!","!","!","!"]}},"5632":{"3066":{"keys":[183,185],"grid":[" "," "," "," "," "," "," "," "," .!$"," *!("," '!+"," #!/","!","!","!","!"]}},"5796":{"3010":{"keys":[195,183],"grid":[" (!*"," *!("," +!'"," ,!&"," -!%"," .!$"," /!#"," 0!!"," "," "," "," "," "," "," "," "]},"3009":{"keys":[183,195],"grid":[" "," "," "," "," "," "," "," ","!! 0","!# /","!% -","10","!& ,","12","!' +","!( *"]}},"5740":{"3070":{"keys":[195,185],"grid":[" "," "," "," "," "," "," "," "," "," /!#"," ,!&"," )!)"," '!+"," %!-"," #!/","!"]},"3017":{"keys":[183,195],"grid":[" "," "," "," "," "," "," "," "," ","!* (","!. $","!0 !","!","!","!","!"]}},"5741":{"3070":{"keys":[195,185],"grid":[" -!%"," ,!&"," *!("," )!)"," (!*"," &!,"," %!-"," $!."," #!/","!","!","!","!","!","!","!"]},"3018":{"keys":[195,183],"grid":[" ,!&"," .!$"," 0!!"," "," "," "," "," "," "," "," "," "," "," "," "," "]},"3017":{"keys":[183,195],"grid":[" "," "," "," "," "," "," "," "," "," "," "," ","!# /","!& ,","!( *","!* ("]},"3069":{"keys":[195,185],"grid":[" "," "," "," "," "," "," "," "," "," "," "," "," 0!!"," /!#"," .!$"," -!%"]}},"5742":{"3070":{"keys":[185,195],"grid":[" .!$"," 0!!"," "," "," "," "," "," "," "," "," "," "," "," "," "," "]},"3018":{"keys":[183,195],"grid":[" "," "," ","!# /","!% -","!( *","!* (","!- %","!/ #","!","!","!","!","!","!","!"]},"3069":{"keys":[195,185],"grid":[" "," "," "," "," "," "," "," &!# *"," $!% *"," #!' )","!) )","10","10","10","!* (","!, &"]}},"5743":{"3070":{"keys":[195,185],"grid":[" "," ","!! 0","!& #!' $","!0 !","!","!","!","!","!","!","!","!","!","!","!"]},"3018":{"keys":[183,195],"grid":[" "," "," "," "," "," "," "," "," ","!! 0","!$ .","!& ,","!( *","!* (","13","!+ '"]},"3019":{"keys":[195,183],"grid":[" ,!&"," .!$"," /!#"," "," "," "," "," "," "," "," "," "," "," "," "," "]}},"5744":{"3070":{"keys":[195,185],"grid":[" "," "," "," "," ","!) )","!- %","!0 !","!","!","!","!","!","!","!","!"]},"3019":{"keys":[183,195],"grid":[" "," "," ","!! 0","!$ .","!' +","!) )","!, &","!. $","!0 !","!","!","!","!","!","!"]}},"5745":{"3070":{"keys":[195,185],"grid":[" "," "," "," "," "," "," "," ","!# /","!& ,","!) )","!. $","11","11","11","11"]},"3071":{"keys":[185,195],"grid":[" /!#","00"," .!$","02","02","02"," -!%","06"," ,!&","08"," +!'","10"," *!(","12"," )!)"," )!& $"]},"3019":{"keys":[183,195],"grid":[" "," "," "," "," "," "," "," "," "," ","!# /","!% -","!( *","!* (","!- %","!"]}},"5746":{"3071":{"keys":[195,185],"grid":[" "," "," "," "," "," "," "," "," "," "," "," "," "," "," ","!! 0"]},"3019":{"keys":[183,195],"grid":[" "," "," "," "," "," "," "," "," "," "," "," "," "," "," ","!! 0"]},"3020":{"keys":[195,183],"grid":[" &!,"," '!+"," /!#"," "," "," "," "," "," "," "," "," "," "," "," "," "]}},"5747":{"3019":{"keys":[183,195],"grid":[" "," "," "," "," "," "," "," "," "," "," "," "," "," "," "," -!# #"]},"3020":{"keys":[183,195],"grid":[" *!("," '!+"," $!.","!","!","!","!","!","!","!","!","!","!","!","!","!"]}},"5748":{"3019":{"keys":[183],"grid":[" "," "," "," "," "," "," "," "," "," "," "," "," "," "," "," "]},"3020":{"keys":[195,183],"grid":[" $!."," '!+"," )!)"," +!'"," -!%"," /!#"," 0!!"," "," "," "," "," "," "," "," "," "]}},"5749":{"3020":{"keys":[183,195],"grid":[" "," "," "," "," "," "," ","!! 0","!$ .","!% -","!' +","!) )","!* (","!- %","!/ #","!"]}},"5725":{"3056":{"keys":[195,185],"grid":[" "," 0!!"," .!$"," -!%","03"," ,!&","03","03","03","02"," "," "," "," "," "," "]},"3062":{"keys":[195,185],"grid":[" #!/","00","00","00"," !!0","!","!","!","!","!","!","!","!","!","!","!"]},"3061":{"keys":[195,185],"grid":[" -!%","00"," ,!&","02"," *!("," )!)"," (!*"," '!+"," &!,","08","08","08"," $!.","12","12","12"]},"3060":{"keys":[195,185],"grid":[" "," "," "," "," "," "," "," "," "," "," "," "," 0!!"," /!#"," .!$","14"]},"3017":{"keys":[183,195],"grid":[" "," "," "," ","!( *","!* (","!, &","!","!","!","!","!","!","!","!","!"]}},"5821":{"3012":{"keys":[183,195],"grid":[" ,!&"," +!'"," )!)"," (!*"," '!+"," %!-"," $!."," #!/"," !!0","!","!","!","!","!","!","!"]},"3011":{"keys":[183,195],"grid":[" "," "," "," "," "," "," "," "," "," "," "," "," "," "," "," .!$"]}},"5820":{"3012":{"keys":[183,195],"grid":[" "," "," "," "," "," "," "," "," "," "," 0!!"," /!#","11"," .!$"," -!%","14"]},"3013":{"keys":[183,195],"grid":[" ,!&","00"," +!'","02"," *!(","04"," )!)","06","06","06"," (!*","10","10","10"," '!+","14"]},"3014":{"keys":[183,195],"grid":[" '!+","00"," &!,","02","02","02","02","02"," %!-","08","08","08"," $!.","12"," #!/","14"]},"3015":{"keys":[183,195],"grid":[" #!/"," !!0","01","!","!","!","!","!","!","!","!","!","!","!","!","!"]}},"5823":{"3011":{"keys":[183,195],"grid":[" "," "," "," "," "," "," "," "," &!' &"," #!, $","!0 !","10","10","!","!","!"]}},"5822":{"3011":{"keys":[183,195],"grid":[" "," "," "," "," "," "," "," "," "," "," "," ,!&"," (!*"," &!,"," #!/","!"]}},"5825":{"3012":{"keys":[183,195],"grid":[" "," "," "," "," "," ","!% -","!& ,","07","!' +","!) )","!* (","!+ '","!- %","!0 !","!"]}},"5824":{"3012":{"keys":[195,183],"grid":[" !!0","00"," #!/"," $!."," %!-"," )!)"," "," "," "," "," "," "," "," "," "," "]},"3011":{"keys":[183],"grid":[" "," "," "," "," "," "," "," "," "," "," "," "," "," "," "," "]}},"5827":{"3012":{"keys":[183,195],"grid":[" "," "," "," "," "," "," -!%"," '!+"," %!-"," !!0","!","!","!","!","!","!"]}},"5826":{"3012":{"keys":[183,195],"grid":[" "," "," "," "," "," "," "," "," "," "," /!#"," -!%"," *!("," &!,","!","!"]}},"5829":{"3012":{"keys":[183,195],"grid":[" "," "," "," "," ","!) )","!, &","!- %","!/ #","!","!","!","!","!","!","!"]}},"5828":{"3012":{"keys":[183,195],"grid":[" "," "," "," "," '!$ ("," !!0","!","!","!","!","!","!","!","!","!","!"]}},"5638":{"3066":{"keys":[183,185],"grid":[" "," "," ","!# /","!% -","!' +","!) )","!, &","!. $","!0 !","!","!","!","!","!","!"]}},"5689":{"3047":{"keys":[183,185],"grid":[" "," "," !!! /","!' +"," !!& +","04","04","03","03","!* (","!+ '","!, !!%","!","!","!","!"]}},"5688":{"3048":{"keys":[183,185],"grid":[" %!-","00","00","00"," $!."," #!/"," !!0","!","!","!","!","!","!","!","!","!"]},"3047":{"keys":[183,185],"grid":[" "," "," "," "," "," "," "," 0!!"," /!#"," -!%"," +!'"," (!*"," &!,"," %!-","13","13"]}},"5804":{"3012":{"keys":[183,195],"grid":[" "," "," "," "," "," "," "," "," "," "," ","!# /","!$ .","!( *","!, &","!- %"]},"3013":{"keys":[195,183],"grid":[" /!#"," 0!!"," "," "," "," "," "," "," "," "," "," "," "," "," "," "]}},"5753":{"3023":{"keys":[183,195],"grid":[" "," "," "," "," "," "," "," "," "," ","!! 0","!$ .","!& ,","!( *","!- %","!"]}},"5752":{"3023":{"keys":[195,183],"grid":[" (!*"," )!)"," *!("," +!'"," ,!&"," -!%"," .!$"," /!#"," 0!!"," "," "," "," "," "," "," "]},"3022":{"keys":[183,195],"grid":[" "," "," ","!! 0","03","!# /","05","!$ .","!% -","08","!& ,","10","!' +","12","12","!( *"]}},"5751":{"3022":{"keys":[195,183],"grid":[" /!#"," 0!!"," "," "," "," "," "," "," "," "," "," "," "," "," "," "]},"3021":{"keys":[183,195],"grid":[" "," "," ","!# /","!% -","!& ,","!' +","!( *","!) )","!* (","09","!+ '","!, &","!- %","!. $","!/ #"]}},"5750":{"3021":{"keys":[195,183],"grid":[" %!-"," (!*"," -!%"," "," "," "," "," "," "," "," "," "," "," "," "," "]},"3020":{"keys":[183,195],"grid":[" "," "," "," "," "," "," "," "," "," "," "," "," "," "," ","!! 0"]}},"5757":{"3024":{"keys":[183,195],"grid":[" "," "," *!("," #!/","!","!","!","!","!","!","!","!","!","!","!","!"]}},"5756":{"3024":{"keys":[183,195],"grid":[" "," "," "," "," -!%"," %!-","!","!","!","!","!","!","!","!","!","!"]}},"5755":{"3024":{"keys":[183,195],"grid":[" "," "," "," "," "," "," /!#"," *!(","!! $!-","!","!","!","!","!","!","!"]}},"5754":{"3024":{"keys":[195,183],"grid":[" (!*"," )!)"," *!(","02"," +!'"," -!%"," .!$"," /!#"," "," "," "," "," "," "," "," "]},"3023":{"keys":[183,195],"grid":[" "," "," "," "," "," "," "," "," "," "," "," "," "," "," ","!# /"]}},"5759":{"3024":{"keys":[183,195],"grid":[" "," *!("," %!-"," !!0","!","!","!","!","!","!","!","!","!","!","!","!"]}},"5758":{"3024":{"keys":[183,195],"grid":[" "," ","!& ,","!* (","!","!","!","!","!","!","!","!","!","!","!","!"]}},"5710":{"3029":{"keys":[183,195],"grid":[" #!/"," !!0","01","01","01","01","!","!","!","!","!","!","!","!","!","!"]},"3028":{"keys":[183,195],"grid":[" %!-"," $!."," #!/","02","02","01","00"," '!+"," (!*"," *!("," +!'","10","09","08","01","02"]},"3027":{"keys":[183,195],"grid":[" ,!&"," -!%","00","00","00","00","00"," +!'","07","07","07"," *!(","11"," )!)"," '!+"," &!,"]},"3026":{"keys":[183,195],"grid":[" "," "," "," "," "," "," 0!!","06"," /!#","08","08","08"," .!$","12"," -!%"," ,!&"]},"3032":{"keys":[195,183,185],"grid":[" "," "," "," "," "," "," "," "," "," "," "," "," !!# .","!& ,","13","!&#' &"]},"3033":{"keys":[183,185,195],"grid":[" &!*##"," %!-","01"," $!.","03"," #!/"," !!0","!","!","!","!","!","!","!","!","!"]},"3066":{"keys":[185,195],"grid":[" '!+","00","00"," (!*","03"," )!( !"," +!% #"," "," "," "," "," "," "," "," "," "]},"3065":{"keys":[195,185],"grid":[" "," "," "," "," "," "," "," "," ","!! 0","!# /","!$ .","!% -","12","!& ,","14"]},"3040":{"keys":[185,195],"grid":[" ","!! 0","!& +!!","!","!","!","!","!","!","!","!","!","!","!","!","!"]}},"5692":{"3054":{"keys":[185,195],"grid":[" "," "," "," "," "," "," "," "," "," "," "," "," "," "," 0!!"," "]},"3055":{"keys":[185,195],"grid":[" "," "," "," "," "," "," 0!!","06","06","06","06","06","06"," "," "," "]},"3045":{"keys":[183,185],"grid":[" "," "," "," "," "," 0!!"," -!! #!!"," ,!&"," +!'"," )!)","09"," (!*","!! '!*","!# %!+","!$ #!,","!"]},"3053":{"keys":[185],"grid":[" "," "," "," "," "," "," "," "," "," "," "," "," "," "," "," "]}},"5693":{"3043":{"keys":[183,185],"grid":[" "," "," "," "," "," "," "," "," "," "," 0!!"," .!$","11","11"," -!%"," &!,"]},"3044":{"keys":[183,185],"grid":[" '!+"," (!*","00","00"," &!,","04","00","04"," #!/"," !!0","09","09","09","09","09","09"]},"3056":{"keys":[185,195],"grid":[" %!-"," (!*"," +!'"," ,!&"," -!%"," /!#"," 0!!"," "," "," "," "," "," "," "," "," "]},"3054":{"keys":[195],"grid":[" "," "," "," "," "," "," "," "," "," "," "," "," "," "," "," "]},"3055":{"keys":[195,185],"grid":[" "," "," "," "," "," "," "," "," "," "," "," "," "," "," ","!! 0"]},"3045":{"keys":[183,185],"grid":[" !!0","00","00","00","!","!","!","!","!","!","!","!","!","!","!","!"]},"3053":{"keys":[185,195],"grid":[" /!#"," -!%"," +!'"," (!*"," &!,","04"," %!-"," $!."," #!/","08","08"," !!0","11","!","!","!"]}},"5856":{"3012":{"keys":[183,195],"grid":[" "," "," "," "," "," "," "," "," .!$"," ,!&"," )!)"," &!,","!","!","!","!"]},"3070":{"keys":[195,196],"grid":[" "," "," "," "," "," %!% )"," #!) '"," !!+ &","!0 !","!","!","!","!","!","!","!"]}},"5691":{"3045":{"keys":[183,185],"grid":[" "," "," "," "," "," "," "," "," "," "," "," "," .!$"," ,!&"," +!'"," %!$ #!("]},"3046":{"keys":[183,185],"grid":[" $!."," #!/","01","01"," !!0","04","04","!","!","!","!","!","!","!","!","!"]}},"5696":{"3039":{"keys":[183,185],"grid":[" "," "," "," "," "," 0!!","05"," ,!! #!#"," +!'"," )!)"," (!*","10"," %!-"," $!.","13","13"]},"3041":{"keys":[183,185],"grid":[" '!+","00"," (!*"," )!)","03","03","03"," *!(","07","03","07","07","03","00"," &!,"," #!/"]},"3056":{"keys":[185,195],"grid":[" !!0"," #!/"," $!."," %!-"," *!("," +!'"," -!%"," .!$"," "," "," "," "," "," "," "," "]},"3040":{"keys":[183,185],"grid":[" %!-","00","00"," &!,"," '!+"," (!*","05"," )!)","07","05","05","05","05","05","05","05"]},"3055":{"keys":[195],"grid":[" "," "," "," "," "," "," "," "," "," "," "," "," "," "," "," "]},"3052":{"keys":[185,195],"grid":[" /!#"," -!%"," +!'"," )!)","!","!","!","!","!","!","!","!","!","!","!","!"]},"3051":{"keys":[185,195],"grid":[" "," "," "," "," "," "," "," "," "," "," "," "," "," "," "," 0!!"]}},"5683":{"3050":{"keys":[183,185],"grid":[" "," "," ","!& $!# $!$","!","!","!","!","!","!","!","!","!","!","!","!"]}},"5852":{"3012":{"keys":[195,183],"grid":[" *!("," +!'"," -!%"," .!$"," /!#"," 0!!"," "," "," "," "," "," "," "," "," "," "]},"3070":{"keys":[195,196],"grid":[" "," "," "," "," "," "," "," "," "," "," 0!!"," -!%"," +!'"," (!*"," &!,"," #!/"]},"3011":{"keys":[183,195],"grid":[" "," "," "," "," "," "," "," "," "," "," "," "," "," #!# -","!' +","!) )"]},"3071":{"keys":[196],"grid":[" "," "," "," "," "," "," "," "," "," "," "," "," "," "," "," "]}},"5853":{"3012":{"keys":[183,195],"grid":[" "," "," "," "," "," ","!! 0","!$ .","07","07","!% -","10","!' &!# $","!) !!(","!","!"]},"3070":{"keys":[195,196],"grid":[" "," "," "," "," "," "," "," "," "," %!! ,","!) )","!+ '","!- %","!/ #","!","!"]}},"5698":{"3070":{"keys":[185,193],"grid":[" "," 0!!"," .!$"," ,!&"," +!'"," '!+"," %!-"," $!.","!","!","!","!","!","!","!","!"]},"3057":{"keys":[195,185],"grid":[" "," "," ","!$ .","03","!% -","05","!& ,","07","!' +","!( *","!) )","!, &","!. $","!0 !","14"]},"3038":{"keys":[183,185],"grid":[" "," "," "," 0!!"," .!$"," ,!&"," *!("," )!)"," (!*"," '!+"," %!-","10"," #!/"," !!0","!","!"]},"3050":{"keys":[185,195],"grid":[" "," "," "," "," 0!!"," .!$"," ,!&"," *!("," )!)"," '!+"," %!-"," #!/","!","!","!","!"]},"3058":{"keys":[185,195],"grid":[" 0!!"," "," "," "," "," "," "," "," "," "," "," "," "," "," "," "]}},"5699":{"3049":{"keys":[185,195],"grid":[" "," "," "," "," "," "," "," "," "," "," "," 0!!"," /!#"," .!$"," ,!&"," +!'"]},"3038":{"keys":[183,185],"grid":[" *!(","00"," )!)"," (!*","!! &!+","!$ #!,","!","!","!","!","!","!","!","!","!","!"]},"3037":{"keys":[183,185],"grid":[" "," "," "," "," "," "," "," "," "," "," "," ,!$ #"," ,!&","12"," +!'","14"]},"3070":{"keys":[185,193],"grid":[" ","!# /","!$ %!$ '","!, &","!- %","!/ #","!0 !","06","!","!","!","!","!","!","!","!"]},"3058":{"keys":[195,185],"grid":[" ","!! 0","!# /","02","!$ .","!% -","05","!& ,","!' +","!( *","09","09","!) )","12","!* (","!+ '"]},"3059":{"keys":[185,195],"grid":[" +!'"," ,!&","01"," -!%"," /!#"," "," "," "," "," "," "," "," "," "," "," "]},"3050":{"keys":[185,195],"grid":[" )!)"," '!+"," &!,"," !!0","!","!","!","!","!","!","!","!","!","!","!","!"]}},"5858":{"3012":{"keys":[183,195],"grid":[" "," "," #!& *","!+ '","!. $","!","!","!","!","!","!","!","!","!","!","!"]},"3070":{"keys":[195,196],"grid":[" "," "," "," "," "," "," "," "," "," "," "," ","!( *","!) )","!+ '","!, &"]},"3071":{"keys":[196,195],"grid":[" ,!&"," -!%","01","01"," .!$"," /!#"," "," "," "," "," "," "," "," "," "," "]}},"5848":{"3010":{"keys":[183,195],"grid":[" "," "," "," "," "," "," "," "," "," ","!% -","!& ,","11","11","11","11"]},"3011":{"keys":[195,183],"grid":[" '!+"," (!*"," )!)","02"," *!("," +!'","05","05"," ,!&"," "," "," "," "," "," "," "]},"3069":{"keys":[195,196],"grid":[" "," "," "," "," !!& +","!( *","!) )","!* (","07","!+ '","!, %!!","!","!","!","!","!"]}},"5768":{"3028":{"keys":[183,195],"grid":[" (!*"," '!+"," %!-","!","!","!","!","!","!","!","!","!","!","!","!","!"]},"3012":{"keys":[183,195],"grid":[" "," "," /!#","02","02","02"," .!$","06","06","06","06","06","06","02","02","02"]},"3013":{"keys":[183,195],"grid":[" /!#","00"," 0!!","02","02"," "," "," "," "," "," "," "," "," "," "," "]},"3016":{"keys":[183,195],"grid":[" -!%","00","00"," ,!&","03","03","03","03","03","03","03","03","00","00","00","00"]},"3017":{"keys":[183,195],"grid":[" -!%"," ,!&","01","01"," +!'","04"," *!("," )!)"," (!*"," '!+"," &!,"," %!-"," $!."," #!/"," !!0","!"]},"3014":{"keys":[183,195],"grid":[" "," "," "," "," "," "," "," "," "," "," 0!!","10","10"," /!#","13"," .!$"]},"3015":{"keys":[183,195,197],"grid":[" .!$","00","00","00"," -#!!$","04","04","04","04"," -!%","09","09","09","09","09","09"]},"3027":{"keys":[183,195],"grid":[" .!$","00"," /!#","02"," 0!!","04","04","04","04","02","02","00"," -!%"," ,!&"," +!'"," *!("]},"3026":{"keys":[195,183],"grid":[" "," "," "," "," "," "," "," "," ","!! 0","!$ .","!& ,","!( *","!* (","!, &","!- %"]}},"5769":{"3012":{"keys":[183,195],"grid":[" !!0","!","!","!","!","!","!","!","!","!","!","!","!","!","!","!"]},"3013":{"keys":[195,183],"grid":[" "," "," "," "," "," "," "," "," "," ","!! 0","10","10","10","10","10"]},"3010":{"keys":[183,195],"grid":[" ,!&"," -!%"," /!#","02","02","02","02","02","02","02"," .!$","10","10","10","01","01"]},"3011":{"keys":[183,195],"grid":[" -!%"," ,!&","01","01"," +!'","04"," *!(","06"," )!)"," (!*","09"," '!+"," &!,"," %!-"," $!."," #!/"]},"3014":{"keys":[195],"grid":[" "," "," "," "," "," "," "," "," "," "," "," "," "," "," "," "]},"3009":{"keys":[183,195],"grid":[" "," "," "," "," /!#"," .!$"," -!%"," ,!&","07"," +!'","09","09"," *!(","12","09","09"]}},"5766":{"3027":{"keys":[183,195],"grid":[" "," "," "," "," "," "," "," "," "," "," "," ","!$ .","!( *","!","!"]}},"5767":{"3018":{"keys":[183,195],"grid":[" 0!!","00"," /!#","02"," .!$","04","04","04","04","04","04","04","04","04","04","04"]},"3019":{"keys":[183,195],"grid":[" .!$"," -!%","01","01","01","01","01","01","01","01","01","01","01","01","01","01"]},"3028":{"keys":[195,183],"grid":[" (!*"," *!("," /!#"," "," "," "," "," "," "," "," "," "," "," "," "," "]},"3027":{"keys":[183,195],"grid":[" "," "," "," "," "," "," "," "," "," "," "," "," "," "," ","!% -"]},"3026":{"keys":[183,195],"grid":[" -!%","00"," .!$","02"," /!#"," 0!!","05"," "," "," "," "," "," "," "," "," "]},"3025":{"keys":[183,195],"grid":[" %!-"," &!,","01","01","01"," '!+","05"," (!*","07"," )!)","09"," *!("," +!'","12"," ,!&","14"]},"3024":{"keys":[195,183],"grid":[" "," "," "," ","!! 0","04","04","!# /","07","07","07","!$ .","11","11","!% -","14"]},"3023":{"keys":[183,195],"grid":[" #!/","00","00","00","00"," !!0","05","05","05","05","05","05","05","05","!","!"]},"3022":{"keys":[183,195],"grid":[" $!.","00"," %!-","02","02","02","00","00","00","00","00","00","00","00"," #!/","14"]},"3021":{"keys":[183,195],"grid":[" '!+"," &!,","01"," %!-","03","03","03","03","03","03"," $!.","10","10","10","10","10"]},"3017":{"keys":[183],"grid":[" "," "," "," "," "," "," "," "," "," "," "," "," "," "," "," "]},"3020":{"keys":[183,195],"grid":[" -!%"," ,!&","01","01","01","01","01"," +!'","07"," *!(","09"," )!)","11","11"," (!*","14"]}},"5764":{"3027":{"keys":[195,183],"grid":[" '!+","00"," (!*"," )!)"," *!("," +!'"," -!%"," 0!!"," "," "," "," "," "," "," "," "]},"3026":{"keys":[195,183],"grid":[" '!+","00","00","00","00","00","00","00","00","00","00","00"," &!,","12","12","12"]},"3025":{"keys":[183,195],"grid":[" ","!$ .","!% -","02","!& ,","!' +","05","05","!( *","08","08","08","08","05","05","05"]}},"5765":{"3027":{"keys":[183,195],"grid":[" "," "," "," "," "," "," "," ","!! 0","!% -","!, &","!0 !","!","!","!","!"]}},"5762":{"3024":{"keys":[183,195],"grid":[" "," "," "," "," "," "," "," "," "," "," ","!# /","!","!","!","!"]}},"5763":{"3025":{"keys":[195],"grid":[" "," "," "," "," "," "," "," "," "," "," "," "," "," "," "," "]},"3024":{"keys":[183,195],"grid":[" "," "," "," "," "," "," "," "," "," "," "," ","!! 0","!& ,","!* (","!- %"]}},"5760":{"3024":{"keys":[183,195],"grid":[" ","!$ .","!+ '","!. $","!0 !","!","!","!","!","!","!","!","!","!","!","!"]}},"5761":{"3024":{"keys":[183,195],"grid":[" "," "," "," "," ","!! 0","!% -","!( *","!* (","!- %","!0 !","!","!","!","!","!"]}},"5854":{"3012":{"keys":[183,195],"grid":[" "," "," "," "," "," "," "," "," "," "," "," "," ","!% )!%","!","!"]},"3070":{"keys":[195,196],"grid":[" "," "," "," "," "," "," "," "," "," "," "," "," "," "," ","!! 0"]},"3071":{"keys":[196,195],"grid":[" $!."," %!, !"," '!( $"," "," "," "," "," "," "," "," "," "," "," "," "," "]}},"5855":{"3012":{"keys":[183,195],"grid":[" "," "," "," "," "," "," "," "," "," "," "," "," /!#","!","!","!"]},"3070":{"keys":[195,196],"grid":[" "," "," "," "," "," "," "," "," "," /!#"," -!%"," +!'"," )!)"," '!+"," &!,"," $!."]},"3071":{"keys":[195,196],"grid":[" !!0","!","!","!","!","!","!","!","!","!","!","!","!","!","!","!"]}},"5690":{"3047":{"keys":[183,185],"grid":[" #!$ !!+"," !!0","01","01","01","!","!","!","!","!","01","!","!","!","!","!"]},"3046":{"keys":[183,185],"grid":[" "," "," "," "," "," "," "," /!#","07"," .!$"," -!%"," ,!&","11"," +!'"," )!)"," (!*"]}},"5847":{"3070":{"keys":[195,196],"grid":[" $!."," #!/","01","01"," !!0","!","!","!","!","!","!","!","!","!","!","!"]},"3010":{"keys":[183,195],"grid":[" "," "," "," "," "," "," "," "," "," (!$ '"," &!( $!!"," %!-","!# !!.","!","!","!"]},"3069":{"keys":[195,196],"grid":[" "," "," "," "," "," /!#"," -!%"," +!'"," *!("," )!)"," (!*"," '!+"," &!,"," %!-","13"," $!."]}},"5846":{"3070":{"keys":[195,196],"grid":[" "," "," "," "," "," "," .!$"," -!%"," ,!&"," +!'"," )!)"," &!,","!","!","!","!"]},"3010":{"keys":[183,195],"grid":[" "," "," "," "," "," "," "," "," "," "," ","!/ #","!","!","!","!"]}},"5845":{"3070":{"keys":[195,196],"grid":[" "," "," "," "," "," "," "," "," "," )!! ("," &!( %"," %!+ #"," $!."," #!/"," !!0","!"]},"3071":{"keys":[196],"grid":[" "," "," "," "," "," "," "," "," "," "," "," "," "," "," "," "]},"3010":{"keys":[183,195],"grid":[" "," "," "," "," "," "," "," "," "," ","!) )","!","!","!","!","!"]}},"5844":{"3071":{"keys":[195,196],"grid":[" "," 0!!","01"," /!#","01","01","01","01","01","01","01","01","03","03","03","03"]},"3010":{"keys":[183,195],"grid":[" "," "," "," "," "," "," "," "," "," "," .!$"," +!'"," *!("," )!)"," (!*"," &!,"]},"3011":{"keys":[183,195],"grid":[" %!-","00"," $!."," #!/"," !!0","!","!","!","!","!","!","!","!","!","!","!"]}},"5843":{"3011":{"keys":[183,195],"grid":[" "," "," "," "," "," "," "," 0!!"," .!$"," -!%"," ,!&","!","!","!","!","!"]}},"5842":{"3012":{"keys":[183,195],"grid":[" )!)","00","00","00"," (!*","04","04"," '!+","07"," &!,","09"," %!-","11"," $!."," #!/"," !!0"]},"3013":{"keys":[195],"grid":[" "," "," "," "," "," "," "," "," "," "," "," "," "," "," "," "]},"3011":{"keys":[183,195],"grid":[" "," "," "," "," "," "," "," "," "," "," "," .!$"," ,!&"," +!'"," *!("," )!)"]}},"5841":{"3013":{"keys":[183,195],"grid":[" ","!# -!#","!","!","!","!","!","!","!","!","!","!","!","!","!","!"]}},"5840":{"3012":{"keys":[183,195],"grid":[" "," "," "," "," "," "," "," "," "," "," "," "," "," "," ","!! 0"]},"3013":{"keys":[195,183],"grid":[" /!#"," "," "," "," "," "," "," "," "," "," "," "," "," "," "," "]}},"5685":{"3049":{"keys":[183,185],"grid":[" "," "," "," "," "," "," "," "," "," $!& )"," !!+ &","!, &","!- %","!/ #","!","!"]}},"5684":{"3049":{"keys":[183,185],"grid":[" "," "," "," "," "," "," "," "," "," "," "," "," /!#"," ,!&"," (!*"," %!-"]},"3050":{"keys":[183,185],"grid":[" #!/","00"," !!0","!","!","!","!","!","!","!","!","!","!","!","!","!"]}},"5687":{"3049":{"keys":[183,185],"grid":[" 0!!","00","00"," .!$"," +!'"," *!("," #!$ $!)"," #!/","07","07","07"," !!0","!","!","!","!"]},"3048":{"keys":[183,185],"grid":[" "," "," "," "," "," "," "," "," "," 0!!","09","09"," "," "," "," "]}},"5686":{"3049":{"keys":[183,185],"grid":[" "," "," "," "," "," "," "," "," "," "," "," "," .!$"," ,!&","!! (!)","!$ !!-"]}},"5681":{"3050":{"keys":[183,185],"grid":[" "," "," "," "," "," "," "," "," "," "," "," "," "," "," *!$ %"," )!& $"]},"3051":{"keys":[183,185],"grid":[" (!*"," #!$ #!*","!","!","!","!","!","!","!","!","!","!","!","!","!","!"]}},"5680":{"3051":{"keys":[183,185],"grid":[" "," "," +!'"," *!("," )!)"," #!/","05","05"," !!0","08","!","!","!","!","!","!"]}},"5849":{"3010":{"keys":[183,195],"grid":[" "," "," "," "," "," "," "," "," "," "," "," "," "," 0!!"," *!(","14"]},"3011":{"keys":[183,195],"grid":[" *!(","00","00","00"," (!*","04"," &!,"," !!0","!","!","!","!","!","!","!","!"]},"3069":{"keys":[195,196],"grid":[" "," "," "," "," "," "," "," "," *!! '"," $!.","!","!","!","!","!","!"]}},"5682":{"3050":{"keys":[183,185],"grid":[" "," "," "," 0!!"," /!#"," .!$"," -!%"," ,!&"," +!'"," *!("," (!*","10","10"," $!! #!+"," !!0","!"]}},"5694":{"3056":{"keys":[195,185],"grid":[" "," "," "," "," "," /!#"," ,!&"," )!)","!! !!/","!","!","!","!","!","!","!"]},"3043":{"keys":[183,185],"grid":[" !!0","00","00","!","!","!","00"," #!/","00","!","!","!","!","!","!","!"]},"3042":{"keys":[183,185],"grid":[" "," "," "," "," "," "," "," .!# !"," .!$"," +!'","09"," )!)"," '!+","12"," %!-"," $!."]},"3052":{"keys":[185,195],"grid":[" "," "," "," "," "," "," "," "," "," "," "," "," "," "," "," $!( '"]},"3053":{"keys":[195],"grid":[" "," "," "," "," "," "," "," "," "," "," "," "," "," "," "," "]}},"5695":{"3056":{"keys":[195,185],"grid":[" #!/","00","00"," !!0","!","!","!","!","!","!","!","!","!","!","!","!"]},"3041":{"keys":[183],"grid":[" "," "," "," "," "," "," "," "," "," "," "," "," "," "," "," "]},"3042":{"keys":[183,185],"grid":[" /!#"," .!$"," )!)","02"," (!*"," &!,"," $!.","!","!","!","!","!","!","!","!","!"]},"3052":{"keys":[185,195],"grid":[" "," "," "," "," ,!&"," +!'"," *!("," )!)"," (!*"," '!+"," &!,"," %!-"," $!."," #!/"," !!0","!"]},"3055":{"keys":[195,185],"grid":[" "," "," "," "," "," "," "," "," "," "," "," *!# &"," )!% %"," '!( $"," %!, !"," #!/"]}},"5670":{"3057":{"keys":[183,185],"grid":[" "," "," "," "," "," "," "," "," "," /!#"," ,!&"," '!! !!)"," &!,","12","12"," %!-"]},"3058":{"keys":[183,185],"grid":[" %!-"," !!! !!.","01"," !!0","!","!","!","!","!","!","!","!","!","!","!","!"]},"3059":{"keys":[185,183],"grid":[" "," "," ","!# /"," "," "," "," "," "," "," "," "," "," "," "," "]}},"5671":{"3057":{"keys":[183,185],"grid":[" "," "," "," "," "," -!# #"," %!! '!$ #"," $!$ $!' !"," !!/ !","!","!","!","!","!","!","!"]}},"5672":{"3057":{"keys":[183,185],"grid":[" "," "," "," "," "," "," "," "," "," ","!! 0","!& ,","!( *","!) )","!* (","!+ '"]},"3058":{"keys":[185,183],"grid":[" +!'"," .!$"," /!#"," "," "," "," "," "," "," "," "," "," "," "," "," "]}},"5673":{"3057":{"keys":[183,185],"grid":[" "," "," "," "," "," "," "," "," .!$"," -!%"," ,!&"," +!'"," *!("," (!*"," '!+","14"]},"3058":{"keys":[183,185],"grid":[" %!-"," $!.","!","!","!","!","!","!","!","!","!","!","!","!","!","!"]}},"5674":{"3057":{"keys":[183,185],"grid":[" "," "," $!# ,"," $!% *"," $!' &!#"," !!0","!","!","!","!","!","!","!","!","!","!"]}},"5675":{"3056":{"keys":[183,185],"grid":[" $!.","00"," %!-"," )!)"," -!%"," /!#"," 0!!"," "," "," "," "," "," "," "," "," "]},"3057":{"keys":[183,185],"grid":[" "," "," "," &!$ )","!* (","04","!- %","!","!","!","!","!","!","!","!","!"]},"3054":{"keys":[183,185],"grid":[" "," "," "," "," "," "," "," "," "," "," "," "," "," 0!!","13"," /!#"]},"3055":{"keys":[183,185],"grid":[" /!#"," .!$"," -!%"," ,!&"," +!'"," *!("," )!)"," (!*"," '!+","08"," &!,","10","10"," %!-","13"," $!."]}},"5676":{"3056":{"keys":[185,183],"grid":[" "," "," "," "," "," "," "," "," ","!! $!! ,","!) )","10","10","10","!* (","14"]},"3057":{"keys":[183,185],"grid":[" *!(","00","00"," +!'","00"," )!)"," !!0","!","!","!","!","!","!","!","!","!"]},"3054":{"keys":[183,185],"grid":[" "," "," "," )!$ &"," (!% &"," %!) %"," $!, #"," $!- !"," #!/","08"," !!0","10","!","!","!","!"]}},"5677":{"3054":{"keys":[183,185],"grid":[" "," "," "," "," "," "," "," "," /!#"," .!$","!! ,!%","!! +!&","!' $!(","!","!","!"]}},"5678":{"3054":{"keys":[183,185],"grid":[" +!'","00","00"," (!*"," &!,"," #!/"," !!0","!","!","!","!","!","!","!","!","!"]},"3052":{"keys":[183],"grid":[" "," "," "," "," "," "," "," "," "," "," "," "," "," "," "," "]},"3053":{"keys":[183,185],"grid":[" 0!!","00"," /!#","02"," .!$"," ,!&","05"," +!'"," (!*"," '!+","09","09","09","09","08"," )!)"]}},"5679":{"3052":{"keys":[183,185],"grid":[" *!("," )!)"," (!*"," '!+"," &!,"," %!-","05","05"," $!.","08"," #!/","10","!","!","!","!"]},"3051":{"keys":[183,185],"grid":[" "," "," "," "," "," "," "," "," "," "," "," "," .!$"," -!%"," ,!&"," +!'"]}},"5773":{"3007":{"keys":[183,195],"grid":[" /!#"," .!$"," ,!&"," +!'"," )!)"," '!+"," &!,"," $!."," !!0","!","!","!","!","!","!","!"]},"3006":{"keys":[183,195],"grid":[" "," "," "," "," "," "," "," "," "," "," "," "," "," "," "," 0!!"]}},"5772":{"3007":{"keys":[183,195],"grid":[" "," "," "," "," "," "," "," "," "," 0!!"," .!$"," -!%"," +!'"," )!)"," '!+"," &!,"]},"3008":{"keys":[183,195],"grid":[" %!-"," $!."," #!/"," !!0","!","!","!","!","!","!","!","!","!","!","!","!"]}},"5775":{"3006":{"keys":[183,195],"grid":[" "," "," #!! .","!% -","!& +!!","!& *!#","!' (!$","!( %!&","!( $!'","!) !!(","!","!","!","!","!","!"]}},"5774":{"3006":{"keys":[183,195],"grid":[" "," "," "," "," /!#"," .!$"," ,!&"," +!'"," *!("," (!*"," '!+"," &!,"," $!."," #!/"," !!0","!"]}},"5777":{"3006":{"keys":[183,195],"grid":[" "," "," "," 0!!","03"," .!$"," ,!&","!% $!*","!","!","!","!","!","!","!","!"]}},"5776":{"3006":{"keys":[183,195],"grid":[" "," "," ","!' +","!* (","!- %","!0 !","!","!","!","!","!","!","!","!","!"]}},"5779":{"3004":{"keys":[183,195],"grid":[" !!0","00","!","!","!","!","!","!","!","!","!","!","!","!","!","!"]},"3003":{"keys":[183,"",195,197],"grid":[" "," "," "," "," "," $!!##$# )"," #!##$$$ '"," !!##&$$ &","#*$$ %","#+$$ $","#-$# #","#.$$","!!#.$#"," !#/$!"," !#0","14"]}},"5813":{"3015":{"keys":[183,195],"grid":[" 0!!"," ,!&"," *!(","!","!","!","!","!","!","!","!","!","!","!","!","!"]}},"5778":{"3005":{"keys":[183,195],"grid":[" ,!&","00"," +!'","02"," *!(","04"," )!)","06"," (!*"," '!+","09"," &!,","11"," %!-"," $!.","14"]},"3004":{"keys":[183,195],"grid":[" "," "," "," "," "," "," "," 0!!","07"," /!#","09"," .!$","11","11"," -!%","14"]},"3006":{"keys":[183,195],"grid":[" #!/"," !!0","!","!","!","!","!","!","!","!","!","!","!","!","!","!"]}},"5859":{"3012":{"keys":[183,195],"grid":[" "," "," "," "," "," 0!!","!","!","!","!","!","!","!","!","!","!"]},"3071":{"keys":[195,196],"grid":[" "," "," "," "," "," ","!, &","!. $","!0 !","!","!","!","!","!","!","!"]}},"5872":{"3070":{"keys":[195,196],"grid":[" )!)","00","00","00","!! '!*","!$ $!+","!","!","!","!","!","!","!","!","!","!"]},"3069":{"keys":[195,196],"grid":[" "," "," "," "," "," "," "," "," "," "," "," "," "," ,!! $!!"," +!'"," *!("]},"3014":{"keys":[183,195],"grid":[" "," "," "," "," "," "," "," "," /!#"," .!$"," -!%"," ,!&"," +!'","!! )!(","!# (!(","!# '!)"]},"3015":{"keys":[195,183],"grid":[" $!% *"," %!# +"," %!! ,"," "," "," "," "," "," "," "," "," "," "," "," "," "]}},"5873":{"3069":{"keys":[195,196],"grid":[" "," "," "," "," ,!&"," *!("," (!*"," '!+"," &!,"," %!-"," $!."," #!/"," !!0","!","!","!"]},"3014":{"keys":[183,195],"grid":[" "," "," "," "," "," "," %!% )"," !!+ &","!/ #","!","!","!","!","!","!","!"]}},"5870":{"3069":{"keys":[195,196],"grid":[" "," (!% &"," %!+ #"," !!0","!","!","!","!","!","!","!","!","!","!","!","!"]},"3014":{"keys":[183,195],"grid":[" "," "," "," "," "," "," /!#","06"," -!%"," ,!&","!! )!(","!! '!*","!$ #!,","!","!","!"]}},"5871":{"3070":{"keys":[196,195],"grid":[" .!$"," /!#"," 0!!"," "," "," "," "," "," "," "," "," "," "," "," "," "]},"3069":{"keys":[195,196],"grid":[" "," "," "," ","!! 0","!$ .","!% -","!& ,","!' +","!) )","!* (","10","!+ '","!, &","13","!- %"]},"3014":{"keys":[183,195],"grid":[" "," "," "," "," #!& *","!+ '","!, &","!- %","!. $","!/ #","!0 !","10","!","!","!","!"]}},"5876":{"3065":{"keys":[195,196],"grid":[" "," "," "," "," 0!!","04"," /!#","06","06","06"," .!$","10"," -!%"," ,!&","13"," +!'"]},"3066":{"keys":[195,196],"grid":[" *!(","00"," )!)","02"," (!*"," '!+","05"," &!,"," %!-","08"," $!.","10"," #!/"," !!0","13","!"]},"3014":{"keys":[183,195],"grid":[" ","!( *","!, &","!. $","!","!","!","!","!","!","!","!","!","!","!","!"]}},"5877":{"3065":{"keys":[195,196],"grid":[" !!0","00","!","!","!","!","!","!","!","!","!","!","!","!","!","!"]},"3014":{"keys":[183,195],"grid":[" "," "," "," "," ","!% -","!( *","!, &","!/ #","!","!","!","!","!","!","!"]},"3064":{"keys":[195,196],"grid":[" "," "," /!#"," .!$"," -!%"," ,!&"," +!'"," *!("," )!)"," (!*"," '!+"," &!,","11"," %!-"," $!."," #!/"]}},"5874":{"3013":{"keys":[183,195],"grid":[" "," "," "," "," "," "," "," "," "," "," "," "," "," "," 0!!"," /!#"]},"3069":{"keys":[195,196],"grid":[" "," ,!# $"," *!("," )!)","!","!","!","!","!","!","!","!","!","!","!","!"]},"3014":{"keys":[183,195],"grid":[" .!$","00"," -!%","02"," ,!&","04","04"," +!'"," *!(","!# $!,","!","!","!","!","!","!"]}},"5875":{"3013":{"keys":[183,195],"grid":[" "," "," "," "," "," "," "," "," "," "," "," "," ","!! 0","!& ,","!( *"]},"3014":{"keys":[195,183],"grid":[" *!("," "," "," "," "," "," "," "," "," "," "," "," "," "," "," "]},"3067":{"keys":[195,196],"grid":[" 0!!","00"," /!#","02"," .!$","04","04"," -!%","07","07"," ,!&","10"," +!'","12","12"," *!("]},"3066":{"keys":[195],"grid":[" "," "," "," "," "," "," "," "," "," "," "," "," "," "," "," "]},"3069":{"keys":[195,196],"grid":[" %!-"," $!."," !!0","!","!","!","!","!","!","!","!","!","!","!","!","!"]},"3068":{"keys":[195,196],"grid":[" *!("," )!)","01"," (!*","03","03","03","03"," '!+","08","08","08"," &!,","12","12"," %!-"]}},"5878":{"3063":{"keys":[195,196],"grid":[" "," "," "," "," "," "," "," "," ,!$ #"," +!'"," *!("," )!)"," '!+"," %!-"," $!."," #!/"]},"3014":{"keys":[183,195],"grid":[" "," "," "," "," "," "," "," "," .!$","!# *!&","!","!","!","!","!","!"]},"3064":{"keys":[195,196],"grid":[" !!0","!","!","!","!","!","!","!","!","!","!","!","!","!","!","!"]}},"5798":{"3010":{"keys":[183,195],"grid":[" "," "," '!$ %!$","!! $!-","!","!","!","!","!","!","!","!","!","!","!","!"]}},"5799":{"3010":{"keys":[183,195],"grid":[" "," ","!$ .","!' +","!) )","!, &","!- %","06","!. $","!0 !","!","!","!","!","!","!"]}},"5663":{"3067":{"keys":[185],"grid":[" "," "," "," "," "," "," "," "," "," "," "," "," "," "," "," "]},"3066":{"keys":[183,185],"grid":[" "," "," "," "," "," 0!!"," .!$"," -!%"," +!'"," *!("," (!*"," '!+"," &!,"," $!."," #!/"," !!0"]}},"5662":{"3067":{"keys":[183,185],"grid":[" "," 0!!"," -!%"," ,!&"," *!("," (!*"," '!+"," &!,"," $!."," #!/"," !!0","!","!","!","!","!"]}},"5661":{"3068":{"keys":[183,185],"grid":[" *!("," )!)"," (!*"," '!+"," &!,"," %!-"," $!."," #!/"," !!0","08","!","!","!","!","!","!"]},"3067":{"keys":[183,185],"grid":[" "," "," "," "," "," "," "," "," "," "," "," "," /!#"," -!%"," ,!&"," +!'"]}},"5660":{"3070":{"keys":[185,183],"grid":[" "," "," "," "," "," "," "," "," "," "," "," "," "," ","!! 0","!# /"]},"3071":{"keys":[183,185],"grid":[" #!/"," $!% $!'"," %!$ $!'"," ,!&"," )!! !!'"," *!(","05"," +!'","05"," )!)"," (!*","10","10"," '!+","10","13"]},"3069":{"keys":[183,185],"grid":[" +!'"," *!(","01"," )!)"," (!*","04"," '!+"," &!,"," %!-"," #!/"," !!0","!","!","!","!","!"]},"3068":{"keys":[183,185],"grid":[" "," "," "," "," "," "," "," "," "," "," "," 0!!"," .!$"," -!%"," ,!&","14"]}},"5667":{"3063":{"keys":[185,183],"grid":[" "," "," "," "," "," ","!! 0","06","06"," "," "," "," "," "," "," "]},"3062":{"keys":[183,185],"grid":[" #!/"," !!0","!","!","!","!","!","!","!","!","!","!","!","!","!","!"]},"3061":{"keys":[183,185],"grid":[" $!.","00"," #!/","02","02"," !!0","05","05","05","05","05","05","05","02","02","02"]},"3060":{"keys":[183,185],"grid":[" .!# !"," ,!&"," +!'"," )!)"," &!,"," !!! #!-","!","!","!","!","!","!","!"," $!.","13","13"]},"3059":{"keys":[183],"grid":[" "," "," "," "," "," "," "," "," "," "," "," "," "," "," "," "]}},"5666":{"3063":{"keys":[183,185],"grid":[" *!("," )!)","00"," ,!&"," .!$"," "," "," "," "," "," "," "," /!#","03"," +!'","14"]},"3062":{"keys":[183,185],"grid":[" "," "," "," "," -!%","04"," *!("," )!)","07"," (!*","09","09","07","07","07","07"]},"3060":{"keys":[183,185],"grid":[" "," "," "," "," "," "," /!#","06"," .!$"," ,!&"," +!'","10","08"," "," "," "]},"3064":{"keys":[183,185],"grid":[" ,!&"," -!%"," .!$"," #!! *!%"," !!$ )!%","!% )!%","!& (!%","!' '!%"," !!' &!%"," !!* $!$"," !!0","!","!","!","!","!"]}},"5665":{"3065":{"keys":[183,185],"grid":[" .!$"," ,!&"," *!("," )!)"," '!+"," %!-"," $!."," !!0","!","!","!","!","!","!","!","!"]},"3064":{"keys":[183,185],"grid":[" "," "," "," "," "," "," "," "," "," "," "," "," "," "," 0!!"," /!#"]}},"5664":{"3066":{"keys":[183,185],"grid":[" $!.","00","00"," #!/","!","!","!","!","!","!","!","!","!","!","!","!"]},"3065":{"keys":[183,185],"grid":[" "," "," "," "," "," "," "," "," 0!!"," /!#"," -!%"," ,!&"," +!'","12"," $!! !!,"," $!."]}},"5669":{"3058":{"keys":[183,185],"grid":[" "," "," "," "," -!%"," )!! !!'"," +!'"," *!(","04"," .!$","09","09","09"," /!#","13","13"]},"3059":{"keys":[183,185],"grid":[" 0!!","00","00"," "," ","00","00"," .!$"," &!% $!%"," !!) $!%","!* #!&","!","!","!","!","!"]}},"5668":{"3060":{"keys":[183,185],"grid":[" (!*","00","!! '!*","!# %!+","03","!! &!+","05"," '!+"," &!,","!! #!.","!","!","!","!","!","!"]},"3059":{"keys":[183,185],"grid":[" "," "," "," "," "," "," "," "," "," ,!&","09"," +!'"," *!(","12"," )!)","14"]}},"5771":{"3008":{"keys":[183,195],"grid":[" "," "," "," "," "," 0!!"," /!#"," .!$"," -!%"," +!'"," (!*"," '!+"," %!-"," #!/","!","!"]}},"5708":{"3039":{"keys":[185,195],"grid":[" "," "," "," "," "," "," "," "," "," -!%"," +!'"," )!)"," (!*","12","12"," '!+"]},"3034":{"keys":[183,185],"grid":[" "," "," "," "," "," "," "," "," +!& !"," '!+"," &!,","10"," %!-","12","12"," $!."]},"3035":{"keys":[185],"grid":[" "," "," "," "," "," "," "," "," "," "," "," "," "," "," "," "]},"3030":{"keys":[183,195],"grid":[" "," "," "," "," "," 0!!","05","05"," "," "," "," "," "," ","05"," /!#"]},"3031":{"keys":[183,195],"grid":[" ,!&"," +!'","01","01","01","01","00","00","00","00","00","01"," *!(","01","01","00"]},"3032":{"keys":[183,195],"grid":[" -!%"," .!$"," 0!!"," "," "," "," "," "," "," "," "," "," "," "," "," "]},"3065":{"keys":[185],"grid":[" "," "," "," "," "," "," "," "," "," "," "," "," "," "," "," "]},"3064":{"keys":[195,185],"grid":[" "," "," "," "," "," "," *!% $"," (!( #"," &!+ !"," &!,"," %!-"," $!.","11"," #!/"," !!0","14"]},"3041":{"keys":[195,185],"grid":[" "," "," "," "," ","!! 0","!# /","!$ .","07","!% -","09","!& ,","11","11","11","11"]},"3040":{"keys":[185,195],"grid":[" '!+","00","00","00"," &!,","04"," %!-"," #!/"," !!0","!","!","!","!","!","!","!"]},"3043":{"keys":[195],"grid":[" "," "," "," "," "," "," "," "," "," "," "," "," "," "," "," "]},"3042":{"keys":[185,195],"grid":[" &!,","00","00"," %!-","03","03","03","03","03","03","03","03"," $!."," #!/","13"," !!0"]}},"5709":{"3039":{"keys":[185,195],"grid":[" "," "," "," "," "," "," "," "," ","!$ .","!' +","!( *","!) )","!+ '","!, &","!. $"]},"3029":{"keys":[183,195],"grid":[" "," "," "," "," "," "," "," 0!!"," /!#","08"," -!%"," +!'"," &!# #!("," %!-"," $!.","14"]},"3034":{"keys":[183,185],"grid":[" +!'"," '!+","01"," %!-"," !!0","04"," #!/","06","04","!","!","!","!","!","!","!"]},"3030":{"keys":[183,195],"grid":[" #!/","00"," !!0","02","!","!","!","!","!","!","02","02","!","!","!","!"]},"3032":{"keys":[195,183],"grid":[" "," "," "," ","!! 0","!# /","!$ .","06","!% -","08","08","06","06","!$ +!$","13","!' '!%"]},"3033":{"keys":[183,185],"grid":[" "," "," "," "," "," "," "," "," 0!!","08","08"," "," ,!&"," +!'","13","13"]},"3065":{"keys":[185,195],"grid":[" &!,"," '!+"," )!)"," *!("," ,!&"," -!%"," /!#"," 0!!"," "," "," "," "," "," "," "," "]},"3064":{"keys":[195,185],"grid":[" "," "," "," "," "," "," "," "," "," ","!! 0","!# /","11","!$ .","!% -","!& ,"]},"3040":{"keys":[195,185],"grid":[" 0!!"," "," "," "," "," "," "," "," "," "," "," "," "," "," "," "]}},"5704":{"3038":{"keys":[183,185],"grid":[" &!,","00","00","00","00"," %!-"," $!.","06"," #!/"," !!0","09","!","!","!","!","!"]},"3036":{"keys":[183],"grid":[" "," "," "," "," "," "," "," "," "," "," "," "," "," "," "," "]},"3037":{"keys":[183,185],"grid":[" "," -!%"," ,!&"," *!("," )!)","04","04","04","04"," (!*","09","09"," '!+","12","12"," &!,"]},"3057":{"keys":[195,185],"grid":[" "," "," '!# )"," !!+ &","!. $","!","!","!","!","!","!","!","!","!","!","!"]},"3043":{"keys":[185,195],"grid":[" "," "," "," "," "," "," "," "," /!#"," -!%"," +!'"," )!)"," '!+"," &!,"," %!-"," $!."]},"3044":{"keys":[185,195],"grid":[" #!/"," !!0","!","!","!","!","!","!","!","!","!","!","!","!","!","!"]}},"5705":{"3057":{"keys":[195,185],"grid":[" "," "," "," "," "," ","!# /","!$ .","07","!% -","09","09","!& ,","12","12","!' +"]},"3036":{"keys":[183,185],"grid":[" *!("," )!)"," (!*"," '!+","03","03","02","02"," &!,"," $!."," #!/","10","10"," !!0","!","!"]},"3043":{"keys":[185,195],"grid":[" "," "," "," "," "," "," "," ","!' +","!* '!!","!","!","!","!","!","!"]},"3058":{"keys":[185,195],"grid":[" '!+"," (!*"," )!)","02"," *!(","04"," +!'"," ,!&","07"," -!%"," .!$","10"," /!#"," 0!!","13"," "]},"3035":{"keys":[183,185],"grid":[" "," 0!!"," /!#","02"," .!$"," -!%"," ,!&","06","05","01"," "," "," "," ","05"," +!'"]}},"5706":{"3058":{"keys":[195],"grid":[" "," "," "," "," "," "," "," "," "," "," "," "," "," "," "," "]},"3034":{"keys":[183,185],"grid":[" "," "," "," "," "," "," "," "," "," "," .!$"," -!%"," ,!&"," (!*","13"," '!+"]},"3035":{"keys":[183,185],"grid":[" '!+","!! %!,","!","!","!","!","!","!","!","!","!"," !!0","11","!","!","!"]},"3059":{"keys":[185,195],"grid":[" !!0","00"," #!/"," $!.","03"," %!-"," &!,","06"," '!+","08"," (!*","10"," )!)"," *!(","13"," +!'"]},"3063":{"keys":[185,195],"grid":[" +!'","00","00"," ,!&","03","03"," -!%"," .!$","07"," /!#"," 0!!","10"," "," "," "," "]},"3062":{"keys":[185,195],"grid":[" *!(","00","00","00","00","00","00","00","00","00","00","00","00","00","00","00"]},"3061":{"keys":[185,195],"grid":[" /!#","00","00","00"," .!$","04","04","04"," -!%","08","08","08"," ,!&","12"," +!'","14"]},"3060":{"keys":[185,195],"grid":[" +!'","00"," ,!&","02","02","02"," -!%","06","06","06"," .!$","10","10","10"," /!#","14"]},"3066":{"keys":[185],"grid":[" "," "," "," "," "," "," "," "," "," "," "," "," "," "," "," "]},"3065":{"keys":[185,195],"grid":[" +!'","00","00","00","00","00","00","00"," ,!&","08","08","08"," -!%"," .!$"," /!#"," 0!!"]},"3064":{"keys":[185,195],"grid":[" "," "," "," "," 0!!","04"," /!#"," .!$"," -!%","08"," ,!&"," +!'","11","11","11","11"]},"3043":{"keys":[185,195],"grid":[" "," #!# -"," !!% ,"," !!' *","!) )","!, &","!/ #","!","!","!","!","!","!","!","!","!"]}},"5707":{"3034":{"keys":[183,185],"grid":[" "," "," "," "," "," "," "," "," "," ","!# /","!& ,","!( *","!* (","!+ '","!- %"]},"3035":{"keys":[185,183],"grid":[" .!# !"," "," "," "," "," "," "," "," "," "," "," "," "," "," "," "]},"3063":{"keys":[195,185],"grid":[" "," "," "," "," "," "," "," "," "," "," "," "," ","!! 0","13","13"]},"3066":{"keys":[195,185],"grid":[" *!(","!# (!(","!& #!*","!","!","!","!","!","!","!","!","!","!","!","!","!"]},"3065":{"keys":[195,185],"grid":[" "," "," 0!!","02","02"," /!#","05"," .!$","07","07"," -!%","10","10"," ,!&","13"," +!'"]},"3064":{"keys":[185,195],"grid":[" !!0","!","!","!","!","!","!","!","!","!","!","!","!","!","!","!"]},"3041":{"keys":[185,195],"grid":[" /!#","00"," 0!!"," "," "," "," "," "," "," "," "," "," "," "," "," "]},"3040":{"keys":[185,195],"grid":[" "," "," "," "," "," "," "," "," "," "," "," "," 0!!","12","12"," /!#"]},"3043":{"keys":[185,195],"grid":[" "," 0!!"," /!#"," .!$"," -!%"," ,!&"," *!(","!","!","!","!","!","!","!","!","!"]}},"5700":{"3049":{"keys":[185,195],"grid":[" '!+","00"," &!,","02"," %!-","04"," $!.","06"," #!/","08","!","!","!","!","!","!"]},"3038":{"keys":[185,183],"grid":[" %!-"," &!,"," '!+","02","02"," (!*","05"," )!% %"," "," "," "," "," "," "," "," "]},"3048":{"keys":[185,195],"grid":[" (!*","00","00","00","00","00","00"," )!)","07","00","00","00","00","00","00","00"]},"3037":{"keys":[183,185],"grid":[" "," "," "," "," "," "," "," "," "," "," "," "," ","!! 0","!# /","14"]},"3070":{"keys":[185,193],"grid":[" "," "," "," "," "," "," "," "," "," ","!! 0","!# /","11","!$ .","!& ,","!' +"]},"3071":{"keys":[193,185],"grid":[" )!)"," *!(","01"," +!'","03","03"," ,!&","06","06","06","06","06"," -!%"," .!$"," /!#"," 0!!"]},"3059":{"keys":[195,185],"grid":[" "," "," "," "," 0!!","!","!","!","!","!","!","!","!","!","!","!"]},"3047":{"keys":[185,195],"grid":[" "," "," "," "," 0!!"," /!#"," .!$"," -!%"," ,!&"," +!'"," *!("," )!)","11","11"," (!*","14"]}},"5701":{"3038":{"keys":[183,185],"grid":[" "," "," "," "," "," "," "," ","!# /","!$ .","!% -","!& ,","11","11","!' +","14"]},"3039":{"keys":[185,183],"grid":[" (!*","00","00","00"," )!)"," *!(","05","05","05","05","05","05","04","00","00"," '!+"]},"3071":{"keys":[185,193],"grid":[" "," "," "," "," "," *!# &"," *!% $"," )!' #"," '!+"," &!,"," %!-"," %!& '!!"," "," "," "," "]},"3058":{"keys":[195,185],"grid":[" 0!!"," /!#"," .!$","02","01","01","01","01"," -!%"," +!'"," *!("," )!)","11"," (!*","13","13"]},"3059":{"keys":[195,185],"grid":[" (!*"," &!,"," $!."," !!0","!","!","!","!","!","!","!","!","!","!","!","!"]},"3057":{"keys":[195],"grid":[" "," "," "," "," "," "," "," "," "," "," "," "," "," "," "," "]},"3040":{"keys":[185,183],"grid":[" (!*"," )!)"," *!(","02","02"," .!$"," "," "," "," "," "," "," "," "," "," "]},"3047":{"keys":[185,195],"grid":[" )!)"," &!,"," #!/"," !!0","!","!","!","!","!","!","!","!","!","!","!","!"]},"3046":{"keys":[185,195],"grid":[" "," "," "," "," "," "," "," "," "," "," "," 0!!"," /!#"," -!%"," ,!&"," +!'"]}},"5702":{"3071":{"keys":[185,193],"grid":[" "," "," "," "," "," "," "," "," ","!! 0","!$ .","!& ,","!( *"," #!' )"," $!( '"," %!( &"]},"3058":{"keys":[185],"grid":[" "," "," "," "," "," "," "," "," "," "," "," "," "," "," "," "]},"3057":{"keys":[195,185],"grid":[" "," "," "," "," "," "," "," "," "," /!#"," '!# &!$"," &!' !!%"," &!,"," %!-","13"," $!."]},"3040":{"keys":[183,185],"grid":[" "," "," "," "," "," "," ","!! 0","07","!# /","!% +!#","!( '!$","!+ !!&","!","!","!"]},"3045":{"keys":[185,195],"grid":[" "," "," "," "," "," "," "," "," /!#"," .!$"," -!%","10"," ,!&","12","12"," +!'"]},"3046":{"keys":[185,195],"grid":[" +!'","00","00"," *!(","03"," )!)"," '!+"," &!,"," $!."," #!/"," !!0","!","!","!","!","!"]}},"5703":{"3038":{"keys":[183,185],"grid":[" "," "," "," "," "," "," "," "," "," "," "," "," "," "," 0!!"," /!#"]},"3039":{"keys":[183,185],"grid":[" /!#"," .!$","01","01","01","01"," -!%","06","06","06"," ,!&","10","10"," +!'"," *!(","14"]},"3040":{"keys":[183,185],"grid":[" )!)","00"," (!*","02","02","02","02","02"," &!,","!","!","!","!","!","!","!"]},"3057":{"keys":[195,185],"grid":[" "," "," "," "," 0!!"," /!#"," -!%"," ,!&","!( $!'","!","!","!","!","!","!","!"]},"3045":{"keys":[185,195],"grid":[" )!)"," (!*"," '!+","02"," &!,"," $!."," !!0","!","!","!","!","!","!","!","!","!"]},"3044":{"keys":[185,195],"grid":[" "," "," "," 0!!"," /!#"," .!$","05"," -!%","07"," ,!&","09"," +!'","11"," *!(","13"," )!)"]}},"5784":{"3004":{"keys":["",183,195],"grid":[" !!-#$"," +#'","## '#)","#","#","#","#","#","#","#","#","#","#","#","#","#"]},"3001":{"keys":[183,195],"grid":[" "," "," "," "," "," "," "," "," "," "," "," "," "," *!$ %"," )!& $"," (!) !"]},"3003":{"keys":[183,195,""],"grid":[" -!%","00"," -#!!$"," .!$"," .#!!#"," /!#","05"," 0!!","07"," 0#!"," "," "," ","07","07","05"]},"3002":{"keys":[183,195],"grid":[" (!*"," '!+","01","01","01","01","00","00","00"," )!)","09"," *!(","11"," +!'"," ,!&","14"]}},"5785":{"3002":{"keys":[195,183],"grid":[" !!0"," %!-"," (!*"," ,!&"," /!#"," "," "," "," "," "," "," "," "," "," "," "]}},"5786":{"3003":{"keys":[195,183],"grid":[" -!%","00","00"," .!$","03"," /!#"," 0!!"," "," "," "," "," "," "," "," "," "]},"3002":{"keys":[183,195],"grid":[" "," "," "," "," "," ","!! 0","!$ .","!% -","!& ,","!( *","!) !!! '","!+ '","!, &","13","13"]}},"5787":{"3003":{"keys":[183,195],"grid":[" "," "," "," "," "," "," ","!# /","!) )","!* (","!+ '","!, #!! #","!","!","!","!"]}},"5780":{"3004":{"keys":[195,197,183],"grid":[" $!&#)"," &!%#(","01"," &!&#'"," '!%#'","04","04"," )!$#&"," )!%#%"," *!%#$"," +!&#!"," -!%"," "," "," "," "]},"3003":{"keys":[183,197,195],"grid":[" "," "," "," "," "," "," "," "," "," "," "," ","!# /","!& ,","!( *","#!!' *"]}},"5868":{"3013":{"keys":[183,195],"grid":[" "," "," "," "," "," "," "," "," "," "," "," "," "," ","!! 0","!$ ."]},"3069":{"keys":[195,196],"grid":[" "," "," "," !!% ,","!( *","!) )","!+ '","!, &","!/ #","!","!","!","!","!","!","!"]},"3014":{"keys":[195,183],"grid":[" &!,"," (!*"," *!("," ,!&"," "," "," "," "," "," "," "," "," "," "," "," "]}},"5782":{"3004":{"keys":[183,195,""],"grid":[" "," "," 0!!"," (!*"," !##!.","#!!0","!","!","!","!","!","!","!","!","!","!"]}},"5783":{"3004":{"keys":[183,"",195],"grid":[" *!$#%"," %#-","#","#","#","#","#","#","#","#","#","#","#","#","#","#"]}},"5865":{"3012":{"keys":[183,195],"grid":[" "," "," "," "," "," "," "," "," "," "," "," "," "," "," "," )!)"]},"3013":{"keys":[183,195],"grid":[" &!,","!","!","!","!","!","!","!","!","!","!","!","!","!","!","!"]},"3070":{"keys":[195,196],"grid":[" "," "," "," 0!!"," /!#"," .!$"," -!%","06"," ,!&"," +!'","!! )!(","!% !!,","!","!","!","!"]}},"5864":{"3012":{"keys":[183],"grid":[" "," "," "," "," "," "," "," "," "," "," "," "," "," "," "," "]},"3013":{"keys":[195,183],"grid":[" #!/"," +!# %"," "," "," "," "," "," "," "," "," "," "," "," "," "," "]},"3070":{"keys":[195,196],"grid":[" "," "," "," "," "," "," "," "," "," (!) !"," %!-"," $!."," #!/"," !!0","!","!"]}},"5770":{"3009":{"keys":[183,195],"grid":[" *!("," '!+"," $!.","!","!","!","!","!","!","!","!","!","!","!","!","!"]},"3008":{"keys":[183,195],"grid":[" "," "," "," "," "," "," "," "," "," "," "," "," "," "," "," -!%"]}},"5866":{"3012":{"keys":[183,195],"grid":[" "," "," "," "," "," "," "," "," "," "," "," "," "," "," ","!$ ."]},"3013":{"keys":[195,183],"grid":[" %!-","00"," &!,","02"," '!+"," (!*","05"," )!)"," *!("," +!'"," ,!&"," -!%"," 0!!"," "," "," "]},"3069":{"keys":[195,196],"grid":[" "," "," "," "," "," "," "," "," "," "," "," "," /!#"," -!%"," +!'"," (!*"]},"3070":{"keys":[195,196],"grid":[" %!-"," $!."," !!0","!","!","!","!","!","!","!","!","!","!","!","!","!"]}},"5861":{"3012":{"keys":[183,195],"grid":[" "," "," "," "," "," "," "," ","!# /","!$ .","!& ,","!( *","!","!","!","!"]},"3071":{"keys":[195,196],"grid":[" "," "," "," /!#"," -!%"," +!'"," (!*"," %!-"," !!0","!","!","!","!","!","!","!"]}},"5789":{"3005":{"keys":[195,"",183],"grid":[" '!!#*"," *#("," +#'"," .#$"," 0#!"," "," "," "," "," "," "," "," "," "," "," "]},"3004":{"keys":[183,195,""],"grid":[" "," "," "," "," "," "," "," "," "," ","!! 0","10","!##! .","!$#! -","!%#$ *","!&## *"]}},"5863":{"3012":{"keys":[183,195],"grid":[" "," "," "," "," "," "," "," "," "," "," "," "," ","!' +","!, &","!0 !"]},"3070":{"keys":[195,196],"grid":[" "," "," "," "," "," "," "," "," "," "," "," "," "," "," "," 0!!"]},"3071":{"keys":[195,196],"grid":[" /!#","00"," .!$"," ,!&","!! )!(","!# &!*","!% !!,","!","!","!","!","!","!","!","!","!"]}},"5781":{"3004":{"keys":[183,"",195],"grid":[" "," "," "," "," "," .!$"," -!$#!"," -!!#$"," )#)"," '!##)"," $!&#)","#! !!$#,","#","#","#","#"]}},"5697":{"3038":{"keys":[183,185],"grid":[" "," "," "," "," "," "," "," "," "," "," "," "," "," )!$ &"," '!( $"," '!+"]},"3039":{"keys":[183,185],"grid":[" '!+"," &!,"," %!-"," $!.","!","!","!","!","!","!","!","!","!","!","!","!"]},"3070":{"keys":[185,193],"grid":[" "," "," "," "," "," "," "," "," "," 0!!"," /!#"," .!$","11"," -!%","13","13"]},"3071":{"keys":[185,193],"grid":[" ,!&"," +!'"," *!("," )!)"," (!*","04","04","03","03","02","02","02","02","01","01","01"]},"3056":{"keys":[195,185],"grid":[" "," "," "," "," "," "," "," ","!$ .","08","!% -","10","10","!& ,","13","13"]},"3057":{"keys":[185,195],"grid":[" '!+"," (!*"," )!)"," )!& $"," "," "," "," "," "," "," "," "," "," "," "," "]},"3050":{"keys":[185,195],"grid":[" "," "," "," "," "," "," "," "," "," "," "," "," "," 0!!"," /!#"," .!$"]},"3051":{"keys":[185,195],"grid":[" -!%","00"," ,!&"," +!'","03"," *!("," )!)"," (!*"," '!+"," &!,"," %!-"," $!."," #!/"," !!0","!","!"]}},"5835":{"3013":{"keys":[183,195],"grid":[" "," "," "," "," "," "," "," "," 0!!"," +!'"," '!+"," #!/","!","!","!","!"]}},"5658":{"3071":{"keys":[183,185],"grid":[" "," "," "," "," "," "," ","!# /","!& ,","!) )","!+ '","!, &","11","!- %","11","10"]}},"5659":{"3070":{"keys":[183,185],"grid":[" -!%"," ,!&","01","01"," +!'","04"," *!(","04"," /!#","08"," 0!!","10"," "," "," "," "]},"3069":{"keys":[183,185],"grid":[" "," "," "," "," "," "," "," "," "," "," "," "," /!#"," .!$","13"," -!%"]}},"5656":{"3070":{"keys":[183,185],"grid":[" "," "," "," "," "," "," "," 0!!"," -!%"," ,!&"," +!'"," *!("," )!)","12"," (!*","14"]},"3071":{"keys":[183,185],"grid":[" '!+"," &!,"," #!/","!","!","!","!","!","!","!","!","!","!","!","!","!"]}},"5657":{"3070":{"keys":[183,185],"grid":[" "," "," "," "," "," "," ","!$ .","!% -","08","08","08","08","08","08","07"]},"3071":{"keys":[185,183],"grid":[" %!-","00"," &!,"," '!+"," (!*"," )!)"," *!("," ,!&"," "," "," "," "," "," "," "," "]}},"5654":{"3071":{"keys":[183,185],"grid":[" "," "," "," 0!!","03"," /!#","05","05","05","05","05"," .!$","11","11"," -!%"," ,!&"]}},"5655":{"3070":{"keys":[183,185],"grid":[" "," "," "," "," "," "," "," "," "," "," "," "," "," "," (!! )"," %!& ("]},"3071":{"keys":[183,185],"grid":[" $!) &"," !!. #","!","!","!","!","!","!","!","!","!","!","!","!","!","!"]}},"5867":{"3013":{"keys":[183,195],"grid":[" "," "," "," "," "," "," "," "," "," "," "," "," ","!! -!# !","!","!"]},"3069":{"keys":[195,196],"grid":[" "," "," "," "," /!#"," -!%"," *!("," (!*"," &!,"," %!-"," #!/","!","!","!","!","!"]}},"5639":{"3067":{"keys":[185,183],"grid":[" -!%"," /!#"," "," "," "," "," "," "," "," "," "," "," "," "," "," "]},"3066":{"keys":[183,185],"grid":[" "," "," "," "," "," "," "," "," "," ","!! 0","!$ .","!& ,","!( *","!* (","!, &"]}},"5719":{"3016":{"keys":[183],"grid":[" "," "," "," "," "," "," "," "," "," "," "," "," "," "," "," "]},"3067":{"keys":[195,185],"grid":[" !!0","!","!","!","!","!","!","!","!","!","!","!","!","!","!","!"]},"3017":{"keys":[195,183],"grid":[" )!)"," "," "," "," "," "," "," "," "," "," "," "," "," "," "," "]},"3066":{"keys":[195,185],"grid":[" "," "," "," "," "," "," )!& $"," '!* !"," %!-"," $!."," #!/","10"," !!0","12","12","12"]}},"5718":{"3016":{"keys":[183,195],"grid":[" "," "," "," "," "," "," "," "," "," "," "," "," "," "," ","!, &"]},"3068":{"keys":[195,185],"grid":[" *!("," )!)"," (!*"," %!-","!","!","!","!","!","!","!","!","!","!","!","!"]},"3067":{"keys":[195,185],"grid":[" "," "," "," "," "," "," "," 0!!","07"," /!#","09"," .!$","11"," -!%"," ,!&"," +!'"]}},"5717":{"3018":{"keys":[183,195],"grid":[" +!'"," *!(","01","01","01"," )!)","05","05"," (!*","08"," '!+","10"," &!,","12"," %!-","14"]},"3019":{"keys":[183,195],"grid":[" %!-"," $!."," #!/","02"," !!0","!","!","!","!","!","!","!","!","!","!","!"]},"3034":{"keys":[195,185],"grid":[" "," "," "," "," "," "," "," ","!# /","!% -","!& ,","!' +","!) )","12","!* (","14"]},"3035":{"keys":[185,195],"grid":[" *!(","00"," )!)"," (!*","03","03"," '!+","06","06","06","03","03","06","06","06","06"]},"3036":{"keys":[185,195],"grid":[" '!+","00"," &!,"," %!-"," #!/","!","!","!","!","!","!","!","!","!","!","!"]},"3016":{"keys":[183,195],"grid":[" "," "," "," "," "," "," "," "," "," "," "," "," "," "," "," 0!!"]},"3017":{"keys":[183,195],"grid":[" /!#","00"," .!$"," -!%","03","03","03","02","02","02","02","02","03","03"," ,!&","14"]},"3067":{"keys":[185,195],"grid":[" 0!!","00","00","00","00","00","00","00","00","00"," /!#","10","10","10","10","10"]},"3066":{"keys":[185,195],"grid":[" -!%"," .!$"," /!#","02","02","02","02","02"," 0!!","08","08","08","08"," "," ","08"]},"3065":{"keys":[195,185],"grid":[" "," "," "," "," "," "," "," "," "," ","!% -","!' +","!) )","!* (","!, &","!- %"]},"3068":{"keys":[185,195],"grid":[" /!#","00"," 0!!"," "," "," "," "," "," "," "," "," "," "," "," "," "]}},"5788":{"3004":{"keys":[195,183,""],"grid":[" )!)"," *!("," +!'"," ,!&"," -!###"," /##"," /#!!!"," 0!!"," "," "," "," "," "," "," "," "]},"3003":{"keys":[183,195],"grid":[" "," "," "," "," "," "," "," "," "," "," "," "," ","!$ .","!& ,","!' +"]}},"5715":{"3036":{"keys":[185,195],"grid":[" "," "," "," "," "," "," "," "," "," "," "," "," &!,"," #!/","!","!"]},"3022":{"keys":[183,195],"grid":[" -!%","00","00","00"," ,!&"," +!'"," #!! '!(","!% &!(","!% %!)","!% $!*","09","!% #!+","!","!% !!,","!","!"]},"3021":{"keys":[183,195],"grid":[" .!$","00","00","00"," -!%","04","00","04","04","04","04"," ,!&","11","11","11","04"]},"3033":{"keys":[185,195],"grid":[" &!,"," '!+"," (!*"," )!)"," +!'"," ,!&"," -!%"," .!$"," /!#"," 0!!"," "," "," "," "," "," "]},"3032":{"keys":[195,185],"grid":[" "," "," "," "," "," "," "," "," "," "," "," "," ","!! 0","!$ .","!% -"]},"3065":{"keys":[195,185],"grid":[" "," "," "," "," "," "," "," "," "," "," "," "," "," "," 0!!"," /!#"]},"3020":{"keys":[183,195],"grid":[" "," "," 0!!"," .!$"," ,!&","04","04","04"," -!%","03","08","08","08","08","03","03"]},"3066":{"keys":[195,185],"grid":[" /!#"," .!$"," -!%","02"," (!! $!&"," '!+"," %!-","06"," $!."," #!/"," !!0","!","!","!","!","!"]}},"5714":{"3036":{"keys":[185,195],"grid":[" "," "," "," "," "," "," "," "," "," "," "," "," "," "," "," 0!!"]},"3037":{"keys":[185,195],"grid":[" /!#"," .!$"," -!%"," ,!&"," *!("," )!)"," (!*"," '!+"," &!,"," %!-"," $!."," #!/"," !!0","!","!","!"]},"3066":{"keys":[195,185],"grid":[" "," "," "," "," "," "," "," "," "," "," "," "," 0!!","!$ +!$","!' &!&","!"]},"3032":{"keys":[195,185],"grid":[" "," "," "," "," "," "," "," "," ","!$ .","!- %","!/ #","!","!","!","!"]},"3022":{"keys":[183,195],"grid":[" "," "," "," "," "," "," "," .!$"," %!-","!","!","!","!","!","!","!"]}},"5713":{"3038":{"keys":[185,195],"grid":[" .!$"," -!%"," ,!&"," +!'"," (!*"," %!-"," $!."," #!/"," !!0","!","!","!","!","!","!","!"]},"3026":{"keys":[183,195],"grid":[" +!'"," ,!&","00","00"," *!("," )!)","!# '!)","!& #!*","!","!","!","!","!","!","!","!"]},"3025":{"keys":[195,183],"grid":[" "," ","!! 0","!# /","03","!$ .","!% -","06","!& ,","!' +","09","!( *","!) )","12","!* (","!+ '"]},"3037":{"keys":[185,195],"grid":[" "," "," "," "," "," "," "," "," "," "," "," "," "," "," 0!!"," /!#"]},"3022":{"keys":[183,195],"grid":[" "," "," "," "," "," "," "," "," ","!","!","!","!","!","!","!"]},"3032":{"keys":[195,185],"grid":[" "," "," ","!& ,","!( *","!* (","!+ '","!- %","!/ #","!","!","!","!","!","!","!"]},"3066":{"keys":[185,195],"grid":[" &!,"," '!+"," (!*","02"," )!)"," *!(","05"," +!'"," ,!&","08"," .!$"," /!#"," "," "," "," "]},"3065":{"keys":[195,185],"grid":[" "," "," "," "," "," "," "," "," "," "," "," "," "," "," ","!! 0"]}},"5712":{"3038":{"keys":[185,195],"grid":[" "," "," "," "," "," "," "," "," "," "," 0!!"," /!#"," .!$"," -!%"," ,!&"," +!'"]},"3039":{"keys":[185,195],"grid":[" *!("," )!)"," (!*"," '!+"," &!,"," $!.","!","!","!","!","!","!","!","!","!","!"]},"3026":{"keys":[183,195],"grid":[" ","!$ .","!' +","!* (","!- %","!0 !","!","!","!","!","!","!","!","!","!","!"]},"3025":{"keys":[183,195],"grid":[" 0!!"," "," "," "," "," "," "," "," "," "," "," "," "," "," "," "]},"3024":{"keys":[195,183],"grid":[" "," ","!# /","!$ .","!% -","!' +","!( *","!) )","!+ '","!, &","09","!- %","!. $","12","!/ #","!0 !"]},"3022":{"keys":[183,195],"grid":[" "," "," "," "," "," "," "," "," "," ,!&"," )!)"," &!,"," #!/","!","!","!"]},"3032":{"keys":[195,185],"grid":[" "," "," "," .!$"," *!("," )!)"," '!+"," $!.","!","!","!","!","!","!","!","!"]},"3065":{"keys":[195,185],"grid":[" "," "," "," "," "," "," "," "," "," !!' *","!) )","!* (","!, &","!- %","!/ #","!"]}},"5711":{"3039":{"keys":[185,195],"grid":[" "," "," "," "," "," "," "," 0!!"," /!#"," -!%"," ,!&"," +!'"," *!("," )!)"," (!*"," &!,"]},"3026":{"keys":[183,195],"grid":[" $!."," #!/","01"," !!0","!","!","!","!","!","!","!","!","!","!","!","!"]},"3025":{"keys":[183,195],"grid":[" "," "," "," "," "," "," "," "," "," "," "," "," $!! -"," $!% *"," $!( '"," $!+ $"]},"3024":{"keys":[183,195],"grid":[" 0!!"," "," "," "," "," "," "," "," "," "," "," "," "," "," "," "]},"3023":{"keys":[183,195],"grid":[" ,!&","00","00","00","00","00","00","00","00","00","00","00","00","00"," .!$"," 0!!"]},"3022":{"keys":[183,195],"grid":[" "," "," "," "," "," "," "," "," "," "," "," "," "," 0!!"," -!%"," ,!&"]},"3032":{"keys":[195,185],"grid":[" "," "," "," "," "," "," "," "," "," 0!!"," /!#"," .!$"," -!%"," ,!&"," +!'"," *!("]},"3033":{"keys":[195,185],"grid":[" )!)","!! &!+","!","!","!","!","!","!","!","!","!","!","!","!","!","!"]},"3066":{"keys":[195,185],"grid":[" (!*"," &!,"," %!-"," #!/"," !!0","!","!","!","!","!","!","!","!","!","!","!"]},"3065":{"keys":[195,185],"grid":[" "," "," "," "," "," "," "," "," "," "," 0!!"," /!#"," .!$"," ,!&"," +!'"," )!)"]},"3040":{"keys":[185,195],"grid":[" #!/"," !!0","!","!","!","!","!","!","!","!","!","!","!","!","!","!"]}},"5860":{"3012":{"keys":[183,195],"grid":[" "," "," "," "," $!! -","!* (","!. $","!","!","!","!","!","!","!","!","!"]},"3071":{"keys":[195,196],"grid":[" "," "," "," "," "," "," "," "," ","!# +!%","!","!","!","!","!","!"]}},"5818":{"3016":{"keys":[183,195],"grid":[" "," "," ","!! 0","!% -","!( *","!+ '","!","!","!","!","!","!","!","!","!"]}},"5819":{"3016":{"keys":[183,195],"grid":[" '!+"," &!,"," %!-"," $!."," #!/"," !!0","!","!","!","!","!","!","!","!","!","!"]},"3015":{"keys":[183,195],"grid":[" "," "," "," "," "," "," 0!!"," /!#"," .!$"," -!%"," ,!&"," +!'"," *!("," )!)"," (!*"," '!+"]}},"5795":{"3009":{"keys":[195,183],"grid":[" *!("," -!%"," .!$"," /!#"," 0!!","04"," "," "," "," "," "," "," "," "," "," "]},"3008":{"keys":[183,195],"grid":[" "," "," "," "," "," "," "," "," "," "," ","!! 0","11","!# /","!$ .","!' +"]}},"5794":{"3007":{"keys":[183,195],"grid":[" "," "," "," "," "," "," "," "," "," "," ","!! 0","!# /","!% -","13","!& ,"]},"3008":{"keys":[195,183],"grid":[" &!,"," '!+"," (!*","02"," )!)"," *!("," +!'"," .!$"," /!#"," 0!!"," "," "," "," "," "," "]}},"5793":{"3007":{"keys":[195,183],"grid":[" +!'","00"," ,!&"," -!%","03"," .!$","05"," /!#"," 0!!","08"," "," "," "," "," "," "]},"3006":{"keys":[183,195],"grid":[" "," ","!# /","!$ .","03","03","03","03","!% -","!& ,","!' +","!( *","11","!) )","13","!* ("]}},"5792":{"3005":{"keys":[183,195,""],"grid":[" "," "," "," "," "," "," "," "," "," "," "," "," "," "," &!! +","#! $!( &"]},"3006":{"keys":[195,183],"grid":[" -!%"," .!$"," "," "," "," "," "," "," "," "," "," "," "," "," "," "]}},"5791":{"3005":{"keys":[183,195],"grid":[" "," "," ","!!! "]}},"5790":{"3005":{"keys":[183,195,""],"grid":[" "," "," "," "," ","!! 0","!$#! -","!% -","!'#! %#&","!(#! %#%","!* $#%","!+#'","!","!","!","!"]}},"5810":{"3014":{"keys":[183,195],"grid":[" "," "," "," "," "," "," "," "," "," "," ","!' +","!( *","!) )","!/ !!!","!"]}},"5811":{"3014":{"keys":[183,195],"grid":[" "," "," "," "," "," "," "," "," "," "," "," "," "," #!' )","!/ #","!"]}},"5812":{"3014":{"keys":[183,195],"grid":[" "," "," "," "," "," "," "," "," "," "," "," "," "," "," ","!# /"]},"3015":{"keys":[195,183],"grid":[" &!,"," (!*"," -!%"," "," "," "," "," "," "," "," "," "," "," "," "," "]}},"5862":{"3012":{"keys":[183,195],"grid":[" "," "," "," "," "," "," "," "," "," "," "," ","!","!","!","!"]},"3071":{"keys":[195,196],"grid":[" $!& )"," !!* '","!. $","!0 !","!","!","!","!","!","!","!","!","!","!","!","!"]}},"5814":{"3015":{"keys":[195,183],"grid":[" #!/"," &!,"," *!("," -!%"," /!#"," "," "," "," "," "," "," "," "," "," "," "]}},"5815":{"3015":{"keys":[183,195],"grid":[" "," "," "," "," "," ","!# /","!) )","!, &","!/ #","!","!","!","!","!","!"]}},"5816":{"3016":{"keys":[195],"grid":[" "," "," "," "," "," "," "," "," "," "," "," "," "," "," "," "]},"3015":{"keys":[183,195],"grid":[" "," "," "," "," "," "," "," "," "," ","!! 0","!% -","!' +","!* (","!, &","!/ #"]}},"5817":{"3016":{"keys":[183,195],"grid":[" ","!$ .","!' +","!","!","!","!","!","!","!","!","!","!","!","!","!"]}},"5857":{"3012":{"keys":[183,195],"grid":[" "," "," "," /!#"," ,!&"," )!)"," &!,","!","!","!","!","!","!","!","!","!"]},"3070":{"keys":[195,196],"grid":[" "," "," "," "," "," "," "," "," ","!$ .","!( *","!, &","!","!","!","!"]}},"5883":{"3057":{"keys":[195,196],"grid":[" "," "," "," "," .!$"," ,!&"," )!)"," '!+"," $!."," !!0","!","!","!","!","!","!"]},"3014":{"keys":[195,183],"grid":[" %!-"," &!,"," '!+"," (!*"," )!)"," "," "," "," "," "," "," "," "," "," "," "]},"3013":{"keys":[183,195],"grid":[" "," "," "," "," "," "," "," ","!! 0","08","!# /","10","!$ .","12","12","!% -"]}},"5882":{"3057":{"keys":[195,196],"grid":[" "," "," "," "," "," "," "," "," "," "," "," 0!!","11"," /!#"," .!$"," -!%"]},"3058":{"keys":[195,196],"grid":[" ,!&"," +!'"," *!("," )!)"," (!*"," '!+"," &!,"," $!."," !!0","!","!","!","!","!","!","!"]},"3013":{"keys":[183,195],"grid":[" "," "," !!# .","!% -","!' +","!) )","!0 !","!","!","!","!","!","!","!","!","!"]}},"5881":{"3013":{"keys":[183,195],"grid":[" "," "," "," "," 0!!"," .!$"," ,!&"," (!*"," %!-"," !!0","!","!","!","!","!","!"]},"3058":{"keys":[195,196],"grid":[" "," "," "," "," "," "," "," "," "," 0!!"," .!$"," *!("," %!-","!","!","!"]}},"5880":{"3013":{"keys":[183,195],"grid":[" "," "," "," "," "," "," "," "," "," "," 0!!"," .!$"," ,!&"," *!("," '!+","!"]},"3061":{"keys":[196,195],"grid":[" "," "," "," "," "," ","!! 0","!# /","07","!$ .","09","!% -","11","11","09","09"]},"3058":{"keys":[195,196],"grid":[" "," "," "," "," "," "," "," "," "," "," "," "," "," 0!!"," !!# !!-","!"]},"3062":{"keys":[195,196],"grid":[" $!."," #!/","01"," !!0","!","!","!","!","!","!","!","!","!","!","!","!"]}},"5887":{"3054":{"keys":[195,196],"grid":[" "," "," "," "," "," "," "," "," "," "," /!#"," !!0","!","!","!","!"]},"3015":{"keys":[183,195],"grid":[" "," "," "," "," "," "," $!$ +"," !!' *","!) )","!+ '","!- %","!","!","!","!","!"]}},"5886":{"3056":{"keys":[195,196],"grid":[" %!-","00"," $!."," #!/","03"," !!0","!","!","!","!","!","!","!","!","!","!"]},"3054":{"keys":[195,196],"grid":[" "," "," "," "," "," "," "," "," "," "," "," "," 0!!"," /!#","13"," .!$"]},"3055":{"keys":[195,196],"grid":[" .!$"," -!%"," ,!&","02"," +!'","04"," *!(","06","06"," )!)","09"," (!*","11","11"," '!+"," &!,"]},"3014":{"keys":[183],"grid":[" "," "," "," "," "," "," "," "," "," "," "," "," "," "," "," "]},"3015":{"keys":[195,183],"grid":[" !!0","00"," #!/","02"," $!.","04"," %!-","06"," &!,"," '!) #"," (!' $"," "," "," "," "," "]}},"5885":{"3056":{"keys":[195,196],"grid":[" "," "," "," "," "," "," "," "," 0!!"," /!#"," .!$","10"," -!%","12"," ,!&","14"]},"3057":{"keys":[195,196],"grid":[" +!'","!& %!(","!( !!)","!","!","!","!","!","!","!","!","!","!","!","!","!"]},"3014":{"keys":[183,195],"grid":[" "," "," "," "," "," "," "," "," "," "," ","!! 0","!& ,","!/ #","!0 !","!"]}},"5884":{"3057":{"keys":[195,196],"grid":[" "," /!#"," .!$","!( %!&","!","!","!","!","!","!","!","!","!","!","!","!"]},"3014":{"keys":[183,195],"grid":[" "," "," "," "," ","!# /","!& ,","!( *","!* (","!, &","!/ #","!","!","!","!","!"]}},"5641":{"3066":{"keys":[183,185],"grid":[" "," "," "," "," "," "," "," "," "," "," "," "," ","!","!","!"]}},"5640":{"3067":{"keys":[183,185],"grid":[" ,!&"," +!'"," )!)","!# &!*","!% #!+","!","!","!","!","!","!","!","!","!","!","!"]},"3066":{"keys":[183,185],"grid":[" "," "," "," "," "," "," "," "," "," "," "," "," "," /!#"," .!$"," -!%"]}},"5643":{"3070":{"keys":[185,183],"grid":[" !!0","00","00"," !!/ !"," !!, %"," !!- $","05","04","!- %","!, &"," !!+ &"," '!% '"," "," "," "," "]},"3069":{"keys":[185,183],"grid":[" !!0","00","00","00","00","!","!","!","!","!","!","!","00","00","00","00"]},"3068":{"keys":[183,185],"grid":[" "," "," "," "," "," "," "," ","!! 0","08","08","08","08","08","08","08"]}},"5642":{"3070":{"keys":[185],"grid":[" "," "," "," "," "," "," "," "," "," "," "," "," "," "," "," "]},"3068":{"keys":[185,183],"grid":[" 0!!","00","00"," "," "," "," "," "," "," "," "," "," "," "," "," "]},"3067":{"keys":[185,183],"grid":[" +!'"," ,!&","01","01","01"," -!%","05","05"," .!$","08","08","08"," /!#","12","12"," 0!!"]},"3066":{"keys":[183,185],"grid":[" "," "," "," "," "," "," "," "," "," "," "," "," ","!# /","!+ '","14"]}},"5645":{"3070":{"keys":[185,183],"grid":[" "," "," "," "," "," /!#"," +!'"," &!,"," $!.","08"," #!/","!","!","!","!","!"]},"3071":{"keys":[183,185],"grid":[" "," "," ","!! 0","!# /","!% -","05","05","!$ .","08","08","08","05","05","05","!& ,"]},"3069":{"keys":[185,183],"grid":[" '!+"," '!$ $!%"," -!%"," +!'","03"," ,!&"," 0!!","06","06","06","06"," "," "," "," "," "]},"3068":{"keys":[183,185],"grid":[" "," "," "," "," "," "," "," "," "," "," "," "," "," "," ","!& ,"]}},"5644":{"3070":{"keys":[183,185],"grid":[" *!("," #!& #!("," !!0","!","!","!","!","!","!","!","!","!* (","!( *","!) )","13","11"]},"3071":{"keys":[185,183],"grid":[" *!("," +!'"," +!% !!!"," "," "," "," "," "," "," "," "," "," "," "," "," "]},"3069":{"keys":[183,185],"grid":[" 0!!"," /!#","01"," .!$","03"," -!%","05","05"," ,!&","08","08","08"," +!'","12","12","12"]},"3068":{"keys":[183],"grid":[" "," "," "," "," "," "," "," "," "," "," "," "," "," "," "," "]}},"5646":{"3070":{"keys":[185,183],"grid":[" %!-","00","00","00","00","00","!","!","!","!","!","!","!","!","!","!"]},"3069":{"keys":[183,185],"grid":[" "," "," "," "," "," "," "," "," "," "," "," "," "," ","!! 0","14"]}},"5850":{"3070":{"keys":[196,195],"grid":[" +!'","00"," ,!&","02","02","02"," -!%","06"," /!#"," "," "," "," "," "," "," "]},"3010":{"keys":[183,195],"grid":[" "," "," "," "," "," "," "," "," "," "," "," ","!% -","!' +","!) #!$ $","!/ #"]},"3011":{"keys":[195,183],"grid":[" 0!!"," "," "," "," "," "," "," "," "," "," "," "," "," "," "," "]},"3069":{"keys":[195,196],"grid":[" "," "," "," "," "," "," "," "," ","!$ .","!& ,","!( *","!) )","12","!* (","14"]}},"5728":{"3016":{"keys":[183,195],"grid":[" "," "," /!#"," ,!&"," )!)"," &!,","!","!","!","!","!","!","!","!","!","!"]},"3058":{"keys":[185,195],"grid":[" ,!&","00"," -!%","!! ,!$ !","!# /","04","04","04","!! 0","08"," "," "," "," "," "," "]},"3056":{"keys":[185,195],"grid":[" #!/","00","00","00","00","00","00"," $!.","07","07","07","07","07","00"," !!0","!"]},"3057":{"keys":[195,185],"grid":[" "," "," "," "," "," "," "," "," "," %!% )"," #!( ("," !!* '","!+ '","12","12","!, &"]},"3054":{"keys":[195,185],"grid":[" "," "," "," "," "," "," "," "," "," ","!$ .","!% -","!& ,","12","12","12"]},"3055":{"keys":[185,195],"grid":[" &!,"," %!-","01"," $!.","03"," #!/","05","05","05","05","05","05","05","05"," !!0","05"]}},"5729":{"3057":{"keys":[195,185],"grid":[" "," "," "," #!! ."," !!% ,"," !!& +","05"," !!' *","07"," !!( )","09"," !!) (","11","!+ '","13","!, &"]},"3016":{"keys":[183,195],"grid":[" #!/","!","!","!","!","!","!","!","!","!","!","!","!","!","!","!"]},"3058":{"keys":[185,195],"grid":[" ,!&","00"," -!%","02"," .!$","04"," 0!!"," "," "," "," "," "," "," "," "," "]},"3015":{"keys":[183,195],"grid":[" "," "," "," "," "," "," "," "," "," 0!!"," /!#"," .!$"," -!%"," *!("," '!+"," $!."]}},"5722":{"3062":{"keys":[195,185],"grid":[" )!)"," (!*"," '!+"," &!,"," %!-"," $!."," #!/"," !!0","!","!","!","!","!","!","!","!"]},"3061":{"keys":[195,185],"grid":[" "," "," "," "," "," "," "," "," "," "," "," "," "," "," *!& #"," )!( !"]},"3016":{"keys":[183,195],"grid":[" "," "," "," "," "," "," "," "," 0!!"," -!%"," *!(","!! &!+","!","!","!","!"]},"3065":{"keys":[195,185],"grid":[" #!/","00"," !!0","!","!","!","!","!","!","!","!","!","!","!","!","!"]},"3064":{"keys":[185,195],"grid":[" "," "," "," ","!! 0","04","!# /","06","06","06","06","!$ .","11","11","06","06"]}},"5723":{"3062":{"keys":[185,195],"grid":[" !!) ("," #!' )"," "," "," "," "," "," "," "," "," "," "," "," "," "," "]},"3061":{"keys":[195,185],"grid":[" "," "," "," "," "," "," "," "," "," "," "," "," "," ,!&","13"," +!'"]},"3016":{"keys":[183,195],"grid":[" "," "," "," "," ,!! %"," +!% #"," *!' !"," (!*"," '!+","!# #!-","!","!","!","!","!","!"]}},"5720":{"3016":{"keys":[183,195],"grid":[" "," "," "," "," "," "," "," )!' #"," (!*"," '!+"," &!,","10"," %!-"," $!."," #!/"," !!0"]},"3068":{"keys":[185,195],"grid":[" *!("," +!'"," ,!&"," -!%"," "," "," "," "," "," "," "," "," "," "," "," "]},"3067":{"keys":[185,195],"grid":[" (!*","00","00"," )!)","03","03","03","03","03","03","03"," *!(","11","11","11","11"]},"3017":{"keys":[195],"grid":[" "," "," "," "," "," "," "," "," "," "," "," "," "," "," "," "]},"3066":{"keys":[195,185],"grid":[" "," "," "," "," "," "," "," "," ","!! 0","!# /","!$ .","!% -","!& ,","!' +","14"]}},"5721":{"3016":{"keys":[183,195],"grid":[" "," "," "," "," "," "," "," ","!) )","!, &","!/ #","!","!","!","!","!"]},"3063":{"keys":[195,185],"grid":[" /!#","00"," 0!!","02","02","02","02","02","00","00","00","00","00","00","00"," .!$"]},"3062":{"keys":[195,185],"grid":[" "," "," "," "," "," "," "," "," "," 0!!","09"," /!#","11","11","11","11"]},"3067":{"keys":[195,185],"grid":[" -!%","00"," ,!&","02"," +!'","04","04","04","04","04"," *!("," )!)"," (!*","12"," '!+"," &!,"]},"3066":{"keys":[195,185],"grid":[" ,!&"," -!%","01"," .!$"," /!#"," 0!!","05","05","05","05","05","04","04","03","03","03"]},"3065":{"keys":[195,185],"grid":[" "," "," "," 0!!"," /!#"," -!%"," ,!&"," +!'","07","07","07","07","07","07","07","07"]},"3064":{"keys":[195,185],"grid":[" /!#","00"," 0!!"," "," "," "," "," "," "," "," "," "," "," "," "," "]},"3068":{"keys":[195,185],"grid":[" %!-"," $!."," #!/","!","!","!","!","!","!","!","!","!","!","!","!","!"]}},"5726":{"3016":{"keys":[183,195],"grid":[" "," "," "," "," "," "," "," "," "," "," "," 0!!"," /!#"," .!$"," -!%"," ,!&"]},"3017":{"keys":[183,195],"grid":[" +!'"," )!)"," (!*"," '!+"," %!-"," $!."," !!0","!","!","!","!","!","!","!","!","!"]},"3060":{"keys":[195,185],"grid":[" *!("," )!)","01"," (!*","03"," '!+","05","05"," &!,","08","08","08","!! $!-","!# #!-","!","!"]},"3058":{"keys":[195,185],"grid":[" /!#","00","00"," .!$","03"," -!%","05"," ,!&","07"," +!'","09","09","07","07","05","03"]},"3059":{"keys":[195,185],"grid":[" .!$"," /!#"," 0!!","02"," "," "," "," ","02","02","01","00"," -!%","12"," ,!&"," +!'"]},"3056":{"keys":[195,185],"grid":[" $!.","!","!","!","!","!","!","!","!","!"," #!/"," )!)"," ,!&"," -!%"," .!$"," /!#"]},"3057":{"keys":[195,185],"grid":[" 0!!","00","00"," "," "," "," "," "," "," "," "," "," ","00","00","00"]},"3055":{"keys":[195,185],"grid":[" "," "," 0!!","02"," /!#","04"," .!$","06"," -!%"," ,!&","09"," +!'"," *!("," )!)"," (!*"," '!+"]}},"5727":{"3016":{"keys":[183,195],"grid":[" "," "," "," "," "," "," 0!!"," .!$"," ,!&"," (!*"," #!/","!","!","!","!","!"]},"3058":{"keys":[185,195],"grid":[" )!( !"," )!)"," *!(","02","02"," +!'","05"," ,!&"," -!%"," .!$"," /!#"," "," "," "," "," "]},"3059":{"keys":[185],"grid":[" "," "," "," "," "," "," "," "," "," "," "," "," "," "," "," "]},"3056":{"keys":[185],"grid":[" "," "," "," "," "," "," "," "," "," "," "," "," "," "," "," "]},"3057":{"keys":[185,195],"grid":[" "," "," 0!!","02","02"," /!#"," .!$","!! ,!%","07"," ,!&"," +!'"," *!(","11"," )!( !","13","13"]},"3054":{"keys":[195,185],"grid":[" "," "," "," "," "," "," "," "," "," "," (!*"," '!+"," &!,"," %!-"," #!/"," !!0"]},"3055":{"keys":[195,185],"grid":[" !!0","!","!","!","!","!","!","!","!","!","!","!","!","!","!","!"]}},"5724":{"3062":{"keys":[185,195],"grid":[" '!+"," (!*"," )!)"," *!(","03"," ,!&"," "," "," "," "," "," "," "," "," "," "]},"3061":{"keys":[195,185],"grid":[" "," "," "," "," "," "," "," "," "," "," "," "," "," ","!$ .","!& ,"]},"3016":{"keys":[183,195],"grid":[" "," "," "," "," "," "," "," ","!# /","!$ .","!% -","!& ,","!' +","!( *","!) )","14"]},"3017":{"keys":[195,183],"grid":[" *!("," +!'"," ,!&"," /!#"," "," "," "," "," "," "," "," "," "," "," "," "]}},"5716":{"3019":{"keys":[183,195],"grid":[" "," "," "," "," "," "," "," 0!!","07"," /!#"," .!$"," -!%"," +!'"," *!("," (!*"," '!+"]},"3034":{"keys":[185,195],"grid":[" (!*"," )!)"," *!("," +!'"," ,!&"," -!%"," /!#"," "," "," "," "," "," "," "," "," "]},"3036":{"keys":[185,195],"grid":[" "," "," "," "," "," "," 0!!"," /!#"," -!%"," ,!&","09"," +!'","!# )!'","!' $!(","!","!"]},"3033":{"keys":[195,185],"grid":[" "," "," "," "," "," "," "," "," "," "," ","!! 0","!# /","!$ .","!& ,","!' +"]},"3066":{"keys":[185,195],"grid":[" '!' %","00","00"," (!& %"," (!% &"," "," "," "," "," "," "," "," "," "," "," "]},"3065":{"keys":[195,185],"grid":[" "," "," "," "," "," "," "," "," "," "," "," /!#"," .!$","!% )!%","!& (!%","14"]},"3020":{"keys":[183,195],"grid":[" $!."," !!0","!","!","!","!","!","!","!","!","!","!","!","!","!","!"]}},"5809":{"3014":{"keys":[183,195],"grid":[" "," "," "," "," "," "," "," "," &!$ )","!* (","!, &","!/ !!!","!","!","!","!"]}},"5808":{"3014":{"keys":[183,195],"grid":[" "," "," "," "," "," "," "," "," )!( !"," (!*"," $!.","!","!","!","!","!"]}},"5869":{"3069":{"keys":[195,196],"grid":[" "," "," "," "," /!#"," +!'"," )!)"," &!,"," !!0","!","!","!","!","!","!","!"]},"3014":{"keys":[183,195],"grid":[" (!! )"," %!' '"," #!* &","!- %","03","!. $","05","!/ #","!0 !","!","!","!","!","!","!","!"]}},"5803":{"3012":{"keys":[183,195],"grid":[" "," "," "," "," "," ","!# /","!$ .","!& ,","!( %!$ #","!) #!'","!","!","!","!","!"]}},"5802":{"3012":{"keys":[195,183],"grid":[" (!*","00"," *!("," +!'"," -!# !!!"," "," "," "," "," "," "," "," "," "," "," "]},"3011":{"keys":[183,195],"grid":[" "," "," "," "," "," "," "," "," "," "," "," "," "," "," #!$ ,","!( *"]}},"5801":{"3011":{"keys":[183,195],"grid":[" "," "," "," "," !!# .","!& ,","!' +","!( *","!) )","08","!, &","!. $","11","11","!0 !","!"]}},"5800":{"3010":{"keys":[183,195],"grid":[" "," "," "," "," "," "," "," "," "," ","!! 0","!# /","!% -","!' +","!( *","!) )"]},"3011":{"keys":[195,183],"grid":[" +!'"," /!#","01"," .!$","01"," "," "," "," "," "," "," "," "," "," "," "]}},"5807":{"3014":{"keys":[183,195],"grid":[" "," ","!! 0","02","!# /","!$ .","!% -","!( *","!* (","!+ '","!, &","!. #!!","!","!","!","!"]}},"5806":{"3013":{"keys":[183,195],"grid":[" "," "," "," "," "," "," "," "," "," "," "," "," ","!$ .","!& ,","!, &"]},"3014":{"keys":[195,183],"grid":[" /!#"," "," "," "," "," "," "," "," "," "," "," "," "," "," "," "]}},"5805":{"3013":{"keys":[183,195],"grid":[" "," "," ","!! 0","!$ .","!% -","!' +","!( *","!* (","!+ '","!- %","!. $","!","!","!","!"]}},"5851":{"3070":{"keys":[195,196],"grid":[" "," "," "," "," "," "," "," "," ","!! 0","!' +","!( *","!* (","!+ '","!, &","!- %"]},"3071":{"keys":[196],"grid":[" "," "," "," "," "," "," "," "," "," "," "," "," "," "," "," "]},"3010":{"keys":[183],"grid":[" "," "," "," "," "," "," "," "," "," "," "," "," "," "," "," "]},"3011":{"keys":[183,195],"grid":[" #!+ %","!- %","!, &","02","!+ '","02","02","01","02","04","04","04","02","02","!- !!$","!"]}},"5735":{"3067":{"keys":[185,195],"grid":[" .!$"," 0!!"," "," "," "," "," "," "," "," "," "," "," "," "," "," "]},"3017":{"keys":[183,195],"grid":[" "," "," ","!' +","!* (","!, &","!- %","!. $","!/ #","!0 !","!","!","!","!","!","!"]},"3066":{"keys":[195,185],"grid":[" "," "," "," "," "," "," "," "," ","!# /","!$ .","!& ,","!' +","!) )","!+ '","!, &"]}},"5734":{"3016":{"keys":[183,195],"grid":[" "," "," "," "," "," "," "," "," "," "," "," "," ","!! 0","!$ .","!' +"]},"3017":{"keys":[195,183],"grid":[" )!)"," ,!&"," .!$"," "," "," "," "," "," "," "," "," "," "," "," "," "]},"3066":{"keys":[195,185],"grid":[" "," "," "," ","!# /","!( *","!, &","!/ #","!","!","!","!","!","!","!","!"]}},"5737":{"3018":{"keys":[183,195],"grid":[" /!#"," .!$"," -!%"," ,!&"," %!-","!","!","!","!","!","!","!","!","!","!","!"]},"3017":{"keys":[183],"grid":[" "," "," "," "," "," "," "," "," "," "," "," "," "," "," "," "]},"3066":{"keys":[195,185],"grid":[" "," "," "," "," "," "," "," "," #!+ %","!0 !","!","!","!","!","!","!"]}},"5736":{"3018":{"keys":[195,183],"grid":[" '!+"," (!*"," +!'"," .!$"," "," "," "," "," "," "," "," "," "," "," "," "]},"3067":{"keys":[195,185],"grid":[" (!*"," '!+","!! $!-","!","!","!","!","!","!","!","!","!","!","!","!","!"]},"3017":{"keys":[183,195],"grid":[" "," "," "," "," "," "," "," "," "," "," ","!! 0","!# /","!$ .","!% -","!& ,"]},"3066":{"keys":[195,185],"grid":[" "," "," "," "," "," "," "," "," "," "," 0!!"," .!$"," -!%"," ,!&"," *!("," )!)"]}},"5731":{"3064":{"keys":[185,195],"grid":[" .!$"," -!%"," ,!&","02"," +!'"," *!(","05"," )!)","07","07"," (!*","10"," '!+","12","12","12"]},"3015":{"keys":[183,195],"grid":[" "," "," "," "," "," %!! ,","!( *","!+ '","!- %","!/ #","!","!","!","!","!","!"]},"3063":{"keys":[185,195],"grid":[" "," "," "," "," "," "," "," "," "," "," "," 0!!","11"," /!#","13"," .!$"]},"3061":{"keys":[185,195],"grid":[" /!#"," 0!!","01"," "," "," "," "," "," "," "," "," "," "," "," "," "]},"3060":{"keys":[195,185],"grid":[" '!( $","00"," &!* #","02"," $!, #","!/ #","!. $","06","06","06","06","06","06","06","06","05"]},"3066":{"keys":[185,195],"grid":[" -!%"," .!$"," /!#"," 0!!"," "," "," "," "," "," "," "," "," "," "," "," "]},"3065":{"keys":[185,195],"grid":[" &!,","00","00","00"," %!-","04","00"," '!+"," )!)"," -!%"," .!$","09","09","09","09","09"]},"3059":{"keys":[195,185],"grid":[" "," "," "," "," "," "," "," "," "," "," "," "," "," "," *!# &"," (!& %"]}},"5730":{"3060":{"keys":[185,195],"grid":[" -!%"," ,!&","01","01","00"," .!# !"," "," "," "," "," "," "," "," "," "," "]},"3059":{"keys":[185,195],"grid":[" *!(","00"," +!'","02"," ,!&"," -!%","05"," .!$","07","07","07","07","05","05","05","05"]},"3058":{"keys":[195,185],"grid":[" "," "," "," "," "," "," "," ","!! 0","!# /","!$ .","!% -","!& ,","!' +","!( *","!) )"]},"3015":{"keys":[183,195],"grid":[" "," "," "," "," "," "," %!& &!#"," #!/","!","!","!","!","!","!","!","!"]}},"5733":{"3016":{"keys":[195,183],"grid":[" !!0"," #!/","01"," $!."," %!-"," &!,"," '!+"," (!*"," *!("," ,!&"," -!%"," /!#"," 0!!"," "," "," "]},"3066":{"keys":[195,185],"grid":[" "," "," "," "," -!%"," ,!&"," *!("," )!)"," (!*","!! &!+","!","!","!","!","!","!"]},"3015":{"keys":[183,195],"grid":[" "," "," "," "," "," "," "," "," "," "," "," "," "," "," ","!! 0"]}},"5732":{"3063":{"keys":[185,195],"grid":[" )!)"," (!*","01"," '!+"," &!,"," %!-"," $!."," #!/"," !!0","!","!","!","!","!","!","!"]},"3062":{"keys":[185,195],"grid":[" 0!!","00"," /!#","02"," .!$","04","04"," -!%","07"," ,!&","09","09"," +!'"," *!(","13"," )!)"]},"3061":{"keys":[195,185],"grid":[" "," "," "," ","!! 0","!# /","05","!$ .","!% -","!& ,","!' +","!( *","!* (","!+ '","!/ #","14"]},"3066":{"keys":[195,185],"grid":[" "," "," "," ","!# /","!% -","!( *","!* (","!/ #","!","!","!","!","!","!","!"]},"3015":{"keys":[183,195],"grid":[" "," "," "," "," "," "," "," "," "," ","!! 0","!$ .","!) )","!. $","!","!"]}},"5739":{"3070":{"keys":[185,195],"grid":[" )!)","00"," (!*","02"," '!+"," &!,"," %!-"," $!."," !!0","!","!","!","!","!","!","!0 !"]},"3071":{"keys":[195,185],"grid":[" .!$"," ,!&"," +!'"," )!)"," '!+","!","!","!","!","!","!","!","!","!","!","!"]},"3069":{"keys":[195,185],"grid":[" "," "," "," "," "," ","!! 0","06","06","!# /","09","!$ .","!% -","!& ,","!' +","!( *"]},"3017":{"keys":[183,195],"grid":[" "," "," "," "," "," "," "," "," "," ,!&"," *!("," #!/","!","!","!","!"]}},"5738":{"3017":{"keys":[183,195],"grid":[" "," "," "," "," "," "," "," "," "," "," "," "," $!$ +"," #!' '!#"," !!0","!"]},"3070":{"keys":[185,195],"grid":[" "," "," "," "," "," "," "," "," "," .!$"," )!)"," (!*","11","11","11","10"]},"3071":{"keys":[185,195],"grid":[" *!("," +!'"," ,!&"," .!$"," /!#"," "," "," "," "," "," "," "," "," "," "," "]},"3067":{"keys":[185,195],"grid":[" ,!&","00","00","00","00","00","00"," +!'","07","07","07","07","07","07","07","07"]},"3066":{"keys":[195,185],"grid":[" "," "," "," "," "," "," "," "," "," %!& (","!+ '","!, &","11","11","11","11"]},"3069":{"keys":[185,195],"grid":[" /!#","00"," 0!!","02"," "," "," "," "," "," "," "," "," "," "," "," "]},"3068":{"keys":[185,195],"grid":[" +!'","00"," ,!&","02","02","02","02","02"," -!%","08","08","08","08","08"," .!$","14"]}},"5836":{"3012":{"keys":[183,195],"grid":[" "," "," "," "," "," "," "," "," "," -!%"," ,!&"," +!'","11"," *!("," )!)","14"]},"3013":{"keys":[183,195],"grid":[" (!*"," '!+"," &!,","02"," %!-","04"," $!."," !!0","!","!","!","!","!","!","!","!"]}},"5837":{"3012":{"keys":[183,195],"grid":[" "," "," "," "," "," "," "," "," ","!) )","!, &","!0 !","!","!","!","!"]}},"5834":{"3013":{"keys":[183,195],"grid":[" "," "," "," "," "," "," "," "," "," "," "," "," /!#"," ,!&"," )!)"," %!-"]},"3014":{"keys":[183,195],"grid":[" !!0","!","!","!","!","!","!","!","!","!","!","!","!","!","!","!"]}},"5879":{"3013":{"keys":[183,195],"grid":[" "," "," "," "," "," "," "," "," "," "," "," '!% '"," &!' &"," &!) $"," %!+ #"," %!-"]},"3014":{"keys":[183,195],"grid":[" %!-"," $!.","01","01"," #!/","04"," !!0","!","!","!","!","!","!","!","!","!"]},"3063":{"keys":[195,196],"grid":[" -!%"," ,!&","01","01"," +!'","04"," )!)"," '!+"," %!-","!","!","!","!","!","!","!"]},"3062":{"keys":[195,196],"grid":[" "," "," "," "," "," 0!!"," /!#"," .!$"," -!%","08"," ,!&","10","10","10","10","08"]},"3061":{"keys":[195,196],"grid":[" 0!!","00","00"," "," "," "," "," "," "," "," "," "," "," "," "," "]},"3060":{"keys":[195,196],"grid":[" +!'","00","00","00"," *!(","04","04","04","04","04","00"," ,!&"," -!%"," /!#","13"," 0!!"]},"3058":{"keys":[195,196],"grid":[" "," "," "," "," "," "," "," "," "," "," "," "," "," "," "," /!#"]},"3059":{"keys":[195,196],"grid":[" .!$"," -!%","01"," ,!&","03","03","03","03","03","03"," +!'","10","10","10","10","10"]}},"5832":{"3012":{"keys":[183],"grid":[" "," "," "," "," "," "," "," "," "," "," "," "," "," "," "," "]},"3013":{"keys":[195,183],"grid":[" !!0","00"," #!/","02","02","02","02","02","02","02","02","02","02"," $!."," %!-"," &!,"]},"3014":{"keys":[195,183],"grid":[" '!+","00"," (!*"," *!("," ,!&"," "," "," "," "," "," "," "," "," "," "," "]}},"5833":{"3014":{"keys":[183,195],"grid":[" "," .!$"," ,!&"," )!)"," #!/","!","!","!","!","!","!","!","!","!","!","!"]}},"5830":{"3012":{"keys":[183,195],"grid":[" "," "," "," "," "," "," "," "," (!*","!","!","!","!","!","!","!"]}},"5831":{"3012":{"keys":[183,195],"grid":[" "," "," "," "," "," "," "," ","!& ,","!) )","!, &","!. $","!/ #","!0 !","!","!"]}},"5634":{"3066":{"keys":[183,185],"grid":[" "," "," "," "," $!.","!","!","!","!","!","!","!","!","!","!","!"]}},"5635":{"3066":{"keys":[183,185],"grid":[" "," "," "," )!)","!","!","!","!","!","!","!","!","!","!","!","!"]}},"5636":{"3066":{"keys":[183,185],"grid":[" ,!&"," (!*"," &!,","!","!","!","!","!","!","!","!","!","!","!","!","!"]},"3065":{"keys":[183,185],"grid":[" "," "," "," "," "," "," "," "," "," "," "," "," "," "," "," /!#"]}},"5637":{"3066":{"keys":[185,183],"grid":[" ,!&"," .!$"," 0!!"," "," "," "," "," "," "," "," "," "," "," "," "," "]},"3065":{"keys":[183,185],"grid":[" "," "," "," "," "," "," "," "," "," "," "," "," "," "," #!% +","!* ("]}},"5838":{"3012":{"keys":[183,195],"grid":[" "," "," "," "," "," "," "," "," "," "," ,!&"," )!)","!# !!.","!","!","!"]}},"5839":{"3012":{"keys":[183,195],"grid":[" "," "," "," "," "," "," "," "," "," ","!# /","!& ,","!) )","!, &","!/ #","!"]}},"5797":{"3010":{"keys":[183,195],"grid":[" "," "," -!%"," ,!&"," +!'"," %!! %!("," !!( !!(","!","!","!","!","!","!","!","!","!"]}}}}