{"9":{"359":{"212":{"keys":[194,1,198],"grid":[" "," "," "," "," "," "," 0!!"," /!#"," /!!#!"," .!##!"," -!###"," -!!#$","11"," +!$#$"," (!%#&"," '!##)"]},"213":{"keys":[194,1,198],"grid":[" %!$#*"," #!$#,"," !!##.","!##/","#","#","#","#","#","#","#","#","#","#","#","#"]}},"357":{"214":{"keys":[194,1,198],"grid":[" "," "," "," "," "," "," "," "," "," "," /!#"," %!,#!"," #!$#,","!$#.","!!#0","#"]},"219":{"keys":[198,1,194],"grid":[" "," "," "," "," "," "," "," ","!! 0","08","!# /","#!!! /","10","08"," "," "]},"220":{"keys":[198,1,194],"grid":[" ","!# /","#!!# .","02","01"," "," "," "," "," "," "," "," "," "," "," "]}},"356":{"214":{"keys":[194,1,198],"grid":[" "," "," "," "," "," "," %!! ,"," !!' *","!##%!# )","!!#'!# (","#)!! (","10","10","#)!# '","#*!# $!#","#+!&#!"]},"219":{"keys":[194,1,198],"grid":[" -!###"," .!!##","01","01"," .!##!"," /!!#!"," /!#"," 0!!","07"," "," "," ","07","07","07","07"]},"218":{"keys":[198,1,194],"grid":[" "," ","!# $!% (","#!!##&!! (","#)!! (","04","04","04","04","04","04","#)!# '","#*!! '","#*!# &","#+!# %","#,!# $"]},"220":{"keys":[194,1,198],"grid":[" 0!!","00"," #!& *","!$##!# (!#","!##$!# &!%","#'!! &!!#$","#'!# $!$##","#(!&#%","#","#","#","#","#","#","#","#"]}},"355":{"216":{"keys":[198,1,194],"grid":[" "," "," "," "," "," "," "," "," ","!# /","#!!$ -","#$!# &!# %","#%!&##!# $","#-!# #","#.!! #","13"]},"217":{"keys":[194,1,198],"grid":[" -!###"," .!!##","00"," -!!#$","03","03","03"," ,!##$"," +!##%"," +!!#&","08"," ,!!#%","11","07","03","00"]},"214":{"keys":[194,1,198],"grid":[" "," "," "," "," "," "," "," "," "," /!#"," .!##!"," -!###"," ,!##$"," ,!!#%","13"," +!##%"]},"215":{"keys":[194,1,198],"grid":[" +!!#&"," *!##&"," *!!#'"," )!##'"," (!##("," '!##)"," '!!#*"," %!$#*"," $!##,"," #!##-"," !!##.","!##/","!!#0","#","#","#"]},"218":{"keys":[194,1,198],"grid":[" .!##!"," /!!#!"," /!#"," "," "," "," "," "," "," "," "," "," "," "," "," "]},"220":{"keys":[194,1,198],"grid":[" "," "," "," "," .!$"," ,!$##","!! *!##%","!# )!!#&","#!!+#&","#","#","#","#","#","#","#"]}},"354":{"216":{"keys":[194,1,198],"grid":[" .!##!"," .!!##","01","01","01","01","01","01"," .!$"," 0!!"," "," "," "," "," "," "]},"208":{"keys":[192,1,194],"grid":[" )!##'"," )!!#("," '!$#("," '!!#*"," &!##*"," &!!#+"," $!$#+"," #!##-","!$#.","#","#","#","#","#","#","#"]},"215":{"keys":[194,1,198],"grid":[" "," "," "," "," "," "," "," "," "," "," "," "," 0!!","12"," /!#"," /!!#!"]},"220":{"keys":[194,1,198],"grid":[" "," "," "," "," ","!# !!# $!& $","#!!)#!!'","#","#","#","#","#","#","#","#","#"]}},"353":{"208":{"keys":[192,1,194],"grid":[" "," "," ","!# $!& '","#!!, %","#%!&##!! %","#(!!#$!# $","#-!# #","#.!! !!!","#.!$","#","#","#","#","#","#"]},"221":{"keys":[1,198],"grid":[" !!0","00","00","!","!","!","!","!","!","!","!","!","!","!","!","!"]},"220":{"keys":[194,1,198],"grid":[" "," "," "," "," -!$ !"," -!!#!!#","05","05"," -!!#$","08","08","08","08"," $!+#$"," !!%#,","!%#-"]}},"352":{"209":{"keys":[192,1,194],"grid":[" %!$#*"," $!##,","!%#-","#","#","#","#","#","#","#","#","#","#","#","#","#"]},"208":{"keys":[192,1,194],"grid":[" "," "," "," /!#"," /!!#!"," .!##!"," -!###"," ,!##$"," (!&#%"," (!!#)"," &!$#)"," !!&#+"," #!!#.","12"," #!&#*"," '!!#*"]},"221":{"keys":[194,1,198,""],"grid":[" "," "," 0!!","02","02"," /!#"," .!##!"," .!!##","$) &!!##","$) %$###","$) %$$#!","$) %$%","$","$","$","$"]}},"367":{"208":{"keys":[198,1],"grid":[" "," 0!!","01"," /!#","03","01","01","01"," "," ","01","01","01"," "," "," "]}},"358":{"214":{"keys":[194,1,198],"grid":[" (!$#'"," '!##)"," &!##*"," &!!#+"," %!##+"," %!!#,","05","05"," $!##,"," !!$#-","!##/","#","#","#","#","#"]},"213":{"keys":[194,1,198],"grid":[" "," "," "," 0!!"," /!#"," .!##!"," .!!##"," -!###"," -!!#$","08"," ,!##$"," ,!!#%","11"," +!##%"," +!!#&"," *!##&"]}},"362":{"209":{"keys":[1,198,194],"grid":[" !!0","00","00","!","!","!! $!-"," %!-"," ##! !!-","06","00","!","!","!","!","!","!"]},"208":{"keys":[194,1,198],"grid":[" #!%#+"," !!##.","!##/","!!#0","03","03","#","#","03","02","01"," !!!#/","01"," #!!#.","01","02"]}},"360":{"212":{"keys":[194,1,198],"grid":[" #!##-"," #!!#."," !!##."," !!!#/","!##/","!!#0","05","#","#","#","#","#","#","#","#","#"]},"211":{"keys":[194,1,198],"grid":[" "," 0!!"," -!%"," *!%#$"," '!%#'"," '!!#*"," &!##*"," &!!#+","07"," %!##+"," %!!#,","10","10"," $!##,"," $!!#-","14"]}},"361":{"209":{"keys":[194,1,198],"grid":[" "," 0!!","01","01","01","01","01"," "," ","01"," .!$"," -!###"," -!!#$"," ,!##$"," +!##%"," *!##&"]},"208":{"keys":[194,1],"grid":[" "," "," "," "," "," 0!!"," /!#","05","05"," "," "," "," "," "," "," "]},"210":{"keys":[194,1,198],"grid":[" *!##&"," )!##'"," (!##("," '!##)"," &!##*"," %!$#*"," $!$#+"," #!##-","07"," !!##.","09"," #!!#.","07"," $!!#-","07","09"]},"211":{"keys":[1,198],"grid":[" #!/"," !!0","!","!","!","!","!","!","!","!","!","!","!","!","!","!"]}}},"13":{"5740":{"3416":{"keys":[194,198],"grid":[" /!#"," .!$","01","01"," -!%","04","04"," ,!&","07","07","07"," +!'","11","11"," *!(","14"]},"3417":{"keys":[194,198],"grid":[" *!("," )!)","01","01"," (!*","04","04"," '!+","07","07"," &!,","10","10","10"," %!-","14"]},"3415":{"keys":[194,198],"grid":[" "," "," "," "," "," "," "," "," "," 0!!","09","09","09"," /!#","13","13"]},"3418":{"keys":[194,198],"grid":[" %!-"," $!.","01","01"," #!/","04","04"," !!0","07","07","!","!","!","!","!","!"]}},"5741":{"3414":{"keys":[194,198],"grid":[" +!'","00"," *!("," )!)"," (!*"," '!+","05"," &!,"," %!-","08"," $!.","10","10","10"," #!/","14"]},"3415":{"keys":[194,198],"grid":[" #!/"," !!0","01","01","01","!","!","!","!","!","!","!","!","!","!","!"]},"3413":{"keys":[194,198],"grid":[" "," "," "," "," "," "," "," "," "," "," 0!!"," /!#"," .!$","12"," -!%"," ,!&"]}},"5742":{"3412":{"keys":[194,198],"grid":[" "," "," "," "," "," "," 0!!"," /!#"," .!$"," -!%"," ,!&"," +!'","11"," *!("," )!)"," (!*"]},"3413":{"keys":[194,198],"grid":[" '!+","00"," &!,"," %!-","03"," $!."," #!/"," !!0","07","!","!","!","!","!","!","!"]}},"5743":{"3412":{"keys":[194,198],"grid":[" %!-"," $!."," #!/","02"," !!0","!","!","!","!","!","!","!","!","!","!","!"]},"3411":{"keys":[194,198],"grid":[" "," "," "," "," "," "," "," 0!!"," -!%"," ,!&"," *!("," )!)"," (!*"," '!+","13"," &!,"]}},"5744":{"3411":{"keys":[194,198],"grid":[" "," .!$"," ,!&"," )!)"," '!+"," %!-"," #!/","!","!","!","!","!","!","!","!","!"]}},"5745":{"3410":{"keys":[194,198],"grid":[" "," "," "," "," "," "," "," "," /!#"," .!$"," ,!&"," *!("," )!)"," '!+"," %!-"," #!/"]},"3411":{"keys":[198],"grid":[" "," "," "," "," "," "," "," "," "," "," "," "," "," "," "," "]}},"5746":{"3409":{"keys":[194,198],"grid":[" "," "," "," "," "," "," "," "," "," "," "," "," "," "," /!#"," .!$"]},"3410":{"keys":[194,198],"grid":[" ,!&"," +!'"," )!)"," '!+"," &!,"," $!."," !!0","!","!","!","!","!","!","!","!","!"]}},"5747":{"3409":{"keys":[194,198],"grid":[" "," "," "," "," 0!!"," .!$"," ,!&"," +!'"," )!)"," (!*"," &!,"," $!."," #!/","!","!","!"]}},"5748":{"3409":{"keys":[194,198],"grid":[" &!,"," $!."," #!/","!","!","!","!","!","!","!","!","!","!","!","!","!"]},"3408":{"keys":[194,198],"grid":[" "," "," "," "," "," "," "," "," "," "," 0!!"," .!$"," -!%"," +!'"," )!)"," (!*"]}},"5749":{"3408":{"keys":[194,198],"grid":[" 0!!"," /!#"," -!%"," +!'"," *!("," (!*"," &!,"," %!-"," #!/"," !!0","!","!","!","!","!","!"]}},"5753":{"3406":{"keys":[194,198],"grid":[" "," "," /!#"," -!%"," *!("," (!*"," %!-"," #!/","!","!","!","!","!","!","!","!"]}},"5752":{"3406":{"keys":[194,198],"grid":[" "," "," "," "," "," "," "," "," "," .!$"," ,!&"," *!("," '!+"," %!-"," #!/","!"]}},"5751":{"3407":{"keys":[194,198],"grid":[" .!$"," ,!&"," )!)"," '!+"," %!-"," !!0","!","!","!","!","!","!","!","!","!","!"]},"3406":{"keys":[194,198],"grid":[" "," "," "," "," "," "," "," "," "," "," "," "," "," "," "," 0!!"]}},"5750":{"3408":{"keys":[198],"grid":[" "," "," "," "," "," "," "," "," "," "," "," "," "," "," "," "]},"3407":{"keys":[194,198],"grid":[" "," "," "," "," "," "," "," /!#"," .!$"," ,!&"," *!("," )!)"," '!+"," %!-"," $!."," !!0"]}},"5757":{"3401":{"keys":[194,198],"grid":[" "," "," "," "," "," "," "," -!# #"," ,!&"," +!'"," *!("," )!)"," (!*","12"," '!+"," &!,"]},"3402":{"keys":[194,198],"grid":[" %!-","00"," $!.","02","02"," #!/","05"," !!0","07","07","!","!","!","!","!","!"]}},"5756":{"3403":{"keys":[194,198],"grid":[" /!#"," .!$","01","01"," -!%","04"," ,!&","06","06"," +!'","09"," *!(","11"," )!)","13","13"]},"3402":{"keys":[194,198],"grid":[" "," "," "," "," "," "," "," "," "," "," "," "," 0!!","12","12"," /!#"]},"3405":{"keys":[194,198],"grid":[" !!0","!","!","!","!","!","!","!","!","!","!","!","!","!","!","!"]},"3404":{"keys":[194,198],"grid":[" (!*","00"," '!+","02","02"," &!,","05"," %!-","07","07"," $!.","10"," #!/","12","12"," !!0"]}},"5755":{"3405":{"keys":[194,198],"grid":[" "," "," "," 0!!"," /!#"," -!%"," +!'"," )!)"," &!,"," $!."," !!0","!","!","!","!","!"]}},"5754":{"3405":{"keys":[194,198],"grid":[" "," "," "," "," "," "," "," "," "," "," "," /!#"," -!%"," +!'"," (!*"," &!,"]},"3406":{"keys":[194,198],"grid":[" $!.","!","!","!","!","!","!","!","!","!","!","!","!","!","!","!"]}},"5759":{"3399":{"keys":[194,198],"grid":[" )!)","00"," (!*","02"," '!+","04"," &!,","06"," %!-","08"," $!.","10"," #!/"," !!0","13","!"]},"3398":{"keys":[194,198],"grid":[" "," "," 0!!","02"," /!#","04"," .!$","06"," -!%","08"," ,!&","10"," +!'","12"," *!(","14"]}},"5758":{"3401":{"keys":[194,198],"grid":[" &!,"," %!-"," $!."," #!/","03"," !!0","05","!","!","!","!","!","!","!","!","!"]},"3400":{"keys":[194,198],"grid":[" 0!!"," /!#","01","01"," .!$","04"," -!%"," ,!&","07"," +!'","09"," *!("," )!)"," (!*","13"," '!+"]},"3399":{"keys":[194],"grid":[" "," "," "," "," "," "," "," "," "," "," "," "," "," "," "," "]}},"5692":{"3474":{"keys":[194,198],"grid":[" "," "," "," "," "," "," 0!!","06","06","06"," /!#","10","10"," .!$","13","13"]},"3475":{"keys":[194,198],"grid":[" -!%","00","00"," ,!&","03","03","03"," +!'","03","03","03","03","03","00","00","00"]},"3476":{"keys":[194,198],"grid":[" -!%"," .!$","01","01","01"," /!#","05","05","05"," 0!!","05","05","05","05","05","01"]},"3477":{"keys":[194,198],"grid":[" .!$","00","00","00"," -!%","04","04","04"," ,!&","08","08"," +!'","11"," *!(","13"," )!)"]},"3471":{"keys":[194],"grid":[" "," "," "," "," "," "," "," "," "," "," "," "," "," "," "," "]},"3472":{"keys":[194,198],"grid":[" 0!!","00","00","00","00"," "," "," "," "," "," "," "," "," "," "," "]},"3478":{"keys":[194,198],"grid":[" )!)","00"," (!*","02","02"," '!+","05","05"," &!,","08"," %!-","10","10"," $!.","13"," #!/"]},"3485":{"keys":[198,194],"grid":[" "," "," "," "," "," "," "," "," "," "," "," "," "," ","!! 0","14"]},"3435":{"keys":[194,198],"grid":[" "," "," "," "," "," "," "," "," "," "," "," "," 0!!"," /!#"," .!$"," -!%"]},"3469":{"keys":[194,198],"grid":[" 0!!"," /!#","00","00","00","00","00","00","00"," "," "," "," "," "," "," "]},"3468":{"keys":[198,194],"grid":[" "," "," "," "," "," ","!! 0","!$ .","!& ,","!( *","!) )","!+ '","!, &","!- %","!/ #","14"]},"3479":{"keys":[194,198],"grid":[" #!/"," !!0","!","!","!","!","!","!","!","!","!","!","!","!","!","!"]},"3525":{"keys":[194,198],"grid":[" "," "," "," "," "," 0!!","!","!","!","!","!","!","!","!","!","!"]},"3436":{"keys":[194,198],"grid":[" ,!&"," +!'"," *!("," )!)"," (!*"," '!+"," &!,"," %!-"," $!."," #!/","09"," !!0","!","!","!","!"]},"3486":{"keys":[194,198],"grid":[" #!/","00"," $!."," %!-","03"," &!,","05"," '!+"," (!*","08"," )!)","10"," *!("," +!'","13"," ,!&"]},"3487":{"keys":[194,198,""],"grid":[" ,!&"," -!%"," .!$","02"," /!#"," /#!!!"," 0#!"," "," "," "," "," "," "," "," "," "]}},"5693":{"3474":{"keys":[194,198],"grid":[" !!0","00","!","!","!","!","!","!","!","!","!","!","!","!","!","!"]},"3488":{"keys":[194,198],"grid":[" /!#"," 0!!"," "," "," "," "," "," "," "," "," "," "," "," "," "," "]},"3470":{"keys":[198,194],"grid":[" "," ","!! 0","02","02","02","!# /","06","06","06","06","06","06","06","06","02"]},"3471":{"keys":[194,198],"grid":[" !!0","00","00","00","00","00","!","!","!","!","!","!","!","!","!","!"]},"3472":{"keys":[198,194],"grid":[" "," "," "," "," "," "," "," "," "," "," "," ","!! 0","12","12","12"]},"3473":{"keys":[194,198],"grid":[" !!0","00"," #!/","02","02","02","02","02","02","02","02","02","00","00","00","00"]},"3434":{"keys":[194,198],"grid":[" "," "," "," "," "," "," "," "," "," 0!!"," /!#","10"," .!$"," -!%"," ,!&"," +!'"]},"3435":{"keys":[194,198],"grid":[" *!(","00"," )!)"," (!*","03"," '!+"," &!,"," %!-"," $!."," #!/"," !!0","!","!","!","!","!"]},"3469":{"keys":[198],"grid":[" "," "," "," "," "," "," "," "," "," "," "," "," "," "," "," "]},"3524":{"keys":[194,198],"grid":[" "," "," "," "," "," "," "," "," "," "," "," "," "," "," .!$"," ,!&"]},"3525":{"keys":[194,198],"grid":[" +!'"," *!("," )!)"," '!+"," %!-","!","!","!","!","!","!","!","!","!","!","!"]},"3487":{"keys":[198,194,""],"grid":[" "," "," "," "," "," "," "," ","!% -","!%#! ,","!%#$ *","!'## )","!)#! (","!*#! '","!- %","!. $"]}},"5690":{"3467":{"keys":[198,"",194],"grid":[" "," "," "," "," "," "," "," "," "," "," "," ","!% -","!% %!$ ##! #","!% %!##'","!% %#)"]},"3439":{"keys":[194,198],"grid":[" "," "," "," "," "," "," "," 0!!","07","07"," /!#","10"," .!$","12","12"," -!%"]},"3481":{"keys":[194,198],"grid":[" .!$"," /!#","01","01","01","01","01","01","01","01","01","01"," 0!!","12","12","12"]},"3480":{"keys":[194,198],"grid":[" "," "," "," "," "," "," "," "," "," "," 0!!"," /!#","11"," .!$","13","13"]},"3482":{"keys":[194,198],"grid":[" 0!!","00","00","00","00","00"," "," "," "," "," "," "," "," "," "," "]},"3441":{"keys":[194,198],"grid":[" '!+"," &!,","01","01"," %!-","04"," $!.","06","06"," #!/","09"," !!0","11","!","!","!"]},"3440":{"keys":[194,198],"grid":[" -!%","00"," ,!&","02","02"," +!'","05"," *!(","07","07"," )!)","10"," (!*","12","12"," '!+"]},"3526":{"keys":[194],"grid":[" "," "," "," "," "," "," "," "," "," "," "," "," "," "," "," "]},"3527":{"keys":[194,198],"grid":[" "," 0!!","01","01"," /!#","04"," .!$","06","06"," -!%","09"," ,!&","11","11"," +!'","14"]},"3528":{"keys":[194,198],"grid":[" *!(","00","00"," )!)"," (!*"," '!+"," &!,"," $!."," !!0","!","!","!","!","!","!","!"]}},"5691":{"3467":{"keys":[198,194],"grid":[" "," "," "," "," "," "," "," "," "," "," "," "," "," ","!# /","!' +"]},"3438":{"keys":[194,198],"grid":[" )!)"," (!*","01","01"," '!+","04"," &!,","06","06"," %!-","09","09"," $!.","12"," #!/","14"]},"3439":{"keys":[194,198],"grid":[" #!/"," !!0","01","01","!","!","!","!","!","!","!","!","!","!","!","!"]},"3480":{"keys":[194,198],"grid":[" '!+"," &!,","01"," %!-"," $!.","04"," #!/"," !!0","07","!","!","!","!","!","!","!"]},"3483":{"keys":[198,194],"grid":[" ","!! 0","01","01","01","01","01","01","01","01","01","!# /","11","11","11","11"]},"3482":{"keys":[198,194],"grid":[" "," "," "," "," "," "," "," ","!! 0"," ","08","08","08","08","08","08"]},"3485":{"keys":[194,198],"grid":[" )!)"," *!(","01"," +!'"," ,!&","04"," -!%","06"," .!$"," /!#","09"," 0!!","11"," "," "," "]},"3479":{"keys":[194,198],"grid":[" "," "," "," 0!!","03"," /!#"," .!$","06"," -!%"," ,!&","09"," +!'"," *!("," )!)"," (!*","14"]},"3436":{"keys":[194,198],"grid":[" "," "," "," "," "," "," "," "," "," "," "," "," "," 0!!","13"," /!#"]},"3437":{"keys":[194,198],"grid":[" /!#"," .!$","01"," -!%","03","03"," ,!&","06"," +!'","08","08"," *!(","11","11","11"," )!)"]},"3526":{"keys":[194,198],"grid":[" '!+","00"," &!,","02","02"," %!-","05"," $!.","07","07"," #!/","10"," !!0","12","12","!"]},"3525":{"keys":[194,198],"grid":[" "," "," "," "," "," "," 0!!"," +!'"," *!(","08"," )!)","10","10"," (!*","13"," '!+"]},"3468":{"keys":[194,198],"grid":[" +!'"," ,!&"," .!$"," /!#"," 0!!"," "," "," "," "," "," "," "," "," "," "," "]},"3484":{"keys":[194,198],"grid":[" #!/","00","00","00","00"," $!.","05","05","05"," %!-"," &!,","10"," '!+","12"," (!*"," )!)"]}},"5696":{"3432":{"keys":[194,198],"grid":[" "," 0!!"," /!#"," .!$"," -!%","04"," ,!&"," +!'"," *!("," )!)"," (!*"," '!+"," &!,","12"," %!-"," $!."]},"3433":{"keys":[194,198],"grid":[" #!/"," !!0","!","!","!","!","!","!","!","!","!","!","!","!","!","!"]},"3524":{"keys":[198],"grid":[" "," "," "," "," "," "," "," "," "," "," "," "," "," "," "," "]},"3490":{"keys":[198,194],"grid":[" "," "," "," "," "," "," "," "," ","!! 0","!$ .","!' +","!) )","!, &","!. $","!"]},"3523":{"keys":[194,198],"grid":[" "," "," "," "," "," "," "," "," "," "," "," "," "," "," "," $!."]}},"5697":{"3431":{"keys":[194,198],"grid":[" "," "," "," "," "," "," "," "," -!%"," '!+"," &!,"," %!-"," $!.","12"," #!/"," !!0"]},"3432":{"keys":[198],"grid":[" "," "," "," "," "," "," "," "," "," "," "," "," "," "," "," "]},"3490":{"keys":[198],"grid":[" "," "," "," "," "," "," "," "," "," "," "," "," "," "," "," "]},"3491":{"keys":[194,198],"grid":[" $!."," (!*"," "," "," "," "," "," "," "," "," "," "," "," "," "," "]},"3524":{"keys":[198],"grid":[" "," "," "," "," "," "," "," "," "," "," "," "," "," "," "," "]},"3523":{"keys":[194,198],"grid":[" "," "," "," "," "," "," "," "," "," 0!!","09"," /!#"," .!$"," -!%"," ,!&","!$ (!'"]}},"5694":{"3489":{"keys":[194,198],"grid":[" +!'","00","00"," ,!&","03","03"," -!%","06","06"," .!$","09","09","09"," /!#","13","13"]},"3488":{"keys":[198,194],"grid":[" "," "," "," ","!! 0","!# /","05","!$ .","!% -","!& ,","09","!' +","!( *","12","!) )","!* ("]},"3433":{"keys":[194,198],"grid":[" "," "," "," "," "," "," "," "," "," "," "," "," "," "," "," /!#"]},"3434":{"keys":[194,198],"grid":[" -!%"," ,!&"," *!("," (!*"," &!,"," $!."," !!0","06","!","!","!","!","!","!","!","!"]},"3490":{"keys":[194,198],"grid":[" 0!!"," "," "," "," "," "," "," "," "," "," "," "," "," "," "," "]},"3524":{"keys":[194,198],"grid":[" "," "," "," "," "," "," "," "," "," "," "," "," 0!!","!% )!%","!","!"]}},"5695":{"3524":{"keys":[194,198],"grid":[" "," /!#"," -!%"," ,!&"," *!("," )!)"," (!*"," &!,"," %!-"," $!."," !!0","!","!","!","!","!"]},"3433":{"keys":[194,198],"grid":[" "," "," "," 0!!"," /!#"," .!$"," -!%"," ,!&"," +!'"," *!("," (!*"," &!,"," %!-"," #!/","!","!"]},"3490":{"keys":[198,194],"grid":[" "," "," ","!$ .","!& ,","!( *","!+ '","!- %","!0 !","!","!","!","!","!","!","!"]}},"5698":{"3431":{"keys":[194,198],"grid":[" "," "," "," "," "," "," ,!&"," %!-","!","!","!","!","!","!","!","!"]},"3522":{"keys":[194,198],"grid":[" "," "," "," "," "," "," "," "," "," "," "," "," "," "," "," +!'"]},"3523":{"keys":[194,198],"grid":[" )!)"," '!+"," &!,"," %!-"," $!."," #!/"," !!0","06","!","!","!","!","!","!","!","!"]},"3491":{"keys":[198,194,""],"grid":[" -!%"," '#'!%","!","!","!","!","!","!","!","!","!","!","!","!","!","!"]}},"5699":{"3431":{"keys":[194,198],"grid":[" 0!!"," -!%"," *!("," '!+"," $!.","!","!","!","!","!","!","!","!","!","!","!"]},"3522":{"keys":[194,198],"grid":[" "," "," "," "," "," "," "," "," "," "," "," "," "," *!("," !!0","!"]}},"5768":{"3380":{"keys":[194,198],"grid":[" "," "," .!$"," ,!&"," *!("," '!+"," %!-"," #!/","!","!","!","!","!","!","!","!"]}},"5769":{"3379":{"keys":[194,"",198],"grid":[" "," "," "," "," "," "," "," "," "," 0!!"," .!##!"," -#%"," *!!#'"," *#("," (#*"," &#,"]},"3380":{"keys":[194,198],"grid":[" #!/","!","!","!","!","!","!","!","!","!","!","!","!","!","!","!"]}},"5766":{"3382":{"keys":[198],"grid":[" "," "," "," "," "," "," "," "," "," "," "," "," "," "," "," "]},"3380":{"keys":[194,198],"grid":[" "," "," "," "," "," "," "," "," "," "," "," "," "," "," "," 0!!"]},"3381":{"keys":[194,198],"grid":[" -!%"," +!'"," (!*"," &!,"," $!.","04","04","04"," #!/","08","08"," !!0","11","11","11","11"]}},"5767":{"3380":{"keys":[194,198],"grid":[" "," "," "," "," "," "," "," "," 0!!"," .!$"," +!'"," )!)"," '!+"," $!."," !!0","!"]}},"5764":{"3386":{"keys":[194,198],"grid":[" "," 0!!","01","01","01"," /!#","05","05","05"," .!$","09","09"," -!%","12","12","12"]},"3387":{"keys":[194,198],"grid":[" ,!&","00","00","00"," +!'","04","04"," *!(","07","07","07"," )!)","11","11","11"," (!*"]},"3385":{"keys":[194],"grid":[" "," "," "," "," "," "," "," "," "," "," "," "," "," "," "," "]},"3388":{"keys":[194,198],"grid":[" (!*","00"," '!+","02","02","02"," &!,","06","06","06"," %!-","10","10"," $!.","13","13"]},"3389":{"keys":[194,198],"grid":[" $!."," #!/","01","01","01"," !!0","05","05","!","!","!","!","!","!","!","!"]}},"5765":{"3384":{"keys":[194,198],"grid":[" )!)","00","00"," (!*","03","03","03"," '!+","07","07","07"," &!,","11","11","11"," %!-"]},"3385":{"keys":[194,198],"grid":[" %!-","00","00"," $!.","03","03","03"," #!/","07","07"," !!0","10","10","10","!","!"]},"3382":{"keys":[194,198],"grid":[" "," "," "," 0!!","03","03","03"," /!#","07","07","07"," .!$","11","11","11"," -!%"]},"3383":{"keys":[194,198],"grid":[" -!%","00","00"," ,!&","03","03","03"," +!'","07","07","07"," *!(","11","11","11"," )!)"]}},"5762":{"3393":{"keys":[194,198],"grid":[" *!(","00"," )!)","02"," (!*","04"," '!+","06"," &!,","08"," %!-","10"," $!.","12"," #!/","14"]},"3392":{"keys":[194,198],"grid":[" "," "," "," "," "," 0!!","05"," /!#","07"," .!$","09"," -!%"," ,!&","12"," +!'","14"]},"3394":{"keys":[194,198],"grid":[" !!0","00","!","!","!","!","!","!","!","!","!","!","!","!","!","!"]}},"5763":{"3391":{"keys":[194,198],"grid":[" +!'"," *!(","01"," )!)","03"," (!*","05"," '!+","07"," &!,","09"," %!-","11"," $!.","13"," #!/"]},"3390":{"keys":[194,198],"grid":[" /!#","00","00"," .!$","03","03"," -!%","06","06"," ,!&","09","09","09"," +!'","13","13"]},"3392":{"keys":[194,198],"grid":[" #!/"," !!0","01","!","!","!","!","!","!","!","!","!","!","!","!","!"]},"3389":{"keys":[194,198],"grid":[" "," "," "," "," "," "," "," "," "," "," "," "," 0!!","12","12"," /!#"]}},"5760":{"3398":{"keys":[198],"grid":[" "," "," "," "," "," "," "," "," "," "," "," "," "," "," "," "]},"3397":{"keys":[194,198],"grid":[" *!("," )!)","01"," (!*","03"," '!+","05"," &!,","07"," %!-","09"," $!."," #!/","12"," !!0","14"]},"3396":{"keys":[194,198],"grid":[" "," "," "," 0!!","03"," /!#","05"," .!$","07"," -!%","09"," ,!&","11"," +!'","13"," *!("]}},"5761":{"3395":{"keys":[194,198],"grid":[" *!("," )!)","01"," (!*","03"," '!+","05","05"," &!,","08"," %!-","10"," $!."," #!/","13"," !!0"]},"3394":{"keys":[194,198],"grid":[" "," "," "," "," 0!!","04"," /!#","06"," .!$","08"," -!%","10"," ,!&","12"," +!'","14"]},"3396":{"keys":[194,198],"grid":[" !!0","!","!","!","!","!","!","!","!","!","!","!","!","!","!","!"]}},"5689":{"3441":{"keys":[194],"grid":[" "," "," "," "," "," "," "," "," "," "," "," "," "," "," "," "]},"3528":{"keys":[194,198],"grid":[" "," "," "," "," "," "," "," "," "," "," /!#"," -!%"," ,!&"," *!(","!","!"]},"3443":{"keys":[194,198],"grid":[" *!("," )!)"," (!*"," '!+"," %!-"," $!."," #!/"," !!0","!","!","!","!","!","!","!","!"]},"3442":{"keys":[194,198],"grid":[" 0!!","00"," /!#","02","02"," .!$","05"," -!%","07","07"," ,!&","10"," +!'","12"," *!(","14"]}},"5688":{"3444":{"keys":[194,198],"grid":[" %!-"," $!."," #!/","02","!","!","!","!","!","!","!","!","!","!","!","!"]},"3528":{"keys":[194,198],"grid":[" "," "," "," "," "," "," "," "," "," "," "," "," "," ","!","!"]},"3443":{"keys":[194,198],"grid":[" "," "," "," "," "," "," "," "," "," "," -!%"," ,!&"," +!'"," *!("," (!*"," '!+"]},"3468":{"keys":[198,194],"grid":["  !!","!","!","!"]}},"5685":{"3447":{"keys":[194,198],"grid":[" "," 0!!"," /!#"," .!$"," -!%"," ,!&"," *!("," )!)"," (!*"," '!+"," &!,"," $!."," #!/"," !!0","!","!"]},"3528":{"keys":[194,198],"grid":[" "," "," "," "," "," "," "," "," "," "," "," "," "," ","!","!"]},"3468":{"keys":[198,194],"grid":[" "," "," "," ","!% -","!) )","!- %","!","!","!","!","!","!","!","!","!"]}},"5684":{"3467":{"keys":[198,"",194],"grid":[" "," "," "," "," "," "," "," "," ","!! 0","#! 0","#$ .","#% -","#&!# *","#(!! )","#) )"]},"3447":{"keys":[194,198],"grid":[" "," "," "," "," "," "," "," "," "," "," "," "," "," "," "," 0!!"]},"3448":{"keys":[194,198],"grid":[" /!#"," .!$"," -!%"," +!'"," *!("," )!)"," '!+"," &!,"," %!-"," $!."," #!/"," !!0","!","!","!","!"]},"3528":{"keys":[194,198],"grid":[" "," "," "," "," "," "," "," "," "," "," "," "," "," ","!","!"]},"3468":{"keys":[194,198],"grid":[" *!("," +!'"," -!%"," "," "," "," "," "," "," "," "," "," "," "," "," "]}},"5687":{"3445":{"keys":[194,198],"grid":[" %!-","00"," $!.","02"," #!/","04"," !!0","!","!","!","!","!","!","!","!","!"]},"3444":{"keys":[194,198],"grid":[" "," "," "," "," "," /!#"," .!$"," -!%"," ,!&"," +!'"," *!("," )!)"," (!*"," '!+"," &!,","14"]},"3528":{"keys":[194,198],"grid":[" "," "," "," "," "," "," "," "," "," "," "," "," "," ","!","!"]},"3468":{"keys":[198,"",194],"grid":[" "," "," "," "," (!!#)"," $!&#)","!##/","#","#","#","#","#","#","#","#","#"]}},"5686":{"3445":{"keys":[194,198],"grid":[" "," "," "," "," "," "," "," "," "," 0!!","09"," /!#","11"," .!$"," -!%","14"]},"3447":{"keys":[198],"grid":[" "," "," "," "," "," "," "," "," "," "," "," "," "," "," "," "]},"3446":{"keys":[194,198],"grid":[" ,!&"," +!'","01"," *!(","03"," )!)"," (!*","06"," '!+"," &!,"," %!-"," $!.","11"," #!/"," !!0","14"]},"3528":{"keys":[194,198],"grid":[" "," "," "," "," "," "," "," "," "," "," "," "," "," ","!","!"]},"3468":{"keys":[198,"",194],"grid":[" "," "," "," "," "," "," 0!!","#! *#'","#","#","#","#","#","#","#","#"]}},"5681":{"3466":{"keys":[194,"",198],"grid":[" -!###"," -!%"," .!$"," "," "," "," "," "," "," "," "," "," "," "," "," "]},"3465":{"keys":[198,194,""],"grid":[" "," "," "," "," "," "," "," "," "," "," "," ","!%#$ *","!%#% )","13","!(#! )"]},"3451":{"keys":[194,198],"grid":[" (!*","00"," '!+"," &!,"," %!-"," $!."," #!/"," !!0","07","!","!","!","!","!","!","!"]},"3450":{"keys":[194,198],"grid":[" "," "," "," "," "," "," "," "," 0!!"," /!#"," .!$"," -!%"," ,!&"," +!'"," *!("," )!)"]},"3527":{"keys":[194,198],"grid":[" "," "," "," "," "," "," ","!! 0","!$ .","!% -","!& ,","!' +","!( *","!) )","!* (","!+ '"]},"3528":{"keys":[198,194],"grid":[" ,!&"," -!%"," .!$"," /!#"," 0!!"," "," "," "," "," "," "," "," "," "," "," "]}},"5680":{"3452":{"keys":[194,198],"grid":[" *!("," )!)"," (!*"," '!+"," %!-"," $!."," !!0","!","!","!","!","!","!","!","!","!"]},"3526":{"keys":[194,198],"grid":[" "," "," "," "," "," "," ","!# /","!$ .","!% -","!& ,","!' +","!( *","12","!) )","!+ '"]},"3465":{"keys":[198,194,""],"grid":[" "," "," "," ","!%#! ,","!%#$ *","!%#% )","!&#$ )","!-#! $","!-#$ !","!-#%","!/##","!","!","!","!"]},"3451":{"keys":[194,198],"grid":[" "," "," "," "," "," "," "," "," "," "," 0!!"," /!#"," .!$"," -!%"," ,!&"," +!'"]},"3527":{"keys":[198,194],"grid":[" ,!&"," -!%"," .!$"," /!#"," 0!!"," "," "," "," "," "," "," "," "," "," "," "]}},"5683":{"3467":{"keys":[194,198,""],"grid":[" )!)","00","00","00"," *#!!'"," ,#!!%"," -#!!$"," .##!!"," "," "," "," "," "," "," "," "]},"3466":{"keys":[198,194],"grid":[" "," "," ","!   "]},"3449":{"keys":[194,198],"grid":[" -!%"," ,!&"," +!'"," *!("," )!)"," (!*"," &!,"," %!-"," #!/"," !!0","!","!","!","!","!","!"]},"3448":{"keys":[194,198],"grid":[" "," "," "," "," "," "," "," "," "," "," "," "," "," 0!!"," /!#"," .!$"]},"3528":{"keys":[194,198],"grid":[" "," "," "," "," "," "," "," "," "," "," "," "," "," ","!","!"]}},"5682":{"3466":{"keys":[198,194,""],"grid":[" "," "," "," ","!%#$ *","!%#% )","!'## )","!) )","!-#! $","!-#$ !","!-#%","!/##","!","!","!","!"]},"3450":{"keys":[194,198],"grid":[" (!*"," '!+"," &!,"," $!."," #!/"," !!0","!","!","!","!","!","!","!","!","!","!"]},"3449":{"keys":[194,198],"grid":[" "," "," "," "," "," "," "," "," "," "," 0!!"," /!#"," .!$"," ,!&"," +!'"," )!)"]},"3528":{"keys":[194,198],"grid":[" "," "," "," "," "," ","!! 0","!# /","!$ .","!% -","!& ,","!' +","!) )","!* (","!","!"]}},"5779":{"3374":{"keys":[194,198],"grid":[" %!-","00","00","00","00"," &!,","05","05","05","05","00"," $!."," #!/"," !!0","!","!"]},"3368":{"keys":[198,194],"grid":[" "," "," #!$ ,","!& ,","!% -","04","!$ .","06","!# /","08","08"," "," "," "," "," "]},"3366":{"keys":[194,198,""],"grid":[" "," "," "," "," "," .!$"," ,!&"," )#!!("," '##!)","08"," &##!*"," %##!+"," %!-","12","12","12"]},"3367":{"keys":[194,"",198],"grid":[" !!##.","!$#.","01","01","#","#","#","#","#","#","#","#","#","#","#","#"]},"3373":{"keys":[194,198],"grid":[" #!/","00","00","00","00","00"," $!.","06","06","06","06","06","06","06"," %!-","14"]},"3372":{"keys":[198,194],"grid":[" "," "," "," "," "," "," "," "," "," "," ","!! 0","11","11","!# /","14"]}},"5778":{"3374":{"keys":[194,198],"grid":[" "," "," "," "," "," "," "," "," "," "," "," "," "," "," "," 0!!"]},"3368":{"keys":[194,198],"grid":[" *!(","00"," (!*"," &!* #"," '!# )"," "," "," "," "," "," "," "," /!#"," -!%","13"," ,!&"]},"3369":{"keys":[194,198],"grid":[" +!'","00"," *!("," )!)"," (!*"," %!-"," #!/","06"," !!0","08","08","!","!","!","!","!"]},"3375":{"keys":[194,198],"grid":[" /!#"," .!$"," ,!&"," +!'"," *!("," )!)"," (!*"," '!+"," &!,"," %!-"," #!/"," !!0","!","!","!","!"]},"3367":{"keys":[194,"",198],"grid":[" "," "," "," "," "," "," "," "," 0!!"," (#% %!!","09"," (#& $!!"," )#)","12"," *#(","14"]},"3372":{"keys":[194,198],"grid":[" +!'"," ,!&"," -!%","02"," .!$","04"," /!#"," 0!!","07"," "," "," "," "," "," "," "]},"3371":{"keys":[194,198],"grid":[" !!0"," #!/"," $!.","02"," %!-"," &!,"," '!+"," (!*","07","07"," )!)","10","10"," *!(","13"," +!'"]},"3370":{"keys":[198],"grid":[" "," "," "," "," "," "," "," "," "," "," "," "," "," "," "," "]}},"5672":{"3328":{"keys":[192,194],"grid":[" "," "," "," "," "," "," "," "," "," "," "," "," 0!!"," /!#"," -!%"," ,!&"]},"3329":{"keys":[192,194],"grid":[" ,!&"," +!'"," *!(","02"," )!)","04"," (!*","06"," '!+","08"," &!,"," %!-"," $!.","12"," #!/"," !!0"]},"3330":{"keys":[194],"grid":[" "," "," "," "," "," "," "," "," "," "," "," "," "," "," "," "]},"3525":{"keys":[194,198],"grid":[" "," "," "," "," "," "," "," "," "," "," "," "," "," /!#"," +!'"," )!)"]},"3526":{"keys":[194,198],"grid":[" '!+"," $!.","!","!","!","!","!","!","!","!","!","!","!","!","!","!"]}},"5673":{"3328":{"keys":[192,194],"grid":[" ,!&","00"," -!%","02","02","02","00","00"," +!'"," )!)"," %!-"," #!/","!","!","!","!"]},"3525":{"keys":[194,198],"grid":[" "," "," "," "," "," "," "," "," "," "," "," "," #!& *","!, &","!0 !","!"]}},"5674":{"3526":{"keys":[198,194],"grid":[" +!'"," "," "," "," "," "," "," "," "," "," "," "," "," "," "," "]},"3525":{"keys":[194,198],"grid":[" "," "," "," "," "," "," "," "," "," "," "," "," "," "," ","!$ ."]}},"5675":{"3526":{"keys":[194,198],"grid":[" %!-","!","!","!","!","!","!","!","!","!","!","!","!","!","!","!"]},"3525":{"keys":[194,198],"grid":[" "," "," "," "," "," "," "," "," "," "," "," "," "," "," "," -!$ !"]}},"5676":{"3526":{"keys":[198,194],"grid":[" &!,"," *!("," "," "," "," "," "," "," "," "," "," "," "," "," "," "]},"3525":{"keys":[194],"grid":[" "," "," "," "," "," "," "," "," "," "," "," "," "," "," "," "]}},"5677":{"3464":{"keys":[194,198,""],"grid":[" -!%"," /!#"," 0#!","02"," "," "," "," "," "," "," "," "," "," "," "," "]},"3456":{"keys":[194,198],"grid":[" "," "," "," "," "," "," "," "," "," "," "," "," "," "," "," 0!!"]},"3457":{"keys":[194,198],"grid":[" 0!!","00"," /!#","02","02","02","02","02","02"," .!$","09","09","09","09","09","09"]},"3461":{"keys":[194,198],"grid":[" (!*","00","00","00","00"," '!+","05","05","05"," &!,","09","09","09","09"," %!-","14"]},"3460":{"keys":[194,198],"grid":[" *!(","00","00","00","00","00","00","00","00"," )!)","09","09","09","09","09","09"]},"3458":{"keys":[194,198],"grid":[" .!$","00"," -!%","02","02","02","02","02","02","02","02","02"," ,!&","12","02","02"]},"3459":{"keys":[194,198],"grid":[" -!%","00","00","00","00"," ,!&","05","05"," +!'","08","08","08","08","08","08"," *!("]},"3526":{"keys":[194,198],"grid":[" "," "," .!$","!","!","!","!","!","!","!","!","!","!","!","!","!"]},"3463":{"keys":[194,198],"grid":[" '!+"," (!*","01","01"," )!)","04","04"," *!(","07"," +!'","09"," ,!&","11","11"," -!%","14"]},"3462":{"keys":[194,198],"grid":[" %!-","00","00"," $!.","03","03","03","03","03","03","00"," &!,","11","11"," '!+","14"]}},"5771":{"3379":{"keys":[194,198],"grid":[" 0!!"," ,!&"," (!*"," %!-","!","!","!","!","!","!","!","!","!","!","!","!"]}},"5679":{"3452":{"keys":[194,198],"grid":[" "," "," "," "," "," "," "," "," /!#"," .!$"," -!%"," ,!&"," +!'"," *!("," )!)","14"]},"3453":{"keys":[194,198],"grid":[" (!*","00"," '!+","02","02"," &!,","05","05"," %!-","08"," $!.","10","10"," #!/","13","13"]},"3465":{"keys":[194,198],"grid":["   !"," "," "," "]},"3464":{"keys":[198,194],"grid":[" "," "," ","!   "]},"3454":{"keys":[194,198],"grid":[" !!0","00","!","!","!","!","!","!","!","!","!","!","!","!","!","!"]},"3526":{"keys":[194,198],"grid":[" "," ","!- %","!. $","!/ #","!0 !","!","!","!","!","!","!","!","!","!","!"]}},"5773":{"3378":{"keys":[194,198],"grid":[" "," "," "," "," "," "," "," 0!!"," ,!&"," (!*"," %!-","!","!","!","!","!"]}},"5772":{"3379":{"keys":[198],"grid":[" "," "," "," "," "," "," "," "," "," "," "," "," "," "," "," "]},"3378":{"keys":[194,198],"grid":[" "," "," "," "," "," "," "," "," "," "," "," "," -!%"," *!("," '!+"," #!/"]}},"5775":{"3377":{"keys":[194,198],"grid":[" "," "," "," "," "," "," "," 0!!"," /!#"," .!$","09"," -!%"," ,!&","12"," +!'"," *!("]},"3378":{"keys":[194,198],"grid":[" *!("," '!+"," !!0","!","!","!","!","!","!","!","!","!","!","!","!","!"]}},"5774":{"3378":{"keys":[194,198],"grid":[" "," "," "," /!#"," +!'"," '!+"," #!/","!","!","!","!","!","!","!","!","!"]}},"5777":{"3376":{"keys":[194,198],"grid":[" ,!&"," +!'"," *!("," (!*"," '!+"," &!,"," %!-"," $!."," #!/","!","!","!","!","!","!","!"]},"3375":{"keys":[194,198],"grid":[" "," "," "," "," "," "," "," "," "," "," "," "," "," 0!!"," .!$"," -!%"]},"3369":{"keys":[194,198],"grid":[" "," "," "," "," "," "," "," "," "," "," "," "," 0!!"," /!#"," .!$"," -!%"]},"3370":{"keys":[194,198],"grid":[" ,!&"," )!)"," '!+"," &!,"," %!-","04","02"," *!("," +!'","00"," -!%"," .!$"," /!#"," 0!!","13"," "]}},"5776":{"3377":{"keys":[194,198],"grid":[" )!)"," (!*"," &!,"," %!-"," $!."," #!/","!","!","!","!","!","!","!","!","!","!"]},"3376":{"keys":[194,198],"grid":[" "," "," "," "," "," "," "," "," "," "," 0!!"," /!#"," .!$"," ,!&"," +!'"," *!("]}},"5670":{"3526":{"keys":[194,198],"grid":[" "," "," "," "," "," "," "," "," "," ","!# ,!$","!","!","!","!","!"]},"3332":{"keys":[192,194],"grid":[" %!-"," $!."," #!/","02","02"," !!0","05","!","!","!","!","!","!","!","!","!"]},"3331":{"keys":[192,194],"grid":[" .!$","00"," -!%","02","02","02","02"," ,!&","07"," +!'","09"," *!("," )!)"," (!*","13"," &!,"]},"3330":{"keys":[192,194],"grid":[" "," "," "," "," "," "," "," "," "," "," 0!!","10"," /!#","12"," .!$","14"]}},"5671":{"3526":{"keys":[194,198],"grid":[" "," "," "," .!$"," +!'"," )!)"," '!+"," &!,"," #!/"," !!0","!","!","!","!","!","!"]},"3330":{"keys":[192,194],"grid":[" "," 0!!"," .!$"," -!%"," )!)"," '!+"," %!-"," #!/"," !!0","08","!","!","!","!","!","!"]}},"5663":{"3526":{"keys":[194,198],"grid":[" )!)","00","00"," (!*","03","03","03"," '!+","07","07","07","07","07"," &!,","13","13"]},"3527":{"keys":[194,198],"grid":[" %!-","00","!","!","!","!","!","!","!","!","!","!","!","!","!","!"]},"3525":{"keys":[194,198],"grid":[" "," "," "," /!#","03","03","03"," 0!!","07","07","07","03"," .!$"," ,!&"," *!(","14"]},"3337":{"keys":[192,194],"grid":[" '!+"," #!/","!","!","!","!","!","!","!","!","!","!","!","!","!","!"]},"3336":{"keys":[192,194],"grid":[" "," "," "," "," "," "," "," "," "," "," "," "," "," "," "," 0!!"]}},"5662":{"3526":{"keys":[198,194],"grid":[" )!)"," (!*"," '!+","02","02","01","01","00","00"," *!("," +!'","10","10"," ,!&","13","13"]},"3527":{"keys":[198,194],"grid":[" -!%"," .!$"," "," "," "," "," "," "," "," "," "," "," "," "," "," "]},"3524":{"keys":[194,198],"grid":[" "," "," "," "," "," "," "," "," "," "," "," "," ","!# /","!$ .","14"]},"3525":{"keys":[198,194],"grid":[" %!-","00"," &!,","02","02"," '!+","05"," (!*","07","07"," )!)","10","10"," *!(","13","13"]},"3337":{"keys":[192,194],"grid":[" "," "," 0!!"," -!%","!$ '!(","!","!","!","!","!","!","!","!","!","!","!"]}},"5661":{"3524":{"keys":[194,198],"grid":[" "," "," "," "," "," "," "," "," "," "," "," "," "," %!-"," !!0","!"]},"3337":{"keys":[194,192],"grid":[" ,!&"," -!%"," /!#"," "," "," "," "," "," "," "," "," "," "," "," "," "]},"3336":{"keys":[194,192],"grid":[" $!."," %!-","01","01","01"," &!,","05","05"," '!+","08"," (!*","10"," )!)"," *!(","13"," +!'"]},"3335":{"keys":[192,194],"grid":[" "," "," "," "," "," "," "," "," "," "," "," ","!! 0","!# /","13","!$ ."]}},"5660":{"3531":{"keys":[194,198],"grid":[" '!+","00","00","00","00","00","00","00","00","00","00","00","00","00","00","00"]},"3527":{"keys":[194,198],"grid":[" &!,","00","00","00","00","00","00","00","00","00","00","00","00","00","00","00"]},"3524":{"keys":[194,198],"grid":[" "," "," "," "," "," "," "," "," "," "," "," "," "," "," "," 0!!"]},"3526":{"keys":[194,198],"grid":[" &!,","00","00","00","00","00","00","00","00","00","00","00","00","00","00","00"]},"3530":{"keys":[194,198],"grid":[" '!+","00","00","00","00","00","00","00","00","00","00","00","00","00","00","00"]},"3533":{"keys":[194,198],"grid":[" '!+","00","00","00","00","00","00","00","00","00","00","00","00","00","!","!"]},"3532":{"keys":[194,198],"grid":[" '!+","00","00","00","00","00","00","00","00","00","00","00","00","00","00","00"]},"3335":{"keys":[194,192],"grid":[" &!,"," '!+"," (!*"," )!)"," *!("," +!'"," ,!&"," -!%"," .!$"," /!#"," 0!!"," "," "," "," "," "]},"3334":{"keys":[192,194],"grid":[" "," "," "," "," "," "," "," "," "," "," "," ","!! 0","!# /","!$ .","!% -"]},"3525":{"keys":[194,198],"grid":[" -!%"," +!'"," )!)"," (!*"," &!,","04","04","04","04","04","04","04","04","04","04","04"]},"3528":{"keys":[194,198],"grid":[" '!+","00","00","00","00","00","00"," &!,","07","07","00","00","00","00","00","00"]},"3529":{"keys":[194,198],"grid":[" '!+","00","00","00","00","00","00","00","00","00","00","00","00","00","00","00"]}},"5667":{"3526":{"keys":[194,198],"grid":[" )!)"," '!+"," %!-"," $!."," !!0","!","!","!","!","!","!","!","!","!","!","!"]},"3525":{"keys":[194,198],"grid":[" "," "," "," "," "," "," "," "," "," "," "," "," /!#"," -!%"," ,!&"," *!("]},"3335":{"keys":[192,194],"grid":[" /!#"," -!%"," ,!&"," +!'"," *!("," )!)"," (!*"," '!+"," &!,"," $!."," #!/","10"," !!0","!","!","!"]},"3334":{"keys":[192,194],"grid":[" "," "," "," "," "," "," "," "," "," "," "," "," "," "," "," 0!!"]}},"5666":{"3526":{"keys":[194,198],"grid":[" "," "," "," "," "," "," /!#"," -!%"," +!'"," *!("," '!+"," !!0","!","!","!","!"]},"3336":{"keys":[192,194],"grid":[" 0!!"," /!#","01"," .!$"," ,!&"," *!(","!& !!+","!","!","!","!","!","!","!","!","!"]},"3335":{"keys":[192,194],"grid":[" "," "," "," "," "," "," "," "," "," "," "," "," "," "," "," 0!!"]}},"5665":{"3526":{"keys":[198,194],"grid":[" %!-"," &!,","01"," '!+","03","03"," (!*"," )!)","07"," *!("," +!'"," ,!&"," "," "," "," "]},"3525":{"keys":[194,198],"grid":[" "," "," "," "," "," "," ","!! 0","07","!# /","09","!$ .","11","11","!% -","14"]},"3336":{"keys":[192,194],"grid":[" "," "," #!$ ,","!( *","!+ '","!. $","!","!","!","!","!","!","!","!","!","!"]}},"5664":{"3525":{"keys":[194,198],"grid":[" "," #!( (","!, &","!- %","!. $","!/ #","!","!","!","!","!","!","!","!","!","!"]},"3336":{"keys":[192,194],"grid":[" "," "," "," 0!!"," .!$"," -!%","05","05"," ,!&","08"," +!'"," *!("," )!)"," &!,"," #!/","!"]}},"5669":{"3526":{"keys":[194,198],"grid":[" "," ","!# /","!% -","!' +","!) )","!+ '","!- %","!/ #","!","!","!","!","!","!","!"]},"3332":{"keys":[192,194],"grid":[" "," "," "," "," "," "," "," "," "," "," "," 0!!","11"," /!#","13","13"]},"3333":{"keys":[192,194],"grid":[" .!$"," -!%","01"," ,!&"," +!'"," *!("," )!)"," (!*"," '!+"," &!,","09"," %!-"," $!.","12"," #!/","14"]},"3334":{"keys":[192,194],"grid":[" !!0","!","!","!","!","!","!","!","!","!","!","!","!","!","!","!"]}},"5668":{"3526":{"keys":[198,194],"grid":[" .!$"," 0!!"," "," "," "," "," "," "," "," "," "," "," "," "," "," "]},"3525":{"keys":[194,198],"grid":[" "," "," "," "," "," "," "," "," "," "," "," ","!$ .","!& ,","!) )","!, &"]},"3334":{"keys":[192,194],"grid":[" "," "," 0!!"," /!#"," .!$"," -!%"," ,!&"," +!'","07"," *!("," )!)"," '!+"," &!,"," $!."," !!0","!"]}},"5708":{"3439":{"keys":[194,198],"grid":[" "," "," "," "," "," ","!' +","!+ $!$","!","!","!","!","!","!","!","!"]},"3503":{"keys":[198,194],"grid":[" "," "," "," ","!! 0","!# /","05","!$ .","!% -","!& ,","!' +","!( *","!) )","!* (","!+ '","!, &"]},"3504":{"keys":[194,198],"grid":[" -!%"," .!$"," /!#"," 0!!"," "," "," "," "," "," "," "," "," "," "," "," "]},"3526":{"keys":[194,198],"grid":[" /!#"," 0!!"," "," "," "," ","00"," ,!&"," (!*"," %!-","!","!","!","!","!","!"]},"3524":{"keys":[194],"grid":[" "," "," "," "," "," "," "," "," "," "," "," "," "," "," "," "]},"3525":{"keys":[194,198],"grid":[" .!$"," -!%"," +!'"," *!(","03","03"," )!)","06","06","06","03","03","03","02"," ,!&","01"]}},"5709":{"3508":{"keys":[194,198],"grid":[" .!$","00","00","00"," /!#","04","04"," 0!!","07","07","07"," "," "," "," "," "]},"3439":{"keys":[194,198],"grid":[" "," "," 0!!"," .!$"," ,!&"," *!("," %!-","!","!","!","!","!","!","!","!","!"]},"3504":{"keys":[198,194],"grid":[" "," "," "," "," ","!! 0","!# /","06","!$ .","08","08","08","08","!% -","13","13"]},"3505":{"keys":[194,198],"grid":[" %!-","00","00"," &!,","03","03","03","03","03","03"," '!+","10","10","10","10","10"]},"3506":{"keys":[194,198],"grid":[" '!+"," (!*","01","01","01","01"," )!)","06","06","06","06","06"," *!(","12","12","12"]},"3507":{"keys":[194,198],"grid":[" *!(","00"," +!'","02","02","02"," ,!&","06","06","06","06"," -!%","11","11","11"," .!$"]},"3526":{"keys":[198,194],"grid":[" "," "," ","!! 0","03"," "," "," "," "," "," "," "," "," "," "," "]},"3524":{"keys":[194,198],"grid":[" "," "," "," 0!!"," /!#"," -!%"," ,!&"," +!'"," *!("," )!)"," (!*"," '!+"," %!-"," $!."," #!/","!"]}},"5704":{"3495":{"keys":[194,198],"grid":[" '!+","00"," &!,","02","02","02","02","02","02","02","02","02","02"," %!-","13","13"]},"3498":{"keys":[194,198],"grid":[" !!0","00","00"," #!/"," $!."," %!-","05"," &!,"," '!+"," (!*"," )!)"," *!("," +!'"," ,!&"," -!%"," .!$"]},"3499":{"keys":[194,198],"grid":[" /!#"," 0!!","01"," "," "," "," "," "," "," "," "," "," "," "," "," "]},"3496":{"keys":[194,198],"grid":[" %!-","00","00","00","00","00","00"," $!.","07","00","00","00","00","00","00","00"]},"3492":{"keys":[194,198],"grid":[" %!-"," $!.","01","01","01","01","01","01","01","01","01","01","01","01","01","01"]},"3494":{"keys":[194,198],"grid":[" #!/","00","00","00","00","00","00","00","00","00","00","00","00"," %!-"," &!,","14"]},"3433":{"keys":[194,198],"grid":[" "," "," "," "," "," "," "," "," "," ","!! 0","!# /","!$ .","!% -","13","13"]},"3434":{"keys":[198,194],"grid":[" %!-","00","00","00"," &!,","04","04","04","04","04","04","04","04","04","04","04"]},"3493":{"keys":[194,198],"grid":[" $!.","00","00"," #!/","03","03","03","03","03","03","03","03","03","03","03","03"]},"3490":{"keys":[198,194],"grid":[" "," "," "," "," "," "," "," "," "," ","!! 0","10","10","!# /","13","!$ ."]},"3491":{"keys":[194,198],"grid":[" $!."," %!-","01","01","01","01","01","01","01","01","01","01","01","01","01","01"]},"3527":{"keys":[194,198],"grid":[" "," (!& %"," #!- #","!0 !","!","!","!","!","!","!","!","!","!","!","!","!"]},"3436":{"keys":[198,194],"grid":[" (!*","00","00","00"," )!)","04"," *!(","06"," +!'","08"," ,!&"," -!%","11"," .!$"," /!#","14"]},"3497":{"keys":[194,198],"grid":[" %!-","00","00","00"," $!.","04","04","04","04","04","04","04","04"," #!/","13","13"]},"3435":{"keys":[198,194],"grid":[" &!,","00","00","00","00","00","00","00"," '!+","08","08","08","08","08"," (!*","14"]},"3437":{"keys":[198,194],"grid":[" 0!!","00"," "," "," "," "," "," "," "," "," "," "," "," "," "," "]}},"5705":{"3438":{"keys":[198,194],"grid":[" )!)"," *!(","01"," +!'","03","03"," ,!&","06"," -!%"," .!$"," /!#"," 0!!"," "," "," "," "]},"3499":{"keys":[198,194],"grid":[" "," "," "," ","!! 0","!# /","!% -","!& ,","!' +","!( *","!) )","!* (","!+ '","!, &","13","13"]},"3500":{"keys":[194,198],"grid":[" -!%","00"," .!$","02","02","02","02"," /!#","07","07","07"," 0!!","11","11","11"," "]},"3501":{"keys":[194],"grid":[" "," "," "," "," "," "," "," "," "," "," "," "," "," "," "," "]},"3437":{"keys":[194,198],"grid":[" "," "," ","!! 0","03","!# /","05","05","05","!$ .","!% -","!& ,","!' +","!( *","13","!) )"]},"3527":{"keys":[194,198],"grid":[" "," "," '!' %"," &!,","!! #!.","!","!","!","!","!","!","!","!","!","!","!"]}},"5706":{"3438":{"keys":[194,198],"grid":[" "," "," "," "," "," "," "," "," "," "," "," "," "," ","!! 0","14"]},"3527":{"keys":[194,198],"grid":[" "," "," "," *!(","!","!","!","!","!","!","!","!","!","!","!","!"]},"3502":{"keys":[194,198],"grid":[" /!#"," 0!!","01"," "," "," "," "," "," "," "," "," "," "," "," "," "]},"3501":{"keys":[198,194],"grid":[" "," "," ","!! 0","!# /","!$ .","!% -","!& ,","!' +","!( *","!) )","!* (","!+ '","!, &","!- %","!. $"]},"3439":{"keys":[198,194],"grid":[" #!/"," &!,"," ,!&"," "," "," "," "," "," "," "," "," "," "," "," "," "]}},"5707":{"3526":{"keys":[194,198],"grid":[" "," "," "," "," "," "," "," "," "," "," "," /!#"," -!%"," +!'"," )!)"," (!*"]},"3527":{"keys":[194,198],"grid":[" &!,"," #!/","!","!","!","!","!","!","!","!","!","!","!","!","!","!"]},"3502":{"keys":[198,194],"grid":[" "," "," "," ","!! 0","!# /","!$ .","!% -","!& ,","!' +","!( *","!) )","!* (","!+ '","!, &","!- %"]},"3503":{"keys":[194,198],"grid":[" .!$"," /!#"," 0!!"," "," "," "," "," "," "," "," "," "," "," "," "," "]},"3439":{"keys":[194,198],"grid":[" "," "," ","!# /","!) )","!0 !","!","!","!","!","!","!","!","!","!","!"]}},"5700":{"3430":{"keys":[194,198],"grid":[" "," "," "," "," "," "," "," "," "," "," "," "," "," "," "," %!% )"]},"3431":{"keys":[198,194],"grid":[" ,!&"," "," "," "," "," "," "," "," "," "," "," "," "," "," "," "]},"3522":{"keys":[194,198],"grid":[" "," "," "," "," "," "," "," "," "," .!$"," +!'"," '!+","!","!","!","!"]}},"5701":{"3431":{"keys":[194,198],"grid":[" "," ","!% -","!) )","!+ '","!- %","!/ #","!","!","!","!","!","!","!","!","!"]},"3524":{"keys":[198,194],"grid":[" /!#","00","00","00"," 0!!","04","04"," "," "," "," "," "," "," "," "," "]},"3522":{"keys":[194,198],"grid":[" "," "," "," "," +!$ $"," '!+"," %!-"," #!/","!","!","!","!","!","!","!","!"]},"3523":{"keys":[198,194],"grid":[" "," "," "," "," "," "," "," "," "," "," 0!!"," /!#"," .!$","12","12","12"]},"3490":{"keys":[198,194,""],"grid":[" "," "," "," "," "," "," "," /!#"," -!%"," +!'"," )!)"," '!+"," %!-"," !!0","13","#!!0"]}},"5702":{"3431":{"keys":[194,198],"grid":[" "," "," "," "," "," "," "," ","!! 0","!% -","!& ,","10","!' +","12","!( *","14"]},"3432":{"keys":[198,194],"grid":[" )!)","00"," *!("," +!'"," ,!&"," -!%"," .!$"," /!#"," 0!!"," "," "," "," "," "," "," "]},"3490":{"keys":[198,194],"grid":[" "," "," +!'"," (!*"," %!-"," #!/","!","!","!","!","!","!","!","!","!","!"]},"3526":{"keys":[198,194],"grid":[" #!/","00","00"," $!."," %!-"," &!,"," (!*"," *!("," +!'"," ,!&"," .!$"," 0!!"," "," "," "," "]},"3524":{"keys":[194,198],"grid":[" "," "," "," "," "," "," "," "," "," "," "," "," ","!! 0","13","13"]},"3525":{"keys":[198,194],"grid":[" !!0","00","00","00","00"," #!/","05","05","05","05","05","05","00","00","00","00"]},"3522":{"keys":[194,198],"grid":[" "," "," "," "," "," ","!# /","!$ .","!% -","!' +","!( *","!) )","!* (","12","12","11"]},"3523":{"keys":[198,194],"grid":[" )!)","00","00"," (!*","03"," '!+","05"," &!,"," %!-"," !!0","!","!","!","!","!","!"]}},"5703":{"3526":{"keys":[194,198],"grid":[" "," "," "," "," "," "," "," "," "," "," "," "," ","!# /","!$ .","!& ,"]},"3527":{"keys":[198,194],"grid":[" (!*"," *!("," -!%"," "," "," "," "," "," "," "," "," "," "," "," "," "]},"3432":{"keys":[194,198],"grid":[" "," "," "," "," "," "," "," "," "," ","!! 0","!# /","!$ .","!% -","!& ,","!' +"]},"3433":{"keys":[198,194],"grid":[" (!*"," )!)"," *!("," +!'"," ,!&"," -!%"," .!$"," /!#"," 0!!"," "," "," "," "," "," "," "]},"3490":{"keys":[198,194],"grid":[" "," ","!' +","!, &","!- %","!. $","!/ #","!0 !","!","!","!","!","!","!","!","!"]}},"5784":{"3361":{"keys":[194,198],"grid":[" "," "," "," "," "," "," 0!!","06","06"," /!#"," .!$"," -!%","11"," ,!&","13"," +!'"]},"3362":{"keys":[194,198],"grid":[" +!'"," *!("," )!)"," (!*"," '!+"," &!,"," $!."," !!0","!","!","!","!","!","!","!","!"]}},"5785":{"3360":{"keys":[194,198],"grid":[" "," "," "," "," "," "," "," "," "," "," "," "," '!+"," $!.","13"," #!/"]},"3359":{"keys":[194,198],"grid":[" "," "," "," "," "," "," 0!!"," /!#","07","06"," "," "," "," "," "," "]},"3361":{"keys":[194,198],"grid":[" #!/","00"," !!0","02","!","!","!","!","!","!","!","!","!","!","!","!"]}},"5786":{"3360":{"keys":[194,198],"grid":[" $!.","00"," %!-","02"," &!,"," '!+"," (!*","06"," #!! $!+"," !!0","!","!","!","!","!","!"]},"3359":{"keys":[194,198],"grid":[" 0!!"," /!#","01"," .!$","03"," ,!&","!! '!*","!","!","!","!"," !!0","11"," #!/","13"," $!."]},"3358":{"keys":[194,198],"grid":[" "," "," "," "," "," 0!!"," /!#","06"," .!$","08"," -!%"," ,!&","11","11","10","05"]}},"5787":{"3357":{"keys":[194,198],"grid":[" "," "," "," "," "," ,!% !"," (!# #!% !"," '!+","07"," %!-","09","09","09"," $!.","13","13"]},"3358":{"keys":[194,198],"grid":[" $!."," #!/"," !!0","!","!","!","!","!","!","!","!","!","!","!","!","!"]}},"5780":{"3365":{"keys":[194,"",198],"grid":[" "," "," "," "," "," "," "," "," "," "," "," "," "," ","!) )","!$#, #"]},"3366":{"keys":["",198,194],"grid":[" $!.","00","#! $!-","02","## !!.","!","!","!","!","!","!","!","!","!","!","!"]}},"5781":{"3364":{"keys":[194,198],"grid":[" "," "," "," "," "," "," "," "," "," "," "," "," "," "," 0!!"," /!#"]},"3365":{"keys":[194,198],"grid":[" .!$"," -!%"," ,!&","01"," 0!!"," "," ","04","04"," /!#","09","00","00","01","02"," +!'"]},"3366":{"keys":[198,194],"grid":[" #!) '"," #!' )"," $!% *"," "," "," "," "," "," "," "," "," "," "," "," "," "]}},"5782":{"3364":{"keys":[194,198],"grid":[" #!/"," $!.","01","01","01","01","01","01"," %!-","08","01","00"," !!0","!","!","!"]},"3365":{"keys":[198],"grid":[" "," "," "," "," "," "," "," "," "," "," "," "," "," "," "," "]},"3363":{"keys":[194,198],"grid":[" "," "," "," "," "," "," 0!!"," /!#"," .!$"," %!# '!%"," $!% %!&"," %!% #!'"," %!& !!'"," %!-","13"," $!."]}},"5783":{"3362":{"keys":[194,198],"grid":[" "," "," "," "," "," "," "," "," "," 0!!"," /!#"," .!$"," -!%"," ,!&"," *!("," )!)"]},"3363":{"keys":[194,198],"grid":[" )!)"," (!*"," '!+"," &!,"," #!/","!","!","!","!","!","!","!","!","!","!","!"]}},"5770":{"3379":{"keys":[194,198,""],"grid":[" "," "," "," "," "," .!$"," +!'"," (!*"," &!,","#!!! !!.","!","!","!","!","!","!"]}},"5788":{"3355":{"keys":[194,198],"grid":[" "," "," "," "," "," "," "," "," "," "," "," "," "," "," 0!!"," /!#"]},"3357":{"keys":[194,198],"grid":[" *!("," +!'","01"," '!+"," &!,","04","04"," %!-","!","!","!","!","!","!","!","!"]},"3356":{"keys":[194,198],"grid":[" .!$"," -!%"," ,!&"," (!*"," '!+","04","04"," %!-","07","07"," $!.","10","10","07","04","03"]}},"5789":{"3355":{"keys":[194,198],"grid":[" +!'"," *!("," )!)"," )!# !!&"," ,!&","00","00","00","01","00","00","00","01","!$ '!(","!","!"]},"3354":{"keys":[194,198],"grid":[" "," "," "," "," "," "," "," "," "," "," "," "," "," "," 0!!","14"]}},"5658":{"3332":{"keys":[192,194],"grid":[" "," "," "," "," "," "," "," ","!# /","!","!","!","!","!","!","!"]},"3533":{"keys":[194,198],"grid":[" "," "," "," "," "," "," "," "," "," "," "," "," "," "," (!% &","!"]}},"5659":{"3333":{"keys":[194,192],"grid":[" ,!&","00","00","00","00","00"," -!%","06","06","06","06","06","06","06","06","06"]},"3332":{"keys":[192,194],"grid":[" "," "," "," "," "," "," "," "," #!# -","!) )","!+ '","10","10","10","10","!, &"]},"3533":{"keys":[194,198],"grid":[" "," "," "," "," "," "," "," "," "," "," "," "," "," "," !!) $!%","!"]},"3334":{"keys":[194,192],"grid":[" -!%","00","00","00","00"," .!$","05"," /!#","07"," 0!!","09"," "," "," "," "," "]}},"5656":{"3333":{"keys":[192,194],"grid":[" '!+"," (!*","01","00","00"," &!,","05"," %!-"," $!.","08"," #!/"," !!0","!","!","!","!"]},"3332":{"keys":[194,192],"grid":[" "," "," "," "," "," "," "," "," "," "," "," "," "," "," ","!& ,"]},"3331":{"keys":[192,194],"grid":[" "," "," "," "," ","!! 0","!' +","!) )","!+ '","!- %","!. $","!/ #","11","!0 !","!","!"]},"3533":{"keys":[194,198],"grid":[" "," "," "," "," "," "," "," "," "," "," "," "," "," "," ","!"]}},"5657":{"3332":{"keys":[194,192],"grid":[" !!0"," #!/"," $!."," %!-"," '!+"," (!*"," *!("," .!$"," "," "," "," "," "," "," "," "]},"3331":{"keys":[192,194],"grid":[" "," "," "," "," "," "," "," "," "," "," "," "," "," "," ","!! 0"]},"3533":{"keys":[194,198],"grid":[" "," "," "," "," "," "," "," "," "," "," "," "," "," "," -!! $","!"]}},"5654":{"3333":{"keys":[192,194],"grid":[" "," "," "," "," "," "," "," "," "," "," ","!* (","!/ #","!","!","!"]},"3332":{"keys":[194,192],"grid":[" "," "," "," "," "," "," "," "," "," "," "," "," "," ","!( *","!"]},"3331":{"keys":[192,194],"grid":[" "," "," "," "," "," "," "," "," 0!!"," -!%"," +!'"," )!)"," '!+"," %!-"," #!/","!"]},"3533":{"keys":[194,198],"grid":[" "," "," "," "," "," "," "," "," "," "," "," "," "," "," ","!"]}},"5655":{"3333":{"keys":[192,194],"grid":[" "," "," "," "," "," "," "," "," "," "," "," "," 0!!","!! .!#","!$ +!$","!& (!%"]},"3332":{"keys":[194,192],"grid":[" "," "," "," "," "," "," "," "," "," "," "," "," "," "," $!& #!& !","!"]},"3331":{"keys":[192,194],"grid":[" "," "," "," "," "," (!*"," $!."," !!0","!","!","!","!","!","!","!","!"]},"3533":{"keys":[194,198],"grid":[" "," "," "," "," "," "," "," "," "," "," "," "," "," "," ","!"]},"3334":{"keys":[194,192],"grid":[" (!$ '"," "," "," "," "," "," "," "," "," "," "," "," "," "," "," "]}},"5652":{"3333":{"keys":[194,192],"grid":[" (!*"," ,!&"," .!$"," /!#"," 0!!"," "," "," "," "," "," "," "," "," "," "," "]},"3332":{"keys":[192,194],"grid":[" "," "," "," "," "," "," "," "," "," "," "," "," "," "," ","!$ ."]},"3533":{"keys":[194,198],"grid":[" "," "," "," "," "," "," "," "," "," "," "," "," "," "," "," %!-"]},"3534":{"keys":[194,198],"grid":[" %!-","00","00"," $!.","03","03"," #!/","06","!","!","!","!","!","!","!","!"]}},"5653":{"3333":{"keys":[192,194],"grid":[" "," "," "," "," "," ","!# /","!% -","!& ,","!( *","!, &","!","!","!","!","!"]},"3332":{"keys":[192,194],"grid":[" /!#"," -!%"," +!'"," )!)"," (!*"," '!+"," &!,","06","05","05","04","04","03"," ,!&"," "," "]},"3331":{"keys":[192],"grid":[" "," "," "," "," "," "," "," "," "," "," "," "," "," "," "," "]},"3533":{"keys":[194,198],"grid":[" "," "," "," "," "," "," "," "," "," "," "," "," "," "," ","!"]}},"5650":{"3332":{"keys":[192,194],"grid":[" "," "," "," "," "," "," "," "," "," "," "," "," "," ","!! #!.","!"]},"3535":{"keys":[198,194],"grid":[" '!+","00"," (!*"," )!( !"," +!% #"," "," "," "," "," "," "," "," "," "," "," "]},"3534":{"keys":[194,198],"grid":[" "," "," "," "," "," "," "," "," !!! /","!$ .","!% -","10","10","10","!& ,","14"]}},"5651":{"3332":{"keys":[192,194],"grid":[" "," "," "," "," "," "," "," "," "," "," "," "," "," ","!! #!, #","!"]},"3533":{"keys":[194,198],"grid":[" "," "," "," "," "," "," "," "," "," "," "," "," "," )!& $"," (!' $"," '!) #"]},"3535":{"keys":[194,198],"grid":[" !!0","00","!","!","!","!","!","!","!","!","!","!","!","!","!","!"]},"3534":{"keys":[194,198],"grid":[" '!) #","00","00"," '!* !","03"," (!) !"," )!( !","06","06"," )!)"," (!*"," '!+"," %!-"," $!.","13"," #!/"]}},"5719":{"3435":{"keys":[194,198],"grid":[" "," "," "," "," 0!!"," ,!&"," (!*"," $!.","!","!","!","!","!","!","!","!"]}},"5718":{"3435":{"keys":[194,198],"grid":[" "," "," "," "," "," "," "," "," 0!!"," +!'"," '!+"," #!/","!","!","!","!"]}},"5717":{"3435":{"keys":[194,198],"grid":[" "," "," "," "," "," "," "," "," "," "," "," "," .!$"," +!'"," '!+"," !!0"]}},"5716":{"3435":{"keys":[194],"grid":[" "," "," "," "," "," "," "," "," "," "," "," "," "," "," "," "]},"3436":{"keys":[194,198],"grid":[" .!$"," )!)"," %!-"," #!/","!","!","!","!","!","!","!","!","!","!","!","!"]}},"5715":{"3436":{"keys":[194,198],"grid":[" "," "," "," "," "," /!#"," .!$"," +!'"," (!*"," &!,"," #!/","!","!","!","!","!"]}},"5714":{"3522":{"keys":[198,194],"grid":[" "," "," "," ","!! 0","!# /","!$ .","!& ,","!' +","!( *","!* (","10","!) )","12","12","12"]},"3523":{"keys":[194,198],"grid":[" )!)"," (!*"," '!+"," %!-"," #!/","!","!","!","!","!","!","!","!","!","!","!"]},"3436":{"keys":[194,198],"grid":[" "," "," "," "," "," "," "," "," "," "," "," "," 0!!"," .!$"," ,!&"," *!("]},"3437":{"keys":[194,198],"grid":[" '!+"," %!-"," #!/"," !!0","!","!","!","!","!","!","!","!","!","!","!","!"]}},"5713":{"3516":{"keys":[194,198],"grid":[" /!#"," .!$","01"," -!%"," ,!&"," +!'","05"," *!("," )!)"," (!*"," '!+"," %!-"," #!/"," !!0","!","!"]},"3515":{"keys":[194,198],"grid":[" !!0"," #!/","01"," $!."," %!-"," &!,"," '!+"," (!*"," )!)"," *!("," +!'"," ,!&"," -!%","12"," .!$"," /!#"]},"3514":{"keys":[198,194],"grid":[" "," "," "," "," "," "," "," "," "," "," "," "," "," ","!! 0","14"]},"3524":{"keys":[194,198],"grid":[" !!0","!","!","!","!","!","!","!","!","!","!","!","!","!","!","!"]},"3522":{"keys":[194,198],"grid":[" +!'"," -!%"," .!$","02"," "," "," "," "," "," "," "," "," "," "," "," "]},"3523":{"keys":[194,198],"grid":[" "," "," "," "," "," +!'"," )!)"," (!*"," '!+"," &!,","09"," %!-"," $!."," #!/","13"," !!0"]},"3521":{"keys":[198,194],"grid":[" "," "," "," "," "," "," "," "," "," "," "," "," "," ","!! 0","!) )"]},"3437":{"keys":[194,198],"grid":[" "," "," "," "," 0!!"," -!%"," +!'"," *!("," )!)"," &!,"," $!."," !!0","!","!","!","!"]}},"5712":{"3438":{"keys":[194,198],"grid":[" &!,"," $!."," !!0","!","!","!","!","!","!","!","!","!","!","!","!","!"]},"3513":{"keys":[194,198],"grid":[" &!,","00"," '!+","02","02"," (!*","05","05"," )!)","08","08"," *!(","11"," +!'","13"," ,!&"]},"3512":{"keys":[198,194],"grid":[" "," "," "," "," "," "," "," "," ","!! 0","09","!# /","!$ .","12","!% -","!& ,"]},"3517":{"keys":[198,194],"grid":[" $!) &"," %!% )"," %!! ,"," "," "," "," "," "," "," "," "," "," "," "," "," "]},"3516":{"keys":[194,198],"grid":[" "," "," "," "," "," "," "," "," "," "," "," "," "," ","!# .!!","!# ,!$"]},"3437":{"keys":[194,198],"grid":[" "," "," "," "," "," "," "," "," "," "," "," "," "," .!$"," -!%"," (!*"]},"3524":{"keys":[194,198],"grid":[" "," ","!! 0","!# -!#","!# ,!$","!$ *!%","!$ (!'","!% $!*","!","!","!","!","!","!","!","!"]},"3521":{"keys":[198,194],"grid":[" "," "," "," "," "," "," "," "," "," "," "," *!# &"," '!( $","!! #!- !","!","!"]},"3514":{"keys":[194,198],"grid":[" ,!&","00"," -!%","02"," .!$","04","04"," /!#","07"," 0!!","09","09"," "," "," "," "]}},"5711":{"3438":{"keys":[194,198],"grid":[" "," "," "," 0!!"," .!$"," ,!&"," *!("," (!*"," &!,"," $!."," #!/","!","!","!","!","!"]},"3519":{"keys":[194,198],"grid":[" %!-"," $!.","01","01","01","00"," '!+"," )!)"," +!'"," ,!&"," -!%","10","10","10","10","09"]},"3518":{"keys":[194,198],"grid":[" $!."," #!/","01","01","01","01","01","00","00","00"," %!-","10","10","10","10","10"]},"3512":{"keys":[194,198],"grid":[" -!%"," .!$","01"," /!#","03"," 0!!","05"," "," "," "," "," "," "," "," "," "]},"3511":{"keys":[194,198],"grid":[" #!/"," $!."," %!-","02"," &!,"," '!+"," (!*","06"," )!)","08"," *!(","10"," +!'","12"," ,!&","14"]},"3510":{"keys":[198,194],"grid":[" "," "," "," "," "," "," "," "," "," "," "," "," "," ","!! 0","!# /"]},"3517":{"keys":[194,198],"grid":[" ,!&"," +!'"," *!("," )!)","03"," (!*","05"," '!+"," &!,","08","08"," %!-","11","11"," $!.","14"]},"3516":{"keys":[194,198],"grid":[" "," "," "," "," "," "," "," "," "," "," "," "," "," "," /!#"," -!%"]},"3524":{"keys":[198,194],"grid":[" '!+"," *!("," -!$ !"," "," "," "," "," "," "," "," "," "," "," "," "," "]},"3523":{"keys":[194,198],"grid":[" "," "," "," "," "," "," "," "," "," "," "," "," "," ","!$ .","!& ,"]},"3520":{"keys":[194,198],"grid":[" ,!&","00"," +!'","02","02","02","02","02","02","02","02"," *!(","11","11","11","11"]},"3521":{"keys":[194,198],"grid":[" *!(","00","00","00"," +!'","04","04","04"," ,!&","08"," -!%","10"," /!#"," "," "," "]}},"5710":{"3438":{"keys":[194,198],"grid":[" "," "," "," "," "," "," "," "," "," "," "," "," 0!!"," .!$"," )!)"," &!,"]},"3439":{"keys":[194,198],"grid":[" $!."," !!0","!","!","!","!","!","!","!","!","!","!","!","!","!","!"]},"3509":{"keys":[194,198],"grid":[" !!0","00"," #!/","02","02"," $!.","05","05","05"," %!-","09","09"," &!,","12"," '!+","14"]},"3510":{"keys":[194,198],"grid":[" (!*","00"," )!)"," *!("," +!'"," ,!&","05"," -!%"," .!$","08"," /!#"," 0!!","11"," "," "," "]},"3524":{"keys":[194,198],"grid":[" $!."," !!0","!","!","!","!","!","!","!","!","!","!","!","!","!","!"]},"3523":{"keys":[194,198],"grid":[" "," "," "," "," "," "," "," "," "," "," "," "," "," *!("," (!*"," &!,"]},"3508":{"keys":[198,194],"grid":[" "," "," "," "," "," "," "," "," "," "," "," "," "," ","!! 0","14"]}},"5797":{"3328":{"keys":[194,198],"grid":[" )!)","!! %!,","!","!","!","!","!","!","!","!","!","!","!","!","!","!"]}},"5796":{"3328":{"keys":[194,198],"grid":[" /!! !"," /!#","01","01"," &!$ '!#"," $!) !!%"," !!0","!","!","!","!","06","06","06","!","!"]}},"5795":{"3328":{"keys":[194,198],"grid":[" "," "," "," "," "," "," "," "," "," "," "," "," "," $!( '","!- %","!"]},"3349":{"keys":[198],"grid":[" "," "," "," "," "," "," "," "," "," "," "," "," "," "," "," "]},"3351":{"keys":[194,198],"grid":[" ,!&","00","00"," +!'","03","03","03","03","03"," *!(","09"," )!)"," (!*"," '!+"," &!,"," %!-"]},"3350":{"keys":[194,198],"grid":[" !!' $!'"," +!'","01","01","01","01"," ,!&","06","06","06","06","06","06","06","06","06"]},"3352":{"keys":[194,198],"grid":[" $!.","!","!","!","!","!","!","!","!","!","!","!","!","!","!","!"]}},"5794":{"3349":{"keys":[198,194],"grid":[" "," "," "," "," "," "," "," "," "," "," "," "," ","!& *!! !","!& )!$","!' &!&"]},"3342":{"keys":[194,198],"grid":[" !!# +!$","00"," !!$ (!&"," !!$ '!'","!& &!'","!( #!(","!","!","!","!","!","!","!","!","!","!"]},"3340":{"keys":[198,194],"grid":[" "," "," "," "," "," "," ","!' +","07","07","07","!( *","!) )","!* (","13","!+ '"]},"3341":{"keys":[194,198],"grid":[" ,!&"," -!%","01","01"," .!$","04","01"," +!'"," )!)","08","08"," *!(","07","00","01","04"]},"3350":{"keys":[194,198],"grid":[" '!% '"," '!$ ("," '!# )"," '!! *"," "," "," "," "," "," "," "," "," "," "," "," "]},"3352":{"keys":[194,198],"grid":[" "," "," *!("," %!-","!","!","!","!","!","!","!","!","!","!","!","!"]},"3328":{"keys":[194,198],"grid":[" "," "," "," "," "," "," "," "," "," "," "," "," "," "," 0!!"," /!#"]},"3329":{"keys":[194,198],"grid":[" /!#","00"," .!$","02","02"," -!%","05"," *!("," '!+","08"," &!,"," %!-","11","!! #!.","!","!"]},"3338":{"keys":[198],"grid":[" "," "," "," "," "," "," "," "," "," "," "," "," "," "," "," "]}},"5793":{"3349":{"keys":[198,194],"grid":[" "," "," "," "," "," "," "," "," "," "," "," "," "," (!*","13"," '!+"]},"3342":{"keys":[194,198],"grid":[" "," "," "," -!# #"," ,!&"," +!'"," )!)","06","06"," (!*","09","09"," '!+","12"," &!,","14"]},"3343":{"keys":[194,198],"grid":[" &!,","00","00","00"," %!-"," $!."," #!/"," !!0","!","!","!","!","!","!","!","!"]},"3340":{"keys":[194,198],"grid":[" %!-"," %!$ &!%"," /!#","02","02"," 0!!"," "," "," "," "," "," "," "," "," "," "]},"3330":{"keys":[194,198],"grid":[" )!)","00","00","00","00","00"," '!+"," &!,"," $!.","08","08"," #!/","11","11","11"," !!0"]},"3337":{"keys":[198,"",194],"grid":[" "," "," "," "," "," "," "," "," "," "," "," ","!# /","!$ .","#!!# .","##!! ."]},"3350":{"keys":[198,194],"grid":[" '!+"," (!*","01","01"," )!)","04"," *!(","06","06"," +!'","09","09","09","09","04"," %!# #!)"]},"3352":{"keys":[198,194],"grid":[" #!/"," &!,","01"," '!+"," '!( $"," (!% &"," (!# ("," "," "," "," "," "," "," "," "," "]},"3329":{"keys":[194,198],"grid":[" "," "," "," "," "," "," "," "," "," "," "," "," "," *!("," )!)","14"]},"3339":{"keys":[194,198],"grid":[" 0!!","00","00","00"," /!#","04","04"," ,!&"," '!+"," %!-","09"," $!.","11","09","09"," &!,"]},"3338":{"keys":[194,"",198],"grid":[" %!!#,"," '#+"," *#("," /##"," 0#!","03"," .#$","03","04"," "," "," "," ","04","04","04"]},"3351":{"keys":[198,194],"grid":[" %!-","!","!","!","!","!","!","!","!","!","!","!","!","!","!","!"]}},"5792":{"3343":{"keys":[194,198],"grid":[" "," "," "," "," "," "," "," "," "," -!%"," +!'"," )!)","11","11","11","11"]},"3346":{"keys":[198,194],"grid":[" "," "," "," "," "," "," "," "," "," ","!! 0","10","10","10"," "," "]},"3344":{"keys":[194,198],"grid":[" )!)","00"," (!*","02","02"," '!+","05","02","05"," %!-"," $!.","10","10","10","10","10"]},"3345":{"keys":[194,198],"grid":[" #!/","00","00"," $!."," %!-","04","04","03","00","00","00"," !!0","11","!","!","!"]},"3333":{"keys":[194,198],"grid":[" '!+","00"," (!*","02","02","02"," $!.","!","!","!","!","!","!","!","!","!"]},"3332":{"keys":[194,198],"grid":[" (!*","00","00"," )!)","03","03","03","00"," '!+","08"," &!,","10","10","10","08","08"]},"3331":{"keys":[194,198],"grid":[" 0!!"," /!#"," .!$"," ,!&"," +!'"," *!(","05","04","04","04","04","04","04","05","05"," )!)"]},"3330":{"keys":[194],"grid":[" "," "," "," "," "," "," "," "," "," "," "," "," "," "," "," "]},"3337":{"keys":[194,198,""],"grid":[" %!-"," &!,","01"," )!)"," .!$"," .##!!"," /##"," /#!!!"," "," "," "," "," "," "," "," "]},"3336":{"keys":[198,194],"grid":[" "," "," ","!! 0","03","03","03","!# /","07","07","!$ .","10","10","10","!% -","14"]},"3353":{"keys":[198,194],"grid":[" "," "," ","!! 0","03","03","03","03","!# /","08"," "," "," "," "," "," "]},"3352":{"keys":[194,198],"grid":[" )!! '!!"," (!% !!%"," (!*"," '!+","03"," &!,","05","05"," %!-","08"," $!.","10"," #!/","12"," !!0","14"]},"3351":{"keys":[194,198],"grid":[" )!)"," )!( !"," +!& !"," "," "," "," "," "," "," "," "," "," "," "," "," "]},"3350":{"keys":[194,198],"grid":[" !!0"," %!-"," (!*","02","02","02","02","02","02","02","02","02"," )!)","12","12","12"]}},"5791":{"3348":{"keys":[194,198],"grid":[" /!#","00"," .!$","02","02","02","02","02"," -!%"," &!# $!'"," &!,","10","10","10","10","10"]},"3349":{"keys":[194,198],"grid":[" '!+","00","00","00","00","00","00","00","00","00","00","00"," (!*"," )!)"," *!("," 0!!"]},"3335":{"keys":[194,198],"grid":[" (!*"," )!)"," +!'"," ,!&"," -!%"," .!$","05","05","04","04","04","04","05"," /!#"," 0!!","14"]},"3346":{"keys":[194,198],"grid":[" 0!!"," /!#","01"," .!$","03","03","01","00","00"," "," "," "," "," "," "," "]},"3347":{"keys":[194,198],"grid":[" 0!!","00"," /!#"," .!$"," -!%","04","03","03","02","02","02","00","00","00","00","02"]},"3345":{"keys":[194],"grid":[" "," "," "," "," "," "," "," "," "," "," "," "," "," "," "," "]},"3333":{"keys":[194,198],"grid":[" "," "," "," "," "," "," "," 0!!"," ,!&"," (!*"," $!.","10"," #!/","12"," !!0","14"]},"3354":{"keys":[194,198],"grid":[" (!*"," '!+"," &!,"," %!-"," $!."," #!/"," !!0","!","!","!","!","!","!","!","!","!"]},"3336":{"keys":[194],"grid":[" "," "," "," "," "," "," "," "," "," "," "," "," "," "," "," "]},"3353":{"keys":[194,198],"grid":[" "," "," "," "," "," "," "," "," "," "," "," .!$"," ,!&"," *!("," )!)","14"]},"3334":{"keys":[198,194],"grid":[" "," "," "," "," "," "," "," "," "," "," ","!! 0","!# /","!$ .","!% -","!& ,"]},"3350":{"keys":[194],"grid":[" "," "," "," "," "," "," "," "," "," "," "," "," "," "," "," "]}},"5790":{"3354":{"keys":[194,198],"grid":[" "," "," "," "," "," "," "," "," /!#"," '!$ %!$"," &!' !!%"," &!,","!","!","!","!"]},"3334":{"keys":[194,198],"grid":[" "," /!#"," -!%"," ,!&","02","02"," .!$","01"," 0!!"," "," "," "," "," "," "," "]}},"5649":{"3332":{"keys":[194,192],"grid":[" !!0"," #!/"," $!.","02","02"," %!-","05","05"," &!,","08"," '!+"," (!*"," )!)"," +!'"," "," "]},"3331":{"keys":[192],"grid":[" "," "," "," "," "," "," "," "," "," "," "," "," "," "," "," "]},"3535":{"keys":[194,198],"grid":[" *!(","00","00","00","00","00"," +!'"," ,!&"," -!%"," .!$","09"," $!& %!%"," !!0","!","!","!"]},"3534":{"keys":[194,198],"grid":[" "," "," "," "," "," "," "," "," "," 0!!"," /!#"," .!$"," -!%"," ,!&"," +!'","14"]}},"5648":{"3538":{"keys":[194,198],"grid":[" #!/","00","00","00","00","00","00"," !!0","07","07","07","!","!","!","!","!"]},"3331":{"keys":[192,194],"grid":[" "," "," "," "," "," "," "," ","!# /","!% -","!( *","!, &","!/ #","12","!. $","!0 !"]},"3535":{"keys":[194,198],"grid":[" "," "," "," "," "," "," "," "," "," "," "," "," "," "," 0!!"," /!#"]},"3537":{"keys":[194,198],"grid":[" !!0"," #!/","01","01","01","01","01","01","01","01","01","01","01","01","01","01"]},"3536":{"keys":[194,198],"grid":[" -!%"," +!'"," )!)"," (!*"," '!+"," &!,"," %!-","06","06"," $!.","09"," #!/","11","11","11","11"]}},"5887":{"3340":{"keys":[198,196,""],"grid":[" '!+","00","00","00"," (!*"," )!)"," )!'#!!!"," )!%#$ !"," "," "," "," "," "," "," "," "]},"3333":{"keys":[198,196],"grid":[" &!,"," '!+"," (!*","02","02","02","02","02"," )!)","08","08","08"," *!(","12","12"," +!'"]},"3332":{"keys":[196,198],"grid":[" "," "," "," "," "," "," "," "," "," "," "," "," ","!! 0","!$ .","!% -"]},"3331":{"keys":[198,196],"grid":[" +!'","00"," *!(","02"," )!)"," (!*"," &!,"," %!-"," $!.","08"," #!/"," !!0","!","!","!","!"]},"3330":{"keys":[198,196],"grid":[" 0!!","00","00"," /!#","03","03"," .!$","06","06","06"," -!%","10"," ,!&","12","12"," +!'"]},"3335":{"keys":[198],"grid":[" "," "," "," "," "," "," "," "," "," "," "," "," "," "," "," "]},"3334":{"keys":[198,196],"grid":[" +!'","00"," ,!&"," -!%"," /!#","04","04","04","04","04"," 0!!","10"," "," "," "," "]},"3329":{"keys":[198,196],"grid":[" "," "," "," 0!!"," /!#"," .!$","04","04","03","04","04","05"," -!%","05","05","04"]},"3339":{"keys":[198,196],"grid":[" .!$"," -!%"," +!'"," *!(","03","03"," )!)","06","06","06"," (!*"," '!+","11"," &!,","13","13"]},"3338":{"keys":[198],"grid":[" "," "," "," "," "," "," "," "," "," "," "," "," "," "," "," "]}},"5886":{"3332":{"keys":[198,196],"grid":[" 0!!","00","00","00","00"," "," "," "," ","00"," "," "," "," "," "," "]},"3331":{"keys":[198,196],"grid":[" "," "," "," "," "," "," "," "," "," "," "," "," "," 0!!","13","13"]}},"5641":{"3336":{"keys":[192,194],"grid":[" "," "," "," "," .!$"," ,!&","!$ (!'","!% '!'","!& %!(","!","!","!","!","!","!","!"]}},"5640":{"3336":{"keys":[192,194],"grid":[" "," "," "," "," "," /!#"," ,!&"," +!'"," )!)"," &!,"," %!-"," $!."," #!/"," !!0","!","!"]}},"5643":{"3336":{"keys":[192,194],"grid":[" &!,"," %!-"," $!."," #!/"," !!0","!","!","!","!","!","!","!","!","!","!","!"]},"3335":{"keys":[192,194],"grid":[" "," "," "," "," "," "," 0!!"," /!#"," .!$"," ,!&"," +!'"," )!)"," (!*","12"," '!+"," &!,"]}},"5642":{"3336":{"keys":[192,194],"grid":[" "," "," "," ","!! 0","!$ .","!% -","!& +!!","!( &!%","!","!","!","!","!","!","!"]}},"5678":{"3526":{"keys":[194,198],"grid":[" "," (!$ '","!","!","!","!","!","!","!","!","!","!","!","!","!","!"]},"3464":{"keys":[198,194],"grid":[" ","!   ","!!! ","!"]},"3456":{"keys":[194,198],"grid":[" &!,","00"," %!-","02","02"," $!.","05"," #!/","07","07"," !!0","10","10","!","!","!"]},"3454":{"keys":[194,198],"grid":[" "," "," "," "," "," 0!!","05","05"," /!#","08"," .!$","10","10"," -!%","13","13"]},"3455":{"keys":[194,198],"grid":[" ,!&","00"," +!'","02","02"," *!(","05","05"," )!)","08"," (!*","10","10"," '!+","13","13"]}},"5644":{"3335":{"keys":[192,194],"grid":[" +!'"," '!+"," &!,"," $!."," #!/"," !!0","!","!","!","!","!","!","!","!","!","!"]},"3334":{"keys":[192,194],"grid":[" "," "," "," "," "," "," "," "," "," "," "," "," "," "," 0!!"," /!#"]}},"5647":{"3539":{"keys":[194,198],"grid":[" .!$","00","00"," -!%","03"," ,!&","05","05","05","05","05","05","05","05","05","05"]},"3538":{"keys":[194,198],"grid":[" "," "," "," "," "," "," "," "," "," "," "," "," "," 0!!","13"," /!#"]},"3331":{"keys":[192,194],"grid":[" "," "," "," #!' )"," !!* '","!- %","!/ #","!","!","!","!","!","!","!","!","!"]},"3540":{"keys":[194,198],"grid":[" ,!&"," +!'","01","01","01","01","01","01","01","01","01","01","01","01","01","01"]},"3541":{"keys":[194,198],"grid":[" *!(","00"," )!)","02"," (!*"," '!+"," &!,"," $!."," #!/","!","!","!","!","!","!","!"]}},"5646":{"3333":{"keys":[192,194],"grid":[" $!."," #!/","01","!","!","!","!","!","!","!","!","!","!","!","!","!"]},"3332":{"keys":[192,194],"grid":[" ,!&"," +!'","01","01"," *!(","04"," )!)","06","06"," (!*","09"," '!+","11"," &!,"," %!-","14"]},"3331":{"keys":[192,194],"grid":[" "," "," "," "," "," "," 0!!","06"," /!#","08"," .!$","10"," -!%","12"," ,!&","14"]},"3541":{"keys":[194,198],"grid":[" "," "," "," "," "," "," "," "," "," "," /!#"," -!%"," +!'"," *!("," (!*","14"]},"3542":{"keys":[194,198],"grid":[" '!+","00"," &!,","02"," %!-","04","04"," $!.","07"," #!/","09"," !!0","11","!","!","!"]}},"5728":{"3434":{"keys":[194,198],"grid":[" "," "," /!#"," -!%"," +!'"," (!*"," &!,"," $!.","!","!","!","!","!","!","!","!"]}},"5729":{"3433":{"keys":[194,198],"grid":[" "," "," "," "," "," "," "," "," "," "," "," 0!!"," .!$"," ,!&"," *!("," (!*"]},"3434":{"keys":[194,198],"grid":[" &!,"," !!0","!","!","!","!","!","!","!","!","!","!","!","!","!","!"]}},"5722":{"3435":{"keys":[194,198],"grid":[" "," ","!","!","!","!","!","!","!","!","!","!","!","!","!","!"]}},"5645":{"3544":{"keys":[194,198,""],"grid":[" 0!!","00"," "," "," "," "," "," ","#% -","08","#% )#%","10","#","#","#","#"]},"3333":{"keys":[192,194],"grid":[" "," "," "," "," 0!!"," /!#"," -!%"," ,!&"," +!'"," *!("," )!)"," (!*"," '!+"," &!,","13"," %!-"]},"3334":{"keys":[192,194],"grid":[" $!.","00"," #!/","02","02","02","02","02","02"," !!0","09","09","09","!","!","!"]},"3542":{"keys":[194,198],"grid":[" "," "," "," "," "," "," "," "," "," "," "," "," "," "," "," 0!!"]},"3543":{"keys":[194,198],"grid":[" 0!!","00","00","00","00","00","00","00","00","00","00","00","00","00","00","00"]}},"5720":{"3435":{"keys":[194,198],"grid":[" "," "," "," $!.","!","!","!","!","!","!","!","!","!","!","!","!"]}},"5721":{"3435":{"keys":[194,198],"grid":[" "," "," $!.","!","!","!","!","!","!","!","!","!","!","!","!","!"]}},"5726":{"3434":{"keys":[194],"grid":[" "," "," "," "," "," "," "," "," "," "," "," "," "," "," "," "]},"3435":{"keys":[194,198],"grid":[" .!$","!","!","!","!","!","!","!","!","!","!","!","!","!","!","!"]}},"5727":{"3434":{"keys":[194,198],"grid":[" "," "," "," "," "," "," "," "," "," /!#"," ,!&"," *!("," (!*"," %!-"," #!/","!"]}},"5724":{"3435":{"keys":[194,198],"grid":[" ","!","!","!","!","!","!","!","!","!","!","!","!","!","!","!"]}},"5725":{"3435":{"keys":[194,198],"grid":[" ","!","!","!","!","!","!","!","!","!","!","!","!","!","!","!"]}},"5735":{"3425":{"keys":[194,198],"grid":[" 0!!"," /!#"," .!$"," -!%"," +!'"," *!("," )!)"," (!*"," '!+"," &!,"," $!."," #!/"," !!0","!","!","!"]},"3424":{"keys":[194],"grid":[" "," "," "," "," "," "," "," "," "," "," "," "," "," "," "," "]}},"5734":{"3426":{"keys":[194,198],"grid":[" -!%"," ,!&"," +!'"," *!("," )!)"," (!*"," '!+","06"," &!,"," %!-","09"," $!."," #!/","12"," !!0","!"]},"3425":{"keys":[194,198],"grid":[" "," "," "," "," "," "," "," "," "," "," "," "," "," "," 0!!"," .!$"]}},"5737":{"3423":{"keys":[194,198],"grid":[" "," "," 0!!"," /!#"," .!$"," -!%","05"," ,!&"," +!'"," *!(","09"," )!)"," (!*"," '!+"," &!,"," %!-"]},"3424":{"keys":[194,198],"grid":[" #!/"," !!0","!","!","!","!","!","!","!","!","!","!","!","!","!","!"]}},"5736":{"3424":{"keys":[194,198],"grid":[" "," "," "," 0!!"," .!$"," -!%"," ,!&"," +!'"," )!)"," (!*"," '!+"," &!,"," %!-"," $!."," !!0","!"]}},"5731":{"3432":{"keys":[194,198],"grid":[" "," "," "," "," "," "," "," "," "," "," "," "," "," "," "," .!$"]},"3433":{"keys":[194,198],"grid":[" +!'"," (!*"," &!,"," $!.","!","!","!","!","!","!","!","!","!","!","!","!"]}},"5730":{"3433":{"keys":[194,198],"grid":[" "," "," "," "," "," /!#"," -!%"," *!("," (!*"," %!-"," #!/","!","!","!","!","!"]}},"5733":{"3428":{"keys":[194,198],"grid":[" %!-","00"," $!."," #!/"," !!0","04","!","!","!","!","!","!","!","!","!","!"]},"3427":{"keys":[194,198],"grid":[" 0!!","00"," /!#"," .!$","03"," -!%"," ,!&","06"," +!'"," *!("," )!)","10"," (!*"," '!+","13"," &!,"]},"3426":{"keys":[194],"grid":[" "," "," "," "," "," "," "," "," "," "," "," "," "," "," "," "]}},"5732":{"3430":{"keys":[194,198],"grid":[" *!(","00","00","00"," )!)","04","04","04","04","04"," (!*","10","10","10","10","10"]},"3431":{"keys":[194,198],"grid":[" '!+","00","00","00","00","00"," &!,","06","06","06","06","06","06"," %!-","13","13"]},"3432":{"keys":[194,198],"grid":[" %!-","00","00","00"," $!.","04","04","04","04","04"," #!/","10","10","10","!","!"]},"3428":{"keys":[194,198],"grid":[" "," "," "," "," "," "," "," 0!!","07"," /!#"," .!$","10"," -!%","12","12","12"]},"3429":{"keys":[194,198],"grid":[" -!%"," ,!&","01","01","01","01","01","01"," +!'","08","08","08","08","08"," *!(","14"]}},"5739":{"3421":{"keys":[194,198],"grid":[" &!,","00"," %!-","02","02","02"," $!.","06","06"," #!/","09","09"," !!0","!","!","!"]},"3420":{"keys":[194,198],"grid":[" +!'"," *!(","01","01","01"," )!)","05","05"," (!*","08","08"," '!+","11","11","11"," &!,"]},"3418":{"keys":[194,198],"grid":[" "," "," "," "," "," "," "," "," "," "," "," "," "," 0!!","13","13"]},"3419":{"keys":[194,198],"grid":[" 0!!"," /!#","01","01"," .!$","04","04"," -!%","07","07"," ,!&","10","10","10"," +!'","14"]}},"5738":{"3423":{"keys":[198],"grid":[" "," "," "," "," "," "," "," "," "," "," "," "," "," "," "," "]},"3422":{"keys":[194,198],"grid":[" /!#"," .!$"," -!%"," ,!&"," +!'","04"," *!("," )!)"," (!*"," '!+"," &!,","10"," %!-"," $!."," #!/"," !!0"]},"3421":{"keys":[194,198],"grid":[" "," "," "," "," "," "," "," "," "," "," "," "," "," "," 0!!","14"]}},"5638":{"3342":{"keys":[194,192],"grid":[" "," "," "," "," "," "," ","!! 0","!$ .","!& ,","!' +","!( *","!) )","!* (","!+ '","!, &"]},"3343":{"keys":[192,194],"grid":[" -!%","00"," .!$","02","02","02","02","02","02","02","02","02","02","00","00","00"]},"3338":{"keys":[192,194],"grid":[" "," "," "," 0!!"," .!$"," ,!&"," +!'"," )!)"," (!*"," &!,"," %!-"," $!."," !!0","!","!","!"]},"3344":{"keys":[192,194],"grid":[" -!%","00","00"," ,!&","03"," +!'"," *!("," (!*"," '!+","!","!","!","!","!","!","!"]}},"5639":{"3338":{"keys":[192,194],"grid":[" %!-"," #!/","!","!","!","!","!","!","!","!","!","!","!","!","!","!"]},"3337":{"keys":[192,194],"grid":[" /!#"," .!$"," -!%","02"," ,!&","04"," +!'"," *!(","07"," )!)","09"," (!*","11"," '!+","13"," &!,"]},"3336":{"keys":[192,194],"grid":[" "," "," "," "," "," "," "," "," "," "," "," "," "," "," "," 0!!"]}},"5634":{"3342":{"keys":[192,194],"grid":[" +!'"," .!$"," 0!!"," "," "," "," "," "," "," "," "," "," "," "," "," "]},"3339":{"keys":[192,194],"grid":[" "," "," %!! *!#","!","!","!","!","!","!","!","!","!","!","!"," !!0"," #!/"]},"3341":{"keys":[192,194],"grid":[" +!'","00","00"," ,!&","03","03","03","00","00","00","00","00"," *!(","12","12","00"]},"3346":{"keys":[192,194],"grid":[" "," /!#","!$ )!&","!","!","!","!","!","!","!","!","!","!","!","!","!"]},"3340":{"keys":[192,194],"grid":[" $!."," %!-","01","01","01"," &!,","05"," '!+","07"," (!*"," )!)","10"," *!(","12"," +!'","14"]}},"5635":{"3342":{"keys":[194,192],"grid":[" "," "," ","!# /","!$ .","!% -","!& ,","06","!' +","!( *","!) )","!+ '","!","!","!","!"]},"3339":{"keys":[192,194],"grid":[" "," ","!' +","!) )","!* (","!+ '","!, &","!","!","!","!","!","!","!","!","!"]},"3346":{"keys":[194],"grid":[" "," "," "," "," "," "," "," "," "," "," "," "," "," "," "," "]},"3345":{"keys":[192,194],"grid":[" "," "," "," "," "," "," 0!!"," /!#"," -!%"," ,!&"," *!("," )!)"," '!+"," &!,"," $!."," #!/"]}},"5636":{"3342":{"keys":[194,192],"grid":[" "," "," "," "," "," "," "," .!$"," +!'"," (!*"," &!,"," !!0","!","!","!","!"]},"3339":{"keys":[192,194],"grid":[" "," "," "," "," "," "," 0!!","!# #!-","!","!","!","!","!","!","!","!"]},"3344":{"keys":[192,194],"grid":[" "," "," "," "," "," "," "," "," "," 0!!"," .!$"," -!%"," ,!&"," *!("," )!)"," (!*"]},"3345":{"keys":[192,194],"grid":[" '!+"," &!,"," $!."," #!/"," !!0","!","!","!","!","!","!","!","!","!","!","!"]}},"5637":{"3342":{"keys":[194,192],"grid":[" "," "," "," "," "," "," #!- #","!","!","!","!","!","!","!","!","!"]},"3339":{"keys":[192,194],"grid":[" -!%"," ,!&"," *!("," )!)"," '!+"," $!.","!","!","!","!","!","!","!","!","!","!"]},"3338":{"keys":[192,194],"grid":[" "," "," "," "," "," "," "," "," "," "," "," "," "," "," /!#"," .!$"]},"3344":{"keys":[192,194],"grid":[" "," "," "," "," "," "," "," "," !!+ &","!","!","!","!","!","!","!"]}},"5632":{"3346":{"keys":[192,194],"grid":[" "," "," "," "," "," "," "," "," 0!!"," .!$"," -!%"," *!("," '!+"," !!0","!","!"]}},"5633":{"3339":{"keys":[192,194],"grid":[" "," "," "," .!$"," ,!&","04","04","04"," -!%","08","03"," /!#"," 0!!"," "," "," "]},"3346":{"keys":[192,194],"grid":[" "," "," /!#"," .!$"," -!%"," *!("," $!.","!","!","!","!","!","!","!","!","!"]}},"5723":{"3435":{"keys":[194,198],"grid":[" "," +!'","!","!","!","!","!","!","!","!","!","!","!","!","!","!"]}}}}