{"9":{"245":{"164":{"keys":[78,1,77],"grid":[" #!###!& &"," $!) &"," "," "," "," "," "," "," "," "," "," "," "," "," "," "]},"161":{"keys":[78,1,77],"grid":[" "," "," "," "," "," "," "," "," 0!!"," /!#"," -!$#!"," ,!##$"," *!$#%"," )!$#&"," (!##("," (!!#)"]},"162":{"keys":[78,1,77],"grid":[" (!!#)"," '!##)"," '!!#*","02","02"," &!##*"," %!##+"," %!!#,"," #!$#,","!&#,","!!#0","#","#","10","10","#"]},"163":{"keys":[77,1,78],"grid":[" "," "," "," "," "," 0!!","05"," /!#"," .!##!"," -!###"," ,!##$","09"," .!!##"," ,!$##","!# )!$#$","#!!# '!$#%"]}},"244":{"162":{"keys":[78,1,77],"grid":[" "," "," "," "," "," "," "," "," "," .!# !"," ,!&"," ,!##$"," ,!$##"," .!$"," 0!!"," /!#"]},"163":{"keys":[78,1,77],"grid":[" +!! #!##!"," *!&##"," *!!#'"," (!$#'"," &!$#)"," '!##)"," (!##("," )!!#("," )!$#&"," +!!#&"," +!%##"," -!###","11"," .!!##"," .!$"," "]}},"247":{"164":{"keys":[77,1,78],"grid":[" ","!# /","!$ .","##!# -","#$!# ,","#%!# +","#&!# *","#'!# )","#(!# (","#)!# '","#*!$ %","#,!! %","#","#","#","#"]},"169":{"keys":[78,"",77],"grid":["  !#","!!!#","!!##","02"]}},"246":{"164":{"keys":[78,1,77],"grid":[" )!##'"," )!!#'!!","01"," )!!##!&"," )!% !!# !"," "," "," "," "," "," "," "," "," "," "," "]},"160":{"keys":[77,"",78,1],"grid":[" "," "," "," ","!$ .","04","04","##!# -","#% -","08","08","08","#%!% )","#'!# )","#'$! *","14"]},"161":{"keys":[78,1,77],"grid":[" '!!#*","00","00"," '!##)","03"," &!##*"," !!&#+","!##/","!!#0","#","#","#","#","#","#","#"]},"163":{"keys":[77,1,78],"grid":[" "," "," "," "," ","!! 0","!# /","#!!# .","##!# -","#$!! -","#$!# ,","10","#%!! ,","#%!# +","#&!% (","#'!% '"]}},"252":{"175":{"keys":[79,1,81,80],"grid":[" .!##!"," ,!$##"," *!$#%","!$ %!$#'","$#!$ !!##)","$%!$#*","$&!!#+","$&!##*","$'!!#*","08","08","08","08","08","08","$'!##)"]},"174":{"keys":[79,1],"grid":[" "," "," "," "," "," "," "," "," "," "," "," "," "," 0!!","13"," /!#"]}},"253":{"175":{"keys":[81,1,80],"grid":[" #!##-"," $!##,"," %!##+"," &!!#+"," &!##*"," '!!#*","05","05","04","03","03","03","02"," %!!#,","01","00"]},"174":{"keys":[79,1,80,81],"grid":[" !!!#/","00","00","00","!##/","!!#0","05","05","05","05","05","05","05","05","04","$!!##."]},"173":{"keys":["",79,80,1],"grid":[" "," "," "," "," "," "," "," "," "," "," "," ","!##/","!!$!#/","13","13"]}},"250":{"164":{"keys":[82,"",77],"grid":[" !##"," !!#","!","!"]},"163":{"keys":[1,77,82,""],"grid":[" #!/","#! #!.","## #!-","#$ #!,","#% !!,","#&!,","#&$!!+","#'!+","#'$!!*","#'$#!)","09","09","#)!)","12","12","12"]}},"251":{"175":{"keys":["",79,1,80],"grid":[" ,!&","00"," -#%"," ,$%#!"," )$)","04","04","04","$","$","$","$","$","$","$","$"]}},"249":{"163":{"keys":[77,1,82],"grid":[" ,!&"," (!&#%"," &!$#)"," $!$#+"," !!$#-"," !!!#/","#","#","#","#","#","#","#","#","#","#"]}},"248":{"164":{"keys":[77,82,""],"grid":["  !!"," #!!","##!!","#"]},"163":{"keys":[77,"",82],"grid":[" "," "," "," "," "," .!! #"," .!$"," -!$#!"," -#%","08","08","08"," ,!!#%"," +!##%","13"," *!##&"]}}},"13":{"3922":{"2623":{"keys":[77,78],"grid":[" "," "," "," "," "," "," "," ","!! 0","!$ .","!% -","!' +","!( *","12","!) )","12"]},"2600":{"keys":[78,77],"grid":[" "," "," "," "," "," "," "," "," "," "," "," "," "," "," "," $!# ,"]},"2601":{"keys":[78,77],"grid":[" #!% +","!( *","!* (","!+ &!!","!","!","!","!","!","!","!","!","!","!","!","!"]},"2624":{"keys":[78,77],"grid":[" (!*"," )!)","01","01","01","01"," *!("," +!'"," ,!&"," .!$","09","09"," "," "," "," "]}},"3923":{"2600":{"keys":[78],"grid":[" "," "," "," "," "," "," "," "," "," "," "," "," "," "," "," "]},"2601":{"keys":[78,77],"grid":[" '!% '"," &!& '"," &!% (","!% !!% &!#","!* !!'","!","!","!","!","!","!","!","!","!","!","!"]},"2624":{"keys":[77,78],"grid":[" "," "," "," "," "," "," "," "," "," "," "," "," ","!# $!& '","!+ '","14"]},"2625":{"keys":[78,77],"grid":[" +!'","00"," -!%","02"," .!$","04"," "," "," "," "," "," "," "," "," "," "]}},"3920":{"2622":{"keys":[77,78],"grid":[" "," "," "," "," ,!# $"," +!% #","!","!","!","!","!","!","!","!","!","!"]},"2605":{"keys":[77,78],"grid":[" "," "," "," "," "," "," "," "," "," )!# '"," )!$ &"," (!% &"," '!& &"," $!) &"," #!* &","!, &"]},"2606":{"keys":[78,77],"grid":[" ,!&","00","00"," /!#"," 0!!","04","03","03"," -!%","00"," )!)"," &!,"," #!/","!","!","!"]},"2601":{"keys":[78,77],"grid":[" "," "," "," "," "," "," "," "," "," "," "," "," "," "," 0!!"," /!#"]},"2602":{"keys":[78,77],"grid":[" (!*"," '!+"," %!-"," $!."," !!0","!","!","!","!","!","!","!","!","!","!","!"]}},"3921":{"2622":{"keys":[77,78],"grid":[" "," "," "," ","!! 0","04","04","04","04","04","!# /","10","10","!% -","13","13"]},"2623":{"keys":[78,77],"grid":[" %!& !!'"," &!$ %!%"," &!$ &!$"," &!# '!$"," /!#"," 0!!"," "," "," "," "," "," "," "," "," "," "]},"2601":{"keys":[78,77],"grid":[" "," "," 0!!"," /!#"," .!$"," ,!&"," +!'"," )!)"," (!*"," '!+","09"," &!,"," $!.","!","!","!"]}},"3926":{"2594":{"keys":[78,77],"grid":[" )!)","00","00","00"," *!(","04","04","04","04","04","04","04","00","00"," (!*","14"]},"2595":{"keys":[78,77],"grid":[" (!*","00","00","00","00","00"," )!)","06"," *!(","08"," +!'","10","10","10","10","10"]},"2596":{"keys":[78,77],"grid":[" ,!&"," +!'","01","01","01"," *!("," )!)","06"," (!*"," '!+","09"," &!,","11","11"," %!-","14"]},"2597":{"keys":[78,77],"grid":[" %!-"," $!.","01"," #!/","03"," !!0","05","!","!","!","!","!","!","!","!","!"]},"2624":{"keys":[77,78],"grid":[" "," "," "," "," "," +!! %!!"," *!("," )!)","07"," (!*","09"," &!,"," %!-"," !!0","13","13"]},"2593":{"keys":[78,77],"grid":[" "," "," "," "," "," "," 0!!"," .!$"," ,!&"," +!'"," *!("," )!)","11","11","11","11"]},"2625":{"keys":[77,78],"grid":[" !!0","00","!","!","!","!","!","!","!","!","!","!","!","!","!","!"]}},"3927":{"2590":{"keys":[78,77],"grid":[" "," "," /!#"," .!$","03"," -!%"," ,!&","06","06","06","06"," +!'","11"," *!(","13"," )!)"]},"2591":{"keys":[78,77],"grid":[" )!)"," *!("," +!! !!%"," .!$","03"," -!%"," ,!&"," +!'","07","01","01","00"," (!*","00","00","00"]},"2592":{"keys":[78,77],"grid":[" )!)"," *!(","01"," +!'","01","01","01","00"," (!*","00","01","01","00","08","08","00"]},"2593":{"keys":[78,77],"grid":[" *!(","00"," +!'"," ,!&"," -!%","02","!","!","!","!","!","!","!","!","!","!"]},"2625":{"keys":[78,77],"grid":[" "," "," 0!!"," /!#","03"," .!$"," -!%","06"," -!$ !"," -!# #"," "," "," "," "," "," "]},"2624":{"keys":[77,78],"grid":[" "," "," "," "," %!$ *","!( *","!' +","06","!& ,","08","!$ .","!# /","!! 0","!! )!! &!!","!! &!& %!!","!# #!) #!#"]}},"3924":{"2600":{"keys":[78,77],"grid":[" %!-","00","00","00","00","00"," &!,","06","00","00"," $!.","00","00","06"," (!*","14"]},"2625":{"keys":[77,78],"grid":[" "," +!# %"," *!% $"," )!' #"," )!)","!! $!$ !!)","!! %!,","!$ #!,","!$ !!-","!","!","!","!","!","!","!"]},"2598":{"keys":[78,77],"grid":[" "," "," "," "," "," "," "," "," "," "," "," ,!! #!#"," ,!&","12","12"," )!)"]},"2599":{"keys":[78,77],"grid":[" (!*"," '!+","01","01"," &!,"," %!-","05","05","04","04","04","04","04","04","04","05"]},"2601":{"keys":[78,77],"grid":[" )!)","00"," (!*","!! &!+","!# %!+","!$ !!-","!","!","!","!","!","!","!","!","!","!"]}},"3925":{"2597":{"keys":[78,77],"grid":[" "," "," "," "," "," "," "," "," "," "," "," 0!!"," -!%","12","12","12"]},"2598":{"keys":[78,77],"grid":[" ,!&","00"," +!'"," )!)"," (!*"," &!,"," %!-"," $!."," #!/","!","!","!","!","!","!","!"]},"2625":{"keys":[77,78],"grid":[" "," "," "," 0!!","!# .!!","!$ .","!' *!!","!) '!#","!, #!$","!","!","!","!","!","!","!"]}},"3928":{"2590":{"keys":[78,77],"grid":[" !!0","!","!","!","!","!","!","!","!","!","!","!","!","!","!","!"]},"2624":{"keys":[77,78],"grid":[" "," "," "," "," "," "," "," "," "," "," "," "," ","!$ .","!% -","13"]},"2589":{"keys":[78,77],"grid":[" "," .!$"," /!#"," -!%"," +!'"," *!(","05"," )!)"," (!*"," '!+"," &!,","10"," %!-"," $!.","13"," #!/"]},"2625":{"keys":[78,77],"grid":[" #!/","!","!","!' !!*","!% &!(","!$ '!(","!# )!'","!! +!&"," .!$","08","08","08"," .!# !"," "," "," "]}},"3929":{"2623":{"keys":[77,78],"grid":[" "," "," "," "," "," "," "," "," "," "," "," "," 0!!"," +!$ !!#"," +!'"," *!("]},"2625":{"keys":[77,78],"grid":[" (!*","00"," *!$ $!!"," +!! &"," *!$ %","04"," *!% $"," ,!# $"," %!! (!! $"," $!$ '!# #"," #!$ (!%"," !!% '!&","!' %!'","!' #!)","!","!"]},"2624":{"keys":[77,78],"grid":[" )!)","00"," (!*","02"," '!+"," &!,","05"," %!-"," $!- !","!/ #","09"," !!. #"," $!.","12","12"," $!# #!*"]},"2589":{"keys":[78,77],"grid":[" ,!&"," +!'","!$ '!(","!% &!(","!& $!)","!","!","!","!","!","!","!","!","!","!","!"]},"2588":{"keys":[78,77],"grid":[" "," "," "," "," "," "," "," "," "," "," "," "," "," "," /!! !"," -!$ !"]}},"4028":{"2802":{"keys":["",79,80],"grid":[" %!-","00","00","00"," +!'"," ,!&"," -##!#"," ,#&"," )#)","08","08","08"," %#-","12","12","12"]}},"4029":{"2802":{"keys":[79,80],"grid":[" "," "," "," "," "," "," ","!% -","!* (","!0 !","!","!","!","!","!","!"]}},"3999":{"2608":{"keys":[77,82],"grid":[" "," "," "," "," "," "," "," "," "," "," "," "," $!.","!","!","!"]}},"3998":{"2608":{"keys":[77,82],"grid":[" "," "," "," "," "," "," "," "," "," "," "," "," "," #!/","!","!"]}},"3997":{"2608":{"keys":[77,82],"grid":[" "," "," "," "," "," "," "," "," "," "," "," "," "," "," %!-","!"]}},"3996":{"2608":{"keys":[77,82],"grid":[" "," "," "," "," "," "," "," "," "," "," "," "," "," "," "," '!+"]}},"3995":{"2608":{"keys":[77],"grid":[" "," "," "," "," "," "," "," "," "," "," "," "," "," "," "," "]},"2609":{"keys":[77,82],"grid":[" -!%"," (!*"," #!/","!","!","!","!","!","!","!","!","!","!","!","!","!"]}},"3994":{"2609":{"keys":[77,82],"grid":[" "," "," "," /!#"," +!'"," '!+"," #!/","!","!","!","!","!","!","!","!","!"]}},"3993":{"2609":{"keys":[77,82],"grid":[" "," "," "," "," "," "," "," /!#"," +!'"," %!-","!","!","!","!","!","!"]}},"3992":{"2609":{"keys":[77,82],"grid":[" "," "," "," "," "," "," "," "," "," "," 0!!"," ,!&"," *!("," '!+"," $!.","!"]}},"3991":{"2609":{"keys":[77],"grid":[" "," "," "," "," "," "," "," "," "," "," "," "," "," "," "," "]},"2610":{"keys":[77,82],"grid":[" .!$"," +!'"," )!)"," &!,"," #!/","!","!","!","!","!","!","!","!","!","!","!"]}},"3990":{"2610":{"keys":[77,82],"grid":[" "," "," "," "," "," 0!!"," .!$"," +!'"," )!)"," &!,"," $!.","!","!","!","!","!"]}},"3939":{"2617":{"keys":[78,77],"grid":[" *!(","00","00","00"," +!'"," ,!&","05"," -!%","07","07"," .!$","10","10","10","10","10"]},"2616":{"keys":[77,78],"grid":[" "," "," "," "," "," "," "," "," "," "," !!! /","!$ .","!% -","!* (","13","13"]},"2582":{"keys":[78,77],"grid":[" "," "," "," "," "," "," "," "," "," "," "," ,!&"," %!-","!","!","!"]},"2619":{"keys":[78,77],"grid":[" "," /!#"," *!# $!#"," )!$ %!!"," *!$ $!!"," *!% #!!"," )!)","06"," *!("," -!%","09","09","09","01"," "," "]},"2618":{"keys":[78,77],"grid":[" .!$"," 0!!"," ","01","01","01","01","01","01"," "," "," "," "," "," "," "]}},"3938":{"2616":{"keys":[78,77],"grid":[" -!%","00","00"," .!$"," 0!!"," /!#","05","05","05","03","03"," "," "," "," "," "]},"2615":{"keys":[77,78],"grid":[" "," "," "," "," ","!! #!! -","!( *","!& ,","!% -","!% %!! (","!% #!% '","!, &","!- %","11","!. $","14"]},"2582":{"keys":[78,77],"grid":[" "," "," "," "," "," "," "," "," "," "," "," "," "," /!#"," (!*"," !!0"]}},"3935":{"2584":{"keys":[78,77],"grid":[" "," "," "," "," "," "," "," "," "," "," "," "," "," 0!!"," /!#"," -!%"]},"2585":{"keys":[78,77],"grid":[" ,!&"," +!'"," *!("," )!)"," '!+"," &!,"," %!-"," #!/"," !!0","!","!","!","!","!","!","!"]},"2614":{"keys":[77,78],"grid":[" /!#"," -!%"," ,!&"," *!("," )!)"," '!+"," (!*","06","05"," &!,","09"," %!-","11"," $!."," #!/","14"]},"2613":{"keys":[77,78],"grid":[" "," "," "," "," "," "," "," "," "," "," "," "," "," "," "," 0!!"]},"2615":{"keys":[77,78],"grid":[" #!/","00"," !!0","02","!","!","!","!","!","!","!","!","!","!","!","!"]}},"3934":{"2616":{"keys":[77,78],"grid":[" $!."," %!-"," &!,","02"," '!+","04","04","04","00"," !!0","!","!","!","!","!","!"]},"2585":{"keys":[78,77],"grid":[" "," "," "," "," "," "," "," "," "," 0!!"," .!$"," -!%"," +!'"," *!("," (!*"," &!,"]},"2615":{"keys":[77,78],"grid":[" "," "," "," "," "," 0!!"," /!#"," .!$","07"," -!%"," ,!&"," +!'"," *!("," (!*"," '!+"," &!,"]},"2586":{"keys":[78,77],"grid":[" %!-"," #!/"," !!0","!","!","!","!","!","!","!","!","!","!","!","!","!"]}},"3937":{"2615":{"keys":[78,77],"grid":[" +!'"," -!$ !"," "," 0!!"," "," "," "," "," "," "," "," "," "," "," "," "]},"2614":{"keys":[77,78],"grid":[" "," "," "," "," "," ","!# /","!$ .","!% -","08","07","!% !!$ )","!* (","!, &","13","!+ '"]},"2583":{"keys":[78,77],"grid":[" /!#"," -!%"," +!'"," )!)"," &!,"," $!.","05"," #!/","07","07"," !!0","10","10","!","!","!"]},"2582":{"keys":[78],"grid":[" "," "," "," "," "," "," "," "," "," "," "," "," "," "," "," "]}},"3936":{"2613":{"keys":[77,78],"grid":[" "," "," "," "," "," "," "," "," "," "," "," "," "," "," ","!# /"]},"2584":{"keys":[78,77],"grid":[" /!#"," .!$"," -!%"," +!'"," *!("," )!)"," (!*"," '!+"," &!,"," $!."," #!/"," !!0","!","!","!","!"]},"2614":{"keys":[78,77],"grid":[" $!."," %!# !!*"," &!! $!("," ,!&"," -!%","03"," ,!% !","06"," .!! #"," "," "," "," "," "," "," "]},"2583":{"keys":[78,77],"grid":[" "," "," "," "," "," "," "," "," "," "," "," "," "," "," "," 0!!"]}},"3931":{"2587":{"keys":[78,77],"grid":[" "," "," "," "," "," "," "," "," "," "," "," "," 0!!"," /!#"," .!$"," -!%"]},"2622":{"keys":[77,78],"grid":[" *!' !"," (!*","01"," '!+","01"," $!."," !!0","!","!"," !!! %!+","03"," &!,","!# $!,","!","!","!"]},"2621":{"keys":[77,78],"grid":[" "," "," "," "," "," "," "," "," "," "," "," "," "," "," "," *!$ %"]},"2623":{"keys":[78,77],"grid":[" "," "," "," "," "," "," "," "," "," ","!% -","10","!! 0"," "," "," "]},"2588":{"keys":[78,77],"grid":[" +!'"," )!)"," '!+"," %!-"," #!/"," !!0","!","!","!","!","!","!","!","!","!","!"]},"2618":{"keys":[77,78],"grid":[" "," "," "," "," "," "," "," "," "," 0!!","09","09","09"," "," "," "]}},"3930":{"2622":{"keys":[77,78],"grid":[" "," "," "," "," "," "," "," "," "," "," "," "," "," .!$"," /!#","14"]},"2623":{"keys":[77,78],"grid":[" /!#","00"," .!$","00","00","02","02"," 0!!","07"," "," !!! /"," !!# .","!& ,","12","!& *!#","!% *!$"]},"2624":{"keys":[78,77],"grid":[" %!* $"," %!+ #"," $!- !","02"," %!, !","00"," $!+ $"," #!, $","!/ #","!- %","!, &","10","09"," #!+ %"," %!) %","14"]},"2625":{"keys":[78,77],"grid":[" $!( '"," #!( ("," #!' )","!( *","!' +","04","04","04","04","!$ .","!# /"," "," "," "," "," "]},"2589":{"keys":[78,77],"grid":[" &!,","!! $!-","!! #!.","!","!","!","!","!","!","!","!","!","!","!","!","!"]},"2588":{"keys":[78,77],"grid":[" "," "," "," "," "," "," "," +!# !!$"," *!("," )!)","09"," (!*","11","11"," '!+","14"]}},"3933":{"2617":{"keys":[77,78],"grid":[" )!)","00"," '!+","!! %!,","!","!","!","!","!","!","!","!","!","!","!","!"]},"2616":{"keys":[77,78],"grid":[" "," "," "," "," "," "," "," "," "," "," 0!!"," /!#"," .!$","12"," *!(","14"]},"2620":{"keys":[77,78],"grid":[" $!."," %!-","01"," &!,","03"," (!*","05"," )!)","05","01","00","00"," #!/","12","01"," '!+"]},"2621":{"keys":[77,78],"grid":[" '!+","00","00"," &!,","03","00","00","00","00","03"," %!-","10","!","!","!","!"]},"2586":{"keys":[78,77],"grid":[" "," "," "," 0!!"," /!#"," -!%"," +!'"," *!("," )!)"," '!+"," &!,"," $!."," #!/"," !!0","!","!"]},"2619":{"keys":[78,77],"grid":[" "," "," "," "," "," "," "," "," "," "," ","!! 0","!# /","11","!$ .","14"]}},"3932":{"2587":{"keys":[78,77],"grid":[" /!#"," -!%"," ,!&"," +!'"," *!("," )!)"," '!+"," &!,"," %!-"," $!."," #!/"," !!0","!","!","!","!"]},"2617":{"keys":[77,78],"grid":[" "," "," (!& %"," (!*"," *!(","04"," +!'","04","04","06","06","06","06","06","06"," ,!&"]},"2621":{"keys":[77,78],"grid":[" "," "," "," "," "," "," "," "," "," '!# )","09"," &!$ )"," %!( &"," %!* !!#"," $!."," !!0"]},"2586":{"keys":[78,77],"grid":[" "," "," "," "," "," "," "," "," "," "," "," "," "," "," "," 0!!"]},"2619":{"keys":[77,78],"grid":[" (!*","00"," *!("," .!$","03"," -!%","05"," ,!&"," +!'","08","08"," ,!! %"," "," "," "," "]},"2618":{"keys":[77,78],"grid":[" ,!&"," +!'","01"," &!# $!'"," $!' !!'"," #!/","05","!","!","!","!","!","!","!"," $!."," &!,"]},"2622":{"keys":[78],"grid":[" "," "," "," "," "," "," "," "," "," "," "," "," "," "," "," "]}},"4031":{"2802":{"keys":[79,80],"grid":[" "," "," "," "," "," "," "," "," "," "," "," "," ","!$ .","!) )","!- %"]},"2803":{"keys":[80,79],"grid":[" 0!!"," "," "," "," "," "," "," "," "," "," "," "," "," "," "," "]}},"4030":{"2802":{"keys":[79,80],"grid":[" "," "," "," "," "," "," "," "," "," ","!% -","!+ '","!0 !","!","!","!"]}},"4033":{"2803":{"keys":[79,80],"grid":[" "," "," "," "," "," ","!! 0","!% -","!( *","!* (","!, &","!. $","!","!","!","!"]}},"4032":{"2803":{"keys":[79,80],"grid":[" ","!$ .","!' +","!* (","!- %","!0 !","!","!","!","!","!","!","!","!","!","!"]}},"4035":{"2804":{"keys":[79,80],"grid":[" "," "," "," "," ","!! 0","!$ .","!% -","!' +","!) )","!* (","!, &","!. $","!/ #","!","!"]}},"4034":{"2803":{"keys":[79,80],"grid":[" "," "," "," "," "," "," "," "," "," "," "," "," ","!# /","!% -","!' +"]},"2804":{"keys":[80,79],"grid":[" )!)"," +!'"," -!%"," /!#"," 0!!"," "," "," "," "," "," "," "," "," "," "," "]}},"4037":{"2806":{"keys":[80,81],"grid":[" .!$","00","00"," /!#","03","03","03","03","03","03","03"," 0!!","11","11","11","11"]},"2807":{"keys":[80,81],"grid":[" 0!!","00"," "," "," "," "," "," "," "," "," "," "," "," "," "," "]},"2805":{"keys":[79,80,81],"grid":[" "," "," "," "," "," ","!! 0","!% ,#!","!( (##","!+ $#$","!-#%","10","!.#$","12","12","12"]}},"4036":{"2804":{"keys":[79,80],"grid":[" "," "," "," "," "," "," "," "," "," "," "," "," "," "," ","!! 0"]},"2805":{"keys":[80,79],"grid":[" $!."," %!-"," '!+"," *!("," -!%"," /!#"," "," "," "," "," "," "," "," "," "," "]}},"4039":{"2815":{"keys":[81,80],"grid":[" "," "," "," "," "," "," "," "," "," "," "," "," "," "," ","!! 0"]},"2803":{"keys":[79,81],"grid":[" "," "," "," "," "," "," "," "," "," "," "," "," "," "," 0!!"," /!#"]},"2804":{"keys":[79,81],"grid":[" -!%"," +!'"," )!)"," (!*"," '!+"," &!,"," %!-"," #!/"," !!0","!","!","!","!","!","!","!"]}},"4038":{"2815":{"keys":[80,81],"grid":[" *!(","00","00","00","00","00","00","00","00","00","00","00","00"," +!'"," .!$"," "]},"2814":{"keys":[80,81],"grid":[" *!(","00","00","00","00","00","00","00","00","00","00","00","00","00","00","00"]},"2811":{"keys":[80,81],"grid":[" )!)","00","00","00"," *!(","04","04","04","04","04","04","04","04","04","04","04"]},"2810":{"keys":[80,81],"grid":[" '!+","00","00","00","00"," (!*","05","05","05","05","05","05"," )!)","12","12","12"]},"2813":{"keys":[80,81],"grid":[" *!(","00","00","00","00","00","00","00","00","00","00","00","00","00","00","00"]},"2812":{"keys":[80,81],"grid":[" *!(","00","00","00","00","00","00","00","00","00","00","00","00","00","00","00"]},"2808":{"keys":[80,81],"grid":[" !!0"," #!/","01","01","01","01","01","01"," $!.","08","08","08","08","08","08"," %!-"]},"2809":{"keys":[80,81],"grid":[" %!-","00","00","00","00","00"," &!,","06","06","06","06","06","06","06"," '!+","14"]},"2807":{"keys":[81,80],"grid":[" "," "," "," "," "," "," "," "," ","!! 0","09","09","09","09","09","09"]},"2804":{"keys":[79,81],"grid":[" "," "," "," "," "," "," "," "," "," "," 0!!"," /!#"," -!%"," ,!&"," +!'"," *!("]},"2805":{"keys":[79,81],"grid":[" )!)"," (!*"," &!,"," %!-"," $!."," #!/"," !!0","!","!","!","!","!","!","!","!","!"]}},"3948":{"2627":{"keys":[77,78],"grid":[" "," "," "," "," "," *!! '"," )!$ &"," )!' #"," )!( !"," *!("," ,!&"," (!# $!%"," (!*"," &!,"," %!-"," $!."]}},"3949":{"2628":{"keys":[78,77],"grid":[" &!% ("," '!! *"," "," "," "," "," "," "," "," "," "," "," "," "," "," "]},"2627":{"keys":[77,78],"grid":[" "," "," "," "," "," "," "," ","!# /","08","!% -","!$ .","10","10","!% ,!!","!& %!! #!%"]}},"3940":{"2620":{"keys":[78,77],"grid":[" (!*"," )!)"," +!'","02"," *!(","02","02","02","02","02","02","02"," ,!&","12"," -!%","14"]},"2621":{"keys":[78,77],"grid":[" .!$","00","00","00","00"," /!#","05"," 0!!","05","05"," "," "," "," "," "," "]},"2582":{"keys":[78,77],"grid":[" "," "," "," "," "," 0!!"," /!#"," .!$"," ,!&"," (!*"," !!0","!","!","!","!","!"]},"2619":{"keys":[78,77],"grid":[" !!0","!","!","!","!","!","!","!","!","!","!","!","!","!","00"," !!# %!*"]},"2618":{"keys":[77,78],"grid":[" "," "," "," "," "," "," "," "," ","!! 0","09","09","!# /","09","09","12"]}},"3941":{"2622":{"keys":[78,77],"grid":[" %!-"," '!+","01"," )!)"," *!("," +!'"," ,!&"," -!%"," .!# !"," "," "," "," "," "," "," "]},"2621":{"keys":[77,78],"grid":[" "," "," "," "," "," "," "," "," "," ","!$ .","!% -","11","11","10","11"]},"2582":{"keys":[78,77],"grid":[" $!."," #!/"," !!0","!","!","!","!","!","!","!","!","!","!","!","!","!"]},"2581":{"keys":[78,77],"grid":[" "," "," "," 0!!"," /!#"," .!$"," -!%"," ,!&"," +!'","08"," *!("," )!)"," (!*"," '!+"," &!,"," %!-"]}},"3942":{"2622":{"keys":[77,78],"grid":[" "," "," "," "," "," "," "," "," ","!% -","!& ,","!' +","11","!( *","13","!) )"]},"2623":{"keys":[78,77],"grid":[" )!)","00"," )!$ $!#"," *!# %!!"," "," "," "," "," "," "," "," "," "," "," "," "]},"2575":{"keys":[78,77],"grid":[" *!(","00","00"," +!'","03","03","03","03","03","03","03","03"," ,!&","12","12","12"]},"2581":{"keys":[78,77],"grid":[" #!/"," !!0","!","!","!","!","!","!","!","!","!","!","!","!","!","!"]},"2578":{"keys":[78,77],"grid":[" /!#","00"," 0!!","02","02","02","02","02","02","02","02","02"," "," "," "," "]},"2579":{"keys":[78],"grid":[" "," "," "," "," "," "," "," "," "," "," "," "," "," "," "," "]},"2576":{"keys":[78,77],"grid":[" ,!&","00","00","00","00","00"," -!%","06","06","06","06","06","06","06","06"," .!$"]},"2577":{"keys":[78,77],"grid":[" .!$","00","00","00","00","00","00","00","00"," /!#","09","09","09","09","09","09"]},"2574":{"keys":["",78,77],"grid":[" "," "," "," ","!)#)","04","04","04","04","!*#(","09","09","09","09","09","09"]},"2580":{"keys":[78,77],"grid":[" "," "," 0!!"," /!#"," .!$"," -!%"," ,!&"," +!'"," *!("," )!)"," (!*"," '!+"," &!,","12"," %!-"," $!."]}},"3943":{"2622":{"keys":[77,78],"grid":[" "," "," "," "," "," "," "," "," (!! )"," &!( %","09"," %!* $"," %!+ #"," %!-"," $!."," #!/"]},"2623":{"keys":[77,78],"grid":[" !!0","00","00","00","!","!","!","!","!","!","!","!","!","!","!","!"]},"2579":{"keys":[77,78],"grid":[" "," "," "," "," ","!! 0","05","05","05","05","05","05","05","05","05","05"]},"2580":{"keys":[77],"grid":[" "," "," "," "," "," "," "," "," "," "," "," "," "," "," "," "]}},"3944":{"2622":{"keys":[77,78],"grid":[" "," "," "," "," "," "," "," "," "," "," ","!! 0","11","!' +","13","13"]},"2623":{"keys":[78,77],"grid":[" (!*","00"," *!("," +!'","03"," .!$","05"," /!#","07"," 0!!"," "," "," "," "," "," "]},"2626":{"keys":[78,77],"grid":[" *!("," +!'"," ,!&","02","02"," -!%","05","05","05"," (!! %!%"," (!# #!&"," (!*","11","11","00"," )!)"]},"2627":{"keys":[78,77],"grid":[" )!)","00","00","00","00","00"," (!*"," %!-","07"," &!,"," '!+","09","10","06"," +!'"," ,!&"]},"2624":{"keys":[78,77],"grid":[" "," "," "," "," "," "," "," "," "," "," "," 0!!","11"," /!#","13","11"]},"2625":{"keys":[78,77],"grid":[" 0!!","00","00"," /!#"," ,!&","04","04","04"," (!$ !!&"," (!*","09","09","09"," )!)","13","13"]},"2628":{"keys":[78,77],"grid":[" -!%","00","00","00"," .!$"," /!#","05","05"," "," "," "," "," "," "," "," "]}},"3945":{"2623":{"keys":[77],"grid":[" "," "," "," "," "," "," "," "," "," "," "," "," "," "," "," "]},"2628":{"keys":[77,78],"grid":[" "," "," "," 0!!","03","03","03","03"," .!! !!!"," ,!&","!# *!&","!$ %!$ !!&","!$ #!! !!*","!","!","!"]},"2624":{"keys":[78,77],"grid":[" !!0","00","00","00"," #!/","04","04","04","04","00","!","!","!","!","!","!"]}},"3946":{"2628":{"keys":[77,78],"grid":[" "," !!# .","!& ,","!' +","!) )","!, $!#","!","!","!","!","!","!","!","!","!","!"]}},"3947":{"2628":{"keys":[77,78],"grid":[" &!$ (!!"," %!& &!#"," $!( %!#"," #!* %!!"," !!0","!","!","!","!","!","!","!","!","!","!","!"]},"2627":{"keys":[77],"grid":[" "," "," "," "," "," "," "," "," "," "," "," "," "," "," "," "]}},"4044":{"2801":{"keys":[79,81],"grid":[" "," "," /!#"," .!$"," -!%"," +!'"," *!("," )!)"," '!+"," &!,"," $!."," #!/"," !!0","!","!","!"]}},"4045":{"2800":{"keys":[79,81],"grid":[" "," "," "," "," "," 0!!"," /!#"," .!$"," -!%"," ,!&"," *!("," )!)"," (!*"," &!,"," %!-"," $!."]},"2801":{"keys":[79,81],"grid":[" !!0","!","!","!","!","!","!","!","!","!","!","!","!","!","!","!"]}},"4046":{"2800":{"keys":[79,81],"grid":[" '!+"," %!-"," $!."," #!/"," !!0","!","!","!","!","!","!","!","!","!","!","!"]},"2799":{"keys":[79,81],"grid":[" "," "," "," "," "," "," "," "," 0!!"," /!#"," .!$"," -!%"," +!'"," *!("," )!)"," (!*"]}},"4047":{"2798":{"keys":[79,81],"grid":[" 0!!"," /!#","01","01"," .!$","04"," -!%","06"," ,!&","08"," +!'","10","10"," *!(","13"," )!)"]},"2799":{"keys":[79,81],"grid":[" )!)"," (!*","01"," &!,"," %!-"," $!."," #!/","!","!","!","!","!","!","!","!","!"]},"2797":{"keys":[79,81],"grid":[" "," "," "," "," "," "," "," "," "," "," "," "," "," "," "," 0!!"]}},"4040":{"2803":{"keys":[79,81],"grid":[" "," "," "," "," "," "," /!#"," .!$"," ,!&"," *!("," (!*"," &!,"," $!."," !!0","!","!"]}},"4041":{"2802":{"keys":[79,81],"grid":[" "," "," "," "," "," "," "," "," "," "," "," "," "," "," /!#"," -!%"]},"2803":{"keys":[79,81],"grid":[" +!'"," )!)"," '!+"," %!-"," #!/","!","!","!","!","!","!","!","!","!","!","!"]}},"4042":{"2802":{"keys":[79,81],"grid":[" "," "," "," "," "," "," /!#"," -!%"," +!'"," )!)"," '!+"," %!-"," #!/","!","!","!"]}},"4043":{"2802":{"keys":[79,81],"grid":[" ,!&"," *!("," (!*"," %!-"," #!/","!","!","!","!","!","!","!","!","!","!","!"]},"2801":{"keys":[79,81],"grid":[" "," "," "," "," "," "," "," "," "," "," "," "," "," 0!!"," /!#"," .!$"]}},"4048":{"2789":{"keys":[79,80],"grid":[" "," "," "," "," "," 0!!","05","05","05","05","05","05","05","05","05","05"]},"2788":{"keys":[79],"grid":[" "," "," "," "," "," "," "," "," "," "," "," "," "," "," "," "]},"2798":{"keys":[81,80],"grid":[" .!$"," /!#","01"," 0!!"," "," "," "," "," "," "," "," "," "," "," "," "]},"2792":{"keys":[79,80],"grid":[" -!%","00","00"," ,!&","03","03","03","03","03","03","03","03","03","03"," +!'","14"]},"2793":{"keys":[79,80],"grid":[" +!'","00","00","00","00","00","00","00","00"," *!(","09","09","09","09","09","09"]},"2790":{"keys":[79,80],"grid":[" /!#","00","00","00","00","00","00","00","00","00","00","00"," .!$","12","12","12"]},"2791":{"keys":[79,80],"grid":[" .!$","00","00","00","00","00","00"," -!%","07","07","07","07","07","07","07","07"]},"2796":{"keys":[79,80],"grid":[" '!+","00","00","00","00","00","00"," &!,","07","07","07","07","07","07","07","07"]},"2797":{"keys":[79,80,81],"grid":[" &!,","00"," %!-","02","02"," %#!!,"," $#$!+"," $#%!*"," ##&!*"," ##'!)"," ##(!("," !#)!("," !#*!'","#,!&","#-!%","14"]},"2794":{"keys":[79,80],"grid":[" *!(","00","00","00","00"," )!)","05","05","05","05","05","05","05","05","05","05"]},"2795":{"keys":[79,80],"grid":[" (!*","00","00","00","00","00","00","00","00","00","00","00"," '!+","12","12","12"]}},"4049":{"2785":{"keys":[79,80],"grid":[" '!+"," &!,","01","01","01","01","01","01","01","01","01","01"," %!-","12","12","12"]},"2784":{"keys":[79,80],"grid":[" (!*","00","00","00","00"," '!+","05","05","05","05","05","05","05","05","05","05"]},"2787":{"keys":[79,80],"grid":[" $!.","00","00"," #!/","03","03","03","03","03","03","03","03","03","03"," !!0","14"]},"2786":{"keys":[79,80],"grid":[" %!-","00","00","00","00","00","00"," $!.","07","07","07","07","07","07","07","07"]},"2781":{"keys":[79,"",80],"grid":[" *!$#%"," -#%"," ,#&","02","02","02","02","02"," +#'","08","08","08","08","08","08","08"]},"2783":{"keys":[79,80],"grid":[" )!)","00","00","00","00","00","00","00","00","00"," (!*","10","10","10","10","10"]},"2782":{"keys":[79,80],"grid":[" +!'","00","00"," *!(","03","03","03","03","03","03","03","03","03","03","03"," )!)"]},"2788":{"keys":[79,80],"grid":[" !!0","00","00","00","00","00","00","00","00","00","!","!","!","!","!","!"]},"2798":{"keys":[80,81],"grid":[" "," "," "," "," ","!! 0","05","!# /","!$ .","08","!% -","!& ,","!' +","12","!( *","!) )"]},"2799":{"keys":[81,80],"grid":[" )!)"," *!("," +!'"," ,!&","03"," -!%"," .!$","06"," /!#"," 0!!"," "," "," "," "," "," "]}},"3959":{"2631":{"keys":[77,78],"grid":[" "," "," "," "," ","!! 0","!# /","!$ .","!% -","!& ,","!' +","!( *","!) )","!* (","!+ '","!, &"]},"2632":{"keys":[78,77],"grid":[" -!%"," .!$","01"," /!#"," 0!!"," "," "," "," "," "," "," "," "," "," "," "]}},"3958":{"2631":{"keys":[78,77],"grid":[" .!$"," /!#"," 0!!","02"," "," "," "," "," "," "," "," "," "," "," "," "]},"2630":{"keys":[77,78],"grid":[" "," "," "," ","!! 0","!# /","!$ .","!% -","!& ,","!' +","!( *","!) )","!* (","!+ '","!, &","!- %"]}},"3953":{"2626":{"keys":[78,77],"grid":[" #!/"," $!."," %!-","02"," &!,"," '!+"," (!*","06"," )!)"," *!("," ,!&"," -!%"," .!$"," 0!!"," "," "]},"2625":{"keys":[77],"grid":[" "," "," "," "," "," "," "," "," "," "," "," "," "," "," "," "]}},"3952":{"2626":{"keys":[77,78],"grid":[" -!%"," +!'"," )!)"," (!*","03","03","03"," '!+","07"," &!,"," %!-","!! $!-","!","!","!","!"]},"2625":{"keys":[77,78],"grid":[" "," "," "," "," "," "," "," "," "," "," "," "," "," "," "," .!# !"]}},"3951":{"2626":{"keys":[77,78],"grid":[" #!+ %","00"," #!, $"," #!- #","02","02","02"," $!+ $"," %!* $","07","03"," $!.","11","11","11","11"]},"2627":{"keys":[77,78],"grid":[" $!.","00","00"," %!-","03","03","00","00"," #!/","!","!","!","!","!","!","!"]},"2625":{"keys":[77,78],"grid":[" "," "," "," "," "," "," "," "," "," "," "," "," "," "," #!! &!# '"," #!$ #!% &"]}},"3950":{"2628":{"keys":[78],"grid":[" "," "," "," "," "," "," "," "," "," "," "," "," "," "," "," "]},"2627":{"keys":[77,78],"grid":[" "," "," "," "," "," "," "," "," "," "," -!%","10"," ,!&","12"," !!% '!&","!"]}},"3957":{"2629":{"keys":[77,78],"grid":[" "," "," ","!! 0","!# /","!$ .","!% -","!& ,","!' +","!( *","!) )","!* (","!+ '","!, &","!- %","!. $"]},"2630":{"keys":[78,77],"grid":[" /!#"," 0!!"," "," "," "," "," "," "," "," "," "," "," "," "," "," "]}},"3956":{"2628":{"keys":[77,78],"grid":[" "," "," "," "," "," "," ","!# /","!$ .","!& ,","!' +","!( *","!* (","!+ '","!- %","!. $"]},"2629":{"keys":[78,77],"grid":[" /!#"," 0!!"," "," "," "," "," "," "," "," "," "," "," "," "," "," "]}},"3955":{"2628":{"keys":[78,77],"grid":[" )!)"," +!'"," ,!&"," -!%"," /!#"," 0!!"," "," "," "," "," "," "," "," "," "," "]},"2627":{"keys":[77,78],"grid":[" "," "," "," "," "," "," "," "," "," "," ","!! 0","!$ .","!% -","!' +","!( *"]}},"3954":{"2626":{"keys":[77,78],"grid":[" "," "," "," "," "," "," "," "," "," "," "," "," "," "," ","!! 0"]},"2627":{"keys":[78,77],"grid":[" $!."," %!-"," &!,"," (!*"," )!)"," *!("," ,!&"," -!%"," .!$"," 0!!"," "," "," "," "," "," "]}},"4054":{"2808":{"keys":[81,80],"grid":[" #!/","00","00","00"," !!0","04","04","04","04","04","04","!","!","!","!","!"]},"2806":{"keys":[81,80],"grid":[" &!,","00","00","00","00","00","00","00","00","00","00","00","00","00","00"," %!-"]},"2807":{"keys":[81,80],"grid":[" %!-","00","00","00","00","00"," $!.","06","06","06","06","06","06"," #!/","13","13"]},"2804":{"keys":[80,81],"grid":[" "," "," ","!! 0","!# /","04","!$ .","06","!% -","!& ,","09","09","09","09","09","09"]},"2805":{"keys":[81,80],"grid":[" &!,","00","00","00","00","00","00","00","00","00","00","00","00","00","00","00"]}},"4053":{"2811":{"keys":[81,80],"grid":[" ,!&","00"," +!'"," *!(","03"," )!)","05"," (!*","07"," '!+","09"," &!,","11"," %!-"," $!.","14"]},"2810":{"keys":[81,80],"grid":[" .!$","00","00","00","00","00","00"," -!%","07","07","07","07","07","07"," ,!&","14"]},"2812":{"keys":[81,80],"grid":[" #!/","00"," !!0","02","!","!","!","!","!","!","!","!","!","!","!","!"]},"2808":{"keys":[81],"grid":[" "," "," "," "," "," "," "," "," "," "," "," "," "," "," "," "]},"2809":{"keys":[81,80],"grid":[" "," "," 0!!","02","02","02","02","02","02"," /!#","09","09","09","09","09","09"]},"2802":{"keys":[80,81],"grid":[" "," "," "," "," "," "," ","!! 0","07","!# /","!$ .","10","!% -","12","!& ,","14"]},"2803":{"keys":[81,80],"grid":[" '!+"," (!*","01"," )!)","03"," *!("," +!'","06"," ,!&","08"," -!%","10"," .!$"," /!#","13"," 0!!"]},"2804":{"keys":[81,80],"grid":[" 0!!"," "," "," "," "," "," "," "," "," "," "," "," "," "," "," "]}},"4052":{"2802":{"keys":[81,80],"grid":[" *!("," ,!&"," -!%"," /!#"," 0!!"," "," "," "," "," "," "," "," "," "," "," "]},"2814":{"keys":[81,80],"grid":[" !!0","00","!","!","!","!","!","!","!","!","!","!","!","!","!","!"]},"2801":{"keys":[80,81],"grid":[" "," "," "," "," "," "," "," "," "," ","!! 0","!$ .","!% -","!& ,","!( *","!) )"]},"2813":{"keys":[81,80],"grid":[" +!'"," *!(","01"," )!)","03"," (!*"," '!+","06"," &!,","08"," %!-","10"," $!.","12"," #!/","14"]},"2812":{"keys":[81,80],"grid":[" "," "," "," "," "," "," 0!!","06"," /!#","08"," .!$"," -!%","11"," ,!&","13"," +!'"]}},"4051":{"2815":{"keys":[81,80],"grid":[" %!-"," #!/"," !!0","!","!","!","!","!","!","!","!","!","!","!","!","!"]},"2814":{"keys":[81,80],"grid":[" "," "," "," 0!!","03"," /!#","05"," .!$","07"," -!%"," +!'"," *!("," )!)"," (!*"," '!+"," &!,"]},"2800":{"keys":[80,81],"grid":[" "," "," "," "," "," "," "," "," "," "," "," "," "," ","!! 0","!# /"]},"2801":{"keys":[81,80],"grid":[" %!-"," &!,"," '!+"," )!)"," *!("," +!'"," -!%"," .!$"," 0!!"," "," "," "," "," "," "," "]}},"4050":{"2815":{"keys":[81,80],"grid":[" "," "," "," "," 0!!"," /!#","05","05","05","05","05","05","05","05","05","05"]},"2800":{"keys":[81,80],"grid":[" %!-"," &!,","01"," '!+"," (!*","04"," )!)"," *!("," +!'","08"," ,!&"," .!$"," /!#"," 0!!"," "," "]},"2799":{"keys":[80,81],"grid":[" "," "," "," "," "," "," "," "," "," "," "," ","!! 0","!# /","13","!$ ."]}},"3962":{"2634":{"keys":[77,78],"grid":[" "," "," ","!# /","!$ .","!% -","!& ,","!' +","!) )","!* (","!+ '","!, &","!- %","!/ #","!0 !","!"]}},"3963":{"2635":{"keys":[78,77,""],"grid":[" !!,#%"," #!+#%"," %!)#%"," &!(#%"," '!##)"," (#*"," %#-","06","#","#","#","#","#","#","#","#"]},"2634":{"keys":[77],"grid":[" "," "," "," "," "," "," "," "," "," "," "," "," "," "," "," "]}},"3960":{"2633":{"keys":[78,77],"grid":[" ,!&"," -!%"," .!$"," /!#"," "," "," "," "," "," "," "," "," "," "," "," "]},"2632":{"keys":[77,78],"grid":[" "," "," "," "," "," ","!! 0","!# /","!$ .","!% -","!& ,","!' +","!( *","!) )","!* (","!+ '"]}},"3961":{"2634":{"keys":[78,77],"grid":[" /!#"," 0!!"," "," "," "," "," "," "," "," "," "," "," "," "," "," "]},"2633":{"keys":[77,78],"grid":[" "," "," "," "," ","!! 0","!# /","!$ .","!% -","!' +","!( *","!) )","!* (","!+ '","!- %","!. $"]}},"3909":{"2612":{"keys":[78,77],"grid":[" "," "," 0!!"," "," "," "," "," "," "," "," "," "," "," "," "," "]}},"4000":{"2608":{"keys":[77,82],"grid":[" "," "," "," "," "," "," "," "," "," "," "," ","!","!","!","!"]}},"4001":{"2608":{"keys":[77,82],"grid":[" "," "," "," "," "," "," "," "," "," "," "," "," ","!) )","!* (","!+ '"]},"2609":{"keys":[82,77],"grid":[" ,!&"," -!%"," .!$"," /!#"," 0!!","04"," "," "," "," "," "," "," "," "," "," "]}},"4002":{"2609":{"keys":[77,82],"grid":[" "," "," "," "," "," "," ","!! 0","!# /","!$ .","!% -","!& ,","!' +","!( *","!) )","!* ("]},"2610":{"keys":[82,77],"grid":[" +!'"," ,!&"," -!%"," .!$"," /!#","04"," 0!!"," "," "," "," "," "," "," "," "," "]}},"4003":{"2611":{"keys":[82,77],"grid":[" )!)"," *!("," +!'"," ,!&"," .!$"," /!#"," 0!!"," "," "," "," "," "," "," "," "," "]},"2610":{"keys":[77,82],"grid":[" "," "," "," "," "," "," "," ","!! 0","!# /","09","!$ .","!% -","!& ,","!' +","!( *"]}},"4004":{"2612":{"keys":[82,77,""],"grid":["  !!","00","  #!","   #"]},"2611":{"keys":[77,82,""],"grid":[" "," "," "," "," "," "," "," ","!! 0","!# /","!$ .","!% -","11","!& ,","!&#! +","!&## *"]}},"3917":{"2604":{"keys":[77,78],"grid":[" "," "," "," "," "," "," "," "," "," "," "," "," "," ","!$ .","!% -"]},"2605":{"keys":[78,77],"grid":[" %!-","00","00","00","00"," $!.","00"," &!,"," '!* !"," &!$ %!# #"," &!# *"," "," "," "," "," "]},"2620":{"keys":[77,78],"grid":[" "," "," ","!# /","03","03","03","03","03","03","03","03","03","03","!$ .","14"]},"2621":{"keys":[78,77],"grid":[" $!."," #!/","01","01","01","01","01","00","00","00"," %!-","00","01","01","10"," &!,"]},"2601":{"keys":[78,77],"grid":[" "," "," "," "," "," "," "," "," ,!! %"," +!'"," *!("," )!)"," (!*"," '!+"," %!-","14"]},"2602":{"keys":[78,77],"grid":[" $!."," #!/","01"," !!0","03","!","!","!","!","!","!","!","!","!","!","!"]},"2608":{"keys":[78,77],"grid":[" "," "," "," "," "," "," "," "," "," 0!!"," /!#"," .!$"," -!%","12","11","09"]},"2609":{"keys":[78,77],"grid":[" 0!!","00"," /!#"," .!$"," ,!&"," *!("," #!# $!*","!& !!+","!","!","!","!","!","!","!","!"]},"2619":{"keys":[78,77],"grid":[" !!0","!","!","!","!","!","!","!","!","!","!","!","!","!","!","!"]},"2618":{"keys":[77,78],"grid":[" "," "," "," "," "," "," "," "," "," "," "," "," "," ","!! 0","14"]},"2622":{"keys":[78,77],"grid":[" (!*"," )!)"," +!'"," -!%"," /!#"," 0!!"," "," "," "," "," "," "," "," "," "," "]}},"3916":{"2604":{"keys":[77,78],"grid":[" "," "," "," ","!! 0","!# /","05","!$ .","!% -","!& ,","!' +","!* #!! %","!/ #","!","!","!"]},"2620":{"keys":[78,77],"grid":[" 0!!"," "," "," "," "," "," "," "," "," "," "," "," "," "," "," "]},"2602":{"keys":[78,77],"grid":[" "," "," "," "," "," "," 0!!","06"," /!#","08"," .!$","10"," -!%"," !!! %!% !!&","!% #!+","!"]},"2603":{"keys":[77,78],"grid":[" "," "," "," "," "," $!! -","!% -","06","06","!$ .","09","!# /","!! 0"," "," "," "]},"2609":{"keys":[78,77],"grid":[" "," "," "," "," "," ","!$ $!% '","!","!","!","!","!","!","!","!","!"]},"2619":{"keys":[78,77],"grid":[" "," 0!!"," /!#","02","02","02","02","02","02","02","02","02","02","02","02","02"]},"2618":{"keys":[77,78],"grid":[" "," "," "," "," "," "," "," "," "," $!! -"," $!& )"," #!( ("," !!* '","!* (","!+ #!%","!"]}},"3915":{"2604":{"keys":[78,77],"grid":[" 0!!"," "," "," "," "," "," "," "," "," "," "," "," "," "," "," "]},"2603":{"keys":[78,77],"grid":[" -!%","00"," /!#"," 0!!"," "," "," "," "," "," "," "," "," "," ","03","03"]},"2609":{"keys":[78,77],"grid":[" "," "," "," "," "," "," -!%"," #!# '!'","!","!","!","!","!","!","!","!"]},"2602":{"keys":[78,77],"grid":[" "," "," "," "," "," "," "," "," "," "," "," "," "," "," .!# !"," .!$"]},"2618":{"keys":[77,78],"grid":[" "," "," "," "," ","!! 0","!# /","!$ (!! &","!. $","08","!/ #","10","!0 !","!","!","!"]}},"3914":{"2617":{"keys":[78,77],"grid":[" &!,","00","00"," '!+","03"," )!)"," *!("," +!'","07"," ,!&","09"," -!%","11"," .!$","13","13"]},"2616":{"keys":[77,78],"grid":[" "," "," "," "," "," "," "," "," "," "," "," "," ","!# /","!% -","14"]},"2608":{"keys":[78],"grid":[" "," "," "," "," "," "," "," "," "," "," "," "," "," "," "," "]},"2609":{"keys":[78,77],"grid":[" )!# '","!! %!' &","!. $","!/ #","03","!0 !","!","!","!","!","!","!","!","!","!","!"]},"2618":{"keys":[78,77],"grid":[" .!$","00","00"," /!#"," 0!!"," "," "," "," "," "," "," "," "," "," "," "]}},"3913":{"2616":{"keys":[77,78],"grid":[" "," "," ","!! 0","!# +!! $","!# $!# %!% !","!$ !!% !!' !","!","!","!0 !","09","09","09","!","!","!"]},"2609":{"keys":[78,77],"grid":[" "," .!$"," -!%","02"," ,!&","04"," +!'","04","06"," *!(","09"," )!)"," (!*","12"," '!+"," &!,"]},"2611":{"keys":[78,77],"grid":[" !!0","!","!","!","!","!","!","!","!","!","!","!","!","!","!","!"]},"2610":{"keys":[78,77],"grid":[" &!,"," %!-","01"," $!."," #!/","04"," !!0","06","06","!","06","06","06","06","06","06"]}},"3912":{"2616":{"keys":[78,77],"grid":[" ,!&"," /!#","01"," "," "," "," "," "," "," "," "," "," "," "," "," "]},"2615":{"keys":[78,77],"grid":[" #!/"," $!."," %!-","02","02"," &!,"," '!+","06"," (!*","08"," )!)","10","10"," *!("," +!'"," ,!&"]},"2614":{"keys":[77,78],"grid":[" "," "," "," "," "," "," "," "," "," "," "," "," ","!! 0","13","13"]},"2611":{"keys":[78,77],"grid":[" "," "," "," "," ","!","!","!","!","!","!","!","!","!","!","!"]}},"3911":{"2614":{"keys":[78,77],"grid":[" %!-"," &!,"," '!+"," (!*"," )!)"," *!("," ,!&"," -!%","07"," .!$"," /!#","10"," 0!!"," "," "," "]},"2613":{"keys":[77,78],"grid":[" "," "," "," "," "," "," "," "," "," "," "," "," ","!! 0","!# /","!$ ."]},"2612":{"keys":[77,78],"grid":[" !!& +"," "," "," "," "," "," "," "," "," "," "," "," "," "," "," "]},"2611":{"keys":[78,77],"grid":[" "," "," "," "," "," 0!!"," .!$"," ,!&","06"," -!%","06"," +!# #!#"," '!+","12","12","12"]}},"3910":{"2613":{"keys":[78,77],"grid":[" &!,"," %!-","00"," '!+"," (!*"," )!)"," *!("," +!'"," ,!&"," -!%"," .!$"," 0!!"," "," "," "," "]},"2612":{"keys":[78,77],"grid":[" %!-","!","!"," !!0","03","03"," #!/","00"," '!+"," )!)"," +!'"," ,!&","11","10"," *!(","14"]}},"3919":{"2622":{"keys":[77,78],"grid":[" "," "," ","!! #!! #!& &","!, &","!- %","!- !!$","!","!","!","!","!","!","!","!","!"]},"2605":{"keys":[77,78],"grid":[" "," "," "," "," "," "," "," "," "," "," "," "," "," ","!! '!! )","!! &!# )"]},"2606":{"keys":[78,77],"grid":[" #!# %!( !"," *!' !"," *!! $!# !"," "," "," "," "," "," "," "," "," "," "," 0!!"," /!#"," +!'"]},"2607":{"keys":[78,77],"grid":[" *!("," (!*","01"," '!+","03","03","01"," %!-"," #!/","!","!","!","!","!","!","!"]},"2602":{"keys":[78,77],"grid":[" "," "," "," "," "," "," ","!! .!#"," /!#","!! -!$","!& )!$","!* %!$","!+ #!%","!","!","!"]}},"3918":{"2622":{"keys":[77,78],"grid":[" "," "," "," 0!!"," (!*"," '!+","!! %!,","!$ !!-","!","!","!","!","!","!","!","!"]},"2605":{"keys":[77,78],"grid":[" "," "," "," "," "," !!% ,"," !!& +","!' +","07","!) )","!0 !","10","!","!","!","!"]},"2607":{"keys":[78,77],"grid":[" "," "," "," "," "," "," "," "," "," "," +!! $!#"," *!("," +!'"," )!)","13","11"]},"2601":{"keys":[78,77],"grid":[" "," "," "," "," "," "," "," "," ","!! 0","!# /","10","10","10","!$ .","!% -"]},"2602":{"keys":[77,78],"grid":[" %!-"," &!,","01"," '!! !!! %!$"," 0!!"," "," "," "," "," "," "," "," "," "," "," "]},"2608":{"keys":[78,77],"grid":[" *!("," )!)"," (!*"," '!+"," %!-"," !!0","05","!","!","!","!","!","!","!","!","!"]}},"3988":{"2611":{"keys":[77,82],"grid":[" "," "," "," 0!!"," .!$"," +!'"," )!)"," '!+"," &!,"," $!."," !!0","!","!","!","!","!"]}},"3989":{"2611":{"keys":[77,82],"grid":[" &!,"," $!."," !!0","!","!","!","!","!","!","!","!","!","!","!","!","!"]},"2610":{"keys":[77,82],"grid":[" "," "," "," "," "," "," "," "," "," "," "," "," .!$"," ,!&"," *!("," (!*"]}},"3985":{"2613":{"keys":[77,82,""],"grid":[" .!$"," ,!&"," +!'"," )!)"," (!*"," &!,"," %!-","#$!.","!","!","!","!","!","!","!","!"]},"2612":{"keys":[77,82],"grid":[" "," "," "," "," "," "," "," "," "," "," "," "," "," "," "," /!#"]}},"3986":{"2612":{"keys":[77,82],"grid":[" "," "," "," "," "," /!#"," -!%"," ,!&"," *!("," )!)"," '!+"," &!,"," $!."," #!/","!","!"]}},"3987":{"2612":{"keys":[77,82],"grid":[" (!*"," &!,"," $!."," !!0","!","!","!","!","!","!","!","!","!","!","!","!"]},"2611":{"keys":[77,82],"grid":[" "," "," "," "," "," "," "," "," "," "," "," 0!!"," /!#"," -!%"," +!'"," )!)"]}}}}