{"9":{"245":{"190":{"keys":[68,1,83],"grid":[" "," -!$ !"," -!!#!!#","!# +!!#$","!% !!! &!##$","##!+#%","##!$#!!##)","#","#","#","#","#","#","#","#","#"]}},"244":{"189":{"keys":[68,1,83],"grid":[" "," "," "," "," "," "," "," "," "," "," "," "," %!# +"," #!% +","!$##!$ )","#(!# ("]},"190":{"keys":[83,1,68],"grid":[" '!$#("," '!!#*"," &!##*"," &!!#&!##$"," &!##$!'"," '!!##!# !!# #"," '!% '"," "," "," "," "," "," "," "," "," "]}},"247":{"191":{"keys":[1,68],"grid":[" #!/"," !!0","01","01","!","!","!","!","!","!","!","!","!","!","!","!"]},"190":{"keys":[68,1,83],"grid":[" "," "," "," "," "," "," "," "," "," "," ","!# /","#!!# .","##!# -","13","12"]}},"246":{"191":{"keys":[83,1,68],"grid":[" "," "," 0!!"," /!#"," .!##!"," .!!##"," -!###"," )!&#$"," (!%#&"," (!!#)"," '!##)"," &!##*","11"," &!!#+"," #!%#+"," #!##-"]},"190":{"keys":[68,1,83],"grid":[" ","!# $!# $!! &","!- %","#(!!##!# %","#+!# %","#,!! %","05","04","#+!! &","04","#+!# !!$","#,!$#!!!","#","#","#","#"]}},"243":{"189":{"keys":[68,1,83],"grid":[" "," "," "," "," "," "," "," "," "," "," "," "," "," "," .!$"," ,!%#!"]},"190":{"keys":[68,1,83],"grid":[" +!##%"," *!##&"," )!##'"," (!##("," '!##)","!(#*","#","#","#","#","#","#","#","#","#","#"]}},"242":{"190":{"keys":["",68,83],"grid":["   !","   #","01"," "]}},"252":{"176":{"keys":[80,1,81],"grid":[" (!%#&"," +!'"," "," "," "," "," "," "," "," "," "," "," "," "," "," "]}},"253":{"176":{"keys":[81,1,80],"grid":[" #!!#.","!$#.","#","#","#","#","#","#","#","#","#","#","#","#","#","#"]},"188":{"keys":[68,1],"grid":[" /!#"," "," "," "," "," "," "," "," "," "," "," "," "," "," "," "]},"186":{"keys":["",80,68,1],"grid":[" )!)","00","00","00","00","00","00","00","00","00","00","00","00"," (!*","13"," %##$#!)"]},"187":{"keys":[68,1,80],"grid":[" (!!#)","00","00","00","00","00","00"," (!##("," )!%#!!!##"," +!'"," ,!# $"," "," "," 0!!"," /!#"," /!!#!"]}},"254":{"188":{"keys":[1,80,68],"grid":[" '!+"," ### %!)","#( $!'","#* (","#0 !","04","#","#","#","#","#","#","#","#","#","#"]},"187":{"keys":[80,1],"grid":[" "," "," "," "," "," "," "," "," ","!! 0","09","09","09","09"," !!$ -"," !!# ."]}},"255":{"188":{"keys":[80,1,68],"grid":[" "," "," "," "," ","!! 0","!# '!! (","#!!# !!# !!% &","##!'##!$ $","#$!!#)!# #","#.!# !","#/!#","#","#","#","#"]}}},"13":{"3922":{"3045":{"keys":[83,68],"grid":[" "," "," "," "," "," "," 0!!","06"," /!#","06"," .!$","10","10"," -!%","13","13"]},"3044":{"keys":[68,83],"grid":[" "," "," "," "," "," "," "," "," +!! &"," *!$ %"," )!& $","!","!","!","!","!"]},"3046":{"keys":[83,68],"grid":[" -!%","00","00"," -!# #"," "," "," "," "," "," "," "," "," "," "," "," "]}},"3923":{"3045":{"keys":[83,68],"grid":[" !!0","!","00","00","00","!","!","!","!","!","!","!","!","!","!","!"]},"3044":{"keys":[68,83],"grid":[" "," "," "," "," "," "," "," "," "," "," ","!( *","11","!' +","!& ,","!% -"]},"3046":{"keys":[68,83],"grid":[" "," 0!!","!& (!%","!","!","!","!","!","!","!","!","!","!","!","!","!"]}},"3920":{"3043":{"keys":[68,83],"grid":[" "," "," "," "," "," "," "," "," "," "," "," "," "," ,!# $"," *!' !"," (!*"]},"3044":{"keys":[68,83],"grid":[" &!,"," %!-"," $!."," #!/"," !!0","!","!","!","!","!","!","!","!","!","!","!"]}},"3921":{"3043":{"keys":[68],"grid":[" "," "," "," "," "," "," "," "," "," "," "," "," "," "," "," "]},"3044":{"keys":[83,68],"grid":[" !!0"," #!/"," $!.","02"," '!! !!)"," )!)"," *!("," +!'"," ,!&"," -!%"," 0!!"," "," "," "," "," "]}},"3926":{"3045":{"keys":[68,83],"grid":[" "," "," &!# *","!( *","!) )","!* (","05","04","04","04","04","04","05","05","!+ '","!- %"]},"3046":{"keys":[83,68],"grid":[" .!$"," /!#"," "," "," "," "," 0!!","06"," "," "," ","06","06"," "," "," "]}},"3927":{"3045":{"keys":[68,83],"grid":[" "," "," "," "," "," "," "," "," "," "," "," "," "," .!! !!!"," .!$","14"]},"3046":{"keys":[68,83],"grid":[" .!$"," -!%"," ,!&","!! ,!%","!! +!&"," *!(","05","05"," )!)","!! '!*","!! %!,"," %!-","11"," !!0","!","!"]}},"3924":{"3045":{"keys":[68,83],"grid":[" "," "," "," "," "," "," "," "," "," "," "," "," 0!!"," /!#"," ,!&"," *!("]},"3046":{"keys":[68,83],"grid":[" '!+","!# !!.","!","!","!","!","!","!","!","!","!","!","!","!","!","!"]}},"3925":{"3045":{"keys":[68,83],"grid":[" %!& ("," $!' ("," !!* '"," !!* $!$"," !!0","04"," #!/"," $!.","07","07","06","04","!","!","!","!"]},"3044":{"keys":[68,83],"grid":[" "," "," "," "," "," "," "," "," "," "," "," "," "," "," "," )!! ("]}},"3928":{"3045":{"keys":[68,83],"grid":[" "," "," "," "," "," "," "," "," "," &!# *"," $!& )"," #!' )","!* '!!","!* %!$","!","!"]}},"3929":{"3045":{"keys":[68,83],"grid":[" "," "," "," "," "," "," "," "," "," .!$","09"," ,!&","!$ $!! $!'","!","!","!"]}},"3903":{"3038":{"keys":[68,83],"grid":[" "," "," "," "," "," "," "," ","!! !!. !","!","!","!","!","!","!","!"]}},"3939":{"3070":{"keys":[83,68],"grid":[" "," "," "," "," "," ","!# /","!& ,","!( *","!","!","!","!","!","!","!"]},"3071":{"keys":[68,83],"grid":[" "," "," "," "," "," "," "," "," "," "," "," "," "," ","!# /","!$ ."]},"3042":{"keys":[68,83],"grid":[" "," "," "," "," "," "," "," "," "," "," +!$ $"," *!("," (!*","!! #!.","!","!"]}},"3938":{"3070":{"keys":[83,68],"grid":[" "," "," "," "," *!% $"," )!( !"," (!*"," &!,","07","07","07","07","07"," %!-","13","07"]},"3071":{"keys":[83,68],"grid":[" (!*","00","00"," )!)","03"," *!("," -!%"," .!$","07"," /!#","09","09"," "," "," "," "]},"3042":{"keys":[68,83],"grid":[" "," "," "," "," "," "," "," "," "," "," $!# ,","!* !!! &","!0 !","!","!","!"]}},"3935":{"3042":{"keys":[68,83],"grid":[" "," "," "," "," "," "," ,!! %"," +!$ $"," &!! %!'","!","!","!","!","!","!","!"]}},"3934":{"3041":{"keys":[68,83],"grid":[" "," "," "," "," "," "," ","!! 0","!# /","!% -","!' +","!) )","!+ '","!- %","13","13"]},"3042":{"keys":[83,68],"grid":[" -!%"," .!$","01","01"," /!#","04"," 0!!","06"," "," "," "," "," "," "," "," "]}},"3937":{"3041":{"keys":[68,83],"grid":[" "," "," "," "," "," "," "," "," "," "," "," "," "," !!% ,"," !!) (","!, &"]},"3042":{"keys":[83,68],"grid":[" ,!&"," -!%","01"," .!$","03","03","03"," /!#","07"," 0!!","09"," "," "," "," "," "]}},"3936":{"3041":{"keys":[68],"grid":[" "," "," "," "," "," "," "," "," "," "," "," "," "," "," "," "]},"3042":{"keys":[68,83],"grid":[" 0!!"," .!$"," -!%"," ,!&","03","03"," +!'"," *!(","!! )!(","!","!","!","!","!","!","!"]}},"3931":{"3045":{"keys":[68,83],"grid":[" #!! %!*","!","!","!","!","!","!","!","!","!","!","!","!","!","!","!"]},"3044":{"keys":[68,83],"grid":[" "," "," "," "," "," "," "," "," "," "," "," 0!!"," .!$","12"," ,!&"," *!("]}},"3930":{"3045":{"keys":[68,83],"grid":[" "," "," /!#"," -!%"," *!("," )!)"," '!+"," &!,"," %!-","!","!","!","!","!","!","!"]}},"3933":{"3041":{"keys":[68,83],"grid":[" "," "," "," "," "," (!$ '"," &!* #"," %!-","07"," $!.","09","!! !!/","!","!","!","!"]}},"3932":{"3041":{"keys":[68,83],"grid":[" "," "," "," "," "," "," "," "," "," "," +!'","10"," *!(","12"," )!)","14"]},"3043":{"keys":[68,83],"grid":[" )!)"," +!'","01","01","01"," ,!&","01"," -!%","07","01","01"," *!(","11","11","11","00"]},"3042":{"keys":[68,83],"grid":[" )!)","00","00","00","00"," (!! !!("," *!(","06","06","00"," (!*","06"," '!+","00","00","00"]},"3044":{"keys":[68,83],"grid":[" )!)","00","00","00"," (!*","04"," '!+","06"," &!,","08"," %!-","!","!","!","!","!"]}},"4039":{"2816":{"keys":[80,81],"grid":[" %!-"," (!*"," ,!&"," /!#"," "," "," "," "," "," "," "," "," "," "," "," "]}},"3948":{"3063":{"keys":[83,68],"grid":[" *!(","00"," )!)"," '!+"," %!-"," $!.","!","!","!","!","!","!","!","!","!","!"]},"3062":{"keys":[83,68],"grid":[" "," "," "," "," "," ,!$ #"," +!'","06"," (!*"," '!+"," &!,","10"," %!-","10","08"," )!)"]},"3051":{"keys":[68,83],"grid":[" "," "," "," -!%"," +!'"," *!("," )!)","!! &!+","!","!","!","!","!","!","!","!"]}},"3949":{"3062":{"keys":[83,68],"grid":[" )!)","00","00"," (!*"," '!+"," %!-","!","!","!","!","!","!","!","!","!","!"]},"3061":{"keys":[83,68],"grid":[" /!#","00"," .!$"," -!%","03","02","00"," 0!!","07","02"," ,!&"," +!'"," *!("," )!)","13","13"]},"3060":{"keys":[83,68],"grid":[" "," "," "," "," "," "," "," "," "," "," "," "," "," "," "," 0!!"]},"3050":{"keys":[68,83],"grid":[" "," "," "," "," "," "," "," "," "," "," &!# *"," $!& )"," $!* %"," $!.","13"," #!/"]},"3051":{"keys":[68,83],"grid":[" #!/","00"," !!0","!","!","!","!","!","!","!","!","!","!","!","!","!"]}},"3916":{"3043":{"keys":[68,83],"grid":[" "," "," "," "," !!) (","!* (","05","!+ '","07","05","05","05","05","!) )","13","13"]},"3045":{"keys":[83,68],"grid":[" )!)","00","00"," (!*","03","03"," )!! !!& !"," ,!% !","07"," -!# #"," .!! #","10"," "," "," "," "]},"3044":{"keys":[83,68],"grid":[" *!(","00","00","00","00","00","00","00","00","00","00","00","00","00","00"," )!)"]}},"3940":{"3070":{"keys":[83,68],"grid":[" "," "," "," "," "," 0!!"," .!$"," +!'"," )!)","!","!","!","!","!","!","!"]},"3042":{"keys":[68,83],"grid":[" "," "," 0!!","02","02"," /!#","05","05"," .!$","08"," -!%","!! &!$ !!'","!","!","!","!"]}},"3941":{"3068":{"keys":[83,68],"grid":[" "," "," "," "," "," "," "," "," "," "," "," "," 0!!"," /!#","13","13"]},"3070":{"keys":[83,68],"grid":[" !!0","00","00"," #!/","00","!","!","!","!","!","!","!","!","!","!","!"]},"3067":{"keys":[83,68],"grid":[" "," "," "," "," "," "," 0!!","06","06","06","06"," "," "," "," "," "]},"3041":{"keys":[68,83],"grid":[" "," "," "," ","!# /","!% -","!. $","!0 !","!","!","!","!","!","!","!","!"]},"3069":{"keys":[83,68],"grid":[" /!#","00","00"," -!%","03","03"," ,!&"," *!(","07"," )!)","09"," (!*"," '!+"," &!,"," %!-"," $!."]},"3042":{"keys":[83],"grid":[" "," "," "," "," "," "," "," "," "," "," "," "," "," "," "," "]}},"3942":{"3041":{"keys":[68,83],"grid":[" "," "," "," "," "," "," "," "," "," "," "," "," ","!! 0","13","13"]},"3068":{"keys":[83,68],"grid":[" $!.","00","00"," &!,","03","03"," %!-","00"," #!/","08"," !!0","!","!","!","!","!"]},"3067":{"keys":[83,68],"grid":[" (!*","00"," &!,"," $!."," !!0","!","!","!","!","!","!","!","!","04"," #!/","14"]},"3066":{"keys":[83,68],"grid":[" "," "," "," "," "," "," "," /!#"," .!$"," -!%","09"," ,!&","11"," +!'"," *!("," )!)"]},"3042":{"keys":[83,68],"grid":[" #!/","00"," $!.","02","02"," %!-","05","05"," &!,","08"," '!+","10"," )!)"," +!'"," /!#"," "]}},"3943":{"3043":{"keys":[83,68],"grid":[" )!$ &"," "," "," "," "," "," "," "," "," "," "," "," "," "," "," "]},"3042":{"keys":[68,83],"grid":[" "," "," "," "," "," "," "," "," "," "," "," "," "," ","!! !!! .","!& ,"]},"3066":{"keys":[83,68],"grid":[" '!+","00"," &!,"," %!-"," $!."," #!/","!","!","!","!","!","!","!","!","!","!"]},"3065":{"keys":[83,68],"grid":[" .!$"," -!%","01","00","00","00","01","01","01"," *!("," +!'","10","10","09","09"," )!)"]},"3064":{"keys":[83,68],"grid":[" "," "," "," "," "," "," "," "," "," "," "," "," "," 0!!","13"," /!#"]}},"3944":{"3063":{"keys":[83,68],"grid":[" "," "," "," "," "," "," "," "," "," "," "," "," "," "," -!# #"," ,!% !"]},"3042":{"keys":[68,83],"grid":[" "," "," "," "," "," "," "," "," "," "," "," "," "," ,!&"," &!,","!"]},"3064":{"keys":[83,68],"grid":[" ,!&","00"," +!'","02","02"," (!*"," '!+"," &!,","07"," %!-"," $!."," !!0","!","!","!","!"]}},"3945":{"3063":{"keys":[83,68],"grid":[" "," "," "," "," "," "," "," "," "," "," "," 0!!","11","11"," (!% $!#"," &!( #!#"]},"3042":{"keys":[68,83],"grid":[" "," "," "," "," "," 0!!","05"," /!#","07"," +!# !!$"," )!)"," (!*","11","!% !!,","!","!"]},"3064":{"keys":[83,68],"grid":[" $!.","!","!","!","!","!","!","!","!","!","!","!","!","!","!","!"]}},"3946":{"3049":{"keys":[83,68],"grid":[" .!$","00"," -!%","00","00","00"," .!! #"," /!#","00"," 0!!","07","09"," ","09"," "," "]},"3063":{"keys":[83,68],"grid":[" "," "," "," "," "," "," "," "," "," "," ","!! 0","!# /","!# .!!","13","13"]},"3048":{"keys":[83,68],"grid":[" /!#"," .!$","01","01","01","01","01","01"," -!%"," +!'"," *!(","10","10"," )!)"," ,!&","08"]},"3047":{"keys":[83,68],"grid":[" "," "," "," "," "," "," "," "," "," "," "," "," "," 0!!","13","13"]},"3064":{"keys":[68,83],"grid":[" #!+ %"," $!& )"," %!% )"," "," "," "," "," "," "," "," "," "," "," "," "," "]},"3041":{"keys":[68],"grid":[" "," "," "," "," "," "," "," "," "," "," "," "," "," "," "," "]},"3043":{"keys":[83,68],"grid":[" "," "," "," "," 0!!"," ","04","04"," /!#","08"," .!$","10","10","10"," -!%","14"]},"3042":{"keys":[68,83],"grid":[" !!! /"," !!$ -"," !!% ,","!( *","!) )","!* (","!+ '","!, &","!- %","!. $","!/ #","!","!","!","!","!"]},"3044":{"keys":[83,68],"grid":[" -!%","00"," ,!&"," +!'"," *!(","04"," )!)","06","06","06","02"," "," "," "," "," "]},"3050":{"keys":[83,68],"grid":[" "," "," /!#"," .!$","02","02","02"," 0!!","07"," "," "," "," "," "," "," "]}},"3947":{"3049":{"keys":[68,83],"grid":[" "," "," "," "," "," "," "," "," "," "," "," "," "," "," ","!! 0"]},"3063":{"keys":[83,68],"grid":[" "," *!# &"," *!$ %"," )!% %"," (!& %"," '!( $"," &!) #!!"," %!-"," #!/","!","!","!","!","!","!","!"]},"3047":{"keys":[83,68],"grid":[" #!/","00","00","00","!"," !!0","05","00","05","05","05","!","05","!","!","!"]},"3046":{"keys":[83,68],"grid":[" '!+","00"," (!*","02","02","00","00","02"," &!,"," %!-","08","08"," $!.","09","09"," #!/"]},"3043":{"keys":[83,68],"grid":[" !!0","00","!","!","!","!","!","!","!","!","!","!","!","!","!","!"]},"3042":{"keys":[68,83],"grid":[" "," "," "," "," "," "," "," "," "," "," "," "," "," "," ","!! 0"]},"3045":{"keys":[83,68],"grid":[" ,!&"," +!'","01"," *!("," )!)","03","03","03","03","04"," (!*","10","04","04","10"," '!+"]},"3044":{"keys":[68,83],"grid":[" "," "," "," "," "," "," "," "," "," "," "," ","!% -","!, &","13","!- %"]},"3050":{"keys":[68,83],"grid":[" ","!# /","01"," "," "," "," "," "," "," ","!! 0","10","01","!% -","!' +","!) )"]},"3051":{"keys":[83,68],"grid":[" *!("," +!'"," ,!&","02"," -!%"," .!$"," 0!!"," "," "," "," "," "," "," "," "," "]}},"3914":{"3045":{"keys":[68,83],"grid":[" %!-"," $!.","01","01","01"," #!/"," !!0","06","06","!","!","!","!","!","!","!"]},"3044":{"keys":[68,83],"grid":[" "," "," "," "," "," "," "," "," "," "," "," "," "," )!# !!! !!# !"," (!*"," &!,"]}},"4044":{"2817":{"keys":[81,80],"grid":[" "," "," "," "," "," "," ","!! 0","!& ,","!) )","!, &","!0 !","!","!","!","!"]}},"4045":{"2817":{"keys":[81,80],"grid":[" "," "," "," "," "," "," "," "," "," "," "," ","!","!","!","!"]}},"4046":{"2817":{"keys":[81,80],"grid":[" "," "," "," "," "," "," "," "," "," "," "," ","!","!","!","!"]}},"4047":{"2817":{"keys":[81,80],"grid":[" "," "," "," "," "," "," "," "," "," "," "," ","!","!","!","!"]}},"4040":{"2816":{"keys":[81,80],"grid":[" "," "," "," ","!# /","!& ,","!) )","!- %","!0 !","!","!","!","!","!","!","!"]}},"4041":{"2816":{"keys":[81,80],"grid":[" "," "," "," "," "," "," "," "," ","!# /","!' +","!* (","!- %","!","!","!"]}},"4042":{"2817":{"keys":[80,81],"grid":[" +!'"," .!$"," "," "," "," "," "," "," "," "," "," "," "," "," "," "]},"2816":{"keys":[81,80],"grid":[" "," "," "," "," "," "," "," "," "," "," "," "," "," ","!$ .","!' +"]}},"4043":{"2817":{"keys":[81,80],"grid":[" "," "," ","!% -","!( *","!+ '","!/ #","!","!","!","!","!","!","!","!","!"]}},"3910":{"3038":{"keys":[68,83],"grid":[" "," "," "," "," "," "," "," "," "," )!# &!!"," '!' #!#"," &!,"," $!.","12"," #!/","!"]},"3041":{"keys":[83,68],"grid":[" 0!!"," /!#","01"," .!$","03"," -!%"," ,!&"," )!)"," &!,"," %!-","09","09","09","09"," $!.","14"]},"3040":{"keys":[83],"grid":[" "," "," "," "," "," "," "," "," "," "," "," "," "," "," "," "]},"3042":{"keys":[83,68],"grid":[" #!/","00"," !!0","!","!","!","!","!","!","!","!","!","!","!","!","!"]},"3045":{"keys":[83,68],"grid":[" #!/"," $!.","01","01"," %!-","04","04","04","04","04","04","04","04","04","04","04"]},"3044":{"keys":[68,83],"grid":[" "," "," "," "," "," "," "," "," "," "," "," ","!! 0","!# /","13","13"]},"3046":{"keys":[83,68],"grid":[" %!-","00","00","00","00","00","00"," $!.","07"," (!*"," *!("," ,!&"," .!$"," 0!!"," "," "]}},"4048":{"2817":{"keys":[81,80],"grid":[" "," "," "," "," "," "," "," "," "," "," "," -!%","!","!","!","!"]}},"4049":{"2817":{"keys":[81,80],"grid":[" "," "," "," "," "," "," "," "," .!$"," (!*"," #!/","!","!","!","!","!"]}},"3953":{"3056":{"keys":[83,68],"grid":[" ,!&","00"," -!%","02","02"," '!+","05","05"," (!*"," )!)"," '!! !!)"," %!-"," $!."," #!/","!","!"]},"3055":{"keys":[83,68],"grid":[" "," "," "," "," "," "," "," "," "," "," "," 0!!"," /!#"," +!'","13","13"]},"3052":{"keys":[83,68],"grid":[" )!)"," *!("," +!'"," ,!&","03"," -!%"," .!$","06"," /!#"," 0!!","09","09"," "," "," "," "]},"3051":{"keys":[68,83],"grid":[" "," "," "," "," "," "," "," "," "," ","!! 0","!# /","!$ .","!% -","!& ,","!( *"]}},"3952":{"3056":{"keys":[83],"grid":[" "," "," "," "," "," "," "," "," "," "," "," "," "," "," "," "]},"3057":{"keys":[83,68],"grid":[" "," "," "," "," 0!!"," /!#"," .!$"," -!%"," ,!&","08"," +!'"," *!("," )!)","12","12","10"]},"3051":{"keys":[68,83],"grid":[" "," ","!! 0","!% -","!( *","!+ '","!, &","!. $","!0 !","!","!","!","!","!","!","!"]},"3058":{"keys":[83,68],"grid":[" ,!&","00"," -!%","02","02","00"," +!'"," *!(","07"," )!)"," (!*","10"," &!,","!","!","!"]},"3059":{"keys":[68,83],"grid":[" "," "," ","!! 0","!$ .","04","!% -","06","06","06","06"," "," "," "," "," "]}},"3951":{"3051":{"keys":[83,68],"grid":[" -!%"," 0!!"," "," "," "," "," "," "," "," "," "," "," "," "," "," "]},"3050":{"keys":[68,83],"grid":[" "," "," "," "," "," "," "," "," "," "," "," "," "," "," %!$ *","!+ '"]},"3058":{"keys":[83,68],"grid":[" "," "," "," "," "," "," "," "," "," "," "," "," "," 0!!","13"," /!#"]},"3059":{"keys":[83,68],"grid":[" /!#","00"," 0!!"," "," "," "," "," ","!# /","08","08","!$ .","!% +!#","!% )!%","!& '!&","!"]}},"3950":{"3060":{"keys":[83,68],"grid":[" )!)","00","00","00"," *!("," +!'"," ,!! #!#"," /!#","07"," .!$"," -!%","05","04"," !!0","!","!"]},"3050":{"keys":[68,83],"grid":[" "," "," "," "," "," "," "," "," "," "," "," "," #!# -","!' +","!, &","!"]},"3059":{"keys":[83,68],"grid":[" "," "," "," "," "," "," "," "," "," 0!!"," /!#"," ,!&"," *!(","12"," )!)","14"]}},"3955":{"3054":{"keys":[83,68],"grid":[" !!0","!","!","!","!","!","!","!","!","!","!","!","!","!","!","!"]},"3053":{"keys":[68,83],"grid":[" "," "," "," "," "," "," "," "," "," "," "," ","!! 0","12","!# /","14"]}},"3954":{"3054":{"keys":[83,68],"grid":[" "," "," 0!!"," /!#"," .!$"," -!%"," ,!&"," +!'","07"," *!(","09"," )!)","09","09","11","11"]},"3055":{"keys":[83,68],"grid":[" (!*","00"," '!+"," &!,"," %!-","04"," $!."," #!/","07"," !!0","!","!","!","!","!","!"]},"3052":{"keys":[68,83],"grid":[" "," "," "," "," "," "," "," "," "," "," "," "," ","!! 0","13","!# /"]},"3053":{"keys":[83,68],"grid":[" $!."," %!-"," '!+"," *!("," .!$"," /!#"," 0!!","06"," "," "," "," "," "," "," "," "]}},"4057":{"3000":{"keys":[80,68],"grid":[" "," "," "," "," "," "," 0!!"," &!% #!&"," $!."," #!/","09"," !!0","!","!","!","!"]}},"4056":{"2999":{"keys":[80,68],"grid":[" "," "," "," "," "," "," ","!! 0","!# /","08","08","08","08","!( *","13","13"]},"3000":{"keys":[68,80],"grid":[" (!*","00","00"," '!+","03","00","03"," )!)","07"," *!(","09","09"," *!% #!!"," +!# %"," "," "]}},"4055":{"2998":{"keys":[68,80],"grid":[" ,!&"," +!'"," )!)"," (!*"," '!+"," &!,"," %!-","06","06","06","05","04","03","02","03","04"]},"2999":{"keys":[68,80],"grid":[" &!,","00","00"," '!+"," )!)"," *!("," *!& #"," "," "," "," "," "," "," "," "," "]},"2991":{"keys":[80,68],"grid":[" "," "," "," "," "," "," "," "," "," "," "," ","!! 0","12","12","12"]},"2992":{"keys":[68,80],"grid":[" !!0"," #!/","01","01","01","01"," $!.","06","06","06"," %!-","10","10","10","10"," &!,"]},"2993":{"keys":[68,80],"grid":[" &!,","00","00","00"," '!+","04","04","04","04"," (!*","09","09","09","09"," )!)","14"]},"2994":{"keys":[68,80],"grid":[" )!)","00","00"," *!(","03","03","03","03"," +!'","08","08","08","08"," ,!&","13","13"]},"2995":{"keys":[68,80],"grid":[" ,!&","00","00","00","00","00","00","00","00","00","00","00","00","00","00","00"]},"2996":{"keys":[68,80],"grid":[" ,!&","00","00","00","00","00","00","00","00","00","00","00","00","00","00","00"]},"2997":{"keys":[68,80],"grid":[" ,!&","00","00","00","00","00","00","00","00","00","00","00","00","00","00","00"]}},"4054":{"2991":{"keys":["",68],"grid":[" "," "," "," "," %!-","04","04","04","!","!","!","!","!","!","!","!"]}},"4050":{"2817":{"keys":[81,80],"grid":[" /!#","00","00","00","00","00"," *!("," $!.","!","!","!","!","!","!","!","!"]},"2816":{"keys":[81,80],"grid":[" /!#","00","00","00","00","00","00","00","00","00","00","00","00","00","00","00"]}},"4059":{"3001":{"keys":[80,68],"grid":[" "," "," "," "," "," "," "," "," "," "," ","!! 0","11","11","11","!# /"]},"3000":{"keys":[80,68],"grid":[" "," "," "," "," "," "," "," "," ","!! 0","09","09","09","09"," "," "]},"3002":{"keys":[68,80],"grid":[" $!.","00"," %!-"," '!$ $!%"," '!! *"," "," "," "," "," "," "," "," "," "," "," "]}},"4058":{"3001":{"keys":[68,80],"grid":[" 0!!","00","00"," /!#","00","00","00","00"," "," "," "," "," "," "," "," "]},"3000":{"keys":[80,68],"grid":[" "," "," "," "," ","!# /","!' +","06","!) $!# $","!","!","!","!","!","!","!0 !"]}},"3917":{"3045":{"keys":[68,83],"grid":[" *!(","00"," )!)"," (!*"," #!/","!","!","!","!","!","!","!","!","!","!","!"]},"3044":{"keys":[68,83],"grid":[" "," "," "," "," "," "," "," "," "," "," )!)","10","10","10","10"," *!("]}},"3904":{"3038":{"keys":[68,83],"grid":[" "," "," "," "," "," "," "," "," "," ,!&","!! )!(","!# '!)","!# &!*","!","!","!"]}},"3905":{"3038":{"keys":[68,83],"grid":[" "," "," "," "," )!)","04"," (!*","06"," '!+","!! &!+","!! #!! !!,","!","!","!","!","!"]}},"3906":{"3037":{"keys":[68,83],"grid":[" "," "," "," "," "," "," "," "," "," "," "," "," "," ,!# !!#"," +!'"," *!("]},"3038":{"keys":[68,83],"grid":[" *!(","00","00","00"," )!)","!# &!*","!% $!*","!","!","!","!","!","!","!","!","!"]}},"3907":{"3037":{"keys":[68,83],"grid":[" "," "," "," ,!# $"," +!& !"," *!("," )!)"," '!+","07"," &!,"," %!-"," $!."," #!/","!","!","!"]}},"3900":{"3039":{"keys":[68,83],"grid":[" "," "," "," "," '!! *"," $!& )","!+ $!$","!","!","!","!","!","!","!","!","!"]}},"3901":{"3038":{"keys":[68,83],"grid":[" "," "," "," "," "," "," "," "," "," "," 0!!","10","10","10"," "," "]},"3039":{"keys":[68,83],"grid":[" "," 0!!"," /!#"," -!%"," +!'"," *!(","!","!","!","!","!","!","!","!","!","!"]}},"4062":{"3007":{"keys":[68,80],"grid":[" /!#"," ,!&"," +!'"," *!(","03"," )!)","05","05","05","05","05","03","03","02","01","01"]},"3006":{"keys":[68,80],"grid":[" "," "," "," "," "," "," "," "," "," "," "," "," "," "," "," 0!!"]},"3001":{"keys":[80,68],"grid":[" "," "," "," "," "," $!! -","!& ,","06","!( *","!* (","!, &","!0 !","!","!","!","!"]},"3008":{"keys":[68,80],"grid":[" -!%"," .!$","01"," /!#"," 0!!"," "," "," "," "," "," "," "," "," "," "," "]}},"4063":{"3005":{"keys":[68,80],"grid":[" "," "," "," "," "," 0!!"," /!#"," .!$","07","07","06","05","06","06","07","07"]},"3006":{"keys":[68,80],"grid":[" .!$","00","00"," ,!&"," *!(","04","04"," )!)","07"," &!,"," %!-"," $!.","11"," #!/","!","!"]},"3001":{"keys":[80,68],"grid":[" "," "," "," "," "," "," "," "," "," "," -!# #"," ,!&","!$ (!'","!","!","!"]},"3008":{"keys":[80,68],"grid":[" "," "," "," "," "," "," ","!! 0","!# /","08","!$ .","!% -","!) )","!, &","!0 !","!"]}},"4060":{"3001":{"keys":[80,68],"grid":[" .!! #"," *!("," '!+","02"," (!*"," )!)","01","01","01","05","04","04","04","02","02","02"]},"3002":{"keys":[80,68],"grid":[" &!,","00","00"," %!-","!! #!.","!# !!.","!","!","!","!","!","!","!","!","!","!"]}},"4061":{"3001":{"keys":[68,80],"grid":[" -!%"," .!$","01"," /!#"," 0!!"," "," "," "," "," "," "," "," "," "," "," "]},"3000":{"keys":[80],"grid":[" "," "," "," "," "," "," "," "," "," "," "," "," "," "," "," "]}},"4066":{"3007":{"keys":[68,80],"grid":[" *!(","00"," )!)"," (!*","03","03"," '!+","06","06"," &!,","09","09"," %!-","12","12"," $!."]},"3006":{"keys":[80,68],"grid":[" "," "," "," "," "," "," "," .!$"," ,!&"," $!.","!0 !","!/ #","!. $","!- %","!, &","14"]},"3008":{"keys":[68,80],"grid":[" '!+"," )!)","01"," -!%"," /!#"," 0!!"," "," "," "," "," "," "," "," "," "," "]}},"4067":{"3006":{"keys":[80,68],"grid":[" "," "," "," "," "," "," ","!# /","!! 0"," "," "," "," "," "," "," "]},"3008":{"keys":[80,68],"grid":[" "," "," "," "," "," "," ","!# /","!# .!!","08","!$ +!$","!% )!%","!' &!&","!","!","!"]}},"4064":{"3005":{"keys":[68,80],"grid":[" !!0","00","00"," #!/","00","!","!","!","!","!","!","!","!","!","!","!"]},"3004":{"keys":[68,80],"grid":[" (!*","00"," )!)","02","02"," '!+"," %!-"," $!."," #!/","08","08"," !!0","11","11","11","11"]},"3001":{"keys":[80,68],"grid":[" "," "," "," "," "," "," "," "," "," "," "," ","!! 0","!# /","!% -","14"]},"3003":{"keys":[68,80],"grid":[" +!'","00"," )!)","02","02","02"," *!(","06","06","02","02","02","02","02","02","02"]},"3002":{"keys":[68,80],"grid":[" &!,"," '!+"," (!*"," )!)"," *!("," +!'","05","04","04","04","05","05","05"," ,!&","05","05"]},"3009":{"keys":[68,80],"grid":[" '!+"," +!'"," .!$"," "," "," "," "," "," "," "," "," "," "," "," "," "]},"3008":{"keys":[80,68],"grid":[" "," "," "," "," "," "," "," "," "," "," "," "," "," "," ","!# /"]}},"4065":{"3007":{"keys":[80,68],"grid":[" *!("," )!)"," (!*"," '!+","03","03","03","02","02","01","01","01","01","02","02","02"]},"3006":{"keys":[80,68],"grid":[" "," "," "," "," "," "," "," "," "," "," /!#"," .!$"," ,!&","12"," +!'","14"]},"3009":{"keys":[80,68],"grid":[" %!-","00","00"," $!.","!","!","!","!","!","!","!","!","!","!","!","!"]},"3008":{"keys":[80,68],"grid":[" (!*","00","00","00","00"," '!+","05","00","00","05","05","05"," &!,","12","12","12"]}},"4068":{"3009":{"keys":[68],"grid":[" "," "," "," "," "," "," "," "," "," "," "," "," "," "," "," "]},"3008":{"keys":[80,68],"grid":[" "," "," "," "," "," "," ","!# /","!% -","!' +","!) )","!* (","!, &","!- %","!. $","!0 !"]}},"4069":{"3009":{"keys":[80,68],"grid":[" %!$ *","!! #!' (","!* (","!, &","!. $","!/ #","!0 !","06","06","06","06","06","!","!","!","!"]},"3008":{"keys":[80],"grid":[" "," "," "," "," "," "," "," "," "," "," "," "," "," "," "," "]}},"3915":{"3043":{"keys":[68],"grid":[" "," "," "," "," "," "," "," "," "," "," "," "," "," "," "," "]},"3044":{"keys":[68,83],"grid":[" 0!!","00","00"," /!#","03"," .!$","05","05"," -!%","08","08","08"," )!)"," '!+"," %!-","!"]}},"3898":{"3041":{"keys":[68,83],"grid":[" -!%"," +!'","01"," *!("," )!)"," %!-"," $!."," #!/","!","!","!","!","!","!","!","!"]},"3040":{"keys":[68,83],"grid":[" "," "," 0!!","02","02"," "," "," "," ","02","02","02","02"," /!#","13"," .!$"]}},"3899":{"3040":{"keys":[83],"grid":[" "," "," "," "," "," "," "," "," "," "," "," "," "," "," "," "]},"3039":{"keys":[68,83],"grid":[" "," "," "," "," "," "," /!#"," +!'"," )!)"," '!+","09"," &!,","11"," %!-"," $!."," #!/"]}},"3892":{"3045":{"keys":[68,83],"grid":[" "," '!+","!","!","!","!","!","!","!","!","!","!","!","!","!","!"]}},"3893":{"3045":{"keys":[68,83],"grid":[" ","!","!","!","!","!","!","!","!","!","!","!","!","!","!","!"]}},"3890":{"3045":{"keys":[68,83],"grid":[" "," ","!","!","!","!","!","!","!","!","!","!","!","!","!","!"]}},"3891":{"3045":{"keys":[68,83],"grid":[" "," ","!","!","!","!","!","!","!","!","!","!","!","!","!","!"]}},"3896":{"3043":{"keys":[68,83],"grid":[" ,!&"," +!'"," )!)"," (!*"," '!+"," &!,"," $!."," #!/"," !!0","!","!","!","!","!","!","!"]},"3042":{"keys":[68,83],"grid":[" "," 0!!","01","01","01","01","01","01","01","01","01","01","01"," /!#"," .!$"," -!%"]}},"3897":{"3041":{"keys":[68,83],"grid":[" "," "," "," "," "," "," "," "," 0!!"," -!%"," *!("," )!)"," '!+"," %!-"," $!."," #!/"]},"3042":{"keys":[83],"grid":[" "," "," "," "," "," "," "," "," "," "," "," "," "," "," "," "]}},"3894":{"3045":{"keys":[68,83],"grid":[" $!.","!","!","!","!","!","!","!","!","!","!","!","!","!","!","!"]},"3044":{"keys":[68,83],"grid":[" "," "," "," "," "," "," 0!!"," /!#"," .!$"," -!%"," ,!&"," +!'","11"," (!*"," &!,"," %!-"]}},"3895":{"3043":{"keys":[68,83],"grid":[" "," "," "," "," "," "," "," "," "," 0!!"," /!#"," -!%"," ,!&"," *!("," (!*"," &!,"]},"3044":{"keys":[68,83],"grid":[" %!-"," $!."," !!0","02","!","!","!","!","!","!","!","!","!","!","!","!"]}},"4079":{"3012":{"keys":[68,80],"grid":[" &!,"," '!+"," (!*"," )!)","03","03","03","03","03","03","03","02","02","01","01","01"]},"3013":{"keys":[68,80],"grid":[" &!,","00","00","00","00"," '!+"," (!*"," )!)"," *!("," +!'"," ,!&"," .!$"," /!#"," "," "," "]},"3011":{"keys":[80,68],"grid":[" "," "," "," "," "," "," ","!! 0","07","07","07","!# /","!$ .","12","!% -","14"]}},"4078":{"3011":{"keys":[80,68],"grid":[" "," "," )!$ !!# #"," (!) !"," !!/ !","!","!","!","!","!","!","!","!","!","!","!"]}},"4075":{"3011":{"keys":[80,68],"grid":[" "," "," "," "," "," !!) (","!* (","06","!/ #","!","!","!","!","!","!","!"]}},"4074":{"3011":{"keys":[80,68],"grid":[" "," "," "," "," "," ","!! 0","!$ .","!' )!#","!","!","!","!","!","!","!"]}},"4077":{"3011":{"keys":[80,68],"grid":[" "," "," "," "," "," /!#"," .!$"," ,!&"," +!'"," )!)"," (!*","!","!","!","!","!"]}},"4076":{"3011":{"keys":[80,68],"grid":[" "," "," "," "," "," "," "," "," ","!# /","!% +!! !","!","!","!","!","!"]}},"3889":{"3045":{"keys":[68,83],"grid":[" "," ","!","!","!","!","!","!","!","!","!","!","!","!","!","!"]}},"3888":{"3045":{"keys":[68,83],"grid":[" "," ","!","!","!","!","!","!","!","!","!","!","!","!","!","!"]}},"4073":{"3010":{"keys":[80,68],"grid":[" "," "," "," "," "," "," ","!! 0","!# /","08","!$ .","10","!% -","12","!& ,","!( *"]},"3011":{"keys":[68,80],"grid":[" )!)"," *!("," ,!&"," -!%"," .!$"," 0!!"," "," "," "," "," "," "," "," "," "," "]}},"4072":{"3010":{"keys":[80,68],"grid":[" "," "," "," ","!$ .","!& !!# $!$ #","!","!","!","!","!","!","!","!","!","!"]}},"4071":{"3010":{"keys":[68,80],"grid":[" &!,"," '!+"," )!)"," -!%"," "," "," "," "," "," "," "," "," "," "," "," "]},"3009":{"keys":[80,68],"grid":[" "," "," "," "," "," "," "," "," "," "," "," ","!# $!! +","!& ,","13","13"]}},"4080":{"3013":{"keys":[80,68],"grid":[" "," "," "," "," "," "," "," "," "," "," "," "," '!$ ("," %!' '","!! !!) '","!. $"]},"3014":{"keys":[68,80],"grid":[" .!$"," /!#"," 0!!","02","02"," "," "," "," "," "," "," "," "," "," "," "]}},"4081":{"3014":{"keys":[80,68],"grid":[" "," "," "," "," "," "," "," ","!! 0","!# /","!& ,","!* (","11","11","!+ '","!, &"]},"3015":{"keys":[68,80],"grid":[" -!%"," /!#"," 0!!","02","02"," "," "," "," "," "," "," "," "," "," "," "]}},"4082":{"3016":{"keys":[68,80],"grid":[" '!+"," &!,"," '!) #"," '!' %"," )!# '"," "," "," "," "," "," "," "," "," "," "," "]},"3015":{"keys":[80,68],"grid":[" "," "," "," "," "," ","!# /","!& ,","07","!' +","09","09","09","09","09","09"]}},"4083":{"3016":{"keys":[80,68],"grid":[" "," ","!! 0","02","!# /","04","04","04","04","!! *!'"," +!'"," *!(","11","11","!! (!)","!# '!)"]},"3017":{"keys":[68,80],"grid":[" '!! *"," "," "," "," "," "," "," "," "," "," "," "," "," "," "," "]}},"4084":{"3016":{"keys":[80,68],"grid":[" !!0","!","00","00","00","00","00","00","!","!","!","!","!","!","!","!"]},"3015":{"keys":[80,68],"grid":[" "," "," "," "," "," "," "," "," (!$ '"," '!% '"," &!& '"," &!' &"," %!) %"," $!- !"," !!0","14"]}},"4085":{"3016":{"keys":[68,80],"grid":[" #!/"," %!-"," '!+"," )!)"," -!%"," .!$"," /!#"," 0!!"," "," "," "," "," "," "," "," "]},"3015":{"keys":[80,68],"grid":[" "," "," "," "," "," "," "," "," "," "," "," "," "," ","!! 0","14"]}},"3902":{"3038":{"keys":[68,83],"grid":[" "," "," "," "," "," "," "," "," .!$"," +!'","!","!","!","!","!","!"]},"3039":{"keys":[83],"grid":[" "," "," "," "," "," "," "," "," "," "," "," "," "," "," "," "]}},"4087":{"3016":{"keys":[80,68],"grid":[" (!*"," &!,","01","01","01"," #!/","!","!","!","!","!","!","!","!","!","!"]},"3015":{"keys":[80,68],"grid":[" "," "," "," "," "," "," 0!!","06"," /!#"," .!$","09"," -!%"," ,!&","12"," +!'"," *!("]}},"4088":{"3014":{"keys":[80,68],"grid":[" "," "," "," "," "," "," "," "," "," "," "," "," "," /!! !"," .!# !"," .!$"]},"3015":{"keys":[80,68],"grid":[" -!%"," ,!&","01"," #!! !!$ %!&"," !!' $!'","!","!","!","!","!","!","!","!","!","!","!"]}},"4089":{"3015":{"keys":[80,68],"grid":[" ","!# /","!% !!# *","!+ '","!- %","04","04","04","!/ #","!","!","!","!","!","!","!"]}},"4086":{"3016":{"keys":[80,68],"grid":[" "," "," +!# %"," '!( $"," &!,"," $!."," !!0","!","!","!","!","!","!","!","!","!"]}},"3908":{"3036":{"keys":[68,83],"grid":[" "," "," "," "," "," "," "," "," "," "," "," "," %!% )"," $!' '!!"," #!* %!!"," #!/"]},"3037":{"keys":[68,83],"grid":[" #!/","00","00","00"," !!0","!","!","!","!","!","!","!","!","!","!","!"]}},"3909":{"3038":{"keys":[83,68],"grid":[" -!%","00"," ,!&","02","02","02","00","00","00","00","00","02","02","00","00"," .!$"]},"3036":{"keys":[68,83],"grid":[" "," "," "," "," "," '!# )","05","05"," '!$ ("," &!& '"," %!' '"," #!) '","!, &","12","!+ '","14"]},"3037":{"keys":[83,68],"grid":[" *!(","00","00","00","00"," +!'","05","05","05"," ,!&","09","09","09","09","09","09"]},"3043":{"keys":[83,68],"grid":[" '!+","00"," &!,","02","02"," $!."," #!/","06","06"," !!0","!","!","09","09","09","09"]},"3042":{"keys":[83,68],"grid":[" "," "," "," "," 0!!","04","04"," /!#"," -!%"," ,!&"," +!'","10"," *!("," )!)"," (!*","14"]},"3044":{"keys":[83,68],"grid":[" !!0","00"," #!/"," $!."," &!,","04","04"," '!+","07","07"," (!*","10"," '!* !"," '!! &!! $"," "," "]}},"4070":{"3009":{"keys":[80,68],"grid":[" "," "," "," "," "," "," +!! &","06"," *!$ %"," (!' $"," (!( #"," &!,"," %!-"," !!! !!.","!","!"]}},"3911":{"3040":{"keys":[83,68],"grid":[" "," "," "," "," "," "," "," "," "," 0!!"," .!$"," -!%"," *!("," !!# $!+","!","!"]},"3038":{"keys":[68,83],"grid":[" "," "," "," "," "," "," "," "," !!% ,","!' +","!) )","!* (","!+ '","!- %","!. $","14"]},"3039":{"keys":[83,68],"grid":[" .!$"," /!#","01"," 0!!","03"," "," "," "," "," "," "," "," "," "," "," "]},"3046":{"keys":[68,83],"grid":[" "," "," "," "," "," "," "," "," "," "," "," "," %!# !!# &!#"," $!* !!$","!","!"]}},"4093":{"3018":{"keys":[68,80],"grid":[" %!-"," &!,","01","01"," '!+"," (!*"," )!)"," *!(","07","06","05","06"," *!# #!$"," "," "," "]},"3017":{"keys":[80,68],"grid":[" "," "," "," "," "," "," "," "," "," ","!! 0","10","!# /","!$ .","13","!% -"]}},"4092":{"3016":{"keys":[80,68],"grid":[" "," "," "," "," "," "," "," &!! +"," %!$ *"," %!% )"," $!& )"," !!' *","!( *","!) )","13","13"]},"3017":{"keys":[68,80],"grid":[" *!("," +!'","01","00","00"," .!$"," /!#","06","06"," 0!!"," "," "," "," "," "," "]}},"4091":{"3016":{"keys":[80,68],"grid":[" "," "," "," "," ","!! 0","05","!# !!$ +","!) )","!* (","!, &","10","!/ #","!","!","!"]}},"4090":{"3016":{"keys":[68,80],"grid":[" *!(","00"," ,!&"," .!$"," /!! !"," "," "," "," "," "," "," "," "," "," "," "]},"3015":{"keys":[80,68],"grid":[" "," "," "," "," "," "," "," "," "," ","!! '!! )","!# %!# )","!) )","!* (","13","13"]}},"3913":{"3045":{"keys":[68,83],"grid":[" "," "," "," "," "," "," "," "," "," /!#","09"," .!$","11"," -!%","13","13"]},"3046":{"keys":[68,83],"grid":[" ,!&","00","00"," !!$ !!& !!&","!","!","!","!","!","!","!","!","!","!","!","!"]}},"3912":{"3040":{"keys":[83,68],"grid":[" !!0","00","00","00","00","00","!","!","!","!","!","!","!","!","!","!"]},"3039":{"keys":[68,83],"grid":[" "," "," "," "," "," "," "," "," ","!! 0","09","09","09","09","09","09"]},"3046":{"keys":[68,83],"grid":[" "," "," "," "," "," "," 0!!"," /!#"," -!%"," ,!&"," '!+"," &!,"," !!0","!","!","!"]}},"4095":{"3019":{"keys":[80,68],"grid":[" "," "," "," "," "," "," "," "," "," "," ","!$ .","!& ,","!) )","!+ &!!","!"]}},"4094":{"3018":{"keys":[80,68],"grid":[" "," "," "," "," "," "," "," "," "," "," "," "," ","!! 0","!# $!# *","!) )"]},"3019":{"keys":[68,80],"grid":[" )!)"," *!(","01","00","00","01","01","01","01","01"," +!$ #!!"," "," "," "," "," "]}},"3919":{"3044":{"keys":[68,83],"grid":[" "," "," &!& '"," %!' '"," $!* %"," #!/"," !!0","!","!","!","!","!","!","!","!","!"]}},"3918":{"3044":{"keys":[68,83],"grid":[" "," "," "," "," "," "," "," "," .!$"," )!)","!","!","!","!","!","!"]}}}}