{"9":{"245":{"199":{"keys":[83,1,68,""],"grid":[" (!!#)","00"," (!##("," )!!#(","03","03"," )$%#%","06"," %$-","08","08","08","$","$","$","$"]},"198":{"keys":[83,1,68],"grid":[" '!!#*","00"," &!##*"," &!!#+"," %!##+","04","02","00","00","00","00","00"," '!##)","12"," (!!#)","14"]},"195":{"keys":[83,1,68],"grid":[" *!!#'"," *!##&"," +!##%"," ,!!#%","03"," ,!$##"," .!!##"," .!$"," "," "," "," "," "," 0!!","13"," /!#"]},"194":{"keys":[83,1,68],"grid":[" "," "," "," "," "," "," "," %!-"," %!##+"," &!##*"," '!!#*"," '!##)"," (!$#'"," *!##&"," *!!#'","14"]},"197":{"keys":[83,1,68],"grid":[" .!!##"," .!##!"," /!#"," /!! !"," "," "," .!# !"," ,!&"," +!##%","08"," +!!#&"," *!##&"," *!!#'"," )!##'"," (!##("," '!##)"]},"196":{"keys":[83,1,68],"grid":[" .!##!"," -!###"," +!$#$"," +!!#&","03"," +!##%","03"," *!##&"," *!!#'","08","08","07","03","05"," ,!##$","01"]}},"247":{"201":{"keys":[68,1,"",67],"grid":[" "," '!& &"," %#!$!!!$$!'"," %$-","$","$","$","$","$","$","$","$","$","$","$","$"]}},"246":{"195":{"keys":[68,1,83],"grid":[" "," "," "," "," "," "," ","!! 0","!# /","#!!! /","09","08","07","07"," "," "]},"194":{"keys":[83,1,68],"grid":[" #!##-"," #!!#."," !!##.","!##/","03","03","!!#0","06","#","#","#","#","#","#","#","#"]},"197":{"keys":[68,1,83],"grid":[" ","!$ .","01","#!!! /","!# /","04","!! 0","06"," "," "," "," "," "," "," "," "]},"193":{"keys":[83,1,68],"grid":[" %!!#,"," %!##+"," &!!#+","01"," $!##,"," !!$#-","!##/","!!#0","07","!$#."," !!##."," #!##-"," $!!#-","12","12","11"]},"192":{"keys":[83,1,68],"grid":[" $!!#-"," $!##,"," %!##+"," &!!#+","02"," %!!#,","05","02","02","03","02","05","02","03","02","05"]}},"252":{"201":{"keys":["",67,68,1],"grid":[" "," "," "," "," "," "," "," "," "," "," "," ","!! $#% )","!# ##% )","!#$! !#% )","!!$##& )"]},"202":{"keys":[1,68,"",67,84],"grid":[" #!&#!$)"," !!($)","!# '$)"," $$.","$.#$","04","$/##","$) #$%%#","$) !$% !%#","$. !%#","09","$. #%!","$/ #","$0 !","$","$"]},"207":{"keys":[67,1,84],"grid":[" "," "," "," "," "," "," "," "," "," "," &!,","!'#+","#","#","#","#"]}},"253":{"203":{"keys":[67,1,84],"grid":[" $!##,"," %!##+"," &!##*"," '!$#("," (!##("," (!!#)"," '!##)","02","06","05"," (!$#'"," )!##'"," )!!#(","04","04","12"]},"202":{"keys":["",84,1,67],"grid":[" )!)","00","00","00","!","!","!","!","!","!","!","!","!","#!!0","#%!-","$!#!$!#!!-"]},"205":{"keys":[67,1,84],"grid":[" )!##'"," *!##&"," +!##%"," ,!!#%","03","03","03","02"," +!!#&","08","08","01","01","02","03"," ,!##$"]},"204":{"keys":[67,1,84],"grid":[" )!!#("," )!##'"," *!!#'","02"," *!##&"," +!!#&","05","05","04","02","02","02","02","02","02","01"]},"207":{"keys":[67,1,84],"grid":[" "," "," "," "," "," "," "," "," "," !!# .","!( *","#'!' !!! #","#,!&","#","#","#"]},"206":{"keys":[67,1,84],"grid":[" -!###"," .!##!"," /!!#!","02"," -!$#!","00","01","02"," /!#"," 0!!"," "," "," "," "," "," "]}},"250":{"202":{"keys":[67,1],"grid":[" "," "," "," "," "," "," (!! )"," "," "," "," "," "," "," "," "," "]}},"251":{"201":{"keys":["",68,67],"grid":["  !!"," !! ","  ##","#"]},"202":{"keys":[67,1,68],"grid":[" "," /!#"," .!##!"," -!##!!!"," -!%"," -!# #"," "," "," "," "," "," "," "," "," "," "]},"207":{"keys":[67,1,84],"grid":[" "," "," "," "," "," "," "," "," "," "," "," .!$"," .!!##","12","12"," .!##!"]}},"249":{"202":{"keys":[67,1],"grid":[" "," "," "," "," "," "," "," /!! !","07"," "," "," "," "," "," "," "]}},"248":{"201":{"keys":[68,1,67,""],"grid":[" %!# +"," !!& +","!##$!! +","#%!# +","#&!$ '$#","#(!$ %$#","#*!$ #$#","#,!$$#","#","#","#","#","#","#","#","#"]},"200":{"keys":[68,1,85,""],"grid":[" "," "," "," "," "," "," "," "," "," "," "," "," &!% ("," &!!#$ ("," &!!#$$$ %"," ($# ("]}},"254":{"207":{"keys":[67,1,84],"grid":[" )!##'","00"," (!##("," %!%#)"," %!!#,"," $!##,"," $!!#-","06","06"," #!$#,"," #!%#+"," %!##+","!&#,","#","#","#"]},"206":{"keys":[84,1,67],"grid":[" "," "," "," "," "," "," "," "," ","!! 0","!# /","#!!$ -","#$!# ,","#%!# +","#&!# *","#'!$ ("]}}},"13":{"3926":{"3115":{"keys":[83,68],"grid":[" /!#"," 0!!"," "," "," "," "," "," "," "," "," "," "," "," "," "," "]},"3114":{"keys":[83,68],"grid":[" %!-","00","00"," '!+"," (!*","04","04"," )!)","07","07"," *!(","10"," +!'"," ,!&","13"," .!$"]},"3113":{"keys":[68,83],"grid":[" "," "," "," "," "," "," "," "," "," "," "," "," ","!! 0","!# /","!$ ."]},"3111":{"keys":[83,68],"grid":[" "," "," "," "," ","!( *","!+ '","!- %","!. $","!0 !","!","!","!","!","!","!"]},"3174":{"keys":[68,83],"grid":[" "," "," "," "," "," "," "," ","!! 0","!# /","!$ .","10","09","08","08"," "]},"3179":{"keys":[83,68],"grid":[" ,!&","00","00","00","00","00","00","00"," +!'","08","08","08","00","00","00"," -!%"]},"3178":{"keys":[83,68],"grid":[" -!%","00","00"," .!$","00","00","00","00"," ,!&"," +!'","09"," *!(","11","09","09","09"]},"3180":{"keys":[83,68],"grid":[" -!%"," .!$","01","01","01","01"," /!#"," 0!!","07"," "," "," "," "," "," "," "]},"3181":{"keys":[83,68],"grid":[" 0!!","00"," /!#","02","02","02","02","02","02","00"," "," "," "," "," "," "]},"3168":{"keys":[83,68],"grid":[" -!%","00","00","00"," ,!&","04","04","04"," *!("," )!)","08","08","08"," +!'","13","08"]},"3169":{"keys":[83,68],"grid":[" *!("," )!)"," (!*","02","01","00","00","00"," +!'"," '!+","09","02","09","09","09","09"]},"3167":{"keys":[83,68],"grid":[" "," "," "," "," "," "," 0!!","06"," "," ","06","06","06","06","06"," .!$"]},"3175":{"keys":[68,83],"grid":[" "," ","!! 0","02","02","!# /","05","!$ .","!% -","!& ,","09","09","09","09","08","08"]},"3170":{"keys":[83,68],"grid":[" !!$ #!+"," #!/","01","01","01"," !!0","!","!","!","!","!","!","!","!","!","!"]},"3177":{"keys":[83,68],"grid":[" '!+"," (!*"," )!)"," *!("," +!'"," ,!&","05","05","05","05","05"," -!%","11","11","11","11"]},"3176":{"keys":[83,68],"grid":[" %!-","00","00","00"," &!,","04"," '!+"," (!*"," *!(","08","08"," )!)"," $!.","12","12","00"]}},"3927":{"3116":{"keys":[83,68],"grid":[" .!$"," /!#"," 0!!"," "," "," "," "," "," "," "," "," "," "," "," "," "]},"3115":{"keys":[68,83],"grid":[" "," ","!$ '!# &","!. $","03","03","!/ #","06","06","06","06","06","06","06","03","03"]},"3111":{"keys":[83,68],"grid":[" "," "," "," "," "," "," "," "," "," ","!! 0","!% )!%","!) #!'","!","!","!"]},"3184":{"keys":[83,68],"grid":[" ,!&","00","00","00","00","00","00"," -!%","07","07","07","07","07","07","07","07"]},"3185":{"keys":[83,68],"grid":[" .!$","00","00","00","00","00","00","00","00"," /!#","09","09","09","09","09","09"]},"3186":{"keys":[83,68],"grid":[" /!#"," 0!!","01","01","01","01","01","01","01","01"," "," "," "," "," "," "]},"3180":{"keys":[68,83],"grid":[" "," "," "," "," "," "," "," "," "," ","!! 0","10","!# /","10","10"," "]},"3181":{"keys":[68,83],"grid":[" "," "," "," "," "," "," "," "," "," "," ","!# /","!$ .","12","12","!% -"]},"3182":{"keys":[83,68],"grid":[" %!-"," &!,","01","01","01","01","01","01","01","01","01","01"," '!+","12","12","12"]},"3183":{"keys":[83,68],"grid":[" '!+","00"," (!*","02","02","02","02"," )!)"," *!(","08"," +!'"," ,!&"," .!$","12"," -!%","14"]},"3166":{"keys":[83,68],"grid":[" "," "," "," "," "," "," 0!!"," .!$"," -!%","08"," '!% !!&"," '!+"," &!,"," #!/","13","13"]},"3167":{"keys":[83,68],"grid":[" #!/"," $!.","01","01","01","!","!","!","!","!","!","!","!","!","!","!"]}},"3924":{"3173":{"keys":[83,68],"grid":[" 0!!"," "," "," "," "," "," "," "," "," "," "," "," "," "," "," "]},"3172":{"keys":[83,68],"grid":[" "," "," "," "," "," "," "," "," "," /!#"," .!$","10","10","09","09"," 0!!"]},"3112":{"keys":[83,68],"grid":[" -!%"," ,!&","00","00"," .!$","04"," /!#"," "," "," "," "," "," "," "," "," "]},"3111":{"keys":[83,68],"grid":[" "," "," "," )!' #"," (!*"," (!# !!'"," +!'"," ,!&","07","07"," -!%","07","07","10","10","10"]}},"3925":{"3113":{"keys":[83,68],"grid":[" $!."," %!-","01"," &!,","03","03"," '!+","06"," (!*"," +!'"," ,!&"," -!%"," .!$"," "," "," "]},"3112":{"keys":[68,83],"grid":[" "," "," "," "," "," "," "," "," ","!! 0","!# /","10","10","10","10","!$ ."]},"3111":{"keys":[83,68],"grid":[" "," "," "," ","!. $","!","!","!","!","!","!","!","!","!","!","!"]},"3171":{"keys":[83,68],"grid":[" ,!&","00"," +!'"," '!! $!'"," %!& !!'"," %!-"," &!,","06"," '!+","08","08","08","06","06","06","06"]},"3170":{"keys":[83,68],"grid":[" "," "," "," "," "," "," "," "," "," "," "," -!%","11","11","11"," ,!&"]},"3173":{"keys":[68,83],"grid":[" "," ","!! 0","02","02","02","02","02","02","02","!) )","!* (","11","11","11","11"]},"3172":{"keys":[83,68],"grid":[" &!,"," $!."," !!0","!","!","!","01","01","01","!! #!.","!","!","!","!","!","!"]},"3174":{"keys":[83,68],"grid":[" *!(","00"," +!'","02"," ,!&","04"," .!$"," "," "," "," "," "," "," "," "," "]}},"3928":{"3116":{"keys":[68,83],"grid":[" "," "," ","!! 0","03"," ","!# /","!& ,","!( %!# $","!( #!% $","!( !!' #","!/ #","!","!","!","!"]},"3111":{"keys":[83,68],"grid":[" "," "," "," "," "," "," "," "," "," "," ","!& ,","!* (","!- %","!0 !","!"]},"3186":{"keys":[68],"grid":[" "," "," "," "," "," "," "," "," "," "," "," "," "," "," "," "]},"3187":{"keys":[68,83],"grid":[" "," "," ","!! 0","03","03","03","03","03","03","03","03","!# /","12","12","12"]},"3166":{"keys":[83,68],"grid":[" &!,"," $!."," #!/"," !!0","03","!","!","!","!","!","!","!","!","!","!","!"]},"3165":{"keys":[83,68],"grid":[" "," "," "," "," "," "," "," 0!!"," .!$"," -!%"," ,!&"," *!(","11"," )!)"," '!+"," &!,"]},"3188":{"keys":[83,68],"grid":[" #!/","00","00","00"," $!.","04","04","04","04","04","04","04","04"," %!-","13","13"]},"3189":{"keys":[83,68,""],"grid":[" %!-","00","00","00","00","00"," &!,","06"," %#-","08","08","08","#","#","#","#"]}},"3929":{"3119":{"keys":[83,68],"grid":[" ,!&","00"," *!(","02","02"," )!)","05"," (!*"," '!+","08","08","05","05","05"," +!'","14"]},"3118":{"keys":[83,68],"grid":[" -!%","00"," ,!&","00","00"," .!$"," /!#","05","06","05","05","05","00","00","02","02"]},"3117":{"keys":[83,68],"grid":[" )!)"," ,!&"," -!%"," /!#"," 0!!"," "," "," ","04","03"," .!$","02","02","02","02","02"]},"3116":{"keys":[68,83],"grid":[" "," "," "," "," "," "," "," "," "," "," "," ","!! 0","!% -","!( *","14"]},"3120":{"keys":[83,68],"grid":[" +!'","00","00"," ,!&","03"," -!%","05","05","05","03","03","03","03","03","03","05"]},"3121":{"keys":[83,68],"grid":[" .!$"," /!#"," "," "," "," "," "," "," "," "," "," "," "," "," "," "]},"3111":{"keys":[83,68],"grid":[" "," "," "," "," "," "," "," "," "," .!$"," ,!&"," )!)"," '!+"," &!,"," %!-","!"]},"3143":{"keys":[83,68],"grid":[" "," "," "," "," "," "," "," "," "," "," "," "," "," "," "," 0!!"]},"3144":{"keys":[83,68],"grid":[" /!#","00"," .!$","02","02","02","02","00","00","00","00","00","02","02"," ,!&"," *!("]},"3145":{"keys":[83,68],"grid":[" *!(","00","00","00","00","00","00","00"," )!)","08","08"," (!*","11","11"," '!( !!#"," '!& %!!"]},"3146":{"keys":[83,68],"grid":[" '!% '"," (!$ '"," )!! '!!"," 0!!","03"," /!#","05"," -!%"," +!'"," *!(","09","08","09","09"," )!)"," '!+"]},"3147":{"keys":[83,68],"grid":[" $!.","00"," #!$ $!)"," #!# &!("," +!'"," -!%"," .!$"," /!#","07"," "," "," "," "," "," "," "]},"3164":{"keys":[83,68],"grid":[" 0!!","00","00","00"," /!#","04","04"," .!$","07"," ,!&"," +!'","10"," *!(","12"," )!)"," (!*"]},"3165":{"keys":[83,68],"grid":[" (!*"," '!+","01"," &!,"," #!/"," !!0","!","!","!","!","!","!","!","!","!","!"]},"3163":{"keys":[83],"grid":[" "," "," "," "," "," "," "," "," "," "," "," "," "," "," "," "]}},"4028":{"3236":{"keys":[67,68],"grid":[" +!'","00"," *!(","02","02"," )!)","05"," (!*","07","07","07","07","07","02","07","07"]},"3237":{"keys":[67,68],"grid":[" )!)"," *!("," ,!&"," -!%"," .!$","04"," /!#"," "," "," "," "," "," "," "," "," "]},"3235":{"keys":[67,68],"grid":[" "," "," "," "," "," "," "," "," "," "," "," "," 0!!"," /!#"," .!$"," -!%"]}},"4029":{"3236":{"keys":[68,67],"grid":[" "," "," "," "," "," "," "," "," "," "," "," "," .!$"," ,!&"," )!)","14"]},"3237":{"keys":[68,67],"grid":[" (!*","00","00"," '!+"," &!,"," $!."," !!0","!","!","!","!","!","!","!","!","!"]},"3234":{"keys":[67,68],"grid":[" "," "," "," "," "," "," "," "," "," "," "," "," "," "," 0!!"," /!#"]},"3235":{"keys":[67,68],"grid":[" .!$"," -!%"," +!'"," *!("," )!)"," (!*"," '!+"," &!,"," %!-"," $!."," #!/","!","!","!","!","!"]},"3323":{"keys":[67,84],"grid":[" "," "," "," "," "," "," "," .!! #"," +!% #"," *!' !"," +!'","10"," *!(","12"," )!)"," (!*"]},"3324":{"keys":[67,84],"grid":[" '!+"," &!,","01","01","01","01","01","01","01","01"," %!-","10","10","10","10","10"]},"3325":{"keys":[67,84],"grid":[" %!-"," $!.","01","01","01"," #!/","05","05","05","05","05"," !!0","11","11","05","05"]},"3326":{"keys":[67,84],"grid":[" $!.","00"," %!-"," &!,"," '!+"," (!*","05","05","05"," )!)","09","09"," *!(","12"," +!'","14"]},"3327":{"keys":[67,84],"grid":[" ,!&"," -!%","01","01"," .!$"," /!#","05"," 0!!"," "," "," "," "," "," "," "," "]}},"3998":{"3240":{"keys":[67,68],"grid":[" !!% ,"," "," "," "," "," "," "," "," "," "," "," "," "," "," "," "]},"3239":{"keys":[67,68],"grid":[" "," "," "," "," "," "," "," "," "," "," "," "," "," "," "," #!# -"]}},"3939":{"3104":{"keys":[68],"grid":[" "," "," "," "," "," "," "," "," "," "," "," "," "," "," "," "]},"3100":{"keys":[83,68],"grid":[" '!+"," (!*","01","00","00","00","01"," )!)","07"," *!(","09","07","07"," ,!&"," .!$","14"]},"3101":{"keys":[83,68],"grid":[" -!%"," *!(","01","01"," +!'","04","01","01","01"," )!)"," (!*","10","10"," '!+"," &!,","14"]},"3102":{"keys":[83,68],"grid":[" '!+"," (!*","01","00","00"," &!,"," %!-","06","06","05","05","05","05","00","00","00"]},"3103":{"keys":[83,68],"grid":[" &!,","00"," $!.","02","02"," #!/","!","!","!","!","!","!","!","!","!","!"]},"3092":{"keys":[83,68],"grid":[" "," "," "," "," "," 0!!"," /!#"," .!$","07","07","07","07","07","07","07","07"]},"3093":{"keys":[83,68],"grid":[" /!#","00"," .!$","02"," -!%","04","04"," ,!&"," +!'"," #!# &!(","!","!","!","!","!","!"]},"3072":{"keys":[83,68],"grid":[" $!.","00"," %!-","02"," &!,"," '!+"," (!*"," )!)","07"," *!("," ,!&"," -!%","11"," .!$"," /!#","14"]},"3073":{"keys":[83,68],"grid":[" /!#"," 0!!","01","01"," "," "," "," "," "," "," "," "," "," "," "," "]},"3099":{"keys":[68,83],"grid":[" "," "," "," "," "," "," "," ","!$ .","08","!# /","!! 0","11","08","!% -","!& ,"]}},"3938":{"3104":{"keys":[83,68],"grid":[" "," 0!!","01"," "," ","01","01"," /!#","07","07","01","01","01","01","01","07"]},"3105":{"keys":[83,68],"grid":[" 0!!","00","00"," .!$","03","03"," -!%"," ,!&"," )!)"," '!+"," &!,"," %!-","11","11"," $!.","14"]},"3106":{"keys":[83,68],"grid":[" $!.","00"," #!/"," !!0","!","!","!","!","!","!","!","!","!","!","!","!"]},"3103":{"keys":[83,68],"grid":[" "," "," "," "," "," "," 0!!","06"," /!#"," .!$","08","09","08","06"," "," "]},"3153":{"keys":[68,83],"grid":[" "," "," "," "," "," "," "," "," #!! .","!# /","09","09","09","09","!# !!! -","!% -"]},"3093":{"keys":[83,68],"grid":[" "," "," "," "," "," "," "," "," "," "," !!# #!# *","!+ %!#","!","!","!","!"]},"3097":{"keys":[68],"grid":[" "," "," "," "," "," "," "," "," "," "," "," "," "," "," "," "]},"3154":{"keys":[83,68],"grid":[" $!.","00"," #!/"," !!0","03","!","!","!","!","!","!","!","!","!","!","!"]},"3098":{"keys":[83,68],"grid":[" !!0","00","00","!"," %!-","04","04","04"," '!+"," (!*","09"," )!)","11"," *!(","13","13"]},"3099":{"keys":[83,68],"grid":[" *!(","00","00","00","00"," *!# #!$"," .!$"," /!#"," "," "," "," "," "," "," "," "]}},"3935":{"3127":{"keys":[68,83],"grid":[" "," "," "," "," "," "," (!*"," &!,"," !!0","!","!","!","!","!","!","!"]},"3111":{"keys":[83,68],"grid":[" "," "," "," /!#"," -!%"," +!'"," (!*","!","!","!","!","!","!","!","!","!"]},"3135":{"keys":[83,68],"grid":[" %!-"," #!/","01"," !!0","!","!","!","!","!","!","!","!","!","!","!","!"]},"3134":{"keys":[83,68],"grid":[" .!$","00","00","00"," 0!!","04","04"," /!#","07","00","00","00"," +!! #!$"," +!'"," *!("," &!! !!*"]},"3133":{"keys":[83,68],"grid":[" "," "," "," 0!!"," /!#"," -!%"," ,!&"," +!'"," )!)"," *!(","07","06","05","05"," .!$","14"]},"3154":{"keys":[68,83],"grid":[" "," "," "," "," "," "," "," "," $!% %!$ #"," %!$ %!&"," $!$ %!'"," $!.","!","!","!","!"]},"3159":{"keys":[83,68],"grid":[" "," ","!! 0"," ","!! !!% +","!' )!#","!+ $!$","!","!","!","!","!","!","!","!","!"]}},"3934":{"3153":{"keys":[68,83],"grid":[" "," "," "," "," "," "," "," "," "," "," "," ","!! 0","12","12","!# /"]},"3127":{"keys":[68,83],"grid":[" "," "," "," "," "," "," "," "," "," 0!!"," -!%"," )!)"," '!+","!# %!+","!","!"]},"3111":{"keys":[83,68],"grid":[" "," "," "," "," %!# +","!. $","!0 !","!","!","!","!","!","!","!","!","!"]},"3135":{"keys":[83,68],"grid":[" "," "," "," "," "," "," "," 0!!"," /!#","08"," .!$","10"," -!%","12","12"," ,!&"]},"3136":{"keys":[83,68],"grid":[" ,!&"," +!'"," *!(","!( !!)","!","!","!","!","!","!","!","!","!","!","!","!"]},"3155":{"keys":[83],"grid":[" "," "," "," "," "," "," "," "," "," "," "," "," "," "," "," "]},"3154":{"keys":[83,68],"grid":[" #!/"," $!.","01","01","01"," %!-","05"," &!,"," '!+"," (!*","09"," +!'"," ,!&"," -!$ !"," -!# #"," -!! $"]},"3159":{"keys":[68],"grid":[" "," "," "," "," "," "," "," "," "," "," "," "," "," "," "," "]},"3158":{"keys":[83,68],"grid":[" "," "," "," "," "," "," "," "," "," #!$ ,","!) )","!* (","!, &","!- %","!/ #","!0 !"]}},"3937":{"3128":{"keys":[68,83],"grid":[" "," ","!! 0","!# /","!$ .","04","04","!% -","!& ,","08","!' +","10","10","!( *","13","!) )"]},"3129":{"keys":[83,68],"grid":[" *!(","00"," +!'","02","02","00","00"," )!)","07","07"," (!*","07","00","02","02"," ,!&"]},"3108":{"keys":[83,68],"grid":[" %!-","00"," #!/"," !!0","03","!","!","!","!","!","!","!","!","!","!","!"]},"3109":{"keys":[68],"grid":[" "," "," "," "," "," "," "," "," "," "," "," "," "," "," "," "]},"3106":{"keys":[83,68],"grid":[" "," "," "," "," 0!!","04"," /!#"," .!$"," '!% !!&"," '!+"," &!,"," #!/","11"," !!0","13","!"]},"3107":{"keys":[68,83],"grid":[" "," "," "," "," "," "," "," ","!! 0","!# /","09","09","09","!$ .","!% -","14"]},"3155":{"keys":[83,68],"grid":[" (!*","00","00","00","00"," )!)"," -!%"," .!$"," ,!&"," +!'","08","09","09"," *!(","08","09"]},"3153":{"keys":[68,83],"grid":[" "," "," "," "," "," "," "," "," "," .!! #"," ,!$ #"," +!% !!!"," #!! '!("," !!# &!)","!$ %!*","!% $!*"]},"3093":{"keys":[83,68],"grid":[" "," "," "," "," "," "," "," "," "," "," "," .!$"," -!%","12","12"," ,!&"]},"3131":{"keys":[83,68],"grid":[" %!-","00"," $!."," #!/","03","03"," !!0","06","!","!","!","!","!","!","!","!"]},"3130":{"keys":[83,68],"grid":[" -!%"," .!$","01","00"," ,!&"," +!'"," *!(","06"," )!)","08"," (!*","10"," '!+","12"," &!,"," %!-"]},"3094":{"keys":[83,68],"grid":[" +!'"," *!(","01"," !!% %!(","!' #!)","!","!","!","!","!","!","!","!","!","!","!"]},"3154":{"keys":[83,68],"grid":[" &!! +"," "," "," "," "," 0!!"," /!#"," .!$"," -!%"," ,!&","09"," +!'"," *!(","12","12"," )!)"]},"3157":{"keys":[68],"grid":[" "," "," "," "," "," "," "," "," "," "," "," "," "," "," "," "]},"3098":{"keys":[83,68],"grid":[" /!! !"," "," "," "," "," "," "," "," "," "," "," "," "," "," "," "]},"3097":{"keys":[68,83],"grid":[" "," "," "," "," "," "," "," "," "," "," "," ","!! 0","!% %!! (","!+ #!! $","!* #!# $"]},"3156":{"keys":[83,68],"grid":[" +!'"," )!)","01","01","01","01"," (!*","06","06"," '!+","09"," &!,","11"," %!-"," #!/","!"]}},"3936":{"3094":{"keys":[83,68],"grid":[" "," "," "," "," "," -!%"," ,!&"," +!'"," *!("," (!*","09","09","09","09"," '!+","14"]},"3128":{"keys":[83,68],"grid":[" 0!!"," "," "," "," "," "," "," "," "," "," "," "," "," "," "," "]},"3158":{"keys":[83,68],"grid":[" 0!!","00","00","00","00","00"," .!$"," -!%"," ,!&","08"," +!'","08","08","07","07","08"]},"3108":{"keys":[83,68],"grid":[" "," "," "," "," "," "," "," "," "," "," 0!!","10","10","10"," /!#","14"]},"3109":{"keys":[83,68],"grid":[" /!#","00","00","00","00"," 0!!"," ","05","00","00","00"," .!$"," -!%","12"," ,!&","14"]},"3095":{"keys":[83,68],"grid":[" '!+"," &!,","01"," %!-","03","03","03","03"," #!/","08"," !!0","10","10","10","08","03"]},"3107":{"keys":[83,68],"grid":[" "," "," "," "," "," "," 0!!"," "," "," "," "," "," "," "," "," "]},"3127":{"keys":[68,83],"grid":[" "," "," "," "," "," ","!! 0","!# /","!$ .","!& ,","!' +","!( *","!* (","!, &","!. $","!/ #"]},"3111":{"keys":[83,68],"grid":[" '!+"," &!,"," #!/","!","!","!","!","!","!","!","!","!","!","!","!","!"]},"3110":{"keys":[83,68],"grid":[" ,!&"," +!'"," *!(","01","01","01","02","02","02","02","02"," )!)"," (!*"," '!+","13","13"]},"3153":{"keys":[68,83],"grid":[" "," "," "," "," "," "," "," "," "," "," "," "," "," "," 0!!"," )!! &!#"]},"3157":{"keys":[83,68],"grid":[" "," "," 0!!","02","02","02","02"," ","02"," "," "," "," ","02","02","02"]},"3097":{"keys":[83,68],"grid":[" %!-"," &!,","01"," '!+","03","03"," (!*"," )!)","06","07"," *!("," -!%"," /!#"," /!! !","13","13"]},"3133":{"keys":[83,68],"grid":[" #!/"," !!0","!","!","!","!","!","!","!","!","!","!","!","!","!","!"]},"3132":{"keys":[83,68],"grid":[" +!'"," *!("," )!)"," (!*","03"," '!+","05"," &!,"," %!-","08"," $!.","10","10","10"," #!/","14"]},"3096":{"keys":[83,68],"grid":[" &!,","00","00","00"," %!-"," $!.","04","00","00"," '!+","09","09","09","09","00","00"]},"3159":{"keys":[83,68],"grid":[" ,!&","00","00"," #!# (!&","!) !!(","!","!","!","!","!","!","!","!","!","!","!"]},"3154":{"keys":[68,83],"grid":[" (!*"," )!)","01"," &!! #!)"," &!,","04"," %!-","06"," $!."," !!0","!","!","!","!","!","!"]},"3131":{"keys":[83,68],"grid":[" "," "," "," "," "," "," "," "," "," 0!!"," /!#"," .!$","11"," -!%","13"," ,!&"]},"3156":{"keys":[83],"grid":[" "," "," "," "," "," "," "," "," "," "," "," "," "," "," "," "]}},"3931":{"3122":{"keys":[68,83],"grid":[" "," "," "," "," ","!! 0","!# /","!$ .","!& ,","!' +","!( *","09","09","08","08","!% -"]},"3123":{"keys":[83,68],"grid":[" %!-"," $!.","01"," #!/","03"," !!0","05","05","03","03","01","01","01","01","01","01"]},"3111":{"keys":[83,68],"grid":[" "," "," ","!$ .","!( *","!+ '","!","!","!","!","!","!","!","!","!","!"]},"3125":{"keys":[83,68],"grid":[" *!("," ,!&","01"," .!$"," 0!!"," "," "," "," "," "," "," "," "," "," "," "]},"3141":{"keys":[68,83],"grid":[" "," "," "," "," "," "," "," "," "," ","!! 0","!# /","!$ .","11","10"," "]},"3150":{"keys":[83,68],"grid":[" .!$"," /!#"," 0!!"," "," "," "," "," "," "," "," "," "," "," "," "," "]},"3124":{"keys":[83,68],"grid":[" #!/","00","00","00"," $!.","04"," %!-","06","06","06","06","06"," &!,"," (!*"," )!)"," *!("]},"3149":{"keys":[68,83],"grid":[" "," ","!! 0","02","!# /","!$ .","!% -","!& ,","!' +","!( *","!) )","!* (","11","!+ '","!, &","!- %"]},"3159":{"keys":[83,68],"grid":[" "," "," "," "," "," "," "," "," "," "," "," "," "," "," .!$"," +!'"]},"3138":{"keys":[83,68],"grid":[" "," "," "," 0!!"," /!#"," -!%"," ,!&"," +!'"," &!,"," $!."," !!0","!","!","!","!","!"]},"3160":{"keys":[83,68],"grid":[" *!("," )!)"," #!% !!*"," !!0","03","!","!","!","!","!","!","!","!","!","!","!"]},"3161":{"keys":[68,83],"grid":[" "," ","!! 0","02"," "," "," "," "," "," "," "," "," "," "," "," "]}},"3930":{"3122":{"keys":[83,68],"grid":[" ,!&"," -!%"," /!#"," 0!!","03"," "," "," "," "," "," "," "," "," "," "," "]},"3117":{"keys":[68],"grid":[" "," "," "," "," "," "," "," "," "," "," "," "," "," "," "," "]},"3139":{"keys":[83,68],"grid":[" 0!!","00"," /!#"," .!$","03"," -!%","05"," ,!&","07","07","07","07","07"," +!'","07","07"]},"3121":{"keys":[68,83],"grid":[" "," "," ","!! 0","!$ .","04","!& ,","!' +","07","!( *","!) )","!* (","11","11","11","!+ '"]},"3111":{"keys":[83,68],"grid":[" "," "," "," /!#"," +!'"," &!,"," #!/"," !!0","07","!","!","!","!","!","!","!"]},"3138":{"keys":[83,68],"grid":[" "," "," "," "," "," "," "," "," "," "," "," "," 0!!"," /!#","12","12"]},"3140":{"keys":[83,68],"grid":[" ,!&","00","00","00","00"," +!'","05","05","05","05","05","05","05","05","05","05"]},"3141":{"keys":[83,68],"grid":[" +!'","00","00"," *!(","03","03","03","00","00","00"," ,!&"," "," "," "," "," "]},"3142":{"keys":[83,68],"grid":[" 0!!"," /!#","01"," .!$","03","03","03","03","03"," -!%","09","09"," ,!&","12"," +!'"," *!("]},"3143":{"keys":[83,68],"grid":[" *!("," )!)","01"," %!-"," $!.","04","04","04","04","04"," #!/","10"," !!0","12","!","!"]},"3147":{"keys":[68,83],"grid":[" "," "," "," "," "," "," "," ","!! 0","!! !!! .","!% -","10","!& ,","12","12","!' +"]},"3148":{"keys":[83,68],"grid":[" '!+","00"," (!*","02","02"," )!)","05"," *!(","07"," +!'"," ,!&"," -!%","11"," .!$"," /!#"," 0!!"]},"3149":{"keys":[83,68],"grid":[" 0!!"," "," "," "," "," "," "," "," "," "," "," "," "," "," "," "]},"3162":{"keys":[83,68],"grid":[" /!#"," -!! #!!"," -!%","02","02"," ,!&"," +!'","06","06"," *!("," )!)"," (!*","10"," &!,","13","13"]},"3163":{"keys":[83,68],"grid":[" %!-","00"," &!,","02","02","02","02","02","02","02","00"," $!.","11"," #!/","13","!"]},"3160":{"keys":[83,68],"grid":[" "," "," "," "," "," 0!!"," /!#"," .!$"," -!%","07","06","05"," "," "," "," "]},"3161":{"keys":[83,68],"grid":[" "," "," "," "," "," "," 0!!","06","06","06","06","06"," /!#","12","12","12"]}},"3933":{"3126":{"keys":[83,68],"grid":[" ,!&","00"," +!'","02","02"," *!("," )!)","05","02","02","05","06","06","06","06"," (!*"]},"3137":{"keys":[83,68],"grid":[" #!/","00"," !!0","02","!","!","!","!","!","!","!","!","!","!","!","!"]},"3111":{"keys":[83,68],"grid":[" "," "," "," "," "," -!%"," ,!&"," +!'","!! (!)","!% $!*","!","!","!","!","!","!"]},"3125":{"keys":[68,83],"grid":[" "," "," "," "," "," "," "," "," ","!! 0","!# /","!& ,","!+ '","!, &","13","13"]},"3153":{"keys":[83,68],"grid":[" *!(","00","00"," +!'","03"," ,!&"," -!%","06"," .!$"," /!#"," 0!!"," "," "," "," "," "]},"3152":{"keys":[83,68],"grid":[" %!-"," %!! !!+"," '!+","02"," (!*","04","04","04","04","04","04","04","04","04","04"," )!)"]},"3151":{"keys":[68,83],"grid":[" "," "," "," "," "," "," "," "," "," "," "," "," ","!$ .","!% -","14"]},"3136":{"keys":[83,68],"grid":[" "," "," "," /!#"," -!%"," ,!&"," +!'"," *!("," )!)"," (!*"," '!+"," &!,"," %!-"," $!.","13"," #!/"]},"3159":{"keys":[83,68],"grid":[" *!("," )!)","00"," +!'"," ,!&"," -!%","05"," .!$","07","07"," /!#"," 0!!"," #!! -!!"," !!$ )!%","!","!"]},"3158":{"keys":[83,68],"grid":[" "," "," "," "," "," "," "," "," "," "," /!#"," .!$"," ,!&"," +!'","13"," *!("]},"3127":{"keys":[83,68],"grid":[" (!*","00"," '!+"," &!,","03","03","03","02","02","00"," )!)"," ,!&"," "," "," "," "]}},"3932":{"3151":{"keys":[83,68],"grid":[" '!+"," (!*"," )!)","02"," *!(","04"," +!'"," ,!&","07"," -!%"," /!#","10"," /!! !"," "," "," "]},"3111":{"keys":[83,68],"grid":[" "," "," "," "," ","!$ .","!) )","!- %","!","!","!","!","!","!","!","!"]},"3125":{"keys":[68,83],"grid":[" "," "," "," "," ","!# !!# ,","!' +","!* (","!","!","!","!","!","!","!","!"]},"3137":{"keys":[83,68],"grid":[" "," "," "," "," "," /!#"," -!%"," +!'"," )!)"," '!+"," &!,"," %!-","11","11","11"," $!."]},"3150":{"keys":[68,83],"grid":[" "," "," "," ","!! 0","04","!# /","06","!$ .","08","08","!% -","11","!& ,","13","!' +"]},"3159":{"keys":[83,68],"grid":[" "," "," "," "," "," "," "," "," "," "," "," "," "," .!$","!$ *!%","!) #!'"]},"3138":{"keys":[83,68],"grid":[" #!/","00","!","!","!","!","!","!","!","!","!","!","!","!","!","!"]}},"4031":{"3233":{"keys":[67,68],"grid":[" "," 0!!"," /!#"," .!$"," -!%"," ,!&"," *!("," )!)"," (!*"," '!+"," &!,"," %!-"," $!."," #!/"," !!0","!"]},"3323":{"keys":[67,84],"grid":[" "," "," "," "," "," "," "," "," "," "," %!-","!","!","!","!","!"]},"3236":{"keys":[68,67],"grid":[" -!%"," *!("," (!*"," %!-"," #!/","!","!","!","!","!","!","!","!","!","!","!"]},"3235":{"keys":[68,67],"grid":[" "," "," "," "," "," "," "," "," "," "," "," "," "," "," "," 0!!"]}},"4030":{"3233":{"keys":[67,68],"grid":[" "," "," "," "," "," "," "," "," "," "," "," "," "," "," "," 0!!"]},"3323":{"keys":[67,84],"grid":[" "," "," "," "," "," "," "," "," "," "," ","!% (!&","!","!","!","!"]},"3236":{"keys":[68,67],"grid":[" "," "," "," "," "," 0!!"," .!$"," +!'"," )!)"," &!,"," #!/","!","!","!","!","!"]},"3234":{"keys":[67,68],"grid":[" /!#"," .!$"," -!%"," ,!&"," +!'"," *!("," )!)"," (!*"," '!+"," %!-"," $!."," #!/"," !!0","!","!","!"]},"3327":{"keys":[84,67],"grid":[" "," "," "," "," "," "," "," "," ","!! 0","!# /","!$ .","11","!% -","13","13"]}},"4033":{"3232":{"keys":[67,68],"grid":[" #!/"," !!0","!","!","!","!","!","!","!","!","!","!","!","!","!","!"]},"3323":{"keys":[67,84],"grid":[" "," "," "," "," "," "," "," "," "," "," ","!% -","!","!","!","!"]},"3231":{"keys":[67,68],"grid":[" "," "," "," "," 0!!"," /!#"," .!$"," -!%"," ,!&"," *!("," )!)"," (!*"," '!+"," &!,"," %!-"," $!."]},"3235":{"keys":[68,67],"grid":[" "," "," "," .!$"," ,!&"," )!)"," &!,"," $!.","!","!","!","!","!","!","!","!"]}},"4032":{"3232":{"keys":[67,68],"grid":[" "," "," "," /!#"," .!$"," -!%"," ,!&"," +!'"," *!("," )!)"," (!*"," '!+"," %!-"," $!."," #!/"," !!0"]},"3233":{"keys":[68],"grid":[" "," "," "," "," "," "," "," "," "," "," "," "," "," "," "," "]},"3323":{"keys":[67,84],"grid":[" "," "," "," "," "," "," "," "," "," ","!! 0","!","!","!","!","!"]},"3235":{"keys":[68,67],"grid":[" "," "," "," "," "," "," "," "," "," /!#"," ,!&"," *!("," '!+"," %!-"," !!0","!"]}},"4035":{"3323":{"keys":[67,84],"grid":[" "," "," "," "," "," "," "," "," ","!0 !","!","!","!","!","!","!"]},"3234":{"keys":[68,67],"grid":[" "," "," "," "," "," "," /!#"," -!%"," *!("," (!*"," %!-"," #!/","!","!","!","!"]}},"4034":{"3230":{"keys":[67,"",68],"grid":[" %!-","00","00","00","00","00","00","00"," )!)","08","08","08"," '!##%!%"," (!!#%!%"," '#'!%"," %#)!%"]},"3323":{"keys":[67,84],"grid":[" "," "," "," "," "," "," "," "," "," .!$"," &!,","!","!","!","!","!"]},"3231":{"keys":[67,68],"grid":[" $!."," #!/"," !!0","!","!","!","!","!","!","!","!","!","!","!","!","!"]},"3234":{"keys":[68,67],"grid":[" "," "," "," "," "," "," "," "," "," "," "," "," 0!!"," -!%"," +!'"," (!*"]},"3235":{"keys":[68,67],"grid":[" &!,"," #!/","!","!","!","!","!","!","!","!","!","!","!","!","!","!"]}},"4037":{"3322":{"keys":[67,84],"grid":[" "," "," "," "," "," "," "," "," "," "," "," "," "," "," /!#"," .!$"]},"3323":{"keys":[67,84],"grid":[" ,!&"," +!'"," *!("," (!*"," '!+"," &!,"," %!-"," $!."," #!/"," !!0","!","!","!","!","!","!"]},"3234":{"keys":[68,67],"grid":[" "," "," "," "," !!0","!","!","!","!","!","!","!","!","!","!","!"]}},"4036":{"3323":{"keys":[67,84],"grid":[" "," "," "," "," "," "," "," "," "," ","!' *!!","!","!","!","!","!"]},"3234":{"keys":[68,67],"grid":[" "," "," "," "," "," !!0","!","!","!","!","!","!","!","!","!","!"]}},"4039":{"3322":{"keys":[67,84],"grid":[" "," "," "," "," "," "," "," .!$"," ,!&"," *!("," !!0","!","!","!","!","!"]},"3234":{"keys":[68,"",67],"grid":[" 0!!"," 0#!"," ##/","#","#","#","#","#","#","#","#","#","#","#","#","#"]}},"4038":{"3322":{"keys":[67,84],"grid":[" "," "," "," "," "," "," "," "," "," "," "," +!'"," &!,","!","!","!"]},"3234":{"keys":[68,67],"grid":[" "," "," "," !!0","!","!","!","!","!","!","!","!","!","!","!","!"]}},"3940":{"3091":{"keys":[83,68],"grid":[" "," "," "," "," "," "," "," "," "," "," .!$"," ,!&","11"," )!)","13"," &!,"]},"3079":{"keys":[83,68],"grid":[" +!'","00"," *!(","02","00"," ,!&","05","05","05"," .!$"," /!#","10"," 0!!"," "," "," "]},"3092":{"keys":[83,68],"grid":[" &!,"," %!-"," $!."," #!/","!","!","!","!","!","!","!","!","!","!","!","!"]},"3078":{"keys":[83,68],"grid":[" +!'","00","00","00","00"," ,!&","05","00","00","00","00"," *!(","11","11","11","11"]},"3073":{"keys":[68,83],"grid":[" "," "," "," "," ","!! 0","05"," ","05","!# /","09","09","09","!$ .","09","09"]},"3089":{"keys":[83,68],"grid":[" (!*","00"," )!)"," *!(","03"," +!'","05"," -!%","07"," /!#"," 0!!"," "," "," "," "," "]},"3088":{"keys":[83,68],"grid":[" $!.","00","00","00"," %!-","04","04","04"," &!,","08","08","08","08"," '!+","13","13"]},"3076":{"keys":[83,68],"grid":[" "," ,!! %"," ,!&","02"," -!%","04"," .!$","04","04","04","04","04","04","04","04","04"]},"3077":{"keys":[83,68],"grid":[" .!$"," /!#","01","01","01","01","01","00","00","00","00"," -!%","11"," ,!&","13","13"]},"3074":{"keys":[83,68],"grid":[" #!/","00","00","00","00","00"," $!."," %!-","07"," &!,"," '!+","10"," )!)"," *!("," -!%"," .!! #"]},"3084":{"keys":[83,68],"grid":[" '!+","00"," &!,","02"," %!-","04","04","00"," *!("," ,!&"," -!%"," 0!!"," "," "," "," "]},"3087":{"keys":[83,68],"grid":[" *!("," )!)"," (!*","02","02"," '!+"," &!,","06"," %!-","08"," $!.","10"," #!/","12","12","12"]},"3086":{"keys":[83,68],"grid":[" "," "," "," "," "," 0!!","05"," /!#","07","07","07","07"," .!$"," -!%","13"," ,!&"]},"3080":{"keys":[83,68],"grid":[" "," "," 0!!"," "," "," "," "," "," "," "," "," "," "," "," "," "]},"3083":{"keys":[83,68],"grid":[" .!$","00"," -!%"," ,!&","03"," +!'"," *!("," )!)"," (!*","08"," '!+","10","08","08","08","08"]},"3082":{"keys":[83,68],"grid":[" "," "," "," "," "," "," "," "," "," "," "," "," 0!!","12"," /!#","14"]}},"3941":{"3079":{"keys":[68],"grid":[" "," "," "," "," "," "," "," "," "," "," "," "," "," "," "," "]},"3090":{"keys":[83,68],"grid":[" %!-"," &!,","01"," '!+"," *!("," +!'"," ,!&","06","04"," )!)"," (!*","10","10","10","10","10"]},"3091":{"keys":[83,68],"grid":[" (!*","00","00"," )!)","03","03","00","00"," '!+"," %!-","!","!","!","!","!","!"]},"3074":{"keys":[68,83],"grid":[" "," "," "," "," "," "," "," "," "," "," "," "," "," "," ","!! 0"]},"3075":{"keys":[83,68],"grid":[" !!0","00"," #!/","02","02"," $!.","02","02","05","05","05","05","05"," %!-","05","13"]},"3076":{"keys":[83,68],"grid":[" !!# !!-"," !!0","!","!","!","!","!","!","!","!","!","!","!","!","!","!"]},"3084":{"keys":[68,83],"grid":[" "," "," "," "," "," "," "," "," "," "," "," ","!# /","!$ .","!% -","14"]},"3085":{"keys":[83,68],"grid":[" $!.","00"," #!/","02","02","02","00","00","00"," %!-","09"," &!,","11","11","11"," '!+"]},"3089":{"keys":[68,83],"grid":[" "," "," "," "," "," "," "," "," "," "," "," ","!! 0","12","!# /","!$ ."]},"3086":{"keys":[83,68],"grid":[" '!+"," &!,"," $!."," !!0","!","!","!","!","!","!","!","!","!","!","!","!"]},"3081":{"keys":[83,68],"grid":[" $!.","00","00","00"," #!/","04","00"," %!-"," '!+","08","08"," &!,","07","07","07","07"]},"3080":{"keys":[68,83],"grid":[" "," "," "," "," "," "," ","!! 0","!# /","08","08","08","!$ .","12","12","12"]},"3082":{"keys":[83,68],"grid":[" $!.","00","00","00","00"," #!/","05","05"," !!0","08","!","!","!","!","!","!"]}},"4044":{"3322":{"keys":[67,84],"grid":[" "," "," "," #!$ ,"," !!& +","!* #!# $","!","!","!","!","!","!","!","!","!","!"]}},"4045":{"3243":{"keys":[67,84],"grid":[" +!'"," ,!&","01","01","00","00","00"," )!)"," *!(","00"," -!%"," /!#","11"," "," "," "]},"3242":{"keys":[67,84],"grid":[" +!'","00","00","00","00","00"," ,!&","06","06","06","00","00","00","00","00","00"]},"3241":{"keys":[67,84],"grid":[" )!)","00"," *!(","02","02","02","02","02","02","02","02","02"," +!'","12","12","12"]},"3240":{"keys":[67,"",84],"grid":[" (!!#)","00","00"," (#*","03","03","03","03","03"," )#)","09","09","09","09","09","09"]},"3322":{"keys":[67,84],"grid":[" "," "," "," "," "," "," ","!% -","!' +","!* (","!- %","!/ #","!","!","!","!"]}},"4046":{"3243":{"keys":[84,67],"grid":[" "," "," "," "," "," "," "," "," "," "," "," "," ","!! 0","13","!# !!# ,"]},"3322":{"keys":[67,84],"grid":[" "," "," "," "," "," "," "," "," "," "," "," "," ","!# ,!$","!","!"]},"3244":{"keys":[67,84],"grid":[" &!,"," %!-","00","00","00"," (!*","05"," *!("," +!'","08"," ,!! #!#"," 0!!"," "," "," "," "]}},"4047":{"3322":{"keys":[67,84],"grid":[" "," "," "," "," "," "," "," "," "," "," /!#"," ,!&"," )!)"," !!0","!","!"]},"3245":{"keys":[67,84],"grid":[" +!'"," ,!&","01","01","01"," -!%"," .!$"," /!#"," "," "," "," "," "," "," "," "]},"3244":{"keys":[84,67],"grid":[" "," "," "," "," "," "," "," "," "," "," "," ","!! 0","!$ !!# +","!( *","!* ("]}},"4040":{"3322":{"keys":[67,84],"grid":[" "," "," "," "," "," "," ","!","!","!","!","!","!","!","!","!"]},"3240":{"keys":[67],"grid":[" "," "," "," "," "," "," "," "," "," "," "," "," "," "," "," "]},"3239":{"keys":[67,68],"grid":[" "," "," "," "," "," "," "," "," "," "," &!,","10","10","10","10","10"]}},"4041":{"3322":{"keys":[67,84],"grid":[" "," "," "," "," "," "," ","!* %!$","!","!","!","!","!","!","!","!"]},"3239":{"keys":[67],"grid":[" "," "," "," "," "," "," "," "," "," "," "," "," "," "," "," "]}},"4042":{"3322":{"keys":[67,84],"grid":[" "," "," "," "," "," "," ","!' +","!","!","!","!","!","!","!","!"]}},"4043":{"3322":{"keys":[67,84],"grid":[" "," "," "," "," "," "," /!#"," -!%","!","!","!","!","!","!","!","!"]}},"4048":{"3322":{"keys":[67,84],"grid":[" "," "," "," "," /!#"," ,!&"," )!)"," '!+"," &!,"," #!/","!","!","!","!","!","!"]},"3246":{"keys":[67,84],"grid":[" '!+"," &!,","01","01"," (!*","04"," *!(","06"," ,!&"," .!$"," "," "," "," "," "," "]},"3245":{"keys":[84,67],"grid":[" "," "," "," "," "," "," "," "," "," ","!! 0","!# /","!$ .","!% -","!& ,","14"]}},"4049":{"3321":{"keys":[67,84],"grid":[" "," "," "," "," "," "," "," "," "," "," "," "," "," "," /!#"," ,!&"]},"3322":{"keys":[67,84],"grid":[" )!)"," '!+"," $!.","!","!","!","!","!","!","!","!","!","!","!","!","!"]},"3247":{"keys":[67],"grid":[" "," "," "," "," "," "," "," "," "," "," "," "," "," "," "," "]},"3246":{"keys":[84,67],"grid":[" "," "," "," "," "," "," "," "," "," ","!# /","!$ .","11","11","!' +","!' %!$ #!!"]}},"3959":{"3217":{"keys":[68,67],"grid":[" "," "," "," "," "," "," "," "," "," "," "," "," "," "," "," )!)"]}},"3958":{"3217":{"keys":[68],"grid":[" "," "," "," "," "," "," "," "," "," "," "," "," "," "," "," "]},"3218":{"keys":["",67,68],"grid":[" !!!#!!.","!","!","!","!","!","!","!","!","!","!","!","!","!","!","!"]}},"4057":{"3258":{"keys":[84,67],"grid":[" "," "," "," "," "," "," "," "," "," "," "," "," ","!# /","!& ,","!) )"]},"3259":{"keys":[67,84],"grid":[" *!("," +!'","00"," )!)"," (!*"," '!+","05"," &!,"," %!-"," $!."," #!/"," !!0","11","!","!","!"]},"3268":{"keys":[67,84],"grid":[" -!%","00"," .!$","02","02"," /!#","05","05"," 0!!","08","08","08"," "," "," "," "]},"3279":{"keys":[67,84],"grid":[" )!)"," (!*"," &!,"," %!-"," $!."," !!0","!","!","!","!","!","!","!","!","!","!"]},"3278":{"keys":[67,84],"grid":[" .!$","00"," /!#","02","02","02"," 0!!","06","06","06","06","02","00"," -!%"," ,!&"," *!("]},"3276":{"keys":[67,84],"grid":[" &!,","00"," '!+","02","02","02"," (!*","06","06"," )!)","09","09","09"," *!(","13","13"]},"3277":{"keys":[67,84],"grid":[" *!("," +!'","01","01","01"," ,!&","05","05","05","05"," -!%","10","10","10"," .!$","14"]},"3274":{"keys":[67,84],"grid":[" ,!&","00","00"," +!'","03","03","03","03","03"," *!(","09","09","09","09"," )!)","14"]},"3275":{"keys":[67,84],"grid":[" )!)","00","00"," (!*","03","03","03","03"," '!+","08","08","08","08"," &!,","13","13"]},"3265":{"keys":[84,67],"grid":[" "," "," "," "," "," "," "," "," "," ","!! 0","10","10","10","!# /","14"]},"3281":{"keys":[67,84],"grid":[" !!0","00"," #!/","02"," &!* #"," "," "," "," "," "," "," "," "," "," "," "]},"3267":{"keys":[67,84],"grid":[" (!*","00"," )!)","02","02"," *!(","05","05"," +!'","08","08","08"," ,!&","12","12"," -!%"]},"3266":{"keys":[67,84],"grid":[" #!/","00"," $!.","02","02"," %!-","05","05"," &!,","08","08"," '!+","11","11","11"," (!*"]},"3272":{"keys":[67,84],"grid":[" "," "," "," "," "," "," "," "," "," 0!!","09","09","09","09"," /!#","14"]},"3323":{"keys":[67,84],"grid":[" "," "," "," "," "," "," "," "," "," ","!, &","!","!","!","!","!"]},"3280":{"keys":[84],"grid":[" "," "," "," "," "," "," "," "," "," "," "," "," "," "," "," "]},"3291":{"keys":[67,84],"grid":[" "," "," "," "," "," "," "," "," "," "," "," "," "," "," "," 0!!"]},"3292":{"keys":[67,84],"grid":[" 0!!"," "," "," "," "," "," "," "," "," "," "," "," "," "," "," "]},"3273":{"keys":[67,84],"grid":[" /!#","00","00","00"," .!$","04","04","04","04"," -!%","09","09","09","09"," ,!&","14"]}},"4056":{"3258":{"keys":[84,67],"grid":[" "," ","!! 0","!# /","!$ .","04","!% -","!& ,","07","!( *","!) )","!+ '","!0 !","!","!","!"]},"3259":{"keys":[67,84],"grid":[" "," "," "," "," "," "," "," "," "," "," "," "," "," "," 0!!"," /!#"]},"3251":{"keys":[84,67],"grid":[" "," "," "," "," "," "," "," "," "," ","!# /","!$ .","11","!% -","13","11"]},"3252":{"keys":[67,84],"grid":[" $!."," !!0","!","!","!","!","!","!","!","!","!","!","!","!","!","!"]},"3261":{"keys":[84],"grid":[" "," "," "," "," "," "," "," "," "," "," "," "," "," "," "," "]},"3260":{"keys":[67,84],"grid":[" .!$"," -!%","01"," ,!&"," +!'"," *!("," )!)"," (!*","07"," '!+"," &!,"," %!-"," $!.","12"," #!/"," !!0"]},"3263":{"keys":[67,84],"grid":[" %!-","00","00"," &!,","03","03"," '!+","06","06","06"," (!*","10","10"," )!)","13","13"]},"3323":{"keys":[67,84],"grid":[" "," "," "," "," "," ","!! 0","!, &","!. $","!/ #","!","!","!","!","!","!"]},"3265":{"keys":[67,84],"grid":[" /!#","00","00"," 0!!","03","03","03"," "," "," "," "," "," "," "," "," "]},"3264":{"keys":[67,84],"grid":[" *!(","00","00"," +!'","03","03"," ,!&","06","06","06"," -!%","10","10"," .!$","13","13"]},"3262":{"keys":[84,67],"grid":[" "," "," "," "," "," "," "," "," "," "," "," ","!# /","!$ .","13","13"]},"3280":{"keys":[67,84],"grid":[" *!(","00","00","00"," )!)","04","04","04","04"," (!*","09","00"," ,!&"," .!$"," /!#"," "]},"3279":{"keys":[67,84],"grid":[" "," "," "," "," "," "," "," 0!!"," /!#"," -!%"," ,!&"," +!'","11","11","11"," *!("]}},"4055":{"3258":{"keys":[67],"grid":[" "," "," "," "," "," "," "," "," "," "," "," "," "," "," "," "]},"3251":{"keys":[84,67],"grid":[" "," "," ","!# /","!$ .","!' +","!+ '","!. $","!0 !","!","!","!","!","!","!","!"]},"3252":{"keys":[67,84],"grid":[" "," "," "," 0!!"," .!$"," -!%"," ,!&"," +!'"," *!(","08"," )!)","10","10","10","10","10"]},"3253":{"keys":[67,84],"grid":[" (!*","00","00"," '!+","03"," &!,","05","05"," %!-","08","08"," $!.","11","11"," #!/","14"]},"3254":{"keys":[67,84],"grid":[" #!/"," !!0","!","!","!","!","!","!","!","!","!","!","!","!","!","!"]},"3256":{"keys":[84,67],"grid":[" "," "," "," "," "," "," "," "," "," "," "," "," "," "," ","!! 0"]},"3257":{"keys":[67,84],"grid":[" #!/","00"," $!."," %!-"," &!,"," '!+"," (!*","06"," )!)"," *!("," +!'"," ,!&"," -!%","12"," /!#"," 0!!"]},"3261":{"keys":[67,84],"grid":[" "," 0!!"," /!#","02"," .!$"," -!%"," ,!&"," +!'"," *!(","08"," )!)"," (!*"," '!+"," &!,","13"," %!-"]},"3323":{"keys":[84,67],"grid":[" &!,"," (!*"," )!)"," +!'"," .!$"," 0!!"," "," "," "," "," "," "," "," "," "," "]},"3262":{"keys":[67,84],"grid":[" $!."," %!-"," &!,"," '!+"," )!)"," *!("," +!'"," ,!&"," .!$"," /!#"," 0!!"," "," "," "," "," "]}},"4054":{"3250":{"keys":[84,67],"grid":[" "," "," "," "," "," "," "," "," "," ","!! 0","!# /","!& ,","!( *","!, &","!- %"]},"3251":{"keys":[67,84],"grid":[" /!#"," 0!!"," "," "," "," "," "," "," "," "," "," "," "," "," "," "]},"3254":{"keys":[67,84],"grid":[" "," "," "," "," 0!!"," /!#"," .!$"," -!%"," ,!&"," *!("," )!)"," (!*"," '!+"," &!,"," %!-"," $!."]},"3255":{"keys":[67,84],"grid":[" #!/"," !!0","!","!","!","!","!","!","!","!","!","!","!","!","!","!"]},"3256":{"keys":[67,84],"grid":[" !!0"," %!-"," &!,"," (!*"," )!)"," *!("," +!'"," ,!&"," -!%","08"," .!$"," /!#"," 0!!"," "," "," "]},"3322":{"keys":[67,84],"grid":[" "," "," "," "," "," "," "," "," "," "," "," ","!& ,","!+ '","!- %","!/ #"]},"3323":{"keys":[84],"grid":[" "," "," "," "," "," "," "," "," "," "," "," "," "," "," "," "]}},"4053":{"3250":{"keys":[84,67],"grid":[" "," "," ","!# /","!) )","!, &","!- %","!/ #","!0 !","!","!","!","!","!","!","!"]},"3249":{"keys":[84],"grid":[" "," "," "," "," "," "," "," "," "," "," "," "," "," "," "," "]},"3322":{"keys":[67,84],"grid":[" "," "," "," "," "," "," "," "," ","!! 0","!$ .","!& ,","!' !!*","!","!","!"]},"3255":{"keys":[67,84],"grid":[" "," "," "," 0!!"," /!#"," .!$"," -!%","06","06","06","06","06","06","05","05"," "]}},"4052":{"3249":{"keys":[67,84],"grid":[" *!("," ,!&"," .!$"," /!#"," 0!!","04","04","04","04","04"," "," "," "," "," "," "]},"3248":{"keys":[84,67],"grid":[" "," "," "," "," "," "," "," "," "," "," ","!! 0","11","!% -","!& ,","!( *"]},"3322":{"keys":[67,84],"grid":[" "," "," "," "," "," &!& '"," %!+ #"," $!- !"," $!.","08","!","!","!","!","!","!"]}},"4051":{"3322":{"keys":[67,84],"grid":[" "," "," "," "," "," ","!! 0","!# &!! $!! %","!0 !","!","!","!","!","!","!","!"]},"3248":{"keys":[67,84],"grid":[" #!/"," $!.","01"," %!-"," &!,"," '!+"," (!*"," )!)"," +!'"," -!%"," 0!!"," "," "," "," "," "]},"3247":{"keys":[67,84],"grid":[" $!.","00","00","00","00","00"," #!/","06","06"," !!0","09","09","09","06","06","06"]},"3246":{"keys":[84,67],"grid":[" "," "," "," "," "," "," "," "," "," "," "," ","!! 0","!$ .","13","13"]}},"4050":{"3321":{"keys":[67,84],"grid":[" "," "," "," "," "," "," "," "," "," "," "," "," "," !!# .","!' +","!) )"]},"3322":{"keys":[84,67],"grid":[" -!%"," .!$"," /!#"," 0!!"," "," "," "," "," "," "," "," "," "," "," "," "]},"3246":{"keys":[84,67],"grid":[" "," "," "," "," "," "," "," "," "," "," "," "," #!% %!'"," #!/"," !!0","!"]}},"4059":{"3287":{"keys":[67,84],"grid":[" !!0","!","!","!","!","00","00","!","!","!","!","!","!","!","!","!"]},"3323":{"keys":[67,84],"grid":[" "," "," "," "," "," "," "," "," "," "," "," "," "," "," ","!! 0"]},"3324":{"keys":[84,67],"grid":[" &!,"," *!("," -!%"," 0!!"," "," "," "," "," "," "," "," "," "," "," "," "]},"3286":{"keys":[67,84],"grid":[" (!*"," &!,"," %!-"," $!."," #!/","04"," !!0","06","06","06","06","06","04","04","06","06"]},"3294":{"keys":[67,84],"grid":[" (!*"," )!)","01"," *!(","03","03","03"," +!'"," ,!&","08"," -!%"," .!$","11"," /!#","13"," 0!!"]},"3295":{"keys":[67,84],"grid":[" 0!!"," "," "," "," "," "," "," "," "," "," "," "," "," "," "," "]},"3285":{"keys":[67,84],"grid":[" +!'"," ,!&"," -!%"," .!$","03","03","02","01","01","00","00"," *!(","11","11"," )!)","14"]},"3284":{"keys":[67,84],"grid":[" )!)"," ,!&","01","01","01","01"," +!'","06","00","00","00"," *!(","11","11","11","06"]},"3283":{"keys":[67,84],"grid":[" +!'","00","00"," ,!&","03","00","00","00","00"," *!(","00","00","00","09","09"," )!)"]},"3282":{"keys":[84,67],"grid":[" "," "," "," "," "," "," "," "," "," "," "," ","!# /","!& ,","!) )","!* ("]},"3293":{"keys":[84,67],"grid":[" "," "," "," "," "," "," "," "," "," "," "," ","!! 0","!% -","!& ,","!' +"]}},"4058":{"3270":{"keys":[67,84],"grid":[" '!+","00","00","00"," &!,","04","04","04","04","04"," %!-","10","10","10","10","10"]},"3271":{"keys":[67,84],"grid":[" $!.","00","00","00","00","00","00"," #!/","07","07","07","07","07"," !!0","13","13"]},"3282":{"keys":[67,84],"grid":[" ,!&","00"," -!%","02","02"," .!$","05"," /!#","07"," 0!!"," "," "," "," "," "," "]},"3269":{"keys":[67,84],"grid":[" !!0","00"," #!/","02","02"," $!.","05","05","05"," %!-","09"," &!,"," '!+","12","12","12"]},"3323":{"keys":[67,84],"grid":[" "," "," "," "," "," "," "," "," "," "," "," ","!( *","!, &","!/ #","!"]},"3272":{"keys":[67,84],"grid":[" !!0","00","00","!","!","!","!","!","!","!","!","!","!","!","!","!"]},"3281":{"keys":[84,67],"grid":[" "," "," ","!( *","!) )","!* (","05","05","05","05","05","05","!+ '","12","12","!, &"]},"3289":{"keys":[67,84],"grid":[" %!-","00","00"," $!.","03"," #!/","05","05","05","05","05","05","05","05","05","05"]},"3288":{"keys":[67,84],"grid":[" -!%"," +!'"," *!("," )!)","03","03","03"," (!*","07","07","07"," '!+","11","11"," &!,","14"]},"3287":{"keys":[67,84],"grid":[" "," "," "," "," "," "," "," "," "," "," 0!!","10"," /!#","12","12"," .!$"]},"3268":{"keys":[84,67],"grid":[" "," "," "," "," "," "," "," "," "," "," "," "," "," "," ","!! 0"]},"3290":{"keys":[67,84],"grid":[" #!/","00","00","00","00"," $!.","05","05","05","05","05","00","00","00","00","00"]},"3291":{"keys":[67,84],"grid":[" #!/","00","00"," $!.","00","00","03","03","00","00"," !!0","10","10","!","!","!"]},"3292":{"keys":[84,67],"grid":[" "," "," "," ","!! 0","04","!# /","06","!$ .","08","!% -","10","!& ,","!' +","!) )","!* ("]},"3293":{"keys":[67,84],"grid":[" *!("," +!'","01"," ,!&","03","03"," -!%"," .!$","07"," /!#"," 0!!","10"," "," "," "," "]}},"4062":{"3324":{"keys":[67,84],"grid":[" ","!# /","!% !!! +","!","!","!","!","!","!","!","!","!","!","!","!","!"]},"3299":{"keys":[67,84],"grid":[" )!)"," (!*"," '!+","02","02","02","01","01","01","00","00","00","01","01","02","02"]},"3298":{"keys":[67,84],"grid":[" *!(","00"," +!'","02"," ,!&","04","04","04","04"," -!%","04","04","02","00","00"," )!)"]},"3304":{"keys":[67,84],"grid":[" /!#","00"," 0!!"," "," "," "," "," "," "," "," "," "," "," "," "," "]},"3297":{"keys":[84,67],"grid":[" "," "," "," "," "," ","!# /","!$ .","!% -","!' +","!( *","10","!) )","12","!* (","14"]},"3302":{"keys":[84,67],"grid":[" "," "," "," "," "," "," "," "," "," "," ","!! 0","11","!# /","!$ .","14"]},"3303":{"keys":[67,84],"grid":[" %!-"," &!,","01"," '!+","03"," (!*"," )!)","06"," *!(","08"," +!'"," ,!&","11"," -!%","13"," .!$"]},"3300":{"keys":[67,84],"grid":[" '!+"," &!,","01"," %!-","03"," $!.","05"," #!/"," !!0","!","!","!","!","!","!","!"]}},"4063":{"3304":{"keys":[84,67],"grid":[" "," "," "," "," ","!! 0","05","!# /","!$ .","08","!% -","10","!& ,","!' +","13","!( *"]},"3305":{"keys":[67,84],"grid":[" )!)","00"," *!(","02"," +!'"," ,!&","05"," -!%","07"," .!$"," /!#","10"," 0!!","12"," "," "]},"3324":{"keys":[67,84],"grid":[" "," "," "," ","!& ,","!+ '","!","!","!","!","!","!","!","!","!","!"]}},"4060":{"3295":{"keys":[84,67],"grid":[" "," "," ","!! 0","03","03","!# /","06","06","06","06","!$ .","!% -","!& ,","!' +","!( *"]},"3296":{"keys":[67,84],"grid":[" )!)"," *!(","01"," +!'"," ,!&"," -!%"," .!$"," /!#"," 0!!"," "," "," "," "," "," "," "]},"3324":{"keys":[67,84],"grid":[" "," 0!!"," +!'"," &!,","!","!","!","!","!","!","!","!","!","!","!","!"]},"3300":{"keys":[67,84],"grid":[" "," "," "," "," "," "," "," "," "," "," "," "," "," "," /!#"," 0!!"]},"3301":{"keys":[67],"grid":[" "," "," "," "," "," "," "," "," "," "," "," "," "," "," "," "]}},"4061":{"3323":{"keys":[67,84],"grid":[" "," "," "," "," "," "," "," "," "," "," "," "," "," "," "," )!( !"]},"3324":{"keys":[67,84],"grid":[" %!-","!","!","!","!","!","!","!","!","!","!","!","!","!","!","!"]},"3296":{"keys":[84,67],"grid":[" "," "," "," "," "," "," "," "," "," "," ","!! 0","11","!# /","!$ .","!& ,"]},"3297":{"keys":[67,84],"grid":[" (!*"," )!)","01"," +!'"," /!#"," "," "," "," "," "," "," "," "," "," "," "]},"3302":{"keys":[67,84],"grid":[" +!'"," ,!&","01"," -!%","03"," .!$"," /!#","06"," 0!!"," "," "," "," "," "," "," "]},"3300":{"keys":[67,84],"grid":[" "," "," "," "," "," "," "," "," "," *!& #"," (!*"," &!,"," $!."," !!0","!","!"]},"3301":{"keys":[84,67],"grid":[" "," ","!! 0","!# /","03","!$ .","05","!% -","!& ,","08","!' +","!( *","11","!) )","!* (","14"]}},"4066":{"3321":{"keys":[67,84],"grid":[" "," "," "," "," "," "," "," "," "," "," "," 0!!"," /!#","12"," .!$"," ,!&"]},"3322":{"keys":[67,84],"grid":[" *!("," (!*"," '!+","02","02"," (!( #"," *!$ %"," "," "," "," "," "," "," "," "," "]},"3324":{"keys":[67,84],"grid":[" "," "," "," "," "," "," /!#"," $!.","!","!","!","!","!","!","!","!"]},"3307":{"keys":[84,67],"grid":[" "," "," "," "," "," "," "," ","!# /","!% -","!' +","!) )","!, &","!. $","!0 !","!"]}},"4067":{"3319":{"keys":[67,84],"grid":[" .!$","00"," -!%","02","02","02"," ,!&","06","06","06","06","06","06"," +!'","13","13"]},"3318":{"keys":[67,84],"grid":[" *!(","00"," +!'"," ,!&"," .!$"," /!#","05","04","04","04","05","05","05","05","04","04"]},"3320":{"keys":[67,84],"grid":[" +!'","00","00"," *!(","00","00","00","00"," ,!&","08","08","08","08","08","08","08"]},"3321":{"keys":[67,84],"grid":[" ,!&","00","00","00"," *!("," (!*"," '!+"," %!-"," $!."," #!/","!","!","!","!","!","!"]},"3322":{"keys":[84,67],"grid":[" "," 0!!"," /!#"," ,!&"," &!,","!# #!-","!","!","!","!","!","!","!","!","!","!"]},"3324":{"keys":[67,84],"grid":[" "," "," "," "," "," ","!! 0","!# /","!$ .","!% +!#","!( %!&","!","!","!","!","!"]},"3308":{"keys":[67,84],"grid":[" #!/"," %!-"," &!,"," '!+"," )!)"," *!("," +!'"," ,!&"," .!$"," /!#"," 0!!"," "," "," "," "," "]},"3307":{"keys":[84,67],"grid":[" "," "," "," "," "," "," "," "," "," "," "," "," "," "," ","!! 0"]},"3317":{"keys":[67,84],"grid":[" "," "," "," "," "," "," "," "," "," 0!!","09"," .!$"," -!%"," +!'"," *!(","14"]}},"4064":{"3306":{"keys":[67,84],"grid":[" !!0"," #!/"," $!.","02"," %!-","04"," &!,"," '!+","07"," (!*","09"," )!)"," *!("," ,!&"," .!$"," 0!!"]},"3305":{"keys":[84,67],"grid":[" "," "," "," "," "," "," "," "," "," "," "," "," "," "," ","!! 0"]},"3324":{"keys":[67,84],"grid":[" "," "," "," "," /!#"," -!%","!","!","!","!","!","!","!","!","!","!"]}},"4065":{"3306":{"keys":[84],"grid":[" "," "," "," "," "," "," "," "," "," "," "," "," "," "," "," "]},"3307":{"keys":[67,84],"grid":[" !!0"," $!."," '!+"," )!)"," +!'"," -!%"," /!#"," "," "," "," "," "," "," "," "," "]},"3324":{"keys":[67,84],"grid":[" "," "," "," ","!$ .","!& ,","!( *","!) )","!","!","!","!","!","!","!","!"]}},"4068":{"3321":{"keys":[84],"grid":[" "," "," "," "," "," "," "," "," "," "," "," "," "," "," "," "]},"3322":{"keys":[67,84],"grid":[" (!*"," *!("," .!$"," 0!!"," "," "," "," "," "," "," "," "," "," "," "," "]},"3323":{"keys":[67,84],"grid":[" "," "," "," "," "," "," "," "," "," "," "," "," "," "," "," 0!!"]},"3324":{"keys":[67,84],"grid":[" /!#"," .!$"," -!%"," ,!&","03"," +!'"," *!("," &!,"," #!/","!","!","!","!","!","!","!"]},"3308":{"keys":[84,67],"grid":[" "," "," "," "," "," "," "," "," "," "," ","!! 0","!# /","!$ .","!% -","!' +"]},"3309":{"keys":[67,84],"grid":[" (!*"," )!)"," +!'"," ,!&"," -!%"," .!$"," 0!!"," "," "," "," "," "," "," "," "," "]},"3315":{"keys":[67,84],"grid":[" "," "," "," "," "," "," "," "," "," "," "," "," .!$"," ,!&","13"," *!("]},"3317":{"keys":[67,84],"grid":[" %!-","00","00","00"," $!.","04","04"," #!/","!","!","!","!","!","!","!","!"]},"3316":{"keys":[67,84],"grid":[" *!("," )!)","01","01","01","01","01","01"," (!*","08","08","08","08"," '!+","13"," &!,"]}},"4069":{"3310":{"keys":[67,84],"grid":[" ,!&"," .!$"," /!#"," 0!!"," "," "," "," "," "," "," "," "," "," "," "," "]},"3322":{"keys":[84,67],"grid":[" "," "," "," "," ","!! 0","!# /","06","!$ .","08","08","08","!% -","12","12","!& ,"]},"3323":{"keys":[67,84],"grid":[" &!,"," '!+","01"," +!'"," ,!&","04","03","03","04","04","04","04","01","00"," !!0","!"]},"3315":{"keys":[67,84],"grid":[" "," "," "," "," "," "," "," -!! $"," *!("," %!-"," #!/","!","!","!","!","!"]},"3309":{"keys":[84,67],"grid":[" "," "," "," "," "," "," "," ","!! 0","!$ .","!% -","!& ,","!' +","!) )","!* (","!+ '"]}},"4071":{"3311":{"keys":[84,67],"grid":[" ","!! 0","!# /","!% -","!& ,","!' +","!) )","!* (","!+ '","!, &","!. $","!/ #","!0 !","!","!","!"]},"3315":{"keys":[84],"grid":[" "," "," "," "," "," "," "," "," "," "," "," "," "," "," "," "]},"3314":{"keys":[67,84],"grid":[" "," "," "," 0!!"," /!#"," .!$","05"," -!%","07"," ,!&"," +!'"," *!("," (!*"," &!,"," $!."," !!0"]}},"4070":{"3311":{"keys":[67],"grid":[" "," "," "," "," "," "," "," "," "," "," "," "," "," "," "," "]},"3310":{"keys":[84,67],"grid":[" "," "," "," ","!! 0","!# /","!$ .","!% -","!' +","!( *","!) )","!* (","!, &","!- %","!. $","!0 !"]},"3315":{"keys":[67,84],"grid":[" "," /!#","01"," .!$"," -!%","04"," )!)","06","!! '!*","!","!","!","!","!","!","!"]}},"4073":{"3313":{"keys":[67,84],"grid":[" %!-"," $!."," !!0","!","!","!","!","!","!","!","!","!","!","!","!","!"]},"3312":{"keys":[84,67],"grid":[" "," "," "," "," "," "," "," "," "," ","!# /","!$ .","!% -","12","12","12"]}},"4072":{"3311":{"keys":[84,67],"grid":[" "," "," "," "," "," "," "," "," "," "," "," "," ","!! 0","!# /","!$ ."]},"3313":{"keys":[67,84],"grid":[" "," "," "," 0!!"," /!#"," -!%"," ,!&"," +!'"," *!("," )!)"," (!*"," '!+"," &!,"," $!.","13"," #!/"]},"3312":{"keys":[67,84],"grid":[" %!-"," '!+"," (!*"," )!)"," *!("," ,!&"," -!%"," .!$"," /!#"," "," "," "," "," "," "," "]},"3314":{"keys":[67,84],"grid":[" #!/","00","!","!","!","!","!","!","!","!","!","!","!","!","!","!"]}},"3966":{"3218":{"keys":[68,67],"grid":[" "," "," "," "," "," "," "," ","!! 0","!) )","!/ #","!","!","!","!","!"]}},"3967":{"3218":{"keys":[68,67],"grid":[" "," "," "," "," "," "," "," "," "," .!$"," '!+","!","!","!","!","!"]}},"3964":{"3218":{"keys":[68,67],"grid":[" "," "," ","!$ .","!* (","!0 !","!","!","!","!","!","!","!","!","!","!"]}},"3965":{"3218":{"keys":[68,67],"grid":[" "," "," "," "," "," ","!& ,","!, &","!","!","!","!","!","!","!","!"]}},"3962":{"3217":{"keys":[68,67],"grid":[" "," "," "," "," "," "," "," "," "," "," "," "," "," ","!& ,","!, &"]},"3218":{"keys":[67],"grid":[" "," "," "," "," "," "," "," "," "," "," "," "," "," "," "," "]}},"3963":{"3218":{"keys":[67,68],"grid":[" !!0"," (!*"," .!$"," "," "," "," "," "," "," "," "," "," "," "," "," "]}},"3960":{"3217":{"keys":[68,67],"grid":[" "," "," "," "," "," "," "," "," "," "," "," "," "," "," ","!"]}},"3961":{"3217":{"keys":[68,67],"grid":[" "," "," "," "," "," "," "," "," "," "," "," "," "," "," #!/","!"]}},"3968":{"3218":{"keys":[68,67],"grid":[" "," "," "," "," "," .!$"," +!'"," (!*"," %!-","!","!","!","!","!","!","!"]}},"3969":{"3217":{"keys":[68,67],"grid":[" "," "," "," "," "," "," "," "," "," "," "," "," "," "," "," /!#"]},"3218":{"keys":[68,67],"grid":[" ,!&"," *!("," '!+"," $!.","!","!","!","!","!","!","!","!","!","!","!","!"]}},"4007":{"3238":{"keys":[67,68],"grid":[" "," "," "," "," "," "," "," "," "," "," "," "," #!% +"," #!' )"," %!& ("," "]}},"3971":{"3217":{"keys":[68,67],"grid":[" "," "," "," "," .!$"," +!'"," (!*"," &!,"," #!/","!","!","!","!","!","!","!"]}},"3970":{"3217":{"keys":[68,67],"grid":[" "," "," "," "," "," "," "," "," "," 0!!"," -!%"," *!("," (!*"," %!-"," !!0","!"]}},"3973":{"3214":{"keys":[68,85],"grid":[" )!)"," *!(","01","01"," +!'","04","04"," ,!&","07"," -!%","09","09"," .!$","12","12"," /!#"]},"3216":{"keys":[68,67],"grid":[" "," "," "," "," "," "," "," "," "," "," "," "," "," #!# -","!% -","14"]},"3217":{"keys":[67,68],"grid":[" %!-","00","00","00"," &!,","04","04","04","04","04","04","04","04","04","04","04"]},"3212":{"keys":[68,85],"grid":[" "," "," "," "," "," "," "," "," .!$"," %!-"," #!/","10","10","10","10","10"]},"3213":{"keys":[68,85],"grid":[" $!.","00","00","00","00"," %!-","05"," &!,","07","07"," '!+","10"," (!*","12","12"," )!)"]},"3218":{"keys":[67,68],"grid":[" &!,"," '!+","01","01","01","01","01","01","01","01","01","01","01","01","01","01"]},"3219":{"keys":[67,68],"grid":[" (!*","00","00","00"," )!)","04"," *!("," +!'","07","07","07","07","07"," ,!&","13","13"]},"3220":{"keys":[67,68],"grid":[" ,!&"," -!%","01","01"," 0!!"," "," "," "," "," "," "," "," "," "," "," "]}},"3972":{"3216":{"keys":[68,67],"grid":[" "," "," "," "," "," "," "," "," "," "," "," "," "," "," 0!!"," -!%"]},"3217":{"keys":[68,67],"grid":[" *!("," '!+"," $!.","!","!","!","!","!","!","!","!","!","!","!","!","!"]},"3219":{"keys":[67,68],"grid":[" "," "," "," "," ,!! %"," +!# %"," "," "," "," "," "," "," "," "," "," "]}},"3975":{"3221":{"keys":[67,68],"grid":[" *!("," ,!&"," .!$"," 0!!"," "," "," "," "," "," "," "," "," "," "," "," "]},"3220":{"keys":[68,67],"grid":[" "," "," "," "," "," "," "," "," "," "," "," "," ","!# /","!% -","!' +"]},"3212":{"keys":[68,85],"grid":[" "," "," "," "," "," "," "," "," "," ","!% -","!. $","!","!","!","!"]}},"3974":{"3220":{"keys":[68,67],"grid":[" "," "," "," "," ","!! 0","!! $!! ,","!& ,","!( *","!* (","!, &","!/ #","!","!","!","!"]},"3212":{"keys":[68,85],"grid":[" "," "," "," "," "," "," "," ","!' +","!, &","!","!","!","!","!","!"]}},"3977":{"3221":{"keys":[68,67],"grid":[" "," "," "," "," "," "," "," "," "," "," ","!! 0","!$ .","!& ,","!( *","!* ("]},"3222":{"keys":[67,68],"grid":[" ,!&"," /!#"," "," "," "," "," "," "," "," "," "," "," "," "," "," "]}},"3976":{"3221":{"keys":[68,67],"grid":[" "," "," "," ","!! 0","!$ .","!' +","!) )","!+ '","!- %","!/ #","!","!","!","!","!"]},"3212":{"keys":[68,85,""],"grid":[" "," "," "," "," "," "," "," "," "," "," "," ","!$ .","!* (","!*#$ %","14"]}},"3979":{"3223":{"keys":[67,68],"grid":[" /!#"," "," "," "," "," "," "," "," "," "," "," "," "," "," "," "]},"3222":{"keys":[68,67],"grid":[" "," "," "," "," "," "," "," "," "," ","!! 0","!$ .","!' +","!) )","!+ '","!- %"]}},"3978":{"3222":{"keys":[68,67],"grid":[" "," "," ","!# /","!% -","!' +","!) )","!, &","!. $","!0 !","!","!","!","!","!","!"]}},"3980":{"3223":{"keys":[68,67],"grid":[" "," ","!$ .","!& ,","!( *","!* (","!, &","!/ #","!","!","!","!","!","!","!","!"]}},"3981":{"3223":{"keys":[68,67,""],"grid":[" "," "," "," "," "," "," "," "," ","!# /","!% -","!' +","!) &#$","!, ##$","!/##","14"]}}}}