{"9":{"245":{"233":{"keys":[69,1,70],"grid":[" "," "," "," "," "," "," "," "," "," ","!","#","#","#","#","#"]}},"244":{"239":{"keys":[70,1],"grid":[" "," "," "," "," "," "," "," "," "," ","!# /","10","10","10"," "," "]},"233":{"keys":[69,1,70],"grid":[" "," "," "," "," "," "," "," "," "," ","!","#","#","#","#","#"]}},"247":{"229":{"keys":[69,1,70],"grid":[" ,!!#%","00","00","00","00","00","00"," ,!##$"," -!!#$","08","08","08","08","08","08","08"]},"228":{"keys":[69,1,70],"grid":[" *!!#'","00","00","00","00"," *!##&"," +!!#&","06","06","06","06","06","06","06"," +!##%"," ,!!#%"]},"227":{"keys":[69,1,70],"grid":[" (!!#)","00"," (!##("," )!!#(","03","03","03","03","03","03","03"," )!##'"," *!!#'","12","12","12"]},"226":{"keys":[69,1,70],"grid":[" '!!#*","00","00","00","00","00","00","00"," '!##)"," (!!#)","09","09","09","09","09","09"]},"225":{"keys":[69,1,70],"grid":[" %!!#,","00","00","00","00","00"," %!##+"," &!!#+","07","07","07","07","07","07","07"," &!##*"]},"224":{"keys":[69,1,70],"grid":[" #!!#.","00","00"," #!##-"," $!!#-","04","04","04","04","04","04","04","04"," $!##,"," %!!#,","14"]},"230":{"keys":[69,1,70],"grid":[" -!!#$"," -!###"," .!!##","02","02","02","02","02","02","02"," .!##!"," /!!#!","11","11","11","11"]},"231":{"keys":[69,1,70],"grid":[" /!!#!","00","00","00"," /!#"," 0!!","05","05","05","05","05","05","05","05"," "," "]},"233":{"keys":[69,1,70],"grid":[" "," "," "," "," "," "," "," "," "," ","!","#","#","#","#","#"]}},"246":{"233":{"keys":[69,1,70],"grid":[" "," "," "," "," "," "," "," "," "," ","!","#","#","#","#","#"]}},"241":{"238":{"keys":[70,1,72],"grid":[" "," "," "," "," "," "," "," %!$ *"," $!) &"," #!$#&!$ $","!$#*!$ !","!!#.!#","!!#0","#","#","#"]},"233":{"keys":[69,1,70],"grid":[" "," "," "," "," "," "," "," "," "," "," "," ","!) )","#(!*","#+!##%","#"]}},"240":{"234":{"keys":[70,1,69],"grid":[" %!##$!# &"," &!##!!# '"," '!$ ("," (!# (","03"," "," "," "," "," "," "," "," "," "," "," "]},"238":{"keys":[70,1,72],"grid":[" "," "," "," "," "," "," "," &!$ )"," %!##!!# ("," $!##$!# '"," #!##&!# &"," #!!#(!! &","!$#(!# $!!","!!#+!! #!#","#,!%#!","#-!###"]},"233":{"keys":[69,1,70],"grid":[" "," "," "," "," "," "," "," "," "," "," "," ","!! ,!%","!# +!!#$","#!!$ (!##$","#$!# &!##%"]}},"243":{"238":{"keys":[70,1,72],"grid":[" ","!! 0","!$ .","##!# -","#$!# ,","04","#$!! -","06","#$!$ +","#&!! +","09","#&!$ )","11","#(!! )","#(!# (","14"]},"239":{"keys":[72,1,70],"grid":[" (!!#)","00","00","00"," (!!#!!##&"," (!%#&"," +!!#&","06"," +!%##"," -!$#!"," /!#"," "," ","10","10"," .!##!"]},"233":{"keys":[69,1,70],"grid":[" "," "," "," "," "," "," "," "," "," ","!","#","#","#","#","#"]}},"242":{"238":{"keys":[70,1,72],"grid":[" "," +!'"," *!##&"," +!##%"," ,!##$","04"," *!$#%"," (!&#%"," &!$#)"," $!$#+"," $!##,","!# !!##,","#!!$#-","#","#","#"]},"233":{"keys":[69,1,70],"grid":[" "," "," "," "," "," "," +!$ $"," *!% $"," *!!#!!! %","08"," *!!#!!&"," *!!#'"," #!)#'","!$#.","#","#"]}},"252":{"235":{"keys":[70,1,86],"grid":[" "," "," "," "," "," "," "," '!% '"," &!###!% $"," %!##'!$ !"," $!##*!#"," !!$#-","!##/","#","#","#"]}},"253":{"234":{"keys":[70,1,86],"grid":[" "," "," "," "," "," "," "," "," "," "," "," "," /!#"," -!$#!"," *!%#$"," (!$#'"]},"235":{"keys":[70,1,86],"grid":[" %!%#)"," $!##,"," #!##-"," #!!#.","03","03","03","03","03"," !!##.","!##/","#","#","#","#","#"]}},"250":{"236":{"keys":[70,1,86],"grid":[" "," "," "," "," "," "," "," "," "," &!# *"," &!$ )"," $!& )"," #!##!!% ("," #!!#&!$ &"," !!##(!# %","!##*!$ #"]},"237":{"keys":[1,86],"grid":[" !!- $"," !!/ !","!","!","!","!"," !!0","06","06","06","06","06","!","!","!","!"]}},"251":{"235":{"keys":[70,1],"grid":[" "," "," "," "," "," "," "," "," "," "," "," "," 0!!","12","12"," /!#"]},"236":{"keys":[70,1,86],"grid":[" /!!#!","00"," .!##!"," .!!##"," &!# '!##!"," &!& %!!#!"," '!!##!'#!"," '!!#$!##%"," &!##*"," &!!#+","09","09","08"," '!!#*"," $!%#*"," !!$#-"]},"237":{"keys":[70,1,86],"grid":[" !!##.","!$#.","#","#","#","#","#","#","#","#","#","#","#","#","#","#"]}},"249":{"236":{"keys":[70,1],"grid":[" "," "," "," "," "," "," "," "," "," "," "," "," "," "," "," 0!!"]},"237":{"keys":[70,1,86],"grid":[" 0!!"," .!$"," .!!##"," .!##!"," /!!#!"," /!#","00"," "," "," "," "," ,!$ !!!"," +!##!!$"," +!!#&"," +!##%"," ,!##$"]},"238":{"keys":[70,1,86],"grid":[" -!!#$"," ,!##$"," ,!!#%","02","01"," +!$#$"," *!##&"," )!##'"," )!!#("," '!$#("," '!!#*"," %!$#*","!&#,","#","#","#"]}},"248":{"233":{"keys":[69,1,70],"grid":[" %!!#,","00","00","00","00"," $!##,"," $!!#-","06","06","06","!%#-","#","#","#","#","#"]},"238":{"keys":[70,1,86],"grid":[" "," "," "," "," "," "," "," "," "," "," "," "," 0!!"," +!'"," +!##%"," )!$#&"]},"231":{"keys":[70,1],"grid":[" "," "," "," "," "," "," "," "," "," "," "," "," ","!! 0","13","13"]},"232":{"keys":[1,70,69],"grid":[" !!0","00","00"," #!/","#! $!-","#$ #!,","#% $!*","#' !!*","07","07","#& #!*","#& !!+","11","11","11","#% #!+"]},"239":{"keys":[70,1,86],"grid":[" &!%#("," &!$#)"," (!##("," )!!#(","02"," (!!#)"," (!$#'"," *!!#'","07","07"," )!##'","03","03","03","02","05"]}},"254":{"234":{"keys":[70,1,86],"grid":[" "," "," "," "," 0!!"," .!$"," -!###"," ,!##$"," +!##%"," )!$#&"," (!##("," #!'#)","!$#.","#","#","#"]}},"255":{"234":{"keys":[70,1,86],"grid":[" "," "," "," ","!( $!# %","#'!! !!' #","#'!$#%!$","#","#","#","#","#","#","#","#","#"]},"224":{"keys":[70,1],"grid":[" /!#"," 0!!"," "," "," "," "," "," "," "," "," "," "," "," "," "," "]}}},"13":{"3922":{"3738":{"keys":[69,70],"grid":[" "," "," "," "," "," "," "," "," "," "," "," "," ","!","!","!"]}},"3923":{"3738":{"keys":[69,70],"grid":[" "," "," "," "," "," "," "," "," "," "," "," "," ","!","!","!"]}},"3920":{"3738":{"keys":[69,70],"grid":[" "," "," "," "," "," "," "," "," "," "," "," "," ","!","!","!"]}},"3921":{"3738":{"keys":[69,70],"grid":[" "," "," "," "," "," "," "," "," "," "," "," "," ","!","!","!"]}},"3926":{"3738":{"keys":[69,70],"grid":[" "," "," "," "," "," "," "," "," "," "," "," "," ","!","!","!"]}},"3927":{"3738":{"keys":[69,70],"grid":[" "," "," "," "," "," "," "," "," "," "," "," "," -!%","!","!","!"]}},"3924":{"3738":{"keys":[69,70],"grid":[" "," "," "," "," "," "," "," "," "," "," "," "," ","!","!","!"]}},"3925":{"3738":{"keys":[69,70],"grid":[" "," "," "," "," "," "," "," "," "," "," "," "," ","!","!","!"]}},"3928":{"3738":{"keys":[69,70],"grid":[" "," "," "," "," "," "," "," "," "," "," "," ","!","!","!","!"]}},"3929":{"3738":{"keys":[69,70],"grid":[" "," "," "," "," "," "," "," "," "," "," "," ","!","!","!","!"]}},"3911":{"3738":{"keys":[69,70],"grid":[" "," "," "," "," "," "," "," "," "," "," "," "," "," ","!","!"]}},"4026":{"3782":{"keys":[70,86],"grid":[" "," ","!# /","!$ .","!% -","!& ,","05","05","05","!' +","09","09","09","09","09","!( *"]},"3783":{"keys":[86,70],"grid":[" (!*","00","00"," )!)"," +!'"," "," "," "," "," "," "," "," "," "," "," "]}},"4027":{"3782":{"keys":[70,86],"grid":[" "," "," "," "," "," "," "," "," '!% '"," &!+ !"," &!,"," %!-","11","11"," $!.","14"]},"3783":{"keys":[70,86],"grid":[" $!.","00"," #!/"," !!0","!","!","!","!","!","!","!","!","!","!","!","!"]}},"4024":{"3781":{"keys":[70,86],"grid":[" "," "," "," "," "," "," "," "," "," .!$"," *!("," &!,","!","!","!","!"]}},"4025":{"3782":{"keys":[86,70],"grid":[" /!#"," 0!!"," "," "," "," "," "," "," "," "," "," "," "," "," "," "]},"3781":{"keys":[70,86],"grid":[" "," "," "," "," "," "," "," "," ","!) )","!* (","!+ '","!, &","12","!- %","!. $"]}},"4022":{"3782":{"keys":[70,86],"grid":[" $!."," #!/","01","01","01","01","01","01","01","01","01","01","01","01","01","01"]},"3783":{"keys":[70,86],"grid":[" #!/","00","00","00","00","00","00"," !!0","07","07","07","07","07","07","07","07"]},"3780":{"keys":[70,86],"grid":[" "," "," "," "," "," "," "," "," "," "," "," ","!# /","!' +","!* (","!, &"]},"3781":{"keys":[86,70],"grid":[" /!#"," "," "," "," "," "," "," "," ","!! 0","!$ .","10","10","10","10","10"]},"3784":{"keys":[70,86],"grid":[" !!0","!","!","!","!","!","!","!","!","!","!","!","!","!","!","!"]},"3788":{"keys":[86,70],"grid":[" "," "," "," "," "," "," "," "," "," "," "," "," "," ","!! 0","!# /"]},"3789":{"keys":[70,86],"grid":[" $!."," %!-"," &!,","02"," '!+","04","04","04","04","04","04","04","04","04","04","04"]},"3790":{"keys":[70,86],"grid":[" (!*","00","00","00","00","00","00","00","00","00","00","00","00","00","!","!"]}},"4023":{"3781":{"keys":[70,86],"grid":[" "," "," ","!! 0","!# /","!$ .","!% -","06","!& ,","!' +","09","09","!","!","!","!"]}},"4020":{"3790":{"keys":[70,86],"grid":[" "," "," "," "," "," "," "," "," "," "," "," "," "," "," !!0","!"]}},"4021":{"3780":{"keys":[70,86],"grid":[" "," "," "," "," "," "," "," "," "," "," "," "," 0!!"," .!$"," -!%"," ,!&"]},"3781":{"keys":[70,86],"grid":[" ,!&"," +!'","01","01"," .!$"," /!#"," 0!!","06"," "," "," "," "," "," "," "," "]},"3786":{"keys":[70,86],"grid":[" .!$","00","00","00","00","00","00","00"," /!#","08","08","08","08","08","08","08"]},"3787":{"keys":[70,86],"grid":[" /!#","00","00","00","00","00","00"," 0!!","07","07","07","07","07","07","07","07"]},"3784":{"keys":[70,86],"grid":[" "," "," "," 0!!"," /!#"," .!$"," -!%","06"," ,!&"," +!'"," *!("," )!)","11","10","10","10"]},"3785":{"keys":[70,86],"grid":[" *!("," +!'","01","01","01","01"," ,!&","06","06","06"," -!%","10","10","10"," .!$","14"]},"3788":{"keys":[70,86],"grid":[" 0!!","00","00","00","00","00","00"," "," "," "," "," "," "," "," "," "]},"3790":{"keys":[70,86],"grid":[" "," "," "," "," "," "," "," "," "," "," "," "," "," ","!","!"]}},"4028":{"3782":{"keys":[70,86],"grid":[" "," "," "," "," "," "," "," "," "," ","!# /","!' +","!) )","!* '!!","!+ #!%","!"]}},"4029":{"3782":{"keys":[70,86],"grid":[" "," "," "," "," "," "," "," 0!!"," -!%"," *!("," (!*"," %!-"," #!/","!","!","!"]},"3779":{"keys":[70,86],"grid":[" 0!!","00","00","00","00","00","00","00","00","00","00","00","00","00","00","00"]},"3778":{"keys":[70,86],"grid":[" "," "," "," 0!!","03","03","03","03","03","03","03","03","03","03","03","03"]},"3780":{"keys":[70,86],"grid":[" 0!!","00","00","00","00","00","00","00","00","00","00","00","00","00"," "," "]}},"3856":{"3818":{"keys":[70,72],"grid":[" "," "," 0!!"," .!$","03"," -!%","05","05","05","03","03"," /!#","02"," "," "," "]},"3819":{"keys":[70,72],"grid":[" /!#"," -!%"," ,!&","02"," +!'","04","02","02","01","01","01","01","02","02","04"," *!("]},"3740":{"keys":[69,70],"grid":[" "," "," &!& '"," $!* %"," !!. #","!","!","!","!","!","!","!","!","!","!","!"]},"3820":{"keys":[70,72],"grid":[" (!*"," '!+"," %!-"," #!/","!","!","!","!","!","!","!","!","!","!","!","!"]}},"3857":{"3818":{"keys":[70,72],"grid":[" "," ","!- %","!","!","!","!","!","!","!","!","!","!","!","!","!"]},"3740":{"keys":[69,70],"grid":[" "," "," "," %!$ *"," !!* '","!, &","!. $","!","!","!","!","!","!","!","!","!"]}},"3854":{"3740":{"keys":[69,70],"grid":[" "," "," "," "," "," "," "," ","!$ .","!+ &!!","!","!","!","!","!","!"]},"3821":{"keys":[70,72],"grid":[" "," "," "," "," "," "," "," "," +!% #"," )!)"," (!*"," '!+"," &!,","12"," %!-","14"]},"3822":{"keys":[70,72],"grid":[" %!-"," $!.","01","01"," #!/","04"," !!0","06","!","!","!","!","!","!","!","!"]}},"3855":{"3740":{"keys":[69,70],"grid":[" "," "," "," "," "," "," .!$"," ,!&"," '!+","!","!","!","!","!","!","!"]},"3821":{"keys":[70,72],"grid":[" +!'"," *!("," '!+"," &!,"," %!-"," $!.","05"," #!/"," !!0","!","!","!","!","!","!","!"]},"3820":{"keys":[70,72],"grid":[" "," "," "," "," .!$"," +!'"," *!(","06"," )!)","08","06","06","06","05","05","05"]}},"3852":{"3742":{"keys":[70],"grid":[" "," "," "," "," "," "," "," "," "," "," "," "," "," "," "," "]},"3823":{"keys":[72,70],"grid":[" %!-"," (!*"," *!("," -!%"," /!#"," "," "," "," "," "," "," "," "," "," "," "]},"3822":{"keys":[70,72],"grid":[" "," "," "," "," "," "," "," "," "," "," "," "," "," "," ","!# /"]},"3740":{"keys":[69,70],"grid":[" "," "," "," "," "," "," !!* '"," !!. #"," !!0","08","08","08","08","08","08","08"]},"3741":{"keys":[69,70],"grid":[" !!0","00","00","00","00","00"," #!/","06","06","06","06","06","06","00","00","00"]}},"3853":{"3823":{"keys":[70,72],"grid":[" /!#","00"," .!$"," -!%"," +!'","!% %!)","!","!","!","!","!","!","!","!","!","!"]},"3822":{"keys":[70,72],"grid":[" "," "," "," "," "," "," "," "," "," "," 0!!","10","10","10","10"," /!#"]},"3740":{"keys":[69,70],"grid":[" "," "," "," "," "," "," "," ","!% *!$","!","!","!","!","!","!","!"]}},"3850":{"3818":{"keys":[70,72],"grid":[" "," "," "," ","!' +","!( *","05","!) )","07","!* (","09","09","09","!+ '","13","13"]},"3744":{"keys":[70],"grid":[" "," "," "," "," "," "," "," "," "," "," "," "," "," "," "," "]},"3819":{"keys":[72,70],"grid":[" +!'","00","00","00","00","00","00"," *!(","07","07"," )!)"," (!*","11"," '!+","13","13"]},"3743":{"keys":[69,70],"grid":[" "," "," "," "," "," "," (!*"," &!,","07"," %!-","09"," $!.","11"," #!/","13"," !!0"]},"3820":{"keys":[72,70],"grid":[" &!,","00"," '!+","02"," (!*"," )!)"," *!("," +!'"," ,!&"," -!%"," .!$"," /!#"," 0!!"," "," "," "]}},"3851":{"3820":{"keys":[70,72],"grid":[" "," "," "," "," "," "," "," "," "," "," "," "," "," ","!! 0","14"]},"3742":{"keys":[69,70],"grid":[" "," "," "," 0!!","03"," /!#","05"," .!$","07"," -!%","09"," ,!&"," +!'"," )!)"," &!,"," $!."]},"3743":{"keys":[69,70],"grid":[" $!."," #!/","01","01","01"," !!0","!","!","!","!","!","!","!","!","!","!"]},"3821":{"keys":[72,70],"grid":[" #!/"," $!."," %!-","02"," &!,"," '!+","05"," (!*"," )!)","08","08"," *!(","11","11","11"," +!'"]},"3822":{"keys":[72,70],"grid":[" +!'","00","00","00","00"," ,!&","05","05","05"," -!%","09"," .!$","11"," /!#"," "," "]}},"3997":{"3795":{"keys":[70,86],"grid":[" '!+"," (!*"," )!)"," *!("," +!'"," ,!&"," -!%"," .!$"," /!#"," 0!!"," "," "," "," "," "," "]},"3794":{"keys":[70,86],"grid":[" ,!&","00","00","00"," +!'"," *!("," )!)"," (!*","07"," '!+","09"," &!,","11","11","11","11"]},"3793":{"keys":[70,86],"grid":[" "," "," "," "," "," "," "," "," "," "," 0!!"," /!#"," .!$","12"," -!%","14"]},"3803":{"keys":[70,86],"grid":[" "," "," "," "," "," "," "," ","!' +","!( *","!) )","!* (","!+ '","!, &","!- %","!. $"]},"3804":{"keys":[86,70],"grid":[" /!#"," 0!!"," "," "," "," "," "," "," "," "," "," "," "," "," "," "]}},"3996":{"3812":{"keys":[86,70],"grid":[" "," "," "," "," "," "," "," "," "," "," "," "," "," "," ","!! 0"]},"3813":{"keys":[70,86],"grid":[" !!0","00","00","00","00"," #!/","05","05","05","05"," $!.","05","05","!","!","!"]},"3809":{"keys":[70,86],"grid":[" !!0","!","!","!","!","!","!","!","!","!","!","!","!","!","!","!"]},"3808":{"keys":[70,86],"grid":[" %!-"," &!,","01"," '!+"," (!*"," *!("," ,!&","06"," +!'","05","05"," )!)","04","01","00"," $!."]},"3807":{"keys":[86,70],"grid":[" "," "," "," "," "," "," ","!! 0","07","!# /","09","!$ .","11","11","11","11"]},"3803":{"keys":[70,86],"grid":[" "," "," "," "," "," "," "," "," 0!!"," .!$"," ,!&","!","!","!","!","!"]}},"3995":{"3812":{"keys":[70,86],"grid":[" ,!&"," -!%","01"," .!$","03","03"," /!#","06"," 0!!","08","08"," "," "," "," "," "]},"3813":{"keys":[70,86],"grid":[" "," "," "," "," ","!! 0","!$ .","!& ,","07","!' +","09","09","!( *","12","!) (!!","!) &!$"]},"3810":{"keys":[70,86],"grid":[" '!+","00"," &!,","02"," %!-","04"," $!.","06","06"," #!/"," !!0","10","!","!","10","10"]},"3811":{"keys":[70,86],"grid":[" !!0"," #!/"," $!."," %!-","03"," &!,"," '!+","06"," (!*"," )!)","09"," *!(","11"," +!'","13"," ,!&"]},"3809":{"keys":[70,86],"grid":[" "," "," 0!!"," /!#","03"," .!$"," -!%","06"," ,!&"," +!'","09"," *!("," )!)","12"," (!*","14"]},"3804":{"keys":[70,86],"grid":[" '!+"," %!-"," #!/","!","!","!","!","!","!","!","!","!","!","!","!","!"]},"3807":{"keys":[70,86],"grid":[" -!%"," .!$"," /!#"," 0!!","03"," "," "," "," "," "," "," "," "," "," "," "]},"3806":{"keys":[86,70],"grid":[" "," ","!! 0","!$ .","!% -","!' +","!( *","06","!) )","!* (","09","!+ '","11","!, &","!- %","14"]},"3803":{"keys":[70,86],"grid":[" "," "," "," "," "," "," "," "," "," "," "," "," -!%"," +!'"," *!("," (!*"]}},"3994":{"3805":{"keys":[70,86],"grid":[" %!-","00","00"," $!.","03","03","03","03","03","03"," &!,"," '!+"," (!*"," )!)"," *!(","14"]},"3804":{"keys":[70,86],"grid":[" &!$ )"," &!' &"," &!+ !"," &!,"," %!-","04","04","04","04","04","04","04","04","04","04","04"]},"3806":{"keys":[70,86],"grid":[" +!'"," ,!&"," "," "," "," "," "," "," "," "," "," "," "," "," "," "]},"3814":{"keys":[70,86],"grid":[" #!/","00"," $!.","02","02"," %!-","02","00","!","!","!","!","!","!","!","!"]},"3813":{"keys":[70,86],"grid":[" "," "," *!$ %"," (!' $"," &!+ !"," %!-"," $!."," #!/","07","07","07","07","07","07","07","07"]}},"3993":{"3814":{"keys":[70,86],"grid":[" "," "," "," "," "," "," "," "," "," 0!!"," /!#"," -!%"," ,!&"," +!'"," *!("," )!)"]},"3815":{"keys":[70,86],"grid":[" (!*"," '!+"," %!-"," $!."," #!/"," !!0","!","!","!","!","!","!","!","!","!","!"]}},"3992":{"3816":{"keys":[70,86],"grid":[" %!-"," $!."," #!/"," !!0","03","03","02","01","01","00","00"," &!,","11"," '!+","13"," (!*"]},"3817":{"keys":[70,86],"grid":[" (!*"," )!)","01"," *!(","03"," +!'","05"," ,!&"," -!%","07","07","03","!","!","!","!"]},"3815":{"keys":[70,86],"grid":[" "," "," "," "," "," "," "," 0!!"," .!$"," -!%"," ,!&"," +!'"," *!("," )!)"," (!*"," &!,"]}},"3991":{"3817":{"keys":[70,86],"grid":[" "," "," "," "," "," "," "," "," "," "," "," "," &!,"," $!."," #!/","!"]}},"3859":{"3816":{"keys":[70,72],"grid":[" "," "," "," "," "," "," "," "," "," "," "," "," "," "," )!' #"," &!,"]},"3817":{"keys":[70,72],"grid":[" %!-"," $!."," #!/","02"," !!0","04","04","04","04","!","!","!","!","!","!","!"]},"3740":{"keys":[69,70],"grid":[" "," "," "," "," /!! !"," (!*","!","!","!","!","!","!","!","!","!","!"]}},"3939":{"3738":{"keys":[69,70],"grid":[" "," "," "," "," "," "," "," "," "," "," "," ","!","!","!","!"]}},"3938":{"3738":{"keys":[69,70],"grid":[" "," "," "," "," "," "," "," "," "," "," "," ","!","!","!","!"]}},"3935":{"3738":{"keys":[69,70],"grid":[" "," "," "," "," "," "," "," "," "," "," "," ","!","!","!","!"]}},"3934":{"3738":{"keys":[69,70],"grid":[" "," "," "," "," "," "," "," "," "," "," "," ","!","!","!","!"]}},"3937":{"3738":{"keys":[69,70],"grid":[" "," "," "," "," "," "," "," "," "," "," "," ","!","!","!","!"]}},"3936":{"3738":{"keys":[69,70],"grid":[" "," "," "," "," "," "," "," "," "," "," "," ","!","!","!","!"]}},"3931":{"3738":{"keys":[69,70],"grid":[" "," "," "," "," "," "," "," "," "," "," "," ","!","!","!","!"]}},"3930":{"3738":{"keys":[69,70],"grid":[" "," "," "," "," "," "," "," "," "," "," "," ","!","!","!","!"]}},"3933":{"3738":{"keys":[69,70],"grid":[" "," "," "," "," "," "," "," "," "," "," "," ","!","!","!","!"]}},"3932":{"3738":{"keys":[69,70],"grid":[" "," "," "," "," "," "," "," "," "," "," "," ","!","!","!","!"]}},"4031":{"3773":{"keys":[70,86],"grid":[" 0!!"," .!$"," ,!&"," *!("," )!)","04"," (!*"," '!+","07"," &!,","09"," %!-"," $!.","12","12"," #!/"]},"3772":{"keys":[70],"grid":[" "," "," "," "," "," "," "," "," "," "," "," "," "," "," "," "]},"3775":{"keys":[70,86],"grid":[" #!/","00"," !!0","02","!","!","!","!","!","!","!","!","!","!","!","!"]},"3774":{"keys":[70,86],"grid":[" !!$ !!,"," !!! &!*"," (!*","02","02"," '!+","05"," &!,","07","07"," %!-","10"," $!.","12","12"," #!/"]}},"4030":{"3782":{"keys":[70,86],"grid":[" (!*","00"," )!)","02","00"," %!-"," !!0","!","!","!","!","!","!","!","!","!"]},"3780":{"keys":[86],"grid":[" "," "," "," "," "," "," "," "," "," "," "," "," "," "," "," "]},"3781":{"keys":[70,86],"grid":[" !!0","00","00"," #!/","03"," $!.","05","05"," %!-","08"," &!,","10","10"," '!+","13","13"]},"3777":{"keys":[70,86],"grid":[" '!+","00","00","00","00"," (!*","05","05","05","05","05"," &!,"," %!-"," $!."," #!/"," !!0"]},"3776":{"keys":[70,86],"grid":[" -!%","00"," ,!&","02","02"," +!'","05"," *!(","07","07"," )!)","10","10"," (!*","13"," '!+"]},"3775":{"keys":[70,86],"grid":[" "," "," "," "," "," "," "," 0!!","07","07"," /!#","10","10"," .!$","13"," -!%"]},"3778":{"keys":[86],"grid":[" "," "," "," "," "," "," "," "," "," "," "," "," "," "," "," "]}},"4033":{"3772":{"keys":[70,86],"grid":[" +!'"," *!("," (!*"," &!,"," $!."," #!/","!","!","!","!","!","!","!","!","!","!"]},"3771":{"keys":[70,86],"grid":[" "," "," "," "," "," "," "," "," "," "," "," "," "," "," /!#"," -!%"]}},"4032":{"3772":{"keys":[70,86],"grid":[" "," "," "," "," "," "," "," /!#"," -!%"," ,!&"," *!("," (!*"," &!,"," %!-"," #!/","!"]}},"4035":{"3771":{"keys":[70,86],"grid":[" %!-"," $!."," #!/"," !!0","!","!","!","!","!","!","!","!","!","!","!","!"]},"3770":{"keys":[70,86],"grid":[" "," "," "," 0!!"," /!#"," .!$"," -!%","06"," ,!&"," +!'"," *!("," )!)"," (!*"," '!+"," &!,","14"]}},"4034":{"3771":{"keys":[70,86],"grid":[" "," "," "," "," 0!!"," .!$"," -!%"," +!'"," )!)"," (!*"," &!,"," $!."," !!0","!","!","!"]}},"4037":{"3768":{"keys":[70,86],"grid":[" "," "," "," "," "," "," "," "," 0!!"," /!#"," -!%"," ,!&"," *!("," (!*"," '!+"," %!-"]},"3769":{"keys":[70,86],"grid":[" $!."," !!0","!","!","!","!","!","!","!","!","!","!","!","!","!","!"]}},"4036":{"3769":{"keys":[70,86],"grid":[" "," "," 0!!"," .!$","03"," -!%"," ,!&"," +!'"," *!("," )!)"," (!*"," '!+","11"," &!,"," %!-"," $!."]},"3770":{"keys":[70,86],"grid":[" #!/"," !!0","!","!","!","!","!","!","!","!","!","!","!","!","!","!"]}},"4039":{"3767":{"keys":[70,86],"grid":[" "," "," "," "," "," "," "," ,!&"," *!("," (!*"," '!+"," %!-"," $!."," !!0","!","!"]}},"4038":{"3768":{"keys":[70,86],"grid":[" -!%"," ,!&"," *!("," (!*"," '!+"," %!-"," $!."," !!0","!","!","!","!","!","!","!","!"]},"3767":{"keys":[70,86],"grid":[" "," "," "," "," "," "," "," "," "," "," "," "," "," "," 0!!"," /!#"]}},"3880":{"3740":{"keys":[69,70],"grid":[" "," "," "," "," ,!&","!","!","!","!","!","!","!","!","!","!","!"]},"3815":{"keys":[70,72],"grid":[" 0!!"," -!%"," *!("," (!*"," '!+"," &!,"," %!-","06"," $!.","08"," #!/","10"," !!0","!","!","!"]}},"3902":{"3834":{"keys":[72,70],"grid":[" $!.","00"," %!-"," '!+"," (!*"," *!("," -!# #"," "," "," "," "," "," "," "," "," "]},"3837":{"keys":[72,70],"grid":[" "," "," "," "," "," "," "," "," "," 0!!"," /!#","10","10"," .!$","13","13"]},"3833":{"keys":[70,72],"grid":[" "," "," "," "," ","!! 0","05","05","05","05","05","05","!# /","12","12","12"]},"3838":{"keys":[72,70],"grid":[" .!$"," /!#","01"," 0!!"," "," "," "," "," "," "," "," "," "," "," "," "]},"3839":{"keys":[72,70],"grid":[" "," .!$"," (!*","!","!","!","!","!","!","!","!","!","!","!","!","!"]},"3738":{"keys":[69,70],"grid":[" "," "," "," "," "," "," "," "," "," "," "," "," "," ","!","!"]}},"3841":{"3820":{"keys":[70,72],"grid":[" "," 0!!"," /!#","02"," .!$","04"," -!%","06"," #!! )!&"," !!0","!","!","!","!","!","!"]},"3742":{"keys":[70],"grid":[" "," "," "," "," "," "," "," "," "," "," "," "," "," "," "," "]},"3741":{"keys":[69,70],"grid":[" "," "," "," ","!! 0","!# /","05","!$ .","!% -","!' +","!* (","!+ '","!, &","!- %","!. $","!/ #"]}},"3840":{"3820":{"keys":[70,72],"grid":[" "," "," "," "," "," "," "," "," "," "," 0!!"," /!#"," .!$"," ,!&"," +!'"," (!*"]},"3740":{"keys":[69,70],"grid":[" "," "," "," "," "," "," "," "," "," ","!# /","!$ .","!& ,","!' +","!) )","!+ '"]},"3821":{"keys":[72],"grid":[" "," "," "," "," "," "," "," "," "," "," "," "," "," "," "," "]},"3741":{"keys":[70,69],"grid":[" -!%"," /!#"," 0!!"," "," "," "," "," "," "," "," "," "," "," "," "," "]}},"3843":{"3818":{"keys":[70,72],"grid":[" ,!&"," )!)"," (!*"," '!+"," &!,","04"," %!-","06","06","06","06"," $!."," #!/","!","!","!"]},"3742":{"keys":[69,70],"grid":[" "," "," "," "," "," "," "," "," "," "," "," "," ","!! 0","!# /","!% -"]},"3817":{"keys":[70,72],"grid":[" "," "," "," "," "," "," "," "," "," "," "," "," "," "," 0!!"," .!$"]},"3743":{"keys":[70,69],"grid":[" &!,"," '!+"," (!*"," *!("," +!'"," ,!&"," .!$"," /!#"," 0!!"," "," "," "," "," "," "," "]}},"3842":{"3818":{"keys":[70,72],"grid":[" "," "," "," "," "," "," "," "," "," "," "," "," "," +!'"," )!)"," (!*"]},"3819":{"keys":[70,72],"grid":[" (!*"," '!+","01","01","01","01","01","01","01","01","01","01","01"," &!,"," %!-"," $!."]},"3742":{"keys":[69,70],"grid":[" ","!! 0","!$ .","!% -","!& ,","!' +","!) )","!* (","!+ '","!- %","!. $","!/ #","!","!","!","!"]},"3820":{"keys":[70,72],"grid":[" !!0","!","!","!","!","!","!","!","!","!","!","!","!","!","!","!"]}},"3845":{"3744":{"keys":[69,70],"grid":[" "," "," "," "," ","!! 0","!# /","!$ .","!% -","!' +","!( *","!) )","!* (","!, &","!- %","!. $"]},"3745":{"keys":[70,69],"grid":[" /!#","00"," 0!!","02"," "," "," "," "," "," "," "," "," "," "," "," "]},"3816":{"keys":[70,72],"grid":[" %!# )!#","!","!","!","!","!","!","!","!","!","!","!","!","!","!","!"]},"3815":{"keys":[70],"grid":[" "," "," "," "," "," "," "," "," "," "," "," "," "," "," "," "]}},"3844":{"3744":{"keys":[70,69],"grid":[" +!'"," ,!&"," .!$"," /!#"," 0!!"," "," "," "," "," "," "," "," "," "," "," "]},"3816":{"keys":[70,72],"grid":[" -!$ !"," ,!&"," +!'","02","02","02","02","02","02","02","02"," *!(","11","11","11"," )!)"]},"3817":{"keys":[70,72],"grid":[" )!)"," (!*"," '!+","02"," &!,","04","04","04","04","04","04"," %!-"," $!."," !!0","!","!"]},"3743":{"keys":[69,70],"grid":[" "," "," "," "," "," "," "," "," ","!! 0","!# /","!$ .","!& ,","!' +","!( *","!* ("]}},"3847":{"3746":{"keys":[69,70],"grid":[" "," "," "," "," "," "," "," "," "," "," "," "," "," ","!! 0","!# /"]},"3747":{"keys":[70,69],"grid":[" %!-","00","00"," &!,","03"," '!+"," (!*"," )!)","07"," *!(","09"," +!'"," ,!&"," -!%"," .!$"," /!#"]},"3816":{"keys":[72,70],"grid":[" /!#"," 0!!","01"," "," "," "," "," "," "," "," "," "," "," "," "," "]},"3748":{"keys":[70,69],"grid":[" 0!!"," "," "," "," "," "," "," "," "," "," "," "," "," "," "," "]},"3815":{"keys":[70,72],"grid":[" "," "," "," "," "," "," "," "," "," "," ","!' +","!( *","!, &","!. $","!/ #"]}},"3846":{"3746":{"keys":[70,69],"grid":[" &!,","00"," '!+"," (!*"," )!)"," *!("," +!'"," ,!&"," .!$"," /!#"," 0!!"," "," "," "," "," "]},"3745":{"keys":[69,70],"grid":[" "," "," "," "," "," "," ","!! 0","07","!# /","09","!$ .","11","11","!% -","14"]},"3815":{"keys":[70,72],"grid":[" "," "," "," "," "," "," "," "," "," "," )!' #"," &!,"," %!-"," $!."," #!/","!"]}},"3849":{"3744":{"keys":[69,70],"grid":[" "," /!#"," ,!&"," +!'","03","03","03","03","03","02","02","02","02","03","03","03"]},"3745":{"keys":[69,70],"grid":[" +!'"," *!(","01","01","01"," )!)","05","05"," (!*","08"," '!+","10"," %!-"," #!/","!","!"]},"3818":{"keys":[72,70],"grid":[" )!)"," *!("," +!'"," ,!&"," -!# #"," "," "," "," "," "," "," "," "," "," "," "]},"3817":{"keys":[70,72],"grid":[" "," "," "," "," "," "," "," "," "," ","!! 0","!$ .","!% -","!& ,","!' +","!( *"]}},"3848":{"3816":{"keys":[70,72],"grid":[" "," "," "," ","!% -","04","!& ,","06","!' +","08","!( *","10","10","!) )","13","13"]},"3817":{"keys":[72,70],"grid":[" *!(","00","00"," +!'"," ,!&"," -!%"," .!$"," /!#"," 0!!"," "," "," "," "," "," "," "]},"3748":{"keys":[69,70],"grid":[" #!/"," !!0","!","!","!","!","!","!","!","!","!","!","!","!","!","!"]},"3746":{"keys":[69,70],"grid":[" ,!&"," +!'","01"," *!(","03","03","03"," )!)","07","07","07","07","07","07"," (!*","14"]},"3747":{"keys":[69,70],"grid":[" (!*"," '!+"," &!,","02"," %!-","04","04","04","04"," $!.","09","09","09","09"," #!/","14"]},"3745":{"keys":[69,70],"grid":[" "," "," "," "," "," "," "," "," "," "," "," "," "," "," /!#"," -!%"]}},"3948":{"3738":{"keys":[69,70],"grid":[" "," "," "," "," "," "," "," "," "," "," "," "," ","!","!","!"]}},"3949":{"3738":{"keys":[69,70],"grid":[" "," "," "," "," "," "," "," "," "," "," "," "," ","!","!","!"]}},"3916":{"3738":{"keys":[69,70],"grid":[" "," "," "," "," "," "," "," "," "," "," "," "," "," ","!","!"]}},"3940":{"3738":{"keys":[69,70],"grid":[" "," "," "," "," "," "," "," "," "," "," "," ","!","!","!","!"]}},"3941":{"3738":{"keys":[69,70],"grid":[" "," "," "," "," "," "," "," "," "," "," "," ","!","!","!","!"]}},"3942":{"3738":{"keys":[69,70],"grid":[" "," "," "," "," "," "," "," "," "," "," "," ","!","!","!","!"]}},"3943":{"3738":{"keys":[69,70],"grid":[" "," "," "," "," "," "," "," "," "," "," "," ","!","!","!","!"]}},"3944":{"3738":{"keys":[69,70],"grid":[" "," "," "," "," "," "," "," "," "," "," "," ","!- %","!","!","!"]}},"3945":{"3738":{"keys":[69,70],"grid":[" "," "," "," "," "," "," "," "," "," "," "," "," ","!","!","!"]}},"3946":{"3738":{"keys":[69,70],"grid":[" "," "," "," "," "," "," "," "," "," "," "," "," ","!","!","!"]}},"3947":{"3738":{"keys":[69,70],"grid":[" "," "," "," "," "," "," "," "," "," "," "," "," ","!","!","!"]}},"3914":{"3738":{"keys":[69,70],"grid":[" "," "," "," "," "," "," "," "," "," "," "," "," "," ","!","!"]}},"4044":{"3768":{"keys":[70,86],"grid":[" "," "," "," "," "," "," "," "," "," ","!! 0","!$ .","!& ,","!( *","!* (","!, &"]},"3769":{"keys":[86,70],"grid":[" .!$"," 0!!"," "," "," "," "," "," "," "," "," "," "," "," "," "," "]}},"4045":{"3769":{"keys":[70,86],"grid":[" "," ","!! 0","!$ .","!& ,","!( *","!* (","!, &","!/ #","!","!","!","!","!","!","!"]}},"4046":{"3769":{"keys":[70,86],"grid":[" "," "," "," "," "," "," "," "," "," ","!# /","!% -","!' +","!) )","!+ '","!- %"]},"3770":{"keys":[86,70],"grid":[" /!#"," "," "," "," "," "," "," "," "," "," "," "," "," "," "," "]}},"4047":{"3770":{"keys":[70,86],"grid":[" "," ","!# /","!% -","!' +","!) )","!+ '","!- %","!/ #","!0 !","!","!","!","!","!","!"]}},"4040":{"3767":{"keys":[70,86],"grid":[" "," "," "," "," "," "," "," ","!$ .","!( *","!, &","!0 !","!","!","!","!"]}},"4041":{"3768":{"keys":[86],"grid":[" "," "," "," "," "," "," "," "," "," "," "," "," "," "," "," "]},"3767":{"keys":[70,86],"grid":[" "," "," "," "," "," "," "," "," "," "," "," ","!# /","!& ,","!* (","!. $"]}},"4042":{"3768":{"keys":[86,70],"grid":[" !!0"," %!-"," )!)"," ,!&"," 0!!"," "," "," "," "," "," "," "," "," "," "," "]}},"4043":{"3768":{"keys":[70,86],"grid":[" "," "," "," "," ","!$ .","!' +","!+ '","!. $","!0 !","!","!","!","!","!","!"]}},"3910":{"3738":{"keys":[69,70],"grid":[" "," "," "," "," "," "," "," "," "," "," "," "," "," ","!","!"]}},"4048":{"3770":{"keys":[70,86],"grid":[" "," "," "," "," "," /!#"," ,!&"," )!)"," '!+"," $!.","!","!","!","!","!","!"]}},"4049":{"3769":{"keys":[70,86],"grid":[" "," "," "," "," "," "," "," "," "," "," "," "," "," "," "," /!#"]},"3770":{"keys":[70,86],"grid":[" ,!&"," )!)"," '!+"," $!.","!","!","!","!","!","!","!","!","!","!","!","!"]}},"3869":{"3818":{"keys":[70,72],"grid":[" "," "," "," "," ","!! 0","!# /","!$ '!! '","!- %","!/ #","!","!","!","!","!","!"]},"3741":{"keys":[69,70],"grid":[" "," "," "," "," "," "," "," "," "," "," #!/","!","!","!","!","!"]}},"3963":{"3665":{"keys":[69,70],"grid":[" %!-","00","00","00"," &!,","04","04","04","04","04","04","04","04"," '!+","13","13"]},"3664":{"keys":[69,70],"grid":[" $!.","00","00","00","00","00","00","00","00"," %!-","09","09","09","09","09","09"]},"3667":{"keys":[69,70],"grid":[" )!)","00","00","00","00","00","00","00"," *!(","08","08","08","08","08","08","08"]},"3666":{"keys":[69,70],"grid":[" '!+","00","00","00","00"," (!*","05","05","05","05","05","05","05","05","05","05"]},"3663":{"keys":[69,70],"grid":[" !!0","00","00","00","00","00"," #!/","06","06","06","06","06","06","06"," $!.","14"]},"3662":{"keys":[70,69],"grid":[" "," "," "," "," "," "," "," "," "," "," "," ","!! 0","12","12","12"]},"3669":{"keys":[69,70],"grid":[" ,!&","00","00","00","00"," -!%","05","05","05","05","05","05","05","05"," .!$","14"]},"3668":{"keys":[69,70],"grid":[" *!(","00","00"," +!'","03","03","03","03","03","03","03","03"," ,!&","12","12","12"]},"3738":{"keys":[69,70],"grid":[" "," "," "," "," "," "," "," "," "," "," "," "," "," ","!","!"]},"3670":{"keys":[69,70],"grid":[" .!$","00","00","00","00","00","00","00","00"," /!#","09","09","09","09","09","09"]},"3671":{"keys":[69,70],"grid":[" /!#"," 0!!","01","01","01","01","01","01","01","01","01"," "," "," "," "," "]}},"3959":{"3629":{"keys":[69,70],"grid":[" (!*","00","00"," )!)","03","03","03","03","03","03","03","03"," *!(","12","12","12"]},"3628":{"keys":[69,70],"grid":[" &!,"," '!+","01","01","01","01","01","01","01","01"," (!*","10","10","10","10","10"]},"3632":{"keys":[69,70],"grid":[" -!%","00"," .!$","02","02","02","02","02","02","02"," /!#","10","10","10","10","10"]},"3634":{"keys":[69],"grid":[" "," "," "," "," "," "," "," "," "," "," "," "," "," "," "," "]},"3625":{"keys":[70,69],"grid":[" "," "," ","!! 0","03","03","03","03","03","03","03","03","!# /","12","12","12"]},"3624":{"keys":[70],"grid":[" "," "," "," "," "," "," "," "," "," "," "," "," "," "," "," "]},"3627":{"keys":[69,70],"grid":[" %!-","00","00","00","00","00","00","00"," &!,","08","08","08","08","08","08","08"]},"3626":{"keys":[69,70],"grid":[" #!/","00","00","00","00"," $!.","05","05","05","05","05","05","05","05","05"," %!-"]},"3630":{"keys":[69,70],"grid":[" *!(","00","00","00","00"," +!'","05","05","05","05","05","05","05","05"," ,!&","14"]},"3738":{"keys":[69,70],"grid":[" "," "," "," "," "," "," "," "," "," "," "," "," ","!","!","!"]},"3633":{"keys":[69,70],"grid":[" /!#","00","00","00"," 0!!","04","04","04","04","04","04","04","04"," "," "," "]},"3631":{"keys":[69,70],"grid":[" ,!&","00","00","00","00","00","00","00"," -!%","08","08","08","08","08","08","08"]}},"3958":{"3615":{"keys":[70],"grid":[" "," "," "," "," "," "," "," "," "," "," "," "," "," "," "," "]},"3616":{"keys":[70,69],"grid":[" ","!! 0","01","01","01","01","01","01","01","01","!# /","10","10","10","10","10"]},"3617":{"keys":[69,70],"grid":[" #!/","00","00","00"," $!.","04","04","04","04","04","04","04","04","04"," %!-","14"]},"3618":{"keys":[69,70],"grid":[" %!-","00","00","00","00","00"," &!,","06","06","06","06","06","06","06","06","06"]},"3619":{"keys":[69,70],"grid":[" '!+","00","00","00","00","00","00","00"," (!*","08","08","08","08","08","08","08"]},"3623":{"keys":[69,70],"grid":[" .!$","00","00","00","00","00","00","00","00"," /!#","09","09","09","09","09","09"]},"3622":{"keys":[69,70],"grid":[" ,!&","00","00","00","00","00","00"," -!%","07","07","07","07","07","07","07"," .!$"]},"3624":{"keys":[69,70],"grid":[" /!#"," 0!!","01","01","01","01","01","01","01","01"," "," "," "," "," "," "]},"3621":{"keys":[69,70],"grid":[" *!(","00","00"," +!'","03","03","03","03","03","03","03","03","03"," ,!&","13","13"]},"3620":{"keys":[69,70],"grid":[" (!*"," )!)","01","01","01","01","01","01","01","01"," *!(","10","10","10","10","10"]},"3738":{"keys":[69,70],"grid":[" "," "," "," "," "," "," "," "," "," "," "," "," ","!","!","!"]}},"3953":{"3738":{"keys":[69,70],"grid":[" "," "," "," "," "," "," "," "," "," "," "," "," ","!","!","!"]}},"3952":{"3738":{"keys":[69,70],"grid":[" "," "," "," "," "," "," "," "," "," "," "," "," ","!","!","!"]}},"3951":{"3738":{"keys":[69,70],"grid":[" "," "," "," "," "," "," "," "," "," "," "," "," ","!","!","!"]}},"3950":{"3738":{"keys":[69,70],"grid":[" "," "," "," "," "," "," "," "," "," "," "," "," ","!","!","!"]}},"3957":{"3610":{"keys":[69,70],"grid":[" '!+","00","00","00","00","00","00"," (!*","07","07","07","07","07","07","07","07"]},"3611":{"keys":[69,70],"grid":[" )!)","00","00","00","00","00","00","00","00"," *!(","09","09","09","09","09","09"]},"3612":{"keys":[69,70],"grid":[" *!("," +!'","01","01","01","01","01","01","01","01","01"," ,!&","11","11","11","11"]},"3613":{"keys":[69,70],"grid":[" ,!&","00","00","00","00"," -!%","05","05","05","05","05","05","05"," .!$","13","13"]},"3607":{"keys":[70,69],"grid":[" "," ","!! 0","02","02","02","02","02","!# /","08","08","08","08","08","08","08"]},"3606":{"keys":[70],"grid":[" "," "," "," "," "," "," "," "," "," "," "," "," "," "," "," "]},"3609":{"keys":[69,70],"grid":[" %!-","00","00","00"," &!,","04","04","04","04","04","04","04","04","04"," '!+","14"]},"3608":{"keys":[69,70],"grid":[" #!/","00"," $!.","02","02","02","02","02","02","02","02","02"," %!-","12","12","12"]},"3738":{"keys":[69,70],"grid":[" "," "," "," "," "," "," "," "," "," "," "," "," ","!","!","!"]},"3614":{"keys":[69,70],"grid":[" .!$","00","00","00","00","00","00","00"," /!#","08","08","08","08","08","08","08"]},"3615":{"keys":[69,70],"grid":[" 0!!","00","00","00","00","00","00","00","00"," "," "," "," "," "," "," "]}},"3956":{"3603":{"keys":[69,70],"grid":[" +!'","00","00","00","00","00","00"," ,!&","07","07","07","07","07","07","07","07"]},"3602":{"keys":[69,70],"grid":[" )!)","00","00","00"," *!(","04","04","04","04","04","04","04","04","04"," +!'","14"]},"3601":{"keys":[69,70],"grid":[" '!+","00"," (!*","02","02","02","02","02","02","02","02","02"," )!)","12","12","12"]},"3600":{"keys":[69,70],"grid":[" &!,","00","00","00","00","00","00","00","00"," '!+","09","09","09","09","09","09"]},"3597":{"keys":[70,69],"grid":[" "," "," "," "," "," "," "," "," ","!! 0","09","09","09","09","09","09"]},"3606":{"keys":[69,70],"grid":[" 0!!","00","00","00","00","00","00"," "," "," "," "," "," "," "," "," "]},"3605":{"keys":[69,70],"grid":[" .!$","00","00","00"," /!#","04","04","04","04","04","04","04"," 0!!","12","12","12"]},"3604":{"keys":[69,70],"grid":[" -!%","00","00","00","00","00","00","00","00","00","00"," .!$","11","11","11","11"]},"3599":{"keys":[69,70],"grid":[" $!.","00","00","00","00","00"," %!-","06","06","06","06","06","06","06","06","06"]},"3598":{"keys":[69,70],"grid":[" !!0","00","00"," #!/","03","03","03","03","03","03","03"," $!.","11","11","11","11"]},"3738":{"keys":[69,70],"grid":[" "," "," "," "," "," "," "," "," "," "," "," "," ","!","!","!"]}},"3955":{"3593":{"keys":[69,70],"grid":[" *!(","00","00","00","00","00","00"," +!'","07","07","07","07","07","07","07","07"]},"3592":{"keys":[69,70],"grid":[" (!*","00","00","00"," )!)","04","04","04","04","04","04","04","04","04"," *!(","14"]},"3591":{"keys":[69,70],"grid":[" &!,","00"," '!+","02","02","02","02","02","02","02","02","02"," (!*","12","12","12"]},"3590":{"keys":[69,70],"grid":[" %!-","00","00","00","00","00","00","00","00"," &!,","09","09","09","09","09","09"]},"3597":{"keys":[69],"grid":[" "," "," "," "," "," "," "," "," "," "," "," "," "," "," "," "]},"3596":{"keys":[69,70],"grid":[" /!#","00","00","00","00","00","00"," 0!!","07","07","07","07","07","07","07"," "]},"3595":{"keys":[69,70],"grid":[" -!%","00","00","00"," .!$","04","04","04","04","04","04","04","04"," /!#","13","13"]},"3587":{"keys":[70],"grid":[" "," "," "," "," "," "," "," "," "," "," "," "," "," "," "," "]},"3588":{"keys":[70,69],"grid":[" "," "," ","!! 0","03","03","03","03","03","03","03","03","!# /","12","12","12"]},"3589":{"keys":[69,70],"grid":[" #!/","00","00","00","00","00"," $!.","06","06","06","06","06","06","06","06","06"]},"3594":{"keys":[69,70],"grid":[" +!'"," ,!&","01","01","01","01","01","01","01","01","01"," -!%","11","11","11","11"]},"3738":{"keys":[69,70],"grid":[" "," "," "," "," "," "," "," "," "," "," "," "," ","!","!","!"]}},"3954":{"3587":{"keys":[69,70],"grid":[" 0!!","00","00","00","00","00","00","00","00","00"," "," "," "," "," "," "]},"3584":{"keys":[69,70],"grid":[" *!("," +!'","01","01","01","01","01","01","01","01","01","01"," ,!&","12","12","12"]},"3585":{"keys":[69,70],"grid":[" ,!&","00","00","00","00"," -!%","05","05","05","05","05","05","05","05"," .!$","14"]},"3586":{"keys":[69,70],"grid":[" .!$","00","00","00","00","00","00","00"," /!#","08","08","08","08","08","08","08"]},"3738":{"keys":[69,70],"grid":[" "," "," "," "," "," "," "," "," "," "," "," "," ","!","!","!"]}},"4057":{"3759":{"keys":[70,86],"grid":[" +!'"," (!*"," &!,"," #!/","!","!","!","!","!","!","!","!","!","!","!","!"]},"3758":{"keys":[70,86],"grid":[" "," "," "," "," "," "," "," "," "," "," "," "," "," "," 0!!"," .!$"]}},"4056":{"3759":{"keys":[70,86],"grid":[" "," "," "," "," "," .!$"," +!'"," )!)"," &!,"," $!.","!","!","!","!","!","!"]}},"4055":{"3760":{"keys":[70,86],"grid":[" !!0","!","!","!","!","!","!","!","!","!","!","!","!","!","!","!"]},"3759":{"keys":[70,86],"grid":[" "," "," "," "," "," "," "," "," "," "," "," /!#"," ,!&"," )!)"," '!+"," $!."]}},"4054":{"3760":{"keys":[70,86],"grid":[" "," /!#"," ,!&"," *!("," '!+"," %!-"," !!0","!","!","!","!","!","!","!","!","!"]}},"4053":{"3760":{"keys":[70,86],"grid":[" "," "," "," "," "," "," "," /!#"," -!%"," *!("," (!*"," %!-"," !!0","!","!","!"]}},"4052":{"3760":{"keys":[70,86],"grid":[" "," "," "," "," "," "," "," "," "," "," "," "," "," 0!!"," -!%"," +!'"]},"3761":{"keys":[70,86],"grid":[" (!*"," %!-"," #!/","!","!","!","!","!","!","!","!","!","!","!","!","!"]}},"4051":{"3761":{"keys":[70,86],"grid":[" "," "," "," 0!!"," .!$"," +!'"," (!*"," &!,"," #!/","08","08"," !!0","11","11","11","11"]},"3762":{"keys":[70,86],"grid":[" !!0","00","00","00","00","!","!","!","!","!","!","!","!","!","!","!"]}},"4050":{"3762":{"keys":[70],"grid":[" "," "," "," "," "," "," "," "," "," "," "," "," "," "," "," "]},"3763":{"keys":[70,86],"grid":[" 0!!","00","00","00","00","00","00","00","00","00"," /!#","10","10","10","10","10"]},"3764":{"keys":[70,86],"grid":[" /!#","00","00","00","00"," .!$","05","05","05","05","05","05","05","05","05","05"]},"3765":{"keys":[70,86],"grid":[" -!%","00","00","00","00","00","00","00","00","00"," ,!&","10","10","10","10","10"]},"3766":{"keys":[70,86],"grid":[" ,!&","00","00","00","00","00"," +!'","06","06","06","06","06","06","06","06","06"]},"3767":{"keys":[70,86],"grid":[" *!(","00","00","00","00","00","00","00","00","00","00"," )!)","11","11","11","11"]},"3768":{"keys":[70,86],"grid":[" )!)","00","00","00","00","00"," (!*","06","06","06","06","06","06","06","06","06"]},"3769":{"keys":[70,86],"grid":[" (!*"," '!+","01","01","01","01","01","01","01","01","01","01","01"," $!.","!","!"]}},"4059":{"3758":{"keys":[70,86],"grid":[" "," "," 0!!"," -!%"," +!'"," (!*"," %!-"," #!/","!","!","!","!","!","!","!","!"]}},"4058":{"3758":{"keys":[70,86],"grid":[" "," "," "," "," "," "," "," "," 0!!"," .!$"," +!'"," (!*"," &!,"," #!/","!","!"]}},"3917":{"3738":{"keys":[69,70],"grid":[" "," "," "," "," "," "," "," "," "," "," "," "," ","!, &","!","!"]}},"3903":{"3834":{"keys":[70,72],"grid":[" "," "," "," "," "," ","!* (","!, &","!/ #","!0 !","!","!","!","!","!","!"]},"3837":{"keys":[72,70],"grid":[" "," "," "," "," "," %!' '"," #!+ %"," !!. #","!","!","!","!","!","!","!","!"]},"3838":{"keys":[70,72],"grid":[" "," "," "," "," "," ","!! 0","06","!# /","08","08","08","08","06","06"," "]},"3738":{"keys":[69,70],"grid":[" "," "," "," "," "," "," "," "," "," "," "," "," "," ","!","!"]}},"3904":{"3834":{"keys":[70,72],"grid":[" "," "," "," "," "," "," "," "," "," ","!! 0","!$ .","!' +","!+ '","!- %","!0 !"]},"3835":{"keys":[72,70],"grid":[" "," "," "," "," "," "," "," "," "," "," "," "," "," 0!!"," /!#","14"]},"3836":{"keys":[72,70],"grid":[" .!$","00","00","00"," /!#","04"," 0!!"," "," "," "," "," "," "," "," "," "]},"3837":{"keys":[72,70],"grid":[" "," "," "," "," "," "," "," "," ","!! '!$ '","!","!","!","!","!","!"]},"3738":{"keys":[69,70],"grid":[" "," "," "," "," "," "," "," "," "," "," "," "," "," ","!","!"]}},"3905":{"3834":{"keys":[70],"grid":[" "," "," "," "," "," "," "," "," "," "," "," "," "," "," "," "]},"3835":{"keys":[72,70],"grid":[" !!0"," $!."," &!,"," )!)"," *!("," +!'"," ,!&"," -!%"," (!*"," %!-","01","00","!","!","!","!"]},"3836":{"keys":[70,72],"grid":[" "," "," "," "," "," "," "," ","!# /","!' +","!+ '","!- %","!. $","12","12","12"]},"3837":{"keys":[72,70],"grid":[" .!$","00"," -!%","02"," ,!&","04"," +!'"," *!(","07"," (!*","!","!","!","!","!","!"]},"3738":{"keys":[69,70],"grid":[" "," "," "," "," "," "," "," "," "," "," "," "," "," ","!","!"]}},"3906":{"3738":{"keys":[69,70],"grid":[" "," "," "," "," "," "," "," "," "," "," "," "," "," ","!","!"]}},"3889":{"3810":{"keys":[70,72],"grid":[" "," "," "," "," "," "," "," "," ","!! 0","!# /","!% -","!0 !","!","!","!"]},"3738":{"keys":[69,70],"grid":[" "," "," "," "," "," "," "," "," "," "," "," "," "," "," ","!"]}},"3868":{"3818":{"keys":[72,70],"grid":[" (!*"," *!("," /!#"," 0!!"," "," "," "," "," "," "," "," "," "," "," "," "]},"3817":{"keys":[70,72],"grid":[" "," "," "," "," "," "," "," "," "," "," "," "," "," ","!% -","!' +"]},"3741":{"keys":[69,70],"grid":[" "," "," "," "," "," "," "," "," "," "," "," -!%"," +!'"," )!)"," '!+"," #!/"]}},"3900":{"3833":{"keys":[72,70],"grid":[" #!/"," #!$ %!("," +!& !"," ,!$ #"," "," "," "," "," "," "," "," "," "," "," "," "]},"3832":{"keys":[70,72],"grid":[" "," "," "," "," "," "," "," "," "," "," "," "," "," "," ","!! 0"]},"3738":{"keys":[69,70],"grid":[" "," "," "," "," "," "," "," "," "," "," "," "," "," ","!","!"]}},"3901":{"3833":{"keys":[72,70],"grid":[" 0!!"," "," "," "," "," "," "," "," "," "," "," "," "," "," "," "]},"3839":{"keys":[72,70],"grid":[" "," "," "," *!("," )!)"," (!*"," '!+"," &!,","07","07","07","07","07","07"," %!-","14"]},"3832":{"keys":[70,72],"grid":[" "," "," "," "," "," "," "," "," "," "," "," -!! $"," ,!$ #"," +!% #"," *!' !"," )!( !"]},"3738":{"keys":[69,70],"grid":[" "," "," "," "," "," "," "," "," "," "," "," "," "," ","!","!"]}},"4062":{"3757":{"keys":[70,86],"grid":[" /!#"," -!%"," *!("," '!+"," %!-"," !!0","!","!","!","!","!","!","!","!","!","!"]},"3756":{"keys":[70],"grid":[" "," "," "," "," "," "," "," "," "," "," "," "," "," "," "," "]}},"4063":{"3756":{"keys":[70,86],"grid":[" "," "," "," "," "," "," "," "," "," "," /!#"," ,!&"," *!("," '!+"," $!."," !!0"]}},"4060":{"3758":{"keys":[70,86],"grid":[" %!-"," !!0","!","!","!","!","!","!","!","!","!","!","!","!","!","!"]},"3757":{"keys":[70,86],"grid":[" "," "," "," "," "," "," "," "," "," "," "," "," /!#"," -!%"," *!("," (!*"]}},"4061":{"3757":{"keys":[70,86],"grid":[" "," "," "," "," "," "," 0!!"," -!%"," *!("," (!*"," %!-"," !!0","!","!","!","!"]}},"4066":{"3755":{"keys":[70,86],"grid":[" "," "," "," "," "," "," "," "," "," "," "," "," "," "," "," ,!&"]},"3756":{"keys":[70,86],"grid":[" &!,","!","!","!","!","!","!","!","!","!","!","!","!","!","!","!"]}},"4067":{"3755":{"keys":[70,86],"grid":[" "," "," "," "," "," "," "," "," "," "," "," "," -!%"," '!+"," !!0","!"]}},"4064":{"3756":{"keys":[70,86],"grid":[" "," "," "," "," .!$"," ,!&"," )!)"," '!+"," $!.","!","!","!","!","!","!","!"]}},"4065":{"3756":{"keys":[70,86],"grid":[" "," /!#"," )!)"," $!.","!","!","!","!","!","!","!","!","!","!","!","!"]}},"4068":{"3755":{"keys":[70,86],"grid":[" "," "," "," "," "," "," "," "," "," 0!!"," )!)"," $!.","!","!","!","!"]}},"4069":{"3755":{"keys":[70,86],"grid":[" "," "," "," "," "," "," "," +!'"," %!-","!","!","!","!","!","!","!"]}},"3915":{"3738":{"keys":[69,70],"grid":[" "," "," "," "," "," "," "," "," "," "," "," "," "," ","!","!"]}},"3863":{"3816":{"keys":[70,72],"grid":[" "," "," ","!! %!,","!","!","!","!","!","!","!","!","!","!","!","!"]},"3740":{"keys":[69,70],"grid":[" "," "," "," "," "," "," "," "," "," "," ","!$ .","!% -","!' +","!( *","!) )"]},"3741":{"keys":[70,69],"grid":[" *!("," +!'"," .!$"," "," "," "," "," "," "," "," "," "," "," "," "," "]}},"3898":{"3830":{"keys":[72,70],"grid":[" %!-","00","00"," &!,"," '!+","04"," (!*"," )!)","07"," *!(","09","09"," +!'","12","12","12"]},"3831":{"keys":[72,70],"grid":[" +!'","00","00","00"," ,!&","04"," -!%"," .!$","07"," /!#","09"," 0!!","11","11","11"," "]},"3832":{"keys":[72],"grid":[" "," "," "," "," "," "," "," "," "," "," "," "," "," "," "," "]},"3829":{"keys":[72,70],"grid":[" !!0","00","00","00"," #!/","04","04","04","04"," $!.","09","09","09","09","09","09"]},"3828":{"keys":[70],"grid":[" "," "," "," "," "," "," "," "," "," "," "," "," "," "," "," "]},"3738":{"keys":[69,70],"grid":[" "," "," "," "," "," "," "," "," "," "," "," "," "," "," $!.","!"]}},"3899":{"3832":{"keys":[70,72],"grid":[" ","!! 0","01","!$ .","03","!% -","05","!& ,","!' +","!( *","!* (","!/ #","!0 !","!","!","!"]},"3738":{"keys":[69,70],"grid":[" "," "," "," "," "," "," "," "," "," "," "," "," "," ","!","!"]}},"3862":{"3816":{"keys":[72,70],"grid":[" $!# +!!"," 0!!"," "," "," "," "," "," "," "," "," "," "," "," "," "," "]},"3740":{"keys":[69,70],"grid":[" "," "," "," "," "," "," "," ","!# /","!% -","!& ,","!) )","!","!","!","!"]},"3815":{"keys":[70,72],"grid":[" "," "," "," "," "," "," "," "," "," "," "," "," ,!# $"," *!& #"," )!( !"," (!) !"]}},"3892":{"3812":{"keys":[70,72],"grid":[" "," "," "," ","!! 0","!# /","!$ .","06","!% -","!& ,","!' +","!( *","!) )","12","12","12"]},"3813":{"keys":[72,70],"grid":[" )!)","00"," (!*","02"," '!+","04"," &!,"," %!-","07"," $!."," #!/","10"," !!0","!","!","!"]},"3816":{"keys":[70,72],"grid":[" "," "," "," 0!!"," /!#","!! .!#","!! -!$","!","!","!","!","!","!","!","!","!"]},"3738":{"keys":[69,70],"grid":[" "," "," "," "," "," "," "," "," "," "," "," "," "," "," ","!"]}},"3893":{"3816":{"keys":[70,72],"grid":[" "," "," ","!# /","!$ .","!% -","05","!& ,","07","!' +","!( *","!) )","11","11","11","11"]},"3817":{"keys":[72,70],"grid":[" )!)","00"," *!(","02","02"," +!'","05"," ,!&","07","07","07","07","07","07","07","05"]},"3820":{"keys":[72,70],"grid":[" +!'"," "," "," "," "," "," "," "," "," "," "," "," "," "," "," "]},"3818":{"keys":[72,70],"grid":[" +!'"," *!(","01","01","01","01","01","01","01","01"," )!)"," (!*"," '!+"," &!,","13"," %!-"]},"3819":{"keys":[72,70],"grid":[" %!-"," &!,","01","00","00","00","00","00","00","00","01","01","01"," '!+","13"," )!)"]},"3738":{"keys":[69,70],"grid":[" "," "," "," "," "," "," "," "," "," "," "," "," "," "," ","!"]}},"3890":{"3810":{"keys":[70,72],"grid":[" "," "," "," "," "," "," "," "," "," "," "," "," ","!# /","!$ .","!& ,"]},"3811":{"keys":[72,70],"grid":[" '!+"," (!*"," *!("," +!'"," ,!&"," .!$"," 0!!"," "," "," "," "," "," "," "," "," "]},"3738":{"keys":[69,70],"grid":[" "," "," "," "," "," "," "," "," "," "," "," "," "," "," ","!"]}},"3891":{"3812":{"keys":[72,70],"grid":[" /!#","00"," 0!!"," "," "," "," "," "," "," "," "," "," "," "," "," "]},"3813":{"keys":[72,70],"grid":[" "," "," "," "," "," "," "," "," "," "," "," "," "," "," "," 0!!"]},"3811":{"keys":[70,72],"grid":[" "," "," "," "," "," "," ","!! 0","!$ .","!& ,","!( *","!* (","!, &","12","!- %","!. $"]},"3816":{"keys":[72,70],"grid":[" 0!!","00"," "," "," "," "," "," "," "," "," "," "," "," "," "," "]},"3814":{"keys":[72,70],"grid":[" 0!!"," /!#","01"," .!$"," -!%","04","04"," ,!&","07"," +!'","09","09","09","09","09","09"]},"3815":{"keys":[72,70],"grid":[" +!'","00","00","00","00","00","00","00","00","00","00"," ,!&"," .!$","12"," /!#"," 0!!"]},"3738":{"keys":[69,70],"grid":[" "," "," "," "," "," "," "," "," "," "," "," "," "," "," ","!"]}},"3896":{"3823":{"keys":[72,70],"grid":[" #!/","00","00","00","00"," !!0","05","05","05","05","!","!","!","!","!","!"]},"3822":{"keys":[70,72],"grid":[" "," "," "," "," "," ","!! 0","!# /","!$ .","08","08","08","08","08","08","07"]},"3829":{"keys":[70,72],"grid":[" ","!! 0","!# /","!$ .","!& ,","!/ #","!0 !","!","!","!","!","!","!","!","!","!"]},"3738":{"keys":[69,70],"grid":[" "," "," "," "," "," "," "," "," "," "," "," "," "," "," ","!"]}},"3897":{"3738":{"keys":[69,70],"grid":[" "," "," "," "," "," "," "," "," "," "," "," "," "," ","!. $","!"]},"3829":{"keys":[70,72],"grid":[" *!("," )!)"," '!+"," &!,"," %!-"," $!."," !!0","!","!","!","!","!","!","!","!","!"]},"3828":{"keys":[70,72],"grid":[" "," "," "," "," "," "," "," "," "," "," "," "," "," "," ,!&"," +!'"]}},"3894":{"3819":{"keys":[70,72],"grid":[" "," "," "," "," "," "," "," "," "," "," "," "," "," "," "," ,!&"]},"3738":{"keys":[69,70],"grid":[" "," "," "," "," "," "," "," "," "," "," "," "," "," "," ","!"]},"3820":{"keys":[70,72],"grid":[" +!'"," )!)","!! '!*","!# %!+","!","!","!","!","!","!","!","!","!","!","!","!"]}},"3895":{"3827":{"keys":[72,70],"grid":[" '!+","00","00"," &!,","03","03","03","03"," %!-","08","08","08","08"," $!.","13","13"]},"3826":{"keys":[72,70],"grid":[" *!(","00","00"," )!)","03","03","03","03"," (!*","08","08","08","08"," '!+","13","13"]},"3825":{"keys":[72,70],"grid":[" -!%","00","00","00"," ,!&","04","04","04","04"," +!'","09","09","09","09","09"," *!("]},"3824":{"keys":[72,70],"grid":[" 0!!","00","00","00","00"," /!#","05","05","05"," .!$","09","09","09","09","09"," -!%"]},"3823":{"keys":[72,70],"grid":[" "," "," "," "," "," "," "," "," "," "," "," "," "," "," "," 0!!"]},"3822":{"keys":[72,70],"grid":[" /!#","00"," 0!!","02","02"," "," "," "," "," "," "," "," "," "," "," "]},"3821":{"keys":[72,70],"grid":[" .!$","00","00","00","00","00","00","00","00"," -!%","09","09","09","09","09","00"]},"3820":{"keys":[72,70],"grid":[" #!/"," $!."," %!-","02"," &!,"," '!+","05"," (!*"," )!)"," +!'"," ,!&"," -!%"," .!$","12","12","12"]},"3819":{"keys":[70,72],"grid":[" "," "," "," "," "," "," "," "," "," "," "," "," "," "," ","!! 0"]},"3829":{"keys":[72,70],"grid":[" 0!!"," "," "," "," "," "," "," "," "," "," "," "," "," "," "," "]},"3828":{"keys":[72,70],"grid":[" $!.","00"," #!/","02","02","02","02"," !!0","07","07","07"," !!# %!*"," *!("," ,!&"," .!$"," /!#"]},"3738":{"keys":[69,70],"grid":[" "," "," "," "," "," "," "," "," "," "," "," "," "," "," ","!"]}},"3878":{"3816":{"keys":[70,72],"grid":[" "," "," "," "," "," "," /!#"," -!%","!","!","!","!","!","!","!","!"]},"3740":{"keys":[69,70],"grid":[" "," "," "," "," "," "," &!,","!","!","!","!","!","!","!","!","!"]}},"3879":{"3816":{"keys":[70,72],"grid":[" -!%"," *!("," &!,"," %!-"," $!.","!","!","!","!","!","!","!","!","!","!","!"]},"3740":{"keys":[69,70],"grid":[" "," "," "," "," "," *!(","!","!","!","!","!","!","!","!","!","!"]},"3815":{"keys":[70,72],"grid":[" "," "," "," "," "," "," "," "," "," "," "," "," "," "," 0!!"," /!#"]}},"3999":{"3798":{"keys":[70,86],"grid":[" ,!&"," -!%"," /!#"," 0!!"," "," "," "," "," "," "," "," "," "," "," "," "]},"3804":{"keys":[70,86],"grid":[" '!+"," %!-"," #!/","!","!","!","!","!","!","!","!","!","!","!","!","!"]},"3797":{"keys":[86,70],"grid":[" "," "," "," "," "," "," "," "," ","!! 0","!# /","!$ .","!% -","!' +","!) )","!* ("]},"3791":{"keys":[70,86],"grid":[" "," "," "," "," "," "," "," "," "," "," "," "," "," "," .!$"," +!'"]},"3803":{"keys":[70,86],"grid":[" "," "," "," "," "," "," "," "," "," "," "," "," 0!!"," /!#"," ,!&"," )!)"]},"3792":{"keys":[70,86],"grid":[" *!("," )!)"," (!*","02","02","02","02","02","01","01","00"," +!'"," ,!&"," -!%"," 0!!"," "]},"3793":{"keys":[70,86],"grid":[" "," "," "," "," "," "," 0!!","!$ *!%","!","!","!","!","!","!","!","!"]}},"3870":{"3818":{"keys":[70,72],"grid":[" "," "," "," "," "," "," "," "," "," "," ","!' +","!) )","!* (","!+ '","!, &"]},"3819":{"keys":[72,70],"grid":[" .!$","00"," /!#"," "," "," "," "," "," "," "," "," "," "," "," "," "]},"3741":{"keys":[69,70],"grid":[" "," "," "," "," "," "," "," "," ","!- %","!/ #","!","!","!","!","!"]}},"3867":{"3742":{"keys":[69,70],"grid":[" .!$","!","!","!","!","!","!","!","!","!","!","!","!","!","!","!"]},"3817":{"keys":[70,72],"grid":[" "," "," "," "," "," "," #!& *","!* (","!, &","!- %","!. $","!/ #","11","!0 !","!","!"]},"3741":{"keys":[69],"grid":[" "," "," "," "," "," "," "," "," "," "," "," "," "," "," "," "]}},"3872":{"3819":{"keys":[70,72],"grid":[" "," "," "," "," "," "," "," "," +!$ $"," )!( !","!! &!+","!","!","!","!","!"]},"3741":{"keys":[69,70],"grid":[" "," "," "," "," "," "," "," "," "," "," "," "," "," /!#","!","!"]}},"3873":{"3819":{"keys":[70,72],"grid":[" "," "," "," "," "," "," "," "," "," "," "," ","!! 0","!# /","!$ .","14"]},"3820":{"keys":[72,70],"grid":[" &!,"," )!)"," ,!&"," -!%"," "," "," "," "," "," "," "," "," "," "," "," "]},"3741":{"keys":[69,70],"grid":[" "," "," "," "," "," /!#"," .!$"," ,!&"," *!("," )!)"," '!+"," %!-"," #!/","!","!","!"]}},"3874":{"3820":{"keys":[70,72],"grid":[" "," "," "," ","!","!","!","!","!","!","!","!","!","!","!","!"]},"3740":{"keys":[69,70],"grid":[" "," "," "," "," "," "," "," "," "," "," "," "," "," /!#"," -!%"," *!("]},"3741":{"keys":[69,70],"grid":[" (!*"," &!,"," $!."," !!0","!","!","!","!","!","!","!","!","!","!","!","!"]}},"3875":{"3818":{"keys":[70,72],"grid":[" "," 0!!","01","01","01","01","01","01","01"," "," "," "," "," "," "," "]},"3819":{"keys":[70,72],"grid":[" "," "," "," "," "," /!#"," -!%"," +!'"," *!("," )!)","09","09"," (!*"," '!+","13","13"]},"3817":{"keys":[70],"grid":[" "," "," "," "," "," "," "," "," "," "," "," "," "," "," "," "]},"3740":{"keys":[69,70],"grid":[" "," "," "," "," "," "," "," "," "," &!,"," $!."," !!0","!","!","!","!"]},"3820":{"keys":[70,72],"grid":[" &!,","00"," %!-","02","!","!","!","!","!","!","!","!","!","!","!","!"]}},"3876":{"3818":{"keys":[72,70],"grid":[" "," "," "," "," "," "," "," "," "," "," "," "," "," ","!! 0","14"]},"3819":{"keys":[70,72],"grid":[" !!0","00","00","!","!","!","!","!","!","!","!","!","!","!","!","!"]},"3817":{"keys":[70,72],"grid":[" 0!!"," /!#"," -!%"," ,!&"," *!(","04"," (!*","06"," '!+"," &!,"," %!-"," $!."," #!/","12"," !!0","!"]},"3740":{"keys":[69,70],"grid":[" "," "," "," "," "," "," "," "," $!.","!","!","!","!","!","!","!"]}},"3877":{"3816":{"keys":[70,72],"grid":[" "," "," "," "," "," "," "," "," "," 0!!"," .!$"," -!%"," +!'"," )!)"," &!,"," #!/"]},"3817":{"keys":[72],"grid":[" "," "," "," "," "," "," "," "," "," "," "," "," "," "," "," "]},"3740":{"keys":[69,70],"grid":[" "," "," "," "," "," "," "," $!.","!","!","!","!","!","!","!","!"]}},"3885":{"3809":{"keys":[70,72],"grid":[" "," "," "," "," '!! *"," #!) '"," #!. !"," !!0","07","!","!","!","!","!","!","!"]},"3738":{"keys":[69,70],"grid":[" "," "," "," "," "," "," "," "," "," "," "," "," "," "," ","!"]}},"3884":{"3812":{"keys":[72,70],"grid":[" "," "," "," "," ","!$ .","!' +","!( *","07","06","!% -","!# /","11","11","11","!& ,"]},"3813":{"keys":[70,72],"grid":[" %!-","00","00"," $!.","03"," #!/","05","!","!","!","!","!","!","!","!","!"]},"3809":{"keys":[70,72],"grid":[" "," "," ","!# /","!% -","!' +","!) )","!* (","!+ '","!- %","!","!","!","!","!","!"]},"3738":{"keys":[69,70],"grid":[" "," "," "," "," "," "," "," "," "," "," "," "," "," "," ","!"]},"3735":{"keys":[70,69],"grid":[" !!0","00","00","!","!","!","!","!","!","!","!","!","!","!","!","!"]},"3734":{"keys":[69,70],"grid":[" "," "," "," "," "," "," ","!! 0","!# /","08","08","08","08","07","07","07"]}},"3887":{"3809":{"keys":[70,72],"grid":[" "," "," "," "," "," "," "," "," "," ","!$ #!) $","!/ #","11","!0 !","!","!"]},"3738":{"keys":[69,70],"grid":[" "," "," "," "," "," "," "," "," "," "," "," "," "," "," ","!"]}},"3886":{"3809":{"keys":[70,72],"grid":[" "," "," "," "," "," "," ","!# /","!% -","!","!","!","!","!","!","!"]},"3738":{"keys":[69,70],"grid":[" "," "," "," "," "," "," "," "," "," "," "," "," "," "," ","!"]}},"4079":{"3748":{"keys":[70,86],"grid":[" "," "," "," "," "," "," "," "," "," "," "," "," "," *!("," (!*"," &!,"]},"3749":{"keys":[70,86],"grid":[" $!."," #!/","!","!","!","!","!","!","!","!","!","!","!","!","!","!"]}},"4078":{"3749":{"keys":[70,86],"grid":[" "," "," "," 0!!"," /!#"," -!%"," ,!&"," +!'"," *!("," (!*"," '!+"," &!,"," $!."," #!/"," !!0","!"]}},"3883":{"3812":{"keys":[70,72],"grid":[" )!)"," ,!&"," -!%","02"," /!#"," "," "," "," "," "," "," "," "," "," "," "]},"3813":{"keys":[70,72],"grid":[" "," "," "," "," "," "," "," /!#","07","07"," .!$","10","07","07"," 0!!","07"]},"3811":{"keys":[72,70],"grid":[" ","!# /","01","01","01","01","!% -","!' +","!( *","08","!) )","10","10","08","08","08"]},"3809":{"keys":[70,72],"grid":[" "," "," "," "," !!# -!!","!) (!!","!* '!!","05","05","05","!) '!#","!) %!%","!","!","!","!"]},"3814":{"keys":[70,72],"grid":[" .!$","00","00","00"," /!#"," 0!!","05","04","00"," (!! %!%"," (!! $!&"," (!# !!'"," (!*"," '!+"," &!,","14"]},"3815":{"keys":[70,72],"grid":[" !!0","!","!","!","!","!","!","!","!","!","!","!","!","!","!","!"]},"3738":{"keys":[70,69],"grid":[" +!'","00","00","00","00","00","00","00","00","00","00","00","00","00","00"," "]},"3737":{"keys":[70,69],"grid":[" ,!&","00","00","00","00"," +!'","05","05","05","05","05","05","05","05","05","05"]},"3736":{"keys":[70,69],"grid":[" /!#","00","00"," .!$","03","03","03","03","03"," -!%","09","09","09","09","09","09"]},"3735":{"keys":[70,69],"grid":[" "," "," "," "," "," "," "," "," 0!!","08","08","08","08","08"," /!#","14"]},"3734":{"keys":[69,70],"grid":[" "," )!! ("," (!$ '"," '!' %"," &!) $"," %!+ #"," $!."," #!/"," !!0","!","!","!","!","!","!","!"]}},"3882":{"3810":{"keys":[70,72],"grid":[" #!/","!","!","!","!"," !!0"," !!# '!("," #!! '!("," *!(","08","08","08","08","08","08"," +!'"]},"3811":{"keys":[70,72],"grid":[" ,!&"," -!$ !"," "," "," "," "," "," "," "," "," "," "," "," "," "," "]},"3809":{"keys":[70,72],"grid":[" "," "," "," "," "," 0!!"," /!#","06","06","06","06","06","06"," '!+"," &!,"," %!-"]},"3814":{"keys":[70,72],"grid":[" "," "," "," "," "," "," "," "," "," "," "," "," "," ","!! 0","!# %!# )"]},"3815":{"keys":[72,70],"grid":[" +!'"," "," "," "," "," "," "," "," "," "," "," "," "," "," "," "]},"3735":{"keys":[69,70],"grid":[" +!'"," *!("," )!)"," (!*"," '!+"," &!,"," %!-"," $!."," #!/"," !!0","!","!","!","!","!","!"]},"3734":{"keys":[69,70],"grid":[" "," "," "," "," "," "," "," "," "," "," 0!!"," /!#"," .!$"," -!%"," ,!&"," +!'"]}},"4075":{"3751":{"keys":[70,86],"grid":[" "," "," "," "," "," "," "," "," 0!!"," /!#"," -!%"," ,!&"," +!'"," )!)"," (!*"," '!+"]},"3752":{"keys":[70,86],"grid":[" %!-"," $!."," #!/"," !!0","!","!","!","!","!","!","!","!","!","!","!","!"]}},"4074":{"3753":{"keys":[86],"grid":[" "," "," "," "," "," "," "," "," "," "," "," "," "," "," "," "]},"3752":{"keys":[70,86],"grid":[" "," "," "," "," 0!!"," /!#"," .!$"," ,!&"," +!'"," *!("," )!)"," '!+"," &!,"," %!-"," #!/"," !!0"]}},"4077":{"3750":{"keys":[70,86],"grid":[" /!#"," .!$"," -!%"," +!'"," *!("," )!)"," '!+"," &!,"," %!-"," #!/"," !!0","!","!","!","!","!"]},"3749":{"keys":[70],"grid":[" "," "," "," "," "," "," "," "," "," "," "," "," "," "," "," "]}},"4076":{"3751":{"keys":[70,86],"grid":[" *!("," )!)"," (!*"," &!,"," %!-"," $!."," !!0","!","!","!","!","!","!","!","!","!"]},"3750":{"keys":[70,86],"grid":[" "," "," "," "," "," "," "," "," "," "," "," "," /!#"," .!$"," -!%"," ,!&"]}},"4071":{"3755":{"keys":[70,86],"grid":[" '!+"," &!,"," $!."," !!0","!","!","!","!","!","!","!","!","!","!","!","!"]},"3754":{"keys":[70,86],"grid":[" "," "," "," "," "," "," "," "," "," "," /!#"," .!$"," -!%"," +!'"," *!("," )!)"]}},"3888":{"3810":{"keys":[72,70],"grid":[" #!/"," $!."," %!-"," '!+"," )!)"," ,!&"," -!%"," /!#"," 0!!"," "," "," "," "," "," "," "]},"3809":{"keys":[70,72],"grid":[" "," "," "," "," "," "," "," "," "," "," "," "," "," "," ","!! 0"]},"3738":{"keys":[69,70],"grid":[" "," "," "," "," "," "," "," "," "," "," "," "," "," "," ","!"]}},"4073":{"3753":{"keys":[70,86],"grid":[" "," 0!!"," .!$"," -!%"," ,!&"," *!("," )!)"," (!*"," &!,"," %!-"," $!."," #!/","!","!","!","!"]}},"4072":{"3753":{"keys":[70,86],"grid":[" "," "," "," "," "," "," "," "," "," "," "," "," "," 0!!"," /!#"," -!%"]},"3754":{"keys":[70,86],"grid":[" ,!&"," +!'"," *!("," (!*"," '!+"," &!,"," $!."," #!/"," !!0","!","!","!","!","!","!","!"]}},"3966":{"3698":{"keys":[69,70],"grid":[" -!%","00","00","00","00"," .!$","05","05","05","05","05","05","05","05"," /!#","14"]},"3699":{"keys":[69,70],"grid":[" /!#","00","00","00","00","00","00"," 0!!","07","07","07","07","07","07","07","07"]},"3690":{"keys":[70],"grid":[" "," "," "," "," "," "," "," "," "," "," "," "," "," "," "," "]},"3691":{"keys":[70,69],"grid":[" "," "," "," ","!! 0","04","04","04","04","04","04","04","!# /","12","12","12"]},"3692":{"keys":[69,70],"grid":[" #!/","00","00","00","00","00","00"," $!.","07","07","07","07","07","07","07"," %!-"]},"3693":{"keys":[69,70],"grid":[" %!-","00","00","00","00","00","00","00","00"," &!,","09","09","09","09","09","09"]},"3694":{"keys":[69,70],"grid":[" &!,","00","00","00"," '!+","04","04","04","04","04","04","04","04"," (!*","13","13"]},"3695":{"keys":[69,70],"grid":[" (!*","00","00","00","00","00","00"," )!)","07","07","07","07","07","07","07"," *!("]},"3696":{"keys":[69,70],"grid":[" *!(","00","00","00","00","00","00","00"," +!'","08","08","08","08","08","08","08"]},"3697":{"keys":[69,70],"grid":[" +!'","00"," ,!&","02","02","02","02","02","02","02","02","02"," -!%","12","12","12"]},"3738":{"keys":[69,70],"grid":[" "," "," "," "," "," "," "," "," "," "," "," "," "," ","!","!"]},"3700":{"keys":[69,70],"grid":[" 0!!","00"," "," "," "," "," "," "," "," "," "," "," "," "," "," "]}},"3967":{"3708":{"keys":[69,70],"grid":[" .!$","00","00","00","00","00","00"," /!#","07","07","07","07","07","07","07","07"]},"3709":{"keys":[69,70],"grid":[" 0!!","00","00","00","00","00","00","00","00","00"," "," "," "," "," "," "]},"3738":{"keys":[69,70],"grid":[" "," "," "," "," "," "," "," "," "," "," "," "," "," ","!- %","!"]},"3702":{"keys":[69,70],"grid":[" $!.","00","00","00","00","00","00"," %!-","07","07","07","07","07","07","07","07"]},"3703":{"keys":[69,70],"grid":[" %!-"," &!,","01","01","01","01","01","01","01","01","01"," '!+","11","11","11","11"]},"3700":{"keys":[70,69],"grid":[" "," "," "," "," "," "," "," "," "," "," "," ","!! 0","12","12","12"]},"3701":{"keys":[69,70],"grid":[" !!0","00","00","00","00"," #!/","05","05","05","05","05","05","05","05","05"," $!."]},"3706":{"keys":[69,70],"grid":[" +!'","00","00","00","00","00","00","00","00","00"," ,!&","10","10","10","10","10"]},"3707":{"keys":[69,70],"grid":[" ,!&","00"," -!%","02","02","02","02","02","02","02","02","02","02"," .!$","13","13"]},"3704":{"keys":[69,70],"grid":[" '!+","00","00","00"," (!*","04","04","04","04","04","04","04","04"," )!)","13","13"]},"3705":{"keys":[69,70],"grid":[" )!)","00","00","00","00","00"," *!(","06","06","06","06","06","06","06","06","06"]}},"3964":{"3681":{"keys":[69,70],"grid":[" 0!!","00","00"," "," "," "," "," "," "," "," "," "," "," "," "," "]},"3680":{"keys":[69,70],"grid":[" .!$"," /!#","01","01","01","01","01","01","01","01","01"," 0!!","11","11","11","11"]},"3678":{"keys":[69,70],"grid":[" +!'","00","00"," ,!&","03","03","03","03","03","03","03","03","03","03"," -!%","14"]},"3679":{"keys":[69,70],"grid":[" -!%","00","00","00","00","00","00","00"," .!$","08","08","08","08","08","08","08"]},"3738":{"keys":[69,70],"grid":[" "," "," "," "," "," "," "," "," "," "," "," "," "," ","!","!"]},"3672":{"keys":[70,69],"grid":[" "," "," "," ","!! 0","04","04","04","04","04","04","04","04","04","!# /","14"]},"3673":{"keys":[69,70],"grid":[" #!/","00","00","00","00","00","00","00"," $!.","08","08","08","08","08","08","08"]},"3671":{"keys":[70],"grid":[" "," "," "," "," "," "," "," "," "," "," "," "," "," "," "," "]},"3676":{"keys":[69,70],"grid":[" (!*","00","00","00","00","00","00","00"," )!)","08","08","08","08","08","08","08"]},"3677":{"keys":[69,70],"grid":[" *!(","00","00","00","00","00","00","00","00","00"," +!'","10","10","10","10","10"]},"3674":{"keys":[69,70],"grid":[" $!.","00"," %!-","02","02","02","02","02","02","02","02"," &!,","11","11","11","11"]},"3675":{"keys":[69,70],"grid":[" &!,","00","00","00","00"," '!+","05","05","05","05","05","05","05"," (!*","13","13"]}},"3965":{"3689":{"keys":[69,70],"grid":[" .!$","00","00","00","00","00","00","00"," /!#","08","08","08","08","08","08","08"]},"3688":{"keys":[69,70],"grid":[" ,!&","00","00","00","00"," -!%","05","05","05","05","05","05","05","05"," .!$","14"]},"3683":{"keys":[69,70],"grid":[" $!.","00","00","00","00","00","00","00","00","00"," %!-","10","10","10","10","10"]},"3682":{"keys":[69,70],"grid":[" !!0","00","00","00","00","00"," #!/","06","06","06","06","06","06","06","06","06"]},"3681":{"keys":[70,69],"grid":[" "," "," "," "," "," "," "," "," "," "," "," ","!! 0","12","12","12"]},"3687":{"keys":[69,70],"grid":[" *!("," +!'","01","01","01","01","01","01","01","01","01"," ,!&","11","11","11","11"]},"3686":{"keys":[69,70],"grid":[" )!)","00","00","00","00","00","00","00","00"," *!(","09","09","09","09","09","09"]},"3685":{"keys":[69,70],"grid":[" '!+","00","00","00","00"," (!*","05","05","05","05","05","05","05","05","05"," )!)"]},"3684":{"keys":[69,70],"grid":[" %!-"," &!,","01","01","01","01","01","01","01","01","01","01"," '!+","12","12","12"]},"3690":{"keys":[69,70],"grid":[" 0!!","00","00","00","00","00","00","00","00","00"," "," "," "," "," "," "]},"3738":{"keys":[69,70],"grid":[" "," "," "," "," "," "," "," "," "," "," "," "," "," ","!","!"]}},"3962":{"3661":{"keys":[69,70],"grid":[" .!$"," /!#","01","01","01","01","01","01","01","01"," 0!!","10","10","10","10","10"]},"3660":{"keys":[69,70],"grid":[" -!%","00","00","00","00","00","00","00"," .!$","08","08","08","08","08","08","08"]},"3662":{"keys":[69,70],"grid":[" 0!!","00","00","00"," "," "," "," "," "," "," "," "," "," "," "," "]},"3658":{"keys":[69,70],"grid":[" )!)"," *!(","01","01","01","01","01","01","01","01"," +!'","10","10","10","10","10"]},"3659":{"keys":[69,70],"grid":[" +!'","00","00"," ,!&","03","03","03","03","03","03","03","03","03","03"," -!%","14"]},"3738":{"keys":[69,70],"grid":[" "," "," "," "," "," "," "," "," "," "," "," "," ","!, &","!","!"]},"3654":{"keys":[69,70],"grid":[" #!/","00","00","00","00","00","00","00"," $!.","08","08","08","08","08","08","08"]},"3655":{"keys":[69,70],"grid":[" $!."," %!-","01","01","01","01","01","01","01","01"," &!,","10","10","10","10","10"]},"3656":{"keys":[69,70],"grid":[" &!,","00","00","00"," '!+","04","04","04","04","04","04","04","04","04"," (!*","14"]},"3657":{"keys":[69,70],"grid":[" (!*","00","00","00","00","00","00","00"," )!)","08","08","08","08","08","08","08"]},"3653":{"keys":[70,69],"grid":[" "," "," "," "," "," ","!! 0","06","06","06","06","06","06","06","06","06"]}},"3858":{"3818":{"keys":[70,72],"grid":[" '!+","00"," &!,","!","!","!","!","!","!","!","!","!","!","!","!","!"]},"3817":{"keys":[70,72],"grid":[" "," "," "," "," "," "," "," "," "," "," 0!!"," +!'"," *!("," )!)"," (!*","14"]},"3740":{"keys":[69,70],"grid":[" "," "," "," (!! )"," %!' '"," $!) &"," !!- $","!","!","!","!","!","!","!","!","!"]}},"3960":{"3638":{"keys":[69,70],"grid":[" (!*","00","00","00","00","00","00","00"," )!)","08","08","08","08","08","08","08"]},"3639":{"keys":[69,70],"grid":[" )!)"," *!(","01","01","01","01","01","01","01","01","01","01"," +!'","12","12","12"]},"3636":{"keys":[69,70],"grid":[" $!.","00","00"," %!-","03","03","03","03","03","03","03","03","03"," &!,","13","13"]},"3637":{"keys":[69,70],"grid":[" &!,","00","00","00","00"," '!+","05","05","05","05","05","05","05","05","05"," (!*"]},"3634":{"keys":[70,69],"grid":[" "," "," "," "," "," ","!! 0","06","06","06","06","06","06","06","06","06"]},"3635":{"keys":[69,70],"grid":[" !!0"," #!/","01","01","01","01","01","01","01","01"," $!.","10","10","10","10","10"]},"3738":{"keys":[69,70],"grid":[" "," "," "," "," "," "," "," "," "," "," "," "," ","!","!","!"]},"3643":{"keys":[69,70],"grid":[" 0!!","00","00","00","00"," "," "," "," "," "," "," "," "," "," "," "]},"3642":{"keys":[69,70],"grid":[" /!#","00","00","00","00","00","00","00","00","00","00"," 0!!","11","11","11","11"]},"3641":{"keys":[69,70],"grid":[" -!%","00","00","00","00","00","00","00"," .!$","08","08","08","08","08","08","08"]},"3640":{"keys":[69,70],"grid":[" +!'","00","00","00","00","00"," ,!&","06","06","06","06","06","06","06"," -!%","14"]}},"3961":{"3650":{"keys":[69,70],"grid":[" ,!&","00","00","00","00"," -!%","05","05","05","05","05","05","05","05","05"," .!$"]},"3738":{"keys":[69,70],"grid":[" "," "," "," "," "," "," "," "," "," "," "," "," ","!","!","!"]},"3649":{"keys":[69,70],"grid":[" *!(","00","00"," +!'","03","03","03","03","03","03","03","03","03"," ,!&","13","13"]},"3648":{"keys":[69,70],"grid":[" )!)","00","00","00","00","00","00","00","00","00"," *!(","10","10","10","10","10"]},"3647":{"keys":[69,70],"grid":[" '!+","00","00","00","00","00"," (!*","06","06","06","06","06","06","06","06","06"]},"3646":{"keys":[69,70],"grid":[" %!-","00","00","00"," &!,","04","04","04","04","04","04","04","04"," '!+","13","13"]},"3645":{"keys":[69,70],"grid":[" #!/"," $!.","01","01","01","01","01","01","01","01","01"," %!-","11","11","11","11"]},"3644":{"keys":[69,70],"grid":[" !!0","00","00","00","00","00","00","00"," #!/","08","08","08","08","08","08","08"]},"3643":{"keys":[70,69],"grid":[" "," "," "," "," "," "," "," "," "," "," "," "," "," ","!! 0","14"]},"3651":{"keys":[69,70],"grid":[" .!$","00","00","00","00","00","00","00","00"," /!#","09","09","09","09","09","09"]},"3652":{"keys":[69,70],"grid":[" /!#","00"," 0!!","02","02","02","02","02","02","02","02"," "," "," "," "," "]},"3653":{"keys":[69],"grid":[" "," "," "," "," "," "," "," "," "," "," "," "," "," "," "," "]}},"3998":{"3795":{"keys":[86,70],"grid":[" "," "," "," "," "," "," "," "," "," "," "," ","!! 0","!# /","!$ .","14"]},"3804":{"keys":[70,86],"grid":[" "," "," ","!! .!#","!","!","!","!","!","!","!","!","!","!","!","!"]},"3797":{"keys":[70,86],"grid":[" +!'"," ,!&","01"," -!%"," .!$","04"," /!#"," 0!!"," "," "," "," "," "," "," "," "]},"3796":{"keys":[70,86],"grid":[" %!-"," &!,","01"," '!+"," (!*","04","04"," )!)","07","07","07"," *!(","11","11","11"," +!'"]},"3793":{"keys":[70,86],"grid":[" "," "," "," "," "," '!& &"," %!+ #"," $!."," !!0","!","!","!","!","!","!","!"]}},"3990":{"3818":{"keys":[70,86],"grid":[" 0!!"," /!#"," .!$"," -!%","03","03"," ,!&","06","06","06"," +!'","10","10","10","10","10"]},"3819":{"keys":[70,86],"grid":[" +!'","00","00","00","00"," %!# $!("," #!/","!","!","!","!","!","!","!","!","!"]},"3817":{"keys":[70],"grid":[" "," "," "," "," "," "," "," "," "," "," "," "," "," "," "," "]}},"3968":{"3715":{"keys":[69,70],"grid":[" *!("," +!'"," ,!&"," -!%"," /!#"," 0!!"," "," "," "," "," "," "," "," "," "," "]},"3714":{"keys":[69,70],"grid":[" (!*","00","00","00","00"," )!)","05","05","05","05","05","05","05","05","05","05"]},"3711":{"keys":[69,70],"grid":[" #!/","00","00","00","00","00","00"," $!.","07","07","07","07","07","07","07"," %!-"]},"3710":{"keys":[70,69],"grid":[" "," ","!! 0","02","02","02","02","02","02","02","02","02","!# /","12","12","12"]},"3713":{"keys":[69,70],"grid":[" &!,"," '!+","01","01","01","01","01","01","01","01","01"," (!*","11","11","11","11"]},"3712":{"keys":[69,70],"grid":[" %!-","00","00","00","00","00","00","00"," &!,","08","08","08","08","08","08","08"]},"3709":{"keys":[70],"grid":[" "," "," "," "," "," "," "," "," "," "," "," "," "," "," "," "]},"3738":{"keys":[69,70],"grid":[" "," "," "," "," "," "," "," "," "," "," "," "," "," "," ","!"]}},"3969":{"3715":{"keys":[70,69],"grid":[" "," "," "," "," "," ","!! 0","!# /","!$ .","!& ,","!' +","!) )","!* (","!+ '","!- %","!. $"]},"3716":{"keys":[69,70],"grid":[" 0!!"," "," "," "," "," "," "," "," "," "," "," "," "," "," "," "]},"3738":{"keys":[69,70],"grid":[" "," "," "," "," "," "," "," "," "," "," "," "," "," "," ","!"]}},"4080":{"3748":{"keys":[70,86],"grid":[" "," "," "," "," "," "," "," "," "," "," "," ","!$ .","!","!","!"]}},"4081":{"3748":{"keys":[70,86],"grid":[" "," "," "," "," "," "," "," "," "," "," "," "," ","!","!","!"]}},"4082":{"3748":{"keys":[70,86],"grid":[" "," "," "," "," "," "," "," "," "," "," "," "," ","!","!","!"]}},"3907":{"3738":{"keys":[69,70],"grid":[" "," "," "," "," "," "," "," "," "," "," "," "," "," ","!","!"]}},"4084":{"3748":{"keys":[70,86],"grid":[" "," "," "," "," "," "," "," "," "," "," "," "," &!,","!","!","!"]}},"4085":{"3748":{"keys":[70,86],"grid":[" "," "," "," "," "," "," "," "," "," "," "," ","!","!","!","!"]}},"4086":{"3750":{"keys":[86,70],"grid":[" .!$"," /!#","01"," 0!!","03"," "," "," "," "," "," "," "," "," "," "," "]},"3748":{"keys":[70,86],"grid":[" "," "," "," "," "," "," "," "," "," "," "," ","!% -","12","!& ,","14"]},"3749":{"keys":[86,70],"grid":[" '!+","00","00"," (!*","03"," )!)","05"," *!(","07"," +!'","09"," ,!&","11"," -!%","13"," .!$"]}},"4087":{"3750":{"keys":[70,86],"grid":[" "," "," /!#"," -!%"," +!'"," (!*"," &!,","!! #!.","!","!","!","!","!","!","!","!"]}},"4088":{"3750":{"keys":[70,86],"grid":[" #!/","!","!","!","!","!","!","!","!","!","!","!","!","!","!","!"]},"3749":{"keys":[70,86],"grid":[" "," "," "," "," "," "," "," "," "," "," 0!!"," .!$"," ,!&"," )!)"," '!+"," %!-"]}},"4089":{"3749":{"keys":[70,86],"grid":[" "," "," "," /!#"," -!%"," *!("," (!*"," &!,"," $!."," !!0","!","!","!","!","!","!"]}},"3861":{"3816":{"keys":[72,70],"grid":[" '!) #"," (!( #"," (!' $","02"," )!& $","04"," *!% $"," +!# %"," "," "," "," "," "," "," "," "]},"3740":{"keys":[69,70],"grid":[" "," "," "," "," ","!- %","!0 !","!","!","!","!","!","!","!","!","!"]},"3815":{"keys":[70,72],"grid":[" "," "," "," "," "," "," "," "," "," "," ","!$ .","!% -","!& ,","13","!' +"]}},"3860":{"3816":{"keys":[70,72],"grid":[" 0!!","00","00","00","00","00","00","00","00"," )!$ $!#"," (!*","10","10","10","10"," '!+"]},"3817":{"keys":[72,70],"grid":[" #!$ ,"," "," "," "," "," "," "," "," "," "," "," "," "," "," "," "]},"3740":{"keys":[69,70],"grid":[" "," "," "," "," ","!# -!#","!","!","!","!","!","!","!","!","!","!"]},"3815":{"keys":[70,72],"grid":[" "," "," "," "," "," "," "," "," "," "," "," 0!!"," /!#","12","12","12"]}},"3908":{"3738":{"keys":[69,70],"grid":[" "," "," "," "," "," "," "," "," "," "," "," "," "," ","!","!"]}},"3909":{"3738":{"keys":[69,70],"grid":[" "," "," "," "," "," "," "," "," "," "," "," "," "," ","!","!"]}},"3865":{"3816":{"keys":[70,72],"grid":[" "," "," "," "," "," "," "," "," "," "," "," ","!* %!$","!","!","!"]},"3741":{"keys":[69,70],"grid":[" "," "," "," "," "," "," "," ","!! 0","!$ .","!% -","!& ,","!( *","!+ '","!- %","!"]}},"3864":{"3816":{"keys":[70,72],"grid":[" "," "," ","!$ .","!% -","!& ,","05","!' +","!) )","!- %","!. $","!0 !","!","!","!","!"]},"3741":{"keys":[69,70],"grid":[" "," &!& '"," #!* &","!- %","!. $","!/ #","!0 !","!","!","!","!","!","!","!","!","!"]}},"4015":{"3793":{"keys":[86,70],"grid":[" %!-","00","00","00"," &!,"," '!+"," (!*"," "," "," "," "," "," "," "," "," "]},"3792":{"keys":[70,86],"grid":[" "," "," "," "," "," "," "," "," "," "," "," "," "," ","!$ .","14"]}},"4070":{"3755":{"keys":[70,86],"grid":[" "," "," "," "," -!%"," '!+","!","!","!","!","!","!","!","!","!","!"]}},"3881":{"3810":{"keys":[70,72],"grid":[" "," "," 0!!","02"," "," "," "," "," "," "," "," "," "," "," "," "]},"3814":{"keys":[70,72],"grid":[" "," "," "," "," "," "," "," "," "," "," "," "," "," ,!&"," *!("," (!*"]},"3815":{"keys":[72],"grid":[" "," "," "," "," "," "," "," "," "," "," "," "," "," "," "," "]},"3740":{"keys":[69,70],"grid":[" /!#","00","00","00","!","!","!","!","!","!","!","!","!","!","!","!"]},"3739":{"keys":[69,70],"grid":[" ,!&","00","00","00"," -!%","04","04","04","04"," .!$","09","09","09","09"," /!#","14"]},"3738":{"keys":[69,70],"grid":[" (!*","00"," )!)","02","02","02"," *!(","06","06","06","06"," +!'","11","11","11","11"]},"3737":{"keys":[69,70],"grid":[" %!-","00","00","00"," &!,","04","04","04","04"," '!+","09","09","09"," (!*","13","13"]},"3736":{"keys":[69,70],"grid":[" ,!&"," +!'"," *!("," )!)"," (!*"," '!+"," &!,"," %!-"," $!."," #!/","09","09","08","08","08","08"]},"3735":{"keys":[69,70],"grid":[" "," "," "," "," "," "," "," "," "," "," "," 0!!"," /!#","12"," .!$"," -!%"]}},"4008":{"3788":{"keys":[70,86],"grid":[" "," "," "," "," "," "," "," "," "," "," ","!! 0","!# /","!% -","!( *","!* ("]},"3789":{"keys":[86,70],"grid":[" +!'"," ,!&"," -!%"," .!$"," "," "," "," "," "," "," "," "," "," "," "," "]}},"4009":{"3789":{"keys":[70,86],"grid":[" "," "," (!& %"," %!+ #","!","!","!","!","!","!","!","!","!","!","!","!"]}},"4000":{"3799":{"keys":[70,86],"grid":[" &!,","00","00","00","00","00","00","00","00","00","00","00","00"," %!-","13","13"]},"3798":{"keys":[86,70],"grid":[" "," "," "," "," ","!! 0","!# /","06","!$ .","08","!% -","10","10","10","!& ,","14"]},"3791":{"keys":[70,86],"grid":[" "," "," +!$ $"," )!)"," (!*"," '!+","05"," &!,","07"," %!-","09"," $!."," #!/","!","!","!"]},"3801":{"keys":[70,86],"grid":[" $!."," %!-"," &!,","02"," '!+"," (!*"," )!)","06"," *!(","08","08","06","06","06","05","04"]},"3800":{"keys":[70,86],"grid":[" %!-","00","00","00","00","00","00","00","00","00","00"," $!.","11","11","11","11"]},"3793":{"keys":[70,86],"grid":[" $!.","00","00"," #!/","03","!","!","!","!","!","!","!","!","!","!","!"]},"3792":{"keys":[86,70],"grid":[" "," "," "," "," "," "," "," "," "," "," "," "," "," "," ","!# /"]},"3803":{"keys":[70,86],"grid":[" %!-","00"," $!."," #!/"," !!0","04","!","!","!","!","!","!","!","!","!","!"]},"3802":{"keys":[70,86],"grid":[" &!,","00","00","00","00","00","00","00","00","00","00","00","00","00","00","00"]}},"4001":{"3791":{"keys":[70,86],"grid":[" *!("," (!*"," '!+","!","!","!","!","!","!","!","!","!","!","!","!","!"]},"3790":{"keys":[70,86],"grid":[" "," "," "," "," "," "," "," "," 0!!"," /!#","09"," .!$"," -!%"," ,!&"," +!'","14"]}},"4002":{"3788":{"keys":[70,86],"grid":[" "," "," "," "," "," "," "," "," 0!!"," /!#","09"," .!$","11"," -!%","13","13"]},"3789":{"keys":[70,86],"grid":[" ,!&","00"," +!'","02","02"," *!(","05","05"," )!)","08","08"," (!*","11"," '!+","13"," &!,"]},"3790":{"keys":[70,86],"grid":[" &!,"," %!-","01"," $!."," #!/","04"," !!0","!","!","!","!","!","!","!","!","!"]}},"4003":{"3788":{"keys":[70,86],"grid":[" -!%"," +!'"," (!*"," &!,"," $!."," #!/"," !!0","!","!","!","!","!","!","!","!","!"]},"3787":{"keys":[70],"grid":[" "," "," "," "," "," "," "," "," "," "," "," "," "," "," "," "]}},"4004":{"3787":{"keys":[70,86],"grid":[" "," "," "," "," "," .!$"," +!'"," *!("," )!)"," (!*"," '!+","10","10"," &!,"," %!-"," !!0"]}},"4005":{"3788":{"keys":[86,70],"grid":[" /!#"," .!$"," -!%","02","02","02","02","01","00"," "," "," "," "," "," "," "]},"3786":{"keys":[70,86],"grid":[" *!("," )!)"," (!*","02"," '!+"," '!( $"," '!& &"," '!$ ("," "," 0!!"," /!#"," .!$"," ,!&","00","01","01"]},"3787":{"keys":[70,86],"grid":[" )!)","00"," (!*","02"," '!+","!","!","!","!","!","!","!","!","!","!","!"]},"3785":{"keys":[70,86],"grid":[" "," "," "," "," "," "," "," "," "," "," "," "," "," -!# #"," ,!&"," +!'"]}},"4006":{"3788":{"keys":[70,86],"grid":[" "," "," "," "," "," "," "," "," "," ","!# ,!$","!$ )!&","!","!","!","!"]},"3786":{"keys":[86,70],"grid":[" #!/"," $!."," %!-","02"," &!,","04","04","04","04","04","04","04"," '!+"," (!*"," ,!# $"," "]},"3787":{"keys":[86,70],"grid":[" "," "," "," "," "," "," -!%"," '!+","07","07","07"," &!,","11","11"," $!.","!"]},"3785":{"keys":[70,86],"grid":[" "," "," "," "," "," "," "," "," "," "," "," "," "," "," ","!! 0"]}},"4007":{"3788":{"keys":[70,86],"grid":[" "," "," "," "," "," "," "," "," (!$ '"," #!+ %","!/ #","!","!","!","!","!"]},"3786":{"keys":[70,86],"grid":[" "," "," "," "," "," "," "," "," "," "," "," "," "," ","!$ .","14"]},"3787":{"keys":[86,70],"grid":[" %!-"," $!.","01","01"," #!/"," !!0","!","!","!","!","!","!","!","!","!","!"]}},"3971":{"3717":{"keys":[69,70],"grid":[" '!+"," (!*"," )!)"," +!'"," ,!&"," .!$"," /!#"," 0!!"," "," "," "," "," "," "," "," "]},"3716":{"keys":[70,69],"grid":[" "," "," "," "," "," "," "," "," "," "," "," "," ","!! 0","!$ .","!% -"]},"3738":{"keys":[69,70],"grid":[" !!0","00","00","00","00","00","!","!","!","!","!","!","!","!","!","!"]},"3737":{"keys":[69,70],"grid":[" %!-","00","00","00","00","00"," $!.","06","06","06","06"," #!/","11","11","11","11"]},"3736":{"keys":[69,70],"grid":[" (!*","00","00","00","00","00"," '!+","06","06","06","06"," &!,","11","11","11","11"]},"3735":{"keys":[69,70],"grid":[" +!'","00","00","00","00","00"," *!(","06","06","06","06"," )!)","11","11","11","11"]},"3734":{"keys":[69,70],"grid":[" .!$","00","00","00","00","00"," -!%","06","06","06","06"," ,!&","11","11","11","11"]},"3733":{"keys":[69,70],"grid":[" "," "," "," "," "," "," 0!!","06","06","06","06"," /!#","11","11","11","11"]}},"3970":{"3716":{"keys":[70,69],"grid":[" "," ","!# /","!$ .","!& ,","!' +","!( *","!* (","!+ '","!- %","!. $","!/ #","!","!","!","!"]},"3738":{"keys":[69,70],"grid":[" "," "," "," "," "," "," "," "," "," "," "," 0!!","11","11","11","!"]}},"3973":{"3825":{"keys":[70,86],"grid":[" #!/"," $!."," %!-"," (!! $!&"," .!$","04","04"," /!#","07"," 0!!"," "," "," "," "," "," "]},"3824":{"keys":[70,86],"grid":[" "," "," "," "," "," "," "," "," "," "," "," &!& '"," %!( &"," #!, $"," !!/ !"," !!0"]},"3718":{"keys":[70,69],"grid":[" "," "," ","!! 0","!# /","!$ .","!& ,","!' +","!) )","!* (","!, &","!- %","!. $","!0 !","!","!"]},"3724":{"keys":[69,70],"grid":[" ,!&","00","00","00","00"," +!'","05","05","05","05"," *!(","10","10","10","10"," )!)"]},"3725":{"keys":[69,70],"grid":[" )!)","00","00","00","00"," (!*","05","05","05","05","05"," '!+","11","11","11","11"]},"3726":{"keys":[69,70],"grid":[" &!,","00","00","00","00"," %!-","05","05","05","05"," $!.","10","10","10","10"," #!/"]},"3727":{"keys":[69,70],"grid":[" #!/","00","00","00","00"," !!0","05","05","05","05","!","!","!","!","!","!"]},"3722":{"keys":[69,70],"grid":[" "," "," "," "," "," "," "," "," "," "," "," 0!!","11","11","11","11"]},"3723":{"keys":[69,70],"grid":[" /!#","00","00","00","00"," .!$","05","05","05","05"," -!%","10","10","10","10","10"]}},"3972":{"3717":{"keys":[70,69],"grid":[" "," "," "," "," "," "," "," ","!! 0","!# /","!% -","!& ,","!( *","!) )","!+ '","!, &"]},"3718":{"keys":[69,70],"grid":[" -!%"," /!#"," 0!!"," "," "," "," "," "," "," "," "," "," "," "," "," "]},"3728":{"keys":[69,70],"grid":[" 0!!","00","00","00"," /!#","04","04","04","04","04"," .!$","10","10","10","10","10"]},"3729":{"keys":[69,70],"grid":[" -!%","00","00","00","00"," ,!&","05","05","05","05"," +!'","10","10","10","10","10"]},"3727":{"keys":[69,70],"grid":[" "," "," "," "," "," "," "," "," "," "," "," "," "," "," "," 0!!"]},"3733":{"keys":[70],"grid":[" "," "," "," "," "," "," "," "," "," "," "," "," "," "," "," "]},"3732":{"keys":[69,70],"grid":[" $!.","00","00","00","00","00"," #!/","06","06","06","06"," !!0","11","11","11","11"]},"3731":{"keys":[69,70],"grid":[" '!+","00","00","00","00"," &!,","05","05","05","05","05"," %!-","11","11","11","11"]},"3730":{"keys":[69,70],"grid":[" +!'"," *!(","01","01","01","01"," )!)","06","06","06"," (!*","10","10","10","10"," '!+"]}},"3975":{"3826":{"keys":[70,86],"grid":[" -!%","00","00"," .!$","03"," /!#"," 0!!"," "," "," "," "," "," "," "," "," "]},"3825":{"keys":[86,70],"grid":[" "," "," "," "," "," "," "," "," "," "," ","!! 0","!$ .","!, &","13","!- %"]},"3824":{"keys":[70,86],"grid":[" "," "," "," "," "," "," *!$ %"," (!( #"," '!+"," &!,","09"," %!-","!","!","!","!"]},"3830":{"keys":[70,86],"grid":[" .!$"," "," "," "," "," "," "," "," "," "," "," "," "," "," "," "]},"3838":{"keys":[70,86],"grid":[" "," "," "," "," "," "," "," "," "," "," "," "," "," "," 0!!"," /!#"]},"3839":{"keys":[70,86],"grid":[" .!$"," -!%"," ,!&"," +!'"," )!)"," (!*","05","05"," '!+","08","08"," &!,","08","08","08","08"]},"3829":{"keys":[70,86],"grid":[" .!$"," -!%","01","01"," ,!&"," +!'","05"," *!(","07","07","07","07","05","05","04","01"]},"3828":{"keys":[70,86],"grid":[" "," "," "," "," "," "," "," "," "," "," "," "," "," 0!!"," /!#","14"]}},"3974":{"3825":{"keys":[86,70],"grid":[" "," "," "," "," "," "," "," "," "," %!' '"," %!) %","!","!","!","!","!"]},"3824":{"keys":[70,86],"grid":[" "," "," "," "," "," "," "," "," "," "," ,!$ #"," *!("," )!)"," (!*"," '!+","!! %!,"]},"3719":{"keys":[69,70],"grid":[" $!."," %!-"," '!+"," (!*"," *!("," +!'","04","04","04","04","04"," )!)","11","11","11","11"]},"3718":{"keys":[70,69],"grid":[" "," "," "," "," "," "," "," "," "," "," "," "," "," "," ","!# /"]},"3720":{"keys":[69,70],"grid":[" (!*","00","00","00","00"," '!+","05","05","05","05"," &!,","10","10","10","10","10"]},"3721":{"keys":[69,70],"grid":[" %!-","00","00","00","00"," $!.","05","05","05","05"," #!/","10","10","10","10"," !!0"]},"3722":{"keys":[69,70],"grid":[" !!0","00","00","00","!","!","!","!","!","!","!","!","!","!","!","!"]}},"3977":{"3834":{"keys":[70,86],"grid":[" ,!&"," -!%","01","01","01","01","00"," +!'"," *!("," '!+"," !!0","!","!","!","!","!"]},"3823":{"keys":[70,86],"grid":[" "," 0!!"," -!%","02"," ,!&"," +!'"," *!("," (!*"," '!+"," &!,"," $!."," #!/","!","!","!","!"]},"3831":{"keys":[70,86],"grid":[" '!+","00"," (!*","02","02"," )!)"," *!(","06"," +!'","08","08","08","08","08","06","06"]},"3832":{"keys":[70,86],"grid":[" *!(","00"," )!)","02"," (!*","04","04","04"," '!+","08","04","04","04","04","04","02"]},"3833":{"keys":[70,86],"grid":[" )!)","00","00","00","00","00","00"," (!*","07","07","07","07","07","00"," *!("," +!'"]},"3830":{"keys":[86,70],"grid":[" "," "," "," "," "," ","!! 0","!# /","!$ .","!% -","!& ,","10","!' +","12","12","12"]}},"3976":{"3827":{"keys":[70,86],"grid":[" $!.","00","00","00","00","00","00"," #!/","07","07","07","07","07","07","07","07"]},"3826":{"keys":[86,70],"grid":[" "," "," "," "," "," "," "," ","!$ .","08","08","!% -","11","11","11","08"]},"3836":{"keys":[70,86],"grid":[" *!(","00","00","00","00","00","00","00","00","00","00","00","00","00","00","00"]},"3824":{"keys":[70,86],"grid":[" +!'"," *!(","01","01","01","01","01"," )!)"," (!*","!! &!+","!","!","!","!","!","!"]},"3830":{"keys":[86,70],"grid":[" ","!- %","!. $","!/ #","!0 !","!","!","!","!","!","!","!","!","!","!","!"]},"3835":{"keys":[70,86],"grid":[" )!)","00","00","00","00","00","00","00","00"," *!(","09","09","09","09","09","09"]},"3838":{"keys":[70,86],"grid":[" *!(","00","00"," +!'","00","00","00"," )!)","07"," (!*"," '!+"," %!-"," $!."," !!0","!","!"]},"3828":{"keys":[70,86],"grid":[" #!/","00","00","00","00","00"," !!0","06","06","06","!","!","!","!","!","!"]},"3837":{"keys":[70,86],"grid":[" *!(","00","00","00","00","00","00","00","00"," )!)","09","09","09","09","09","09"]},"3834":{"keys":[70,86],"grid":[" "," "," "," "," "," "," "," "," "," "," "," /!#"," -!%"," +!'"," *!("," )!)"]},"3823":{"keys":[70,86],"grid":[" "," "," "," "," "," "," "," "," "," "," "," "," "," 0!!"," .!$"," ,!&"]}},"3979":{"3822":{"keys":[86],"grid":[" "," "," "," "," "," "," "," "," "," "," "," "," "," "," "," "]},"3821":{"keys":[70,86],"grid":[" "," "," "," "," "," "," "," "," "," "," "," ,!&"," )!)"," (!*"," '!+"," %!-"]}},"3978":{"3823":{"keys":[86],"grid":[" "," "," "," "," "," "," "," "," "," "," "," "," "," "," "," "]},"3822":{"keys":[70,86],"grid":[" /!#"," .!$"," -!%","02","02"," ,!&"," (!*"," '!+"," &!,","08"," %!-"," $!.","11"," #!/"," !!0","14"]},"3821":{"keys":[70],"grid":[" "," "," "," "," "," "," "," "," "," "," "," "," "," "," "," "]}},"4093":{"3750":{"keys":[86,70],"grid":[" /!#"," "," "," "," "," "," "," "," "," "," "," "," "," "," "," "]},"3749":{"keys":[70,86],"grid":[" "," "," "," "," "," "," "," "," "," "," "," ","!$ .","!& ,","!) )","!, &"]}},"4092":{"3749":{"keys":[70,86],"grid":[" "," "," "," "," "," ","!# /","!& ,","!) )","!+ '","!. $","!","!","!","!","!"]}},"4091":{"3748":{"keys":[70],"grid":[" "," "," "," "," "," "," "," "," "," "," "," "," "," "," "," "]},"3749":{"keys":[86,70],"grid":[" #!/"," &!,"," (!*"," +!'"," -!%"," 0!!"," "," "," "," "," "," "," "," "," "," "]}},"4090":{"3748":{"keys":[70,86],"grid":[" "," "," "," "," "," "," "," "," "," "," "," "," "," "," )!% %"," '!* !"]},"3749":{"keys":[70,86],"grid":[" %!-"," #!/","!","!","!","!","!","!","!","!","!","!","!","!","!","!"]}},"3913":{"3738":{"keys":[69,70],"grid":[" "," "," "," "," "," "," "," "," "," "," "," "," "," ","!","!"]}},"3912":{"3738":{"keys":[69,70],"grid":[" "," "," "," "," "," "," "," "," "," "," "," "," "," ","!","!"]}},"4095":{"3750":{"keys":[70,86],"grid":[" "," "," "," "," "," "," ","!# /","!% -","!( *","!+ '","!. $","!0 !","!","!","!"]},"3584":{"keys":[84,70],"grid":[" "," "," "," "," "," "," "," "," ","!# /","!$ .","!% -","!& ,","!' +","!) )","!* ("]},"3585":{"keys":[70,84],"grid":[" +!'"," -!%"," "," "," "," "," "," "," "," "," "," "," "," "," "," "]}},"4094":{"3750":{"keys":[70,86],"grid":[" ","!! 0","!% -","!' +","!* (","!- %","!0 !","!","!","!","!","!","!","!","!","!"]},"3584":{"keys":[70,84],"grid":[" &!,"," '!+"," (!*"," *!("," +!'"," -!%"," .!$"," 0!!"," "," "," "," "," "," "," "," "]}},"4083":{"3748":{"keys":[70,86],"grid":[" "," "," "," "," "," "," "," "," "," "," "," "," ","!","!","!"]}},"3919":{"3738":{"keys":[69,70],"grid":[" "," "," "," "," "," "," "," "," "," "," "," "," ","!","!","!"]}},"3918":{"3738":{"keys":[69,70],"grid":[" "," "," "," "," "," "," "," "," "," "," "," "," "," +!'","!","!"]}},"3984":{"3820":{"keys":[70,86],"grid":[" "," "," "," "," "," "," "," "," "," "," "," ","!) )","!* (","!","!"]}},"4019":{"3791":{"keys":[70,86],"grid":[" +!'"," '!+","!","!","!","!","!","!","!","!","!","!","!","!","!","!"]},"3790":{"keys":[70,86],"grid":[" "," "," "," "," "," "," "," "," "," "," "," "," "," "," "," /!#"]}},"4018":{"3791":{"keys":[70,86],"grid":[" "," ","!","!","!","!","!","!","!","!","!","!","!","!","!","!"]},"3793":{"keys":[70,86],"grid":[" #!/"," !!0","01","01","!","!","!","!","!","!","!","!","!","!","!","!"]},"3792":{"keys":[86,70],"grid":[" "," "," "," "," "," "," ","!! 0","07","07","07","07","!# /","12","12","12"]}},"4013":{"3791":{"keys":[70,86],"grid":[" "," "," "," "," "," "," "," "," "," "," ","!! 0","!# /","!$ .","!% -","!& ,"]},"3792":{"keys":[86,70],"grid":[" '!+"," (!*"," )!)"," *!("," +!'"," ,!&"," -!%"," /!#"," "," "," "," "," "," "," "," "]}},"4012":{"3791":{"keys":[86,70],"grid":[" !!0"," %!-"," '!+"," (!*"," )!)"," *!("," ,!&"," -!%"," .!$"," 0!!"," "," "," "," "," "," "]}},"4011":{"3791":{"keys":[86],"grid":[" "," "," "," "," "," "," "," "," "," "," "," "," "," "," "," "]},"3790":{"keys":[70,86],"grid":[" "," "," "," "," "," "," ","!! 0","07","!# /","!$ .","!% -","!' +","!) )","!, &","!/ #"]}},"4010":{"3789":{"keys":[70,86],"grid":[" "," "," "," "," ","!! 0","!# /","!$ .","07","!% -","!& ,","!' +","!( *","!) )","!* (","!, &"]},"3790":{"keys":[86,70],"grid":[" -!%"," .!$"," /!#"," 0!!","03"," "," "," "," "," "," "," "," "," "," "," "]}},"4017":{"3791":{"keys":[70,86],"grid":[" "," "," -!%"," ,!&"," +!'","04","04","04","04","04","04","03","03","02","02"," .!$"]},"3793":{"keys":[70,86],"grid":[" "," "," "," "," "," "," "," 0!!"," /!#","!) '!#","!+ #!%","!","!","!","!","!"]},"3792":{"keys":[70,86],"grid":[" /!#"," 0!!","01","01"," "," "," "," "," "," "," "," "," "," "," "," "]}},"4016":{"3793":{"keys":[70,86],"grid":[" "," "," "," "," "," "," ","!* (","!/ #","!","!","!","!","!","!","!"]}},"3871":{"3819":{"keys":[70,72],"grid":[" "," "," "," ","!! 0","!# /","!$ .","!% -","!& ,","!' +","!","!","!","!","!","!"]},"3741":{"keys":[69,70],"grid":[" "," "," "," "," "," "," "," "," "," "," ","!! 0","!) )","!. $","!","!"]}},"4014":{"3792":{"keys":[70,86],"grid":[" "," "," "," "," "," "," "," ","!! 0","!$ .","!% -","10","!& ,","12","!' '!%","!) !!("]}},"3988":{"3819":{"keys":[70,86],"grid":[" "," "," "," "," "," "," "," "," "," 0!!"," /!#"," .!$","11"," -!%"," ,!&"," +!'"]},"3820":{"keys":[70,86],"grid":[" *!(","00"," )!)"," (!*","03"," '!+","05","05"," &!,","08"," %!-","10"," $!."," #!/","!","!"]}},"3989":{"3819":{"keys":[70,86],"grid":[" "," "," "," "," "," "," $!( '"," !!0","!","!","!","!","!","!","!","!"]}},"3866":{"3816":{"keys":[70,72],"grid":[" "," "," "," "," "," "," "," "," "," "," ","!! 0","!% -","!' +","13","!( *"]},"3742":{"keys":[70,69],"grid":[" -!%"," "," "," "," "," "," "," "," "," "," "," "," "," "," "," "]},"3817":{"keys":[72,70],"grid":[" (!*"," )!)","01"," *!("," +!'"," ,!&"," -!%"," .!$"," "," "," "," "," "," "," "," "]},"3741":{"keys":[69,70],"grid":[" "," "," "," "," "," "," "," "," "," "," "," "," "," "," ","!$ ."]}},"3985":{"3820":{"keys":[70,86],"grid":[" "," "," "," "," "," "," -!%"," ,!&"," *!("," )!)"," (!*"," '!+"," &!,"," %!-","!","!"]}},"3986":{"3820":{"keys":[70,86],"grid":[" "," "," "," "," "," "," ","!! 0","07","!# &!% &","!- %","!. $","!/ #","!0 !","!","!"]}},"3987":{"3820":{"keys":[70,86],"grid":[" "," "," "," "," "," "," "," "," "," "," "," +!$ $"," %!+ #"," $!- !"," #!/","!"]}},"3980":{"3821":{"keys":[70,86],"grid":[" "," "," "," "," "," *!! '"," )!$ &"," (!*"," %!-"," !!0","!","!","!","!","!","!"]}},"3981":{"3821":{"keys":[70,86],"grid":[" "," "," "," "," "," %!-"," !!0","!","!","!","!","!","!","!","!","!"]}},"3982":{"3821":{"keys":[70,86],"grid":[" "," "," 0!!"," +!'","!% %!)","!' !!*","!","!","!","!","!","!","!","!","!","!"]}},"3983":{"3821":{"keys":[70,86],"grid":[" !!0","!","!","!","!","!","!","!","!","!","!","!","!","!","!","!"]},"3820":{"keys":[70,86],"grid":[" "," "," "," "," "," "," "," "," "," "," "," )!( !"," '!+"," %!-"," $!."," !!0"]}}}}