{"9":{"97":{"175":{"keys":[7,1,3],"grid":[" "," "," "," "," "," "," "," "," "," "," "," "," ","!","#","#"]}},"96":{"175":{"keys":[7,1,3],"grid":[" "," "," "," "," "," "," "," "," "," "," "," "," ","!","#","#"]}},"99":{"175":{"keys":[7,1,3],"grid":[" "," "," "," "," "," "," "," "," "," "," "," "," ","!","#","#"]}},"98":{"175":{"keys":[7,1,3],"grid":[" "," "," "," "," "," "," "," "," "," "," "," "," ","!","#","#"]}},"108":{"175":{"keys":[7,1,3],"grid":[" "," "," "," "," "," "," "," "," "," "," "," "," ","!","#","#"]}},"109":{"175":{"keys":[7,1,3],"grid":[" "," "," "," "," "," "," "," "," "," "," "," "," ","!","#","#"]}},"111":{"175":{"keys":[7,1,3],"grid":[" "," "," "," "," "," "," "," "," "," "," "," "," ","!","#","#"]}},"110":{"175":{"keys":[7,1,3],"grid":[" "," "," "," "," "," "," "," "," "," "," "," "," ","!","#","#"]}},"102":{"175":{"keys":[7,1,3],"grid":[" "," "," "," "," "," "," "," "," "," "," "," "," ","!","#","#"]}},"103":{"175":{"keys":[7,1,3],"grid":[" "," "," "," "," "," "," "," "," "," "," "," "," ","!","#","#"]}},"100":{"175":{"keys":[7,1,3],"grid":[" "," "," "," "," "," "," "," "," "," "," "," "," ","!","#","#"]}},"101":{"175":{"keys":[7,1,3],"grid":[" "," "," "," "," "," "," "," "," "," "," "," "," ","!","#","#"]}},"106":{"175":{"keys":[7,1,3],"grid":[" "," "," "," "," "," "," "," "," "," "," "," "," ","!","#","#"]}},"107":{"175":{"keys":[7,1,3],"grid":[" "," "," "," "," "," "," "," "," "," "," "," "," ","!","#","#"]}},"104":{"175":{"keys":[7,1,3],"grid":[" "," "," "," "," "," "," "," "," "," "," "," "," ","!","#","#"]}},"105":{"175":{"keys":[7,1,3],"grid":[" "," "," "," "," "," "," "," "," "," "," "," "," ","!","#","#"]}}},"13":{"1788":{"2813":{"keys":[7,3],"grid":[" "," "," "," "," ","!","!","!","!","!","!","!","!","!","!","!"]}},"1789":{"2813":{"keys":[7,3],"grid":[" "," "," "," "," ","!","!","!","!","!","!","!","!","!","!","!"]}},"1780":{"2813":{"keys":[7,3],"grid":[" "," "," "," "," ","!","!","!","!","!","!","!","!","!","!","!"]}},"1781":{"2813":{"keys":[7,3],"grid":[" "," "," "," "," ","!","!","!","!","!","!","!","!","!","!","!"]}},"1782":{"2813":{"keys":[7,3],"grid":[" "," "," "," "," ","!","!","!","!","!","!","!","!","!","!","!"]}},"1783":{"2813":{"keys":[7,3],"grid":[" "," "," "," "," ","!","!","!","!","!","!","!","!","!","!","!"]}},"1784":{"2813":{"keys":[7,3],"grid":[" "," "," "," "," ","!","!","!","!","!","!","!","!","!","!","!"]}},"1785":{"2813":{"keys":[7,3],"grid":[" "," "," "," "," ","!","!","!","!","!","!","!","!","!","!","!"]}},"1786":{"2813":{"keys":[7,3],"grid":[" "," "," "," "," ","!","!","!","!","!","!","!","!","!","!","!"]}},"1787":{"2813":{"keys":[7,3],"grid":[" "," "," "," "," ","!","!","!","!","!","!","!","!","!","!","!"]}},"1682":{"2813":{"keys":[7,3],"grid":[" "," "," "," "," ","!","!","!","!","!","!","!","!","!","!","!"]}},"1546":{"2813":{"keys":[7,3],"grid":[" "," "," "," "," "," ","!","!","!","!","!","!","!","!","!","!"]}},"1547":{"2813":{"keys":[7,3],"grid":[" "," "," "," "," "," ","!","!","!","!","!","!","!","!","!","!"]}},"1544":{"2813":{"keys":[7,3],"grid":[" "," "," "," "," "," ","!","!","!","!","!","!","!","!","!","!"]}},"1545":{"2813":{"keys":[7,3],"grid":[" "," "," "," "," "," ","!","!","!","!","!","!","!","!","!","!"]}},"1542":{"2813":{"keys":[7,3],"grid":[" "," "," "," "," "," ","!","!","!","!","!","!","!","!","!","!"]}},"1543":{"2813":{"keys":[7,3],"grid":[" "," "," "," "," "," ","!","!","!","!","!","!","!","!","!","!"]}},"1540":{"2813":{"keys":[7,3],"grid":[" "," "," "," "," "," ","!","!","!","!","!","!","!","!","!","!"]}},"1541":{"2813":{"keys":[7,3],"grid":[" "," "," "," "," "," ","!","!","!","!","!","!","!","!","!","!"]}},"1779":{"2813":{"keys":[7,3],"grid":[" "," "," "," "," "," ","!","!","!","!","!","!","!","!","!","!"]}},"1778":{"2813":{"keys":[7,3],"grid":[" "," "," "," "," "," ","!","!","!","!","!","!","!","!","!","!"]}},"1548":{"2813":{"keys":[7,3],"grid":[" "," "," "," "," "," ","!","!","!","!","!","!","!","!","!","!"]}},"1549":{"2813":{"keys":[7,3],"grid":[" "," "," "," "," "," ","!","!","!","!","!","!","!","!","!","!"]}},"1626":{"2813":{"keys":[7,3],"grid":[" "," "," "," "," ","!","!","!","!","!","!","!","!","!","!","!"]}},"1678":{"2813":{"keys":[7,3],"grid":[" "," "," "," "," ","!","!","!","!","!","!","!","!","!","!","!"]}},"1679":{"2813":{"keys":[7,3],"grid":[" "," "," "," "," ","!","!","!","!","!","!","!","!","!","!","!"]}},"1674":{"2813":{"keys":[7,3],"grid":[" "," "," "," "," ","!","!","!","!","!","!","!","!","!","!","!"]}},"1675":{"2813":{"keys":[7,3],"grid":[" "," "," "," "," ","!","!","!","!","!","!","!","!","!","!","!"]}},"1676":{"2813":{"keys":[7,3],"grid":[" "," "," "," "," ","!","!","!","!","!","!","!","!","!","!","!"]}},"1677":{"2813":{"keys":[7,3],"grid":[" "," "," "," "," ","!","!","!","!","!","!","!","!","!","!","!"]}},"1670":{"2813":{"keys":[7,3],"grid":[" "," "," "," "," ","!","!","!","!","!","!","!","!","!","!","!"]}},"1671":{"2813":{"keys":[7,3],"grid":[" "," "," "," "," ","!","!","!","!","!","!","!","!","!","!","!"]}},"1672":{"2813":{"keys":[7,3],"grid":[" "," "," "," "," ","!","!","!","!","!","!","!","!","!","!","!"]}},"1673":{"2813":{"keys":[7,3],"grid":[" "," "," "," "," ","!","!","!","!","!","!","!","!","!","!","!"]}},"1700":{"2813":{"keys":[7,3],"grid":[" "," "," "," "," ","!","!","!","!","!","!","!","!","!","!","!"]}},"1690":{"2813":{"keys":[7,3],"grid":[" "," "," "," "," ","!","!","!","!","!","!","!","!","!","!","!"]}},"1701":{"2813":{"keys":[7,3],"grid":[" "," "," "," "," ","!","!","!","!","!","!","!","!","!","!","!"]}},"1791":{"2813":{"keys":[7,3],"grid":[" "," "," "," "," ","!","!","!","!","!","!","!","!","!","!","!"]}},"1691":{"2813":{"keys":[7,3],"grid":[" "," "," "," "," ","!","!","!","!","!","!","!","!","!","!","!"]}},"1702":{"2813":{"keys":[7,3],"grid":[" "," "," "," "," ","!","!","!","!","!","!","!","!","!","!","!"]}},"1560":{"2813":{"keys":[7,3],"grid":[" "," "," "," "," "," "," ","!","!","!","!","!","!","!","!","!"]}},"1703":{"2813":{"keys":[7,3],"grid":[" "," "," "," "," ","!","!","!","!","!","!","!","!","!","!","!"]}},"1756":{"2813":{"keys":[7,3],"grid":[" "," "," "," "," ","!","!","!","!","!","!","!","!","!","!","!"]}},"1704":{"2813":{"keys":[7,3],"grid":[" "," "," "," "," ","!","!","!","!","!","!","!","!","!","!","!"]}},"1562":{"2813":{"keys":[7,3],"grid":[" "," "," "," "," "," "," ","!","!","!","!","!","!","!","!","!"]}},"1705":{"2813":{"keys":[7,3],"grid":[" "," "," "," "," ","!","!","!","!","!","!","!","!","!","!","!"]}},"1551":{"2813":{"keys":[7,3],"grid":[" "," "," "," "," "," ","!","!","!","!","!","!","!","!","!","!"]}},"1550":{"2813":{"keys":[7,3],"grid":[" "," "," "," "," "," ","!","!","!","!","!","!","!","!","!","!"]}},"1553":{"2813":{"keys":[7,3],"grid":[" "," "," "," "," "," ","!* (","!","!","!","!","!","!","!","!","!"]}},"1552":{"2813":{"keys":[7,3],"grid":[" "," "," "," "," "," ","!","!","!","!","!","!","!","!","!","!"]}},"1555":{"2813":{"keys":[7,3],"grid":[" "," "," "," "," "," "," ","!","!","!","!","!","!","!","!","!"]}},"1554":{"2813":{"keys":[7,3],"grid":[" "," "," "," "," "," "," ","!","!","!","!","!","!","!","!","!"]}},"1557":{"2813":{"keys":[7,3],"grid":[" "," "," "," "," "," "," ","!","!","!","!","!","!","!","!","!"]}},"1556":{"2813":{"keys":[7,3],"grid":[" "," "," "," "," "," "," ","!","!","!","!","!","!","!","!","!"]}},"1559":{"2813":{"keys":[7,3],"grid":[" "," "," "," "," "," "," ","!","!","!","!","!","!","!","!","!"]}},"1709":{"2813":{"keys":[7,3],"grid":[" "," "," "," "," "," ","!","!","!","!","!","!","!","!","!","!"]}},"1707":{"2813":{"keys":[7,3],"grid":[" "," "," "," "," ","!","!","!","!","!","!","!","!","!","!","!"]}},"1565":{"2813":{"keys":[7,3],"grid":[" "," "," "," "," "," "," %!-","!","!","!","!","!","!","!","!","!"]}},"1708":{"2813":{"keys":[7,3],"grid":[" "," "," "," "," ","!) $!! %","!","!","!","!","!","!","!","!","!","!"]}},"1751":{"2813":{"keys":[7,3],"grid":[" "," "," "," "," ","!","!","!","!","!","!","!","!","!","!","!"]}},"1669":{"2813":{"keys":[7,3],"grid":[" "," "," "," "," ","!","!","!","!","!","!","!","!","!","!","!"]}},"1668":{"2813":{"keys":[7,3],"grid":[" "," "," "," "," ","!","!","!","!","!","!","!","!","!","!","!"]}},"1667":{"2813":{"keys":[7,3],"grid":[" "," "," "," "," ","!","!","!","!","!","!","!","!","!","!","!"]}},"1666":{"2813":{"keys":[7,3],"grid":[" "," "," "," "," ","!","!","!","!","!","!","!","!","!","!","!"]}},"1665":{"2813":{"keys":[7,3],"grid":[" "," "," "," "," ","!","!","!","!","!","!","!","!","!","!","!"]}},"1664":{"2813":{"keys":[7,3],"grid":[" "," "," "," "," ","!","!","!","!","!","!","!","!","!","!","!"]}},"1663":{"2813":{"keys":[7,3],"grid":[" "," "," "," "," ","!","!","!","!","!","!","!","!","!","!","!"]}},"1662":{"2813":{"keys":[7,3],"grid":[" "," "," "," "," ","!","!","!","!","!","!","!","!","!","!","!"]}},"1661":{"2813":{"keys":[7,3],"grid":[" "," "," "," "," ","!","!","!","!","!","!","!","!","!","!","!"]}},"1660":{"2813":{"keys":[7,3],"grid":[" "," "," "," "," ","!","!","!","!","!","!","!","!","!","!","!"]}},"1566":{"2813":{"keys":[7,3],"grid":[" "," "," "," "," "," ","!","!","!","!","!","!","!","!","!","!"]}},"1558":{"2813":{"keys":[7,3],"grid":[" "," "," "," "," "," "," ","!","!","!","!","!","!","!","!","!"]}},"1589":{"2813":{"keys":[7,3],"grid":[" "," "," "," "," ","!","!","!","!","!","!","!","!","!","!","!"]}},"1578":{"2813":{"keys":[7,3],"grid":[" "," "," "," "," "," ","!","!","!","!","!","!","!","!","!","!"]}},"1588":{"2813":{"keys":[7,3],"grid":[" "," "," "," "," ","!","!","!","!","!","!","!","!","!","!","!"]}},"1713":{"2813":{"keys":[7,3],"grid":[" "," "," "," "," "," ","!","!","!","!","!","!","!","!","!","!"]}},"1712":{"2813":{"keys":[7,3],"grid":[" "," "," "," "," "," ","!","!","!","!","!","!","!","!","!","!"]}},"1711":{"2813":{"keys":[7,3],"grid":[" "," "," "," "," "," ","!","!","!","!","!","!","!","!","!","!"]}},"1710":{"2813":{"keys":[7,3],"grid":[" "," "," "," "," "," ","!","!","!","!","!","!","!","!","!","!"]}},"1717":{"2813":{"keys":[7,3],"grid":[" "," "," "," "," ","!","!","!","!","!","!","!","!","!","!","!"]}},"1716":{"2813":{"keys":[7,3],"grid":[" "," "," "," "," ","!","!","!","!","!","!","!","!","!","!","!"]}},"1715":{"2813":{"keys":[7,3],"grid":[" "," "," "," "," "," +!'","!","!","!","!","!","!","!","!","!","!"]}},"1714":{"2813":{"keys":[7,3],"grid":[" "," "," "," "," "," ","!","!","!","!","!","!","!","!","!","!"]}},"1719":{"2813":{"keys":[7,3],"grid":[" "," "," "," "," ","!","!","!","!","!","!","!","!","!","!","!"]}},"1718":{"2813":{"keys":[7,3],"grid":[" "," "," "," "," ","!","!","!","!","!","!","!","!","!","!","!"]}},"1658":{"2813":{"keys":[7,3],"grid":[" "," "," "," "," ","!","!","!","!","!","!","!","!","!","!","!"]}},"1659":{"2813":{"keys":[7,3],"grid":[" "," "," "," "," ","!","!","!","!","!","!","!","!","!","!","!"]}},"1652":{"2813":{"keys":[7,3],"grid":[" "," "," "," "," ","!","!","!","!","!","!","!","!","!","!","!"]}},"1653":{"2813":{"keys":[7,3],"grid":[" "," "," "," "," ","!","!","!","!","!","!","!","!","!","!","!"]}},"1650":{"2813":{"keys":[7,3],"grid":[" "," "," "," "," ","!","!","!","!","!","!","!","!","!","!","!"]}},"1651":{"2813":{"keys":[7,3],"grid":[" "," "," "," "," ","!","!","!","!","!","!","!","!","!","!","!"]}},"1656":{"2813":{"keys":[7,3],"grid":[" "," "," "," "," ","!","!","!","!","!","!","!","!","!","!","!"]}},"1657":{"2813":{"keys":[7,3],"grid":[" "," "," "," "," ","!","!","!","!","!","!","!","!","!","!","!"]}},"1654":{"2813":{"keys":[7,3],"grid":[" "," "," "," "," ","!","!","!","!","!","!","!","!","!","!","!"]}},"1655":{"2813":{"keys":[7,3],"grid":[" "," "," "," "," ","!","!","!","!","!","!","!","!","!","!","!"]}},"1630":{"2813":{"keys":[7,3],"grid":[" "," "," "," "," ","!","!","!","!","!","!","!","!","!","!","!"]}},"1774":{"2813":{"keys":[7,3],"grid":[" "," "," "," "," "," ","!","!","!","!","!","!","!","!","!","!"]}},"1777":{"2813":{"keys":[7,3],"grid":[" "," "," "," "," "," ","!","!","!","!","!","!","!","!","!","!"]}},"1776":{"2813":{"keys":[7,3],"grid":[" "," "," "," "," "," ","!","!","!","!","!","!","!","!","!","!"]}},"1771":{"2813":{"keys":[7,3],"grid":[" "," "," "," "," "," ","!","!","!","!","!","!","!","!","!","!"]}},"1567":{"2813":{"keys":[7,3],"grid":[" "," "," "," "," "," ","!","!","!","!","!","!","!","!","!","!"]}},"1631":{"2813":{"keys":[7,3],"grid":[" "," "," "," "," ","!","!","!","!","!","!","!","!","!","!","!"]}},"1770":{"2813":{"keys":[7,3],"grid":[" "," "," "," "," "," ","!","!","!","!","!","!","!","!","!","!"]}},"1645":{"2813":{"keys":[7,3],"grid":[" "," "," "," "," ","!","!","!","!","!","!","!","!","!","!","!"]}},"1644":{"2813":{"keys":[7,3],"grid":[" "," "," "," "," ","!","!","!","!","!","!","!","!","!","!","!"]}},"1647":{"2813":{"keys":[7,3],"grid":[" "," "," "," "," ","!","!","!","!","!","!","!","!","!","!","!"]}},"1646":{"2813":{"keys":[7,3],"grid":[" "," "," "," "," ","!","!","!","!","!","!","!","!","!","!","!"]}},"1641":{"2813":{"keys":[7,3],"grid":[" "," "," "," "," ","!","!","!","!","!","!","!","!","!","!","!"]}},"1640":{"2813":{"keys":[7,3],"grid":[" "," "," "," "," ","!","!","!","!","!","!","!","!","!","!","!"]}},"1728":{"2813":{"keys":[7,3],"grid":[" "," "," "," "," ","!","!","!","!","!","!","!","!","!","!","!"]}},"1642":{"2813":{"keys":[7,3],"grid":[" "," "," "," "," ","!","!","!","!","!","!","!","!","!","!","!"]}},"1726":{"2813":{"keys":[7,3],"grid":[" "," "," "," "," ","!","!","!","!","!","!","!","!","!","!","!"]}},"1727":{"2813":{"keys":[7,3],"grid":[" "," "," "," "," ","!","!","!","!","!","!","!","!","!","!","!"]}},"1724":{"2813":{"keys":[7,3],"grid":[" "," "," "," "," ","!","!","!","!","!","!","!","!","!","!","!"]}},"1772":{"2813":{"keys":[7,3],"grid":[" "," "," "," "," "," ","!","!","!","!","!","!","!","!","!","!"]}},"1649":{"2813":{"keys":[7,3],"grid":[" "," "," "," "," ","!","!","!","!","!","!","!","!","!","!","!"]}},"1648":{"2813":{"keys":[7,3],"grid":[" "," "," "," "," ","!","!","!","!","!","!","!","!","!","!","!"]}},"1720":{"2813":{"keys":[7,3],"grid":[" "," "," "," "," ","!","!","!","!","!","!","!","!","!","!","!"]}},"1721":{"2813":{"keys":[7,3],"grid":[" "," "," "," "," ","!","!","!","!","!","!","!","!","!","!","!"]}},"1537":{"2813":{"keys":[7,3],"grid":[" "," "," "," "," "," ","!","!","!","!","!","!","!","!","!","!"]}},"1536":{"2813":{"keys":[7,3],"grid":[" "," "," "," "," "," ","!","!","!","!","!","!","!","!","!","!"]}},"1583":{"2813":{"keys":[7,3],"grid":[" "," "," "," "," "," ","!","!","!","!","!","!","!","!","!","!"]}},"1604":{"2813":{"keys":[7,3],"grid":[" "," "," "," "," ","!","!","!","!","!","!","!","!","!","!","!"]}},"1580":{"2813":{"keys":[7,3],"grid":[" "," "," "," "," "," ","!","!","!","!","!","!","!","!","!","!"]}},"1539":{"2813":{"keys":[7,3],"grid":[" "," "," "," "," "," ","!","!","!","!","!","!","!","!","!","!"]}},"1538":{"2813":{"keys":[7,3],"grid":[" "," "," "," "," "," ","!","!","!","!","!","!","!","!","!","!"]}},"1732":{"2813":{"keys":[7,3],"grid":[" "," "," "," "," ","!","!","!","!","!","!","!","!","!","!","!"]}},"1729":{"2813":{"keys":[7,3],"grid":[" "," "," "," "," ","!","!","!","!","!","!","!","!","!","!","!"]}},"1586":{"2813":{"keys":[7,3],"grid":[" "," "," "," "," ","!","!","!","!","!","!","!","!","!","!","!"]}},"1587":{"2813":{"keys":[7,3],"grid":[" "," "," "," "," ","!","!","!","!","!","!","!","!","!","!","!"]}},"1706":{"2813":{"keys":[7,3],"grid":[" "," "," "," "," ","!","!","!","!","!","!","!","!","!","!","!"]}},"1584":{"2813":{"keys":[7,3],"grid":[" "," "," "," "," "," /!#","!","!","!","!","!","!","!","!","!","!"]}},"1750":{"2813":{"keys":[7,3],"grid":[" "," "," "," "," ","!","!","!","!","!","!","!","!","!","!","!"]}},"1585":{"2813":{"keys":[7,3],"grid":[" "," "," "," "," ","!","!","!","!","!","!","!","!","!","!","!"]}},"1582":{"2813":{"keys":[7,3],"grid":[" "," "," "," "," "," ","!","!","!","!","!","!","!","!","!","!"]}},"1739":{"2813":{"keys":[7,3],"grid":[" "," "," "," "," ","!","!","!","!","!","!","!","!","!","!","!"]}},"1738":{"2813":{"keys":[7,3],"grid":[" "," "," "," "," ","!","!","!","!","!","!","!","!","!","!","!"]}},"1632":{"2813":{"keys":[7,3],"grid":[" "," "," "," "," ","!","!","!","!","!","!","!","!","!","!","!"]}},"1633":{"2813":{"keys":[7,3],"grid":[" "," "," "," "," ","!","!","!","!","!","!","!","!","!","!","!"]}},"1634":{"2813":{"keys":[7,3],"grid":[" "," "," "," "," ","!","!","!","!","!","!","!","!","!","!","!"]}},"1635":{"2813":{"keys":[7,3],"grid":[" "," "," "," "," ","!","!","!","!","!","!","!","!","!","!","!"]}},"1636":{"2813":{"keys":[7,3],"grid":[" "," "," "," "," ","!","!","!","!","!","!","!","!","!","!","!"]}},"1637":{"2813":{"keys":[7,3],"grid":[" "," "," "," "," ","!","!","!","!","!","!","!","!","!","!","!"]}},"1638":{"2813":{"keys":[7,3],"grid":[" "," "," "," "," ","!","!","!","!","!","!","!","!","!","!","!"]}},"1639":{"2813":{"keys":[7,3],"grid":[" "," "," "," "," ","!","!","!","!","!","!","!","!","!","!","!"]}},"1733":{"2813":{"keys":[7,3],"grid":[" "," "," "," "," ","!","!","!","!","!","!","!","!","!","!","!"]}},"1581":{"2813":{"keys":[7,3],"grid":[" "," "," "," "," "," ","!","!","!","!","!","!","!","!","!","!"]}},"1735":{"2813":{"keys":[7,3],"grid":[" "," "," "," "," ","!","!","!","!","!","!","!","!","!","!","!"]}},"1734":{"2813":{"keys":[7,3],"grid":[" "," "," "," "," ","!","!","!","!","!","!","!","!","!","!","!"]}},"1737":{"2813":{"keys":[7,3],"grid":[" "," "," "," "," ","!","!","!","!","!","!","!","!","!","!","!"]}},"1736":{"2813":{"keys":[7,3],"grid":[" "," "," "," "," ","!","!","!","!","!","!","!","!","!","!","!"]}},"1731":{"2813":{"keys":[7,3],"grid":[" "," "," "," "," ","!","!","!","!","!","!","!","!","!","!","!"]}},"1572":{"2813":{"keys":[7,3],"grid":[" "," "," "," "," "," ","!","!","!","!","!","!","!","!","!","!"]}},"1613":{"2813":{"keys":[7,3],"grid":[" "," "," "," "," ","!","!","!","!","!","!","!","!","!","!","!"]}},"1573":{"2813":{"keys":[7,3],"grid":[" "," "," "," "," "," ","!","!","!","!","!","!","!","!","!","!"]}},"1730":{"2813":{"keys":[7,3],"grid":[" "," "," "," "," ","!","!","!","!","!","!","!","!","!","!","!"]}},"1595":{"2813":{"keys":[7,3],"grid":[" "," "," "," "," ","!","!","!","!","!","!","!","!","!","!","!"]}},"1594":{"2813":{"keys":[7,3],"grid":[" "," "," "," "," ","!","!","!","!","!","!","!","!","!","!","!"]}},"1597":{"2813":{"keys":[7,3],"grid":[" "," "," "," "," ","!","!","!","!","!","!","!","!","!","!","!"]}},"1596":{"2813":{"keys":[7,3],"grid":[" "," "," "," "," ","!","!","!","!","!","!","!","!","!","!","!"]}},"1591":{"2813":{"keys":[7,3],"grid":[" "," "," "," "," ","!","!","!","!","!","!","!","!","!","!","!"]}},"1590":{"2813":{"keys":[7,3],"grid":[" "," "," "," "," ","!","!","!","!","!","!","!","!","!","!","!"]}},"1593":{"2813":{"keys":[7,3],"grid":[" "," "," "," "," ","!","!","!","!","!","!","!","!","!","!","!"]}},"1592":{"2813":{"keys":[7,3],"grid":[" "," "," "," "," ","!","!","!","!","!","!","!","!","!","!","!"]}},"1599":{"2813":{"keys":[7,3],"grid":[" "," "," "," "," ","!","!","!","!","!","!","!","!","!","!","!"]}},"1598":{"2813":{"keys":[7,3],"grid":[" "," "," "," "," ","!","!","!","!","!","!","!","!","!","!","!"]}},"1623":{"2813":{"keys":[7,3],"grid":[" "," "," "," "," ","!","!","!","!","!","!","!","!","!","!","!"]}},"1622":{"2813":{"keys":[7,3],"grid":[" "," "," "," "," ","!","!","!","!","!","!","!","!","!","!","!"]}},"1621":{"2813":{"keys":[7,3],"grid":[" "," "," "," "," ","!","!","!","!","!","!","!","!","!","!","!"]}},"1620":{"2813":{"keys":[7,3],"grid":[" "," "," "," "," ","!","!","!","!","!","!","!","!","!","!","!"]}},"1627":{"2813":{"keys":[7,3],"grid":[" "," "," "," "," ","!","!","!","!","!","!","!","!","!","!","!"]}},"1643":{"2813":{"keys":[7,3],"grid":[" "," "," "," "," ","!","!","!","!","!","!","!","!","!","!","!"]}},"1625":{"2813":{"keys":[7,3],"grid":[" "," "," "," "," ","!","!","!","!","!","!","!","!","!","!","!"]}},"1624":{"2813":{"keys":[7,3],"grid":[" "," "," "," "," ","!","!","!","!","!","!","!","!","!","!","!"]}},"1773":{"2813":{"keys":[7,3],"grid":[" "," "," "," "," "," ","!","!","!","!","!","!","!","!","!","!"]}},"1629":{"2813":{"keys":[7,3],"grid":[" "," "," "," "," ","!","!","!","!","!","!","!","!","!","!","!"]}},"1628":{"2813":{"keys":[7,3],"grid":[" "," "," "," "," ","!","!","!","!","!","!","!","!","!","!","!"]}},"1568":{"2813":{"keys":[7,3],"grid":[" "," "," "," "," "," ","!","!","!","!","!","!","!","!","!","!"]}},"1748":{"2813":{"keys":[7,3],"grid":[" "," "," "," "," ","!","!","!","!","!","!","!","!","!","!","!"]}},"1749":{"2813":{"keys":[7,3],"grid":[" "," "," "," "," ","!","!","!","!","!","!","!","!","!","!","!"]}},"1744":{"2813":{"keys":[7,3],"grid":[" "," "," "," "," ","!","!","!","!","!","!","!","!","!","!","!"]}},"1745":{"2813":{"keys":[7,3],"grid":[" "," "," "," "," ","!","!","!","!","!","!","!","!","!","!","!"]}},"1746":{"2813":{"keys":[7,3],"grid":[" "," "," "," "," ","!","!","!","!","!","!","!","!","!","!","!"]}},"1747":{"2813":{"keys":[7,3],"grid":[" "," "," "," "," ","!","!","!","!","!","!","!","!","!","!","!"]}},"1740":{"2813":{"keys":[7,3],"grid":[" "," "," "," "," ","!","!","!","!","!","!","!","!","!","!","!"]}},"1741":{"2813":{"keys":[7,3],"grid":[" "," "," "," "," ","!","!","!","!","!","!","!","!","!","!","!"]}},"1742":{"2813":{"keys":[7,3],"grid":[" "," "," "," "," ","!","!","!","!","!","!","!","!","!","!","!"]}},"1743":{"2813":{"keys":[7,3],"grid":[" "," "," "," "," ","!","!","!","!","!","!","!","!","!","!","!"]}},"1725":{"2813":{"keys":[7,3],"grid":[" "," "," "," "," ","!","!","!","!","!","!","!","!","!","!","!"]}},"1569":{"2813":{"keys":[7,3],"grid":[" "," "," "," "," "," ","!","!","!","!","!","!","!","!","!","!"]}},"1722":{"2813":{"keys":[7,3],"grid":[" "," "," "," "," ","!","!","!","!","!","!","!","!","!","!","!"]}},"1723":{"2813":{"keys":[7,3],"grid":[" "," "," "," "," ","!","!","!","!","!","!","!","!","!","!","!"]}},"1574":{"2813":{"keys":[7,3],"grid":[" "," "," "," "," "," ","!","!","!","!","!","!","!","!","!","!"]}},"1577":{"2813":{"keys":[7,3],"grid":[" "," "," "," "," "," ","!","!","!","!","!","!","!","!","!","!"]}},"1576":{"2813":{"keys":[7,3],"grid":[" "," "," "," "," "," ","!","!","!","!","!","!","!","!","!","!"]}},"1618":{"2813":{"keys":[7,3],"grid":[" "," "," "," "," ","!","!","!","!","!","!","!","!","!","!","!"]}},"1619":{"2813":{"keys":[7,3],"grid":[" "," "," "," "," ","!","!","!","!","!","!","!","!","!","!","!"]}},"1616":{"2813":{"keys":[7,3],"grid":[" "," "," "," "," ","!","!","!","!","!","!","!","!","!","!","!"]}},"1617":{"2813":{"keys":[7,3],"grid":[" "," "," "," "," ","!","!","!","!","!","!","!","!","!","!","!"]}},"1614":{"2813":{"keys":[7,3],"grid":[" "," "," "," "," ","!","!","!","!","!","!","!","!","!","!","!"]}},"1615":{"2813":{"keys":[7,3],"grid":[" "," "," "," "," ","!","!","!","!","!","!","!","!","!","!","!"]}},"1612":{"2813":{"keys":[7,3],"grid":[" "," "," "," "," ","!","!","!","!","!","!","!","!","!","!","!"]}},"1683":{"2813":{"keys":[7,3],"grid":[" "," "," "," "," ","!","!","!","!","!","!","!","!","!","!","!"]}},"1610":{"2813":{"keys":[7,3],"grid":[" "," "," "," "," ","!","!","!","!","!","!","!","!","!","!","!"]}},"1611":{"2813":{"keys":[7,3],"grid":[" "," "," "," "," ","!","!","!","!","!","!","!","!","!","!","!"]}},"1696":{"2813":{"keys":[7,3],"grid":[" "," "," "," "," ","!","!","!","!","!","!","!","!","!","!","!"]}},"1697":{"2813":{"keys":[7,3],"grid":[" "," "," "," "," ","!","!","!","!","!","!","!","!","!","!","!"]}},"1694":{"2813":{"keys":[7,3],"grid":[" "," "," "," "," ","!","!","!","!","!","!","!","!","!","!","!"]}},"1695":{"2813":{"keys":[7,3],"grid":[" "," "," "," "," ","!","!","!","!","!","!","!","!","!","!","!"]}},"1692":{"2813":{"keys":[7,3],"grid":[" "," "," "," "," ","!","!","!","!","!","!","!","!","!","!","!"]}},"1693":{"2813":{"keys":[7,3],"grid":[" "," "," "," "," ","!","!","!","!","!","!","!","!","!","!","!"]}},"1759":{"2813":{"keys":[7,3],"grid":[" "," "," "," "," "," ","!","!","!","!","!","!","!","!","!","!"]}},"1758":{"2813":{"keys":[7,3],"grid":[" "," "," "," "," ","!) )","!","!","!","!","!","!","!","!","!","!"]}},"1757":{"2813":{"keys":[7,3],"grid":[" "," "," "," "," ","!","!","!","!","!","!","!","!","!","!","!"]}},"1561":{"2813":{"keys":[7,3],"grid":[" "," "," "," "," "," "," ","!","!","!","!","!","!","!","!","!"]}},"1755":{"2813":{"keys":[7,3],"grid":[" "," "," "," "," ","!","!","!","!","!","!","!","!","!","!","!"]}},"1754":{"2813":{"keys":[7,3],"grid":[" "," "," "," "," ","!","!","!","!","!","!","!","!","!","!","!"]}},"1753":{"2813":{"keys":[7,3],"grid":[" "," "," "," "," ","!","!","!","!","!","!","!","!","!","!","!"]}},"1752":{"2813":{"keys":[7,3],"grid":[" "," "," "," "," ","!","!","!","!","!","!","!","!","!","!","!"]}},"1698":{"2813":{"keys":[7,3],"grid":[" "," "," "," "," ","!","!","!","!","!","!","!","!","!","!","!"]}},"1699":{"2813":{"keys":[7,3],"grid":[" "," "," "," "," ","!","!","!","!","!","!","!","!","!","!","!"]}},"1790":{"2813":{"keys":[7,3],"grid":[" "," "," "," "," ","!","!","!","!","!","!","!","!","!","!","!"]}},"1579":{"2813":{"keys":[7,3],"grid":[" "," "," "," "," "," ","!","!","!","!","!","!","!","!","!","!"]}},"1686":{"2813":{"keys":[7,3],"grid":[" "," "," "," "," ","!","!","!","!","!","!","!","!","!","!","!"]}},"1689":{"2813":{"keys":[7,3],"grid":[" "," "," "," "," ","!","!","!","!","!","!","!","!","!","!","!"]}},"1688":{"2813":{"keys":[7,3],"grid":[" "," "," "," "," ","!","!","!","!","!","!","!","!","!","!","!"]}},"1575":{"2813":{"keys":[7,3],"grid":[" "," "," "," "," "," ","!","!","!","!","!","!","!","!","!","!"]}},"1571":{"2813":{"keys":[7,3],"grid":[" "," "," "," "," "," ","!","!","!","!","!","!","!","!","!","!"]}},"1609":{"2813":{"keys":[7,3],"grid":[" "," "," "," "," ","!","!","!","!","!","!","!","!","!","!","!"]}},"1608":{"2813":{"keys":[7,3],"grid":[" "," "," "," "," ","!","!","!","!","!","!","!","!","!","!","!"]}},"1570":{"2813":{"keys":[7,3],"grid":[" "," "," "," "," "," ","!","!","!","!","!","!","!","!","!","!"]}},"1775":{"2813":{"keys":[7,3],"grid":[" "," "," "," "," "," ","!","!","!","!","!","!","!","!","!","!"]}},"1601":{"2813":{"keys":[7,3],"grid":[" "," "," "," "," ","!","!","!","!","!","!","!","!","!","!","!"]}},"1600":{"2813":{"keys":[7,3],"grid":[" "," "," "," "," ","!","!","!","!","!","!","!","!","!","!","!"]}},"1603":{"2813":{"keys":[7,3],"grid":[" "," "," "," "," ","!","!","!","!","!","!","!","!","!","!","!"]}},"1602":{"2813":{"keys":[7,3],"grid":[" "," "," "," "," ","!","!","!","!","!","!","!","!","!","!","!"]}},"1605":{"2813":{"keys":[7,3],"grid":[" "," "," "," "," ","!","!","!","!","!","!","!","!","!","!","!"]}},"1563":{"2813":{"keys":[7,3],"grid":[" "," "," "," "," "," "," ,!&","!","!","!","!","!","!","!","!","!"]}},"1607":{"2813":{"keys":[7,3],"grid":[" "," "," "," "," ","!","!","!","!","!","!","!","!","!","!","!"]}},"1606":{"2813":{"keys":[7,3],"grid":[" "," "," "," "," ","!","!","!","!","!","!","!","!","!","!","!"]}},"1681":{"2813":{"keys":[7,3],"grid":[" "," "," "," "," ","!","!","!","!","!","!","!","!","!","!","!"]}},"1680":{"2813":{"keys":[7,3],"grid":[" "," "," "," "," ","!","!","!","!","!","!","!","!","!","!","!"]}},"1768":{"2813":{"keys":[7,3],"grid":[" "," "," "," "," "," ","!","!","!","!","!","!","!","!","!","!"]}},"1769":{"2813":{"keys":[7,3],"grid":[" "," "," "," "," "," ","!","!","!","!","!","!","!","!","!","!"]}},"1685":{"2813":{"keys":[7,3],"grid":[" "," "," "," "," ","!","!","!","!","!","!","!","!","!","!","!"]}},"1684":{"2813":{"keys":[7,3],"grid":[" "," "," "," "," ","!","!","!","!","!","!","!","!","!","!","!"]}},"1687":{"2813":{"keys":[7,3],"grid":[" "," "," "," "," ","!","!","!","!","!","!","!","!","!","!","!"]}},"1564":{"2813":{"keys":[7,3],"grid":[" "," "," "," "," "," ","!# /","!","!","!","!","!","!","!","!","!"]}},"1762":{"2813":{"keys":[7,3],"grid":[" "," "," "," "," "," ","!","!","!","!","!","!","!","!","!","!"]}},"1763":{"2813":{"keys":[7,3],"grid":[" "," "," "," "," "," ","!","!","!","!","!","!","!","!","!","!"]}},"1760":{"2813":{"keys":[7,3],"grid":[" "," "," "," "," "," ","!","!","!","!","!","!","!","!","!","!"]}},"1761":{"2813":{"keys":[7,3],"grid":[" "," "," "," "," "," ","!","!","!","!","!","!","!","!","!","!"]}},"1766":{"2813":{"keys":[7,3],"grid":[" "," "," "," "," "," ","!","!","!","!","!","!","!","!","!","!"]}},"1767":{"2813":{"keys":[7,3],"grid":[" "," "," "," "," "," ","!","!","!","!","!","!","!","!","!","!"]}},"1764":{"2813":{"keys":[7,3],"grid":[" "," "," "," "," "," ","!","!","!","!","!","!","!","!","!","!"]}},"1765":{"2813":{"keys":[7,3],"grid":[" "," "," "," "," "," ","!","!","!","!","!","!","!","!","!","!"]}}}}