{"9":{"97":{"209":{"keys":[9,1],"grid":[" /!#"," "," "," "," "," "," "," "," "," "," "," "," "," "," "," "]},"208":{"keys":[3,1,9],"grid":[" "," "," "," "," "," "," "," "," "," ","!# /","#!!% ,","#%!$ *","#'!% '","#*!% $","#-!$ !"]}},"96":{"208":{"keys":[3,1,9],"grid":[" "," "," "," ","!# /","#!!% ,","#%!$ *","#'!% '","#*!% $","#-!$ !","#/!#","#","#","#","#","#"]}},"99":{"209":{"keys":[1,9],"grid":[" ","!","!","!","!","!","!","!","!","!","!","!","!","!","!","!"]}},"98":{"209":{"keys":[1,9],"grid":[" ","!","!","!","!","!","!","!","!","!","!","!","!","!","!","!"]}},"108":{"212":{"keys":[3,1,9],"grid":[" "," "," "," "," ","!# /","#!!& +","#&!# *","#'!# )","#(!& %","#+!$ $","#-!# #","#.!# !","#/!#","#","#"]}},"109":{"212":{"keys":[3,1,9],"grid":[" -!!#$","00"," ,!##$","02"," +!##%"," +!!#&","05","04"," *!$#%"," )!$#&"," (!##("," '!##)","!! %!##*","!# $!!#+","#!!&#+","#"]},"211":{"keys":[3,1,9],"grid":[" "," "," "," "," "," "," "," "," "," "," 0!!","10"," /!#"," /!!#!"," .!##!"," -!###"]}},"111":{"212":{"keys":[9,1],"grid":[" 0!!"," "," "," "," "," "," "," "," "," "," "," "," "," "," "," "]},"211":{"keys":[3,1,9],"grid":[" "," "," "," "," "," "," "," "," #!# &!! '","!. $","#&!$#!!% $","#-!# #","#.!# !","#.!$","#/!#","14"]}},"110":{"211":{"keys":[3,1,9],"grid":[" "," "," "," "," "," "," (!! )"," '!& &"," '!!##!$ #!#"," !!'#%!&","!%##!!#*","#","#","#","#","#"]}},"102":{"209":{"keys":[1,9],"grid":[" #!/","!","!","!","!","!","!","!","!","!","!","!","!","!","!","!"]},"208":{"keys":[3,1,9],"grid":[" "," "," "," "," !!0"," !!!#/","05","05","05","05","05","05","05","05","05","05"]}},"103":{"208":{"keys":[3,1,9],"grid":[" "," "," "," ","!","#","#","#","#","#","#","#","#","#","#","#"]}},"100":{"209":{"keys":[1,9],"grid":[" ","!","!","!","!","!","!","!","!","!","!","!","!","!","!","!"]}},"101":{"209":{"keys":[1,9],"grid":[" ","!","!","!","!","!","!","!","!","!","!","!","!","!","!","!"]}},"106":{"209":{"keys":[3,1,9],"grid":[" "," "," "," "," "," "," "," "," "," "," ","!! 0","!# /","#!!$ -","#$!% *","#&!$ )"]},"210":{"keys":[9,1,3],"grid":[" (!##("," )!$#&"," +!##%"," ,!##$"," -!###","04"," .!!##","06"," .!##!","08"," /!!#!"," /!#"," "," "," "," "]}},"107":{"212":{"keys":[9,1,3],"grid":[" *!%#$"," -!!#$"," -!###"," .!##!"," /!#"," 0!!"," "," "," "," "," "," "," "," "," "," "]},"210":{"keys":[3,1,9],"grid":[" "," "," "," "," "," "," "," "," "," "," ","!! 0","11","!# /","#!!! /","14"]},"211":{"keys":[9,1,3],"grid":[" !!!#/","00","00","00"," !!##.","04"," #!!#."," #!##-"," $!##,","08"," %!!#,"," %!##+"," &!!#+"," &!##*"," '!$#("," )!##'"]}},"104":{"208":{"keys":[3,1,9],"grid":[" "," "," "," ","!* (","#)!% %","#,!# $","#-!! $","#-!# #","#.!! #","#.!# !","#/!! !","#/!#","#0!!","#","#"]}},"105":{"209":{"keys":[9,1,3],"grid":[" &!!#+"," &!$#)"," (!!#)"," (!##("," )!##'"," *!$#%"," ,!##$"," -!###"," .!!##"," .!##!"," /!#"," 0!!"," "," "," "," "]},"208":{"keys":[3,1,9],"grid":[" "," "," "," "," "," "," "," "," "," "," "," "," ","!! 0","!% -","#$!$ +"]}}},"13":{"1788":{"3386":{"keys":[3,9],"grid":[" #!) '","!* (","!) )","!( *","!& ,","!% -","05","05","05","!' +","02","!+ '","11","!, &","13","13"]},"3387":{"keys":[9,3],"grid":[" ,!&"," +!'","01","01","01","00"," -!%"," .!$"," 0!!"," "," "," "," "," "," "," "]},"3385":{"keys":[3,9],"grid":[" "," "," "," "," "," "," "," "," "," "," "," "," "," '!$ ("," %!' '"," $!( '"]}},"1789":{"3387":{"keys":[3,9],"grid":[" "," "," "," "," "," "," "," "," ","!! 0","!$ .","10","!% -","12","12","10"]},"3388":{"keys":[9,3],"grid":[" $!.","00","00","00"," %!-","04"," &!,","06"," '!+","08","08"," '!& &","11"," (!% &"," (!$ '","14"]},"3389":{"keys":[9],"grid":[" "," "," "," "," "," "," "," "," "," "," "," "," "," "," "," "]}},"1780":{"3385":{"keys":[3,9],"grid":[" "," "," "," "," "," ","!$ .","!% -","!& ,","!( *","!) #!$ $","!/ #","11","!","!","!"]}},"1781":{"3386":{"keys":[9,3],"grid":[" )!# '"," "," "," "," "," "," "," "," "," "," "," "," "," "," "," "]},"3385":{"keys":[3,9],"grid":[" "," "," "," "," "," "," "," "," "," "," "," $!# ,"," #!% +","!' *!!","!( (!#","!( '!$"]}},"1782":{"3386":{"keys":[9,3],"grid":[" #!$ )!$"," $!# )!$"," /!#"," 0!!"," "," "," "," "," "," "," "," "," "," "," "," "]},"3385":{"keys":[3,9],"grid":[" "," "," "," "," "," "," "," "," "," "," "," "," "," *!! '","!! &!& &","!# %!' %"]}},"1783":{"3386":{"keys":[3,9],"grid":[" &!,"," %!-","01"," #!/","!","!","!","!","!","!","!","!","!","!","!","!"]},"3385":{"keys":[3,9],"grid":[" "," "," "," "," "," "," "," "," "," "," "," "," .!$"," '!$ #!&"," &!,","14"]}},"1784":{"3385":{"keys":[3,9],"grid":[" 0!!"," -!%","01"," ,!&","03"," +!'","05","05","05","05","05","03","!# *!&","!' %!'","!","!"]}},"1785":{"3386":{"keys":[9,3],"grid":[" (!' $"," (!% &"," "," "," "," "," "," "," "," "," "," "," "," "," "," "]},"3384":{"keys":[3,9],"grid":[" "," "," "," "," "," "," "," "," "," "," "," "," %!# +"," $!$ +"," $!% *"," !!' *"]},"3385":{"keys":[9,3],"grid":[" )!)","00","00","00","00"," (!*","05","05","05","05","05","05","05","05","05","05"]}},"1786":{"3386":{"keys":[9],"grid":[" "," "," "," "," "," "," "," "," "," "," "," "," "," "," "," "]},"3385":{"keys":[3,9],"grid":[" "," "," "," "," "," "," 0!!"," .!$"," -!%"," ,!&","09"," +!'"," *!("," (!*"," '!+"," &!,"]}},"1787":{"3386":{"keys":[9,3],"grid":[" '!+","00"," (!) !"," (!( #"," (!' $"," (!& %"," "," "," "," "," "," "," "," "," "," "]},"3385":{"keys":[3,9],"grid":[" "," "," "," "," "," #!# -","!& ,","!' +","07","07","07","06","06","06","07","07"]}},"1682":{"3342":{"keys":[3,9],"grid":[" "," "," "," "," "," "," "," "," "," "," "," ","!! 0","!' +","!","!"]}},"1546":{"3336":{"keys":[3,9],"grid":[" "," "," ","!! 0","!% -","!' +","!* (","!- %","!0 !","!","!","!","!","!","!","!"]}},"1547":{"3336":{"keys":[3,9],"grid":[" "," "," "," "," "," "," "," "," ","!! 0","!% -","!( *","!+ '","!- %","!0 !","!"]}},"1544":{"3335":{"keys":[3,9],"grid":[" "," "," "," "," "," "," "," ","!$ .","!' +","!* (","!, &","!/ #","!","!","!"]}},"1545":{"3336":{"keys":[9,3],"grid":[" *!("," -!%"," /!#"," "," "," "," "," "," "," "," "," "," "," "," "," "]},"3335":{"keys":[3,9],"grid":[" "," "," "," "," "," "," "," "," "," "," "," "," ","!! 0","!$ .","!' +"]}},"1542":{"3335":{"keys":[9,3],"grid":[" .!$"," "," "," "," "," "," "," "," "," "," "," "," "," "," "," "]},"3334":{"keys":[3,9],"grid":[" "," "," "," "," "," "," "," "," "," "," "," ","!$ .","!& ,","!) )","!, &"]}},"1543":{"3335":{"keys":[3,9],"grid":[" "," ","!$ .","!' +","!) )","!, &","!/ #","!","!","!","!","!","!","!","!","!"]}},"1540":{"3333":{"keys":[3],"grid":[" "," "," "," "," "," "," "," "," "," "," "," "," "," "," "," "]},"3334":{"keys":[9,3],"grid":[" #!/"," %!-"," (!*"," +!'"," .!$"," 0!!"," "," "," "," "," "," "," "," "," "," "]}},"1541":{"3334":{"keys":[3,9],"grid":[" "," "," "," "," "," ","!# /","!& ,","!) )","!+ '","!. $","!","!","!","!","!"]}},"1779":{"3384":{"keys":[3,9],"grid":[" "," "," "," "," "," "," "," "," "," "," "," ","!# /","!% -","!& ,","!' +"]},"3385":{"keys":[9,3],"grid":[" '!+"," &!,"," %!-","!! #!.","03","03"," $!+ $"," %!* $","07"," (!& %"," "," "," "," "," "," "]}},"1778":{"3384":{"keys":[3,9],"grid":[" "," "," "," "," "," "," "," "," "," "," "," "," "," 0!!"," $!$ )!#"," #!& )!!"]},"3385":{"keys":[3,9],"grid":[" !!' )!!","!) )","!* (","!+ '","!, &","!. $","!","!","!","!","!","!","!","!","!","!"]}},"1548":{"3337":{"keys":[9,3],"grid":[" %!-"," (!*"," +!'"," -!%"," 0!!"," "," "," "," "," "," "," "," "," "," "," "]},"3336":{"keys":[3,9],"grid":[" "," "," "," "," "," "," "," "," "," "," "," "," "," "," ","!# /"]}},"1549":{"3337":{"keys":[3,9],"grid":[" "," "," "," "," ","!# /","!% -","!( *","!+ '","!. $","!0 !","!","!","!","!","!"]}},"1626":{"3344":{"keys":[3,9],"grid":[" "," "," "," "," "," "," "," "," ","!","!","!","!","!","!","!"]}},"1678":{"3339":{"keys":[9,3],"grid":[" &!,","00"," '!+","02","02"," (!*","05","05","05"," )!)","09","09"," *!("," +!'"," ,!&","14"]},"3338":{"keys":[3,9],"grid":[" "," "," "," "," "," "," "," "," "," "," "," ","!! 0","!# /","!% -","!& ,"]},"3340":{"keys":[9,3],"grid":[" -!%"," .!$","01","01"," /!#","04","04","04","04"," 0!!","09"," "," "," "," "," "]}},"1679":{"3340":{"keys":[3,9],"grid":[" "," "," "," "," "," "," "," "," "," "," "," ","!! 0","12","!# /","!$ ."]},"3341":{"keys":[9,3],"grid":[" %!-"," '!+"," )!)"," -!%"," /!#"," "," "," "," "," "," "," "," "," "," "," "]}},"1674":{"3333":{"keys":[3,9],"grid":[" "," "," "," "," ","!& ,","!) )","!* (","!, &","!- %","!/ #","!0 !","!","!","!","!"]}},"1675":{"3333":{"keys":[3,9],"grid":[" "," "," "," "," "," "," "," "," "," "," "," ","!! 0","!$ .","!% -","!& ,"]},"3334":{"keys":[9,3],"grid":[" &!,","00"," '!+","02","02","02"," (!*"," )!)"," *!("," +!'"," -!%"," .!$"," /!#"," 0!!"," "," "]}},"1676":{"3336":{"keys":[9,3],"grid":[" )!)","00"," *!("," +!'","03"," ,!&"," -!%"," .!$","07"," /!#"," 0!!","10"," "," "," "," "]},"3335":{"keys":[9,3],"grid":[" !!0","00","00"," #!/","03","03"," $!.","06"," %!-","08","08"," &!,","11"," '!+"," (!*","14"]},"3334":{"keys":[3],"grid":[" "," "," "," "," "," "," "," "," "," "," "," "," "," "," "," "]}},"1677":{"3338":{"keys":[9,3],"grid":[" (!*","00","00","00"," )!)","04","04"," *!("," ,!&"," -!%"," /!#"," 0!!"," "," "," "," "]},"3337":{"keys":[9,3],"grid":[" !!0","00","00","00"," #!/"," $!.","05","05"," %!-","08"," &!,","10"," '!+","12","12","12"]},"3336":{"keys":[3,9],"grid":[" "," "," "," "," "," "," "," "," "," "," "," "," "," "," ","!! 0"]}},"1670":{"3332":{"keys":[3,9],"grid":[" "," "," "," "," "," "," "," ","!","!","!","!","!","!","!","!"]}},"1671":{"3332":{"keys":[3,9],"grid":[" "," "," "," "," "," "," "," ","!/ #","08","!0 !","!","!","!","!","!"]}},"1672":{"3333":{"keys":[9,3],"grid":[" %!-"," &!,"," (!*"," )!)"," *!("," +!'"," ,!&"," .!! #"," "," "," "," "," "," "," "," "]},"3332":{"keys":[3,9],"grid":[" "," "," "," "," "," "," "," "," "," "," "," ","!! 0","!$ .","!% -","14"]}},"1673":{"3333":{"keys":[3,9],"grid":[" *!! '"," (!& %"," &!) $"," %!, !"," $!.","04"," #!/","!","!","!","!","!","!","!","!","!"]}},"1700":{"3358":{"keys":[9,3],"grid":[" !!0","00","00"," #!/"," &!,","04"," '!+"," '!# !!("," +!'","08","08"," ,!&"," -!$ !"," .!! #"," "," "]}},"1690":{"3349":{"keys":[3,9],"grid":[" "," "," "," ","!# /","!$ .","!% -","!& ,","07","07","!' +","!( *","!) )","!, &","!. $","!"]}},"1701":{"3359":{"keys":[9,3],"grid":[" ,!&"," ,!% !"," .!# !"," "," "," "," "," "," "," "," "," "," "," "," "," "]},"3358":{"keys":[3,9],"grid":[" "," "," "," "," "," "," "," "," "," ,!# $"," $!& #!$ $","!( !!' #","!/ #","12","!, &","14"]}},"1791":{"3391":{"keys":[3,9],"grid":[" !!0","!","!","!","!","!","!","!","!0 !","!/ #","09","!. $","11","11","!- %","14"]},"3390":{"keys":[3,9],"grid":[" '!+","00"," '!* !","02","02","00","00","00","00"," &!,","09"," %!-"," $!.","12"," #!/","14"]},"3392":{"keys":[9,3],"grid":[" -!%","00","00"," .!$","03"," /!#"," "," "," "," "," "," "," "," "," "," "]},"3389":{"keys":[3,9],"grid":[" "," "," "," "," "," "," "," "," *!$ %"," )!' #"," (!*"," '!+","11"," &!,","13","13"]}},"1691":{"3349":{"keys":[3],"grid":[" "," "," "," "," "," "," "," "," "," "," "," "," "," "," "," "]},"3350":{"keys":[9,3],"grid":[" #!/"," &!,"," )!)"," +!'"," .!$"," 0!!","05"," "," "," "," "," "," "," "," "," "]}},"1702":{"3359":{"keys":[9,3],"grid":[" !!! $!,"," &!,"," (!*","02","02"," )!& !!#"," *!% !!#"," *!$ $!!"," +!# %"," "," "," "," "," "," "," "]},"3358":{"keys":[3,9],"grid":[" "," "," "," "," "," "," "," "," "," "," "," "," "," "," "," $!! -"]}},"1560":{"3341":{"keys":[3,9],"grid":[" "," "," "," "," "," "," ","!$ .","!' +","!) )","!, &","!/ #","!","!","!","!"]}},"1703":{"3360":{"keys":[9,3],"grid":[" -!%"," 0!!","01"," "," "," "," "," "," "," "," "," "," "," "," "," "]},"3359":{"keys":[3,9],"grid":[" "," "," "," "," "," "," "," ","!# /","!! 0","09","09","09"," "," '!! *"," !!# #!# *"]}},"1756":{"3391":{"keys":[3,9],"grid":[" "," "," "," "," "," "," "," "," "," "," "," "," 0!!"," /!#","13","12"]},"3393":{"keys":[3,9],"grid":[" *!(","00"," +!'"," ,!&","03","02"," '!+","06","06","06"," (!*","06"," &!,"," %!-"," $!.","14"]},"3392":{"keys":[3,9],"grid":[" 0!!"," /!#"," .!$"," -!%"," ,!&"," *!(","05","05","05","05","05","05","05","05"," +!'","14"]},"3395":{"keys":[3,9],"grid":[" #!/","00"," !!0","!","!","00","00"," #!! $!+"," (!*"," $!# !!+","00","02","02","!","!","!"]},"3394":{"keys":[3,9],"grid":[" #!/","00"," $!."," %!-","02"," !!0","!","!","!","!","!","!","!","05","05","05"]}},"1704":{"3360":{"keys":[3,9],"grid":[" "," "," ","!# /","03","03","03","03","!$ .","!& ,","09","!% -","!' +","!( *","!( #!! '","!, &"]},"3361":{"keys":[9,3],"grid":[" ,!&","00"," .!$"," /!#","02"," .!# !"," "," "," "," "," "," "," "," "," "," "]}},"1562":{"3342":{"keys":[3,9],"grid":[" "," "," ","!$ .","!' +","!) )","!, &","!/ #","!","!","!","!","!","!","!","!"]}},"1705":{"3361":{"keys":[3,9],"grid":[" "," "," "," "," ","!# /","!% -","06","06","06","06","!% !!! %!% #","!( $!% #","!* !!& !","!","!"]}},"1551":{"3338":{"keys":[3,9],"grid":[" ","!# /","!& ,","!) )","!+ '","!. $","!","!","!","!","!","!","!","!","!","!"]}},"1550":{"3338":{"keys":[9,3],"grid":[" 0!!"," "," "," "," "," "," "," "," "," "," "," "," "," "," "," "]},"3337":{"keys":[3,9],"grid":[" "," "," "," "," "," "," "," "," "," "," ","!# /","!& ,","!( *","!+ '","!. $"]}},"1553":{"3339":{"keys":[9,3],"grid":[" ,!&"," .!$"," "," "," "," "," "," "," "," "," "," "," "," "," "," "]},"3338":{"keys":[3,9],"grid":[" "," "," "," "," "," "," "," "," "," "," "," "," ","!# /","!& ,","!) )"]}},"1552":{"3338":{"keys":[3,9],"grid":[" "," "," "," "," "," "," ","!# /","!& ,","!) )","!+ '","!. $","!","!","!","!"]}},"1555":{"3339":{"keys":[3,9],"grid":[" "," "," "," "," "," "," "," "," ","!$ .","!' +","!) )","!, &","!/ #","!","!"]}},"1554":{"3339":{"keys":[3,9],"grid":[" "," "," ","!$ .","!& ,","!) )","!, &","!. $","!","!","!","!","!","!","!","!"]}},"1557":{"3340":{"keys":[3,9],"grid":[" "," "," "," "," ","!$ .","!' +","!* (","!, &","!/ #","!","!","!","!","!","!"]}},"1556":{"3339":{"keys":[3,9],"grid":[" "," "," "," "," "," "," "," "," "," "," "," "," "," "," ","!$ ."]},"3340":{"keys":[9,3],"grid":[" '!+"," )!)"," ,!&"," /!#"," "," "," "," "," "," "," "," "," "," "," "," "]}},"1559":{"3341":{"keys":[9,3],"grid":[" !!0"," $!."," '!+"," )!)"," ,!&"," /!#"," "," "," "," "," "," "," "," "," "," "]}},"1709":{"3368":{"keys":[9,3],"grid":[" -!%","00"," ,!&"," .!$"," /!#","04","04","04","03","03"," 0!!","10"," "," "," "," "]},"3369":{"keys":[9,3],"grid":[" 0!!","00","00","00"," ","00","00"," /!#","07","00"," "," "," "," "," "," "]},"3364":{"keys":[3],"grid":[" "," "," "," "," "," "," "," "," "," "," "," "," "," "," "," "]},"3365":{"keys":[3,9],"grid":[" "," "," "," ","!! 0","!$ .","!% -","06","05","05","05","05","!& ,","!' +","13","13"]},"3366":{"keys":[9,3],"grid":[" &!,","00"," %!-"," (!*","03"," (!! !!("," *!(","06","06","06","06","06","06"," ,!&","13","13"]},"3367":{"keys":[9,3],"grid":[" ,!&"," +!'"," *!(","01","01","01","00","00","00","00","00","01","01","00"," -!%","14"]}},"1707":{"3362":{"keys":[3],"grid":[" "," "," "," "," "," "," "," "," "," "," "," "," "," "," "," "]},"3363":{"keys":[9,3],"grid":[" !!0","00","00"," #!/","03","03","03"," $!.","07"," %!-","09"," &!,"," '!# $!&"," -!%"," "," "]}},"1565":{"3343":{"keys":[3,9],"grid":[" "," "," "," "," ","!$ .","!' +","!) )","!, &","!/ #","!","!","!","!","!","!"]}},"1708":{"3364":{"keys":[9,3],"grid":[" (!*"," )!)","01","01","00","01"," -!%","06","06"," .!$"," /!#","10"," 0!!","12"," "," "]},"3365":{"keys":[9],"grid":[" "," "," "," "," "," "," "," "," "," "," "," "," "," "," "," "]},"3363":{"keys":[3,9],"grid":[" "," "," "," "," "," "," "," "," "," "," "," "," "," "," &!# *","!# $!# *"]}},"1751":{"3403":{"keys":[3,9],"grid":[" &!,"," '!+"," (!*","02","02","01","!! %!,","!# !!.","!","!","!","!","!","!","!","!"]},"3402":{"keys":[3,9],"grid":[" "," "," "," "," "," "," /!#"," .!$","07","06"," 0!!"," ,!&"," +!'","12"," *!("," (!*"]}},"1669":{"3332":{"keys":[3,9],"grid":[" "," "," "," "," "," "," "," ","!","!","!","!","!","!","!","!"]}},"1668":{"3332":{"keys":[3,9],"grid":[" "," "," "," "," "," "," "," ","!","!","!","!","!","!","!","!"]}},"1667":{"3332":{"keys":[3,9],"grid":[" "," "," "," "," "," "," "," ","!","!","!","!","!","!","!","!"]}},"1666":{"3332":{"keys":[3,9],"grid":[" "," "," "," "," "," "," "," ","!","!","!","!","!","!","!","!"]}},"1665":{"3332":{"keys":[3,9],"grid":[" "," "," "," "," "," "," "," ","!","!","!","!","!","!","!","!"]}},"1664":{"3332":{"keys":[3,9],"grid":[" "," "," "," "," "," "," "," ","!","!","!","!","!","!","!","!"]}},"1663":{"3332":{"keys":[3,9],"grid":[" "," "," "," "," "," "," "," ","!","!","!","!","!","!","!","!"]}},"1662":{"3332":{"keys":[3,9],"grid":[" "," "," "," "," "," "," "," ","!","!","!","!","!","!","!","!"]}},"1661":{"3332":{"keys":[3,9],"grid":[" "," "," "," "," "," "," "," ","!","!","!","!","!","!","!","!"]}},"1660":{"3332":{"keys":[3,9],"grid":[" "," "," "," "," "," "," "," ","!","!","!","!","!","!","!","!"]}},"1566":{"3343":{"keys":[3,9],"grid":[" "," "," "," "," "," "," "," "," "," "," ","!$ .","!' +","!) )","!, &","!/ #"]},"3344":{"keys":[9],"grid":[" "," "," "," "," "," "," "," "," "," "," "," "," "," "," "," "]}},"1558":{"3340":{"keys":[3,9],"grid":[" "," "," "," "," "," "," "," "," "," ","!! 0","!$ .","!' +","!* (","!, &","!/ #"]},"3341":{"keys":[9],"grid":[" "," "," "," "," "," "," "," "," "," "," "," "," "," "," "," "]}},"1589":{"3344":{"keys":[3,9],"grid":[" "," "," "," "," "," "," "," ","!","!","!","!","!","!","!","!"]}},"1578":{"3344":{"keys":[3,9],"grid":[" "," "," "," "," "," "," "," "," ","!","!","!","!","!","!","!"]}},"1588":{"3344":{"keys":[3,9],"grid":[" "," "," "," "," "," "," "," ","!","!","!","!","!","!","!","!"]}},"1713":{"3380":{"keys":[9,3],"grid":[" ,!&"," .!$","01"," -!%","03","03","00"," ,!# #!!"," /!#","01","08","08","08","08","01"," 0!!"]},"3379":{"keys":[9,3],"grid":[" (!*","00"," '!+","00"," )!)"," +!'"," -!%"," ,!&","06","07","05","05"," +!! !!%","06","06","06"]},"3378":{"keys":[9,3],"grid":[" +!'"," *!("," (!*","02"," '!+","02","04"," &!,","07","02","02","01","01","01"," )!)","02"]},"3377":{"keys":[9,3],"grid":[" ,!! !!$"," +!'","01"," ,!&","00"," .!$","05"," -!%","05","05","05","07","03","07","01","03"]},"3376":{"keys":[9,3],"grid":[" .!$","00"," -!%"," ,!&"," *!("," +!'","05","04","05","05","05","03","03","03","00","00"]},"3375":{"keys":[9,3],"grid":[" -!%"," .!$","00","01","01","01","00","00","00","00","00","00","00","01","00","00"]},"3374":{"keys":[9,3],"grid":[" &!,"," '!+","01"," (!*","03","01"," )!)","06","06","06"," *!(","10","10"," +!'"," ,!&","14"]},"3373":{"keys":[3,9],"grid":[" "," "," "," "," ","!! 0","!# /","06","!$ .","!% -","!' +","!& ,","11","11","09","09"]},"3381":{"keys":[9,3],"grid":[" "," "," "," 0!!"," "," "," /!! !","03"," /!#","03","08","03","03","03","03"," "]}},"1712":{"3373":{"keys":[9,3],"grid":[" +!! #!$"," /!#"," 0!!","02"," "," "," "," "," "," "," "," "," "," "," "," "]},"3372":{"keys":[9,3],"grid":[" #!/","00","00","00"," $!.","04","04","00","00","00"," #!! #!,"," '!+","11"," &!,","13"," )!# #!%"]},"3371":{"keys":[3,9],"grid":[" "," "," "," "," "," "," "," "," "," "," "," "," ","!! 0","!# /","14"]}},"1711":{"3371":{"keys":[3,9],"grid":[" ","!# /","!& ,","!' +","!( *","!) )","04","05","!+ '","!, &","!- %","10","!, %!!","!. !!#","!","!"]}},"1710":{"3368":{"keys":[3,9],"grid":[" "," "," "," "," "," "," "," "," "," "," "," !!! /","11","!# /","13"," "]},"3369":{"keys":[3,9],"grid":[" "," "," "," "," "," "," "," "," "," "," ","!# /","!$ .","12","!& ,","!' &!$ #"]},"3371":{"keys":[9,3],"grid":[" 0!!"," "," "," "," "," "," "," "," "," "," "," "," "," "," "," "]},"3370":{"keys":[9,3],"grid":[" .!$"," -!%","00"," 0!!","03"," /!#","05","05","05"," ,!&","01","00","03"," "," "," "]}},"1717":{"3387":{"keys":[3,9],"grid":[" "," "," "," "," "," ","!! 0"," "," ","06"," "," ","06","!# /","!& ,","!' +"]},"3388":{"keys":[9,3],"grid":[" &!,"," #!/"," !!0","02"," $!.","04"," %!-"," %!! !!+"," $!# !!+"," )!)","09","09"," *!(","12"," +!'","14"]},"3389":{"keys":[9,3],"grid":[" +!'"," -!%"," .!$","01","01"," -!# #"," .!# !"," "," "," "," "," "," "," "," "," "]}},"1716":{"3386":{"keys":[9,3],"grid":[" *!(","00","00"," (!*","03"," )!)","00"," ,!&"," -!%"," /!#","09","07","08","08"," 0!!","14"]},"3387":{"keys":[9,3],"grid":[" /!#","00"," 0!!","00"," "," "," "," "," "," "," "," "," "," "," "," "]},"3384":{"keys":[3,9],"grid":[" "," "," "," "," "," "," "," "," "," "," "," "," "," "," ","!! 0"]},"3385":{"keys":[9,3],"grid":[" !!0","!","!"," $!.","03"," %!-","05","05","05"," '!+"," (!*"," )!)","11"," *!(","11","11"]}},"1715":{"3384":{"keys":[9,3],"grid":[" *!("," )!)","01"," &!,","03","01","00","00","00"," +!'"," -!%","10"," .!$"," "," /!! !"," "]},"3385":{"keys":[9],"grid":[" "," "," "," "," "," "," "," "," "," "," "," "," "," "," "," "]},"3383":{"keys":[3,9],"grid":[" "," "," "," ","!! 0","04","04","04","04","04","04","!# /","!% -","12","!$ #!# *","!) )"]}},"1714":{"3382":{"keys":[9,3],"grid":[" !!0","!"," !!! !!."," %!-","03"," %!# #!)"," (!*","06","06","06"," (!# !!'"," *!("," +!'"," ,!&","13"," -!%"]},"3383":{"keys":[9,3],"grid":[" -!%"," .!$"," 0!!"," "," "," "," "," "," "," "," "," "," "," "," "," "]},"3380":{"keys":[3,9],"grid":[" "," "," "," "," "," "," "," "," "," "," "," "," "," "," ","!# /"]},"3381":{"keys":[9,3],"grid":[" !!0","!","!","!","!","!","!","!","!","!","!","!","!","!","!","!"]}},"1719":{"3390":{"keys":[3,9],"grid":[" ","!! 0","01","!# /","!% -","!& ,","!( *","!) )","!+ '","!, &","!. $","!/ #","!","!","!","!"]}},"1718":{"3390":{"keys":[9,3],"grid":[" .!$"," "," "," "," "," "," "," "," "," "," "," "," "," "," "," "]},"3389":{"keys":[3,9],"grid":[" "," "," "," "," !!! /","!# /","05","!& ,","!' +","!* (","09","!+ '","11","!. $","13","13"]}},"1658":{"3332":{"keys":[3,9],"grid":[" "," "," "," "," "," "," "," ","!","!","!","!","!","!","!","!"]}},"1659":{"3332":{"keys":[3,9],"grid":[" "," "," "," "," "," "," "," ","!","!","!","!","!","!","!","!"]}},"1652":{"3332":{"keys":[3,9],"grid":[" "," "," "," "," "," "," "," ","!","!","!","!","!","!","!","!"]}},"1653":{"3332":{"keys":[3,9],"grid":[" "," "," "," "," "," "," "," ","!","!","!","!","!","!","!","!"]}},"1650":{"3332":{"keys":[3,9],"grid":[" "," "," "," "," "," "," "," ","!","!","!","!","!","!","!","!"]}},"1651":{"3332":{"keys":[3,9],"grid":[" "," "," "," "," "," "," "," ","!","!","!","!","!","!","!","!"]}},"1656":{"3332":{"keys":[3,9],"grid":[" "," "," "," "," "," "," "," ","!","!","!","!","!","!","!","!"]}},"1657":{"3332":{"keys":[3,9],"grid":[" "," "," "," "," "," "," "," ","!","!","!","!","!","!","!","!"]}},"1654":{"3332":{"keys":[3,9],"grid":[" "," "," "," "," "," "," "," ","!","!","!","!","!","!","!","!"]}},"1655":{"3332":{"keys":[3,9],"grid":[" "," "," "," "," "," "," "," ","!","!","!","!","!","!","!","!"]}},"1630":{"3344":{"keys":[3,9],"grid":[" "," "," "," "," "," "," "," "," ","!","!","!","!","!","!","!"]}},"1774":{"3384":{"keys":[3,9],"grid":[" "," "," "," "," "," "," "," "," "," "," "," "," "," "," "," #!! ,!#"]},"3385":{"keys":[9,3],"grid":[" )!& $"," )!# '"," ","!! 0","03"," "," "," "," "," "," "," "," "," "," "," "]}},"1777":{"3385":{"keys":[3,9],"grid":[" "," ","!) (!!","!* !!# !!$","!","!","!","!","!","!","!","!","!","!","!","!"]}},"1776":{"3385":{"keys":[3,9],"grid":[" #!! ."," !!' *","!( (!#","!( '!$","03","!( &!%","!( %!&","06","!","!","!","!","!","!","!","!"]}},"1771":{"3384":{"keys":[3,9],"grid":[" "," "," "," "," "," ","!# /","!$ .","!% -","08","!& ,","10","!) )","!* (","!+ '","14"]},"3385":{"keys":[9,3],"grid":[" /!#"," 0!!"," "," "," "," "," "," "," "," "," "," "," "," "," "," "]}},"1567":{"3344":{"keys":[3,9],"grid":[" ","!$ .","!' +","!) )","!, &","!. $","!","!","!","!","!","!","!","!","!","!"]}},"1631":{"3344":{"keys":[3,9],"grid":[" "," "," "," "," "," "," "," "," ","!","!","!","!","!","!","!"]}},"1770":{"3384":{"keys":[9,3],"grid":[" &!% &!#"," '!# '!#"," /!#"," .!$","03","03"," "," "," "," "," "," "," "," "," "," "]},"3383":{"keys":[3,9],"grid":[" "," "," "," "," "," "," "," "," "," "," "," "," "," *!$ %"," !!# '!% $","!% &!% $"]}},"1645":{"3332":{"keys":[3,9],"grid":[" "," "," "," "," "," "," "," ","!","!","!","!","!","!","!","!"]}},"1644":{"3332":{"keys":[3,9],"grid":[" "," "," "," "," "," "," "," ","!","!","!","!","!","!","!","!"]}},"1647":{"3332":{"keys":[3,9],"grid":[" "," "," "," "," "," "," "," ","!","!","!","!","!","!","!","!"]}},"1646":{"3332":{"keys":[3,9],"grid":[" "," "," "," "," "," "," "," ","!","!","!","!","!","!","!","!"]}},"1641":{"3332":{"keys":[3,9],"grid":[" "," "," "," "," "," "," "," ","!","!","!","!","!","!","!","!"]}},"1640":{"3332":{"keys":[3,9],"grid":[" "," "," "," "," "," "," "," ","!","!","!","!","!","!","!","!"]}},"1728":{"3397":{"keys":[3,9],"grid":[" "," ","!# /","02","02","!$ .","!% -","!' +","!( *","!* (","!+ '","!- %","!/ #","!","!","!"]}},"1642":{"3332":{"keys":[3,9],"grid":[" "," "," "," "," "," "," "," ","!","!","!","!","!","!","!","!"]}},"1726":{"3395":{"keys":[3,9],"grid":[" "," "," "," "," "," "," "," "," "," "," "," "," "," #!! .","13","!$ #!! +"]},"3396":{"keys":[9,3],"grid":[" $!# #!*"," $!! %!! !!'"," +!'"," +!% !!!"," ,!! %"," "," "," "," "," "," "," "," "," "," "," "]}},"1727":{"3397":{"keys":[9,3],"grid":[" /!#"," "," "," "," "," "," "," "," "," "," "," "," "," "," "," "]},"3396":{"keys":[3,9],"grid":[" "," "," "," ","!! 0","!# /","!$ .","06","06","!' +","09","09","09","!) )","13","!. $"]}},"1724":{"3393":{"keys":[9,3],"grid":[" !!0"," #!/","01","01","01"," #!& #!("," #!# (!&"," +!'","07","07","07","07"," *!(","12","12"," )!)"]},"3392":{"keys":[3],"grid":[" "," "," "," "," "," "," "," "," "," "," "," "," "," "," "," "]},"3394":{"keys":[9,3],"grid":[" (!*"," )!)"," *!("," +!'"," ,!&"," .!$"," 0!!"," "," "," "," "," "," "," "," "," "]}},"1772":{"3385":{"keys":[3,9],"grid":[" #!# -"," !!$ -","!% -","!% ,!!","!- !!$","!","!","!","!","!","!","!","!","!","!","!"]}},"1649":{"3332":{"keys":[3,9],"grid":[" "," "," "," "," "," "," "," ","!","!","!","!","!","!","!","!"]}},"1648":{"3332":{"keys":[3,9],"grid":[" "," "," "," "," "," "," "," ","!","!","!","!","!","!","!","!"]}},"1720":{"3391":{"keys":[9,3],"grid":[" &!,"," '!+","01"," (!*","03","03","03","03"," )!)"," *!("," +!'"," ,!&"," -!# !!!"," "," "," "]},"3390":{"keys":[3,9],"grid":[" "," "," "," "," "," "," "," "," "," "," "," "," ","!! 0","!# /","!% -"]}},"1721":{"3391":{"keys":[3,9],"grid":[" "," "," "," "," "," "," "," "," "," "," "," "," ","!! 0","!# /","!$ ."]},"3392":{"keys":[9,3],"grid":[" %!-"," &!,"," (!*"," )!)"," *!("," ,!$ #"," -!! $"," "," "," "," "," "," "," "," "," "]}},"1537":{"3333":{"keys":[9,3],"grid":[" '!+"," )!)"," ,!&"," /!#"," "," "," "," "," "," "," "," "," "," "," "," "]},"3332":{"keys":[3,9],"grid":[" "," "," "," "," "," "," "," "," "," "," "," "," "," "," ","!$ ."]}},"1536":{"3332":{"keys":[3,9],"grid":[" "," "," "," "," "," "," "," "," ","!# /","!& ,","!) )","!, &","!. $","!","!"]}},"1583":{"3344":{"keys":[3,9],"grid":[" "," "," "," "," "," "," "," "," ","!","!","!","!","!","!","!"]}},"1604":{"3344":{"keys":[3,9],"grid":[" "," "," "," "," "," "," "," ","!","!","!","!","!","!","!","!"]}},"1580":{"3344":{"keys":[3,9],"grid":[" "," "," "," "," "," "," "," "," ","!","!","!","!","!","!","!"]}},"1539":{"3333":{"keys":[3,9],"grid":[" "," "," "," "," "," "," "," "," "," ","!! 0","!% -","!( *","!* (","!- %","!0 !"]}},"1538":{"3333":{"keys":[3,9],"grid":[" "," "," "," ","!! 0","!% -","!' +","!* (","!, &","!/ #","!","!","!","!","!","!"]}},"1732":{"3398":{"keys":[3,9],"grid":[" "," "," "," "," "," "," "," "," ","!& ,","!) #!$ $","!","!","!","!","!"]}},"1729":{"3398":{"keys":[9,3],"grid":[" *!("," ,!&"," .!$"," 0!!"," "," "," "," "," "," "," "," "," "," "," "," "]},"3397":{"keys":[3,9],"grid":[" "," "," "," "," "," "," "," "," "," "," "," "," ","!! 0","!$ .","!' +"]}},"1586":{"3344":{"keys":[3,9],"grid":[" "," "," "," "," "," "," "," "," ","!","!","!","!","!","!","!"]}},"1587":{"3344":{"keys":[3,9],"grid":[" "," "," "," "," "," "," "," "," ","!","!","!","!","!","!","!"]}},"1706":{"3361":{"keys":[3,9],"grid":[" "," "," "," "," "," "," "," "," "," "," "," "," $!# !!$ ("," $!( '","!+ '","14"]},"3362":{"keys":[9,3],"grid":[" +!'","00"," ,!&"," .!$","03"," "," "," "," "," "," "," "," "," "," "," "]}},"1584":{"3344":{"keys":[3,9],"grid":[" "," "," "," "," "," "," "," "," ","!","!","!","!","!","!","!"]}},"1750":{"3403":{"keys":[3,9],"grid":[" "," "," "," "," "," "," /!#"," .!$"," *!! #!%"," (!*"," '!+","10","10","09","09","09"]},"3404":{"keys":[3,9],"grid":[" '!+"," &!,"," %!-"," $!.","!! #!.","04","!! $!-","06","!# #!-","!","!","!","!","!","!","!"]}},"1585":{"3344":{"keys":[3,9],"grid":[" "," "," "," "," "," "," "," "," ","!","!","!","!","!","!","!"]}},"1582":{"3344":{"keys":[3,9],"grid":[" "," "," "," "," "," "," "," "," ","!","!","!","!","!","!","!"]}},"1739":{"3401":{"keys":[3,9],"grid":[" "," "," "," "," "," "," "," "," "," "," "," "," "," "," )!# '"," #!) '"]},"3402":{"keys":[3,9],"grid":[" !!* '","!+ '","01","!+ #!$ !","!","!","!","!","!","!","!","!","!","!","!","!"]}},"1738":{"3401":{"keys":[3,9],"grid":[" "," "," "," "," "," "," "," "," "," "," ","!' +","11","!( *","!* (","!+ '"]},"3402":{"keys":[9,3],"grid":[" ,!&"," "," "," "," "," "," "," "," "," "," "," "," "," "," "," "]}},"1632":{"3344":{"keys":[3,9],"grid":[" "," "," "," "," "," "," "," "," ","!","!","!","!","!","!","!"]}},"1633":{"3342":{"keys":[3,9],"grid":[" +!'","00","00","00","00","00","00","00","00","00","00","00","00","00","00","00"]},"3343":{"keys":[3,9],"grid":[" +!'","00","00","00","00","00","00","00","00","00","00","00","00","00","00","00"]},"3340":{"keys":[3,9],"grid":[" +!'","00","00","00","00","00","00","00","00","00","00","00","00","00","00","00"]},"3341":{"keys":[3,9],"grid":[" +!'","00","00","00","00","00","00","00","00","00","00","00","00","00","00","00"]},"3344":{"keys":[3,9],"grid":[" +!'","00","00","00","00","00","00","00","00","!","!","!","!","!","!","!"]},"3333":{"keys":[3,9],"grid":[" ,!&","00","00","00","00","00","00","00","00","00","00","00","00","00","00","00"]},"3332":{"keys":[3,9],"grid":[" "," "," "," "," "," "," "," "," ,!&","08","08","08","08","08","08","08"]},"3337":{"keys":[3,9],"grid":[" ,!&","00","00","00","00","00","00","00","00","00","00","00","00","00","00","00"]},"3336":{"keys":[3,9],"grid":[" ,!&","00","00","00","00","00","00","00","00","00","00","00","00","00","00","00"]},"3335":{"keys":[3,9],"grid":[" ,!&","00","00","00","00","00","00","00","00","00","00","00","00","00","00","00"]},"3334":{"keys":[3,9],"grid":[" ,!&","00","00","00","00","00","00","00","00","00","00","00","00","00","00","00"]},"3339":{"keys":[3,9],"grid":[" ,!&","00","00","00","00","00","00","00","00","00","00"," +!'","11","11","11","11"]},"3338":{"keys":[3,9],"grid":[" ,!&","00","00","00","00","00","00","00","00","00","00","00","00","00","00","00"]}},"1634":{"3332":{"keys":[3,9],"grid":[" "," "," "," "," "," "," "," ","!","!","!","!","!","!","!","!"]}},"1635":{"3332":{"keys":[3,9],"grid":[" "," "," "," "," "," "," "," ","!","!","!","!","!","!","!","!"]}},"1636":{"3332":{"keys":[3,9],"grid":[" "," "," "," "," "," "," "," ","!","!","!","!","!","!","!","!"]}},"1637":{"3332":{"keys":[3,9],"grid":[" "," "," "," "," "," "," "," ","!","!","!","!","!","!","!","!"]}},"1638":{"3332":{"keys":[3,9],"grid":[" "," "," "," "," "," "," "," ","!","!","!","!","!","!","!","!"]}},"1639":{"3332":{"keys":[3,9],"grid":[" "," "," "," "," "," "," "," ","!","!","!","!","!","!","!","!"]}},"1733":{"3399":{"keys":[9,3],"grid":[" -!%"," .!$","01"," 0!!"," "," "," "," "," "," "," "," "," "," "," "," "]},"3398":{"keys":[3,9],"grid":[" "," "," "," "," "," "," "," "," "," "," ","!# /","11","!# )!! &","!& $!& $","!. $"]}},"1581":{"3344":{"keys":[3,9],"grid":[" "," "," "," "," "," "," "," "," ","!","!","!","!","!","!","!"]}},"1735":{"3401":{"keys":[9,3],"grid":[" -!%","00"," .!# !"," .!! #"," "," "," "," "," "," "," "," "," "," "," "," "]},"3400":{"keys":[3,9],"grid":[" "," "," "," $!# ,","!& ,","!% -","04","05","04","04","!' +","!( *","!) )","!* (","13","!, &"]}},"1734":{"3399":{"keys":[3,9],"grid":[" "," $!$ +"," #!% +","!( *","03","03","!) )","06","!* (","06","!' +","10","03","03","!' (!# !","!' '!$ !"]},"3400":{"keys":[9,3],"grid":[" '!& &"," (!% &"," )!$ %!!","02"," "," "," "," "," "," "," "," "," "," "," "," "]}},"1737":{"3401":{"keys":[3,9],"grid":[" "," "," "," "," "," "," "," ","!$ .","!% -","09","!& *!#","!' $!# #!$","!& #!*","!","!"]}},"1736":{"3401":{"keys":[3,9],"grid":[" "," ","!! !!! .","!$ .","!% -","!& !!$ (","!, &","!","!","!","!","!","!","!","!","!"]}},"1731":{"3398":{"keys":[3,9],"grid":[" "," "," "," "," ","!$ .","!% -","!& ,","!% %!% %","!. $","!/ #","!","!","!","!","!"]}},"1572":{"3344":{"keys":[3,9],"grid":[" "," "," "," "," "," "," "," "," ","!","!","!","!","!","!","!"]}},"1613":{"3344":{"keys":[3,9],"grid":[" "," "," "," "," "," "," "," "," ","!","!","!","!","!","!","!"]}},"1573":{"3344":{"keys":[3,9],"grid":[" "," "," "," "," "," "," "," "," ","!","!","!","!","!","!","!"]}},"1730":{"3398":{"keys":[3,9],"grid":[" "," "," #!! ."," #!& *","!- %","!","!","!","!","!","!","!","!","!","!","!"]}},"1595":{"3344":{"keys":[3,9],"grid":[" "," "," "," "," "," "," "," ","!","!","!","!","!","!","!","!"]}},"1594":{"3344":{"keys":[3,9],"grid":[" "," "," "," "," "," "," "," ","!","!","!","!","!","!","!","!"]}},"1597":{"3344":{"keys":[3,9],"grid":[" "," "," "," "," "," "," "," ","!","!","!","!","!","!","!","!"]}},"1596":{"3344":{"keys":[3,9],"grid":[" "," "," "," "," "," "," "," ","!","!","!","!","!","!","!","!"]}},"1591":{"3344":{"keys":[3,9],"grid":[" "," "," "," "," "," "," "," ","!","!","!","!","!","!","!","!"]}},"1590":{"3344":{"keys":[3,9],"grid":[" "," "," "," "," "," "," "," ","!","!","!","!","!","!","!","!"]}},"1593":{"3344":{"keys":[3,9],"grid":[" "," "," "," "," "," "," "," ","!","!","!","!","!","!","!","!"]}},"1592":{"3344":{"keys":[3,9],"grid":[" "," "," "," "," "," "," "," ","!","!","!","!","!","!","!","!"]}},"1599":{"3344":{"keys":[3,9],"grid":[" "," "," "," "," "," "," "," ","!","!","!","!","!","!","!","!"]}},"1598":{"3344":{"keys":[3,9],"grid":[" "," "," "," "," "," "," "," ","!","!","!","!","!","!","!","!"]}},"1623":{"3344":{"keys":[3,9],"grid":[" "," "," "," "," "," "," "," "," ","!","!","!","!","!","!","!"]}},"1622":{"3344":{"keys":[3,9],"grid":[" "," "," "," "," "," "," "," "," ","!","!","!","!","!","!","!"]}},"1621":{"3344":{"keys":[3,9],"grid":[" "," "," "," "," "," "," "," "," ","!","!","!","!","!","!","!"]}},"1620":{"3344":{"keys":[3,9],"grid":[" "," "," "," "," "," "," "," "," ","!","!","!","!","!","!","!"]}},"1627":{"3344":{"keys":[3,9],"grid":[" "," "," "," "," "," "," "," "," ","!","!","!","!","!","!","!"]}},"1643":{"3332":{"keys":[3,9],"grid":[" "," "," "," "," "," "," "," ","!","!","!","!","!","!","!","!"]}},"1625":{"3344":{"keys":[3,9],"grid":[" "," "," "," "," "," "," "," "," ","!","!","!","!","!","!","!"]}},"1624":{"3344":{"keys":[3,9],"grid":[" "," "," "," "," "," "," "," "," ","!","!","!","!","!","!","!"]}},"1773":{"3385":{"keys":[3,9],"grid":[" "," "," ","!! 0","!$ .","!$ ,!#","!% *!$","!","!","!","!","!","!","!","!","!"]}},"1629":{"3344":{"keys":[3,9],"grid":[" "," "," "," "," "," "," "," "," ","!","!","!","!","!","!","!"]}},"1628":{"3344":{"keys":[3,9],"grid":[" "," "," "," "," "," "," "," "," ","!","!","!","!","!","!","!"]}},"1568":{"3344":{"keys":[3,9],"grid":[" "," "," "," "," "," "," ","!$ .","!& ,","!","!","!","!","!","!","!"]}},"1748":{"3406":{"keys":[3,9],"grid":[" "," "," "," "," "," "," ","!# #!! ,","!# !!$ *!!","!' '!%","!( !!! #!&","!","!","!","!","!"]}},"1749":{"3405":{"keys":[3,9],"grid":[" -!%"," .!$"," /!#"," 0!!","03","03","02","02","01","00"," ,!&"," +!'","11"," *!(","13"," )!)"]},"3404":{"keys":[3,9],"grid":[" "," "," "," "," "," "," /!#","06","06","06","06"," .!$","11"," -!%","13","13"]},"3406":{"keys":[3,9],"grid":[" )!)"," *!(","01","01","01","01"," !!# #!,","!","!","!","!","!","!","!","!","!"]}},"1744":{"3405":{"keys":[3,9],"grid":[" %!) %"," $!* %"," $!) &"," $!' ("," #!& *","04"," #!& )!!","!) '!#","!+ #!%","!","!","!","!","!","!","!"]},"3404":{"keys":[3,9],"grid":[" "," "," "," "," "," "," "," "," "," "," "," "," &!# *"," &!' &"," %!( &"," %!) %"]}},"1745":{"3405":{"keys":[3,9],"grid":[" "," "," "," "," ","!$ .","05","05","!# /","08"," "," ","!! $!# +","!# !!& )","!+ '","!, &"]},"3406":{"keys":[9,3],"grid":[" ,!&","00"," -!%","02","02","02"," -!$ !"," +!% #"," ,!# $"," "," "," "," "," "," "," "]}},"1746":{"3406":{"keys":[3,9],"grid":[" "," !!# ."," !!$ -"," !!% +!!","!' *!!","!( '!$","05","!","!","!","!","!","!","!","!","!"]}},"1747":{"3406":{"keys":[3,9],"grid":[" "," "," ","!! 0","03","!# !!) &","!","!","!","!","!","!","!","!","!","!"]}},"1740":{"3403":{"keys":[9,3],"grid":[" .!$","00"," 0!!","02"," "," "," "," "," "," "," "," "," "," "," "," "]},"3402":{"keys":[3,9],"grid":[" "," "," "," ","!! 0","!$ .","!% -","06","06","06","06","06","06","!& !!$ (","!+ '","!. $"]}},"1741":{"3403":{"keys":[3,9],"grid":[" "," "," "," "," ","!! 0","05","!# /","!$ .","!' +","09","!( *","!) )","12","12","11"]},"3404":{"keys":[9,3],"grid":[" (!*"," (!% %!!"," '!& %!!"," (!$ &!!"," 0!!"," "," "," "," "," "," "," "," "," "," "," "]}},"1742":{"3405":{"keys":[9],"grid":[" "," "," "," "," "," "," "," "," "," "," "," "," "," "," "," "]},"3404":{"keys":[3,9],"grid":[" "," "," "," "," "," ","!! 0","!& ,","!% -","07","!' +","!( *","10","!' #!! (","!, &","!- !!$"]}},"1743":{"3405":{"keys":[3,9],"grid":[" "," $!$ +","!' +","02","02","!' !!# (","!- %","!0 !","!","!","!","!","!","!","!","!"]}},"1725":{"3395":{"keys":[9,3],"grid":[" %!-","00"," &!,","02"," '!! !!)"," *!(","05","05"," ,!&"," +!'","09"," ,!$ !!!"," -!# #"," "," "," "]},"3394":{"keys":[3,9],"grid":[" "," "," "," "," "," "," "," ","!! 0"," ","08","!# /","!$ .","!& ,","13","13"]}},"1569":{"3344":{"keys":[3,9],"grid":[" "," "," "," "," "," "," "," "," ","!","!","!","!","!","!","!"]}},"1722":{"3392":{"keys":[3,9],"grid":[" "," $!# ,"," #!$ ,"," #!% +","02","!! !!+ %","!- %","!","!","!","!","!","!","!","!","!"]}},"1723":{"3392":{"keys":[3,9],"grid":[" "," "," "," "," "," "," ","!! 0","!% -","!( *","09","!) )","!, &","!. $","!/ #","!0 !"]}},"1574":{"3344":{"keys":[3,9],"grid":[" "," "," "," "," "," "," "," "," ","!","!","!","!","!","!","!"]}},"1577":{"3344":{"keys":[3,9],"grid":[" "," "," "," "," "," "," "," "," ","!","!","!","!","!","!","!"]}},"1576":{"3344":{"keys":[3,9],"grid":[" "," "," "," "," "," "," "," "," ","!","!","!","!","!","!","!"]}},"1618":{"3344":{"keys":[3,9],"grid":[" "," "," "," "," "," "," "," "," ","!","!","!","!","!","!","!"]}},"1619":{"3344":{"keys":[3,9],"grid":[" "," "," "," "," "," "," "," "," ","!","!","!","!","!","!","!"]}},"1616":{"3344":{"keys":[3,9],"grid":[" "," "," "," "," "," "," "," "," ","!","!","!","!","!","!","!"]}},"1617":{"3344":{"keys":[3,9],"grid":[" "," "," "," "," "," "," "," "," ","!","!","!","!","!","!","!"]}},"1614":{"3344":{"keys":[3,9],"grid":[" "," "," "," "," "," "," "," "," ","!","!","!","!","!","!","!"]}},"1615":{"3344":{"keys":[3,9],"grid":[" "," "," "," "," "," "," "," "," ","!","!","!","!","!","!","!"]}},"1612":{"3344":{"keys":[3,9],"grid":[" "," "," "," "," "," "," "," "," ","!","!","!","!","!","!","!"]}},"1683":{"3342":{"keys":[3,9],"grid":[" "," "," "," "," "," "," "," "," "," "," "," "," "," ","!# /","!. $"]},"3343":{"keys":[9,3],"grid":[" /!#"," 0!!"," "," "," "," "," "," "," "," "," "," "," "," "," "," "]}},"1610":{"3344":{"keys":[3,9],"grid":[" "," "," "," "," "," "," "," ","!% -","!","!","!","!","!","!","!"]}},"1611":{"3344":{"keys":[3,9],"grid":[" "," "," "," "," "," "," "," "," ","!","!","!","!","!","!","!"]}},"1696":{"3355":{"keys":[3,9],"grid":[" "," "," "," "," ","!! 0","!% !!! +","!' +","07","!' !!# (","!* (","10","10","!, &","!/ #","!0 !"]},"3356":{"keys":[9,3],"grid":[" 0!!"," "," "," "," "," "," "," "," "," "," "," "," "," "," "," "]}},"1697":{"3357":{"keys":[9,3],"grid":[" ,!&","00"," +!'"," *!(","03"," *!$ #!#"," "," "," "," "," "," "," "," "," "," "]},"3356":{"keys":[3,9],"grid":[" ","!% -","01","!& ,","!& #!! )","!& !!$ (","!* (","06","!) )","!( *","06","!- %","11","!, &","13","13"]}},"1694":{"3354":{"keys":[9,3],"grid":[" .!$","00"," /!#","02"," 0!!"," "," "," "," "," "," "," "," "," "," "," "]},"3353":{"keys":[3,9],"grid":[" "," "," "," "," "," "," "," "," "," "," ","!! 0","!$ .","!* (","!+ '","!, &"]}},"1695":{"3355":{"keys":[9,3],"grid":[" -!%"," .!$"," .!! !!!"," 0!!"," "," "," "," "," "," "," "," "," "," "," "," "]},"3354":{"keys":[3,9],"grid":[" "," "," "," "," $!! -","!& ,","05","!' +","!( *","07","07","05","08","!) )","!* (","!+ '"]}},"1692":{"3351":{"keys":[9,3],"grid":[" ,!&"," .!$"," /!#"," 0!!"," "," "," "," "," "," "," "," "," "," "," "," "]},"3350":{"keys":[3,9],"grid":[" "," "," "," "," "," "," "," "," "," "," ","!! 0","11","!( *","!* (","!+ '"]}},"1693":{"3351":{"keys":[3,9],"grid":[" "," "," "," "," "," ","!! 0","06","06","06","!# /","10","!% -","!& ,","!' +","14"]},"3353":{"keys":[9,3],"grid":[" -!%"," ,!&","01","01","00"," .!$","05","05"," /!#"," 0!!"," "," "," "," "," "," "]},"3352":{"keys":[9,3],"grid":[" '!+","00"," (!*","02","02","02","02"," )!)","07","07","02","02","07","07"," ,!&","14"]}},"1759":{"3386":{"keys":[3,9],"grid":[" "," "," "," "," "," "," "," "," *!$ %","08"," )!% %"," )!& $"," )!)"," (!*","13"," '!+"]},"3387":{"keys":[3,9],"grid":[" &!,"," %!-"," $!.","02","02","01","01","01","01","01"," #!/"," !!0","11","!","!","!"]},"3388":{"keys":[9,3],"grid":[" "," ","!! 0","!# /","03","03","02"," "," "," "," "," "," "," "," "," "]}},"1758":{"3390":{"keys":[3,9],"grid":[" #!/","00","00"," !!0","03","00","03","!","!","!","!","!","!","!","!","!"]},"3388":{"keys":[3,9],"grid":[" "," "," "," "," "," "," "," /!#"," .!$","08"," -!%","10"," ,!&"," +!'"," *!("," (!*"]},"3389":{"keys":[3,9],"grid":[" (!*","00","00"," $!! #!+"," #!/","04"," !!0","06","06","04","04","04","04","04","04","04"]}},"1757":{"3391":{"keys":[3,9],"grid":[" &!# !!)"," &!,","01","01"," %!-","04","04","04","04","01"," '!+","04","04","!","!","!"]},"3390":{"keys":[3,9],"grid":[" "," "," "," "," "," *!! '"," )!& $"," (!) !"," )!)","08","08"," *!(","11","11","11","11"]}},"1561":{"3342":{"keys":[9,3],"grid":[" ,!&"," /!#"," "," "," "," "," "," "," "," "," "," "," "," "," "," "]},"3341":{"keys":[3,9],"grid":[" "," "," "," "," "," "," "," "," "," "," "," "," ","!$ .","!' +","!) )"]}},"1755":{"3399":{"keys":[9,3],"grid":[" "," "," "," "," "," "," "," "," "," ","!! 0","!# /","11","11","11","!$ ."]},"3400":{"keys":[3,9],"grid":[" $!.","00","00"," #!/","!","!","!","!","!","!","!","!","!","!","!","!"]},"3395":{"keys":[3,9],"grid":[" "," "," "," "," "," "," "," "," "," "," "," "," "," "," "," 0!!"]},"3394":{"keys":[3],"grid":[" "," "," "," "," "," "," "," "," "," "," "," "," "," "," "," "]},"3396":{"keys":[3,9],"grid":[" 0!!","00"," -!%"," ,!&","03","03","03","03"," .!$","08","03"," )!)","!! &!+","!","!","!"]}},"1754":{"3397":{"keys":[3,9],"grid":[" /!#","00","00","00","00","00"," .!$","06","06","06"," -!%","10","10","10"," +!'","14"]},"3396":{"keys":[3,9],"grid":[" "," "," "," "," "," "," "," "," "," "," "," 0!!"," /!#","12"," .!$","14"]},"3399":{"keys":[3,9],"grid":[" (!*"," &!,","01","01"," '!+"," '!! #!("," *!("," +!'"," ,!&"," "," "," "," "," "," "," "]},"3398":{"keys":[3,9],"grid":[" +!'"," ,!&","01","01","01","01","01","01"," *!("," )!)"," (!*"," '!+","11","10","10","10"]},"3401":{"keys":[9],"grid":[" "," "," "," "," "," "," "," "," "," "," "," "," "," "," "," "]},"3400":{"keys":[3,9],"grid":[" "," "," "," "," #!# -"," !!% +!!"," !!' (!#"," #!& &!%"," #!' !!("," $!."," #!/","10","!","!","!"," !!0"]}},"1753":{"3401":{"keys":[3,9],"grid":[" (!*","00","00"," '!+","!! %!,","!$ #!,","!% !!,","!","!","!","!","!","!","!","!","!"]},"3400":{"keys":[3,9],"grid":[" "," "," "," "," "," "," "," "," "," "," "," "," "," "," ,!# $"," +!& !"]}},"1752":{"3401":{"keys":[3,9],"grid":[" "," "," *!% $"," '!* !"," &!,"," %!-","05","05","05","05","05","05","05","05"," $!.","14"]},"3402":{"keys":[3,9],"grid":[" #!/","!","!","!","!","!","!","!","!","!","!","!","!","!","!","!"]}},"1698":{"3357":{"keys":[3,9],"grid":[" "," "," "," "," "," ","!! &!! *","!) )","!* (","!+ '","!+ #!$ !","!+ #!%","!","!","!","!"]}},"1699":{"3357":{"keys":[3,9],"grid":[" "," "," "," "," "," "," "," "," "," "," "," "," ","!# /","!$ .","!$ !!! !!! *"]},"3358":{"keys":[9,3],"grid":[" $!! $!( #"," (!' $","01"," )!& $"," (!& %"," (!# !!# %"," (!! #!! &"," "," "," "," "," "," "," "," "," "]}},"1790":{"3391":{"keys":[9],"grid":[" "," "," "," "," "," "," "," "," "," "," "," "," "," "," "," "]},"3390":{"keys":[9,3],"grid":[" *!(","00","00","00","00","00","00","00","00","00","00"," +!'"," ,!&","12"," -!%"," /!#"]},"3388":{"keys":[3,9],"grid":[" "," "," "," "," "," "," "," "," "," "," ","!$ .","!* (","!, &","!- %","!. $"]},"3389":{"keys":[9,3],"grid":[" .!$","00"," /!#","02","02","00","00","00"," -!%","08","08"," ,!&","11"," +!'","13"," *!("]}},"1579":{"3344":{"keys":[3,9],"grid":[" "," "," "," "," "," "," "," "," ","!","!","!","!","!","!","!"]}},"1686":{"3345":{"keys":[3,9],"grid":[" "," ","!! 0","02","!# /","04","!$ .","06","!% -","08","!& '!! %","!/ #","!0 !","!","!","!"]}},"1689":{"3348":{"keys":[3,9],"grid":[" "," "," "," "," "," "," "," "," "," "," "," "," ","!! 0","13","13"]},"3349":{"keys":[9,3],"grid":[" $!& &!$"," /!#"," 0!!"," "," "," "," "," "," "," "," "," "," "," "," "," "]}},"1688":{"3348":{"keys":[9,3],"grid":[" *!("," -!%"," /!#","02"," 0!!","04","04","04","04","04"," "," "," "," "," "," "]},"3347":{"keys":[3,9],"grid":[" "," "," "," ","!! 0","04","!# /","!$ .","!% -","08","!& ,","!' +","!( *","12","!) )","!* ("]}},"1575":{"3344":{"keys":[3,9],"grid":[" "," "," "," "," "," "," "," "," ","!","!","!","!","!","!","!"]}},"1571":{"3344":{"keys":[3,9],"grid":[" "," "," "," "," "," "," "," "," ","!","!","!","!","!","!","!"]}},"1609":{"3344":{"keys":[3,9],"grid":[" "," "," "," "," "," "," "," ","!","!","!","!","!","!","!","!"]}},"1608":{"3344":{"keys":[3,9],"grid":[" "," "," "," "," "," "," "," ","!","!","!","!","!","!","!","!"]}},"1570":{"3344":{"keys":[3,9],"grid":[" "," "," "," "," "," "," "," "," ","!","!","!","!","!","!","!"]}},"1775":{"3384":{"keys":[3,9],"grid":[" "," "," "," "," "," "," "," "," "," "," (!! )"," &!' &"," &!( %","12"," '!' %","!! %!( %"]},"3385":{"keys":[9,3],"grid":[" !!% (!%"," #!$ )!$"," /!#"," "," "," "," "," "," "," "," "," "," "," "," "," "]}},"1601":{"3344":{"keys":[3,9],"grid":[" "," "," "," "," "," "," "," ","!","!","!","!","!","!","!","!"]}},"1600":{"3344":{"keys":[3,9],"grid":[" "," "," "," "," "," "," "," ","!","!","!","!","!","!","!","!"]}},"1603":{"3344":{"keys":[3,9],"grid":[" "," "," "," "," "," "," "," ","!","!","!","!","!","!","!","!"]}},"1602":{"3344":{"keys":[3,9],"grid":[" "," "," "," "," "," "," "," ","!","!","!","!","!","!","!","!"]}},"1605":{"3344":{"keys":[3,9],"grid":[" "," "," "," "," "," "," "," ","!","!","!","!","!","!","!","!"]}},"1563":{"3342":{"keys":[3,9],"grid":[" "," "," "," "," "," "," "," "," ","!$ .","!' +","!) )","!, &","!/ #","!","!"]}},"1607":{"3344":{"keys":[3,9],"grid":[" "," "," "," "," "," "," "," ","!","!","!","!","!","!","!","!"]}},"1606":{"3344":{"keys":[3,9],"grid":[" "," "," "," "," "," "," "," ","!","!","!","!","!","!","!","!"]}},"1681":{"3342":{"keys":[3,9],"grid":[" "," ","!( *","!) )","!* (","!+ '","!, &","!- %","!. $","!/ #","!0 !","!","!","!","!","!"]}},"1680":{"3342":{"keys":[9,3],"grid":[" .!$"," /!#"," "," "," "," "," "," "," "," "," "," "," "," "," "," "]},"3341":{"keys":[3,9],"grid":[" "," "," "," "," "," ","!! 0","!# /","07","!$ .","!% -","!& ,","!' +","!( *","!* (","!, &"]}},"1768":{"3383":{"keys":[9,3],"grid":[" #!/"," $!."," %!-"," (!*"," (!' !!#"," )!% $!!"," )!# '"," 0!!","07","07","07"," "," "," "," "," "]}},"1769":{"3384":{"keys":[9],"grid":[" "," "," "," "," "," "," "," "," "," "," "," "," "," "," "," "]},"3383":{"keys":[3,9],"grid":[" "," "," "," "," "," "," %!# +","06"," $!$ +","08","08","!' +","11","!, &","!- %","!. $"]}},"1685":{"3343":{"keys":[3,9],"grid":[" "," "," "," "," "," "," "," "," "," "," "," "," ","!! 0","13","!# /"]},"3344":{"keys":[9,3],"grid":[" #!/","00","00","00","00","00","00","00"," $!.","08","08"," %!-","11","11"," &!,"," '!+"]},"3345":{"keys":[9,3],"grid":[" '!+"," )!% %"," "," "," "," "," "," "," "," "," "," "," "," "," "," "]}},"1684":{"3343":{"keys":[3,9],"grid":[" "," ","!! 0","!# /","!$ .","!% -","!& ,","!' +","!( *","!) )","!* (","!","!","!","!","!"]}},"1687":{"3346":{"keys":[9,3],"grid":[" #!/"," $!."," %!-","02"," &!,","04"," '!+","06"," (!*"," )!)","09"," *!("," +!'","12"," ,!&"," -!%"]},"3347":{"keys":[9,3],"grid":[" .!$"," /!#"," 0!!"," "," "," "," "," "," "," "," "," "," "," "," "," "]},"3345":{"keys":[3,9],"grid":[" "," "," "," "," "," "," "," "," "," "," "," "," "," "," ","!! 0"]}},"1564":{"3342":{"keys":[3,9],"grid":[" "," "," "," "," "," "," "," "," "," "," "," "," "," "," ","!$ ."]},"3343":{"keys":[9,3],"grid":[" '!+"," )!)"," ,!&"," /!#"," "," "," "," "," "," "," "," "," "," "," "," "]}},"1762":{"3386":{"keys":[9,3],"grid":[" $!.","00"," %!, !"," &!) $"," &!( %"," &!' &"," &!& '"," '!$ ("," "," "," "," "," "," "," "," "]},"3385":{"keys":[3,9],"grid":[" "," "," "," "," "," "," "," "," "," "," "," "," ","!! 0","!# /","!$ ."]}},"1763":{"3386":{"keys":[3,9],"grid":[" $!."," !!0","!","!","!","!","!","!","!","!","!","!","!","!","!","!"]},"3385":{"keys":[3,9],"grid":[" "," "," "," "," "," "," "," -!$ !"," #!& $!'"," #!/"," $!- !"," %!-"," &!,","12","11","11"]}},"1760":{"3386":{"keys":[3,9],"grid":[" "," "," "," "," "," "," "," 0!!"," /!#","08"," .!$"," -!%","!# )!'","!","!","!"]}},"1761":{"3386":{"keys":[3,9],"grid":[" /!#","00","00","00"," ,!&"," &!! %!'"," #!/","!","!","!","!","!","!","!","!","!"]},"3385":{"keys":[3,9],"grid":[" "," "," "," "," "," "," "," "," "," "," "," "," "," 0!!"," /!#","14"]}},"1766":{"3386":{"keys":[9,3],"grid":[" !!! /"," "," "," "," "," "," "," "," "," "," "," "," "," "," "," "]},"3384":{"keys":[3,9],"grid":[" ,!&","00","00","00"," +!'","04","04"," *!("," )!)","08","08"," (!*","11","11","11"," '!+"]},"3385":{"keys":[3,9],"grid":[" '!+"," &!,","01","00","00","01"," %!-"," #!/"," !!0","08","07","07"," $!.","12","07","07"]},"3383":{"keys":[3,9],"grid":[" "," "," "," "," "," "," "," 0!!","07","07","07"," /!#"," ,!&","12"," +!'","14"]}},"1767":{"3382":{"keys":[3],"grid":[" "," "," "," "," "," "," "," "," "," "," "," "," "," "," "," "]},"3383":{"keys":[3,9],"grid":[" +!$ #!!"," *!(","01","01"," #!% $!(","04","!' $!(","!","!","!","!","!","!","!","!","!"]}},"1764":{"3385":{"keys":[3,9],"grid":[" "," "," "," "," "," "," "," "," %!# +"," %!$ *"," $!% *","!) #!% #","!","!","!","!"]}},"1765":{"3385":{"keys":[3,9],"grid":[" "," "," "," "," "," "," "," "," "," "," ","!# /","!% -","!& ,","!* %!$","!* $!%"]}}}}