{"9":{"300":{"223":{"keys":[151,1,138],"grid":[" "," "," "," "," "," "," "," "," ,!# $"," +!% #"," *!###!! #"," *!!##!# #"," )!###!! $"," )!!##!# $","!*##!&","#"]}},"301":{"223":{"keys":[151,1,138],"grid":[" "," "," "," "," "," "," "," "," "," "," "," "," "," ","!","#"]}},"302":{"223":{"keys":[151,1,138],"grid":[" "," "," "," "," "," "," "," "," "," "," "," "," "," ","!","#"]}},"303":{"223":{"keys":[151,1,138,""],"grid":[" "," "," "," "," "," "," "," "," "," "," "," "," "," ","!% -","#&$$ )"]}},"298":{"223":{"keys":[151,1,138],"grid":[" "," "," "," "," "," "," "," "," "," "," "," "," "," ","!","#"]}},"299":{"223":{"keys":[151,1,138],"grid":[" "," "," "," "," "," "," "," "," "," "," "," "," "," ","!","#"]}},"296":{"223":{"keys":[151,1,138],"grid":[" "," "," "," "," "," "," "," "," "," "," "," "," "," ","!","#"]}},"297":{"223":{"keys":[151,1,138],"grid":[" "," "," "," "," "," "," "," "," "," "," "," "," "," ","!","#"]}},"294":{"223":{"keys":[151,1,138],"grid":[" "," "," "," "," "," "," "," "," "," "," "," "," "," ","!","#"]}},"295":{"223":{"keys":[151,1,138],"grid":[" "," "," "," "," "," "," "," "," "," "," "," "," "," ","!","#"]}},"292":{"208":{"keys":["",151,1],"grid":[" %!-","00","00","#!!0","03","!","!","!","!","!","!","!","!","!","!","!"]},"223":{"keys":[151,1,138],"grid":[" "," "," "," "," "," "," "," "," "," "," "," "," "," ","!","#"]}},"293":{"223":{"keys":[151,1,138],"grid":[" "," "," "," "," "," "," "," "," "," "," "," "," "," ","!","#"]}},"291":{"216":{"keys":[102,1,151],"grid":[" )!!#(","00","00","00","00","00","00","00","00","00","00","00","00","00","00","00"]},"217":{"keys":[102,1,151],"grid":[" )!!#(","00","00","00","00","00","00","00","00","00","00","00","00","00","00","00"]},"214":{"keys":[102,1,151],"grid":[" )!!#(","00","00","00","00","00","00","00","00","00","00","00","00","00","00","00"]},"215":{"keys":[102,1,151],"grid":[" )!!#(","00","00","00","00","00","00","00","00","00","00","00","00","00","00","00"]},"212":{"keys":[102,1,151],"grid":[" '!!#*","00"," '!##)"," (!!#)","03"," (!##("," )!!#(","06","06","06","06","06","06","06","06","06"]},"213":{"keys":[102,1,151],"grid":[" )!!#(","00","00","00","00","00","00","00","00","00","00","00","00","00","00","00"]},"210":{"keys":[102,1,151],"grid":[" )!##'"," )!!#(","01"," (!##("," (!!#)","04"," '!##)"," '!!#*"," &!##*"," %!##+"," $!##,"," $!!#-","11"," #!##-"," #!!#.","14"]},"211":{"keys":[102,1,151],"grid":[" #!!#."," #!##-"," $!!#-"," $!##,"," %!!#,","04"," %!##+"," &!!#+","06","04","06","07"," &!##*"," '!!#*","13","13"]},"209":{"keys":[102,1,151],"grid":[" &!!#+"," &!##*"," '!!#*","02","01","01","02","02","02"," '!##)"," (!!#)"," (!##("," )!!#(","12"," )!##'"," *!!#'"]},"208":{"keys":[102,1,151],"grid":[" "," "," "," "," 0!!"," .!$"," -!###"," ,!##$"," +!##%"," +!!#&","09"," )!$#&"," (!##("," (!!#)"," '!##)"," &!##*"]},"218":{"keys":[102,1,151],"grid":[" )!!#(","00","00","00","00","00","00","00","00","00","00","00","00","00","00","00"]},"219":{"keys":[102,1,151],"grid":[" )!!#(","00","00","00","00","00","00","00","00","00","00","00","00","00","00","00"]},"223":{"keys":[102,1,151,138],"grid":[" )!!#(","00","00","00","00","00","00","00","00","00","00","00","00","00"," )!)"," )!!$("]},"222":{"keys":[102,1,151],"grid":[" )!!#(","00","00","00","00","00","00","00","00","00","00","00","00","00","00","00"]},"221":{"keys":[102,1,151],"grid":[" )!!#(","00","00","00","00","00","00","00","00","00","00","00","00","00","00","00"]},"220":{"keys":[102,1,151],"grid":[" )!!#(","00","00","00","00","00","00","00","00","00","00","00","00","00","00","00"]}}},"13":{"4789":{"3582":{"keys":[151,138],"grid":[" "," "," "," "," "," "," "," "," "," !!( !!(","!","!","!","!","!","!"]}},"4788":{"3582":{"keys":[151,138],"grid":[" "," "," "," "," "," "," "," "," ","!% !!& '","!","!","!","!","!","!"]}},"4787":{"3582":{"keys":[151,138],"grid":[" "," "," "," "," "," "," "," "," ","!' %!$ $","!","!","!","!","!","!"]}},"4786":{"3582":{"keys":[151,138],"grid":[" "," "," "," "," "," "," "," "," ","!% !!+ !","!","!","!","!","!","!"]}},"4785":{"3582":{"keys":[151,138],"grid":[" "," "," "," "," "," "," "," "," "," !!0","!","!","!","!","!","!"]}},"4784":{"3582":{"keys":[151,138],"grid":[" "," "," "," "," "," "," "," "," "," (!*","!","!","!","!","!","!"]}},"4783":{"3582":{"keys":[151,138],"grid":[" "," "," "," "," "," "," "," "," ","!! &!! *","!","!","!","!","!","!"]}},"4782":{"3582":{"keys":[151,138],"grid":[" "," "," "," "," "," "," "," "," ","!# $!% %!$","!","!","!","!","!","!"]}},"4781":{"3582":{"keys":[151,138],"grid":[" "," "," "," "," "," "," "," "," "," &!$ )","!","!","!","!","!","!"]}},"4780":{"3582":{"keys":[151,138],"grid":[" "," "," "," "," "," "," "," "," "," 0!!","!","!","!","!","!","!"]}},"4707":{"3582":{"keys":[151,138],"grid":[" "," "," "," "," "," "," "," "," "," "," ","!","!","!","!","!"]}},"4706":{"3582":{"keys":[151,138],"grid":[" "," "," "," "," "," "," "," "," "," "," ","!","!","!","!","!"]}},"4705":{"3582":{"keys":[151,138],"grid":[" "," "," "," "," "," "," "," "," "," "," ","!","!","!","!","!"]}},"4704":{"3582":{"keys":[151,138],"grid":[" "," "," "," "," "," "," "," "," "," "," ","!","!","!","!","!"]}},"4703":{"3582":{"keys":[151,138],"grid":[" "," "," "," "," "," "," "," "," "," "," ","!","!","!","!","!"]}},"4702":{"3582":{"keys":[151,138],"grid":[" "," "," "," "," "," "," "," "," "," "," ","!","!","!","!","!"]}},"4679":{"3582":{"keys":[151,138],"grid":[" "," "," "," "," "," "," "," "," "," ","!","!","!","!","!","!"]}},"4700":{"3582":{"keys":[151,138],"grid":[" "," "," "," "," "," "," "," "," "," ","!","!","!","!","!","!"]}},"4677":{"3582":{"keys":[151,138],"grid":[" "," "," "," "," "," "," "," "," "," ","!# !!.","!","!","!","!","!"]}},"4676":{"3582":{"keys":[151,138],"grid":[" "," "," "," "," "," "," "," "," "," ","!* $!%","!","!","!","!","!"]}},"4675":{"3582":{"keys":[151,138],"grid":[" "," "," "," "," "," "," "," "," "," ","!","!","!","!","!","!"]}},"4674":{"3582":{"keys":[151,138],"grid":[" "," "," "," "," "," "," "," "," "," ","!","!","!","!","!","!"]}},"4673":{"3582":{"keys":[151,138],"grid":[" "," "," "," "," "," "," "," "," "," ","!","!","!","!","!","!"]}},"4672":{"3332":{"keys":[102,151],"grid":[" %!-"," #!/"," !!0","!","!","!","!","!","!","!","!","!","!","!","!","!"]},"3331":{"keys":[102,"",151],"grid":[" %!-","00","00","00","00","00","00","00"," )!)","08","08","08"," (!!#)"," '#+","13"," &#,"]},"3582":{"keys":[151,138],"grid":[" "," "," "," "," "," "," "," "," "," ","!","!","!","!","!","!"]}},"4671":{"3333":{"keys":[102,151],"grid":[" !!0","!","!","!","!","!","!","!","!","!","!","!","!","!","!","!"]},"3332":{"keys":[102,151],"grid":[" "," "," "," "," 0!!"," /!#"," .!$"," ,!&"," +!'"," *!("," )!)"," (!*"," '!+"," %!-"," $!."," #!/"]},"3582":{"keys":[151,138],"grid":[" "," "," "," "," "," "," "," "," "," %!$ *","!","!","!","!","!","!"]}},"4670":{"3333":{"keys":[102,151],"grid":[" "," "," 0!!"," .!$"," -!%"," ,!&"," +!'"," *!("," )!)"," '!+"," &!,"," %!-"," $!."," #!/"," !!0","!"]},"3582":{"keys":[151,138],"grid":[" "," "," "," "," "," "," "," "," ","!' !!*","!","!","!","!","!","!"]}},"4686":{"3582":{"keys":[151,138],"grid":[" "," "," "," "," "," "," "," "," ","!","!","!","!","!","!","!"]}},"4687":{"3582":{"keys":[151,138],"grid":[" "," "," "," "," "," "," "," "," ","!","!","!","!","!","!","!"]}},"4732":{"3582":{"keys":[151,138],"grid":[" "," "," "," "," "," "," "," "," "," ","!","!","!","!","!","!"]}},"4733":{"3582":{"keys":[151,138],"grid":[" "," "," "," "," "," "," "," "," "," ","!","!","!","!","!","!"]}},"4730":{"3582":{"keys":[151,138],"grid":[" "," "," "," "," "," "," "," "," "," ","!# !!.","!","!","!","!","!"]}},"4731":{"3582":{"keys":[151,138],"grid":[" "," "," "," "," "," "," "," "," "," ","!# !!% %!$ !!!","!","!","!","!","!"]}},"4736":{"3582":{"keys":[151,138],"grid":[" "," "," "," "," "," "," "," "," ","!","!","!","!","!","!","!"]}},"4737":{"3582":{"keys":[151,138],"grid":[" "," "," "," "," "," "," "," "," *!$ #!#","!","!","!","!","!","!","!"]}},"4734":{"3582":{"keys":[151,138],"grid":[" "," "," "," "," "," "," "," "," "," )!% !!$","!","!","!","!","!","!"]}},"4735":{"3582":{"keys":[151,138],"grid":[" "," "," "," "," "," "," "," "," ","!","!","!","!","!","!","!"]}},"4738":{"3582":{"keys":[151,138],"grid":[" "," "," "," "," "," "," "," "," #!$ #!& #!#","!","!","!","!","!","!","!"]}},"4739":{"3582":{"keys":[151,138],"grid":[" "," "," "," "," "," "," "," ","!& #!& $!!","!","!","!","!","!","!","!"]}},"4678":{"3582":{"keys":[151,138],"grid":[" "," "," "," "," "," "," "," "," "," ","!","!","!","!","!","!"]}},"4717":{"3582":{"keys":[151,138],"grid":[" "," "," "," "," "," "," "," "," "," "," ","!","!","!","!","!"]}},"4688":{"3582":{"keys":[151,138],"grid":[" "," "," "," "," "," "," "," "," ","!0 !","!","!","!","!","!","!"]}},"4689":{"3582":{"keys":[151,138],"grid":[" "," "," "," "," "," "," "," "," "," ","!","!","!","!","!","!"]}},"4659":{"3379":{"keys":[102,151],"grid":[" ,!&","00"," -!%","02","02","02"," .!$","06","06"," /!#","09","09"," 0!!","12"," "," "]},"3378":{"keys":[102,151],"grid":[" %!-"," &!,","01"," '!+","03","03"," (!*","06"," )!)","08"," *!(","10","10"," +!'","13","13"]},"3377":{"keys":[151,102],"grid":[" "," "," "," "," ","!! 0","05","05","05","!# /","09","09","!$ .","12","12","!% -"]},"3373":{"keys":[102,151],"grid":[" #!/","00"," !!0","!","!","!","!","!","!","!","!","!","!","!","!","!"]},"3372":{"keys":[102,151],"grid":[" +!'"," *!(","01","01"," )!)","04","04"," (!*","07"," '!+","09"," &!,","11"," %!-","13"," $!."]},"3371":{"keys":[102,151],"grid":[" /!#","00","00"," .!$","03","03"," -!%","06","06","06","06","06"," ,!&","12","12"," +!'"]},"3370":{"keys":[102,151],"grid":[" "," "," "," "," "," "," "," "," "," "," "," "," "," "," "," 0!!"]}},"4658":{"3377":{"keys":[102,151],"grid":[" 0!!","00","00"," "," "," "," "," "," "," "," "," "," "," "," "," "]},"3376":{"keys":[102,151],"grid":[" %!-"," &!,","01","01"," '!+"," (!*"," )!)","06"," *!("," +!'","09"," ,!&"," -!%"," .!$"," /!#","14"]},"3375":{"keys":[102,151],"grid":[" %!-","00","00","00","00","00"," $!.","06","06","06","06","06","06","06","00","00"]},"3374":{"keys":[102,151],"grid":[" )!)","00","00","00"," (!*","04","04","04"," '!+","08","08"," &!,","11","11","11"," %!-"]},"3373":{"keys":[102,151],"grid":[" "," "," "," "," 0!!","04"," /!#"," .!$"," -!%"," ,!&","09"," +!'","11","11"," *!(","14"]}},"4800":{"3582":{"keys":[151,138],"grid":[" "," "," "," "," "," "," "," "," "," ","!","!","!","!","!","!"]}},"4801":{"3582":{"keys":[151,138],"grid":[" "," "," "," "," "," "," "," "," "," ","!","!","!","!","!","!"]}},"4802":{"3582":{"keys":[151,138],"grid":[" "," "," "," "," "," "," "," "," "," ","!","!","!","!","!","!"]}},"4803":{"3582":{"keys":[151,138],"grid":[" "," "," "," "," "," "," "," "," "," ","!","!","!","!","!","!"]}},"4729":{"3582":{"keys":[151,138],"grid":[" "," "," "," "," "," "," "," "," "," ","!' !!% %!!","!","!","!","!","!"]}},"4805":{"3582":{"keys":[151,138],"grid":[" "," "," "," "," "," "," "," "," "," ","!","!","!","!","!","!"]}},"4806":{"3582":{"keys":[151,138],"grid":[" "," "," "," "," "," "," "," "," "," ","!","!","!","!","!","!"]}},"4807":{"3582":{"keys":[151,138],"grid":[" "," "," 0!!","02"," /!#","04"," .!$","06"," -!%","08","!","!","!","!","!","!"]}},"4725":{"3582":{"keys":[151,138],"grid":[" "," "," "," "," "," "," "," "," "," ","!","!","!","!","!","!"]}},"4724":{"3582":{"keys":[151,138],"grid":[" "," "," "," "," "," "," "," "," "," ","!","!","!","!","!","!"]}},"4727":{"3582":{"keys":[151,138],"grid":[" "," "," "," "," "," "," "," "," "," ","!0 !","!","!","!","!","!"]}},"4726":{"3582":{"keys":[151,138],"grid":[" "," "," "," "," "," "," "," "," "," ","!","!","!","!","!","!"]}},"4721":{"3582":{"keys":[151,138],"grid":[" "," "," "," "," "," "," "," "," "," "," ","!","!","!","!","!"]}},"4720":{"3582":{"keys":[151,138],"grid":[" "," "," "," "," "," "," "," "," "," "," ","!","!","!","!","!"]}},"4723":{"3582":{"keys":[151,138],"grid":[" "," "," "," "," "," "," "," "," "," "," $!# $!)","!","!","!","!","!"]}},"4722":{"3582":{"keys":[151,138],"grid":[" "," "," "," "," "," "," "," "," "," "," (!# (","!","!","!","!","!"]}},"4711":{"3582":{"keys":[151,138],"grid":[" "," "," "," "," "," "," "," "," "," ","!","!","!","!","!","!"]}},"4758":{"3582":{"keys":[151,138],"grid":[" "," "," "," "," "," "," "," "," "," "," ","!","!","!","!","!"]}},"4759":{"3582":{"keys":[151,138],"grid":[" "," "," "," "," "," "," "," "," "," "," ","!","!","!","!","!"]}},"4811":{"3581":{"keys":[138],"grid":[" "," "," "," "," "," "," "," "," "," "," "," "," "," "," "," "]},"3577":{"keys":[138],"grid":[" "," "," "," "," "," "," "," "," "," "," "," "," "," "," "," "]},"3576":{"keys":[151,138],"grid":[" "," "," "," "," "," "," "," "," "," "," "," "," "," "," (!' $"," $!."]},"3582":{"keys":[138,151],"grid":[" "," 0!!","01","01"," /!#","04","04"," .!$","07"," -!%"," "," "," "," "," "," "]}},"4810":{"3577":{"keys":[151,138],"grid":[" "," .!$"," -!%"," +!'"," *!("," (!*"," '!+"," &!,"," %!-","08"," $!.","10"," #!/","12"," !!0","14"]},"3578":{"keys":[138],"grid":[" "," "," "," "," "," "," "," "," "," "," "," "," "," "," "," "]}},"4817":{"3582":{"keys":[151,138],"grid":[" "," "," "," "," "," "," "," "," "," ","!","!","!","!","!","!"]}},"4701":{"3582":{"keys":[151,138],"grid":[" "," "," "," "," "," "," "," "," "," ","!+ '","!","!","!","!","!"]}},"4815":{"3582":{"keys":[151,138],"grid":[" "," "," "," "," "," "," "," "," "," ","!","!","!","!","!","!"]}},"4814":{"3582":{"keys":[151,138],"grid":[" "," "," "," "," "," "," "," "," "," ","!","!","!","!","!","!"]}},"4750":{"3582":{"keys":[151,138],"grid":[" "," "," "," "," "," "," "," "," ","! !!!  !!! !!!! ","!","!","!","!","!","!"]}},"4751":{"3582":{"keys":[151,138],"grid":[" "," "," "," "," "," "," "," "," "," ","!","!","!","!","!","!"]}},"4752":{"3582":{"keys":[151,138],"grid":[" "," "," "," "," "," "," "," "," "," ","!","!","!","!","!","!"]}},"4818":{"3582":{"keys":[151,138],"grid":[" "," "," "," "," "," "," "," "," "," (!& %","!","!","!","!","!","!"]}},"4754":{"3582":{"keys":[151,138],"grid":[" "," "," "," "," "," "," "," "," "," ","!","!","!","!","!","!"]}},"4755":{"3582":{"keys":[151,138],"grid":[" "," "," "," "," "," "," "," "," "," "," $!# ,","!","!","!","!","!"]}},"4756":{"3582":{"keys":[151,138],"grid":[" "," "," "," "," "," "," "," "," "," "," ","!","!","!","!","!"]}},"4757":{"3582":{"keys":[151,138],"grid":[" "," "," "," "," "," "," "," "," "," "," ","!","!","!","!","!"]}},"4743":{"3582":{"keys":[151,138],"grid":[" "," "," "," "," "," "," "," "," ","!! 0","!","!","!","!","!","!"]}},"4742":{"3582":{"keys":[151,138],"grid":[" "," "," "," "," "," "," "," "," ","!- #!#","!","!","!","!","!","!"]}},"4741":{"3582":{"keys":[151,138],"grid":[" "," "," "," "," "," "," "," "," ","!","!","!","!","!","!","!"]}},"4740":{"3582":{"keys":[151,138],"grid":[" "," "," "," "," "," "," "," ","!! 0","!","!","!","!","!","!","!"]}},"4747":{"3582":{"keys":[151,138],"grid":[" "," "," "," "," "," "," "," "," "," +!'","!","!","!","!","!","!"]}},"4746":{"3582":{"keys":[151,138],"grid":[" "," "," "," "," "," "," "," "," "," ","!","!","!","!","!","!"]}},"4709":{"3582":{"keys":[151,138],"grid":[" "," "," "," "," "," "," "," "," "," "," %!$ !!)","!","!","!","!","!"]}},"4795":{"3582":{"keys":[151,138],"grid":[" "," "," "," "," "," "," "," "," "," ","!","!","!","!","!","!"]}},"4708":{"3582":{"keys":[151,138],"grid":[" "," "," "," "," "," "," "," "," "," "," ","!","!","!","!","!"]}},"4749":{"3582":{"keys":[151,138],"grid":[" "," "," "," "," "," "," "," "," ","!$ '!$ !!$","!","!","!","!","!","!"]}},"4748":{"3582":{"keys":[151,138],"grid":[" "," "," "," "," "," "," "," "," ","!) $!# $","!","!","!","!","!","!"]}},"4828":{"3582":{"keys":[151,138],"grid":[" "," "," "," "," "," "," "," ","!, !!%","!","!","!","!","!","!","!"]}},"4829":{"3582":{"keys":[151,138],"grid":[" "," "," "," "," "," "," "," ","!+ #!%","!","!","!","!","!","!","!"]}},"4826":{"3582":{"keys":[151,138],"grid":[" "," "," "," "," "," "," "," "," *!(","!","!","!","!","!","!","!"]}},"4827":{"3582":{"keys":[151,138],"grid":[" "," "," "," "," "," "," "," ","!% #!$ #!&","!","!","!","!","!","!","!"]}},"4824":{"3582":{"keys":[151,138],"grid":[" "," "," "," "," "," "," "," "," ","!","!","!","!","!","!","!"]}},"4825":{"3582":{"keys":[151,138],"grid":[" "," "," "," "," "," "," "," "," /!! !","!","!","!","!","!","!","!"]}},"4822":{"3582":{"keys":[151,138],"grid":[" "," "," "," "," "," "," "," "," ","!","!","!","!","!","!","!"]}},"4823":{"3582":{"keys":[151,138],"grid":[" "," "," "," "," "," "," "," "," ","!","!","!","!","!","!","!"]}},"4820":{"3582":{"keys":[151,138],"grid":[" "," "," "," "," "," "," "," "," ","!","!","!","!","!","!","!"]}},"4821":{"3582":{"keys":[151,138],"grid":[" "," "," "," "," "," "," "," "," ","!","!","!","!","!","!","!"]}},"4793":{"3582":{"keys":[151,138],"grid":[" "," "," "," "," "," "," "," "," "," ","!","!","!","!","!","!"]}},"4813":{"3582":{"keys":[151,138],"grid":[" "," "," "," "," "," "," "," "," "," ","!","!","!","!","!","!"]},"3579":{"keys":[151],"grid":[" "," "," "," "," "," "," "," "," "," "," "," "," "," "," "," "]},"3577":{"keys":[151],"grid":[" "," "," "," "," "," "," "," "," "," "," "," "," "," "," "," "]},"3578":{"keys":[138,151],"grid":[" !!0","00"," #!/","02","02","02"," $!.","06","06","02","02","02","02","00","00","00"]}},"4812":{"3580":{"keys":[138,151],"grid":[" ,!&"," +!'","01","01"," *!(","04","04"," )!)","07"," (!*","09","09"," '!+","12","12"," &!,"]},"3581":{"keys":[138,151],"grid":[" &!,","00"," %!-","02","02"," $!.","05","05"," #!/","08","08"," !!0","11","!","!","!"]},"3582":{"keys":[151,138],"grid":[" "," "," "," "," "," "," "," "," "," ","!","!","!","!","!","!"]},"3579":{"keys":[138,151],"grid":[" "," "," 0!!","02","02"," /!#","05","05"," .!$","08","08"," -!%","11","11"," ,!&","14"]},"3577":{"keys":[138,151],"grid":[" #!/"," %!-"," &!,"," '!+"," (!*"," )!)"," *!("," +!'"," ,!&"," -!%"," .!$"," /!#","11"," 0!!","13"," "]},"3576":{"keys":[151],"grid":[" "," "," "," "," "," "," "," "," "," "," "," "," "," "," "," "]}},"4776":{"3582":{"keys":[151,138],"grid":[" "," "," "," "," "," "," "," "," "," ","!","!","!","!","!","!"]}},"4777":{"3582":{"keys":[151,138],"grid":[" "," "," "," "," "," "," "," "," "," ","!","!","!","!","!","!"]}},"4774":{"3582":{"keys":[151,138],"grid":[" "," "," "," "," "," "," "," "," "," ","!","!","!","!","!","!"]}},"4775":{"3582":{"keys":[151,138],"grid":[" "," "," "," "," "," "," "," "," "," ","!","!","!","!","!","!"]}},"4772":{"3582":{"keys":[151,138],"grid":[" "," "," "," "," "," "," "," "," "," "," #!% #!& $","!","!","!","!","!"]}},"4773":{"3582":{"keys":[151,138],"grid":[" "," "," "," "," "," "," "," "," "," ","!","!","!","!","!","!"]}},"4770":{"3582":{"keys":[151,138],"grid":[" "," "," "," "," "," "," "," "," "," "," ","!","!","!","!","!"]}},"4771":{"3582":{"keys":[151,138],"grid":[" "," "," "," "," "," "," "," "," "," "," +!! &","!","!","!","!","!"]}},"4668":{"3582":{"keys":[151,138],"grid":[" "," "," "," "," "," "," "," "," "," ","!","!","!","!","!","!"]},"3335":{"keys":[102,151],"grid":[" ,!&"," +!'"," *!("," )!)"," (!*"," '!+"," %!-"," $!.","!","!","!","!","!","!","!","!"]},"3334":{"keys":[102,151],"grid":[" "," "," "," "," "," "," "," "," "," "," "," "," "," 0!!"," /!#"," .!$"]}},"4778":{"3582":{"keys":[151,138],"grid":[" "," "," "," "," "," "," "," "," "," ","!","!","!","!","!","!"]}},"4779":{"3582":{"keys":[151,138],"grid":[" "," "," "," "," "," "," "," "," "," ","!","!","!","!","!","!"]}},"4839":{"3582":{"keys":[151,138],"grid":[" "," "," "," "," "," "," "," "," ","!","!","!","!","!","!","!"]}},"4838":{"3582":{"keys":[151,138],"grid":[" "," "," "," "," "," "," "," "," #!! .","!","!","!","!","!","!","!"]}},"4684":{"3582":{"keys":[151,138],"grid":[" "," "," "," "," "," "," "," ","!& #!& %","!","!","!","!","!","!","!"]}},"4685":{"3582":{"keys":[151,138],"grid":[" "," "," "," "," "," "," "," "," ","!","!","!","!","!","!","!"]}},"4682":{"3582":{"keys":[151,138],"grid":[" "," "," "," "," "," "," "," "," ","!","!","!","!","!","!","!"]}},"4683":{"3582":{"keys":[151,138],"grid":[" "," "," "," "," "," "," "," "," -!# !!!","!","!","!","!","!","!","!"]}},"4680":{"3582":{"keys":[151,138],"grid":[" "," "," "," "," "," "," "," "," "," $!$ %!'","!","!","!","!","!","!"]}},"4681":{"3582":{"keys":[151,138],"grid":[" "," "," "," "," "," "," "," "," "," !!0","!","!","!","!","!","!"]}},"4831":{"3582":{"keys":[151,138],"grid":[" "," "," "," "," "," "," "," ","!","!","!","!","!","!","!","!"]}},"4830":{"3582":{"keys":[151,138],"grid":[" "," "," "," "," "," "," "," "," $!.","!","!","!","!","!","!","!"]}},"4833":{"3582":{"keys":[151,138],"grid":[" "," "," "," "," "," "," "," ","!+ !!&","!","!","!","!","!","!","!"]}},"4832":{"3582":{"keys":[151,138],"grid":[" "," "," "," "," "," "," "," ","!","!","!","!","!","!","!","!"]}},"4835":{"3582":{"keys":[151,138],"grid":[" "," "," "," "," "," "," "," ","!","!","!","!","!","!","!","!"]}},"4834":{"3582":{"keys":[151,138],"grid":[" "," "," "," "," "," "," "," ","!* #!&","!","!","!","!","!","!","!"]}},"4837":{"3582":{"keys":[151,138],"grid":[" "," "," "," "," "," "," "," "," !!% ,","!","!","!","!","!","!","!"]}},"4836":{"3582":{"keys":[151,138],"grid":[" "," "," "," "," "," "," "," "," !!& !!( #","!","!","!","!","!","!","!"]}},"4819":{"3582":{"keys":[151,138],"grid":[" "," "," "," "," "," "," "," "," "," !!$ &!% !!#","!","!","!","!","!","!"]}},"4753":{"3582":{"keys":[151,138],"grid":[" "," "," "," "," "," "," "," "," "," ","!- !!$","!","!","!","!","!"]}},"4718":{"3582":{"keys":[151,138],"grid":[" "," "," "," "," "," "," "," "," "," "," ","!& %!! '","!","!","!","!"]}},"4719":{"3582":{"keys":[151,138],"grid":[" "," "," "," "," "," "," "," "," "," "," "," ","!","!","!","!"]}},"4761":{"3582":{"keys":[151,138],"grid":[" "," "," "," "," "," "," "," "," "," "," ","!","!","!","!","!"]}},"4760":{"3582":{"keys":[151,138],"grid":[" "," "," "," "," "," "," "," "," "," "," ","!","!","!","!","!"]}},"4763":{"3582":{"keys":[151,138],"grid":[" "," "," "," "," "," "," "," "," "," "," ","!","!","!","!","!"]}},"4762":{"3582":{"keys":[151,138],"grid":[" "," "," "," "," "," "," "," "," "," "," ","!","!","!","!","!"]}},"4765":{"3582":{"keys":[151,138],"grid":[" "," "," "," "," "," "," "," "," "," "," ","!","!","!","!","!"]}},"4764":{"3582":{"keys":[151,138],"grid":[" "," "," "," "," "," "," "," "," "," "," ","!","!","!","!","!"]}},"4767":{"3582":{"keys":[151,138],"grid":[" "," "," "," "," "," "," "," "," "," "," ","!","!","!","!","!"]}},"4766":{"3582":{"keys":[151,138],"grid":[" "," "," "," "," "," "," "," "," "," "," ","!","!","!","!","!"]}},"4769":{"3582":{"keys":[151,138],"grid":[" "," "," "," "," "," "," "," "," "," "," .!# !","!","!","!","!","!"]}},"4768":{"3582":{"keys":[151,138],"grid":[" "," "," "," "," "," "," "," "," "," "," ","!","!","!","!","!"]}},"4691":{"3582":{"keys":[151,138],"grid":[" "," "," "," "," "," "," "," "," "," ","!","!","!","!","!","!"]}},"4690":{"3582":{"keys":[151,138],"grid":[" "," "," "," "," "," "," "," "," "," ","!","!","!","!","!","!"]}},"4693":{"3582":{"keys":[151,138],"grid":[" "," "," "," "," "," "," "," "," "," ","!- !!$","!","!","!","!","!"]}},"4745":{"3582":{"keys":[151,138],"grid":[" "," "," "," "," "," "," "," "," "," ","!","!","!","!","!","!"]}},"4695":{"3582":{"keys":[151,138],"grid":[" "," "," "," "," "," "," "," "," "," ","!","!","!","!","!","!"]}},"4694":{"3582":{"keys":[151,138],"grid":[" "," "," "," "," "," "," "," "," "," ","!","!","!","!","!","!"]}},"4697":{"3582":{"keys":[151,138],"grid":[" "," "," "," "," "," "," "," "," "," ","!","!","!","!","!","!"]}},"4696":{"3582":{"keys":[151,138],"grid":[" "," "," "," "," "," "," "," "," "," ","!","!","!","!","!","!"]}},"4699":{"3582":{"keys":[151,138],"grid":[" "," "," "," "," "," "," "," "," "," ","!","!","!","!","!","!"]}},"4698":{"3582":{"keys":[151,138],"grid":[" "," "," "," "," "," "," "," "," "," ","!","!","!","!","!","!"]}},"4848":{"3582":{"keys":[151,138],"grid":[" "," "," "," "," "," "," "," "," "," ","!","!","!","!","!","!"]}},"4849":{"3582":{"keys":[151,138],"grid":[" "," "," "," "," "," "," "," "," "," ","!","!","!","!","!","!"]}},"4844":{"3582":{"keys":[151,138],"grid":[" "," "," "," "," "," "," "," "," ","!+ '","!","!","!","!","!","!"]}},"4845":{"3582":{"keys":[151,138],"grid":[" "," "," "," "," "," "," "," "," "," ","!","!","!","!","!","!"]}},"4846":{"3582":{"keys":[151,138],"grid":[" "," "," "," "," "," "," "," "," "," ","!","!","!","!","!","!"]}},"4847":{"3582":{"keys":[151,138],"grid":[" "," "," "," "," "," "," "," "," "," ","!","!","!","!","!","!"]}},"4840":{"3582":{"keys":[151,138],"grid":[" "," "," "," "," "," "," "," "," ","!","!","!","!","!","!","!"]}},"4841":{"3582":{"keys":[151,138],"grid":[" "," "," "," "," "," "," "," "," ","!","!","!","!","!","!","!"]}},"4842":{"3582":{"keys":[151,138],"grid":[" "," "," "," "," "," "," "," "," ","!","!","!","!","!","!","!"]}},"4843":{"3582":{"keys":[151,138],"grid":[" "," "," "," "," "," "," "," "," ","!' !!*","!","!","!","!","!","!"]}},"4744":{"3582":{"keys":[151,138],"grid":[" "," "," "," "," "," "," "," "," "," ","!","!","!","!","!","!"]}},"4692":{"3582":{"keys":[151,138],"grid":[" "," "," "," "," "," "," "," "," "," ","!","!","!","!","!","!"]}},"4798":{"3582":{"keys":[151,138],"grid":[" "," "," "," "," "," "," "," "," "," ","!","!","!","!","!","!"]}},"4799":{"3582":{"keys":[151,138],"grid":[" "," "," "," "," "," "," "," "," "," ","!","!","!","!","!","!"]}},"4794":{"3582":{"keys":[151,138],"grid":[" "," "," "," "," "," "," "," "," "," ","!","!","!","!","!","!"]}},"4804":{"3582":{"keys":[151,138],"grid":[" "," "," "," "," "," "," "," "," "," ","!","!","!","!","!","!"]}},"4796":{"3582":{"keys":[151,138],"grid":[" "," "," "," "," "," "," "," "," "," ","!","!","!","!","!","!"]}},"4797":{"3582":{"keys":[151,138],"grid":[" "," "," "," "," "," "," "," "," "," ","!","!","!","!","!","!"]}},"4790":{"3582":{"keys":[151,138],"grid":[" "," "," "," "," "," "," "," "," ","!$ $!$ (","!","!","!","!","!","!"]}},"4791":{"3582":{"keys":[151,138],"grid":[" "," "," "," "," "," "," "," "," "," ","!","!","!","!","!","!"]}},"4792":{"3582":{"keys":[151,138],"grid":[" "," "," "," "," "," "," "," "," "," ","!","!","!","!","!","!"]}},"4728":{"3582":{"keys":[151,138],"grid":[" "," "," "," "," "," "," "," "," "," "," $!.","!","!","!","!","!"]}},"4714":{"3582":{"keys":[151,138],"grid":[" "," "," "," "," "," "," "," "," "," ","!","!","!","!","!","!"]}},"4715":{"3582":{"keys":[151,138],"grid":[" "," "," "," "," "," "," "," "," "," ","!+ !!&","!","!","!","!","!"]}},"4716":{"3582":{"keys":[151,138],"grid":[" "," "," "," "," "," "," "," "," "," ","!$ %!$ '","!","!","!","!","!"]}},"4816":{"3582":{"keys":[151,138],"grid":[" "," "," "," "," "," "," "," "," "," ","!","!","!","!","!","!"]}},"4710":{"3582":{"keys":[151,138],"grid":[" "," "," "," "," "," "," "," "," "," ","!","!","!","!","!","!"]}},"4669":{"3333":{"keys":[102,151],"grid":[" "," "," "," "," "," "," "," "," "," "," "," "," "," "," "," 0!!"]},"3582":{"keys":[151,138],"grid":[" "," "," "," "," "," "," "," "," "," !!# !!-","!","!","!","!","!","!"]},"3334":{"keys":[102,151],"grid":[" /!#"," .!$"," -!%"," ,!&"," *!("," )!)"," (!*"," '!+"," &!,"," %!-"," #!/"," !!0","!","!","!","!"]}},"4712":{"3582":{"keys":[151,138],"grid":[" "," "," "," "," "," "," "," "," "," ","!","!","!","!","!","!"]}},"4713":{"3582":{"keys":[151,138],"grid":[" "," "," "," "," "," "," "," "," "," )!# '","!","!","!","!","!","!"]}},"4664":{"3498":{"keys":[102,151],"grid":[" /!#","00","00","00","00","00","00"," .!$","07","07","07","07","07","07","07","07"]},"3499":{"keys":[102,151],"grid":[" .!$","00","00","00","00","00","00","00","00","00","00","00","00","00","00","00"]},"3496":{"keys":[102,151],"grid":[" /!#","00","00","00","00","00","00","00","00","00","00","00","00"," .!$","13","13"]},"3497":{"keys":[102,151],"grid":[" .!$","00","00","00","00","00","00","00","00","00","00","00","00","00","00","00"]},"3494":{"keys":[102,151],"grid":[" /!#","00","00","00","00","00","00","00","00","00","00","00"," .!$","12","12","12"]},"3495":{"keys":[102,151],"grid":[" .!$","00","00","00","00","00","00","00","00"," /!#","09","09","09","09","09","09"]},"3492":{"keys":[102,151],"grid":[" /!#","00","00","00","00","00","00","00","00","00","00","00","00","00","00","00"]},"3493":{"keys":[102,151],"grid":[" /!#"," .!$","01","01","01","01","01","00","00","00","00","00","00","00","00","00"]},"3490":{"keys":[102,151],"grid":[" /!#","00","00","00","00","00","00","00","00","00","00","00","00","00","00","00"]},"3491":{"keys":[102,151],"grid":[" /!#","00","00","00","00","00","00","00","00","00","00","00","00","00","00","00"]},"3416":{"keys":[102,151],"grid":[" /!#","00","00","00","00","00","00","00","00","00","00","00","00","00","00","00"]},"3417":{"keys":[102,151],"grid":[" /!#","00","00","00","00","00","00","00","00","00","00","00","00","00","00","00"]},"3414":{"keys":[102,151],"grid":[" /!#","00","00","00","00","00","00","00","00","00","00","00","00","00","00","00"]},"3415":{"keys":[102,151],"grid":[" /!#","00","00","00","00","00","00","00","00","00","00","00","00","00","00","00"]},"3412":{"keys":[102,151],"grid":[" /!#","00","00","00","00","00","00","00","00","00","00","00","00","00","00","00"]},"3413":{"keys":[102,151],"grid":[" /!#","00","00","00","00","00","00","00","00","00","00","00","00","00","00","00"]},"3410":{"keys":[102,151],"grid":[" /!#","00","00","00","00","00","00","00","00","00","00","00","00","00","00","00"]},"3411":{"keys":[102,151],"grid":[" /!#","00","00","00","00","00","00","00","00","00","00","00","00","00","00","00"]},"3418":{"keys":[102,151],"grid":[" /!#","00","00","00","00","00","00","00","00","00","00","00","00","00","00","00"]},"3419":{"keys":[102,151],"grid":[" /!#","00","00"," 0!!","03","03","03","03","03","03","03","03","03","03","03","03"]},"3557":{"keys":[102,151],"grid":[" 0!!","00","00"," /!#","03","03","03","03","03","03","03","03","00","00","00","00"]},"3556":{"keys":[102,151],"grid":[" 0!!","00","00","00","00","00","00","00","00","00","00","00","00","00","00","00"]},"3555":{"keys":[102,151],"grid":[" /!#","00","00","00","00","00","00","00","00","00","00","00","00","00"," 0!!","14"]},"3554":{"keys":[102,151],"grid":[" 0!!","00","00","00","00"," /!#","05","05","05","05","05","05","05","05","05","05"]},"3553":{"keys":[102,151],"grid":[" /!#","00","00","00","00","00","00","00","00","00","00","00","00"," 0!!","13","13"]},"3552":{"keys":[102,151],"grid":[" /!#","00","00","00","00","00","00","00","00","00","00","00","00","00","00","00"]},"3551":{"keys":[102,151],"grid":[" /!#","00","00","00","00","00","00","00","00","00","00","00","00","00","00","00"]},"3550":{"keys":[102,151],"grid":[" /!#","00","00","00","00","00","00","00","00","00","00","00","00","00","00","00"]},"3559":{"keys":[102,151],"grid":[" 0!!","00","00","00","00","00","00","00","00","00","00","00","00","00","00","00"]},"3558":{"keys":[102,151],"grid":[" 0!!","00"," /!#","02","02","02","02","02","00","00","00","00","00","00","00","00"]},"3489":{"keys":[102,151],"grid":[" /!#","00","00","00","00","00","00","00","00","00","00","00","00","00","00","00"]},"3488":{"keys":[102,151],"grid":[" /!#","00","00","00","00","00","00","00","00","00","00","00","00","00","00","00"]},"3428":{"keys":[102,151],"grid":[" 0!!","00","00","00","00","00","00","00","00","00","00","00","00","00","00","00"]},"3481":{"keys":[102,151],"grid":[" /!#","00","00","00","00","00","00","00","00","00","00","00","00","00","00","00"]},"3480":{"keys":[102,151],"grid":[" /!#","00","00","00","00","00","00","00","00","00","00","00","00","00","00","00"]},"3483":{"keys":[102,151],"grid":[" /!#","00","00","00","00","00","00","00","00","00","00","00","00","00","00","00"]},"3482":{"keys":[102,151],"grid":[" /!#","00","00","00","00","00","00","00","00","00","00","00","00","00","00","00"]},"3485":{"keys":[102,151],"grid":[" /!#","00","00","00","00","00","00","00","00","00","00","00","00","00","00","00"]},"3484":{"keys":[102,151],"grid":[" /!#","00","00","00","00","00","00","00","00","00","00","00","00","00","00","00"]},"3487":{"keys":[102,151],"grid":[" /!#","00","00","00","00","00","00","00","00","00","00","00","00","00","00","00"]},"3486":{"keys":[102,151],"grid":[" /!#","00","00","00","00","00","00","00","00","00","00","00","00","00","00","00"]},"3401":{"keys":[102,151],"grid":[" .!$","00","00","00","00","00","00","00","00","00","00","00","00","00","00"," /!#"]},"3400":{"keys":[102,151],"grid":[" .!$","00","00","00","00","00","00","00","00","00","00","00","00","00","00","00"]},"3403":{"keys":[102,151],"grid":[" /!#","00","00","00","00","00","00","00","00","00","00"," .!$","11","11","11","11"]},"3402":{"keys":[102,151],"grid":[" /!#","00","00","00","00","00","00","00","00","00","00","00","00","00","00","00"]},"3405":{"keys":[102,151],"grid":[" /!#","00","00","00","00","00","00","00","00","00","00","00","00","00","00","00"]},"3404":{"keys":[102,151],"grid":[" .!$","00","00","00","00","00","00","00"," /!#","08","08","08","08","08","08","08"]},"3407":{"keys":[102,151],"grid":[" /!#","00","00","00","00","00","00","00","00","00","00","00","00","00","00","00"]},"3406":{"keys":[102,151],"grid":[" /!#","00","00","00","00","00","00","00","00","00","00","00","00","00","00","00"]},"3409":{"keys":[102,151],"grid":[" /!#","00","00","00","00","00","00","00","00","00","00","00","00","00","00","00"]},"3408":{"keys":[102,151],"grid":[" /!#","00","00","00","00","00","00","00","00","00","00","00","00","00","00","00"]},"3339":{"keys":[102,151],"grid":[" "," "," "," "," "," "," "," "," "," "," "," "," "," 0!!"," .!$"," ,!&"]},"3562":{"keys":[102,151],"grid":[" 0!!","00","00","00","00","00","00","00","00"," /!#","09","09","09","09","09","09"]},"3563":{"keys":[102,151],"grid":[" 0!!","00","00","00","00","00","00","00","00","00","00","00","00","00","00","00"]},"3560":{"keys":[102,151],"grid":[" 0!!","00","00"," /!#","03","03","03","03","03","03","03","03","03","03","03","00"]},"3561":{"keys":[102,151],"grid":[" 0!!","00","00","00","00","00","00","00","00","00","00","00","00","00","00","00"]},"3566":{"keys":[102,151],"grid":[" 0!!","00","00","00","00","00","00","00","00","00","00","00","00","00","00","00"]},"3567":{"keys":[102,151],"grid":[" 0!!","00","00","00","00","00","00","00","00","00","00","00","00","00","00","00"]},"3564":{"keys":[102,151],"grid":[" 0!!","00","00","00","00","00","00","00","00","00","00","00","00","00","00","00"]},"3565":{"keys":[102,151],"grid":[" 0!!","00","00","00","00","00","00","00","00","00","00","00","00","00","00","00"]},"3568":{"keys":[102,151],"grid":[" 0!!","00","00","00","00","00","00","00","00","00","00","00","00","00","00","00"]},"3569":{"keys":[102,151],"grid":[" 0!!","00","00","00","00","00","00","00","00","00","00","00","00","00","00","00"]},"3478":{"keys":[102,151],"grid":[" /!#","00","00","00","00","00","00","00","00","00","00","00","00","00","00","00"]},"3474":{"keys":[102,151],"grid":[" /!#","00","00","00","00","00","00","00","00","00","00","00","00","00","00","00"]},"3475":{"keys":[102,151],"grid":[" /!#","00","00","00","00","00","00","00","00","00","00","00","00","00","00","00"]},"3476":{"keys":[102,151],"grid":[" /!#","00","00","00","00","00","00","00","00","00","00","00","00","00","00","00"]},"3477":{"keys":[102,151],"grid":[" /!#","00","00","00","00","00","00","00","00","00","00","00","00","00","00","00"]},"3470":{"keys":[102,151],"grid":[" /!#","00","00","00","00","00","00","00","00","00","00","00","00","00","00","00"]},"3471":{"keys":[102,151],"grid":[" /!#","00","00","00","00","00","00","00","00","00","00","00","00","00","00","00"]},"3472":{"keys":[102,151],"grid":[" /!#","00","00","00","00","00","00","00","00","00","00","00","00","00","00","00"]},"3473":{"keys":[102,151],"grid":[" /!#","00","00","00","00","00","00","00","00","00","00","00","00","00","00","00"]},"3575":{"keys":[102,151],"grid":[" 0!!","00","00","00","00","00","00","00","00","00","00","00","00","00","00","00"]},"3574":{"keys":[102,151],"grid":[" 0!!","00","00","00","00","00","00","00","00","00","00","00","00","00","00","00"]},"3577":{"keys":[102,151],"grid":[" 0!!","00","00","00","00","00","00","00","00","00","00","00","00","00","00","00"]},"3576":{"keys":[102,151],"grid":[" 0!!","00","00","00","00","00","00","00","00","00","00","00","00","00","00","00"]},"3571":{"keys":[102,151],"grid":[" 0!!","00","00","00","00","00","00","00","00","00","00","00","00","00","00","00"]},"3570":{"keys":[102,151],"grid":[" 0!!","00","00","00","00","00","00","00","00","00","00","00","00","00","00","00"]},"3573":{"keys":[102,151],"grid":[" 0!!","00","00","00","00","00","00","00","00","00","00","00","00","00","00","00"]},"3572":{"keys":[102,151],"grid":[" 0!!","00","00","00","00","00","00","00","00","00","00","00","00","00","00","00"]},"3479":{"keys":[102,151],"grid":[" /!#","00","00","00","00","00","00","00","00","00","00","00","00","00","00","00"]},"3580":{"keys":[102,151],"grid":[" 0!!","00","00","00","00","00","00","00","00","00","00","00","00","00","00","00"]},"3581":{"keys":[102,151],"grid":[" 0!!","00","00","00","00","00","00","00","00","00","00","00","00","00","00","00"]},"3582":{"keys":[102,151,138],"grid":[" 0!!","00","00","00","00","00","00","00","00","00"," 0#!","10","10","10","10"," "]},"3583":{"keys":[102],"grid":[" "," "," "," "," "," "," "," "," "," "," "," "," "," "," "," "]},"3450":{"keys":[102,151],"grid":[" /!#","00","00","00","00","00"," 0!!","06","06","06","06","06","06","06","06","06"]},"3451":{"keys":[102,151],"grid":[" 0!!","00","00","00","00","00","00","00","00","00","00","00"," /!#","12","12","12"]},"3467":{"keys":[102,151],"grid":[" /!#","00","00","00","00","00","00","00","00","00","00","00","00","00","00","00"]},"3466":{"keys":[102,151],"grid":[" /!#","00","00","00","00","00","00","00","00","00","00","00","00","00","00","00"]},"3465":{"keys":[102,151],"grid":[" /!#","00","00","00","00","00","00","00","00","00","00","00","00","00","00","00"]},"3464":{"keys":[102,151],"grid":[" /!#","00","00","00","00","00","00","00","00","00","00","00","00","00","00","00"]},"3463":{"keys":[102,151],"grid":[" /!#","00","00","00","00","00","00","00","00","00","00","00","00","00","00","00"]},"3462":{"keys":[102,151],"grid":[" /!#","00","00","00","00","00","00","00","00","00","00","00","00","00","00","00"]},"3461":{"keys":[102,151],"grid":[" /!#","00","00","00","00","00","00","00","00","00","00","00","00","00","00","00"]},"3460":{"keys":[102,151],"grid":[" /!#","00","00","00","00","00","00","00","00","00","00","00","00","00","00","00"]},"3399":{"keys":[102,151],"grid":[" +!'"," ,!&","01"," -!%","03"," .!$","05","05","05","05","05","05","05","05","05","05"]},"3398":{"keys":[102,151],"grid":[" %!-","00"," &!,","02"," '!+","04","04"," (!*","07","07"," )!)","10"," *!(","12"," +!'","14"]},"3502":{"keys":[102,151],"grid":[" .!$","00","00"," /!#","00","00","00","00","00","00","00","00","00","00","00","00"]},"3503":{"keys":[102,151],"grid":[" .!$","00","00","00","00","00","00","00","00","00","00","00","00","00","00","00"]},"3504":{"keys":[102,151],"grid":[" .!$","00","00","00","00","00","00","00","00","00","00","00","00","00","00","00"]},"3505":{"keys":[102,151],"grid":[" .!$","00","00","00","00","00","00","00","00","00","00","00","00","00","00","00"]},"3469":{"keys":[102,151],"grid":[" /!#","00","00","00","00","00","00","00","00","00","00","00","00","00","00","00"]},"3468":{"keys":[102,151],"grid":[" /!#","00","00","00","00","00","00","00","00","00","00","00","00","00","00","00"]},"3458":{"keys":[102,151],"grid":[" /!#","00","00","00","00","00","00","00","00","00","00","00","00","00","00","00"]},"3459":{"keys":[102,151],"grid":[" /!#","00","00","00","00","00","00","00","00","00","00","00","00","00","00","00"]},"3360":{"keys":[102,151],"grid":[" "," "," "," 0!!","03"," /!#","05"," .!$","07","07"," -!%","10"," ,!&","12"," +!'","14"]},"3545":{"keys":[102,151],"grid":[" /!#","00","00","00","00","00","00","00","00","00","00","00","00","00","00","00"]},"3361":{"keys":[102,151],"grid":[" +!'","00"," *!(","02","02"," )!)","05","05","05"," (!*","09","09","09","09","09","09"]},"3362":{"keys":[102,151],"grid":[" (!*"," '!+","01","00","00","00","01","00","00","00","00","01","01","01","01","01"]},"3363":{"keys":[102,151],"grid":[" '!+","00"," &!,","02"," %!-","04"," $!.","06"," #!/","08"," !!0","10","10","!","!","!"]},"3452":{"keys":[102,151],"grid":[" /!#","00","00","00","00","00","00","00","00","00","00","00","00","00"," 0!!","14"]},"3453":{"keys":[102,151],"grid":[" 0!!","00","00","00","00","00"," /!#","06","06","06","06","06","06","06","06","06"]},"3519":{"keys":[102,151],"grid":[" .!$","00","00","00","00","00","00","00","00","00","00"," /!#","11","11","11","11"]},"3518":{"keys":[102,151],"grid":[" /!#","00","00","00","00","00","00","00","00","00","00","00","00","00","00"," .!$"]},"3456":{"keys":[102,151],"grid":[" /!#","00","00","00","00","00","00","00","00","00","00","00","00","00","00","00"]},"3457":{"keys":[102,151],"grid":[" /!#","00"," 0!!","02","00","00","00","00","00","00","00","00","00","00","00","00"]},"3454":{"keys":[102,151],"grid":[" /!#","00","00","00","00","00","00","00"," 0!!","08","08","08","08","08","08","08"]},"3455":{"keys":[102,151],"grid":[" /!#","00","00","00","00","00","00","00","00","00","00","00","00","00","00","00"]},"3513":{"keys":[102,151],"grid":[" .!$","00"," /!#","00","00","00","00","00","00","00","00","00","00","00","00","00"]},"3512":{"keys":[102,151],"grid":[" .!$","00","00","00","00","00","00","00","00","00","00","00","00","00","00","00"]},"3511":{"keys":[102,151],"grid":[" .!$","00","00","00","00","00","00","00","00","00","00","00","00","00","00","00"]},"3510":{"keys":[102,151],"grid":[" .!$","00","00","00","00","00","00","00","00","00","00","00","00","00","00","00"]},"3517":{"keys":[102,151],"grid":[" .!$","00","00","00","00","00","00","00","00","00"," /!#","10","10","10","10","10"]},"3516":{"keys":[102,151],"grid":[" .!$","00","00","00","00","00","00","00","00","00","00","00","00","00","00","00"]},"3515":{"keys":[102,151],"grid":[" .!$","00","00","00","00","00","00","00","00"," /!#","09","09","09","09","09","09"]},"3514":{"keys":[102,151],"grid":[" .!$","00","00","00","00","00","00","00","00","00","00","00","00","00","00","00"]},"3508":{"keys":[102,151],"grid":[" .!$","00","00","00","00","00","00","00","00","00","00","00","00","00","00","00"]},"3509":{"keys":[102,151],"grid":[" .!$","00","00","00","00","00","00","00","00","00","00","00","00","00","00","00"]},"3429":{"keys":[102,151],"grid":[" 0!!","00","00","00","00","00","00","00","00","00","00","00","00","00","00","00"]},"3526":{"keys":[102,151],"grid":[" /!#","00","00","00","00","00","00","00","00","00","00","00","00","00","00","00"]},"3527":{"keys":[102,151],"grid":[" /!#","00","00","00","00","00","00","00","00","00","00","00","00","00","00","00"]},"3524":{"keys":[102,151],"grid":[" /!#","00","00","00","00","00","00","00","00","00","00","00","00","00","00","00"]},"3525":{"keys":[102,151],"grid":[" /!#","00","00","00","00","00","00","00","00","00","00","00","00","00","00","00"]},"3522":{"keys":[102,151],"grid":[" /!#","00","00","00","00","00","00","00","00","00","00","00","00","00","00","00"]},"3523":{"keys":[102,151],"grid":[" /!#","00","00","00","00","00","00","00","00","00","00","00","00","00","00","00"]},"3520":{"keys":[102,151],"grid":[" /!#","00","00","00","00","00","00","00","00","00","00","00","00","00","00","00"]},"3521":{"keys":[102,151],"grid":[" /!#","00","00","00","00","00","00","00","00","00","00","00","00","00","00","00"]},"3528":{"keys":[102,151],"grid":[" /!#","00","00","00","00","00","00","00","00","00","00","00","00","00","00","00"]},"3529":{"keys":[102,151],"grid":[" /!#","00","00","00","00","00","00","00","00","00","00","00","00","00","00","00"]},"3449":{"keys":[102,151],"grid":[" 0!!","00","00","00","00","00","00","00","00","00"," /!#","10","10","10","10","10"]},"3448":{"keys":[102,151],"grid":[" /!#","00","00","00"," 0!!","04","04","04","04","04","04","04","04","04","04","04"]},"3445":{"keys":[102,151],"grid":[" 0!!","00","00","00","00","00","00","00","00","00","00","00","00","00","00","00"]},"3444":{"keys":[102,151],"grid":[" 0!!","00","00","00","00","00","00","00","00","00","00","00","00","00","00","00"]},"3447":{"keys":[102,151],"grid":[" 0!!","00","00","00","00","00","00","00","00","00","00","00","00","00","00"," /!#"]},"3446":{"keys":[102,151],"grid":[" 0!!","00","00","00","00","00","00","00","00","00","00","00","00","00","00","00"]},"3441":{"keys":[102,151],"grid":[" 0!!","00","00","00","00","00","00","00","00","00","00","00","00","00","00","00"]},"3440":{"keys":[102,151],"grid":[" 0!!","00","00","00","00","00","00","00","00","00","00","00","00","00","00","00"]},"3443":{"keys":[102,151],"grid":[" 0!!","00","00","00","00","00","00","00","00","00","00","00","00","00","00","00"]},"3442":{"keys":[102,151],"grid":[" 0!!","00","00","00","00","00","00","00","00","00","00","00","00","00","00","00"]},"3500":{"keys":[102,151],"grid":[" .!$"," /!#","01","00","00","00","00","00","00","00","00","00","00","00","00","00"]},"3501":{"keys":[102,151],"grid":[" .!$","00","00","00","00","00","00","00","00","00","00","00","00","00","00","00"]},"3427":{"keys":[102,151],"grid":[" 0!!","00","00","00","00","00","00","00","00","00","00","00","00","00","00","00"]},"3426":{"keys":[102,151],"grid":[" 0!!","00","00","00","00","00","00","00","00","00","00","00","00","00","00","00"]},"3531":{"keys":[102,151],"grid":[" /!#","00","00","00","00","00","00","00","00","00","00","00","00","00","00","00"]},"3530":{"keys":[102,151],"grid":[" /!#","00","00","00","00","00","00","00","00","00","00","00","00","00","00","00"]},"3533":{"keys":[102,151],"grid":[" /!#","00","00","00","00","00","00","00","00","00","00","00","00","00","00","00"]},"3532":{"keys":[102,151],"grid":[" /!#","00","00","00","00","00","00","00","00","00","00","00","00","00","00","00"]},"3535":{"keys":[102,151],"grid":[" /!#","00","00","00","00","00","00","00","00","00","00","00","00","00","00","00"]},"3534":{"keys":[102,151],"grid":[" /!#","00","00","00","00","00","00","00","00","00","00","00","00","00","00","00"]},"3537":{"keys":[102,151],"grid":[" /!#","00","00","00","00","00","00","00","00","00","00","00","00","00","00","00"]},"3536":{"keys":[102,151],"grid":[" /!#","00","00","00","00","00","00","00","00","00","00","00","00","00","00","00"]},"3539":{"keys":[102,151],"grid":[" /!#","00","00","00","00","00","00","00","00","00","00","00","00","00","00","00"]},"3538":{"keys":[102,151],"grid":[" /!#","00","00","00","00","00","00","00","00","00","00","00","00","00","00","00"]},"3507":{"keys":[102,151],"grid":[" .!$","00","00","00","00","00","00","00","00","00","00","00","00","00","00","00"]},"3438":{"keys":[102,151],"grid":[" 0!!","00","00","00","00","00","00","00","00","00","00","00","00","00","00","00"]},"3439":{"keys":[102,151],"grid":[" 0!!","00","00","00","00","00","00","00","00","00","00","00","00","00","00","00"]},"3430":{"keys":[102,151],"grid":[" 0!!","00","00","00","00","00","00","00","00","00","00","00","00","00","00","00"]},"3431":{"keys":[102,151],"grid":[" 0!!","00","00","00","00","00","00","00","00","00","00","00","00","00","00","00"]},"3340":{"keys":[102,151],"grid":[" *!("," (!*"," '!+"," &!,","03"," %!-"," $!."," #!/"," !!0","!","!","!","!","!","!","!"]},"3433":{"keys":[102,151],"grid":[" 0!!","00","00","00","00","00","00","00","00","00","00","00","00","00","00","00"]},"3434":{"keys":[102,151],"grid":[" 0!!","00","00","00","00","00","00","00","00","00","00","00","00","00","00","00"]},"3435":{"keys":[102,151],"grid":[" 0!!","00","00","00","00","00","00","00","00","00","00","00","00","00","00","00"]},"3436":{"keys":[102,151],"grid":[" 0!!","00","00","00","00","00","00","00","00","00","00","00","00","00","00","00"]},"3437":{"keys":[102,151],"grid":[" 0!!","00","00","00","00","00","00","00","00","00","00","00","00","00","00","00"]},"3355":{"keys":[151,102],"grid":[" "," "," "," "," "," "," "," "," "," "," "," "," "," ","!! 0","14"]},"3397":{"keys":[151,102],"grid":[" "," "," "," "," "," "," "," ","!! 0","08","08","!# /","11","!$ .","13","!% -"]},"3357":{"keys":[102,151],"grid":[" )!)","00"," *!(","02"," +!'","04"," ,!&","06"," -!%","08","08"," .!$","11"," /!#","13"," 0!!"]},"3356":{"keys":[102,151],"grid":[" !!0"," #!/","01"," $!.","03","03","03"," %!-","07"," &!,","09","09"," '!+","12"," (!*","14"]},"3579":{"keys":[102,151],"grid":[" 0!!","00","00","00","00","00","00","00","00","00","00","00","00","00","00","00"]},"3358":{"keys":[102,151],"grid":[" 0!!"," "," "," "," "," "," "," "," "," "," "," "," "," "," "," "]},"3578":{"keys":[102,151],"grid":[" 0!!","00","00","00","00","00","00","00","00","00","00","00","00","00","00","00"]},"3544":{"keys":[102,151],"grid":[" /!#","00","00","00","00","00","00","00","00","00","00","00","00","00","00","00"]},"3506":{"keys":[102,151],"grid":[" .!$","00","00","00","00","00","00","00","00","00","00","00","00","00","00","00"]},"3546":{"keys":[102,151],"grid":[" /!#","00","00","00","00","00","00","00","00","00","00","00","00","00","00","00"]},"3547":{"keys":[102,151],"grid":[" /!#","00","00","00","00","00","00","00","00","00","00","00","00","00","00","00"]},"3540":{"keys":[102,151],"grid":[" /!#","00","00","00","00","00","00","00","00","00","00","00","00","00","00","00"]},"3541":{"keys":[102,151],"grid":[" /!#","00","00","00","00","00","00","00","00","00","00","00","00","00","00","00"]},"3542":{"keys":[102,151],"grid":[" /!#","00","00","00","00","00","00","00","00","00","00","00","00","00","00","00"]},"3543":{"keys":[102,151],"grid":[" /!#","00","00","00","00","00","00","00","00","00","00","00","00","00","00","00"]},"3423":{"keys":[102,151],"grid":[" 0!!","00","00","00","00","00","00","00","00","00","00","00","00","00","00","00"]},"3422":{"keys":[102,151],"grid":[" 0!!","00","00","00","00","00","00","00","00","00","00","00","00","00","00","00"]},"3421":{"keys":[102,151],"grid":[" /!#","00","00","00","00","00"," 0!!","06","06","06","06","06","06","06","06","06"]},"3420":{"keys":[102,151],"grid":[" 0!!","00","00","00","00","00","00","00","00"," /!#","09","09","09","09","09","09"]},"3548":{"keys":[102,151],"grid":[" /!#","00","00","00","00","00","00","00","00","00","00","00","00","00","00","00"]},"3549":{"keys":[102,151],"grid":[" /!#","00","00","00","00","00","00","00","00","00","00","00","00","00","00","00"]},"3425":{"keys":[102,151],"grid":[" 0!!","00","00","00","00","00","00","00","00","00","00","00","00","00","00","00"]},"3424":{"keys":[102,151],"grid":[" 0!!","00","00","00","00","00","00","00","00","00","00","00","00","00","00","00"]},"3432":{"keys":[102,151],"grid":[" 0!!","00","00","00","00","00","00","00","00","00","00","00","00","00","00","00"]}},"4665":{"3360":{"keys":[102,151],"grid":[" !!0","!","!","!","!","!","!","!","!","!","!","!","!","!","!","!"]},"3339":{"keys":[102,151],"grid":[" "," "," "," /!#"," .!$"," -!%"," +!'"," )!)"," '!+"," &!,"," %!-"," #!/","!","!","!","!"]},"3359":{"keys":[102,151],"grid":[" &!,","00","00","00","00","00"," %!-","06","06"," $!.","09","09"," #!/","12","12"," !!0"]},"3582":{"keys":[151,138],"grid":[" "," "," "," "," "," "," "," "," "," ","!","!","!","!","!","!"]},"3358":{"keys":[151,102],"grid":[" "," "," ","!! 0","03","!# /","05","!$ .","07","07","!% -","10","10","!& ,","13","13"]}},"4666":{"3582":{"keys":[151,138],"grid":[" "," "," "," "," "," "," "," "," "," +!$ $","!","!","!","!","!","!"]},"3338":{"keys":[102,151],"grid":[" *!(","00","00","00","00","00","00","00","00"," +!'","09","09"," )!)"," '!+"," &!,"," %!-"]},"3337":{"keys":[102,151],"grid":[" .!$"," -!%","01","01"," ,!&","04"," +!'","06","06"," *!(","09","09","09","09","09","09"]},"3339":{"keys":[102,151],"grid":[" $!."," !!0","!","!","!","!","!","!","!","!","!","!","!","!","!","!"]},"3336":{"keys":[102,151],"grid":[" "," "," "," "," "," "," "," "," "," "," "," "," 0!!"," /!#","13"," .!$"]}},"4667":{"3582":{"keys":[151,138],"grid":[" "," "," "," "," "," "," "," "," "," !!' $!'","!","!","!","!","!","!"]},"3336":{"keys":[102,151],"grid":[" )!)"," (!*","01"," '!+","03"," &!,"," %!-"," $!."," #!/"," !!0","09","!","!","!","!","!"]},"3335":{"keys":[102,151],"grid":[" "," "," "," "," "," "," "," "," "," 0!!"," /!#"," .!$"," -!%"," +!'"," *!("," )!)"]}},"4660":{"3386":{"keys":[102,151],"grid":[" /!#","00"," 0!!","02"," "," "," "," "," "," "," "," "," "," "," "," "]},"3384":{"keys":[102,151],"grid":[" "," "," "," "," "," "," 0!!","06","06","06"," /!#","10"," .!$","12","12"," -!%"]},"3385":{"keys":[102,151],"grid":[" ,!&","00","00"," +!'","03","03","03","03","03","00","00"," -!%","11","11"," .!$","14"]},"3382":{"keys":[102,151],"grid":[" .!$","00"," /!#","02","02"," 0!!","05","05","05","05"," "," "," "," "," "," "]},"3369":{"keys":[102,151],"grid":[" "," "," "," "," "," "," "," "," "," "," "," "," "," "," "," 0!!"]},"3380":{"keys":[102,151],"grid":[" !!0","00","00","00"," #!/","04"," $!.","06"," %!-","08"," &!,","10"," '!+","12"," (!*","14"]},"3381":{"keys":[102,151],"grid":[" )!)","00"," *!(","02","02"," +!'","05","05"," ,!&","08","08","08"," -!%","12","12"," .!$"]},"3370":{"keys":[102,151],"grid":[" 0!!"," /!#"," .!$"," -!%"," ,!&"," +!'"," *!("," )!)"," (!*"," '!+"," &!,"," %!-"," #!/"," !!0","!","!"]},"3379":{"keys":[151],"grid":[" "," "," "," "," "," "," "," "," "," "," "," "," "," "," "," "]}},"4661":{"3386":{"keys":[151,102],"grid":[" "," "," "," "," ","!! 0","05","!# /","07","!$ .","09","!% -","!& ,","12","!' +","14"]},"3387":{"keys":[102,151],"grid":[" (!*","00"," )!)","02"," *!(","04","04"," +!'"," ,!&","08"," -!%"," .!$","11"," /!#"," 0!!","14"]},"3348":{"keys":[102,151],"grid":[" "," "," "," "," "," "," "," "," "," "," 0!!","10","10","10","10","10"]},"3349":{"keys":[102,151],"grid":[" 0!!"," /!#","00","00","00","00","00"," "," "," "," "," "," "," "," "," "]},"3368":{"keys":[102,151],"grid":[" "," "," "," "," "," "," "," "," "," "," "," 0!!","11"," /!#"," .!$","14"]},"3369":{"keys":[102,151],"grid":[" -!%","00"," ,!&"," +!'"," *!("," )!)","05"," (!*"," '!+"," &!,"," %!-","10"," $!."," !!0","!","!"]},"3343":{"keys":[102,151],"grid":[" "," "," "," "," "," 0!!","05"," /!#","07","07"," .!$","10","10","10","10","10"]},"3384":{"keys":[102,151],"grid":[" !!0","00","00","!","!","!","!","!","!","!","!","!","!","!","!","!"]},"3344":{"keys":[102,151],"grid":[" .!$"," /!#","01","01","01","01","01","01","01","01","01","01","01","01"," 0!!","14"]},"3345":{"keys":[102,151],"grid":[" 0!!","00","00","00","00","00","00","00","00","00"," "," "," "," "," "," "]},"3388":{"keys":[102],"grid":[" "," "," "," "," "," "," "," "," "," "," "," "," "," "," "," "]},"3382":{"keys":[151,102],"grid":[" "," "," "," "," "," "," "," "," "," "," "," ","!! 0","12","12","!# /"]},"3383":{"keys":[102,151],"grid":[" #!/","00","00","00","00"," $!.","05","00","00","00","00","00","00","00","00","00"]}},"4662":{"3391":{"keys":[102,151],"grid":[" $!.","00","00","00","00","00","00","00","00","00","00","00","00"," #!/","13","13"]},"3390":{"keys":[102,151],"grid":[" '!+"," &!,","01","01","01","01","01","01","01"," %!-","09","09","09","09"," $!.","14"]},"3393":{"keys":[102,151],"grid":[" $!."," %!-","01","01"," &!,","04"," '!+","06"," (!*","08","08"," )!)","11","11"," *!(","14"]},"3392":{"keys":[102,151],"grid":[" #!/","00","00"," !!0","03","03","03","03","03","03","03","03","00","00","00"," $!."]},"3368":{"keys":[102,151],"grid":[" &!,","00"," %!-","02"," $!.","04"," #!/","06"," !!0","08","!","!","!","!","!","!"]},"3394":{"keys":[102,151],"grid":[" +!'","00","00"," ,!&","03"," -!%","05"," .!$","07","07"," /!#","10"," 0!!","12","12"," "]},"3342":{"keys":[102,151],"grid":[" "," "," "," "," "," "," "," /!#"," -!%"," *!("," )!)"," (!*"," '!+"," &!,"," %!-","14"]},"3343":{"keys":[102,151],"grid":[" $!."," #!/"," !!0","!","!","!","!","!","!","!","!","!","!","!","!","!"]},"3366":{"keys":[102,151],"grid":[" "," "," "," "," "," "," "," "," "," "," "," "," "," "," "," 0!!"]},"3367":{"keys":[102,151],"grid":[" /!#","00"," .!$","02"," -!%"," ,!&","05"," +!'","07"," *!("," )!)","10"," (!*","12"," '!+","14"]},"3346":{"keys":[151,102],"grid":[" "," "," ","!! 0","03","03","03","03","!# /","08","08","!$ .","11","11","11","11"]},"3347":{"keys":[102,151],"grid":[" $!."," %!-","01","01","01","01","01","01","01","01","01","00","00","00","00"," #!/"]},"3388":{"keys":[151,102],"grid":[" ","!! 0","01","!# /","03","!$ .","05","!% -","07","!& ,","09","09","09","09","!' +","14"]},"3345":{"keys":[151],"grid":[" "," "," "," "," "," "," "," "," "," "," "," "," "," "," "," "]},"3349":{"keys":[151,102],"grid":[" "," "," "," "," "," "," "," "," "," ","!! 0","10","!# /","12","12","12"]},"3348":{"keys":[102,151],"grid":[" #!/","00"," !!0","02","02","02","!","!","!","!","!","!","!","!","!","!"]},"3350":{"keys":[102,151],"grid":[" $!.","00","00"," %!-","03","03","03"," &!,","07","07","07"," '!+","11","11"," (!*","14"]},"3353":{"keys":[102,151],"grid":[" /!#"," 0!!","01"," "," "," "," "," "," "," "," "," "," "," "," "," "]},"3352":{"keys":[102,151],"grid":[" +!'","00"," ,!&","02","02","02","02","02"," -!%","08","08"," .!$","11","11"," /!#","14"]},"3351":{"keys":[102,151],"grid":[" (!*","00"," )!)","02","02","02"," *!(","06","06","06","06","06","06","06"," +!'","14"]},"3389":{"keys":[102,151],"grid":[" '!+","00","00","00","00","00","00","00","00","00","00","00","00","00","00","00"]}},"4663":{"3342":{"keys":[102,151],"grid":[" '!+","00","00"," &!,"," %!-"," #!/","!","!","!","!","!","!","!","!","!","!"]},"3395":{"keys":[151,102],"grid":[" ","!! 0","01","01","!# /","04","!$ .","06","!% -","08","08","!& ,","11","!' +","13","13"]},"3394":{"keys":[151],"grid":[" "," "," "," "," "," "," "," "," "," "," "," "," "," "," "," "]},"3397":{"keys":[102,151],"grid":[" .!$"," /!#","01"," 0!!","03","03"," "," "," "," "," "," "," "," "," "," "]},"3396":{"keys":[102,151],"grid":[" (!*","00"," )!)","02","02"," *!(","05"," +!'","07","07"," ,!&","10"," -!%","12"," .!$","14"]},"3364":{"keys":[102,151],"grid":[" 0!!"," /!#","01"," .!$"," -!%","04"," ,!&","06"," +!'","08"," *!(","10"," )!)","12","12","12"]},"3365":{"keys":[102,151],"grid":[" (!*","00","00","00","00","00","00","00","00","00","00","00","00","00"," '!+","14"]},"3366":{"keys":[102,151],"grid":[" '!+","00"," &!,","02"," %!-","04","04"," $!.","07"," #!/","09"," !!0","11","!","!","!"]},"3341":{"keys":[102,151],"grid":[" (!*","00","00","00","00","00","00","00","00","00","00","00"," '!+","12","12","12"]},"3363":{"keys":[102,151],"grid":[" "," "," "," "," "," "," "," "," "," "," "," "," "," "," "," 0!!"]},"3355":{"keys":[102,151],"grid":[" -!%","00","00","00"," .!$","04","04"," /!#","07","07"," 0!!","10"," "," "," "," "]},"3354":{"keys":[102,151],"grid":[" (!*","00"," )!)","02"," *!(","04","04","04"," +!'","08","08"," ,!&","11","11","11"," -!%"]},"3353":{"keys":[151,102],"grid":[" "," "," "," "," ","!! 0","05","!# /","!$ .","!% -","09","!& ,","11","!' +","13","!( *"]},"3340":{"keys":[102,151],"grid":[" "," "," "," "," "," "," "," "," "," 0!!"," /!#"," .!$"," ,!&"," +!'"," *!("," )!)"]}},"4808":{"3580":{"keys":[151,138],"grid":[" "," "," 0!!","02"," /!#","04"," .!$","06"," -!%","08"," ,!&","10"," +!'","12"," *!(","14"]},"3581":{"keys":[151,138],"grid":[" )!)","00"," (!*","02"," '!+","04"," &!,","06"," %!-","08"," $!.","10"," #!/","12"," !!0","14"]},"3582":{"keys":[138],"grid":[" "," "," "," "," "," "," "," "," "," "," "," "," "," "," "," "]}},"4809":{"3580":{"keys":[138],"grid":[" "," "," "," "," "," "," "," "," "," "," "," "," "," "," "," "]},"3579":{"keys":[151,138],"grid":[" )!)","00"," (!*","02"," '!+","04"," &!,","06"," %!-","08"," $!.","10"," #!/","12"," !!0","14"]},"3578":{"keys":[151,138],"grid":[" "," "," 0!!","02"," /!#","04"," .!$","06"," -!%","08"," ,!&","10"," +!'","12"," *!(","14"]}},"4851":{"3582":{"keys":[151,138,""],"grid":[" "," "," "," "," "," "," "," "," "," ","!!## .","!$#! -","!)#)","12","12","12"]}},"4850":{"3582":{"keys":[151,138],"grid":[" "," "," "," "," "," "," "," "," "," ","!","!","!","!","!","!"]}}}}