{"9":{"301":{"238":{"keys":[138,1,152],"grid":[" "," "," "," "," "," "," "," "," "," "," "," "," "," "," +!'"," ,!##$"]},"239":{"keys":[138,1,152],"grid":[" -!###"," .!$"," 0!!"," "," "," "," "," "," "," "," "," "," "," "," "," "]}},"302":{"238":{"keys":[138,1,152],"grid":[" "," "," "," "," "," "," "," )!)"," *!!#'"," )!##'","08","08","08","08","!+#'","#"]},"239":{"keys":[152,1,138],"grid":[" "," ","!! 0","!# /","#!!! /","04","04","04","04","04","04","04","04","04","04","04"]}},"303":{"238":{"keys":[138,1,152],"grid":[" "," "," "," "," "," "," ","!' +","#%!# +","#%!! ,","09","09","09","#$!# ,","#$!! -","14"]},"239":{"keys":[152,1,138],"grid":[" $!!#-","00"," #!##-"," #!!#.","03","03","03","03","03","03","03","02","00","00","00","00"]}},"289":{"227":{"keys":[102,1,137],"grid":[" ","!# /","#!!$ -","#$!$ +","#&!# *","#'!$ (","#)!$ &","#+!$ $","#-!# #","#.!$","#0!!","#","#","#","#","#"]},"233":{"keys":[137,1,138],"grid":[" "," "," "," "," '!) #","!# #!&#%!$","!'#+","#","#","#","#","#","#","#","#","#"]}},"288":{"227":{"keys":[137,1],"grid":[" /!#"," 0!!"," "," "," "," "," "," "," "," "," "," "," "," "," "," "]},"238":{"keys":[138,1,137],"grid":[" "," "," "," "," "," "," "," ","!! 0","08"," ","!% -","!!#!!! .","##!! .","13","#!!# ."]},"239":{"keys":[137,1,138],"grid":[" !!!#/","00","00","00","00","00"," !!##."," #!##-"," $!$#+"," &!##*"," '!%#'"," *!##&"," +!!#&","12","12","12"]},"226":{"keys":[102,1,137],"grid":[" "," "," "," "," "," "," ","!! 0","!# /","#!!$ -","#$!$ +","#&!$ )","#(!# (","#)!$ &","#+!$ $","#-!$ !"]},"234":{"keys":[137,1,138],"grid":[" ,!!#%"," +!##%"," *!##&","02"," )!$#&"," (!##("," '!##)"," &!##*"," &!!#+"," $!$#+"," $!!#-"," $!##,"," %!!#,","12","!&#,","!!#0"]},"235":{"keys":[138,1,137],"grid":[" "," "," "," "," "," "," "," ","!# /","#!!! /","09","08"," "," "," "," "]},"233":{"keys":[137,1,138],"grid":[" "," "," "," "," "," .!$"," -!##!!!"," -!!#$"," +!$#$"," *!##&"," *!!#'","09"," +!##%"," ,!!#%","13","13"]}},"290":{"229":{"keys":[137,1,138],"grid":[" #!!#.","00","00","00","00","00","00","00","00","00","00","00","00","00","00","00"]},"228":{"keys":[137,1,138],"grid":[" #!!#.","00","00","00","00","00","00","00","00","00","00","00","00","00","00","00"]},"227":{"keys":[102,1,138,137],"grid":[" #!!#.","00","00","00","00","00","00","00","00","00","!$#.","$!!##.","$#!!#.","12","12","12"]},"226":{"keys":[102,1],"grid":[" "," "," "," "," "," "," "," "," "," "," "," "," "," "," "," #!/"]},"230":{"keys":[137,1,138],"grid":[" #!!#.","00","00","00","00","00","00","00","00","00","00","00","00","00","00","00"]},"231":{"keys":[137,1,138],"grid":[" #!!#.","00","00","00","00","00","00","00","00","00","00","00","00","00","00","00"]},"232":{"keys":[137,1,138],"grid":[" #!!#.","00","00","00","00","00","00","00","00","00","00","00","00","00","00","00"]},"233":{"keys":[137,1,138],"grid":[" #!!#.","00","00","00","00","!$#.","05","#","#","#","#","#","#","#","#","#"]}},"291":{"226":{"keys":[102,1,138],"grid":[" )!!#(","00","00","00","00","00","00","00","00","00","00","00","00","00","00","!*#("]},"225":{"keys":[102,1,138],"grid":[" )!!#(","00","00","00","00","00","00","00","00","00","00","00","00","00","00","00"]},"224":{"keys":[102,1,138],"grid":[" )!!#(","00","00","00","00","00","00","00","00","00","00","00","00","00","00","00"]}}},"13":{"4650":{"3631":{"keys":[102,138],"grid":[" "," "," "," "," "," "," ","!","!","!","!","!","!","!","!","!"]}},"4644":{"3631":{"keys":[102,138],"grid":[" "," "," "," "," ","!","!","!","!","!","!","!","!","!","!","!"]}},"4833":{"3827":{"keys":[152,138],"grid":[" "," "," "," "," "," "," "," "," "," "," ","!! 0","11","11","11","11"]},"3834":{"keys":[138,152],"grid":[" !!0","00","00","00","00","00","00","00","00","00","00","00","00","00","00","00"]},"3836":{"keys":[138,152],"grid":[" !!0","00","00","00","00","00","00","00","00","00","00","00","00","00","00","00"]},"3837":{"keys":[138,152],"grid":[" !!0","00","00","00","00","00","00","00","00","00","00","00","00","00","00","00"]},"3830":{"keys":[138,152],"grid":[" !!0","00","00","00","00","00","00","00","00","00","00","00","00","00","00","00"]},"3831":{"keys":[138,152],"grid":[" !!0","00","00","00","00","00","00","00","00","00","00","00","00","00","00","00"]},"3832":{"keys":[138,152],"grid":[" !!0","00","00","00","00","00","00","00","00","00","00","00","00","00","00","00"]},"3833":{"keys":[138,152],"grid":[" !!0","00","00","00","00","00","00","00","00","00","00","00","00","00","00","00"]},"3838":{"keys":[138,152],"grid":[" !!0","00","00","00","00","00","00","00","00","00","00","00","00","00","00","00"]},"3839":{"keys":[138,152],"grid":[" !!0","00","00","00","00","00","00","00","00","00","00","00","00","00","00","00"]},"3829":{"keys":[138,152],"grid":[" !!0","00","00","00","00","00","00","00","00","00","00","00","00","00","00","00"]},"3828":{"keys":[138,152],"grid":[" !!0","00","00","00","00","00","00","00","00","00","00","00","00","00","00","00"]},"3835":{"keys":[138,152],"grid":[" !!0","00","00","00","00","00","00","00","00","00","00","00","00","00","00","00"]},"3822":{"keys":[138,152],"grid":[" ","!","!","!","!","!","!","!","!","!","!","!","!","!","!","!"]}},"4641":{"3643":{"keys":[137,102],"grid":[" (!*"," *!("," ,!&"," .!$"," /!#"," "," "," "," "," "," "," "," "," "," "," "]},"3734":{"keys":[153,137,138],"grid":[" -!%","#$ +!$","#& +!!","#* (","#","#","#","#","#","#","#","#","#","#","#","#"]},"3733":{"keys":[137,153],"grid":[" "," "," "," "," "," "," "," "," "," "," "," ","!# /","!& ,","!) )","!+ '"]},"3642":{"keys":[102,137],"grid":[" "," "," "," "," "," "," "," "," "," "," "," "," ","!# /","!% -","!& ,"]}},"4653":{"3631":{"keys":[102,138],"grid":[" "," "," "," "," "," "," ","!","!","!","!","!","!","!","!","!"]}},"4835":{"3822":{"keys":[138,152],"grid":[" ","!","!","!","!","!","!","!","!","!","!","!","!","!","!","!"]}},"4652":{"3631":{"keys":[102,138],"grid":[" "," "," "," "," "," "," ","!","!","!","!","!","!","!","!","!"]}},"4843":{"3815":{"keys":[138,152],"grid":[" "," "," "," "," "," "," ","!$ .","!","!","!","!","!","!","!","!"]}},"4633":{"3732":{"keys":[137,153,138],"grid":[" "," "," "," "," "," "," "," &!,","!","!","!","!","!","#","#","#"]},"3638":{"keys":[102,137],"grid":[" "," "," ","!! 0","!$ .","!& ,","!( *","!) )","!+ '","!- %","!. $","!0 !","!","!","!","!"]}},"4834":{"3822":{"keys":[138,152],"grid":[" ","!","!","!","!","!","!","!","!","!","!","!","!","!","!","!"]}},"4619":{"3744":{"keys":[137,138],"grid":[" $!.","00"," #!/","02","02","02","02"," !!0","07","07","02","00","00"," &!,"," '!+"," (!*"]},"3745":{"keys":[137,138],"grid":[" (!*"," )!)","01","01","01","00"," &!,"," !!0","07","!","!","!","!","!","!","!"]},"3742":{"keys":[137,138],"grid":[" #!/"," $!.","01","01","01","01","01","01","01","01","01","01","01"," %!-"," &!,"," '!+"]},"3743":{"keys":[137,138],"grid":[" '!+"," (!*","01","01"," )!)","04","01","01","01","00","00"," &!,"," %!-"," $!.","13","13"]},"3740":{"keys":[138,137],"grid":[" "," "," "," "," "," "," "," "," "," "," "," "," "," ","!# /","14"]},"3741":{"keys":[137,138],"grid":[" #!/"," $!.","01"," %!-","03","01","01","01","01","01","00","00","00","00","00","00"]},"3630":{"keys":[102,137],"grid":[" "," "," ","!! 0","!# /","!% -","!' +","!) )","!* (","!, &","!. $","!/ #","!","!","!","!"]},"3736":{"keys":[137,138,153],"grid":[" "," "," 0!!"," -#!!$"," ,##!$"," +##!%"," +#!!&"," *!("," )!)","08"," (!*"," '!+"," &!,"," $!."," #!/","!"]}},"4618":{"3629":{"keys":[102,137],"grid":[" "," "," "," "," "," "," "," "," "," ","!! 0","!$ .","!% -","!' +","!) )","!* ("]},"3835":{"keys":[138,137],"grid":[" "," "," "," "," "," "," "," "," "," "," "," "," "," "," ","!! 0"]},"3836":{"keys":[137,138],"grid":[" !!0","00","00","00"," #!/","04","04","04","04"," $!.","09","09","09"," %!-","13"," &!,"]},"3837":{"keys":[137,138],"grid":[" &!,"," '!+"," (!*"," )!)"," *!("," +!'"," ,!&","06","06","06"," -!%","10","10","10","10","10"]},"3748":{"keys":[138],"grid":[" "," "," "," "," "," "," "," "," "," "," "," "," "," "," "," "]},"3746":{"keys":[137,138],"grid":[" 0!!"," /!#"," .!$"," -!%"," ,!&","04"," +!'"," )!)"," %!-"," $!."," !!0","!","!","!","!","!"]},"3747":{"keys":[138],"grid":[" "," "," "," "," "," "," "," "," "," "," "," "," "," "," "," "]},"3745":{"keys":[137,138],"grid":[" "," "," "," "," "," "," "," "," "," "," "," "," "," 0!!","13","13"]},"3838":{"keys":[137,138],"grid":[" -!%","00","00","00","00","00","00","00","00","00","00","00","00"," .!$","13","13"]},"3839":{"keys":[137,138],"grid":[" .!$","00","00","00","00","00"," -!%","06","06"," ,!&","09"," +!'"," *!(","12"," )!)","14"]},"3630":{"keys":[137,102],"grid":[" ,!&"," .!$"," 0!!"," "," "," "," "," "," "," "," "," "," "," "," "," "]},"3740":{"keys":[137,138],"grid":[" $!."," &!,"," '!+"," (!*"," )!)"," *!("," +!'"," ,!&","07"," -!%"," .!$"," /!#"," 0!!"," "," "," "]},"3739":{"keys":[138,137],"grid":[" "," "," "," "," "," "," "," "," "," "," "," "," "," "," ","!! 0"]},"3737":{"keys":[137,138],"grid":[" 0!!"," -!%"," *!("," &!,"," %!-"," #!/","!","!","!","!","!","!","!","!","!","!"]},"3736":{"keys":[137],"grid":[" "," "," "," "," "," "," "," "," "," "," "," "," "," "," "," "]}},"4631":{"3637":{"keys":[102,137],"grid":[" ","!# /","!$ .","!& ,","!( *","!* (","!, &","!- %","!/ #","!","!","!","!","!","!","!"]},"3733":{"keys":[153,138],"grid":[" "," 0!!"," ,!&"," '!+"," %!-"," !!0","!","!","!","!","!","!","!","!","!","!"]},"3732":{"keys":[137,153],"grid":[" "," "," "," "," "," "," "," "," "," /!#"," ,!&"," )!)"," &!,"," #!/","!","!"]}},"4630":{"3636":{"keys":[102,137],"grid":[" "," "," "," "," "," "," "," ","!# /","!% -","!' +","!( *","!* (","!, &","!. $","!/ #"]},"3637":{"keys":[137],"grid":[" "," "," "," "," "," "," "," "," "," "," "," "," "," "," "," "]},"3733":{"keys":[137,153,138],"grid":[" ,!&"," *!("," (!*"," &!,"," $!."," !!0","!.#$","!+#'","!(#*","!%#-","!!#0","#","#","#","#","#"]},"3732":{"keys":[137,153],"grid":[" "," "," "," "," "," "," "," "," "," "," "," "," "," "," 0!!"," .!$"]}},"4637":{"3733":{"keys":[138,153],"grid":[" )!)"," /!#"," "," "," "," "," "," "," "," "," "," "," "," "," "," "]},"3732":{"keys":[137,153],"grid":[" "," "," "," "," "," "," "," "," "," "," "," "," ","!$ .","!* (","!/ #"]},"3641":{"keys":[137],"grid":[" "," "," "," "," "," "," "," "," "," "," "," "," "," "," "," "]},"3640":{"keys":[102,137],"grid":[" "," "," "," "," "," "," "," ","!# /","!% -","!& ,","!( *","!* (","!, &","!- %","!/ #"]}},"4636":{"3640":{"keys":[137,102],"grid":[" %!-"," '!+"," (!*"," *!("," ,!&"," -!%"," /!#"," "," "," "," "," "," "," "," "," "]},"3732":{"keys":[137,153,138],"grid":[" "," "," "," "," "," "," "," "," "," "," ","!! 0","!- %","!","!","#&!,"]},"3639":{"keys":[102,137],"grid":[" "," "," "," "," "," "," "," "," "," "," "," "," "," "," ","!# /"]}},"4635":{"3732":{"keys":[137,153,138],"grid":[" "," "," "," "," "," "," "," ","!$ .","!( *","!, &","!","!","!","#(!*","#"]},"3639":{"keys":[102,137],"grid":[" "," "," "," "," ","!! 0","!$ .","!% -","!' +","!( *","!* (","!, &","!. $","!0 !","!","!"]}},"4634":{"3732":{"keys":[137,153,138],"grid":[" "," "," "," "," "," "," ","!. $","!","!","!","!","!","#.!$","#","#"]},"3638":{"keys":[102,137],"grid":[" "," "," "," "," "," "," "," "," "," "," "," ","!! 0","!$ .","!% -","!' +"]},"3639":{"keys":[137,102],"grid":[" )!)"," +!'"," ,!&"," .!$"," 0!!"," "," "," "," "," "," "," "," "," "," "," "]}},"4611":{"3758":{"keys":[137,138],"grid":[" "," "," 0!!"," ,!&"," (!*"," $!.","!","!","!","!","!","!","!","!","!","!"]},"3831":{"keys":[138,137],"grid":[" "," "," "," "," "," "," "," "," "," "," "," "," "," "," ","!! 0"]},"3832":{"keys":[137,138],"grid":[" #!/"," $!."," %!-"," &!,"," (!*"," )!)"," +!'"," -!%"," /!#"," "," "," "," "," "," "," "]},"3755":{"keys":[137,138],"grid":[" /!#","00","00","00","00","00","00"," 0!!","07","07","07","07","07"," "," "," "]},"3753":{"keys":[137,138],"grid":[" "," "," "," "," "," "," "," "," "," "," "," "," "," "," 0!!","14"]},"3819":{"keys":[138,137],"grid":[" "," "," ","!# /","!$ .","04","04","03","03","!! 0","09"," "," "," "," "," "]},"3625":{"keys":[102,137],"grid":[" "," "," "," "," "," "," "," "," "," "," ","!! 0","!$ .","!& ,","!' +","!) )"]},"3754":{"keys":[137,138],"grid":[" /!#","00"," .!$","02","02","02","02","02","02","02","02","02","02","02","00","00"]},"3626":{"keys":[137,102],"grid":[" +!'"," ,!&"," .!$"," 0!!"," "," "," "," "," "," "," "," "," "," "," "," "]}},"4610":{"3758":{"keys":[137,138],"grid":[" "," "," "," "," "," "," "," -!%"," )!)"," &!,"," !!0","!","!","!","!","!"]},"3823":{"keys":[137,138],"grid":[" #!/","00","00","00","00"," !!0","05","05","05","05","05","!","!","!","!","!"]},"3822":{"keys":[137,138],"grid":[" '!+"," &!,","01","01","01","01"," %!-","06","06","06"," $!.","10","10","10","10","10"]},"3821":{"keys":[137,138],"grid":[" *!(","00"," )!)","02","02","02"," (!*","06","06","06","06","06"," '!+","12","12","12"]},"3820":{"keys":[137,138],"grid":[" /!#","00","00"," .!$","03"," -!%","05","05"," ,!&","08"," +!'","10","10","10"," *!(","14"]},"3819":{"keys":[138,137],"grid":[" "," "," "," "," 0!!"," /!#"," !!$ +!#"," !!& (!$","!) %!%","!* #!&","!","!","!","!0 !","13","13"]},"3625":{"keys":[102,137],"grid":[" "," ","!! 0","!$ .","!& ,","!' +","!) )","!+ '","!- %","!. $","!0 !","!","!","!","!","!"]},"3830":{"keys":[138,137],"grid":[" "," "," "," "," "," "," "," "," ","!! 0","09","!# /","!$ .","!% -","13","!& ,"]},"3831":{"keys":[137,138],"grid":[" '!+","00"," (!*"," )!)"," *!(","04"," +!'"," ,!&"," -!%","08"," .!$"," /!#","11"," 0!!"," "," "]}},"4613":{"3832":{"keys":[138],"grid":[" "," "," "," "," "," "," "," "," "," "," "," "," "," "," "," "]},"3833":{"keys":[137,138],"grid":[" #!/"," (!*"," +!'"," .!$"," 0!!"," "," "," "," "," "," "," "," "," "," "," "]},"3751":{"keys":[137,138],"grid":[" "," "," "," "," /!#"," .!$"," -!%"," ,!&","07","07","07","07"," +!'","12","12","12"]},"3753":{"keys":[137,138],"grid":[" '!+"," &!,"," %!-"," $!."," !!0","!","!","!","!","!","!","!","!","!","!","!"]},"3752":{"keys":[137,138],"grid":[" +!'","00","00"," *!(","03"," )!)","05","03","03","03","03","03","05","05","05"," (!*"]},"3627":{"keys":[137,102],"grid":[" '!+"," )!)"," +!'"," -!%"," /!#"," 0!!"," "," "," "," "," "," "," "," "," "," "]},"3626":{"keys":[102,137],"grid":[" "," "," "," "," "," "," "," "," "," "," "," "," ","!! 0","!$ .","!% -"]}},"4612":{"3758":{"keys":[137,138],"grid":[" '!+"," #!/","!","!","!","!","!","!","!","!","!","!","!","!","!","!"]},"3832":{"keys":[138,137],"grid":[" "," "," "," "," "," "," "," "," "," ","!# /","!% -","!( *","!* (","!- %","!0 !"]},"3753":{"keys":[137,138],"grid":[" "," "," "," "," "," 0!!"," .!$"," ,!&"," *!("," (!*"," %!-"," $!."," !!0","!","!","!"]},"3755":{"keys":[138],"grid":[" "," "," "," "," "," "," "," "," "," "," "," "," "," "," "," "]},"3757":{"keys":[137,138],"grid":[" &!,"," '!+","01","01"," (!*","04","04"," )!)","07"," *!(","09","09","09"," +!'","13","09"]},"3756":{"keys":[138,137],"grid":[" "," "," ","!! 0","03","03","!# /","06","06","06","!$ .","10","!% -","12","!& ,","14"]},"3626":{"keys":[102,137],"grid":[" "," "," "," ","!! 0","!$ .","!& ,","!' +","!) )","!+ '","!- %","!/ #","!0 !","!","!","!"]}},"4615":{"3834":{"keys":[138,137],"grid":[" "," "," "," "," "," "," "," "," "," "," "," +!'"," #!/","!","!","!"]},"3628":{"keys":[137,102],"grid":[" $!."," %!-"," '!+"," )!)"," +!'"," -!%"," .!$"," 0!!"," "," "," "," "," "," "," "," "]},"3749":{"keys":[137,138],"grid":[" "," "," "," "," "," "," "," "," /!#"," .!$"," ,!&"," *!("," '!+"," $!."," #!/"," !!0"]},"3627":{"keys":[102,137],"grid":[" "," "," "," "," "," "," "," "," "," "," "," "," "," "," ","!! 0"]},"3750":{"keys":[137,138],"grid":[" !!0","00","!","!","!","!","!","!","!","!","!","!","!","!","!","!"]}},"4614":{"3834":{"keys":[137,138],"grid":[" *!(","00"," +!'","02","02","02","02","02","02","02","02","02","02"," "," "," "]},"3750":{"keys":[137,138],"grid":[" "," "," "," 0!!"," .!$","04","04"," -!%"," ,!&","08"," +!'"," *!("," )!)"," (!*"," '!+"," $!."]},"3627":{"keys":[102,137],"grid":[" "," "," "," "," "," ","!! 0","!$ .","!% -","!' +","!) )","!+ '","!- %","!. $","!0 !","!"]},"3751":{"keys":[137,138],"grid":[" #!/","00"," !!0","!","!","!","!","!","!","!","!","!","!","!","!","!"]},"3833":{"keys":[138,137],"grid":[" "," "," "," "," ","!# /","!% -","!& ,","!' +","!( *","09","!) )","11","!* (","13","13"]}},"4617":{"3629":{"keys":[102,137],"grid":[" ","!! 0","!# /","!% -","!' +","!) )","!+ '","!, &","!. $","!0 !","!","!","!","!","!","!"]},"3835":{"keys":[137,138],"grid":[" 0!!","00","00","00","00","00"," "," "," "," "," "," "," "," "," "," "]},"3748":{"keys":[137,138],"grid":[" "," "," "," "," 0!!"," /!#"," .!$"," -!%","!% %!)","!","!","!","!","!","!","!"]},"3746":{"keys":[137,138],"grid":[" "," "," "," "," "," "," "," "," "," "," "," /!#","11","11","11","11"]},"3747":{"keys":[137,138],"grid":[" /!#"," .!$"," -!%","02","02","02","01","00","00"," 0!!","09","09"," "," "," "," "]},"3737":{"keys":[137,153,138],"grid":[" "," "," "," "," "," "," 0!!"," 0#!"," /##"," .#$"," -!!#$"," -#%"," ,#&","12","12","12"]},"3739":{"keys":[137,138],"grid":[" *!(","00","00","00","00","00","00"," +!'","07","07"," ,!&"," -!%"," .!$"," /!#"," 0!!"," "]},"3738":{"keys":[137,138],"grid":[" ,!&","00","00","00","00","00","00"," -!%","07","07","07","00","00"," +!'","13","13"]},"3834":{"keys":[138,137],"grid":[" "," "," "," "," "," "," "," "," (!' $","!. $","!/ #","10","10","!0 !","13","13"]}},"4616":{"3834":{"keys":[138,137],"grid":[" "," "," "," "," "," "," "," "," "," .!$"," %!-","!","!","!","!","!"]},"3628":{"keys":[102,137],"grid":[" "," "," "," "," "," "," "," ","!! 0","!$ .","!% -","!' +","!) )","!+ '","!- %","!. $"]},"3629":{"keys":[137,102],"grid":[" 0!!"," "," "," "," "," "," "," "," "," "," "," "," "," "," "," "]},"3748":{"keys":[137,138],"grid":[" "," "," "," "," "," "," "," "," 0!!"," -!%"," +!'"," *!("," )!)"," '!+"," &!,"," %!-"]},"3749":{"keys":[137,138],"grid":[" %!-"," $!.","01","01"," #!/"," !!0","05","!","!","!","!","!","!","!","!","!"]}},"4646":{"3631":{"keys":[102,138],"grid":[" "," "," "," "," "," ","!","!","!","!","!","!","!","!","!","!"]}},"4651":{"3631":{"keys":[102,138],"grid":[" "," "," "," "," "," "," ","!","!","!","!","!","!","!","!","!"]}},"4638":{"3733":{"keys":[153,137,138],"grid":[" !!0"," &!,","#! )!(","#% )!%","#( *","#+ '","#/ #","#","#","#","#","#","#","#","#","#"]},"3641":{"keys":[102,137],"grid":[" ","!! 0","!$ .","!& ,","!' +","!) )","!+ '","!- %","!/ #","!0 !","!","!","!","!","!","!"]}},"4657":{"3631":{"keys":[102,138],"grid":[" "," "," "," "," "," ","!","!","!","!","!","!","!","!","!","!"]}},"4829":{"3825":{"keys":[138,152],"grid":[" /!#"," 0!!"," "," "," "," "," "," "," "," "," "," "," "," "," "," "]},"3824":{"keys":[152,138],"grid":[" "," "," "," "," ","!! 0","!# /","!% -","!& ,","!' +","!( *","!) )","!* (","!, &","!- %","!. $"]},"3822":{"keys":[138,152],"grid":[" ","!","!","!","!","!","!","!","!","!","!","!","!","!","!","!"]}},"4826":{"3822":{"keys":[138,152],"grid":[" "," (!*"," )!)"," *!("," +!'"," ,!&"," .!$"," /!#"," 0!!"," "," "," "," "," "," "," "]}},"4659":{"3631":{"keys":[102,138],"grid":[" "," "," "," "," "," ","!","!","!","!","!","!","!","!","!","!"]}},"4827":{"3823":{"keys":[138,152],"grid":[" )!)"," +!'"," ,!&"," -!%"," .!$"," /!#"," 0!!"," "," "," "," "," "," "," "," "," "]},"3822":{"keys":[138,152],"grid":[" ","!","!","!","!","!","!","!","!","!"," !!0"," $!."," %!-"," &!,"," '!+"," (!*"]}},"4632":{"3637":{"keys":[102,137],"grid":[" "," "," "," "," "," "," "," "," "," ","!# /","!$ .","!& ,","!( *","!) )","!+ '"]},"3733":{"keys":[153,138],"grid":[" #!/","!","!","!","!","!","!","!","!","!","!","!","!","!","!","!"]},"3732":{"keys":[137,153,138],"grid":[" "," "," "," "," "," "," "," "," /!#","!","!","!","!","!","!+#'","!(#*"]},"3638":{"keys":[137,102],"grid":[" -!%"," /!#"," 0!!"," "," "," "," "," "," "," "," "," "," "," "," "," "]}},"4658":{"3631":{"keys":[102,138],"grid":[" "," "," "," "," "," ","!","!","!","!","!","!","!","!","!","!"]}},"4626":{"3634":{"keys":[102,137],"grid":[" "," "," ","!! 0","!$ .","!& ,","!( *","!) )","!+ '","!- %","!/ #","!0 !","!","!","!","!"]},"3734":{"keys":[137,153,138],"grid":[" ","!! 0","!$ .","!& ,","!+ '","!","!","#&!,","#+!'","#","#","#","#","#","#","#"]}},"4848":{"3815":{"keys":[138,152],"grid":[" "," "," "," "," "," "," "," "," "," ","!* (","!","!","!","!","!"]}},"4849":{"3815":{"keys":[138,152],"grid":[" "," "," "," "," "," "," "," "," "," "," ","!","!","!","!","!"]}},"4844":{"3815":{"keys":[138,152],"grid":[" "," "," "," "," "," "," "," ","!","!","!","!","!","!","!","!"]}},"4845":{"3815":{"keys":[138,152],"grid":[" "," "," "," "," "," "," "," "," ","!","!","!","!","!","!","!"]}},"4639":{"3733":{"keys":[137,153,138],"grid":[" "," "," "," "," ","!% -","!( *","##!* &","#'!) #","#+!'","#/!#","#","#","#","#","#"]},"3642":{"keys":[137,102],"grid":[" ,!&"," .!$"," 0!!"," "," "," "," "," "," "," "," "," "," "," "," "," "]},"3641":{"keys":[102,137],"grid":[" "," "," "," "," "," "," "," "," "," ","!! 0","!$ .","!% -","!' +","!) )","!+ '"]}},"4847":{"3815":{"keys":[138,152],"grid":[" "," "," "," "," "," "," "," "," "," ","!","!","!","!","!","!"]}},"4840":{"3822":{"keys":[138,152],"grid":[" ","!","!","!","!","!","!","!","!","!","!","!","!","!","!","!"]},"3817":{"keys":[138],"grid":[" "," "," "," "," "," "," "," "," "," "," "," "," "," "," "," "]},"3815":{"keys":[138,152],"grid":[" "," "," "," "," "," "," "," .!$","07"," /!#","09"," 0!!"," "," "," "," "]}},"4841":{"3816":{"keys":[138,152],"grid":[" !!0"," #!/","01","01","01","01","01","01","01","01","01","00","00","00","!","!"]},"3817":{"keys":[152,138],"grid":[" "," "," "," "," "," "," "," "," "," "," "," ","!! 0","12","12","!# /"]},"3821":{"keys":[138,152],"grid":[" '!+","00","00"," (!*","03","03","00","00","00"," &!,","09"," %!-","11"," $!.","13"," #!/"]},"3820":{"keys":[138,152],"grid":[" '!+","00","00"," (!*","03","03","03","03","03","03","03","03","03","03","00","00"]},"3818":{"keys":[138,152],"grid":[" #!/","00"," $!.","02","02","02","02","02"," %!-","08","08","08","08"," &!,","13","13"]},"3819":{"keys":[138,152],"grid":[" &!,"," '!+","01","01","01","01","01","00","00","00"," %!-","10","10","10","00","00"]},"3815":{"keys":[138,152],"grid":[" "," "," "," "," "," "," ","!","!","!","!","!","!","!"," !!0","14"]},"3822":{"keys":[138,152],"grid":[" #!/","!","!","!","!","!","!","!","!","!","!","!","!","!","!","!"]}},"4842":{"3815":{"keys":[138,152],"grid":[" "," "," "," "," "," "," ","!","!","!","!","!","!","!","!","!"]}},"4647":{"3631":{"keys":[102,138],"grid":[" "," "," "," "," "," ","!","!","!","!","!","!","!","!","!","!"]}},"4837":{"3822":{"keys":[138,152],"grid":[" ","!","!","!","!","!","!","!","!","!","!","!","!","!","!","!"]}},"4663":{"3631":{"keys":[102,138],"grid":[" "," "," "," "," "," ","!","!","!","!","!","!","!","!","!","!"]}},"4627":{"3634":{"keys":[102,137],"grid":[" "," "," "," "," "," "," "," "," "," "," "," ","!! 0","!$ .","!% -","!' +"]},"3635":{"keys":[137,102],"grid":[" )!)"," +!'"," -!%"," .!$"," 0!!"," "," "," "," "," "," "," "," "," "," "," "]},"3734":{"keys":[137,153,138],"grid":[" "," "," "," "," -!%","!","!","!","!","#&!%#(","#","#","#","#","#","#"]}},"4620":{"3736":{"keys":[137,138],"grid":[" #!/"," !!0","!","!","!","!","!","!","!","!","!","!","!","!","!","!"]},"3735":{"keys":[137,138,153],"grid":[" /!#"," .!$"," ,!&"," +!'"," *!("," (#!!)","05"," '#!!*"," '!+","08","08"," &!,","11"," %!-"," $!.","14"]},"3734":{"keys":[137],"grid":[" "," "," "," "," "," "," "," "," "," "," "," "," "," "," "," "]},"3630":{"keys":[102,137],"grid":[" "," "," "," "," "," "," "," "," "," "," "," "," ","!# /","!% -","!' +"]},"3631":{"keys":[137,102],"grid":[" (!*"," *!("," ,!&"," .!$"," 0!!"," "," "," "," "," "," "," "," "," "," "," "]}},"4621":{"3734":{"keys":[137,153,138],"grid":[" ,!$##"," ,!!#%"," +!!#&"," *!!#'"," )!##'"," )#)"," (!!#)"," (#*"," '#+"," &#,","09"," %#-"," $#.","12"," ##/"," !#0"]},"3733":{"keys":[137,153,138],"grid":[" "," "," "," "," "," "," "," "," "," "," "," "," "," /!#"," .!$"," -!$#!"]},"3631":{"keys":[102,137],"grid":[" "," "," "," "," ","!! 0","!# /","!% -","!' +","!( *","!* (","!, &","!. $","!/ #","!","!"]}},"4622":{"3632":{"keys":[137,102],"grid":[" %!-"," '!+"," (!*"," *!("," +!'"," -!%"," /!#"," "," "," "," "," "," "," "," "," "]},"3733":{"keys":[137,153,138],"grid":[" "," "," "," "," "," "," "," "," "," "," "," "," #!/","!","!+#!!&","#"]},"3631":{"keys":[102,137],"grid":[" "," "," "," "," "," "," "," "," "," "," "," "," "," "," ","!# /"]}},"4623":{"3632":{"keys":[102,137],"grid":[" "," "," "," "," "," "," "," ","!# /","!$ .","!& ,","!( *","!* (","!, &","!. $","!/ #"]},"3734":{"keys":[138],"grid":[" "," "," "," "," "," "," "," "," "," "," "," "," "," "," "," "]},"3733":{"keys":[137,153,138],"grid":[" "," "," "," "," "," "," "," "," "," "," "," ","!# -!#","!","!","#*!("]},"3633":{"keys":[137],"grid":[" "," "," "," "," "," "," "," "," "," "," "," "," "," "," "," "]}},"4624":{"3734":{"keys":[153,137,138],"grid":[" -!%","#( *","#","#","#","#","#","#","#","#","#","#","#","#","#","#"]},"3733":{"keys":[137,153],"grid":[" "," "," "," "," "," "," "," "," "," "," "," ","!$ .","!& ,","!( *","!* ("]},"3633":{"keys":[102,137],"grid":[" ","!# /","!$ .","!& ,","!( *","!* (","!+ '","!- %","!/ #","!","!","!","!","!","!","!"]}},"4625":{"3634":{"keys":[137,102],"grid":[" -!%"," /!#"," 0!!"," "," "," "," "," "," "," "," "," "," "," "," "," "]},"3734":{"keys":[137,153,138],"grid":[" (!) !","!","!","#&!,","#)!)","#-!%","#","#","#","#","#","#","#","#","#","#"]},"3733":{"keys":[137,153],"grid":[" "," "," "," "," "," "," "," "," "," "," "," "," "," "," "," ,!# $"]},"3633":{"keys":[102,137],"grid":[" "," "," "," "," "," "," "," "," "," ","!! 0","!$ .","!& ,","!( *","!) )","!+ '"]}},"4608":{"3759":{"keys":[137,138],"grid":[" -!%"," )!)"," %!-"," !!0","!","!","!","!","!","!","!","!","!","!","!","!"]},"3758":{"keys":[137,138],"grid":[" "," "," "," "," "," "," "," "," "," "," "," "," "," "," "," 0!!"]},"3771":{"keys":[137,138],"grid":[" "," "," "," "," "," "," "," +!'"," $!.","!","!","!","!","!","!","!"]},"3816":{"keys":[138,137],"grid":[" "," "," "," "," "," "," "," "," "," "," "," "," ","!! 0","13","13"]},"3817":{"keys":[137,138],"grid":[" !!0","00","00","00","00","00","00","00","00","00","00","!","!","!","!","!"]},"3820":{"keys":[138,137],"grid":[" &!,"," $!.","!","!","!","!","!","!","!","!","!","!","!","!","!","!"]},"3768":{"keys":[138,137],"grid":[" "," "," "," "," "," "," "," "," ","!( *","!- %","!","!","!","!","!"]},"3623":{"keys":[102],"grid":[" "," "," "," "," "," "," "," "," "," "," "," "," "," "," "," "]},"3819":{"keys":[138,137],"grid":[" "," "," "," "," "," "," "," "," "," .!$"," -!%"," +!'"," *!("," )!)"," (!*"," '!+"]},"3624":{"keys":[137,102],"grid":[" !!0"," $!."," &!,"," '!+"," )!)"," +!'"," ,!&"," .!$"," 0!!"," "," "," "," "," "," "," "]}},"4609":{"3827":{"keys":[137,138],"grid":[" )!)","00"," (!*","02","02","02","02"," '!+","07","07","07","07","07"," &!,","13","13"]},"3758":{"keys":[137,138],"grid":[" "," "," "," "," "," "," "," "," "," "," "," /!#"," +!'"," '!+"," $!.","!"]},"3825":{"keys":[137,138],"grid":[" -!%","00","00","00"," ,!&","04","04","04","04"," +!'","09","09","09","09","09","09"]},"3824":{"keys":[137,138],"grid":[" "," 0!!","01","01","01","01"," /!#","06","06","06","06"," .!$","11","11","11"," -!%"]},"3823":{"keys":[137],"grid":[" "," "," "," "," "," "," "," "," "," "," "," "," "," "," "," "]},"3826":{"keys":[137,138],"grid":[" +!'","00"," *!(","02","02","02","02","02","02"," )!)","09","09","09","09","09","09"]},"3768":{"keys":[138,137],"grid":[" "," "," "," "," "," "," "," "," "," "," ","!$ .","!% -","12","!& ,","14"]},"3769":{"keys":[137,138],"grid":[" &!,","00"," '!+","02","02","02","02","02","02","02"," (!*","10","10","10","10"," )!)"]},"3819":{"keys":[138,137],"grid":[" "," "," "," "," "," "," "," "," .!$","!' %!'","!( !!)","!","!","!","!","!"]},"3625":{"keys":[137,102],"grid":[" /!#"," 0!!"," "," "," "," "," "," "," "," "," "," "," "," "," "," "]},"3771":{"keys":[137,138],"grid":[" &!,","00","00"," %!-","03"," $!.","!","!","!","!","!","!","!","!","!","!"]},"3829":{"keys":[137,138],"grid":[" %!-","00","00","00","00","00"," &!,","06","06"," '!+","09"," (!*","11"," )!)"," *!(","14"]},"3624":{"keys":[102,137],"grid":[" "," "," "," "," "," "," "," "," ","!! 0","!$ .","!& ,","!' +","!) )","!+ '","!- %"]},"3770":{"keys":[137,138],"grid":[" )!)","00","00","00","00","00","00","00"," (!*","08","08"," '!+","11","11","11"," &!,"]},"3830":{"keys":[137,138],"grid":[" +!'"," ,!&","01"," -!%"," .!$","04"," /!#"," 0!!"," "," "," "," "," "," "," "," "]},"3828":{"keys":[137,138],"grid":[" &!,","00"," %!-","02","02","02","02","02"," $!.","08","08","08","08","08","08","08"]}},"4628":{"3733":{"keys":[137],"grid":[" "," "," "," "," "," "," "," "," "," "," "," "," "," "," "," "]},"3734":{"keys":[137,153,138],"grid":[" /!#"," -!%"," *!("," (!*","!","!/##","!+#'","!&#,","!!#0","#","#","#","#","#","#","#"]},"3635":{"keys":[102,137],"grid":[" "," "," "," "," ","!! 0","!$ .","!% -","!' +","!) )","!+ '","!, &","!. $","!0 !","!","!"]}},"4629":{"3636":{"keys":[137,102],"grid":[" %!-"," '!+"," )!)"," *!("," ,!&"," .!$"," /!#"," "," "," "," "," "," "," "," "," "]},"3733":{"keys":[137,153,138],"grid":[" "," "," "," "," "," "," "," /!#"," .!$"," ,!&"," *!("," )!(#!"," '!)##"," %!)#%"," #!)#'","!*#("]},"3734":{"keys":[153,138],"grid":[" (!*"," &!,"," %!-"," #!/","!","!","!","!","!","!","!","!","!","!","!","!"]},"3635":{"keys":[102,137],"grid":[" "," "," "," "," "," "," "," "," "," "," "," "," "," ","!! 0","!# /"]}},"4846":{"3815":{"keys":[138,152],"grid":[" "," "," "," "," "," "," "," "," ","!- %","!","!","!","!","!","!"]}},"4839":{"3822":{"keys":[138,152],"grid":[" ","!","!","!","!","!","!","!","!","!","!","!","!","!","!","!"]}},"4838":{"3822":{"keys":[138,152],"grid":[" ","!","!","!","!","!","!","!","!","!","!","!","!","!","!","!"]}},"4648":{"3631":{"keys":[102,138],"grid":[" "," "," "," "," "," "," ","!","!","!","!","!","!","!","!","!"]}},"4649":{"3631":{"keys":[102,138],"grid":[" "," "," "," "," "," "," ","!","!","!","!","!","!","!","!","!"]}},"4828":{"3824":{"keys":[138,152],"grid":[" ,!&"," -!%"," /!#"," 0!!"," "," "," "," "," "," "," "," "," "," "," "," "]},"3823":{"keys":[152,138],"grid":[" "," "," "," "," "," "," ","!! 0","!# /","!$ .","!% -","!& ,","!( *","!) )","!* (","!+ '"]},"3822":{"keys":[138,152],"grid":[" ","!","!","!","!","!","!","!","!","!","!","!","!","!","!","!"]}},"4654":{"3631":{"keys":[102,138],"grid":[" "," "," "," "," "," "," !!& !!*","!","!","!","!","!","!","!","!","!"]}},"4831":{"3826":{"keys":[138,152],"grid":[" !!0"," #!/"," $!."," %!-"," '!+"," (!*"," )!)"," *!("," +!'"," -!%"," .!$"," /!#"," 0!!"," "," "," "]},"3825":{"keys":[152],"grid":[" "," "," "," "," "," "," "," "," "," "," "," "," "," "," "," "]},"3822":{"keys":[138,152],"grid":[" ","!","!","!","!","!","!","!","!","!","!","!","!","!","!","!"]}},"4830":{"3825":{"keys":[152,138],"grid":[" "," "," ","!# /","!$ .","!% -","!& ,","!' +","!) )","!* (","!+ '","!, &","!- %","!. $","!0 !","!"]},"3822":{"keys":[138,152],"grid":[" ","!","!","!","!","!","!","!","!","!","!","!","!","!","!","!"]}},"4655":{"3631":{"keys":[102,138],"grid":[" "," "," "," "," "," ","!","!","!","!","!","!","!","!","!","!"]}},"4832":{"3827":{"keys":[138,152],"grid":[" %!-"," &!,"," '!+"," (!*"," )!)"," +!'"," ,!&"," -!%"," .!$"," /!#"," "," "," "," "," "," "]},"3826":{"keys":[152,138],"grid":[" "," "," "," "," "," "," "," "," "," "," "," "," "," ","!! 0","!$ ."]},"3822":{"keys":[138,152],"grid":[" ","!","!","!","!","!","!","!","!","!","!","!","!","!","!","!"]}},"4660":{"3631":{"keys":[102,138],"grid":[" "," "," "," "," "," ","!","!","!","!","!","!","!","!","!","!"]}},"4661":{"3631":{"keys":[102,138],"grid":[" "," "," "," "," "," ","!","!","!","!","!","!","!","!","!","!"]}},"4662":{"3631":{"keys":[102,138],"grid":[" "," "," "," "," "," ","!","!","!","!","!","!","!","!","!","!"]}},"4836":{"3822":{"keys":[138,152],"grid":[" ","!","!","!","!","!","!","!","!","!","!","!","!","!","!","!"]}},"4642":{"3715":{"keys":[137,138],"grid":[" #!/","00","00","00","00","00","00","00","00","00","00","00","00","00","00","00"]},"3714":{"keys":[137,138],"grid":[" #!/","00","00","00","00","00","00","00","00","00","00","00","00","00","00","00"]},"3717":{"keys":[137,138],"grid":[" #!/","00","00","00","00","00","00","00","00","00","00","00","00","00","00","00"]},"3716":{"keys":[137,138],"grid":[" #!/","00","00","00","00","00","00","00","00","00","00","00","00","00","00","00"]},"3711":{"keys":[137,138],"grid":[" #!/","00","00","00","00","00","00","00","00","00","00","00","00","00","00","00"]},"3710":{"keys":[137,138],"grid":[" #!/","00","00","00","00","00","00","00","00","00","00","00","00","00","00","00"]},"3713":{"keys":[137,138],"grid":[" #!/","00","00","00","00","00","00","00","00","00","00","00","00","00","00","00"]},"3712":{"keys":[137,138],"grid":[" #!/","00","00","00","00","00","00","00","00","00","00","00","00","00","00","00"]},"3719":{"keys":[137,138],"grid":[" #!/","00","00","00","00","00","00","00","00","00","00","00","00","00","00","00"]},"3718":{"keys":[137,138],"grid":[" #!/","00","00","00","00","00","00","00","00","00","00","00","00","00","00","00"]},"3658":{"keys":[137,138],"grid":[" #!/","00","00","00","00","00","00","00","00","00","00","00","00","00","00","00"]},"3659":{"keys":[137,138],"grid":[" #!/","00","00","00","00","00","00","00","00","00","00","00","00","00","00","00"]},"3654":{"keys":[137,138],"grid":[" #!/","00","00","00","00","00","00","00","00","00","00","00","00","00","00","00"]},"3655":{"keys":[137,138],"grid":[" #!/","00","00","00","00","00","00","00","00","00","00","00","00","00","00","00"]},"3656":{"keys":[137,138],"grid":[" #!/","00","00","00","00","00","00","00","00","00","00","00","00","00","00","00"]},"3657":{"keys":[137,138],"grid":[" #!/","00","00","00","00","00","00","00","00","00","00","00","00","00","00","00"]},"3650":{"keys":[137,138],"grid":[" #!/","00","00","00","00","00","00","00","00","00","00","00","00","00","00","00"]},"3651":{"keys":[137,138],"grid":[" #!/","00","00","00","00","00","00","00","00","00","00","00","00","00","00","00"]},"3652":{"keys":[137,138],"grid":[" #!/","00","00","00","00","00","00","00","00","00","00","00","00","00","00","00"]},"3653":{"keys":[137,138],"grid":[" #!/","00","00","00","00","00","00","00","00","00","00","00","00","00","00","00"]},"3649":{"keys":[137,138],"grid":[" #!/","00","00","00","00","00","00","00","00","00","00","00","00","00","00","00"]},"3648":{"keys":[137,138],"grid":[" #!/","00","00","00","00","00","00","00","00","00","00","00","00","00","00","00"]},"3647":{"keys":[137,138],"grid":[" #!/","00","00","00","00","00","00","00","00","00","00","00","00","00","00","00"]},"3646":{"keys":[137,138],"grid":[" #!/","00","00","00","00","00","00","00","00","00","00","00","00","00","00","00"]},"3645":{"keys":[137,138],"grid":[" #!/","00","00","00","00","00","00","00","00","00","00","00","00","00","00","00"]},"3644":{"keys":[137,138],"grid":[" #!/","00","00","00","00","00","00","00","00","00","00","00","00","00","00","00"]},"3643":{"keys":[102,138,137],"grid":[" #!/","00"," $!.","02","00","00","##!/","06","06","06","06","06","06","06","06","06"]},"3642":{"keys":[102,138],"grid":[" $!.","00","00","00","00","00","00","00","00","00","00","00","00"," #!/","13","13"]},"3641":{"keys":[102,138],"grid":[" $!.","00","00","00","00","00","00","00","00","00","00","00","00","00","00","00"]},"3640":{"keys":[102,138],"grid":[" $!.","00","00","00","00","00","00","00"," #!/","08","08","08","08","00","00","00"]},"3678":{"keys":[137,138],"grid":[" #!/","00","00","00","00","00","00","00","00","00","00","00","00","00","00","00"]},"3679":{"keys":[137,138],"grid":[" #!/","00","00","00","00","00","00","00","00","00","00","00","00","00","00","00"]},"3672":{"keys":[137,138],"grid":[" #!/","00","00","00","00","00","00","00","00","00","00","00","00","00","00","00"]},"3673":{"keys":[137,138],"grid":[" #!/","00","00","00","00","00","00","00","00","00","00","00","00","00","00","00"]},"3670":{"keys":[137,138],"grid":[" #!/","00","00","00","00","00","00","00","00","00","00","00","00","00","00","00"]},"3671":{"keys":[137,138],"grid":[" #!/","00","00","00","00","00","00","00","00","00","00","00","00","00","00","00"]},"3676":{"keys":[137,138],"grid":[" #!/","00","00","00","00","00","00","00","00","00","00","00","00","00","00","00"]},"3677":{"keys":[137,138],"grid":[" #!/","00","00","00","00","00","00","00","00","00","00","00","00","00","00","00"]},"3674":{"keys":[137,138],"grid":[" #!/","00","00","00","00","00","00","00","00","00","00","00","00","00","00","00"]},"3675":{"keys":[137,138],"grid":[" #!/","00","00","00","00","00","00","00","00","00","00","00","00","00","00","00"]},"3665":{"keys":[137,138],"grid":[" #!/","00","00","00","00","00","00","00","00","00","00","00","00","00","00","00"]},"3664":{"keys":[137,138],"grid":[" #!/","00","00","00","00","00","00","00","00","00","00","00","00","00","00","00"]},"3667":{"keys":[137,138],"grid":[" #!/","00","00","00","00","00","00","00","00","00","00","00","00","00","00","00"]},"3666":{"keys":[137,138],"grid":[" #!/","00","00","00","00","00","00","00","00","00","00","00","00","00","00","00"]},"3661":{"keys":[137,138],"grid":[" #!/","00","00","00","00","00","00","00","00","00","00","00","00","00","00","00"]},"3660":{"keys":[137,138],"grid":[" #!/","00","00","00","00","00","00","00","00","00","00","00","00","00","00","00"]},"3663":{"keys":[137,138],"grid":[" #!/","00","00","00","00","00","00","00","00","00","00","00","00","00","00","00"]},"3662":{"keys":[137,138],"grid":[" #!/","00","00","00","00","00","00","00","00","00","00","00","00","00","00","00"]},"3669":{"keys":[137,138],"grid":[" #!/","00","00","00","00","00","00","00","00","00","00","00","00","00","00","00"]},"3668":{"keys":[137,138],"grid":[" #!/","00","00","00","00","00","00","00","00","00","00","00","00","00","00","00"]},"3698":{"keys":[137,138],"grid":[" #!/","00","00","00","00","00","00","00","00","00","00","00","00","00","00","00"]},"3699":{"keys":[137,138],"grid":[" #!/","00","00","00","00","00","00","00","00","00","00","00","00","00","00","00"]},"3690":{"keys":[137,138],"grid":[" #!/","00","00","00","00","00","00","00","00","00","00","00","00","00","00","00"]},"3691":{"keys":[137,138],"grid":[" #!/","00","00","00","00","00","00","00","00","00","00","00","00","00","00","00"]},"3692":{"keys":[137,138],"grid":[" #!/","00","00","00","00","00","00","00","00","00","00","00","00","00","00","00"]},"3693":{"keys":[137,138],"grid":[" #!/","00","00","00","00","00","00","00","00","00","00","00","00","00","00","00"]},"3694":{"keys":[137,138],"grid":[" #!/","00","00","00","00","00","00","00","00","00","00","00","00","00","00","00"]},"3695":{"keys":[137,138],"grid":[" #!/","00","00","00","00","00","00","00","00","00","00","00","00","00","00","00"]},"3696":{"keys":[137,138],"grid":[" #!/","00","00","00","00","00","00","00","00","00","00","00","00","00","00","00"]},"3697":{"keys":[137,138],"grid":[" #!/","00","00","00","00","00","00","00","00","00","00","00","00","00","00","00"]},"3728":{"keys":[137,138],"grid":[" #!/","00","00","00","00","00","00","00","00","00","00","00","00","00","00","00"]},"3729":{"keys":[137,138],"grid":[" #!/","00","00","00","00","00","00","00","00","00","00","00","00","00","00","00"]},"3724":{"keys":[137,138],"grid":[" #!/","00","00","00","00","00","00","00","00","00","00","00","00","00","00","00"]},"3725":{"keys":[137,138],"grid":[" #!/","00","00","00","00","00","00","00","00","00","00","00","00","00","00","00"]},"3726":{"keys":[137,138],"grid":[" #!/","00","00","00","00","00","00","00","00","00","00","00","00","00","00","00"]},"3727":{"keys":[137,138],"grid":[" #!/","00","00","00","00","00","00","00","00","00","00","00","00","00","00","00"]},"3720":{"keys":[137,138],"grid":[" #!/","00","00","00","00","00","00","00","00","00","00","00","00","00","00","00"]},"3721":{"keys":[137,138],"grid":[" #!/","00","00","00","00","00","00","00","00","00","00","00","00","00","00","00"]},"3722":{"keys":[137,138],"grid":[" #!/","00","00","00","00","00","00","00","00","00","00","00","00","00","00","00"]},"3723":{"keys":[137,138],"grid":[" #!/","00","00","00","00","00","00","00","00","00","00","00","00","00","00","00"]},"3689":{"keys":[137,138],"grid":[" #!/","00","00","00","00","00","00","00","00","00","00","00","00","00","00","00"]},"3688":{"keys":[137,138],"grid":[" #!/","00","00","00","00","00","00","00","00","00","00","00","00","00","00","00"]},"3683":{"keys":[137,138],"grid":[" #!/","00","00","00","00","00","00","00","00","00","00","00","00","00","00","00"]},"3682":{"keys":[137,138],"grid":[" #!/","00","00","00","00","00","00","00","00","00","00","00","00","00","00","00"]},"3681":{"keys":[137,138],"grid":[" #!/","00","00","00","00","00","00","00","00","00","00","00","00","00","00","00"]},"3680":{"keys":[137,138],"grid":[" #!/","00","00","00","00","00","00","00","00","00","00","00","00","00","00","00"]},"3687":{"keys":[137,138],"grid":[" #!/","00","00","00","00","00","00","00","00","00","00","00","00","00","00","00"]},"3686":{"keys":[137,138],"grid":[" #!/","00","00","00","00","00","00","00","00","00","00","00","00","00","00","00"]},"3685":{"keys":[137,138],"grid":[" #!/","00","00","00","00","00","00","00","00","00","00","00","00","00","00","00"]},"3684":{"keys":[137,138],"grid":[" #!/","00","00","00","00","00","00","00","00","00","00","00","00","00","00","00"]},"3638":{"keys":[102,138],"grid":[" #!/","00","00","00","00","00","00","00","00","00","00","00","00"," $!.","13","13"]},"3639":{"keys":[102,138],"grid":[" $!.","00","00","00","00","00","00","00"," #!/","08","08","08","08","00","00","00"]},"3636":{"keys":[102,138],"grid":[" #!/","00","00","00","00","00","00","00","00","00","00","00","00"," $!.","13","13"]},"3637":{"keys":[102,138],"grid":[" #!/","00","00","00","00","00","00","00","00","00","00","00","00"," $!.","13","13"]},"3634":{"keys":[102,138],"grid":[" #!/","00","00","00","00","00","00","00"," $!.","08","08","00","00","00","00","00"]},"3635":{"keys":[102,138],"grid":[" #!/","00","00","00","00","00","00","00","00","00","00","00","00","00","00","00"]},"3632":{"keys":[102,138],"grid":[" #!/","00","00","00","00","00","00","00","00","00","00","00","00","00","00","00"]},"3633":{"keys":[102,138],"grid":[" #!/","00","00","00","00","00","00","00","00","00","00","00","00","00","00","00"]},"3631":{"keys":[102,138],"grid":[" "," "," "," "," "," #!/","05","05","05","05","05","05","05","05","05","05"]},"3734":{"keys":[137,138],"grid":[" #!/","00","00","00","!","!","!","!","!","!","!","!","!","!","!","!"]},"3733":{"keys":[137,138],"grid":[" #!/","00","00","00","00","00","00","00","00","00","00","00","00","00","00","00"]},"3732":{"keys":[137,138],"grid":[" #!/","00","00","00","00","00","00","00","00","00","00","00","00","00","00","00"]},"3731":{"keys":[137,138],"grid":[" #!/","00","00","00","00","00","00","00","00","00","00","00","00","00","00","00"]},"3730":{"keys":[137,138],"grid":[" #!/","00","00","00","00","00","00","00","00","00","00","00","00","00","00","00"]},"3708":{"keys":[137,138],"grid":[" #!/","00","00","00","00","00","00","00","00","00","00","00","00","00","00","00"]},"3709":{"keys":[137,138],"grid":[" #!/","00","00","00","00","00","00","00","00","00","00","00","00","00","00","00"]},"3702":{"keys":[137,138],"grid":[" #!/","00","00","00","00","00","00","00","00","00","00","00","00","00","00","00"]},"3703":{"keys":[137,138],"grid":[" #!/","00","00","00","00","00","00","00","00","00","00","00","00","00","00","00"]},"3700":{"keys":[137,138],"grid":[" #!/","00","00","00","00","00","00","00","00","00","00","00","00","00","00","00"]},"3701":{"keys":[137,138],"grid":[" #!/","00","00","00","00","00","00","00","00","00","00","00","00","00","00","00"]},"3706":{"keys":[137,138],"grid":[" #!/","00","00","00","00","00","00","00","00","00","00","00","00","00","00","00"]},"3707":{"keys":[137,138],"grid":[" #!/","00","00","00","00","00","00","00","00","00","00","00","00","00","00","00"]},"3704":{"keys":[137,138],"grid":[" #!/","00","00","00","00","00","00","00","00","00","00","00","00","00","00","00"]},"3705":{"keys":[137,138],"grid":[" #!/","00","00","00","00","00","00","00","00","00","00","00","00","00","00","00"]}},"4656":{"3631":{"keys":[102,138],"grid":[" "," "," "," "," "," ","!","!","!","!","!","!","!","!","!","!"]}},"4643":{"3631":{"keys":[102,138],"grid":[" "," "," "," "," ","!","!","!","!","!","!","!","!","!","!","!"]}},"4664":{"3593":{"keys":[102,138],"grid":[" 0!!","00","00","00","00","00","00","00","00","00","00","00","00","00","00","00"]},"3592":{"keys":[102,138],"grid":[" 0!!","00","00","00","00","00","00","00","00","00","00","00","00","00","00","00"]},"3591":{"keys":[102,138],"grid":[" 0!!","00","00","00","00"," "," "," "," "," "," "," "," "," ","00","00"]},"3590":{"keys":[102,138],"grid":[" 0!!","00","00","00","00","00","00","00","00","00","00","00","00","00","00","00"]},"3597":{"keys":[102,138],"grid":[" 0!!","00","00","00","00","00","00","00","00","00","00","00","00","00","00","00"]},"3596":{"keys":[102,138],"grid":[" 0!!","00","00","00","00","00","00","00","00","00","00","00","00","00","00","00"]},"3595":{"keys":[102,138],"grid":[" 0!!","00","00","00","00","00","00","00","00","00","00","00","00","00","00","00"]},"3594":{"keys":[102,138],"grid":[" 0!!","00","00","00","00","00","00","00","00","00","00","00","00","00","00","00"]},"3618":{"keys":[102,138],"grid":[" 0!!","00","00","00","00","00","00","00","00","00","00","00","00","00","00","00"]},"3619":{"keys":[102,138],"grid":[" 0!!","00","00","00","00","00","00","00","00","00","00","00","00","00","00","00"]},"3599":{"keys":[102,138],"grid":[" 0!!","00","00","00","00","00","00","00","00","00","00","00","00","00","00","00"]},"3598":{"keys":[102,138],"grid":[" 0!!","00","00","00","00","00","00","00","00","00","00","00","00","00","00","00"]},"3612":{"keys":[102,138],"grid":[" 0!!","00","00","00","00","00","00","00","00","00","00","00","00","00","00","00"]},"3630":{"keys":[102,138],"grid":[" 0!!","00","00","00","00","00","00","00","00","00","00","00","00","00","00","00"]},"3631":{"keys":[102,138],"grid":[" 0!!","00","00","00","00","00","!","!","!","!","!","!","!","!","!","!"]},"3611":{"keys":[102,138],"grid":[" 0!!","00","00","00","00","00","00","00","00","00","00","00","00","00","00","00"]},"3613":{"keys":[102,138],"grid":[" 0!!","00","00","00","00","00","00","00","00","00","00","00","00","00","00","00"]},"3608":{"keys":[102,138],"grid":[" 0!!","00","00","00","00","00","00","00","00","00","00","00","00","00","00","00"]},"3614":{"keys":[102,138],"grid":[" 0!!","00","00","00","00","00","00","00","00","00","00","00","00","00","00","00"]},"3585":{"keys":[102],"grid":[" "," "," "," "," "," "," "," "," "," "," "," "," "," "," "," "]},"3586":{"keys":[102,138],"grid":[" "," "," "," "," 0!!","04","04","04","04","04","04","04","04","04","04","04"]},"3617":{"keys":[102,138],"grid":[" 0!!","00","00","00","00","00","00","00","00","00","00","00","00","00","00","00"]},"3610":{"keys":[102,138],"grid":[" 0!!","00","00","00","00","00","00","00","00","00","00","00","00","00","00","00"]},"3588":{"keys":[102,138],"grid":[" "," "," "," "," 0!!","04","04","04","04","04","04","04","04","04","04","04"]},"3589":{"keys":[102,138],"grid":[" 0!!","00","00","00","00"," "," "," "," "," "," "," "," ","00","00","00"]},"3609":{"keys":[102,138],"grid":[" 0!!","00","00","00","00","00","00","00","00","00","00","00","00","00","00","00"]},"3603":{"keys":[102,138],"grid":[" 0!!","00","00","00","00","00","00","00","00","00","00","00","00","00","00","00"]},"3628":{"keys":[102,138],"grid":[" 0!!","00","00","00","00","00","00","00","00","00","00","00","00","00","00","00"]},"3601":{"keys":[102,138],"grid":[" 0!!","00","00","00","00","00","00","00","00","00","00","00","00","00","00","00"]},"3600":{"keys":[102,138],"grid":[" 0!!","00","00","00","00","00","00","00","00","00","00","00","00","00","00","00"]},"3607":{"keys":[102,138],"grid":[" 0!!","00","00","00","00","00","00","00","00","00","00","00","00","00","00","00"]},"3606":{"keys":[102,138],"grid":[" 0!!","00","00","00","00","00","00","00","00","00","00","00","00","00","00","00"]},"3605":{"keys":[102,138],"grid":[" 0!!","00","00","00","00","00","00","00","00","00","00","00","00","00","00","00"]},"3604":{"keys":[102,138],"grid":[" 0!!","00","00","00","00","00","00","00","00","00","00","00","00","00","00","00"]},"3621":{"keys":[102,138],"grid":[" 0!!","00","00","00","00","00","00","00","00","00","00","00","00","00","00","00"]},"3620":{"keys":[102,138],"grid":[" 0!!","00","00","00","00","00","00","00","00","00","00","00","00","00","00","00"]},"3623":{"keys":[102,138],"grid":[" 0!!","00","00","00","00","00","00","00","00","00","00","00","00","00","00","00"]},"3587":{"keys":[102,138],"grid":[" 0!!","00","00","00"," "," "," "," "," "," "," "," "," "," "," "," "]},"3625":{"keys":[102,138],"grid":[" 0!!","00","00","00","00","00","00","00","00","00","00","00","00","00","00","00"]},"3624":{"keys":[102,138],"grid":[" 0!!","00","00","00","00","00","00","00","00","00","00","00","00","00","00","00"]},"3627":{"keys":[102,138],"grid":[" 0!!","00","00","00","00","00","00","00","00","00","00","00","00","00","00","00"]},"3626":{"keys":[102,138],"grid":[" 0!!","00","00","00","00","00","00","00","00","00","00","00","00","00","00","00"]},"3602":{"keys":[102,138],"grid":[" 0!!","00","00","00","00","00","00","00","00","00","00","00","00","00","00","00"]},"3616":{"keys":[102,138],"grid":[" 0!!","00","00","00","00","00","00","00","00","00","00","00","00","00","00","00"]},"3629":{"keys":[102,138],"grid":[" 0!!","00","00","00","00","00","00","00","00","00","00","00","00","00","00","00"]},"3615":{"keys":[102,138],"grid":[" 0!!","00","00","00","00","00","00","00","00","00","00","00","00","00","00","00"]},"3622":{"keys":[102,138],"grid":[" 0!!","00","00","00","00","00","00","00","00","00","00","00","00","00","00","00"]},"3584":{"keys":[102,138],"grid":[" "," "," "," "," "," "," "," "," "," 0!!","09","09","09","09"," "," "]}},"4640":{"3734":{"keys":[138],"grid":[" "," "," "," "," "," "," "," "," "," "," "," "," "," "," "," "]},"3733":{"keys":[137,153,138],"grid":[" "," "," "," "," "," "," "," "," "," ","!# /","##!$ ,","#'!+","#+!'","#-!%","#/!#"]},"3642":{"keys":[102,137],"grid":[" "," "," ","!! 0","!# /","!% -","!' +","!) )","!* (","!, &","!. $","!/ #","!","!","!","!"]}},"4645":{"3631":{"keys":[102,138],"grid":[" "," "," "," "," "," )!$ &","!","!","!","!","!","!","!","!","!","!"]}},"4853":{"3816":{"keys":[152,138],"grid":[" *!(","00"," )!)"," (!*"," &!,"," $!."," !!0","!","!","!","!","!","!","!","!","!"]},"3815":{"keys":[138,152],"grid":[" "," "," "," "," "," "," "," "," "," "," "," "," ","!+ '","13","!* ("]}},"4852":{"3816":{"keys":[152,138],"grid":[" "," "," "," "," "," "," "," 0!!","07"," /!#","09"," .!$","09","11"," ,!&","14"]},"3817":{"keys":[152,138],"grid":[" ,!&","00"," -!%","02","02","02","00","00","00","00","00"," +!'","11","11","11","11"]},"3821":{"keys":[152,138],"grid":[" !!0","00","00","!","!","!","!","!","!","!","!","!","!","!","!","!"]},"3820":{"keys":[152,138],"grid":[" %!-","00"," $!.","02","02","02","02","02"," #!/","08","08","08","08"," !!0","13","13"]},"3818":{"keys":[152,138],"grid":[" +!'"," *!(","01","01","01","01"," )!)","06","06","06","06","06"," (!*","12","12","12"]},"3819":{"keys":[152,138],"grid":[" (!*"," '!+","01","01","01","01","01"," &!,","07","07","07","07"," %!-","12","12","12"]},"3815":{"keys":[138,152],"grid":[" "," "," "," "," "," "," "," "," "," "," "," ","!# /","!","!","!"]}},"4851":{"3826":{"keys":[152,138],"grid":[" $!."," #!/","01","01","01","01"," !!0","06","06","06","06","06","!","!","!","!"]},"3825":{"keys":[152,138],"grid":[" &!,","00","00","00","00","00"," %!-","06","06","06","06"," $!.","11","11","11","11"]},"3824":{"keys":[152,138],"grid":[" )!)","00","00","00","00"," (!*","05","05","05","05","05"," '!+","11","11","11","11"]},"3823":{"keys":[152,138],"grid":[" ,!&","00","00","00"," +!'","04","04","04","04","04"," *!(","10","10","10","10"," )!)"]},"3822":{"keys":[152,138],"grid":[" /!#","00","00","00"," .!$","04","04","04","04"," -!%","09","09","09","09","09"," ,!&"]},"3821":{"keys":[152,138],"grid":[" "," "," "," "," "," "," "," "," 0!!","08","08","08","08","08"," /!#","14"]},"3815":{"keys":[138,152],"grid":[" "," "," "," "," "," "," "," "," "," "," "," ","!","!","!","!"]},"3838":{"keys":[152,138],"grid":[" (!*","00","00","00"," )!)","04","04","04","04","04"," *!(","10","10","10","10","10"]},"3836":{"keys":[152,138],"grid":[" #!/","00","00","00","00","00"," $!.","06","06","06","06","06"," %!-","12","12","12"]},"3839":{"keys":[152,138],"grid":[" +!'","00","00","00","00","00"," ,!&","06","06","06","06","06"," -!%","12","12","12"]},"3837":{"keys":[152,138],"grid":[" %!-","00"," &!,","02","02","02","02","02"," '!+","08","08","08","08","08"," (!*","14"]},"3835":{"keys":[138,152],"grid":[" "," "," "," "," "," "," "," "," "," ","!! 0","10","10","10","10","10"]}},"4850":{"3827":{"keys":[152,138],"grid":[" 0!!","00"," /!#","02","02"," .!$","05"," -!%","07","07"," ,!&","10","10"," +!'","13","13"]},"3826":{"keys":[152,138],"grid":[" "," "," "," "," "," "," "," "," "," "," "," "," "," "," "," 0!!"]},"3830":{"keys":[152,138],"grid":[" #!/","00","00","00","00"," $!.","05","05","05","05","05"," %!-","11","11","11","11"]},"3831":{"keys":[152,138],"grid":[" %!-"," &!,","01","01","01","01","01"," '!+","07","07","07","07","07"," (!*","13","13"]},"3832":{"keys":[152,138],"grid":[" (!*","00","00"," )!)","03","03","03","03","03","03"," *!(","10","10","10","10","10"]},"3815":{"keys":[138,152],"grid":[" "," "," "," "," "," "," "," "," "," "," ","!' +","!","!","!","!"]},"3833":{"keys":[152,138],"grid":[" +!'","00","00","00","00","00"," ,!&","06","06","06","06","06"," -!%","12","12","12"]},"3829":{"keys":[152,138],"grid":[" %!-"," $!.","01","01"," #!/","04","04"," !!0","07","07","07","07","07","07","07","04"]},"3828":{"keys":[152,138],"grid":[" *!(","00","00"," )!)","03","03"," (!*","06","06"," '!+","09","09"," &!,","12"," %!-","14"]},"3835":{"keys":[152,138],"grid":[" 0!!","00","00","00"," "," "," "," "," "," "," "," "," "," "," "," "]},"3834":{"keys":[152,138],"grid":[" -!%","00"," .!$","02","02","02","02","02"," /!#","08","08","08","08","08"," 0!!","14"]}}}}