{"9":{"300":{"139":{"keys":[112,1,2],"grid":[" &!##*"," '!!#*"," '!##)"," (!!#)","03","03"," (!##("," )!##'"," *!##&"," +!##%"," ,!!#%"," ,!##$"," -!###"," .!!##"," .!##!"," /!!#!"]},"138":{"keys":[2,1,112],"grid":[" "," "," "," "," "," "," "," "," "," ","!! 0","10","!$ .","##!# -","#$!# ,","#%!# +"]},"140":{"keys":[112,1,2],"grid":[" /!!#!"," .!##!"," .!!##"," -!###"," -!!#$"," ,!##$","05"," +!##%"," +!!#&","08","08","08"," *!##&"," *!!#'"," )!##'"," )!!#("]},"141":{"keys":[112,1,2],"grid":[" (!##("," (!!#)","01"," '!##)"," &!##*"," &!!#+","05"," %!##+"," $!##,"," #!##-"," !!##.","!##/","!!#0","12","12","#"]}},"289":{"128":{"keys":[90,1,112],"grid":[" ,!##$"," ,!!#%"," +!##%"," +!!#&"," *!##&","03","03","02","03","03","03","03","03","03","02","01"]},"129":{"keys":[90,1,112],"grid":[" ,!!#%"," ,!##$"," ,!$##"," .!$"," "," "," "," "," "," "," "," "," "," "," "," "]}},"298":{"143":{"keys":[112,1,2],"grid":[" "," 0!!"," /!#"," /!!#!"," .!##!"," -!###"," ,!##$"," ,!!#%"," +!##%"," *!##&"," )!##'"," )!!#("," (!##("," '!##)"," &!##*"," &!!#+"]},"133":{"keys":[112,1,2],"grid":[" #!##-"," #!!#."," !!##."," !!!#/","03","03","03","03","02","01","01","00"," $!!#-","12"," $!##$!$#&"," %!& !!$#$"]},"132":{"keys":[112,1,2],"grid":[" %!!#,","00"," $!##,"," #!##-"," !!##."," !!!#/","04"," #!&#*"," '!$#("," (!##("," (!!#)"," '!##)","11","09"," %!&#(","02"]},"131":{"keys":[112,1,2],"grid":[" %!$#*"," %!!#,"," %!##+"," &!##*"," '!##)"," (!!#)","04","03"," &!!#+","02","01","01","01","01","01","01"]},"130":{"keys":[112,1,2],"grid":[" ,!!#%"," ,!##$"," -!!#$","02","02","02","02","02"," -!###"," .!!##","09","09","09"," +!# !!!##"," )!'##"," '!$#$!###"]},"137":{"keys":[112,1,2],"grid":[" "," "," /!#"," -!$#!"," +!$#$"," +!!#&"," +!##%"," ,!##$"," -!!#$"," -!###"," .!##!","02"," 0!!"," "," "," "]},"135":{"keys":[112,1,2],"grid":[" ,!!#%"," ,!##$","00","00","01"," -!###"," .!$"," "," "," "," "," "," "," "," "," "]},"134":{"keys":[112,1,2],"grid":[" -!!#$"," ,!##$"," ,!!#%","01","00"," -!###"," .!!##","06"," ,!$##"," +!##%"," +!!#&","10","10","10","09","02"]},"128":{"keys":[2,1,112],"grid":[" ","!! 0","01","01","!# /","#!!! /","05","#!!# .","##!! .","08","08","##!# -","#$!! -","#$!# ,","13","#%!# +"]},"129":{"keys":[112,1,2],"grid":[" &!!#+"," &!##*"," '!##)"," (!!#)"," (!##("," )!!#("," )!##'"," *!!#'","07","07"," *!##&"," +!!#&","11","11"," +!##%"," ,!!#%"]}},"299":{"142":{"keys":[112,1,2],"grid":[" -!###"," ,!##$"," *!$#%"," )!##'","03"," )!!#("," (!##("," (!!#)"," '!##)"," &!##*"," %!##+"," %!!#,"," $!##,"," #!##-"," !!##."," !!!#/"]},"143":{"keys":[1,2],"grid":[" #!/"," !!0","!","!","!","!","!","!","!","!","!","!","!","!","!","!"]},"141":{"keys":[112,1,2],"grid":[" "," "," "," "," "," "," "," "," "," "," "," "," "," 0!!"," /!#"," .!##!"]},"137":{"keys":[1,2,112],"grid":[" #!/"," !!0","01","!","!","!","!","!","!","!","!","!","01","01","00","#! $!-"]},"136":{"keys":[112,1,2],"grid":[" '!!#*"," '!##)"," (!!#)","02","01","00","00"," &!##*"," &!!#+"," %!##+"," $!##,"," #!##-"," #!!#."," !!##."," !!!#/","14"]},"135":{"keys":[2,1,112],"grid":[" "," "," "," "," "," ","!! 0","!# /","#!!# .","##!# -","##!% +","#&!! +","#&!# *","12","11","12"]},"138":{"keys":[112,1,2],"grid":[" $!!#-"," $!##,"," %!##+"," &!!#+"," &!$#)"," (!$#'"," *!$#%"," ,!$##"," .!!##"," .!$"," 0!!"," "," "," "," "," "]}},"297":{"128":{"keys":[112,1],"grid":[" 0!!","00"," "," "," "," "," "," "," "," "," "," "," "," "," "," "]}},"290":{"129":{"keys":[112,1,90],"grid":[" "," "," ","!! 0","03","03","03","03","03","!# /","#!!# .","##!! .","##!# -","#$!! -","13","13"]},"131":{"keys":[90,1,112,""],"grid":[" &!##*"," &!!#+","01","01","01","01","01","01","01","01","01","01","01","01","01"," %$!#,"]},"130":{"keys":[90,1,112],"grid":[" $!##,"," %!!#,","01"," %!##+","03","03"," &!!#+","06","06","06","06","06"," &!##*","06","12"," '!!#*"]},"132":{"keys":[90,112,""],"grid":[" !!!","#!!!","01","!"]}}},"13":{"4789":{"2212":{"keys":[112,2],"grid":[" +!'","00"," ,!&"," .!$"," 0!!"," "," "," "," "," "," "," "," "," "," "," "]},"2211":{"keys":[2,112],"grid":[" ","!! 0","01","!# /","!$ .","04","!% -","06","!& ,","!' +","09","!( *","11","!) )","!* (","14"]},"2210":{"keys":[2],"grid":[" "," "," "," "," "," "," "," "," "," "," "," "," "," "," "," "]},"2185":{"keys":[112,2],"grid":[" $!.","00"," #!/","02"," !!0","!","!","!","!","!","!","!","!","!","!","!"]},"2281":{"keys":[112,2],"grid":[" "," "," "," "," "," "," "," "," 0!!","08"," /!#"," .!$","11"," -!%"," ,!&"," +!'"]},"2282":{"keys":[112,2],"grid":[" +!'"," *!("," )!)","02"," (!*"," '!+","05"," &!,"," %!-","08"," $!."," #!/"," !!0","12","!","!"]},"2184":{"keys":[112,2],"grid":[" -!%","00"," ,!&","02"," +!'"," *!(","05"," )!)","07"," (!*","09"," '!+","11"," &!,"," %!-","14"]},"2183":{"keys":[112,2],"grid":[" "," "," "," "," "," "," "," "," "," "," 0!!","10","10"," /!#"," .!$","14"]},"2173":{"keys":[112,2],"grid":[" "," "," "," "," "," "," "," 0!!"," /!#"," .!$"," -!%"," ,!&"," +!'"," *!("," )!)"," (!*"]},"2170":{"keys":[2],"grid":[" "," "," "," "," "," "," "," "," "," "," "," "," "," "," "," "]},"2171":{"keys":[112,2],"grid":[" '!+"," +!'"," ,!&","02","02","02"," -!%","06","06"," .!$","09","09","09"," /!#","13","13"]},"2174":{"keys":[112,2],"grid":[" '!+"," &!,","01","01","00","00"," (!*","06"," )!)","08","08"," *!(","11"," +!'","13"," ,!&"]},"2175":{"keys":[112,2],"grid":[" ,!&","00"," -!%","02"," .!$","04"," /!#","06","06"," 0!!","09"," "," "," "," "," "]},"2172":{"keys":[112,2],"grid":[" 0!!","00","00"," "," "," "," "," "," "," "," "," "," "," "," "," "]}},"4788":{"2210":{"keys":[112,2],"grid":[" )!)","00"," *!(","02"," +!'","04"," ,!&","06"," -!%","08"," .!$"," /!#","11"," 0!!","13"," "]},"2209":{"keys":[2,112],"grid":[" "," "," "," ","!! 0","04","!# /","!$ .","07","!% -","09","!& ,","11","!' +","13","!( *"]},"2282":{"keys":[112,2],"grid":[" "," "," "," "," "," "," "," "," "," "," "," "," "," "," "," 0!!"]},"2283":{"keys":[112,2],"grid":[" 0!!"," /!#"," .!$","02"," -!%","02","02"," +!# !!$"," *!(","08"," )!)"," (!*","11"," '!+"," &!,","14"]},"2284":{"keys":[112,2],"grid":[" $!."," #!/"," !!0","!","!","!","!","!","!","!","!","!","!","!","!","!"]},"2170":{"keys":[2,112],"grid":[" "," "," "," "," "," "," "," "," "," "," "," "," ","!$ .","!* (","!"]},"2186":{"keys":[112,2],"grid":[" *!("," )!)"," (!*"," '!+","03"," &!,"," %!-"," $!."," #!/","08"," !!0","!","!","!","!","!"]},"2185":{"keys":[112,2],"grid":[" "," "," "," "," "," "," "," 0!!","07"," /!#","09"," .!$"," -!%"," ,!&"," +!'","14"]}},"4633":{"2052":{"keys":[90],"grid":[" "," "," "," "," "," "," "," "," "," "," "," "," "," "," "," "]}},"4787":{"2207":{"keys":[2,112],"grid":[" "," "," "," "," "," "," "," "," "," "," "," "," "," ","!# /","!$ ."]},"2208":{"keys":[112,2],"grid":[" %!-"," '!+"," (!*"," )!)","03"," *!(","05"," +!'","07"," ,!&"," -!%","10"," .!$","12"," /!#","14"]},"2209":{"keys":[112,2],"grid":[" 0!!","00"," "," "," "," "," "," "," "," "," "," "," "," "," "," "]},"2284":{"keys":[112,2],"grid":[" "," "," "," "," 0!!"," /!#"," .!$"," -!%","07"," ,!&"," +!'"," *!("," )!)"," (!*"," '!+"," &!,"]},"2285":{"keys":[112,2],"grid":[" &!,"," %!-"," $!."," #!/","03"," !!0","05","!","!","!","!","!","!","!","!","!"]},"2170":{"keys":[2,112],"grid":[" "," "," "," "," ","!! 0","!# /","!$ .","!% -","!& ,","!' +","!( *","!. $","!","!","!"]},"2187":{"keys":[112,2],"grid":[" -!%"," ,!&"," +!'"," *!(","03"," )!)"," (!*"," '!+"," &!,","08"," %!-"," $!."," #!/"," !!0","13","!"]},"2186":{"keys":[112,2],"grid":[" "," "," "," "," "," "," "," "," "," "," "," "," 0!!"," /!#","13"," .!$"]},"2169":{"keys":[2],"grid":[" "," "," "," "," "," "," "," "," "," "," "," "," "," "," "," "]}},"4637":{"2066":{"keys":[112,90],"grid":[" "," "," "," "," "," "," "," ","!# /","!& ,","!( *","10","!) )","!+ '","!, &","!- %"]},"2067":{"keys":[90,112],"grid":[" /!#"," 0!!"," "," "," "," "," "," "," "," "," "," "," "," "," "," "]}},"4636":{"2048":{"keys":[90,112],"grid":[" 0!!"," .!$"," ,!&"," +!'"," *!(","!# '!)","!# &!*","!$ $!+","!","!","!","!","!","!","!","!"]},"2065":{"keys":[112,90],"grid":[" "," "," "," "," "," ","!! 0","06","06","06"," "," "," "," "," "," "]},"2066":{"keys":[112,90],"grid":[" "," ","!# /","!) )","!+ '","!- %","!/ #","!","!","!","!","!","!","!","!","!"]}},"4635":{"2050":{"keys":[90,112],"grid":[" -!%","00"," +!'"," #!/"," !!0","!","!","!","!","!","!","!","!","!","!","!"]},"2055":{"keys":[112,90],"grid":[" "," "," "," ","!! 0","04","04","04"," "," "," "," "," "," "," "," "]},"2048":{"keys":[90,112],"grid":[" "," "," "," "," "," 0!!","05","05","05","05","05","05","05","05"," /!#"," .!$"]},"2049":{"keys":[90,112],"grid":[" -!%"," ,!&"," +!'","02","02","02","02","02","02","01","01","01","01","00","00","00"]},"2062":{"keys":[112,90],"grid":[" "," "," "," "," "," "," "," "," "," "," "," "," "," ","!! 0","14"]},"2063":{"keys":[90,112],"grid":[" #!/"," $!.","01"," %!-","03"," &!,","05","05","05","03","03","03","01","01","01","01"]},"2064":{"keys":[90,112],"grid":[" $!.","00","00"," %!-","03"," &!,","05","05"," '!+","08"," (!*"," )!)"," +!'"," -!%"," .!$"," /!#"]},"2065":{"keys":[90,112],"grid":[" /!#"," 0!!","01"," "," "," "," "," "," "," "," ","01","01","00","00","01"]},"2066":{"keys":[90,112],"grid":[" 0!!"," "," "," "," "," "," "," "," "," "," "," "," "," "," "," "]}},"4634":{"2051":{"keys":[90,112],"grid":[" '!+"," &!,"," %!-","02"," $!.","04","04"," #!/","07","07","07","07","07","07","07","04"]},"2050":{"keys":[90,112],"grid":[" "," "," "," "," "," "," "," 0!!","07"," /!#","09"," .!$"," -!%"," ,!&"," *!("," )!)"]},"2053":{"keys":[112,90],"grid":[" "," ","!! 0","02","02","!# /","05","!$ .","07","!% -","09","!& ,","11","!' +","13","13"]},"2052":{"keys":[90,112],"grid":[" $!."," #!/","01","01"," !!0","04","04","04","04","04","!","!","!","!","!","!"]},"2055":{"keys":[90,112],"grid":[" "," "," "," "," "," "," "," "," "," "," "," "," 0!!","12","12"," /!#"]},"2054":{"keys":[90,112],"grid":[" (!*","00","00","00"," )!)","04"," *!(","06"," +!'"," ,!&"," -!%"," .!$"," /!#"," 0!!","13"," "]},"2057":{"keys":[90,112],"grid":[" '!+","00","00","00","00","00","00","00","00","00","00","00","00","00","00","00"]},"2056":{"keys":[90,112],"grid":[" /!#"," .!$"," -!%","02"," ,!&"," +!'","05","05"," *!(","08"," )!)","10"," (!*","12"," '!+","14"]},"2059":{"keys":[90,112],"grid":[" &!,","00","00","00"," %!-","04","04","04","04"," $!.","09","09","09","09"," #!/","14"]},"2058":{"keys":[90,112],"grid":[" '!+","00","00","00","00","00"," &!,","06","06","06","06","06","06","06","06","06"]},"2060":{"keys":[90,112],"grid":[" $!.","00","00","00"," %!-","04"," &!,","06"," '!+","08","08","08"," (!*","12","12","12"]},"2061":{"keys":[90,112],"grid":[" (!*","00"," )!)","02"," *!(","04","04"," +!'","07","07","07","07","07","07","04","04"]},"2062":{"keys":[90,112],"grid":[" *!(","00"," +!'","02","02","02","02"," ,!&","07"," -!%"," .!$"," /!#"," 0!!"," "," "," "]}},"4769":{"2136":{"keys":[112,2],"grid":[" /!#","00","00","00"," 0!!","04","04","04"," "," "," "," "," "," "," "," "]},"2134":{"keys":[112,2],"grid":[" "," "," "," "," "," 0!!","05","05","05","05","05","05","05"," /!#","13","13"]},"2135":{"keys":[112,2],"grid":[" /!#","00","00","00","00","00"," .!$","06","06","06","06","06","06","06","06","06"]},"2055":{"keys":[112,2],"grid":[" .!$","00"," /!#","02","02"," 0!!","05","05"," "," "," "," "," "," "," "," "]},"2054":{"keys":[112,2],"grid":[" )!)","00","00"," *!(","03","03"," +!'","06","06"," ,!&","09","09"," -!%","12","12"," .!$"]},"2130":{"keys":[112,2],"grid":[" "," "," "," "," "," "," "," "," 0!!","08","08","08","08","08","08","08"]},"2131":{"keys":[112,2],"grid":[" 0!!","00","00","00"," /!#","04","04"," .!$","07"," -!%","09","09"," ,!&","12","12"," +!'"]},"2053":{"keys":[112,2],"grid":[" #!/","00"," $!.","02","02"," %!-","05","05"," &!,","08"," '!+","10","10"," (!*","13","13"]},"2118":{"keys":[112,2],"grid":[" ,!&"," -!%","01"," .!$","03"," /!#","05"," 0!!","07"," "," "," "," "," "," "," "]},"2052":{"keys":[2,112],"grid":[" "," "," "," "," "," "," "," "," "," "," "," ","!! 0","12","12","!# /"]},"2132":{"keys":[112,2],"grid":[" +!'"," *!(","01","01","01","01","00","00","00","00"," ,!&","10","10","10"," -!%","14"]},"2117":{"keys":[112,2],"grid":[" -!%"," ,!&","01","01","01"," +!'","05","05","05","05","05","05","05","05","05","01"]},"2116":{"keys":[112,2],"grid":[" "," "," "," "," "," "," "," "," "," "," "," "," "," 0!!"," /!#"," .!$"]},"2133":{"keys":[112,2],"grid":[" -!%","00","00"," .!$","03","03","03"," /!#","07","07","07"," 0!!","11","11","11","11"]}},"4768":{"2051":{"keys":[112,2],"grid":[" (!*","00"," )!)","02","02"," *!(","05","05"," +!'","08"," ,!&","10","10"," -!%","13","13"]},"2050":{"keys":[112,2],"grid":[" #!/","00","00"," $!.","03","03"," %!-","06","06"," &!,","09","09"," '!+","12","12"," (!*"]},"2052":{"keys":[112,2],"grid":[" .!$","00","00"," /!#","03","03"," 0!!","06","06"," "," "," "," "," "," "," "]},"2049":{"keys":[2,112],"grid":[" "," "," "," "," "," "," "," "," "," "," "," "," ","!! 0","13","13"]}},"4785":{"2288":{"keys":[112,2],"grid":[" +!'"," *!(","01"," &!,","!","!","!","!","!","!","!","!","!","!","!","!"]},"2206":{"keys":[2,112],"grid":[" "," "," "," "," "," "," "," ","!! 0","!$ .","!% -","!' +","!( *","!) )","!+ '","!, &"]},"2207":{"keys":[112,2],"grid":[" .!$"," /!#"," "," "," "," "," "," "," "," "," "," "," "," "," "," "]},"2286":{"keys":[112,2],"grid":[" "," "," "," "," "," "," "," "," 0!!"," .!$"," -!%"," ,!&"," +!'"," *!(","12","12"]},"2287":{"keys":[112,2],"grid":[" +!'"," ,!&","01","01","01","01"," -!%","06","06","06","06"," .!$","06","06","01","01"]},"2190":{"keys":[112,2],"grid":[" .!$","00"," -!%","02","02"," ,!&","05","05"," +!'","08","08"," *!(","11","11"," )!)","14"]},"2191":{"keys":[112,2],"grid":[" )!)","00"," (!*","02","02"," '!+","05","05","05"," &!,","09","09"," %!-","12","12","12"]},"2192":{"keys":[112,2],"grid":[" $!.","00","00"," #!/","03","03"," !!0","06","06","06","!","!","!","!","!","!"]},"2168":{"keys":[112,2],"grid":[" )!)"," +!'"," ,!&"," -!%"," /!#"," 0!!"," "," "," "," "," "," "," "," "," "," "]},"2189":{"keys":[112,2],"grid":[" "," "," "," "," "," "," "," "," "," "," 0!!","10","10"," /!#","13","13"]},"2167":{"keys":[2,112],"grid":[" "," "," "," "," "," "," ","!! 0","!$ .","!% -","09","!& ,","!' +","12","!( *","!) )"]}},"4784":{"2288":{"keys":[112,2],"grid":[" "," "," "," "," 0!!"," .!$","05"," -!%"," ,!&","08"," +!'"," *!("," )!)","12"," (!*"," '!+"]},"2289":{"keys":[112,2],"grid":[" '!+"," &!,"," %!-"," $!.","03"," #!/"," !!0","06","!","!","!","!","!","!","!","!"]},"2204":{"keys":[2,112],"grid":[" "," "," "," "," "," "," "," "," "," "," "," ","!! 0","!# /","!$ .","!% -"]},"2205":{"keys":[112,2],"grid":[" %!-","00"," &!,","02","02","02","02"," '!+","07","07","07"," (!*","11","11","11","11"]},"2206":{"keys":[112,2],"grid":[" )!)","00","00"," *!("," ,!&"," -!%"," /!#"," 0!!"," "," "," "," "," "," "," "," "]},"2192":{"keys":[112,2],"grid":[" "," "," "," "," "," "," "," "," "," "," "," "," "," 0!!","13","13"]},"2193":{"keys":[112,2],"grid":[" 0!!"," /!#","01","01"," .!$","04","04"," -!%","07","07","07"," ,!&","11","11"," +!'","14"]},"2194":{"keys":[112,2],"grid":[" )!)"," '!+"," %!-"," !!0","!","!","!","!","!","!","!","!","!","!","!","!"]},"2167":{"keys":[112,2],"grid":[" '!+"," (!*"," *!("," ,!&"," -!%"," /!#"," 0!!"," "," "," "," "," "," "," "," "," "]},"2166":{"keys":[2,112],"grid":[" "," "," "," "," "," "," "," "," "," "," "," "," ","!! 0","!$ .","!% -"]}},"4783":{"2289":{"keys":[112,2],"grid":[" "," "," "," "," "," "," "," "," "," 0!!"," /!#","10"," .!$"," -!%"," ,!&","14"]},"2203":{"keys":[2,112],"grid":[" "," "," "," "," "," "," "," "," "," ","!! 0","!# /","!$ .","!% -","!& ,","14"]},"2204":{"keys":[112,2],"grid":[" '!+"," (!*"," )!)"," *!("," +!'"," ,!&"," -!%","06"," .!$"," /!#"," 0!!"," "," "," "," "," "]},"2290":{"keys":[112,2],"grid":[" +!'"," *!(","01"," )!)"," %!-"," !!0","05"," #!/","07","07","07","07","07","05","!","!"]},"2194":{"keys":[112,2],"grid":[" "," "," "," "," 0!!"," .!$"," +!'"," )!)"," '!+"," $!."," !!0","!","!","!","!","!"]},"2166":{"keys":[2,112],"grid":[" "," "," "," "," ","!! 0","!& ,","!( *","!* (","!, &","!- %","!/ #","!0 !","!","!","!"]}},"4782":{"2202":{"keys":[2,112],"grid":[" "," "," "," "," "," "," "," ","!! 0","!# /","!$ .","!% -","!& ,","12","!' +","!( *"]},"2203":{"keys":[112,2],"grid":[" )!)"," *!("," +!'"," ,!&"," -!%"," .!$","05"," /!#"," 0!!"," "," "," "," "," "," "," "]},"2292":{"keys":[112,2],"grid":[" #!/"," !!0","!","!","!","!","!","!","!","!","!","!","!","!","!","!"]},"2291":{"keys":[112,2],"grid":[" /!#","00"," .!$"," -!%"," ,!&","04"," +!'"," *!("," )!)"," (!*","09"," '!+"," &!,"," %!-","13"," $!."]},"2290":{"keys":[112,2],"grid":[" "," "," "," "," "," "," "," "," "," "," "," "," "," "," "," 0!!"]},"2194":{"keys":[112,2],"grid":[" "," "," "," "," "," "," "," "," "," "," "," 0!!"," -!%"," +!'"," )!)"," '!+"]},"2195":{"keys":[112,2],"grid":[" %!-"," !!0","!","!","!","!","!","!","!","!","!","!","!","!","!","!"]},"2166":{"keys":[2,112],"grid":[" "," ","!% -","!) )","!. $","!","!","!","!","!","!","!","!","!","!","!"]}},"4781":{"2201":{"keys":[2,112],"grid":[" "," "," ","!! 0","!# /","!$ .","!% -","!& ,","07","!' +","09","!( *","11","!) )","13","!* ("]},"2088":{"keys":[2,112],"grid":[" "," "," "," ","!! 0","04","04","04","04","04","04","!# /","11","11","11","11"]},"2089":{"keys":[112,2],"grid":[" #!/"," $!.","01","01","01","01","01","01"," %!-","08","08","08","08","08","08"," &!,"]},"2093":{"keys":[112,2],"grid":[" +!'","00","00"," ,!&","03","03","03","03","03","03","03","03"," -!%","12","12","12"]},"2293":{"keys":[112,2],"grid":[" #!/"," !!0","!","!","!","!","!","!","!","!","!","!","!","!","!","!"]},"2292":{"keys":[112,2],"grid":[" "," "," "," 0!!"," /!#"," .!$"," -!%"," ,!&"," +!'"," *!("," )!)"," (!*"," '!+"," &!,"," %!-"," $!."]},"2202":{"keys":[112,2],"grid":[" +!'"," ,!&"," -!%"," .!$","03"," /!#"," 0!!"," "," "," "," "," "," "," "," "," "]},"2095":{"keys":[112,2],"grid":[" .!$","!! -!$","!% *!$","!' (!$","!) &!$","!+ $!$","!- !!$","!","!","!","!","!","!","!","!","!"]},"2094":{"keys":[112,2],"grid":[" -!%","00","00","00","00","00","00","00","00","00","00","00","00"," .!$","13","13"]},"2150":{"keys":[112,2],"grid":[" (!*","00"," )!)","02"," *!(","04"," +!'"," ,!&","07"," -!%","09","09","09","09","09","09"]},"2195":{"keys":[112,2],"grid":[" "," "," 0!!"," .!$"," ,!&"," *!("," (!*"," '!+"," %!-"," #!/","!","!","!","!","!","!"]},"2152":{"keys":[2],"grid":[" "," "," "," "," "," "," "," "," "," "," "," "," "," "," "," "]},"2092":{"keys":[112,2],"grid":[" )!)"," *!(","01","01","01","01","01","01","01","01"," +!'","10","10","10","10","10"]},"2165":{"keys":[2,112],"grid":[" "," "," "," "," "," "," "," ","!! 0","!# /","09","!% -","!' +","!( *","!* (","!+ '"]},"2091":{"keys":[112,2],"grid":[" (!*","00","00","00","00","00","00"," )!)","07","07","07","07","07","07","07","07"]},"2166":{"keys":[112,2],"grid":[" -!%"," 0!!"," "," "," "," "," "," "," "," "," "," "," "," "," "," "]},"2090":{"keys":[112,2],"grid":[" &!,","00","00","00","00","00","00"," '!+","07","07","07","07","07","07","07"," (!*"]},"2149":{"keys":[2,112],"grid":[" "," "," "," "," ","!! 0","05","!# /","07","!$ .","09","!% -","!& ,","12","!' +","14"]},"2151":{"keys":[112,2],"grid":[" ,!&","00","00","00","00"," +!'","05","05"," *!(","08"," )!)"," (!*","11"," '!+"," &!,"," #!/"]}},"4780":{"2293":{"keys":[112,2],"grid":[" "," "," "," 0!!"," /!#"," .!$"," -!%"," ,!&","07"," +!'"," *!("," )!)"," (!*"," %!-","13","13"]},"2294":{"keys":[112,2],"grid":[" %!-"," $!.","01","01","01","01"," #!/","06","06","06"," !!0","10","10","10","!","!"]},"2095":{"keys":[2,112],"grid":[" 0!!"," "," "," "," "," "," "," "," "," "," "," "," "," "," "," "]},"2094":{"keys":[112,2],"grid":[" "," "," "," "," "," "," "," "," "," ","!# /","!% -","!' +","!* (","!, &","!. $"]},"2195":{"keys":[112,2],"grid":[" "," "," "," "," "," "," "," "," "," "," "," /!#"," -!%"," +!'"," *!("," (!*"]},"2196":{"keys":[112,2],"grid":[" &!,"," $!."," !!0","!","!","!","!","!","!","!","!","!","!","!","!","!"]},"2199":{"keys":[2,112],"grid":[" "," "," "," "," "," "," "," "," "," "," ","!! 0","!# /","12","12","12"]},"2200":{"keys":[112,2],"grid":[" !!0"," #!/"," $!."," %!-","03"," &!,","05"," '!+","07"," (!*"," )!)"," *!("," +!'"," ,!&"," -!%"," .!$"]},"2201":{"keys":[112,2],"grid":[" /!#"," 0!!"," "," "," "," "," "," "," "," "," "," "," "," "," "," "]},"2152":{"keys":[112,2],"grid":[" "," .!$"," +!'"," )!)"," &!,"," $!.","!","!","!","!","!","!","!","!","!","!"]},"2088":{"keys":[112],"grid":[" "," "," "," "," "," "," "," "," "," "," "," "," "," "," "," "]},"2082":{"keys":[2,112],"grid":[" ","!! 0","01","01","01","!# /","05","05","05","!$ .","09","09","09","!% -","13","13"]},"2083":{"keys":[112,2],"grid":[" %!-","00","00"," &!,","03","03","03","03"," '!+","08","08","08","08","08"," (!*","14"]},"2081":{"keys":[2],"grid":[" "," "," "," "," "," "," "," "," "," "," "," "," "," "," "," "]},"2086":{"keys":[112,2],"grid":[" -!%","00","00","00","00"," .!$","05","05","05","05","05","05","05"," /!#","13","13"]},"2087":{"keys":[112,2],"grid":[" /!#","00","00","00"," 0!!","04","04","04","04","04","04","04"," "," "," "," "]},"2084":{"keys":[112,2],"grid":[" (!*","00","00","00"," )!)","04","04","04","04","04"," *!(","10","10","10","10"," +!'"]},"2085":{"keys":[112,2],"grid":[" +!'","00","00","00","00"," ,!&","05","05","05","05","05","05","05"," -!%","13","13"]},"2147":{"keys":[2,112],"grid":[" "," "," "," "," "," "," "," ","!! 0","08","!# /","10","!$ .","12","!% -","!& ,"]},"2145":{"keys":[112,2],"grid":[" $!.","00"," #!/"," !!0","!","!","!","!","!","!","!","!","!","!","!","!"]},"2144":{"keys":[112,2],"grid":[" +!'"," ,!&","01","01","01","01"," -!%","00"," *!("," )!)","09"," (!*"," '!+"," &!,","13"," %!-"]},"2143":{"keys":[2,112],"grid":[" "," "," "," "," "," ","!! 0","!# /","!$ .","!% -","!& ,","!' +","!( *","!) )","!* (","!+ '"]},"2165":{"keys":[112,2],"grid":[" ,!&"," -!%","01"," .!$"," /!#"," 0!!","05"," "," "," "," "," "," "," "," "," "]},"2164":{"keys":[2,112],"grid":[" "," "," ","!! 0","!# /","04","!$ .","!% -","!& ,","!' +","09","!( *","!) )","!* (","13","!+ '"]},"2161":{"keys":[2],"grid":[" "," "," "," "," "," "," "," "," "," "," "," "," "," "," "," "]},"2149":{"keys":[112,2],"grid":[" /!#","00"," 0!!"," "," "," "," "," "," "," "," "," "," "," "," "," "]},"2148":{"keys":[112,2],"grid":[" &!,"," '!+","01"," (!*","03"," )!)","05"," *!(","07"," +!'"," ,!&","10"," -!%","12"," .!$","14"]}},"4800":{"2270":{"keys":[112,2],"grid":[" %!-"," $!.","!","!","!","!","!","!","!","!","!","!","!","!","!","!"]},"2219":{"keys":[112,2],"grid":[" &!,","00"," '!+","02"," (!*"," )!)","05"," *!(","07"," +!'","09"," ,!&","11"," -!%","13"," .!$"]},"2218":{"keys":[2,112],"grid":[" "," "," "," "," ","!! 0","05","05","!# /","08","08","08","!$ .","12","!% -","14"]},"2220":{"keys":[112,2],"grid":[" /!#","00"," 0!!","02"," "," "," "," "," "," "," "," "," "," "," "," "]},"2268":{"keys":[112,2],"grid":[" -!%"," ,!&","01"," +!'"," *!("," )!)"," (!*"," '!+","07"," &!,"," %!-"," $!."," #!/"," #!! !!-","09","07"]},"2269":{"keys":[112,2],"grid":[" (!*"," *!(","01","01"," )!)","04","04","04","00","00","00","00","00"," '!+"," &!,"," %!-"]},"2267":{"keys":[112,2],"grid":[" "," "," "," "," "," "," "," "," "," "," "," "," "," 0!!"," /!#"," .!$"]}},"4801":{"2266":{"keys":[112,2],"grid":[" "," "," "," "," "," "," "," "," "," 0!!"," /!#","10"," .!$"," -!%"," ,!&"," +!'"]},"2267":{"keys":[112,2],"grid":[" *!(","00"," )!)"," (!*"," '!+"," &!,"," %!-","06"," $!."," #!/"," !!0","!","!","!","!","!"]},"2220":{"keys":[2,112],"grid":[" "," "," "," ","!! 0","!$ .","!% -","!/ #","!","!","!","!","!","!","!","!"]}},"4802":{"2265":{"keys":[112,2],"grid":[" "," "," "," "," "," "," 0!!"," /!#"," .!$","08"," -!%"," ,!&"," +!'"," *!("," )!)","14"]},"2266":{"keys":[112,2],"grid":[" (!*"," '!+"," &!,"," %!-"," $!.","04"," #!/"," !!0","!","!","!","!","!","!","!","!"]},"2220":{"keys":[2,112],"grid":[" "," "," "," "," "," "," "," "," ","!! 0","!# /","!% -","!& ,","!' +","!) )","!* ("]},"2221":{"keys":[112,2],"grid":[" +!'"," -!%"," .!$"," 0!!"," "," "," "," "," "," "," "," "," "," "," "," "]}},"4638":{"2067":{"keys":[112,90],"grid":[" "," "," ","!! 0","03","!# /","!% *!# !","!0 !","!","!","!","!","!","!","!","!"]}},"4804":{"2263":{"keys":[112,2],"grid":[" "," "," "," "," "," -!%"," ,!&"," *!("," )!)"," (!*","09"," '!+"," &!,"," %!-"," $!.","14"]},"2222":{"keys":[2,112],"grid":[" "," ","!$ .","!% -","!' +","04","04","!' #!# '","!, &","!. $","09","!/ #","11","!0 !","13","13"]},"2223":{"keys":[112],"grid":[" "," "," "," "," "," "," "," "," "," "," "," "," "," "," "," "]},"2264":{"keys":[112,2],"grid":[" #!/"," !!0","!","!","!","!","!","!","!","!","!","!","!","!","!","!"]}},"4805":{"2224":{"keys":[112,2],"grid":[" /!#"," "," "," "," "," "," "," "," "," "," "," "," "," "," "," "]},"2223":{"keys":[2,112],"grid":[" "," ","!! 0","02","!# /","04","04","!$ .","!& ,","08","!( *","!) )","11","!+ '","13","!- %"]},"2262":{"keys":[112,2],"grid":[" %!-","00","00","00"," $!.","04","04","04","04","04"," #!/","10","10","10","10","10"]},"2263":{"keys":[112,2],"grid":[" #!/","00","00","00","00","!","!","!","!","!","!","!","!","!","!","!"]},"2260":{"keys":[112,2],"grid":[" "," "," "," "," "," "," "," "," "," "," "," "," "," /!#"," ,!&"," +!'"]},"2261":{"keys":[112,2],"grid":[" ,!&","00","00","00"," +!'"," *!("," )!)"," '!+","07","07"," &!,","10","10","10","10"," %!-"]}},"4806":{"2226":{"keys":[112,2],"grid":[" /!#","00","00"," 0!!","03"," "," "," "," "," "," "," "," "," "," "," "]},"2224":{"keys":[2,112],"grid":[" "," ","!# /","!% -","!& ,","04","!' +","!( *","!* (","!+ '","!- %","!/ #","11","!0 !","13","13"]},"2225":{"keys":[112,2],"grid":[" 0!!"," /!#","01","01","01","01","01","01","01","01","01","01","01","01","01","01"]},"2260":{"keys":[112,2],"grid":[" -!%","00"," ,!&","02"," +!'","04","04"," *!(","07"," )!)","09"," '!+"," #!/","!","!","!"]},"2259":{"keys":[112,2],"grid":[" "," "," "," "," "," "," "," "," "," 0!!","09","09"," /!#","12"," .!$","14"]}},"4807":{"2228":{"keys":[112,2],"grid":[" %!-","00","00","00","00","00","00","00","00","00","00","00","00"," &!,","13","13"]},"2229":{"keys":[112,2],"grid":[" &!,","00","00"," '!+","03","03","03","03","03"," (!*","09","09","09","09","09"," )!)"]},"2226":{"keys":[2,112],"grid":[" "," "," "," "," "," "," "," "," "," ","!! 0","!$ .","!% -","12","12","12"]},"2227":{"keys":[112,2],"grid":[" %!-","00","00","00","00","00","00","00","00","00","00","00","00","00","00","00"]},"2258":{"keys":[112,2],"grid":[" *!(","00"," )!)","02","02"," (!*","05"," '!+","07","07"," &!,","10"," %!-","12","12"," $!."]},"2259":{"keys":[112,2],"grid":[" $!."," #!/","01"," !!0","03","!","!","!","!","!","!","!","!","!","!","!"]},"2230":{"keys":[112,2],"grid":[" )!)","00"," *!(","02"," +!'","04"," ,!&"," -!%","07"," .!$","09"," 0!!"," "," "," "," "]},"2257":{"keys":[112,2],"grid":[" 0!!","00","00"," /!#","03"," .!$","05","05"," -!%","08"," ,!&","10","10"," +!'","13"," *!("]},"2256":{"keys":[112],"grid":[" "," "," "," "," "," "," "," "," "," "," "," "," "," "," "," "]}},"4808":{"2231":{"keys":[112,2],"grid":[" #!/"," $!."," %!-"," '!+"," (!*"," *!("," +!'"," ,!&"," .!$"," /!#"," 0!!"," "," "," "," "," "]},"2256":{"keys":[112,2],"grid":[" '!+"," &!,","01"," %!-","03","03"," $!.","06"," #!/","08","08"," !!0","11","11","!","!"]},"2255":{"keys":[112,2],"grid":[" -!%"," ,!&","01","01"," +!'","04"," *!(","06","06"," )!)","09","09"," (!*","12"," '!+","14"]},"2254":{"keys":[112,2],"grid":[" "," "," "," "," "," "," "," 0!!","07","07"," /!#","10"," .!$","12","12"," -!%"]},"2230":{"keys":[2,112],"grid":[" "," "," "," "," "," "," "," "," "," "," "," "," "," ","!! 0","14"]}},"4809":{"2231":{"keys":[2,112],"grid":[" "," "," "," "," "," "," "," "," "," "," ","!! 0","!# /","!% -","!& ,","!' +"]},"2232":{"keys":[112,2],"grid":[" )!)"," *!("," ,!&","02"," -!%","04"," .!$"," /!#"," 0!!"," "," "," "," "," "," "," "]},"2253":{"keys":[112,2],"grid":[" "," 0!!","01","01"," /!#"," -!%","05"," *!("," &!,"," '!+","09"," %!-","11"," $!.","13","13"]},"2252":{"keys":[112],"grid":[" "," "," "," "," "," "," "," "," "," "," "," "," "," "," "," "]},"2254":{"keys":[112,2],"grid":[" #!/","00"," !!0","02","02","!","!","!","!","!","!","!","!","!","!","!"]}},"4778":{"2157":{"keys":[112,2],"grid":[" )!)","00","00"," *!(","03"," +!'","05","05"," ,!&","08"," -!%","10","10"," .!$","13","13"]},"2093":{"keys":[112,2],"grid":[" "," "," "," "," "," "," "," "," "," "," "," "," "," "," "," /!#"]},"2155":{"keys":[112,2],"grid":[" *!(","00","00","00","00"," )!)","05","05","05","05","05","05","05","05"," (!*","14"]},"2158":{"keys":[112,2],"grid":[" /!#","00"," 0!!","02","02"," "," "," "," "," "," "," "," "," "," "," "]},"2153":{"keys":[112,2],"grid":[" "," "," "," "," "," "," 0!!"," /!#"," .!$"," -!%"," ,!&","10"," +!'"," *!("," )!)"," (!*"]},"2297":{"keys":[112,2],"grid":[" 0!!"," /!#"," .!$"," -!%"," ,!&"," +!'"," *!("," )!)"," (!*"," '!+"," &!,"," %!-"," $!."," #!/"," !!0","!"]},"2296":{"keys":[112],"grid":[" "," "," "," "," "," "," "," "," "," "," "," "," "," "," "," "]},"2154":{"keys":[112,2],"grid":[" )!)","00","00"," *!(","03","03"," +!'","06","06","06","06","06","06","03","03","03"]},"2094":{"keys":[112,2],"grid":[" .!$"," ,!&"," *!("," (!*"," &!,"," $!."," !!0","!","!","!","!","!","!","!","!","!"]},"2156":{"keys":[112,2],"grid":[" (!*","00","00","00","00","00","00"," '!+","07","07","07","07","07","00","00","00"]},"2078":{"keys":[112,2],"grid":[" +!'","00","00","00"," ,!&"," -!%"," .!$"," /!#"," 0!!","08"," "," "," "," "," "," "]},"2143":{"keys":[112,2],"grid":[" .!$"," "," "," "," "," "," "," "," "," "," "," "," "," "," "," "]},"2142":{"keys":[2,112],"grid":[" "," "," "," "," "," "," "," "," "," "," "," "," "," "," ","!- %"]},"2196":{"keys":[112,2],"grid":[" "," "," "," "," "," "," "," "," "," "," "," "," 0!!"," /!#"," -!%"," +!'"]},"2197":{"keys":[112,2],"grid":[" )!)"," '!+"," %!-"," #!/"," !!0","04","03"," $!.","02","02"," &!,","01"," (!*","00"," *!(","14"]},"2198":{"keys":[112,2],"grid":[" +!'"," ,!&"," -!%"," .!$"," /!#"," 0!!","05"," "," "," "," "," "," "," "," "," "]},"2077":{"keys":[112,2],"grid":[" )!)","00","00","00"," *!(","04","04","04","04","04","04","04","04","04","04","04"]},"2076":{"keys":[112,2],"grid":[" (!*","00","00","00","00","00","00"," )!)","07","07","07","07","07","07","07","07"]},"2075":{"keys":[112,2],"grid":[" $!.","00","00","00"," %!-","04","04","04"," &!,","08","08"," (!*"," )!)","12","11","11"]},"2074":{"keys":[2,112],"grid":[" "," "," "," "," "," "," ","!! 0","!$ .","08","!# /","07","07","10","10","10"]}},"4639":{"2067":{"keys":[112,90],"grid":[" "," "," "," "," "," "," "," "," "," *!# &","!! (!% %","!! #!* %","!/ #","!","!","!"]}},"4779":{"2093":{"keys":[112,2],"grid":[" "," "," "," "," "," "," "," "," "," "," "," "," "," ","!! 0","!# /"]},"2296":{"keys":[112,2],"grid":[" -!%"," ,!&","01"," +!'","03"," *!(","05"," )!)"," (!*"," '!+"," &!,"," %!-"," $!."," #!/"," !!0","!"]},"2295":{"keys":[112,2],"grid":[" "," "," 0!!","02","02","02"," /!#","06","06","06"," .!$","10","10","10"," -!%","14"]},"2294":{"keys":[112],"grid":[" "," "," "," "," "," "," "," "," "," "," "," "," "," "," "," "]},"2094":{"keys":[2,112],"grid":[" $!."," %!-"," &!,"," '!+"," (!*"," )!)"," *!("," ,!&"," /!#"," "," "," "," "," "," "," "]},"2196":{"keys":[112,2],"grid":[" "," "," "," "," /!#"," -!%"," +!'"," )!)"," (!*"," &!,"," $!."," !!0","!","!","!","!"]},"2198":{"keys":[2,112],"grid":[" "," "," "," "," "," "," "," ","!! 0","!# /","!$ .","!% -","11","!& ,","!' +","!( *"]},"2199":{"keys":[112,2],"grid":[" )!)"," *!(","01"," +!'"," ,!&"," -!%"," .!$"," /!#","07"," 0!!"," "," "," "," "," "," "]},"2079":{"keys":[112,2],"grid":[" %!-","00","00","00","00","00","00","00"," &!,","08","08"," '!+","11","11","11"," (!*"]},"2078":{"keys":[2,112],"grid":[" "," "," "," "," "," "," "," "," "," "," ","!! 0","!# /","!$ .","13","!% -"]},"2152":{"keys":[112,2],"grid":[" "," "," "," "," "," "," "," /!#"," .!$"," -!%"," ,!&"," +!'"," *!("," )!)"," (!*"," '!+"]},"2153":{"keys":[112,2],"grid":[" &!,"," %!-"," $!."," #!/"," !!0","!","!","!","!","!","!","!","!","!","!","!"]},"2158":{"keys":[2,112],"grid":[" "," "," "," "," "," ","!! 0","!$ .","!& ,","08","08","08","08","08","08","!% -"]},"2159":{"keys":[112,2],"grid":[" %!-","00","00","00","00","00","00","00","00"," &!,"," '!+"," (!*"," )!)"," *!(","13"," +!'"]},"2080":{"keys":[112,2],"grid":[" (!*","00"," )!)","02","02"," *!(","05","05","05"," +!'","09","09"," ,!&","12","12","12"]},"2081":{"keys":[112,2],"grid":[" -!%","00","00"," .!$","03","03"," /!#","06","06","06"," 0!!","10","10"," "," "," "]},"2147":{"keys":[112,2],"grid":[" /!#","00","00","00"," 0!!","04"," "," "," "," "," "," "," "," "," "," "]},"2146":{"keys":[112,2],"grid":[" ,!&","00","00","00","00"," -!%","05","05","05","05"," .!$","10","10","10","10"," /!#"]},"2145":{"keys":[112,2],"grid":[" "," "," "," "," "," "," 0!!"," /!#"," .!$","08"," -!%"," ,!&","11"," +!'","13","13"]},"2143":{"keys":[2,112],"grid":[" ","!, &","!- %","!/ #","!0 !","!","!","!","!","!","!","!","!","!","!","!"]},"2164":{"keys":[112,2],"grid":[" 0!!","00"," "," "," "," "," "," "," "," "," "," "," "," "," "," "]},"2161":{"keys":[112,2],"grid":[" "," "," "," "," 0!!","04"," /!#","06","06"," .!$","09","09","06","06","04","04"]},"2160":{"keys":[112,2],"grid":[" ,!&"," -!%","01","01"," .!$","04","04","04"," /!#","08","08","08"," 0!!","12","12","12"]},"2163":{"keys":[112,2],"grid":[" .!$","00","00"," -!%","03","03","03","03","03","03"," ,!&","10","03","03","00"," /!#"]},"2162":{"keys":[112,2],"grid":[" 0!!","00","00","00","00","00"," /!#","06","06","06","06","06","06"," .!$","13","13"]}},"4776":{"2121":{"keys":[112,2],"grid":[" #!/"," $!.","01","01","01","01"," %!-","06","01","01","00"," !!0","11","!","!","!"]},"2120":{"keys":[2,112],"grid":[" "," "," "," "," "," "," "," "," "," "," "," ","!! 0","!# /","13","13"]},"2299":{"keys":[112,2],"grid":[" 0!!"," /!#"," .!$"," -!%"," ,!&","04"," +!'"," *!("," )!)"," (!*"," '!+"," &!,"," %!-"," $!."," #!/"," !!0"]},"2298":{"keys":[112],"grid":[" "," "," "," "," "," "," "," "," "," "," "," "," "," "," "," "]},"2125":{"keys":[2,112],"grid":[" "," "," "," "," "," "," "," "," "," "," "," "," "," ","!! 0","!# /"]},"2095":{"keys":[112,2],"grid":[" .!$"," +!'"," )!)"," '!+"," %!-"," #!/","!","!","!","!","!","!","!","!","!","!"]},"2126":{"keys":[112,2],"grid":[" #!/"," $!."," %!-"," &!,","!","!","!","!","!","!","!","!","!","!","!","!"]},"2300":{"keys":[2],"grid":[" "," "," "," "," "," "," "," "," "," "," "," "," "," "," "," "]},"2068":{"keys":[2,112],"grid":[" "," "," "," "," "," "," ","!! 0","!# /","08","!$ .","10","!% -","!& ,","13","!' +"]},"2094":{"keys":[112,2],"grid":[" "," "," "," "," "," "," "," "," "," "," "," "," "," "," "," 0!!"]},"2143":{"keys":[112],"grid":[" "," "," "," "," "," "," "," "," "," "," "," "," "," "," "," "]},"2142":{"keys":[2,112],"grid":[" "," "," "," "," "," "," "," "," "," "," "," "," "," "," "," *!("]},"2069":{"keys":[112,2],"grid":[" '!+"," (!*"," )!)","02"," *!(","04"," +!'"," ,!&","07"," -!%","09"," .!$"," /!#","12"," 0!!","14"]},"2070":{"keys":[112,2],"grid":[" 0!!"," "," "," "," "," "," "," "," "," "," "," "," "," "," "," "]}},"4777":{"2298":{"keys":[112,2],"grid":[" 0!!"," /!#"," .!$"," -!%"," ,!&"," +!'"," *!("," )!)"," (!*"," '!+"," &!,"," %!-"," $!."," #!/"," !!0","!"]},"2297":{"keys":[112],"grid":[" "," "," "," "," "," "," "," "," "," "," "," "," "," "," "," "]},"2094":{"keys":[112,2],"grid":[" "," "," "," "," "," "," "," 0!!"," .!$"," ,!&"," *!("," (!*"," &!,"," $!."," !!0","!"]},"2142":{"keys":[2,112],"grid":[" "," "," "," "," "," "," "," "," "," "," "," "," "," "," ","!"]},"2073":{"keys":[112,2],"grid":[" ,!&","00","00"," -!%","03","03","03","03"," .!$","08","08","08"," /!#","12","12","12"]},"2072":{"keys":[112,2],"grid":[" (!*","00","00"," )!)","03","03","03"," *!(","07","07","07"," +!'","11","11","11"," ,!&"]},"2071":{"keys":[112,2],"grid":[" $!.","00"," %!-","02","02","02"," &!,","06","06","06"," '!+","10","10","10"," (!*","14"]},"2070":{"keys":[2,112],"grid":[" "," "," "," "," ","!! 0","05","05","05","!# /","09","09","09","09","!$ .","14"]},"2074":{"keys":[112,2],"grid":[" 0!!","00","00","00"," "," "," "," "," "," "," "," "," "," "," "," "]}},"4774":{"2120":{"keys":[112,2],"grid":[" 0!!"," "," "," "," "," "," "," "," "," "," "," "," "," "," "," "]},"2123":{"keys":[112,2],"grid":[" "," "," "," "," "," "," "," 0!!","07"," /!#"," .!$","10"," -!%"," ,!&","13"," +!'"]},"2124":{"keys":[112,2],"grid":[" *!(","00"," +!'"," ,!&","03"," -!%"," .!$"," /!#"," 0!!"," "," "," "," "," "," "," "]},"2126":{"keys":[112,2],"grid":[" "," "," "," "," "," "," "," "," "," "," "," "," 0!!"," /!#"," -!%","!"]},"2301":{"keys":[112,2],"grid":[" "," "," "," 0!!"," /!#"," .!$"," -!%"," ,!&","07"," +!'"," *!(","10"," )!)","12","12","12"]},"2302":{"keys":[112,2],"grid":[" (!*","00","00"," '!+","03","03","03","03","03","03"," $!.","10"," #!/"," !!0","13","!"]},"2095":{"keys":[112,2],"grid":[" "," "," "," "," "," "," "," "," "," "," "," "," "," "," 0!!"," .!$"]},"2119":{"keys":[2,112],"grid":[" "," "," "," "," "," "," "," "," "," "," ","!! 0","!% -","!) )","!+ '","!. $"]},"2096":{"keys":[112,2],"grid":[" ,!&"," *!("," (!*"," &!,"," $!."," !!0","!","!","!","!","!","!","!","!","!","!"]},"2143":{"keys":[2,112],"grid":[" "," "," ","!","!","!","!","!","!","!","!","!","!","!","!","!"]},"2103":{"keys":[112,2],"grid":[" &!,"," %!-"," $!."," #!/","03"," !!0","!","!","!","!","!","!","!","!","!","!"]},"2102":{"keys":[112,2],"grid":[" "," "," "," 0!!"," /!#"," .!$","05"," -!%"," ,!&"," +!'"," *!(","10"," )!)"," (!*"," '!+"," &!,"]},"2100":{"keys":[112,2],"grid":[" '!+"," (!*"," )!)"," *!("," +!'"," ,!&"," -!%"," .!$"," /!#"," 0!!","09"," "," "," "," "," "]},"2099":{"keys":[2,112],"grid":[" "," "," "," "," "," "," "," "," "," "," ","!! 0","!# /","!$ .","!% -","!& ,"]},"2065":{"keys":[2,112],"grid":[" "," ","!! 0","02","!# /","!$ .","05","!% -","07","!& ,","!' +","10","!( *","!) )","13","!* ("]},"2066":{"keys":[112,2],"grid":[" *!("," +!'"," ,!&","02"," -!%","04"," .!$"," /!#","07"," 0!!","09"," "," "," "," "," "]}},"4803":{"2265":{"keys":[112,2],"grid":[" &!,"," %!-"," $!."," #!/"," !!0","!","!","!","!","!","!","!","!","!","!","!"]},"2222":{"keys":[112,2],"grid":[" ,!&"," -!%"," "," "," "," "," "," "," "," "," "," "," "," "," "," "]},"2264":{"keys":[112,2],"grid":[" "," "," "," 0!!","03"," /!#"," .!$"," -!%"," ,!&","08"," +!'"," *!("," )!)"," (!*"," '!+","14"]},"2221":{"keys":[2,112],"grid":[" "," "," "," "," ","!! 0","!$ .","!% -","!& ,","!( *","09","09","!) )","12","!* (","!+ '"]}},"4772":{"2096":{"keys":[112,2],"grid":[" "," "," "," "," "," "," "," "," "," "," "," "," "," "," 0!!"," .!$"]},"2062":{"keys":[112,2],"grid":[" #!/"," $!.","01"," %!-","03"," &!,"," '!+","06"," (!*","08"," )!)"," *!(","11"," +!'"," ,!&","14"]},"2113":{"keys":[112,2],"grid":[" /!#","00","00"," .!$"," -!%"," ,!&","05"," +!'"," *!(","08"," )!)"," (!*"," '!+","12"," &!,"," %!-"]},"2127":{"keys":[112,2],"grid":[" *!("," (!*"," '!+"," &!,"," $!."," #!/"," !!0","!","!","!","!","!","!","!","!","!"]},"2126":{"keys":[112,2],"grid":[" "," "," "," "," "," "," "," "," "," "," "," "," "," "," "," +!'"]},"2114":{"keys":[112,2],"grid":[" %!-"," $!."," #!/"," !!0","03","!","!","!","!","!","!","!","!","!","!","!"]},"2097":{"keys":[112,2],"grid":[" ,!&"," *!("," (!*"," '!+","03","02","02"," )!)","07","01","01"," +!'","11","00","00"," -!%"]},"2106":{"keys":[112,2],"grid":[" -!%"," ,!&"," +!'","02","02","02","02","02","02","02"," *!(","10","10","10","10","10"]},"2119":{"keys":[2,112],"grid":[" "," "," "," "," "," "," ","!! 0","!& ,","!) )","!- $!!","!","!","!","!","!"]},"2109":{"keys":[112,2],"grid":[" )!)","00","00","00","00","00","00","00","00","00","00","00","00","00","00","00"]},"2108":{"keys":[112,2],"grid":[" *!(","00","00","00","00","00","00","00"," )!)","08","08","08","08","08","08","08"]},"2143":{"keys":[112,2],"grid":[" +!'"," ,!&"," -!%"," "," "," "," "," "," "," "," "," "," "," "," "," "]},"2142":{"keys":[2,112],"grid":[" "," "," "," ","!! 0","!# /","!$ .","06","!% -","!& ,","!' +","10","!( *","!) )","!* (","14"]},"2061":{"keys":[2,112],"grid":[" "," "," "," "," "," "," "," "," "," "," "," "," "," "," ","!! 0"]},"2110":{"keys":[112,2],"grid":[" )!)","00","00","00","00","00","00","00","00","00","00","00","00","00","00","00"]},"2111":{"keys":[112,2],"grid":[" )!)"," *!(","01","01","01","01","01","01","01","01","01","01"," +!'","12","12","12"]},"2112":{"keys":[112,2],"grid":[" ,!&","00","00","00"," -!%","04","04","04"," .!$","08","08","08"," /!#","12","12","12"]},"2063":{"keys":[112,2],"grid":[" -!%","00"," .!$"," /!#","03"," 0!!"," "," "," "," "," "," "," "," "," "," "]},"2107":{"keys":[112,2],"grid":[" *!(","00","00","00","00","00","00","00","00","00","00","00","00","00","00","00"]},"2098":{"keys":[112,2],"grid":[" -!%"," .!$","01"," /!#","03"," 0!!","05","05"," "," "," "," "," "," "," "," "]},"2105":{"keys":[112,2],"grid":[" "," "," "," "," "," "," "," "," "," "," 0!!","10"," /!#"," .!$","13"," -!%"]}},"4773":{"2126":{"keys":[112,2],"grid":[" "," "," "," "," "," "," "," "," "," "," "," "," "," "," ","!"]},"2064":{"keys":[112,2],"grid":[" '!+","00"," (!*"," )!)","03"," *!(","05"," +!'"," ,!&","08"," -!%","10"," .!$"," /!#","13"," 0!!"]},"2303":{"keys":[112,2],"grid":[" 0!!"," /!#"," .!$","02"," -!%"," ,!&"," +!'","06"," *!("," )!)"," (!*","10"," '!+"," &!,"," %!-","14"]},"2302":{"keys":[112],"grid":[" "," "," "," "," "," "," "," "," "," "," "," "," "," "," "," "]},"2065":{"keys":[112],"grid":[" "," "," "," "," "," "," "," "," "," "," "," "," "," "," "," "]},"2119":{"keys":[2,112],"grid":[" "," "," "," "," "," "," "," "," "," #!( (","!. $","!","!","!","!","!"]},"2096":{"keys":[112,2],"grid":[" "," "," "," "," "," "," 0!!"," .!$"," ,!&"," *!("," (!*"," &!,"," $!."," !!0","!","!"]},"2143":{"keys":[2,112],"grid":[" "," "," ","!","!","!","!","!","!","!","!","!","!","!","!","!"]},"2103":{"keys":[112,2],"grid":[" "," "," "," "," "," "," "," "," 0!!"," /!#","09"," .!$"," -!%","12"," ,!&","14"]},"2063":{"keys":[2,112],"grid":[" "," "," "," "," "," "," "," ","!! 0","08","!# /","!$ .","11","!% -","13","!& ,"]},"2099":{"keys":[112,2],"grid":[" '!+"," (!*"," )!)"," *!("," +!'"," ,!&"," -!%"," .!$"," /!#"," 0!!"," "," "," "," "," "," "]},"2098":{"keys":[2,112],"grid":[" "," "," "," "," "," "," "," "," "," ","!! 0","!# /","!$ .","!% -","!& ,","14"]},"2105":{"keys":[112,2],"grid":[" !!0","00","00","00","00","!","!","!","!","!","!","!","!","!","!","!"]},"2104":{"keys":[112,2],"grid":[" +!'"," *!(","01"," )!)"," (!*","04"," '!+","06"," &!,"," %!-","09"," $!.","11"," #!/"," !!0","14"]}},"4770":{"2136":{"keys":[2,112],"grid":[" "," "," "," "," "," "," "," "," "," "," "," ","!! 0","12","12","12"]},"2137":{"keys":[112,2],"grid":[" #!/","00","00","00"," $!.","04","04"," %!-","07","07","07"," &!,","11","11","11"," '!+"]},"2055":{"keys":[2,112],"grid":[" "," "," "," "," "," "," "," "," "," ","!! 0","10","10","!# /","13","13"]},"2130":{"keys":[2],"grid":[" "," "," "," "," "," "," "," "," "," "," "," "," "," "," "," "]},"2057":{"keys":[112,2],"grid":[" (!*","00"," )!)","02","02"," *!(","05","05","05"," +!'","09","09","09"," ,!&","13","13"]},"2056":{"keys":[112,2],"grid":[" $!.","00","00"," %!-","03","03"," &!,","06","06","06"," '!+","10","10","10"," (!*","14"]},"2059":{"keys":[112],"grid":[" "," "," "," "," "," "," "," "," "," "," "," "," "," "," "," "]},"2058":{"keys":[112,2],"grid":[" ,!&"," -!%","01","01"," .!$","04","04","04"," /!#","08","08","08"," 0!!","12","12","12"]},"2138":{"keys":[112,2],"grid":[" '!+","00"," (!*","02","02","02"," )!)","06","06","06"," *!(","10","10","10"," +!'","14"]},"2139":{"keys":[112,2],"grid":[" +!'"," ,!&"," -!%"," .!$","03"," /!#"," 0!!"," "," "," "," "," "," "," "," "," "]},"2118":{"keys":[2,112],"grid":[" "," "," "," "," "," "," "," "," "," "," ","!! 0","11","!# /","13","!$ ."]},"2119":{"keys":[112,2],"grid":[" $!."," %!-","01","01"," &!,","04"," "," "," "," "," "," "," "," "," "," "]},"2128":{"keys":[112,2],"grid":[" "," /!#"," .!$"," ,!&"," *!("," )!)"," '!+"," %!-"," $!."," #!/","09","09","09","09","09","09"]},"2129":{"keys":[112,2],"grid":[" #!/"," !!0","01","01","01","01","01","01","01","01","01","01","!","!","!","!"]},"2115":{"keys":[112,2],"grid":[" "," "," "," "," "," "," "," "," "," "," "," "," 0!!","12"," /!#"," .!$"]},"2116":{"keys":[112,2],"grid":[" .!$"," -!%"," ,!&"," +!'"," *!("," )!)"," (!*"," '!+"," &!,"," %!-"," $!."," !!0","!","!","!","!"]}},"4771":{"2127":{"keys":[112,2],"grid":[" "," "," "," "," "," "," "," 0!!"," .!$"," -!%"," +!'"," )!)"," (!*"," &!,"," $!."," #!/"]},"2059":{"keys":[2,112],"grid":[" "," "," ","!! 0","03","03","!# /","06","06","!$ .","09","09","!% -","12","12","!& ,"]},"2128":{"keys":[2],"grid":[" "," "," "," "," "," "," "," "," "," "," "," "," "," "," "," "]},"2139":{"keys":[2,112],"grid":[" "," "," "," "," "," "," "," "," ","!! 0","!# /","!$ .","11","!% -","!& ,","!' +"]},"2119":{"keys":[2,112],"grid":[" "," "," "," "," "," ","!* (","!","!","!","!","!","!","!","!","!"]},"2142":{"keys":[112,2],"grid":[" /!#"," 0!!"," "," "," "," "," "," "," "," "," "," "," "," "," "," "]},"2141":{"keys":[112,2],"grid":[" ,!&","00","00","00"," +!'","04","04","04"," *!(","08","08","04","00"," -!%"," .!$","14"]},"2140":{"keys":[112,2],"grid":[" '!+"," (!*"," )!)","02"," *!("," +!'","05"," ,!&"," -!%","08"," .!$","10","08","08","08","08"]},"2060":{"keys":[112,2],"grid":[" &!,","00"," '!+","02","02"," (!*","05","05"," )!)","08","08"," *!(","11","11"," +!'","14"]},"2061":{"keys":[112,2],"grid":[" +!'"," ,!&","01","01"," -!%","04","04"," /!#"," 0!!"," "," ","04","01","04","04"," .!$"]},"2062":{"keys":[112],"grid":[" "," "," "," "," "," "," "," "," "," "," "," "," "," "," "," "]},"2114":{"keys":[112,2],"grid":[" "," "," "," "," "," "," 0!!","06"," /!#"," .!$"," -!%","10"," ,!&"," +!'"," *!(","14"]},"2115":{"keys":[112,2],"grid":[" )!)"," (!*","01"," '!+"," &!,"," %!-","05"," $!."," #!/","08"," !!0","!","!","!","!","!"]}},"4794":{"2274":{"keys":[112,2],"grid":[" "," "," "," "," "," "," "," "," "," "," "," "," ","!, &","!","!"]},"2214":{"keys":[2,112],"grid":[" "," "," "," ","!# /","!% -","!( *","!* (","!- %","!/ #","!","!","!","!","!","!"]}},"4795":{"2274":{"keys":[112,2],"grid":[" +!'"," *!("," )!)","02"," (!*"," '!+","05"," &!,","07"," %!-"," $!.","10"," #!/"," !!0","!","!"]},"2273":{"keys":[112,2],"grid":[" "," "," "," "," "," "," "," "," "," "," "," 0!!"," /!#"," .!$"," -!%"," ,!&"]},"2215":{"keys":[112,2],"grid":[" 0!!"," "," "," "," "," "," "," "," "," "," "," "," "," "," "," "]},"2214":{"keys":[2,112],"grid":[" "," "," "," "," "," "," "," "," "," "," ","!$ .","!& ,","!) )","!+ '","!. $"]}},"4796":{"2273":{"keys":[112,2],"grid":[" (!*"," '!+","01"," &!,"," %!-","04"," $!.","06"," #!/"," !!0","!","!","!","!","!","!"]},"2215":{"keys":[2,112],"grid":[" ","!# /","!% -","!( *","!* (","!, &","!- %","06","!. $","!/ #","!0 !","!","!","!","!","!"]},"2272":{"keys":[112,2],"grid":[" "," "," "," "," "," "," "," 0!!","07"," /!#"," .!$"," -!%"," ,!&"," +!'"," *!("," )!)"]}},"4797":{"2217":{"keys":[112,2],"grid":[" 0!!"," "," "," "," "," "," "," "," "," "," "," "," "," "," "," "]},"2271":{"keys":[112,2],"grid":[" "," "," "," "," "," 0!!"," /!#"," .!$"," -!%"," ,!&"," +!'"," (!*"," &!,"," $!."," !!0","14"]},"2216":{"keys":[112,2],"grid":[" %!-"," &!,"," '!+"," (!*"," )!)"," *!(","05"," +!'"," ,!&"," -!%"," .!$"," /!#","11","11"," 0!!","14"]},"2215":{"keys":[2,112],"grid":[" "," "," "," "," "," "," "," "," "," "," "," ","!! 0","!# /","13","!$ ."]},"2272":{"keys":[112,2],"grid":[" !!0","00","00","00","00","00","!","!","!","!","!","!","!","!","!","!"]}},"4790":{"2212":{"keys":[2,112],"grid":[" "," "," "," "," "," ","!# /","!% -","!' +","!) )","!+ '","!- %","!0 !","!","!","!"]},"2173":{"keys":[112,2],"grid":[" $!."," %!-","01","00"," #!/"," !!0","!","!","!","!","!","!","!","!","!","!"]},"2280":{"keys":[112,2],"grid":[" "," 0!!"," /!#","02"," .!$"," -!%","05"," ,!&"," +!'","08"," *!("," )!)"," (!*","12"," '!+"," &!,"]},"2281":{"keys":[112,2],"grid":[" &!,"," %!-"," $!.","02"," #!/"," !!0","05","!","!","!","!","!","!","!","!","!"]},"2183":{"keys":[112,2],"grid":[" %!-","00"," $!.","02"," #!/","04"," !!0","06","!","!","!","!","!","!","!","!"]},"2182":{"keys":[112,2],"grid":[" -!%"," ,!&","01","01"," +!'","04"," *!(","06"," )!)","08"," (!*","10"," '!+","12"," &!,","14"]},"2181":{"keys":[112,2],"grid":[" 0!!","00"," /!#","02","02","02","02"," .!$","07","07","07","07"," -!%","12","12","12"]},"2180":{"keys":[112,2],"grid":[" "," "," "," "," "," "," "," "," "," "," "," "," "," "," 0!!","14"]},"2176":{"keys":[112,2],"grid":[" #!/","00"," $!.","02"," %!-","04"," &!,","06","06"," '!+","09"," (!*","11"," )!)"," *!("," +!'"]},"2177":{"keys":[112,2],"grid":[" +!'"," ,!&"," -!%"," .!$","03"," /!#"," 0!!"," "," "," "," "," "," "," "," "," "]},"2175":{"keys":[2,112],"grid":[" "," "," "," "," "," "," "," "," "," "," "," "," ","!! 0","13","!# /"]},"2172":{"keys":[2,112],"grid":[" "," "," "," "," "," "," ","!! 0","07","07","!# /","10","10","!$ .","13","13"]}},"4791":{"2213":{"keys":[112,2],"grid":[" (!*"," *!("," ,!&"," .!$"," "," "," "," "," "," "," "," "," "," "," "," "]},"2212":{"keys":[2,112],"grid":[" "," "," "," "," "," "," "," "," "," "," "," "," ","!! 0","!$ .","!& ,"]},"2280":{"keys":[2],"grid":[" "," "," "," "," "," "," "," "," "," "," "," "," "," "," "," "]},"2279":{"keys":[112,2],"grid":[" ,!&","00"," +!'"," *!("," )!)","04"," (!*"," '!+","07"," &!,"," %!-"," $!.","11"," #!/"," !!0","!"]},"2278":{"keys":[112,2],"grid":[" "," "," "," "," "," "," "," "," "," "," "," 0!!"," /!#","12"," .!$"," -!%"]},"2180":{"keys":[112,2],"grid":[" #!/","00","00","00"," !!0","04","04","04","04","!","!","!","!","!","!","!"]},"2177":{"keys":[2,112],"grid":[" "," "," "," "," "," "," "," "," ","!! 0","!# /","!$ .","11","!% -","13","13"]},"2178":{"keys":[112,2],"grid":[" %!-","00","00","00","00","00","00","00","00","00","00","00","00","00","00","00"]},"2179":{"keys":[112,2],"grid":[" %!-","00","00","00","00","00","00","00","00","00","00"," $!.","11","11","11"," #!/"]}},"4792":{"2275":{"keys":[112,2],"grid":[" "," "," "," "," "," "," "," "," "," "," "," "," "," "," 0!!"," "]},"2213":{"keys":[2,112],"grid":[" "," "," "," "," ","!# /","!% -","!' +","!) )","!+ '","!- %","!/ #","!","!","!","!"]},"2277":{"keys":[112,2],"grid":[" 0!!","00"," /!#","02"," .!$","04"," -!%","06"," ,!&","08"," +!'","10"," *!(","12"," )!)","14"]},"2276":{"keys":[112],"grid":[" "," "," "," "," "," "," "," "," "," "," "," "," "," "," "," "]},"2278":{"keys":[112,2],"grid":[" (!*","00"," '!+"," &!,","03"," %!-"," $!."," #!/","07"," !!0","!","!","!","!","!","!"]}},"4793":{"2275":{"keys":[112,2],"grid":[" )!)","00"," (!*","02"," '!+","04"," &!,","06"," %!-"," $!.","09"," #!/","!","!","!","!"]},"2274":{"keys":[112,2],"grid":[" "," "," "," "," "," "," "," "," "," "," "," "," "," 0!!"," +!'"," *!("]},"2276":{"keys":[2,112],"grid":[" "," "," "," ","!! 0","04","!# /","06","06","06","06","06","04","04"," "," "]},"2213":{"keys":[2,112],"grid":[" "," "," "," "," "," "," "," "," "," "," "," "," ","!$ .","!& ,","!( *"]},"2214":{"keys":[112,2],"grid":[" *!("," ,!&"," .!$"," "," "," "," "," "," "," "," "," "," "," "," "," "]}},"4813":{"2238":{"keys":[112,2],"grid":[" ,!&"," -!%","01","01"," .!$","04"," /!#","06","06"," 0!!","09"," "," "," "," "," "]},"2237":{"keys":[112,2],"grid":[" &!,","00","00"," '!+","03"," (!*","05","05"," )!)","08"," *!(","10"," +!'","12","12"," ,!&"]},"2236":{"keys":[2,112],"grid":[" "," "," "," "," "," ","!! 0","06","06","!# /","09","!$ .","11","11","!% -","14"]},"2241":{"keys":[112,2],"grid":[" "," "," "," "," "," "," "," "," "," "," "," "," "," "," 0!!","14"]},"2242":{"keys":[112,2],"grid":[" /!#","00"," .!$","02"," -!%","04"," ,!&","06"," +!'","08"," *!(","10"," )!)","12"," (!*"," '!+"]},"2243":{"keys":[112,2],"grid":[" '!+"," &!,","01"," %!-","03"," $!.","05"," #!/","07"," !!0","!","!","!","!","!","!"]}},"4812":{"2235":{"keys":[2,112],"grid":[" "," "," "," "," "," "," "," "," "," ","!# /","!& ,","!( *","!+ '","!- %","!/ #"]},"2236":{"keys":[112,2],"grid":[" /!#"," 0!!","01","01"," "," "," "," "," "," "," "," "," "," "," "," "]},"2244":{"keys":[112,2],"grid":[" .!$","00"," -!%","02"," ,!&"," +!'","05"," *!(","07"," )!)","09"," (!*","11"," '!+"," &!,","14"]},"2245":{"keys":[112,2],"grid":[" %!-","00"," $!.","02"," #!/","04"," !!0","!","!","!","!","!","!","!","!","!"]},"2246":{"keys":[2,112],"grid":[" "," "," "," "," "," "," "," ","!! 0"," "," "," "," "," "," "," "]},"2243":{"keys":[112,2],"grid":[" "," "," "," "," "," "," "," "," "," "," "," "," 0!!","12"," /!#","14"]}},"4811":{"2233":{"keys":[2,112],"grid":[" "," "," "," "," "," "," "," "," "," ","!$ .","10","!% -","!& ,","!' +","!( *"]},"2235":{"keys":[112,2],"grid":[" -!%","00","00"," ,!&","03","03"," +!'","03"," .!$"," "," "," "," "," "," "," "]},"2234":{"keys":[112,2],"grid":[" )!)"," *!("," +!'"," ,!&","03"," -!%"," .!$"," /!#"," 0!!","08","08","07","07","06","06","06"]},"2245":{"keys":[112,2],"grid":[" "," "," "," "," "," "," "," "," "," 0!!","09"," /!#","11"," .!$","13","13"]},"2246":{"keys":[112,2],"grid":[" .!$","00"," /!#","02"," 0!!","04"," "," "," '!' %"," '!+","09"," &!,","11","11","11"," %!-"]},"2247":{"keys":[112,2],"grid":[" %!-","00"," $!.","02","02","02"," #!/","06","06"," !!0","09","09","09","!","!","!"]}},"4810":{"2233":{"keys":[112,2],"grid":[" #!/","00"," $!."," %!-","03"," &!,"," (!*"," *!("," +!'"," ,!&"," "," "," "," "," "," "]},"2232":{"keys":[2,112],"grid":[" "," "," "," "," "," "," "," "," "," ","!! 0","10","!# /","12","12","12"]},"2248":{"keys":[112,2],"grid":[" 0!!","00","00","00"," /!#","04","04"," .!$","07","07","07"," -!%","11","11"," ,!&","14"]},"2249":{"keys":[112,2],"grid":[" ,!&","00"," +!'","02","02"," *!(","05","05","05"," )!)","09","09","09"," (!*","13","13"]},"2247":{"keys":[112],"grid":[" "," "," "," "," "," "," "," "," "," "," "," "," "," "," "," "]},"2252":{"keys":[112,2],"grid":[" !!0","00","!","!","!","!","!","!","!","!","!","!","!","!","!","!"]},"2251":{"keys":[112,2],"grid":[" #!/","00"," !!0","02","02","00","00","00"," $!.","08","08","08","08","08","08","08"]},"2250":{"keys":[112,2],"grid":[" '!+","00","00","00"," &!,","04","04"," %!-","07","07","07"," $!.","11","11","11"," #!/"]}},"4814":{"2239":{"keys":[112,2],"grid":[" #!/","00"," $!.","02","02"," %!-","05"," &!,","07"," '!+","09"," (!*","11","11"," )!)"," *!("]},"2238":{"keys":[2,112],"grid":[" "," "," "," "," "," "," "," "," "," "," "," "," "," ","!! 0","14"]},"2240":{"keys":[112,2],"grid":[" +!'","00"," ,!&","02"," -!%","04","04","02","02","00","00"," *!(","11"," )!)","13"," (!*"]},"2241":{"keys":[112,2],"grid":[" (!*"," '!+","01"," &!,","03"," %!-","05"," $!.","07"," #!/","09"," !!0","!","!","!","!"]}},"4642":{"2076":{"keys":[90,112],"grid":[" ,!&","00"," -!%"," .!$"," /!#","04"," 0!!","06"," "," "," "," "," "," "," "," "]},"2075":{"keys":[90,112],"grid":[" !!0","00"," #!/"," $!.","03"," %!-","05"," &!,"," '!+","08"," (!*","10"," )!)"," *!(","13"," +!'"]},"2074":{"keys":[112],"grid":[" "," "," "," "," "," "," "," "," "," "," "," "," "," "," "," "]}},"4643":{"2080":{"keys":[90,112],"grid":[" -!%"," .!$","01"," /!#","03","03"," 0!!","06","06"," "," "," "," "," "," "," "]},"2078":{"keys":[90,112],"grid":[" %!-","00","00","00"," &!,","04","04","04","00"," #!/"," !!0","10","10","10","09","09"]},"2077":{"keys":[90,112],"grid":[" $!."," %!-","01","01","01","01","01","01","01","01","01","01","01","01","01","01"]},"2076":{"keys":[112,90],"grid":[" "," "," "," "," "," "," "," "," "," ","!! 0","10","!# /","12","!$ .","14"]},"2079":{"keys":[90,112],"grid":[" !!0"," #!/","01"," $!.","03"," %!-","05"," &!,","07","07","07"," '!+"," )!)"," *!(","13"," +!'"]}},"4640":{"2068":{"keys":[90,112],"grid":[" &!,"," '!+","01","01"," (!*","04","04"," )!)","07"," *!(","07","07","07","07","04","01"]},"2069":{"keys":[90,112],"grid":[" '!+"," %!-"," $!.","02","02","02","02","01"," &!,","00"," (!*"," )!)","11"," *!("," +!'","14"]},"2073":{"keys":[90],"grid":[" "," "," "," "," "," "," "," "," "," "," "," "," "," "," "," "]},"2072":{"keys":[90,112],"grid":[" ,!&","00","00","00","00","00","00","00","00","00","00"," -!%","11"," .!$"," /!#"," 0!!"]},"2071":{"keys":[90,112],"grid":[" /!#","00","00","00","00"," .!$"," -!%","06","06","06","06","06"," ,!&","12","12","12"]},"2070":{"keys":[90,112],"grid":[" ,!&","00"," -!%","02"," .!$","04","02","02","00","00","00","00","00","04"," /!#","14"]},"2067":{"keys":[112,90],"grid":[" "," "," "," "," "," "," "," "," "," "," "," "," ","!! 0","!$ .","!& ,"]}},"4641":{"2073":{"keys":[90,112],"grid":[" !!0"," #!/"," $!.","02","02"," %!-"," &!,","06"," '!+"," (!*"," )!)"," *!(","11"," +!'","13"," ,!&"]},"2074":{"keys":[90,112],"grid":[" ,!&"," -!%","01","01"," .!$","04","04","04"," /!#","08","08"," 0!!","11"," "," "," "]}},"4646":{"2095":{"keys":[90,112],"grid":[" !!0","00","00","00","00"," #!/","05","05","05","05","05","05"," $!.","12","12","12"]},"2094":{"keys":[112,90],"grid":[" "," "," "," "," "," "," "," "," "," "," "," "," "," "," ","!! 0"]},"2096":{"keys":[90,112],"grid":[" #!/","00","00","00","00","00"," !!0","06","06","06","06","06","06","!","!","!"]},"2092":{"keys":[112,90],"grid":[" "," "," "," ","!! 0","04","04","04"," "," "," "," "," "," "," "," "]}},"4644":{"2082":{"keys":[90,112],"grid":[" +!'"," ,!&","01","01"," -!%","04","04","04","04","04","04","04"," .!$","12","12"," /!#"]},"2083":{"keys":[90],"grid":[" "," "," "," "," "," "," "," "," "," "," "," "," "," "," "," "]},"2080":{"keys":[112,90],"grid":[" "," "," "," "," "," "," "," "," "," "," ","!! 0","11","!# (!! '","!% %!$ &","!- %"]},"2081":{"keys":[90,112],"grid":[" -!%"," .!$","01","01","01","01","01","01","00","00","00"," ,!&"," +!'","12","12","12"]},"2084":{"keys":[90],"grid":[" "," "," "," "," "," "," "," "," "," "," "," "," "," "," "," "]},"2085":{"keys":[90],"grid":[" "," "," "," "," "," "," "," "," "," "," "," "," "," "," "," "]}},"4645":{"2094":{"keys":[90,112],"grid":[" /!#"," 0!!","01","01","01","01","01","01"," "," "," "," "," "," "," "," "]},"2097":{"keys":[90,112],"grid":[" "," "," "," 0!!","03","03","03","03","03"," /!#","09","09","09","09","09"," .!$"]},"2096":{"keys":[90],"grid":[" "," "," "," "," "," "," "," "," "," "," "," "," "," "," "," "]},"2091":{"keys":[90,112],"grid":[" +!'","00","00"," ,!&","03","03"," -!%","06","06"," .!$","09"," /!#","11","11"," 0!!","14"]},"2090":{"keys":[90,112],"grid":[" %!-","00"," &!,","02","02"," '!+","05","05"," (!*","08","08"," )!)","11"," *!(","13","13"]},"2093":{"keys":[90,112],"grid":[" "," "," 0!!","02","02","02","02","02","02","02","02","02"," /!#","12","12","12"]},"2092":{"keys":[90,112],"grid":[" 0!!"," "," "," "," "," "," "," "," "," "," "," "," "," "," "," "]},"2099":{"keys":[90,112],"grid":[" ,!&","00","00","00","00","00","00"," +!'","07","07","07","07","07","07","07","07"]},"2098":{"keys":[90,112],"grid":[" .!$","00","00","00","00","00"," -!%","06","06","06","06","06","06","06","06"," ,!&"]},"2110":{"keys":[90,112,""],"grid":[" '!+"," (!*","01","01","01","01","01","00","#%!-","08","08","08","08","08","08","08"]},"2088":{"keys":[90,112],"grid":[" '!+"," &!,","01"," %!-"," $!.","04","04","04"," #!/","08","08","08","08"," !!0","13","13"]},"2089":{"keys":[90,112],"grid":[" !!0","00","00","00","00","00","00","00","00"," #!/","09","09","09"," $!.","13","13"]},"2083":{"keys":[112,90],"grid":[" ","!! 0","!# /","02","!$ .","04","04","04","04","!% -","09","09","09","09","!& ,","14"]},"2086":{"keys":[90,112],"grid":[" (!*"," )!)","01","01","01","01"," *!(","06","06","06","06","06","06"," +!'","13","13"]},"2087":{"keys":[90,112],"grid":[" +!'","00","00"," ,!&","03","00","00","00"," *!(","08","08"," )!)","11"," (!*","13","13"]},"2084":{"keys":[90,112],"grid":[" &!,"," '!+","01"," (!*","03"," )!)","05"," *!(","07","07"," #!# '!'"," #!/"," !!0","!","!","!"]},"2085":{"keys":[112,90],"grid":[" "," "," "," "," "," ","!! 0","!# /","!$ .","!% -","!& ,","10","!' +","12","!( *","14"]},"2109":{"keys":[90,112],"grid":[" '!+","00","00","00","00","00","00","00","00","00","00","00","00","00","00","00"]},"2108":{"keys":[90,112],"grid":[" &!,","00","00","00","00","00","00","00","00"," '!+","09","09","09","09","09","09"]},"2103":{"keys":[90,112],"grid":[" %!-","00"," $!.","02","02","02","02","02","02","02","02"," #!/","11","11","11","11"]},"2102":{"keys":[90,112],"grid":[" '!+","00"," &!,","02","02","02","02","02","02","02"," %!-","10","10","10","10","10"]},"2101":{"keys":[90,112],"grid":[" )!)"," (!*","01","01","01","01","01","01","01"," '!+","09","09","09","09","09","09"]},"2100":{"keys":[90,112],"grid":[" *!(","00","00","00","00","00","00","00"," )!)","08","08","08","08","08","08","08"]},"2107":{"keys":[90,112],"grid":[" &!,","00","00","00","00","00","00","00","00","00","00","00","00","00","00","00"]},"2106":{"keys":[90,112],"grid":[" %!-","00","00","00","00","00","00","00","00","00","00","00","00","00","00","00"]},"2105":{"keys":[90,112],"grid":[" $!.","00","00","00","00","00","00"," %!-","07","07","07","07","07","07","07","07"]},"2104":{"keys":[90,112],"grid":[" $!.","00","00","00","00","00","00","00","00","00","00","00","00","00","00","00"]}},"4775":{"2121":{"keys":[112,2],"grid":[" "," "," "," "," "," "," "," "," "," "," "," "," "," "," 0!!","14"]},"2120":{"keys":[2,112],"grid":[" ","!! 0","!$ .","!' +","!) )","!* (","!+ '","!, &","!. $","!/ #","!0 !","!","!","!","!","!"]},"2123":{"keys":[112,2],"grid":[" %!-"," $!."," #!/","02"," !!0","04","!","!","!","!","!","!","!","!","!","!"]},"2122":{"keys":[112,2],"grid":[" /!#"," .!$","01"," -!%"," ,!&","04"," +!'","06"," *!("," )!)","09"," (!*"," '!+","12"," &!,"," %!-"]},"2125":{"keys":[112,2],"grid":[" &!,"," '!+"," (!*"," )!)"," *!(","04"," +!'"," ,!&"," -!%"," .!$","09"," /!#"," 0!!"," "," "," "]},"2124":{"keys":[2,112],"grid":[" "," "," "," "," "," "," "," "," "," "," ","!! 0","!# '!! (","!$ %!# (","!% !!$ )","!' +"]},"2095":{"keys":[112,2],"grid":[" "," "," "," "," "," "," "," /!#"," -!%"," +!'"," )!)"," &!,"," $!."," !!0","!","!"]},"2126":{"keys":[112,2],"grid":[" "," "," "," "," 0!!"," ,!&"," *!("," )!)"," '!+"," %!-"," $!."," !!0","!","!","!","!"]},"2301":{"keys":[112,2],"grid":[" !!0","!","!","!","!","!","!","!","!","!","!","!","!","!","!","!"]},"2300":{"keys":[112,2],"grid":[" "," 0!!"," /!#"," .!$"," -!%"," ,!&"," +!'","06","06"," *!("," )!)","10","10","10","10"," #!/"]},"2068":{"keys":[112,2],"grid":[" .!$","00"," /!#","02"," 0!!"," "," "," "," "," "," "," "," "," "," "," "]},"2143":{"keys":[2,112],"grid":[" 0!!"," .!$"," $!.","!","!","!","!","!","!","!","!","!","!","!","!","!"]},"2102":{"keys":[112,2],"grid":[" !!0","00","!","!","!","!","!","!","!","!","!","!","!","!","!","!"]},"2101":{"keys":[112,2],"grid":[" %!-"," &!,"," '!+"," (!*"," )!)","04"," *!(","04","04","03","02","01","01","00"," $!."," #!/"]},"2100":{"keys":[2,112],"grid":[" "," "," "," "," "," "," "," "," "," "," "," ","!! 0","!# /","!$ .","!% -"]},"2066":{"keys":[2,112],"grid":[" "," "," "," "," "," "," "," "," "," "," "," ","!! 0","12","!# /","14"]},"2067":{"keys":[112,2],"grid":[" $!."," %!-","01"," &!,","03"," '!+"," (!*","06"," )!)","08"," *!("," +!'","11"," ,!&","13"," -!%"]}},"4786":{"2207":{"keys":[2,112],"grid":[" "," "," ","!! 0","!$ .","!% -","!' +","!( *","!* (","!+ '","!- %","!. $","!0 !","!","!","!"]},"2285":{"keys":[112,2],"grid":[" "," "," "," "," "," "," "," "," 0!!","08"," /!#","10"," .!$"," -!%","13"," ,!&"]},"2286":{"keys":[112,2],"grid":[" +!'"," *!("," )!)"," (!*","03"," '!+"," !!0","06","!","!","!","!","!","!","!","!"]},"2170":{"keys":[112,2],"grid":[" /!#","00"," 0!!","02"," "," "," "," "," "," "," "," "," "," "," "," "]},"2187":{"keys":[112],"grid":[" "," "," "," "," "," "," "," "," "," "," "," "," "," "," "," "]},"2168":{"keys":[2,112],"grid":[" "," "," "," "," "," ","!! 0","!# /","!% -","!& ,","!' +","!) )","!* (","!, &","!- %","!/ #"]},"2169":{"keys":[112,2],"grid":[" 0!!"," "," "," "," "," "," "," ","00","00","00","00","00","00"," /!#","14"]},"2189":{"keys":[112,2],"grid":[" %!-","00"," $!."," #!/","03"," !!0","05","!","!","!","!","!","!","!","!","!"]},"2188":{"keys":[112,2],"grid":[" 0!!"," /!#"," .!$","02"," -!%"," ,!&","05"," +!'"," *!(","08"," )!)"," (!*","11"," '!+","13"," &!,"]}},"4767":{"2048":{"keys":[112,2],"grid":[" '!+","00","00"," (!*","03"," )!)","05","05"," *!(","08"," +!'","10","10"," ,!&","13","13"]},"2049":{"keys":[112,2],"grid":[" -!%","00"," .!$","02","02"," /!#","05","05"," 0!!","08","08"," "," "," "," "," "]}},"4798":{"2217":{"keys":[2,112],"grid":[" "," "," ","!# /","!% -","!' !!! )","!* (","!+ !!# $","!","!","!","!","!","!","!","!"]},"2271":{"keys":[112,2],"grid":[" $!.","00"," #!/"," !!0","!","!","!","!","!","!","!","!","!","!","!","!"]},"2270":{"keys":[112,2],"grid":[" "," "," "," 0!!","03"," /!#"," .!$"," -!%"," ,!&"," +!'"," *!("," )!)"," (!*"," '!+"," &!,"," %!-"]}},"4799":{"2218":{"keys":[112,2],"grid":[" 0!!"," "," "," "," "," "," "," "," "," "," "," "," "," "," "," "]},"2217":{"keys":[2,112],"grid":[" "," "," "," "," "," "," "," ","!! 0","!% -","!) )","!, &","!/ #","!0 !","13","13"]},"2269":{"keys":[112,2],"grid":[" "," "," "," "," "," "," "," "," "," "," "," "," "," "," "," $!% *"]},"2270":{"keys":[112,2],"grid":[" #!* &"," !!- $","!","!","!","!","!","!","!","!","!","!","!","!","!","!"]}}}}