{"9":{"407":{"173":{"keys":[202,1],"grid":[" 0!!"," "," "," "," "," "," "," "," "," "," "," "," "," "," "," "]},"172":{"keys":[2,1,202],"grid":[" "," "," "," "," "," "," "," "," "," "," "," "," "," (!# (","!# #!* $","#!!%#(!%"]}},"412":{"175":{"keys":[2,1,202],"grid":[" "," "," "," "," 0!!","!% +!#","#$!( $!##!","#*!&##","#","#","#","#","#","#","#","#"]}},"406":{"172":{"keys":[2,1,202],"grid":[" "," "," "," "," "," "," "," "," ","!# /","!* (","#%!###!' #","#.!! #","12","#.!$","#"]}},"400":{"170":{"keys":[2,1,202],"grid":[" "," ","!! 0","02","!$ !!$ *","##!$#!!$ !!# %","#$!##$!& $","#-!%","#","#","#","#","#","#","#","#"]}},"414":{"175":{"keys":[2,1,202],"grid":[" '!! %!$#!!!"," %!)#%"," #!$#%!##&","!$#.","!!#0","#","#","#","#","#","#","#","#","#","#","#"]},"174":{"keys":[2,1],"grid":[" "," "," "," "," "," "," "," "," "," "," "," "," "," "," "," .!$"]}},"415":{"175":{"keys":[1,202],"grid":[" %!-","!","!","!","!","!","!","!","!","!","!","!","!","!","!","!"]},"174":{"keys":[2,1,202],"grid":[" "," "," "," "," "," "," "," "," "," "," "," -!%"," +!$#$"," )!$#&"," &!%#("," $!$#+"]}},"405":{"172":{"keys":[2,1,202],"grid":[" "," "," "," "," "," "," "," "," "," ,!% !"," +!###!#"," #!$ $!$#&"," #!!#!!&#(","!$#.","!!#0","#"]}},"404":{"173":{"keys":[2,1,202],"grid":[" '!##)"," &!##*"," %!##+"," $!##,","!%#-","!##/","#","#","#","#","#","#","#","#","#","#"]},"172":{"keys":[2,1,202],"grid":[" "," "," "," "," "," "," "," "," "," "," "," "," "," .!$"," -!##!!!"," (!'#$"]}},"403":{"173":{"keys":[2,1,202],"grid":[" "," ","!$ .","##!$ &!% #","#%!# #!$##!$","#&!%#(","#","#","#","#","#","#","#","#","#","#"]}},"411":{"175":{"keys":[2,1,202],"grid":[" ","!* (","#!!!#'!# '","#*!$ %","#,!! %","#,!&","#","#","#","#","#","#","#","#","#","#"]}},"401":{"172":{"keys":[202,1,2],"grid":[" )!!#("," (!##("," )!$#&"," *!$#%"," ,!##$"," -!###"," .!!##"," .!##!"," /!#"," 0!!","09","09"," "," "," "," "]},"171":{"keys":[202,1,2],"grid":[" %!!#,","00","00","00"," %!##+"," &!!#+"," &!##*"," '!!#*","07","07","07","06","06"," '!##)"," (!##("," )!!#("]},"170":{"keys":[2,1,202],"grid":[" "," "," "," "," "," "," ","!! 0","!% -","#$!# ,","#%!! ,","#%!# +","#$!$ +","#$!! -","09","10"]}},"413":{"175":{"keys":[2,1,202],"grid":[" "," "," "," ","!! .!#","!# +!$#!","#!!& $!%#$","#&!&#'","#","#","#","#","#","#","#","#"]}},"410":{"175":{"keys":[202,1,2],"grid":[" $!##,"," %!-"," &!! +"," "," "," "," "," "," "," "," "," "," "," "," "," "]},"174":{"keys":[2,1,202],"grid":[" "," "," "," "," "," "," "," "," "," ","!! 0","!# /","#!!! /","12","#!!$ -","#$!! -"]}},"408":{"173":{"keys":[1,2,202],"grid":[" !!0"," #!/","#! #!.","## #!-","#$ !!-","#$ #!,","#% !!,","06","#% $!*","#' #!)","#( &!! !!! !","#, &","#","#","#","#"]}},"409":{"174":{"keys":[202,1,2],"grid":[" )!##'","00"," )!!#(","02","02"," )!$#&","05"," +!##%"," ,!##$"," -!$#!"," /!#"," "," "," "," "," "]},"173":{"keys":[2,1,202],"grid":[" "," "," "," "," "," "," "," "," "," "," $!! -","!( *","#%!' '","#)!! (","#(!# (","14"]}},"402":{"173":{"keys":[202,1,2],"grid":[" .!##!","00"," .!$","02"," "," "," "," "," "," "," "," "," "," "," "," "]},"172":{"keys":[2,1,202],"grid":[" "," "," "," "," "," "," "," "," "," "," ","!$ .","11","##!$ ,","#%!# $!& #","#&!(#!!# !"]}}},"13":{"6578":{"2801":{"keys":[2,202],"grid":[" "," "," "," "," "," "," "," "," "," "," /!#"," +!'"," )!)"," &!,"," !!0","!"]}},"6527":{"2768":{"keys":[202,2],"grid":[" !!0"," #!/"," $!."," %!-"," &!,"," '!+"," )!)"," *!("," +!'"," ,!&"," .!$"," /!#"," 0!!"," "," "," "]},"2767":{"keys":[2],"grid":[" "," "," "," "," "," "," "," "," "," "," "," "," "," "," "," "]}},"6411":{"2726":{"keys":[202,2],"grid":[" )!)"," *!("," +!'"," ,!&"," -!%"," .!$"," "," "," "," "," "," "," "," "," "," "]},"2725":{"keys":[2,202],"grid":[" "," "," "," "," "," "," "," "," "," "," "," "," "," "," ","!% -"]}},"6526":{"2767":{"keys":[2,202],"grid":[" "," "," "," "," "," ","!# /","!& ,","!( *","!* (","!+ '","!, &","!- %","!. $","!/ #","!"]}},"6410":{"2726":{"keys":[2,202],"grid":[" )!)"," !!% !!+","!","!","!","!","!","!","!","!","!","!","!","!","!","!"]},"2725":{"keys":[2,202],"grid":[" "," "," "," "," "," "," "," "," "," "," "," "," "," "," "," +!'"]}},"6482":{"2763":{"keys":[2,202],"grid":[" "," "," "," "," "," "," "," "," "," "," "," /!#"," .!$"," -!%"," ,!&","14"]},"2765":{"keys":[2,202],"grid":[" $!."," #!/"," !!0","!","!","!","!","!","!","!","!","!","!","!","!","!"]},"2764":{"keys":[2,202],"grid":[" +!'","00"," *!(","02"," )!)","04"," (!*","06","06","06","06"," '!+","11"," &!,","13"," %!-"]}},"6483":{"2763":{"keys":[2,202],"grid":[" "," "," "," "," "," "," "," "," "," "," #!! .","!( *","!0 !","!","!","!"]}},"6412":{"2727":{"keys":[202,2],"grid":[" *!("," +!'","01"," ,!&"," -!%"," .!$"," "," "," "," "," "," "," "," "," "," "]},"2726":{"keys":[2,202],"grid":[" "," "," "," "," "," "," ","!% -","!( *","08","08","!) )","11","11","!* (","14"]}},"6480":{"2766":{"keys":[2,202],"grid":[" .!$"," *!("," #!/","!","!","!","!","!","!","!","!","!","!","!","!","!"]},"2765":{"keys":[2,202],"grid":[" "," "," "," "," "," "," "," "," "," "," "," "," "," "," "," 0!!"]}},"6572":{"2801":{"keys":[2,202],"grid":[" "," "," "," "," "," "," !!& +","!) )","!* (","!+ '","09","!, &","!- %","!. $","!/ #","!"]}},"6573":{"2801":{"keys":[2,202],"grid":[" "," "," "," "," "," "," "," "," "," $!$ +"," #!( ("," #!/"," !!0","12","!","!"]}},"6479":{"2766":{"keys":[202,2],"grid":[" +!'"," -!%"," .!$"," "," "," "," "," "," "," "," "," "," "," "," "," "]},"2765":{"keys":[2,202],"grid":[" "," "," "," "," "," "," "," "," "," ","!# /","!$ .","!& ,","!' +","!( *","!* ("]}},"6478":{"2765":{"keys":[2,202],"grid":[" "," "," "," ","!* (","!, &","!- %","!/ #","!0 !","!","!","!","!","!","!","!"]}},"6576":{"2801":{"keys":[2,202],"grid":[" "," "," "," "," "," "," "," "," ","!# /","!& ,","!) )","!, &","!. $","!","!"]}},"6577":{"2802":{"keys":[202,2],"grid":[" '!' %"," "," "," "," "," "," "," "," "," "," "," "," "," "," "," "]},"2801":{"keys":[2,202],"grid":[" "," "," "," "," "," "," "," "," "," "," "," "," "," "," ","!# .!!"]}},"6574":{"2801":{"keys":[2,202],"grid":[" "," "," "," "," (!*"," %!-"," $!."," #!/"," !!0","08","!","!","!","!","!","!"]}},"6575":{"2801":{"keys":[2,202],"grid":[" "," "," "," ","!# /","!( *","!+ '","!. $","!0 !","!","!","!","!","!","!","!"]}},"6473":{"2767":{"keys":[2,202],"grid":[" "," %!' $!$","!","!","!","!","!","!","!","!","!","!","!","!","!","!"]}},"6472":{"2767":{"keys":[2,202],"grid":[" "," "," .!$","!% %!)","!","!","!","!","!","!","!","!","!","!","!","!"]}},"6471":{"2768":{"keys":[2,202],"grid":[" !!0","00","!","!","!","!","!","!","!","!","!","!","!","!","!","!"]},"2767":{"keys":[2,202],"grid":[" "," "," .!$"," *!("," '!+"," &!,","05"," %!-","07","07"," $!.","10"," #!/","12","12"," !!0"]}},"6647":{"2798":{"keys":[2,202],"grid":[" "," "," 0!!"," -!%"," *!("," (!*"," &!,"," $!."," !!0","!","!","!","!","!","!","!"]}},"6477":{"2766":{"keys":[2,202],"grid":[" ,!&","00","00"," +!'","03"," *!("," )!)"," '!+"," &!,"," $!.","!","!","!","!","!","!"]},"2765":{"keys":[2,202],"grid":[" "," "," "," "," "," "," 0!!","06","06"," /!#","09"," .!$","11"," -!%","13","13"]}},"6476":{"2767":{"keys":[2,202],"grid":[" !!0","!","!","!","!","!","!","!","!","!","!","!","!","!","!","!"]},"2766":{"keys":[2,202],"grid":[" "," "," "," "," "," "," "," "," "," "," 0!!"," .!$"," +!'"," )!)"," &!,"," $!."]}},"6475":{"2767":{"keys":[2,202],"grid":[" "," 0!!"," .!$"," -!%","!! )!(","!% $!*","!","!","!","!","!","!","!","!","!","!"]}},"6474":{"2767":{"keys":[2,202],"grid":[" '!! *","!+ '","!. $","!0 !","!","!","!","!","!","!","!","!","!","!","!","!"]}},"6404":{"2726":{"keys":[2,202],"grid":[" &!,","!$ !!-","!","!","!","!","!","!","!","!","!","!","!","!","!","!"]},"2725":{"keys":[2,202],"grid":[" +!'","00","00","00"," *!(","04","04"," )!)","07","07"," (!*","10","10"," '!+","13"," &!,"]},"2724":{"keys":[2,202],"grid":[" "," "," "," "," "," "," "," "," "," "," 0!!"," .!$"," -!%"," ,!&","13"," +!'"]}},"6508":{"2763":{"keys":[2,202],"grid":[" "," "," "," "," "," "," "," ","!# /","!& ,","!) )","!, &","!/ #","!","!","!"]}},"6466":{"2772":{"keys":[2,202],"grid":[" "," 0!!"," /!#"," .!$"," -!%"," ,!&"," +!'"," *!("," )!)"," '!+"," &!,"," %!-"," $!."," #!/"," !!0","!"]}},"6551":{"2780":{"keys":[2,202],"grid":[" "," "," "," "," "," "," "," "," *!("," '!+"," %!-","!","!","!","!","!"]},"2783":{"keys":[202,2],"grid":[" /!#"," 0!!"," "," "," "," "," "," "," "," "," "," "," "," "," "," "]},"2782":{"keys":[202,2],"grid":[" "," "," "," "," "," "," "," 0!!"," /!#"," .!$"," -!%","10","10","10","09","09"]}},"6465":{"2772":{"keys":[2],"grid":[" "," "," "," "," "," "," "," "," "," "," "," "," "," "," "," "]},"2773":{"keys":[2,202],"grid":[" 0!!","!% +!#","!","!","!","!","!","!","!","!","!","!","!","!","!","!"]}},"6446":{"2770":{"keys":[202,2],"grid":[" !!0","00","00","00","00","!","!","!","!","!","!","!","!","!","!","!"]},"2771":{"keys":[2,202],"grid":[" "," "," "," "," "," ","!! .!#","!% (!&","!","!","!","!","!","!","!","!"]},"2769":{"keys":[2,202],"grid":[" "," "," "," "," "," "," "," "," "," "," "," ","!! 0","12","12","12"]},"2768":{"keys":[202,2],"grid":[" !!0"," #!/","01","01","01","00","00","!","!","!","!","!","!","!","!","!"]},"2767":{"keys":[2,202],"grid":[" "," "," "," "," "," "," "," "," "," "," "," "," "," "," ","!! 0"]}},"6447":{"2770":{"keys":[2],"grid":[" "," "," "," "," "," "," "," "," "," "," "," "," "," "," "," "]},"2771":{"keys":[2,202],"grid":[" -!%"," *!("," )!)"," (!*"," &!,"," %!-","!","!","!","!","!","!","!","!","!","!"]}},"6444":{"2766":{"keys":[2,202],"grid":[" "," "," "," "," "," "," $!& )","!* (","!, &","!- %","09","!. $","!0 !","!","!","!"]}},"6445":{"2769":{"keys":[202,2],"grid":[" -!%"," ,!&","01"," +!'","03"," *!(","05","03","00"," .!$"," 0!!"," "," "," "," "," "]},"2768":{"keys":[202,2],"grid":[" "," "," "," "," "," "," "," "," "," 0!!","09"," /!#","11"," .!$","13"," -!%"]},"2770":{"keys":[202,2],"grid":[" "," "," "," "," "," "," 0!!"," /!#","07"," .!$","09"," -!%","09","09","09","09"]},"2771":{"keys":[202,2],"grid":[" .!$","00","00","00"," /!#"," 0!!"," "," "," "," "," "," "," "," "," "," "]},"2767":{"keys":[202,2],"grid":[" &!,"," '!+"," (!*","02"," )!)","04"," *!("," +!'"," ,!&"," -!%"," .!$"," /!#"," 0!!"," "," "," "]},"2766":{"keys":[2,202],"grid":[" "," "," "," "," "," "," "," "," "," "," "," "," ","!# /","!$ .","!% -"]}},"6442":{"2767":{"keys":[202,2],"grid":[" &!,"," ,!&"," /!#"," "," "," "," "," "," "," "," "," "," "," "," "," "]},"2766":{"keys":[2],"grid":[" "," "," "," "," "," "," "," "," "," "," "," "," "," "," "," "]}},"6443":{"2767":{"keys":[2,202],"grid":[" )!)"," '!+"," %!-","!","!","!","!","!","!","!","!","!","!","!","!","!"]},"2766":{"keys":[2,202],"grid":[" "," "," "," "," "," "," "," 0!!"," /!#"," .!$","09"," -!%","11"," ,!&"," +!'"," *!("]}},"6440":{"2767":{"keys":[2,202],"grid":[" "," "," "," .!$"," +!'","!","!","!","!","!","!","!","!","!","!","!"]}},"6441":{"2767":{"keys":[2,202],"grid":[" (!*"," %!-"," !!0","!","!","!","!","!","!","!","!","!","!","!","!","!"]},"2766":{"keys":[2,202],"grid":[" "," "," "," "," "," "," "," "," "," "," "," "," "," "," "," +!% #"]}},"6448":{"2770":{"keys":[2,202],"grid":[" "," "," "," "," "," "," "," "," "," "," "," "," 0!!"," .!$"," ,!&"," (!*"]}},"6449":{"2770":{"keys":[2,202],"grid":[" "," "," "," "," "," "," "," "," "," "," "," #!) '","!","!","!","!"]}},"6536":{"2778":{"keys":[2,202],"grid":[" "," "," "," "," "," "," "," ","!! 0","!# /","!% -","!+ %!#","!","!","!","!"]}},"6569":{"2801":{"keys":[2,202],"grid":[" "," "," "," "," "," "," "," "," ","!% -","!","!","!","!","!","!"]}},"6568":{"2801":{"keys":[2,202],"grid":[" "," "," "," "," '!& &"," &!( %"," #!- #","!/ #","!","!","!","!","!","!","!","!"]}},"6617":{"2806":{"keys":[2,202],"grid":[" "," "," "," "," "," "," "," "," "," "," "," "," "," "," 0!!"," .!$"]},"2807":{"keys":[2,202],"grid":[" *!("," $!.","!","!","!","!","!","!","!","!","!","!","!","!","!","!"]}},"6537":{"2778":{"keys":[2,202],"grid":[" "," )!# '"," )!)","02","02","02","02"," (!*","07"," '!+"," $!.","!","!","!","!","!"]}},"6565":{"2802":{"keys":[202,2],"grid":[" &!( %"," (!% &"," "," "," "," "," "," "," "," "," "," "," "," "," "," "]},"2801":{"keys":[2,202],"grid":[" "," "," "," "," "," "," "," "," "," "," ","!! 0","!# /","!$ .","!% -","!& )!$"]}},"6564":{"2800":{"keys":[2,202],"grid":[" "," "," "," "," "," "," "," "," "," "," "," "," %!! ,","!# #!# +","!( *","!) )"]},"2801":{"keys":[202,2],"grid":[" *!("," +!'","01"," ,!&","03"," -!%","05"," .!$"," /!#"," 0!!"," "," "," "," "," "," "]}},"6567":{"2801":{"keys":[2,202],"grid":[" "," "," "," "," "," "," "," /!#","07","07","07","07","!! ,!%","!# )!'","!% %!)","!"]}},"6566":{"2801":{"keys":[2,202],"grid":[" "," "," "," "," "," "," "," "," "," "," "," .!# !"," ,!&"," %!-","!","!"]}},"6653":{"2795":{"keys":[2,202],"grid":[" "," "," "," "," "," "," "," "," "," "," "," 0!!"," ,!&"," %!-","!","!"]}},"6652":{"2796":{"keys":[2,202],"grid":[" &!,"," #!/","!","!","!","!","!","!","!","!","!","!","!","!","!","!"]},"2795":{"keys":[2,202],"grid":[" "," "," "," "," "," "," "," "," "," "," "," "," "," "," -!%"," )!)"]}},"6563":{"2800":{"keys":[202,2],"grid":[" )!)","00"," (!*","02","02","02"," +!'","06","06"," ,!&"," -!%"," /!#"," "," "," "," "]},"2799":{"keys":[202,2],"grid":[" &!,"," '!+","01"," (!*","03","03"," )!)","06"," *!(","08","08","08","08","06","06","06"]},"2798":{"keys":[2,202],"grid":[" "," "," "," "," "," "," "," "," "," "," "," "," ","!# /","!% -","!& ,"]}},"6650":{"2796":{"keys":[2,202],"grid":[" "," "," "," "," "," "," "," /!#"," .!$"," -!%"," +!'"," *!("," (!*"," '!+"," %!-"," #!/"]},"2797":{"keys":[2,202],"grid":[" !!0","!","!","!","!","!","!","!","!","!","!","!","!","!","!","!"]}},"6638":{"2799":{"keys":[2,202],"grid":[" "," "," "," "," "," "," "," "," "," "," "," "," "," ","!","!"]}},"6535":{"2778":{"keys":[202,2],"grid":[" +!'"," ,!&"," -!%"," .!$","03"," /!#"," 0!!"," "," "," "," "," "," "," "," "," "]},"2777":{"keys":[2,202],"grid":[" "," "," "," "," "," "," "," "," "," "," "," "," "," ","!! 0","!) )"]}},"6532":{"2773":{"keys":[2],"grid":[" "," "," "," "," "," "," "," "," "," "," "," "," "," "," "," "]},"2774":{"keys":[202,2],"grid":[" !!0"," #!/","01","01","01","01","01"," $!.","07","07","07","07","07","07","07"," %!-"]},"2775":{"keys":[202,2],"grid":[" %!-"," &!,"," '!+"," )!)"," *!("," +!'","05","05","05"," ,!&","09","09","09","09"," -!%","14"]},"2776":{"keys":[202,2],"grid":[" -!%"," .!$"," /!#"," 0!!"," "," "," "," "," "," "," "," "," "," "," "," "]}},"6655":{"2795":{"keys":[2,202],"grid":[" "," (!*"," $!."," !!0","!","!","!","!","!","!","!","!","!","!","!","!"]}},"6533":{"2776":{"keys":[2,202],"grid":[" "," "," "," "," ","!! 0","05","!# /","07","!$ .","!% -","!& ,","!, #!$","!","!","!"]}},"6590":{"2805":{"keys":[2,202],"grid":[" "," "," "," "," "," "," "," "," .!$"," &!,","!","!","!","!","!","!"]}},"6591":{"2805":{"keys":[2,202],"grid":[" "," "," "," "," "," "," "," &!,","!","!","!","!","!","!","!","!"]}},"6592":{"2805":{"keys":[2,202],"grid":[" "," "," "," "," "," "," "," ","!) )","!","!","!","!","!","!","!"]}},"6654":{"2795":{"keys":[2,202],"grid":[" "," "," "," "," 0!!"," .!$"," ,!&"," +!'"," )!)"," &!,"," #!/","!","!","!","!","!"]}},"6594":{"2805":{"keys":[2,202],"grid":[" "," "," "," "," "," "," "," "," "," "," "," ","!& ,","!* (","!- %","!"]}},"6595":{"2806":{"keys":[202,2],"grid":[" #!/"," %!-"," '!+"," )!)"," ,!&"," "," "," "," "," "," "," "," "," "," "," "]},"2805":{"keys":[2],"grid":[" "," "," "," "," "," "," "," "," "," "," "," "," "," "," "," "]}},"6596":{"2806":{"keys":[2,202],"grid":[" "," "," "," *!("," '!+","!","!","!","!","!","!","!","!","!","!","!"]}},"6597":{"2806":{"keys":[2,202],"grid":[" "," "," "," ","!$ .","!' +","!+ '","!/ #","!","!","!","!","!","!","!","!"]}},"6598":{"2806":{"keys":[2,202],"grid":[" "," "," "," "," "," "," "," ","!( *","!","!","!","!","!","!","!"]}},"6599":{"2806":{"keys":[2,202],"grid":[" "," "," "," "," "," "," "," "," ","!! 0","!& ,","!) )","!+ '","!- %","!","!"]}},"6531":{"2771":{"keys":[2,202],"grid":[" "," ","!! 0","!# /","!$ .","04","04","03","03","03","04","04","04","03","03","03"]},"2772":{"keys":[202,2],"grid":[" #!/"," $!.","01","01"," %!-","04","04","04","01","01","01","04","04","04"," &!,","14"]},"2773":{"keys":[202,2],"grid":[" '!+","00"," (!*","02"," )!)"," *!(","05","05"," +!'"," ,!&","09"," -!%"," .!$"," 0!!","13"," "]}},"6560":{"2794":{"keys":[2,202],"grid":[" "," "," "," "," ","!! 0","!% -","!' +","07","!( *","09","!) )","11","11","11","11"]},"2795":{"keys":[202,2],"grid":[" )!)","00","00","00","00","00","00","00","00"," *!("," +!'"," -!%"," /!#"," "," "," "]}},"6451":{"2771":{"keys":[2,202],"grid":[" ","!! 0","!% -","!( *","!* (","!+ '","!, &","!- %","!. $","!/ #","09","!0 !","!","!","!","!"]}},"6450":{"2770":{"keys":[2,202],"grid":[" "," "," "," "," "," "," "," "," "," "," "," ","!% -","!' +","!* (","!, &"]},"2771":{"keys":[202,2],"grid":[" /!#"," "," "," "," "," "," "," "," "," "," "," "," "," "," "," "]}},"6453":{"2772":{"keys":[2,202],"grid":[" "," "," ","!# /","!$ .","!% -","05","!& ,","!' +","08","!( *","!) )","11","!* (","!+ '","14"]},"2773":{"keys":[202,2],"grid":[" ,!&"," .!$"," "," "," "," "," "," "," "," "," "," "," "," "," "," "]}},"6452":{"2771":{"keys":[2,202],"grid":[" "," "," "," "," "," "," "," "," "," "," "," "," ","!! 0","13","!) )"]},"2772":{"keys":[202,2],"grid":[" -!%"," 0!!"," "," "," "," "," "," "," "," "," "," "," "," "," "," "]}},"6455":{"2773":{"keys":[2,202],"grid":[" "," ","!& ,","!) )","!+ '","!, &","!. $","!0 !","!","!","!","!","!","!","!","!"]}},"6454":{"2773":{"keys":[2,202],"grid":[" "," (!) !","!","!","!","!","!","!","!","!","!","!","!","!","!","!"]}},"6457":{"2772":{"keys":[2,202],"grid":[" "," "," "," "," "," ","!) )","!+ '","!- %","!/ #","!","!","!","!","!","!"]}},"6456":{"2772":{"keys":[2,202],"grid":[" "," "," "," "," "," "," 0!!"," /!#","07"," .!$"," -!%","10"," ,!&","12"," +!'","14"]},"2773":{"keys":[2,202],"grid":[" *!(","00"," )!)","02","02","02","02"," (!*","!! &!+","!$ !!-","!","!","!","!","!","!"]}},"6459":{"2771":{"keys":[2,202],"grid":[" "," "," "," "," "," "," ","!- %","!. $","!/ #","!0 !","!","!","!","!","!"]}},"6458":{"2771":{"keys":[2,202],"grid":[" "," "," "," "," "," "," "," /!#"," .!$"," -!%","09"," ,!&","11"," +!'"," *!(","14"]},"2772":{"keys":[2,202],"grid":[" )!)"," (!*","01"," '!+"," &!,","04"," %!-"," $!.","07"," #!/","!","!","!","!","!","!"]}},"6562":{"2798":{"keys":[2,202],"grid":[" "," "," "," "," "," "," "," "," ","!# /","!& ,","!( *","!","!","!","!"]}},"6518":{"2766":{"keys":[2,202],"grid":[" "," "," "," "," "," "," "," "," "," "," "," "," "," ","!","!"]}},"6519":{"2766":{"keys":[2,202],"grid":[" *!(","00","00","00"," )!)","04","04","04","04"," (!*","09","09"," #!/"," !!0","!","!"]},"2765":{"keys":[2,202],"grid":[" "," "," "," "," "," "," "," "," "," "," "," "," "," "," ,!&"," +!'"]}},"6510":{"2766":{"keys":[2,202],"grid":[" "," ","!! 0","!# /","!$ $!+","!","!","!","!","!","!","!","!","!","!","!"]}},"6511":{"2766":{"keys":[2,202],"grid":[" "," "," "," .!$","!","!","!","!","!","!","!","!","!","!","!","!"]}},"6512":{"2766":{"keys":[2,202],"grid":[" "," "," ","!% -","!& ,","!' +","!) )","!* (","!+ '","!, &","09","!- %","!. $","!","!","!"]}},"6513":{"2767":{"keys":[202,2],"grid":[" '!+"," (!*"," )!)"," +!'"," ,!&"," -!%"," /!#"," 0!!"," "," "," "," "," "," "," "," "]},"2766":{"keys":[2,202],"grid":[" "," "," "," "," "," "," "," "," "," "," "," "," "," ","!# /","!% -"]}},"6514":{"2767":{"keys":[2,202],"grid":[" "," "," "," "," "," "," 0!!"," (!*","!","!","!","!","!","!","!","!"]}},"6515":{"2767":{"keys":[2,202],"grid":[" "," 0!!"," -!%"," *!("," '!+"," $!.","!","!","!","!","!","!","!","!","!","!"]}},"6516":{"2767":{"keys":[2,202],"grid":[" #!/","!","!","!","!","!","!","!","!","!","!","!","!","!","!","!"]},"2766":{"keys":[2,202],"grid":[" "," "," "," "," "," "," "," "," "," "," "," "," /!#"," -!%"," *!("," &!,"]}},"6517":{"2766":{"keys":[2,202],"grid":[" "," "," "," "," "," "," "," "," "," '!# )"," %!' '"," !!, %","!/ #","!","!","!"]}},"6651":{"2796":{"keys":[2,202],"grid":[" "," "," "," +!'"," &!,"," $!.","!","!","!","!","!","!","!","!","!","!"]}},"6583":{"2801":{"keys":[2,202],"grid":[" "," "," "," "," "," "," "," "," "," "," ","!% -","!) )","!- %","!0 !","!"]}},"6582":{"2801":{"keys":[2,202],"grid":[" "," "," "," "," "," ","!! 0","!& ,","!* (","!- %","!","!","!","!","!","!"]}},"6581":{"2801":{"keys":[2,202],"grid":[" "," ","!# /","!& ,","!* (","!. $","!","!","!","!","!","!","!","!","!","!"]}},"6580":{"2801":{"keys":[2,202],"grid":[" %!& ("," !!/ !","!","!","!","!","!","!","!","!","!","!","!","!","!","!"]}},"6587":{"2803":{"keys":[2,202],"grid":[" "," "," "," "," "," "," "," "," "," "," "," "," "," "," ","!! 0"]},"2804":{"keys":[202,2],"grid":[" $!.","00","00","00"," %!-","04","04"," &!,","07"," '!+","09","09"," (!*","12"," )!)"," *!("]},"2805":{"keys":[202,2],"grid":[" +!'"," ,!&"," .!$"," "," "," "," "," "," "," "," "," "," "," "," "," "]}},"6586":{"2803":{"keys":[2,202],"grid":[" "," "," "," ","!! 0","04","04","04","04","04","04","!# /","!$ .","!, &","!0 !","!"]}},"6585":{"2802":{"keys":[2,202],"grid":[" "," "," "," "," "," "," "," "," ","!! 0","09","!# /","!$ .","!( *","!- %","!. $"]},"2803":{"keys":[202,2],"grid":[" 0!!"," "," "," "," "," "," "," "," "," "," "," "," "," "," "," "]}},"6584":{"2802":{"keys":[202,2],"grid":[" %!-"," &!,"," (!*"," )!)"," *!("," ,!&"," .!$"," 0!!"," "," "," "," "," "," "," "," "]},"2801":{"keys":[2,202],"grid":[" "," "," "," "," "," "," "," "," "," "," "," "," "," "," ","!# /"]}},"6589":{"2805":{"keys":[2,202],"grid":[" "," "," "," "," "," "," "," "," "," ","!% (!&","!","!","!","!","!"]}},"6588":{"2805":{"keys":[2,202],"grid":[" "," "," ","!! 0","!% -","!' +","!) )","!+ '","!. $","!0 !","!","!","!","!","!","!"]}},"6570":{"2801":{"keys":[2,202],"grid":[" "," "," "," "," "," "," "," (!) !"," &!,"," $!.","!","!","!","!","!","!"]}},"6521":{"2766":{"keys":[2,202],"grid":[" "," "," "," -!%","!$ %!*","!","!","!","!","!","!","!","!","!","!","!"]}},"6571":{"2801":{"keys":[2,202],"grid":[" "," "," "," "," "," "," "," ","!# -!#","!$ +!$","!$ *!%","!","!","!","!","!"]}},"6467":{"2771":{"keys":[2,202],"grid":[" "," "," "," "," "," "," "," 0!!"," .!$"," ,!&"," +!'"," )!)"," (!*"," &!,"," $!."," #!/"]},"2772":{"keys":[202],"grid":[" "," "," "," "," "," "," "," "," "," "," "," "," "," "," "," "]}},"6648":{"2798":{"keys":[2,202],"grid":[" &!,"," #!/","!","!","!","!","!","!","!","!","!","!","!","!","!","!"]},"2797":{"keys":[2,202],"grid":[" "," "," "," "," "," "," "," "," "," "," "," "," 0!!"," -!%"," *!("," (!*"]}},"6642":{"2800":{"keys":[2,202],"grid":[" "," "," -!%"," %!-","!","!","!","!","!","!","!","!","!","!","!","!"]}},"6649":{"2797":{"keys":[2,202],"grid":[" "," 0!!"," /!#"," .!$"," -!%"," ,!&"," +!'"," )!)"," '!+"," &!,"," $!."," #!/","!","!","!","!"]}},"6424":{"2754":{"keys":[202,2],"grid":[" !!0"," #!/","01"," %!-"," '!+"," )!)"," ,!&"," .!$"," 0!!"," "," "," "," "," "," "," "]},"2752":{"keys":[202,2],"grid":[" -!%","00"," .!$","02","02","02","02","02","02","02","02","00"," ,!&"," *!("," (!*"," '!+"]},"2753":{"keys":[202,2],"grid":[" %!-","00"," $!."," #!/"," !!0","04","04","!","!","!","!","!","!","!","!","!"]},"2750":{"keys":[2,202],"grid":[" "," "," "," "," "," "," "," "," "," "," "," "," "," "," ","!! 0"]},"2751":{"keys":[202,2],"grid":[" #!/","00"," $!.","02"," %!-"," &!,"," '!+","06"," (!*"," )!)"," *!(","10"," +!'","12"," ,!&","14"]}},"6425":{"2754":{"keys":[2,202],"grid":[" "," "," "," "," "," "," "," "," ","!, &","!. $","!/ #","!0 !","!","!","!"]},"2755":{"keys":[202],"grid":[" "," "," "," "," "," "," "," "," "," "," "," "," "," "," "," "]}},"6426":{"2754":{"keys":[2],"grid":[" "," "," "," "," "," "," "," "," "," "," "," "," "," "," "," "]},"2755":{"keys":[2,202],"grid":[" "," "," "," ","!! 0","!% )!%","!","!","!","!","!","!","!","!","!","!"]}},"6427":{"2756":{"keys":[202,2],"grid":[" &!,","00","00"," '!+","03","03"," (!*","06"," )!)","08"," *!("," +!'"," ,!&"," .!$"," 0!!"," "]},"2755":{"keys":[2,202],"grid":[" "," "," "," "," ","!! 0","!$ .","06","!% -","08","08","08","08","08","08","!& ,"]}},"6420":{"2734":{"keys":[2,202],"grid":[" "," "," "," ","!! 0","!# /","05","05","!$ .","08","08","08","08","08","08","08"]},"2735":{"keys":[202,2],"grid":[" $!."," %!-","01"," &!,","03"," '!+"," (!*"," )!)"," *!("," +!'","09","09","09"," ,!&","13","13"]},"2736":{"keys":[202,2],"grid":[" ,!&","00"," +!'","02"," (!*"," %!-"," $!.","06","06"," #!/","09","09","09","09","09","09"]},"2737":{"keys":[202,2],"grid":[" #!/","00"," !!0","02","02","02","02","02","02","02","02","02","02","02","02","02"]},"2730":{"keys":[202,2],"grid":[" $!."," %!-","01"," &!,"," '!+"," (!*","05"," )!)"," *!(","08"," +!'","10"," ,!&","12"," -!%","14"]},"2731":{"keys":[202,2],"grid":[" .!$","00"," /!#","02"," 0!!"," "," "," "," "," "," "," "," "," "," "," "]},"2732":{"keys":[202,2],"grid":[" "," "," "," ","!! /!!","!$ *!%","!' !!*","!","!","!","!","!","!","!","!","!"]},"2738":{"keys":[202,2],"grid":[" !!0","00"," #!/","02","02","02","02"," $!.","07","07"," %!-","10"," &!,","12"," '!+"," )!)"]},"2739":{"keys":[202,2],"grid":[" *!("," +!'"," -!%"," .!$"," /!#","04","03","02"," ,!&","01","01","00"," )!)","12","12"," (!*"]},"2729":{"keys":[2,202],"grid":[" "," "," "," "," "," "," "," "," "," "," "," "," ","!! 0","13","!# /"]},"2740":{"keys":[202,2],"grid":[" (!*"," )!)","01","01"," *!("," +!'"," ,!&"," -!%"," .!$"," /!#"," 0!!"," "," "," "," "," "]}},"6421":{"2731":{"keys":[2,202],"grid":[" "," "," "," "," "," "," ","!! 0","07","!# /","!$ .","10","!% -","!& ,","13","12"]},"2732":{"keys":[202,2],"grid":[" $!."," #!/"," !!0","02","!","!","!","!","!","!","!","!","!","!","!","!"]},"2741":{"keys":[202,2],"grid":[" '!+"," (!*"," )!)"," *!("," +!'"," ,!&"," -!%","06","06"," .!$","09","09"," /!#","12","12"," 0!!"]},"2740":{"keys":[2,202],"grid":[" "," "," "," "," "," "," "," "," "," "," "," ","!! 0","!# /","!$ .","!& ,"]},"2742":{"keys":[202,2],"grid":[" 0!!","00"," "," "," "," "," "," "," "," "," "," "," "," "," "," "]},"2747":{"keys":[202],"grid":[" "," "," "," "," "," "," "," "," "," "," "," "," "," "," "," "]},"2748":{"keys":[202,2],"grid":[" "," "," "," "," "," 0!!"," "," "," "," "," "," "," "," "," "," "]}},"6422":{"2743":{"keys":[202,2],"grid":[" %!-","00"," &!,","02"," '!+"," (!*"," )!)"," *!("," +!'","06","05","04","02"," $!.","13"," #!/"]},"2742":{"keys":[2,202],"grid":[" "," "," "," "," ","!! 0","05","05","!# /","08","08","08","!$ .","12","12","12"]},"2745":{"keys":[202,2],"grid":[" &!,","00"," '!+","02","02"," (!*","05"," )!)","07","07"," *!(","10","10","10"," +!'","14"]},"2744":{"keys":[202,2],"grid":[" #!/"," !!0","01","01","01","01","00","00","00"," $!.","09","09"," %!-","12","12","12"]},"2747":{"keys":[202,2],"grid":[" !!0","00","00","!","!","!","!","!","!","!","00","00","00","00","00","00"]},"2746":{"keys":[202,2],"grid":[" +!'","00","00","00"," ,!&","00","00","00","00"," )!)"," '!+"," &!,"," %!-"," $!."," #!/","14"]},"2749":{"keys":[2,202],"grid":[" "," "," ","!! 0","03","!# /","!$ .","!% -","!& ,","!' +","!) )","!+ '","!. $","!0 !","!","!"]},"2748":{"keys":[202,2],"grid":[" !!0","!","!","!","!","!","!","!","!","!","!","!","00","00","!","!"]}},"6423":{"2749":{"keys":[2,202],"grid":[" "," "," "," "," "," "," "," "," "," "," "," "," "," ","!! 0","!$ ."]},"2753":{"keys":[202],"grid":[" "," "," "," "," "," "," "," "," "," "," "," "," "," "," "," "]},"2750":{"keys":[202,2],"grid":[" &!,"," '!+"," (!*"," *!(","03"," +!'"," ,!&","06"," -!%"," .!$","09"," /!#"," 0!!"," "," "," "]}},"6503":{"2762":{"keys":[2,202],"grid":[" "," "," "," "," "," "," "," "," "," ","!( (!#","!","!","!","!","!"]}},"6502":{"2762":{"keys":[2,202],"grid":[" "," "," "," "," "," "," "," "," "," "," 0!!"," -!%"," *!("," &!,"," !!0","!"]}},"6501":{"2763":{"keys":[2,202],"grid":[" %!! &!'","!","!","!","!","!","!","!","!","!","!","!","!","!","!","!"]},"2762":{"keys":[2,202],"grid":[" "," "," "," "," "," "," "," "," "," "," "," "," "," "," "," .!$"]}},"6500":{"2763":{"keys":[202],"grid":[" "," "," "," "," "," "," "," "," "," "," "," "," "," "," "," "]},"2762":{"keys":[2,202],"grid":[" "," "," "," "," "," "," "," "," "," "," ","!! 0","!% -","!( *","!* (","!/ #"]}},"6428":{"2756":{"keys":[2,202],"grid":[" "," "," "," "," "," "," "," "," "," "," "," "," "," "," ","!! 0"]},"2757":{"keys":[202,2],"grid":[" %!-"," ,!&"," "," "," "," "," "," "," "," "," "," "," "," "," "," "]}},"6429":{"2757":{"keys":[2,202],"grid":[" "," ","!! 0","!# /","!% -","!& ,","05","!' +","!( *","08","!) )","!* (","11","11","11","11"]},"2758":{"keys":[202,2],"grid":[" *!("," +!'","01","01","01","01","01","01","01","00","00","00"," )!)","12","12"," (!*"]},"2759":{"keys":[202,2],"grid":[" (!*","00"," )!)"," *!(","03"," +!'"," -!%"," .!$"," 0!!"," "," "," "," "," "," "," "]}},"6505":{"2763":{"keys":[2,202],"grid":[" "," "," "," ","!# /","!$ .","!& ,","!) )","!","!","!","!","!","!","!","!"]}},"6504":{"2763":{"keys":[202,2],"grid":[" .!$"," /!#"," 0!!"," "," "," "," "," "," "," "," "," "," "," "," "," "]},"2762":{"keys":[2,202],"grid":[" "," "," "," "," "," "," "," "," "," ","!! 0","!% -","!( *","!* (","!+ '","!, &"]}},"6644":{"2799":{"keys":[2,202],"grid":[" "," "," "," "," "," "," "," "," /!#"," -!%"," *!("," '!+"," $!.","!","!","!"]}},"6645":{"2798":{"keys":[2],"grid":[" "," "," "," "," "," "," "," "," "," "," "," "," "," "," "," "]},"2799":{"keys":[2,202],"grid":[" /!#"," ,!&"," *!("," )!)"," '!+"," &!,"," #!/","!","!","!","!","!","!","!","!","!"]}},"6646":{"2798":{"keys":[2,202],"grid":[" "," "," "," "," "," "," "," "," "," 0!!"," .!$"," +!'"," )!)"," &!,"," $!."," !!0"]}},"6470":{"2769":{"keys":[2,202],"grid":[" +!'"," *!(","01"," )!)"," (!*"," &!,"," %!-"," #!/","!","!","!","!","!","!","!","!"]},"2768":{"keys":[2,202],"grid":[" "," "," "," "," "," 0!!","05","05","05"," /!#","09","09"," .!$","12"," -!%"," ,!&"]}},"6640":{"2800":{"keys":[2,202],"grid":[" ","!! 0","!$ .","!' +","!0 !","!","!","!","!","!","!","!","!","!","!","!"]}},"6641":{"2800":{"keys":[2,202],"grid":[" "," "," "," "," !!0","!","!","!","!","!","!","!","!","!","!","!"]}},"6600":{"2806":{"keys":[2,202],"grid":[" "," "," "," "," "," "," "," "," "," "," "," "," "," ","!# /","!"]}},"6601":{"2806":{"keys":[2,202],"grid":[" "," "," "," "," "," "," "," "," "," "," "," "," "," "," ","!% -"]},"2807":{"keys":[202,2],"grid":[" (!*"," ,!&"," /!#"," "," "," "," "," "," "," "," "," "," "," "," "," "]}},"6534":{"2776":{"keys":[2,202],"grid":[" "," "," "," "," "," "," "," "," "," "," ","!! 0","!# /","!' +","!( *","!) )"]},"2777":{"keys":[202,2],"grid":[" )!)","00","00","00","00","00"," *!("," +!'"," ,!&"," -!%"," .!$"," /!#"," 0!!"," "," "," "]}},"6603":{"2807":{"keys":[2,202],"grid":[" "," "," "," "," "," "," "," "," "," "," ","!# /","11","!$ .","!( (!#","!"]}},"6604":{"2807":{"keys":[2,202],"grid":[" "," "," "," "," "," "," "," 0!!"," /!#"," -!%"," +!'"," (!*"," &!,"," #!/","!","!"]}},"6605":{"2806":{"keys":[2,202],"grid":[" "," "," "," "," "," "," "," "," "," "," "," "," /!#"," .!$"," ,!&"," +!'"]},"2807":{"keys":[2,202],"grid":[" *!("," )!)"," '!+"," &!,"," %!-"," #!/"," !!0","!","!","!","!","!","!","!","!","!"]}},"6606":{"2806":{"keys":[2,202],"grid":[" /!#"," .!$"," -!%","02"," ,!&"," +!'"," *!("," (!*"," &!,"," %!-"," #!/","!","!","!","!","!"]},"2805":{"keys":[2,202],"grid":[" "," "," "," "," "," "," "," "," "," "," "," "," "," "," 0!!","14"]}},"6607":{"2804":{"keys":[2,202],"grid":[" "," "," "," "," "," "," "," "," "," 0!!"," /!#"," -!%"," ,!&","12"," +!'"," *!("]},"2805":{"keys":[2,202],"grid":[" *!("," )!)"," (!*","02"," '!+"," &!,","05"," %!-","07"," $!."," #!/","10"," !!0","!","!","!"]}},"6608":{"2804":{"keys":[2,202],"grid":[" "," "," "," "," "," "," "," "," ","!! 0","!& ,","10","10","!' +","13","13"]},"2805":{"keys":[202,2],"grid":[" (!*","00","00"," )!)","03","03"," *!("," ,!&"," -!%"," .!$"," 0!!"," "," "," "," "," "]}},"6609":{"2806":{"keys":[202,2],"grid":[" *!("," +!'"," -!%"," .!$"," 0!!"," "," "," "," "," "," "," "," "," "," "," "]},"2805":{"keys":[2,202],"grid":[" "," "," "," "," "," "," "," "," "," "," ","!! 0","!# /","!% -","!' +","!( *"]}},"6643":{"2800":{"keys":[2,202],"grid":[" (!*"," %!-","!","!","!","!","!","!","!","!","!","!","!","!","!","!"]},"2799":{"keys":[2,202],"grid":[" "," "," "," "," "," "," "," "," "," "," "," "," "," "," /!#"," -!%"]}},"6538":{"2778":{"keys":[2,202],"grid":[" "," %!% )","!* (","!, &","!- %","!. $","!/ #","!0 !","!","!","!","!","!","!","!","!"]}},"6539":{"2778":{"keys":[2,202],"grid":[" "," "," "," "," "," "," "," "," ","!! 0","!# /","!% -","!& ,","!' +","!( *","!* ("]},"2779":{"keys":[202,2],"grid":[" +!'"," -!%"," "," "," "," "," "," "," "," "," "," "," "," "," "," "]}},"6437":{"2767":{"keys":[202,2],"grid":[" 0!!"," "," "," "," "," "," "," "," "," "," "," "," "," "," "," "]},"2766":{"keys":[2,202],"grid":[" "," "," "," "," "," "," ","!% -","!( *","!* (","09","!+ '","!, &","!- %","!. $","!/ #"]}},"6436":{"2766":{"keys":[202,2],"grid":[" #!/"," %!-"," &!,"," '!+"," )!)"," -!%"," "," "," "," "," "," "," "," "," "," "]},"2765":{"keys":[2,202],"grid":[" "," "," "," "," "," "," "," "," "," "," "," "," "," "," ","!! 0"]}},"6435":{"2765":{"keys":[2,202],"grid":[" "," "," ","!$ .","!& ,","!' +","!) )","!* (","!+ '","!, &","!- %","!. $","!/ #","!0 !","!","!"]}},"6434":{"2763":{"keys":[2],"grid":[" "," "," "," "," "," "," "," "," "," "," "," "," "," "," "," "]},"2765":{"keys":[202,2],"grid":[" -!%"," /!#"," "," "," "," "," "," "," "," "," "," "," "," "," "," "]},"2764":{"keys":[202,2],"grid":[" !!0"," #!/"," $!.","02","02","02","02","02"," %!-","08","08","08"," &!,"," (!*"," *!("," +!'"]}},"6593":{"2805":{"keys":[2,202],"grid":[" "," "," "," "," "," "," "," "," ","!# /","!+ '","!/ #","!","!","!","!"]}},"6432":{"2763":{"keys":[2,202],"grid":[" "," "," "," "," "," "," "," "," "," "," "," "," "," "," ","!! 0"]},"2764":{"keys":[202,2],"grid":[" $!."," '!) #"," *!# &"," "," "," "," "," "," "," "," "," "," "," "," "," "]}},"6431":{"2763":{"keys":[202,2],"grid":[" '!+"," (!*","01"," )!)"," *!(","04"," +!'","06"," ,!&"," -!%","09"," .!$"," /!#","12"," "," "]},"2762":{"keys":[202,2],"grid":[" #!/","00","00","00","00","00","00"," $!.","07"," %!-"," &!,","10"," '!+","12","12","12"]},"2761":{"keys":[2,202],"grid":[" "," "," ","!! 0","03","03","03","!# /","07","07","07","07","07","07","07","07"]},"2760":{"keys":[2],"grid":[" "," "," "," "," "," "," "," "," "," "," "," "," "," "," "," "]}},"6430":{"2760":{"keys":[202,2],"grid":[" *!("," +!'"," ,!&"," -!%"," .!$"," /!#","05"," 0!!"," "," "," "," "," "," "," "," "]},"2759":{"keys":[2,202],"grid":[" "," "," "," "," "," "," "," "," ","!! 0","!$ .","!& ,","!' +","!( *","!) )","14"]}},"6522":{"2766":{"keys":[2,202],"grid":[" "," "," "," ","!% -","!' +","!+ '","!. $","!0 !","!","!","!","!","!","!","!"]}},"6439":{"2767":{"keys":[2,202],"grid":[" "," "," "," "," "," ,!&"," '!+","!","!","!","!","!","!","!","!","!"]}},"6438":{"2767":{"keys":[2,202],"grid":[" "," ","!! 0","!$ .","!' +","!, &","!","!","!","!","!","!","!","!","!","!"]}},"6468":{"2770":{"keys":[2,202],"grid":[" "," "," "," 0!!","03"," /!#","05","05","05"," .!$","09","09","05","05","09","09"]},"2771":{"keys":[2,202],"grid":[" .!$"," -!%"," *!("," (!*"," &!,"," $!."," !!0","!","!","!","!","!","!","!","!","!"]}},"6469":{"2770":{"keys":[2,202],"grid":[" !!0","00","!","!","!","!","!","!","!","!","!","!","!","!","!","!"]},"2769":{"keys":[2,202],"grid":[" "," "," "," "," "," "," "," "," "," /!#"," +!'"," )!)"," '!+"," %!-"," $!."," #!/"]}},"6509":{"2763":{"keys":[2,202],"grid":[" "," "," "," "," "," "," "," "," "," "," "," "," "," ","!$ .","!' +"]},"2766":{"keys":[202],"grid":[" "," "," "," "," "," "," "," "," "," "," "," "," "," "," "," "]},"2765":{"keys":[202,2],"grid":[" ,!&","00","00"," -!%","03","03","03","03"," .!$","08","08"," /!#","11"," 0!!","13","13"]},"2764":{"keys":[202,2],"grid":[" )!)"," +!'"," ,!&","02","02","02"," -!%","02","02","02","02","01","01","01","01","01"]}},"6613":{"2806":{"keys":[2,202],"grid":[" "," "," "," "," "," "," "," "," "," "," "," "," "," ","!! 0","!% -"]},"2807":{"keys":[202,2],"grid":[" )!)"," ,!&"," /!#"," "," "," "," "," "," "," "," "," "," "," "," "," "]}},"6612":{"2806":{"keys":[2,202],"grid":[" "," "," "," "," "," "," "," "," "," "," ","!! 0","!, &","!/ #","!","!"]}},"6523":{"2766":{"keys":[2,202],"grid":[" "," "," "," "," "," "," "," "," ","!# /","!& ,","!( *","!+ '","!/ #","!","!"]}},"6489":{"2763":{"keys":[2,202],"grid":[" "," "," "," "," "," 0!!"," /!#"," -!%"," *!("," (!*"," %!-","!","!","!","!","!"]}},"6525":{"2767":{"keys":[202,2],"grid":[" #!/"," &!,"," (!*"," *!("," -!%"," 0!!"," "," "," "," "," "," "," "," "," "," "]}},"6524":{"2767":{"keys":[202],"grid":[" "," "," "," "," "," "," "," "," "," "," "," "," "," "," "," "]},"2766":{"keys":[2,202],"grid":[" "," "," "," "," "," "," "," "," "," "," "," "," "," ","!# /","!( *"]}},"6615":{"2807":{"keys":[2,202],"grid":[" "," "," "," "," "," ,!&","!","!","!","!","!","!","!","!","!","!"]}},"6614":{"2807":{"keys":[2,202],"grid":[" "," "," ","!# /","!& ,","!* (","!","!","!","!","!","!","!","!","!","!"]}},"6529":{"2770":{"keys":[202,2],"grid":[" )!)"," *!("," +!'"," -!%"," .!$"," /!#"," 0!!"," "," "," "," "," "," "," "," "," "]},"2769":{"keys":[2,202],"grid":[" "," "," "," "," "," "," "," "," "," "," ","!# /","!$ .","!% -","!& ,","!( *"]}},"6528":{"2769":{"keys":[202,2],"grid":[" %!-"," &!,"," '!+"," )!)"," *!("," +!'"," ,!&"," .!$"," /!#"," 0!!"," "," "," "," "," "," "]},"2768":{"keys":[2,202],"grid":[" "," "," "," "," "," "," "," "," "," "," "," "," "," ","!# /","!$ ."]}},"6619":{"2806":{"keys":[2,202],"grid":[" "," "," /!#"," ,!&"," *!("," (!*"," %!-"," #!/","!","!","!","!","!","!","!","!"]}},"6618":{"2806":{"keys":[2,202],"grid":[" "," "," "," "," "," "," "," "," 0!!"," .!$"," ,!&"," )!)"," '!+"," #!/","!","!"]}},"6486":{"2764":{"keys":[2,202],"grid":[" "," "," "," "," "," )!)","!","!","!","!","!","!","!","!","!","!"]}},"6487":{"2764":{"keys":[2,202],"grid":[" "," "," "," )!# '"," $!+ $","!","!","!","!","!","!","!","!","!","!","!"]}},"6484":{"2763":{"keys":[2,202],"grid":[" "," "," "," "," "," "," "," "," "," "," "," "," ","!$ .","!( *","!, &"]},"2764":{"keys":[202,2],"grid":[" /!#"," 0!!"," "," "," "," "," "," "," "," "," "," "," "," "," "," "]}},"6485":{"2764":{"keys":[2,202],"grid":[" "," ","!! 0","!# /","!$ .","!% -","!+ &!!","!","!","!","!","!","!","!","!","!"]}},"6402":{"2725":{"keys":[202,2],"grid":[" #!/"," $!."," &!,"," '!+"," (!*","04","04","04","04","03","03","03","04","04"," )!& $"," *!! '"]},"2724":{"keys":[2,202],"grid":[" "," "," "," "," "," "," "," "," "," "," "," "," "," "," ","!! 0"]}},"6403":{"2726":{"keys":[202,2],"grid":[" $!' ("," $!% *"," "," "," "," "," "," "," "," "," "," "," "," "," "," "]},"2725":{"keys":[2,202],"grid":[" "," "," "," "," "," "," "," "," "," "," "," "," "," ","!! 0","!# )!& !"]}},"6400":{"2724":{"keys":[202,2],"grid":[" .!$"," /!#"," 0!!"," "," "," "," "," "," "," "," "," "," "," "," "," "]},"2723":{"keys":[202,2],"grid":[" $!."," %!-"," &!,"," '!+","03","03"," (!*","06"," )!)","08"," *!(","10"," +!'"," ,!&","13"," -!%"]},"2722":{"keys":[2,202],"grid":[" "," "," "," "," "," "," "," "," "," "," "," "," "," ","!! 0","!# /"]}},"6401":{"2724":{"keys":[2,202],"grid":[" "," "," ","!! 0","!$ .","!& ,","!' +","!( *","!* (","!+ '","!, &","!. $","!/ #","!0 !","!","!"]}},"6406":{"2725":{"keys":[202,2],"grid":[" 0!!"," "," "," "," "," "," "," "," "," "," "," "," "," "," "," "]},"2724":{"keys":[2,202],"grid":[" "," "," "," "," "," "," $!% *"," #!( (","!+ '","!, &","!- %","!. $","!/ #","12","!0 !","14"]}},"6407":{"2725":{"keys":[2,202],"grid":[" ","!* (","!+ '","02","!- %","!","!","!","!","!","!","!","!","!","!","!"]}},"6433":{"2763":{"keys":[2,202],"grid":[" "," "," "," "," "," "," "," "," "," "," "," "," "," "," (!' $"," $!."]},"2764":{"keys":[202],"grid":[" "," "," "," "," "," "," "," "," "," "," "," "," "," "," "," "]}},"6405":{"2724":{"keys":[2,202],"grid":[" "," "," "," "," "," *!$ %"," '!) #"," %!-"," #!/","!","!","!","!","!","!","!"]}},"6408":{"2726":{"keys":[202,2],"grid":[" &!,"," %!-"," $!.","01","01","01"," (!' $"," "," "," "," "," "," "," "," "," "]},"2725":{"keys":[2,202],"grid":[" "," "," "," "," ","!! 0","!+ '","!* (","07","07","!( *","!' +","11","11","11","11"]}},"6409":{"2726":{"keys":[2,202],"grid":[" "," "," (!& $!!"," &!,"," !!0","!","!","!","!","!","!","!","!","!","!","!"]}},"6611":{"2806":{"keys":[2,202],"grid":[" "," "," "," "," "," "," "," "," "," +!! &"," &!+ !","!","!","!","!","!"]}},"6602":{"2807":{"keys":[2,202],"grid":[" "," "," "," ","!! 0","!$ .","05","05","!$ #!$ )","!. $","!","!","!","!","!","!"]}},"6495":{"2762":{"keys":[2,202],"grid":[" "," "," "," "," "," "," /!#","!$ (!'","!","!","!","!","!","!","!","!"]}},"6494":{"2762":{"keys":[202,2],"grid":[" )!)"," *!("," +!'"," ,!&"," -!%"," /!#"," 0!!"," "," "," "," "," "," "," "," "," "]},"2761":{"keys":[2,202],"grid":[" "," "," "," "," "," "," "," "," "," "," ","!! 0","!$ .","!& ,","!' +","!( *"]}},"6497":{"2762":{"keys":[202,2],"grid":[" )!)"," +!'"," ,!&"," .!$"," 0!!"," "," "," "," "," "," "," "," "," "," "," "]},"2761":{"keys":[2,202],"grid":[" "," "," "," "," "," "," "," "," "," "," "," "," "," ","!% -","!' +"]}},"6496":{"2762":{"keys":[2,202],"grid":[" -!%"," ,!&"," *!("," (!*"," %!-"," !!0","!","!","!","!","!","!","!","!","!","!"]},"2761":{"keys":[2,202],"grid":[" "," "," "," "," "," "," "," "," "," "," "," "," "," "," "," /!#"]}},"6491":{"2762":{"keys":[2,202],"grid":[" %!-","00","00"," $!.","03","03","03"," #!/"," !!0","!","!","!","!","!","!","!"]},"2761":{"keys":[2,202],"grid":[" "," "," "," "," "," "," /!#"," )!)"," '!+"," &!,","09","09","09"," %!-","13","13"]}},"6490":{"2763":{"keys":[2,202],"grid":[" (!*"," '!+"," %!-"," $!."," !!0","!","!","!","!","!","!","!","!","!","!","!"]},"2762":{"keys":[2,202],"grid":[" "," "," "," "," "," "," "," "," "," "," 0!!"," /!#"," .!$"," ,!&"," +!'"," *!("]}},"6493":{"2761":{"keys":[2,202],"grid":[" "," "," "," &!! +","!) )","!+ '","05","!, &","!- %","!. $","!0 !","!","!","!","!","!"]}},"6492":{"2761":{"keys":[2,202],"grid":[" "," "," "," "," "," &!,","!","!","!","!","!","!","!","!","!","!"]}},"6507":{"2763":{"keys":[2,202],"grid":[" "," "," "," "," "," ","!- %","!0 !","!","!","!","!","!","!","!","!"]}},"6499":{"2762":{"keys":[2,202],"grid":[" "," "," "," "," "," "," "," "," "," "," "," /!#"," .!$"," -!%","!! (!)","!"]}},"6498":{"2762":{"keys":[2,202],"grid":[" "," "," "," "," "," ","!# /","!% -","!' +","!( *","!* (","!, &","!. $","!0 !","!","!"]}},"6506":{"2763":{"keys":[2,202],"grid":[" "," "," "," "," "," "," -!%"," !!0","!","!","!","!","!","!","!","!"]}},"6549":{"2779":{"keys":[2,202],"grid":[" "," "," "," "," "," "," "," "," "," "," "," "," /!#"," .!$"," -!%"," ,!&"]},"2780":{"keys":[2,202],"grid":[" +!'","00"," *!(","02"," )!)","04"," (!*"," %!-","!","!","!","!","!","!","!","!"]}},"6628":{"2802":{"keys":[2,202],"grid":[" /!#"," -!%"," ,!&"," +!'"," )!)"," (!*"," &!,"," %!-"," #!/","!","!","!","!","!","!","!"]},"2801":{"keys":[2,202],"grid":[" "," "," "," "," "," "," "," "," "," "," "," "," "," "," "," 0!!"]}},"6629":{"2801":{"keys":[2,202],"grid":[" "," "," 0!!"," /!#"," .!$"," -!%"," +!'"," *!("," )!)"," (!*"," &!,"," %!-"," $!."," #!/","!","!"]}},"6626":{"2802":{"keys":[2],"grid":[" "," "," "," "," "," "," "," "," "," "," "," "," "," "," "," "]},"2803":{"keys":[2,202],"grid":[" /!#"," -!%"," +!'"," (!*"," &!,"," #!/","!","!","!","!","!","!","!","!","!","!"]}},"6627":{"2802":{"keys":[2,202],"grid":[" "," "," "," "," "," "," "," "," "," "," .!$"," +!'"," (!*"," %!-"," #!/","!"]}},"6481":{"2765":{"keys":[2,202],"grid":[" "," "," "," "," 0!!"," .!$"," -!%"," +!'"," *!("," (!*"," '!+"," &!,"," %!-"," #!/"," !!0","!"]}},"6625":{"2803":{"keys":[2,202],"grid":[" "," "," "," "," "," "," 0!!"," ,!&"," )!)"," '!+"," %!-"," #!/","!","!","!","!"]}},"6622":{"2804":{"keys":[2,202],"grid":[" "," "," "," "," "," "," "," "," 0!!"," .!$"," ,!&"," *!("," (!*"," &!,"," %!-"," #!/"]},"2805":{"keys":[202],"grid":[" "," "," "," "," "," "," "," "," "," "," "," "," "," "," "," "]}},"6624":{"2803":{"keys":[2,202],"grid":[" "," "," "," "," "," "," "," "," "," "," "," "," 0!!"," -!%"," +!'"," (!*"]},"2804":{"keys":[2,202],"grid":[" $!.","!","!","!","!","!","!","!","!","!","!","!","!","!","!","!"]}},"6620":{"2806":{"keys":[2,202],"grid":[" #!/","!","!","!","!","!","!","!","!","!","!","!","!","!","!","!"]},"2805":{"keys":[2,202],"grid":[" "," "," "," "," "," "," "," "," "," /!#"," .!$"," ,!&"," +!'"," *!("," (!*"," &!,"]}},"6621":{"2805":{"keys":[2,202],"grid":[" "," /!#"," -!%"," +!'"," )!)"," '!+"," %!-"," #!/","!","!","!","!","!","!","!","!"]}},"6554":{"2790":{"keys":[202,2],"grid":[" %!-","00"," $!.","02","02"," #!/","05","05","02","02","02","00","00"," &!,","13"," '!+"]},"2791":{"keys":[202,2],"grid":[" '!+","00","00","00"," &!,"," %!-"," $!.","06","06","05","04"," *!("," .!$"," /!#"," "," "]},"2789":{"keys":[2,202],"grid":[" "," "," "," "," "," "," "," "," "," "," "," "," "," !!! /","!$ .","14"]}},"6555":{"2792":{"keys":[202,2],"grid":[" $!."," %!-"," &!,","02"," (!*"," *!("," ,!&"," .!$"," 0!!"," "," "," "," "," "," "," "]},"2791":{"keys":[2,202],"grid":[" "," "," "," "," "," "," "," "," "," "," "," "," "," "," ","!# /"]}},"6556":{"2792":{"keys":[2,202],"grid":[" "," "," "," "," "," "," "," "," "," ","!# /","!$ .","!& ,","!' +","!) )","!* ("]},"2793":{"keys":[202,2],"grid":[" )!)","00"," (!*","00"," +!'"," -!%"," /!#"," "," "," "," "," "," "," "," "," "]}},"6557":{"2793":{"keys":[2,202],"grid":[" "," "," "," "," "," "," "," ","!! 0","!# /","!$ .","!( *","!+ '","!. !!#","!","!"]}},"6419":{"2734":{"keys":[202,2],"grid":[" .!$"," /!#"," 0!!"," "," "," "," "," "," "," "," "," "," "," "," "," "]},"2728":{"keys":[2],"grid":[" "," "," "," "," "," "," "," "," "," "," "," "," "," "," "," "]},"2729":{"keys":[202,2],"grid":[" #!/"," %!-"," &!,"," (!*"," )!)"," +!'"," ,!&"," -!%"," .!$"," /!#","09"," 0!!"," "," "," "," "]},"2732":{"keys":[202,2],"grid":[" "," "," "," -!%","03","03","03","03","03","03","03","03","03","03","03"," ,!&"]},"2733":{"keys":[202,2],"grid":[" ,!&","00","00","00","00"," +!'"," *!(","06"," )!)","08","08","06","06","05","05","00"]}},"6418":{"2728":{"keys":[2,202],"grid":[" "," "," "," "," "," ","!$ .","!% -","!' +","!( *","!* (","!+ '","!- %","!/ #","!0 !","!"]}},"6552":{"2785":{"keys":[202,2],"grid":[" "," "," "," "," "," "," "," "," "," "," /!#"," ,!&"," )!)"," (!*","13","13"]},"2784":{"keys":[202,2],"grid":[" $!."," #!/"," !!0","02","02","02","02","02","01","01","00"," %!-"," )!)"," .!$"," "," "]},"2787":{"keys":[202,2],"grid":[" .!$"," /!#","01"," 0!!","03","03","01","01","01","01","00"," -!%"," ,!&"," +!'"," *!("," )!)"]},"2786":{"keys":[202,2],"grid":[" (!*","00"," )!)","02","02","02"," *!(","06","06"," +!'","09","09"," ,!&","12"," -!%"," .!$"]},"2781":{"keys":[202,2],"grid":[" "," "," 0!!","02","02"," /!#","05"," .!$"," -!%","08"," ,!&"," +!'"," *!("," )!)","13"," (!*"]},"2780":{"keys":[2,202],"grid":[" "," "," "," "," &!' &"," $!, #"," #!. !"," !!0","!","!","!","!","!","!","!","!"]},"2783":{"keys":[2,202],"grid":[" "," "," ","!# /","!$ .","!% -","!& ,","06","06","06","06","06","05","05","05","04"]},"2782":{"keys":[202,2],"grid":[" '!+"," &!,"," %!-","02"," #!/"," !!0","!","!","!","!","!","!","!","!","!","!"]},"2789":{"keys":[202,2],"grid":[" $!.","00","00"," %!-","03","03","03"," &!,","07","07","07","07"," '!+","12","12"," (!*"]},"2788":{"keys":[202,2],"grid":[" )!)"," (!*"," '!+"," &!,"," %!-"," $!."," #!/","06","06","06","06","06","06","06","06","06"]},"2790":{"keys":[202,2],"grid":[" )!)"," *!(","01"," +!'"," ,!&"," -!%"," .!$"," "," "," "," "," "," "," "," "," "]}},"6553":{"2785":{"keys":[202,2],"grid":[" $!.","00","00","00","00"," #!/","05"," !!0","07","!","!","!","!","!","!","!"]},"2784":{"keys":[2,202],"grid":[" "," "," "," "," "," "," "," "," "," "," "," "," "," "," ","!# /"]},"2790":{"keys":[2,202],"grid":[" /!#"," -!%"," *!("," )!)"," '!+"," %!-"," !!0","!","!","!","!","!","!","!","!","!"]},"2789":{"keys":[2,202],"grid":[" "," "," "," "," "," "," "," "," "," "," "," "," "," "," "," 0!!"]},"2780":{"keys":[2],"grid":[" "," "," "," "," "," "," "," "," "," "," "," "," "," "," "," "]}},"6415":{"2727":{"keys":[2,202],"grid":[" "," "," "," "," "," !!% ,","!) )","!, &","!. $","!","!","!","!","!","!","!"]}},"6414":{"2727":{"keys":[2,202],"grid":[" "," "," "," "," "," "," "," 0!!","!! .!#","!# ,!$","!% )!%","!& '!&","!' %!'","!","!","!"]}},"6417":{"2728":{"keys":[2,202],"grid":[" "," "," (!! )"," &!& '"," $!* %"," $!."," #!/","!","!","!","!","!","!","!","!","!"]}},"6416":{"2727":{"keys":[2,202],"grid":[" "," "," "," "," "," "," "," "," "," ","!# /","10","10","!$ .","13","13"]},"2728":{"keys":[202,2],"grid":[" %!-","00"," &!& !!&"," &!! '!%"," -!%"," .!$","05"," "," "," "," "," "," "," "," "," "]}},"6558":{"2793":{"keys":[2,202],"grid":[" "," "," "," "," "," "," "," "," "," "," "," "," ","!! 0","!# /","14"]},"2794":{"keys":[202,2],"grid":[" $!."," %!-","01"," -!%"," /!#"," 0!!","05"," "," "," "," "," "," "," "," "," "]}},"6559":{"2794":{"keys":[2,202],"grid":[" "," "," "," "," "," -!%"," '!+","!","!","!","!","!","!","!","!","!"]}},"6413":{"2727":{"keys":[2,202],"grid":[" "," "," "," &!$ )"," $!) &"," !!- $","!/ #","!","!","!","!","!","!","!","!","!"]}},"6623":{"2804":{"keys":[2,202],"grid":[" "," "," .!$"," +!'"," )!)"," '!+"," %!-"," !!0","!","!","!","!","!","!","!","!"]}},"6639":{"2800":{"keys":[202,2],"grid":[" 0!!"," "," "," "," "," "," "," "," "," "," "," "," "," "," "," "]},"2799":{"keys":[2,202],"grid":[" "," "," "," "," "," "," "," "," "," "," "," "," "," ","!+ '","!/ #"]}},"6561":{"2798":{"keys":[202,2],"grid":[" +!'","00","00","00"," ,!&","04","04"," .!$"," "," "," "," "," "," "," "," "]},"2796":{"keys":[202,2],"grid":[" #!/","00"," $!.","02","02","02","02"," %!-","07"," &!,"," '!+","10"," (!*"," )!)","13","13"]},"2797":{"keys":[202,2],"grid":[" *!(","00","00","00","00","00","00","00","00","00","00","00","00"," +!'","13","13"]},"2795":{"keys":[2,202],"grid":[" "," "," "," "," "," "," "," "," "," "," "," "," "," ","!! 0","!# /"]}},"6631":{"2801":{"keys":[2,202],"grid":[" ","!! 0","!% -","!) )","!+ '","!, &","!. $","!","!","!","!","!","!","!","!","!"]}},"6550":{"2779":{"keys":[2,202],"grid":[" "," "," "," "," "," "," "," "," "," "," "," ","!$ .","!% -","13","!& ,"]},"2780":{"keys":[202,2],"grid":[" &!,","00","00","00","00","00","00","00","00"," (!*"," ,!&"," "," "," "," "," "]}},"6633":{"2802":{"keys":[202,2],"grid":[" (!) !"," "," "," "," "," "," "," "," "," "," "," "," "," "," "," "]},"2801":{"keys":[2,202],"grid":[" "," "," "," "," "," "," "," "," "," "," "," "," "," ","!# /","!& ,"]}},"6632":{"2801":{"keys":[2,202],"grid":[" "," "," "," "," "," "," "," ","!$ .","!' +","!* (","!, &","!. $","!0 !","!","!"]}},"6635":{"2800":{"keys":[2,202],"grid":[" "," "," "," "," "," "," "," "," "," "," "," "," "," "," /!#"," .!$"]},"2801":{"keys":[2,202],"grid":[" ,!&"," +!'"," )!)"," (!*"," &!,"," %!-"," #!/","!","!","!","!","!","!","!","!","!"]}},"6634":{"2802":{"keys":[202],"grid":[" "," "," "," "," "," "," "," "," "," "," "," "," "," "," "," "]},"2801":{"keys":[2,202],"grid":[" "," "," "," "," "," "," "," "," 0!!"," .!$"," -!%"," +!'"," *!("," (!*"," '!+"," $!."]}},"6637":{"2800":{"keys":[2,202],"grid":[" %!-"," !!0","!","!","!","!","!","!","!","!","!","!","!","!","!","!"]},"2799":{"keys":[2,202],"grid":[" "," "," "," "," "," "," "," "," "," "," "," "," "," "," -!%"," (!*"]}},"6636":{"2800":{"keys":[2,202],"grid":[" "," "," "," /!#"," .!$"," -!%"," +!'"," *!("," (!*"," '!+"," %!-"," $!."," !!0","!","!","!"]}},"6547":{"2778":{"keys":[2,202],"grid":[" "," "," "," "," "," "," "," "," "," "," "," "," "," "," (!! )"," '!% '"]},"2779":{"keys":[2,202],"grid":[" &!' &"," &!) $"," %!, !"," $!."," #!/"," !!0","!","!","!","!","!","!","!","!","!","!"]}},"6546":{"2779":{"keys":[2,202],"grid":[" "," "," "," "," "," "," "," /!#"," ,!&"," (!*"," #!/","!","!","!","!","!"]}},"6545":{"2779":{"keys":[2,202],"grid":[" "," "," "," "," "," &!$ )"," $!' (","!+ '","07","07","!, &","!","!","!","!","!"]}},"6544":{"2779":{"keys":[2,202],"grid":[" "," "," ","!! 0","!$ .","!& ,","!( *","!) )","!","!","!","!","!","!","!","!"]}},"6543":{"2778":{"keys":[2,202],"grid":[" "," "," "," "," "," "," "," "," "," "," "," "," "," &!& '"," $!) &"," #!+ %"]},"2779":{"keys":[2,202],"grid":[" !!- $","!/ #","!0 !","!","!","!","!","!","!","!","!","!","!","!","!","!"]}},"6542":{"2779":{"keys":[2,202],"grid":[" "," 0!!","!# ,!$","!","!","!","!","!","!","!","!","!","!","!","!","!"]}},"6541":{"2778":{"keys":[2,202],"grid":[" "," "," "," "," "," "," "," "," "," "," "," "," "," +!$ $"," )!' #"," (!) !"]},"2779":{"keys":[2,202],"grid":[" '!* !"," '!+"," $!.","!","!","!","!","!","!","!","!","!","!","!","!","!"]}},"6520":{"2766":{"keys":[202,2],"grid":[" (!*"," )!)"," ,!&"," .!$"," "," "," "," "," "," "," "," "," "," "," "," "]},"2765":{"keys":[2,202],"grid":[" "," "," "," "," "," "," "," "," "," "," "," "," "," ","!% -","!' +"]}},"6460":{"2771":{"keys":[2,202],"grid":[" "," "," "," "," "," "," "," "," "," "," "," *!! '","!! %!,","!","!","!"]}},"6461":{"2771":{"keys":[2,202],"grid":[" "," "," "," "," "," "," "," "," "," "," "," ","!# /","!& ,","13","!' +"]},"2772":{"keys":[202,2],"grid":[" (!*","00"," )!)","02"," *!("," +!'"," -!%"," 0!!"," "," "," "," "," "," "," "," "]}},"6462":{"2772":{"keys":[2,202],"grid":[" "," "," "," "," "," "," "," ","!! 0","!% -","!( *","!* (","!, &","!/ #","!","!"]}},"6540":{"2779":{"keys":[2,202],"grid":[" "," ","!* (","!","!","!","!","!","!","!","!","!","!","!","!","!"]}},"6464":{"2772":{"keys":[2,202],"grid":[" "," "," "," "," "," "," "," "," "," "," "," "," "," "," ","!& ,"]},"2773":{"keys":[202,2],"grid":[" .!$"," "," "," "," "," "," "," "," "," "," "," "," "," "," "," "]}},"6488":{"2763":{"keys":[2,202],"grid":[" "," "," "," "," "," "," "," "," "," "," "," "," /!#"," .!$"," -!%"," ,!&"]},"2764":{"keys":[2,202],"grid":[" +!'"," *!("," )!)"," &!,"," $!.","!","!","!","!","!","!","!","!","!","!","!"]}},"6579":{"2801":{"keys":[2,202],"grid":[" "," "," 0!!"," -!%"," *!("," (!*"," %!-"," $!."," #!/","!","!","!","!","!","!","!"]}},"6548":{"2779":{"keys":[2,202],"grid":[" "," "," "," ","!# /","!$ .","!% -","06","!& ,","08","!' +","10","!( *","!) )","!* (","!+ '"]},"2780":{"keys":[202,2],"grid":[" +!'"," ,!&","01"," -!%","03"," .!$"," /!#","06"," "," "," "," "," "," "," "," "]}},"6530":{"2770":{"keys":[2,202],"grid":[" "," "," "," "," "," "," ","!! 0","!# /","!$ .","!% -","!' +","!( *","!) )","!+ '","!. $"]},"2771":{"keys":[202,2],"grid":[" 0!!"," "," "," "," "," "," "," "," "," "," "," "," "," "," "," "]}},"6610":{"2806":{"keys":[2,202],"grid":[" "," "," "," "," ","!! 0","!' $!! '","!, &","!. $","!/ #","!","!","!","!","!","!"]}},"6630":{"2800":{"keys":[2,202],"grid":[" "," "," "," "," "," "," "," "," "," "," "," "," "," "," &!& '"," $!* %"]},"2801":{"keys":[2,202],"grid":[" #!. !"," !!0","!","!","!","!","!","!","!","!","!","!","!","!","!","!"]}},"6463":{"2772":{"keys":[2,202],"grid":[" "," "," "," "," "," "," "," "," "," "," "," "," "," ","!. $","!"]}},"6616":{"2807":{"keys":[2,202],"grid":[" "," "," *!("," &!,"," !!0","!","!","!","!","!","!","!","!","!","!","!"]}}}}