{"9":{"407":{"189":{"keys":[202,1,196],"grid":[" "," "," "," "," "," "," "," /!#"," ,!%#!"," *!$#%"," (!$#'"," &!$#)"," $!$#+","!%#-","!!#0","#"]}},"412":{"188":{"keys":[202,1,196],"grid":[" "," "," "," "," "," "," "," "," "," 0!!"," .!$"," +!%##"," *!##&"," $!(#'"," !!$#-","!##/"]}},"406":{"189":{"keys":[202,1,196],"grid":[" "," "," "," "," "," "," "," "," "," "," "," "," "," "," /!#"," -!$#!"]},"190":{"keys":[202,1,196],"grid":[" +!$#$"," (!%#&"," &!$#)"," $!$#+"," !!$#-","!##/","!!#0","#","#","#","#","#","#","#","#","#"]}},"400":{"188":{"keys":[202,1],"grid":[" "," "," "," "," "," "," "," "," "," "," "," "," "," ","!! 0","!& ,"]},"189":{"keys":[196,1,202],"grid":[" %!&#("," )!&#$"," -!###"," .!##!"," /!#"," 0!!","05"," "," "," "," "," "," "," "," "," "]}},"414":{"186":{"keys":[202,1,196],"grid":[" -!!#$"," -!$#!"," /!#"," 0!!"," "," "," "," "," "," "," "," "," ","03","02"," .!##!"]},"187":{"keys":[202,1,196],"grid":[" -!###"," ,!##$"," (!&#%"," '!##)"," %!$#*"," #!$#,","!$#.","#","#","#","#","#","#","#","#","#"]},"184":{"keys":[202,1,196],"grid":[" "," "," 0!!","02"," /!#"," /!!#!"," .!##!"," .!!##"," -!###"," -!!#$"," ,!##$"," ,!!#%"," +!##%"," +!!#&","13","13"]},"185":{"keys":[202,1,196],"grid":[" +!!#&"," *!##&"," *!!#'"," )!##'"," (!##("," (!!#)","05","05","04","03","02","02","01","00"," +!##%"," ,!##$"]}},"415":{"183":{"keys":[202,1],"grid":[" "," "," "," "," "," "," "," "," "," "," "," "," "," "," "," %!$ *"]},"186":{"keys":[196,1,202],"grid":[" "," "," ","!! 0","!# /","#!!# .","##!! .","##!# -","#$!! -","08","08","08","07","!$ ."," "," "]},"184":{"keys":[202,1,196],"grid":[" #!$#!!* !"," !!##,!#","!##.!!","#","#","#","#","#","#","#","#","#","#","#","#","#"]}},"405":{"190":{"keys":[202,1,196],"grid":[" "," "," "," "," "," "," /!#"," .!##!"," +!%##"," *!##&"," )!##'","!% $!##(","#$!# !!##)","#%!$#*","#","#"]}},"404":{"190":{"keys":[202,1,196],"grid":[" "," "," "," "," *!# &"," &!' &","!'#%!! &","!!#*!! &","#+!! &","08","08","#+!'","#","#","#","#"]}},"403":{"190":{"keys":[202,1,196],"grid":[" "," "," "," ","!$ .","##!& *","#'!& &","#+!'","#","#","#","#","#","#","#","#"]}},"411":{"188":{"keys":[202,1],"grid":[" "," "," "," "," "," "," "," "," "," "," "," "," "," "," "," 0!!"]},"189":{"keys":[202,1,196],"grid":[" /!#"," .!##!"," ,!$##","!-#%","#","#","#","#","#","#","#","#","#","#","#","#"]}},"401":{"189":{"keys":[202,1,196],"grid":[" "," "," "," "," "," ","!! 0","!# /","#!!! /","#!!# .","##!% +","#&!& '","#*!(","#","#","#"]}},"413":{"188":{"keys":[202,1,196],"grid":[" '!##)"," '!!#*"," &!##*"," &!!#+"," %!##+"," $!##,"," #!##-"," !!##."," !!!#/","!##/","#","#","#","#","#","#"]},"187":{"keys":[202,1,196],"grid":[" "," "," "," "," "," "," 0!!"," /!#"," .!##!"," -!###"," ,!##$"," +!##%"," +!!#&"," *!##&"," )!##'"," (!##("]}},"410":{"189":{"keys":[202,1,196],"grid":[" "," "," ","!* &!#","#)!(#!","#","#","#","#","#","#","#","#","#","#","#"]}},"408":{"189":{"keys":[202,1,196],"grid":[" "," "," .!! #"," +!'"," *!##%!!"," )!##'"," %!&#(","!&#,","#","#","#","#","#","#","#","#"]}},"409":{"189":{"keys":[202,1,196],"grid":[" "," "," /!#"," *!(","!+#'","#","#","#","#","#","#","#","#","#","#","#"]}},"402":{"189":{"keys":[202,1,196],"grid":[" "," "," "," "," "," "," "," "," "," "," "," ","!$ .","##!$ ,","#%!# +","#&!$ )"]},"190":{"keys":[196,1,202],"grid":[" (!$#'"," *!$#%"," ,!$##"," .!$"," 0!!"," "," "," "," "," "," "," "," "," "," "," "]}}},"13":{"6578":{"3027":{"keys":[202,196],"grid":[" "," "," ","!' +","!/ #","!","!","!","!","!","!","!","!","!","!","!"]}},"6527":{"3031":{"keys":[202,196],"grid":[" "," "," "," "," "," "," "," "," "," "," "," "," "," .!$"," &!,","!"]}},"6411":{"3025":{"keys":[202,196],"grid":[" "," "," "," "," "," ","!$ .","!. $","!","!","!","!","!","!","!","!"]}},"6526":{"3031":{"keys":[202,196],"grid":[" "," "," "," "," "," "," "," "," "," "," "," "," "," "," "," -!%"]},"3032":{"keys":[202,196],"grid":[" %!-","!","!","!","!","!","!","!","!","!","!","!","!","!","!","!"]}},"6410":{"3025":{"keys":[202,196],"grid":[" "," "," "," ","!' +","!* (","!","!","!","!","!","!","!","!","!","!"]}},"6482":{"3051":{"keys":[202,196],"grid":[" "," "," "," "," "," "," "," "," "," "," 0!!","!","!","!","!","!"]}},"6483":{"3052":{"keys":[196,202],"grid":[" .!$"," /!#"," 0!!"," "," "," "," "," "," "," "," "," "," "," "," "," "]},"3051":{"keys":[202,196],"grid":[" "," "," "," "," "," "," "," "," "," ","!( *","!) )","!* (","!+ '","!, &","!- %"]}},"6412":{"3026":{"keys":[196,202],"grid":[" /!#"," 0!!"," "," "," "," "," "," "," "," "," "," "," "," "," "," "]},"3025":{"keys":[202,196],"grid":[" "," "," "," "," "," "," "," ","!$ .","!( *","!) )","!* (","!, &","12","!- %","!. $"]}},"6480":{"3051":{"keys":[202,196],"grid":[" "," "," "," "," "," "," "," "," "," "," "," "," *!(","!","!","!"]}},"6572":{"3028":{"keys":[202,196],"grid":[" "," "," "," "," "," "," ","!! 0","!$ .","!% -","!& ,","!' +","!( (!#","!+ #!%","!","!"]}},"6573":{"3028":{"keys":[202,196],"grid":[" "," "," "," 0!!"," .!$"," ,!&"," *!("," (!*"," &!,"," $!."," !!0","!","!","!","!","!"]}},"6479":{"3051":{"keys":[202,196],"grid":[" "," "," "," "," "," "," "," "," "," "," "," "," "," (!*","!","!"]}},"6478":{"3051":{"keys":[202,196],"grid":[" "," "," "," "," "," "," "," "," "," "," "," "," "," "," %!-","!"]}},"6576":{"3027":{"keys":[202,196],"grid":[" "," .!$"," -!%"," ,!&","!$ (!'","!& &!'","!' $!(","!","!","!","!","!","!","!","!","!"]}},"6577":{"3027":{"keys":[202,196],"grid":[" ","!& ,","!. $","!","!","!","!","!","!","!","!","!","!","!","!","!"]}},"6574":{"3027":{"keys":[202,196],"grid":[" "," "," "," "," "," "," "," "," "," "," "," 0!!"," .!$"," ,!&"," *!("," (!*"]},"3028":{"keys":[202,196],"grid":[" &!,"," $!."," !!0","!","!","!","!","!","!","!","!","!","!","!","!","!"]}},"6575":{"3027":{"keys":[202,196],"grid":[" "," "," "," "," .!$"," +!'"," )!)"," '!+"," %!-"," $!."," !!0","!","!","!","!","!"]}},"6473":{"3045":{"keys":[202,196],"grid":[" .!$"," )!)"," $!.","!","!","!","!","!","!","!","!","!","!","!","!","!"]},"3044":{"keys":[202],"grid":[" "," "," "," "," "," "," "," "," "," "," "," "," "," "," "," "]}},"6472":{"3045":{"keys":[202,196],"grid":[" "," "," "," /!#"," +!'"," &!,","!","!","!","!","!","!","!","!","!","!"]}},"6471":{"3045":{"keys":[202,196],"grid":[" "," "," "," "," "," "," "," ,!&"," '!+"," !!0","!","!","!","!","!","!"]}},"6647":{"2944":{"keys":[202,196],"grid":[" "," "," "," "," "," "," "," ","!! 0","!* (","!","!","!","!","!","!"]}},"6477":{"3051":{"keys":[202,196],"grid":[" "," "," "," "," "," "," "," "," "," "," "," ","!# /","!) )","!0 !","!"]}},"6476":{"3051":{"keys":[202,196],"grid":[" "," "," "," "," "," "," "," "," "," ","!' +","!- %","!","!","!","!"]}},"6475":{"3051":{"keys":[202,196],"grid":[" "," "," "," "," "," "," ","!% -","!+ '","!","!","!","!","!","!","!"]}},"6474":{"3049":{"keys":[196,202],"grid":[" (!*","00","00","00","00","00","00","00","00","00","00","00","00","00"," '!+","14"]},"3048":{"keys":[196,202],"grid":[" (!*","00","00","00","00","00","00","00","00","00","00","00","00","00","00","00"]},"3047":{"keys":[196,202],"grid":[" )!)","00","00"," (!*","03","03","03","03","03","03","03","03","03","03","03","03"]},"3046":{"keys":[196,202],"grid":[" )!)","00","00","00","00","00","00","00","00","00","00","00","00","00","00","00"]},"3045":{"keys":[196,202],"grid":[" )!)","00","00","00","00","00","00","00","00","00","00","00","00","00","00","00"]},"3044":{"keys":[202,196],"grid":[" "," "," "," "," "," "," "," "," "," "," "," "," "," "," (!! )"," #!' )"]},"3050":{"keys":[196,202],"grid":[" '!+","00","00","00","00","00","00","00","00","00","00","00","00","00","00","00"]},"3051":{"keys":[196,202],"grid":[" '!+","00","00","00","00"," )!)"," /!#"," "," "," "," "," "," "," "," "," "]}},"6404":{"3024":{"keys":[196,202],"grid":[" )!)"," ,!&"," /!#"," "," "," "," "," "," "," "," "," "," "," "," "," "]},"3023":{"keys":[202,196],"grid":[" "," "," "," "," "," "," "," "," "," "," "," "," "," ","!! 0","!& ,"]}},"6508":{"3040":{"keys":[202,196],"grid":[" %!-"," #!/","!","!","!","!","!","!","!","!","!","!","!","!","!","!"]},"3039":{"keys":[202,196],"grid":[" "," "," "," "," "," "," "," "," "," "," "," "," /!#"," ,!&"," *!("," (!*"]}},"6466":{"3046":{"keys":[202,196],"grid":[" "," "," "," "," "," "," "," /!#"," *!("," %!-","!","!","!","!","!","!"]}},"6551":{"3028":{"keys":[202,196],"grid":[" "," "," "," "," "," "," "," "," ","!$ -!!","!","!","!","!","!","!"]}},"6465":{"3046":{"keys":[202,196],"grid":[" "," "," "," "," "," "," "," "," "," "," 0!!"," +!'"," '!+"," $!.","!","!"]}},"6446":{"3043":{"keys":[202,196],"grid":[" "," "," ","!# /","!% -","!' +","!) )","!+ '","!- %","!/ #","!","!","!","!","!","!"]}},"6447":{"3043":{"keys":[202,196],"grid":[" "," "," "," "," "," "," "," "," "," "," ","!# /","!% -","!' +","!) )","!+ '"]},"3044":{"keys":[196,202],"grid":[" -!%"," /!#"," "," "," "," "," "," "," "," "," "," "," "," "," "," "]}},"6444":{"3042":{"keys":[202,196],"grid":[" "," "," ","!# /","!% -","!' +","!) )","!+ '","!- %","!/ #","!","!","!","!","!","!"]}},"6445":{"3043":{"keys":[196,202],"grid":[" -!%"," /!#"," "," "," "," "," "," "," "," "," "," "," "," "," "," "]},"3042":{"keys":[202,196],"grid":[" "," "," "," "," "," "," "," "," "," "," ","!# /","!% -","!' +","!) )","!+ '"]}},"6442":{"3041":{"keys":[202,196],"grid":[" "," "," ","!! 0","!$ .","!& ,","!( *","!* (","!, &","!/ #","!","!","!","!","!","!"]}},"6443":{"3041":{"keys":[202,196],"grid":[" "," "," "," "," "," "," "," "," "," "," ","!# /","!% -","!' +","!) )","!+ '"]},"3042":{"keys":[196,202],"grid":[" -!%"," /!#"," "," "," "," "," "," "," "," "," "," "," "," "," "," "]}},"6440":{"3040":{"keys":[202,196],"grid":[" "," "," ","!! 0","!$ .","!& ,","!( *","!* (","!, &","!. $","!0 !","!","!","!","!","!"]}},"6441":{"3041":{"keys":[196,202],"grid":[" ,!&"," .!$"," 0!!"," "," "," "," "," "," "," "," "," "," "," "," "," "]},"3040":{"keys":[202,196],"grid":[" "," "," "," "," "," "," "," "," "," "," ","!! 0","!$ .","!& ,","!( *","!* ("]}},"6448":{"3044":{"keys":[202,196],"grid":[" "," "," ","!$ .","!& ,","!( *","!* (","!- %","!","!","!","!","!","!","!","!"]}},"6449":{"3044":{"keys":[202,196],"grid":[" "," "," "," "," "," "," "," "," ","!$ .","!( *","!, &","!0 !","!","!","!"]}},"6536":{"3030":{"keys":[202,196],"grid":[" $!.","!","!","!","!","!","!","!","!","!","!","!","!","!","!","!"]},"3029":{"keys":[202,196],"grid":[" "," "," "," "," "," "," "," 0!!","07"," /!#","09"," .!$"," -!%"," ,!&"," *!("," '!+"]}},"6569":{"3028":{"keys":[202,196],"grid":[" "," "," "," ","!# /","!& ,","!) )","!","!","!","!","!","!","!","!","!"]}},"6568":{"3027":{"keys":[202],"grid":[" "," "," "," "," "," "," "," "," "," "," "," "," "," "," "," "]},"3028":{"keys":[196,202],"grid":[" %!-"," )!)"," -!%"," "," "," "," "," "," "," "," "," "," "," "," "," "]}},"6617":{"3005":{"keys":[202,196],"grid":[" "," 0!!","01"," /!#"," .!$"," -!%","05"," ,!&"," +!'","08"," *!(","10"," )!)"," (!*","13"," '!+"]},"3006":{"keys":[202,196],"grid":[" '!+"," &!,"," %!-"," $!."," #!/"," !!0","05","!","!","!","!","!","!","!","!","!"]}},"6537":{"3029":{"keys":[202,196],"grid":[" $!.","00"," #!/","02"," !!0","04","!","!","!","!","!","!","!","!","!","!"]},"3028":{"keys":[202,196],"grid":[" "," "," "," "," "," .!$"," ,!&"," )!)","07"," (!*","09"," '!+"," &!,","12"," %!-","14"]}},"6565":{"3027":{"keys":[202,196],"grid":[" "," "," "," "," "," "," ","!. $","!","!","!","!","!","!","!","!"]}},"6564":{"3027":{"keys":[202,196],"grid":[" "," "," "," "," "," "," "," /!#","!","!","!","!","!","!","!","!"]}},"6567":{"3027":{"keys":[202,196],"grid":[" "," "," "," "," "," "," "," "," "," "," "," ","!% -","!) )","!- %","!"]}},"6566":{"3027":{"keys":[202,196],"grid":[" "," "," "," "," "," "," "," ","!% -","!* (","!- %","!","!","!","!","!"]}},"6653":{"2944":{"keys":[202,196],"grid":[" "," "," "," "," "," "," "," "," /!#"," -!%"," +!'"," *!("," (!*"," %!-","!","!"]}},"6652":{"2944":{"keys":[202,196],"grid":[" "," "," "," "," "," "," "," "," "," "," "," "," ","!) )","!","!"]}},"6563":{"3027":{"keys":[202,196],"grid":[" "," "," "," "," "," "," "," ","!","!","!","!","!","!","!","!"]}},"6650":{"2944":{"keys":[202,196],"grid":[" "," "," "," "," "," "," "," "," "," "," "," ","!","!","!","!"]}},"6638":{"2990":{"keys":[202,196],"grid":[" "," "," "," "," 0!!"," /!#"," .!$"," -!%"," ,!&"," +!'","09"," *!("," )!)"," (!*"," '!+"," &!,"]},"2991":{"keys":[202,196],"grid":[" %!-"," $!.","01"," #!/"," !!0","!","!","!","!","!","!","!","!","!","!","!"]},"2978":{"keys":[202,196],"grid":[" $!."," '!+"," )!)"," *!("," ,!&"," -!%"," /!#"," "," "," "," "," "," "," "," "," "]},"2949":{"keys":[202,196],"grid":[" (!*","00"," '!+","02"," &!,","04"," %!-","06"," $!.","08","08"," #!/","11","11"," !!0","14"]},"2948":{"keys":[202,196],"grid":[" "," "," "," 0!!"," /!#","04"," .!$","06"," -!%","08"," ,!&","10"," +!'"," *!(","13"," )!)"]},"2950":{"keys":[202,196],"grid":[" !!0","!","!","!","!","!","!","!","!","!","!","!","!","!","!","!"]},"2977":{"keys":[196,202],"grid":[" "," "," "," "," "," "," "," "," "," "," "," "," "," "," ","!# /"]}},"6535":{"3030":{"keys":[202,196],"grid":[" "," 0!!"," -!%"," *!("," &!,"," #!/","!","!","!","!","!","!","!","!","!","!"]}},"6532":{"3030":{"keys":[202],"grid":[" "," "," "," "," "," "," "," "," "," "," "," "," "," "," "," "]},"3031":{"keys":[202,196],"grid":[" /!#"," ,!&"," (!*"," %!-"," !!0","!","!","!","!","!","!","!","!","!","!","!"]}},"6655":{"2946":{"keys":[196,202],"grid":[" /!#"," 0!!"," "," "," "," "," "," "," "," "," "," "," "," "," "," "]},"2945":{"keys":[202,196],"grid":[" "," "," ","!# /","!$ .","!% -","!& ,","!' +","!( *","!) )","!* (","!+ '","!, &","!- %","!. $","!/ #"]}},"6533":{"3030":{"keys":[202,196],"grid":[" "," "," "," "," "," "," "," "," "," "," "," /!#"," ,!&"," )!)"," &!,"," !!0"]}},"6590":{"3025":{"keys":[202,196],"grid":[" '!+"," &!,"," $!."," #!/","!","!","!","!","!","!","!","!","!","!","!","!"]},"3024":{"keys":[202,196],"grid":[" "," "," "," "," "," "," "," "," "," "," 0!!"," .!$"," -!%"," +!'"," *!("," (!*"]}},"6591":{"3024":{"keys":[202,196],"grid":[" +!'"," *!("," )!)"," '!+"," &!,"," %!-"," $!."," #!/"," !!0","!","!","!","!","!","!","!"]},"3023":{"keys":[202,196],"grid":[" "," "," "," "," "," "," "," "," "," "," "," "," "," "," /!#"," -!%"]}},"6592":{"3023":{"keys":[202,196],"grid":[" "," "," "," "," "," "," /!#"," -!%"," +!'"," )!)"," '!+"," %!-"," #!/","!","!","!"]}},"6654":{"2945":{"keys":[196,202],"grid":[" /!#"," 0!!"," "," "," "," "," "," "," "," "," "," "," "," "," "," "]},"2944":{"keys":[202,196],"grid":[" "," "," "," "," "," "," ","!% -","!' +","!( *","!) )","!* (","!+ '","!, &","!- %","!. $"]}},"6594":{"3022":{"keys":[202,196],"grid":[" "," "," "," "," "," "," "," /!#"," .!$"," ,!&"," *!("," (!*"," &!,"," $!."," !!0","!"]}},"6595":{"3022":{"keys":[202,196],"grid":[" -!%"," +!'"," )!)"," '!+"," %!-"," #!/","!","!","!","!","!","!","!","!","!","!"]},"3021":{"keys":[202,196],"grid":[" "," "," "," "," "," "," "," "," "," "," "," "," "," "," "," /!#"]}},"6596":{"3021":{"keys":[202,196],"grid":[" "," "," "," "," "," "," "," "," "," "," -!%"," *!("," (!*"," %!-"," !!0","!"]}},"6597":{"3021":{"keys":[202,196],"grid":[" "," "," "," "," "," "," "," "," ","!","!","!","!","!","!","!"]}},"6598":{"3021":{"keys":[202,196],"grid":[" "," "," "," "," "," "," "," "," '!+","!","!","!","!","!","!","!"]}},"6599":{"3021":{"keys":[202,196],"grid":[" "," "," "," "," "," "," "," '!+","!","!","!","!","!","!","!","!"]}},"6531":{"3031":{"keys":[202,196],"grid":[" "," "," "," "," "," .!$"," &!,","!","!","!","!","!","!","!","!","!"]}},"6560":{"3027":{"keys":[202,196],"grid":[" "," "," "," "," "," "," ","!! 0","!# /","!% -","!","!","!","!","!","!"]}},"6451":{"3045":{"keys":[202,196],"grid":[" ","!$ .","!( *","!, &","!0 !","!","!","!","!","!","!","!","!","!","!","!"]}},"6450":{"3045":{"keys":[196,202],"grid":[" 0!!"," "," "," "," "," "," "," "," "," "," "," "," "," "," "," "]},"3044":{"keys":[202,196],"grid":[" "," "," "," "," "," "," "," "," "," "," "," "," ","!$ .","!( *","!, &"]}},"6453":{"3045":{"keys":[202,196],"grid":[" "," "," "," "," "," "," "," "," ","!# /","!' +","!+ '","!/ #","!","!","!"]}},"6452":{"3045":{"keys":[202,196],"grid":[" "," "," "," "," ","!# /","!' +","!+ '","!/ #","!","!","!","!","!","!","!"]}},"6455":{"3046":{"keys":[202,196],"grid":[" ","!! 0","!& ,","!* (","!. $","!","!","!","!","!","!","!","!","!","!","!"]}},"6454":{"3045":{"keys":[202,196],"grid":[" "," "," "," "," "," "," "," "," "," "," "," "," ","!# /","!' +","!* ("]},"3046":{"keys":[196,202],"grid":[" .!$"," "," "," "," "," "," "," "," "," "," "," "," "," "," "," "]}},"6457":{"3046":{"keys":[202,196],"grid":[" "," "," "," "," "," "," "," "," "," ","!% -","!) )","!- %","!","!","!"]}},"6456":{"3046":{"keys":[202,196],"grid":[" "," "," "," "," ","!! 0","!& ,","!* (","!. $","!","!","!","!","!","!","!"]}},"6459":{"3047":{"keys":[202,196],"grid":[" "," ","!","!","!","!","!","!","!","!","!","!","!","!","!","!"]}},"6458":{"3047":{"keys":[196,202],"grid":[" -!%"," "," "," "," "," "," "," "," "," "," "," "," "," "," "," "]},"3046":{"keys":[202,196],"grid":[" "," "," "," "," "," "," "," "," "," "," "," "," "," ","!% -","!) )"]}},"6562":{"3027":{"keys":[202,196],"grid":[" "," "," "," "," "," "," "," "," )!)","!","!","!","!","!","!","!"]}},"6518":{"3035":{"keys":[202,196],"grid":[" "," "," "," "," "," "," .!$"," ,!&"," *!("," (!*"," %!-"," #!/","!","!","!","!"]}},"6519":{"3034":{"keys":[202,196],"grid":[" "," "," "," "," "," "," "," "," "," "," "," "," "," 0!!"," /!#"," -!%"]},"3035":{"keys":[202,196],"grid":[" ,!&"," *!("," (!*"," %!-"," #!/","!","!","!","!","!","!","!","!","!","!","!"]}},"6510":{"3038":{"keys":[202,196],"grid":[" "," "," "," "," "," "," "," "," "," "," "," "," "," "," /!#"," ,!&"]},"3039":{"keys":[202,196],"grid":[" *!("," (!*"," %!-"," #!/","!","!","!","!","!","!","!","!","!","!","!","!"]}},"6511":{"3038":{"keys":[202,196],"grid":[" "," "," "," "," "," "," "," /!#"," ,!&"," *!("," (!*"," %!-"," #!/","!","!","!"]}},"6512":{"3037":{"keys":[202],"grid":[" "," "," "," "," "," "," "," "," "," "," "," "," "," "," "," "]},"3038":{"keys":[202,196],"grid":[" /!#"," ,!&"," *!("," (!*"," %!-"," #!/","!","!","!","!","!","!","!","!","!","!"]}},"6513":{"3037":{"keys":[202,196],"grid":[" "," "," "," "," "," "," "," "," "," /!#"," ,!&"," *!("," (!*"," %!-"," #!/","!"]}},"6514":{"3037":{"keys":[202,196],"grid":[" "," "," /!#"," ,!&"," *!("," (!*"," %!-"," #!/","!","!","!","!","!","!","!","!"]}},"6515":{"3036":{"keys":[202,196],"grid":[" "," "," "," "," "," "," "," "," "," "," "," /!#"," ,!&"," *!("," (!*"," %!-"]},"3037":{"keys":[202,196],"grid":[" #!/","!","!","!","!","!","!","!","!","!","!","!","!","!","!","!"]}},"6516":{"3036":{"keys":[202,196],"grid":[" "," "," "," "," /!#"," ,!&"," *!("," (!*"," %!-"," #!/","!","!","!","!","!","!"]}},"6517":{"3035":{"keys":[202,196],"grid":[" "," "," "," "," "," "," "," "," "," "," "," "," "," /!#"," ,!&"," *!("]},"3036":{"keys":[202,196],"grid":[" (!*"," %!-"," #!/","!","!","!","!","!","!","!","!","!","!","!","!","!"]}},"6651":{"2944":{"keys":[202,196],"grid":[" "," "," "," "," "," "," "," "," "," "," "," ","!+ '","!","!","!"]}},"6583":{"3027":{"keys":[202,196],"grid":[" "," "," "," "," "," "," "," "," (!*"," !!0","!","!","!","!","!","!"]}},"6582":{"3027":{"keys":[202,196],"grid":[" "," "," "," "," "," "," "," "," "," ","!$ +!$","!* #!&","!","!","!","!"]}},"6581":{"3027":{"keys":[202,196],"grid":[" "," "," "," "," "," "," "," "," ","!! 0","!","!","!","!","!","!"]}},"6580":{"3027":{"keys":[202,196],"grid":[" "," "," "," "," "," "," ","!' +","!, &","!","!","!","!","!","!","!"]}},"6587":{"3027":{"keys":[202,196],"grid":[" #!/","!","!","!","!","!","!","!","!","!","!","!","!","!","!","!"]},"3026":{"keys":[202,196],"grid":[" "," "," "," "," "," "," "," "," "," "," "," *!("," (!*"," '!+"," &!,"," %!-"]}},"6586":{"3027":{"keys":[202,196],"grid":[" "," /!#"," %!-","!","!","!","!","!","!","!","!","!","!","!","!","!"]}},"6585":{"3027":{"keys":[202,196],"grid":[" "," "," "," .!$"," )!)"," %!-"," !!0","!","!","!","!","!","!","!","!","!"]}},"6584":{"3027":{"keys":[202,196],"grid":[" "," "," "," "," "," "," "," %!-","!","!","!","!","!","!","!","!"]}},"6589":{"3026":{"keys":[202,196],"grid":[" #!/"," !!0","!","!","!","!","!","!","!","!","!","!","!","!","!","!"]},"3025":{"keys":[202,196],"grid":[" "," "," "," "," "," 0!!"," /!#"," .!$"," -!%"," +!'"," *!("," )!)"," (!*"," '!+"," &!,"," %!-"]}},"6588":{"3026":{"keys":[202,196],"grid":[" "," "," "," 0!!"," /!#"," -!%"," ,!&"," +!'"," *!("," (!*"," &!,","!","!","!","!","!"]}},"6570":{"3028":{"keys":[202,196],"grid":[" "," "," "," "," "," (!*"," !!0","!","!","!","!","!","!","!","!","!"]}},"6521":{"3034":{"keys":[202,196],"grid":[" (!*"," %!-"," #!/","!","!","!","!","!","!","!","!","!","!","!","!","!"]},"3033":{"keys":[202,196],"grid":[" "," "," "," "," "," "," "," "," "," "," "," "," "," /!#"," ,!&"," *!("]}},"6571":{"3028":{"keys":[202,196],"grid":[" "," "," "," "," #!) '","!. $","!0 !","!","!","!","!","!","!","!","!","!"]}},"6467":{"3046":{"keys":[202,196],"grid":[" "," "," "," "," -!%"," (!*"," $!.","!","!","!","!","!","!","!","!","!"]}},"6648":{"2944":{"keys":[202,196],"grid":[" "," "," "," "," "," "," "," "," "," ","!","!","!","!","!","!"]}},"6642":{"2989":{"keys":[202,196],"grid":[" !!0","!","!","!","!","!","!","!","!","!","!","!","!","!","!","!"]},"2988":{"keys":[202,196],"grid":[" "," "," "," "," "," "," "," "," "," "," 0!!"," ,!&"," )!)"," '!+"," %!-"," $!."]},"2983":{"keys":[202,196],"grid":[" /!#"," 0!!","01"," "," "," "," "," "," "," "," "," "," "," "," "," "]},"2982":{"keys":[202,196],"grid":[" '!+","00","00"," (!*","03"," )!)","05"," *!("," +!'","08"," ,!&"," -!%","11"," .!$","13"," /!#"]},"2981":{"keys":[196,202],"grid":[" "," "," "," "," "," "," ","!! 0","07","!# /","09","!$ .","!% -","12","!& ,","14"]},"2945":{"keys":[202,196],"grid":[" .!$"," +!'"," )!)"," '!+"," %!-"," $!."," #!/","!","!","!","!","!","!","!","!","!"]},"2944":{"keys":[202,196],"grid":[" "," "," "," "," "," "," "," "," "," "," "," "," "," "," "," 0!!"]}},"6649":{"2944":{"keys":[202,196],"grid":[" "," "," "," "," "," "," "," "," "," ","!$ .","!0 !","!","!","!","!"]}},"6424":{"3035":{"keys":[202,196],"grid":[" "," "," "," "," "," "," "," "," "," "," ","!$ .","!( *","!+ '","!/ #","!"]}},"6425":{"3035":{"keys":[202,196],"grid":[" "," "," "," "," "," "," "," "," "," "," "," "," "," "," ","!! 0"]},"3036":{"keys":[196,202],"grid":[" %!-"," )!)"," ,!&"," 0!!"," "," "," "," "," "," "," "," "," "," "," "," "]}},"6426":{"3036":{"keys":[202,196],"grid":[" "," "," "," ","!# /","!& ,","!* (","!- %","!0 !","!","!","!","!","!","!","!"]}},"6427":{"3036":{"keys":[202,196],"grid":[" "," "," "," "," "," "," 0!!"," ,!&"," (!*","!","!","!","!","!","!","!"]}},"6420":{"3034":{"keys":[202,196],"grid":[" "," "," "," "," "," "," "," ","!$ .","!( *","!+ '","!. $","!","!","!","!"]}},"6421":{"3034":{"keys":[202,196],"grid":[" "," "," "," "," "," "," "," "," "," "," "," ","!! 0","!% -","!) )","!, &"]},"3035":{"keys":[196,202],"grid":[" /!#"," "," "," "," "," "," "," "," "," "," "," "," "," "," "," "]}},"6422":{"3035":{"keys":[202,196],"grid":[" ","!# /","!& ,","!) )","!- %","!0 !","!","!","!","!","!","!","!","!","!","!"]}},"6423":{"3035":{"keys":[202,196],"grid":[" "," "," "," "," "," ","!$ .","!' +","!* (","!. $","!","!","!","!","!","!"]}},"6503":{"3041":{"keys":[202,196],"grid":[" "," "," "," "," "," "," "," "," "," "," "," "," "," "," "," /!#"]},"3042":{"keys":[202,196],"grid":[" ,!&"," *!("," (!*"," %!-"," #!/","!","!","!","!","!","!","!","!","!","!","!"]}},"6502":{"3042":{"keys":[202,196],"grid":[" "," "," "," "," "," "," /!#"," ,!&"," *!("," (!*"," %!-"," #!/","!","!","!","!"]}},"6501":{"3043":{"keys":[202,196],"grid":[" (!*"," %!-"," #!/","!","!","!","!","!","!","!","!","!","!","!","!","!"]},"3042":{"keys":[202,196],"grid":[" "," "," "," "," "," "," "," "," "," "," "," "," "," .!$"," ,!&"," *!("]}},"6500":{"3043":{"keys":[202,196],"grid":[" "," "," "," "," 0!!"," .!$"," ,!&"," *!("," (!*"," &!,"," $!."," !!0","!","!","!","!"]}},"6428":{"3036":{"keys":[202,196],"grid":[" "," "," "," -!%"," )!)"," $!.","!","!","!","!","!","!","!","!","!","!"]}},"6429":{"3036":{"keys":[202,196],"grid":[" "," &!! +","!. $","!","!","!","!","!","!","!","!","!","!","!","!","!"]}},"6505":{"3041":{"keys":[202,196],"grid":[" "," /!#"," ,!&"," *!("," (!*"," %!-"," #!/","!","!","!","!","!","!","!","!","!"]}},"6504":{"3041":{"keys":[202,196],"grid":[" "," "," "," "," "," "," "," "," /!#"," ,!&"," *!("," (!*"," %!-"," #!/","!","!"]}},"6644":{"2944":{"keys":[202,196],"grid":[" (!*"," #!/","!","!","!","!","!","!","!","!","!","!","!","!","!","!"]},"2943":{"keys":[202,196],"grid":[" "," "," "," "," "," "," "," "," "," "," "," "," "," "," /!#"," *!("]}},"6645":{"2943":{"keys":[202,196],"grid":[" "," "," "," "," "," "," "," "," "," "," "," "," "," /!#","!","!"]}},"6646":{"2944":{"keys":[196,202],"grid":[" &!,"," '!+"," (!*"," *!("," ,!&"," -!%"," /!#"," 0!!"," "," "," "," "," "," "," "," "]},"2943":{"keys":[202,196],"grid":[" "," "," "," "," "," "," "," "," "," "," "," "," ","!! 0","!# /","!% -"]}},"6470":{"3045":{"keys":[202,196],"grid":[" "," "," "," "," "," "," "," "," "," "," .!$"," )!)"," $!.","!","!","!"]}},"6640":{"2946":{"keys":[202,196],"grid":[" "," "," "," "," "," 0!!"," /!#"," .!$"," ,!&"," *!("," (!*"," '!+"," %!-"," #!/"," !!0","!"]},"2989":{"keys":[202,196],"grid":[" "," "," ","!","!","!","!","!","!","!","!","!","!","!","!","!"]},"2979":{"keys":[196,202],"grid":[" "," ","!! 0","02","!# /","!$ .","!% -","!& ,","!' +","!( *","!) )","!* (","!+ '","!- %","!. $","!/ #"]},"2980":{"keys":[202,196],"grid":[" 0!!"," "," "," "," "," "," "," "," "," "," "," "," "," "," "," "]}},"6641":{"2946":{"keys":[202,196],"grid":[" &!,"," %!-"," $!."," #!/","!","!","!","!","!","!","!","!","!","!","!","!"]},"2945":{"keys":[202,196],"grid":[" "," "," "," "," "," "," "," "," /!#"," .!$"," -!%"," ,!&"," +!'"," *!("," )!)"," '!+"]},"2980":{"keys":[196,202],"grid":[" ","!! 0","!# /","!$ .","!% -","!& ,","!' +","!( *","!) )","08","!* (","!+ '","!, &","12","!- %","!. $"]},"2981":{"keys":[202,196],"grid":[" .!$"," /!#","01"," 0!!","03"," "," "," "," "," "," "," "," "," "," "," "]},"2989":{"keys":[202,196],"grid":[" "," 0!!"," .!$","!","!","!","!","!","!","!","!","!","!","!","!","!"]}},"6600":{"3021":{"keys":[202,196],"grid":[" "," "," "," "," "," "," '!+","!","!","!","!","!","!","!","!","!"]}},"6601":{"3021":{"keys":[202,196],"grid":[" +!'","00"," *!("," )!)"," (!*"," '!+","!","!","!","!","!","!","!","!","!","!"]},"3020":{"keys":[202,196],"grid":[" "," "," "," "," "," "," "," "," "," 0!!","09"," /!#"," .!$"," -!%","13"," ,!&"]}},"6534":{"3030":{"keys":[202,196],"grid":[" "," "," "," "," "," "," 0!!"," -!%"," )!)"," &!,"," #!/","!","!","!","!","!"]}},"6603":{"3019":{"keys":[202,196],"grid":[" "," "," "," "," "," "," "," "," "," 0!!"," .!$"," ,!&"," *!("," '!+"," %!-"," !!0"]}},"6604":{"3019":{"keys":[202,196],"grid":[" "," "," "," /!#"," -!%"," *!("," (!*"," %!-"," #!/","!","!","!","!","!","!","!"]}},"6605":{"3018":{"keys":[202,196],"grid":[" "," "," "," "," "," "," "," "," "," "," "," 0!!"," /!#"," -!%"," *!("," (!*"]},"3019":{"keys":[202,196],"grid":[" &!,"," $!.","!","!","!","!","!","!","!","!","!","!","!","!","!","!"]}},"6606":{"3018":{"keys":[202,196],"grid":[" "," "," "," 0!!"," .!$"," +!'"," )!)"," '!+"," %!-"," $!."," !!0","!","!","!","!","!"]}},"6607":{"3018":{"keys":[202,196],"grid":[" %!-"," #!/","!","!","!","!","!","!","!","!","!","!","!","!","!","!"]},"3017":{"keys":[202,196],"grid":[" "," "," "," "," "," "," "," "," "," "," "," /!#"," -!%"," *!("," )!)"," '!+"]}},"6608":{"3017":{"keys":[202,196],"grid":[" "," 0!!"," .!$"," -!%"," +!'"," )!)"," (!*"," &!,"," $!."," !!0","!","!","!","!","!","!"]}},"6609":{"3016":{"keys":[202,196],"grid":[" (!*","00"," '!+","02","02"," &!,","05"," %!-","07"," $!.","09"," #!/","11"," !!0","13","!"]},"3017":{"keys":[196],"grid":[" "," "," "," "," "," "," "," "," "," "," "," "," "," "," "," "]},"3015":{"keys":[202,196],"grid":[" "," "," 0!!"," /!#"," .!$"," -!%"," ,!&","06"," +!'"," *!(","09"," )!)","11","11"," (!*","14"]}},"6643":{"2988":{"keys":[202,196],"grid":[" +!'","00"," *!(","02"," )!)","04"," (!*","06","06"," %!-","!","!","!","!","!","!"]},"2983":{"keys":[196,202],"grid":[" "," "," "," "," ","!! 0","05","!# /","!$ .","08","!% -","!& ,","11","!' +","13","!( *"]},"2987":{"keys":[202,196],"grid":[" .!$","00","00","00"," -!%","04","04","04","04"," ,!&","09","09","09","09"," +!'","14"]},"2986":{"keys":[202,196],"grid":[" .!$","00","00","00","00","00","00","00","00","00","00"," /!#","11","11","11","11"]},"2985":{"keys":[202,196],"grid":[" ,!&","00","00"," -!%","03","03","03","03","03","03","03","03"," .!$","12","12","12"]},"2984":{"keys":[202,196],"grid":[" )!)","00"," *!(","02"," +!'","04"," ,!&","06","06","06","06","06","06","06","06","06"]},"2944":{"keys":[202,196],"grid":[" "," "," "," 0!!"," /!#"," .!$"," -!%"," ,!&"," +!'"," )!)"," '!+"," &!,"," $!."," !!0","!","!"]}},"6538":{"3027":{"keys":[202,196],"grid":[" "," "," "," "," "," "," "," "," "," "," "," "," "," "," /!#"," -!%"]},"3028":{"keys":[202,196],"grid":[" *!("," (!*"," %!-"," #!/","!","!","!","!","!","!","!","!","!","!","!","!"]}},"6539":{"3027":{"keys":[202,196],"grid":[" "," "," "," "," "," "," "," 0!!"," .!$"," +!'"," )!)"," '!+"," $!."," !!0","!","!"]}},"6437":{"3038":{"keys":[202,196],"grid":[" "," "," "," "," "," "," "," "," ","!# /","!% -","!& ,","!( *","!* (","!, &","!. $"]},"3039":{"keys":[196,202],"grid":[" /!#"," "," "," "," "," "," "," "," "," "," "," "," "," "," "," "]}},"6436":{"3037":{"keys":[202],"grid":[" "," "," "," "," "," "," "," "," "," "," "," "," "," "," "," "]},"3038":{"keys":[196,202],"grid":[" #!/"," %!-"," &!,"," (!*"," *!("," ,!&"," .!$"," /!#"," "," "," "," "," "," "," "," "]}},"6435":{"3037":{"keys":[202,196],"grid":[" "," "," "," "," "," "," ","!# /","!% -","!& ,","!( *","!* (","!, &","!- %","!/ #","!"]}},"6434":{"3036":{"keys":[202,196],"grid":[" "," "," "," "," "," "," "," "," "," "," "," "," "," ","!# /","!% -"]},"3037":{"keys":[196,202],"grid":[" &!,"," (!*"," *!("," ,!&"," -!%"," /!#"," "," "," "," "," "," "," "," "," "," "]}},"6593":{"3023":{"keys":[202,196],"grid":[" -!%"," *!("," (!*"," %!-"," #!/","!","!","!","!","!","!","!","!","!","!","!"]},"3022":{"keys":[202,196],"grid":[" "," "," "," "," "," "," "," "," "," "," "," "," "," "," "," 0!!"]}},"6432":{"3036":{"keys":[202,196],"grid":[" "," "," "," "," "," ","!","!","!","!","!","!","!","!","!","!"]}},"6431":{"3036":{"keys":[202,196],"grid":[" "," "," "," "," "," ","!","!","!","!","!","!","!","!","!","!"]}},"6430":{"3036":{"keys":[202,196],"grid":[" "," "," ","!$ .","!+ '","!","!","!","!","!","!","!","!","!","!","!"]}},"6522":{"3033":{"keys":[202,196],"grid":[" "," "," "," "," "," "," /!#"," -!%"," *!("," (!*"," &!,"," #!/","!","!","!","!"]}},"6439":{"3040":{"keys":[196,202],"grid":[" ,!&"," .!$"," 0!!"," "," "," "," "," "," "," "," "," "," "," "," "," "]},"3039":{"keys":[202,196],"grid":[" "," "," "," "," "," "," "," "," "," "," ","!# /","!% -","!& ,","!( *","!* ("]}},"6438":{"3039":{"keys":[202,196],"grid":[" "," ","!# /","!% -","!& ,","!( *","!* (","!, &","!. $","!/ #","!","!","!","!","!","!"]}},"6468":{"3046":{"keys":[202,196],"grid":[" "," ,!&"," '!+"," !!0","!","!","!","!","!","!","!","!","!","!","!","!"]}},"6469":{"3045":{"keys":[202,196],"grid":[" "," "," "," "," "," "," "," "," "," "," "," "," "," /!#"," *!("," %!-"]},"3046":{"keys":[196],"grid":[" "," "," "," "," "," "," "," "," "," "," "," "," "," "," "," "]}},"6509":{"3039":{"keys":[202,196],"grid":[" "," "," "," "," "," /!#"," ,!&"," *!("," (!*"," %!-"," #!/","!","!","!","!","!"]}},"6613":{"3012":{"keys":[202,196],"grid":[" *!("," )!)"," (!*","02"," '!+"," %!-"," $!."," #!/"," !!0","!","!","!","!","!","!","!"]},"3010":{"keys":[202,196],"grid":[" "," "," "," "," "," "," "," "," "," "," "," "," "," "," "," 0!!"]},"3011":{"keys":[202,196],"grid":[" 0!!","00"," /!#","02"," .!$","04","04"," -!%","07"," ,!&","09"," +!'","11","11"," *!(","14"]}},"6612":{"3012":{"keys":[202,196],"grid":[" "," "," "," "," "," "," "," "," "," 0!!"," /!#"," .!$"," -!%"," ,!&"," *!("," )!)"]},"3013":{"keys":[202,196],"grid":[" (!*"," '!+"," %!-"," $!."," #!/"," !!0","!","!","!","!","!","!","!","!","!","!"]}},"6523":{"3032":{"keys":[202,196],"grid":[" "," "," "," "," "," "," "," "," "," "," "," "," "," "," "," /!#"]},"3033":{"keys":[202,196],"grid":[" -!%"," +!'"," (!*"," &!,"," $!.","!","!","!","!","!","!","!","!","!","!","!"]}},"6489":{"3049":{"keys":[202,196],"grid":[" "," "," "," "," "," 0!!"," /!#"," .!$"," -!%"," ,!&"," +!'"," *!("," )!)"," (!*"," '!+"," &!,"]},"3050":{"keys":[202,196],"grid":[" %!-"," $!."," #!/"," !!0","!","!","!","!","!","!","!","!","!","!","!","!"]}},"6525":{"3032":{"keys":[202,196],"grid":[" "," 0!!"," -!%"," +!'"," )!)"," &!,"," $!."," !!0","!","!","!","!","!","!","!","!"]}},"6524":{"3032":{"keys":[202,196],"grid":[" "," "," "," "," "," "," "," "," /!#"," -!%"," +!'"," (!*"," &!,"," $!.","!","!"]}},"6615":{"3007":{"keys":[202,196],"grid":[" "," "," "," "," "," "," 0!!"," /!#"," .!$"," -!%"," ,!&"," +!'"," *!("," )!)","13"," (!*"]},"3008":{"keys":[202,196],"grid":[" '!+"," &!,"," %!-"," $!.","03"," #!/","05"," !!0","!","!","!","!","!","!","!","!"]}},"6614":{"3010":{"keys":[202,196],"grid":[" )!)"," (!*"," '!+","02"," &!,","04"," %!-","06"," $!.","08"," #!/"," !!0","11","!","!","!"]},"3009":{"keys":[202,196],"grid":[" +!'","00","00"," ,!&","03","03","03","03","03","03","03","03","00","00"," *!("," )!)"]},"3008":{"keys":[202,196],"grid":[" "," "," "," "," "," "," "," "," "," "," 0!!","10"," /!#"," .!$"," -!%"," ,!&"]}},"6529":{"3031":{"keys":[202,196],"grid":[" "," "," "," "," "," "," "," "," "," /!#"," '!+","!","!","!","!","!"]}},"6528":{"3031":{"keys":[202,196],"grid":[" "," "," "," "," "," "," "," "," "," "," "," .!$"," &!,","!","!","!"]}},"6619":{"3003":{"keys":[202,196],"grid":[" +!'"," *!("," )!)","02"," (!*"," '!+"," &!,"," %!-"," $!.","08"," #!/"," !!0","!","!","!","!"]},"3002":{"keys":[202,196],"grid":[" "," "," "," "," "," "," "," "," "," "," 0!!"," /!#","11"," .!$"," -!%"," ,!&"]}},"6618":{"3005":{"keys":[196],"grid":[" "," "," "," "," "," "," "," "," "," "," "," "," "," "," "," "]},"3004":{"keys":[202,196],"grid":[" .!$","00"," -!%"," ,!&","03"," +!'"," *!(","06"," )!)"," (!*"," '!+"," &!,"," %!-"," $!."," #!/"," !!0"]},"3003":{"keys":[202,196],"grid":[" "," "," "," "," "," "," "," "," "," "," "," "," "," 0!!","13"," /!#"]}},"6486":{"3052":{"keys":[202,196],"grid":[" "," "," "," "," "," "," 0!!"," /!#"," .!$"," -!%"," ,!&"," +!'"," *!("," )!)","13"," (!*"]},"3053":{"keys":[202,196],"grid":[" '!+"," &!,"," %!-"," $!."," #!/"," !!0","!","!","!","!","!","!","!","!","!","!"]}},"6487":{"3052":{"keys":[202,196],"grid":[" &!,"," %!-"," $!."," #!/"," !!0","!","!","!","!","!","!","!","!","!","!","!"]},"3051":{"keys":[202,196],"grid":[" "," "," "," "," "," "," 0!!"," /!#"," .!$"," -!%"," ,!&"," +!'"," *!("," )!)"," (!*"," '!+"]}},"6484":{"3052":{"keys":[202,196],"grid":[" "," "," "," ","!! 0","!# /","!$ .","!% -","!& ,","!' +","!( *","!) )","!* (","!+ '","!, &","!- %"]},"3053":{"keys":[196,202],"grid":[" .!$"," /!#"," 0!!"," "," "," "," "," "," "," "," "," "," "," "," "," "]}},"6485":{"3053":{"keys":[202,196],"grid":[" "," "," "," ","!! 0","!# /","!$ .","!% ,!!","!& *!#","!' (!$","!( &!%","!) $!&","!* !!'","!","!","!"]}},"6402":{"3023":{"keys":[202,196],"grid":[" "," "," "," "," ","!! 0","!& ,","!* (","!- %","!/ #","!","!","!","!","!","!"]}},"6403":{"3023":{"keys":[202,196],"grid":[" "," "," "," "," "," "," "," "," "," ","!# /","!( *","!- %","!0 !","!","!"]}},"6400":{"3023":{"keys":[196,202],"grid":[" /!#"," "," "," "," "," "," "," "," "," "," "," "," "," "," "," "]},"3022":{"keys":[202,196],"grid":[" "," "," "," "," "," "," "," "," "," "," "," "," ","!% -","!( *","!, &"]}},"6401":{"3023":{"keys":[202,196],"grid":[" ","!$ .","!( *","!+ '","!- %","!","!","!","!","!","!","!","!","!","!","!"]}},"6406":{"3024":{"keys":[202,196],"grid":[" "," "," "," "," "," "," ","!! 0","!% -","!) )","!- %","!","!","!","!","!"]}},"6407":{"3024":{"keys":[202,196],"grid":[" "," "," "," "," "," "," "," "," "," "," "," ","!& ,","!( *","!, &","!"]}},"6433":{"3036":{"keys":[202,196],"grid":[" "," "," "," "," "," ","!% -","!& ,","!( *","!* (","!, &","!- %","!/ #","!","!","!"]}},"6405":{"3024":{"keys":[202,196],"grid":[" "," "," ","!! 0","!% -","!) )","!/ #","!","!","!","!","!","!","!","!","!"]}},"6408":{"3025":{"keys":[196,202],"grid":[" +!'"," "," "," "," "," "," "," "," "," "," "," "," "," "," "," "]},"3024":{"keys":[202,196],"grid":[" "," "," "," "," "," "," "," "," "," "," "," "," "," "," ","!# /"]}},"6409":{"3025":{"keys":[202,196],"grid":[" "," ","!( *","!0 !","!","!","!","!","!","!","!","!","!","!","!","!"]}},"6611":{"3013":{"keys":[202,196],"grid":[" "," "," "," "," "," "," 0!!"," /!#"," .!$"," -!%"," +!'"," *!("," )!)"," (!*"," &!,"," %!-"]},"3014":{"keys":[202,196],"grid":[" $!."," !!0","!","!","!","!","!","!","!","!","!","!","!","!","!","!"]}},"6602":{"3019":{"keys":[202],"grid":[" "," "," "," "," "," "," "," "," "," "," "," "," "," "," "," "]},"3020":{"keys":[202,196],"grid":[" /!#"," -!%"," +!'"," (!*"," &!,"," $!."," #!/"," !!0","!","!","!","!","!","!","!","!"]}},"6495":{"3046":{"keys":[202,196],"grid":[" "," "," "," 0!!"," .!$"," -!%"," +!'"," )!)"," (!*"," &!,"," $!."," #!/","!","!","!","!"]}},"6494":{"3047":{"keys":[202,196],"grid":[" +!'"," )!)"," (!*"," &!,"," $!."," #!/","!","!","!","!","!","!","!","!","!","!"]},"3046":{"keys":[202,196],"grid":[" "," "," "," "," "," "," "," "," "," "," "," "," "," 0!!"," .!$"," ,!&"]}},"6497":{"3045":{"keys":[202,196],"grid":[" .!$"," -!%"," +!'"," *!("," (!*"," &!,"," %!-"," #!/","!","!","!","!","!","!","!","!"]},"3044":{"keys":[202,196],"grid":[" "," "," "," "," "," "," "," "," "," "," "," "," "," "," "," 0!!"]}},"6496":{"3045":{"keys":[202,196],"grid":[" "," "," "," "," "," "," "," "," "," 0!!"," .!$"," -!%"," +!'"," )!)"," (!*"," &!,"]},"3046":{"keys":[202,196],"grid":[" %!-"," #!/","!","!","!","!","!","!","!","!","!","!","!","!","!","!"]}},"6491":{"3048":{"keys":[202,196],"grid":[" "," "," "," "," "," "," "," "," "," "," "," 0!!","!& )!$","!","!","!"]}},"6490":{"3049":{"keys":[202,196],"grid":[" %!-"," $!."," #!/"," !!0","!","!","!","!","!","!","!","!","!","!","!","!"]},"3048":{"keys":[202,196],"grid":[" "," "," "," "," "," "," "," "," "," "," "," "," )!)"," (!*"," '!+"," &!,"]}},"6493":{"3048":{"keys":[196],"grid":[" "," "," "," "," "," "," "," "," "," "," "," "," "," "," "," "]},"3047":{"keys":[202,196],"grid":[" "," "," "," "," "," "," "," /!#"," .!$"," ,!&"," +!'"," )!)"," '!+"," &!,"," $!."," #!/"]}},"6492":{"3048":{"keys":[202,196],"grid":[" "," /!#"," .!$"," ,!&"," +!'"," )!)"," '!+"," &!,"," $!."," #!/","!","!","!","!","!","!"]}},"6507":{"3040":{"keys":[202,196],"grid":[" "," "," "," /!#"," ,!&"," *!("," (!*"," %!-"," #!/","!","!","!","!","!","!","!"]}},"6499":{"3043":{"keys":[202,196],"grid":[" "," "," "," "," "," "," "," "," "," "," "," "," 0!!"," .!$"," ,!&"," *!("]},"3044":{"keys":[202,196],"grid":[" (!*"," '!+"," %!-"," #!/"," !!0","!","!","!","!","!","!","!","!","!","!","!"]}},"6498":{"3044":{"keys":[202,196],"grid":[" "," "," "," "," "," 0!!"," .!$"," -!%"," +!'"," *!("," (!*"," &!,"," %!-"," #!/"," !!0","!"]}},"6506":{"3041":{"keys":[196],"grid":[" "," "," "," "," "," "," "," "," "," "," "," "," "," "," "," "]},"3040":{"keys":[202,196],"grid":[" "," "," "," "," "," "," "," "," "," "," /!#"," ,!&"," *!("," (!*"," %!-"," #!/"]}},"6549":{"3028":{"keys":[202,196],"grid":[" "," "," "," "," "," "," ","!","!","!","!","!","!","!","!","!"]}},"6628":{"2996":{"keys":[202,196],"grid":[" "," "," "," "," "," "," "," "," "," "," "," "," "," "," "," /!#"]},"2997":{"keys":[202,196],"grid":[" *!("," %!-"," !!0","!","!","!","!","!","!","!","!","!","!","!","!","!"]}},"6629":{"2996":{"keys":[202,196],"grid":[" "," "," "," "," "," "," "," "," /!#"," .!$"," -!%"," ,!&"," )!)"," '!+"," #!/","!"]}},"6626":{"2998":{"keys":[196],"grid":[" "," "," "," "," "," "," "," "," "," "," "," "," "," "," "," "]},"2997":{"keys":[202,196],"grid":[" "," "," "," "," "," "," "," "," "," 0!!"," -!%"," +!'"," )!)"," '!+"," %!-"," #!/"]}},"6627":{"2997":{"keys":[202,196],"grid":[" "," "," "," .!$"," ,!&"," *!("," '!+"," %!-"," #!/","!","!","!","!","!","!","!"]}},"6481":{"3051":{"keys":[202,196],"grid":[" "," "," "," "," "," "," "," "," "," "," "," -!%","!","!","!","!"]}},"6625":{"2998":{"keys":[202,196],"grid":[" "," .!$"," ,!&"," *!("," '!+"," %!-"," $!."," !!0","!","!","!","!","!","!","!","!"]}},"6622":{"2999":{"keys":[202,196],"grid":[" "," "," "," "," "," "," "," "," /!#"," .!$"," -!%"," +!'"," )!)"," '!+"," %!-"," $!."]},"3000":{"keys":[202,196],"grid":[" !!0","!","!","!","!","!","!","!","!","!","!","!","!","!","!","!"]}},"6624":{"2998":{"keys":[202,196],"grid":[" "," "," "," "," "," "," "," "," /!#"," -!%"," +!'"," )!)"," '!+"," $!."," !!0","!"]}},"6620":{"3001":{"keys":[202,196],"grid":[" "," "," "," "," "," 0!!","05"," /!#"," .!$"," -!%","09"," ,!&"," +!'"," *!("," )!)","14"]},"3002":{"keys":[202,196],"grid":[" (!*"," '!+"," &!,","02"," %!-"," $!."," #!/","06"," !!0","!","!","!","!","!","!","!"]}},"6621":{"3001":{"keys":[202,196],"grid":[" $!.","00"," #!/"," !!0","!","!","!","!","!","!","!","!","!","!","!","!"]},"3000":{"keys":[202,196],"grid":[" "," "," 0!!"," /!#"," .!$"," -!%","05"," ,!&"," +!'"," *!("," )!)"," (!*"," '!+","12"," &!,"," %!-"]}},"6554":{"3027":{"keys":[202,196],"grid":[" "," "," "," "," "," "," "," "," "," "," "," *!(","!","!","!","!"]}},"6555":{"3027":{"keys":[202,196],"grid":[" "," "," "," "," "," "," "," "," /!#"," '!+"," !!0","!","!","!","!","!"]}},"6556":{"3027":{"keys":[202,196],"grid":[" "," "," "," "," "," "," /!#"," (!*","!","!","!","!","!","!","!","!"]}},"6557":{"3027":{"keys":[202,196],"grid":[" "," "," 0!!"," ,!&"," )!)"," $!.","!","!","!","!","!","!","!","!","!","!"]}},"6419":{"3034":{"keys":[202,196],"grid":[" "," "," ","!# /","!' +","!* (","!. $","!","!","!","!","!","!","!","!","!"]}},"6418":{"3034":{"keys":[196,202],"grid":[" -!%","00"," 0!!"," "," "," "," "," "," "," "," "," "," "," "," "," "]},"3033":{"keys":[202,196],"grid":[" "," "," ","!! 0","!# /","!$ .","!% -","06","!& ,","!' +","!( *","!) )","11","!* (","!+ '","!, &"]}},"6552":{"3028":{"keys":[202,196],"grid":[" "," "," "," "," "," "," '!+"," %!-"," !!0","!","!","!","!","!","!","!"]}},"6553":{"3027":{"keys":[202,196],"grid":[" "," "," "," "," "," "," "," "," "," "," "," "," 0!!"," .!$"," ,!&"," *!("]},"3028":{"keys":[202,196],"grid":[" )!)"," (!*"," '!+"," &!,"," $!."," #!/","!","!","!","!","!","!","!","!","!","!"]}},"6415":{"3030":{"keys":[196,202],"grid":[" /!#"," 0!!","01"," "," "," "," "," "," "," "," "," "," "," "," "," "]},"3029":{"keys":[196,202],"grid":[" !!0"," #!/"," $!.","02"," %!-"," &!,"," '!+"," (!*"," )!)","08"," *!("," +!'"," ,!&"," -!%","13"," .!$"]},"3028":{"keys":[202],"grid":[" "," "," "," "," "," "," "," "," "," "," "," "," "," "," "," "]}},"6414":{"3027":{"keys":[202,196],"grid":[" "," "," "," "," "," "," "," ","!! 0","!# /","09","!$ .","!% -","12","!& ,","!' +"]},"3028":{"keys":[196,202],"grid":[" (!*","00"," )!)"," *!(","03"," +!'"," ,!&","06"," -!%"," .!$","09"," /!#"," 0!!","12"," "," "]}},"6417":{"3031":{"keys":[202,196],"grid":[" "," "," "," "," "," "," "," "," "," "," "," "," "," ","!! 0","14"]},"3032":{"keys":[196,202],"grid":[" #!/"," $!."," %!-","02"," &!,"," '!+"," (!*"," )!)","07"," *!("," +!'"," ,!&"," -!%","12"," .!$"," /!#"]},"3033":{"keys":[196,202],"grid":[" 0!!"," "," "," "," "," "," "," "," "," "," "," "," "," "," "," "]}},"6416":{"3030":{"keys":[202,196],"grid":[" "," "," "," ","!! 0","!# /","!$ .","06","!% -","!& ,","!' +","!( *","!) )","12","!* (","!+ '"]},"3031":{"keys":[196,202],"grid":[" ,!&","00"," -!%","02"," .!$","04"," /!#","06","06"," 0!!","09"," "," "," "," "," "]}},"6558":{"3027":{"keys":[202,196],"grid":[" (!*"," $!.","!","!","!","!","!","!","!","!","!","!","!","!","!","!"]},"3026":{"keys":[202,196],"grid":[" "," "," "," "," "," "," "," "," "," "," "," "," "," "," /!#"," +!'"]}},"6559":{"3027":{"keys":[196,202],"grid":[" )!)"," *!("," ,!&"," -!%"," .!$"," /!#"," 0!!"," "," "," "," "," "," "," "," "," "]},"3026":{"keys":[202,196],"grid":[" "," "," "," "," "," "," "," "," "," "," "," "," "," ","!% -","!' +"]}},"6413":{"3027":{"keys":[196,202],"grid":[" ,!&"," -!%","01"," .!$"," /!#"," 0!!","05"," "," "," "," "," "," "," "," "," "]},"3026":{"keys":[202,196],"grid":[" "," "," ","!! 0","03","!# /","!$ .","!% -","07","!& ,","!' +","!( *","!) )","12","!* (","!+ '"]}},"6623":{"2998":{"keys":[202,196],"grid":[" "," "," "," "," "," "," "," "," "," "," "," "," "," "," "," 0!!"]},"2999":{"keys":[202,196],"grid":[" .!$"," ,!&"," *!("," (!*"," &!,"," $!."," !!0","!","!","!","!","!","!","!","!","!"]}},"6639":{"2989":{"keys":[202,196],"grid":[" "," "," "," "," .!$"," -!%"," ,!&"," +!'"," )!)","08"," (!*"," '!+"," &!,"," %!-"," $!.","14"]},"2990":{"keys":[202,196],"grid":[" #!/"," !!0","!","!","!","!","!","!","!","!","!","!","!","!","!","!"]},"2978":{"keys":[196,202],"grid":[" "," "," "," "," "," "," "," ","!# /","!& ,","!' +","!) )","!* (","!, &","!. $","!/ #"]},"2979":{"keys":[202,196],"grid":[" 0!!"," "," "," "," "," "," "," "," "," "," "," "," "," "," "," "]},"2948":{"keys":[202,196],"grid":[" !!0","!","!","!","!","!","!","!","!","!","!","!","!","!","!","!"]},"2947":{"keys":[202,196],"grid":[" /!#"," .!$"," -!%"," ,!&"," +!'"," *!("," (!*"," '!+","07"," &!,"," %!-","10"," $!.","12"," #!/","14"]},"2946":{"keys":[202,196],"grid":[" "," "," "," "," "," "," "," "," "," "," "," "," "," "," "," 0!!"]}},"6561":{"3027":{"keys":[202,196],"grid":[" "," "," "," "," "," "," "," "," "," #!/","!","!","!","!","!","!"]}},"6631":{"2965":{"keys":[202,196],"grid":[" "," 0!!","01","01"," /!#","04"," .!$","06"," -!%","08"," ,!&","10","10"," +!'","13"," *!("]},"2964":{"keys":[202],"grid":[" "," "," "," "," "," "," "," "," "," "," "," "," "," "," "," "]},"2967":{"keys":[202,196],"grid":[" &!,","00"," %!-","02","02","02"," $!.","06","06","06","06","06","06","06","06","02"]},"2966":{"keys":[202,196],"grid":[" *!("," )!)","01","01","01"," (!*","05","05"," '!+","08","08","08"," &!,","12","12","12"]},"2994":{"keys":[202,196],"grid":[" "," "," "," "," "," "," "," "," "," "," "," "," "," "," "," .!$"]},"2995":{"keys":[202,196],"grid":[" +!'"," (!*"," %!-"," #!/","!","!","!","!","!","!","!","!","!","!","!","!"]},"2968":{"keys":[202,196],"grid":[" %!-","00"," &!,","02"," '!+","04","04","04"," (!*","08"," )!)"," *!("," ,!&"," /!#"," "," "]}},"6550":{"3028":{"keys":[202,196],"grid":[" "," "," "," "," "," "," "," ","!* (","!","!","!","!","!","!","!"]}},"6633":{"2961":{"keys":[202,196],"grid":[" "," "," "," 0!!"," /!#"," .!$","05"," -!%","07","07"," ,!&","10","10","10","10"," +!'"]},"2963":{"keys":[202,196],"grid":[" !!0","!","!","!","!","!","!","!","!","!","!","!","!","!","!","!"]},"2962":{"keys":[202,196],"grid":[" +!'","00","00"," *!(","03","03"," )!)","06","06"," (!*"," '!+"," &!,","11"," %!-"," $!."," #!/"]},"2994":{"keys":[202,196],"grid":[" "," "," "," "," "," "," "," "," "," "," "," "," "," "," ","!"]},"2969":{"keys":[196,202],"grid":[" "," "," "," "," ","!# /","!$ .","!% -","!& ,","08","!' +","!( *","11","11","!) )","14"]},"2972":{"keys":[202,196],"grid":[" 0!!","00"," "," "," "," "," "," "," "," "," "," "," "," "," "," "]},"2970":{"keys":[202,196],"grid":[" *!("," +!'"," ,!&","02"," -!%","04","04","04","04","04","02","02","02","02","02","02"]},"2971":{"keys":[202,196],"grid":[" ,!&"," -!%","01","01"," .!$","04","04","04","04","04","04"," /!#","11","11","11","11"]}},"6632":{"2969":{"keys":[202,196],"grid":[" %!-"," (!*"," +!'"," /!#"," "," "," "," "," "," "," "," "," "," "," "," "]},"2994":{"keys":[202,196],"grid":[" "," "," "," "," "," "," "," "," "," "," "," "," "," '!# )","!0 !","!"]},"2968":{"keys":[196,202],"grid":[" "," "," "," "," "," "," "," "," "," "," "," "," "," "," ","!# /"]},"2963":{"keys":[202,196],"grid":[" "," "," 0!!"," /!#"," .!$"," -!%"," ,!&"," +!'"," *!("," )!)","09"," (!*","11"," '!+","13","13"]},"2964":{"keys":[202,196],"grid":[" '!+"," &!,","01","01"," %!-","04","04"," $!.","07"," #!/","09"," !!0","11","11","!","!"]}},"6635":{"2993":{"keys":[202,196],"grid":[" "," "," "," "," "," "," "," "," "," "," "," 0!!","11"," /!#"," .!$"," -!%"]},"2994":{"keys":[202,196],"grid":[" ,!&"," +!'"," *!("," )!)"," (!*"," '!+"," &!,"," %!-"," $!."," #!/"," !!0","!","!","!","!","!"]},"2954":{"keys":[202,196],"grid":[" "," 0!!","01"," /!#","03","03"," .!$","06"," -!%"," ,!&","09"," +!'","11","11"," *!(","14"]},"2955":{"keys":[202,196],"grid":[" *!(","00"," )!)","02","02"," (!*"," '!+","06"," &!,","08","08"," %!-","11","11"," $!.","14"]},"2956":{"keys":[202,196],"grid":[" #!/","00","00"," !!0","03","03","!","!","!","!","!","!","!","!","!","!"]},"2974":{"keys":[196,202],"grid":[" "," "," ","!! 0","!# /","!$ .","!% -","06","!& ,","!' +","!( *","10","!) )","12","12","!* ("]},"2975":{"keys":[202,196],"grid":[" *!(","00"," +!'","02","02"," ,!&"," -!%"," .!$"," /!#"," 0!!","09"," "," "," "," "," "]}},"6634":{"2961":{"keys":[202,196],"grid":[" &!,"," $!."," !!0","!","!","!","!","!","!","!","!","!","!","!","!","!"]},"2960":{"keys":[202,196],"grid":[" ,!&","00","00","00","00","00","00","00"," +!'","08","08"," *!(","11"," )!)"," (!*"," '!+"]},"2994":{"keys":[202,196],"grid":[" "," "," "," "," "," "," "," "," "," "," "," "," 0!!"," .!$"," +!'","!"]},"2958":{"keys":[202,196],"grid":[" )!)","00","00"," (!*","03","03","03","03","00","00","00","00","00","00","00","00"]},"2959":{"keys":[202,196],"grid":[" *!(","00","00","00","00","00","00","00","00","00","00"," +!'","11","11","11","11"]},"2972":{"keys":[196,202],"grid":[" "," "," "," "," "," ","!! 0","06","06","!# /","09","09","!$ .","12","!% -","!& ,"]},"2973":{"keys":[202,196],"grid":[" &!,"," '!+","01"," (!*"," )!)","04"," *!(","06","06"," +!'","09"," ,!&","11"," -!%"," .!$","14"]},"2956":{"keys":[202,196],"grid":[" "," "," "," "," "," "," "," "," 0!!","08"," /!#","10","10"," .!$","13","13"]},"2957":{"keys":[202,196],"grid":[" -!%","00","00"," ,!&","03","03"," +!'","06","06","06","06"," *!(","11","11","11","11"]},"2974":{"keys":[202,196],"grid":[" /!#"," 0!!"," "," "," "," "," "," "," "," "," "," "," "," "," "," "]}},"6637":{"2991":{"keys":[202,196],"grid":[" "," "," "," "," "," "," 0!!"," /!#"," .!$","08"," -!%"," ,!&"," +!'"," *!("," )!)"," (!*"]},"2992":{"keys":[202,196],"grid":[" '!+"," &!,"," %!-"," $!.","03"," #!/"," !!0","!","!","!","!","!","!","!","!","!"]},"2977":{"keys":[196,202],"grid":[" ","!! 0","!# /","!$ .","!% -","!& ,","!' +","!( *","!) )","!* (","!+ '","!- %","!. $","!0 !","!","!"]},"2950":{"keys":[202,196],"grid":[" "," "," "," 0!!","03"," /!#","05"," .!$","07"," -!%"," ,!&","10"," +!'","12"," *!(","14"]},"2951":{"keys":[202,196],"grid":[" )!)","00"," (!*","02"," '!+","04"," &!,"," %!-","07"," $!.","09"," #!/","11","11"," !!0","14"]},"2952":{"keys":[196],"grid":[" "," "," "," "," "," "," "," "," "," "," "," "," "," "," "," "]}},"6636":{"2992":{"keys":[202,196],"grid":[" "," "," "," "," "," "," "," "," 0!!","08"," /!#"," .!$"," -!%"," ,!&"," +!'"," *!("]},"2993":{"keys":[202,196],"grid":[" )!)","00"," (!*"," '!+"," &!,"," %!-"," $!."," #!/","07"," !!0","!","!","!","!","!","!"]},"2954":{"keys":[196],"grid":[" "," "," "," "," "," "," "," "," "," "," "," "," "," "," "," "]},"2953":{"keys":[202,196],"grid":[" *!("," )!)","01"," (!*","03"," '!+"," &!,","06"," %!-"," $!.","09"," #!/","11"," !!0","13","!"]},"2976":{"keys":[202,196],"grid":[" %!-","00"," &!,"," '!+","03"," (!*","05"," )!)"," *!(","08"," +!'"," ,!&"," -!%"," .!$"," /!#"," 0!!"]},"2977":{"keys":[202],"grid":[" "," "," "," "," "," "," "," "," "," "," "," "," "," "," "," "]},"2952":{"keys":[202,196],"grid":[" "," "," 0!!","02"," /!#","04"," .!$","06"," -!%","08","08"," ,!&","11"," +!'","13"," *!("]},"2975":{"keys":[196,202],"grid":[" "," "," "," "," "," "," "," "," "," "," "," ","!! 0","12","!# /","!$ ."]}},"6547":{"3028":{"keys":[202,196],"grid":[" "," "," "," "," "," ","!","!","!","!","!","!","!","!","!","!"]}},"6546":{"3028":{"keys":[202,196],"grid":[" "," "," "," "," "," ","!","!","!","!","!","!","!","!","!","!"]}},"6545":{"3028":{"keys":[202,196],"grid":[" "," "," "," "," "," ","!","!","!","!","!","!","!","!","!","!"]}},"6544":{"3028":{"keys":[202,196],"grid":[" "," "," "," "," "," ","!","!","!","!","!","!","!","!","!","!"]}},"6543":{"3027":{"keys":[202,196],"grid":[" "," "," "," "," "," "," "," "," "," "," "," "," ","!# /","!$ .","!% -"]},"3028":{"keys":[196,202],"grid":[" &!,"," '!+"," )!)"," *!("," +!'"," ,!&"," "," "," "," "," "," "," "," "," "," "]}},"6542":{"3027":{"keys":[196,202],"grid":[" #!/"," $!."," &!,"," '!+"," (!*"," )!)"," *!("," ,!&"," -!%"," .!$"," /!#"," 0!!"," "," "," "," "]}},"6541":{"3027":{"keys":[196],"grid":[" "," "," "," "," "," "," "," "," "," "," "," "," "," "," "," "]},"3026":{"keys":[202],"grid":[" "," "," "," "," "," "," "," "," "," "," "," "," "," "," "," "]}},"6520":{"3034":{"keys":[202,196],"grid":[" "," "," "," "," /!#"," -!%"," +!'"," *!("," (!*"," '!+"," %!-"," $!."," !!0","!","!","!"]}},"6460":{"3047":{"keys":[202,196],"grid":[" "," ","!","!","!","!","!","!","!","!","!","!","!","!","!","!"]}},"6461":{"3047":{"keys":[202,196],"grid":[" "," ","!","!","!","!","!","!","!","!","!","!","!","!","!","!"]}},"6462":{"3047":{"keys":[202,196],"grid":[" ","!","!","!","!","!","!","!","!","!","!","!","!","!","!","!"]}},"6540":{"3027":{"keys":[202,196],"grid":[" "," /!#"," ,!&"," *!("," (!*"," %!-"," #!/","!","!","!","!","!","!","!","!","!"]}},"6464":{"3047":{"keys":[202,196],"grid":[" (!*"," $!.","!","!","!","!","!","!","!","!","!","!","!","!","!","!"]},"3046":{"keys":[202,196],"grid":[" "," "," "," "," "," "," "," "," "," "," "," "," "," "," 0!!"," ,!&"]}},"6488":{"3050":{"keys":[202,196],"grid":[" "," "," "," "," "," 0!!"," /!#"," .!$"," -!%"," ,!&"," +!'"," *!("," )!)"," (!*"," '!+","14"]},"3051":{"keys":[202,196],"grid":[" &!,"," %!-"," $!."," #!/"," !!0","!","!","!","!","!","!","!","!","!","!","!"]}},"6579":{"3027":{"keys":[202,196],"grid":[" "," "," "," "," ","!( *","!0 !","!","!","!","!","!","!","!","!","!"]}},"6548":{"3028":{"keys":[202,196],"grid":[" "," "," "," "," "," ","!/ #","!","!","!","!","!","!","!","!","!"]}},"6530":{"3031":{"keys":[202,196],"grid":[" "," "," "," "," "," "," "," /!#"," '!+","!","!","!","!","!","!","!"]}},"6610":{"3014":{"keys":[202,196],"grid":[" "," "," "," 0!!"," /!#"," .!$"," -!%"," ,!&"," +!'"," *!("," )!)"," (!*"," '!+"," &!,"," %!-"," $!."]},"3015":{"keys":[202,196],"grid":[" #!/"," !!0","!","!","!","!","!","!","!","!","!","!","!","!","!","!"]}},"6630":{"2995":{"keys":[202,196],"grid":[" "," "," "," "," "," /!#"," .!$"," -!%"," ,!&"," +!'"," *!("," )!)","11"," (!*"," '!+"," &!,"]},"2996":{"keys":[202,196],"grid":[" &!,"," %!-"," $!.","02"," #!/","04"," !!0","!","!","!","!","!","!","!","!","!"]}},"6463":{"3047":{"keys":[202,196],"grid":[" ","!","!","!","!","!","!","!","!","!","!","!","!","!","!","!"]}},"6616":{"3007":{"keys":[202,196],"grid":[" *!("," )!)"," (!*"," &!,"," $!."," !!0","!","!","!","!","!","!","!","!","!","!"]},"3006":{"keys":[202,196],"grid":[" "," "," "," "," "," "," "," "," 0!!"," /!#"," .!$"," -!%","11"," ,!&"," +!'","14"]}}}}