{"9":{"407":{"223":{"keys":[215,1,196],"grid":[" *!%#$"," *!!#'","01"," )!##'","03","03"," )!%#%"," ,!!#%"," ,!##$","08","08","07","08","08"," ,!%#!"," ,!# !!#"]},"222":{"keys":[196,1,215],"grid":[" "," "," "," "," "," ","!# /","#!!! &!$ '","#!!# !!* $","#!!&#%!% #","#.!$","10","#.!! #","12","#-!# #","#*!##!!! $"]}},"406":{"222":{"keys":[1,196,215],"grid":[" !!0"," $!.","## !!.","## $!,","## &!*","#' #!( !","#( #!$ %","#) &#$","#","#","#","#","#","#","#","#"]},"221":{"keys":[196,1],"grid":[" "," "," "," "," "," "," "," "," "," "," "," "," "," "," ","!! 0"]}},"405":{"222":{"keys":[196,1,215],"grid":[" &!%#("," #!%#+"," #!!#."," !!##."," !!!#/","04","03","03","!##/","!!#0","#","#","#","#","#","#"]},"221":{"keys":[196,1,215],"grid":[" "," "," "," "," "," "," "," "," "," "," "," "," -!# #"," ,!$ #"," +!##!!$"," (!%#$!#"]}},"404":{"222":{"keys":[196,1,215],"grid":[" "," "," "," "," "," "," "," "," "," ,!# #!!"," !!% &!'","!###!! %!##&","!!#$!# #!##'","#&!%#(","#","#"]}},"403":{"223":{"keys":[215,1,196],"grid":[" $!# '!##!!! !"," -!$ !"," .!# !"," "," "," "," "," "," "," "," "," "," "," "," "," "]},"222":{"keys":[196,1,215],"grid":[" "," "," "," "," "," "," "," "," "," "," ","!# $!$ )","#!  !!#!!      !","#!! !###!!     !","##! !!###!!    !","##!$#&!# #!#"]}},"402":{"223":{"keys":[215,1,196],"grid":[" %!##&!! %"," &!!#%!# %"," &!$#!!# &"," (!$ '"," "," "," "," "," "," "," "," "," "," "," "," "]},"222":{"keys":[196,1,215],"grid":[" "," "," "," "," "," "," "," "," "," "," "," /!#"," /!!#!","!# -!!#!","#!!# *!$#!","##!$ '!##$"]}},"401":{"223":{"keys":[196,1,215,209],"grid":[" )!##'"," (!##("," (!!#)","!% #!##)","$$!%#*","$%!!#,","$%!##+","$&!##*","$'!##)","$(!##(","$)!##'","$*!$#%","$,!!#%","$,!##$","$-!!#$","$-!###"]},"222":{"keys":[196,1,215],"grid":[" "," "," "," "," "," "," "," "," "," "," "," ,!$ #"," ,!!#!!$"," *!$#!!$"," *!##&","14"]}},"400":{"223":{"keys":[196,1,209],"grid":[" "," "," +!$ $"," *!##!!# !!!"," *!!#$!$"," *!!#%!!#!"," )!##'"," (!##("," '!##)","08"," (!!#)","10","07"," )!!#(","13","06"]}},"408":{"223":{"keys":[196,1],"grid":[" "," "," "," "," "," "," "," "," "," "," "," "," "," "," ","!% -"]}}},"13":{"6529":{"3583":{"keys":[196,215],"grid":[" "," "," "," "," "," ","!! 0","06","!# /","08","08","06","06","08","08","!$ ."]}},"6528":{"3583":{"keys":[196,215],"grid":[" ","!# /","!& ,","!) '!! !","!* $!%","!","!","!","!","!","!","!","!","!","!","!"]}},"6479":{"3562":{"keys":[196,215],"grid":[" (!*","00","00","00","00"," '!+"," &!,"," %!-"," #!/","!","!","!","!","!","!","!"]},"3561":{"keys":[196,215],"grid":[" "," "," "," "," "," "," "," "," "," /!#"," -!%"," *!("," )!)","12"," (!*","14"]}},"6478":{"3562":{"keys":[196,215],"grid":[" "," "," "," "," "," "," "," '!% '"," %!+ #"," !!0","!","!","!","!","!","!"]}},"6473":{"3563":{"keys":[196,215],"grid":[" "," "," "," "," "," "," "," "," 0!!"," /!#"," .!$"," -!%"," ,!&"," +!'"," *!(","14"]},"3564":{"keys":[196,215],"grid":[" )!)"," (!*"," '!+"," &!,"," $!."," !!0","!","!","!","!","!","!","!","!","!","!"]}},"6472":{"3564":{"keys":[196,215],"grid":[" "," "," "," "," "," "," 0!!"," -!%"," +!'"," )!)"," '!+"," &!,"," %!-"," $!."," #!/"," !!0"]},"3565":{"keys":[215],"grid":[" "," "," "," "," "," "," "," "," "," "," "," "," "," "," "," "]}},"6471":{"3565":{"keys":[196,215],"grid":[" "," 0!!"," .!$"," -!%"," ,!&"," +!'"," *!("," (!*"," '!+"," &!,"," $!."," !!0","!","!","!","!"]}},"6470":{"3565":{"keys":[196,215],"grid":[" ","!! 0","!# /","02","!$ .","!% -","!& ,","!( *","!) )","!* (","!, &","!0 !","!","!","!","!"]}},"6477":{"3562":{"keys":[196,215],"grid":[" "," "," "," !!% ,","!) )","!+ '","!, &","!- %","!. $","!0 !","!","!","!","!","!","!"]}},"6476":{"3562":{"keys":[196,215],"grid":[" "," "," "," "," "," /!#","!! -!$","!! ,!%","!# *!&","!$ (!'","!% %!)","!","!","!","!","!"]},"3561":{"keys":[196],"grid":[" "," "," "," "," "," "," "," "," "," "," "," "," "," "," "," "]}},"6475":{"3562":{"keys":[196,215],"grid":[" ,!&","00"," +!'"," *!("," )!)"," (!*"," '!+"," %!-"," #!/","!","!","!","!","!","!","!"]},"3561":{"keys":[196,215],"grid":[" "," "," "," "," "," "," "," "," "," "," "," "," "," .!$"," -!%","14"]}},"6474":{"3562":{"keys":[196,215],"grid":[" "," "," "," "," "," "," "," "," "," "," /!#"," .!$"," -!%"," ,!&"," +!'"," *!("]},"3563":{"keys":[196,215],"grid":[" *!("," (!*"," '!+"," %!-"," $!."," #!/"," !!0","!","!","!","!","!","!","!","!","!"]}},"6465":{"3562":{"keys":[196,215],"grid":[" "," "," "," "," "," "," "," "," "," "," "," "," "," *!! '"," $!."," !!0"]},"3563":{"keys":[215],"grid":[" "," "," "," "," "," "," "," "," "," "," "," "," "," "," "," "]}},"6446":{"3563":{"keys":[196],"grid":[" "," "," "," "," "," "," "," "," "," "," "," "," "," "," "," "]},"3566":{"keys":[196,215],"grid":[" $!."," #!/"," !!0","!","!","!","!","!","!","!","!","!","!","!","!","!"]},"3564":{"keys":[196,215],"grid":[" 0!!","00"," /!#","02"," .!$"," -!%"," ,!&"," +!'"," *!("," )!)","09"," (!*","11","11","11","11"]},"3565":{"keys":[196,215],"grid":[" (!*","00","00","00","00"," '!+","05","05","05","05"," &!,","10","10","10"," %!-","14"]}},"6447":{"3563":{"keys":[196,215],"grid":[" &!( %"," %!-"," $!.","02","02"," #!/","05","05","05","05"," !!0","10","10","10","!","!"]}},"6444":{"3566":{"keys":[196,215],"grid":[" "," "," "," "," "," "," "," "," "," "," "," "," "," 0!!"," /!#"," ,!&"]},"3567":{"keys":[196,215],"grid":[" $!."," !!0","!","!","!","!","!","!","!","!","!","!","!","!","!","!"]}},"6445":{"3566":{"keys":[196,215],"grid":[" "," "," "," 0!!"," .!$"," +!'"," )!)"," (!*"," '!+"," &!,"," %!-"," #!/"," !!0","!","!","!"]}},"6442":{"3569":{"keys":[196,215],"grid":[" "," "," "," "," "," "," "," "," "," "," "," 0!!"," .!$"," ,!&"," +!'"," *!("]},"3570":{"keys":[196,215],"grid":[" )!)"," '!+"," &!,"," $!."," !!0","!","!","!","!","!","!","!","!","!","!","!"]}},"6443":{"3568":{"keys":[196,215],"grid":[" (!*"," '!+","01","01","01","01","00"," )!)","07"," +!'","09"," ,!&","11"," -!%","13","13"]},"3569":{"keys":[196,215],"grid":[" -!%","00"," ,!&","02"," +!'"," *!("," )!)"," '!+"," %!-"," #!/"," !!0","!","!","!","!","!"]},"3567":{"keys":[196,215],"grid":[" "," "," "," 0!!"," /!#","04","04"," .!$"," -!%","08"," ,!&"," +!'","11"," *!("," )!)","14"]}},"6440":{"3571":{"keys":[196,215],"grid":[" "," "," "," "," "," "," "," "," "," ","!! 0","!# /","!% -","!& ,","!. !!#","!"]}},"6441":{"3571":{"keys":[196,215],"grid":[" )!)"," *!(","01","01","01","01","01","00","00","00"," (!*"," '!+"," %!-"," #!/","!","!"]},"3570":{"keys":[196,215],"grid":[" "," "," "," "," "," *!("," )!)"," (!*"," '!+","08","08","08","08","07","07","06"]}},"6448":{"3563":{"keys":[196,215],"grid":[" "," ","!# /","!% -","!' +","!( *","!* (","!+ '","!- %","!. $","!/ #","!0 !","!","!","!","!"]}},"6449":{"3563":{"keys":[196,215],"grid":[" "," "," "," "," "," "," "," "," "," "," "," "," "," ","!! 0","14"]},"3564":{"keys":[215,196],"grid":[" #!/"," $!."," %!-"," )!)"," +!'"," ,!&","05","05","05","04","04"," *!(","03","03"," (!*","14"]},"3565":{"keys":[215,196],"grid":[" (!*","00","00"," )!)","03","03","03"," *!("," +!'"," ,!&","09"," -!%"," .!$"," 0!!","13"," "]}},"6451":{"3568":{"keys":[215,196],"grid":[" '!+"," (!*"," *!("," ,!&"," "," "," "," "," "," "," "," "," "," "," "," "]},"3567":{"keys":[196,215],"grid":[" "," "," "," "," "," "," "," "," "," "," "," ","!! 0","!# /","!$ .","!% -"]}},"6450":{"3566":{"keys":[215,196],"grid":[" !!0","00"," #!/","02"," $!.","04","04","04","04","04","04","04","04"," %!-"," &!,"," '!+"]},"3567":{"keys":[215,196],"grid":[" (!*"," *!("," +!'"," ,!&"," -!%","04","04"," .!$"," /!#","08"," 0!!"," "," "," "," "," "]},"3565":{"keys":[196],"grid":[" "," "," "," "," "," "," "," "," "," "," "," "," "," "," "," "]}},"6453":{"3563":{"keys":[196,215],"grid":[" "," "," "," "," "," "," /!#"," -!%","07","07","07"," ,!&","11","11","11","11"]},"3566":{"keys":[215,196],"grid":[" "," "," "," "," ","!! 0","05","!# /","07","07","07","07","07","05"," "," "]},"3564":{"keys":[196,215],"grid":[" ,!&"," +!'","01","01"," *!(","04"," )!)","06"," (!*"," '!+"," &!,"," %!-"," $!."," #!/"," !!0","!"]}},"6452":{"3568":{"keys":[196,215],"grid":[" $!."," #!/"," !!0","!","!","!","!","!","!","!","!","!","!","!","!","!"]},"3566":{"keys":[196,215],"grid":[" /!#"," 0!!","01"," "," "," "," "," "," "," "," "," "," "," "," ","01"]},"3567":{"keys":[196,215],"grid":[" /!#"," .!$"," -!%"," ,!&"," +!'"," *!("," )!)","06"," (!*","08"," '!+","10"," &!,","12"," %!-"," $!."]},"3564":{"keys":[196,215],"grid":[" "," "," "," "," "," "," "," "," "," "," "," "," "," "," "," 0!!"]},"3565":{"keys":[196,215],"grid":[" /!#"," .!$"," -!%"," ,!&","03"," +!'","05","05","05","05","03","03","02","02","01","00"]}},"6455":{"3563":{"keys":[196,215],"grid":[" "," "," "," "," "," "," "," "," "," "," ","!# /","!% -","!& ,","!' +","14"]},"3564":{"keys":[215,196],"grid":[" '!+"," (!*"," )!)"," +!'"," .!$"," /!#"," 0!!"," "," "," "," "," "," "," "," "," "]}},"6454":{"3563":{"keys":[196,215],"grid":[" "," "," "," "," .!# !"," *!' !","!0 !","06","06","!","!","!","!","!","!","!"]}},"6457":{"3566":{"keys":[215,196],"grid":[" +!'","00"," ,!&","02"," .!$"," 0!!","05"," "," "," "," "," "," "," "," "," "]},"3565":{"keys":[196,215],"grid":[" "," "," "," "," "," "," "," "," "," "," #!$ ,","!' +","11","!( *","!* (","14"]}},"6456":{"3564":{"keys":[196,215],"grid":[" "," "," "," "," "," "," "," ","!! 0","!# /","!$ .","!% -","!' +","12","!( *","!) )"]},"3565":{"keys":[215,196],"grid":[" *!("," +!'"," ,!&","01","01","01"," -!%"," .!$"," /!#","08","08"," "," "," "," "," "]}},"6459":{"3568":{"keys":[215,196],"grid":[" $!."," %!-"," '!+"," (!*"," )!)"," *!("," +!'","06"," ,!&","08"," -!%"," .!# !"," "," "," "," "]},"3567":{"keys":[196,215],"grid":[" "," "," "," "," "," "," "," "," "," "," "," "," "," ","!! 0","!# /"]}},"6458":{"3566":{"keys":[196,215],"grid":[" "," "," "," "," "," "," "," ","!! 0","!# /","09","!$ .","!% -","!& ,","13","!' +"]},"3567":{"keys":[215,196],"grid":[" (!*","00","00"," )!)","03","03"," *!("," +!'"," -!%"," .!$"," /!#"," 0!!"," "," "," "," "]}},"6518":{"3560":{"keys":[196,215],"grid":[" "," "," "," /!! !"," .!$","04"," %!$ '!$"," %!% #!'"," $!' !!'"," %!-"," $!.","!","!","!","!","!"]}},"6519":{"3560":{"keys":[196,215],"grid":[" (!*","00"," )!)","02"," &!! !!*"," %!-","!# !!.","!","!","!","!","!","!","!","!","!"]},"3559":{"keys":[196,215],"grid":[" "," "," "," "," ,!&","04","04","04"," *!("," )!)","08","08"," (!*","09","09","12"]}},"6510":{"3558":{"keys":[196,215],"grid":[" ","!# /","!# .!!","!% +!#","!+ %!#","!, $!#","!. #!!","!","!","!","!","!","!","!","!","!"]}},"6511":{"3557":{"keys":[196],"grid":[" "," "," "," "," "," "," "," "," "," "," "," "," "," "," "," "]},"3558":{"keys":[196,215],"grid":[" !!! /","!$ .","!( *","!+ '","!. $","04","!","!","!","!","!","!","!","!","!","!"]}},"6512":{"3558":{"keys":[196,215],"grid":[" "," "," "," "," "," ","!, &","!- %","!. $","08","!/ #","!0 !","!","!","!","!"]}},"6513":{"3560":{"keys":[215,196],"grid":[" "," "," "," "," "," "," "," "," "," .!$"," /!#"," 0!!"," "," "," ","11"]},"3561":{"keys":[215],"grid":[" "," "," "," "," "," "," "," "," "," "," "," "," "," "," "," "]},"3559":{"keys":[215,196],"grid":[" %!-"," (!*","01","01","01"," )!# !!&"," ,!&","06","06","06","06"," -!%","11"," .!$","13"," "]},"3558":{"keys":[196,215],"grid":[" "," "," "," "," "," "," "," "," "," "," "," ","!! 0","12","!$ .","14"]}},"6514":{"3560":{"keys":[196,215],"grid":[" ","!! 0","01","!# /","03","01","01","01","01"," "," "," "," ","01","01"," "]},"3561":{"keys":[196,215],"grid":[" ","!& '!$ #","!( %!% !","!* #!&","!","!","!","!","!","!","!","!","!","!","!","!"]}},"6515":{"3561":{"keys":[196,215],"grid":[" "," "," '!$ ("," &!& '","!! $!( &","!# !!* %","!/ #","!0 !","!","!","!","!","!","!","!","!"]}},"6516":{"3560":{"keys":[196,215],"grid":[" "," "," "," "," "," "," "," "," "," "," "," "," "," "," )!% $!!"," '!+"]},"3561":{"keys":[196,215],"grid":[" '!+","00"," &!,","00","00","02"," $!."," !!0","!","!","!","!","!","!","!","!"]}},"6517":{"3560":{"keys":[196,215],"grid":[" "," "," "," "," "," "," "," "," "," +!# %","09"," )!& #!!"," (!' !!#"," '!+"," )!)","!& $!)"]},"3561":{"keys":[215,196],"grid":[" &!% ("," "," "," "," "," "," "," "," "," "," "," "," "," "," "," "]}},"6424":{"3568":{"keys":[196,215],"grid":[" "," "," "," "," "," "," "," "," "," "," "," 0!!"," /!#","12"," .!$"," ,!&"]},"3569":{"keys":[196,215],"grid":[" +!'"," )!)"," &!,","02"," $!."," #!/","!","!","!","!","!","!","!","!","!","!"]},"3578":{"keys":[209,215],"grid":[" ,!&","00","00","00","00","00","00","00"," .!$"," 0!!"," "," "," "," "," "," "]},"3577":{"keys":[215,209],"grid":[" "," "," "," "," "," "," "," "," #!# -"," !!% ,","!' +","!( *","!) )","!* (","!+ '","14"]}},"6425":{"3566":{"keys":[196,215],"grid":[" -!%","00","00","00"," .!$","04"," /!#","06"," 0!!"," "," "," "," "," "," "," "]},"3567":{"keys":[196,215],"grid":[" "," "," "," "," "," "," "," "," "," 0!!"," /!#"," .!$"," -!%"," ,!&"," +!'"," *!("]},"3565":{"keys":[196,215],"grid":[" "," "," "," "," "," "," "," "," "," "," "," "," "," /!#"," .!$"," -!%"]},"3568":{"keys":[196,215],"grid":[" )!)","00"," (!*"," '!+"," %!-"," $!."," #!/","06"," !!0","08","!","!","!","!","!","!"]},"3579":{"keys":[209,215],"grid":[" .!$","00","00","00","00","00","00"," /!#"," "," "," "," "," "," "," "," "]},"3578":{"keys":[215,209],"grid":[" "," "," "," "," "," "," "," "," #!# -","!' +","!( *","!) )","!* (","!, &","!- %","!. $"]}},"6509":{"3558":{"keys":[196,215],"grid":[" .!# !"," ,!&"," $!# &!'"," !!0","!","!","!","!","!","!","!","!","!","!","!","!"]}},"6427":{"3580":{"keys":[209,215],"grid":[" !!0","00"," #!/","00","00","00","00","02"," $!.","08","08","02"," %!-"," '!+"," )!)","14"]},"3563":{"keys":[196,215],"grid":[" "," "," "," "," "," "," "," "," "," /!#"," ,!&"," +!'"," *!("," )!)"," (!*","14"]},"3579":{"keys":[215],"grid":[" "," "," "," "," "," "," "," "," "," "," "," "," "," "," "," "]},"3564":{"keys":[196,215],"grid":[" '!+","00"," &!,","02","02","02"," %!-","06","06"," $!.","09","09"," #!/","12","12","12"]},"3565":{"keys":[196,215],"grid":[" #!/"," !!0","01","!","!","!","!","!","!","!","!","!","!","!","!","!"]},"3581":{"keys":[209,215],"grid":[" +!'"," .!$","01"," /!#","03"," 0!!"," "," "," "," "," "," "," "," "," "," "]}},"6420":{"3574":{"keys":[209,215],"grid":[" 0!!","00"," "," "," "," "," "," "," "," "," "," "," "," "," "," "]},"3573":{"keys":[209,215],"grid":[" )!)","00"," *!("," +!'","03"," ,!&","05"," -!%","07","07","07"," .!$","11","11","11"," /!#"]},"3572":{"keys":[196,215,209],"grid":[" "," "," "," /!#"," -!%"," ,!&"," +!'"," )!)"," (!*","08"," '!+"," &!,","#! %!,","#%!-","#&!,","#(!*"]}},"6421":{"3575":{"keys":[209,215],"grid":[" #!/","00"," &!,"," (!*"," *!("," +!'"," ,!&"," /!#","07"," "," "," "," "," "," "," "]},"3574":{"keys":[215,209],"grid":[" "," "," ","!! $!! ,","!# !!% *","!) )","!( *","!' +","07","!& ,","!$ .","10","!# /","12","12","12"]},"3572":{"keys":[196,215],"grid":[" &!% ("," #!, $","!0 !","!","!","!","!","!","!","!","!","!","!","!","!","!"]}},"6422":{"3575":{"keys":[215,209],"grid":[" "," "," "," "," "," "," "," "," ","!$ .","!' +","10","10","!& ,","13","10"]},"3576":{"keys":[209,215],"grid":[" '!+","00"," (!*","02"," *!(","04","04"," )!)","07","07","07","04"," +!'"," "," "," "]},"3571":{"keys":[196,215],"grid":[" "," "," 0!!"," .!$"," -!%","04","03"," /!#","07","02","02","02"," "," "," ","02"]},"3572":{"keys":[196,215],"grid":[" 0!!","00","00"," /!#","!# -!#","!% +!#","!' (!$","!+ !!&","!","!","!","!","!","!","!","!"]}},"6423":{"3577":{"keys":[209,215],"grid":[" %!-"," &!,"," '!+","02","02","02","02"," (!*"," '!# !!("," /!#"," "," "," "," "," "," "]},"3576":{"keys":[215,209],"grid":[" "," "," "," "," "," "," "," "," "," "," "," "," #!# -"," !!% ,","!% -","14"]},"3571":{"keys":[196,215],"grid":[" !!0","00","!","!","!","!","!","!","!","!","!","!","!","00","!","!"]},"3570":{"keys":[196,215],"grid":[" -!%"," +!'","01"," )!)"," (!*"," '!+","05","05"," %!-","08"," $!.","10","10"," #!/","13"," !!0"]},"3569":{"keys":[196,215],"grid":[" "," "," "," "," "," "," "," 0!!"," /!#","08","08"," .!$","11","11"," -!%","14"]}},"6503":{"3557":{"keys":[196,215],"grid":[" "," "," "," "," "," "," ","!# /","07","!$ .","09","09","!% -","12","!& ,","!( *"]},"3558":{"keys":[215,196],"grid":[" )!)"," *!("," 0!!"," "," "," "," "," "," "," "," "," "," "," "," "," "]}},"6502":{"3557":{"keys":[215,196],"grid":[" !!$ %!)"," *!("," ,!&"," -!%"," .!$"," /!#"," 0!!"," "," "," "," "," "," "," "," "," "]},"3556":{"keys":[196],"grid":[" "," "," "," "," "," "," "," "," "," "," "," "," "," "," "," "]}},"6501":{"3556":{"keys":[196,215],"grid":[" "," "," "," "," "," "," %!+ #","!0 !","!","07","07","07","07","07","07","!"]}},"6500":{"3556":{"keys":[215,196],"grid":[" #!/"," $!."," (!*"," *!("," +!'"," ,!&"," /!#"," "," "," "," "," "," "," "," "," "]},"3555":{"keys":[196,215],"grid":[" "," "," "," "," "," "," "," "," "," "," "," "," "," "," ","!! 0"]}},"6428":{"3563":{"keys":[196,215],"grid":[" "," "," "," "," "," "," "," "," ","!( *","!+ '","!. $","!0 !","!","!","!"]},"3582":{"keys":[209,215],"grid":[" 0!!"," .!$"," -!%"," ,!&"," %!-","04"," $!.","06","06","06","06","06","04"," &!,","13"," '!+"]},"3583":{"keys":[209,215],"grid":[" (!*"," )!)","01"," *!("," +!'"," ,!&"," -!%"," "," "," "," "," "," "," "," "," "]},"3581":{"keys":[215,209],"grid":[" "," "," "," "," "," "," "," ","!! 0","!$ .","!% -","!& !!! $!! &","!- %","!/ #","13","!0 !"]}},"6429":{"3563":{"keys":[196,215],"grid":[" "," "," "," "," "," "," "," "," "," "," "," "," "," ","!# /","!$ ."]},"3583":{"keys":[215,209],"grid":[" "," "," "," "," "," "," "," ","!# /","!% -","!' +","!( *","!* (","!+ '","!, &","!. $"]},"3564":{"keys":[215,196],"grid":[" %!-"," &!,"," '!+"," (!*"," )!)"," *!(","05"," +!'","07","07","07","07"," ,!&","12","12","12"]},"3565":{"keys":[215,196],"grid":[" ,!&","00","00","00","00"," -!%","05"," /!#"," "," "," "," "," "," "," "," "]}},"6505":{"3559":{"keys":[196,215],"grid":[" "," "," "," "," "," "," 0!!"," ,!&","!! )!(","!# (!(","!$ '!(","!$ &!)","!# '!)","!# &!*","!$ %!*","!% #!+"]}},"6504":{"3559":{"keys":[215,196],"grid":[" *!("," ,!&"," -!%"," .!$","02","02","03"," /!#","07"," "," "," "," "," "," "," "]},"3558":{"keys":[196,215],"grid":[" "," "," "," ","!! 0","!# /","!$ .","!& ,","07","07","!% -","07","07","07","!' +","!) )"]}},"6530":{"3583":{"keys":[196,215],"grid":[" "," "," "," "," "," "," "," "," "," "," "," "," ,!! %"," +!% #"," *!' !"," *!("]}},"6531":{"3583":{"keys":[196,215],"grid":[" "," "," "," "," "," "," "," "," "," "," "," "," "," "," ","!' +"]}},"6437":{"3568":{"keys":[196,215],"grid":[" "," "," "," ","!! 0","04","04","04","04","04","04","04","04","04","04","!# /"]},"3569":{"keys":[215,196],"grid":[" #!/","00"," $!."," %!-"," &!,"," '!+","05"," (!*","07"," )!)"," *!(","10"," +!'"," ,!&"," -!%"," .!$"]},"3570":{"keys":[215,196],"grid":[" .!$"," /!#"," 0!!","02"," "," "," "," "," "," "," "," "," "," "," "," "]}},"6436":{"3568":{"keys":[215,196],"grid":[" 0!!","00"," "," "," "," "," "," "," "," "," "," "," "," "," "," "]},"3567":{"keys":[196,215],"grid":[" "," "," "," "," "," "," "," ","!! 0","!% -","!( *","!* (","!+ '","!- %","!. $","!/ #"]}},"6435":{"3567":{"keys":[196,215],"grid":[" "," "," "," "," ","!$ .","!( *","!. $","!","!","!","!","!","!","!","!"]}},"6434":{"3566":{"keys":[196,215],"grid":[" "," "," "," "," "," "," ","!# /","!$ .","!& ,","!' +","!( *","!) )","!* (","!+ '","14"]},"3567":{"keys":[215,196],"grid":[" ,!&"," -!%"," .!$"," /!#"," "," "," "," "," "," "," "," "," "," "," "," "]}},"6433":{"3566":{"keys":[215,196],"grid":[" )!)"," *!("," ,!&"," -!%"," /!#"," 0!!"," "," "," "," "," "," "," "," "," "," "]},"3565":{"keys":[196,215],"grid":[" "," "," "," "," "," "," "," "," "," "," "," ","!! 0","!$ .","!% -","!' +"]}},"6432":{"3565":{"keys":[196,215],"grid":[" "," "," "," "," "," "," "," "," "," ","!. $","!0 !","!","!","!","!"]}},"6431":{"3564":{"keys":[196,215],"grid":[" "," "," "," "," "," "," "," "," "," "," "," "," "," ","!! 0","14"]},"3565":{"keys":[215,196],"grid":[" #!/","00"," $!."," %!-"," '!+"," (!*"," )!)"," *!("," ,!&"," /!#"," "," "," "," "," "," "]}},"6430":{"3564":{"keys":[196,215],"grid":[" "," "," "," "," "," "," "," "," "," "," "," "," "," .!$"," ,!&"," +!'"]},"3565":{"keys":[196,215],"grid":[" +!'"," *!("," )!)","02"," (!*"," '!+"," &!,"," $!.","!","!","!","!","!","!","!","!"]}},"6439":{"3571":{"keys":[215,196],"grid":[" &!,"," '!+"," (!*"," )!)"," *!("," ,!&"," -!%"," .!$"," 0!!"," "," "," "," "," "," "," "]},"3570":{"keys":[196,215],"grid":[" "," "," "," "," "," "," "," "," "," "," "," "," "," "," ","!! 0"]}},"6438":{"3570":{"keys":[196,215],"grid":[" "," "," "," "," "," ","!! 0","06","06","!# /","09","!$ .","!% -","!( *","!/ #","!"]}},"6426":{"3579":{"keys":[215,209],"grid":[" "," "," "," "," "," "," "," &!! +","!' +","!( *","!* (","!+ '","!0 !","12","!","!"]},"3566":{"keys":[215,196],"grid":[" "," "," "," "," "," "," "," "," "," ","!# /","!$ .","!& ,","!( *","!* (","14"]},"3567":{"keys":[196,215],"grid":[" )!)","00"," (!*"," '!+"," &!,"," %!-"," #!/"," !!0","!","!","!","!","!","!","!","!"]},"3565":{"keys":[196,215],"grid":[" "," "," "," "," "," "," 0!!","06"," /!#"," .!$"," -!%"," ,!&"," *!(","!","!","!"]}},"6521":{"3560":{"keys":[215,196],"grid":[" 0!!","00","00","00"," "," "," "," "," "," "," "," "," "," "," "," "]},"3567":{"keys":[215,196],"grid":[" "," "," "," "," "," "," "," "," "," "," "," "," "," 0!!","13"," /!#"]},"3574":{"keys":[196,215],"grid":[" "," $!! -"," #!# -","!% $!$ '","!- %","!","!","!","!","!","!","!","!","!","!","!"]},"3568":{"keys":[215,196],"grid":[" /!#"," .!$","01"," 0!!","03","03","01"," -!%","07","07","01","01","01","01","07","07"]},"3569":{"keys":[215,196],"grid":[" -!%"," )!)","01","01","01","01","01","01","01","01"," (!*","10"," '!+"," &!,","13","13"]},"3571":{"keys":[215,196],"grid":[" !!# !!-","!","!","!","!","!","!","!","!","!","!","!","!","!","!","!"]},"3570":{"keys":[215,196],"grid":[" &!,","00","00","00","00","00"," '!+","06","00","06","06","00","06","06","06"," %!-"]},"3559":{"keys":[196,215],"grid":[" "," "," "," "," "," "," "," "," "," "," )!! ("," '!% '"," '!( $"," #!# !!* #"," !!. #","!0 !"]},"3572":{"keys":[196,215],"grid":[" "," "," "," "," "," "," "," "," "," "," "," "," "," "," ","!! 0"]},"3573":{"keys":[215,196],"grid":[" #!/","00","00"," $!."," &!,"," '!+","05","04","00","00","00"," !!0","11","!","!","!"]}},"6520":{"3560":{"keys":[215],"grid":[" "," "," "," "," "," "," "," "," "," "," "," "," "," "," "," "]},"3574":{"keys":[215,196],"grid":[" .!$"," 0!!"," "," "," "," "," "," "," "," "," "," "," "," "," "," "]},"3571":{"keys":[215,196],"grid":[" "," "," 0!!"," .!$","03"," -!%","05","03","03","03","03","03"," /!#","02"," ","02"]},"3559":{"keys":[196,215],"grid":[" "," "," "," ","!! 0","!! !!% +","!( *","06","!' +","08","06","06","!* (","12","!- %","!0 !"]},"3572":{"keys":[215,196],"grid":[" 0!!","00","00"," .!$","03"," /!#","05","00","00","00","00","00","00"," "," "," "]},"3573":{"keys":[215,196],"grid":[" "," "," "," "," "," "," "," "," "," "," "," "," "," "," 0!!"," /!#"]}},"6523":{"3580":{"keys":[215],"grid":[" "," "," "," "," "," "," "," "," "," "," "," "," "," "," "," "]},"3581":{"keys":[215,196],"grid":[" "," "," "," "," 0!!","04"," "," "," "," "," "," "," "," "," "," "]},"3560":{"keys":[196,215],"grid":[" "," "," "," "," "," "," "," "," "," "," &!! +"," %!% )"," %!& $!# #"," %!' !!% !"," %!-"," &!,"]},"3561":{"keys":[196,215],"grid":[" '!+"," $!."," #!/"," !!0","!","!","!","!","!","!","!","!","!","!","!","!"]},"3579":{"keys":[215,196],"grid":[" 0!!","00"," .!$"," -!%","02"," /!#","05","05","05","05","05","05","00","00","00"," "]},"3578":{"keys":[215,196],"grid":[" (!*"," '!+","01"," )!)","03"," *!(","03"," +!'"," ,!&"," .!$"," "," "," "," 0!!","13","13"]},"3575":{"keys":[215,196],"grid":[" %!-","00"," &!,","02","02","02","02","00"," %!$ $!'"," ,!&","09"," -!%"," .!$","12","11","09"]},"3574":{"keys":[196,215],"grid":[" "," "," "," "," "," ","!! 0","!# /","07","07","07","!% -","11","11","11","11"]},"3568":{"keys":[215,196],"grid":[" "," "," "," "," 0!!"," .!$"," -!%","!( %!&","!) #!'","!","!","!","!","!","!","!"]},"3576":{"keys":[215,196],"grid":[" ,!&","00","00"," -!%"," .!$","04","04"," /!#","07","07","07","07"," 0!!","07"," "," "]},"3582":{"keys":[215,196],"grid":[" "," "," "," "," 0!!"," /!#"," -!%"," ,!&","07","07","07"," +!'","11","07","07","07"]},"3583":{"keys":[215,196],"grid":[" -!%","00","00","00"," .!$","04"," .!# !"," .!! #"," "," "," "," "," "," "," "," "]},"3577":{"keys":[215,196],"grid":[" "," "," "," "," "," "," "," "," 0!!"," *!! %!#"," *!(","10","10","10"," )!)"," (!*"]}},"6489":{"3551":{"keys":[196,215],"grid":[" "," "," "," "," &!$ )"," &!& '"," %!) %"," %!* $"," $!+ $"," #!- #"," !!0","!","!","!","!","!"]}},"6525":{"3562":{"keys":[215,196],"grid":[" $!."," %!-"," '!+"," )!)"," *!(","04","04","04"," )!# '"," )!! ("," "," "," "," "," "," "]},"3563":{"keys":[215],"grid":[" "," "," "," "," "," "," "," "," "," "," "," "," "," "," "," "]},"3582":{"keys":[196,215],"grid":[" "," "," "," ","!! 0","!! $!' '","!, &","!. $","!0 !","!","08","!","!","!","!","!"]},"3561":{"keys":[196],"grid":[" "," "," "," "," "," "," "," "," "," "," "," "," "," "," "," "]},"3566":{"keys":[215,196],"grid":[" '!+"," $!.","!","!","!","!","!","!","!","!","!","!","!","!","!","!"]},"3564":{"keys":[215,196],"grid":[" "," "," /!#"," .!$","03","03"," -!%"," ,!&"," +!'","08","08","07","07","07","07","08"]},"3565":{"keys":[215,196],"grid":[" +!'"," .!$"," /!#"," 0!!","03"," -!%"," ,!&"," )!)"," (!*","08"," '!+","08","07","07","07","08"]}},"6524":{"3580":{"keys":[215,196],"grid":[" !!0"," $!."," %!-"," &!,","03","03","02","02","01","01","01","01","01","01","01","01"]},"3581":{"keys":[215,196],"grid":[" #!/"," !!0","01","!","!","!","!","!","!","!","00","00","00"," $!.","13","13"]},"3560":{"keys":[196,215],"grid":[" "," "," "," "," "," "," "," "," "," "," "," "," !!# .","12","!% -","!& ,"]},"3561":{"keys":[215,196],"grid":[" (!*","00"," '!+"," &!,"," %!-","04","03","00"," )!)"," *!("," ,!&"," -!%"," /!#"," 0!!"," "," "]},"3566":{"keys":[215,196],"grid":[" "," "," 0!!","02"," /!#","04","02","02","04"," .!$","09"," -!%"," +!'"," *!("," )!)","13"]},"3567":{"keys":[215,196],"grid":[" ,!&","00"," +!'","02"," *!(","04"," )!)"," (!*"," '!+"," '!! !!)","06","04","02","00","00","00"]},"3568":{"keys":[215,196],"grid":[" +!'","00","00"," )!)","!! '!*","!# $!,","!","!","!","!","!","!","!","!","!","!"]},"3576":{"keys":[196,215],"grid":[" "," "," "," "," "," "," "," "," "," "," "," "," "," "," ","!! 0"]},"3582":{"keys":[215,196],"grid":[" $!."," #!/"," !!0","!","!","!0 !","!- %","!, &","07","!+ '","09","07","07","07","07","09"]},"3583":{"keys":[196,215],"grid":[" *!(","00"," )!)"," $!# #!*"," $!."," #!/","!","!","!","!","!","!","!","!","!","!"]},"3577":{"keys":[215,196],"grid":[" !!0"," #!/","01","00","!","!","!","!","!","!","!","!","!","!","!","!"]},"3578":{"keys":[196,215],"grid":[" "," "," "," "," "," "," "," "," ","!! 0","!# /","!$ .","11"," "," "," "]}},"6527":{"3562":{"keys":[196,215],"grid":[" "," "," "," "," "," "," "," "," "," "," ","!! 0","!# /","12","11"," "]},"3563":{"keys":[196],"grid":[" "," "," "," "," "," "," "," "," "," "," "," "," "," "," "," "]},"3583":{"keys":[196,215],"grid":[" !!# (!! &","!& !!* !","!","!","!","!","!","!","!","!","!","!","!","!","!","!"]}},"6526":{"3562":{"keys":[196,215],"grid":[" "," "," "," "," "," "," '!$ ("," %!) %","!. $","!/ #","!0 !","!","!","!","!","!"]},"3563":{"keys":[215,196],"grid":[" "," 0!!"," /!#"," .!$","03","03","03","03"," -!%"," ,!&"," *!("," $!."," #!/","12"," !!0","!"]},"3582":{"keys":[196,215],"grid":[" "," "," "," "," "," "," "," "," "," "," "," "," "," !!$ -","!$ .","!% -"]},"3583":{"keys":[215,196],"grid":[" %!-"," &!! !!*"," '!+"," (!*"," "," "," "," "," "," "," "," "," "," "," "," "]}},"6482":{"3555":{"keys":[196,215],"grid":[" ,!&"," +!'"," *!("," (!*"," &!,","!","!","!","!","!","!","!","!","!","!","!"]},"3554":{"keys":[196,215],"grid":[" 0!!","00","00","00"," /!#","04","04","04","04","04","04","04"," .!$","12"," -!%","14"]},"3553":{"keys":[196,215],"grid":[" "," "," "," "," "," "," "," "," "," "," "," "," "," "," "," 0!!"]},"3559":{"keys":[196,215],"grid":[" !!0","00"," #!/"," $!.","03","03","03","03","03","02","00","!","!","!","!","!"]},"3558":{"keys":[215],"grid":[" "," "," "," "," "," "," "," "," "," "," "," "," "," "," "," "]}},"6483":{"3553":{"keys":[196,215],"grid":[" "," "," "," "," "," "," "," "," $!( '"," $!* %"," #!- #"," !!0","11","!","!","!"]}},"6480":{"3560":{"keys":[196,215],"grid":[" "," "," "," "," .!$"," -!%"," ,!&"," *!(","07"," )!)"," (!*"," '!+","11"," &!,","13"," %!-"]},"3561":{"keys":[196,215],"grid":[" %!-"," $!.","01"," #!/","03"," !!0","05","!","!","!","!","!","!","!","!","!"]}},"6481":{"3557":{"keys":[196,215],"grid":[" ,!&"," -!%","01","01","01","01","01","01","01","01","01","01","01","01","01"," .!$"]},"3556":{"keys":[196,215],"grid":[" '!+","00"," (!*","02","02","02"," )!)","06"," *!(","08","08"," +!'","11"," ,!&","13","13"]},"3555":{"keys":[196,215],"grid":[" "," "," "," "," )!$ &"," '!+"," &!,","06","06","06","06","06","06","06","06","05"]},"3560":{"keys":[196,215],"grid":[" +!'"," (!*"," #!/","!","!","!","!","!","!","!","!","!","!","!","!","!"]},"3559":{"keys":[196,215],"grid":[" "," "," "," "," "," "," "," "," "," "," "," "," 0!!"," /!#"," .!$"," -!%"]},"3558":{"keys":[196,215],"grid":[" .!$"," /!#","01"," 0!!","03","03","03","03","03","03","03","03","03","03"," "," "]}},"6486":{"3552":{"keys":[196,215],"grid":[" "," "," 0!!"," /!#"," .!$"," ,!&"," +!'"," *!(","07"," )!)"," (!*"," &!,","!","!","!","!"]}},"6487":{"3552":{"keys":[196,215],"grid":[" !!. #","!0 !","!","!","!","!","!","!","!","!","!","!","!","!","!","!"]},"3551":{"keys":[196,215],"grid":[" "," "," "," "," "," "," "," "," "," "," "," "," "," "," "," &!' &"]}},"6484":{"3553":{"keys":[196,215],"grid":[" "," "," "," "," "," /!#"," .!$"," -!%","07"," ,!&","09"," +!'","!! *!'","!$ '!(","!","!"]}},"6485":{"3553":{"keys":[196,215],"grid":[" +!'"," *!("," )!)"," '!+","!","!","!","!","!","!","!","!","!","!","!","!"]},"3552":{"keys":[196,215],"grid":[" "," "," "," "," "," "," "," "," "," "," "," "," 0!!"," .!$"," -!%"," ,!&"]}},"6406":{"3577":{"keys":[196,209],"grid":[" ,!&"," -!%"," /!#"," "," "," "," "," "," "," "," "," "," "," "," "," "]},"3576":{"keys":[196,209],"grid":[" "," 0!!","01"," /!#"," -!%"," ,!&","05"," +!'","07"," *!(","09","09","09","07","07","07"]}},"6407":{"3580":{"keys":[196,209],"grid":[" (!*","00"," )!)","02"," *!(","04"," +!'"," ,!&","07"," -!%","09"," .!$","11"," /!#"," 0!!"," "]},"3579":{"keys":[196,209],"grid":[" 0!!","00"," /!#","02","02"," .!$","05"," ,!&"," *!("," )!)"," (!*","10"," '!+","12","12","12"]},"3578":{"keys":[196,209],"grid":[" +!'","00"," ,!&","02"," -!%","04"," .!$","06","06"," /!#","09"," 0!!","11","11","11","11"]},"3575":{"keys":[196,209],"grid":[" "," "," "," "," "," "," "," "," "," "," "," &!' &"," %!* $"," $!."," #!/"," !!0"]},"3577":{"keys":[209,196],"grid":[" "," "," "," ","!# /","!% -","!& ,","!' +","!( *","08","!) )","10","!* (","12","12","12"]},"3576":{"keys":[209],"grid":[" "," "," "," "," "," "," "," "," "," "," "," "," "," "," "," "]}},"6408":{"3580":{"keys":[209],"grid":[" "," "," "," "," "," "," "," "," "," "," "," "," "," "," "," "]},"3581":{"keys":[209,196],"grid":[" ","!! 0","!# /","02","02","!$ .","05","05","05","!% -","09","09","09","09","!& ,","14"]},"3582":{"keys":[196,209],"grid":[" &!,"," '!+"," (!*"," )!)"," *!(","04"," +!'","06","06","06","06","06","06","06","04","04"]},"3583":{"keys":[196,209],"grid":[" *!("," )!)","01","01","00","00"," +!'"," -!%"," .!$"," /!#"," 0!!"," "," "," "," "," "]},"3575":{"keys":[196,209],"grid":[" .!$"," -!%","01","01","01"," ,!&","05","05"," +!'","08","08"," *!("," (!*","!# #!-","!","!"]},"3574":{"keys":[196,209],"grid":[" "," "," "," "," "," "," "," "," "," "," 0!!"," /!#","11"," .!$","13","13"]}},"6409":{"3574":{"keys":[196,209],"grid":[" #!/","00","00","00","00","00"," !!0","06","!","!","!","!","!","!","!","!"]},"3583":{"keys":[209,196],"grid":[" "," "," "," "," "," "," "," "," "," "," ","!$ .","!& ,","!' +","13","!( *"]},"3571":{"keys":[196,209],"grid":[" "," "," 0!!","02","02","02","02"," /!#"," -!%"," ,!&"," *!(","10","10","10","10"," +!'"]},"3573":{"keys":[196,209],"grid":[" ,!&","00"," -!%","02"," .!$","02","02"," +!'"," )!)"," &!,"," $!.","10"," #!/","12","12"," !!0"]},"3572":{"keys":[196,209],"grid":[" +!'","00","00"," *!(","03"," (!*"," '!+","06","06","06","05"," )!)","11","03","00","00"]}},"6495":{"3551":{"keys":[215,196],"grid":[" *!("," +!'"," ,!&","02"," -!%","04"," .!$","06"," /!#","08"," 0!!"," "," "," "," "," "]},"3550":{"keys":[196,215],"grid":[" "," "," "," "," "," "," "," "," "," "," "," "," "," $!# ,"," !!' *","!) )"]}},"6494":{"3551":{"keys":[215,196],"grid":[" (!' $"," "," "," "," "," "," "," "," "," "," "," "," "," "," "," "]},"3550":{"keys":[196,215],"grid":[" "," "," "," "," "," "," ","!! 0","!# /","!$ .","!% -","10","!& ,","!' +","13","!' *!!"]}},"6497":{"3553":{"keys":[196,215],"grid":[" "," "," "," "," ","!# /","!% $!$ '","!, &","!- %","!. $","!0 !","!","!","!","!","!"]}},"6496":{"3553":{"keys":[215,196],"grid":[" ,!&"," .!$"," /!#"," 0!!"," "," "," "," "," "," "," "," "," "," "," "," "]},"3552":{"keys":[215,196],"grid":[" $!.","00","00"," %!-","03","03"," &!,","06"," '!+","08"," (!*"," )!)","11"," *!("," +!'","14"]},"3551":{"keys":[196,215],"grid":[" "," "," "," "," "," "," "," "," "," "," "," "," ","!! 0","13","!# /"]}},"6491":{"3549":{"keys":[196,215],"grid":[" "," "," "," "," "," "," "," /!#"," -!%"," )!)"," '!+","10"," &!,","12","12","12"]},"3550":{"keys":[196,215],"grid":[" &!,"," %!-","01","01","01","01"," $!.","06","06"," #!/","09"," !!0","11","11","!","!"]}},"6490":{"3551":{"keys":[196,215],"grid":[" "," "," 0!!","02","02","02"," /!#","06"," .!$"," '!+"," &!,","!! #!.","!","!","!","!"]},"3550":{"keys":[196],"grid":[" "," "," "," "," "," "," "," "," "," "," "," "," "," "," "," "]}},"6493":{"3548":{"keys":[196,215],"grid":[" "," "," "," "," "," "," "," "," "," "," "," ","!! 0","!# /","!$ .","!% -"]},"3549":{"keys":[215,196],"grid":[" %!-"," &!,","01","01","01","01"," '!+","06","06","06"," (!*","10","10","10","10"," )!)"]},"3550":{"keys":[215,196],"grid":[" *!("," +!'","01"," -!%"," .!$"," /!#"," 0!!"," "," "," "," "," "," "," "," "," "]}},"6492":{"3548":{"keys":[196,215],"grid":[" "," "," "," "," "," "," "," "," "," "," ,!$ #"," +!'","11"," *!("," )!)"," (!*"]},"3549":{"keys":[196,215],"grid":[" '!+"," &!,"," %!-"," $!."," #!/"," !!0","!","!","!","!","!","!","!","!","!","!"]}},"6507":{"3559":{"keys":[196,215],"grid":[" "," "," "," #!! ."," !!) ("," !!+ &"," !!, $!!"," !!0","!","!","!","!","!","!","!","!"]}},"6499":{"3556":{"keys":[215,196],"grid":[" $!) &"," %!' '"," &!& '"," &!$ )"," "," "," "," "," "," "," "," "," "," "," "," "]},"3555":{"keys":[196,215],"grid":[" "," "," "," "," "," "," "," "," "," "," "," "," "," "," "," -!%"]}},"6498":{"3556":{"keys":[215,196],"grid":[" &!) $"," &!( %"," (!% &"," "," "," "," "," "," "," "," "," "," "," "," "," "]},"3555":{"keys":[215,196],"grid":[" $!."," %!-","01"," &!,","03"," '!+","05","03","03","03","01","01","01","01","01","03"]},"3554":{"keys":[215,196],"grid":[" #!/","00","00","00","00"," $!.","05"," %!-","05","00"," !!0","10","00","05","05","05"]},"3553":{"keys":[196,215],"grid":[" "," "," "," "," "," "," "," "," "," "," "," ","!! 0","12","12","!# /"]}},"6506":{"3559":{"keys":[196,215],"grid":[" "," "," "," "," $!$ +"," !!& +","!' +","!) )","!+ %!#","!","!","!","!","!","!","!"]}},"6419":{"3571":{"keys":[196,209],"grid":[" "," "," "," "," "," "," "," "," "," "," "," ","!$ .","!( *","!+ '","!- %"]},"3572":{"keys":[209,196],"grid":[" .!$","00"," /!#","02","02","02","02","02","02","02"," 0!!","10"," "," "," "," "]}},"6418":{"3571":{"keys":[196,209],"grid":[" "," "," "," "," "," "," "," ","!! 0","!$ .","!% -","!- %","!","!","!","!"]}},"6415":{"3571":{"keys":[196,209],"grid":[" "," "," "," "," "," "," "," "," "," "," "," "," "," '!% '"," $!, #"," $!."]},"3572":{"keys":[196,209],"grid":[" #!/","00"," !!0","02","02","02","02","02","!","!","!","!","!","!","!","!"]}},"6414":{"3573":{"keys":[209,196],"grid":[" !!- $"," #!+ %"," $!) &"," "," "," "," "," "," "," "," "," "," "," "," "," "]},"3572":{"keys":[196,209],"grid":[" "," "," "," "," "," "," "," "," "," "," "," "," "," 0!!","13"," /!#"]}},"6417":{"3571":{"keys":[196,209],"grid":[" "," "," "," "," "," "," "," *!("," #!! #!,","!","!","!","!","!","!","!"]}},"6416":{"3571":{"keys":[196,209],"grid":[" "," "," "," "," "," "," "," "," "," 0!!"," .!$"," -!%"," ,!&"," +!'"," )!)","!"]}},"6411":{"3570":{"keys":[196,209],"grid":[" "," "," "," "," "," %!-"," !!0","!","!","!","!","!","!","!","!","!"]}},"6410":{"3571":{"keys":[209],"grid":[" "," "," "," "," "," "," "," "," "," "," "," "," "," "," "," "]},"3570":{"keys":[196,209],"grid":[" "," "," "," "," "," "," "," 0!!"," /!#","08"," .!$"," -!%"," ,!&"," +!'"," )!)"," #!/"]}},"6413":{"3571":{"keys":[196,209],"grid":[" "," ","!! 0","!# /","03","!$ .","05","05","05","!% -","09","09","!& ,","12","12","12"]},"3572":{"keys":[209,196],"grid":[" &!,"," '!+","01"," (!*","03"," )!)"," *!("," +!'"," ,!&"," .!$","09"," /!#","11"," 0!!","13"," "]}},"6412":{"3571":{"keys":[209,196],"grid":[" 0!!"," "," "," "," "," "," "," "," "," "," "," "," "," "," "," "]},"3570":{"keys":[196,209],"grid":[" "," "," "," "," ","!$ .","!& ,","!' +","!) )","!* (","!+ '","!, &","!- %","!. $","!/ #","!0 !"]}},"6468":{"3562":{"keys":[196,215],"grid":[" "," "," $!' (","!+ '","03","!* (","05","!) )","07","07","!( *","10","10","10","10","!' +"]},"3563":{"keys":[215,196],"grid":[" '!+","00","00","00","00","00"," &!,","06","06","06","00","00","00"," (!*","13","13"]},"3564":{"keys":[215,196],"grid":[" )!)","00","00"," *!(","03","03","03","03"," +!'"," -!%"," /!#"," "," "," "," "," "]}},"6469":{"3564":{"keys":[196,215],"grid":[" "," "," "," "," "," "," "," "," "," "," ","!# /","!% -","!& ,","!. $","!/ #"]},"3565":{"keys":[215,196],"grid":[" 0!!"," "," "," "," "," "," "," "," "," "," "," "," "," "," "," "]}},"6508":{"3559":{"keys":[196,215],"grid":[" #!/","00","00"," !!0","03","03","03","!","!","!","!","!","!","!","!","!"]},"3558":{"keys":[196,215],"grid":[" "," "," /!! !"," #!/","03","03","03"," !!0","!","!","!! !!/"," %!-","11","11"," $!.","14"]}},"6460":{"3568":{"keys":[196,215],"grid":[" "," "," "," "," "," "," "," "," ","!! 0","!# /","!$ .","!% -","!& ,","!' +","!( *"]},"3569":{"keys":[215,196],"grid":[" (!*"," )!)"," *!("," +!'"," ,!&","03"," +!$ #!!"," ,!! %"," "," "," "," "," "," "," "," "]}},"6461":{"3569":{"keys":[196,215],"grid":[" "," "," "," "," "," "," "," "," "," ","!# /","!& ,","!' +","12","!( *","!) )"]},"3570":{"keys":[215,196],"grid":[" )!)"," +!$ #!!"," ,!# $"," "," "," "," "," "," "," "," "," "," "," "," "," "]}},"6462":{"3568":{"keys":[196,215],"grid":[" "," 0!!","01"," /!#","03","03","03"," .!$","07","07","07","03","03","03","01","01"]},"3569":{"keys":[196,215],"grid":[" "," "," 0!!","02"," /!#","04"," .!$","06","06","06","04","04","04"," '!! &!%"," &!,"," %!-"]},"3570":{"keys":[196,215],"grid":[" $!."," #!/","!","!","!","!","!","!","!","!","!","!","!","!","!","!"]},"3567":{"keys":[196],"grid":[" "," "," "," "," "," "," "," "," "," "," "," "," "," "," "," "]}},"6463":{"3566":{"keys":[196,215],"grid":[" %!-","00","00","00","00","00","00","00","00"," &!,","09"," '!+","11","11","11","09"]},"3567":{"keys":[196,215],"grid":[" &!,","00"," %!-","02","02","02"," $!.","06","06"," #!/","09"," !!0","11","11","!","!"]},"3564":{"keys":[196,215],"grid":[" "," "," "," "," "," "," 0!!","06"," /!#","08"," .!$"," -!%","11","11"," ,!&","14"]},"3565":{"keys":[196,215],"grid":[" +!'","00"," *!(","02"," )!)","04","04"," (!*"," '!+","08","08"," &!,","11","11","11"," %!-"]}},"6464":{"3563":{"keys":[196,215],"grid":[" "," 0!!"," /!#"," .!$","03","03"," -!%","06"," ,!&","08"," +!'","10"," *!("," )!)"," (!*"," '!+"]},"3564":{"keys":[196,215],"grid":[" &!,"," %!-"," $!."," #!/"," !!0","!","!","!","!","!","!","!","!","!","!","!"]}},"6488":{"3552":{"keys":[196,215],"grid":[" '!+"," &!,","!","!","!","!","!","!","!","!","!","!","!","!","!","!"]},"3551":{"keys":[196,215],"grid":[" "," "," "," "," "," "," "," "," "," "," "," "," .!$"," +!'"," )!)"," (!*"]}},"6466":{"3562":{"keys":[196,215],"grid":[" "," "," "," "," "," "," "," "," "," /!#"," -!%"," *!("," '!+"," %!-","!","!"]}},"6467":{"3562":{"keys":[196,215],"grid":[" "," "," "," "," .!$"," *!("," '!+"," $!."," !!0","!","!","!","!","!","!","!"]}},"6522":{"3574":{"keys":[196,215],"grid":[" "," "," "," ","!# '!' #","!# %!+","!$ !!-","!","!","!","!","!","!","!","!","!"]},"3560":{"keys":[196,215],"grid":[" "," "," "," ","!! 0","04","04","!# /","!$ .","!' +","09","!( *","09","09","!& ,","!' !!! )"]},"3561":{"keys":[215,196],"grid":[" *!("," -!%","01"," .!$"," /!#"," "," "," "," "," "," "," "," "," "," "," "]},"3568":{"keys":[196,215],"grid":[" )!)"," *!("," +!'","02"," -!%"," .!$","05"," 0!!"," "," "," "," "," "," "," "," "]},"3567":{"keys":[215,196],"grid":[" "," "," "," "," "," "," "," "," "," "," "," ","!( *","!' +","12","!) )"]}}}}