{"9":{"407":{"240":{"keys":[215,1],"grid":[" "," ","!! 0","02","02"," "," ","02","02"," "," "," "," "," "," "," "]}},"401":{"252":{"keys":[211,1],"grid":[" "," "," "," "," "," "," "," "," "," "," "," "," "," "," ","!# /"]},"253":{"keys":[210,1,211],"grid":[" !!##."," #!$#,"," %!##+"," &!$#)"," (!##("," )!##'"," *!$#%"," ,!##$"," -!###"," .!$"," 0!!"," "," "," "," "," "]},"247":{"keys":[208,1,211],"grid":[" $!##,"," #!##-"," #!!#.","01","01"," !!##.","!##/","!!#0","#","#","#","#","#","#","#","#"]},"246":{"keys":["",208,211,1],"grid":[" "," "," "," "," "," "," "," ","!% -","08","08","08","!& $#% %","!&$!#' %","!%$##' %","!%$!#( %"]}},"406":{"240":{"keys":[216,1,215],"grid":[" -!!#$"," -!%"," /!#"," &!$ )","!! !!%#!!! (!!","!$#%!# '!!","#)!% $!!","#)!& #!!","#-!%","#","#","#","#","#","#","#"]}},"400":{"252":{"keys":[211,1,210],"grid":[" "," "," ","!! 0","!$ .","##!# -","#$!# ,","#%!$ *","#'!# )","#(!# (","#)!$ &","#+!# %","#,!# $","#-!$ !","#/!#","#0!!"]},"247":{"keys":[208,1,211],"grid":[" "," "," "," "," "," "," "," 0!!","07"," &!% '!!"," $!$##!# %!#","!%#&!! $!##!","!!#)!'#!","!!#0","13","#"]}},"414":{"254":{"keys":[211,1,210],"grid":[" "," "," "," "," "," "," "," !!% ,","!###!' !!% !","#'!##!!$##!#","#*!##&","#","#","#","#","#"]}},"415":{"253":{"keys":[211,1,210],"grid":[" "," "," "," "," "," "," "," "," "," "," "," "," /!#"," ,!%#!"," *!$#%"," )!##'"]},"254":{"keys":[211,1,210],"grid":[" )!##'","00"," )!!#(","02"," (!##("," (!!#)"," #!'#)"," !!##."," !!!#/","!##/","#","#","#","#","#","#"]}},"405":{"240":{"keys":[216,1,215],"grid":[" "," "," "," "," /!#"," '!% %!#"," '!##!!'#!"," '!!#&!###"," '!!#*"," '!##)","09"," &!##*"," $!$#+"," $!!#-"," #!##-","!$#."]}},"404":{"253":{"keys":[211,"",210,1],"grid":[" )!)","00","00","00"," -!%","04","04","04","04","04","04","04"," +!##%","12","12","$! *!!#&"]},"241":{"keys":[1,216,215],"grid":[" #!) ##%","#! $!$ %#&","#$ &#)","#","#","#","#","#","#","#","#","#","#","#","#","#"]},"240":{"keys":[216,1],"grid":[" "," "," "," "," "," "," "," "," "," "," "," "," "," "," -!$ !"," ,!&"]},"254":{"keys":[1,211,210],"grid":[" !!* !#&"," !!( $#&"," #!! '#(","#! $#-","#","#","#","#","#","#","#","#","#","#","#","#"]}},"403":{"253":{"keys":[211,1,217],"grid":[" "," "," "," "," "," "," "," "," "," "," "," "," "," "," (!& %"," '!%#!!&"]},"241":{"keys":[216,1,215,""],"grid":[" -!%"," +!$#$"," *!##&"," %$$#!!##'","$%#-","04","04","04","$)#)","08","08","08","08","08","08","08"]},"254":{"keys":[211,1,217,210],"grid":[" '!!#*"," &!##*","!! $!##*!!","!# #!##(!$","$!!(##!%$#","$%!!$#!%$&","$)!#$'","$","$","$","$","$","$","$","$","$"]}},"402":{"253":{"keys":[211,1,210],"grid":[" "," "," "," "," "," "," "," "," "," ","!! 0","!# /","#!!$ -","#$!# ,","#%!# +","#&!$ )"]},"254":{"keys":[210,1,211],"grid":[" (!##("," )!&#$"," -!%"," "," "," "," "," "," "," "," "," "," "," "," "," "]}},"412":{"253":{"keys":[211,1,210],"grid":[" "," "," "," "," "," "," "," "," "," "," ","!! 0","!# /","#!!# .","##!# -","#$!$ +"]},"254":{"keys":[210,1,211],"grid":[" %!$#*"," '!!#*"," '!##)"," (!##("," )!%#%"," ,!##$"," -!!#$"," -!###"," .!!##"," .!$"," "," "," "," "," "," "]}},"413":{"254":{"keys":[211,1,210],"grid":[" "," "," "," "," "," "," "," "," ,!&","!! *!##%","!# (!##&","#!!# #!&#'","##!'#)","#","#","#"]}},"411":{"253":{"keys":[210,1,211],"grid":[" /!#"," /!!#!","01"," .!##!"," -!###","04","04"," .!$"," 0!!","08","08","08"," "," "," "," "]}}},"13":{"6412":{"4044":{"keys":[211,210],"grid":[" "," "," "," "," "," "," "," "," ","!# /","!$ .","!& ,","!' +","!) )","!* (","!, &"]},"4045":{"keys":[210,211],"grid":[" -!%"," /!#"," 0!!"," "," "," "," "," "," "," "," "," "," "," "," "," "]},"3964":{"keys":[208,211],"grid":[" "," "," "," "," "," ","!# &!! )","!+ '","!- %","!","!","!","!","!","!","!"]}},"6480":{"3855":{"keys":[216,215],"grid":[" "," "," "," "," *!(","!","!","!","!","!","!","!","!","!","!","!"]}},"6479":{"3855":{"keys":[216,215],"grid":[" ","!# /","!& ,","!) )","!+ '","!","!","!","!","!","!","!","!","!","!","!"]}},"6478":{"3854":{"keys":[216,215],"grid":[" "," "," "," "," "," "," "," "," "," "," "," "," ","!! 0","!) )","!, &"]},"3855":{"keys":[215,216],"grid":[" 0!!"," "," "," "," "," "," "," "," "," "," "," "," "," "," "," "]}},"6648":{"4063":{"keys":[211,210],"grid":[" "," "," "," "," "," "," 0!!"," /!#","07"," .!$","09"," -!%","11","11","11","11"]},"4066":{"keys":[211,210],"grid":[" ,!&"," +!'"," *!(","02"," )!)","04"," (!*","06","06"," '!+","09","09","09","09","09","09"]},"4067":{"keys":[211,210],"grid":[" '!+"," &!,","01","01","01"," %!-","05"," $!."," #!/","08"," !!0","10","10","10","!","!"]},"4064":{"keys":[211,210],"grid":[" .!$"," "," "," "," "," "," "," "," "," "," "," "," "," "," "," "]},"4065":{"keys":[211,210],"grid":[" "," "," "," "," "," "," "," "," "," 0!!","09"," /!#"," .!$","12"," -!%"," ,!&"]},"4068":{"keys":[210],"grid":[" "," "," "," "," "," "," "," "," "," "," "," "," "," "," "," "]}},"6649":{"4062":{"keys":[211,210],"grid":[" "," "," "," "," "," "," "," "," "," "," "," /!#"," +!'"," (!*"," &!,"," %!-"]},"4063":{"keys":[211,210],"grid":[" $!."," #!/"," !!0","02","!","!","!","!","!","!","!","!","!","!","!","!"]},"4064":{"keys":[210,211],"grid":[" ","!( *","!) )","02","02","02","02","02","02","02","02","01","01","!' +","13","!& ,"]},"4065":{"keys":[211,210],"grid":[" &!,"," %!-"," $!.","02"," #!/","04"," !!0","!","!","!","!","!","!","!","!","!"]}},"6644":{"4070":{"keys":[211,210],"grid":[" "," ","!0 !","!","!","!","!","!","!","!","!","!","!","!","!","!"]}},"6472":{"3857":{"keys":[216,215],"grid":[" "," "," "," "," "," "," "," -!%"," )!)"," &!,"," $!."," !!0","!","!","!","!"]},"4066":{"keys":[211,210],"grid":[" &!,","!","!","!","!","!","!","!","!","!","!","!","!","!","!","!"]},"4065":{"keys":[211,210],"grid":[" "," "," "," "," "," "," "," "," "," "," "," "," 0!!"," .!$"," -!%"," *!("]}},"6471":{"3857":{"keys":[216,215],"grid":[" "," "," "," "," "," "," "," "," "," "," "," "," /!#"," -!%"," +!'"," (!*"]},"4066":{"keys":[211,210],"grid":[" "," "," ,!&"," '!+"," !!0","!","!","!","!","!","!","!","!","!","!","!"]},"3858":{"keys":[216,215],"grid":[" &!,"," $!.","!","!","!","!","!","!","!","!","!","!","!","!","!","!"]}},"6470":{"4066":{"keys":[211,210],"grid":[" "," "," "," "," "," -!%"," (!*"," #!/","!","!","!","!","!","!","!","!"]},"3858":{"keys":[216,215],"grid":[" "," "," "," /!#"," ,!&"," *!("," (!*"," %!-"," #!/","!","!","!","!","!","!","!"]}},"6640":{"4073":{"keys":[211,210],"grid":[" "," "," 0!!"," .!$"," +!'"," &!,","!","!","!","!","!","!","!","!","!","!"]}},"6476":{"3854":{"keys":[216,215],"grid":[" "," "," "," "," "," "," "," "," "," "," "," "," "," "," "," $!$ +"]},"3855":{"keys":[215,216],"grid":[" )!)"," "," "," "," "," "," "," "," "," "," "," "," "," "," "," "]}},"6475":{"3856":{"keys":[216,215],"grid":[" &!,","00","00"," %!-","03","03","03","03"," $!.","08","08"," #!/"," !!0","!","!","!"]},"3855":{"keys":[216,215],"grid":[" "," 0!!","01","01","01","01","01","01"," /!#","08"," .!$"," +!'"," )!)"," '!+"," &!,","14"]}},"6474":{"3856":{"keys":[216,215],"grid":[" "," "," "," "," "," "," "," "," "," "," "," "," "," "," 0!!"," *!("]},"3857":{"keys":[216,215],"grid":[" (!*"," '!+"," &!,","02"," %!-","04"," $!.","06"," #!/","08"," !!0","10","!","!","!","!"]},"4064":{"keys":["",210,211],"grid":[" "," ","  !!","#!!!"]},"4065":{"keys":[211,"",210],"grid":[" !!!#/"," !#0","#","#","#","#","#","#","#","#","#","#","#","#","#","#"]}},"6465":{"3856":{"keys":[216,215],"grid":[" "," "," "," "," "," "," "," "," "," "," "," "," "," "," ","!# /"]},"3857":{"keys":[215,216],"grid":[" %!-"," '!+"," )!)"," +!'"," -!%"," .!$"," 0!!"," "," "," "," "," "," "," "," "," "]},"4066":{"keys":[211,210],"grid":[" "," "," "," "," "," "," "," "," "," "," "," "," ","!! 0","13","!# /"]},"4067":{"keys":[210,211],"grid":[" $!."," +!'"," "," "," "," "," "," "," "," "," "," "," "," "," "," "]}},"6446":{"4066":{"keys":[211,210],"grid":[" "," "," "," "," "," ","!% -","!) )","!. $","!","!","!","!","!","!","!"]}},"6447":{"4066":{"keys":[211,210],"grid":[" "," "," "," "," "," "," "," "," ","!# /","!( *","!, &","!","!","!","!"]}},"6444":{"4066":{"keys":[210,211],"grid":[" (!*"," -!%"," "," "," "," "," "," "," "," "," "," "," "," "," "," "]},"4065":{"keys":[211,210],"grid":[" "," "," "," "," "," "," "," "," "," "," "," "," "," "," ","!# /"]}},"6445":{"4066":{"keys":[211,210],"grid":[" "," ","!! 0","!& ,","!+ '","!0 !","!","!","!","!","!","!","!","!","!","!"]}},"6442":{"4065":{"keys":[211,210],"grid":[" "," "," "," "," "," "," "," ","!! 0","!' +","!+ '","!0 !","!","!","!","!"]}},"6443":{"4065":{"keys":[211,210],"grid":[" "," "," "," "," "," "," "," "," "," "," "," ","!% -","!* (","!. $","!"]}},"6440":{"4064":{"keys":[211,210],"grid":[" "," "," "," "," "," "," "," "," "," ","!# /","!$ .","!% -","!& ,","!( *","!) )"]},"4065":{"keys":[210,211],"grid":[" *!("," ,!&"," -!%"," .!$"," 0!!"," "," "," "," "," "," "," "," "," "," "," "]}},"6441":{"4065":{"keys":[211,210],"grid":[" "," "," "," "," ","!$ .","!( *","!- %","!","!","!","!","!","!","!","!"]}},"6448":{"4066":{"keys":[211,210],"grid":[" "," "," "," "," "," "," "," "," "," "," "," "," ","!& ,","!( *","!) )"]},"4067":{"keys":[210,211],"grid":[" *!("," +!'"," ,!&"," -!%"," /!#"," 0!!"," "," "," "," "," "," "," "," "," "," "]}},"6449":{"4068":{"keys":[210,211],"grid":[" ,!&"," -!%"," .!$"," /!#"," "," "," "," "," "," "," "," "," "," "," "," "]},"4067":{"keys":[211,210],"grid":[" "," "," "," "," "," "," ","!! 0","!# /","!$ .","!% -","!& ,","!( *","!) )","!* (","!+ '"]}},"6655":{"4060":{"keys":[211,210],"grid":[" "," "," "," "," +!'"," &!,"," $!.","!","!","!","!","!","!","!","!","!"]}},"6654":{"4060":{"keys":[211,210],"grid":[" "," "," "," "," "," "," "," "," /!#"," .!$"," -!%"," ,!&"," +!'"," *!(","13"," )!)"]},"4061":{"keys":[211,210],"grid":[" )!)"," (!*"," '!+","02"," %!-"," #!/","!","!","!","!","!","!","!","!","!","!"]}},"6653":{"4061":{"keys":[211,210],"grid":[" "," "," "," "," "," "," %!-","!","!","!","!","!","!","!","!","!"]}},"6652":{"4061":{"keys":[211,210],"grid":[" "," "," "," "," "," "," "," -!%"," )!)"," &!,"," $!."," !!0","!","!","!","!"]}},"6651":{"4062":{"keys":[211,210],"grid":[" '!+"," $!."," !!0","!","!","!","!","!","!","!","!","!","!","!","!","!"]},"4061":{"keys":[211,210],"grid":[" "," "," "," "," "," "," "," "," "," "," "," "," /!#"," -!%"," +!'"," )!)"]}},"6650":{"4062":{"keys":[211,210],"grid":[" "," "," "," 0!!"," .!$"," -!%"," +!'"," )!)"," '!+"," %!-","!","!","!","!","!","!"]}},"6605":{"4071":{"keys":[211,210],"grid":[" "," "," "," "," "," "," "," "," "," ","!! 0","10","!# /","!$ .","13","!% -"]},"4073":{"keys":[210,211],"grid":[" +!'"," ,!&","01","01","01"," -!%"," .!$"," /!#"," 0!!"," "," "," "," "," "," "," "]},"4072":{"keys":[210,211],"grid":[" &!,"," '!+"," (!*"," )!)"," *!(","04"," +!'","06","06","06"," ,!&","10","10","10","10","10"]}},"6590":{"4055":{"keys":[211,210],"grid":[" "," "," ","!! 0","!","!","!","!","!","!","!","!","!","!","!","!"]},"4048":{"keys":[210],"grid":[" "," "," "," "," "," "," "," "," "," "," "," "," "," "," "," "]},"4049":{"keys":[210,211],"grid":[" "," "," 0!!","02"," /!#","04","04"," .!$","07","07"," -!%","10"," ,!&","12","12"," +!'"]},"4051":{"keys":[210,211],"grid":[" )!)","00","00","00","00"," '!+"," %!-"," #!/","!","!","!","!","!","!","!","!"]},"4050":{"keys":[210,211],"grid":[" +!'","00","00"," *!(","03","03","03"," )!)","07","07","07","07","07","07","07","07"]}},"6591":{"4057":{"keys":[210,211],"grid":[" *!(","00","00","00","00","00","00","00","00","00","00","00","00","00","00","00"]},"4056":{"keys":[210,211],"grid":[" ,!&","00"," +!'","02","02","02","02","02","02","02","02"," *!(","11","11","11","11"]},"4055":{"keys":[211,210],"grid":[" "," "," "," ","!( *","!) )","!+ '","06","!, &","08","08","08","08","08","08","08"]},"4048":{"keys":[210,"",211],"grid":[" )!)","00","00","00"," %!-","04","04","04"," #!##%!)","08"," !#(!)","10"," !#0","#","#","#"]},"4059":{"keys":[210,211],"grid":[" *!(","00","00","00"," +!'"," ,!&"," -!%"," .!$"," /!#"," 0!!"," "," "," "," "," "," "]},"4058":{"keys":[210,211],"grid":[" *!(","00","00","00","00","00","00","00","00","00","00","00","00","00","00","00"]}},"6592":{"4060":{"keys":[210,211],"grid":[" %!-"," &!,"," '!+"," (!*"," )!)"," *!("," +!'"," ,!&","07"," -!%"," /!#"," 0!!"," "," "," "," "]},"4059":{"keys":[211,210],"grid":[" "," "," "," "," "," "," "," "," "," "," ","!! 0","11","!# /","!$ .","14"]}},"6593":{"4060":{"keys":[211,210],"grid":[" "," "," "," "," "," "," "," "," "," "," "," "," ","!! 0","!# /","!$ ."]},"4061":{"keys":[210,211],"grid":[" %!-"," '!+"," (!*"," *!("," ,!&"," -!%"," .!$"," /!#"," "," "," "," "," "," "," "," "]}},"6594":{"4062":{"keys":[210,211],"grid":[" )!)"," *!(","01","01"," +!'","04","01","01","01","01","01","01"," +!& !"," -!# #"," "," "]},"4061":{"keys":[211,210],"grid":[" "," "," "," "," "," "," "," "," ","!! 0","!$ .","!% -","!& ,","!' +","!( *","!) )"]}},"6595":{"4062":{"keys":[211,210],"grid":[" "," "," "," "," "," "," "," "," "," #!& *"," !!( )","!* (","11","11","!) )","14"]},"4063":{"keys":[210,211],"grid":[" )!)"," (!*","01","01","01","01","01","01","01","00"," *!("," +!'"," ,!&"," -!%"," /!#"," "]}},"6596":{"4063":{"keys":[211],"grid":[" "," "," "," "," "," "," "," "," "," "," "," "," "," "," "," "]},"4064":{"keys":[210],"grid":[" "," "," "," "," "," "," "," "," "," "," "," "," "," "," "," "]}},"6597":{"4063":{"keys":[211,210],"grid":[" "," "," "," "," "," "," "," "," "," "," "," "," "," "," ","!# /"]},"4064":{"keys":[210,211],"grid":[" ,!&"," .!$"," /!#"," 0!!"," "," "," "," "," "," "," "," "," "," "," "," "]}},"6598":{"4066":{"keys":[210,211],"grid":[" +!'"," ,!&","01","01"," -!%","04"," .!$"," /!#"," 0!!","08"," "," "," "," "," "," "]},"4064":{"keys":[211,210],"grid":[" "," "," "," "," ","!! 0","05","!# /","!$ .","08","!% -","10","10","10","!& ,","14"]},"4065":{"keys":[210,211],"grid":[" &!,","00"," '!+","02"," (!*","04"," )!)","06"," *!(","08","08","08","08"," +!'","13","13"]}},"6599":{"4066":{"keys":[211,210],"grid":[" "," "," "," "," "," "," "," "," "," "," ","!! 0","!$ .","!( *","!+ '","!/ #"]},"4067":{"keys":[210],"grid":[" "," "," "," "," "," "," "," "," "," "," "," "," "," "," "," "]}},"6451":{"4068":{"keys":[211,210],"grid":[" "," "," "," "," "," "," "," "," ","!! 0","!& ,","!* (","!. $","!","!","!"]}},"6450":{"4068":{"keys":[211,210],"grid":[" "," "," "," "," ","!! 0","!& ,","!* (","!. $","!","!","!","!","!","!","!"]}},"6453":{"4068":{"keys":[210,217],"grid":[" '!+"," (!*"," )!)"," *!(","03"," ,!&"," 0!!"," "," "," "," "," "," "," "," "," "]},"4066":{"keys":[211,217],"grid":[" ,!&","00"," +!'"," *!(","03"," )!)","05"," '!+"," &!,"," $!."," #!/","!","!","!","!","!"]},"4067":{"keys":[217,210],"grid":[" "," "," "," "," "," "," "," "," "," "," ","!! 0","!# /","!$ .","!% -","!& ,"]},"4065":{"keys":[211,217],"grid":[" "," "," "," "," "," "," "," "," "," "," 0!!"," /!#","11"," .!$"," -!%","14"]}},"6452":{"4068":{"keys":[211,210],"grid":[" 0!!","00","00","00","00"," /!#","05","05","05","05"," .!$","10","10","!! -!$","!& (!%","!) %!%"]},"4069":{"keys":[210],"grid":[" "," "," "," "," "," "," "," "," "," "," "," "," "," "," "," "]},"4066":{"keys":[211,217],"grid":[" "," "," "," "," "," "," "," "," "," "," "," "," 0!!"," .!$"," -!%","14"]},"4067":{"keys":[211,217],"grid":[" -!%","00","00"," .!$","03","03"," /!#","06"," 0!!","08"," "," "," "," "," "," "]}},"6455":{"4062":{"keys":[211,217],"grid":[" "," "," "," "," "," "," "," "," "," "," "," "," "," "," "," /!#"]},"4063":{"keys":[211,217],"grid":[" .!$"," -!%"," ,!&"," *!("," '!+"," %!-"," $!."," #!/","07","07"," !!0","10","10","!","!","!"]},"4068":{"keys":[217,210],"grid":[" "," "," "," "," "," "," "," "," "," "," "," "," "," %!! ,","!% -","!$ ."]},"4069":{"keys":[210,217],"grid":[" $!."," #!/"," !!0","00"," %!-"," '!+"," (!*"," )!)"," +!'"," ,!&"," .!$"," /!#"," "," "," "," "]}},"6454":{"4063":{"keys":[211,217],"grid":[" "," "," "," "," "," "," "," "," "," "," "," "," "," "," 0!!"," /!#"]},"4068":{"keys":[217,210],"grid":[" "," "," "," "," "," "," ","!% -","!& ,","!' +","!( *","!* (","!, &","!","!","!"]},"4064":{"keys":[211,217],"grid":[" .!$"," -!%"," ,!&","02"," +!'","04","04","04","04"," *!(","09"," )!)","11"," (!*"," '!+","14"]},"4065":{"keys":[211,217],"grid":[" &!,"," %!-","01"," $!.","03"," #!/"," !!0","06","!","!","!","!","!","!","!","!"]}},"6457":{"4062":{"keys":[211,217],"grid":[" "," "," "," "," "," "," "," "," 0!!"," .!$"," -!%"," ,!&"," *!("," )!)"," '!+"," &!,"]},"4063":{"keys":[211,217],"grid":[" $!."," !!0","!","!","!","!","!","!","!","!","!","!","!","!","!","!"]},"4069":{"keys":[217,210],"grid":[" "," "," "," "," "," "," "," 0!!"," .!$"," -!%"," +!'"," *!("," (!*"," '!+"," %!-"," $!."]},"4070":{"keys":[217,210],"grid":[" !!0","!","!","!","!","!","!","!","!","!","!","!","!","!","!","!"]},"3858":{"keys":[216,215],"grid":[" "," "," "," "," "," "," "," "," "," "," "," /!#"," .!$"," ,!&"," +!'"," *!("]},"3859":{"keys":[216,215],"grid":[" (!*"," '!+"," %!-"," $!."," !!0","!","!","!","!","!","!","!","!","!","!","!"]}},"6456":{"4062":{"keys":[211,217],"grid":[" "," "," "," "," "," "," "," "," "," "," "," "," "," !!% ,","!) )","!* ("]},"4063":{"keys":[217,211],"grid":[" ,!&"," .!$"," "," "," "," "," "," "," "," "," "," "," "," "," "," "]},"4069":{"keys":[217,210],"grid":[" "," "," "," "," "," "," "," "," "," "," "," "," ","!! 0","!# /","!% -"]},"4070":{"keys":[210,217],"grid":[" &!,"," (!) !"," )!' #"," +!# %"," "," "," "," "," "," "," "," "," "," "," "," "]},"3859":{"keys":[216,"",215],"grid":[" "," "," "," ","!% -","04","!% ,#!","!% *#$","!%#%!! $#%","!%#-","09","09","#","#","#","#"]}},"6459":{"4062":{"keys":[211,217],"grid":[" "," "," "," "," "," "," "," "," ","!$ .","!% -","!' +","!( *","!) )","!* (","!+ '"]},"3857":{"keys":[216,215],"grid":[" "," "," "," "," 0!!"," /!#"," -!%"," ,!&"," *!("," )!)"," (!*"," &!,"," %!-"," #!/"," !!0","!"]},"4068":{"keys":[217,210],"grid":[" "," "," "," "," "," "," "," "," /!#"," -!%"," +!'"," )!)"," '!+"," %!-"," #!/","!"]},"4063":{"keys":[217,211],"grid":[" ,!&"," -!%"," .!$"," /!#"," 0!!"," "," "," "," "," "," "," "," "," "," "," "]}},"6458":{"4062":{"keys":[211,217],"grid":[" "," "," "," "," "," "," $!( '","!/ #","!","!","!","!","!","!","!","!"]},"3857":{"keys":[216,215],"grid":[" "," "," "," "," "," "," "," "," "," "," "," "," "," "," "," 0!!"]},"4068":{"keys":[217],"grid":[" "," "," "," "," "," "," "," "," "," "," "," "," "," "," "," "]},"4069":{"keys":[217,210],"grid":[" .!$"," ,!&"," *!("," (!*"," %!-"," #!/"," !!0","!","!","!","!","!","!","!","!","!"]},"3858":{"keys":[216,215],"grid":[" /!#"," .!$"," ,!&"," +!'"," )!)"," (!*"," &!,"," %!-"," $!."," !!0","!","!","!","!","!","!"]}},"6510":{"3841":{"keys":[215,216],"grid":[" "," "," "," "," "," "," "," "," "," "," "," ","!! 0","!# /","!$ .","14"]},"3848":{"keys":[216,215],"grid":[" "," "," "," "," "," "," "," "," ","!","!","!","!","!","!","!"]},"3842":{"keys":[216,215],"grid":[" %!-"," &!) $"," '!( $"," '!' %"," &!' &"," &!& '"," '!$ ("," )!! ("," "," "," "," "," "," "," "," "]}},"6511":{"3841":{"keys":[215,216],"grid":[" "," "," "," "," "," "," "," "," "," "," "," "," '!$ ("," &!& '"," %!( &"," #!+ %"]},"3842":{"keys":[216,215],"grid":[" .!$","00"," /!#","02"," 0!!"," "," "," "," "," "," "," "," "," "," "," "]},"3845":{"keys":[216,215],"grid":[" '!+","00","00","00","00"," (!*"," )!)","06","06","06","05","05","00"," &!,","13"," %!-"]},"3844":{"keys":[216,215],"grid":[" "," "," "," "," "," "," "," "," "," )!# '"," '!+","10","10","10","10","10"]},"3847":{"keys":[216,215],"grid":[" 0!!","00"," "," "," "," "," "," "," "," "," "," "," "," "," "," "]},"3846":{"keys":[216,215],"grid":[" %!-","00","00"," &!,"," '!+"," (!*"," )!)"," *!(","07"," +!'"," ,!&"," -!%"," .!$"," /!#","13"," 0!!"]},"3848":{"keys":[216,215],"grid":[" "," "," "," "," "," "," "," "," *!& #","!0 !","!","!","!","!","!","!"]}},"6512":{"3848":{"keys":[216,215],"grid":[" '!+","00","00","00","00","00","00","00","00","00","00","!# %!+","!$ $!+","!% #!+","!& !!+","!"]},"3843":{"keys":[216,215],"grid":[" '!+","00","00","00","00","00","00"," (!*","07","07","07","07","07","07"," )!)","14"]},"3842":{"keys":[215,216],"grid":[" "," "," "," "," "," "," ","!! 0","!# /","08","!$ .","!% -","11","!& ,","13","!' +"]},"3844":{"keys":[216,215],"grid":[" )!)","00","00"," *!(","03"," +!'","05"," ,!&","07"," -!%","09","!# +!%","!' #!)","!","!","!"]},"3847":{"keys":[215,216],"grid":[" "," "," ","!! 0","03","!# /","05","05","!$ .","!% -","09","!& ,","11","!' +","13","13"]}},"6589":{"4055":{"keys":[210,211],"grid":[" ,!&"," .!$"," 0!!"," "," "," "," "," "," "," "," "," "," "," "," "," "]},"4054":{"keys":[211,210],"grid":[" "," "," ","!# /","!$ .","!% -","!& ,","!' +","07","!( *","09","!) )","11","!* (","13","!+ '"]},"4053":{"keys":[211,210],"grid":[" "," "," ","!! 0","03","03","03","03","03","03","03"," "," "," "," "," "]},"4052":{"keys":[210,211],"grid":[" +!'"," *!(","01"," )!)","03"," '!+"," $!.","!","!","!","!","!","!","!","!","!"]},"4051":{"keys":[210,211],"grid":[" "," "," "," "," "," "," "," "," "," /!#"," .!$"," -!%"," ,!&","12"," +!'","14"]}},"6588":{"4054":{"keys":[210,211],"grid":[" 0!!","00"," "," "," "," "," "," "," "," "," "," "," "," "," "," "]},"4053":{"keys":[210,211],"grid":[" 0!!"," "," "," "," "," "," "," "," "," "," "," "," "," ","00","00"]},"4052":{"keys":[210,211],"grid":[" "," "," "," "," "," "," "," "," .!$","08","08","08","08"," /!#","13"," 0!!"]}},"6424":{"4053":{"keys":[210,211],"grid":[" )!)"," *!("," ,!&"," -!%"," .!$"," 0!!"," "," "," "," "," "," "," "," "," "," "]},"4052":{"keys":[211,210],"grid":[" "," "," "," "," "," "," "," "," "," "," ","!! 0","!# /","!% -","!& ,","!' +"]}},"6425":{"4054":{"keys":[210,211],"grid":[" /!#"," 0!!"," "," "," "," "," "," "," "," "," "," "," "," "," "," "]},"4053":{"keys":[211,210],"grid":[" "," "," "," "," "," "," ","!! 0","!$ .","!% -","!' +","!( *","!) )","!+ '","!, &","!. $"]}},"6426":{"4054":{"keys":[211,210],"grid":[" "," ","!! 0","!# /","!$ .","!& ,","!' +","!) )","!* (","!+ '","!- %","!. $","!0 !","!","!","!"]}},"6427":{"4055":{"keys":[210,211],"grid":[" %!-"," '!+"," (!*"," )!)"," +!'"," ,!&"," -!%"," /!#"," 0!!"," "," "," "," "," "," "," "]},"4054":{"keys":[211,210],"grid":[" "," "," "," "," "," "," "," "," "," "," "," "," "," ","!! 0","!$ ."]}},"6420":{"3952":{"keys":[208,211],"grid":[" $!."," #!/"," !!0","02","!","!","!","!","!","!","!","!","!","!","!","!"]},"3951":{"keys":[208,211],"grid":[" .!$"," -!%","01"," ,!&"," +!'","04"," *!("," )!)","07"," (!*","09"," '!+"," &!,","12"," %!-"," $!."]},"3950":{"keys":[208,211],"grid":[" "," "," "," "," "," "," "," "," "," "," "," "," "," 0!!"," /!#","14"]},"4049":{"keys":[211,210],"grid":[" "," "," "," "," "," "," "," "," "," "," "," "," "," "," ","!# /"]},"4050":{"keys":[210,211],"grid":[" $!."," &!,"," '!+"," (!*"," *!("," +!'"," -!%"," .!$"," 0!!"," "," "," "," "," "," "," "]}},"6421":{"3949":{"keys":["",208,211],"grid":[" "," "," "," ","!- %","04","04","!.## !","!-#%","08","!,#&","!+#'","11","!*#(","!)#)","14"]},"3950":{"keys":[208,211],"grid":[" (!*","00"," '!+"," &!,","03"," %!-"," $!.","06"," #!/"," !!0","09","!","!","!","!","!"]},"4051":{"keys":[210,211],"grid":[" ,!&"," -!%"," /!#"," 0!!"," "," "," "," "," "," "," "," "," "," "," "," "]},"4050":{"keys":[211,210],"grid":[" "," "," "," "," "," "," "," "," "," ","!# /","!$ .","!& ,","!' +","!) )","!* ("]}},"6422":{"4051":{"keys":[211,210],"grid":[" "," "," "," ","!! 0","!# /","!% -","!& ,","!' +","!) )","!* (","!, &","!- %","!. $","!0 !","!"]}},"6423":{"4052":{"keys":[210,211],"grid":[" #!/"," $!."," %!-"," '!+"," (!*"," *!("," +!'"," ,!&"," .!$"," /!#"," 0!!"," "," "," "," "," "]},"4051":{"keys":[211],"grid":[" "," "," "," "," "," "," "," "," "," "," "," "," "," "," "," "]}},"6503":{"3843":{"keys":[216,215],"grid":[" "," "," "," "," "," ","!! 0","06","!# /","08","!$ .","10","10","!% -","13","!& ,"]},"3845":{"keys":[215,216],"grid":[" 0!!"," "," "," "," "," "," "," "," "," "," "," "," "," "," "," "]},"3844":{"keys":[215,216],"grid":[" &!,","00"," '!+"," (!*","03"," )!)","05"," *!(","07"," +!'","09"," ,!&"," -!%","12"," .!$"," /!#"]}},"6502":{"3843":{"keys":[216,215],"grid":[" "," "," "," "," "," "," 0!!"," +!'","!( !!)","!","!","!","!","!","!","!"]}},"6501":{"3843":{"keys":[216,215],"grid":[" "," "," "," "," "," "," "," "," "," .!$"," ,!&"," *!("," )!)"," '!+"," &!,"," %!-"]},"3844":{"keys":[216,215],"grid":[" $!."," #!/"," !!0","!","!","!","!","!","!","!","!","!","!","!","!","!"]}},"6500":{"3844":{"keys":[216,215],"grid":[" "," "," "," 0!!"," -!%"," ,!&"," *!("," '!+"," #!/","!","!","!","!","!","!","!"]}},"6428":{"4056":{"keys":[210,211],"grid":[" +!'"," -!%"," .!$"," /!#"," "," "," "," "," "," "," "," "," "," "," "," "]},"4055":{"keys":[211,210],"grid":[" "," "," "," "," "," "," "," "," ","!! 0","!# /","!$ .","!& ,","!' +","!) )","!* ("]}},"6429":{"4057":{"keys":[210],"grid":[" "," "," "," "," "," "," "," "," "," "," "," "," "," "," "," "]},"4056":{"keys":[211,210],"grid":[" "," "," "," "," ","!! 0","!$ .","!% -","!& ,","!( *","!) )","!+ '","!, &","!- %","!/ #","!0 !"]}},"6505":{"3847":{"keys":[216,215],"grid":[" "," "," "," "," "," "," ","!! 0","!$ .","!' +","!) )","!, &","!0 !","!","!","!"]},"3846":{"keys":[216],"grid":[" "," "," "," "," "," "," "," "," "," "," "," "," "," "," "," "]}},"6504":{"3845":{"keys":[216,215],"grid":[" "," "," ","!! 0","!# /","!$ .","!% -","!& ,","07","!' +","!( *","!) )","!* (","12","!+ '","!, &"]},"3847":{"keys":[215,216],"grid":[" -!%"," ,!&","01"," +!'","03","00"," /!#"," "," "," "," "," "," "," "," "," "]},"3846":{"keys":[215,216],"grid":[" ,!&"," -!%"," .!$","02"," /!#","04"," 0!!"," "," ","06","06","04","04","02","02","01"]}},"6473":{"3857":{"keys":[216,215],"grid":[" "," "," "," "," "," &!$ )","!* (","!+ '","!, &","08","08","!- %","!. $","12","!/ !!!","!"]},"4065":{"keys":[211,210],"grid":[" "," "," "," 0!!"," .!$"," ,!&"," *!("," )!)"," '!+"," %!-"," $!."," !!0","!","!","!","!"]}},"6645":{"4070":{"keys":[211,210],"grid":[" "," "," ","!","!","!","!","!","!","!","!","!","!","!","!","!"]}},"6646":{"4070":{"keys":[211,210],"grid":[" "," -!%"," &!,","!","!","!","!","!","!","!","!","!","!","!","!","!"]}},"6647":{"4068":{"keys":[211,210],"grid":[" "," "," "," "," 0!!","04","04","04","04","04","04"," /!#","11","11"," .!$"," -!%"]},"4069":{"keys":[211,210],"grid":[" ,!&","00"," +!'","02","00","00","00","00"," -!%","08","08","00","00","02"," *!("," (!*"]},"4070":{"keys":[211,210],"grid":[" $!.","!","!","!","!","!","!","!","!","!","!","!","!","!","!","!"]}},"6477":{"3854":{"keys":[216,215],"grid":[" "," "," "," "," "," "," "," "," "," "," "," "," "," &!,","13","13"]},"3855":{"keys":[216,215],"grid":[" &!,","!","!","!","!","!","!","!","!","!","!","!","!","!","!","!"]}},"6641":{"4071":{"keys":[211,210],"grid":[" "," "," "," "," "," "," "," "," "," "," "," "," "," 0!!","13"," /!#"]},"4073":{"keys":[211,210],"grid":[" #!/"," !!0","!","!","!","!","!","!","!","!","!","!","!","!","!","!"]},"4072":{"keys":[211,210],"grid":[" /!#"," .!$","01","01"," -!%","04"," ,!&","06"," +!'"," *!(","09"," )!)"," (!*"," '!+"," %!-"," $!."]}},"6600":{"4068":{"keys":[210,211],"grid":[" *!("," +!'"," ,!&"," -!%"," .!$"," /!#"," "," "," "," "," "," "," "," "," "," "]},"4067":{"keys":[211,210],"grid":[" ","!# /","!% -","!' +","!) )","!* (","05","05","05","05","05","05","05","05","05","05"]}},"6601":{"4068":{"keys":[211,210],"grid":[" "," "," "," "," "," "," ","!# /","!% -","!& ,","!( *","!* (","!, &","!0 !","!","!"]}},"6602":{"4068":{"keys":[211,210],"grid":[" "," "," "," "," "," "," "," "," "," "," "," "," "," ","!$ .","!+ '"]}},"6603":{"4068":{"keys":[211],"grid":[" "," "," "," "," "," "," "," "," "," "," "," "," "," "," "," "]},"4069":{"keys":[210,211],"grid":[" '!+"," (!*"," *!("," +!'"," ,!&"," -!%"," .!$","06"," /!#","08"," 0!!","10","10","10"," "," "]}},"6604":{"4069":{"keys":[211],"grid":[" "," "," "," "," "," "," "," "," "," "," "," "," "," "," "," "]},"4071":{"keys":[210,211],"grid":[" -!%","00"," .!$","02"," /!#","04","04"," 0!!"," "," "," "," "," "," "," "," "]},"4070":{"keys":[211,210],"grid":[" "," ","!! 0","02","02","!# /","!$ .","06","!& ,","!' +","!( *","!) )","!* (","!+ '","13","!, &"]}},"6642":{"4071":{"keys":[211,210],"grid":[" .!$","00"," -!%"," ,!&"," +!'"," )!)"," '!+"," $!."," #!/"," !!0","09","!","!","!","!","!"]},"4070":{"keys":[211,210],"grid":[" "," "," "," "," "," "," "," "," "," "," "," "," "," 0!!","13"," /!#"]}},"6606":{"4073":{"keys":[211,210],"grid":[" "," "," "," +!# %"," '!) #"," &!+ !"," %!-"," $!."," #!/","!","!","!","!","!","!","!"]}},"6607":{"4073":{"keys":[211,210],"grid":[" "," "," "," "," "," "," ","!! 0","!$ .","!0 !","!","!","!","!","!","!"]}},"6608":{"4074":{"keys":[210,211],"grid":[" (!*","00","00","00","00"," )!)"," *!("," +!'"," -!%"," /!#"," 0!!"," "," "," "," "," "]},"4073":{"keys":[211,210],"grid":[" "," "," "," "," "," "," "," "," "," ","!# /","!$ .","!& ,","!' +","13","13"]}},"6609":{"4075":{"keys":[210,211],"grid":[" #!/"," $!."," %!-"," &!,"," '!+"," (!*"," )!)"," +!'"," ,!&"," .!$"," 0!!"," "," "," "," "," "]},"4074":{"keys":[211,210],"grid":[" "," "," "," "," "," "," "," "," "," "," "," ","!! 0","12","12","!# /"]}},"6643":{"4070":{"keys":[211,210],"grid":[" "," "," "," +!'"," )!)"," '!+"," &!,"," %!-"," $!."," #!/"," !!0","10","!","!","!","!"]}},"6437":{"4062":{"keys":[211,210],"grid":[" "," "," "," "," ","!! 0","!# /","!$ .","!& ,","!' +","!( *","!* (","!+ '","!, &","!. $","!/ #"]},"4063":{"keys":[210,211],"grid":[" 0!!"," "," "," "," "," "," "," "," "," "," "," "," "," "," "," "]}},"6436":{"4062":{"keys":[210,211],"grid":[" +!'"," ,!&"," .!$"," /!#"," 0!!"," "," "," "," "," "," "," "," "," "," "," "]},"4061":{"keys":[211,210],"grid":[" "," "," "," "," "," "," "," "," ","!! 0","!# /","!$ .","!& ,","!' +","!( *","!* ("]}},"6435":{"4060":{"keys":[211,210],"grid":[" "," "," "," "," "," "," "," "," "," "," "," "," ","!! 0","!# /","!% -"]},"4061":{"keys":[210,211],"grid":[" &!,"," '!+"," )!)"," *!("," +!'"," -!%"," .!$"," /!#"," 0!!"," "," "," "," "," "," "," "]}},"6434":{"4060":{"keys":[211,210],"grid":[" ","!! 0","!# /","!% -","!& ,","!' +","!) )","!* (","!+ '","!- %","!. $","!/ #","!","!","!","!"]}},"6433":{"4060":{"keys":[210],"grid":[" "," "," "," "," "," "," "," "," "," "," "," "," "," "," "," "]},"4059":{"keys":[211,210],"grid":[" "," "," "," "," ","!! 0","!$ .","!% -","!& ,","!( *","!) )","!* (","!+ '","!- %","!. $","!/ #"]}},"6432":{"4059":{"keys":[210,211],"grid":[" ,!&"," -!%"," .!$"," 0!!"," "," "," "," "," "," "," "," "," "," "," "," "]},"4058":{"keys":[211,210],"grid":[" "," "," "," "," "," "," "," "," ","!! 0","!$ .","!% -","!& ,","!( *","!) )","!* ("]}},"6431":{"4057":{"keys":[211,210],"grid":[" "," "," "," "," "," "," "," "," "," "," "," "," ","!# /","!$ .","!% -"]},"4058":{"keys":[210,211],"grid":[" '!+"," (!*"," )!)"," *!("," ,!&"," -!%"," .!$"," 0!!"," "," "," "," "," "," "," "," "]}},"6430":{"4057":{"keys":[211,210],"grid":[" ","!# /","!$ .","!% -","!' +","!( *","!) )","!+ '","!, &","!- %","!/ #","!0 !","!","!","!","!"]}},"6439":{"4063":{"keys":[211,210],"grid":[" "," "," "," "," "," "," "," "," "," "," "," "," "," ","!# /","!$ ."]},"4064":{"keys":[210,211],"grid":[" %!-"," '!+"," (!*"," )!)"," +!'"," ,!&"," -!%"," /!#"," 0!!"," "," "," "," "," "," "," "]}},"6438":{"4063":{"keys":[211,210],"grid":[" ","!! 0","!# /","!$ .","!% -","!' +","!( *","!) )","!+ '","!, &","!- %","!/ #","!0 !","!","!","!"]}},"6509":{"3841":{"keys":[215,216],"grid":[" "," ","!# /","!$ .","!& ,","!' +","!( *","!) )","!+ '","08","!, &","10","!- %","!. !!#","!","!"]},"3848":{"keys":[216,215],"grid":[" ","!# /","!$ .","!& ,","!' +","!) )","!* (","!, &","!. $","!","!","!","!","!","!","!"]}},"6613":{"4075":{"keys":[211,210],"grid":[" "," "," "," "," "," "," "," +!% #","07"," *!' !"," )!( !"," )!)"," (!*","12","12"," '!+"]},"4076":{"keys":[211,210],"grid":[" &!,","00"," %!-"," $!.","03"," !!0","!","!","!","!","!","!","!","!","!","!"]}},"6612":{"4076":{"keys":[211,210],"grid":[" "," "," "," "," "," "," "," /!#"," ,!&"," $!.","!","!","!","!","!","!"]}},"6488":{"3845":{"keys":[216,215],"grid":[" "," "," "," "," "," "," "," "," "," "," "," "," "," "," "," $!."]}},"6489":{"3845":{"keys":[216],"grid":[" "," "," "," "," "," "," "," "," "," "," "," "," "," "," "," "]},"3846":{"keys":[215,216],"grid":[" #!/"," %!-"," (!*"," /!#"," "," "," "," "," "," "," "," "," "," "," "," "]}},"6617":{"4075":{"keys":[211,210],"grid":[" +!'","00","00","!! )!(","!# (!(","!$ &!)","!","!","!","!","!","!","!","!","!","!"]},"4074":{"keys":[211,210],"grid":[" "," "," "," "," /!#"," .!$"," -!%"," ,!&","07"," +!'","09","09","09","09","09","09"]}},"6616":{"4075":{"keys":[211,210],"grid":[" "," -!$ !"," -!%"," ,!&","03","03"," +!'","!! )!(","!% %!)","!","!","!","!","!","!","!"]}},"6615":{"4075":{"keys":[211,210],"grid":[" "," "," "," "," "," "," .!! #"," ,!&"," +!'"," *!("," )!)"," (!*"," '!+"," &!,"," %!-"," $!."]},"4076":{"keys":[211,210],"grid":[" !!0","!","!","!","!","!","!","!","!","!","!","!","!","!","!","!"]}},"6614":{"4075":{"keys":[211,210],"grid":[" "," "," "," "," "," "," "," "," "," "," "," "," ","!! 0","!# /","14"]},"4076":{"keys":[210,211],"grid":[" %!-"," )!% %"," "," "," "," "," "," "," "," "," "," "," "," "," "," "]}},"6482":{"3854":{"keys":[216,215],"grid":[" "," "," "," "," "," "," "," "," "," "," 0!!"," /!#"," .!$"," -!%"," ,!&"," +!'"]},"3855":{"keys":[216,215],"grid":[" *!("," )!)"," '!+"," $!.","!","!","!","!","!","!","!","!","!","!","!","!"]}},"6483":{"3854":{"keys":[216,215],"grid":[" &!,","00"," %!-","02"," $!."," #!/","05"," !!0","07","!","!","!","!","!","!","!"]},"3852":{"keys":[216],"grid":[" "," "," "," "," "," "," "," "," "," "," "," "," "," "," "," "]},"3853":{"keys":[216,215],"grid":[" 0!!"," /!#"," .!$","02"," -!%","04"," ,!&","06"," +!'"," *!(","09"," )!)","11"," (!*"," '!+","14"]}},"6619":{"4073":{"keys":[211,210],"grid":[" (!*"," &!,"," %!-"," $!."," !!0","!","!","!","!","!","!","!","!","!","!","!"]},"4072":{"keys":[211,210],"grid":[" "," "," "," "," "," "," "," "," "," "," "," "," "," "," -!%"," *!("]}},"6618":{"4074":{"keys":[211,210],"grid":[" '!+"," %!-"," !!0","!","!","!","!","!","!","!","!","!","!","!","!","!"]},"4073":{"keys":[211,210],"grid":[" "," "," "," "," "," "," 0!!"," /!#","07"," .!$"," -!%"," ,!&"," +!'"," *!("," )!)"," (!*"]}},"6486":{"3847":{"keys":[216,215],"grid":[" #!/","00","00","00"," $!.","04"," %!-","06"," &!,","08"," '!+","10"," (!*","12"," )!)","14"]},"3851":{"keys":[216,215],"grid":[" .!$"," ,!&"," +!'"," )!)"," '!+"," &!,"," $!."," !!0","!","!","!","!","!","!","!","!"]},"3845":{"keys":[216,215],"grid":[" "," "," "," "," "," "," "," "," "," .!$"," ,!&"," +!'"," )!)","12","12"," *!("]},"3850":{"keys":[216,215],"grid":[" "," "," "," "," "," "," "," "," "," "," "," "," "," "," "," 0!!"]},"3846":{"keys":[216,215],"grid":[" *!("," (!*"," &!,","02","02"," '!+","05","02"," $!."," !!0","!","!","09","09","09","09"]},"3849":{"keys":[216,215],"grid":[" -!%","00"," .!$","02"," "," "," "," "," "," "," "," "," "," "," "," "]},"3848":{"keys":[216,215],"grid":[" )!)"," *!(","01"," +!'","03"," ,!&","05","05","05","03","03","03","05"," -!%","13","13"]}},"6487":{"3849":{"keys":[215,216],"grid":[" "," "," "," "," ","!! 0","!# /","!$ .","!% -","!& ,","09","!' +","!( *","12","12","12"]},"3845":{"keys":[216,215],"grid":[" .!# !"," +!'"," $!.","02"," #!/","04","04"," #!. !","07","!! !!- #","!. $","!- %","11","!, &","13","13"]},"3850":{"keys":[216,215],"grid":[" )!)","00","00","00","00","00"," *!(","06","06","06","00"," '!+"," %!-"," $!."," !!0","!"]},"3846":{"keys":[215],"grid":[" "," "," "," "," "," "," "," "," "," "," "," "," "," "," "," "]}},"6484":{"3852":{"keys":[216,215],"grid":[" "," "," 0!!"," .!$"," -!%"," +!'"," *!("," (!*"," '!+"," &!,"," %!-"," $!."," #!/"," !!0","13","!"]}},"6485":{"3852":{"keys":[216,215],"grid":[" #!/"," !!0","!","!","!","!","!","!","!","!","!","!","!","!","!","!"]},"3851":{"keys":[216,215],"grid":[" "," "," "," "," "," "," "," "," "," /!#"," -!%"," +!'"," *!("," (!*"," &!,"," %!-"]}},"6402":{"3963":{"keys":[208,211],"grid":[" "," "," 0!!"," .!$"," ,!&"," +!'"," *!("," )!)"," (!*","!! %!,","!","!","!","!","!","!"]},"4037":{"keys":[210,211],"grid":[" %!-"," &!,"," '!+"," )!)"," *!("," +!'"," -!%"," .!$"," /!#"," 0!!"," "," "," "," "," "," "]},"4036":{"keys":[211,210],"grid":[" "," "," "," "," "," "," "," "," "," "," "," "," "," ","!! 0","!# /"]}},"6403":{"4038":{"keys":[210,211],"grid":[" *!("," +!'"," ,!&"," -!%"," /!#"," 0!!"," "," "," "," "," "," "," "," "," "," "]},"3962":{"keys":[208,211],"grid":[" "," "," "," "," "," 0!!"," ,!&"," *!("," )!)"," (!*"," '!+"," &!,"," %!-","12"," $!."," #!/"]},"3963":{"keys":[208,211],"grid":[" !!0","!","!","!","!","!","!","!","!","!","!","!","!","!","!","!"]},"4037":{"keys":[211,210],"grid":[" "," "," "," "," "," "," "," "," "," ","!! 0","!# /","!$ .","!& ,","!' +","!( *"]}},"6400":{"3966":{"keys":[208,211],"grid":[" !!0","!","!","!","!","!","!","!","!","!","!","!","!","!","!","!"]},"3964":{"keys":[208,211],"grid":[" *!("," )!)","01"," (!*","03","03"," '!+","06","06"," &!,","09","09"," %!-","12","12","09"]},"3965":{"keys":[208,211],"grid":[" &!,","00","00"," %!-","03","03","03","03","03","03","03","03","03"," $!.","13"," #!/"]},"4035":{"keys":[211,210],"grid":[" "," "," "," "," ","!! 0","!# /","!$ .","!% -","!' +","!( *","!) )","!+ '","!, &","!- %","!/ #"]},"3963":{"keys":[208,211],"grid":[" "," "," "," "," "," "," "," "," "," .!$"," -!%"," ,!&","11"," +!'","13"," *!("]},"4036":{"keys":[210,211],"grid":[" 0!!"," "," "," "," "," "," "," "," "," "," "," "," "," "," "," "]}},"6401":{"3963":{"keys":[208,211],"grid":[" "," "," "," "," "," "," "," ","!! ,!! $","!% &!(","!","!","!","!","!","!"]},"4036":{"keys":[211,210],"grid":[" "," ","!! 0","!$ .","!% -","!& ,","!( *","!) )","!* (","!, &","!- %","!. $","!0 !","!","!","!"]}},"6406":{"4039":{"keys":[211,210],"grid":[" "," "," "," "," "," "," "," "," "," "," "," "," "," "," ","!! 0"]},"4040":{"keys":[210,211],"grid":[" #!/"," %!-"," &!,"," '!+"," (!*"," *!("," +!'"," ,!&"," .!$"," /!#"," 0!!"," "," "," "," "," "]},"3961":{"keys":[208,211],"grid":[" "," "," "," "," 0!!"," .!$"," -!%"," +!'"," *!("," )!)"," '!+"," &!,"," $!."," !!0","!","!"]}},"6407":{"4040":{"keys":[211,210],"grid":[" "," "," "," "," "," "," "," "," "," "," ","!! 0","!# /","!$ .","!% -","!' +"]},"4041":{"keys":[210,211],"grid":[" (!*"," )!)"," +!'"," ,!&"," -!%"," /!#"," 0!!"," "," "," "," "," "," "," "," "," "]},"3961":{"keys":[208,211],"grid":[" "," "," $!( '"," !!, %","!0 !","!","!","!","!","!","!","!","!","!","!","!"]}},"6404":{"4039":{"keys":[210,211],"grid":[" .!$"," 0!!"," "," "," "," "," "," "," "," "," "," "," "," "," "," "]},"4038":{"keys":[211,210],"grid":[" "," "," "," "," "," "," ","!# /","!$ .","!% -","!' +","!( *","!) )","!+ '","!, &","!- %"]},"3962":{"keys":[208,211],"grid":[" "," "," "," "," ","!' %!'","!","!","!","!","!","!","!","!","!","!"]}},"6405":{"4039":{"keys":[211,210],"grid":[" "," "," ","!! 0","!$ .","!% -","!& ,","!( *","!) )","!* (","!+ '","!- %","!. $","!/ #","!","!"]},"3962":{"keys":[208,211],"grid":[" +!'"," )!)"," '!+"," $!.","!","!","!","!","!","!","!","!","!","!","!","!"]},"3961":{"keys":[208,211],"grid":[" "," "," "," "," "," "," "," "," "," "," "," "," "," "," 0!!"," -!%"]}},"6408":{"3962":{"keys":[211,208],"grid":[" *!(","00"," +!'","02"," ,!&"," .!$"," "," "," "," "," "," "," "," "," "," "]},"4041":{"keys":[211,210],"grid":[" "," "," "," "," "," "," "," ","!# /","!$ .","!% -","!& ,","!( *","!) )","!* (","!, &"]},"4042":{"keys":[210,211],"grid":[" -!%"," .!$"," 0!!"," "," "," "," "," "," "," "," "," "," "," "," "," "]},"3961":{"keys":[208,211],"grid":[" "," "," "," "," ","!! 0","!# /","!% -","!& ,","08","!' +","!( *","11","!) )","13","!* ("]}},"6409":{"3964":{"keys":[211,208],"grid":[" -!%","00"," .!$","02","02"," /!#","05"," 0!!","07"," "," "," "," "," "," "," "]},"3962":{"keys":[208,211],"grid":[" "," "," "," "," "," ","!& ,","06","!' +","08","06","06","06","06","!% -","14"]},"3963":{"keys":[211,208],"grid":[" %!-","00","00","00"," &!,","04","04"," '!+","07"," (!*"," )!)"," *!("," +!'","12"," ,!&","14"]},"4042":{"keys":[211,210],"grid":[" "," "," "," ","!! 0","!# /","!% -","!& ,","!' +","!) )","!* (","!+ '","!- %","!. $","!/ #","!0 !"]}},"6495":{"3845":{"keys":[215,216],"grid":[" '!( $"," )!% %"," *!# &"," "," "," "," "," "," "," "," "," "," "," "," "," "]},"3844":{"keys":[216,215],"grid":[" "," "," "," "," "," "," "," "," "," "," "," ","!$ .","!% -","!& ,","!' )!! !"]}},"6494":{"3845":{"keys":[216,215],"grid":[" 0!!"," /!#","01"," .!$","03"," -!%"," ,!&","06","06"," +!'"," *!(","09"," )!)"," '!+"," %!-","14"]},"3844":{"keys":[216,215],"grid":[" "," "," "," "," "," "," "," "," "," "," "," "," "," "," "," 0!!"]},"3846":{"keys":[216,215],"grid":[" #!/"," !!0","01","!","!","!","!","!","!","!","!","!","!","!","!","!"]}},"6497":{"3845":{"keys":[216,215],"grid":[" "," /!#"," -!%"," +!'"," %!-","!","!","!","!","!","!","!","!","!","!","!"]}},"6496":{"3845":{"keys":[215,216],"grid":[" %!-"," &!,","01","01"," (!$ #!%"," "," "," "," "," "," "," "," "," "," "," "]},"3844":{"keys":[216,215],"grid":[" "," "," "," "," "," "," "," "," "," "," "," "," "," "," "," !!! /"]}},"6491":{"3846":{"keys":[216,215],"grid":[" "," "," "," "," "," "," "," "," &!! +","!' +","!) )","!* (","!/ #","!0 !","!","!"]}},"6490":{"3846":{"keys":[216,215],"grid":[" "," "," "," "," ","!! 0","!$ .","!& ,","!) )","!, %!!","!","!","!","!","!","!"]}},"6493":{"3847":{"keys":[216,215],"grid":[" &!,"," %!-","01"," !!0","!","!","!","!","!","!","!","!","!","!","!","!"]},"3846":{"keys":[216,215],"grid":[" "," "," "," "," "," 0!!"," .!$","06"," -!%","08","08","08"," )!)","12","12"," '!+"]}},"6492":{"3847":{"keys":[215,216],"grid":[" &!,"," (!*"," *!("," ,!&"," .!$"," 0!!"," "," "," "," "," "," "," "," "," "," "]},"3846":{"keys":[216,215],"grid":[" "," "," "," "," "," "," "," "," "," "," "," "," "," ","!! 0","!$ ."]}},"6507":{"3847":{"keys":[215,216],"grid":[" /!#"," 0!!"," "," "," "," "," "," "," "," "," "," "," "," "," "," "]},"3846":{"keys":[216,215],"grid":[" "," "," "," ","!! 0","!# /","!% -","!& ,","!' +","!( *","!) )","!* ("," !!* '"," !!+ &","!- %","!. $"]}},"6499":{"3844":{"keys":[216,215],"grid":[" "," "," "," "," "," "," "," "," "," .!$"," +!'"," '!+"," $!.","!","!","!"]}},"6498":{"3845":{"keys":[216,215],"grid":[" $!.","!","!","!","!","!","!","!","!","!","!","!","!","!","!","!"]},"3844":{"keys":[216,215],"grid":[" "," "," "," "," "," "," "," "," "," "," "," "," "," "," .!$"," *!("]}},"6506":{"3847":{"keys":[216,215],"grid":[" /!#"," -!%","01"," +!'"," )!)","04","04","04"," *!(","08","08","03","03","!' %!'","!","!"]},"3846":{"keys":[216,215],"grid":[" "," .!! #"," .!# !"," .!$"," /!#","04"," 0!!","06"," "," "," "," "," "," "," ","06"]}},"6628":{"4071":{"keys":[211,210],"grid":[" "," "," "," "," "," "," "," "," "," "," "," "," "," ","!# /","!& ,"]},"4072":{"keys":[210,211],"grid":[" (!*"," *!("," -!%"," 0!!"," "," "," "," "," "," "," "," "," "," "," "," "]}},"6629":{"4072":{"keys":[211,210],"grid":[" "," "," "," ","!# /","!& ,","!) )","!, &","!/ #","!","!","!","!","!","!","!"]}},"6626":{"4071":{"keys":[211,210],"grid":[" "," "," "," "," "," "," "," 0!!"," /!#"," -!%"," ,!&"," *!("," (!*"," $!.","!","!"]}},"6627":{"4071":{"keys":[211,210],"grid":[" "," "," "," "," "," #!% +","!( *","!) )","!* (","!+ '","!, &","!- %","!/ #","!","!","!"]}},"6481":{"3855":{"keys":[216,215],"grid":[" "," "," "," ","!","!","!","!","!","!","!","!","!","!","!","!"]}},"6625":{"4071":{"keys":[211,210],"grid":[" "," "," "," "," "," "," "," "," "," "," "," "," "," "," ,!&"," (!*"]},"4072":{"keys":[210],"grid":[" "," "," "," "," "," "," "," "," "," "," "," "," "," "," "," "]}},"6622":{"4072":{"keys":[211,210],"grid":[" "," "," "," "," "," "," "," "," "," -!%"," )!)"," $!.","!","!","!","!"]}},"6624":{"4072":{"keys":[211,210],"grid":[" /!#"," +!'"," '!+"," $!.","!","!","!","!","!","!","!","!","!","!","!","!"]}},"6620":{"4072":{"keys":[211,210],"grid":[" "," "," "," "," "," "," "," "," "," "," "," "," "," '!+","!","!"]}},"6621":{"4072":{"keys":[211,210],"grid":[" "," "," "," "," "," "," "," "," "," "," "," "," .!$","!","!","!"]}},"6419":{"3953":{"keys":[208,211],"grid":[" )!)","00"," (!*","02"," '!+"," &!,","05"," %!-"," $!.","08"," #!/","10","08","10"," !!0","!"]},"3952":{"keys":[208,211],"grid":[" "," "," "," "," "," 0!!","05"," /!#","07"," .!$"," -!%","10"," ,!&"," +!'","13"," *!("]},"3956":{"keys":[208,211],"grid":[" !!0","!","!","!","!","!","!","!","!","!","!","!","!","!","!","!"]},"3955":{"keys":[211,208],"grid":[" "," "," "," "," "," "," "," "," "," !!! /","!# /","10","10","!$ .","10","!! 0"]},"4049":{"keys":[211,210],"grid":[" "," "," "," ","!! 0","!$ .","!% -","!' +","!( *","!* (","!+ '","!- %","!. $","!0 !","!","!"]}},"6418":{"3953":{"keys":[208,211],"grid":[" "," "," "," "," "," "," "," "," "," "," "," "," "," "," "," 0!!"]},"3957":{"keys":[208,211],"grid":[" (!*","00"," '!+","02","02"," &!,"," $!."," !!0","!","!","!","!","!","!","!","!"]},"4048":{"keys":[211,210],"grid":[" "," "," "," "," "," "," "," "," ","!! 0","!# /","!% -","!& ,","!( *","!) )","!+ '"]},"3956":{"keys":[208,211],"grid":[" "," 0!!","01","01"," /!#","04"," .!$"," -!%","07"," ,!&","09"," *!! !!&"," *!("," )!)"," (!*","14"]},"3955":{"keys":[208,211],"grid":[" /!#","00","00","00","00"," 0!!"," "," "," "," "," "," "," "," "," "," "]},"4049":{"keys":[210,211],"grid":[" ,!&"," .!$"," /!#"," "," "," "," "," "," "," "," "," "," "," "," "," "]},"3954":{"keys":[208,211],"grid":[" 0!!"," /!#","00","01","01","01","01","01","01","01","01"," .!$","01","11","01","01"]}},"6415":{"4046":{"keys":[211,210],"grid":[" "," "," "," "," "," "," "," "," ","!! 0","!$ .","!% -","!' +","!( *","!* (","!+ '"]},"4047":{"keys":[210,211],"grid":[" -!%"," .!$"," 0!!"," "," "," "," "," "," "," "," "," "," "," "," "," "]},"3959":{"keys":[208,211],"grid":[" "," "," "," "," "," "," "," "," .!! !!!"," .!$"," -!%"," /!#","10"," ,!&","10","10"]},"3962":{"keys":[208,211],"grid":[" -!%","00","00","00"," ,!&","04"," )!)"," (!*","07","07"," &!,","10"," $!.","!","!","!"]},"3960":{"keys":[208,211],"grid":[" -!%","00"," .!$","02","00"," ,!&"," )!)"," (!! !!(","06","06","06","06","06","06"," (!*"," &!,"]},"3961":{"keys":[208,211],"grid":[" '!+"," &!,","01","01"," '!! !!)"," *!(","05","05"," +!'","08","08"," ,!&","11"," -!%","13","11"]}},"6414":{"4045":{"keys":[211,210],"grid":[" "," "," "," "," "," "," "," "," "," "," "," "," "," ","!! 0","!# /"]},"3964":{"keys":[211],"grid":[" "," "," "," "," "," "," "," "," "," "," "," "," "," "," "," "]},"3962":{"keys":[208,211],"grid":[" "," "," "," "," "," "," "," "," "," "," "," "," ,!# $"," +!'","13"," (!*"]},"3963":{"keys":[208,211],"grid":[" '!+"," &!,","01","01","01"," %!-","01","01","00","05","05","!","!","!","!"," !!0"]},"4046":{"keys":[210,211],"grid":[" %!-"," &!,"," (!*"," )!)"," +!'"," ,!&"," .!$"," /!#"," "," "," "," "," "," "," "," "]}},"6417":{"4048":{"keys":[210,211],"grid":[" $!."," &!,"," '!+"," )!)"," *!("," ,!&"," -!%"," /!#"," 0!!"," "," "," "," "," "," "," "]},"3958":{"keys":[208,211],"grid":[" '!+"," #!/"," $!.","01"," !!0","!","!","!","!","!","!","!","!","!","!","!"]},"3957":{"keys":[208,211],"grid":[" "," "," "," "," "," "," "," "," "," /!#"," -!%"," ,!&"," +!'"," *!(","13"," )!)"]},"4047":{"keys":[211,210],"grid":[" "," "," "," "," "," "," "," "," "," "," "," "," "," ","!! 0","!# /"]}},"6416":{"3959":{"keys":[208,211],"grid":[" (!*","00"," &!,"," %!-"," #!! !!-","!! !!/","!","!","!","!","!","!","!","!","!","!"]},"4047":{"keys":[211,210],"grid":[" "," "," "," ","!# /","!$ .","!& ,","!' +","!) )","!* (","!, &","!- %","!/ #","!0 !","!","!"]},"3958":{"keys":[208,211],"grid":[" "," "," "," "," /!#"," .!$"," -!%"," ,!&"," *!! !!&"," *!(","09"," )!)"," (!*","12","12","12"]}},"6411":{"4044":{"keys":[210,211],"grid":[" '!+"," (!*"," )!)"," +!'"," ,!&"," -!%"," .!$"," 0!!"," "," "," "," "," "," "," "," "]},"3964":{"keys":[208,211],"grid":[" &!% ("," $!* %"," !!- $","!/ #","03","!0 !","!","!","!","!","!","!","!","!","!","!"]},"4043":{"keys":[211,210],"grid":[" "," "," "," "," "," "," "," "," "," "," "," "," ","!# /","!$ .","!% -"]}},"6410":{"3964":{"keys":[208,211],"grid":[" "," "," "," "," /!#"," .!$"," -!%"," ,!&"," +!'"," *!(","!# %!+","!","!","!","!","!"]},"4042":{"keys":[211],"grid":[" "," "," "," "," "," "," "," "," "," "," "," "," "," "," "," "]},"4043":{"keys":[210,211],"grid":[" !!0"," #!/"," $!."," &!,"," '!+"," (!*"," *!("," +!'"," ,!&"," .!$"," /!#"," 0!!"," "," "," "," "]}},"6413":{"4045":{"keys":[211,210],"grid":[" "," "," ","!! 0","!# /","!% -","!& ,","!( *","!) )","!+ '","!, &","!. $","!/ #","!0 !","!","!"]},"3964":{"keys":[208,211],"grid":[" '!+"," &!,","01"," %!-","03"," $!.","05"," #!/","07"," !!0","!","!","!","!","!","!"]},"3963":{"keys":[208,211],"grid":[" "," "," "," "," "," "," "," "," "," "," "," "," 0!!"," "," "," "]}},"6623":{"4072":{"keys":[211,210],"grid":[" "," "," "," "," "," -!%"," (!*"," %!-","!","!","!","!","!","!","!","!"]}},"6639":{"4073":{"keys":[211,210],"grid":[" ","!% -","!( *","!* (","!, &","!/ #","!","!","!","!","!","!","!","!","!","!"]}},"6638":{"4073":{"keys":[210,211],"grid":[" (!*"," )!' #"," "," "," "," "," "," "," "," "," "," "," "," "," "," "]},"4072":{"keys":[211,210],"grid":[" "," "," "," "," "," "," "," "," "," ","!! 0","!$ .","!% -","12","!& ,","!' +"]}},"6631":{"4073":{"keys":[210,211],"grid":[" !!+ &"," "," "," "," "," "," "," "," "," "," "," "," "," "," "," "]},"4072":{"keys":[211],"grid":[" "," "," "," "," "," "," "," "," "," "," "," "," "," "," "," "]}},"6630":{"4073":{"keys":[210],"grid":[" "," "," "," "," "," "," "," "," "," "," "," "," "," "," "," "]},"4072":{"keys":[211,210],"grid":[" "," "," "," "," "," "," "," "," ","!! 0","!$ .","!& ,","!' +","!* (","!, &","!. $"]}},"6633":{"4074":{"keys":[210,211],"grid":[" /!#"," 0!!"," "," "," "," "," "," "," "," "," "," "," "," "," "," "]},"4073":{"keys":[210,211],"grid":[" )!)","00"," *!(","02","02"," +!'","05","05","05"," ,!&","09","09"," -!%","12"," .!$","14"]},"4072":{"keys":[211,210],"grid":[" "," "," "," "," "," "," "," "," "," ","!% -","!' +","!( *","!) )","13","13"]}},"6632":{"4072":{"keys":[211,210],"grid":[" "," "," "," "," "," "," "," "," "," "," /!#"," +!'"," (!*"," %!-"," $!.","!"]}},"6635":{"4073":{"keys":[211,210],"grid":[" +!'"," *!("," '!+","!","!","!","!","!","!","!","!","!","!","!","!","!"]},"4072":{"keys":[211,210],"grid":[" "," "," "," "," "," "," "," "," "," "," "," "," 0!!"," -!%"," ,!&"," +!'"]}},"6634":{"4074":{"keys":[211,210],"grid":[" &!,","00","!","!","!","!","!","!","!","!","!","!","!","!","!","!"]},"4073":{"keys":[211,210],"grid":[" "," "," "," -!%"," +!'"," *!(","05"," )!)","07","07"," (!*","10","10"," '!+","13","13"]}},"6637":{"4072":{"keys":[211,210],"grid":[" "," "," "," "," "," ","!$ .","!' +","!( *","!* (","!- %","!","!","!","!","!"]}},"6636":{"4072":{"keys":[211,210],"grid":[" "," "," "," "," "," "," -!%"," +!'"," )!)"," &!,"," $!."," !!0","!","!","!","!"]}},"6468":{"4066":{"keys":[211,210],"grid":[" "," "," "," "," "," "," "," "," "," "," "," .!$"," (!*"," #!/","!","!"]},"3858":{"keys":[216,215],"grid":[" "," "," "," "," "," ","!' +","!- %","!","!","!","!","!","!","!","!"]}},"6469":{"4066":{"keys":[211,210],"grid":[" "," "," "," "," "," "," "," "," -!%"," (!*"," #!/","!","!","!","!","!"]},"3858":{"keys":[216,215],"grid":[" "," "," "," "," "," "," "," ","!# /","!) )","!","!","!","!","!","!"]}},"6508":{"3841":{"keys":[216,215],"grid":[" /!#"," "," "," "," "," "," "," "," "," "," "," "," "," "," "," "]},"3840":{"keys":[216,215],"grid":[" (!*","00","00","00","00","00","00"," )!)","07","07","07","07"," *!(","12"," +!'"," -!%"]},"3847":{"keys":[216,215],"grid":[" "," "," ","!! 0","!# /","!$ .","!% -","!& ,","!' +","!( *","!) )","!* (","!, &","!- %","!. $","!0 !"]},"3848":{"keys":[215],"grid":[" "," "," "," "," "," "," "," "," "," "," "," "," "," "," "," "]}},"6460":{"3856":{"keys":[216,215],"grid":[" "," "," "," "," "," "," "," "," "," 0!!"," .!$"," -!%"," ,!&"," *!("," )!)"," '!+"]},"3857":{"keys":[216,215],"grid":[" &!,"," $!."," #!/"," !!0","!","!","!","!","!","!","!","!","!","!","!","!"]},"4068":{"keys":[217,210],"grid":[" "," 0!!"," -!%"," +!'"," (!*"," &!,"," $!.","!","!","!","!","!","!","!","!","!"]},"4063":{"keys":[211,217],"grid":[" "," "," "," "," "," ","!! 0","!% +!#","!","!","!","!","!","!","!","!"]}},"6461":{"3856":{"keys":[216,215],"grid":[" "," "," "," "," "," +!'"," $!."," #!/","!","!","!","!","!","!","!","!"]},"4063":{"keys":[211,217],"grid":[" "," "," "," "," "," "," ","!$ .","!' +","!+ &!!","!","!","!","!","!","!"]},"4068":{"keys":[217,210],"grid":[" !!0","!","!","!","!","!","!","!","!","!","!","!","!","!","!","!"]},"4067":{"keys":[217,210],"grid":[" "," "," "," "," "," "," "," "," "," "," "," .!$"," ,!&"," *!("," '!+"," %!-"]}},"6462":{"3856":{"keys":[216,215],"grid":[" "," "," 0!!"," )!)"," !!0","!","!","!","!","!","!","!","!","!","!","!"]},"4063":{"keys":[211,217],"grid":[" "," "," "," "," "," 0!!"," /!#"," .!$"," ,!&","!( #!(","!","!","!","!","!","!"]},"4067":{"keys":[217,210],"grid":[" "," "," "," "," 0!!"," -!%"," +!'"," (!*"," &!,"," #!/","!","!","!","!","!","!"]}},"6463":{"3856":{"keys":[216,215],"grid":[" "," '!# )","!* (","!, &","!. $","!0 !","!","!","!","!","!","!","!","!","!","!"]},"4063":{"keys":[211,217],"grid":[" "," "," &!' &"," !!/ !","!","!","!","!","!","!","!","!","!","!","!","!"]},"4066":{"keys":[217],"grid":[" "," "," "," "," "," "," "," "," "," "," "," "," "," "," "," "]},"4067":{"keys":[217,210],"grid":[" /!#"," -!%"," %!# $!("," !!0","!","!","!","!","!","!","!","!","!","!","!","!"]}},"6464":{"3856":{"keys":[216,215],"grid":[" "," "," "," "," "," ","!! 0","!$ .","!& ,","!( *","!* (","!+ '","!- %","!/ #","!","!"]},"4063":{"keys":[211,217],"grid":[" "," "," "," ","!# /","!% -","!' +","!( *","!) )","!* (","!+ '","!, &","11","!- %","13","13"]},"4066":{"keys":[217,211,210],"grid":[" (!*"," )!)"," )#!!("," (##!("," (#$!'"," (#%!&"," (#&!%"," '#'!%"," '#(!$"," &#*!#","09"," %#,!!"," $#."," ##/"," !#0","#"]},"4064":{"keys":[217,211],"grid":[" -!%","00","00","00"," ,!&"," +!'","05"," *!("," )!)","08"," (!*","10"," '!+","12","12","12"]},"4065":{"keys":[217,211],"grid":[" &!,","00","00"," %!-","03","03","03","03","03","00","00","00"," '!+","12"," (!*","14"]}},"6611":{"4076":{"keys":[211,210],"grid":[" "," "," "," "," ","!! 0","!% -","!( *","!+ '","!","!","!","!","!","!","!"]}},"6466":{"3857":{"keys":[216,215],"grid":[" "," "," "," "," "," "," ","!! 0","!$ .","!& ,","!( *","!* (","!, &","!. $","!0 !","!"]},"4067":{"keys":[211,210],"grid":[" "," (!*","!","!","!","!","!","!","!","!","!","!","!","!","!","!"]}},"6467":{"3857":{"keys":[216],"grid":[" "," "," "," "," "," "," "," "," "," "," "," "," "," "," "," "]},"4066":{"keys":[211,210],"grid":[" "," "," "," "," "," "," "," "," "," "," "," "," "," "," .!$"," )!)"]},"4067":{"keys":[210],"grid":[" "," "," "," "," "," "," "," "," "," "," "," "," "," "," "," "]},"3858":{"keys":[215,216],"grid":[" #!/"," %!-"," '!+"," )!)"," +!'"," "," "," "," "," "," "," "," "," "," "," "]}},"6610":{"4075":{"keys":[211,210],"grid":[" "," "," "," "," "," "," "," "," "," "," "," ","!# /","!$ .","!& ,","!( *"]},"4076":{"keys":[210,211],"grid":[" )!)"," +!'"," -!%"," .!$"," 0!!"," "," "," "," "," "," "," "," "," "," "," "]}}}}