{"9":{"406":{"270":{"keys":["",1,212],"grid":[" "," "," "," "," "," "," "," "," "," $!% *","!%##!$ (","#)!# '","#*!! '","#*!# &","#+!! &","14"]},"271":{"keys":[212,1,""],"grid":[" *!##&"," *!!#'"," )!##'"," )!!#("," (!##(","!# %!##)","#!!'#*","#","#","#","#","#","#","#","#","#"]}},"405":{"270":{"keys":["",1,212],"grid":[" "," "," "," "," "," "," "," "," "," "," 0!!"," /!#"," .!##!"," .!!##","13","13"]},"271":{"keys":["",1,212],"grid":[" -!###","00"," .!!##"," .!##!"," /!#"," 0!!"," "," "," "," "," "," "," "," "," "," "]}}},"13":{"6495":{"4331":{"keys":["",214,212],"grid":[" +!!#&"," )!!#("," '!!#*"," %!##+"," $!!#-"," !!##.","!!#0","#","#","#","#","#","#","#","#","#"]},"4330":{"keys":["",214,212],"grid":[" "," "," "," "," "," "," "," "," "," "," "," "," "," "," /!!#!"," -!!#$"]},"4341":{"keys":["",214,212],"grid":[" .!!##"," 0!!"," "," "," "," "," "," "," "," "," "," "," "," "," "," "]},"4340":{"keys":[212,214,""],"grid":[" "," "," "," "," "," "," ","!# /","##!! .","#$!! -","#&!! +","#'!! *","#)!! (","#*!! '","#+!# %","#-!! $"]}},"6494":{"4340":{"keys":["",214,212],"grid":[" (!!#)"," *!!#'"," +!!#&"," ,!!#%"," -!!#$"," /!!#!"," 0!!"," "," "," "," "," "," "," "," "," "]},"4331":{"keys":["",214,212],"grid":[" "," "," "," "," "," "," "," /!!#!"," .!!##"," -!!#$"," ,!!#%"," +!!#&"," *!!#'"," )!!#("," (!!#)"," '!!#*"]},"4332":{"keys":["",214,212],"grid":[" &!!#+"," %!!#,"," $!!#-"," !!!#/","03","!!#0","#","#","#","#","#","#","#","#","#","#"]},"4339":{"keys":[212,214,""],"grid":[" "," "," "," "," "," "," "," "," ","!! 0","#!!! /","##!! .","#$!! -","#%!! ,","#&!! +","#'!! *"]}},"6497":{"4330":{"keys":["",214,212],"grid":[" "," "," "," "," "," /!#"," &!$#)"," !!$#-","#","#","#","#","#","#","#","#"]},"4341":{"keys":[212,214,""],"grid":[" "," "," "," "," "," "," "," "," "," "," ","!! 0","##!# -","#&!# *","#)!# '","#,!# $"]},"4342":{"keys":["",214],"grid":[" /!#"," "," "," "," "," "," "," "," "," "," "," "," "," "," "," "]}},"6496":{"4330":{"keys":["",214,212],"grid":[" "," "," "," "," "," "," "," "," .!##!"," +!##%"," (!##("," %!##+"," #!!#.","!!#0","#","#"]},"4341":{"keys":[212,214,""],"grid":[" "," ","!! 0","#!!! /","#$!! -","#%!! ,","#&!# *","#(!# (","#*!! '","#,!! %","#.!! #","#0!!","#","#","#","#"]}},"6493":{"4338":{"keys":["",214,212],"grid":[" !!!#/"," ##/"," #!!#.","02"," $#."," $!!#-","05"," %!!#,","07"," &!!#+","09"," '!!#*","11"," (!!#)","13"," )!!#("]},"4339":{"keys":["",212,214],"grid":[" *!("," *#!!'"," +#!!&"," ,#!!%","03"," -#!!$"," .#!!#"," /#!!!"," 0#!"," "," "," "," "," "," "," "]},"4336":{"keys":[212],"grid":[" "," "," "," "," "," "," "," "," "," "," "," "," "," "," "," "]},"4337":{"keys":[212,214,""],"grid":[" "," "," "," "," "," "," "," "," "," "," ","!! 0","11","11","#! 0","#!!! /"]},"4334":{"keys":["",212,214],"grid":[" '!+"," &#!!+","01"," &!,","03"," %#!!,","05"," %!-","07"," $#!!-","09","09"," $!.","12"," ##!!.","14"]},"4335":{"keys":["",214,212],"grid":[" #!!#."," ##/","01"," !!!#/","03","03"," !#0","06","!!#0","08","08","08","08","08","#","#"]},"4332":{"keys":["",214,212],"grid":[" "," "," "," "," "," "," 0!!","06"," /!!#!"," .!!##","09"," -!!#$"," ,!!#%","12"," ,#&"," +!!#&"]},"4333":{"keys":["",214,212],"grid":[" +!!#&"," +#'"," *!!#'","02"," *#(","04"," )!!#(","06"," )#)"," (!!#)","09","09"," (#*"," '!!#*","13","13"]}},"6492":{"4336":{"keys":["",214],"grid":[" "," "," "," "," "," "," "," 0!!","07","07","07","07","07","07","07","07"]},"4337":{"keys":["",214],"grid":[" 0!!","00","00","00","00","00","00","00","00"," "," "," "," "," "," "," "]}},"6503":{"4330":{"keys":["",214,212],"grid":[" "," "," "," ","!# /","##!# -","#%!! ,","#'!! *","#(!# (","#*!! '","#+!# %","#-!! $","#.!! #","#0!!","#","#"]},"4341":{"keys":[212,214,""],"grid":[" &!!#+"," %!!#,","01"," $!!#-"," #!!#."," !!!#/","05","!!#0","#","#","#","#","#","#","#","#"]},"4340":{"keys":[212,214,""],"grid":[" "," 0!!"," /!!#!","02"," .!!##"," -!!#$","05"," ,!!#%"," +!!#&","08"," *!!#'"," )!!#(","11"," (!!#)"," '!!#*","14"]}},"6502":{"4329":{"keys":["",212,214],"grid":[" "," "," "," "," "," "," "," "," "," "," "," "," ","!!## .","!%## +","!'## )"]},"4330":{"keys":[212,214,""],"grid":[" *!##&"," ,!!#%"," .!!##"," 0!!"," "," "," "," "," "," "," "," "," "," "," "," "]},"4341":{"keys":[212,214,""],"grid":[" "," "," "," "," "," "," "," "," 0!!"," /!!#!"," .!!##"," -!!#$"," ,!!#%"," *!##&"," )!!#("," (!!#)"]},"4342":{"keys":[212,214,""],"grid":[" &!!#+"," #!##-","!##/","#","#","#","#","#","#","#","#","#","#","#","#","#"]}},"6501":{"4329":{"keys":["",214,212],"grid":[" "," "," "," "," "," "," "," "," ","!' +","#)!$ &","#-!# #","#0!!","#","#","#"]},"4342":{"keys":[212,214,""],"grid":[" "," "," "," ,!$##"," '!$#("," #!##-","#","#","#","#","#","#","#","#","#","#"]}},"6500":{"4329":{"keys":["",214,212],"grid":[" "," "," "," "," "," "," "," "," "," "," (!%#&"," !!%#,","#","#","#","#"]},"4342":{"keys":[212,214,""],"grid":[" "," "," "," "," "," "," *!'#!","#","#","#","#","#","#","#","#","#"]}},"6499":{"4329":{"keys":["",214,212],"grid":[" "," "," "," "," "," "," "," "," "," "," "," "," .!$"," ,!##$"," )!##'"," '!##)"]},"4342":{"keys":[212,"",214],"grid":[" "," "," "," "," "," ","!!## .","!","!","!","!","!","!","!","!","!"]},"4330":{"keys":["",214,212],"grid":[" %!!#,"," !!##.","#","#","#","#","#","#","#","#","#","#","#","#","#","#"]}},"6498":{"4342":{"keys":[212,"",214],"grid":[" ","!!## .","!%## +","!(## (","!,## $","!/##","!","!","!","!","!","!","!","!","!","!"]},"4330":{"keys":["",214,212],"grid":[" "," "," .!$"," +!##%"," '!$#(","!&#,","#","#","#","#","#","#","#","#","#","#"]}},"6505":{"4338":{"keys":[212,214,""],"grid":[" &!!#+","00"," %!!#,"," $!!#-","03"," #!!#."," !!!#/"," !#0","!!#0","#","#","#","#","#","#","#"]},"4336":{"keys":[212,214,""],"grid":[" "," "," "," "," "," 0!!","05","05"," 0#!","08"," /!!#!","10","10"," /##","13"," .!!##"]},"4337":{"keys":[212,214,""],"grid":[" .!!##","00"," .#$"," -!!#$","03","03"," -#%"," ,!!#%"," +!!#&","08"," *!!#'"," *#("," )!!#("," (!!#)"," (#*"," '!!#*"]},"4332":{"keys":[212,214,""],"grid":[" &!!#+"," '!!#*","01"," (!!#)","03"," )!!#(","05"," *!!#'","07"," +!!#&"," ,#&"," ,!!#%"," -#%"," -!!#$","13"," .!!##"]},"4333":{"keys":[212,214,""],"grid":[" .!!##"," /##"," /!!#!"," 0#!"," 0!!"," "," "," "," "," "," "," "," "," "," "," "]},"4331":{"keys":["",212,214],"grid":[" "," "," "," "," "," "," "," "," "," "," ","!!#! /","!##! .","!$#! -","!% -","!%#! ,"]}},"6504":{"4331":{"keys":[212,214,""],"grid":[" $!!#-"," %!!#,"," &!##*"," (!!#)"," )!!#("," *!!#'"," +!##%"," -!!#$"," .!!##"," /!!#!"," 0!!"," "," "," "," "," "]},"4340":{"keys":[214,""],"grid":[" !!0","!","!","!","!","!","!","!","!","!","!","!","!","!","!","!"]},"4330":{"keys":["",214,212],"grid":[" "," "," "," "," "," "," "," "," "," "," "," "," "," ","!! 0","##!! ."]},"4338":{"keys":[212,214,""],"grid":[" "," "," "," "," "," "," "," "," "," 0!!"," /!!#!","10"," .!!##"," -!!#$"," -#%"," ,!!#%"]},"4339":{"keys":[212,214,""],"grid":[" +!!#&"," +#'"," *!!#'"," )!!#(","03"," (!!#)"," '!!#*","06"," &!!#+"," %!!#,","09"," $!!#-"," #!!#.","12"," !!!#/","!!#0"]}},"6506":{"4336":{"keys":[214,""],"grid":[" !!0","00","00","!","!","!","!","!","!","!","!","!","!","!","!","!"]},"4334":{"keys":[212,214,""],"grid":[" #!!#.","00","00"," $#.","03","03","03","03","03","03","03"," $!!#-","11","11","11","11"]},"4335":{"keys":[212,"",214],"grid":[" $!.","00","00"," ##!!.","03","03","03"," #!/","07","07"," !#!!/","10","10"," !!0","13","13"]},"4333":{"keys":["",214,212],"grid":[" "," "," "," "," "," ","!! 0","06","#! 0","08","#!!! /","10","10","## /","13","##!! ."]}}}}