{"9":{"81":{"175":{"keys":[7,1,3],"grid":[" "," "," "," "," "," "," "," "," "," "," "," "," ","!","#","#"]}},"80":{"175":{"keys":[7,1,3],"grid":[" "," "," "," "," "," "," "," "," "," "," "," "," "," *!("," +!##%"," ,!$##"]}},"86":{"175":{"keys":[7,1,3],"grid":[" "," "," "," "," "," "," "," "," "," "," "," "," ","!","#","#"]}},"87":{"175":{"keys":[7,1,3],"grid":[" "," "," "," "," "," "," "," "," "," "," "," "," ","!","#","#"]}},"82":{"175":{"keys":[7,1,3],"grid":[" "," "," "," "," "," "," "," "," "," "," "," "," ","!","#","#"]}},"88":{"175":{"keys":[7,1,3],"grid":[" "," "," "," "," "," "," "," "," "," "," "," "," ","!","#","#"]}},"89":{"175":{"keys":[7,1,3],"grid":[" "," "," "," "," "," "," "," "," "," "," "," "," ","!","#","#"]}},"83":{"175":{"keys":[7,1,3],"grid":[" "," "," "," "," "," "," "," "," "," "," "," "," ","!","#","#"]}},"91":{"175":{"keys":[7,1,3],"grid":[" "," "," "," "," "," "," "," "," "," "," "," "," ","!","#","#"]}},"90":{"175":{"keys":[7,1,3],"grid":[" "," "," "," "," "," "," "," "," "," "," "," "," ","!","#","#"]}},"93":{"175":{"keys":[7,1,3],"grid":[" "," "," "," "," "," "," "," "," "," "," "," "," ","!","#","#"]}},"92":{"175":{"keys":[7,1,3],"grid":[" "," "," "," "," "," "," "," "," "," "," "," "," ","!","#","#"]}},"95":{"175":{"keys":[7,1,3],"grid":[" "," "," "," "," "," "," "," "," "," "," "," "," ","!","#","#"]}},"94":{"175":{"keys":[7,1,3],"grid":[" "," "," "," "," "," "," "," "," "," "," "," "," ","!","#","#"]}},"84":{"175":{"keys":[7,1,3],"grid":[" "," "," "," "," "," "," "," "," "," "," "," "," ","!","#","#"]}},"85":{"175":{"keys":[7,1,3],"grid":[" "," "," "," "," "," "," "," "," "," "," "," "," ","!","#","#"]}}},"13":{"1304":{"2813":{"keys":[7,3],"grid":[" "," "," "," ","!","!","!","!","!","!","!","!","!","!","!","!"]}},"1305":{"2813":{"keys":[7,3],"grid":[" "," "," "," ","!","!","!","!","!","!","!","!","!","!","!","!"]}},"1306":{"2813":{"keys":[7,3],"grid":[" "," "," "," ","!","!","!","!","!","!","!","!","!","!","!","!"]}},"1307":{"2813":{"keys":[7,3],"grid":[" "," "," "," ","!","!","!","!","!","!","!","!","!","!","!","!"]}},"1300":{"2813":{"keys":[7,3],"grid":[" "," "," "," ","!","!","!","!","!","!","!","!","!","!","!","!"]}},"1301":{"2813":{"keys":[7,3],"grid":[" "," "," "," ","!","!","!","!","!","!","!","!","!","!","!","!"]}},"1302":{"2813":{"keys":[7,3],"grid":[" "," "," "," ","!","!","!","!","!","!","!","!","!","!","!","!"]}},"1303":{"2813":{"keys":[7,3],"grid":[" "," "," "," ","!","!","!","!","!","!","!","!","!","!","!","!"]}},"1308":{"2813":{"keys":[7,3],"grid":[" "," "," "," ","!","!","!","!","!","!","!","!","!","!","!","!"]}},"1309":{"2813":{"keys":[7,3],"grid":[" "," "," "," ","!","!","!","!","!","!","!","!","!","!","!","!"]}},"1451":{"2813":{"keys":[7,3],"grid":[" "," "," "," "," ","!","!","!","!","!","!","!","!","!","!","!"]}},"1526":{"2813":{"keys":[7,3],"grid":[" "," "," "," "," "," ","!","!","!","!","!","!","!","!","!","!"]}},"1371":{"2813":{"keys":[7,3],"grid":[" "," "," "," "," ","!","!","!","!","!","!","!","!","!","!","!"]}},"1370":{"2813":{"keys":[7,3],"grid":[" "," "," "," "," ","!","!","!","!","!","!","!","!","!","!","!"]}},"1373":{"2813":{"keys":[7,3],"grid":[" "," "," "," "," ","!","!","!","!","!","!","!","!","!","!","!"]}},"1372":{"2813":{"keys":[7,3],"grid":[" "," "," "," "," ","!","!","!","!","!","!","!","!","!","!","!"]}},"1375":{"2813":{"keys":[7,3],"grid":[" "," "," "," "," ","!","!","!","!","!","!","!","!","!","!","!"]}},"1374":{"2813":{"keys":[7,3],"grid":[" "," "," "," "," ","!","!","!","!","!","!","!","!","!","!","!"]}},"1377":{"2813":{"keys":[7,3],"grid":[" "," "," "," "," ","!","!","!","!","!","!","!","!","!","!","!"]}},"1376":{"2813":{"keys":[7,3],"grid":[" "," "," "," "," ","!","!","!","!","!","!","!","!","!","!","!"]}},"1379":{"2813":{"keys":[7,3],"grid":[" "," "," "," "," ","!","!","!","!","!","!","!","!","!","!","!"]}},"1378":{"2813":{"keys":[7,3],"grid":[" "," "," "," "," ","!","!","!","!","!","!","!","!","!","!","!"]}},"1467":{"2813":{"keys":[7,3],"grid":[" "," "," "," "," ","!","!","!","!","!","!","!","!","!","!","!"]}},"1466":{"2813":{"keys":[7,3],"grid":[" "," "," "," "," ","!","!","!","!","!","!","!","!","!","!","!"]}},"1461":{"2813":{"keys":[7,3,8],"grid":[" "," "," "," ","!'#! *","!","!","!","!","!","!","!","!","!","!","!"]}},"1460":{"2813":{"keys":[7,3],"grid":[" "," "," "," ","!","!","!","!","!","!","!","!","!","!","!","!"]}},"1463":{"2813":{"keys":[7,3],"grid":[" "," "," "," "," ","!","!","!","!","!","!","!","!","!","!","!"]}},"1462":{"2813":{"keys":[7,3],"grid":[" "," "," "," "," ","!","!","!","!","!","!","!","!","!","!","!"]}},"1317":{"2813":{"keys":[7,3],"grid":[" "," "," "," ","!","!","!","!","!","!","!","!","!","!","!","!"]}},"1316":{"2813":{"keys":[7,3],"grid":[" "," "," "," ","!","!","!","!","!","!","!","!","!","!","!","!"]}},"1315":{"2813":{"keys":[7,3],"grid":[" "," "," "," ","!","!","!","!","!","!","!","!","!","!","!","!"]}},"1314":{"2813":{"keys":[7,3],"grid":[" "," "," "," ","!","!","!","!","!","!","!","!","!","!","!","!"]}},"1313":{"2813":{"keys":[7,3],"grid":[" "," "," "," ","!","!","!","!","!","!","!","!","!","!","!","!"]}},"1312":{"2813":{"keys":[7,3],"grid":[" "," "," "," ","!","!","!","!","!","!","!","!","!","!","!","!"]}},"1311":{"2813":{"keys":[7,3],"grid":[" "," "," "," ","!","!","!","!","!","!","!","!","!","!","!","!"]}},"1310":{"2813":{"keys":[7,3],"grid":[" "," "," "," ","!","!","!","!","!","!","!","!","!","!","!","!"]}},"1398":{"2813":{"keys":[7,3],"grid":[" "," "," "," "," ","!","!","!","!","!","!","!","!","!","!","!"]}},"1319":{"2813":{"keys":[7,3],"grid":[" "," "," "," ","!0 !","!","!","!","!","!","!","!","!","!","!","!"]}},"1318":{"2813":{"keys":[7,3],"grid":[" "," "," "," ","!","!","!","!","!","!","!","!","!","!","!","!"]}},"1490":{"2813":{"keys":[7,3],"grid":[" "," "," "," ","!","!","!","!","!","!","!","!","!","!","!","!"]}},"1397":{"2813":{"keys":[7,3],"grid":[" "," "," "," "," ","!","!","!","!","!","!","!","!","!","!","!"]}},"1492":{"2813":{"keys":[7,3],"grid":[" "," "," "," ","!","!","!","!","!","!","!","!","!","!","!","!"]}},"1493":{"2813":{"keys":[7,3],"grid":[" "," "," "," ","!","!","!","!","!","!","!","!","!","!","!","!"]}},"1494":{"2813":{"keys":[7,3],"grid":[" "," "," "," ","!$ .","!","!","!","!","!","!","!","!","!","!","!"]}},"1495":{"2813":{"keys":[7,3],"grid":[" "," "," "," "," ","!","!","!","!","!","!","!","!","!","!","!"]}},"1496":{"2813":{"keys":[7,3],"grid":[" "," "," "," "," ","!","!","!","!","!","!","!","!","!","!","!"]}},"1497":{"2813":{"keys":[7,3],"grid":[" "," "," "," "," ","!","!","!","!","!","!","!","!","!","!","!"]}},"1498":{"2813":{"keys":[7,3],"grid":[" "," "," "," "," ","!","!","!","!","!","!","!","!","!","!","!"]}},"1499":{"2813":{"keys":[7,3],"grid":[" "," "," "," "," ","!* (","!","!","!","!","!","!","!","!","!","!"]}},"1395":{"2813":{"keys":[7,3],"grid":[" "," "," "," "," ","!","!","!","!","!","!","!","!","!","!","!"]}},"1394":{"2813":{"keys":[7,3],"grid":[" "," "," "," "," ","!","!","!","!","!","!","!","!","!","!","!"]}},"1295":{"2813":{"keys":[7,3],"grid":[" "," "," "," ","!","!","!","!","!","!","!","!","!","!","!","!"]}},"1393":{"2813":{"keys":[7,3],"grid":[" "," "," "," "," ","!","!","!","!","!","!","!","!","!","!","!"]}},"1392":{"2813":{"keys":[7,3],"grid":[" "," "," "," "," ","!","!","!","!","!","!","!","!","!","!","!"]}},"1418":{"2813":{"keys":[7,3],"grid":[" "," "," "," "," ","!","!","!","!","!","!","!","!","!","!","!"]}},"1419":{"2813":{"keys":[7,3],"grid":[" "," "," "," "," ","!","!","!","!","!","!","!","!","!","!","!"]}},"1388":{"2813":{"keys":[7,3],"grid":[" "," "," "," "," ","!","!","!","!","!","!","!","!","!","!","!"]}},"1389":{"2813":{"keys":[7,3],"grid":[" "," "," "," "," ","!","!","!","!","!","!","!","!","!","!","!"]}},"1384":{"2813":{"keys":[7,3],"grid":[" "," "," "," "," ","!","!","!","!","!","!","!","!","!","!","!"]}},"1385":{"2813":{"keys":[7,3],"grid":[" "," "," "," "," ","!","!","!","!","!","!","!","!","!","!","!"]}},"1386":{"2813":{"keys":[7,3],"grid":[" "," "," "," "," ","!","!","!","!","!","!","!","!","!","!","!"]}},"1387":{"2813":{"keys":[7,3],"grid":[" "," "," "," "," ","!","!","!","!","!","!","!","!","!","!","!"]}},"1380":{"2813":{"keys":[7,3],"grid":[" "," "," "," "," ","!","!","!","!","!","!","!","!","!","!","!"]}},"1381":{"2813":{"keys":[7,3],"grid":[" "," "," "," "," ","!","!","!","!","!","!","!","!","!","!","!"]}},"1382":{"2813":{"keys":[7,3],"grid":[" "," "," "," "," ","!","!","!","!","!","!","!","!","!","!","!"]}},"1383":{"2813":{"keys":[7,3],"grid":[" "," "," "," "," ","!","!","!","!","!","!","!","!","!","!","!"]}},"1322":{"2813":{"keys":[7,3],"grid":[" "," "," "," "," ","!, &","!","!","!","!","!","!","!","!","!","!"]}},"1323":{"2813":{"keys":[7,3],"grid":[" "," "," "," "," "," ","!","!","!","!","!","!","!","!","!","!"]}},"1320":{"2813":{"keys":[7,3],"grid":[" "," "," "," "," ","!","!","!","!","!","!","!","!","!","!","!"]}},"1321":{"2813":{"keys":[7,3],"grid":[" "," "," "," "," ","!","!","!","!","!","!","!","!","!","!","!"]}},"1326":{"2813":{"keys":[7,3],"grid":[" "," "," "," "," "," ","!","!","!","!","!","!","!","!","!","!"]}},"1327":{"2813":{"keys":[7,3],"grid":[" "," "," "," "," "," ","!","!","!","!","!","!","!","!","!","!"]}},"1324":{"2813":{"keys":[7,3],"grid":[" "," "," "," "," "," ","!","!","!","!","!","!","!","!","!","!"]}},"1325":{"2813":{"keys":[7,3],"grid":[" "," "," "," "," "," ","!% )!%","!","!","!","!","!","!","!","!","!"]}},"1328":{"2813":{"keys":[7,3],"grid":[" "," "," "," "," "," ","!","!","!","!","!","!","!","!","!","!"]}},"1329":{"2813":{"keys":[7,3],"grid":[" "," "," "," "," "," $!.","!","!","!","!","!","!","!","!","!","!"]}},"1363":{"2813":{"keys":[7,3],"grid":[" "," "," "," "," ","!","!","!","!","!","!","!","!","!","!","!"]}},"1483":{"2813":{"keys":[7,3],"grid":[" "," "," "," "," ","!","!","!","!","!","!","!","!","!","!","!"]}},"1482":{"2813":{"keys":[7,3],"grid":[" "," "," "," "," ","!","!","!","!","!","!","!","!","!","!","!"]}},"1481":{"2813":{"keys":[7,3],"grid":[" "," "," "," "," ","!","!","!","!","!","!","!","!","!","!","!"]}},"1480":{"2813":{"keys":[7,3],"grid":[" "," "," "," "," ","!","!","!","!","!","!","!","!","!","!","!"]}},"1487":{"2813":{"keys":[7,3],"grid":[" "," "," "," "," ","!","!","!","!","!","!","!","!","!","!","!"]}},"1486":{"2813":{"keys":[7,3],"grid":[" "," "," "," "," ","!","!","!","!","!","!","!","!","!","!","!"]}},"1485":{"2813":{"keys":[7,3],"grid":[" "," "," "," "," ","!","!","!","!","!","!","!","!","!","!","!"]}},"1484":{"2813":{"keys":[7,3],"grid":[" "," "," "," "," ","!","!","!","!","!","!","!","!","!","!","!"]}},"1489":{"2813":{"keys":[7,3],"grid":[" "," "," "," ","!","!","!","!","!","!","!","!","!","!","!","!"]}},"1488":{"2813":{"keys":[7,3],"grid":[" "," "," "," "," 0!!","!","!","!","!","!","!","!","!","!","!","!"]}},"1524":{"2813":{"keys":[7,3],"grid":[" "," "," "," "," "," ","!","!","!","!","!","!","!","!","!","!"]}},"1525":{"2813":{"keys":[7,3],"grid":[" "," "," "," "," "," ","!","!","!","!","!","!","!","!","!","!"]}},"1409":{"2813":{"keys":[7,3],"grid":[" "," "," "," "," ","!","!","!","!","!","!","!","!","!","!","!"]}},"1527":{"2813":{"keys":[7,3],"grid":[" "," "," "," "," "," ","!","!","!","!","!","!","!","!","!","!"]}},"1520":{"2813":{"keys":[7,3],"grid":[" "," "," "," "," "," ","!","!","!","!","!","!","!","!","!","!"]}},"1521":{"2813":{"keys":[7,3],"grid":[" "," "," "," "," "," ","!","!","!","!","!","!","!","!","!","!"]}},"1399":{"2813":{"keys":[7,3],"grid":[" "," "," "," "," ","!","!","!","!","!","!","!","!","!","!","!"]}},"1523":{"2813":{"keys":[7,3],"grid":[" "," "," "," "," "," ","!","!","!","!","!","!","!","!","!","!"]}},"1403":{"2813":{"keys":[7,3],"grid":[" "," "," "," "," ","!","!","!","!","!","!","!","!","!","!","!"]}},"1402":{"2813":{"keys":[7,3],"grid":[" "," "," "," "," ","!","!","!","!","!","!","!","!","!","!","!"]}},"1401":{"2813":{"keys":[7,3],"grid":[" "," "," "," "," ","!","!","!","!","!","!","!","!","!","!","!"]}},"1400":{"2813":{"keys":[7,3],"grid":[" "," "," "," "," ","!","!","!","!","!","!","!","!","!","!","!"]}},"1407":{"2813":{"keys":[7,3],"grid":[" "," "," "," "," ","!","!","!","!","!","!","!","!","!","!","!"]}},"1406":{"2813":{"keys":[7,3],"grid":[" "," "," "," "," ","!","!","!","!","!","!","!","!","!","!","!"]}},"1391":{"2813":{"keys":[7,3],"grid":[" "," "," "," "," ","!","!","!","!","!","!","!","!","!","!","!"]}},"1390":{"2813":{"keys":[7,3],"grid":[" "," "," "," "," ","!","!","!","!","!","!","!","!","!","!","!"]}},"1339":{"2813":{"keys":[7,3],"grid":[" "," "," "," "," ","!","!","!","!","!","!","!","!","!","!","!"]}},"1338":{"2813":{"keys":[7,3],"grid":[" "," "," "," "," ","!","!","!","!","!","!","!","!","!","!","!"]}},"1491":{"2813":{"keys":[7,3],"grid":[" "," "," "," ","!","!","!","!","!","!","!","!","!","!","!","!"]}},"1335":{"2813":{"keys":[7,3],"grid":[" "," "," "," "," ","!","!","!","!","!","!","!","!","!","!","!"]}},"1334":{"2813":{"keys":[7,3],"grid":[" "," "," "," "," ","!","!","!","!","!","!","!","!","!","!","!"]}},"1337":{"2813":{"keys":[7,3],"grid":[" "," "," "," "," ","!","!","!","!","!","!","!","!","!","!","!"]}},"1336":{"2813":{"keys":[7,3],"grid":[" "," "," "," "," ","!","!","!","!","!","!","!","!","!","!","!"]}},"1331":{"2813":{"keys":[7,3],"grid":[" "," "," "," "," ","!","!","!","!","!","!","!","!","!","!","!"]}},"1330":{"2813":{"keys":[7,3],"grid":[" "," "," "," "," ","!","!","!","!","!","!","!","!","!","!","!"]}},"1333":{"2813":{"keys":[7,3],"grid":[" "," "," "," "," ","!","!","!","!","!","!","!","!","!","!","!"]}},"1332":{"2813":{"keys":[7,3],"grid":[" "," "," "," "," ","!","!","!","!","!","!","!","!","!","!","!"]}},"1410":{"2813":{"keys":[7,3],"grid":[" "," "," "," "," ","!","!","!","!","!","!","!","!","!","!","!"]}},"1411":{"2813":{"keys":[7,3],"grid":[" "," "," "," "," ","!","!","!","!","!","!","!","!","!","!","!"]}},"1412":{"2813":{"keys":[7,3],"grid":[" "," "," "," "," ","!","!","!","!","!","!","!","!","!","!","!"]}},"1298":{"2813":{"keys":[7,3],"grid":[" "," "," "," ","!","!","!","!","!","!","!","!","!","!","!","!"]}},"1436":{"2813":{"keys":[7,3],"grid":[" "," "," "," "," ","!","!","!","!","!","!","!","!","!","!","!"]}},"1437":{"2813":{"keys":[7,3],"grid":[" "," "," "," "," ","!","!","!","!","!","!","!","!","!","!","!"]}},"1434":{"2813":{"keys":[7,3],"grid":[" "," "," "," "," ","!","!","!","!","!","!","!","!","!","!","!"]}},"1413":{"2813":{"keys":[7,3],"grid":[" "," "," "," "," ","!","!","!","!","!","!","!","!","!","!","!"]}},"1432":{"2813":{"keys":[7,3],"grid":[" "," "," "," "," "," )!)","!","!","!","!","!","!","!","!","!","!"]}},"1433":{"2813":{"keys":[7,3],"grid":[" "," "," "," "," ","!","!","!","!","!","!","!","!","!","!","!"]}},"1430":{"2813":{"keys":[7,3],"grid":[" "," "," "," "," "," ","!","!","!","!","!","!","!","!","!","!"]}},"1431":{"2813":{"keys":[7,3],"grid":[" "," "," "," "," "," ","!","!","!","!","!","!","!","!","!","!"]}},"1396":{"2813":{"keys":[7,3],"grid":[" "," "," "," "," ","!","!","!","!","!","!","!","!","!","!","!"]}},"1438":{"2813":{"keys":[7,3],"grid":[" "," "," "," "," ","!","!","!","!","!","!","!","!","!","!","!"]}},"1415":{"2813":{"keys":[7,3],"grid":[" "," "," "," "," ","!","!","!","!","!","!","!","!","!","!","!"]}},"1535":{"2813":{"keys":[7,3],"grid":[" "," "," "," "," "," ","!","!","!","!","!","!","!","!","!","!"]}},"1534":{"2813":{"keys":[7,3],"grid":[" "," "," "," "," "," ","!","!","!","!","!","!","!","!","!","!"]}},"1533":{"2813":{"keys":[7,3],"grid":[" "," "," "," "," "," ","!","!","!","!","!","!","!","!","!","!"]}},"1532":{"2813":{"keys":[7,3],"grid":[" "," "," "," "," "," ","!","!","!","!","!","!","!","!","!","!"]}},"1531":{"2813":{"keys":[7,3],"grid":[" "," "," "," "," "," ","!","!","!","!","!","!","!","!","!","!"]}},"1530":{"2813":{"keys":[7,3],"grid":[" "," "," "," "," "," ","!","!","!","!","!","!","!","!","!","!"]}},"1458":{"2813":{"keys":[7,3],"grid":[" "," "," "," ","!","!","!","!","!","!","!","!","!","!","!","!"]}},"1417":{"2813":{"keys":[7,3],"grid":[" "," "," "," "," ","!","!","!","!","!","!","!","!","!","!","!"]}},"1299":{"2813":{"keys":[7,3],"grid":[" "," "," "," ","!","!","!","!","!","!","!","!","!","!","!","!"]}},"1348":{"2813":{"keys":[7,3],"grid":[" "," "," "," "," ","!","!","!","!","!","!","!","!","!","!","!"]}},"1349":{"2813":{"keys":[7,3],"grid":[" "," "," "," "," ","!","!","!","!","!","!","!","!","!","!","!"]}},"1340":{"2813":{"keys":[7,3],"grid":[" "," "," "," "," ","!","!","!","!","!","!","!","!","!","!","!"]}},"1341":{"2813":{"keys":[7,3],"grid":[" "," "," "," "," ","!","!","!","!","!","!","!","!","!","!","!"]}},"1342":{"2813":{"keys":[7,3],"grid":[" "," "," "," "," ","!","!","!","!","!","!","!","!","!","!","!"]}},"1343":{"2813":{"keys":[7,3],"grid":[" "," "," "," "," ","!","!","!","!","!","!","!","!","!","!","!"]}},"1344":{"2813":{"keys":[7,3],"grid":[" "," "," "," "," ","!","!","!","!","!","!","!","!","!","!","!"]}},"1345":{"2813":{"keys":[7,3],"grid":[" "," "," "," "," ","!","!","!","!","!","!","!","!","!","!","!"]}},"1346":{"2813":{"keys":[7,3],"grid":[" "," "," "," "," ","!","!","!","!","!","!","!","!","!","!","!"]}},"1347":{"2813":{"keys":[7,3],"grid":[" "," "," "," "," ","!","!","!","!","!","!","!","!","!","!","!"]}},"1459":{"2813":{"keys":[7,3],"grid":[" "," "," "," ","!","!","!","!","!","!","!","!","!","!","!","!"]}},"1421":{"2813":{"keys":[7,3],"grid":[" "," "," "," "," ","!","!","!","!","!","!","!","!","!","!","!"]}},"1420":{"2813":{"keys":[7,3],"grid":[" "," "," "," "," ","!","!","!","!","!","!","!","!","!","!","!"]}},"1423":{"2813":{"keys":[7,3],"grid":[" "," "," "," "," ","!","!","!","!","!","!","!","!","!","!","!"]}},"1422":{"2813":{"keys":[7,3],"grid":[" "," "," "," "," ","!","!","!","!","!","!","!","!","!","!","!"]}},"1425":{"2813":{"keys":[7,3],"grid":[" "," "," "," "," ","!","!","!","!","!","!","!","!","!","!","!"]}},"1424":{"2813":{"keys":[7,3],"grid":[" "," "," "," "," ","!","!","!","!","!","!","!","!","!","!","!"]}},"1427":{"2813":{"keys":[7,3],"grid":[" "," "," "," "," ","!","!","!","!","!","!","!","!","!","!","!"]}},"1426":{"2813":{"keys":[7,3],"grid":[" "," "," "," "," ","!","!","!","!","!","!","!","!","!","!","!"]}},"1429":{"2813":{"keys":[7,3],"grid":[" "," "," "," "," ","!) )","!","!","!","!","!","!","!","!","!","!"]}},"1428":{"2813":{"keys":[7,3],"grid":[" "," "," "," "," ","!","!","!","!","!","!","!","!","!","!","!"]}},"1404":{"2813":{"keys":[7,3],"grid":[" "," "," "," "," ","!","!","!","!","!","!","!","!","!","!","!"]}},"1502":{"2813":{"keys":[7,3],"grid":[" "," "," "," "," "," ","!","!","!","!","!","!","!","!","!","!"]}},"1503":{"2813":{"keys":[7,3],"grid":[" "," "," "," "," "," ","!","!","!","!","!","!","!","!","!","!"]}},"1500":{"2813":{"keys":[7,3],"grid":[" "," "," "," "," "," ","!","!","!","!","!","!","!","!","!","!"]}},"1501":{"2813":{"keys":[7,3],"grid":[" "," "," "," "," "," ","!","!","!","!","!","!","!","!","!","!"]}},"1506":{"2813":{"keys":[7,3],"grid":[" "," "," "," "," "," ","!","!","!","!","!","!","!","!","!","!"]}},"1507":{"2813":{"keys":[7,3],"grid":[" "," "," "," "," "," ","!","!","!","!","!","!","!","!","!","!"]}},"1504":{"2813":{"keys":[7,3],"grid":[" "," "," "," "," "," ","!","!","!","!","!","!","!","!","!","!"]}},"1505":{"2813":{"keys":[7,3],"grid":[" "," "," "," "," "," ","!","!","!","!","!","!","!","!","!","!"]}},"1469":{"2813":{"keys":[7,3],"grid":[" "," "," "," "," ","!","!","!","!","!","!","!","!","!","!","!"]}},"1508":{"2813":{"keys":[7,3],"grid":[" "," "," "," "," "," ","!","!","!","!","!","!","!","!","!","!"]}},"1509":{"2813":{"keys":[7,3],"grid":[" "," "," "," "," "," ","!","!","!","!","!","!","!","!","!","!"]}},"1468":{"2813":{"keys":[7,3],"grid":[" "," "," "," "," ","!","!","!","!","!","!","!","!","!","!","!"]}},"1414":{"2813":{"keys":[7,3],"grid":[" "," "," "," "," ","!","!","!","!","!","!","!","!","!","!","!"]}},"1359":{"2813":{"keys":[7,3],"grid":[" "," "," "," "," ","!","!","!","!","!","!","!","!","!","!","!"]}},"1358":{"2813":{"keys":[7,3],"grid":[" "," "," "," "," ","!","!","!","!","!","!","!","!","!","!","!"]}},"1353":{"2813":{"keys":[7,3],"grid":[" "," "," "," "," ","!","!","!","!","!","!","!","!","!","!","!"]}},"1352":{"2813":{"keys":[7,3],"grid":[" "," "," "," "," ","!","!","!","!","!","!","!","!","!","!","!"]}},"1351":{"2813":{"keys":[7,3],"grid":[" "," "," "," "," ","!","!","!","!","!","!","!","!","!","!","!"]}},"1350":{"2813":{"keys":[7,3],"grid":[" "," "," "," "," ","!","!","!","!","!","!","!","!","!","!","!"]}},"1357":{"2813":{"keys":[7,3],"grid":[" "," "," "," "," ","!","!","!","!","!","!","!","!","!","!","!"]}},"1356":{"2813":{"keys":[7,3],"grid":[" "," "," "," "," ","!","!","!","!","!","!","!","!","!","!","!"]}},"1355":{"2813":{"keys":[7,3],"grid":[" "," "," "," "," ","!","!","!","!","!","!","!","!","!","!","!"]}},"1354":{"2813":{"keys":[7,3],"grid":[" "," "," "," "," ","!","!","!","!","!","!","!","!","!","!","!"]}},"1465":{"2813":{"keys":[7,3],"grid":[" "," "," "," "," ","!","!","!","!","!","!","!","!","!","!","!"]}},"1435":{"2813":{"keys":[7,3],"grid":[" "," "," "," "," ","!","!","!","!","!","!","!","!","!","!","!"]}},"1464":{"2813":{"keys":[7,3],"grid":[" "," "," "," "," ","!","!","!","!","!","!","!","!","!","!","!"]}},"1454":{"2813":{"keys":[7,3],"grid":[" "," "," "," "," ","!","!","!","!","!","!","!","!","!","!","!"]}},"1455":{"2813":{"keys":[7,3],"grid":[" "," "," "," "," ","!","!","!","!","!","!","!","!","!","!","!"]}},"1456":{"2813":{"keys":[7,3],"grid":[" "," "," "," "," ","!","!","!","!","!","!","!","!","!","!","!"]}},"1457":{"2813":{"keys":[7,3],"grid":[" "," "," "," "," $!.","!","!","!","!","!","!","!","!","!","!","!"]}},"1450":{"2813":{"keys":[7,3],"grid":[" "," "," "," "," ","!","!","!","!","!","!","!","!","!","!","!"]}},"1518":{"2813":{"keys":[7,3],"grid":[" "," "," "," "," "," ","!","!","!","!","!","!","!","!","!","!"]}},"1452":{"2813":{"keys":[7,3],"grid":[" "," "," "," "," ","!","!","!","!","!","!","!","!","!","!","!"]}},"1453":{"2813":{"keys":[7,3],"grid":[" "," "," "," "," ","!","!","!","!","!","!","!","!","!","!","!"]}},"1515":{"2813":{"keys":[7,3],"grid":[" "," "," "," "," "," ","!","!","!","!","!","!","!","!","!","!"]}},"1514":{"2813":{"keys":[7,3],"grid":[" "," "," "," "," "," ","!","!","!","!","!","!","!","!","!","!"]}},"1517":{"2813":{"keys":[7,3],"grid":[" "," "," "," "," "," ","!","!","!","!","!","!","!","!","!","!"]}},"1516":{"2813":{"keys":[7,3],"grid":[" "," "," "," "," "," ","!","!","!","!","!","!","!","!","!","!"]}},"1511":{"2813":{"keys":[7,3],"grid":[" "," "," "," "," "," ","!","!","!","!","!","!","!","!","!","!"]}},"1510":{"2813":{"keys":[7,3],"grid":[" "," "," "," "," "," ","!","!","!","!","!","!","!","!","!","!"]}},"1513":{"2813":{"keys":[7,3],"grid":[" "," "," "," "," "," ","!","!","!","!","!","!","!","!","!","!"]}},"1512":{"2813":{"keys":[7,3],"grid":[" "," "," "," "," "," ","!","!","!","!","!","!","!","!","!","!"]}},"1294":{"2813":{"keys":[7,3],"grid":[" "," "," "," ","!","!","!","!","!","!","!","!","!","!","!","!"]}},"1519":{"2813":{"keys":[7,3],"grid":[" "," "," "," "," "," ","!","!","!","!","!","!","!","!","!","!"]}},"1405":{"2813":{"keys":[7,3],"grid":[" "," "," "," "," ","!","!","!","!","!","!","!","!","!","!","!"]}},"1439":{"2813":{"keys":[7,3],"grid":[" "," "," "," "," ","!","!","!","!","!","!","!","!","!","!","!"]}},"1362":{"2813":{"keys":[7,3],"grid":[" "," "," "," "," ","!","!","!","!","!","!","!","!","!","!","!"]}},"1366":{"2813":{"keys":[7,3],"grid":[" "," "," "," "," ","!","!","!","!","!","!","!","!","!","!","!"]}},"1365":{"2813":{"keys":[7,3],"grid":[" "," "," "," "," ","!","!","!","!","!","!","!","!","!","!","!"]}},"1367":{"2813":{"keys":[7,3],"grid":[" "," "," "," "," ","!","!","!","!","!","!","!","!","!","!","!"]}},"1364":{"2813":{"keys":[7,3],"grid":[" "," "," "," "," ","!","!","!","!","!","!","!","!","!","!","!"]}},"1447":{"2813":{"keys":[7,3],"grid":[" "," "," "," "," ","!","!","!","!","!","!","!","!","!","!","!"]}},"1446":{"2813":{"keys":[7,3],"grid":[" "," "," "," "," ","!","!","!","!","!","!","!","!","!","!","!"]}},"1445":{"2813":{"keys":[7,3],"grid":[" "," "," "," "," ","!","!","!","!","!","!","!","!","!","!","!"]}},"1444":{"2813":{"keys":[7,3],"grid":[" "," "," "," "," ","!","!","!","!","!","!","!","!","!","!","!"]}},"1443":{"2813":{"keys":[7,3],"grid":[" "," "," "," "," ","!","!","!","!","!","!","!","!","!","!","!"]}},"1442":{"2813":{"keys":[7,3],"grid":[" "," "," "," "," ","!","!","!","!","!","!","!","!","!","!","!"]}},"1441":{"2813":{"keys":[7,3],"grid":[" "," "," "," "," ","!","!","!","!","!","!","!","!","!","!","!"]}},"1440":{"2813":{"keys":[7,3],"grid":[" "," "," "," "," ","!","!","!","!","!","!","!","!","!","!","!"]}},"1292":{"2815":{"keys":[3,7],"grid":[" "," ","!! 0","!# /","!$ .","!% -","!& ,","!( *","!) )","!* (","!+ '","!- %","!. $","!/ #","!0 !","!"]},"2813":{"keys":[7,3],"grid":[" "," "," "," ","!","!","!","!","!","!","!","!","!","!","!","!"]}},"1293":{"2815":{"keys":[3],"grid":[" "," "," "," "," "," "," "," "," "," "," "," "," "," "," "," "]},"2813":{"keys":[7,3],"grid":[" "," "," "," ","!","!","!","!","!","!","!","!","!","!","!","!"]}},"1290":{"2814":{"keys":[7,3],"grid":[" ,!&"," -!%"," .!$"," 0!!"," "," "," "," "," "," "," "," "," "," "," "," "]},"2813":{"keys":[7,3],"grid":[" "," "," "," ","!","!","!","!"," !!0"," $!."," %!-"," &!,"," '!+"," (!*"," *!("," +!'"]}},"1291":{"2815":{"keys":[7,3],"grid":[" /!#"," 0!!"," "," "," "," "," "," "," "," "," "," "," "," "," "," "]},"2814":{"keys":[3,7],"grid":[" "," "," "," "," ","!! 0","!# /","!$ .","!& ,","!' +","!( *","!) )","!* (","!, &","!- %","!. $"]},"2813":{"keys":[7,3],"grid":[" "," "," "," ","!","!","!","!","!","!","!","!","!","!","!","!"]}},"1296":{"2813":{"keys":[7,3],"grid":[" "," "," "," ","!","!","!","!","!","!","!","!","!","!","!","!"]}},"1297":{"2813":{"keys":[7,3],"grid":[" "," "," "," ","!","!","!","!","!","!","!","!","!","!","!","!"]}},"1449":{"2813":{"keys":[7,3],"grid":[" "," "," "," "," ","!","!","!","!","!","!","!","!","!","!","!"]}},"1448":{"2813":{"keys":[7,3],"grid":[" "," "," "," "," ","!","!","!","!","!","!","!","!","!","!","!"]}},"1528":{"2813":{"keys":[7,3],"grid":[" "," "," "," "," "," ","!","!","!","!","!","!","!","!","!","!"]}},"1408":{"2813":{"keys":[7,3],"grid":[" "," "," "," "," ","!","!","!","!","!","!","!","!","!","!","!"]}},"1522":{"2813":{"keys":[7,3],"grid":[" "," "," "," "," "," ","!","!","!","!","!","!","!","!","!","!"]}},"1361":{"2813":{"keys":[7,3],"grid":[" "," "," "," "," ","!","!","!","!","!","!","!","!","!","!","!"]}},"1360":{"2813":{"keys":[7,3],"grid":[" "," "," "," "," ","!","!","!","!","!","!","!","!","!","!","!"]}},"1529":{"2813":{"keys":[7,3],"grid":[" "," "," "," "," "," ","!","!","!","!","!","!","!","!","!","!"]}},"1416":{"2813":{"keys":[7,3],"grid":[" "," "," "," "," ","!","!","!","!","!","!","!","!","!","!","!"]}},"1289":{"2813":{"keys":[7,3],"grid":[" "," "," "," "," -!%"," /!#"," 0!!"," "," "," "," "," "," "," "," "," "]}},"1472":{"2813":{"keys":[7,3],"grid":[" "," "," "," "," ","!","!","!","!","!","!","!","!","!","!","!"]}},"1473":{"2813":{"keys":[7,3],"grid":[" "," "," "," "," ","!","!","!","!","!","!","!","!","!","!","!"]}},"1470":{"2813":{"keys":[7,3],"grid":[" "," "," "," "," ","!","!","!","!","!","!","!","!","!","!","!"]}},"1471":{"2813":{"keys":[7,3],"grid":[" "," "," "," "," ","!","!","!","!","!","!","!","!","!","!","!"]}},"1476":{"2813":{"keys":[7,3],"grid":[" "," "," "," "," ","!","!","!","!","!","!","!","!","!","!","!"]}},"1477":{"2813":{"keys":[7,3],"grid":[" "," "," "," "," ","!","!","!","!","!","!","!","!","!","!","!"]}},"1474":{"2813":{"keys":[7,3],"grid":[" "," "," "," "," ","!","!","!","!","!","!","!","!","!","!","!"]}},"1475":{"2813":{"keys":[7,3],"grid":[" "," "," "," "," ","!","!","!","!","!","!","!","!","!","!","!"]}},"1478":{"2813":{"keys":[7,3],"grid":[" "," "," "," "," ","!","!","!","!","!","!","!","!","!","!","!"]}},"1479":{"2813":{"keys":[7,3],"grid":[" "," "," "," "," ","!","!","!","!","!","!","!","!","!","!","!"]}},"1368":{"2813":{"keys":[7,3],"grid":[" "," "," "," "," ","!","!","!","!","!","!","!","!","!","!","!"]}},"1369":{"2813":{"keys":[7,3],"grid":[" "," "," "," "," ","!","!","!","!","!","!","!","!","!","!","!"]}}}}