{"9":{"80":{"177":{"keys":[7,1,3],"grid":[" .!##!","00"," .!!##"," -!###"," -!!#$"," ,!##$"," )!%#%","!*#(","#%!!#,","#","#","#","#","#","#","#"]},"176":{"keys":[7,1,3],"grid":[" .!##!"," /!#"," 0!!"," "," ","02"," .!$"," +!%##"," +!##%"," ,!!#%","09","09"," ,!##$"," -!!#$","13"," -!###"]}},"81":{"176":{"keys":[3,1],"grid":[" "," ","!! 0","02","02","02"," "," "," "," "," "," "," "," "," "," "]}}},"13":{"1285":{"2839":{"keys":[7,3],"grid":[" "," "," "," "," "," "," "," "," "," "," /!#"," ,!&"," )!)"," %!-"," !!0","!"]}},"1284":{"2840":{"keys":[3],"grid":[" "," "," "," "," "," "," "," "," "," "," "," "," "," "," "," "]},"2839":{"keys":[7,3],"grid":[" "," "," "," "," "," "," "," "," "," "," "," "," "," ","!$ .","!* &!#"]}},"1287":{"2839":{"keys":[7,3],"grid":[" 0!!"," -!%"," )!)"," &!,"," #!/","!","!","!","!","!","!","!","!","!","!","!"]}},"1286":{"2839":{"keys":[7,3],"grid":[" "," "," "," "," "," 0!!"," ,!&"," )!)"," &!,"," #!/","!","!","!","!","!","!"]}},"1281":{"2839":{"keys":[7,3],"grid":[" "," "," "," "," ","!# /","!& ,","!* (","!0 !","!","!","!","!","!","!","!"]}},"1280":{"2839":{"keys":[7,3],"grid":[" ","!# /","!' +","!+ '","!/ #","!","!","!","!","!","!","!","!","!","!","!"]}},"1283":{"2839":{"keys":[7,3],"grid":[" "," "," "," "," "," "," "," "," "," "," ","!! 0","!( *","!. $","!","!"]}},"1282":{"2839":{"keys":[7,3],"grid":[" "," "," "," "," "," "," "," "," ","!& ,","!, &","!","!","!","!","!"]}},"1289":{"2838":{"keys":[7,3],"grid":[" "," "," "," "," "," "," "," .!$"," *!("," '!+"," $!.","!","!","!","!","!"]}},"1288":{"2839":{"keys":[3],"grid":[" "," "," "," "," "," "," "," "," "," "," "," "," "," "," "," "]},"2838":{"keys":[7,3],"grid":[" "," "," "," "," "," "," "," "," "," "," "," 0!!"," -!%"," *!("," '!+"," #!/"]}},"1292":{"2828":{"keys":[3,7],"grid":[" "," "," "," "," "," "," "," "," "," "," ","!! 0","11","11","11","!# /"]},"2829":{"keys":[7,3],"grid":[" #!/"," $!.","01","01"," %!-","04"," &!,","06"," '!+","08","08"," (!*","11"," )!)","13","13"]},"2837":{"keys":[3],"grid":[" "," "," "," "," "," "," "," "," "," "," "," "," "," "," "," "]},"2836":{"keys":[7,3],"grid":[" +!'","00"," *!(","02"," )!)"," (!*","05"," '!+"," &!,","08"," %!-"," $!.","11"," #!/"," !!0","14"]},"2835":{"keys":[7,3],"grid":[" "," "," "," "," "," "," "," "," "," 0!!"," /!#","10"," .!$"," -!%","13"," ,!&"]},"2830":{"keys":[7,3],"grid":[" *!(","00"," +!'","02","02"," ,!&","05"," -!%","07"," .!$","09","09"," /!#","12"," 0!!","14"]},"2831":{"keys":[7,3],"grid":[" 0!!"," "," "," "," "," "," "," "," "," "," "," "," "," "," "," "]},"2823":{"keys":[7,3],"grid":[" "," /!#"," ,!&"," *!("," (!*"," %!-"," #!/","!","!","!","!","!","!","!","!","!"]}},"1293":{"2816":{"keys":[7,3],"grid":[" #!/"," $!."," %!-"," &!,"," '!+"," )!)"," *!("," +!'"," ,!&"," -!%"," /!#"," 0!!"," "," "," "," "]},"2831":{"keys":[3,7],"grid":[" "," "," ","!! 0","03","03","!# /","06","!$ .","08","!% -","10","10","!& ,","13","!' +"]},"2835":{"keys":[7,3],"grid":[" &!,"," %!-"," $!.","02"," #!/"," !!0","05","!","!","!","!","!","!","!","!","!"]},"2834":{"keys":[7,3],"grid":[" 0!!"," /!#","01"," .!$"," -!%","04"," ,!&"," +!'","07"," *!("," )!)","10"," (!*","12"," '!+"," &!,"]},"2833":{"keys":[7,3],"grid":[" "," "," "," "," "," "," "," "," "," "," "," "," "," "," "," 0!!"]},"2832":{"keys":[7,3],"grid":[" '!+","00"," (!*"," )!)"," *!("," +!'"," ,!&"," -!%"," .!$","08"," /!#"," 0!!"," "," "," "," "]},"2822":{"keys":[7,3],"grid":[" "," "," "," "," "," "," "," "," "," "," /!#"," -!%"," *!("," (!*"," &!,"," #!/"]},"2823":{"keys":[3],"grid":[" "," "," "," "," "," "," "," "," "," "," "," "," "," "," "," "]}},"1290":{"2824":{"keys":[7],"grid":[" "," "," "," "," "," "," "," "," "," "," "," "," "," "," "," "]},"2838":{"keys":[7,3],"grid":[" "," "," .!$"," +!'"," '!+"," $!.","!","!","!","!","!","!","!","!","!","!"]},"2823":{"keys":[7],"grid":[" "," "," "," "," "," "," "," "," "," "," "," "," "," "," "," "]}},"1291":{"2824":{"keys":[3,7],"grid":[" "," "," ","!! 0","03","03","03","!# /","07","07","07","07","!$ .","12","12","12"]},"2828":{"keys":[7,3],"grid":[" /!#","00"," 0!!","02","02","02"," "," "," "," "," "," "," "," "," "," "]},"2838":{"keys":[7,3],"grid":[" $!.","!","!","!","!","!","!","!","!","!","!","!","!","!","!","!"]},"2837":{"keys":[7,3],"grid":[" "," "," 0!!"," /!#","03"," .!$"," -!%","06"," ,!&"," +!'","09"," *!(","11"," )!)"," (!*","14"]},"2825":{"keys":[7,3],"grid":[" %!-","00","00","00","00"," &!,","05","05","05"," '!+","09","09","09","09"," (!*","14"]},"2826":{"keys":[7,3],"grid":[" (!*","00"," )!)","02","02","02","02"," *!(","07","07","07"," +!'","11","11","11","11"]},"2827":{"keys":[7,3],"grid":[" ,!&","00","00","00"," -!%","04","04","04","04"," .!$","09","09","09"," /!#","13","13"]},"2823":{"keys":[7,3],"grid":[" "," "," "," "," "," "," "," "," .!$"," ,!&"," )!)"," '!+"," %!-"," !!0","!","!"]}},"1296":{"2819":{"keys":[7,3],"grid":[" -!%"," .!$"," /!#","02","02","02","02","02","02","02","02","02","02","02","02","02"]},"2820":{"keys":[7,3],"grid":[" /!#","00","00","00","00","00","00","00","00","00","00","00","00","00","00","00"]},"2818":{"keys":[3,7],"grid":[" "," "," "," "," "," "," ","!! 0","!# /","!$ .","!% -","!& ,","!( *","!) )","!* (","!+ '"]},"2821":{"keys":[7,3],"grid":[" /!#","00","00","00","00","00"," .!$"," +!'"," )!)"," '!+"," $!."," !!0","!","!","!","!"]}},"1294":{"2817":{"keys":[7,3],"grid":[" &!,"," '!+"," (!*"," )!)"," +!'"," ,!&"," -!%"," .!$"," 0!!"," "," "," "," "," "," "," "]},"2816":{"keys":[3,7],"grid":[" "," "," "," "," "," "," "," "," "," "," "," "," ","!! 0","!# /","!% -"]},"2833":{"keys":[7,3],"grid":[" %!-"," &!,"," '!+"," (!*","03","02","01","01","00"," $!.","09"," #!/"," !!0","12","!","!"]},"2832":{"keys":[3,7],"grid":[" "," "," "," "," "," "," "," "," "," "," "," "," ","!! 0","!# /","!$ ."]},"2822":{"keys":[7,3],"grid":[" "," "," "," /!#"," -!%"," +!'"," (!*"," &!,"," $!.","!","!","!","!","!","!","!"]}},"1295":{"2817":{"keys":[3,7],"grid":[" "," "," "," "," "," "," "," "," "," ","!! 0","!# /","!$ .","!& ,","!' +","!( *"]},"2818":{"keys":[7,3],"grid":[" )!)"," *!("," ,!&"," -!%"," .!$"," /!#"," 0!!"," "," "," "," "," "," "," "," "," "]},"2822":{"keys":[7,3],"grid":[" &!,"," $!."," !!0","!","!","!","!","!","!","!","!","!","!","!","!","!"]},"2821":{"keys":[7,3],"grid":[" "," "," "," "," "," "," "," "," "," "," "," "," 0!!"," -!%"," +!'"," )!)"]}}}}