{"9":{"88":{"206":{"keys":["",3,1],"grid":[" )!)","00","00","00","!% )!%","04","04","04","04","04","04","04"," /!#","12"," /!!#!"," 0#!"]}},"89":{"207":{"keys":[9,1,""],"grid":[" $!) &"," "," "," "," "," "," "," "," "," "," "," ","#% -","12","12","12"]},"206":{"keys":[3,1],"grid":[" "," "," "," "," "," "," "," "," "," "," "," "," "," "," ","!% '!'"]}},"91":{"206":{"keys":[3,1,9],"grid":[" "," "," "," "," "," "," "," "," "," "," "," "," *!(","!+#'","#","#"]}},"90":{"206":{"keys":[3,1,9],"grid":[" "," "," "," "," "," "," "," "," "," "," "," "," "," /!#"," %!,#!","!&#,"]}},"93":{"207":{"keys":[3,1,9],"grid":[" "," "," ","!$ .","##!% +","#&!% (","#)!% %","#,!$ #","#.!$","#","#","#","#","#","#","#"]}},"92":{"207":{"keys":[9,1,3],"grid":[" ,!!#%"," ,!$##"," .!$"," 0!!"," "," "," "," "," "," "," "," "," "," "," "," "]},"206":{"keys":[3,1,9],"grid":[" "," "," "," "," "," "," "," "," "," "," "," &!* #","!'#'!# #","#,!# $","#,!! %","14"]}},"95":{"207":{"keys":[3,1],"grid":[" "," "," "," "," "," "," "," "," "," "," "," "," "," ","!! 0","!% -"]}},"94":{"207":{"keys":[3,1,9],"grid":[" "," "," "," "," "," "," "," ","!! 0","!% -","#$!% *","#'!$ (","#)!% %","#,!$ #","#.!$","#"]}}},"13":{"1469":{"3308":{"keys":[3,9],"grid":[" "," "," "," "," "," "," "," "," "," "," +!'","!","!","!","!","!"]}},"1468":{"3308":{"keys":[3,9],"grid":[" "," "," "," "," "," "," "," "," "," "," "," /!#"," $!.","!","!","!"]}},"1465":{"3308":{"keys":[3],"grid":[" "," "," "," "," "," "," "," "," "," "," "," "," "," "," "," "]},"3309":{"keys":[3,9],"grid":[" &!,","!","!","!","!","!","!","!","!","!","!","!","!","!","!","!"]}},"1464":{"3309":{"keys":[3,9],"grid":[" "," +!'","!","!","!","!","!","!","!","!","!","!","!","!","!","!"]}},"1467":{"3308":{"keys":[3,9],"grid":[" "," "," "," "," "," "," "," "," "," "," "," "," "," (!*","!","!"]}},"1466":{"3308":{"keys":[3,9],"grid":[" "," "," "," "," "," "," "," "," "," "," "," "," "," "," ,!&","!"]}},"1461":{"3309":{"keys":[3,9],"grid":[" "," "," "," "," "," .!$"," #!/","!","!","!","!","!","!","!","!","!"]}},"1460":{"3309":{"keys":[3,9],"grid":[" "," "," "," "," "," "," "," (!*","!","!","!","!","!","!","!","!"]}},"1463":{"3309":{"keys":[3,9],"grid":[" "," "," /!#"," $!.","!","!","!","!","!","!","!","!","!","!","!","!"]}},"1462":{"3309":{"keys":[3,9],"grid":[" "," "," "," "," )!)","!","!","!","!","!","!","!","!","!","!","!"]}},"1490":{"3315":{"keys":[3,9],"grid":[" "," "," "," "," "," "," "," "," "," "," "," ","!! 0","!% -","!' +","!* ("]},"3316":{"keys":[9,3],"grid":[" -!%"," 0!!"," "," "," "," "," "," "," "," "," "," "," "," "," "," "]}},"1491":{"3316":{"keys":[3,9],"grid":[" "," ","!# /","!& ,","!( *","!+ '","!. $","!","!","!","!","!","!","!","!","!"]}},"1492":{"3316":{"keys":[3,9],"grid":[" "," "," "," "," "," "," "," ","!$ .","!' +","!) )","!, &","!/ #","!","!","!"]}},"1493":{"3317":{"keys":[9,3],"grid":[" *!("," -!%"," 0!!"," "," "," "," "," "," "," "," "," "," "," "," "," "]},"3316":{"keys":[3,9],"grid":[" "," "," "," "," "," "," "," "," "," "," "," "," ","!! 0","!% -","!( *"]}},"1494":{"3317":{"keys":[3,9],"grid":[" "," "," ","!# /","!& ,","!( *","!+ '","!. $","!","!","!","!","!","!","!","!"]}},"1495":{"3317":{"keys":[3,9],"grid":[" "," "," "," "," "," "," "," "," ","!$ .","!' +","!) )","!, &","!/ #","!","!"]}},"1496":{"3318":{"keys":[9,3],"grid":[" '!+"," *!("," -!%"," 0!!"," "," "," "," "," "," "," "," "," "," "," "," "]},"3317":{"keys":[3,9],"grid":[" "," "," "," "," "," "," "," "," "," "," "," "," "," ","!! 0","!$ ."]}},"1497":{"3318":{"keys":[3,9],"grid":[" "," "," "," ","!! 0","!% -","!( *","!+ '","!. $","!","!","!","!","!","!","!"]}},"1498":{"3318":{"keys":[3,9],"grid":[" "," "," "," "," "," "," "," "," "," ","!# /","!& ,","!) )","!, &","!/ #","!"]}},"1499":{"3319":{"keys":[9,3],"grid":[" $!."," '!+"," *!("," -!%"," /!#"," "," "," "," "," "," "," "," "," "," "," "]},"3318":{"keys":[3],"grid":[" "," "," "," "," "," "," "," "," "," "," "," "," "," "," "," "]}},"1510":{"3322":{"keys":[3,9],"grid":[" "," "," "," "," "," "," "," "," "," "," "," "," "," "," ","!$ ."]},"3323":{"keys":[9,3],"grid":[" &!,"," )!)"," ,!&"," /!#"," "," "," "," "," "," "," "," "," "," "," "," "]}},"1483":{"3309":{"keys":[9,3],"grid":[" "," "," "," "," "," "," "," "," "," "," "," "," "," 0!!"," )!$ %!!"," (!% %!!"]},"3307":{"keys":[3,9],"grid":[" "," "," "," "," "," "," "," "," %!-","!","!","!","!","!","!","!"]},"3311":{"keys":[9,3],"grid":[" ,!&","00"," -!%","02"," .!$","04","04","04","04","04"," /!#","10","04","04","04","02"]},"3310":{"keys":[9,3],"grid":[" (!*"," )!)","01","01","01","01","01"," *!(","07","07","07"," +!'","11","11"," ,!&","14"]},"3313":{"keys":[9,3],"grid":[" (!*","00"," '!+"," &!,"," %!-","03","03"," )!)"," ,!&"," /!#"," "," "," "," "," "," "]},"3312":{"keys":[9,3],"grid":[" ,!&"," +!'","01"," *!(","03","03","03","01","03","03"," '!+"," (!*","11","11","11","11"]}},"1482":{"3307":{"keys":[3,9],"grid":[" "," "," "," "," "," "," "," "," "," )!)","!","!","!","!","!","!"]}},"1481":{"3307":{"keys":[3,9],"grid":[" "," "," "," "," "," "," "," "," "," "," ,!&","!","!","!","!","!"]}},"1480":{"3307":{"keys":[3,9],"grid":[" "," "," "," "," "," "," "," "," "," "," "," /!#"," #!/","!","!","!"]}},"1487":{"3315":{"keys":[9,3],"grid":[" 0!!"," "," "," "," "," "," "," "," "," "," "," "," "," "," "," "]},"3314":{"keys":[3,9],"grid":[" "," "," "," "," "," "," "," "," "," "," ","!! 0","!% -","!( *","!* (","!- %"]}},"1486":{"3314":{"keys":[3,9],"grid":[" "," "," "," "," "," ","!$ .","!& ,","!) )","!, &","!/ #","!","!","!","!","!"]}},"1485":{"3307":{"keys":[3,9],"grid":[" "," "," "," "," "," ","!( *","06","06","!' +","!& ,","10","!% -","12","12","!$ ."]},"3313":{"keys":[3],"grid":[" "," "," "," "," "," "," "," "," "," "," "," "," "," "," "," "]},"3314":{"keys":[9,3],"grid":[" #!/"," %!-"," (!*"," +!'"," .!$"," "," "," "," "," "," "," "," "," "," "," "]},"3308":{"keys":[9,3],"grid":[" $!."," #!/","01"," !!0","03","!","!","!","!","!","!","!","!","!","!","!"]}},"1484":{"3307":{"keys":[3,9],"grid":[" "," "," "," "," "," "," .!$"," !!0","!","!","!","!","!","!","!","!"]},"3313":{"keys":[3,9],"grid":[" "," "," "," "," "," "," "," "," "," ","!! 0","!% -","!' +","!* (","!- %","!0 !"]},"3308":{"keys":[9,3],"grid":[" "," "," "," "," "," "," "," 0!!","07"," /!#","09","09","09"," .!$","13"," -!%"]},"3309":{"keys":[9,3],"grid":[" +!'"," *!("," )!)","02","02","02"," (!*"," '!+"," &!,"," %!-"," $!."," #!/","!","!","!","!"]}},"1489":{"3315":{"keys":[3,9],"grid":[" "," "," "," "," "," "," ","!$ .","!' +","!) )","!, &","!/ #","!","!","!","!"]}},"1488":{"3315":{"keys":[3,9],"grid":[" ","!# /","!& ,","!) )","!+ '","!. $","!","!","!","!","!","!","!","!","!","!"]}},"1520":{"3326":{"keys":[3,9],"grid":[" "," "," "," "," "," "," "," "," "," "," "," "," ","!$ .","!& ,","!) )"]},"3327":{"keys":[9,3],"grid":[" ,!&"," .!$"," "," "," "," "," "," "," "," "," "," "," "," "," "," "]}},"1521":{"3327":{"keys":[3,9],"grid":[" "," "," ","!# /","!& ,","!) )","!+ '","!. $","!","!","!","!","!","!","!","!"]}},"1522":{"3327":{"keys":[3,9],"grid":[" "," "," "," "," "," "," "," "," ","!$ .","!' +","!) )","!, &","!/ #","!","!"]}},"1523":{"3327":{"keys":[3,9],"grid":[" "," "," "," "," "," "," "," "," "," "," "," "," "," ","!! 0","!% -"]}},"1519":{"3326":{"keys":[3,9],"grid":[" "," "," "," "," "," "," ","!$ .","!& ,","!) )","!, &","!. $","!","!","!","!"]}},"1518":{"3326":{"keys":[3,9],"grid":[" ","!# /","!& ,","!) )","!+ '","!. $","!","!","!","!","!","!","!","!","!","!"]}},"1436":{"3311":{"keys":[3,9],"grid":[" "," "," "," "," "," "," "," "," "," "," "," /!#"," $!.","!","!","!"]}},"1437":{"3311":{"keys":[3,9],"grid":[" "," "," "," "," "," "," "," "," "," "," )!)","!","!","!","!","!"]}},"1434":{"3311":{"keys":[3,9],"grid":[" "," "," "," "," "," "," "," "," "," "," "," "," "," "," "," (!*"]},"3312":{"keys":[9],"grid":[" "," "," "," "," "," "," "," "," "," "," "," "," "," "," "," "]}},"1435":{"3311":{"keys":[3,9],"grid":[" "," "," "," "," "," "," "," "," "," "," "," "," "," +!'","!","!"]}},"1432":{"3312":{"keys":[3,9],"grid":[" "," "," *!(","!","!","!","!","!","!","!","!","!","!","!","!","!"]}},"1433":{"3312":{"keys":[3,9],"grid":[" .!$"," $!.","!","!","!","!","!","!","!","!","!","!","!","!","!","!"]}},"1430":{"3312":{"keys":[3,9],"grid":[" "," "," "," "," "," ,!&","!","!","!","!","!","!","!","!","!","!"]}},"1431":{"3312":{"keys":[3,9],"grid":[" "," "," "," 0!!"," &!,","!","!","!","!","!","!","!","!","!","!","!"]}},"1511":{"3323":{"keys":[3,9],"grid":[" "," "," "," "," ","!$ .","!' +","!* (","!- %","!/ #","!","!","!","!","!","!"]}},"1438":{"3311":{"keys":[3,9],"grid":[" "," "," "," "," "," "," "," "," -!%"," #!/","!","!","!","!","!","!"]}},"1439":{"3311":{"keys":[3,9],"grid":[" "," "," "," "," "," "," "," '!+","!","!","!","!","!","!","!","!"]}},"1423":{"3311":{"keys":[9,3,""],"grid":[" 0!!"," "," "," "," "," "," "," "," "," "," "," ","#% -","12","12","12"]},"3310":{"keys":[3,9],"grid":[" "," "," "," "," "," "," "," "," "," "," "," "," ","!! 0","!& ,","!+ '"]}},"1425":{"3311":{"keys":[3,9],"grid":[" "," "," "," ","!# /","!( *","!, &","!","!","!","!","!","!","!","!","!"]}},"1424":{"3311":{"keys":[3,9],"grid":[" ","!% -","!) )","!. $","!","!","!","!","!","!","!","!","!","!","!","!"]}},"1427":{"3311":{"keys":[3,9],"grid":[" "," "," "," "," "," "," "," "," "," "," ","!# /","!( *","!+ '","!, &","14"]},"3312":{"keys":[9,3],"grid":[" -!%"," .!$"," /!#"," 0!!","03"," "," "," "," "," "," "," "," "," "," "," "]}},"1426":{"3311":{"keys":[3,9],"grid":[" "," "," "," "," "," "," "," ","!% -","!* (","!. $","!","!","!","!","!"]}},"1429":{"3312":{"keys":[3,9],"grid":[" "," "," "," "," "," "," .!$","!","!","!","!","!","!","!","!","!"]}},"1428":{"3312":{"keys":[3,9],"grid":[" "," "," "," "," "," ","!! 0","!# .!!","!","!","!","!","!","!","!","!"]}},"1502":{"3320":{"keys":[3,9],"grid":[" ","!$ .","!& ,","!) )","!, &","!/ #","!","!","!","!","!","!","!","!","!","!"]}},"1503":{"3320":{"keys":[3,9],"grid":[" "," "," "," "," "," ","!! 0","!$ .","!' +","!* (","!- %","!0 !","!","!","!","!"]}},"1500":{"3319":{"keys":[3,9],"grid":[" "," "," "," "," ","!! 0","!% -","!( *","!+ '","!- %","!0 !","!","!","!","!","!"]}},"1501":{"3320":{"keys":[9],"grid":[" "," "," "," "," "," "," "," "," "," "," "," "," "," "," "," "]},"3319":{"keys":[3,9],"grid":[" "," "," "," "," "," "," "," "," "," "," ","!# /","!& ,","!) )","!+ '","!. $"]}},"1506":{"3321":{"keys":[3,9],"grid":[" "," "," "," "," "," "," "," ","!$ .","!' +","!) )","!, &","!/ #","!","!","!"]}},"1507":{"3321":{"keys":[3,9],"grid":[" "," "," "," "," "," "," "," "," "," "," "," "," ","!! 0","!$ .","!' +"]},"3322":{"keys":[9,3],"grid":[" *!("," -!%"," 0!!"," "," "," "," "," "," "," "," "," "," "," "," "," "]}},"1504":{"3320":{"keys":[3,9],"grid":[" "," "," "," "," "," "," "," "," "," "," "," ","!! 0","!% -","!( *","!+ '"]},"3321":{"keys":[9,3],"grid":[" .!$"," 0!!"," "," "," "," "," "," "," "," "," "," "," "," "," "," "]}},"1505":{"3321":{"keys":[3,9],"grid":[" "," ","!# /","!& ,","!) )","!+ '","!. $","!","!","!","!","!","!","!","!","!"]}},"1508":{"3322":{"keys":[3,9],"grid":[" "," "," ","!! 0","!% -","!( *","!+ '","!- %","!0 !","!","!","!","!","!","!","!"]}},"1509":{"3322":{"keys":[3,9],"grid":[" "," "," "," "," "," "," "," "," ","!# /","!& ,","!) )","!+ '","!. $","!","!"]}},"1454":{"3310":{"keys":[3,9],"grid":[" &!,","!","!","!","!","!","!","!","!","!","!","!","!","!","!","!"]},"3309":{"keys":[3],"grid":[" "," "," "," "," "," "," "," "," "," "," "," "," "," "," "," "]}},"1455":{"3309":{"keys":[3,9],"grid":[" "," "," "," "," "," "," "," "," "," "," "," "," "," "," +!'","!"]}},"1456":{"3309":{"keys":[3,9],"grid":[" "," "," "," "," "," "," "," "," "," "," "," "," "," '!+","!","!"]}},"1457":{"3309":{"keys":[3,9],"grid":[" "," "," "," "," "," "," "," "," "," "," "," ,!&","!","!","!","!"]}},"1450":{"3310":{"keys":[3,9],"grid":[" "," "," "," "," "," "," &!,","!","!","!","!","!","!","!","!","!"]}},"1451":{"3310":{"keys":[3,9],"grid":[" "," "," "," "," +!'","!","!","!","!","!","!","!","!","!","!","!"]}},"1452":{"3310":{"keys":[3,9],"grid":[" "," "," "," &!,","!","!","!","!","!","!","!","!","!","!","!","!"]}},"1453":{"3310":{"keys":[3,9],"grid":[" "," +!'","!","!","!","!","!","!","!","!","!","!","!","!","!","!"]}},"1515":{"3324":{"keys":[3,9],"grid":[" "," "," "," "," "," "," "," "," "," "," "," "," "," "," ","!# /"]},"3325":{"keys":[9,3],"grid":[" &!,"," )!)"," +!'"," .!$"," 0!!"," "," "," "," "," "," "," "," "," "," "," "]}},"1514":{"3324":{"keys":[3,9],"grid":[" "," "," "," "," "," "," "," "," ","!# /","!& ,","!( *","!+ '","!. $","!0 !","!"]}},"1517":{"3325":{"keys":[3,9],"grid":[" "," "," "," "," "," "," "," "," "," "," ","!# /","!& ,","!( *","!+ '","!. $"]},"3326":{"keys":[9],"grid":[" "," "," "," "," "," "," "," "," "," "," "," "," "," "," "," "]}},"1516":{"3325":{"keys":[3,9],"grid":[" "," "," "," "," ","!# /","!& ,","!( *","!+ '","!. $","!0 !","!","!","!","!","!"]}},"1458":{"3309":{"keys":[3,9],"grid":[" "," "," "," "," "," "," "," "," "," "," '!+","!","!","!","!","!"]}},"1459":{"3309":{"keys":[3,9],"grid":[" "," "," "," "," "," "," "," "," -!%"," !!0","!","!","!","!","!","!"]}},"1513":{"3324":{"keys":[3,9],"grid":[" "," "," ","!# /","!& ,","!( *","!+ '","!. $","!0 !","!","!","!","!","!","!","!"]}},"1512":{"3323":{"keys":[3,9],"grid":[" "," "," "," "," "," "," "," "," "," ","!! 0","!$ .","!& ,","!' +","!( *","!* ("]},"3324":{"keys":[9,3],"grid":[" ,!&"," .!$"," 0!!"," "," "," "," "," "," "," "," "," "," "," "," "," "]}},"1447":{"3310":{"keys":[3,9],"grid":[" "," "," "," "," "," "," "," "," "," "," ,!&","!","!","!","!","!"]}},"1446":{"3310":{"keys":[3,9],"grid":[" "," "," "," "," "," "," "," "," "," "," "," "," '!+","!","!","!"]}},"1445":{"3310":{"keys":[3,9],"grid":[" "," "," "," "," "," "," "," "," "," "," "," "," "," -!%"," #!/","!"]}},"1444":{"3311":{"keys":[9],"grid":[" "," "," "," "," "," "," "," "," "," "," "," "," "," "," "," "]},"3310":{"keys":[3,9],"grid":[" "," "," "," "," "," "," "," "," "," "," "," "," "," "," "," (!*"]}},"1443":{"3311":{"keys":[3,9],"grid":[" .!$"," $!.","!","!","!","!","!","!","!","!","!","!","!","!","!","!"]}},"1442":{"3311":{"keys":[3,9],"grid":[" "," "," *!(","!","!","!","!","!","!","!","!","!","!","!","!","!"]}},"1441":{"3311":{"keys":[3,9],"grid":[" "," "," "," 0!!"," %!-","!","!","!","!","!","!","!","!","!","!","!"]}},"1440":{"3311":{"keys":[3,9],"grid":[" "," "," "," "," "," +!'","!","!","!","!","!","!","!","!","!","!"]}},"1449":{"3310":{"keys":[3,9],"grid":[" "," "," "," "," "," "," "," +!'","!","!","!","!","!","!","!","!"]}},"1448":{"3310":{"keys":[3,9],"grid":[" "," "," "," "," "," "," "," "," "," &!,","!","!","!","!","!","!"]}},"1472":{"3308":{"keys":[3,9],"grid":[" "," "," "," "," "," "," *!(","!","!","!","!","!","!","!","!","!"]}},"1473":{"3308":{"keys":[3,9],"grid":[" "," "," "," "," "," &!,","!","!","!","!","!","!","!","!","!","!"]}},"1470":{"3308":{"keys":[3,9],"grid":[" "," "," "," "," "," "," "," "," "," &!,","!","!","!","!","!","!"]}},"1471":{"3308":{"keys":[3,9],"grid":[" "," "," "," "," "," "," "," .!$"," !!0","!","!","!","!","!","!","!"]}},"1476":{"3308":{"keys":[3,9],"grid":[" "," &!,","!","!","!","!","!","!","!","!","!","!","!","!","!","!"]}},"1477":{"3307":{"keys":[3,9],"grid":[" "," "," "," "," "," "," "," "," "," "," "," "," "," "," "," .!$"]},"3308":{"keys":[3,9],"grid":[" !!0","!","!","!","!","!","!","!","!","!","!","!","!","!","!","!"]}},"1474":{"3308":{"keys":[3,9],"grid":[" "," "," "," .!$"," !!0","!","!","!","!","!","!","!","!","!","!","!"]}},"1475":{"3308":{"keys":[3,9],"grid":[" "," "," *!(","!","!","!","!","!","!","!","!","!","!","!","!","!"]}},"1478":{"3307":{"keys":[3,9],"grid":[" "," "," "," "," "," "," "," "," "," "," "," "," "," "," +!'","!"]}},"1479":{"3307":{"keys":[3,9],"grid":[" "," "," "," "," "," "," "," "," "," "," "," "," "," '!+","!","!"]}}}}