{"9":{"95":{"208":{"keys":[9,1,3],"grid":[" $!%#*"," '!$#("," )!%#%"," ,!%#!"," /!#"," "," "," "," "," "," "," "," "," "," "," "]}}},"13":{"1523":{"3328":{"keys":[9,3],"grid":[" (!*"," +!'"," -!%"," 0!!"," "," "," "," "," "," "," "," "," "," "," "," "]}},"1526":{"3328":{"keys":[3,9],"grid":[" "," "," "," "," "," "," "," "," "," "," "," "," "," "," ","!! 0"]},"3329":{"keys":[9,3],"grid":[" %!-"," (!*"," +!'"," .!$"," "," "," "," "," "," "," "," "," "," "," "," "]}},"1524":{"3328":{"keys":[3,9],"grid":[" "," "," "," ","!# /","!& ,","!) )","!, &","!. $","!","!","!","!","!","!","!"]}},"1525":{"3328":{"keys":[3,9],"grid":[" "," "," "," "," "," "," "," "," "," ","!$ .","!' +","!* (","!- %","!/ #","!"]}},"1535":{"3332":{"keys":[3,9],"grid":[" "," "," ","!# /","!% -","!( *","!+ '","!. $","!","!","!","!","!","!","!","!"]}},"1534":{"3332":{"keys":[9,3],"grid":[" *!("," -!%"," 0!!"," "," "," "," "," "," "," "," "," "," "," "," "," "]},"3331":{"keys":[3,9],"grid":[" "," "," "," "," "," "," "," "," "," "," "," "," ","!! 0","!% -","!( *"]}},"1533":{"3331":{"keys":[3,9],"grid":[" "," "," "," "," "," "," ","!! 0","!$ .","!' +","!* (","!- %","!/ #","!","!","!"]}},"1527":{"3329":{"keys":[3,9],"grid":[" "," "," "," "," ","!# /","!& ,","!) )","!, &","!/ #","!","!","!","!","!","!"]}},"1531":{"3331":{"keys":[9,3],"grid":[" .!$"," "," "," "," "," "," "," "," "," "," "," "," "," "," "," "]},"3330":{"keys":[3,9],"grid":[" "," "," "," "," "," "," "," "," "," "," "," ","!# /","!& ,","!) )","!+ '"]}},"1530":{"3330":{"keys":[3,9],"grid":[" "," "," "," "," "," ","!# /","!% -","!( *","!+ '","!. $","!0 !","!","!","!","!"]}},"1528":{"3329":{"keys":[3,9],"grid":[" "," "," "," "," "," "," "," "," "," "," ","!$ .","!' +","!* (","!, &","!/ #"]},"3330":{"keys":[9],"grid":[" "," "," "," "," "," "," "," "," "," "," "," "," "," "," "," "]}},"1529":{"3330":{"keys":[9,3],"grid":[" !!0"," %!-"," (!*"," *!("," -!%"," 0!!"," "," "," "," "," "," "," "," "," "," "]}},"1532":{"3331":{"keys":[3,9],"grid":[" "," ","!$ .","!& ,","!) )","!, &","!/ #","!","!","!","!","!","!","!","!","!"]}}}}