{"9":{"335":{"172":{"keys":[2,1,183],"grid":[" -!!#$"," +!$#$"," )!$#&"," '!$#(","!# $!%#(","#!!# !!##+","##!$#,","#","#","#","#","#","#","#","#","#"]},"171":{"keys":[2,1,183],"grid":[" "," "," "," "," "," "," "," "," /!#","08"," .!##!"," .!!##","11","11","11"," -!###"]}},"334":{"172":{"keys":[183,1,2],"grid":[" *!##&"," +!%##"," ,!&"," 0!!","03"," "," "," "," "," "," "," "," "," "," "," "]},"171":{"keys":[2,1,183],"grid":[" "," "," "," "," "," "," ","!# /","07","#!!' *","#$!!##!! *","#&!# *","#%!# +","#%!% )","#(!# (","#)!# '"]}},"331":{"170":{"keys":[2,1,183],"grid":[" "," "," +!! &","!# (!' !","!,#!!%","##!&#)!!","#","#","#","#","#","#","#","#","#","#"]}},"330":{"169":{"keys":[2,1,183],"grid":[" "," "," "," "," "," "," "," "," "," "," '!# )"," $!& )"," $!$#!!# (","!%#%!! (","!$#&!! (","#)!# '"]},"170":{"keys":[183,1,2],"grid":[" *!##&"," +!!#&","01","01"," +!##!!$"," ,!&"," "," "," "," "," "," "," "," "," "," "]}},"333":{"172":{"keys":[183,1,2],"grid":[" (!!#%!! $"," '!##%!# #"," '!!#&!# #"," '!!#'!! #","02"," '!##$!# $"," (!& %"," )!$ &"," "," "," "," "," "," "," "," "]},"171":{"keys":[2,1,183],"grid":[" "," ","!! 0","02","!! ,!# #","!# (!& #","!# (!!#$!# !","#!!! (!##$!#","#!!$ &!!#'","#$!! &!%#$","#$!% &!!#$","#'!$ $!!#$","#)!! #!##$","#(!# #!##$","#(!! %!!#$","14"]}},"332":{"171":{"keys":[183,1,2],"grid":[" ,!$##"," .!##!"," /!#"," 0!!","03"," "," "," "," "," "," "," "," "," "," "," "]},"170":{"keys":[2,1,183],"grid":[" "," "," "," "," ","!! 0","!% -","#$!! -","#$!# ,","08","08","07","08","#%!# +","#&!% (","#'!' %"]}},"322":{"175":{"keys":[2,1,183],"grid":[" )!!#("," )!##'"," *!##&"," +!$#$"," -!###"," .!!##"," .!##!"," /!!#!","07","07","06","05","04","03"," )!$#&","00"]},"174":{"keys":[2,1,183],"grid":[" +!##%"," +!!#&","01","01","01","01","01"," *!##&"," *!!#'","08","08","08","08","08"," )!##'"," )!!#("]},"173":{"keys":[2,1,183],"grid":[" "," "," "," "," "," "," "," "," "," "," "," "," "," /!#"," ,!%#!"," ,!!#%"]}},"323":{"173":{"keys":[2,1,183],"grid":[" %!!#,"," %!##+"," $!##,"," $!!#-","02","01"," &!!#+","01","00","02"," #!##-"," #!!#.","!$#.","!!#0","#","#"]},"172":{"keys":[2,1,183],"grid":[" "," "," "," "," "," "," "," "," "," *!$ %"," )!##!!# $"," (!##$!# #"," (!!#&!# !"," '!##'!! !"," %!$#(!#"," %!!#,"]}},"326":{"171":{"keys":[2,1,183],"grid":[" /!#"," &!! (!##!"," %!+##"," $!##,"," $!!#-","04"," #!##-","03"," %!!#,","08"," %!##+","03","!%#-","!!#0","#","#"]},"170":{"keys":[2,1],"grid":[" "," "," "," "," "," "," "," "," "," "," "," "," "," "," 0!!","14"]}},"327":{"169":{"keys":[2,1],"grid":[" "," "," "," "," "," "," "," "," "," "," "," "," "," "," 0!!","14"]},"170":{"keys":[2,1,183],"grid":[" /!#","00"," .!##!"," .!!##","02","02"," +!%##"," +!!#&"," *!##&","08","08"," (!$#'"," $!&#)"," !!$#-","!##/","#"]}},"324":{"174":{"keys":[183,1],"grid":[" -!$ !"," .!# !"," "," "," "," "," "," "," "," "," "," "," "," "," "," "]},"173":{"keys":[183,1,2],"grid":[" !!##."," #!!#."," #!##-"," $!##,"," %!!#,"," %!##+"," &!##*"," '!!#*"," '!##)"," (!!#)","09"," (!##("," )!##'"," *!!#'"," *!$#%"," +!'"]},"172":{"keys":[2,1],"grid":[" "," "," "," "," "," "," "," "," "," "," "," "," "," ","!! 0","!# /"]}},"325":{"173":{"keys":[2,1,183],"grid":[" %!!#,"," %!##+"," &!##*"," '!!#*","03","02"," &!$#)"," (!!#)"," (!##("," )!!#(","08"," '!##)","02"," #!%#+","!$#.","!!#0"]},"172":{"keys":[2,1,183],"grid":[" ,!##$"," +!##%"," !!# '!$#%"," !!$ %!##'"," !!)#("," #!##$!!#)"," #!##-","06"," $!!#-","08","08"," $!##,"," %!!#,","12","12","12"]},"171":{"keys":[2,1,183],"grid":[" "," "," "," "," "," "," "," "," "," "," "," "," "," /!#"," .!##!"," -!###"]}},"328":{"169":{"keys":[2,1,183],"grid":[" "," "," "," "," "," "," "," "," "," "," $!$ +"," $!!#!!! +"," $!!#!!# *"," $!##!!+","!! $!!#(!##!!!","!$ !!!#+!!"]},"170":{"keys":[183,1,2],"grid":[" !!##!!! ,"," !!% *!#"," /!#","02"," 0!!"," "," "," "," "," "," "," "," "," "," "," "]}},"329":{"169":{"keys":[2,1,183],"grid":[" "," "," "," "," "," "," "," "," "," "," "," "," "," -!%"," ,!###!!","!# )!##%"]},"170":{"keys":[183,1,2],"grid":[" !!!#)!! &","!##)!! &","#&!$##!! &","02","!)#!!$ %"," !!# $!% '"," (!# ("," "," "," "," "," "," "," "," "," "]}}},"13":{"5173":{"2769":{"keys":[183,2],"grid":[" "," "," "," "," "," "," "," "," "," "," "," ","!! 0","!# /","12"," "]},"2773":{"keys":[183,2],"grid":[" "," "," "," "," "," "," "," "," "," ","!! 0","10","10","!# /","13","13"]},"2774":{"keys":[2,183],"grid":[" $!.","00"," %!-","02","02"," &!,","05"," '!+","07","07"," (!*","10"," )!)","12","12","12"]},"2766":{"keys":[2,183],"grid":[" "," "," "," "," "," "," "," "," $!! +!#"," $!$ !!*"," $!."," #!/","!","!","!","!"]},"2775":{"keys":[2,183],"grid":[" )!)"," (!*"," '!+","02"," &!,"," %!-"," $!.","06"," #!/"," !!0","09","!","!","!","!","!"]}},"5172":{"2769":{"keys":[2,183],"grid":[" (!*"," )!)"," *!("," +!'","03"," ,!&"," -!%"," .!$"," /!#"," 0!!"," "," "," "," "," "," "]},"2768":{"keys":[2,183],"grid":[" $!.","00","00"," #!/","00","00","00","00"," %!-","08","08"," &!,","11","11"," '!+","14"]},"2770":{"keys":[2,183],"grid":[" 0!!"," /!#"," .!$"," ,!&"," +!'"," *!("," )!)"," (!*"," '!+"," &!,"," %!-"," $!."," #!/"," !!0","!","!"]},"2772":{"keys":[183,2],"grid":[" "," "," ","!! 0","!# /","!$ .","!% -","!& ,","!' +","!( *","!) )","!* (","!+ '","!, &","!- %","14"]},"2773":{"keys":[2,183],"grid":[" .!$","00","00"," /!#","03"," 0!!","05","05"," "," "," "," "," "," "," "," "]},"2767":{"keys":[2,183],"grid":[" /!#"," -!%"," ,!&","02"," *!("," )!)","05"," %!! #!*"," &!,","08","08"," %!-","11","11","11"," $!."]},"2766":{"keys":[2,183],"grid":[" "," "," "," "," "," "," "," "," "," "," "," "," "," 0!!","13"," /!#"]},"2776":{"keys":[2,183],"grid":[" .!$"," -!%"," ,!&"," +!'","03"," *!("," )!)","06"," (!*"," '!+","09"," &!,"," %!-","12"," $!."," #!/"]},"2775":{"keys":[2,183],"grid":[" "," "," "," "," "," "," "," "," "," "," "," "," 0!!","12"," /!#"," .!$"]},"2777":{"keys":[2,183],"grid":[" !!0","00","!","!","!","!","!","!","!","!","!","!","!","!","!","!"]}},"5171":{"2770":{"keys":[2,183],"grid":[" "," "," "," "," "," "," "," "," "," "," "," "," "," "," "," 0!!"]},"2771":{"keys":[2,183],"grid":[" /!#"," -!%"," ,!&"," +!'"," *!("," )!)"," (!*"," '!+","06","05","04","03","02","01"," .!$","00"]},"2772":{"keys":[2,183],"grid":[" 0!!","00"," "," "," "," "," "," "," "," "," "," "," "," "," "," "]},"2778":{"keys":[2,183],"grid":[" '!+","00"," &!,"," %!-","03"," $!."," #!/","06"," !!0","!","!","!","!","!","!","!"]},"2777":{"keys":[2,183],"grid":[" "," "," "," 0!!","03"," /!#"," .!$","06"," -!%"," ,!&","09"," +!'"," *!("," )!)","13"," (!*"]}},"5170":{"2778":{"keys":[2,183],"grid":[" "," "," "," "," "," "," "," "," "," "," 0!!","10"," /!#"," .!$","13"," -!%"]},"2779":{"keys":[2,183],"grid":[" ,!&","00"," +!'"," *!(","03"," )!)"," (!*","06"," '!+"," &!,"," %!-","10"," $!."," #!/","13"," !!0"]},"2780":{"keys":[183],"grid":[" "," "," "," "," "," "," "," "," "," "," "," "," "," "," "," "]}},"5177":{"2762":{"keys":[2,183],"grid":[" +!'"," *!("," )!)"," (!*"," '!+"," &!,"," %!-"," $!.","07"," #!/"," !!0","!","!","!","!","!"]},"2761":{"keys":[2,183],"grid":[" "," "," "," "," "," "," "," "," "," "," "," "," "," "," /!#"," -!%"]}},"5176":{"2763":{"keys":[2,183],"grid":[" +!'"," *!("," (!*"," '!+"," &!,"," %!-"," $!."," #!/"," !!0","08","!","!","!","!","!","!"]},"2762":{"keys":[2,183],"grid":[" "," "," "," "," "," "," "," "," "," "," "," "," 0!!"," /!#"," -!%"," ,!&"]}},"5175":{"2763":{"keys":[2,183],"grid":[" "," "," "," "," "," "," "," "," "," "," "," 0!!","11"," /!#"," .!$","14"]},"2765":{"keys":[2,183],"grid":[" %!-"," $!."," #!/","02"," !!0","04","!","!","!","!","!","!","!","!","!","!"]},"2764":{"keys":[2,183],"grid":[" -!%"," ,!&","01"," +!'"," *!(","04"," )!)","06"," (!*","08"," '!+","10"," &!,","12","12"," %!-"]}},"5174":{"2766":{"keys":[2,183],"grid":[" /!#","00"," .!$"," -!%","03","03"," *!("," '!+","!! %!,","!# #!-","!","!","!","!","!","!"]},"2765":{"keys":[2,183],"grid":[" "," "," "," "," "," "," "," "," "," 0!!","09","09"," /!#","12","09","12"]}},"5179":{"2762":{"keys":[183,2],"grid":[" )!! $!%"," /!#"," 0!!","02"," -!%","04"," .!$","01"," "," "," "," "," "," "," "," "]},"2761":{"keys":[2,183],"grid":[" "," "," "," "," "," "," "," "," "," "," "," ","!# /","!' +","13","13"]}},"5178":{"2761":{"keys":[2,183],"grid":[" "," "," "," "," "," "," "," "," "," "," "," *!& #"," #!/","!","!","!"]}},"5229":{"2737":{"keys":[2,183],"grid":[" "," "," 0!!"," /!#"," .!$"," -!%","05"," ,!&"," +!'"," *!("," )!)"," (!*"," '!+"," &!,"," %!-"," $!."]},"2738":{"keys":[2,183],"grid":[" #!/"," !!0","01","!","!","!","!","!","!","!","!","!","!","!","!","!"]}},"5193":{"2781":{"keys":[183,2],"grid":[" #!/","00","00"," $!.","03","03"," %!-"," &!,"," '!+","08"," (!*"," )!)","11","11"," *!(","14"]},"2780":{"keys":[2,183],"grid":[" "," "," "," "," "," "," "," "," "," "," "," "," "," ","!! 0","14"]},"2782":{"keys":[183,2],"grid":[" )!)","00","00","00","00"," (!*","05","05","05","05","05","05","05"," 0!!"," "," "]}},"5192":{"2779":{"keys":[2,183],"grid":[" "," "," "," "," "," "," "," "," ","!! 0","09","!# /","!$ .","!% -","!& ,","!' +"]},"2780":{"keys":[183,2],"grid":[" (!*"," )!)"," *!(","02"," +!'","04","04"," ,!&","07"," -!%","09"," .!$"," /!#"," "," "," "]}},"5274":{"2724":{"keys":[2,183],"grid":[" 0!!","00","00"," "," "," "," ","00"," -!%"," )!)"," &!,"," #!/","!","!","!","!"]},"2723":{"keys":[2,183],"grid":[" +!'","00"," ,!&","02","02","02"," -!%","06","06"," .!$","09","09"," /!#","12","12","12"]},"2722":{"keys":[2,183],"grid":[" &!,","00"," '!+","02","02"," (!*","05","05","05"," )!)","09","09"," *!(","12","12"," +!'"]},"2721":{"keys":[2,183],"grid":[" +!'"," *!(","01"," '!+"," $!."," #!/","05","05","04","04","04"," %!-","11","11","11"," &!,"]},"2720":{"keys":[2,183],"grid":[" /!#"," .!$"," -!%","02"," ,!&"," +!'","05","05","05","05","05","02","02","02","02","04"]},"2719":{"keys":[2,183],"grid":[" "," "," "," "," "," "," "," "," "," "," "," "," "," "," 0!!"," /!#"]}},"5275":{"2718":{"keys":[2,183],"grid":[" "," "," "," "," "," "," "," "," "," "," "," "," "," "," -!%"," ,!&"]},"2719":{"keys":[2,183],"grid":[" +!'","00"," *!("," )!)"," &!,","04","04"," %!-","07"," $!."," #!/","10"," !!0","12","!","!"]},"2724":{"keys":[183,2],"grid":[" "," "," "," "," "," ","!! 0"," "," "," "," "," "," "," "," "," "]}},"5276":{"2718":{"keys":[2,183],"grid":[" $!.","00","00","00","00","00","00","00","00","00","00"," #!/","11"," !!0","!","!"]},"2717":{"keys":[2,183],"grid":[" "," "," "," "," "," "," "," "," "," "," /!#","10","10","10","10"," $!."]}},"5277":{"2717":{"keys":[2,183],"grid":[" "," "," "," "," "," "," "," "," "," ","!","!","!","!","!","!"]}},"5270":{"2725":{"keys":[183,2],"grid":[" 0!!","00","00"," /!! !"," "," "," "," "," "," "," "," "," "," "," "," "]},"2724":{"keys":[183,2],"grid":[" "," "," "," "," "," "," "," "," "," "," "," "," "," "," "," 0!!"]},"2723":{"keys":[183,2],"grid":[" (!% &"," "," "," "," "," "," "," "," "," "," "," "," "," "," "," "]},"2722":{"keys":[2,183],"grid":[" "," "," "," "," "," "," "," "," #!$ ,","!& ,","09","!' +","11","11","!( *","!( (!#"]}},"5271":{"2726":{"keys":[183,2],"grid":[" (!) !"," (!& %"," (!# ("," "," "," "," "," "," "," "," "," "," "," "," "," "]},"2725":{"keys":[2,183],"grid":[" "," "," ","!# /","!$ .","04","04","!% -","07","07","!& ,","10","10","!' +","13","13"]},"2724":{"keys":[183,2],"grid":[" )!)","00","00"," &!,"," $!.","04"," #!/","06","06"," !!0","09","09","!","!","!","!"]},"2723":{"keys":[183,2],"grid":[" #!/"," $!.","01","01"," %!-","04","04"," &!,","07","07"," '!+","10","10"," (!*","13","13"]},"2722":{"keys":[2,183],"grid":[" "," "," "," "," "," "," "," "," "," "," "," "," "," "," !!! /","!# /"]}},"5272":{"2726":{"keys":[183],"grid":[" "," "," "," "," "," "," "," "," "," "," "," "," "," "," "," "]},"2725":{"keys":[2,183],"grid":[" "," "," "," "," "," "," "," "," "," "," "," 0!!"," -!%"," *!("," '!+"," $!."]}},"5273":{"2725":{"keys":[2,183],"grid":[" $!.","00","00","00"," %!-","04","04"," &!,","07","07"," #!/","!","!","!","!","!"]},"2724":{"keys":[2,183],"grid":[" "," "," "," "," "," "," "," "," "," "," "," "," 0!!"," -!%"," *!("," '!+"]}},"5375":{"2745":{"keys":[183,2],"grid":[" $!."," &!,"," (!*"," *!("," ,!&"," -!%"," /!#"," "," "," "," "," "," "," "," "," "]},"2744":{"keys":[2,183],"grid":[" "," "," "," "," "," "," "," "," "," "," "," "," "," "," ","!! 0"]}},"5374":{"2745":{"keys":[2,183],"grid":[" )!)","00","00","00","00","00","00","00","00","00","00","00"," (!*","12","12"," '!+"]},"2744":{"keys":[2,183],"grid":[" "," "," "," "," "," "," "," "," "," "," "," "," *!# &"," *!% $"," )!( !"," )!)"]},"2746":{"keys":[2,183],"grid":[" '!+","00"," &!,","02"," %!-","04","04"," $!.","07"," #!/","09","09"," !!0","12","!","!"]}},"5278":{"2717":{"keys":[2,183],"grid":[" "," "," "," "," "," "," "," "," "," ","!","!","!","!","!","!"]}},"5279":{"2718":{"keys":[183,2],"grid":[" %!-","00","00"," "," "," "," "," "," "," "," "," "," "," "," "," "]},"2717":{"keys":[2,183],"grid":[" "," "," "," "," "," "," "," "," "," ","!% -","10","10","10","10","10"]}},"5373":{"2747":{"keys":[2,183],"grid":[" "," 0!!","01"," /!#","03","03"," .!$","06","06"," -!%","09","09","09"," ,!&","13","13"]},"2746":{"keys":[2],"grid":[" "," "," "," "," "," "," "," "," "," "," "," "," "," "," "," "]},"2750":{"keys":[2,183],"grid":[" &!,","00","00","00","00"," '!+","05","05","05"," (!*","09","09"," )!)","12","12","12"]},"2751":{"keys":[2,183],"grid":[" *!(","00","00","00"," +!'","00"," (!*"," '!+"," &!,"," %!-"," $!."," #!/"," !!0","12","!","!"]},"2749":{"keys":[2,183],"grid":[" (!*"," '!+","01","01","01","01","01","01"," &!,","08","08","08","08","08","08","08"]},"2748":{"keys":[2,183],"grid":[" ,!&"," +!'","01","01"," *!(","04","04","04"," )!)","08","08","08"," (!*","12","12","12"]}},"5372":{"2752":{"keys":[2,183],"grid":[" /!#"," .!$"," -!%"," ,!&"," +!'"," *!("," )!)","06"," (!*"," '!+"," &!,"," %!-"," $!.","12"," #!/"," !!0"]},"2753":{"keys":[183],"grid":[" "," "," "," "," "," "," "," "," "," "," "," "," "," "," "," "]},"2751":{"keys":[2,183],"grid":[" "," "," "," "," "," "," "," "," "," "," "," "," "," "," "," 0!!"]}},"5308":{"2724":{"keys":[183,2],"grid":[" !!0","00"," !!+ &","02"," !!* '","04","04","04","04"," #!) '","09"," "," "," "," "," "]},"2723":{"keys":[2,183],"grid":[" "," "," "," "," "," "," "," "," "," "," "," "," "," "," ","!! 0"]}},"5309":{"2724":{"keys":[2,183],"grid":[" (!*","!","!","!","!","!","!","!","!","!","!","!","!","!","!","!"]},"2723":{"keys":[2,183],"grid":[" "," "," "," "," "," "," "," "," "," "," "," "," "," "," "," -!%"]}},"5346":{"2745":{"keys":[2,183],"grid":[" "," "," "," "," "," "," "," "," "," "," "," ","!% -","!* (","!/ #","!"]}},"5182":{"2766":{"keys":[183,2],"grid":[" 0!!"," "," "," "," "," "," "," "," "," "," "," "," "," "," "," "]},"2765":{"keys":[183,2],"grid":[" (!*","00"," '!+","02","02","02","00"," )!)"," *!("," +!'","09"," ,!&"," -!%"," .!$"," /!#","14"]},"2764":{"keys":[2,183],"grid":[" "," "," "," "," "," "," ","!# /","!$ .","!% -","!' +","!( *","!) )","12","12","11"]}},"5347":{"2745":{"keys":[2,183],"grid":[" "," "," "," "," "," "," "," "," "," "," "," 0!!"," /!#"," .!$"," -!%","!% (!&"]},"2746":{"keys":[183,2],"grid":[" )!$ &"," *!! '"," "," "," "," "," "," "," "," "," "," "," "," "," "," "]}},"5186":{"2770":{"keys":[183,2],"grid":[" /!#"," 0!!"," "," "," "," "," "," "," "," "," "," "," "," "," "," "]},"2769":{"keys":[183,2],"grid":[" #!/"," $!."," %!-"," '!+"," (!*"," )!)"," *!("," +!'"," ,!&","08"," -!%","10"," .!$","12","12"," /!#"]},"2768":{"keys":[2],"grid":[" "," "," "," "," "," "," "," "," "," "," "," "," "," "," "," "]}},"5187":{"2770":{"keys":[2,183],"grid":[" "," ","!! 0","!# /","03","03","!$ .","06","06","06","!% -","!& ,","11","!' +","13","13"]},"2771":{"keys":[183,2],"grid":[" (!*","00","00"," )!)","03","03"," *!("," +!'"," .!$"," /!#"," 0!!","10"," "," "," "," "]}},"5267":{"2724":{"keys":[2,183],"grid":[" "," "," "," "," "," "," "," "," "," 0!!"," .!$"," ,!&"," &!$ !!("," #!/","!","!"]}},"5266":{"2725":{"keys":[2,183],"grid":[" ,!&"," *!(","!","!","!","!","!","!","!","!","!","!","!","!","!","!"]},"2724":{"keys":[2,183],"grid":[" "," "," "," "," "," "," "," "," "," "," "," "," "," "," 0!!"," .!$"]}},"5265":{"2725":{"keys":[183,2],"grid":[" &!,","00"," "," "," "," "," "," "," "," "," "," "," "," "," "," "]},"2719":{"keys":[2,183],"grid":[" ","!% -","01","01","01","01","!& ,","06","06","06","06","06","06","06","06","06"]},"2721":{"keys":[183,2],"grid":[" &!,","00","00","00","00","00","00","00","00","00","00","00","00","00","!","!"]},"2724":{"keys":[2,183],"grid":[" "," "," "," "," "," "," "," "," "," ","!& ,","10","10","10","10","10"]},"2720":{"keys":[183,2],"grid":[" &!,","00","00","00","00","00","00","00","00","00","00","00","00","00","00","00"]}},"5264":{"2719":{"keys":[2,183],"grid":[" ","!","!","!","!","!","!","!","!","!","!","!","!","!","!","!"]},"2721":{"keys":[183,2],"grid":[" "," "," "," "," "," "," "," "," "," "," "," "," "," ","!","!"]},"2724":{"keys":[2,183],"grid":[" "," "," "," "," "," "," "," "," ","!# /","!","!","!","!","!","!"]}},"5263":{"2724":{"keys":[183,2],"grid":[" #!/","00","00","00","00","00"," $!.","06","06"," "," "," "," "," "," "," "]},"2723":{"keys":[183,2],"grid":[" #!/","00","00","00","00","00","00","00","00","00","00","00","00","00","00","00"]},"2722":{"keys":[2,183],"grid":[" "," "," "," "," "," "," "," "," "," "," "," "," "," "," ","!# /"]},"2721":{"keys":[183,2],"grid":[" "," "," "," "," "," "," "," "," "," "," "," "," ","!) )","!","!"]},"2718":{"keys":[183,2],"grid":[" $!."," %!-","01","01"," &!,","04","04"," '!+","07","07"," (!*","10","10"," )!)","13","13"]},"2719":{"keys":[183,2],"grid":[" *!$ $!!"," "," "," "," "," "," "," "," "," "," "," "," "," "," "," "]},"2717":{"keys":[2,183],"grid":[" "," "," "," "," "," "," "," "," "," "," "," "," ","!! 0","!# /","14"]}},"5262":{"2723":{"keys":[183,2],"grid":[" %!) %"," &!' &"," %!' '","02"," %!& ("," %!$ *"," "," "," "," "," "," "," "," "," "," "]},"2722":{"keys":[183,2],"grid":[" !!0","00","00","00","00","00"," #!/","06","06","06","06"," $!.","11","11","11"," %!+ #"]},"2721":{"keys":[183,2],"grid":[" "," "," "," "," "," "," "," "," "," "," "," "," "," #!/"," !!0","14"]},"2717":{"keys":[2,183],"grid":[" "," "," "," "," "," $!% *","!) )","!* (","!. $","!/ #","09","!0 !","!","!","!","!"]}},"5261":{"2718":{"keys":[2,183],"grid":[" $!.","!","!","!","!","!","!","!","!","!","!","!","!","!","!","!"]},"2717":{"keys":[2,183],"grid":[" "," "," "," "," "," "," -!%"," )!)"," '!+"," &!,","09"," %!-"," $!.","12","11","11"]}},"5260":{"2718":{"keys":[183,2],"grid":[" ,!&"," "," "," "," "," "," "," "," "," "," "," "," "," "," "," "]},"2717":{"keys":[2,183],"grid":[" "," "," "," "," "," "," "," "," "," "," "," #!! .","!' +","!( *","!) )","!+ '"]}},"5300":{"2725":{"keys":[183,2],"grid":[" ,!&","00"," +!'"," +!& !","02","02","02","00"," -!%","08"," .!$"," "," "," "," "," "]},"2724":{"keys":[2,183],"grid":[" "," "," "," "," "," "," $!$ +"," !!& +","!& ,","!% -","09","!$ .","09","!' +","!+ '"," !!+ &"]}},"5301":{"2725":{"keys":[2,183],"grid":[" )!)","!# '!)","!% &!(","!& &!'","!( #!(","!","!"," !!0"," #!/"," $!.","09","08","!","!","!","!"]},"2724":{"keys":[2,183],"grid":[" "," "," "," "," "," "," "," "," "," "," "," (!! )"," '!& &"," '!' %"," (!( #"," (!) !"]}},"5302":{"2725":{"keys":[2,183],"grid":[" (!*","!","!","!","!","!","!","!","!","!","!","!","!","!","!","!"]},"2724":{"keys":[2,183],"grid":[" "," "," "," "," "," "," "," "," "," "," "," /!#"," .!$"," -!%"," +!'"," *!("]}},"5303":{"2724":{"keys":[2,183],"grid":[" "," "," 0!!"," .!$"," -!%"," ,!&"," +!'"," *!("," )!)","!","!","!","!","!","!","!"]}},"5304":{"2724":{"keys":[2,183],"grid":[" "," ","!# /","!$ .","!% -","!& ,","!( *","!) )","!+ '","!","!","!","!","!","!","!"]}},"5305":{"2724":{"keys":[2,183],"grid":[" &!,"," (!*"," *!("," +!'"," ,!&","04","04","03","03","!","!","!","!","!","!","!"]},"2723":{"keys":[2,183],"grid":[" "," "," "," "," "," (!$ '"," (!& %"," '!( !!#"," '!+"," &!,","09","09"," %!-","12","12","09"]}},"5269":{"2724":{"keys":[2,183],"grid":[" '!+"," (!*"," %!-","!","!","!","!","!","!","!","!","!","!","!","!","!"]},"2723":{"keys":[2,183],"grid":[" -!%"," .!$","01","01"," /!#"," ,!&"," )!)"," %!-","07","07","07"," &!,","11","11"," '!+","14"]},"2722":{"keys":[2,183],"grid":[" "," "," "," "," "," "," "," "," "," 0!!"," ,!&","10","10","10"," -!%","14"]}},"5307":{"2723":{"keys":[2,183],"grid":[" "," "," "," "," "," "," "," "," "," "," "," "," "," %!* $"," #!. !","!"]}},"5188":{"2771":{"keys":[2,183],"grid":[" "," "," "," "," "," "," "," "," "," "," "," "," "," "," ","!! 0"]},"2772":{"keys":[183,2],"grid":[" !!0"," #!/"," $!."," &!,"," '!+"," (!*","05","05","05","05","05","05"," )!)","12","12","12"]},"2773":{"keys":[183,2],"grid":[" *!("," +!'"," ,!&"," .!$"," 0!!"," "," "," "," "," "," "," "," "," "," "," "]}},"5160":{"2815":{"keys":[2,183],"grid":[" )!)"," (!*","01"," '!+","03","03"," &!,","06","06"," %!-","09"," $!.","11","11"," #!/","14"]},"2814":{"keys":[2,183],"grid":[" "," "," "," "," "," "," "," "," "," "," "," "," "," "," "," *!("]},"2798":{"keys":[2,183],"grid":[" "," "," "," "," "," "," "," "," "," "," "," "," "," "," "," 0!!"]},"2799":{"keys":[2,183],"grid":[" 0!!","00","00","00"," /!#","04","04","04","04","04"," .!$","10","10","10","10","10"]},"2800":{"keys":[2,183],"grid":[" -!%","00","00","00","00","00"," ,!&","06","06","06","06","06"," +!'","12","12","12"]},"2801":{"keys":[2,183],"grid":[" +!'"," *!(","01","01","01","01"," )!)","06","06","01"," ,!&"," .!$"," 0!!"," "," "," "]}},"5220":{"2738":{"keys":[2,183],"grid":[" "," "," "," "," "," "," "," "," "," 0!!","09"," /!#","11"," .!$","13","13"]},"2739":{"keys":[2,183],"grid":[" .!$","!* $!%","!","!","!","!","!","!","!","!","!","!","!","!","!","!"]},"2743":{"keys":[183,2],"grid":[" "," "," "," "," "," "," ","!! 0","07","!# /","09","09","!$ .","12","12","!% -"]},"2745":{"keys":[2,183],"grid":[" *!("," +!'","01"," ,!&","03"," -!%","05","05"," .!$","08"," /!#","10","10"," 0!!","13"," "]},"2744":{"keys":[2,183],"grid":[" %!-"," &!,","01","01"," '!+","04","04"," (!*","07","07"," )!)","10","10"," *!(","13","13"]},"2747":{"keys":[2,183],"grid":[" /!#","00"," .!$","02","02","02"," -!%","06","06"," ,!&","09"," +!'","11"," *!("," '!+"," !!0"]},"2746":{"keys":[2,183],"grid":[" "," "," "," "," "," "," "," "," "," "," "," "," 0!!","12","12"," /!#"]}},"5161":{"2814":{"keys":[2,183],"grid":[" "," "," "," "," "," "," "," 0!!"," -!%"," +!'"," )!)"," '!+"," %!-"," #!/","!","!"]},"2791":{"keys":[2],"grid":[" "," "," "," "," "," "," "," "," "," "," "," "," "," "," "," "]},"2792":{"keys":[2,183],"grid":[" "," "," 0!!","02","02","02"," /!#","06","06","06"," .!$","10","10","10"," -!%","14"]},"2798":{"keys":[2,183],"grid":[" #!/","00","00"," !!0","03","03","03","03","03","!","!","!","!","!","!","!"]},"2802":{"keys":[2,183],"grid":[" (!*"," *!("," ,!&"," .!$"," /!#"," "," "," "," "," "," "," "," "," "," "," "]},"2793":{"keys":[2,183],"grid":[" -!%","00"," ,!&","02","02","02"," +!'","06","06","06","06","06","06"," *!(","13","13"]},"2801":{"keys":[183,2],"grid":[" "," "," "," "," "," "," "," "," "," "," "," "," ","!! 0","!$ .","!& ,"]},"2796":{"keys":[2,183],"grid":[" &!,","00","00","00","00","00","00","00","00"," %!-","09","09","09","09","09","09"]},"2797":{"keys":[2,183],"grid":[" %!-"," $!.","01","01","01","01","01","01","01","01"," #!/","10","10","10","10","10"]},"2794":{"keys":[2,183],"grid":[" *!(","00","00","00","00","00"," )!)","06","06","06","06","06","06","06","06"," (!*"]},"2795":{"keys":[2,183],"grid":[" (!*","00","00","00","00","00","00"," '!+","07","07","07","07","07","07","07","07"]}},"5227":{"2738":{"keys":[2,183],"grid":[" "," "," "," "," "," "," ","!","!","!","!","!","!","!","!","!"]}},"5226":{"2738":{"keys":[2,183],"grid":[" "," "," "," "," "," "," ","!) (!!","!","!","!","!","!","!","!","!"]}},"5306":{"2724":{"keys":[183],"grid":[" "," "," "," "," "," "," "," "," "," "," "," "," "," "," "," "]},"2723":{"keys":[2,183],"grid":[" &!$ )"," %!% )"," $!' ("," #!( ("," !!( )"," !!' *","!' +","!& ,","07","07","07","07","06","!( *","!) )","!+ '"]},"2722":{"keys":[2],"grid":[" "," "," "," "," "," "," "," "," "," "," "," "," "," "," "," "]}},"5268":{"2724":{"keys":[2,183],"grid":[" "," "," "," "," .!$"," *!("," '!+"," $!."," !!0","!","!","!","!","!","!","!"]}},"5252":{"2717":{"keys":[183,2],"grid":[" "," "," "," "," "," "," "," "," "," "," "," ","!! 0","!# /","!$ .","!% -"]},"2721":{"keys":[2,183],"grid":[" &!,","00","!","!","!","!","!","!","!","!","!","!","!","!","!","!"]},"2720":{"keys":[2,183],"grid":[" '!+","00","00","00","00","00","00","00","00","00"," &!,","10","10","10","10","10"]},"2718":{"keys":[2,183],"grid":[" &!,"," '!+"," (!*"," )!)","03"," *!(","05"," +!'","07"," ,!&"," -!%","10"," .!$"," /!#","01","01"]},"2719":{"keys":[2,183],"grid":[" '!+","00","00","00","00","00","00","00","00","00","00","00","00","00","00","00"]},"2714":{"keys":[2,183],"grid":[" "," "," "," "," "," "," ","!$ .","!' +","!+ '","!- %","!0 !","!","!","!","!"]}},"5253":{"2716":{"keys":[183,2],"grid":[" .!$","00","00"," /!#","03","03","03","03"," 0!!","08","08","08","08"," "," "," "]},"2714":{"keys":[2,183],"grid":[" "," "," "," "," "," "," "," "," "," "," "," ","!# /","!% -","!( *","!* ("]},"2715":{"keys":[183,2],"grid":[" +!'","00","00","00","00","00","00"," ,!&","07","07","07"," -!%","11"," .!$","13","13"]}},"5319":{"2734":{"keys":[2,183],"grid":[" "," "," "," "," "," "," "," "," "," "," "," "," "," (!% &"," (!& $!!"," (!' #!!"]},"2735":{"keys":[183,2],"grid":[" %!$ *"," "," "," "," "," "," "," "," "," "," "," "," "," "," "," "]}},"5251":{"2721":{"keys":[2,183],"grid":[" "," "," &!,"," %!-","03","03","03","03","!","!","!","!","!","!","!","!"]},"2716":{"keys":[2,183],"grid":[" #!/"," $!.","01","01","01","01"," %!-","06","06","06"," &!,","10"," '!+","12"," (!*","14"]},"2717":{"keys":[2,183],"grid":[" )!)","00"," *!("," +!'"," ,!&","04"," -!%"," .!$"," /!#"," 0!!","09"," "," "," "," "," "]},"2714":{"keys":[2,183],"grid":[" "," "," "," "," "," %!( &"," %!-","06","06","06","06","06","06","06","06"," $!."]},"2715":{"keys":[2,183],"grid":[" $!.","00","00","00"," #!/","04","04","04","04","04","04","04","04","04","04","04"]}},"5256":{"2717":{"keys":[2,183],"grid":[" "," "," "," "," "," "," "," "," ","!! 0","!$ .","!& ,","!) '!#","!","!","!"]}},"5257":{"2717":{"keys":[2,183],"grid":[" "," "," "," "," "," "," "," "," "," '!! *"," #!* &","!/ #","!","!","!","!"]}},"5254":{"2716":{"keys":[2],"grid":[" "," "," "," "," "," "," "," "," "," "," "," "," "," "," "," "]},"2717":{"keys":[2,183],"grid":[" ","!! 0","01","01","01","01","01","!) )","!","!","!","!","!","!","!","!"]}},"5255":{"2717":{"keys":[2,183],"grid":[" "," "," "," "," "," "," "," "," %!, !","!","!","!","!","!","!","!"]}},"5313":{"2726":{"keys":[2,183],"grid":[" "," ","!! 0","!# /","03","03","03","03","03","!$ .","09","!% -","!/ #","!0 !","!","!"]}},"5312":{"2726":{"keys":[183,2],"grid":[" !!0","00"," #!/"," #!. !"," $!, #"," $!+ $"," '!' %"," "," "," "," "," "," "," "," "," "]},"2725":{"keys":[2],"grid":[" "," "," "," "," "," "," "," "," "," "," "," "," "," "," "," "]}},"5258":{"2717":{"keys":[2,183],"grid":[" "," "," "," "," "," "," "," "," "," "," "," "," ","!# .!!","!% +!#","!) &!$"]}},"5259":{"2717":{"keys":[2,183],"grid":[" "," "," "," "," "," "," "," "," "," "," "," "," $!& %!%","!","!","!"]}},"5317":{"2734":{"keys":[183,2],"grid":[" )!! '!!"," 0!!","01","01","01"," "," "," "," "," "," "," "," "," "," "," "]},"2733":{"keys":[2,183],"grid":[" "," ","!$ .","!% -","02","!# /","!! 0","05","05","02","05","06","06","02","03","!& '!% !"]}},"5316":{"2728":{"keys":[2,183],"grid":[" ","!! 0","!$ .","!& ,","!' +","04","04","04","04","04","!( *","10","04","04","03","03"]},"2730":{"keys":[183,2],"grid":[" #!/"," $!.","01"," %!-","03","03","03","03","03","01","01"," !!0","!","!","!","!"]},"2729":{"keys":[2,183],"grid":[" #!$ ,"," "," "," "," "," "," "," "," ","!# /","09","09","!! 0","!$ .","!% -","13"]},"2732":{"keys":[2,183],"grid":[" ","!# /","!$ .","02","!% -","04","!& ,","!' +","!( *","!( !!$ &","!- %","!. $","11","10","10","10"]},"2733":{"keys":[183,2],"grid":[" /!#"," "," "," "," "," "," "," "," "," "," "," "," "," "," "," "]}},"5315":{"2727":{"keys":[183,2],"grid":[" #!/","00","00"," !!0","03","03","03","00"," (!*"," )!)","09"," *!(","11"," +!'","13"," -!%"]},"2726":{"keys":[2,183],"grid":[" "," "," "," "," "," "," "," "," "," "," "," ","!# /","!$ .","13","12"]},"2730":{"keys":[183,2],"grid":[" "," "," "," "," "," "," "," "," "," "," "," "," 0!!"," /!#","13"," .!$"]},"2731":{"keys":[183,2],"grid":[" -!%","00"," ,!&","02","02","02","02","00"," 0!!","08"," /!#","10","10","10","10","10"]},"2732":{"keys":[183],"grid":[" "," "," "," "," "," "," "," "," "," "," "," "," "," "," "," "]},"2729":{"keys":[183,2],"grid":[" 0!!"," /!#","01"," .!$","03"," -!%","05"," ,!&","07","05"," "," "," "," "," "," "]},"2728":{"keys":[183,2],"grid":[" /!#"," "," "," "," "," "," "," "," "," "," "," "," "," "," "," "]}},"5314":{"2726":{"keys":[2,183],"grid":[" "," "," "," "," "," "," "," "," "," "," "," "," 0!!"," /!#"," -!%","!! !!/"]}},"5168":{"2781":{"keys":[2,183],"grid":[" +!'"," (!*"," &!,"," $!."," !!0","!","!","!","!","!","!","!","!","!","!","!"]},"2780":{"keys":[2,183],"grid":[" "," "," "," "," "," "," "," "," "," "," "," "," "," "," /!#"," -!%"]}},"5169":{"2780":{"keys":[2,183],"grid":[" "," "," 0!!"," /!#","03"," .!$"," -!%","06"," ,!&"," +!'"," )!)"," &!,"," $!."," !!0","!","!"]}},"5284":{"2716":{"keys":[183,2],"grid":[" ,!&"," ,!# $"," "," "," "," "," "," "," "," "," "," "," "," "," "," "]},"2715":{"keys":[2,183],"grid":[" "," "," "," "," "," "," "," "," "," "," "," &!% (","!+ '","12","12","!, &"]}},"5326":{"2737":{"keys":[2,183],"grid":[" "," "," "," "," "," "," "," "," "," "," "," "," "," ","!! 0","!# /"]},"2738":{"keys":[183,2],"grid":[" %!-"," '!+"," )!)"," +!'"," /!! !"," "," "," "," "," "," "," "," "," "," "," "]}},"5327":{"2740":{"keys":[183,2],"grid":[" /!#","00"," .!$","02","02","02","02","00"," "," "," "," "," "," "," "," "]},"2738":{"keys":[2,183],"grid":[" "," "," "," ","!$ .","!) )","!+ '","!- %","!. $","!0 !","09","!","!","!","!","!"]},"2739":{"keys":[183],"grid":[" "," "," "," "," "," "," "," "," "," "," "," "," "," "," "," "]}},"5324":{"2736":{"keys":[2,183],"grid":[" "," ","!! 0","02","!# /","04","!$ .","06","!% -","!& ,","!. $","!/ !!!","!","!","!","!"]}},"5325":{"2736":{"keys":[2,183],"grid":[" "," "," "," "," "," "," "," "," "," "," $!$ +","!) )","!* (","!+ '","!- %","!/ #"]},"2737":{"keys":[183,2],"grid":[" /!#","00"," .!$"," -!%"," ,!&","04"," +!'","04","04","03","02","00"," 0!!"," "," "," "]}},"5322":{"2735":{"keys":[2,183],"grid":[" "," "," "," "," "," "," )!' #"," !!0","!","!","!","!","!","!","!","!"]}},"5323":{"2735":{"keys":[2,183],"grid":[" "," "," "," "," "," "," "," ","!! 0","!$ .","!% -","!& ,","!' +","!( *","!* (","!+ '"]},"2736":{"keys":[183,2],"grid":[" 0!!"," "," "," "," "," "," "," "," "," "," "," "," "," "," "," "]}},"5320":{"2734":{"keys":[2,183],"grid":[" "," "," "," "," "," "," "," "," "," "," "," "," ","!$ .","!& ,","!( *"]},"2735":{"keys":[183,2],"grid":[" +!'"," ,!&"," .!$"," /!#","03","03","02","02"," "," "," "," "," "," "," "," "]}},"5321":{"2735":{"keys":[2,183],"grid":[" "," "," "," "," "," ,!! %"," +!$ $"," *!% $","!& %!% #!!","!( #!(","!","!","!","!","!","!"]}},"5328":{"2741":{"keys":[183,2],"grid":[" /!#"," 0!!"," "," "," "," "," ","00"," .!$"," +!'","09"," *!(","11","11"," )!)"," (!*"]},"2740":{"keys":[2,183],"grid":[" "," "," &!! +"," $!% *","03"," $!& )"," #!' )","06","06","!* (","09","!+ '","11","!, &","!- %","!. $"]},"2742":{"keys":[183,2],"grid":[" (!*"," )!)"," *!("," +!'"," ,!&","04"," -!%","06","04","03","03","03","04"," "," "," "]},"2738":{"keys":[2,183],"grid":[" "," "," "," "," "," "," "," "," "," "," "," "," ","!! 0","13","13"]},"2739":{"keys":[183,2],"grid":[" #!/","00"," $!.","02","02","02","02","02","02","02","00","00","00"," !!0","!","!"]}},"5329":{"2741":{"keys":[2,183],"grid":[" "," "," ","!! 0","03","03"," "," "," "," "," "," "," "," "," "," "]},"2743":{"keys":[183,2],"grid":[" %!-","00","00","00"," $!.","04","04","04","04","00","00"," &!,"," '!+"," (!*","13"," *!("]},"2742":{"keys":[2,183],"grid":[" "," "," "," "," "," "," "," "," "," "," "," "," ","!$ .","13","!% -"]},"2744":{"keys":[183,2],"grid":[" .!$"," "," "," "," "," "," "," "," "," "," "," "," "," "," "," "]}},"5249":{"2719":{"keys":[2,183],"grid":[" "," "," "," "," "," "," "," ","!","!","!","!","!","!","!","!"]},"2721":{"keys":[183,2],"grid":[" %!-","00","00","00","00","00","00","00","00"," "," "," "," "," "," "," "]},"2720":{"keys":[183,2],"grid":[" "," "," "," "," "," "," "," "," 0!!"," /!#"," -!%"," +!'"," )!)"," (!*"," '!+"," &!,"]}},"5248":{"2718":{"keys":[2,183],"grid":[" "," "," "," "," "," "," "," "," "," "," "," "," "," "," ","!# /"]},"2719":{"keys":[183,2],"grid":[" #!/"," $!."," '!+","02"," &!,","04","04","02"," "," "," "," "," "," "," "," "]}},"5245":{"2726":{"keys":[2,183],"grid":[" $!.","00","00","00","00","00","00","00"," #!/","08","08","08","08","!","!","!"]},"2725":{"keys":[2,183],"grid":[" "," "," "," "," "," "," "," &!$ )"," %!-","08","08","08","08","08","08","08"]},"2724":{"keys":[2],"grid":[" "," "," "," "," "," "," "," "," "," "," "," "," "," "," "," "]},"2723":{"keys":[2,183],"grid":[" 0!!","00"," /!#","02","02","02","02","02","02","02","00","00","00","00","00"," "]},"2722":{"keys":[2,183],"grid":[" "," "," "," "," "," 0!!","05","05","05","05","05","05","05","05","05","05"]}},"5244":{"2726":{"keys":[2,183],"grid":[" "," "," "," "," "," "," "," "," "," "," "," "," ","!","!","!"]}},"5247":{"2718":{"keys":[2,183],"grid":[" "," "," "," "," "," "," "," "," "," "," "," "," "," "," "," '!+"]},"2719":{"keys":[2,183],"grid":[" $!."," #!/","01","01","01","01","01","01","01","01","01","01","01","01","01","01"]},"2721":{"keys":[183],"grid":[" "," "," "," "," "," "," "," "," "," "," "," "," "," "," "," "]},"2720":{"keys":[2,183],"grid":[" #!/","00","00","00","00","00","00","00","00","00","00","00","00","00","00"," !!0"]}},"5246":{"2725":{"keys":[2,183],"grid":[" %!-"," &!,","00","00"," $!."," #!/"," !!0","!","!","!","!","!","!","!","!","!"]},"2724":{"keys":[183,2],"grid":[" "," "," "," ","!! 0","04","04","04","!# /","08","08","08","08","!$ .","13","!% -"]},"2722":{"keys":[183],"grid":[" "," "," "," "," "," "," "," "," "," "," "," "," "," "," "," "]},"2721":{"keys":[2,183],"grid":[" !!* '"," !!+ $!#"," !!0","!","!","!","!","!","!","!","!","!","!","!","!","!"]},"2720":{"keys":[2,183],"grid":[" "," "," "," "," "," "," "," "," "," "," "," "," "," "," %!$ *"," $!& )"]}},"5241":{"2730":{"keys":[2,183],"grid":[" "," "," "," "," "," "," "," 0!!"," /!#"," -!%"," ,!&"," *!("," )!)"," (!*"," &!,"," %!-"]},"2731":{"keys":[2,183],"grid":[" #!/"," !!0","!","!","!","!","!","!","!","!","!","!","!","!","!","!"]},"2729":{"keys":[2,183],"grid":[" +!'"," ,!&","01"," -!%","03"," .!$"," /!#","06"," 0!!","08"," "," "," "," "," "," "]},"2728":{"keys":[2,183],"grid":[" "," "," "," "," "," 0!!"," .!$"," -!%"," +!'"," *!("," )!)","10","09","09","08","08"]}},"5240":{"2731":{"keys":[2,183],"grid":[" "," "," 0!!"," /!#"," -!%"," ,!&"," *!("," (!*"," '!+"," %!-"," $!."," !!0","!","!","!","!"]}},"5243":{"2726":{"keys":[2,183],"grid":[" "," "," "," "," "," "," "," "," "," "," "," "," "," +!'","!","!"]}},"5242":{"2727":{"keys":[2,183],"grid":[" '!+"," (!*"," )!)","02"," *!("," +!'"," ,!&","06"," -!%"," .!$","09"," /!#"," 0!!","11","09","05"]},"2726":{"keys":[2,183],"grid":[" "," "," "," "," "," "," "," "," "," "," "," "," "," "," *!("," '!+"]},"2730":{"keys":[2,183],"grid":[" $!.","00"," %!-","02","02","02"," #!/","!","!","!","!","!","!","!","!","!"]},"2729":{"keys":[183,2],"grid":[" "," "," "," "," "," "," "," "," "," "," "," ","!! 0","12","!# /","14"]},"2728":{"keys":[2,183],"grid":[" )!)"," '!+"," &!,"," $!."," !!0","!","!","!","!","!","!","!","!","!","!","!"]}},"5202":{"2781":{"keys":[2],"grid":[" "," "," "," "," "," "," "," "," "," "," "," "," "," "," "," "]},"2782":{"keys":[2,183],"grid":[" 0!!"," -!%"," +!'"," )!)"," '!+"," %!-"," #!/","!","!","!","!","!","!","!","!","!"]},"2756":{"keys":[183,2],"grid":[" "," "," "," "," ","!! 0","!$ .","!' +","!+ '","!- $!!","!","!","!","!","!0 !","14"]},"2757":{"keys":[2,183],"grid":[" 0!!"," /!#","00"," "," "," "," "," "," "," "," "," "," "," "," "," "]},"2754":{"keys":[2,183],"grid":[" "," "," "," "," "," "," "," "," "," "," "," "," "," (!! )"," !!) (","!+ '"]},"2755":{"keys":[183,2],"grid":[" -!%"," .!$"," 0!!"," "," "," "," "," "," "," "," "," "," "," "," "," "]},"2758":{"keys":[2,183],"grid":[" "," "," "," "," "," "," "," "," "," "," "," "," "," "," 0!!","14"]},"2759":{"keys":[2,183],"grid":[" 0!!","00","00","00","00","00","00","00","00","00","00"," "," "," "," "," "]}},"5181":{"2763":{"keys":[2],"grid":[" "," "," "," "," "," "," "," "," "," "," "," "," "," "," "," "]},"2764":{"keys":[183,2],"grid":[" !!0"," #!/"," $!."," %!-"," &!,"," ,!&"," "," "," "," "," "," "," "," "," "," "]}},"5371":{"2753":{"keys":[2,183],"grid":[" "," 0!!"," /!#","02"," .!$"," -!%"," ,!&"," +!'"," )!)"," (!*"," &!,"," %!-"," #!/"," !!0","!","!"]}},"5370":{"2754":{"keys":[2,183],"grid":[" .!$"," ,!&"," +!'"," *!("," &!,"," #!/","!","!","!","!","!","!","!","!","!","!"]},"2753":{"keys":[2,183],"grid":[" "," "," "," "," "," "," "," "," "," "," "," "," "," "," "," /!#"]}},"5331":{"2745":{"keys":[183,2],"grid":[" $!.","00","00","00","00","00","00","00","00","00"," %!-","10","10"," &!,"," '!+"," (!*"]},"2744":{"keys":[2,183],"grid":[" "," "," "," ","!# /","!$ .","!! 0"," "," ","04","05","05","05","05","05","05"]},"2746":{"keys":[183,2],"grid":[" )!)"," +!'"," .!$"," "," "," "," "," "," "," "," "," "," "," "," "," "]}},"5330":{"2744":{"keys":[2,183],"grid":[" "," ","!* (","!0 !","!","!","!","03","!","!","!","!","!","!","!","!"]}},"5333":{"2746":{"keys":[2,183],"grid":[" "," "," "," "," "," "," "," "," "," ","!+ '","!. $","!0 !","!","!","!"]}},"5332":{"2746":{"keys":[2,183],"grid":[" "," "," ","!$ .","!& ,","!) )","!, &","!. $","!/ #","!","!","!","!","!","!","!"]}},"5335":{"2747":{"keys":[2,183],"grid":[" "," "," "," "," "," "," ","!! 0","07","07","07","07","07","!# (!(","!","!"]},"2757":{"keys":[2,183],"grid":[" "," "," "," "," "," ","!! 0","06","!# /","08","!$ .","!% -","!& ,","12","!' +","!( *"]},"2752":{"keys":[183,2],"grid":[" $!.","00","00"," #!/","03","03","03"," !!0","07","03","03","03","00","00","00","00"]},"2753":{"keys":[183,2],"grid":[" $!.","00","00"," #!/","03","03","03"," !!0","07","!","!","!","!","!","!","!"]},"2750":{"keys":[183,2],"grid":[" .!$"," -!%","01"," ,!&","03"," +!'","05"," *!(","07"," )!)","09"," (!*","11"," '!+","13","13"]},"2751":{"keys":[183,2],"grid":[" &!,","00","00"," %!-","03","03","03","03","03","03","03","03","03","03","03"," $!."]},"2749":{"keys":[183,2],"grid":[" "," "," "," "," "," "," "," "," "," "," "," "," "," 0!!"," /!#"," .!$"]},"2758":{"keys":[183,2],"grid":[" (!*"," )!)"," *!("," +!'"," ,!&"," -!%"," .!$"," /!#"," 0!!"," "," "," "," "," "," "," "]}},"5334":{"2756":{"keys":[183,2],"grid":[" &!,"," %!-","01","01","00","00"," '!+"," (!*","07"," )!)"," *!(","10"," +!'"," ,!&","13"," -!%"]},"2757":{"keys":[183,2],"grid":[" .!$","00"," /!#"," 0!!","03"," "," "," "," "," "," "," "," "," "," "," "]},"2754":{"keys":[183,2],"grid":[" 0!!","00","00"," /!#","03","03","03"," .!$","07","07","07"," -!%","11","11"," ,!&","14"]},"2755":{"keys":[183,2],"grid":[" ,!&"," +!'","01","01"," *!(","04"," )!)","06","06"," (!*","09","09"," '!+","12"," &!,","14"]},"2753":{"keys":[183,2],"grid":[" "," "," "," "," "," "," "," "," "," "," "," "," 0!!","12","12","12"]},"2747":{"keys":[183,2],"grid":[" 0!!","00"," "," "," "," "," "," "," "," "," "," "," "," "," "," "]},"2746":{"keys":[2,183],"grid":[" "," "," "," "," "," "," "," "," "," +!$ $"," *!% $"," *!& #"," (!( #","!# %!) #","!/ #","!0 !"]}},"5337":{"2741":{"keys":[2,183],"grid":[" "," "," "," "," "," "," "," "," "," "," 0!!"," .!$"," /!#"," ","12"," (!*"]},"2743":{"keys":[2,183],"grid":[" /!#"," 0!!"," "," "," "," "," "," "," "," )!! ("," '!& &"," '!( #!!"," '!+","12"," (!*"," *!("]},"2742":{"keys":[2,183],"grid":[" '!+"," %!-"," $!.","02"," #!/"," !!0","05","05","05","05","04","02"," &!,"," )!)"," +!'"," -!%"]},"2745":{"keys":[2,183],"grid":[" #!/"," !!0","01"," &!,"," (!*"," )!)"," +!'"," "," "," "," "," "," "," "," "," "]},"2744":{"keys":[2,183],"grid":[" +!'"," ,!&","01"," -!%","03","01","01","00"," *!(","08"," )!)"," $!."," #!/","12","12","12"]},"2758":{"keys":[2,183],"grid":[" "," "," "," "," "," "," 0!!"," /!#"," -!%"," +!'"," *!("," (!*"," '!+"," %!-"," $!."," !!0"]},"2759":{"keys":[183],"grid":[" "," "," "," "," "," "," "," "," "," "," "," "," "," "," "," "]}},"5336":{"2749":{"keys":[183,2],"grid":[" (!*","00","00","00","00","00"," '!+"," &!,"," %!-"," $!."," !!0","!","!","!","!","!"]},"2748":{"keys":[183,2],"grid":[" 0!!"," /!#","01","01"," .!$","04","04"," -!%","07"," ,!&"," +!'"," *!(","11"," )!)","13"," (!*"]},"2747":{"keys":[2,183],"grid":[" "," "," "," "," "," "," "," "," "," "," "," &!( %"," !!- $","!/ #","!0 !","14"]},"2758":{"keys":[2,183],"grid":[" "," "," "," "," "," "," "," "," "," "," ","!! 0","!# /","!$ .","!% -","!& ,"]},"2759":{"keys":[183,2],"grid":[" '!( $"," "," "," "," "," "," "," "," "," "," "," "," "," "," "," "]}},"5339":{"2741":{"keys":[2,183],"grid":[" "," "," "," "," "," "," ","!' +","!* (","!- %","!0 !","!","!","!","!","!"]},"2757":{"keys":[2,183],"grid":[" "," "," "," "," "," "," "," "," "," 0!!"," /!#"," .!$"," -!%"," ,!&","13"," +!'"]},"2745":{"keys":[183,2],"grid":[" "," "," "," "," ","!$ .","!& ,","!0 !","07","07","07","!","!","!","!","!"]},"2749":{"keys":[2,183],"grid":[" /!#"," 0!!","01","01"," "," "," "," "," "," "," "," "," "," "," "," "]},"2748":{"keys":[2,183],"grid":[" "," "," "," "," "," "," "," "," "," "," "," /!#"," .!$","12","12","11"]},"2758":{"keys":[2,183],"grid":[" *!("," )!)","01"," (!*","03","03","03","01","03"," '!+"," &!,"," %!-"," $!."," #!/","!","!"]}},"5338":{"2741":{"keys":[2,183],"grid":[" "," "," "," "," "," "," '!$ ("," %!-"," $!."," #!/","!","!","!"," !!0","!","!"]},"2743":{"keys":[183,2],"grid":[" "," "," "," ","!! 0","04","04","04"," "," "," "," "," "," "," "," "]},"2745":{"keys":[183,2],"grid":[" "," "," "," +!! &"," '!+"," $!.","!","!","!","!","!","!","!","!","!","!"]},"2758":{"keys":[2,183],"grid":[" "," "," "," "," $!# ,"," !!% ,","!& ,","!' +","07","07","!( *","10","10","10","!) )","!* '!!"]},"2759":{"keys":[183,2],"grid":[" *!& #"," +!$ $"," "," "," "," "," "," "," "," "," "," "," "," "," "," "]}},"5238":{"2732":{"keys":[2,183],"grid":[" "," "," "," "," "," -!%"," (!*"," #!/","!","!","!","!","!","!","!","!"]}},"5239":{"2731":{"keys":[2,183],"grid":[" "," "," "," "," "," "," "," "," "," "," "," "," "," 0!!"," .!$"," -!%"]},"2732":{"keys":[2,183],"grid":[" +!'"," *!("," '!+"," $!.","!","!","!","!","!","!","!","!","!","!","!","!"]}},"5185":{"2768":{"keys":[183,2],"grid":[" '!+","00"," (!*","02"," )!)","04","04"," *!(","07"," +!'","09"," ,!&"," -!%"," /!#"," 0!!"," "]},"2767":{"keys":[2,183],"grid":[" "," "," "," "," "," "," "," "," "," "," ","!! 0","!# /","!$ .","!% -","!& ,"]}},"5230":{"2736":{"keys":[2,183],"grid":[" "," 0!!"," /!#"," .!$"," -!%"," ,!&","05"," +!'"," *!("," )!)"," (!*"," '!+"," &!,"," $!."," #!/","14"]},"2737":{"keys":[2,183],"grid":[" !!0","!","!","!","!","!","!","!","!","!","!","!","!","!","!","!"]}},"5231":{"2734":{"keys":[2,183],"grid":[" "," "," "," "," "," "," "," "," "," "," "," "," "," "," "," 0!!"]},"2735":{"keys":[2,183],"grid":[" .!$"," -!%"," +!'","02","02"," *!(","05"," )!)"," (!*","08"," '!+"," &!,"," %!-"," $!."," #!/"," !!0"]},"2736":{"keys":[183],"grid":[" "," "," "," "," "," "," "," "," "," "," "," "," "," "," "," "]}},"5232":{"2734":{"keys":[2,183],"grid":[" "," "," "," 0!!"," /!#"," -!%"," ,!&"," *!("," )!)"," (!*"," &!,"," %!-"," $!."," !!0","!","!"]}},"5233":{"2734":{"keys":[2,183],"grid":[" $!."," #!/"," !!0","!","!","!","!","!","!","!","!","!","!","!","!","!"]},"2733":{"keys":[2,183],"grid":[" "," "," "," "," "," "," "," "," "," /!#"," -!%"," ,!&"," *!("," (!*"," '!+"," &!,"]}},"5234":{"2733":{"keys":[2,183],"grid":[" "," "," "," /!#"," ,!&"," )!)"," &!,"," $!.","!","!","!","!","!","!","!","!"]}},"5235":{"2732":{"keys":[2],"grid":[" "," "," "," "," "," "," "," "," "," "," "," "," "," "," "," "]},"2733":{"keys":[2,183],"grid":[" /!#"," +!'"," %!-","!","!","!","!","!","!","!","!","!","!","!","!","!"]}},"5236":{"2732":{"keys":[2,183],"grid":[" "," "," "," "," "," "," "," "," "," "," "," "," .!$"," +!'"," '!+"," #!/"]}},"5237":{"2732":{"keys":[2,183],"grid":[" "," "," "," "," "," "," "," "," /!#"," *!("," &!,"," !!0","!","!","!","!"]}},"5344":{"2743":{"keys":[2,183],"grid":[" "," "," "," "," "," ","!# /","!% -","!' +","!) )","!+ '","!. $","!/ #","!","!","!"]},"2744":{"keys":[183],"grid":[" "," "," "," "," "," "," "," "," "," "," "," "," "," "," "," "]}},"5183":{"2766":{"keys":[2,183],"grid":[" ","!! 0","!# /","!% -","!& ,","!' $!% $","!0 !","!","!","!","!","!","!","!","!","!"]}},"5180":{"2763":{"keys":[183,2],"grid":[" %!-","00"," &!,","02"," .!$"," -!%","05"," ,!&"," +!'","08"," *!(","10","07","04"," 0!!"," "]},"2762":{"keys":[2,183],"grid":[" "," "," "," "," "," "," ","!% -","!$ .","!# /","!! 0","09","09","08","08","07"]}},"5228":{"2738":{"keys":[2,183],"grid":[" "," "," "," "," 0!!"," /!#"," .!$","!","!","!","!","!","!","!","!","!"]}},"5340":{"2756":{"keys":[2,183],"grid":[" "," "," "," "," "," "," "," "," "," "," "," "," /!#"," .!$"," -!%"," ,!&"]},"2747":{"keys":[2,183],"grid":[" +!'"," *!(","01","01","01","01","01","01","01"," )!)","09","09","09","09"," (!*","14"]},"2757":{"keys":[2,183],"grid":[" *!("," )!)"," (!*"," '!+"," &!,"," $!."," #!/"," !!0","!","!","!","!","!","!","!","!"]},"2746":{"keys":[2,183],"grid":[" %!-"," &!,"," '!+"," (!*"," *!("," +!'"," ,!&"," -!%","07","06","06","05","05","05","05","05"]},"2741":{"keys":[2,183],"grid":[" *!' !"," )!)"," +!'"," ,!&"," .!$"," /!#","05","05","05","05","05","!# ,!$","!& (!%","!","!","!"]},"2740":{"keys":[2,183],"grid":[" "," "," "," "," "," "," "," "," "," "," "," "," "," "," "," *!& #"]},"2754":{"keys":[2,183],"grid":[" 0!!","00","00","00","00","00","00","00"," "," "," "," "," "," "," "," "]},"2752":{"keys":[2,183],"grid":[" &!,","00","00","00"," %!-","04","04","04","00","00"," '!+"," (!*"," )!)"," *!("," +!'"," ,!&"]},"2753":{"keys":[2,183],"grid":[" -!%"," .!$"," /!#","02"," 0!!"," "," "," "," "," "," ","04","04","04","04","04"]},"2750":{"keys":[2,183],"grid":[" &!,","00"," '!+","02","02"," (!*","05","05","05","05","05","05","02","02","02","02"]},"2751":{"keys":[2,183],"grid":[" '!+","00","00","00","00","00","00","00"," &!,","08","08","08","08","08","08","08"]},"2749":{"keys":[183,2],"grid":[" "," "," "," "," "," ","!! 0","06","06","!# /","09","!$ .","11","!% -","13","13"]},"2748":{"keys":[2,183],"grid":[" (!*"," '!+","01"," &!,","03"," %!-","05","05"," #!/"," !!0","!","!","!","!","!","!"]},"2745":{"keys":[183,2],"grid":[" "," "," "," "," "," "," "," "," "," "," "," ","!! 0","12","!# /","!$ ."]}},"5341":{"2756":{"keys":[2,183],"grid":[" &!,","00","00","00"," %!-","04","04","04"," $!.","08"," #!/","!","!","!","!","!"]},"2741":{"keys":[2,183],"grid":[" (!# ("," (!$ '","!! &!& &","!$ $!& &","!- %","!. $","!0 !","06","06","06","06","06","!/ #","12","06","06"]},"2740":{"keys":[2],"grid":[" "," "," "," "," "," "," "," "," "," "," "," "," "," "," "," "]},"2754":{"keys":[183,2],"grid":[" "," "," "," "," "," "," "," "," "," "," ","!! 0","11","11","!# /","14"]},"2742":{"keys":[183],"grid":[" "," "," "," "," "," "," "," "," "," "," "," "," "," "," "," "]},"2753":{"keys":[183,2],"grid":[" "," "," "," "," "," ","!! 0","!# /","06"," "," "," "," "," "," "," "]},"2755":{"keys":[2,183],"grid":[" #!/","00","00","00","00","00","00","00","00","00","00","00"," $!.","12"," %!-","14"]}},"5184":{"2767":{"keys":[183,2],"grid":[" $!."," %!-"," '!+"," )!)"," +!'"," -!%"," /!#","06"," 0!!","08"," "," "," "," "," "," "]},"2766":{"keys":[2,183],"grid":[" "," "," "," "," "," "," ","!' +","!( *","07","!& ,","10","!% -","!$ .","13","13"]}},"5343":{"2743":{"keys":[2,183],"grid":[" ","!# /","!' +","!, &","!/ #","!","!","!","!","!","!","!","!","!","!","!"]}},"5223":{"2738":{"keys":[2,183],"grid":[" "," "," "," "," "," "," (!*"," $!.","!","!","!","!","!","!","!","!"]}},"5222":{"2738":{"keys":[2,183],"grid":[" "," "," "," "," "," "," "," "," "," .!$"," *!("," '!+","!! $!-","!","!","!"]}},"5221":{"2737":{"keys":[2,183],"grid":[" "," "," "," "," "," "," "," "," "," "," "," "," "," "," &!$ )","14"]},"2738":{"keys":[2,183],"grid":[" %!& ("," $!( '"," !!* '"," !!+ &"," !!, %","04"," !!- $","!/ #","07","!0 !","!","!","!","!","!","!"]},"2746":{"keys":[183],"grid":[" "," "," "," "," "," "," "," "," "," "," "," "," "," "," "," "]}},"5189":{"2773":{"keys":[2,183],"grid":[" "," "," "," "," "," ","!! 0","06","!# /","08","!$ .","!& ,","!' +","12","12","12"]},"2774":{"keys":[183,2],"grid":[" '!+","00"," (!*"," )!)"," +!'"," -!%"," .!$"," /!#","07"," "," "," "," "," "," "," "]}},"5348":{"2749":{"keys":[183,2],"grid":[" /!#"," 0!!"," "," "," "," "," "," "," "," "," "," "," "," "," "," "]},"2748":{"keys":[183,2],"grid":[" "," "," "," "," "," "," "," "," "," "," "," "," "," "," "," 0!!"]},"2745":{"keys":[2,183],"grid":[" "," "," "," (!% $!#"," '!& !!%"," &!,"," %!-"," $!."," #!/"," !!0","!","!","!","!","!","!"]}},"5349":{"2749":{"keys":[2,183],"grid":[" "," ","!! 0","!% -","!( *","!* (","!- %","!","!","!","!","!","!","!","!","!"]},"2748":{"keys":[183,2],"grid":[" ,!&"," +!'"," *!(","02"," )!)"," (!*"," '!+"," &!,","07"," %!-"," $!."," #!/"," !!0","!","!","!"]},"2745":{"keys":[2,183],"grid":[" "," "," ","!# /","!% -","!' +","!( *","!* (","!+ '","!, &","!- %","!. $","!/ #","!0 !","!","!"]},"2747":{"keys":[183,2],"grid":[" "," "," "," "," "," "," "," "," "," "," 0!!"," /!#","11"," .!$"," -!%","14"]}},"5225":{"2738":{"keys":[2,183],"grid":[" "," "," "," "," "," ","!$ .","!","!","!","!","!","!","!","!","!"]}},"5224":{"2738":{"keys":[2,183],"grid":[" "," "," "," "," "," ","!","!","!","!","!","!","!","!","!","!"]}},"5208":{"2778":{"keys":[2,183],"grid":[" %!-"," $!."," #!/"," !!0","!","!","!","!","!","!","!","!","!","!","!","!"]},"2756":{"keys":[2,183],"grid":[" )!)"," '!+"," &!,"," $!."," #!/"," !!0","!","!","!","!","!","!","!","!","!","!"]},"2755":{"keys":[2,183],"grid":[" "," "," "," "," "," "," "," "," "," "," "," 0!!"," /!#"," -!%"," ,!&"," +!'"]},"2776":{"keys":[183,2],"grid":[" "," "," "," "," "," "," "," ","!! 0","08","!# /","!$ .","11","!% -","13","13"]},"2777":{"keys":[2,183],"grid":[" &!,"," '!+"," )!)"," *!("," +!'"," ,!&"," -!%","06","05","04","03","02"," (!*","01","00","00"]}},"5342":{"2743":{"keys":[183,2],"grid":[" /!#"," "," "," "," "," "," "," "," "," "," "," "," "," "," "," "]},"2742":{"keys":[2,183],"grid":[" "," ","!! 0","!# /","03","!$ .","!% -","06","!& ,","!' +","!( *","10","!) )","!* (","!, &","!. $"]}},"5298":{"2725":{"keys":[183,2],"grid":[" 0!!","00","00"," /!#"," "," "," "," "," "," "," "," "," "," "," "," "]},"2724":{"keys":[2,183],"grid":[" "," '!# )"," %!% )"," %!& (","!! $!& (","04","04","!# $!& &!!","07","!# %!' #!#","!# &!*","!# %!+","!","!","!","!0 !"]}},"5299":{"2725":{"keys":[2,183],"grid":[" )!& $"," (!( #"," '!+"," &!,","!$ !!-","!","!","!","!","!","!","!","!","!","!","!"]},"2724":{"keys":[2,183],"grid":[" "," (!! )"," &!% ("," $!( '"," #!* &","!, &","05","05","!) )","!& +!!","!$ -!!","!# .!!","!! *!! %!!"," *!# &"," )!% %","14"]}},"5296":{"2724":{"keys":[2,183],"grid":[" )!' #","00","00","!$ &!( !","!$ '!(","!% &!("," !!% %!("," #!% !!*"," %!-"," '!+","09","09"," &!,","08","!","!"]},"2723":{"keys":[2,183],"grid":[" "," "," "," "," "," "," "," "," -!# #"," ,!% !","09","09","09"," +!& !"," *!& #"," )!' #"]}},"5297":{"2724":{"keys":[2,183],"grid":[" !!% ,"," !!$ -"," !!$ $!% &"," !!# %!% &","!% #!' #!#","!- !!$","05","05","!, #!$","!, !!%","!","!","!","!","!","!"]},"2723":{"keys":[2,183],"grid":[" "," "," "," "," "," "," "," "," "," "," "," "," "," #!% +"," !!& +","14"]}},"5294":{"2725":{"keys":[183,2],"grid":[" (!*"," (!$ &!!"," '!% '"," '!$ (","03","03","02"," (!% &"," )!' #"," )!)"," *!(","10"," +!'"," ,!&"," "," "]},"2724":{"keys":[2,183],"grid":[" "," "," "," "," "," "," "," "," "," "," "," !!& +","!' +","!( *","13","13"]}},"5295":{"2725":{"keys":[2,183],"grid":[" &!,"," #!/","!","!","!","!","!","!","!","!","!","!","!","!","!","!"]},"2724":{"keys":[2,183],"grid":[" "," "," "," "," "," "," -!$ !"," ,!&","07"," ,!$ #"," ,!# $"," ,!! %","11","10"," *!("," (!*"]}},"5292":{"2725":{"keys":[2,183],"grid":[" "," "," "," )!& $"," (!( #"," '!) #"," '!* !"," &!* #"," %!* $"," $!* %"," #!* &"," #!) '"," #!( (","12","11"," #!+ #!#"]}},"5293":{"2725":{"keys":[2,183],"grid":[" 0!!"," /!#","01","01"," '!$ &!#"," &!% &!#"," %!& '!!"," %!' &!!","07"," %!( %!!"," &!) !!#"," '!+"," (!*"," )!)","!% $!*","!"]},"2724":{"keys":[2,183],"grid":[" "," "," "," "," "," "," "," "," "," "," "," "," "," 0!!","13","13"]}},"5290":{"2724":{"keys":[183,2],"grid":[" 0!!"," "," "," "," "," "," "," "," "," "," "," "," "," "," "," "]},"2723":{"keys":[183,2],"grid":[" /!#","00","00","00","00","00","00","00"," .!$","08","08","08","08","00","00"," 0!!"]},"2722":{"keys":[183,2],"grid":[" ,!&","00"," -!%","02","02","02","00","00","00","00","00","02"," .!$","12"," /!#","14"]},"2721":{"keys":[183,2],"grid":[" %!-"," &!,","01"," '!+","03"," (!*","05"," )!)","07"," *!(","09","09"," +!'","12","12"," ,!&"]},"2720":{"keys":[2,183],"grid":[" "," "," "," "," "," "," "," ","!! 0","08","08","!# /","11","!$ .","13","!% -"]}},"5291":{"2725":{"keys":[183,2],"grid":[" 0!!"," /!#"," -!%"," +!'"," *!("," )!)"," (!*","06","05","05","04","03"," ,!&","01","00"," "]},"2724":{"keys":[2,183],"grid":[" "," ","!! 0","!# /","!$ .","!& ,","!* (","!+ '","!, &","!. $","!/ #","!0 !","11","11","11","11"]}},"5216":{"2749":{"keys":[2,183],"grid":[" +!'"," *!("," (!*"," '!+"," &!,"," $!."," #!/","!","!","!","!","!","!","!","!","!"]},"2748":{"keys":[2,183],"grid":[" "," "," "," "," "," "," "," "," "," "," "," "," "," 0!!"," .!$"," -!%"]}},"5217":{"2748":{"keys":[2,183],"grid":[" "," "," "," "," "," "," "," "," -!%"," *!("," &!,"," #!/","!","!","!","!"]}},"5214":{"2749":{"keys":[2,183],"grid":[" "," "," "," "," "," "," "," "," "," "," "," "," "," "," "," .!$"]},"2750":{"keys":[2,183],"grid":[" &!,","!","!","!","!","!","!","!","!","!","!","!","!","!","!","!"]}},"5215":{"2749":{"keys":[2,183],"grid":[" "," "," "," "," "," "," "," "," 0!!"," /!#"," .!$"," -!%"," ,!&"," (!*"," #!/","!"]}},"5212":{"2752":{"keys":[2,183],"grid":[" )!)"," (!*","01"," '!+"," &!,"," %!-","05"," $!."," #!/","08"," !!0","!","!","!","!","!"]},"2751":{"keys":[2,183],"grid":[" "," "," "," "," "," "," "," 0!!","07"," /!#"," .!$"," -!%"," ,!&"," +!'","13"," *!("]}},"5213":{"2750":{"keys":[2,183],"grid":[" "," "," -!%","02","02"," ,!&","05"," +!'","07"," *!(","09"," )!)"," (!*","12"," '!+"," &!,"]},"2751":{"keys":[2,183],"grid":[" &!,"," %!-"," $!."," #!/","03"," !!0","!","!","!","!","!","!","!","!","!","!"]}},"5210":{"2754":{"keys":[2,183],"grid":[" /!#"," .!$"," -!%","02"," ,!&"," +!'"," *!("," )!)"," (!*"," '!+"," &!,"," %!-"," $!."," #!/"," !!0","!"]},"2753":{"keys":[2],"grid":[" "," "," "," "," "," "," "," "," "," "," "," "," "," "," "," "]}},"5211":{"2754":{"keys":[183],"grid":[" "," "," "," "," "," "," "," "," "," "," "," "," "," "," "," "]},"2752":{"keys":[2,183],"grid":[" "," "," "," "," "," "," "," "," "," "," "," "," 0!!","12"," /!#"," .!$"]},"2753":{"keys":[2,183],"grid":[" -!%","00"," ,!&"," +!'"," *!(","04"," )!)"," (!*","07"," '!+"," &!,","10"," %!-"," $!."," #!/"," !!0"]}},"5218":{"2748":{"keys":[2,183],"grid":[" "," "," "," "," -!%"," *!("," '!+"," #!/","!","!","!","!","!","!","!","!"]},"2742":{"keys":[2,183],"grid":[" "," "," "," "," "," "," 0!!","06"," /!#","08"," .!$"," -!%","11","11","06"," "]}},"5219":{"2739":{"keys":[2,183],"grid":[" "," 0!!"," /!#","02","02","02","02","02","02","02","02","02","02","02","01","01"]},"2741":{"keys":[2,183],"grid":[" -!%","00"," ,!&"," +!'","03"," *!("," )!)","06"," (!*"," '!+","09"," &!,","11"," %!-","13","13"]},"2740":{"keys":[2,183],"grid":[" 0!!","00","00","00","00","00","00","00","00","00","00","00","00"," /!#"," .!$","14"]},"2743":{"keys":[2,183],"grid":[" &!,"," (!*"," -!%"," .!$"," /!#"," 0!!"," "," "," "," "," "," "," "," "," "," "]},"2742":{"keys":[2,183],"grid":[" $!."," #!/","01"," !!0","!","!","!","!","!","!","!","!","!","!","!","03"]},"2747":{"keys":[2],"grid":[" "," "," "," "," "," "," "," "," "," "," "," "," "," "," "," "]},"2748":{"keys":[2,183],"grid":[" -!%"," *!("," &!,","!","!","!","!","!","!","!","!","!","!","!","!","!"]}},"5357":{"2754":{"keys":[183,2],"grid":[" '!+"," +!'"," 0!!"," "," "," "," "," "," "," "," "," "," "," "," "," "]},"2753":{"keys":[2,183],"grid":[" "," "," "," "," "," "," "," "," "," "," "," "," "," "," ","!! 0"]}},"5356":{"2754":{"keys":[2,183],"grid":[" +!'"," *!(","01","01"," )!)","04","04"," (!*","07"," '!+","09"," &!,","11"," %!-","!! $!-","!"]},"2753":{"keys":[2,183],"grid":[" "," "," "," "," "," "," "," "," "," "," "," "," "," "," "," +!'"]}},"5355":{"2754":{"keys":[183,2],"grid":[" $!."," %!-"," &!,"," '!+"," (!*"," )!)"," *!("," +!'"," ,!&"," -!%"," .!$"," /!#"," 0!!"," "," "," "]},"2753":{"keys":[2,183],"grid":[" "," "," "," "," "," "," "," "," "," "," "," "," "," ","!! 0","!# /"]}},"5354":{"2752":{"keys":[2,183],"grid":[" "," "," "," "," "," "," "," "," "," "," "," "," "," "," ","!! 0"]},"2753":{"keys":[183,2],"grid":[" #!/"," $!."," %!-"," &!,"," '!+"," (!*"," )!)"," *!("," +!'"," ,!&"," -!%"," .!$"," 0!!"," "," "," "]}},"5353":{"2752":{"keys":[183,2],"grid":[" #!/"," $!."," &!,"," '!+"," (!*"," )!)"," *!("," +!'"," ,!&"," -!%"," .!$"," /!#"," 0!!","12"," "," "]},"2751":{"keys":[2,183],"grid":[" "," "," "," "," "," "," "," "," "," "," "," "," "," "," ","!! 0"]}},"5198":{"2785":{"keys":[2,183],"grid":[" (!*","!! '!*","!# %!+","!& !!+","!","!","!","!","!","!","!","!","!","!","!","!"]},"2784":{"keys":[2,183],"grid":[" ,!&"," *!("," )!)","01","01","01","01","01","02","02","02","02","02"," (!*","13","13"]},"2783":{"keys":[2,183],"grid":[" "," "," "," "," "," "," "," "," "," "," "," "," "," "," 0!!"," .!$"]}},"5351":{"2749":{"keys":[2,183],"grid":[" "," "," "," "," "," "," "," "," "," "," "," "," "," "," ","!! 0"]},"2750":{"keys":[183,2],"grid":[" #!/"," $!."," %!-"," &!,"," '!+"," (!*"," )!)"," *!("," +!'"," ,!&"," -!%"," .!$"," /!#"," 0!!"," "," "]}},"5350":{"2749":{"keys":[2,183],"grid":[" "," "," "," "," "," "," "," ","!$ .","!& ,","!( *","!+ '","!- %","!0 !","!","!"]},"2745":{"keys":[2,183],"grid":[" "," "," "," "," "," "," "," "," "," "," "," "," "," "," ","!! 0"]},"2747":{"keys":[183,2],"grid":[" (!*"," '!+"," &!,","02"," %!-"," $!."," #!/"," !!0","07","!","!","!","!","!","!","!"]},"2746":{"keys":[183,2],"grid":[" #!/"," $!."," %!-"," &!,"," '!+","03","03","03","03","03","04"," +!'"," *!(","12"," )!)","14"]}},"5195":{"2783":{"keys":[183,2],"grid":[" *!(","00"," +!'","02","02"," ,!&"," -!%","06"," /!#"," "," "," "," "," "," "," "]},"2782":{"keys":[2,183],"grid":[" "," "," "," "," "," "," "," "," "," "," "," "," %!# +"," $!% *"," $!& )"," #!' )"]}},"5194":{"2783":{"keys":[183,2],"grid":[" $!% #!("," ,!% !"," "," "," "," "," "," "," "," "," "," "," "," "," "," "]},"2782":{"keys":[2,183],"grid":[" "," "," "," "," "," "," "," "," "," "," "," "," "," "," ","!! 0"]}},"5197":{"2785":{"keys":[183],"grid":[" "," "," "," "," "," "," "," "," "," "," "," "," "," "," "," "]},"2784":{"keys":[183,2],"grid":[" $!."," %!-","01"," &!,","03"," '!+","05","05"," (!*"," *!("," +!'"," -!%"," .!$","12"," /!#"," 0!!"]},"2783":{"keys":[2],"grid":[" "," "," "," "," "," "," "," "," "," "," "," "," "," "," "," "]}},"5196":{"2784":{"keys":[183,2],"grid":[" $!* %"," $!) &"," %!& ("," &!$ )"," "," "," "," "," "," "," "," "," "," "," "," "]},"2783":{"keys":[2,183],"grid":[" "," "," "," "," "," "," "," "," "," ","!# /","10","10","!$ .","13","!$ +!$"]}},"5191":{"2778":{"keys":[183,2],"grid":[" %!-","00","00"," &!,","03"," '!+","05"," (!*"," )!)"," *!(","09"," +!'","11"," ,!&","13"," -!%"]},"2779":{"keys":[183,2],"grid":[" -!%"," .!$","01"," /!#","03","03"," 0!!"," "," "," "," "," "," "," "," "," "]},"2776":{"keys":[2],"grid":[" "," "," "," "," "," "," "," "," "," "," "," "," "," "," "," "]},"2777":{"keys":[2,183],"grid":[" "," "," "," ","!! 0","04","04","04","04","!# /","09","09","!$ .","12","12","12"]}},"5190":{"2774":{"keys":[2,183],"grid":[" "," "," "," "," "," "," "," "," ","!! 0","!& ,","!' +","!( *","!) )","13","13"]},"2775":{"keys":[183,2],"grid":[" *!(","00","00"," +!'","03","03"," ,!&","06","06","06"," -!%","10","10"," .!$","13","13"]},"2776":{"keys":[183,2],"grid":[" .!$"," /!#","01","01","01"," 0!!","05","05","05","05"," "," "," "," "," "," "]}},"5359":{"2756":{"keys":[183,2],"grid":[" *!(","00","00","00"," +!'","04"," ,!&","06"," .!$"," "," "," "," "," "," "," "]},"2754":{"keys":[2,183],"grid":[" "," "," "," "," "," "," ","!! 0","!# /","!$ .","!% -","!& ,","!' +","!( *","!) )","!* ("]},"2755":{"keys":[183,2],"grid":[" *!(","00","00","00","00","00","00","00"," )!)","08","00","00","00","00","00","00"]}},"5358":{"2754":{"keys":[2,183],"grid":[" "," "," ","!$ .","!, &","!0 !","!","!","!","!","!","!","!","!","!","!"]}},"5345":{"2743":{"keys":[2,183],"grid":[" "," "," "," "," "," "," "," "," "," "," "," "," "," ","!# /","!% -"]},"2745":{"keys":[183,2],"grid":[" '!+"," &!,","01"," %!-","03","03"," $!.","06"," (!*"," +!'"," .!$"," "," "," "," "," "]},"2744":{"keys":[183,2],"grid":[" $!.","00","00"," #!/","03"," !!0","05","05","!","!","05","00"," &!,"," (!*"," '!+","14"]}},"5289":{"2719":{"keys":[2,183],"grid":[" "," "," "," ","!# /","!' +","!( *","!) )","07","07","!* (","!+ '","!, &","!- %","!. $","14"]},"2720":{"keys":[183,2],"grid":[" /!#","00","00"," 0!!","03","03"," "," "," "," "," "," "," "," "," "," "]}},"5288":{"2718":{"keys":[183,2],"grid":[" (!*","00","00","00","00"," )!)","05"," *!(","07"," +!'","09"," ,!&"," -!%","12"," .!$"," /!#"]},"2719":{"keys":[183,2],"grid":[" /!#"," 0!!","01"," "," "," "," "," "," "," "," "," "," "," "," "," "]},"2716":{"keys":[2,183],"grid":[" "," "," "," "," !!# .","!$ .","05","05","05","05","!% -","10","10","10","10","10"]},"2717":{"keys":[183,2],"grid":[" %!-","00","00"," &!,","03","03","03","03","03","03","03"," '!+","11","11","11"," (!*"]}},"5162":{"2785":{"keys":[2,183],"grid":[" 0!!"," /!#","01","01","01","01","01","01"," .!$","08","08","08","08","08"," -!%","14"]},"2784":{"keys":[2,183],"grid":[" "," "," "," "," "," "," "," "," "," "," "," 0!!","11","11","11","11"]},"2787":{"keys":[2,183],"grid":[" *!(","00","00","00","00","00","00"," )!)","07","07","07","07","07","07","07","07"]},"2786":{"keys":[2,183],"grid":[" -!%","00","00","00"," ,!&","04","04","04","04","04"," +!'","10","10","10","10","10"]},"2813":{"keys":[2],"grid":[" "," "," "," "," "," "," "," "," "," "," "," "," "," "," "," "]},"2814":{"keys":[2,183],"grid":[" .!$"," ,!&"," *!("," (!*"," &!,"," $!."," !!0","!","!","!","!","!","!","!","!","!"]},"2789":{"keys":[2,183],"grid":[" (!*","00","00","00"," '!+","04","04","04","04","04","04","04","04","04","04","04"]},"2788":{"keys":[2,183],"grid":[" )!)","00","00","00","00"," (!*","05","05","05","05","05","05","05","05","05","05"]},"2802":{"keys":[183,2],"grid":[" "," "," "," "," "," ","!! 0","!# /","!$ .","!& ,","!' +","!( *","!) )","!+ '","!, &","!. $"]},"2803":{"keys":[2,183],"grid":[" /!#"," 0!!"," "," "," "," "," "," "," "," "," "," "," "," "," "," "]},"2790":{"keys":[2,183],"grid":[" '!+","00"," &!,","02","02","02","02","02","02","02","02","02","02","02"," %!-","14"]},"2791":{"keys":[2,183],"grid":[" %!-","00"," $!.","02","02","02"," #!/","06","06","06"," !!0","10","10","10","!","!"]}},"5163":{"2784":{"keys":[2,183],"grid":[" !!0","00","00","00","00","!","!","!","!","!","!","!","!","!","!","!"]},"2803":{"keys":[183,2],"grid":[" "," ","!! 0","!# /","!% -","!& ,","!( *","!) )","!* (","!, &","!- %","!. $","!/ #","!0 !","!","!"]},"2813":{"keys":[2,183],"grid":[" "," "," 0!!"," /!#"," .!$"," -!%"," ,!&"," *!("," )!)"," (!*"," '!+"," &!,"," %!-"," #!/"," !!0","!"]},"2783":{"keys":[2,183],"grid":[" (!*"," &!,"," %!-","02","02","02"," $!.","06","06","06","06"," #!/","11","11","11","11"]},"2782":{"keys":[2,183],"grid":[" "," "," "," "," "," "," "," "," "," "," "," 0!!"," .!$"," ,!&"," +!'"," )!)"]}},"5164":{"2803":{"keys":[183,2],"grid":[" "," "," "," "," "," "," "," "," "," "," "," "," "," "," ","!! 0"]},"2812":{"keys":[2,183],"grid":[" "," "," "," 0!!","03"," /!#"," .!$"," -!%"," ,!&"," +!'"," *!("," )!)"," '!+"," &!,"," %!-"," $!."]},"2804":{"keys":[2,183],"grid":[" #!/"," $!."," %!-"," '!+"," (!*"," )!)"," *!("," +!'"," ,!&"," -!%"," .!$"," /!#"," 0!!"," "," "," "]},"2813":{"keys":[2,183],"grid":[" #!/"," !!0","!","!","!","!","!","!","!","!","!","!","!","!","!","!"]},"2782":{"keys":[2,183],"grid":[" "," "," "," "," "," "," "," "," "," "," /!#"," -!%","!$ (!'","!","!","!"]}},"5165":{"2811":{"keys":[2,183],"grid":[" ,!&"," +!'","01"," *!(","03"," )!)"," (!*","06"," '!+"," &!,","09"," %!-","11"," $!."," #!/","14"]},"2810":{"keys":[2,183],"grid":[" "," "," "," "," "," "," "," "," "," 0!!","09"," /!#"," .!$","12"," -!%","14"]},"2782":{"keys":[2,183],"grid":[" "," "," "," /!#"," -!%"," +!'"," (!*"," &!,"," $!."," !!0","!","!","!","!","!","!"]},"2812":{"keys":[2,183],"grid":[" !!0","!","!","!","!","!","!","!","!","!","!","!","!","!","!","!"]},"2806":{"keys":[2,183],"grid":[" .!$"," /!#","01"," 0!!","03"," "," "," "," "," "," "," "," "," "," "," "]},"2804":{"keys":[183,2],"grid":[" "," "," "," "," "," "," "," "," "," "," "," "," "," ","!! 0","!# /"]},"2805":{"keys":[2,183],"grid":[" $!."," %!-"," &!,"," '!+","03"," (!*","05"," )!)"," *!(","08"," +!'","10"," ,!&","12"," -!%","14"]}},"5166":{"2781":{"keys":[2,183],"grid":[" "," "," "," "," "," "," "," "," "," "," "," "," /!#"," -!%"," +!'"," (!*"]},"2810":{"keys":[2,183],"grid":[" $!.","00","00","00"," #!/","04"," !!0","06","!","!","!","!","!","!","!","!"]},"2782":{"keys":[2,183],"grid":[" &!,"," $!."," !!0","!","!","!","!","!","!","!","!","!","!","!","!","!"]},"2808":{"keys":[2,183],"grid":[" *!(","00","00","00"," )!)","04","04","04","04","04"," (!*","10","10","10","10"," '!+"]},"2809":{"keys":[2,183],"grid":[" '!+","00","00","00","00"," &!,","05","05","05","05"," %!-","10","10","10","10","10"]},"2806":{"keys":[183,2],"grid":[" "," "," "," "," "," "," ","!! 0","07","!# /","09","!$ .","!% -","12","!& ,","14"]},"2807":{"keys":[2,183],"grid":[" '!+","00"," (!*","02"," )!)","04"," *!("," +!'","07","07","07","07","07","07","06","06"]}},"5167":{"2781":{"keys":[2,183],"grid":[" "," "," "," "," "," /!#"," -!%"," +!'"," (!*"," &!,"," $!."," !!0","!","!","!","!"]}},"5281":{"2718":{"keys":[183,2],"grid":[" !!0","00"," #!- #"," $!+ $"," $!) &"," %!' '"," %!% )"," &!! +"," "," "," "," "," "," "," "," "]},"2717":{"keys":[2],"grid":[" "," "," "," "," "," "," "," "," "," "," "," "," "," "," "," "]}},"5280":{"2718":{"keys":[2,183],"grid":[" /!#"," -!%"," ,!&","!","!","!","!","!","!","!","!","!","!","!","!","!"]},"2717":{"keys":[2,183],"grid":[" "," "," "," "," "," "," "," "," "," "," "," "," "," "," "," 0!!"]}},"5283":{"2716":{"keys":[2,183],"grid":[" '!+"," &!,","01"," %!-","03","03","03","03","01","01","01","01","01","01","01","01"]},"2717":{"keys":[2,183],"grid":[" &!,"," %!-","01","01","01","01","01","01","!! #!.","!","!","!","!","!","!","!"]},"2715":{"keys":[2,183],"grid":[" "," "," "," "," "," "," "," "," "," "," "," "," (!*","12","12"," '!+"]}},"5282":{"2718":{"keys":[2,183],"grid":[" #!/","!","!","!","!","!","!","!","!","!","!","!","!","!","!","!"]},"2717":{"keys":[2,183],"grid":[" "," "," "," "," "," "," "," "," /!#"," .!$"," ,!&"," +!'"," )!)"," '!+"," &!,"," $!."]}},"5285":{"2716":{"keys":[183],"grid":[" "," "," "," "," "," "," "," "," "," "," "," "," "," "," "," "]},"2715":{"keys":[2,183],"grid":[" "," "," "," "," "," "," "," "," "," "," "," 0!!"," -!%"," *!("," '!+"," $!."]}},"5250":{"2719":{"keys":[2,183],"grid":[" "," "," "," "," "," "," "," ","!& ,","!' +","09","09","09","09","09","!( *"]},"2721":{"keys":[2,183],"grid":[" "," "," "," "," "," "," "," "," $!.","!","!","!","!","!","!","!"]},"2720":{"keys":[183,2],"grid":[" (!*","00","00"," '!+","03"," %!-"," #!/"," !!0","!","!","!","!","!","!","!","!"]}},"5287":{"2716":{"keys":[183,2],"grid":[" /!#"," 0!!","01","01","01"," "," "," "," "," "," "," "," "," "," "," "]},"2714":{"keys":[2,183],"grid":[" "," "," "," (!! )"," %!% )"," #!( (","!* (","06","06","!+ '","09","09","09","09","!, &","14"]},"2715":{"keys":[183,2],"grid":[" ,!&","00","00"," -!%","03","03","03"," .!$","07","07","07","07"," /!#","12","12","12"]}},"5286":{"2714":{"keys":[2,183],"grid":[" "," "," "," "," "," "," 0!!"," -!%"," +!'"," *!("," )!)","09","09","08"," ,!&","14"]},"2715":{"keys":[2,183],"grid":[" .!$"," /!#","01","01","00"," 0!!","01"," ,!&"," )!)"," &!,"," #!/","!","!","!","!","!"]}},"5201":{"2756":{"keys":[2,183],"grid":[" (!*"," )!)"," +!'"," ,!&"," .!$"," "," "," "," "," "," "," "," "," "," "," "]},"2754":{"keys":[2,183],"grid":[" "," "," "," "," "," "," "," "," "," "," "," "," "," "," "," 0!!"]},"2755":{"keys":[2,183],"grid":[" /!#"," .!$"," -!%"," ,!&"," +!'","04"," *!("," )!)"," (!*"," '!+"," &!,","10"," %!-","12","10","09"]},"2782":{"keys":[2,183],"grid":[" "," "," "," "," "," "," "," "," /!#"," ,!&"," *!("," (!*"," &!,"," $!."," !!0","!"]}},"5200":{"2783":{"keys":[2,183],"grid":[" -!%"," +!'"," )!)"," &!,"," $!."," !!0","!","!","!","!","!","!","!","!","!","!"]},"2782":{"keys":[2,183],"grid":[" "," "," "," "," "," "," "," "," "," "," "," "," "," "," "," 0!!"]}},"5203":{"2781":{"keys":[2,183],"grid":[" "," "," "," "," "," "," "," "," "," /!#"," -!%"," +!'"," )!)"," '!+"," $!.","!"]},"2763":{"keys":[2,183],"grid":[" .!$","00"," /!#","02","02","02","02"," 0!!","07","07","07","07"," "," "," "," "]},"2762":{"keys":[2,183],"grid":[" *!("," +!'","01"," ,!&","03"," -!%","05","05","05","05","05","05","05"," .!$","13","13"]},"2761":{"keys":[2,183],"grid":[" *!(","00","00","00","00","00","00","00","00","00","00","00","00","00","00","00"]},"2760":{"keys":[2,183],"grid":[" (!*"," )!)","01","01","01","01","01","01","01","01","01","01"," *!(","12","12","12"]},"2756":{"keys":[183,2],"grid":[" ,!&"," -!%"," .!$"," /!#"," 0!!"," "," "," "," ","!! 0","09","09"," "," "," "," "]},"2757":{"keys":[183,2],"grid":[" "," "," ","!! 0","!$ .","04","!% -","06","06","06","06","06","06","06","06","06"]},"2755":{"keys":[2,183],"grid":[" "," "," "," "," ","!! 0","!# /","!$ .","!% -","!& ,","!' +","!( *","!) )","!* (","!+ '","14"]},"2758":{"keys":[2,183],"grid":[" %!-"," $!.","01","01"," #!/","01","00","01","01","04","04"," !!0","!","!","!","!"]},"2759":{"keys":[183,2],"grid":[" "," "," "," "," "," "," "," "," "," "," "," ","!% -","!' +","!( *","14"]}},"5318":{"2734":{"keys":[2,183],"grid":[" "," "," "," "," !!% ,","!' +","!( *","06","06","06","06","!) &!! #","!0 !","12","12","12"]},"2735":{"keys":[183],"grid":[" "," "," "," "," "," "," "," "," "," "," "," "," "," "," "," "]}},"5205":{"2769":{"keys":[183,2],"grid":[" "," "," "," "," "," ","!! 0","!# /","!$ .","!% -","09","!& ,","!' +","!( *","13","!) )"]},"2781":{"keys":[2,183],"grid":[" %!-"," !!0","!","!","!","!","!","!","!","!","!","!","!","!","!","!"]},"2780":{"keys":[2,183],"grid":[" "," "," "," "," 0!!"," /!#"," .!$","06"," -!%"," ,!&"," +!'"," *!("," )!)"," (!*"," '!+"," &!,"]},"2770":{"keys":[2,183],"grid":[" *!("," +!'","01"," ,!&"," -!%","04"," .!$"," /!#","07"," 0!!"," "," "," "," "," "," "]},"2773":{"keys":[2,183],"grid":[" "," "," "," "," "," "," "," "," "," "," "," "," "," 0!!","13"," /!#"]},"2774":{"keys":[2,183],"grid":[" /!#"," .!$"," -!%","02"," ,!&","04","04"," +!'","07"," *!("," *!$ %"," "," "," "," "," "]},"2756":{"keys":[2,183],"grid":[" "," "," "," "," "," ","!! %!% (","!0 !","!","!","!","!","!","!","!","!"]}},"5204":{"2769":{"keys":[2,183],"grid":[" /!#","00","00"," 0!!","03"," "," "," "," "," "," "," "," "," "," "," "]},"2768":{"keys":[2,183],"grid":[" -!%","00","00","00","00","00","00"," .!$","07","07","07","07","07","07"," /!#","14"]},"2781":{"keys":[2,183],"grid":[" "," "," 0!!"," -!%"," +!'"," (!*"," &!,"," #!/","!","!","!","!","!","!","!","!"]},"2763":{"keys":[183],"grid":[" "," "," "," "," "," "," "," "," "," "," "," "," "," "," "," "]},"2767":{"keys":[2,183],"grid":[" *!(","00","00"," +!'","03","03","03","03","03"," ,!&","09","09","09","09","09","09"]},"2766":{"keys":[2,183],"grid":[" '!+","00"," (!*","02","02","02","02"," )!)","07","07","07","07","07"," *!(","13","13"]},"2765":{"keys":[2,183],"grid":[" %!-","00","00","00"," &!,","04","04","04","04","04","04","04"," '!+","12","12","12"]},"2764":{"keys":[2,183],"grid":[" !!0","00","00","00","00"," #!/","05","05","05","05"," $!.","10","10","10","10"," %!-"]},"2756":{"keys":[2,183],"grid":[" "," "," "," "," ","!! 0","!# /","!% ,!!","!' )!#","!) &!$","!","!","!","!","!","!"]}},"5207":{"2778":{"keys":[2,183],"grid":[" "," "," "," "," "," 0!!"," /!#"," -!%"," ,!&"," +!'"," *!("," )!)"," (!*"," '!+"," &!,","14"]},"2779":{"keys":[2,183],"grid":[" %!-"," $!."," #!/"," !!0","!","!","!","!","!","!","!","!","!","!","!","!"]},"2774":{"keys":[183,2],"grid":[" "," "," "," "," "," "," "," "," "," "," "," ","!# /","!$ .","!& ,","!' +"]},"2775":{"keys":[2,183],"grid":[" )!)","00"," *!(","02"," +!'"," ,!&"," -!%"," .!$","07"," /!#","09","09","09","09","09","09"]},"2776":{"keys":[2,183],"grid":[" 0!!","00","00","00","00"," "," "," "," "," "," "," "," "," "," "," "]},"2756":{"keys":[2,183],"grid":[" "," "," "," "," "," "," 0!!"," /!#"," .!$"," ,!&"," +!'"," )!)"," (!*"," '!+"," %!-"," $!."]},"2757":{"keys":[183],"grid":[" "," "," "," "," "," "," "," "," "," "," "," "," "," "," "," "]}},"5206":{"2779":{"keys":[2,183],"grid":[" "," "," "," "," "," 0!!"," /!#"," .!$"," ,!&"," +!'"," *!("," )!)"," (!*"," '!+"," &!,"," %!-"]},"2780":{"keys":[2,183],"grid":[" $!."," #!/"," !!0","!","!","!","!","!","!","!","!","!","!","!","!","!"]},"2770":{"keys":[183,2],"grid":[" "," "," "," "," "," "," "," "," "," "," ","!! 0","11","!# /","!$ .","!% -"]},"2771":{"keys":[2,183],"grid":[" &!,","00","00"," '!+","03","03"," (!*","06","06","06"," )!)","10","10"," *!(","13","13"]},"2772":{"keys":[2,183],"grid":[" +!'","00","00"," ,!&","03","00","00"," *!(","07"," )!)","09"," (!*","11"," '!+","13","13"]},"2773":{"keys":[2,183],"grid":[" &!,","00"," %!-","02"," $!.","04"," #!/","06","06"," !!0","09","!","!","!","!","!"]},"2774":{"keys":[183,2],"grid":[" "," "," "," "," "," "," "," "," "," #!$ ,","!( *","!+ '","!","!","!","!"]},"2756":{"keys":[2,183],"grid":[" "," "," "," "," "," "," "," ","!% -","!' +","!( *","!* (","!+ '","!- %","!/ #","!"]}},"5209":{"2754":{"keys":[2],"grid":[" "," "," "," "," "," "," "," "," "," "," "," "," "," "," "," "]},"2755":{"keys":[2,183],"grid":[" 0!!"," /!#"," .!$"," ,!&"," *!("," )!)"," '!+"," &!,"," $!."," #!/"," !!0","!","!","!","!","!"]}},"5199":{"2783":{"keys":[2,183],"grid":[" "," "," "," "," "," "," 0!!"," .!$"," ,!&"," *!("," (!*"," &!,"," $!."," !!0","!","!"]}},"5352":{"2750":{"keys":[2,183],"grid":[" "," "," "," "," "," "," "," "," "," "," "," "," "," "," ","!! 0"]},"2751":{"keys":[183,2],"grid":[" #!/"," $!."," %!-"," &!,"," '!+"," (!*"," )!)"," *!("," +!'"," ,!&"," -!%"," .!$"," /!#"," 0!!"," "," "]}},"5362":{"2757":{"keys":[2,183],"grid":[" "," "," "," "," "," "," "," "," "," "," "," "," "," "," ","!! 0"]},"2758":{"keys":[183,2],"grid":[" #!/"," $!."," &!,"," '!+"," )!)"," "," "," "," "," "," "," "," "," "," "," "]}},"5363":{"2758":{"keys":[2,183],"grid":[" "," "," "," "," ","!! 0","!, &","!- %","07","07","07","!","!","!","!","!"]}},"5360":{"2756":{"keys":[2,183],"grid":[" "," "," "," "," "," "," "," "," "," ","!# /","!% &!& #","!","!","!","!"]}},"5361":{"2756":{"keys":[2,183],"grid":[" "," "," "," "," "," "," "," "," "," "," "," ","!$ .","!( *","13","!) )"]},"2757":{"keys":[183,2],"grid":[" )!)","00","00","00","00"," *!(","05","05","05"," +!'"," ,!&"," -!%"," /!#"," 0!!"," "," "]}},"5366":{"2756":{"keys":[2,183],"grid":[" +!'"," (!*"," '!+"," &!,"," %!-"," $!."," #!/","!","!","!","!","!","!","!","!","!"]},"2755":{"keys":[2],"grid":[" "," "," "," "," "," "," "," "," "," "," "," "," "," "," "," "]}},"5367":{"2756":{"keys":[183,2],"grid":[" +!'"," "," "," "," "," "," "," "," "," "," "," "," "," "," "," "]},"2755":{"keys":[2,183],"grid":[" "," "," "," "," "," "," "," "," "," "," "," "," "," "," ","!( *"]}},"5364":{"2757":{"keys":[2,183],"grid":[" "," "," "," "," "," "," 0!!"," ,!&"," +!'"," *!(","09"," )!)"," (!*"," '!+","13"," &!,"]},"2758":{"keys":[2,183],"grid":[" &!,"," %!-","00","00","00","00","00"," '!+","07","07"," !!0","!","!","!","!","!"]}},"5365":{"2756":{"keys":[2,183],"grid":[" "," "," "," "," "," "," "," "," /!#"," -!%"," +!'"," *!(","11"," )!)","13"," (!*"]},"2757":{"keys":[2,183],"grid":[" (!*"," '!+","01"," &!,"," %!-"," #!/","!","!","!","!","!","!","!","!","!","!"]}},"5310":{"2724":{"keys":[183,2],"grid":[" #!/","00","00","00","00","00"," !!' !!)","!( &!%","!' )!#","!' *!!","!' +"," !!% ,"," #!$ ,"," "," "," "]},"2723":{"keys":[2,183],"grid":[" "," "," "," "," "," "," "," "," "," "," "," "," "," "," ","!! 0"]}},"5368":{"2756":{"keys":[2,183],"grid":[" !!0","!","!","!","!","!","!","!","!","!","!","!","!","!","!","!"]},"2754":{"keys":[2,183],"grid":[" "," "," "," "," "," "," "," "," "," "," "," "," "," "," "," 0!!"]},"2755":{"keys":[2,183],"grid":[" .!$"," -!%"," +!'"," )!)"," '!+"," &!,","05","05"," %!-","08"," $!.","10","10"," #!/","13","13"]}},"5369":{"2754":{"keys":[2,183],"grid":[" "," "," "," "," "," "," 0!!"," .!$"," -!%"," +!'"," )!)"," '!+"," %!-"," $!."," !!0","!"]}},"5311":{"2725":{"keys":[183,2],"grid":[" (!*"," )!)"," +!'"," ,!&","03"," -!%","05"," .!$","07"," /!#","09","09"," 0!!","12"," "," "]},"2724":{"keys":[2,183],"grid":[" "," "," "," "," "," "," "," "," "," ","!! 0","!# /","11","!$ .","!% -","!' +"]}}}}