{"9":{"335":{"197":{"keys":[184,1,171],"grid":[" "," "," "," ","!( *","!!#&!+","#","#","#","#","#","#","#","#","#","#"]}},"334":{"197":{"keys":[184,1,171],"grid":[" "," "," "," "," "," -!%"," ,!##$"," *!$#%"," (!$#'"," '!$#("," %!$#*"," %!!#,"," #!$#,"," !!##.","!##/","!!#0"]}},"333":{"197":{"keys":[184,1],"grid":[" "," "," "," "," "," "," "," "," "," "," "," "," "," "," "," 0!!"]},"198":{"keys":[184,1,171],"grid":[" 0!!"," /!#","01","00","01"," /!!#!"," -!$#!"," )!&#$"," (!###!##$"," &!$#)"," #!%#+","!$#.","#","#","#","#"]}},"332":{"198":{"keys":["",184,1,171],"grid":[" %!-","00","00","00","00","00","00","00"," )!)"," *!("," *!!#'"," *$'#!"," )$)","12","12","12"]}},"322":{"195":{"keys":[166,"",171,1],"grid":[" )!%#%","00","00","00"," )#)","04","04","04"," %#-","08","08","08"," $!!#-","$# !$!#-","$$#.","#"]},"194":{"keys":["",167,166],"grid":["   !"," ","##  ","#   "]},"207":{"keys":[170,1,171],"grid":[" /!!#!"," /!#"," "," "," "," "," "," "," "," "," "," "," "," "," "," "]},"206":{"keys":[171,1,170],"grid":[" "," "," "," "," ","!# /","#!!# .","##!$ ,","#%!# +","#&!$ )","#(!# (","#)!# '","#*!# &","#+!# %","#,!# $","#-!$ !"]}},"323":{"194":{"keys":[167,1,171],"grid":[" "," "," "," "," "," "," "," 0!!"," .!$"," ,!$##"," +!##%"," *!##&"," '!%#'"," &!##*"," &!!#+"," %!##+"]},"207":{"keys":[171,1,170],"grid":[" ","!! #!$ +","!%#!!# *","#'!# )","#(!! )","03","#(!# (","#)!! (","#)!# '","#*!! '","09","#*!$ %","#,!! %","#,!# $","#-!# #","#.!# !"]}},"320":{"201":{"keys":[170,1,171],"grid":[" (!!#!!%#$"," (!)#!"," /!#"," 0!!"," "," "," "," "," "," "," "," "," "," "," "," "]},"200":{"keys":[1,171,170],"grid":[" !!0","00"," #!/","#! !!/","#! #!! #!+","## &!*","#' !!*","06","06","#' #!)","#( !!)","10","10","#( #!(","#) !!(","13"]},"203":{"keys":[170,1,171],"grid":[" "," 0!!","01"," /!#","03","01","01"," ,!# $"," ,!&","08"," ,!##$"," *!$#%"," *!##&"," +!!#&"," +!$#$"," ,!$##"]},"199":{"keys":[171,1,170],"grid":[" "," "," "," "," "," "," "," "," "," "," ","!! 0","!# /","#!!! /","13","12"]},"204":{"keys":[170,1,171],"grid":[" .!!##","00"," -!###"," -!!#$","03"," ,!##$"," +!##%"," +!!#&"," *!##&"," *!$#%"," +!$#$","03","02","00"," .!##!"," /!!#!"]},"195":{"keys":[171,1,167],"grid":[" !!!#/"," !!##."," #!##-"," $!!#-"," $!$#+"," &!$#)"," (!##("," )!##'"," *!!#'"," *!##&","09"," +!%##"," .!$"," "," "," "]},"194":{"keys":[166,1,167],"grid":[" "," "," ","!$ .","!!#!!! .","##!# -","#$!# ,","06","#$!& )","#$!& '!#","#(!# $!$#!","#)!&#$","#+!!#&","#","!!#0","!##/"]},"193":{"keys":[166,1,167],"grid":[" ,!$##"," .!##!"," /!#"," "," "," "," "," "," "," "," "," "," "," "," "," "]},"192":{"keys":[166,1,167],"grid":[" &!! $!##&"," +!##%"," ,!$##"," .!!##","03"," -!###"," +!$#$"," *!##&"," )!##'"," )!!##!##$"," )!&#$","10","07","07","01"," ,!!#%"]},"205":{"keys":[170,1],"grid":[" /!#"," 0!!"," "," "," "," "," "," "," "," "," "," "," "," "," "," "]}},"321":{"201":{"keys":[171,1,170],"grid":[" "," "," ","!! 0","!! '!$ '","!)#!!# !!$ !","#!!$#'!$#!!! !","#.!# !","#+!% #","#(!% &","#(!! )","10","#'!# )","#'!! *","13","13"]},"203":{"keys":[170,1,171],"grid":[" !!!#/","!##/","#","#","#","#","!!#0","06","06","06","#","#","#","#","#","#"]},"202":{"keys":[170,1,171],"grid":[" '!##)"," (!##("," )!##'"," *!!#'"," *!##&","03"," *!$#%"," +!##%"," +!!#&","08"," %!(#&"," $!###!!#)"," $!##,"," %!!#,","12"," !!$#-"]},"205":{"keys":[171,1,170],"grid":[" ","!! 0","!& ,","!$#!!# +","#&!! +","#$!$ +","#$!& )","#(!! )","07","#(!# (","#)!# '","#*!# &","#+!! &","12","#+!# %","14"]},"206":{"keys":[170,1,171],"grid":[" (!%#&","00"," *!##&"," )!##'"," )!(#!"," +!! $!#"," "," "," "," "," "," "," "," "," "," "]},"195":{"keys":[167,1,166,171],"grid":[" #!$#,"," %!##+"," &!##*"," '!!#*","03","03"," '!##)"," (!!#)"," (!##("," )!!#("," )!##'"," *!!#'","!# (!!#'","$!!! !   !!#!!!!","$$!+$$","$*!$$%"]},"194":{"keys":[166,"",1,167],"grid":[" )!)","00","00","00"," -!%","04","04","04"," ","## /","$!## .","$##! .","11","$### -","11","10"]},"193":{"keys":[167,1,166,""],"grid":[" "," ","!# /","#!!$ -","#$!$ +","#'$# )","#($! )","06","#)$)","08","08","08","08","08","08","08"]}},"324":{"195":{"keys":[171,1,167],"grid":[" ,!##$"," )!%#%"," (!##("," (!!#)","03","02"," )!$#&"," +!##%"," ,!!#%","08","08"," '!'#%"," &!##*"," %!##+"," %!!#,","13"]},"194":{"keys":[167,1,171],"grid":[" "," "," "," "," "," $!# ,"," #!% +","!$##!# *","#'!# )","#(!! )","#(!# (","#)!# '","#*!# &","#+!# %","#,!# $","#-!! $"]},"196":{"keys":[171,1,167],"grid":[" &!##*"," '!$#("," )!##'"," *!!#'"," *!##&"," +!##!!##!"," ,!%#!"," /!#"," 0!!"," "," "," "," "," "," "," "]}},"325":{"196":{"keys":[167,1,"",171],"grid":[" "," "," "," "," "," "," "," ","!! -#$","08","!# %!# #!$#$","$!!# !!($##$","$#!$$,","$","$","$"]}}},"13":{"5173":{"3117":{"keys":[167,171],"grid":[" "," "," "," "," "," "," "," "," 0!!"," /!#","09"," .!$"," -!%"," ,!&"," +!'"," *!("]},"3313":{"keys":[171,170],"grid":[" "," "," "," "," "," "," "," "," "," "," "," "," "," "," *!! '"," &!) $"]},"3314":{"keys":[170,171],"grid":[" .!$"," /!#"," 0!!"," "," "," "," "," "," "," "," "," "," "," "," "," "]},"3119":{"keys":[167,171],"grid":[" #!/"," !!0","01","!","!","!","!","!","!","!","!","!","!","!","!","!"]},"3118":{"keys":[167,171],"grid":[" )!)"," (!*"," '!+"," %!-","03"," $!.","05","03","03","03","05"," #!/","11","11","11","11"]}},"5172":{"3313":{"keys":[171,170],"grid":[" "," "," "," "," "," "," "," "," ","!# /","!% -","!& ,","!) )","!+ '","!, &","!0 !"]},"3119":{"keys":[167,"",171],"grid":[" "," "," "," ","!% ,#!","!% +##","05","05","!) '##","!) &#$","!) %#%","10","!%#-","12","12","12"]}},"5171":{"3313":{"keys":[171,170],"grid":[" "," "," "," "," "," "," "," "," +!'"," *!("," )!)"," (!*"," '!+"," &!,"," %!-"," $!."]},"3314":{"keys":[171,170],"grid":[" #!/","!","!","!","!","!","!","!","!","!","!","!","!","!","!","!"]}},"5170":{"3314":{"keys":[171,170],"grid":[" "," ,!&"," )!)"," &!,","!","!","!","!","!","!","!","!","!","!","!","!"]}},"5177":{"3116":{"keys":[171],"grid":[" "," "," "," "," "," "," "," "," "," "," "," "," "," "," "," "]},"3115":{"keys":[167,171],"grid":[" "," "," "," "," "," "," "," 0!!","07"," /!#","09"," .!$"," -!%"," ,!&"," )!)"," '!+"]},"3320":{"keys":[171,170],"grid":[" "," "," "," ","!# /","!& ,","!( *","!) )","!* (","08","08","08","08","08","08","08"]},"3321":{"keys":[170,171],"grid":[" *!(","00","00","00","00","00","00","00"," )!)","08"," (!*"," '!+"," &!,"," %!-","13"," $!."]},"3322":{"keys":[170,171],"grid":[" $!."," #!/","01"," !!0","03","03","03","03","03","03","01"," %!-"," +!'"," .!$"," /!#"," 0!!"]},"3323":{"keys":[170],"grid":[" "," "," "," "," "," "," "," "," "," "," "," "," "," "," "," "]}},"5176":{"3320":{"keys":[170,171],"grid":[" 0!!","00","00"," "," "," "," "," "," "," "," "," "," "," "," "," "]},"3116":{"keys":[167,171],"grid":[" /!#"," (!*","!","!","!","!","!","!","!","!","!","!","!","!","!","!"]},"3319":{"keys":[170,171],"grid":[" %!-","00","00","00"," &!,"," '!+","05"," (!*","07"," )!)"," +!'"," ,!&"," /!#"," 0!!","13","13"]},"3318":{"keys":[171,170],"grid":[" "," "," "," "," "," "," "," "," ","!# /","!$ .","10","10","10","10","!% -"]}},"5175":{"3116":{"keys":[167,171],"grid":[" "," "," "," /!#"," -!%"," ,!&"," *!("," )!)"," '!+"," &!,"," $!."," #!/","!","!","!","!"]},"3316":{"keys":[170,171],"grid":[" '!+"," (!*"," )!)","02","02","02"," *!(","02","02","02","02","01","01","00"," &!,"," $!."]},"3315":{"keys":[171,170],"grid":[" "," "," "," "," "," "," "," "," "," "," "," ","!! 0","!$ .","!% -","!& ,"]},"3317":{"keys":[170,171],"grid":[" #!/"," !!0","!","!","!","!","!","!","!","!","!","!","01","00"," $!."," %!-"]},"3318":{"keys":[170,171],"grid":[" &!,"," '!+"," (!*"," )!)","03"," *!("," +!'"," ,!&"," -!%"," "," "," "," "," "," "," "]}},"5174":{"3117":{"keys":[167,171],"grid":[" '!+"," &!,"," %!-"," $!."," #!/","04"," !!0","!","!","!","!","!","!","!","!","!"]},"3116":{"keys":[167,171],"grid":[" "," "," "," "," "," "," "," "," "," "," "," "," "," /!#"," +!'"," )!)"]},"3315":{"keys":[170,171],"grid":[" (!*"," )!)"," *!(","02"," +!'","04"," ,!&"," -!%"," .!$"," /!#"," 0!!"," "," "," "," "," "]},"3314":{"keys":[171,170],"grid":[" "," "," "," ","!! 0","04","!# /","06","!$ .","!% -","09","!& ,","11","!' +","13","!( *"]},"3317":{"keys":[170,171],"grid":[" "," "," "," 0!!"," /!#","04","04","04","03","03"," "," "," "," "," "," "]}},"5179":{"3113":{"keys":[167,171],"grid":[" "," "," "," "," "," "," "," "," "," "," "," "," "," "," "," 0!!"]},"3323":{"keys":[171,170],"grid":[" "," "," "," "," "," "," "," "," "," "," ","!! 0","!# /","12","!$ .","14"]},"3324":{"keys":[170,171],"grid":[" %!-","00","00"," &!,"," '!+"," )!)"," ,!&"," -!%"," .!$","08","08","07","07","07","07","08"]},"3325":{"keys":[170,171],"grid":[" .!$","00"," /!#","02"," 0!!","04"," "," "," "," "," "," "," "," "," "," "]},"3114":{"keys":[167,171],"grid":[" /!#"," -!%"," ,!&"," +!'"," (!*"," %!-"," #!/"," !!0","!","!","!","!","!","!","!","!"]}},"5178":{"3115":{"keys":[167,171],"grid":[" )!)"," (!*"," '!+"," &!,"," $!."," !!0","!","!","!","!","!","!","!","!","!","!"]},"3323":{"keys":[171,170],"grid":[" "," ","!! 0","!# /","03","!$ .","05","!% -","!& '!# $","!0 !","!","!","!","!","!","!"]},"3114":{"keys":[167,171],"grid":[" "," "," "," "," "," "," "," "," "," /!#"," -!%","10"," ,!&"," +!'","13"," *!("]}},"5193":{"3116":{"keys":[171,167],"grid":[" ,!&"," -!%"," .!$"," /!#"," "," "," "," "," "," "," "," "," "," "," "," "]},"3115":{"keys":[167,171],"grid":[" "," "," "," ","!! 0","!# /","!$ .","06","!% -","!& ,","09","!' +","!( *","!) )","13","!* ("]},"3121":{"keys":[171,167],"grid":[" "," "," "," "," "," "," "," "," 0!!"," *!("," '!+"," %!-"," #!/","!","!","!"]},"3126":{"keys":[167,171],"grid":[" "," "," "," "," "," ","!! 0","!# /","!$ .","!& ,","!' +","!( *","!* (","!- %","!","!"]},"3140":{"keys":[171,167],"grid":[" -!%","00","00","00","00","00","00"," .!$","07"," /!#"," 0!!"," "," "," "," "," "]},"3131":{"keys":[171,167],"grid":[" "," "," "," "," "," "," "," "," "," +!'"," %!-","!","!","!","!","!"]},"3139":{"keys":[171,167],"grid":[" 0!!","00","00","00","00","00","00","00"," /!#","08","08","08"," .!$","12","12"," -!%"]},"3138":{"keys":[167,171],"grid":[" "," "," "," "," "," "," ","!# /","!& ,","!) )","!+ '","!- %","!. $","!/ #","13","!0 !"]}},"5192":{"3114":{"keys":[167,171],"grid":[" ","!! 0","!# /","!$ .","!% -","!& ,","!' +","!( *","!) )","!* (","!+ '","10","!, &","!- %","!. $","!/ #"]},"3122":{"keys":[171,167],"grid":[" -!%"," +!'"," '!+"," $!."," #!/"," !!0","!","!","!","!","!","!","!","!","!","!"]},"3115":{"keys":[171,167],"grid":[" 0!!","00"," "," "," "," "," "," "," "," "," "," "," "," "," "," "]},"3121":{"keys":[171,167],"grid":[" "," "," "," "," "," "," "," "," "," "," "," "," "," "," /!#"," .!$"]},"3126":{"keys":[171,167],"grid":[" .!$","00"," /!#"," 0!!","03"," "," "," "," "," "," "," "," "," "," "," "]},"3125":{"keys":[167,171],"grid":[" "," "," "," ","!! 0","!# /","!% -","!' +","!( *","!) )","!* (","10","!+ '","!, &","13","!- %"]},"3137":{"keys":[167,171],"grid":[" "," "," "," "," "," "," "," "," "," "," "," "," "," ","!$ .","!& ,"]},"3131":{"keys":[171,167],"grid":[" "," "," "," "," "," "," "," "," "," "," "," !!# $!+","!","!","!","!"]},"3138":{"keys":[171,167],"grid":[" '!+"," (!*"," *!("," ,!&"," .!$"," /!#"," "," "," "," "," "," "," "," "," "," "]}},"5208":{"3147":{"keys":[167,171],"grid":[" ","!! .!#","!","!","!","!","!","!","!","!","!","!","!","!","!","!"]}},"5375":{"3157":{"keys":[184,171],"grid":[" "," "," "," "," "," "," "," "," "," "," ","!! .!#","!$ *!%","!' #!)","!","!"]}},"5374":{"3157":{"keys":[184,171],"grid":[" "," ","!$ .","!' +","!( *","!) )","!+ '","!, &","!- %","!/ #","!0 !","!","!","!","!","!"]}},"5371":{"3157":{"keys":[184,171],"grid":[" "," "," "," "," "," "," "," "," "," "," +!'"," &!,","!","!","!","!"]}},"5370":{"3157":{"keys":[184,171],"grid":[" "," "," "," "," "," "," "," "," "," "," "," "," *!(","!","!","!"]}},"5373":{"3157":{"keys":[184,171],"grid":[" "," "," "," ,!&"," &!,"," !!0","!","!","!","!","!","!","!","!","!","!"]}},"5372":{"3157":{"keys":[184,171],"grid":[" "," "," "," "," "," "," -!%"," )!)"," $!.","!","!","!","!","!","!","!"]}},"5344":{"3166":{"keys":[184,171],"grid":[" "," "," "," "," "," "," "," .!$"," +!'"," )!)"," '!+"," %!-","11"," $!.","13"," #!/"]},"3167":{"keys":[184,171],"grid":[" !!0","!","!","!","!","!","!","!","!","!","!","!","!","!","!","!"]}},"5148":{"3224":{"keys":[170,171],"grid":[" "," "," "," "," "," "," "," 0!!"," ,!&"," &!,","09"," %!-"," $!."," #!/"," !!0","!"]},"3221":{"keys":[171,170],"grid":[" "," "," "," "," "," "," "," "," "," "," "," "," "," "," 0!!"," /!#"]},"3222":{"keys":[171,170],"grid":[" .!$"," ,!&"," *!(","!","!","!","!","!","!","!","!","!","!","!","!","!"]},"3134":{"keys":[166,171],"grid":[" .!$","00","00"," +!'"," *!("," )!)"," (!*","06"," '!+"," %!-"," #!/","!","!","!","!","!"]},"3133":{"keys":[166,171],"grid":[" "," "," "," "," "," "," "," "," "," "," "," "," "," "," 0!!"," /!#"]},"3300":{"keys":[171,170],"grid":[" "," "," "," "," "," "," "," "," "," "," *!("," #!/","!","!","!","!"]}},"5149":{"3224":{"keys":[170,171],"grid":[" #!/","00"," !!0","02","!","!","!","!","!","!","!","!","!","!","!","!"]},"3221":{"keys":[171,170],"grid":[" "," "," "," "," "," "," "," "," "," (!*"," %!-"," #!/"," !!0","!","!","!"]},"3300":{"keys":[171,170],"grid":[" "," "," "," "," "," "," "," "," "," ","!& ,","!, &","!0 !","!","!","!"]},"3133":{"keys":[166,171],"grid":[" "," "," "," "," "," "," "," "," "," +!# %"," +!$ $"," %!! %!("," #!/"," !!0","!","!"]},"3223":{"keys":[170,171],"grid":[" "," "," "," "," "," "," /!#"," ,!&"," *!("," )!)"," '!+"," &!,"," %!-"," $!.","13","13"]}},"5146":{"3298":{"keys":[170,171],"grid":[" #!/","00","00","00","00"," !!0","05","05","!","!","!","!","!","!","!","!"]},"3294":{"keys":[170,171],"grid":[" .!$","00","00"," /!#"," 0!!"," "," "," "," "," "," "," "," "," "," "," "]},"3295":{"keys":[170,171],"grid":[" "," 0!!"," /!#"," .!$"," -!%"," ,!&"," +!'"," *!("," (!*"," '!+"," &!,","10"," %!-"," $!."," #!/","14"]},"3296":{"keys":[170,171],"grid":[" !!0","!","!","!","!","!","!","!","!","!","!","!","!","!","!","!"]},"3297":{"keys":[171,170],"grid":[" "," "," "," "," "," "," "," "," "," "," "," "," ","!! 0","!# /","!$ ."]},"3291":{"keys":[171,170],"grid":[" "," "," "," "," "," "," "," "," "," "," "," "," "," "," ","!! 0"]},"3292":{"keys":[170,171],"grid":[" $!."," &!,"," '!+"," )!)"," +!'"," ,!&"," -!%","06"," .!$"," /!#","09"," 0!!","11","11","11","11"]},"3301":{"keys":[170],"grid":[" "," "," "," "," "," "," "," "," "," "," "," "," "," "," "," "]},"3236":{"keys":[171,170],"grid":[" ","!! 0","01","!# /","03","03","03","03","03","03","03","03","03","01","01"," "]},"3238":{"keys":[171,170],"grid":[" "," "," "," "," ","!+ '","!. $","!0 !","!","!","!","!","!","!","!","!"]},"3239":{"keys":[170,171],"grid":[" "," "," "," "," "," "," "," "," "," "," 0!!","10"," /!#"," .!$"," ,!&"," +!'"]},"3300":{"keys":[171],"grid":[" "," "," "," "," "," "," "," "," "," "," "," "," "," "," "," "]},"3293":{"keys":[170,171],"grid":[" "," "," "," "," "," "," "," "," "," 0!!","09","09","09"," /!#","13"," .!$"]},"3135":{"keys":[167,166,171],"grid":[" !!0","00"," #!/","00","00","00","00","#","#","#","#","#","#","#","#","#"]},"3134":{"keys":[167,166],"grid":[" $!.","00"," #!/","02","02","02"," !!0","06","!","06","06","06","06","!","!","!"]},"3133":{"keys":[166,167],"grid":[" "," "," "," "," "," "," "," "," "," "," ","!! 0","11","!# /","13","!$ ."]},"3225":{"keys":[170,171],"grid":[" .!$"," -!%"," ,!&"," +!'"," *!("," (!*"," &!,","!","!","!","!","!","!","!","!","!"]},"3224":{"keys":[170,171],"grid":[" "," "," "," "," "," "," "," "," "," "," "," "," "," 0!!"," /!#","14"]},"3241":{"keys":[170,171],"grid":[" '!+","00"," &!,","02","02","02","00","00"," )!)"," ,!&","09"," +!'"," *!(","08"," (!*","00"]},"3240":{"keys":[170,171],"grid":[" )!)"," (!*"," &!,"," %!-","03","03","03","03","03","02","02","02","02"," '!+","13","13"]},"3221":{"keys":[171,170],"grid":[" "," "," "," "," "," "," "," "," "," ","!! 0","10","10","!# /","13","!$ ."]},"3222":{"keys":[170,171],"grid":[" &!,"," '!+"," (!*"," )!)"," ,!&"," .!$"," "," "," "," "," "," "," "," "," "," "]},"3242":{"keys":[170,171],"grid":[" &!,"," %!-","!","!","!","!","!","!","!","!","!","!","!","!","!","!"]}},"5147":{"3224":{"keys":[170,171],"grid":[" "," "," "," "," "," "," "," "," "," "," "," $!# ,"," !!( )","!+ '","!- %","!"]},"3238":{"keys":[171,170],"grid":[" "," "," "," "," "," "," "," "," ","!! 0","09","!# /","11","11","11","11"]},"3239":{"keys":[170,171],"grid":[" #!/","00","00","00","00"," !!0","05","05","!","!","!","!","!","!","!","!"]},"3222":{"keys":[171,170],"grid":[" "," "," "," 0!!"," -!%"," *!(","!! '!*","!","!","!","!","!","!","!","!","!"]},"3135":{"keys":[166,171],"grid":[" ,!&"," )!! !!'"," $!."," #!/"," !!0","04","!","!","!","!","!","!","!","!","!","!"]},"3134":{"keys":[166,171],"grid":[" "," "," "," "," "," "," "," "," "," "," "," "," ,!&","12"," +!'","14"]},"3294":{"keys":[171,170],"grid":[" "," "," "," "," ","!# /","!% -","!& ,","06","06","!$ .","10","05","05","!! 0","14"]},"3295":{"keys":[171],"grid":[" "," "," "," "," "," "," "," "," "," "," "," "," "," "," "," "]},"3300":{"keys":[171,170],"grid":[" "," "," "," "," "," "," "," "," "," "," "," "," /!#"," '!+"," $!.","!"]}},"5144":{"3233":{"keys":[171,170],"grid":[" "," "," "," "," "," "," "," "," "," "," "," "," "," ","!! 0","!# /"]},"3128":{"keys":[166,167],"grid":[" "," "," "," "," "," "," ","!# /","!' +","08","08","08","08","08","08","08"]},"3129":{"keys":[167,166],"grid":[" '!+"," (!*"," )!)","02","02","02","02","02","02","02","01","01","01","02","02"," *!("]},"3234":{"keys":[170,171],"grid":[" #!/"," $!."," %!-"," &!,"," '!+"," (!*"," )!)","06"," *!("," ,!&"," -!%"," .!$"," /!#"," 0!!"," "," "]},"3225":{"keys":[170,171],"grid":[" "," "," "," "," "," "," $!' (","!0 !","!","!","!","!","!","!","!","!"]},"3242":{"keys":[170,171],"grid":[" "," "," "," "," *!("," (!*"," '!+","06"," &!,"," %!-","09"," $!.","11"," #!/"," !!0","!"]},"3220":{"keys":[171,170],"grid":[" "," "," "," "," "," "," "," "," "," "," *!("," (!*"," &!,"," $!."," #!/","!"]},"3134":{"keys":[167,171],"grid":[" "," "," !!% ,","!& ,","!' +","04","!( *","!) )","!* (","!, &","!. $","!","!","!","!","!"]},"3299":{"keys":[170,171],"grid":[" "," "," "," "," "," "," "," "," "," "," 0!!","10","10","10","10"," "]},"3289":{"keys":[171,170],"grid":[" "," "," "," "," "," "," "," "," "," ","!! 0","!$ .","!% -","!& ,","!' +","!( *"]},"3296":{"keys":[170,171],"grid":[" "," "," "," "," "," "," ","!( *","!+ '","!/ #","!","!","!","!","!","!"]},"3297":{"keys":[171,170],"grid":[" "," "," "," "," "," ","!","!","!","!","!","!","!","!","!","!"]},"3290":{"keys":[170,171],"grid":[" )!)"," *!("," +!'"," ,!&"," -!%"," .!$"," /!#"," 0!!","07"," "," "," "," "," "," "," "]},"3300":{"keys":[170],"grid":[" "," "," "," "," "," "," "," "," "," "," "," "," "," "," "," "]},"3130":{"keys":[167,166],"grid":[" +!! !!%"," /!#"," 0!!"," "," "," "," "," "," "," "," "," "," "," "," "," "]}},"5145":{"3298":{"keys":[170,171],"grid":[" "," "," "," "," "," "," "," "," "," "," 0!!"," /!#","11"," .!$","13"," -!%"]},"3299":{"keys":[170,171],"grid":[" ,!&"," +!'"," *!("," (!*"," '!+"," %!-"," $!."," !!0","!","!","!","!","!","!","!","!"]},"3296":{"keys":[170,171],"grid":[" "," "," /!#"," -!%"," ,!&"," +!'","05"," *!("," )!)"," (!*","!% !!,","!","!","!","!","!"]},"3297":{"keys":[171,170],"grid":[" "," "," "," "," "," ","!# /","!& ,","!' +","!) )","!* (","!, &","!. $","!","!","!"]},"3290":{"keys":[171,170],"grid":[" "," "," "," "," "," "," "," "," "," ","!! 0","!# /","!$ .","!% -","!& ,","14"]},"3291":{"keys":[170,171],"grid":[" '!+"," (!*","01"," )!)"," *!(","04"," +!'","06"," ,!&","08"," -!%"," .!$"," /!#"," 0!!"," "," "]},"3300":{"keys":[171,170],"grid":[" "," "," "," "," "," ","!! 0","06","!# /","!$ .","!% -","!' +","!( *","!* (","!- %","!0 !"]},"3236":{"keys":[170],"grid":[" "," "," "," "," "," "," "," "," "," "," "," "," "," "," "," "]},"3237":{"keys":[170,171],"grid":[" 0!!","00"," /!#"," .!$"," -!%"," ,!&"," +!'"," *!(","07"," )!)","09"," (!*","11","11","11","11"]},"3234":{"keys":[171,170],"grid":[" "," "," "," "," "," "," "," "," "," "," "," "," "," "," ","!! 0"]},"3235":{"keys":[170,171],"grid":[" $!."," %!-"," (!*"," *!("," +!'"," ,!&"," -!%","06","06","06","06"," .!$","11","11"," /!#"," 0!!"]},"3238":{"keys":[170,171],"grid":[" (!*"," )!)"," *!("," +!'"," ,!&"," "," "," "," "," "," "," "," "," "," "," "]},"3135":{"keys":[171,167],"grid":[" (!*"," *!("," +!'"," ,!&","03"," 0!!"," "," "," "," "," "," "," "," "," "," "]},"3134":{"keys":[167,171],"grid":[" "," "," "," "," "," "," "," "," "," "," ","!$ .","!& ,","12","12","!' +"]},"3131":{"keys":[167,166],"grid":[" !!0","00","00"," #!/","03"," $!."," %!-","06"," &!,","06","06","06","06","08","06","06"]},"3130":{"keys":[166,167],"grid":[" "," "," "," "," ","!! 0","05"," "," ","05","05","05","05","05","05","05"]},"3133":{"keys":[167,166],"grid":[" +!'","00"," ,!&","00","02"," -!%"," /!#"," 0!!","07"," "," "," "," "," "," "," "]},"3132":{"keys":[167,166],"grid":[" &!,","00"," %!-","02"," '!+"," )!)","05","05","05"," *!("," +!'","10","10","10","10","10"]},"3225":{"keys":[170,171],"grid":[" "," "," "," "," "," "," ,!$ #"," *!(","!","!","!","!","!","!","!","!"]},"3242":{"keys":[170,171],"grid":[" "," "," -!%"," +!'"," )!)","!! '!*","!$ $!+","!","!","!","!","!","!","!","!","!"]},"3221":{"keys":[170,171],"grid":[" 0!!"," "," "," "," "," "," "," "," "," "," "," "," "," "," "," "]},"3220":{"keys":[171,170],"grid":[" "," "," "," "," "," "," "," "," "," "," ","!$ .","!% -","!& ,","!( *","!) &!! #"]}},"5142":{"3232":{"keys":[170,171],"grid":[" 0!!"," "," "," "," "," "," "," "," "," "," "," "," "," "," "," "]},"3230":{"keys":[170,171],"grid":[" .!$"," -!%"," ,!&"," +!'"," )!)","04"," (!*","06"," '!+","08","08","08","08","08","06","06"]},"3231":{"keys":[170,171],"grid":[" (!*","00"," )!)","02","02"," *!(","05"," +!'","07"," ,!&","09"," -!%","11"," .!$"," /!#","14"]},"3229":{"keys":[170,171],"grid":[" )!)","00","00"," *!(","03"," +!'","05"," ,!&","07"," -!%","09"," .!$"," /!#","12","12","12"]},"3228":{"keys":[170,171],"grid":[" "," "," "," "," "," "," "," '!! *"," &!% ("," &!) $"," '!* !"," '!+","11","11"," (!*","14"]},"3122":{"keys":[166,167],"grid":[" "," ","!) )","!* (","!- %","04","!. $","06","06","06","06","06","06","!/ #","13","13"]},"3123":{"keys":[167,166],"grid":[" /!#","00","00","00","00"," .!$"," ,!&"," +!'"," *!("," )!)"," (!*","10","10","09","09","09"]},"3126":{"keys":[167,166],"grid":[" 0!!"," /!#","01","01","01","01","01","01","00"," "," "," "," "," "," "," "]},"3124":{"keys":[167,166],"grid":[" *!(","00","00","00","00"," )!)","05","05","05","05","05","00","00","05","05","00"]},"3125":{"keys":[167,166],"grid":[" +!'","00","00","00"," ,!&"," -!%","05","05","05","05"," .!$","10","10"," /!#"," 0!!","14"]},"3134":{"keys":[167,171],"grid":[" "," ","!! 0","!# /","!$ .","!% -","!' +","!+ !!! %","!/ #","!","!","!","!","!","!","!"]},"3242":{"keys":[170,171],"grid":[" "," "," "," "," "," "," "," ","!! 0","!# /","!% -","!& '!% !","!","!","!","!"]},"3286":{"keys":[171,170],"grid":[" "," #!& *","!* (","!+ '","!, &","!- %","!. $","!/ #","!0 !","08","!","!","!","!","!","!"]},"3221":{"keys":[171,170],"grid":[" "," ","!, &","!/ #","!","!","!","!","!","!","!","!","!","!","!","!"]}},"5143":{"3232":{"keys":[171,170],"grid":[" "," ","!! 0","02","!# /","!$ .","!% -","06","!& ,","!' +","!( *","!) )","11","!* (","13","!+ '"]},"3233":{"keys":[170,171],"grid":[" +!'"," ,!&","01","01"," -!%","04","04"," .!$","07"," /!#","09"," 0!!","11"," "," "," "]},"3128":{"keys":[167,166],"grid":[" (!*"," )!)"," *!("," ,!&"," -!%"," .!$"," 0!!"," "," "," "," "," "," "," "," "," "]},"3225":{"keys":[170,171],"grid":[" "," "," "," "," "," "," "," -!%"," +!'"," )!)"," (!*"," '!+"," &!,"," %!-","13"," $!."]},"3228":{"keys":[170,171],"grid":[" %!-","00","00","00"," &!,","04","04","04","04","04","04","!! $!-","!","!","!","!"]},"3243":{"keys":[171,170],"grid":[" $!- !"," %!+ #"," '!( $"," )!$ &"," "," "," "," "," "," "," "," "," "," "," "," "]},"3242":{"keys":[170,171],"grid":[" "," "," "," "," "," "," "," "," "," "," "," "," ","!! 0","!# /","14"]},"3227":{"keys":[170,171],"grid":[" !!0","00","00","00","00","00"," #!/","06"," $!.","08","08"," %!-"," &!,","12","11","11"]},"3226":{"keys":[170,171],"grid":[" $!.","00"," #!/","02","02","02","02","02","02","02","00","00","00","00","02","02"]},"3221":{"keys":[171,170],"grid":[" 0!!"," .!$"," -!%"," +!'","!! (!)","!","!","!","!","!","!","!","!","!","!","!"]},"3220":{"keys":[171],"grid":[" "," "," "," "," "," "," "," "," "," "," "," "," "," "," "," "]},"3126":{"keys":[166,167],"grid":[" "," "," "," "," "," "," "," "," ","!# /","!% -","10","!& ,","12","!' +","!( *"]},"3134":{"keys":[167,171],"grid":[" "," "," "," "," "," "," 0!!"," /!#"," !!$ #!% #!%","!","!","!","!","!","!","!"]},"3289":{"keys":[170,171],"grid":[" /!#","00","00","00","00","00","00","00"," 0!!"," "," "," "," "," "," "," "]},"3288":{"keys":[170,171],"grid":[" .!$","00"," /!#","02","02","02","02","02","02","02","02","02","02","02","02","02"]},"3287":{"keys":[170,171],"grid":[" %!-"," &!,"," '!+"," (!*","03"," )!)"," *!(","06"," +!'"," ,!&","09"," -!%","11","11"," .!$","14"]},"3286":{"keys":[171,170],"grid":[" "," "," "," "," "," "," "," "," "," "," ","!! 0","!# /","12","!$ .","!% -"]},"3296":{"keys":[170,171],"grid":[" "," "," "," "," "," "," "," "," 0!!","08","08","08"," /!#","12","12"," .!$"]},"3297":{"keys":[170,171],"grid":[" .!$","00","00","00"," /!#"," "," "," "," "," "," "," "," "," "," "," "]},"3127":{"keys":[167,166],"grid":[" (!*","00","00"," '!+"," &!,"," %!-"," $!."," #!/","06","06","06","05","04","03","03","00"]}},"5140":{"3243":{"keys":[170,171],"grid":[" 0!!","00","00","00"," ","00"," /!#"," (!*"," &!,"," %!-"," $!."," #!/"," !!0","!","!","!"]},"3242":{"keys":[170,171],"grid":[" "," "," "," "," "," "," "," "," "," "," 0!!","10","10","10","10","10"]},"3120":{"keys":[166,167],"grid":[" "," "," "," "," "," "," "," "," "," ","!! 0","!% -","11","!& ,","13","13"]},"3121":{"keys":[167,166],"grid":[" '!+"," )!)"," -!%","02"," 0!!"," "," "," "," "," "," "," "," "," "," "," "]},"3221":{"keys":[171,170],"grid":[" "," "," "," "," "," )!' #"," '!+"," %!-","07"," $!."," #!/","10"," !!0","!","!","!"]},"3246":{"keys":[170,171],"grid":[" &!,","00"," %!-"," $!."," #!/"," !!0","!","!","!","!","!","!","!","!","!","!"]},"3245":{"keys":[170,171],"grid":[" #!/","00","00"," $!.","03"," %!-","05"," &!,","07"," '!+","09","09","09","09","09","09"]},"3244":{"keys":[171,170],"grid":[" "," "," "," "," "," "," "," "," "," "," "," "," ","!! 0","13","13"]},"3092":{"keys":[167,166],"grid":[" "," "," "," "," "," "," "," ","!# ,!$","!% %!# $!$","!","!","!","!","!","!"]},"3134":{"keys":[167,171],"grid":[" ","!! 0","!$ .","!& ,","03","03","!& #!# (","!+ &!!","!","!","!","!","!","!","!","!"]},"3286":{"keys":[171,170],"grid":[" "," "," "," "," "," ","!& ,","!- %","!","!","!","!","!","!","!","!"]},"3285":{"keys":[170,171],"grid":[" "," "," .!$"," -!%"," +!'"," *!("," (!*"," '!+"," &!,"," $!."," #!/"," !!0","!","!","!","!"]},"3283":{"keys":[170,171],"grid":[" (!*","00","00"," '!+","03","03","00"," )!)"," +!'"," .!$"," 0!!"," "," "," "," "," "]},"3282":{"keys":[171,170],"grid":[" "," "," "," "," "," "," "," "," &!& '"," #!) '","!* (","10","10","!) )","13","13"]}},"5141":{"3122":{"keys":[167,166],"grid":[" 0!!"," "," "," "," "," "," "," "," "," "," "," "," "," "," "," "]},"3242":{"keys":[170,171],"grid":[" "," "," "," %!% )"," $!) &"," #!, $"," !!. #"," !!0","!","!","!","!","!","!","!","!"]},"3121":{"keys":[166,167],"grid":[" "," "," "," "," "," ","!$ .","!% -","!' +","08","08","08","!( *","!+ '","!- %","!. $"]},"3221":{"keys":[171,170],"grid":[" "," "," "," /!#"," .!$"," -!%","!! +!&","!$ (!'","!% !!,","!","!","!","!","!","!","!"]},"3092":{"keys":[167,"",166],"grid":[" "," "," "," "," %!-","04","04","04","#%!-","08","08","08","#-!%","12","12","12"]},"3134":{"keys":[167,171],"grid":[" %!) #!#"," $!.","01"," #!/","03","03","!","!","!","!","!","!","!","!","!","!"]},"3133":{"keys":[167,171],"grid":[" "," "," "," "," "," "," "," "," "," "," "," "," "," "," (!# ("," '!& &"]},"3286":{"keys":[171,170],"grid":[" "," "," "," "," 0!!"," /!#","05"," .!$","07","!$ +!$","!) $!&","!","!","!","!","!"]},"3285":{"keys":[170,171],"grid":[" !!0","!","!","!","!","!","!","!","!","!","!","!","!","!","!","!"]},"3284":{"keys":[170,171],"grid":[" %!-"," &!,"," '!+"," (!*"," )!)"," *!(","05","05","05","05","05","04","03","02","00"," $!."]},"3283":{"keys":[171,170],"grid":[" "," "," "," "," "," "," "," "," "," "," "," ","!! 0","!# /","!$ .","!% -"]}},"5181":{"3113":{"keys":[167,171],"grid":[" +!'"," (!*"," '!+"," %!-"," $!."," !!0","!","!","!","!","!","!","!","!","!","!"]},"3112":{"keys":[167,171],"grid":[" "," "," "," "," "," "," "," "," "," "," "," "," "," /!#"," -!%"," ,!&"]},"3326":{"keys":[171,170],"grid":[" ","!$ .","!% -","02","02","02","02","!& ,","07","!' +","09","!( *","11","11","11","11"]},"3327":{"keys":[170,171],"grid":[" (!*","00"," )!)","02","02"," *!("," +!'"," ,!&"," -!%"," /!#"," 0!!","10"," "," "," "," "]}},"5186":{"3111":{"keys":[167,171],"grid":[" -!%"," ,!&"," )!)","02"," (!*"," #!/","!","!","!","!","!","!","!","!","!","!"]},"3110":{"keys":[167,171],"grid":[" "," "," "," "," "," "," "," "," "," "," "," "," /!#","12"," .!$","14"]}},"5187":{"3109":{"keys":[167,171],"grid":[" "," "," "," "," "," "," "," "," "," "," ,!! %"," +!% #"," +!'"," *!(","12"," ,!&"]},"3110":{"keys":[167,171],"grid":[" ,!&"," -!%","01","00"," +!'"," *!("," )!)"," '!+"," &!,"," %!-"," #!/","!","!","!","!","!"]}},"5184":{"3111":{"keys":[167,171],"grid":[" "," "," "," "," "," .!$"," )!)"," !!0","!","!","!","!","!","!","!","!"]}},"5185":{"3111":{"keys":[167,171],"grid":[" "," "," "," ","!) )","!+ '","!","!","!","!","!","!","!","!","!","!"]}},"5159":{"3306":{"keys":[170,171],"grid":[" $!."," &!,"," (!*"," *!("," +!'"," ,!&"," -!%"," .!$","07"," /!#"," 0!!"," "," "," "," "," "]},"3305":{"keys":[171,170],"grid":[" "," "," "," "," "," "," "," "," "," "," "," "," "," "," ","!! 0"]}},"5158":{"3305":{"keys":[171,170],"grid":[" "," "," "," "," ","!! 0","!% -","!' +","07","!( *","!) )","!* (","!, &","!- %","!/ #","!"]}},"5139":{"3117":{"keys":[167,166],"grid":[" !!0","00","00"," #!/","03","03","!","!","!","!","!","!","!","!","!","!"]},"3243":{"keys":[170,171],"grid":[" "," "," "," "," "," "," "," "," "," "," "," "," "," "," "," 0!!"]},"3247":{"keys":[170,171],"grid":[" /!#"," .!$","01","01","01","01"," -!%","06","06"," +!'","!# (!(","!& #!*","!","!","!","!"]},"3120":{"keys":[166,167],"grid":[" "," "," "," ","!! #!% *","!+ '","!, &","!. $","07","!0 !","!","!","!","!","!","!"]},"3221":{"keys":[171,170],"grid":[" "," "," "," "," "," "," "," "," "," "," "," "," "," "," 0!!"," &!# (!#"]},"3246":{"keys":[170,171],"grid":[" "," "," "," "," "," "," "," 0!!"," /!#","08"," .!$","10","10","10","10","08"]},"3244":{"keys":[170,171],"grid":[" 0!!","00","00"," "," "," "," "," "," "," "," "," "," "," "," "," "]},"3092":{"keys":[166,167],"grid":[" '!+"," *!("," -!%"," 0!!"," "," "," "," "," "," "," "," "," "," "," "," "]},"3134":{"keys":[171,167],"grid":[" -!%"," "," "," "," "," "," "," "," "," "," "," "," "," "," "," "]},"3091":{"keys":[167,166],"grid":[" "," "," "," "," "," "," "," "," "," "," "," "," "," ","!# /","!% -"]},"3133":{"keys":[167,171],"grid":[" "," "," "," "," "," "," "," #!$ ,"," !!' *","!) )","!+ '","10","10","10","!* (","10"]},"3286":{"keys":[170,171],"grid":[" /!#","00","00","00","00","00"," "," "," "," "," "," "," "," "," "," "]},"3285":{"keys":[170,171],"grid":[" "," "," "," "," "," "," "," "," "," "," "," "," "," "," 0!!","14"]},"3222":{"keys":[171,170],"grid":[" #!/","!","!","!","!","!","!","!","!","!","!","!","!","!","!","!"]},"3282":{"keys":[171,170],"grid":[" "," "," "," "," "," "," "," "," "," ","!","!","!","!","!","!"]}},"5151":{"3133":{"keys":[166,171],"grid":[" "," "," "," ","!! 0","!# /","05","!$ .","!& ,","!+ '","!- %","!/ #","!0 !","!","!","!"]},"3301":{"keys":[170,171],"grid":[" !!0"," (!*"," +!'"," .!$"," "," "," "," "," "," "," "," "," "," "," "," "]}},"5150":{"3221":{"keys":[171,170],"grid":[" "," "," "," "," "," "," "," "," ","!# /","!& ,","!' +","!) )","!* (","!+ '","14"]},"3223":{"keys":[170,171],"grid":[" '!+","00"," &!,"," $!."," #!/","!","!","!","!","!","!","!","!","!","!","!"]},"3222":{"keys":[170,171],"grid":[" +!'"," ,!&","01","01","01","01","01","01","01","00","00"," *!(","11"," )!)"," (!*","14"]},"3133":{"keys":[166,171],"grid":[" "," "," "," "," (!( #"," (!*","05"," '!+"," $!."," #!/"," !!0","!","!","!","!","!"]},"3300":{"keys":[171,170],"grid":[" "," "," "," "," "," "," "," "," "," "," "," "," ","!# /","!( *","!- %"]},"3301":{"keys":[170],"grid":[" "," "," "," "," "," "," "," "," "," "," "," "," "," "," "," "]}},"5153":{"3134":{"keys":[171,166],"grid":[" &!$ !!("," ,!% !"," -!# #"," "," "," "," "," "," "," "," "," "," "," "," "," "]},"3302":{"keys":[170,171],"grid":[" %!-"," &!,"," '!+"," (!*"," +!'"," 0!!"," "," "," "," "," "," "," "," "," "," "]},"3133":{"keys":[166,171],"grid":[" "," "," "," "," "," "," "," "," "," "," "," "," ","!$ .","!% -","!& ,"]},"3301":{"keys":[171,170],"grid":[" "," "," "," "," "," "," "," "," "," "," "," ","!! 0","12","!# /","!$ ."]}},"5138":{"3119":{"keys":[167,166],"grid":[" #!/","00","00"," !!0","03","03","03","03","!","!","!","!","!","!","!","03"]},"3118":{"keys":[167,166],"grid":[" +!'"," *!(","01"," &!# !!)"," &!,","04"," %!-","06","06","06"," $!."," #!/","10","10","10","11"]},"3117":{"keys":[167,166],"grid":[" "," "," "," "," "," "," "," 0!!"," /!#"," .!$","09"," -!%","11","11"," ,!&"," +!'"]},"3116":{"keys":[167,166],"grid":[" -!%","00"," ,!&","02"," +!'"," *!(","05"," )!)","07","07","04","02","02","00"," /!#"," 0!!"]},"3115":{"keys":[167,166],"grid":[" *!(","00"," +!'","02","02"," ,!&","05","05","05","02","02","02","05"," -!%","13","13"]},"3114":{"keys":[166,167],"grid":[" !!# .","!% -","01","01","!& ,","04","04","04","04","04","!' +","!( *","11","!) )","13","!* ("]},"3247":{"keys":[170,171],"grid":[" "," "," ","!% -","!) )","!+ '","!- %","!. $","!0 !","!","!","!","!","!","!","!"]},"3282":{"keys":[171,170],"grid":[" "," "," "," "," "," "," "," "," "," "," ,!&"," +!'"," *!("," )!)"," '!+"," &!,"]},"3091":{"keys":[167,166],"grid":[" "," "," "," "," "," "," "," "," ","!! %!! +","!' +","!) )","!, &","!0 !","!","!"]},"3120":{"keys":[167,166],"grid":[" #!/"," &!,"," '!+"," +!'"," "," "," "," "," "," "," "," "," "," "," "," "]},"3133":{"keys":[167,171],"grid":[" !!# .","!% -","01","!$ .","03","!' +","!( *","!) )","07","!, &","!. #!!","!","!","!","!","!"]},"3222":{"keys":[170,171],"grid":[" /!#"," "," "," "," "," "," "," "," "," "," "," "," "," "," "," "]},"3283":{"keys":[171,170],"grid":[" %!-"," $!."," #!/"," !!0","!","!","!","!","!","!","!","!","!","!","!","!"]},"3221":{"keys":[171,170],"grid":[" "," "," "," "," "," "," "," "," "," "," "," (!! )"," &!& '"," $!( '"," #!* &"," !!- $"]}},"5155":{"3303":{"keys":[171,170],"grid":[" "," "," "," "," "," ","!! 0","!% -","!' +","!( *","!* (","!+ '","!, &","!. $","!","!"]},"3133":{"keys":["",166,171],"grid":[" "," "," ","! ##"]}},"5154":{"3134":{"keys":[166,171,""],"grid":[" ","!$ %!% &","!% !!( %","!, &","!, %#!","04","04","!- $#!","07","!. #!!","!/ !!!","!","!","!","!","!"]},"3302":{"keys":[171,170],"grid":[" "," "," "," "," "," "," ","!! 0","!# /","!$ .","!% -","!& ,","!' +","12","!( *","!) )"]},"3303":{"keys":[170,171],"grid":[" )!)"," *!("," +!'"," ,!&"," -!%"," 0!!"," "," "," "," "," "," "," "," "," "," "]}},"5157":{"3304":{"keys":[171,170],"grid":[" "," "," "," "," "," "," "," ","!# /","!% -","!& ,","!' +","!( *","12","!) )","14"]},"3305":{"keys":[170,171],"grid":[" *!(","00"," +!'"," ,!&"," .!$"," "," "," "," "," "," "," "," "," "," "," "]}},"5156":{"3304":{"keys":[170,171],"grid":[" %!-"," '!+"," (!*"," *!("," ,!&"," .!$"," 0!!"," "," "," "," "," "," "," "," "," "]},"3303":{"keys":[171,170],"grid":[" "," "," "," "," "," "," "," "," "," "," "," "," "," "," ","!# /"]}},"5137":{"3249":{"keys":[170,171],"grid":[" )!)"," (!*"," '!+"," &!,"," %!-"," $!."," #!/","!","!","!","!","!","!","!","!","!"]},"3248":{"keys":[170,171],"grid":[" ,!&","00","00","00","00","00","00","00","00","00","00","00"," +!'"," *!(","13"," )!)"]},"3119":{"keys":[167,166],"grid":[" "," "," "," "," "," "," "," "," "," 0!!","09"," "," "," "," "," "]},"3247":{"keys":[170,171],"grid":[" "," "," "," *!(","03","03","03","03"," +!'","08","08","08"," ,!&","12","12","12"]},"3114":{"keys":[167,166],"grid":[" /!#"," "," "," "," "," "," "," "," "," "," "," "," "," "," "," "]},"3221":{"keys":[171,170],"grid":[" "," "," "," "," "," "," "," "," "," "," "," "," ","!! 0","!# /","!$ ."]},"3222":{"keys":[170,171],"grid":[" %!, !"," &!* #"," (!% &"," "," "," "," "," "," "," "," "," "," "," "," "," "]},"3090":{"keys":[167,166],"grid":[" "," "," "," "," "," "," "," "," "," "," "," "," "," ","!! 0","!# /"]},"3091":{"keys":[166,167],"grid":[" $!.","00"," &!,"," '!+"," )!)"," .!$"," /!#","06","06"," "," "," "," "," "," "," "]},"3133":{"keys":[171,167],"grid":[" *!# $!#"," /!#"," /!! !"," "," "," "," "," "," "," "," "," "," "," "," "," "]},"3132":{"keys":[167,171],"grid":[" "," "," "," "," "," "," "," "," "," "," "," "," "," ","!' +","!( *"]},"3282":{"keys":[171,170],"grid":[" "," "," "," "," ","!! 0","!# /","!$ .","07","07","07","07","07","06","06","05"]},"3283":{"keys":[170,171],"grid":[" !!0","!","!","!","!","!0 !","!/ #","!. $","!, &","!+ '"," !!( )"," "," "," "," "," "]},"3113":{"keys":[166,167],"grid":[" "," "," "," "," ","!! 0","!# /","06","!$ .","!& ,","!- %","10","10","10","!. $","14"]}},"5136":{"3249":{"keys":[170,171],"grid":[" "," "," "," "," "," "," "," 0!!"," -!%"," !!0","!","!","!","!","!","!"]},"3282":{"keys":[170,171],"grid":[" -!%"," /!#"," 0!!","02"," "," "," "," "," "," "," "," "," "," "," "," "]},"3283":{"keys":[170,171],"grid":[" "," "," "," 0!!","03","03","03","03","03"," "," "," "," "," "," "," "]},"3254":{"keys":[171,170],"grid":[" "," "," ","!! 0","!# /","04","04","04","04","04","04","04","!$ .","12","12","12"]},"3221":{"keys":[170,171],"grid":[" ,!&","00","00"," -!%","03","03","03","03"," .!$","08"," /!#"," 0!!"," "," "," "," "]},"3219":{"keys":[171,170],"grid":[" "," "," "," "," "," "," "," "," "," "," "," "," "," ","!! 0","!# /"]},"3256":{"keys":[170,171],"grid":[" &!,"," (!*"," *!(","02"," +!'","04","04","04","04","02","02","02"," )!)","12","12","01"]},"3220":{"keys":[170,171],"grid":[" $!."," %!-"," &!,","02"," '!+"," (!*","05"," )!)","07"," *!(","09","09"," +!'","12","12"," ,!&"]},"3090":{"keys":[167,166],"grid":[" "," "," "," "," "," "," "," "," "," ","!! 0","!& ,","!( *","!/ #","!","!"]},"3132":{"keys":[167,171],"grid":[" "," "," "," "," "," "," ","!$ .","07","!% -","!& ,","!( *","!) )","!, &","!- %","!"]},"3257":{"keys":[171,170],"grid":[" !!' *"," %!$ *"," "," "," "," "," "," "," "," "," "," "," "," "," "," "]},"3255":{"keys":[170,171],"grid":[" %!-","00","00","00","00","00","00","00","00","00","00","00"," $!.","12","00","00"]},"3113":{"keys":[166,167],"grid":[" "," ","!* (","!+ '","03","!, %!!","!, !!%","!","!","!","!","!","!","!","!","!"]},"3281":{"keys":[171,170],"grid":[" "," "," "," "," "," "," "," "," "," ","!! 0","!# /","!% -","!' +","!* (","!+ '"]}},"5326":{"3178":{"keys":[184,171],"grid":[" "," "," "," "," "," "," "," "," "," "," "," "," "," ","!, &","!"]}},"5327":{"3179":{"keys":[171],"grid":[" "," "," "," "," "," "," "," "," "," "," "," "," "," "," "," "]},"3178":{"keys":[184,171],"grid":[" "," "," "," "," "," "," "," "," "," "," "," "," "," "," ","!' +"]}},"5324":{"3178":{"keys":[184,171],"grid":[" "," "," "," "," "," "," "," "," "," "," ","!+ '","!","!","!","!"]}},"5325":{"3178":{"keys":[184,171],"grid":[" "," "," "," "," "," "," "," "," "," "," "," ","!% -","!","!","!"]}},"5128":{"3214":{"keys":[170,171],"grid":[" %!-","00","00"," &!,","03"," '!+","05","05","05","05","05","05","03","03","00"," $!."]},"3215":{"keys":[170,171],"grid":[" #!/"," !!0","!","!","!","!","!","!","!","!","!","!","!","!","!","!"]},"3217":{"keys":[171,170],"grid":[" "," "," "," "," "," "," %!& (","06","06","!! !!( (","!* !!% #","!0 !","11","!","!","!"]},"3213":{"keys":[171,170],"grid":[" "," "," "," "," "," "," ","!! 0","07","07","07","!# /","11","11","!$ .","14"]},"3115":{"keys":[167,166],"grid":[" 0!!"," "," "," "," "," "," "," "," "," "," "," "," "," "," "," "]},"3114":{"keys":[166,167],"grid":[" "," "," "," "," "," "," "," "," "," "," "," "," "," "," &!! +","!. $"]},"3126":{"keys":[167,171],"grid":[" "," "," "," "," "," "," "," "," "," "," ","!! 0","!# /","12","!$ .","!% -"]},"3127":{"keys":[171,167],"grid":[" &!,"," '!+","01"," (!*"," )!)"," *!(","05"," +!'"," -!%"," .!$"," /!#"," 0!!"," "," "," "," "]},"3081":{"keys":[166,167],"grid":[" *!(","00","00","00","00"," )!)"," (!*"," '!+","07"," &!,","09","09","09","09","07","06"]},"3080":{"keys":[166,167],"grid":[" "," "," "," "," *!# &"," +!! &"," +!# %"," +!% #","07"," +!'","09"," )!)"," *!(","12","09","09"]},"3083":{"keys":[166,167],"grid":[" 0!!","00","00"," "," "," "," "," "," "," "," "," "," "," "," "," "]},"3082":{"keys":[166,167],"grid":[" )!)"," *!(","01"," +!'"," ,!&"," -!%"," .!$"," "," "," "," "," 0!!"," /!#","12","06","12"]}},"5129":{"3259":{"keys":[170,171],"grid":[" "," "," "," "," "," "," "," "," "," "," "," "," 0!!","12","12","12"]},"3216":{"keys":[171,170],"grid":[" "," "," "," "," "," "," "," "," "," "," "," "," "," "," "," 0!!"]},"3217":{"keys":[171,170],"grid":[" .!$"," /!#","01"," -!%","03"," +!'"," '!+"," %!-"," &!,","07","07"," #!# !!,","!","!","!","!"]},"3115":{"keys":[166,167],"grid":[" ","!# /","!$ .","!% -","!( *","!* (","!/ #","!0 !","07","07","!","!","!","!","!","!"]},"3128":{"keys":[171,167],"grid":[" $!.","00","00","00"," #!/","04","04","04","04","04","00"," &!,"," '!+"," (!*"," )!)"," *!("]},"3127":{"keys":[167,171],"grid":[" "," "," "," "," "," "," "," "," "," "," "," "," ","!! 0","!# /","!$ ."]},"3260":{"keys":[170,171],"grid":[" 0!!","00","00","00","00"," "," "," "," "," "," "," "," "," "," "," "]},"3072":{"keys":[166,167],"grid":[" )!)","00","00","00","00","00"," )!( !"," *!& #"," *!% $"," *!$ %"," "," "," "," "," "," "]},"3129":{"keys":[171,167],"grid":[" .!$","00","00","00"," "," "," "," "," "," "," "," "," "," "," "," "]},"3272":{"keys":[170,171],"grid":[" "," "," "," "," "," "," "," "," "," 0!!"," /!#"," -!%"," ,!&"," )!)"," '!+"," %!-"]},"3130":{"keys":[171,167],"grid":[" "," "," "," "," "," "," "," 0!!"," "," "," "," "," "," "," "," "]},"3079":{"keys":[166,167],"grid":[" "," 0!!","01"," +!$ !!#"," +!'","04"," *!("," )!)"," $!.","08","08","08","08"," #!/"," !!0","!"]},"3085":{"keys":[166,167],"grid":[" /!#","00"," .!$","02","00"," 0!!","05","05","05","05","05","05","05"," "," "," "]},"3084":{"keys":[166,167],"grid":[" "," "," "," "," "," "," "," "," 0!!","08"," "," "," "," "," "," "]},"3082":{"keys":[167,166],"grid":[" "," "," "," "," "," "," "," ","!! 0"," "," "," "," "," "," "," "]},"3080":{"keys":[166,167],"grid":[" #!/"," $!."," %!-","02","02","01","01","00","!","!","!","!","!","!","!","!"]},"3083":{"keys":[167,166],"grid":[" "," "," "," ","!# /","04","!$ $!# !!# &","!- %","!/ #","!0 !","!","!","!","!","!","!"]},"3273":{"keys":[170,171],"grid":[" $!.","00","00"," %!-","03"," &!,"," '!+","06"," (!*"," )!)","09"," *!("," +!'"," -!%"," /!#"," "]}},"5124":{"3205":{"keys":[171,170],"grid":[" (!*"," &!,"," $!.","!","!","!","!","!","!","!","!","!","!","!","!","!"]},"3204":{"keys":[171,170],"grid":[" "," "," "," "," "," "," "," "," "," "," "," "," 0!!"," .!$"," ,!&"," *!("]},"3113":{"keys":[167,166],"grid":[" !!0","00","00","!","!","!","!","00"," $!."," '!+"," *!' !"," "," "," "," "," "]},"3112":{"keys":[167,166],"grid":[" !!0","00","00","00","!","!","!","!","!","!","!","!","!","!","!","00"]},"3111":{"keys":[167,166],"grid":[" #!/"," !!0","!","!","!","!","!","!","!","!","01"," %!-","11"," $!.","00","00"]},"3110":{"keys":[166,167],"grid":[" "," "," "," "," "," "," "," "," "," "," !!# .","!$ .","!% -","12","12","11"]},"3124":{"keys":[167,171],"grid":[" "," "," "," "," "," "," ","!# /","!$ .","!% -","!& ,","!' +","!( *","!0 !","!","!"]}},"5125":{"3205":{"keys":[170,171],"grid":[" ,!&"," -!%","01","01"," .!$","04"," /!#","06"," 0!!"," "," "," "," "," "," "," "]},"3204":{"keys":[171,170],"grid":[" "," "," "," "," "," "," "," "," "," "," "," !!' *","!* (","!+ '","!, &","14"]},"3113":{"keys":[166,167],"grid":[" $!."," #!/","01","01","01"," !!0","01","01","01","!","!","!","!","!","!","!"]},"3112":{"keys":[166,167],"grid":[" "," "," "," "," "," "," "," "," "," "," "," "," .!$"," )!)"," (!*"," &!,"]},"3124":{"keys":[167],"grid":[" "," "," "," "," "," "," "," "," "," "," "," "," "," "," "," "]},"3125":{"keys":[171,167],"grid":[" !!0"," #!/"," +!'"," .!$"," 0!!"," "," "," "," "," "," "," "," "," "," "," "]},"3072":{"keys":[166,167],"grid":[" #!# -"," "," "," "," "," "," "," "," "," "," "," "," "," "," "," "]}},"5126":{"3207":{"keys":[170,171],"grid":[" '!+","00"," (!*","02"," )!)","04","02","02","00"," &!,"," %!-","10","10","10"," $!.","14"]},"3206":{"keys":[170,171],"grid":[" &!,","00"," '!+","02","02","02","00","00"," %!-","08","08","08","08","00","00","00"]},"3205":{"keys":[171,170],"grid":[" "," "," "," "," "," "," "," "," "," "," ","!! 0","11","!# /","!$ .","!% -"]},"3113":{"keys":[167,166],"grid":[" 0!!","00"," /!#","02"," .!$","02","02","02","04","04","04","04","02","00"," "," "]},"3112":{"keys":[166,167],"grid":[" "," "," "," "," "," "," "," "," "," "," "," "," (!% &","!","!","!"]},"3209":{"keys":[170,171],"grid":[" /!#"," -!%"," +!'"," )!)"," (!*"," &!,","05"," %!-","07","07","05","05","04"," *!(","01","00"]},"3208":{"keys":[170,171],"grid":[" $!.","00","00"," %!-","03"," &!,"," '!+"," (!*"," )!)"," *!("," +!'"," ,!&"," -!%"," .!$"," /!#","14"]},"3125":{"keys":[167,171],"grid":[" "," "," "," "," ","!$ $!& &","!","!","!","!","!","!","!","!","!","!"]}},"5127":{"3215":{"keys":[170,171],"grid":[" "," "," "," "," "," 0!!","05","05","05"," /!#","09","09"," .!$","12"," -!%","14"]},"3216":{"keys":[170,171],"grid":[" -!%"," ,!&","01"," +!'","03","03"," *!(","06","06","06","06","03","03","01","00"," .!$"]},"3217":{"keys":[170,171],"grid":[" /!#","00"," 0!!"," "," "," ","02","02"," "," "," "," "," "," "," "," "]},"3210":{"keys":[170,171],"grid":[" #!/"," %!-","01","01","01","01"," $!.","06","06","06","06","06","01","01","01","01"]},"3211":{"keys":[170,171],"grid":[" %!-","00"," &!,","02","02","02","02","02","02","02","02","02","00","00","00","00"]},"3212":{"keys":[170,171],"grid":[" %!-","00","00","00","00","00","00"," &!,","07","07"," '!+","10"," (!*","12"," )!)"," +!'"]},"3213":{"keys":[170,171],"grid":[" ,!&"," .!$"," /!#","02"," 0!!","04"," "," "," "," "," "," "," "," "," "," "]},"3113":{"keys":[166],"grid":[" "," "," "," "," "," "," "," "," "," "," "," "," "," "," "," "]},"3114":{"keys":[166,167],"grid":[" "," ","!! 0","02","!# /","!% -","!) )","!* (","!+ '","!, &","!- %","10","10","10","10","!"]},"3126":{"keys":[171,167],"grid":[" /!#"," 0!!","01","01"," "," "," "," "," "," "," "," "," "," "," "," "]},"3112":{"keys":[166],"grid":[" "," "," "," "," "," "," "," "," "," "," "," "," "," "," "," "]},"3209":{"keys":[171],"grid":[" "," "," "," "," "," "," "," "," "," "," "," "," "," "," "," "]},"3125":{"keys":[167,171],"grid":[" "," "," "," "," "," "," "," "," "," ","!! 0","!! (!! (","!# $!' &","!- %","!. $","!/ #"]}},"5120":{"3201":{"keys":[170,171],"grid":[" +!'"," (!*"," '!+"," &!,"," %!-","04","04","04","03","03","03","03","03","02","01","01"]},"3107":{"keys":[166,167],"grid":[" "," "," "," "," "," "," "," "," "," "," "," "," 0!!"," /!#"," .!$"," +!'"]},"3108":{"keys":[166,167],"grid":[" )!)","00","00","00"," &!,"," %!-","05"," $!.","07"," #!/","09","09","!","!","!","!"]},"3202":{"keys":[170,171],"grid":[" )!)"," *!("," ,!&"," .!$"," 0!!"," "," "," "," "," "," "," "," "," "," "," "]},"3119":{"keys":[171,167],"grid":[" )!)"," *!("," +!'"," ,!&","03"," 0!!","05","05","05"," "," "," "," "," "," "," "]},"3118":{"keys":[167,171],"grid":[" "," "," "," "," "," "," "," "," "," "," "," "," !!# .","!$ .","!$ #!# *","!) )"]},"3200":{"keys":[170,171],"grid":[" -!%","00","00","00","00","00"," .!$","06"," /!#","08","08","08","08","08","06","00"]},"3196":{"keys":[170,171],"grid":[" *!("," +!'","01"," ,!&","03"," -!%","05"," .!$","07"," /!#","09"," 0!!","11"," "," "," "]},"3195":{"keys":[171,170],"grid":[" "," "," "," "," "," "," "," "," ","!& ,","!' +","!( *","11","!) )","13","!* ("]},"3199":{"keys":[170,171],"grid":[" "," "," "," "," "," "," "," 0!!"," /!#"," .!$"," -!%","10","10","10","10","10"]}},"5121":{"3204":{"keys":[170,171],"grid":[" 0!!","00","00","00","00","00","00","00","00","00","00"," "," "," "," "," "]},"3203":{"keys":[170,171],"grid":[" '!+","00","00","00","00","00"," (!*"," )!)"," *!(","08"," ,!&"," -!%"," .!$"," /!#","13"," 0!!"]},"3202":{"keys":[171,170],"grid":[" "," "," "," "," "," ","!# /","!$ .","07","!% -","!& ,","10","10","!' +","13","13"]},"3119":{"keys":[167,171],"grid":[" "," "," "," "," "," "," "," "," "," $!# ,"," !!% ,","!& ,","11","11","11","11"]},"3120":{"keys":[171,167],"grid":[" &!,","00"," '!+"," *!("," -!%"," .!$"," /!#"," 0!!"," "," "," ","07","07","06","06","05"]},"3121":{"keys":[171,167],"grid":[" .!$"," /!#"," "," "," "," "," "," "," "," "," "," "," "," "," "," "]},"3107":{"keys":[166,167],"grid":[" "," "," "," "," "," "," "," &!# *"," #!& *"," !!) ("," !!- $"," !!. #","!0 !","!","!","!"]},"3197":{"keys":[170,171],"grid":[" #!/"," $!."," %!-","02"," &!,"," '!+","05"," (!*","07"," )!)","09","09","09","09","09","09"]},"3196":{"keys":[171,170],"grid":[" "," "," "," "," "," "," "," "," "," "," "," "," "," "," ","!! 0"]},"3199":{"keys":[170,171],"grid":[" '!+"," &!,"," %!-","02"," #!/"," !!0","!","!","!","!","!","!","!","!","!","!"]},"3198":{"keys":[170,171],"grid":[" )!)","00","00","00","00","00","00","00","00","00","00","00"," (!*","12","12"," '!+"]}},"5328":{"3179":{"keys":[171,184],"grid":[" #!/"," .!$"," "," "," "," "," "," "," "," "," "," "," "," "," "," "]}},"5329":{"3179":{"keys":[184,171],"grid":[" "," ","!) )","!","!","!","!","!","!","!","!","!","!","!","!","!"]}},"5322":{"3178":{"keys":[184,"",171],"grid":[" "," "," "," "," "," "," "," ","!% -","!& ,","!' !#*","!&#,","#","#","#","#"]}},"5323":{"3178":{"keys":[184,171],"grid":[" "," "," "," "," "," "," "," "," "," ","!$ .","!","!","!","!","!"]}},"5331":{"3178":{"keys":[184,171],"grid":[" "," "," "," "," !!, %","!","!","!","!","!","!","!","!","!","!","!"]}},"5330":{"3179":{"keys":[184,171],"grid":[" &!,"," %!-"," #!/","!","!","!","!","!","!","!","!","!","!","!","!","!"]},"3178":{"keys":[184,171],"grid":[" "," "," "," "," "," "," 0!!"," /!#"," .!$"," -!%","09"," ,!&"," +!'"," *!("," )!)"," (!*"]}},"5333":{"3178":{"keys":[184,171],"grid":[" (!*"," %!-"," #!/","!","!","!","!","!","!","!","!","!","!","!","!","!"]},"3177":{"keys":[184,171],"grid":[" "," "," "," "," "," "," "," "," "," "," "," "," "," 0!!"," -!%"," +!'"]}},"5332":{"3178":{"keys":[184,171],"grid":[" "," "," "," "," /!#","!! )!(","!","!","!","!","!","!","!","!","!","!"]}},"5335":{"3177":{"keys":[184,171],"grid":[" $!."," !!0","!","!","!","!","!","!","!","!","!","!","!","!","!","!"]},"3176":{"keys":[184,171],"grid":[" "," "," "," "," "," "," "," "," "," "," /!#"," .!$"," ,!&"," *!("," (!*"," &!,"]}},"5334":{"3177":{"keys":[184,171],"grid":[" "," "," "," /!#"," .!$"," -!%"," +!'"," *!("," )!)"," '!+"," %!-"," #!/","!","!","!","!"]}},"5337":{"3175":{"keys":[184,171],"grid":[" "," "," "," "," "," "," "," "," "," "," /!#"," ,!&"," )!)"," &!,"," $!.","!"]}},"5336":{"3175":{"keys":[184],"grid":[" "," "," "," "," "," "," "," "," "," "," "," "," "," "," "," "]},"3176":{"keys":[184,171],"grid":[" 0!!"," .!$"," ,!&"," *!("," (!*"," '!+"," %!-"," $!."," !!0","!","!","!","!","!","!","!"]}},"5339":{"3175":{"keys":[184,171],"grid":[" "," "," "," "," "," "," "," "," "," "," "," "," "," "," ","!! 0"]},"3176":{"keys":[171,184],"grid":[" (!*"," "," "," "," "," "," "," "," "," "," "," "," "," "," "," "]}},"5338":{"3175":{"keys":[184,171],"grid":[" "," "," "," "," "," "," "," "," "," ","!& ,","!) )","!+ '","!- %","!0 !","!"]}},"5135":{"3249":{"keys":[170,171],"grid":[" "," "," "," "," "," "," "," "," "," "," 0!!"," /!#"," .!$"," -!%"," ,!&","14"]},"3250":{"keys":[170,171],"grid":[" +!'","00"," *!(","02","02","02","02","02","00","00"," ,!&","10","10"," -!%","13","13"]},"3251":{"keys":[170,171],"grid":[" -!%","00"," ,!&"," *!("," )!)"," '!+"," &!,"," %!-"," $!."," #!/"," !!0","!","!","!","!","!"]},"3252":{"keys":[171,170],"grid":[" "," "," "," "," "," "," "," "," "," "," "," ","!! 0","!$ .","!% -","!& ,"]},"3253":{"keys":[170,171],"grid":[" (!*"," )!)"," *!("," +!'"," ,!&","04","04"," -!%","07","07","07","04","04","04","07","07"]},"3218":{"keys":[171,170],"grid":[" "," "," "," "," "," "," "," ","!! 0","!# /","!$ .","!% -","11","!& ,","!' +","!( *"]},"3219":{"keys":[170,171],"grid":[" )!)"," *!(","01"," +!'","03"," ,!&","05"," -!%","07"," .!$","09"," /!#"," 0!!"," "," "," "]},"3256":{"keys":[170,171],"grid":[" "," "," "," "," "," "," "," "," "," "," ","!% -","!( *","!* (","!, &","!/ #"]},"3254":{"keys":[170,171],"grid":[" -!%"," .!$"," "," "," "," "," "," "," "," "," "," "," "," "," "," "]},"3090":{"keys":[167,166],"grid":[" "," "," "," "," "," "," *!# !!# #","!/ #","07","!","!","!","!","!","!","!"]},"3132":{"keys":[167,171],"grid":[" "," "," "," ","!# )!% #","!$ !!# #!' #","!/ #","!","!","!","!","!","!","!","!","!"]},"3257":{"keys":[171],"grid":[" "," "," "," "," "," "," "," "," "," "," "," "," "," "," "," "]},"3113":{"keys":[166,167],"grid":[" "," -!# #"," ,!&","02"," +!'"," *!("," (!*"," '!+","07","07"," !!0","!","!","!","!","!"]},"3281":{"keys":[170,171],"grid":[" )!)","00"," *!("," +!'","03"," ,!&"," -!%"," .!$"," /!#"," 0!!"," "," "," "," "," "," "]},"3280":{"keys":[171,170],"grid":[" "," "," "," "," ","!! 0","!# /","!$ .","07","!% -","!& ,","10","!' +","12","!( *","14"]}},"5134":{"3217":{"keys":[171,170],"grid":[" "," "," "," "," "," "," "," "," "," "," "," "," ","!( *","!) )","14"]},"3218":{"keys":[170,171],"grid":[" *!("," +!'"," ,!&"," -!%"," .!$"," /!#"," 0!!"," "," "," "," "," "," "," "," "," "]},"3252":{"keys":[170,171],"grid":[" /!#"," .!$","01","01","01","01","01","01","00","00"," 0!!"," "," "," "," "," "]},"3114":{"keys":[166,167],"grid":[" )!)"," (!*"," $!.","02","!","!","!","!","!","!","!","!","!","!","!","!"]},"3113":{"keys":[166,167],"grid":[" "," "," "," "," "," "," "," "," "," "," "," /!#"," .!$"," -!%"," ,!&"," +!'"]},"3256":{"keys":[170,171],"grid":[" "," "," "," "," "," "," "," "," "," "," "," )!)"," (!*"," '!+"," &!,"," $!."]},"3257":{"keys":[171],"grid":[" "," "," "," "," "," "," "," "," "," "," "," "," "," "," "," "]},"3090":{"keys":[166,167],"grid":[" +!'"," ,!&"," -!%","01","02","02"," 0!!"," "," "," "," "," "," "," "," "," "]},"3089":{"keys":[167,166],"grid":[" "," "," "," ","!! 0","!$ .","!% -","!' +","!) )","08","!( *","10","08","08","08","08"]},"3251":{"keys":[170,171],"grid":[" "," "," "," "," "," "," "," "," "," "," "," "," 0!!","12"," /!#","14"]},"3132":{"keys":[167,171],"grid":[" "," "," "," 0!!"," ,!&","04"," (!*"," $!.","!","!","!","!","!","!","!","!"]},"3279":{"keys":[170,171],"grid":[" ,!&","00","00","00","00","00","00","00","00","00","00","00"," -!%","12","12"," .!$"]},"3278":{"keys":[171,170],"grid":[" "," "," ","!! 0","!$ .","!% -","!& ,","!' +","!( *","!) )","!* (","10","10","!+ '","13","13"]},"3280":{"keys":[170,171],"grid":[" .!$"," /!#"," 0!!","02"," "," "," "," "," "," "," "," "," "," "," "," "]}},"5133":{"3266":{"keys":[170,171],"grid":[" !!0","!","!","!","!","!","!","!","!","!","!","!","!","!","!","!"]},"3075":{"keys":[166,167],"grid":[" -!%"," ,!&","01","01","01"," +!'","05","01","01","00","00","00"," .!$","12","12","00"]},"3217":{"keys":[171,170],"grid":[" "," ","!! 0","!& ,","!( *","!) )","05","!* (","07","07","07","!+ '","!- %","!","!","!"]},"3265":{"keys":[170,171],"grid":[" $!.","00","00","00","00"," #!/","05","05","05","05"," !!0","10","10","10","10","10"]},"3114":{"keys":[166,167],"grid":[" "," &!( %"," !!- $"," !!. #","!","!","!","!","!","!","!","!","!","!","!","!"]},"3256":{"keys":[170,171],"grid":[" "," "," "," "," "," "," ","!! 0","!$ .","!% -","!& ,","!' +","!) )","!* (","!, &","!. $"]},"3257":{"keys":[171],"grid":[" "," "," "," "," "," "," "," "," "," "," "," "," "," "," "," "]},"3276":{"keys":[171,170],"grid":[" "," "," "," "," "," "," "," ","!! 0","!# /","09","!$ .","11","11","!% -","14"]},"3277":{"keys":[170,171],"grid":[" &!,","00","00"," '!+"," (!*","04","04","04"," )!)","08"," *!(","10"," +!'"," ,!&","13"," -!%"]},"3263":{"keys":[171,170],"grid":[" "," "," "," "," "," "," "," ","!! 0","08","!# /","!$ .","11","11","!% -","!& ,"]},"3131":{"keys":[167,171],"grid":[" "," "," "," "," "," "," "," !!$ -","!& ,","08","08","08","08","!( *","!) )","!- %"]},"3088":{"keys":[167,166],"grid":[" "," "," "," "," "," "," "," ","!( *","!) )","!* (","!+ '","!, &","12","12","!- %"]},"3076":{"keys":[166,167],"grid":[" -!%"," ,!&"," +!'","02","02","02"," )!)","06","06","06","06","06"," (!*"," &!,","13","13"]},"3132":{"keys":[171,167],"grid":[" -!%"," .!$"," /!#"," 0!!"," "," "," "," "," "," "," "," "," "," "," "," "]},"3074":{"keys":[167,166],"grid":[" "," "," "," "," "," "," "," "," "," "," "," $!# ,"," #!& *","!+ '","!, &","14"]},"3089":{"keys":[166,167],"grid":[" -!%"," .!$"," 0!!"," "," "," "," "," "," "," "," "," "," "," "," "," "]},"3077":{"keys":[166,167],"grid":[" &!,"," %!-"," #!/"," !!0","03","!","!","!","!","!","!","!","!","!","!","!"]},"3278":{"keys":[170,171],"grid":[" .!$"," /!#"," "," "," "," "," "," "," "," "," "," "," "," "," "," "]},"3264":{"keys":[170,171],"grid":[" &!,","00","00","00","00","00","00","00"," %!-","08","08","08","08","08"," $!.","14"]}},"5132":{"3077":{"keys":[166,167],"grid":[" "," "," "," "," "," "," "," "," 0!!"," /!#"," .!$"," -!%"," ,!&"," +!'"," )!)","14"]},"3276":{"keys":[170,171],"grid":[" -!%"," .!$"," /!#","02"," 0!!"," "," "," "," "," "," "," "," "," "," "," "]},"3078":{"keys":[166,167],"grid":[" )!)"," (!*","01","!","!","!","!","!","!","!","!","!","!","!","!","!"]},"3274":{"keys":[171],"grid":[" "," "," "," "," "," "," "," "," "," "," "," "," "," "," "," "]},"3275":{"keys":[170,171],"grid":[" #!/"," $!."," %!-"," &!,","03"," '!+"," (!*"," )!)"," *!(","08","08"," +!'","11"," ,!&","13"," -!%"]},"3258":{"keys":[170,171],"grid":[" #!/","00","00","00"," !!0","04","04","!","!","!","!","!","!","!","!","!"]},"3216":{"keys":[171,170],"grid":[" "," "," "," "," "," "," "," "," "," "," ","!( *","!+ '","!, &","!- %","!. $"]},"3217":{"keys":[170,171],"grid":[" /!#"," 0!!"," "," "," "," "," "," "," "," "," "," "," "," "," "," "]},"3255":{"keys":[170,171],"grid":[" "," "," "," "," "," "," "," "," "," "," "," "," "," "," ","!$ ."]},"3256":{"keys":[171,170],"grid":[" '!+"," )!)"," +!'"," -!%"," .!$"," /!#"," "," "," "," "," "," "," "," "," "," "]},"3257":{"keys":[171,170],"grid":[" "," "," "," "," "," "," "," "," "," "," ","!! 0","11","!# /","13","13"]},"3088":{"keys":[167,166],"grid":[" ","!! 0","!$ .","!% -","!' +","!( *","!) )","!+ '","!, &","!/ !!!","!","!","!","!","!","!"]},"3081":{"keys":[167,166],"grid":[" "," "," "," "," "," ","!$ .","06","!% -","!& ,","!' +","!( *","!* (","!+ '","13","!, &"]},"3083":{"keys":[167],"grid":[" "," "," "," "," "," "," "," "," "," "," "," "," "," "," "," "]},"3082":{"keys":[166,167],"grid":[" ,!&","00"," +!'","02","02","02","02","02"," *!("," )!)","09","09","09"," '!! #!("," $!."," #!/"]},"3263":{"keys":[170,171],"grid":[" +!'"," ,!&"," -!%"," .!$"," /!#"," 0!!","05"," "," "," "," "," "," "," "," "," "]},"3262":{"keys":[171,170],"grid":[" "," "," "," "," "," "," "," "," "," "," "," ","!# /","!& ,","!( *","!* ("]},"3074":{"keys":[167,166],"grid":[" "," "," "," ","!# /","!$ .","!% -","!& !!& &","!- %","08","08","!, &","11","11","!, %!!","!"]},"3267":{"keys":[170,171],"grid":[" *!("," )!)","01","01"," (!*","04","04","04","01","01","01","00","00"," +!'"," ,!&"," -!%"]},"3266":{"keys":[170,171],"grid":[" "," "," "," "," 0!!","04","04"," /!#"," .!$","08"," -!%","10"," ,!&","12","12"," +!'"]},"3269":{"keys":[170,171],"grid":[" #!/","!","!","!","!","!","!","!","!","!","!","!","!","!","!","!"]},"3268":{"keys":[170,171],"grid":[" .!$"," /!#"," 0!!","02","02","01","01","01","00","00"," -!%"," +!'"," )!)"," '!+"," &!,"," $!."]},"3115":{"keys":[166,167],"grid":[" #!/","00"," !!0","02","!","!","!","!","!","!","!","!","!","!","!","!"]},"3114":{"keys":[166,167],"grid":[" "," "," "," "," "," "," 0!!","06"," /!#","08"," .!$","10"," %!& %!$"," $!.","13","13"]},"3131":{"keys":[167,171],"grid":[" "," "," "," "," "," "," "," "," 0!!"," /!#","09","!$ ,!#","!$ )!&","!& !!# !!(","!","!"]}},"5131":{"3078":{"keys":[166,167],"grid":[" "," "," "," .!$"," +!'"," (!*","05","05"," '!+"," &!,"," %!-","10"," #!/"," !!0","!","!"]},"3274":{"keys":[170,171],"grid":[" *!(","00"," +!'","02","02"," ,!&","05","05","05","05","05"," -!%"," .!$","12"," 0!!"," "]},"3273":{"keys":[171,170],"grid":[" "," "," "," "," "," "," "," "," "," "," "," "," "," "," #!% +","!) )"]},"3270":{"keys":[170,171],"grid":[" %!-"," !!0","!","!","!","!","!","!","!","!","!","!","!","!","!","!"]},"3258":{"keys":[170,171],"grid":[" "," "," "," "," "," "," "," "," "," 0!!","09","09"," /!#"," .!$","13"," -!%"]},"3259":{"keys":[170,171],"grid":[" -!%"," ,!&"," +!'","02"," *!("," )!)"," (!*"," &!,","!","!","!","!","!","!","!","!"]},"3216":{"keys":[171,170],"grid":[" "," "," "," "," "," "," "," "," "," "," "," "," 0!!"," !!$ !!$ (!!","!) (!!","!+ &!!"]},"3217":{"keys":[170],"grid":[" "," "," "," "," "," "," "," "," "," "," "," "," "," "," "," "]},"3255":{"keys":[170],"grid":[" "," "," "," "," "," "," "," "," "," "," "," "," "," "," "," "]},"3256":{"keys":[170,171],"grid":[" /!#","00"," .!$"," -!%","03"," ,!&","05","05"," +!'","08","08"," *!(","11","11","11","08"]},"3257":{"keys":[170,171],"grid":[" +!'","00"," ,!&","02"," -!%","04"," .!$"," /!#"," 0!!","08"," "," "," "," "," "," "]},"3088":{"keys":[166,167],"grid":[" 0!!"," "," "," "," "," "," "," "," "," "," "," "," "," "," "," "]},"3087":{"keys":[166,167],"grid":[" #!/"," $!."," &!,"," '!+"," ,!&"," +!'"," )!)","06"," *!(","08","08"," +!# !!$"," /!#","12","12"," 0!!"]},"3086":{"keys":[167,166],"grid":[" "," "," "," "," "," "," "," "," "," "," "," "," ","!! 0","!# /","14"]},"3081":{"keys":[167,166],"grid":[" "," "," "," "," "," "," *!("," &!,","07","07"," %!-","10","10"," $!.","13"," #!/"]},"3083":{"keys":[167,166],"grid":[" #!/"," #!- #"," #!. !","02","02","02","01"," $!+ $"," $!* %"," %!( &"," &!% (","10"," "," "," "," "]},"3082":{"keys":[166,167],"grid":[" "," "," "," "," "," "," "," "," "," "," "," ","!! 0","12","!# /","14"]},"3263":{"keys":[170,171],"grid":[" !!* '"," !!) ("," !!' *"," #!% +"," "," "," "," "," "," "," "," "," "," "," "," "]},"3073":{"keys":[167,166],"grid":[" "," "," "," "," "," "," "," "," "," "," &!$ )"," %!' '","!, &","!- %","13","!. $"]},"3074":{"keys":[166,167],"grid":[" .!$"," /!#"," 0!!"," "," "," "," "," "," "," "," "," "," "," "," "," "]},"3269":{"keys":[170,171],"grid":[" "," "," 0!!"," /!#"," .!$"," -!%"," ,!&","06"," +!'"," *!(","09"," )!)","11"," (!*"," '!+"," &!,"]},"3115":{"keys":[166,167],"grid":[" "," "," "," "," "," 0!!"," -!%","06"," ,!&"," *!("," (!*"," &!,"," $!."," #!/"," !!0","14"]},"3262":{"keys":[171,170],"grid":[" "," "," "," "," "," "," "," "," "," "," "," "," /!#"," .!$"," -!%","!! +!&"]},"3131":{"keys":[167,171],"grid":[" "," "," ","!# /","!$ #!! +","!' +","!* (","!+ '","!. $","!/ #","!","!","!","!","!","!"]}},"5130":{"3274":{"keys":[170,171],"grid":[" $!, #"," '!( $"," "," "," "," "," "," "," "," "," "," "," "," "," "," "]},"3272":{"keys":[170,171],"grid":[" &!,"," %!-"," $!.","02"," #!/","04"," !!0","!","!","!","!","!","!","!","!","!"]},"3273":{"keys":[171],"grid":[" "," "," "," "," "," "," "," "," "," "," "," "," "," "," "," "]},"3270":{"keys":[170,171],"grid":[" "," "," 0!!"," .!$"," ,!&"," +!'","05"," *!(","07","07","07","07","07","07","07","05"]},"3271":{"keys":[170,171],"grid":[" +!'","00","00","00","00","00","00"," *!(","07","07"," )!)","10","10"," (!*","13"," '!+"]},"3259":{"keys":[170,171],"grid":[" "," "," "," "," "," "," "," $!* %"," #!/"," !!0","09","!","!","!","!","!"]},"3216":{"keys":[171,170],"grid":[" "," "," "," "," "," "," "," "," "," "," "," "," "," "," .!$","!$ )!&"]},"3129":{"keys":[167,171],"grid":[" "," "," "," #!$ ,"," !!& +","!' +","05","05","!& ,","08","!% -","10","10","10","10","10"]},"3085":{"keys":[167,166],"grid":[" "," "," "," "," "," "," "," "," "," "," "," "," "," ","!! 0","!# /"]},"3084":{"keys":[166,167],"grid":[" )!)"," (!*","01"," '!+"," %!-"," #!/","05","!","!","!"," !!0","10","05","04","04","04"]},"3073":{"keys":[166,167],"grid":[" .!$"," /!#"," 0!!"," "," ","01","00","00","00","01","02"," "," "," "," "," "]},"3086":{"keys":[166,167],"grid":[" $!."," %!-"," &!,","01","01","02","01","02"," '!+"," (!*"," *!("," +!'"," 0!!"," "," "," "]},"3083":{"keys":[167,166],"grid":[" "," "," "," "," "," "," "," "," "," ","!! 0","!# /","!$ .","!% -","!' +","!( *"]},"3082":{"keys":[167,166],"grid":[" "," "," 0!!"," /!#","03","03","02","03","03","03","03","02"," "," "," "," "]},"3261":{"keys":[170,171],"grid":[" %!-","00","00"," &!,","03","03"," '!+","06","06","06","06","06"," (!*","12","12","12"]},"3260":{"keys":[171,170],"grid":[" "," "," "," "," "," "," ","!! 0","07","07","!# /","10","!$ .","12","12","12"]},"3072":{"keys":[167,166],"grid":[" "," "," "," "," "," %!# +","!! !!& *","!( *","07","!) )","09","!* (","!+ '","12","!, &","!- %"]},"3217":{"keys":[170,171],"grid":[" &!# *","00"," &!! +"," "," "," "," "," "," "," "," "," "," "," "," "," "]},"3131":{"keys":[171,167],"grid":[" &!,"," '!+"," .!$"," "," "," "," "," "," "," "," "," "," "," "," "," "]},"3130":{"keys":[171,167],"grid":[" $!.","00"," #!/"," !!0","!","!","!","!","!","!","!","!","03","02","00"," %!-"]},"3078":{"keys":[166,167],"grid":[" "," "," "," "," "," "," "," "," "," "," "," "," +!! &"," +!# %"," *!& !!!"," (!*"]},"3079":{"keys":[166,167],"grid":[" %!-","!","!","!","!","!","!","!","!","!","!","!","!","!","!","!"]},"3116":{"keys":[167,166],"grid":[" #!% $!' !"," *!' !"," +!& !"," +!% #"," ,!$ #"," ,!# $"," "," "," "," "," "," "," "," "," "," "]},"3115":{"keys":[166,167],"grid":[" "," "," "," "," "," "," "," "," "," "," "," ","!! 0","!# /","13","!# '!! ("]},"3262":{"keys":[170,171],"grid":[" )!)","00"," *!(","02"," +!'"," ,!&","05"," -!%"," .!$"," /!#","09"," 0!!"," "," "," "," "]}},"5180":{"3113":{"keys":[167,171],"grid":[" "," "," "," "," "," "," /!#"," ,!&"," )!)"," '!+"," &!,"," $!."," #!/"," !!0","!","!"]},"3325":{"keys":[171,170],"grid":[" "," "," "," "," "," "," ","!! 0","!# /","!( *","!) )","!* (","11","10","11","11"]},"3326":{"keys":[170,171],"grid":[" *!(","00"," +!% #"," "," "," "," "," "," "," "," "," "," "," "," "," "]}},"5122":{"3205":{"keys":[170,171],"grid":[" &!,"," (!*"," *!("," +!'"," .!$"," "," "," "," "," "," "," "," "," "," "," "]},"3107":{"keys":[166,167],"grid":[" "," "," "," "," "," "," "," "," "," "," "," "," "," ","!! 0","!% -"]},"3108":{"keys":[167,166],"grid":[" %!-","00"," $!."," #!/","03","03","03","02","00"," &!,"," '!+","10"," (!*","12","12","12"]},"3109":{"keys":[167,166],"grid":[" )!)"," *!("," +!'","02","02","02"," -!%"," .!$"," /!#"," 0!!"," ","09","09"," "," "," "]},"3122":{"keys":[171,167],"grid":[" 0!!","00","00"," /!#"," .!$"," ,!$ #"," ,!! %"," "," "," "," "," "," "," "," "," "]},"3121":{"keys":[167,171],"grid":[" $!# ,"," #!$ ,"," !!& +","!' +","03","03","03","03","!( *","08","08","08","!* (","!- %","!/ #","!0 !"]},"3204":{"keys":[171,170],"grid":[" "," "," "," "," "," "," "," "," "," "," "," "," ","!! 0","!# /","!% -"]}},"5123":{"3205":{"keys":[171,170],"grid":[" "," "," "," "," -!%","!! %!,","!","!","!","!","!","!","!","!","!","!"]},"3109":{"keys":[166,167],"grid":[" "," "," "," "," "," "," "," "," "," "," "," "," ","!! 0","!# /","!$ ."]},"3122":{"keys":[167,171],"grid":[" "," "," "," "," ","!! 0","!$ .","!% -","07","07","06","!# /","05","05","11","06"]},"3123":{"keys":[171,167],"grid":[" &!,"," '!+","01","01","01","00","00","00","01","01"," (!*","10","10","10","10","01"]},"3113":{"keys":[167,166],"grid":[" "," "," "," "," 0!!","04","04"," "," "," "," "," "," "," "," "," "]},"3112":{"keys":[167,166],"grid":[" "," "," "," "," "," "," 0!!","06"," "," "," "," "," ","06"," "," "]},"3111":{"keys":[167,166],"grid":[" "," "," "," 0!!","03","03","03","03","03"," "," "," "," "," "," "," "]},"3110":{"keys":[167,166],"grid":[" $!."," %!-","01"," &!,","03"," '!+","05","05"," (!*"," )!)"," ,!&"," "," "," "," "," "]},"3124":{"keys":[171,167],"grid":[" '!+","00","00","00"," (!*","04","04"," (!' $"," (!& %"," (!% &"," (!# ("," '!# )"," "," "," "," "]}},"5152":{"3134":{"keys":[171,166],"grid":[" %!% )"," %!$ *","01"," &!! +"," "," "," "," "," "," "," "," "," "," "," "," "]},"3133":{"keys":[166,171],"grid":[" "," "," "," "," "," "," "," "," "," "," "," "," "," .!$","!! *!'","!% %!)"]},"3301":{"keys":[171,170],"grid":[" "," "," "," "," ","!$ .","!' +","!( *","!* (","!, &","!. $","!0 !","!","!","!","!"]}},"5182":{"3112":{"keys":[167,171],"grid":[" "," "," "," "," 0!!"," .!$"," -!%"," +!'"," )!)"," '!+"," %!-"," #!/","!","!","!","!"]},"3327":{"keys":[171,170],"grid":[" "," "," "," "," "," "," "," "," "," "," "," "," ","!! 0","13","!# /"]}},"5183":{"3112":{"keys":[167,171],"grid":[" $!."," #!/"," !!0","!","!","!","!","!","!","!","!","!","!","!","!","!"]},"3111":{"keys":[167,171],"grid":[" "," "," "," "," "," "," "," "," 0!!"," .!$"," -!%"," +!'"," )!)"," '!+"," &!,"," %!-"]}},"5346":{"3164":{"keys":[184],"grid":[" "," "," "," "," "," "," "," "," "," "," "," "," "," "," "," "]},"3165":{"keys":[184,171],"grid":[" 0!!"," /!#"," -!%"," ,!&","03"," +!'","05"," *!("," )!)"," '!+"," &!,"," $!."," !!0","!","!","!"]}},"5347":{"3164":{"keys":[184,171],"grid":[" "," 0!!"," /!#"," .!$"," -!%","04"," ,!&"," +!'"," *!("," (!*"," '!+"," &!,"," %!-"," $!."," !!0","!"]}},"5340":{"3175":{"keys":[184,171],"grid":[" 0!!"," /!#"," +!'"," *!("," )!)","04","04","04","04","04"," (!*","10"," '!+"," &!,"," %!-"," $!."]},"3174":{"keys":[184],"grid":[" "," "," "," "," "," "," "," "," "," "," "," "," "," "," "," "]},"3176":{"keys":[171],"grid":[" "," "," "," "," "," "," "," "," "," "," "," "," "," "," "," "]}},"5341":{"3174":{"keys":[184,171],"grid":[" "," "," "," "," "," "," "," /!#"," .!$"," (!*"," $!."," #!/"," !!0","!","!","!"]}},"5342":{"3170":{"keys":[184,171],"grid":[" +!'"," *!(","01","01","01","01","01","00","00"," ,!&"," -!%"," /!#"," "," "," "," "]},"3173":{"keys":[184,171],"grid":[" /!#","00","00","00","00"," .!$","05","05"," -!%","08","08"," ,!&","11"," +!'"," )!)","14"]},"3172":{"keys":[184,171],"grid":[" "," "," "," "," "," "," "," "," "," "," "," "," 0!!","12","12","12"]},"3174":{"keys":[184,171],"grid":[" (!*"," '!+"," %!-"," $!."," #!/"," !!0","!","!","!","!","!","!","!","!","!","!"]},"3169":{"keys":[184,171],"grid":[" "," "," "," "," "," "," 0!!","06"," /!#"," .!$"," -!%","10"," ,!&","12"," +!'","14"]}},"5343":{"3169":{"keys":[184,171],"grid":[" #!/"," !!0","01","01","!","!","!","!","!","!","!","!","!","!","!","!"]},"3168":{"keys":[184,171],"grid":[" '!+"," &!,"," %!-","02"," $!.","04","04","04","04","04","04","04","04","04"," #!/","14"]},"3170":{"keys":[171,184],"grid":[" "," "," "," "," "," "," "," "," "," "," "," "," ","!! 0","13","13"]},"3171":{"keys":[184,171],"grid":[" !!0"," #!/","01","01","01","01","01","01","01"," $!.","09","09","09"," %!-","13","13"]},"3167":{"keys":[184,171],"grid":[" "," 0!!"," .!$"," -!%","03","03","03","03","03"," ,!&","09"," +!'"," *!("," )!)","13"," (!*"]},"3172":{"keys":[184,171],"grid":[" %!-","00","00"," $!.","03","03","03"," #!/","07"," !!0","!","!","!","!","!","!"]}},"5188":{"3135":{"keys":[171,167],"grid":[" *!("," +!'","01","01","01"," ,!&","05","05"," -!%","08","08"," .!$"," /!#"," 0!!","13"," "]},"3134":{"keys":[171,167],"grid":[" )!)","00","00","00","00","00"," *!(","06","06","06","06","06","06","06","06","06"]},"3109":{"keys":[167,171],"grid":[" "," "," "," "," "," "," "," "," "," "," "," "," ","!! 0","!# /","!$ ."]},"3133":{"keys":[171,167],"grid":[" "," "," "," "," "," "," /!#"," ,!&"," +!'"," *!(","09","09","09"," )!)","13","13"]},"3110":{"keys":[171,167],"grid":[" &!,"," '!+"," )!)"," *!("," +!'"," ,!&"," -!%"," .!$"," /!#"," 0!!"," "," "," "," "," "," "]}},"5189":{"3111":{"keys":[171,167],"grid":[" )!)"," *!("," +!'"," ,!&"," -!%"," .!$"," /!#","06"," 0!!"," "," "," "," "," "," "," "]},"3110":{"keys":[167,171],"grid":[" "," "," "," "," "," "," "," "," "," ","!! 0","!# /","!$ .","!& ,","!' +","!( *"]},"3135":{"keys":[167],"grid":[" "," "," "," "," "," "," "," "," "," "," "," "," "," "," "," "]},"3136":{"keys":[171,167],"grid":[" !!0"," $!."," %!-"," '!+"," )!)"," +!'"," -!%"," .!$"," 0!!"," "," "," "," "," "," "," "]},"3133":{"keys":[171,167],"grid":[" ,!&"," *!("," (!*"," %!-"," $!.","!","!","!","!","!","!","!","!","!","!","!"]},"3132":{"keys":[171,167],"grid":[" "," "," "," 0!!"," /!#","04","04","04","03","03","03","03","03","03","03"," .!$"]}},"5348":{"3164":{"keys":[184,171],"grid":[" !!0","!","!","!","!","!","!","!","!","!","!","!","!","!","!","!"]},"3162":{"keys":[184,171],"grid":[" "," "," "," "," "," "," "," "," "," "," "," "," "," "," "," 0!!"]},"3163":{"keys":[184,171],"grid":[" /!#"," .!$"," -!%"," ,!&"," +!'"," )!)"," (!*","06","06","06","06","06"," '!+"," &!,"," %!-"," #!/"]}},"5349":{"3162":{"keys":[184,171],"grid":[" "," 0!!","01"," /!#"," .!$"," ,!&"," )!)"," &!,"," %!-"," $!."," #!/"," !!0","11","!","!","!"]}},"5212":{"3146":{"keys":[167,"",171],"grid":[" -!%","00","00","00","00","00","00","00","00","00","00","00"," ,!&","12","#,!&","14"]}},"5210":{"3146":{"keys":[167,171],"grid":[" "," "," "," "," "," "," "," "," "," "," "," "," "," "," "," -!%"]},"3147":{"keys":[171],"grid":[" "," "," "," "," "," "," "," "," "," "," "," "," "," "," "," "]}},"5211":{"3146":{"keys":[167,171],"grid":[" "," "," "," "," "," "," "," "," "," "," "," "," "," "," ,!&","!"]}},"5357":{"3157":{"keys":[184,171],"grid":[" "," "," "," "," "," /!#"," +!'"," *!("," (!*"," '!+"," &!,"," $!."," #!/"," !!0","!","!"]}},"5356":{"3158":{"keys":[184,171],"grid":[" /!#","00"," .!$"," -!%"," ,!&"," +!'"," *!(","06"," )!)"," (!*"," &!,"," %!-"," #!/","!","!","!"]},"3157":{"keys":[184,171],"grid":[" "," "," "," "," "," "," "," "," "," "," "," "," "," "," "," 0!!"]}},"5355":{"3159":{"keys":[184,171],"grid":[" *!("," (!*"," &!,"," #!/","!","!","!","!","!","!","!","!","!","!","!","!"]},"3158":{"keys":[184,171],"grid":[" "," "," "," "," "," "," "," "," "," "," "," "," "," "," /!#"," ,!&"]}},"5354":{"3159":{"keys":[184,171],"grid":[" "," "," "," "," "," /!#"," -!%"," +!'"," *!(","08"," )!)"," (!*"," '!+"," %!-","!","!"]}},"5353":{"3159":{"keys":[184,171],"grid":[" "," "," "," "," "," "," "," "," "," "," "," "," "," "," /!#"," +!'"]},"3160":{"keys":[184,171],"grid":[" (!*"," &!,"," #!/"," !!0","!","!","!","!","!","!","!","!","!","!","!","!"]}},"5198":{"3141":{"keys":[167,171],"grid":[" "," "," "," "," "," "," "," "," "," "," "," ","!% -","!& ,","13","!' +"]},"3142":{"keys":[171,167],"grid":[" '!+"," (!*","01","01","01","01","01","01","01","01","01","01","01","01","01","01"]},"3143":{"keys":[171,167],"grid":[" (!*","00","00","00"," )!)","04"," *!(","06"," +!'"," ,!&"," .!$"," "," "," "," "," "]}},"5351":{"3160":{"keys":[184,171],"grid":[" "," "," "," "," "," "," "," "," "," "," "," "," "," "," "," *!& #"]},"3161":{"keys":[184,171],"grid":[" &!+ !","!","!","!","!","!","!","!","!","!","!","!","!","!","!","!"]}},"5350":{"3162":{"keys":[171],"grid":[" "," "," "," "," "," "," "," "," "," "," "," "," "," "," "," "]},"3161":{"keys":[184,171],"grid":[" "," /!#"," -!%"," ,!&"," +!'"," *!("," (!*"," '!+"," &!,"," %!-"," $!."," #!/","11"," !!0","13","!"]}},"5195":{"3128":{"keys":[171,167],"grid":[" #!/","00","00","00","00","00"," $!.","06"," %!-"," &!,","09"," '!+"," (!*","12"," )!)"," *!("]},"3129":{"keys":[171,167],"grid":[" +!'"," ,!&","01","01","01","01","01","01","01","01","01","01","01","01","00","00"]},"3118":{"keys":[171,167],"grid":[" -!%","00"," .!$"," /!#"," 0!!"," "," "," "," "," "," "," "," "," "," "," "]},"3117":{"keys":[167,171],"grid":[" "," "," "," ","!! 0","!# /","!$ .","!% -","!& ,","!' +","!( *","10","!) )","!* (","!+ '","!, &"]},"3120":{"keys":[171,167],"grid":[" "," "," "," "," "," "," "," "," )!% $!!"," (!*"," )!)"," '!+","11"," %!-","13"," $!."]},"3121":{"keys":[171,167],"grid":[" #!/","!","!","!","!","!","!","!","!","!","!","!","!","!","!","!"]},"3127":{"keys":[167,171],"grid":[" "," "," "," "," "," "," "," "," "," "," "," ","!! 0","12","12","12"]},"3141":{"keys":[167,171],"grid":[" "," "," "," "," "," "," "," ","!! 0","08","!# /","10","!$ .","!% -","13","!& ,"]},"3142":{"keys":[171,167],"grid":[" '!+"," (!*","01"," )!)"," *!("," +!'"," -!%"," "," "," "," "," "," "," "," "," "]},"3131":{"keys":[167],"grid":[" "," "," "," "," "," "," "," "," "," "," "," "," "," "," "," "]},"3130":{"keys":[171,167],"grid":[" +!'","00"," *!(","02"," )!)","04"," (!*","06"," '!+","08"," &!,"," %!-","11"," $!."," #!/"," !!0"]}},"5194":{"3117":{"keys":[171,167],"grid":[" .!$"," /!#"," 0!!"," "," "," "," "," "," "," "," "," "," "," "," "," "]},"3116":{"keys":[167,171],"grid":[" "," "," "," "," ","!! 0","!# /","!$ .","!& ,","!' +","09","!) )","!* (","!+ '","!, &","!- %"]},"3121":{"keys":[171,167],"grid":[" "," "," 0!!"," .!$"," -!%"," ,!&"," *!("," %!-","!","!","!","!","!","!","!","!"]},"3126":{"keys":[167,171],"grid":[" "," "," "," "," "," "," "," "," "," "," "," "," "," "," ","!$ ."]},"3127":{"keys":[171,167],"grid":[" &!,"," )!)"," *!("," ,!&"," -!%"," .!$"," /!#"," 0!!","07"," "," "," "," "," "," "," "]},"3140":{"keys":[167,171],"grid":[" "," "," "," "," "," "," "," "," "," "," "," ","!# /","!$ .","!' +","!* ("]},"3141":{"keys":[171,167],"grid":[" -!%","00"," .!$","02"," /!#"," 0!!","05"," "," "," "," "," "," "," "," "," "]},"3131":{"keys":[171,167],"grid":[" "," /!#"," .!$"," ,!&"," +!'"," *!("," (!*"," %!-","!","!","!","!","!","!","!","!"]}},"5197":{"3141":{"keys":[167,171],"grid":[" "," "," "," "," "," "," "," "," "," "," "," "," ,!&"," (!*"," &!,"," #!/"]},"3142":{"keys":[167,171],"grid":[" !!0","!","!","!","!","!","!","!","!","!","!","!","!","!","!","!"]}},"5196":{"3120":{"keys":[171,167],"grid":[" -!%","00","00"," ,!&"," +!'"," *!(","05","!# $!,","!","!","!","!","!","!","!","!"]},"3142":{"keys":[167,171],"grid":[" "," 0!!"," .!$"," ,!&"," *!("," '!+"," $!.","!","!","!","!","!","!","!","!","!"]},"3119":{"keys":[171,167],"grid":[" (!*"," )!)","01"," *!(","03"," +!'","05"," ,!&"," -!%","08"," .!$"," /!#","11","10","10","10"]},"3118":{"keys":[167,171],"grid":[" "," "," "," "," "," ","!! 0","06","!# /","!$ .","!% -","!& ,","11","!' +","13","!( *"]}},"5191":{"3122":{"keys":[171,167],"grid":[" "," "," "," "," "," "," "," 0!!","07"," /!#","09","09","09"," .!$","13","13"]},"3123":{"keys":[171,167],"grid":[" -!%","00"," ,!&"," +!'","03","03"," *!("," )!)","07","07","07","07","06","03","03","02"]},"3114":{"keys":[171,167],"grid":[" 0!!"," "," "," "," "," "," "," "," "," "," "," "," "," "," "," "]},"3113":{"keys":[171,167],"grid":[" !!0","00"," #!/"," $!."," %!-"," &!,"," '!+"," (!*"," )!)"," *!("," +!'"," ,!&"," -!%"," .!$"," /!#","14"]},"3112":{"keys":[167],"grid":[" "," "," "," "," "," "," "," "," "," "," "," "," "," "," "," "]},"3124":{"keys":[171,167],"grid":[" -!%","00"," .!$","02","02"," /!#","05","05","05"," 0!!","09","09","05","05","05","05"]},"3125":{"keys":[171,167],"grid":[" /!#"," 0!!","01"," "," "," "," "," "," "," "," "," "," "," "," "," "]},"3137":{"keys":[167,171],"grid":[" "," "," "," "," "," "," ","!! 0","!$ .","!& ,","!' +","!) )","!+ '","!0 !","!","!"]},"3131":{"keys":[171,167],"grid":[" "," "," "," "," "," "," "," "," "," "," "," "," '!+"," $!.","!","!"]}},"5190":{"3112":{"keys":[171,167],"grid":[" &!,"," '!+","01","01"," (!*"," )!)","05"," *!("," +!'"," ,!&","09"," -!%"," .!$"," /!#"," 0!!"," "]},"3111":{"keys":[167,171],"grid":[" "," "," "," "," "," "," "," "," "," ","!! 0","10","!# /","!$ .","13","!% -"]},"3137":{"keys":[171,167],"grid":[" )!)"," *!("," +!'"," -!%"," .!$"," /!#"," "," "," "," "," "," "," "," "," "," "]},"3136":{"keys":[167,171],"grid":[" "," "," "," "," "," "," "," "," "," ","!! 0","!% -","!& ,","!' +","!( *","!) )"]},"3131":{"keys":[171,167],"grid":[" "," "," "," "," "," "," "," "," "," "," "," "," "," "," 0!!"," .!$"]},"3132":{"keys":[171,167],"grid":[" )!)"," #!/","!","!","!","!","!","!","!","!","!","!","!","!","!","!"]}},"5359":{"3157":{"keys":[184,171],"grid":[" "," 0!!"," ,!&"," )!)","!","!","!","!","!","!","!","!","!","!","!","!"]}},"5358":{"3157":{"keys":[184,171],"grid":[" "," "," "," "," $!.","!","!","!","!","!","!","!","!","!","!","!"]}},"5345":{"3166":{"keys":[184,171],"grid":[" .!$"," -!%"," )!)"," '!+"," %!-"," #!/","!","!","!","!","!","!","!","!","!","!"]},"3165":{"keys":[184,171],"grid":[" "," "," "," "," "," "," "," "," "," "," "," "," "," "," 0!!"," /!#"]}},"5160":{"3306":{"keys":[171,170],"grid":[" "," "," "," "," "," "," "," "," "," "," "," "," ","!! 0","!# /","14"]},"3307":{"keys":[170,171],"grid":[" $!.","00"," %!-"," &!,","03"," '!+"," (!*","06"," )!)"," *!("," +!'"," -!%"," 0!!"," "," "," "]}},"5161":{"3307":{"keys":[171,170],"grid":[" "," "," "," "," "," "," "," "," "," "," "," "," ","!# /","!% -","!' +"]},"3308":{"keys":[170,171],"grid":[" (!*"," *!("," +!'"," ,!&"," -!%"," .!$"," /!#"," "," "," "," "," "," "," "," "," "]}},"5162":{"3308":{"keys":[171,170],"grid":[" "," "," "," "," "," "," "," ","!! 0","!# /","!$ .","!% -","!& ,","12","!' +","!( *"]},"3309":{"keys":[170,171],"grid":[" )!)"," *!("," +!'"," ,!&"," -!%"," .!$","05"," /!#"," 0!!"," "," "," "," "," "," "," "]}},"5163":{"3310":{"keys":[170,171],"grid":[" (!*"," )!)"," *!("," +!'"," ,!&"," .!$"," /!#"," 0!!"," "," "," "," "," "," "," "," "]},"3309":{"keys":[171,170],"grid":[" "," "," "," "," "," "," "," "," "," ","!! 0","!# /","!$ .","12","!% -","!' +"]}},"5164":{"3311":{"keys":[170,171],"grid":[" +!'"," -!%"," 0!!"," "," "," "," "," "," "," "," "," "," "," "," "," "]},"3310":{"keys":[171,170],"grid":[" "," "," "," "," "," "," "," "," ","!! 0","!# /","!$ .","!% -","!' +","!( *","!) )"]}},"5165":{"3311":{"keys":[171,170],"grid":[" "," "," ","!! 0","!$ .","!& ,","!' +","!) )","!* (","!+ '","!, &","!- %","!. $","!/ #","!0 !","!"]}},"5166":{"3311":{"keys":[171],"grid":[" "," "," "," "," "," "," "," "," "," "," "," "," "," "," "," "]},"3313":{"keys":[170],"grid":[" "," "," "," "," "," "," "," "," "," "," "," "," "," "," "," "]},"3312":{"keys":[171,170],"grid":[" ","!! 0","!# /","!$ .","!% -","!& ,","!' +","!( *","07","!) )","!* (","!+ '","!, &","!- %","!/ #","!0 !"]}},"5167":{"3313":{"keys":[170,171],"grid":[" !!0"," #!/"," $!."," %!-"," '!+"," (!*"," )!)"," +!'"," ,!&"," -!%"," .!$"," 0!!"," "," "," "," "]}},"5168":{"3313":{"keys":[171,170],"grid":[" "," "," "," "," "," "," "," "," "," "," "," "," ","!# /","!$ .","!% -"]},"3314":{"keys":[170,171],"grid":[" &!,"," '!+"," )!)"," *!("," ,!&"," .!$"," "," "," "," "," "," "," "," "," "," "]}},"5169":{"3314":{"keys":[171,170],"grid":[" "," "," '!' %"," &!) $"," %!-"," $!.","!","!","!","!","!","!","!","!","!","!"]}},"5201":{"3146":{"keys":[167,171],"grid":[" ","!! 0","01","!# /","!$ .","04","!% -","06","06","!& ,","09","09","09","!' +","13","!( *"]},"3147":{"keys":[171,167],"grid":[" (!*"," )!)","01"," +!'","03"," *!(","03"," ,!&","07"," -!%","09"," .!$"," /!#"," 0!!"," "," "]}},"5200":{"3144":{"keys":[167,171],"grid":[" "," "," "," "," "," "," "," "," "," "," "," "," "," "," ","!! 0"]},"3145":{"keys":[171,167],"grid":[" #!/","00"," $!."," %!-"," &!,","04"," '!+"," (!*"," )!)"," *!("," +!'"," ,!&"," -!%"," .!$"," /!#"," 0!!"]},"3146":{"keys":[171],"grid":[" "," "," "," "," "," "," "," "," "," "," "," "," "," "," "," "]}},"5203":{"3148":{"keys":[167,171],"grid":[" "," "," "," "," ","!! .!#","!# *!&","!$ %!*","!","!","!","!","!","!","!","!"]}},"5202":{"3148":{"keys":[171,167],"grid":[" #!/","00"," $!."," %!-"," *!("," .!! #"," "," "," "," "," "," "," "," "," "," "]},"3147":{"keys":[167,171],"grid":[" "," "," "," "," "," "," "," "," "," "," "," "," "," "," ","!! 0"]}},"5205":{"3147":{"keys":[167,171],"grid":[" "," /!#"," .!$"," -!%"," +!'","04"," )!)"," (!*"," '!+","08"," &!,"," %!-","11"," $!."," #!/","!"]}},"5204":{"3148":{"keys":[167,171],"grid":[" ,!&"," &!,"," $!."," #!/"," !!0","!","!","!","!","!","!","!","!","!","!","!"]},"3147":{"keys":[167],"grid":[" "," "," "," "," "," "," "," "," "," "," "," "," "," "," "," "]}},"5207":{"3146":{"keys":[167,171],"grid":[" "," "," "," "," "," "," "," "," "," "," "," "," "," ","!$ '!$ %","!/ #"]},"3147":{"keys":[171,167],"grid":[" /!#"," "," "," "," "," "," "," "," "," "," "," "," "," "," "," "]}},"5206":{"3146":{"keys":[167,171],"grid":[" "," "," "," "," "," "," "," "," "," "," "," "," "," "," $!+ $"," !!0"]},"3147":{"keys":[171],"grid":[" "," "," "," "," "," "," "," "," "," "," "," "," "," "," "," "]}},"5209":{"3147":{"keys":[167,171],"grid":[" .!$","!","!","!","!","!","!","!","!","!","!","!","!","!","!","!"]}},"5199":{"3143":{"keys":[167,171],"grid":[" "," "," "," "," "," "," "," "," "," "," ","!$ .","!& ,","12","!' +","14"]},"3144":{"keys":[171,167],"grid":[" '!+","00"," (!*","02"," )!)","04"," *!("," +!'"," ,!&"," -!%"," .!$"," /!#"," 0!!","12"," "," "]}},"5352":{"3160":{"keys":[184,171],"grid":[" "," "," "," "," 0!!"," /!#"," .!$"," -!%"," ,!&","08"," +!'"," *!(","11"," )!)"," (!*"," '!+"]},"3161":{"keys":[184,171],"grid":[" %!-","!","!","!","!","!","!","!","!","!","!","!","!","!","!","!"]}},"5362":{"3156":{"keys":[184,171],"grid":[" "," "," "," "," "," "," "," "," "," "," "," ","!","!","!","!"]}},"5363":{"3156":{"keys":[184,171],"grid":[" "," "," "," "," "," "," "," "," +!'"," )!)"," &!,","!","!","!","!","!"]}},"5360":{"3157":{"keys":[184,171],"grid":[" )!)","!","!","!","!","!","!","!","!","!","!","!","!","!","!","!"]},"3156":{"keys":[184],"grid":[" "," "," "," "," "," "," "," "," "," "," "," "," "," "," "," "]}},"5361":{"3156":{"keys":[184,171],"grid":[" "," "," "," "," "," "," "," "," "," "," "," "," *!("," '!+"," #!/","!"]}},"5366":{"3157":{"keys":[171,184],"grid":[" 0!!"," "," "," "," "," "," "," "," "," "," "," "," "," "," "," "]},"3156":{"keys":[184,171],"grid":[" "," "," "," "," "," "," ","!# /","!$ .","!% -","!' +","!( *","!) )","!* (","!, &","!. $"]}},"5367":{"3157":{"keys":[184,171],"grid":[" ","!! 0","!% -","!( *","!","!","!","!","!","!","!","!","!","!","!","!"]}},"5364":{"3156":{"keys":[184,171],"grid":[" "," "," "," "," *!% $"," (!*"," %!-","!","!","!","!","!","!","!","!","!"]}},"5365":{"3156":{"keys":[184,171],"grid":[" "," "," "," "," ","!! 0","!% %!)","!","!","!","!","!","!","!","!","!"]}},"5368":{"3157":{"keys":[184,171],"grid":[" "," "," "," %!( &","!/ #","!","!","!","!","!","!","!","!","!","!","!"]}},"5369":{"3157":{"keys":[184,171],"grid":[" "," "," "," "," "," ","!# /","!% -","!& ,","!' +","!* (","!, &","!/ #","!","!","!"]}}}}