{"9":{"335":{"216":{"keys":[171,1],"grid":[" "," "," "," "," "," "," "," "," "," "," "," "," "," "," "," /!#"]},"217":{"keys":[171,1,187,186],"grid":[" .!##!"," -!###"," +!$#$"," *!##&"," )!##'"," (!##("," '!##)"," &!%#("," $!$$#!%#!!##!"," #!#$(!%#!","!$$,!!#!","!!$.!!#!","$/!!#!","12","$.!##!","$.!!##"]},"218":{"keys":[186,1,187],"grid":[" .!##!","00"," .!!##","00"," /!#"," "," "," "," "," "," "," "," "," "," "," "]},"219":{"keys":[186,1,187],"grid":[" "," "," "," "," )!$ &"," '!$#!!# %"," '!!#$!# %"," &!###!$ %"," &!##$!! $!#"," '!!#$!# !!##!"," '!!#%!$##"," '!!#*","11","11"," &!##*"," &!!#+"]},"223":{"keys":[187,1,172],"grid":[" "," "," "," "," "," "," "," "," "," ","!! 0","!# /","#!!! /","#!!# .","##!! .","14"]},"221":{"keys":[1,187],"grid":[" !!0","00","00","00","!","!","!","!","!","!","!","!","!","!","!","!"]},"220":{"keys":[186,1,187],"grid":[" &!!#+","00"," &!##*"," '!!#*","03","02"," %!##+"," %!'#'"," '!! #!!#'"," *!##&"," +!!#&"," $!# $!$#&"," !!)#(","!##/","#","!!#0"]}},"334":{"217":{"keys":[171,1,186],"grid":[" "," "," "," "," "," "," "," "," "," "," "," 0!!"," .!$"," -!###"," ,!##$"," *!$#%"]},"218":{"keys":[171,1,186],"grid":[" )!##'"," &!%#("," $!$#+"," !!$#-","!##/","#","#","#","#","#","#","#","#","#","#","#"]},"223":{"keys":[172,1,187],"grid":[" +!!#&"," +!##%"," ,!!#%"," ,!##$"," -!!#$"," -!###"," .!##!"," /!!#!"," /!#"," 0!!","09"," "," "," "," "," "]},"222":{"keys":[186,1,187,172],"grid":[" +!##%"," *!##&"," *!!#'","02"," )!##'"," )!!#(","05","05","05","05","05","05","05"," (!##(","!+#'","$'!!$#!##&"]},"221":{"keys":[186,1,187],"grid":[" "," "," "," 0!!","03"," /!#"," /!!#!","06"," .!##!"," -!###"," -!!#$","10","10"," ,!##$"," ,!!#%","14"]},"220":{"keys":[186,1],"grid":[" "," "," "," "," "," "," "," "," "," "," "," "," "," 0!!"," /!#","14"]}},"331":{"222":{"keys":[186,1,172],"grid":[" "," "," "," "," "," "," ","!! 0","!* (","#)!)","#","#","#","#","#","#"]}},"330":{"222":{"keys":[172,1,186],"grid":[" '!##)"," (!##("," )!##'"," *!!#'"," *!##&"," +!##%"," ,!##$"," -!%"," "," "," "," "," "," "," "," "]},"221":{"keys":[186,1,172],"grid":[" "," "," "," "," "," "," ","!! 0","!# /","#!!# .","##!! .","##!# -","#$!# ,","#%!# +","#&!! +","#&!# *"]}},"333":{"222":{"keys":[186,1,172],"grid":[" "," "," "," "," "," "," "," "," "," "," "," ","!) )","#(!) !","#/!#","#"]},"218":{"keys":[171,1,186],"grid":[" "," "," "," "," 0!!","!, #!$","#+!%##","#","#","#","#","#","#","#","#","#"]}},"332":{"222":{"keys":[186,1,172],"grid":[" "," "," "," "," "," "," "," "," ","!! 0","!) )","#(!*","#0!!","#","#","#"]},"218":{"keys":["",171,186],"grid":[" -!%","00","00","00","#- $!!","#- !#$","#","#","#","#","#","#","#","#","#","#"]}},"322":{"212":{"keys":[170,1,188,172],"grid":[" +!##%"," +!!#&"," *!##&"," )!##'"," )!!#("," (!##("," '!##)"," '!!#*"," &!##*"," %!##+"," $!##,"," !!*#'","!#$(!(","$","$","$"]},"211":{"keys":[170,1,188],"grid":[" "," "," "," "," "," 0!!","05","05"," /!#"," /!!#!"," .!##!"," .!!##","11"," -!###"," ,!##$"," ,!!#%"]}},"323":{"209":{"keys":[170,1,171],"grid":[" .!!##","00","00","00","00","00","00","00","00"," .!$"," "," "," "," "," "," "]},"208":{"keys":[170,1,171],"grid":[" /!!#!"," /!#"," 0!!"," "," "," "," ","02","02","02","01","00"," .!##!"," .!!##","13","13"]},"212":{"keys":[188,1,172],"grid":[" "," "," "," "," "," "," "," "," "," "," "," ","!! 0","!* (","#)!! (","#)!# '"]},"213":{"keys":[172,1,188],"grid":[" *!!#'"," *!##&"," +!!#&"," +!##%","03","03"," ,!!#%"," ,!##$"," -!!#$"," -!###"," .!$"," "," "," "," "," "]},"211":{"keys":[170,1,188],"grid":[" "," %!-"," #!$#+!!","!$#.","!!#0","04","#","#","#","#","#","#","#","#","#","#"]}},"320":{"212":{"keys":[170,1,172],"grid":[" "," "," "," "," "," "," "," "," ","!) )","#(!*","#","#","#","#","#"]}},"321":{"212":{"keys":[170,1,172],"grid":[" "," "," "," "," "," "," "," "," "," ","!$ .","##!, $","#-!%","#","#","#"]}},"327":{"217":{"keys":[172,"",189,1],"grid":[" *!$#%"," +!##%","01"," +!!#&"," *$!#'"," )$##'"," )$!#(","06","06","06","06","06","06","06","05","04"]},"218":{"keys":[172,1,189],"grid":[" *!##&"," +!##%"," ,!!#%"," ,!##$"," -!###"," .!##!"," /!#"," 0!!","07"," "," "," "," "," "," "," "]}},"324":{"209":{"keys":[171,1,170],"grid":[" "," "," "," "," "," "," "," "," ","!' +","#&!! +","10","10","10","10","10"]},"208":{"keys":[171,1],"grid":[" "," ","!! 0","!# /","03","02","02","02"," "," "," "," "," "," "," "," "]},"213":{"keys":[188,1,172],"grid":[" "," "," "," "," "," "," "," "," "," /!#","!0#!","#","#","#","#","#"]},"210":{"keys":[170,1,171],"grid":[" &!!#+","00","00","00","00","00","00"," &!$#)"," (!##("," )!!#("," )!$#&"," )!%#%"," ,!##$"," -!###"," .!!##","14"]},"211":{"keys":[170,1,171,188],"grid":[" .!!##"," .!##!","!# -!!#!","$!!* %!!#!","$*!# $!#","$+!# %","$,!# $","$-!# #","$.!$","$0!!","$","$","$","$","$","$"]}},"325":{"213":{"keys":[188,"",1,172],"grid":[" %!-","00","00","00","00","00","00","00","00","#%!-","$%!-","10","10","10","10","10"]},"211":{"keys":[171,1,170,188,""],"grid":[" "," "," "," ","!# /","#!!# .","##!$ ,","#%!# +","#&!$ )","!!#'!# (","$#%+ %","10","$%%-","12","12","12"]}},"328":{"217":{"keys":[189,"",190],"grid":[" %!-","00","00","00"," %!%#)","04","04","04"," %#-","08","08","08"," %!##+","12","12"," &#,"]},"218":{"keys":[189,1,190],"grid":[" &!!#+","00","00"," %!##+"," $!##,","04"," !!$#-","!##/","!!#0","08","08","08","08","08","08","08"]},"219":{"keys":[1,190,172],"grid":[" #!/","#! !!/","01","#! #!.","## !!.","## #!-","#$ !!-","06","#$ #!,","#% !!,","09","#% #!+","#& #!*","#' #!& $","#( $!! $#! !","#* $#$ !"]}},"329":{"219":{"keys":[190,"",186,1,172],"grid":[" ,!!#%","00"," +$!#&","02","02"," *$##&"," *$!#'","06"," )$##'"," ($##("," ($!#)"," '$##)"," '$!#*"," !$'#*","$#%$$##*","$!%%$!#+"]},"221":{"keys":[172,1,186],"grid":[" +!##%"," ,!!#%"," ,!##$"," -!###"," .!##!"," /!!#!"," /!#"," 0!!"," "," "," "," "," "," "," "," "]},"220":{"keys":[172,1,186],"grid":[" %!##+"," $!##,"," #!##-"," #!!#."," #!$#,","00"," &!!#+","06","06","06"," &!##*"," '!##)"," (!!#)"," (!##("," )!##'"," *!##&"]}}},"13":{"5173":{"3377":{"keys":[170,188],"grid":[" "," "," "," "," "," "," "," "," "," "," +!'"," (!*"," &!,"," $!.","!","!"]},"3405":{"keys":[188,172],"grid":[" "," "," "," "," "," "," "," "," ","!& ,","!. $","!","!","!","!","!"]}},"5172":{"3377":{"keys":[170,188],"grid":[" "," "," "," "," "," "," "," "," "," "," "," "," "," "," "," /!#"]},"3405":{"keys":[188,172],"grid":[" "," "," "," "," "," "," ","!' +","!. $","!","!","!","!","!","!","!"]},"3378":{"keys":[170,188],"grid":[" .!$"," ,!&"," +!'"," )!)"," (!*"," &!,"," %!-"," #!/","!","!","!","!","!","!","!","!"]}},"5171":{"3405":{"keys":[188,172],"grid":[" "," "," "," "," ","!( *","!/ #","!","!","!","!","!","!","!","!","!"]},"3378":{"keys":[170,188],"grid":[" "," "," "," "," "," "," "," "," 0!!"," .!$"," +!'"," &!,","!","!","!","!"]}},"5170":{"3405":{"keys":[188,172],"grid":[" "," "," ","!) )","!0 !","!","!","!","!","!","!","!","!","!","!","!"]},"3379":{"keys":[188],"grid":[" "," "," "," "," "," "," "," "," "," "," "," "," "," "," "," "]},"3378":{"keys":[170,188],"grid":[" "," "," "," "," "," "," "," "," "," "," "," "," 0!!"," (!*"," %!-"," #!/"]}},"5177":{"3377":{"keys":[170,188],"grid":[" "," "," "," "," "," "," "," "," "," ","!","!","!","!","!","!"]},"3408":{"keys":[172,188],"grid":[" '!+"," (!*"," )!)"," *!(","03"," +!'"," ,!&","06"," -!%"," .!$"," /!#","10","10"," 0!!","13","13"]},"3407":{"keys":[188,172],"grid":[" "," "," "," "," "," "," ","!! 0","07","07","!# /","!$ .","!% -","12","!& ,","!' +"]},"3409":{"keys":[172],"grid":[" "," "," "," "," "," "," "," "," "," "," "," "," "," "," "," "]}},"5176":{"3377":{"keys":[170,188],"grid":[" "," "," "," "," "," "," "," "," "," ","!","!","!","!","!","!"]},"3405":{"keys":[188],"grid":[" "," "," "," "," "," "," "," "," "," "," "," "," "," "," "," "]},"3407":{"keys":[172,188],"grid":[" /!#"," 0!!","01","01"," "," "," "," "," "," "," "," "," "," "," "," "]},"3406":{"keys":[172,188],"grid":[" #!/"," $!."," %!-"," &!,"," '!+"," (!*"," )!)","06"," *!("," +!'"," ,!&"," -!%","11"," .!$","13"," /!#"]}},"5175":{"3377":{"keys":[170,188],"grid":[" "," "," "," "," "," "," "," "," "," ","!","!","!","!","!","!"]},"3405":{"keys":[188,172],"grid":[" "," "," "," "," "," "," "," "," "," "," "," "," ","!$ .","!, &","!"]}},"5174":{"3377":{"keys":[170,188],"grid":[" "," "," "," "," "," "," "," "," "," ","!","!","!","!","!","!"]},"3405":{"keys":[188,172],"grid":[" "," "," "," "," "," "," "," "," "," "," ","!% -","!- %","!","!","!"]}},"5179":{"3377":{"keys":[170,188],"grid":[" "," "," "," "," "," "," "," "," "," ","!","!","!","!","!","!"]},"3414":{"keys":[172,188],"grid":[" !!0","00","00","00"," #!/","04","04"," $!.","07","07","07"," %!-","11","11"," &!,","14"]},"3415":{"keys":[172,188],"grid":[" (!*"," )!)"," *!("," +!'"," ,!&"," -!%"," .!$"," /!#"," 0!!"," "," "," "," "," "," "," "]},"3412":{"keys":[172,188],"grid":[" #!/","00","00","00","00","00","00"," !!0","07","07","07","07","!","!","!","!"]},"3413":{"keys":[188],"grid":[" "," "," "," "," "," "," "," "," "," "," "," "," "," "," "," "]},"3411":{"keys":[188,172],"grid":[" "," "," "," "," "," "," ","!! 0","07","07","07","07","07","!# /","13","13"]}},"5178":{"3377":{"keys":[170,188],"grid":[" "," "," "," "," "," "," "," "," "," ","!","!","!","!","!","!"]},"3412":{"keys":[172],"grid":[" "," "," "," "," "," "," "," "," "," "," "," "," "," "," "," "]},"3413":{"keys":[172,188],"grid":[" 0!!","00","00","00","00","00","00","00","00","00"," "," "," "," "," "," "]},"3410":{"keys":[172,188],"grid":[" ,!&","00"," -!%"," .!$","03","03"," /!#","06","06","06","06","06"," 0!!","12","12","12"]},"3411":{"keys":[172,188],"grid":[" 0!!"," "," "," "," "," "," "," "," "," "," "," "," "," "," "," "]},"3409":{"keys":[188,172],"grid":[" "," ","!! 0","!# /","03","!$ .","05","!% -","!& ,","!' +","09","!( *","!) )","!* (","13","!+ '"]}},"5193":{"3379":{"keys":[170,188],"grid":[" "," "," "," "," "," "," "," "," "," "," "," "," "," "," ","!! 0"]},"3371":{"keys":[171,170],"grid":[" -!%"," +!'"," *!("," (!*"," '!+"," $!.","!","!","!","!","!","!","!","!","!","!"]},"3380":{"keys":[188,170],"grid":[" #!/"," $!."," &!,"," '!+"," )!)"," *!("," +!'"," -!%"," .!$"," /!#"," "," "," "," "," "," "]},"3418":{"keys":[188,172],"grid":[" "," ","!","!","!","!","!","!","!","!","!","!","!","!","!","!"]},"3370":{"keys":[171,170],"grid":[" "," "," "," "," "," "," "," "," "," "," "," "," "," "," "," 0!!"]}},"5192":{"3368":{"keys":[171,170],"grid":[" "," "," "," "," "," "," "," "," "," "," ","!! 0","11","!# /","!$ .","!% -"]},"3369":{"keys":[170,171],"grid":[" %!-"," &!,"," '!+","02","02"," (!*","05","05","05"," )!)","09","09","09","09","09","09"]},"3379":{"keys":[170,188],"grid":[" "," "," ","!! 0","!' +","!) )","05","!* (","07","!+ '","!, &","10","!- %","!/ #","!0 !","!"]},"3371":{"keys":[170,171],"grid":[" ,!&"," -!%","01"," .!$"," /!#"," "," "," "," "," "," "," "," "," "," "," "]},"3370":{"keys":[170,171],"grid":[" )!)"," *!(","01","01","01","01","01","01","01","01","01"," +!'","11","11","11"," ,!&"]},"3418":{"keys":[188,172],"grid":[" "," ","!","!","!","!","!","!","!","!","!","!","!","!","!","!"]}},"5274":{"3508":{"keys":[190,186],"grid":[" *!("," )!)","01","01","01"," (!*","05","05","05"," '!+","09","09","09","09"," &!,","14"]},"3509":{"keys":[190,186],"grid":[" &!,","00"," %!-","02","02","02","02"," $!.","07"," #!/","09"," !!0","11","11","!","!"]},"3506":{"keys":[190,"",186],"grid":[" -!%","00","00","00","00","00","00","00","00","00","00","00","00","00"," .!!##"," -#%"]},"3507":{"keys":[190,186],"grid":[" -!%","00","00"," ,!&","03","03","03","03"," +!'","08","08","08"," *!(","12","12","12"]},"3535":{"keys":[186,172],"grid":[" "," "," "," "," "," "," "," "," "," "," ","!! 0","!# /","12","!$ .","!% -"]},"3536":{"keys":[172,186],"grid":[" &!,","00"," '!+"," (!*"," )!)"," *!(","05"," +!'"," ,!&"," -!%","09"," .!$"," /!#"," 0!!"," "," "]}},"5275":{"3538":{"keys":[172,186],"grid":[" /!#","00"," 0!!"," "," "," "," "," "," "," "," "," "," "," "," "," "]},"3537":{"keys":[172,186],"grid":[" !!0"," #!/"," $!.","02"," %!-"," &!,"," '!+"," (!*","07"," )!)"," *!("," +!'","11"," ,!&"," -!%"," .!$"]},"3536":{"keys":[186],"grid":[" "," "," "," "," "," "," "," "," "," "," "," "," "," "," "," "]}},"5276":{"3539":{"keys":[172,186],"grid":[" +!'"," ,!&"," -!%","02"," .!$"," /!#"," 0!!","06"," "," "," "," "," "," "," "," "]},"3538":{"keys":[186,172],"grid":[" "," "," "," ","!! 0","04","!# /","!$ .","!% -","!& ,","09","!' +","!( *","!) )","13","!* ("]}},"5277":{"3539":{"keys":[186,172],"grid":[" "," "," "," "," "," "," "," "," ","!! 0","!# /","!$ .","11","!% -","!& ,","!' +"]},"3540":{"keys":[172,186],"grid":[" '!+"," (!*"," )!)"," *!("," +!'","04"," ,!&"," -!%"," .!$","08"," /!#"," 0!!"," "," "," "," "]}},"5270":{"3518":{"keys":[186],"grid":[" "," "," "," "," "," "," "," "," "," "," "," "," "," "," "," "]},"3517":{"keys":[190,186,172],"grid":[" !!0","00","!","!","!","!","!","!","!","!","!","!","!","#!!0","13","!"]},"3516":{"keys":[190,186],"grid":[" ,!&"," +!'","01"," *!(","03"," )!)"," (!*","06"," '!+"," &!,","09"," %!-","11"," $!."," #!/","14"]},"3515":{"keys":[190,186],"grid":[" "," "," "," "," "," "," "," "," "," 0!!","09"," /!#"," .!$","12"," -!%","14"]},"3531":{"keys":[172,186],"grid":[" (!*","00"," )!)"," *!("," +!'"," ,!&","05"," -!%"," .!$"," /!#","09"," 0!!"," "," "," "," "]},"3530":{"keys":[186,172],"grid":[" "," "," "," "," "," "," "," "," ","!! 0","!# /","!$ .","!% -","12","!& ,","!' +"]}},"5271":{"3513":{"keys":[190,186],"grid":[" "," "," "," "," "," "," "," "," "," "," "," "," "," "," "," 0!!"]},"3515":{"keys":[190,186],"grid":[" &!,"," %!-"," $!.","02"," #!/","04"," !!0","!","!","!","!","!","!","!","!","!"]},"3514":{"keys":[190,186],"grid":[" /!#","00"," .!$","02"," -!%"," ,!&","05"," +!'","07"," *!("," )!)","10"," (!*","12"," '!+"," &!,"]},"3531":{"keys":[186,172],"grid":[" "," "," "," "," "," "," "," "," "," "," "," "," ","!! 0","13","!# /"]},"3533":{"keys":[172,186],"grid":[" 0!!"," "," "," "," "," "," "," "," "," "," "," "," "," "," "," "]},"3532":{"keys":[172,186],"grid":[" $!."," %!-"," &!,","02"," '!+"," (!*"," )!)","06"," *!("," +!'"," ,!&"," -!%","11"," .!$"," /!#"," 0!!"]}},"5272":{"3513":{"keys":[190,186],"grid":[" )!)","00"," (!*"," '!+","03"," &!,","05"," %!-"," $!.","08"," #!/","10"," !!0","!","!","!"]},"3512":{"keys":[190,186],"grid":[" "," "," "," "," "," 0!!"," /!#","06"," .!$"," -!%","09"," ,!&","11"," +!'"," *!(","14"]},"3533":{"keys":[186,172],"grid":[" "," ","!! 0","!# /","!$ .","04","!% -","!& ,","!' +","08","!( *","!) )","!* (","!+ '","13","!, &"]},"3534":{"keys":[172,186],"grid":[" -!%"," .!$","01"," /!#"," 0!!"," "," "," "," "," "," "," "," "," "," "," "]}},"5273":{"3509":{"keys":[190],"grid":[" "," "," "," "," "," "," "," "," "," "," "," "," "," "," "," "]},"3512":{"keys":[190,186],"grid":[" #!/"," !!0","01","!","!","!","!","!","!","!","!","!","!","!","!","!"]},"3511":{"keys":[190,186],"grid":[" )!)","00","00"," (!*","03"," '!+","05"," &!,","07","07"," %!-","10"," $!.","12"," #!/","14"]},"3510":{"keys":[190,186],"grid":[" 0!!","00"," /!#","02","02"," .!$","05"," -!%","07"," ,!&","09","09"," +!'","12"," *!(","14"]},"3535":{"keys":[172,186],"grid":[" )!)"," *!("," +!'"," ,!&","03"," -!%"," .!$"," /!#","07"," 0!!"," "," "," "," "," "," "]},"3534":{"keys":[186,172],"grid":[" "," "," "," "," "," ","!! 0","06","!# /","!$ .","!% -","10","!& ,","!' +","!( *","14"]}},"5375":{"3512":{"keys":[186,187],"grid":[" "," "," "," 0!!"," #!! )!&","!","!","!","!","!","!","!","!","!","!","!"]},"3492":{"keys":[187,186],"grid":[" "," "," "," "," "," "," ,!&","06","!! *!'","!# (!(","!$ &!)","!","!","!","!","!"]},"3471":{"keys":[171,187],"grid":[" "," "," "," "," 0!!"," .!$"," -!%"," +!'"," )!)"," '!+"," %!-"," #!/"," !!0","!","!","!"]}},"5374":{"3489":{"keys":[186,187],"grid":[" #!/","!","!","!","!","!","!","!","!","!","!","!","!","!","!","!"]},"3488":{"keys":[187,186],"grid":[" "," "," "," "," "," "," ","!! 0","!# /","!$ .","!% -","10","10","09","09","08"]},"3471":{"keys":[171,187],"grid":[" "," "," "," "," "," "," "," "," "," "," "," "," "," 0!!"," /!#"," .!$"]},"3472":{"keys":[171,187],"grid":[" ,!&"," +!'"," *!("," (!*"," '!+"," &!,"," $!."," #!/","!","!","!","!","!","!","!","!"]},"3513":{"keys":[186,187],"grid":[" *!(","00","00","00","00","00"," )!)","06","06","06"," (!*","10"," %!-"," !!0","!","!"]},"3512":{"keys":[186,187],"grid":[" "," "," "," "," "," 0!!"," /!#"," .!$"," -!%"," ,!&","09"," +!'","11"," *!(","13","13"]},"3483":{"keys":[186,187],"grid":[" (!*"," '!+","01","01","01"," &!,","05","05","05","05","05","05","05","05","05","05"]},"3482":{"keys":[186,187],"grid":[" '!+","00"," (!*","02"," )!)","04","04","04","04","04","04","04","04","04","02","02"]},"3492":{"keys":[186,187],"grid":[" -!%"," .!$","01","01"," /!#"," 0!!","05"," "," "," "," "," "," "," "," "," "]},"3484":{"keys":[186,187],"grid":[" &!,","00","00","00"," %!-","04","04","04","04"," $!.","09","09","09","09"," #!/","14"]},"3491":{"keys":[187,186],"grid":[" "," "," "," "," "," "," "," "," ","!% -","!) )","!* (","!+ '","!, &","13","!- %"]},"3481":{"keys":[186,187],"grid":[" !!0","00","00","00"," #!/","04","04","04","04","04"," $!.","10","10"," %!-","13"," &!,"]},"3480":{"keys":[187],"grid":[" "," "," "," "," "," "," "," "," "," "," "," "," "," "," "," "]},"3486":{"keys":[186,187],"grid":[" $!.","00","00","00","00"," #!/"," !!0","!","!","!","!","!","!","!","!","!"]},"3485":{"keys":[186,187],"grid":[" #!/","00","00"," !!0","03","03","03","03","03","03","00","00","00"," $!.","13","13"]}},"5278":{"3540":{"keys":[186,172],"grid":[" "," "," "," "," "," "," "," "," "," "," "," "," ","!! 0","13","!# /"]},"3541":{"keys":[172,186],"grid":[" $!."," %!-","01"," &!,"," '!+"," (!*"," )!)","06"," *!("," +!'"," ,!&","10"," -!%"," .!$"," /!#"," 0!!"]},"3542":{"keys":[172,186],"grid":[" 0!!"," "," "," "," "," "," "," "," "," "," "," "," "," "," "," "]}},"5279":{"3542":{"keys":[186,172],"grid":[" "," ","!! 0","!# /","03","!$ .","!% -","!& ,","!' +","08","!( *","!) )","!* (","12","!+ '","!, &"]},"3543":{"keys":[172,186],"grid":[" -!%"," .!$","01"," /!#"," 0!!"," "," "," "," "," "," "," "," "," "," "," "]}},"5373":{"3489":{"keys":[186,187],"grid":[" "," "," 0!!"," /!#"," -!%","04"," +!'"," *!(","07"," )!)","09","09","09","09","09","09"]},"3488":{"keys":[186,187],"grid":[" ,!&"," -!%","01"," .!$"," /!#"," 0!!"," "," "," "," "," "," "," "," "," "," "]},"3472":{"keys":[171,187],"grid":[" "," "," "," "," "," "," "," "," "," 0!!"," /!#"," -!%"," ,!&"," +!'"," )!)"," (!*"]},"3473":{"keys":[171,187],"grid":[" '!+"," %!-"," $!."," #!/","!","!","!","!","!","!","!","!","!","!","!","!"]},"3513":{"keys":[186,187],"grid":[" "," "," "," "," "," "," "," "," "," "," "," "," "," "," /!#","14"]},"3480":{"keys":[187,186],"grid":[" "," "," "," "," "," "," "," "," "," "," "," "," -!! $"," +!& !"," *!("," (!*"]},"3490":{"keys":[186,187],"grid":[" )!)"," *!(","01","01","01"," +!'","05","05","05","05","05","05","05","05","05","05"]},"3491":{"keys":[186,187],"grid":[" +!'"," *!(","01","00","00","00"," ,!&"," -!%"," "," "," "," "," "," "," "," "]},"3481":{"keys":[187,186],"grid":[" '!+"," &!,"," %!-"," $!."," !!0","!","!","!","!","!","!","!","!","!","!","!"]},"3487":{"keys":[186,187],"grid":[" )!)","00","00","00","00","00","00","00"," *!(","08","08"," +!'","11","11","11"," ,!&"]},"3514":{"keys":[186,187],"grid":[" .!$","00","00","00"," -!%","04","04","04","04"," +!'"," )!)"," '!+"," #!/","!","!","!"]},"3486":{"keys":[186,187],"grid":[" "," "," "," "," "," "," "," "," 0!!"," /!#"," .!$"," -!%"," ,!&","12"," +!'"," *!("]}},"5372":{"3474":{"keys":[187],"grid":[" "," "," "," "," "," "," "," "," "," "," "," "," "," "," "," "]},"3481":{"keys":[187,186],"grid":[" "," "," ","!! 0","!% -","!, $!#","!","!","!","!","!","!","!","!","!","!"]},"3473":{"keys":[171,187],"grid":[" "," "," "," "," "," 0!!"," /!#"," -!%"," ,!&"," +!'"," )!)"," (!*"," '!+"," %!-"," $!."," !!0"]},"3514":{"keys":[186,187],"grid":[" "," "," "," "," "," "," "," "," "," "," ","!$ .","!- %","!","!","!"]}},"5138":{"3403":{"keys":[172,170],"grid":[" +!'"," "," "," "," "," "," "," "," "," "," "," "," "," "," "," "]},"3402":{"keys":[170],"grid":[" "," "," "," "," "," "," "," "," "," "," "," "," "," "," "," "]}},"5308":{"3561":{"keys":[186,172],"grid":[" "," "," "," "," "," "," "," ","!( *","!/ #","!","!","!","!","!","!"]}},"5160":{"3403":{"keys":[188,172],"grid":[" "," "," "," "," "," "," "," "," "," "," "," "," "," ","!' +","!/ #"]},"3395":{"keys":[170,188],"grid":[" "," "," "," "," "," "," "," "," "," "," "," 0!!","11"," /!#"," .!$","14"]},"3397":{"keys":[170,188],"grid":[" $!."," #!/"," !!0","02","!","!","!","!","!","!","!","!","!","!","!","!"]},"3396":{"keys":[170,188],"grid":[" -!%","00","00"," ,!&"," +!'"," *!(","05","05"," )!)"," (!*","09"," '!+","11"," &!,"," %!-"," $!."]}},"5148":{"3403":{"keys":[170,172],"grid":[" "," "," "," "," "," "," "," "," "," "," "," "," "," "," ","!' +"]},"3404":{"keys":[172],"grid":[" "," "," "," "," "," "," "," "," "," "," "," "," "," "," "," "]}},"5149":{"3404":{"keys":[172,170],"grid":[" !!0"," ,!&"," "," "," "," "," "," "," "," "," "," "," "," "," "," "]}},"5146":{"3403":{"keys":[170,172],"grid":[" "," "," "," "," "," "," "," "," "," "," "," ","!) )","!","!","!"]}},"5147":{"3403":{"keys":[170,172],"grid":[" "," "," "," "," "," "," "," "," "," "," "," "," ","!# /","!- %","!"]}},"5144":{"3403":{"keys":[170,172],"grid":[" "," "," "," "," "," "," "," "," ","!* (","!","!","!","!","!","!"]}},"5145":{"3403":{"keys":[170,172],"grid":[" "," "," "," "," "," "," "," "," "," ","!$ .","!. $","!","!","!","!"]}},"5142":{"3403":{"keys":[170,172],"grid":[" "," "," "," "," "," ","!+ '","!","!","!","!","!","!","!","!","!"]}},"5143":{"3403":{"keys":[170,172],"grid":[" "," "," "," "," "," "," ","!% -","!/ #","!","!","!","!","!","!","!"]}},"5140":{"3403":{"keys":[170,172],"grid":[" "," "," ","!+ '","!","!","!","!","!","!","!","!","!","!","!","!"]}},"5141":{"3403":{"keys":[170,172],"grid":[" "," "," "," ","!& ,","!0 !","!","!","!","!","!","!","!","!","!","!"]}},"5182":{"3377":{"keys":[170,188],"grid":[" "," "," "," "," "," "," "," "," "," ","!% -","!( *","!* (","!- %","!0 !","!"]},"3340":{"keys":[170,171],"grid":[" &!,"," %!-","01"," $!.","03","03"," #!/","06","06"," !!0","09","09","!","!","!","!"]},"3353":{"keys":[171,170],"grid":[" "," "," "," "," "," ","!","!","!","!","!","!","!","!","!","!"]},"3328":{"keys":[170,171],"grid":[" $!.","00","00"," %!-","03","03"," &!,","06","06","06","06"," '!+"," (!*"," )!)"," *!("," +!'"]},"3329":{"keys":[170,171],"grid":[" ,!&"," -!%"," .!$"," 0!!"," "," "," "," "," "," "," "," "," "," "," "," "]},"3339":{"keys":[170,171],"grid":[" +!'","00","00"," *!(","03"," )!)","05","05"," (!*","08","08"," '!+","11","11"," &!,","14"]},"3338":{"keys":[170,171],"grid":[" "," "," 0!!","02","02"," /!#","05","05"," .!$","08","08"," -!%","11"," ,!&","13","13"]},"3418":{"keys":[188,172],"grid":[" "," "," "," "," ","!","!","!","!","!","!","!","!","!","!","!"]}},"5181":{"3348":{"keys":[170,171],"grid":[" '!+","00"," &!,","02","02","00","00","00","00","00","02","02","02","02","02","02"]},"3349":{"keys":[170,171],"grid":[" &!,","00"," '!+","00","00","00","00","00","00","00","00","00","00","00","00","00"]},"3377":{"keys":[170,188],"grid":[" "," "," "," "," "," "," "," "," "," ","!","!","!","!","!","!"]},"3343":{"keys":[170,171],"grid":[" '!+","00","00","00","00","00","00","00","00","00","00","00","00","00","00","00"]},"3340":{"keys":[170,171],"grid":[" "," "," "," "," "," "," "," "," "," "," "," "," "," "," 0!!","14"]},"3341":{"keys":[170,171],"grid":[" 0!!"," /!#","01","01"," .!$","04","04"," -!%","07","07"," ,!&","10"," +!'","12","12"," *!("]},"3346":{"keys":[170,171],"grid":[" '!+","00","00","00","00","00","00","00","00","00","00","00","00","00","00","00"]},"3347":{"keys":[170,171],"grid":[" '!+","00","00","00","00","00","00","00","00","00","00","00","00","00","00","00"]},"3344":{"keys":[170,171],"grid":[" '!+","00","00","00","00","00","00","00","00","00","00","00","00","00","00","00"]},"3345":{"keys":[170,171],"grid":[" '!+","00","00","00","00","00","00","00","00","00","00","00","00","00","00","00"]},"3417":{"keys":[188,172],"grid":[" "," "," ","!! 0","!# /","!$ .","!% -","!& ,","!' +","!( *","09","!) )","!* (","!+ '","13","13"]},"3351":{"keys":[170,171],"grid":[" &!,","00","00","00","00","00","00","00","00","00","00","00","00","00","00","00"]},"3350":{"keys":[170,171],"grid":[" &!,","00","00","00","00","00","00","00","00","00","00","00","00","00","00","00"]},"3353":{"keys":[170,171],"grid":[" &!,","00","00","00","00","00"," "," "," "," "," "," "," "," "," "," "]},"3352":{"keys":[170,171],"grid":[" &!,","00","00","00","00","00","00","00","00","00","00","00","00","00","00","00"]},"3342":{"keys":[170,171],"grid":[" *!(","00"," )!)","02"," (!*","04","04"," '!+","07","07","07","07","07","07","07","07"]},"3418":{"keys":[172,188],"grid":[" *!(","00","00","00","00"," "," "," "," "," "," "," "," "," "," "," "]}},"5186":{"3353":{"keys":[171,170],"grid":[" "," "," "," "," "," "," ","!","!","!","!","!","!","!","!","!"]},"3418":{"keys":[188,172],"grid":[" "," "," "," ","!# /","!* (","!","!","!","!","!","!","!","!","!","!"]},"3379":{"keys":[170,188],"grid":[" ","!# /","!% -","!( *","!+ '","!- %","!0 !","!","!","!","!","!","!","!","!","!"]}},"5187":{"3353":{"keys":[171,170],"grid":[" "," "," "," "," "," "," ","!","!","!","!","!","!","!","!","!"]},"3418":{"keys":[188,172],"grid":[" "," "," "," "," "," ","!! 0","!. $","!","!","!","!","!","!","!","!"]},"3379":{"keys":[170,188],"grid":[" "," "," "," "," "," "," ","!$ .","!& ,","!' +","!( *","10","!) )","!. $","!","!"]}},"5267":{"3522":{"keys":[172,186],"grid":[" (!*"," '!+"," &!,"," %!-"," $!."," #!/","05"," !!0","!","!","!","!","!","!","!","!"]},"3524":{"keys":[186,172],"grid":[" "," "," ","!! 0","!% -","!( *","!* (","!- %","!0 !","!","!","!","!","!","!","!"]},"3517":{"keys":[190,172],"grid":[" "," "," ","!","!","!","!","!","!","!","!","!","!","!","!","!"]},"3521":{"keys":[172,186],"grid":[" "," "," "," "," "," "," 0!!"," /!#"," .!$"," -!%"," ,!&","10"," +!'"," *!("," )!)"," (!*"]}},"5266":{"3522":{"keys":[172,186],"grid":[" "," "," "," "," "," "," "," "," "," 0!!"," /!#","10"," .!$"," -!%"," ,!&"," +!'"]},"3524":{"keys":[172,186],"grid":[" .!$"," /!#","01"," "," "," "," "," "," "," "," "," "," "," "," "," "]},"3517":{"keys":[190,172],"grid":[" "," "," "," ,!&"," %!-","!","!","!","!","!","!","!","!","!","!","!"]},"3523":{"keys":[172,186],"grid":[" +!'"," *!(","00","00","00","00"," ,!&","06","06","06"," -!%","10","10"," .!$","13","13"]}},"5265":{"3518":{"keys":[190,172],"grid":[" &!,","00","00","00"," %!-","04","04"," $!.","07","07"," #!/"," !!0","!","!","!","!"]},"3517":{"keys":[190,172],"grid":[" "," "," "," "," "," 0!!"," ,!&"," *!("," )!)"," (!*","09"," '!+","11","11","11","11"]}},"5264":{"3519":{"keys":[190,172],"grid":[" *!("," )!)"," (!*"," '!+","03"," &!,","05"," %!-","07","07","07","!","!","!","!","!"]},"3518":{"keys":[190,172],"grid":[" "," "," "," "," "," "," "," "," "," "," "," "," 0!!"," -!%"," ,!&"," +!'"]}},"5263":{"3519":{"keys":[172,190],"grid":[" -!%","00","00","00","00","00","00","00"," .!$"," /!#"," 0!!"," "," "," "," "," "]},"3518":{"keys":[172,190],"grid":[" /!#","00","00","00","00","00","00","00","00"," .!$","09","09","09"," -!%","13","13"]},"3517":{"keys":[190,172],"grid":[" "," "," "," "," "," "," ","!! 0","!$ .","!' +","!* (","!, &","!- %","!. $","!/ #","14"]}},"5262":{"3517":{"keys":[190,172],"grid":[" "," "," "," "," "," "," ","!","!","!","!","!","!","!","!","!"]}},"5261":{"3518":{"keys":[190,172],"grid":[" #!/"," !!0","!","!","!","!","!","!","!","!","!","!","!","!","!","!"]},"3517":{"keys":[190,172],"grid":[" "," "," "," "," "," "," "," "," -!%"," )!)"," (!*"," '!+","11"," &!,"," %!-"," $!."]}},"5260":{"3518":{"keys":[190,172],"grid":[" "," "," "," /!#","03"," .!$"," -!%"," ,!&"," *!("," )!)"," '!+"," #!/","!","!","!","!"]}},"5300":{"3560":{"keys":[186,172],"grid":[" "," "," "," "," "," "," ","!$ .","!, &","!","!","!","!","!","!","!"]}},"5301":{"3560":{"keys":[186,172],"grid":[" "," "," "," "," "," "," "," "," ","!$ .","!+ '","!","!","!","!","!"]}},"5302":{"3560":{"keys":[186,172],"grid":[" "," "," "," "," "," "," "," "," "," "," ","!# /","!+ '","!","!","!"]}},"5303":{"3560":{"keys":[186,172],"grid":[" "," "," "," "," "," "," "," "," "," "," "," "," ","!! 0","!* (","!"]}},"5304":{"3560":{"keys":[186,172],"grid":[" "," "," "," "," "," "," "," "," "," "," "," "," "," "," ","!! 0"]},"3561":{"keys":[172,186],"grid":[" *!("," "," "," "," "," "," "," "," "," "," "," "," "," "," "," "]}},"5305":{"3561":{"keys":[186,172],"grid":[" "," ","!) )","!","!","!","!","!","!","!","!","!","!","!","!","!"]}},"5269":{"3519":{"keys":[172,186],"grid":[" -!%"," ,!&","01"," +!'","03"," *!(","05","05"," )!)","08"," (!*"," '!+"," &!,","12"," %!-"," $!."]},"3518":{"keys":[172,186],"grid":[" "," "," "," "," "," "," "," 0!!","07","07"," /!#","10"," .!$","12"," -!%","14"]},"3527":{"keys":[172,186],"grid":[" .!$","00","00","00","00","00","00","00","00","00","00","00","00","00","00","00"]},"3517":{"keys":[190,172,186],"grid":[" "," ","!% -","!) (#!","!- $#!","!0#!","05","05","05","!","!","!","!","!","!","!"]},"3526":{"keys":[172,186],"grid":[" &!,","00"," '!+"," (!*","03"," )!)","05"," *!(","07"," +!'"," ,!&","10"," -!%","12"," .!$","14"]},"3530":{"keys":[172,186],"grid":[" .!$","00","00","00","00"," /!#"," 0!!"," "," "," "," "," "," "," "," "," "]},"3525":{"keys":[186,172],"grid":[" "," "," "," "," "," "," "," "," ","!! 0","09","!# /","!$ .","12","!% -","14"]},"3520":{"keys":[172,186],"grid":[" #!/","00"," !!0","!","!","!","!","!","!","!","!","!","!","!","!","!"]},"3528":{"keys":[172,186],"grid":[" .!$","00","00","00","00","00","00","00","00","00","00","00","00","00","00","00"]},"3529":{"keys":[172,186],"grid":[" .!$","00","00","00","00","00","00","00","00","00","00","00","00","00","00","00"]}},"5307":{"3561":{"keys":[186,172],"grid":[" "," "," "," "," "," ","!( *","!0 !","!","!","!","!","!","!","!","!"]}},"5159":{"3398":{"keys":[170,188],"grid":[" (!*"," '!+"," &!,"," %!-","03"," $!."," #!/","06"," !!0","!","!","!","!","!","!","!"]},"3403":{"keys":[188,172],"grid":[" "," "," "," "," "," "," "," "," "," "," "," ","!' +","!/ #","!","!"]},"3397":{"keys":[170,188],"grid":[" "," "," "," "," "," 0!!","05"," /!#"," .!$"," -!%"," ,!&"," +!'"," *!(","12"," )!)"," (!*"]}},"5158":{"3399":{"keys":[170,188],"grid":[" -!%","00"," ,!&","02"," +!'"," *!(","05"," )!)"," (!*"," '!+","09"," &!,"," %!-"," $!."," #!/","14"]},"3400":{"keys":[170,188],"grid":[" !!0","!","!","!","!","!","!","!","!","!","!","!","!","!","!","!"]},"3403":{"keys":[188,172],"grid":[" "," "," "," "," "," "," "," "," "," ","!( *","!/ #","!","!","!","!"]},"3398":{"keys":[170,188],"grid":[" "," "," "," "," "," "," "," "," "," "," "," 0!!","11"," /!#","13"," .!$"]}},"5139":{"3403":{"keys":[170,172],"grid":[" ","!& ,","!","!","!","!","!","!","!","!","!","!","!","!","!","!"]}},"5161":{"3403":{"keys":[188],"grid":[" "," "," "," "," "," "," "," "," "," "," "," "," "," "," "," "]},"3395":{"keys":[170,188],"grid":[" '!+"," &!,","01"," %!-"," $!.","04"," #!/"," !!0","07","!","!","!","!","!","!","!"]},"3394":{"keys":[170,188],"grid":[" "," 0!!","01"," /!#","03"," .!$"," -!%","06"," ,!&"," +!'"," *!(","10","10"," )!)"," (!*","14"]},"3404":{"keys":[172,188],"grid":[" '!+"," .!$"," "," "," "," "," "," "," "," "," "," "," "," "," "," "]}},"5151":{"3404":{"keys":[170,172],"grid":[" "," "," "," ","!* (","!","!","!","!","!","!","!","!","!","!","!"]}},"5150":{"3404":{"keys":[170,172],"grid":[" "," ","!& ,","!0 !","!","!","!","!","!","!","!","!","!","!","!","!"]}},"5153":{"3403":{"keys":[170,172],"grid":[" "," "," "," "," "," "," "," "," "," "," "," "," "," 0!!"," -!%"," *!("]},"3404":{"keys":[170,172],"grid":[" '!+"," $!."," !!0","!","!","!","!","!","!","!","!","!","!","!","!","!"]}},"5152":{"3404":{"keys":[170,172],"grid":[" "," "," "," /!#"," ,!&","!$ &!)","!","!","!","!","!","!","!","!","!","!"]}},"5155":{"3403":{"keys":[170,188,172],"grid":[" )!)","00"," (!*","02","02"," &#*!#"," ##/","#","#","#","#","#","#","#","#","#"]},"3402":{"keys":[170,188],"grid":[" "," "," "," "," "," "," "," 0!!"," /!#","08"," -!%"," ,!&"," +!'"," *!(","13","13"]}},"5154":{"3403":{"keys":[170,172],"grid":[" "," "," "," "," "," "," "," 0!!"," -!%"," +!'"," (!*"," %!-"," !!0","!","!","!"]}},"5157":{"3401":{"keys":[170,188],"grid":[" '!+"," &!,"," %!-"," $!.","03"," #!/"," !!0","!","!","!","!","!","!","!","!","!"]},"3400":{"keys":[170,188],"grid":[" "," "," 0!!","02"," /!#","04"," .!$"," -!%"," ,!&","08"," +!'"," *!(","11"," )!)"," (!*","14"]},"3403":{"keys":[188,172],"grid":[" "," "," "," "," "," "," "," ","!' +","!/ #","!","!","!","!","!","!"]}},"5156":{"3401":{"keys":[170,188],"grid":[" "," "," "," "," "," "," "," "," 0!!","08"," /!#"," .!$"," -!%"," +!'"," *!("," )!)"]},"3403":{"keys":[188,172],"grid":[" "," "," "," "," "," ","!' +","!/ #","!","!","!","!","!","!","!","!"]},"3402":{"keys":[170,188],"grid":[" '!+"," &!,"," %!-"," $!."," #!/"," !!0","05","!","!","!","!","!","!","!","!","!"]}},"5137":{"3402":{"keys":[170,172],"grid":[" "," "," "," "," "," "," "," "," "," "," "," "," "," ","!& ,","!"]}},"5306":{"3561":{"keys":[186,172],"grid":[" "," "," "," ","!) )","!0 !","!","!","!","!","!","!","!","!","!","!"]}},"5136":{"3402":{"keys":[170,172],"grid":[" "," "," "," "," "," "," "," "," "," "," "," "," ","!, &","!","!"]}},"5268":{"3524":{"keys":[186,172],"grid":[" "," "," "," "," "," "," "," "," ","!# /","!% -","!( *","!* (","!+ '","!, &","14"]},"3525":{"keys":[172,186],"grid":[" -!%","00"," .!$","02"," /!#"," 0!!","05"," "," "," "," "," "," "," "," "," "]},"3517":{"keys":[190,172],"grid":[" "," "," #!/","!","!","!","!","!","!","!","!","!","!","!","!","!"]},"3520":{"keys":[172,186],"grid":[" "," "," "," "," 0!!","04"," /!#"," .!$"," -!%"," ,!&","09"," +!'"," *!("," )!)"," (!*"," '!+"]},"3521":{"keys":[172,186],"grid":[" &!,"," %!-"," $!."," #!/"," !!0","!","!","!","!","!","!","!","!","!","!","!"]}},"5252":{"3513":{"keys":[172,190],"grid":[" $!.","00"," %!-","02","02"," &!,","05"," '!+","07","07"," (!*","10","10"," )!)","13","13"]},"3512":{"keys":[190,172],"grid":[" "," "," "," "," "," "," "," "," ","!! 0","09","09","!# /","12","12","!$ ."]},"3492":{"keys":[189,190],"grid":[" +!'","00","00"," *!("," )!)"," &!,"," $!."," #!/"," !!0","!","!","!","!","!","!","!"]},"3493":{"keys":[190],"grid":[" "," "," "," "," "," "," "," "," "," "," "," "," "," "," "," "]},"3515":{"keys":[172],"grid":[" "," "," "," "," "," "," "," "," "," "," "," "," "," "," "," "]},"3514":{"keys":[172,190],"grid":[" *!(","00","00"," +!'","03"," ,!&","05","05"," -!%"," .!$","09"," /!#","11"," 0!!","13"," "]},"3491":{"keys":[189,190],"grid":[" "," "," 0!!"," /!#","03","03"," .!$","06"," -!%","08","08"," ,!&","11"," +!'","13","13"]}},"5253":{"3489":{"keys":[189,190],"grid":[" &!,","00","00","00"," %!-","04","04","04","04","04","04","04","04","04","04","04"]},"3488":{"keys":[189,190],"grid":[" %!-","00","00","00"," &!,"," '!+","05","05","05","04","04","04","04","04","04","04"]},"3516":{"keys":[172,190],"grid":[" *!("," +!'"," ,!&"," -!%","03"," .!$"," /!#"," 0!!"," "," "," "," "," "," "," "," "]},"3490":{"keys":[189,190],"grid":[" %!-","00","00","00","00","00"," $!.","06","06","06","06","06","06","06","06"," #!/"]},"3491":{"keys":[189,190],"grid":[" !!0","!","!","!","!","!","!","!","!","!","!","!","!","!","!","!"]},"3515":{"keys":[190,172],"grid":[" ","!! 0","01","!# /","03","!$ .","05","!% -","07","!& ,","09","!' +","11","!( *","13","!) )"]}},"5250":{"3508":{"keys":[172,190],"grid":[" #!/"," $!.","01"," %!-","03","03"," &!,","06","06"," '!+","09"," (!*","11"," )!)","13"," *!("]},"3509":{"keys":[172,190],"grid":[" *!(","00"," +!'","02"," ,!&","04"," -!%","06"," .!$","08"," /!#","10"," 0!!","12"," "," "]},"3494":{"keys":[189,190],"grid":[" "," "," "," "," "," "," "," /!#"," ,!&"," (!*"," %!-","!","!","!","!","!"]},"3507":{"keys":[190,172],"grid":[" "," "," "," "," "," "," "," "," "," "," ","!! 0","11","11","!# /","14"]}},"5251":{"3509":{"keys":[190],"grid":[" "," "," "," "," "," "," "," "," "," "," "," "," "," "," "," "]},"3512":{"keys":[172,190],"grid":[" .!$"," /!#","01","01"," 0!!","04"," "," "," "," "," "," "," "," "," "," "]},"3511":{"keys":[172,190],"grid":[" (!*","00"," )!)","02"," *!(","04"," +!'","06","06"," ,!&","09"," -!%","11","11"," .!$","14"]},"3510":{"keys":[190,172],"grid":[" ","!! 0","01","!# /","03","!$ .","05","05","!% -","08","!& ,","10","10","!' +","13","!( *"]},"3492":{"keys":[189,190],"grid":[" "," "," "," "," "," "," "," "," "," "," 0!!"," /!#"," .!$"," -!%"," ,!&","14"]},"3493":{"keys":[189,190],"grid":[" ,!&"," +!'","01","01"," *!(","01","00"," .!$"," /!#"," 0!!"," "," ","09","09","08","08"]},"3494":{"keys":[189,190],"grid":[" .!$"," ,!&"," +!'"," )!)"," (!*"," &!,"," !!0","!","!","!","!","!","!","!","!","!"]}},"5256":{"3518":{"keys":[190,172],"grid":[" "," "," "," "," "," "," "," "," "," "," "," ","!! 0","!( *","!. $","!"]}},"5257":{"3519":{"keys":[172,190],"grid":[" *!("," 0!!"," "," "," "," "," "," "," "," "," "," "," "," "," "," "]},"3518":{"keys":[190,172],"grid":[" "," "," "," "," "," "," "," "," "," "," "," "," "," "," ","!$ ."]}},"5254":{"3517":{"keys":[172,190],"grid":[" (!*","00"," )!)"," *!("," +!'"," ,!&"," -!%"," .!$","07"," /!#"," 0!!"," "," "," "," "," "]},"3516":{"keys":[190,172],"grid":[" "," "," "," "," "," "," "," "," ","!! 0","!# /","10","!$ .","!% -","!& ,","!' +"]}},"5255":{"3518":{"keys":[172,190],"grid":[" %!-"," &!,"," '!+"," (!*","03"," )!)"," *!("," +!'"," ,!&"," -!%","09"," .!$"," "," "," "," "]},"3517":{"keys":[190,172],"grid":[" "," "," "," "," "," "," "," "," "," "," "," ","!! 0","!# /","13","!$ ."]}},"5313":{"3562":{"keys":[186,172],"grid":[" "," ","!% -","!- %","!","!","!","!","!","!","!","!","!","!","!","!"]}},"5312":{"3562":{"keys":[172,186],"grid":[" %!-"," -!%"," "," "," "," "," "," "," "," "," "," "," "," "," "," "]},"3561":{"keys":[186],"grid":[" "," "," "," "," "," "," "," "," "," "," "," "," "," "," "," "]}},"5258":{"3519":{"keys":[190,172],"grid":[" "," ","!& ,","!- %","!","!","!","!","!","!","!","!","!","!","!","!"]}},"5259":{"3519":{"keys":[190,172],"grid":[" )!)"," '!+"," &!,"," $!.","!","!","!","!","!","!","!","!","!","!","!","!"]},"3518":{"keys":[190,172],"grid":[" "," "," "," "," "," "," "," "," "," "," "," "," 0!!"," .!$"," ,!&"," +!'"]}},"5317":{"3562":{"keys":[186,172],"grid":[" "," "," "," "," "," "," "," "," "," ","!# /","!+ '","!","!","!","!"]}},"5316":{"3562":{"keys":[186,172],"grid":[" "," "," "," "," "," "," "," ","!# /","!+ '","!","!","!","!","!","!"]}},"5315":{"3562":{"keys":[186,172],"grid":[" "," "," "," "," "," ","!$ .","!, &","!","!","!","!","!","!","!","!"]}},"5314":{"3562":{"keys":[186,172],"grid":[" "," "," "," ","!$ .","!, &","!","!","!","!","!","!","!","!","!","!"]}},"5168":{"3380":{"keys":[170,188],"grid":[" -!%"," ,!&","01"," +!'"," *!(","04"," )!)"," (!*","07"," '!+","09"," &!,","11"," %!-","13"," $!."]},"3405":{"keys":[172],"grid":[" "," "," "," "," "," "," "," "," "," "," "," "," "," "," "," "]},"3404":{"keys":[188,172],"grid":[" "," "," "," "," "," "," "," "," "," "," "," "," "," ","!# /","!* ("]},"3379":{"keys":[170,188],"grid":[" "," "," "," "," "," "," "," "," "," "," "," "," "," 0!!"," /!#"," .!$"]},"3381":{"keys":[170,188],"grid":[" $!.","00"," #!/","02"," !!0","04","04","!","!","!","!","!","!","!","!","!"]}},"5169":{"3405":{"keys":[172,188],"grid":[" !!0"," )!)"," "," "," "," "," "," "," "," "," "," "," "," "," "," "]},"3379":{"keys":[170,188],"grid":[" "," /!#"," .!$"," ,!&"," *!("," )!)"," '!+"," &!,"," %!-"," $!."," #!/"," !!0","!","!","!","!"]}},"5284":{"3548":{"keys":[186,172],"grid":[" "," "," "," "," "," "," "," "," ","!! 0","!# /","!$ .","11","!% -","!& ,","!' +"]},"3549":{"keys":[172,186],"grid":[" '!+"," (!*"," )!)"," *!("," +!'","04"," ,!&"," -!%"," .!$","08"," /!#"," 0!!"," "," "," "," "]}},"5326":{"3563":{"keys":[186,172],"grid":[" "," "," "," "," "," "," "," "," "," "," "," "," ","!& ,","!. $","!"]}},"5327":{"3563":{"keys":[186,172],"grid":[" "," "," "," "," "," "," "," "," "," "," "," "," "," "," ","!% -"]},"3564":{"keys":[172,186],"grid":[" -!%"," "," "," "," "," "," "," "," "," "," "," "," "," "," "," "]}},"5324":{"3563":{"keys":[186,172],"grid":[" "," "," "," "," "," "," "," "," ","!' +","!/ #","!","!","!","!","!"]}},"5325":{"3563":{"keys":[186,172],"grid":[" "," "," "," "," "," "," "," "," "," "," ","!& ,","!. $","!","!","!"]}},"5128":{"3402":{"keys":[170,172],"grid":[" ","!) )","!","!","!","!","!","!","!","!","!","!","!","!","!","!"]}},"5129":{"3402":{"keys":[170,172],"grid":[" "," ","!$ .","!/ #","!","!","!","!","!","!","!","!","!","!","!","!"]}},"5320":{"3563":{"keys":[186,172],"grid":[" ","!) )","!","!","!","!","!","!","!","!","!","!","!","!","!","!"]}},"5321":{"3563":{"keys":[186,172],"grid":[" "," "," ","!( *","!0 !","!","!","!","!","!","!","!","!","!","!","!"]}},"5124":{"3401":{"keys":[170,172],"grid":[" "," "," "," "," "," "," "," "," "," "," ","!& ,","!","!","!","!"]}},"5125":{"3401":{"keys":[170,172],"grid":[" "," "," "," "," "," "," "," "," "," "," "," ","!! 0","!- %","!","!"]}},"5126":{"3401":{"keys":[170,172],"grid":[" "," "," "," "," "," "," "," "," "," "," "," "," "," ","!( *","!"]}},"5127":{"3401":{"keys":[170,172],"grid":[" "," "," "," "," "," "," "," "," "," "," "," "," "," "," ","!# /"]},"3402":{"keys":[172,170],"grid":[" .!$"," "," "," "," "," "," "," "," "," "," "," "," "," "," "," "]}},"5120":{"3401":{"keys":[170,172],"grid":[" "," "," "," "," ","!! 0","!. $","!","!","!","!","!","!","!","!","!"]}},"5121":{"3401":{"keys":[170,172],"grid":[" "," "," "," "," "," "," ","!) )","!","!","!","!","!","!","!","!"]}},"5122":{"3401":{"keys":[170,172],"grid":[" "," "," "," "," "," "," "," ","!$ .","!0 !","!","!","!","!","!","!"]}},"5123":{"3401":{"keys":[170,172],"grid":[" "," "," "," "," "," "," "," "," "," ","!+ '","!","!","!","!","!"]}},"5249":{"3494":{"keys":[189,190],"grid":[" "," "," "," "," "," "," "," "," "," "," "," "," .!$"," *!("," '!+"," #!/"]},"3495":{"keys":[190],"grid":[" "," "," "," "," "," "," "," "," "," "," "," "," "," "," "," "]},"3504":{"keys":[190,172],"grid":[" "," "," "," "," "," "," "," "," "," "," "," "," "," ","!! 0","14"]},"3505":{"keys":[172,190],"grid":[" !!0","00"," #!/","02","02","02"," $!.","06","06","06"," %!-","10"," &!,","12","12"," '!+"]},"3506":{"keys":[172,190],"grid":[" '!+"," (!*","01","01"," )!)","04","04"," *!(","07"," +!'","09","09"," ,!&","12"," -!%","14"]},"3507":{"keys":[172,190],"grid":[" -!%"," .!$","01"," /!#","03","03"," 0!!","06","06"," "," "," "," "," "," "," "]}},"5248":{"3495":{"keys":[189,190],"grid":[" 0!!"," -!%"," )!)"," &!,"," !!0","!","!","!","!","!","!","!","!","!","!","!"]},"3498":{"keys":[172,190],"grid":[" !!0","00","00","00","00","00","00"," #!/","07","07","07","07","07","07","07","07"]},"3499":{"keys":[172,190],"grid":[" #!/"," $!.","01","01","01","01","01","01","01","01","01"," %!-","11","11","11","11"]},"3496":{"keys":[190,172],"grid":[" "," "," "," "," "," "," "," "," "," "," ","!! 0","11","11","11","11"]},"3497":{"keys":[172,190],"grid":[" !!0","00","00","00","00","00","00","00","00","00","00","00","00","00","00","00"]},"3502":{"keys":[172,190],"grid":[" (!*","00","00"," )!)","03","03","03","03","03","03","03","03","03"," *!(","13","13"]},"3503":{"keys":[172,190],"grid":[" *!(","00"," +!'","02","02","02"," ,!&","06","06","06"," -!%","10","10","10"," .!$","14"]},"3504":{"keys":[172,190],"grid":[" .!$","00"," /!#","02","02","02"," 0!!","06","06","06"," "," "," "," "," "," "]},"3500":{"keys":[172,190],"grid":[" %!-","00","00","00","00"," &!,","05","05","05","05","05","05","05","05","05"," '!+"]},"3501":{"keys":[172,190],"grid":[" '!+","00","00","00","00","00","00","00","00"," (!*","09","09","09","09","09","09"]}},"5245":{"3492":{"keys":[189,172],"grid":[" "," "," "," "," ","!! 0","!# /","!$ .","!% -","!& ,","!' +","!( *","!) )","!* (","13","!+ '"]},"3493":{"keys":[172,189],"grid":[" ,!&"," -!%"," .!$"," /!#"," 0!!"," "," "," "," "," "," "," "," "," "," "," "]}},"5244":{"3492":{"keys":[172,189],"grid":[" -!%"," .!$"," /!#"," 0!!"," "," "," "," "," "," "," "," "," "," "," "," "]},"3491":{"keys":[189,172],"grid":[" "," ","!! 0","02","!# /","!$ .","05","!% -","!& ,","!' +","!( *","!) )","!* (","!+ '","13","!, &"]}},"5247":{"3496":{"keys":[172,190],"grid":[" 0!!","00","00","00","00"," "," "," "," "," "," "," "," "," "," "," "]},"3494":{"keys":[189,172],"grid":[" "," "," "," "," "," "," "," ","!! 0","!# /","!$ .","!% -","11","!& ,","!' +","!( *"]},"3495":{"keys":[172,189,190],"grid":[" )!)"," *!("," +!'"," ,!&"," -!%"," -!###"," .#$","06","06","06"," /##","10","10","10","10","10"]}},"5246":{"3494":{"keys":[172,189],"grid":[" +!'"," ,!&"," -!%","02"," .!$"," /!#"," 0!!"," "," "," "," "," "," "," "," "," "]},"3493":{"keys":[189,172],"grid":[" "," "," "," "," "," ","!! 0","!# /","!$ .","08","!% -","!& ,","!' +","!( *","!) )","!* ("]}},"5241":{"3488":{"keys":[172,189],"grid":[" 0!!","00"," "," "," "," "," "," "," "," "," "," "," "," "," "," "]},"3476":{"keys":[172,"",189],"grid":[" )!)","00","00","00"," )!%#%","04","04","04"," '!##)","08","08"," '#+","11"," &#,","13"," %#-"]},"3477":{"keys":[172,189],"grid":[" %!-"," $!."," #!/","02"," !!0","04","!","!","!","!","!","!","!","!","!","!"]},"3487":{"keys":[172,189],"grid":[" '!+","00","00"," (!*","03","03"," )!)","06"," *!("," +!'","09"," ,!&"," -!%","12"," .!$"," /!#"]},"3486":{"keys":[189,172],"grid":[" "," "," ","!! 0","03","03","!# /","06","06","!$ .","09","!% -","11","11","!& ,","14"]}},"5240":{"3477":{"keys":[172,189],"grid":[" "," "," "," "," "," "," "," "," "," 0!!","09","09"," /!#","12","12"," .!$"]},"3481":{"keys":[172,189],"grid":[" '!+","00","00","00","00"," (!*","05","05","05","05","05","05"," )!)","12","12","12"]},"3480":{"keys":[172,189],"grid":[" '!+","00","00","00","00","00","00","00","00","00","00","00","00","00","00","00"]},"3483":{"keys":[172,189],"grid":[" *!(","00","00","00"," +!'","04","04","04","04","04","04","04","04","04","04","04"]},"3482":{"keys":[172,189],"grid":[" )!)","00","00","00","00"," *!(","05","05","05","05","05","05","05","05","05","05"]},"3485":{"keys":[172,189],"grid":[" ,!&","00","00","00","00","00"," -!%","06","06"," .!$","09","09"," /!#","12"," 0!!","14"]},"3479":{"keys":[172,189],"grid":[" (!*","00","00","00","00","00","00","00","00","00","00"," '!+","11","11","11","11"]},"3484":{"keys":[172,189],"grid":[" +!'","00","00","00","00","00","00","00","00","00"," ,!&","10","10","10","10","10"]},"3478":{"keys":[172,189],"grid":[" .!$","00"," -!%","02"," ,!&","04","04"," +!'","07","07"," *!(","10","10"," )!)","13","13"]},"3486":{"keys":[172,189],"grid":[" 0!!"," "," "," "," "," "," "," "," "," "," "," "," "," "," "," "]}},"5243":{"3489":{"keys":[189,172],"grid":[" "," "," "," "," "," "," "," "," "," "," ","!! 0","!# /","12","!$ .","!% -"]},"3490":{"keys":[172,189],"grid":[" %!-"," &!,"," '!+","02"," (!*"," )!)","05"," *!("," +!'","08"," ,!&"," -!%"," .!$","12"," /!#"," 0!!"]},"3491":{"keys":[172,189],"grid":[" 0!!"," "," "," "," "," "," "," "," "," "," "," "," "," "," "," "]}},"5242":{"3489":{"keys":[172,189],"grid":[" *!("," +!'"," ,!&","02"," -!%"," .!$","05"," /!#"," 0!!","08"," "," "," "," "," "," "]},"3488":{"keys":[189,172],"grid":[" "," "," ","!! 0","03","!# /","!$ .","06","!% -","!& ,","09","!' +","!( *","12","!) )","!* ("]}},"5202":{"3417":{"keys":[188,172],"grid":[" "," "," "," "," "," "," "," "," "," "," "," "," "," ","!","!"]},"3382":{"keys":[170],"grid":[" "," "," "," "," "," "," "," "," "," "," "," "," "," "," "," "]},"3381":{"keys":[171,170],"grid":[" "," "," "," "," "," "," ","!! 0","!$ .","!& ,","!( *","!) )","!+ '","!, &","!. $","!/ #"]}},"5322":{"3563":{"keys":[186,172],"grid":[" "," "," "," "," ","!( *","!0 !","!","!","!","!","!","!","!","!","!"]}},"5323":{"3563":{"keys":[186,172],"grid":[" "," "," "," "," "," "," ","!' +","!/ #","!","!","!","!","!","!","!"]}},"5371":{"3474":{"keys":[171,187],"grid":[" "," 0!!"," .!$"," -!%"," ,!&"," *!("," )!)"," (!*"," '!+"," &!,"," %!-"," $!."," #!/"," !!0","!","!"]},"3509":{"keys":[186,187],"grid":[" "," "," "," ","!! 0","04","!# /","06","06","!$ .","09","09","09","!% -","13","13"]},"3513":{"keys":[186,187],"grid":[" "," "," "," "," ","!! 0","!# /","06","!$ .","08","!% -","!& ,","11","!' +","!) )","14"]},"3480":{"keys":[187,186],"grid":[" "," "," "," "," "," "," "," "," "," "," "," "," "," "," ","!% -"]},"3511":{"keys":[187,186],"grid":[" '!+","00","00","!! '!*","!# &!*","!% %!)","!& $!)","!' $!(","!","!","!","!","!","!","!","!"]},"3510":{"keys":[187,186],"grid":[" %!-","00","00","00","00"," &!,","05","05","05","05","05","05","05","05","05","05"]},"3514":{"keys":[187,186],"grid":[" )!)","00","00","00"," *!(","04","04"," +!'"," -!%"," .!$"," 0!!"," "," "," "," "," "]},"3481":{"keys":[186,187],"grid":[" (!*"," +!'"," .!$"," "," "," "," "," "," "," "," "," "," "," "," "," "]}},"5370":{"3474":{"keys":[171,187],"grid":[" "," "," "," "," "," "," "," "," "," "," "," "," "," "," "," 0!!"]},"3475":{"keys":[171,187],"grid":[" /!#"," .!$"," ,!&"," +!'"," *!("," )!)"," (!*"," '!+"," &!,"," %!-"," $!."," #!/"," !!0","!","!","!"]},"3509":{"keys":[187,186],"grid":[" /!#"," 0!!"," "," "," "," "," "," "," "," "," "," "," "," "," "," "]},"3513":{"keys":[187,186],"grid":[" 0!!","00"," "," "," "," "," "," "," "," "," "," "," "," "," "," "]},"3512":{"keys":[187,186],"grid":[" (!*"," )!)"," *!("," ,!&"," -!%"," .!$"," /!#"," 0!!","07","07","07","07","07","07","07","07"]},"3511":{"keys":[186,187],"grid":[" /!#"," 0!!"," "," "," "," "," "," ","!! 0","08","!# /","10","!$ .","!% -","!& ,","!' +"]},"3510":{"keys":[187,186],"grid":[" "," "," "," "," "," "," "," "," "," "," "," "," "," "," $!) &"," !!, %"]},"3531":{"keys":[186,187],"grid":[" +!'","00","00","00"," ,!&","04","04","04"," )!)","!","!","!","!","!","!","!"]},"3530":{"keys":[186,187],"grid":[" $!."," %!-","01"," &!,","03"," '!+","05"," (!*","07"," )!)","09"," *!(","11"," +!'","13","13"]},"3480":{"keys":[187,186],"grid":[" "," "," "," "," "," "," "," "," "," ","!$ .","!' +","!+ '","!. $","!","!"]},"3508":{"keys":[186,187],"grid":[" "," "," "," "," "," "," "," "," "," "," ","!% -","!( *","!* (","!, &","!. $"]},"3529":{"keys":[187,186],"grid":[" "," "," "," "," "," "," "," "," "," "," "," "," ","!! 0","13","!# /"]}},"5331":{"3493":{"keys":[171,186],"grid":[" "," "," "," "," "," "," "," "," "," ","!# /","!","!","!","!","!"]},"3564":{"keys":[186,172],"grid":[" "," "," "," "," "," "," ","!# /","!+ '","!","!","!","!","!","!","!"]}},"5330":{"3493":{"keys":[171,186],"grid":[" "," "," "," "," "," "," "," "," "," ","!","!","!","!","!","!"]},"3564":{"keys":[186,172],"grid":[" "," "," "," "," ","!$ .","!+ '","!","!","!","!","!","!","!","!","!"]}},"5333":{"3493":{"keys":[171,186],"grid":[" "," "," "," "," "," "," "," "," "," "," "," ","!0 !","!","!","!"]},"3564":{"keys":[186,172],"grid":[" "," "," "," "," "," "," "," "," "," "," ","!! 0","!* (","!","!","!"]}},"5332":{"3493":{"keys":[171,186],"grid":[" "," "," "," "," "," "," "," "," "," "," ","!* (","!","!","!","!"]},"3564":{"keys":[186,172],"grid":[" "," "," "," "," "," "," "," "," ","!# /","!* (","!","!","!","!","!"]}},"5335":{"3493":{"keys":[171,186],"grid":[" "," "," "," "," "," "," "," "," "," "," "," "," ","!' +","!","!"]},"3564":{"keys":[186],"grid":[" "," "," "," "," "," "," "," "," "," "," "," "," "," "," "," "]},"3565":{"keys":[172,186],"grid":[" )!)"," "," "," "," "," "," "," "," "," "," "," "," "," "," "," "]}},"5334":{"3493":{"keys":[171,186],"grid":[" "," "," "," "," "," "," "," "," "," "," "," "," ","!","!","!"]},"3564":{"keys":[186,172],"grid":[" "," "," "," "," "," "," "," "," "," "," "," "," ","!! 0","!) )","!"]}},"5337":{"3493":{"keys":[171,186],"grid":[" "," "," "," "," "," "," "," "," "," "," "," "," "," "," ","!"]},"3565":{"keys":[186,172],"grid":[" "," "," "," ","!( *","!0 !","!","!","!","!","!","!","!","!","!","!"]}},"5336":{"3493":{"keys":[171,186],"grid":[" "," "," "," "," "," "," "," "," "," "," "," "," "," ","!. $","!"]},"3565":{"keys":[186,172],"grid":[" "," ","!( *","!0 !","!","!","!","!","!","!","!","!","!","!","!","!"]}},"5339":{"3494":{"keys":[186,171],"grid":[" ,!&"," "," "," "," "," "," "," "," "," "," "," "," "," "," "," "]},"3565":{"keys":[186,172],"grid":[" "," "," "," "," "," "," "," ","!' +","!/ #","!","!","!","!","!","!"]}},"5338":{"3494":{"keys":[186],"grid":[" "," "," "," "," "," "," "," "," "," "," "," "," "," "," "," "]},"3493":{"keys":[171,186],"grid":[" "," "," "," "," "," "," "," "," "," "," "," "," "," "," ","!% -"]},"3565":{"keys":[186,172],"grid":[" "," "," "," "," "," ","!' +","!/ #","!","!","!","!","!","!","!","!"]}},"5135":{"3402":{"keys":[170,172],"grid":[" "," "," "," "," "," "," "," "," "," "," ","!& ,","!","!","!","!"]}},"5134":{"3402":{"keys":[170,172],"grid":[" "," "," "," "," "," "," "," "," "," ","!+ '","!","!","!","!","!"]}},"5133":{"3402":{"keys":[170,172],"grid":[" "," "," "," "," "," "," "," ","!& ,","!","!","!","!","!","!","!"]}},"5132":{"3402":{"keys":[170,172],"grid":[" "," "," "," "," "," "," ","!+ '","!","!","!","!","!","!","!","!"]}},"5131":{"3402":{"keys":[170,172],"grid":[" "," "," "," "," ","!% -","!0 !","!","!","!","!","!","!","!","!","!"]}},"5130":{"3402":{"keys":[170,172],"grid":[" "," "," "," ","!* (","!","!","!","!","!","!","!","!","!","!","!"]}},"5309":{"3561":{"keys":[186,172],"grid":[" "," "," "," "," "," "," "," "," "," ","!' +","!/ #","!","!","!","!"]}},"5180":{"3416":{"keys":[172,188],"grid":[" $!."," %!-","01","01"," &!,","04"," '!+","06"," (!*"," )!)"," *!("," +!'"," ,!&"," -!%"," .!$"," /!#"]},"3377":{"keys":[170,188],"grid":[" "," "," "," "," "," "," "," "," "," ","!","!","!","!","!","!"]},"3415":{"keys":[188,172],"grid":[" "," "," "," "," "," "," "," "," "," "," ","!! 0","11","!# /","13","!$ ."]},"3417":{"keys":[172,188],"grid":[" 0!!","00"," "," "," "," "," "," "," "," "," "," "," "," "," "," "]}},"5328":{"3493":{"keys":[171,186],"grid":[" "," "," "," "," "," "," "," ","!' +","!","!","!","!","!","!","!"]},"3564":{"keys":[186,172],"grid":[" ","!% -","!, &","!","!","!","!","!","!","!","!","!","!","!","!","!"]}},"5329":{"3493":{"keys":[171,186],"grid":[" "," "," "," "," "," "," "," "," ","!, &","!","!","!","!","!","!"]},"3564":{"keys":[186,172],"grid":[" "," "," ","!$ .","!, &","!","!","!","!","!","!","!","!","!","!","!"]}},"5344":{"3492":{"keys":[171,186],"grid":[" "," "," "," "," "," "," "," "," /!#"," -!%"," +!'"," )!)"," &!,"," $!."," !!0","!"]},"3566":{"keys":[186,172],"grid":[" "," ","!$ .","!, &","!","!","!","!","!","!","!","!","!","!","!","!"]}},"5183":{"3335":{"keys":[170,171],"grid":[" "," "," "," "," "," "," "," 0!!","07"," /!#","09","09"," .!$","12","12"," -!%"]},"3378":{"keys":[188,170],"grid":[" %!-"," (!*"," +!'"," -!%"," 0!!"," "," "," "," "," "," "," "," "," "," "," "]},"3377":{"keys":[170,188],"grid":[" "," "," "," "," "," "," "," "," "," "," "," "," "," "," ","!! 0"]},"3330":{"keys":[170,171],"grid":[" '!+","00","00","00"," (!*","04","04"," )!)"," *!("," +!'"," ,!&"," -!%"," /!#"," 0!!"," "," "]},"3337":{"keys":[170,171],"grid":[" '!+","00"," &!,","02"," %!-","04","04"," $!.","07","07"," #!/","10","10"," !!0","13","13"]},"3336":{"keys":[170,171],"grid":[" -!%"," ,!&","01","01"," +!'","04","04"," *!(","07","07"," )!)","10"," (!*","12","12"," '!+"]},"3353":{"keys":[171,170],"grid":[" "," "," "," "," "," ","!","!","!","!","!","!","!","!","!","!"]},"3329":{"keys":[171,170],"grid":[" "," "," "," ","!! 0","!# /","!% -","!& ,","07","!' +","09","!( *","11","11","11","11"]},"3338":{"keys":[171],"grid":[" "," "," "," "," "," "," "," "," "," "," "," "," "," "," "," "]},"3418":{"keys":[188,172],"grid":[" "," "," "," "," ","!","!","!","!","!","!","!","!","!","!","!"]}},"5346":{"3566":{"keys":[186,172],"grid":[" "," "," "," "," "," ","!# /","!+ '","!","!","!","!","!","!","!","!"]},"3491":{"keys":[171,186],"grid":[" "," "," "," "," "," "," "," "," /!#"," -!%"," +!'"," )!)"," '!+"," %!-"," #!/","!"]}},"5347":{"3566":{"keys":[186,172],"grid":[" "," "," "," "," "," "," "," ","!# /","!* (","!","!","!","!","!","!"]},"3490":{"keys":[171],"grid":[" "," "," "," "," "," "," "," "," "," "," "," "," "," "," "," "]},"3491":{"keys":[171,186],"grid":[" /!#"," -!%"," +!'"," )!)"," '!+"," %!-"," #!/","!","!","!","!","!","!","!","!","!"]}},"5340":{"3494":{"keys":[171,186],"grid":[" ","!","!","!","!","!","!","!","!","!","!","!","!","!","!","!"]},"3565":{"keys":[186,172],"grid":[" "," "," "," "," "," "," "," "," "," ","!& ,","!. $","!","!","!","!"]}},"5341":{"3494":{"keys":[171,186],"grid":[" .!$","!# *!&","!","!","!","!","!","!","!","!","!","!","!","!","!","!"]},"3493":{"keys":[171,186],"grid":[" "," "," "," "," "," "," "," "," "," "," "," "," "," "," "," 0!!"]},"3565":{"keys":[186,172],"grid":[" "," "," "," "," "," "," "," "," "," "," "," ","!& ,","!. $","!","!"]}},"5184":{"3335":{"keys":[170,171],"grid":[" #!/"," !!0","01","01","!","!","!","!","!","!","!","!","!","!","!","!"]},"3378":{"keys":[170,188],"grid":[" "," "," "," "," ","!# /","!% -","!( *","!+ '","!- %","!0 !","!","!","!","!","!"]},"3333":{"keys":[170,171],"grid":[" .!$","00","00"," -!%","03","03"," ,!&","06"," +!'","08","08"," *!(","11","11"," )!)","14"]},"3332":{"keys":[170,171],"grid":[" "," "," "," "," "," "," "," "," "," "," "," 0!!","11"," /!#","13","13"]},"3331":{"keys":[170,171],"grid":[" $!."," %!-"," &!,"," '!+"," (!*"," )!)"," *!("," +!'"," ,!&"," -!%"," .!$"," /!#"," 0!!"," "," "," "]},"3330":{"keys":[171,170],"grid":[" "," "," "," "," "," "," "," "," "," "," "," "," "," "," ","!# /"]},"3353":{"keys":[171,170],"grid":[" "," "," "," "," "," ","!* %!$","!","!","!","!","!","!","!","!","!"]},"3334":{"keys":[170,171],"grid":[" (!*","00","00"," '!+","03","03"," &!,","06","06"," %!-","09"," $!.","11","11"," #!/","14"]},"3418":{"keys":[188,172],"grid":[" "," "," "," "," %!-","!","!","!","!","!","!","!","!","!","!","!"]}},"5185":{"3379":{"keys":[188,170],"grid":[" 0!!"," "," "," "," "," "," "," "," "," "," "," "," "," "," "," "]},"3378":{"keys":[170,188],"grid":[" "," "," "," "," "," "," "," "," "," "," ","!! 0","!% -","!( *","!+ '","!- %"]},"3332":{"keys":[170,171],"grid":[" #!/"," $!.","01","00","00"," !!0","05","05","!","!","!","!","!","!","!","!"]},"3331":{"keys":[171,170],"grid":[" "," "," "," "," "," "," "," "," "," "," "," "," "," ","!! 0","14"]},"3353":{"keys":[171,170],"grid":[" "," "," "," "," "," ","!! 0","!","!","!","!","!","!","!","!","!"]},"3418":{"keys":[188,172],"grid":[" "," "," "," ","!","!","!","!","!","!","!","!","!","!","!","!"]}},"5188":{"3353":{"keys":[171,170],"grid":[" "," "," "," "," "," "," ","!","!","!","!","!","!","!","!","!"]},"3418":{"keys":[188,172],"grid":[" "," "," "," "," "," "," "," ","!( *","!","!","!","!","!","!","!"]},"3379":{"keys":[170,188],"grid":[" "," "," "," "," "," "," "," "," "," "," "," 0!!"," /!#"," .!$","!& (!%","!"]}},"5189":{"3379":{"keys":[170,188],"grid":[" "," "," .!$"," +!'"," (!*"," %!-"," $!."," #!/","07"," !!0","!","!","!","!","!","!"]},"3364":{"keys":[171],"grid":[" "," "," "," "," "," "," "," "," "," "," "," "," "," "," "," "]},"3365":{"keys":[171],"grid":[" "," "," "," "," "," "," "," "," "," "," "," "," "," "," "," "]},"3366":{"keys":[171,170],"grid":[" "," "," "," "," "," "," "," "," "," "," "," "," "," ","!! 0","!# /"]},"3367":{"keys":[170,171],"grid":[" $!."," %!-"," &!,"," '!+"," (!*"," )!)"," *!("," +!'"," ,!&"," -!%"," .!$"," "," "," "," "," "]},"3360":{"keys":[170,171],"grid":[" !!0","00","00","00","00","00","00","00","00","00","00","00","00","00","00","00"]},"3361":{"keys":[170,171],"grid":[" !!0","00","00","00","00","00","00","00","00","00","00","00","00","00","00","00"]},"3362":{"keys":[170,171],"grid":[" !!0","00","00","00","00","00","00","00","00","00","00","00","00","00","00","00"]},"3363":{"keys":[170,171],"grid":[" !!0","00","00","00","00","00","00","00","00","00","00","00","00","00","00","!"]},"3355":{"keys":[170,171],"grid":[" #!/"," !!0","01","01","01","01","01","01","01","01","01","01","01","01","01","01"]},"3354":{"keys":[170,171],"grid":[" !!0","00","00"," #!/","03","03","03","03","00","00","00","00","03","03","03","03"]},"3357":{"keys":[170,171],"grid":[" !!0","00","00","00","00","00","00","00","00","00","00","00","00","00","00","00"]},"3356":{"keys":[170,171],"grid":[" !!0","00","00","00","00","00","00","00","00","00","00","00","00","00","00","00"]},"3353":{"keys":[171,170],"grid":[" "," "," "," "," "," "," "," ","!# /","08","08","08","08","08","08","!! 0"]},"3359":{"keys":[170,171],"grid":[" !!0","00","00","00","00","00","00","00","00","00","00","00","00","00","00","00"]},"3358":{"keys":[170,171],"grid":[" !!0","00","00","00","00","00","00","00","00","00","00","00","00","00","00","00"]},"3418":{"keys":[188,172],"grid":[" "," "," "," "," "," -!%"," )!)"," %!-","!","!","!","!","!","!","!","!"]}},"5348":{"3566":{"keys":[186,172],"grid":[" "," "," "," "," "," "," "," "," "," ","!! 0","!* (","!","!","!","!"]},"3490":{"keys":[171,186],"grid":[" "," "," "," "," "," "," "," "," 0!!"," .!$"," ,!&"," *!("," '!+"," %!-"," #!/","!"]}},"5349":{"3489":{"keys":[171],"grid":[" "," "," "," "," "," "," "," "," "," "," "," "," "," "," "," "]},"3566":{"keys":[186,172],"grid":[" "," "," "," "," "," "," "," "," "," "," "," ","!! 0","!) )","!","!"]},"3490":{"keys":[171,186],"grid":[" 0!!"," .!$"," ,!&"," *!("," (!*"," &!,"," $!."," !!0","!","!","!","!","!","!","!","!"]}},"5208":{"3385":{"keys":[171,170,""],"grid":[" "," "," "," "," "," ","!! 0","!# /","!$ .","!& ,","!' +","!) )","!) ##'","!)#)","13","13"]}},"5342":{"3566":{"keys":[172],"grid":[" "," "," "," "," "," "," "," "," "," "," "," "," "," "," "," "]},"3493":{"keys":[171,186],"grid":[" "," "," "," "," "," "," "," 0!!"," .!$"," ,!&"," *!("," (!*"," &!,"," $!."," !!0","!"]},"3565":{"keys":[186,172],"grid":[" "," "," "," "," "," "," "," "," "," "," "," "," "," ","!% -","!- %"]}},"5298":{"3560":{"keys":[186,172],"grid":[" "," "," ","!% -","!- %","!","!","!","!","!","!","!","!","!","!","!"]}},"5299":{"3560":{"keys":[186,172],"grid":[" "," "," "," "," ","!% -","!, &","!","!","!","!","!","!","!","!","!"]}},"5296":{"3560":{"keys":[172,186],"grid":[" .!$"," "," "," "," "," "," "," "," "," "," "," "," "," "," "," "]},"3559":{"keys":[186,172],"grid":[" "," "," "," "," "," "," "," "," "," "," "," "," "," "," ","!& ,"]}},"5297":{"3560":{"keys":[186,172],"grid":[" ","!& ,","!- %","!","!","!","!","!","!","!","!","!","!","!","!","!"]}},"5294":{"3559":{"keys":[186,172],"grid":[" "," "," "," "," "," "," "," "," "," "," ","!' +","!/ #","!","!","!"]}},"5295":{"3559":{"keys":[186,172],"grid":[" "," "," "," "," "," "," "," "," "," "," "," "," ","!' +","!/ #","!"]}},"5292":{"3559":{"keys":[172,186],"grid":[" $!."," %!-"," &!,"," '!+","03"," (!*"," )!)"," *!("," 0!!"," "," "," "," "," "," "," "]},"3558":{"keys":[186,172],"grid":[" "," "," "," "," "," "," "," "," "," "," "," "," ","!! 0","!# /","!$ ."]}},"5293":{"3559":{"keys":[186,172],"grid":[" "," "," "," "," "," "," "," "," ","!( *","!0 !","!","!","!","!","!"]}},"5290":{"3557":{"keys":[172,186],"grid":[" +!'"," ,!&"," -!%"," .!$","03"," /!#"," 0!!"," "," "," "," "," "," "," "," "," "]},"3556":{"keys":[186,172],"grid":[" "," "," "," ","!! 0","!# /","!$ .","06","!% -","!& ,","!' +","10","!( *","!) )","!* (","!+ '"]}},"5291":{"3557":{"keys":[186,172],"grid":[" "," "," "," "," "," "," "," ","!! 0","08","!# /","!$ .","!% -","!& ,","13","!' +"]},"3558":{"keys":[172,186],"grid":[" (!*"," )!)","01"," *!("," +!'"," ,!&"," -!%","06"," .!$"," /!#"," 0!!","10"," "," "," "," "]}},"5343":{"3492":{"keys":[171,186],"grid":[" "," "," "," "," "," "," "," "," "," "," "," "," "," "," "," 0!!"]},"3566":{"keys":[172,186],"grid":[" %!-"," -!%"," "," "," "," "," "," "," "," "," "," "," "," "," "," "]},"3493":{"keys":[171,186],"grid":[" .!$"," ,!&"," *!("," (!*"," &!,"," $!."," !!0","!","!","!","!","!","!","!","!","!"]}},"5357":{"3544":{"keys":[186,187],"grid":[" "," "," "," "," "," "," "," "," "," "," "," "," "," "," "," 0!!"]},"3545":{"keys":[186,187],"grid":[" .!$"," -!%"," ,!&"," +!'"," *!("," )!)"," (!*"," '!+"," &!,"," %!-"," $!."," #!/"," !!0","12","!","!"]},"3574":{"keys":[172,187],"grid":[" +!'","00"," ,!&","02"," -!%"," .!$","05"," /!#","07"," 0!!"," "," "," "," "," "," "]},"3485":{"keys":[171,186],"grid":[" 0!!"," .!$"," -!%"," +!'"," *!("," (!*"," '!+"," %!-"," $!."," !!0","!","!","!","!","!","!"]},"3484":{"keys":[171],"grid":[" "," "," "," "," "," "," "," "," "," "," "," "," "," "," "," "]},"3573":{"keys":[187,172],"grid":[" ","!! 0","01","!# /","03","!$ .","!% -","06","!& ,","08","!' +","!( *","11","!) )","13","!* ("]}},"5356":{"3545":{"keys":[186,187],"grid":[" "," "," "," "," "," "," "," "," "," "," "," "," "," "," "," 0!!"]},"3546":{"keys":[186,187],"grid":[" /!#","00"," .!$"," -!%","03","03","03","03"," ,!&","08","08","08","08"," +!'","13","13"]},"3547":{"keys":[186,187],"grid":[" +!'","00"," *!(","02","02","02","02","02"," )!)","08","08","08","08","08"," (!*","14"]},"3548":{"keys":[186,187],"grid":[" (!*","00"," '!+","02","02","02"," &!,","06","06","06"," %!-","10","10","10"," $!.","14"]},"3485":{"keys":[171,186],"grid":[" "," "," "," "," "," "," "," "," "," "," "," /!#"," .!$"," -!%"," +!'"," *!("]},"3549":{"keys":[186,187],"grid":[" $!.","00"," #!/","02","02","02","02"," !!0","07","07","07","07","!","!","!","!"]},"3573":{"keys":[172],"grid":[" "," "," "," "," "," "," "," "," "," "," "," "," "," "," "," "]},"3572":{"keys":[172,187],"grid":[" (!*","00"," )!)","02"," *!(","04"," +!'"," ,!&","07"," -!%","09"," .!$"," /!#","12"," 0!!","14"]},"3571":{"keys":[187,172],"grid":[" "," "," "," "," "," ","!! 0","06","!# /","08","!$ .","!% -","11","!& ,","13","!' +"]},"3486":{"keys":[171,186],"grid":[" (!*"," '!+"," %!-"," $!."," !!0","!","!","!","!","!","!","!","!","!","!","!"]}},"5355":{"3552":{"keys":[187],"grid":[" "," "," "," "," "," "," "," "," "," "," "," "," "," "," "," "]},"3551":{"keys":[186,187],"grid":[" *!(","00","00"," )!)","03"," (!*","05"," '!+","07"," &!,"," %!-"," $!.","11"," #!/"," !!0","14"]},"3550":{"keys":[186,187],"grid":[" 0!!"," /!#","01","01"," .!$","04","04"," -!%","07","07"," ,!&","10","10"," +!'","13","13"]},"3569":{"keys":[187,172],"grid":[" "," "," "," "," "," "," "," "," "," "," "," ","!! 0","!# /","13","!$ ."]},"3571":{"keys":[172,187],"grid":[" .!$"," /!#","01"," 0!!","03"," "," "," "," "," "," "," "," "," "," "," "]},"3570":{"keys":[172,187],"grid":[" $!."," %!-"," &!,","02"," '!+","04"," (!*"," )!)","07"," *!(","09"," +!'"," ,!&","12"," -!%","14"]},"3487":{"keys":[186],"grid":[" "," "," "," "," "," "," "," "," "," "," "," "," "," "," "," "]},"3486":{"keys":[171,186],"grid":[" "," "," "," "," "," "," /!#"," .!$"," ,!&"," +!'"," )!)"," (!*"," &!,"," %!-"," #!/"," !!0"]},"3549":{"keys":[186,187],"grid":[" "," "," "," "," "," "," "," "," "," "," "," "," "," "," 0!!","14"]}},"5354":{"3553":{"keys":[186,187],"grid":[" (!*","00"," '!+"," &!,","03"," %!-"," $!.","06"," #!/","08"," !!0","10","!","!","!","!"]},"3552":{"keys":[186,187],"grid":[" "," 0!!","01"," /!#","03"," .!$","05","05"," -!%","08","08"," ,!&","11"," +!'"," *!("," )!)"]},"3568":{"keys":[187,172],"grid":[" ","!! 0","!# /","02","!$ .","04","!% -","!& ,","07","!' +","09","!( *","11","!) )","!* (","14"]},"3569":{"keys":[172,187],"grid":[" +!'","00"," ,!&"," -!%","03"," .!$","05"," /!#"," 0!!","08"," "," "," "," "," "," "]},"3487":{"keys":[171,186],"grid":[" "," /!#"," .!$"," ,!&"," +!'"," )!)"," (!*"," &!,"," %!-"," #!/"," !!0","!","!","!","!","!"]},"3567":{"keys":[187],"grid":[" "," "," "," "," "," "," "," "," "," "," "," "," "," "," "," "]}},"5353":{"3488":{"keys":[171,186],"grid":[" )!)"," '!+"," &!,"," %!-"," #!/"," !!0","!","!","!","!","!","!","!","!","!","!"]},"3555":{"keys":[186,187],"grid":[" %!-","00"," $!.","02","02"," #!/","05","05","05","05","05","05"," !!0","12","12","12"]},"3554":{"keys":[186,187],"grid":[" /!#"," .!$","01"," -!%","03"," ,!&"," +!'"," *!("," )!)","08"," (!*","10"," '!+","12"," &!,"," %!-"]},"3553":{"keys":[186,187],"grid":[" "," "," "," "," "," "," "," "," "," "," "," "," "," "," 0!!","14"]},"3567":{"keys":[172,187],"grid":[" (!*","00"," )!)"," *!(","03"," +!'","05"," ,!&"," -!%","08"," .!$","10"," /!#"," 0!!","13"," "]},"3556":{"keys":[186,187],"grid":[" !!0","00","00","00","00","00","00","!","!","!","!","!","!","!","!","!"]},"3487":{"keys":[171,186],"grid":[" "," "," "," "," "," "," "," "," "," "," "," 0!!"," /!#"," -!%"," ,!&"," *!("]},"3566":{"keys":[187,172],"grid":[" "," "," "," "," "," ","!! 0","06","!# /","!$ .","09","!% -","11","!& ,","!' +","14"]}},"5198":{"3384":{"keys":[170,188],"grid":[" "," ","!! 0","!# /","!$ .","!% -","!& ,","!' +","!( *","!* (","!+ '","!- %","!/ #","!","!","!"]},"3379":{"keys":[170,171],"grid":[" '!+","00","00","00","00"," (!*","05","05","05"," )!)","09","09"," *!(","12"," +!'","14"]},"3380":{"keys":[170,171],"grid":[" -!%"," .!$"," /!#"," 0!!"," "," "," "," "," "," "," "," "," "," "," "," "]},"3378":{"keys":[170,171],"grid":[" &!,","00","00","00","00"," '!+","05","05","05","05","05","05","05","05","05","05"]},"3377":{"keys":[171,170],"grid":[" "," "," "," "," "," "," "," "," ","!! 0","09","!# /","!$ .","12","!% -","14"]},"3417":{"keys":[188],"grid":[" "," "," "," "," "," "," "," "," "," "," "," "," "," "," "," "]},"3418":{"keys":[172],"grid":[" "," "," "," "," "," "," "," "," "," "," "," "," "," "," "," "]}},"5351":{"3489":{"keys":[171,186],"grid":[" 0!!"," .!$"," ,!&"," *!("," (!*"," &!,"," $!."," !!0","!","!","!","!","!","!","!","!"]},"3566":{"keys":[186,172],"grid":[" *!("," )!)","01"," (!*"," '!+"," &!,"," %!-","06"," $!."," #!/"," !!0","!","!","!","!","!"]},"3565":{"keys":[186,172],"grid":[" "," "," "," "," "," "," "," "," "," 0!!"," /!#"," .!$","11"," -!%"," ,!&"," +!'"]}},"5350":{"3489":{"keys":[171,186],"grid":[" "," "," "," "," "," "," "," "," 0!!"," .!$"," ,!&"," *!("," (!*"," &!,"," $!."," !!0"]},"3566":{"keys":[186,172],"grid":[" "," "," "," "," "," "," "," "," "," "," "," "," 0!!","12"," /!#","!) &!$"]},"3567":{"keys":[172],"grid":[" "," "," "," "," "," "," "," "," "," "," "," "," "," "," "," "]}},"5195":{"3372":{"keys":[170,171],"grid":[" )!)","00"," *!("," +!'"," ,!&"," -!%"," .!$","06"," /!#"," 0!!"," "," "," "," "," "," "]},"3382":{"keys":[188,170],"grid":[" -!%"," /!#"," 0!!"," "," "," "," "," "," "," "," "," "," "," "," "," "]},"3418":{"keys":[188,172],"grid":[" "," #!/","!","!","!","!","!","!","!","!","!","!","!","!","!","!"]},"3371":{"keys":[171,170],"grid":[" "," "," "," "," "," "," ","!! 0","07","!# /","!$ .","10","!% -","!& ,","!' +","!( *"]},"3381":{"keys":[170,188],"grid":[" "," "," "," "," "," "," ","!! 0","!$ .","!% -","!& ,","!' +","!) )","!* (","!+ '","!, &"]}},"5194":{"3418":{"keys":[188,172],"grid":[" "," ","!","!","!","!","!","!","!","!","!","!","!","!","!","!"]},"3370":{"keys":[171,170],"grid":[" "," "," "," "," "," "," "," "," "," "," "," "," "," "," &!! +","!* ("]},"3371":{"keys":[170,171],"grid":[" ,!&"," .!$"," /!#","02"," 0!!"," "," "," "," "," "," "," "," "," "," "," "]},"3380":{"keys":[170,188],"grid":[" "," "," "," "," "," "," "," "," "," "," ","!! 0","!$ .","!% -","!& ,","!( *"]},"3381":{"keys":[188,170],"grid":[" )!)"," +!'"," ,!&"," -!%"," /!#"," 0!!"," "," "," "," "," "," "," "," "," "," "]}},"5197":{"3384":{"keys":[188,170],"grid":[" 0!!"," "," "," "," "," "," "," "," "," "," "," "," "," "," "," "]},"3383":{"keys":[170,188],"grid":[" "," ","!! 0","!# /","!$ .","!% -","!& ,","!' +","!( *","!) )","!* (","!+ '","!, &","!- %","!. $","!/ #"]},"3377":{"keys":[170,171],"grid":[" *!("," +!'"," ,!&"," -!%"," .!$"," /!#"," 0!!"," "," "," "," "," "," "," "," "," "]},"3376":{"keys":[170,171],"grid":[" #!/","00","00"," !!0","00","00","00","00"," $!."," %!-","09"," &!,"," '!+","12"," (!*"," )!)"]},"3375":{"keys":[170,171],"grid":[" ,!&","00","00","00"," +!'","04"," *!(","06"," )!)","08"," (!*"," '!+"," &!,"," %!-","13"," $!."]},"3374":{"keys":[170,171],"grid":[" &!,"," '!+"," (!*"," )!)"," *!("," +!'","05","05"," ,!&","08","08","08","08","08","08","08"]},"3373":{"keys":[171,170],"grid":[" "," "," "," "," "," "," "," "," "," "," "," "," ","!# /","!$ .","!% -"]},"3418":{"keys":[188,172],"grid":[" !!0","!","!","!","!","!","!","!","!","!","!","!","!","!","!","!"]}},"5196":{"3373":{"keys":[170,171],"grid":[" '!+"," (!*"," )!)"," *!(","03"," +!'"," ,!&","06"," -!%"," .!$"," /!#"," 0!!"," "," "," "," "]},"3382":{"keys":[170,188],"grid":[" "," "," "," ","!! 0","!$ .","!% -","!& ,","!' +","!( *","!* (","!+ '","!, &","!- %","!. $","!/ #"]},"3372":{"keys":[171,170],"grid":[" "," "," "," "," "," "," "," "," "," "," ","!! 0","!# /","!$ .","!% -","!& ,"]},"3418":{"keys":[188,172],"grid":[" ","!","!","!","!","!","!","!","!","!","!","!","!","!","!","!"]},"3383":{"keys":[188,170],"grid":[" 0!!"," "," "," "," "," "," "," "," "," "," "," "," "," "," "," "]}},"5191":{"3367":{"keys":[171],"grid":[" "," "," "," "," "," "," "," "," "," "," "," "," "," "," "," "]},"3368":{"keys":[170,171],"grid":[" #!/"," %!-"," &!,"," (!*"," *!("," ,!&"," -!%"," .!$"," 0!!","08"," "," "," "," "," "," "]},"3418":{"keys":[188,172],"grid":[" "," "," ","!","!","!","!","!","!","!","!","!","!","!","!","!"]},"3379":{"keys":[170,188],"grid":[" ","!* (","!. $","!","!","!","!","!","!","!","!","!","!","!","!","!"]}},"5190":{"3367":{"keys":[171,170],"grid":[" "," "," "," "," "," "," "," "," "," "," ","!% -","!* (","!, &","!/ #","!"]},"3418":{"keys":[188,172],"grid":[" "," "," "," &!,","!","!","!","!","!","!","!","!","!","!","!","!"]},"3379":{"keys":[170,188],"grid":[" ","!","!","!","!","!","!","!","!","!","!","!","!","!","!","!"]}},"5359":{"3540":{"keys":[186,187],"grid":[" /!#"," .!$"," -!%"," ,!&"," +!'"," *!(","05"," )!)"," (!*"," '!+","09"," &!,","11"," %!-"," $!.","14"]},"3541":{"keys":[186,187],"grid":[" $!."," #!/","01"," !!0","03","03","!","!","!","!","!","!","!","!","!","!"]},"3577":{"keys":[172,187],"grid":[" '!+"," (!*","01"," )!)"," *!(","04"," +!'","06"," ,!&"," -!%","09"," .!$","11"," /!#"," 0!!","14"]},"3576":{"keys":[187,172],"grid":[" "," "," "," "," "," "," ","!! 0","!# /","08","!$ .","10","!% -","!& ,","13","!' +"]},"3484":{"keys":[171,186],"grid":[" '!+"," &!,"," $!."," #!/","!","!","!","!","!","!","!","!","!","!","!","!"]},"3533":{"keys":[186,187],"grid":[" "," "," "," "," "," "," "," "," "," "," "," "," 0!!"," .!$"," ,!&"," *!("]},"3535":{"keys":[187,186],"grid":[" "," ","!! 0","!$ .","!% -","!' +","!( *","!* (","!- %","!0 !","!","!","!","!","!","!"]},"3534":{"keys":[186,187],"grid":[" (!*"," %!-"," #!/","!","!","!","!","!","!","!","!","!","!","!","!","!"]},"3539":{"keys":[186,187],"grid":[" "," "," "," "," "," "," "," "," "," "," "," "," "," "," 0!!","14"]},"3483":{"keys":[171,186],"grid":[" "," "," "," "," "," "," "," "," "," "," 0!!"," /!#"," -!%"," ,!&"," *!("," )!)"]},"3578":{"keys":[172],"grid":[" "," "," "," "," "," "," "," "," "," "," "," "," "," "," "," "]}},"5358":{"3544":{"keys":[186,187],"grid":[" )!)","00"," (!*","02","02","02"," '!+","06"," &!,","08"," %!-"," $!."," #!/"," !!0","!","!"]},"3541":{"keys":[186,187],"grid":[" "," "," "," "," "," "," "," "," 0!!","08","08"," /!#","11","11","11"," .!$"]},"3542":{"keys":[186,187],"grid":[" .!$","00","00","00","00","00","00","00","00","00","00"," -!%","11","11","11","11"]},"3543":{"keys":[186,187],"grid":[" -!%","00","00","00"," ,!&","04","04","04"," +!'","08","08"," *!(","11","11"," )!)","14"]},"3575":{"keys":[172,187],"grid":[" $!."," %!-","01"," &!,"," '!+","04"," (!*","06"," )!)"," *!(","09"," +!'","11"," ,!&"," -!%","14"]},"3574":{"keys":[187,172],"grid":[" "," "," "," "," "," "," "," "," "," "," "," ","!! 0","12","!# /","!$ ."]},"3576":{"keys":[172,187],"grid":[" .!$","00"," /!#"," 0!!","03"," "," "," "," "," "," "," "," "," "," "," "]},"3484":{"keys":[171,186],"grid":[" "," "," "," "," "," 0!!"," .!$"," -!%"," +!'"," *!("," )!)"," '!+"," &!,"," $!."," #!/","!"]},"3535":{"keys":[186,187],"grid":[" /!#"," "," "," "," "," "," "," "," "," "," "," "," "," "," "," "]},"3534":{"keys":[186,187],"grid":[" "," "," "," "," /!#"," -!%"," ,!&"," +!'"," *!(","08","07","07","06","05","05"," .!$"]}},"5345":{"3492":{"keys":[171,186],"grid":[" /!#"," -!%"," +!'"," )!)"," '!+"," %!-"," #!/","!","!","!","!","!","!","!","!","!"]},"3566":{"keys":[186,172],"grid":[" "," "," "," ","!$ .","!+ '","!","!","!","!","!","!","!","!","!","!"]},"3491":{"keys":[171],"grid":[" "," "," "," "," "," "," "," "," "," "," "," "," "," "," "," "]}},"5289":{"3556":{"keys":[172,186],"grid":[" /!#"," 0!!","01"," "," "," "," "," "," "," "," "," "," "," "," "," "]},"3555":{"keys":[172,186],"grid":[" !!0"," #!/"," $!."," %!-","03"," &!,"," '!+"," (!*"," )!)","08"," *!("," +!'"," ,!&"," -!%","13"," .!$"]},"3554":{"keys":[186,172],"grid":[" "," "," "," "," "," "," "," "," "," "," "," "," "," "," ","!! 0"]}},"5288":{"3554":{"keys":[172,186],"grid":[" &!,"," '!+","01"," (!*"," )!)"," *!("," +!'","06"," ,!&"," -!%"," .!$","10"," /!#"," 0!!"," "," "]},"3553":{"keys":[186,172],"grid":[" "," "," "," "," "," "," "," "," "," "," ","!! 0","!# /","!$ .","13","!% -"]}},"5162":{"3393":{"keys":[170,188],"grid":[" ,!&"," +!'","01"," *!("," )!)"," (!*","05"," '!+"," &!,"," %!-","09"," $!.","11"," #!/"," !!0","14"]},"3392":{"keys":[170,188],"grid":[" "," "," "," "," "," "," "," "," "," "," "," 0!!"," /!#","12"," .!$"," -!%"]},"3394":{"keys":[188],"grid":[" "," "," "," "," "," "," "," "," "," "," "," "," "," "," "," "]},"3404":{"keys":[188,172],"grid":[" "," ","!& ,","!. $","!","!","!","!","!","!","!","!","!","!","!","!"]}},"5163":{"3391":{"keys":[170,188],"grid":[" 0!!","00"," /!#"," .!$","03"," -!%","05"," ,!&"," +!'","08"," *!("," )!)","11"," (!*","13"," '!+"]},"3390":{"keys":[170],"grid":[" "," "," "," "," "," "," "," "," "," "," "," "," "," "," "," "]},"3392":{"keys":[170,188],"grid":[" &!,","00"," %!-","02"," $!.","04"," #!/","06"," !!0","!","!","!","!","!","!","!"]},"3404":{"keys":[188,172],"grid":[" "," "," "," ","!& ,","!- %","!","!","!","!","!","!","!","!","!","!"]}},"5164":{"3390":{"keys":[170,188],"grid":[" *!("," )!)","01"," (!*","03"," '!+"," &!,","06"," %!-","08"," $!.","10"," #!/"," !!0","13","!"]},"3404":{"keys":[188,172],"grid":[" "," "," "," "," "," ","!% -","!- %","!","!","!","!","!","!","!","!"]},"3389":{"keys":[170,188],"grid":[" "," "," "," 0!!","03"," /!#","05"," .!$","07"," -!%","09"," ,!&"," +!'","12","12"," *!("]}},"5165":{"3386":{"keys":[170,188],"grid":[" "," "," "," "," "," "," "," "," "," "," 0!!","10"," /!#","12"," .!$","14"]},"3387":{"keys":[170,188],"grid":[" -!%","00","00"," ,!&","03","03"," +!'","06","06"," *!(","09","09"," )!)","12","12","12"]},"3404":{"keys":[188,172],"grid":[" "," "," "," "," "," "," "," ","!% -","!, &","!","!","!","!","!","!"]},"3388":{"keys":[170,188],"grid":[" (!*","00","00"," '!+","03","03"," &!,","06"," %!-","08","08"," $!.","11"," #!/","13"," !!0"]},"3389":{"keys":[170,188],"grid":[" !!0","!","!","!","!","!","!","!","!","!","!","!","!","!","!","!"]}},"5166":{"3386":{"keys":[170,188],"grid":[" %!-","00"," $!.","02","02"," #!/","05"," !!0","!","!","!","!","!","!","!","!"]},"3384":{"keys":[170,188],"grid":[" "," "," "," "," "," "," 0!!","06"," /!#","08"," .!$","10"," -!%","12"," ,!&","14"]},"3385":{"keys":[170,188],"grid":[" ,!&"," +!'","01","01"," *!(","04"," )!)","06"," (!*","08","08"," '!+","11"," &!,","13","13"]},"3404":{"keys":[188,172],"grid":[" "," "," "," "," "," "," "," "," "," ","!$ .","!, &","!","!","!","!"]}},"5167":{"3384":{"keys":[170,188],"grid":[" #!/"," !!0","01","01","!","!","!","!","!","!","!","!","!","!","!","!"]},"3381":{"keys":[170,188],"grid":[" "," "," "," "," "," "," "," "," "," 0!!","09"," /!#","11"," .!$","13"," -!%"]},"3382":{"keys":[170,188],"grid":[" -!%","00"," ,!&","02","02"," +!'","05"," *!(","07","07","07"," )!)","11","11"," (!*","14"]},"3383":{"keys":[170,188],"grid":[" (!*","00"," '!+","02","02","02"," &!,","06","06"," %!-","09","09"," $!.","12","12"," #!/"]},"3404":{"keys":[188,172],"grid":[" "," "," "," "," "," "," "," "," "," "," "," ","!# /","!+ '","!","!"]}},"5281":{"3544":{"keys":[186,172],"grid":[" "," "," "," "," "," "," "," "," "," "," ","!! 0","!# /","12","!$ .","!% -"]},"3545":{"keys":[172,186],"grid":[" &!,","00"," '!+"," (!*"," )!)"," *!(","05"," +!'"," ,!&"," -!%","09"," .!$"," /!#"," 0!!"," "," "]}},"5280":{"3544":{"keys":[172,186],"grid":[" )!)"," *!("," +!'"," ,!&","03"," -!%"," .!$"," /!#","07"," 0!!"," "," "," "," "," "," "]},"3543":{"keys":[186,172],"grid":[" "," "," "," "," "," "," ","!! 0","!# /","!$ .","!% -","10","!& ,","!' +","!( *","14"]}},"5283":{"3547":{"keys":[186,172],"grid":[" "," "," "," ","!! 0","04","!# /","!$ .","!% -","!& ,","09","!' +","!( *","!) )","13","!* ("]},"3548":{"keys":[172,186],"grid":[" +!'"," ,!&"," -!%","02"," .!$"," /!#"," 0!!","06"," "," "," "," "," "," "," "," "]}},"5282":{"3545":{"keys":[186],"grid":[" "," "," "," "," "," "," "," "," "," "," "," "," "," "," "," "]},"3546":{"keys":[172,186],"grid":[" !!0"," #!/"," $!.","02"," %!-"," &!,"," '!+"," (!*","07"," )!)"," *!("," +!'","11"," ,!&"," -!%"," .!$"]},"3547":{"keys":[172,186],"grid":[" /!#","00"," 0!!"," "," "," "," "," "," "," "," "," "," "," "," "," "]}},"5285":{"3549":{"keys":[186,172],"grid":[" "," "," "," "," "," "," "," "," "," "," "," "," ","!! 0","13","!# /"]},"3551":{"keys":[172,186],"grid":[" 0!!"," "," "," "," "," "," "," "," "," "," "," "," "," "," "," "]},"3550":{"keys":[172,186],"grid":[" $!."," %!-"," &!,","02"," '!+"," (!*"," )!)","06"," *!("," +!'"," ,!&"," -!%","11"," .!$"," /!#"," 0!!"]}},"5319":{"3562":{"keys":[186,172],"grid":[" "," "," "," "," "," "," "," "," "," "," "," "," "," ","!! 0","!) )"]},"3563":{"keys":[172],"grid":[" "," "," "," "," "," "," "," "," "," "," "," "," "," "," "," "]}},"5287":{"3553":{"keys":[172,186],"grid":[" )!)"," *!("," +!'"," ,!&"," -!%","04"," .!$"," /!#"," 0!!","08"," "," "," "," "," "," "]},"3552":{"keys":[186,172],"grid":[" "," "," "," "," "," ","!! 0","06","!# /","!$ .","!% -","10","!& ,","!' +","!( *","!) )"]}},"5286":{"3552":{"keys":[172,186],"grid":[" -!%"," .!$","01"," /!#"," 0!!"," "," "," "," "," "," "," "," "," "," "," "]},"3551":{"keys":[186,172],"grid":[" "," ","!! 0","!# /","!$ .","04","!% -","!& ,","!' +","08","!( *","!) )","!* (","!+ '","13","!, &"]}},"5201":{"3417":{"keys":[188,172],"grid":[" "," "," "," "," "," "," "," "," "," "," "," "," "," "," *!(","!"]},"3380":{"keys":[171],"grid":[" "," "," "," "," "," "," "," "," "," "," "," "," "," "," "," "]},"3381":{"keys":[170,171],"grid":[" $!."," '!+"," (!*"," )!)"," +!'"," -!%"," 0!!"," "," "," "," "," "," "," "," "," "]}},"5200":{"3417":{"keys":[188,172],"grid":[" "," "," "," "," "," "," "," "," "," "," "," "," "," "," ","!"]},"3385":{"keys":[170,188,""],"grid":[" "," "," "," "," "," "," ","!# /","!% -","!' +","!( *","!* (","!, &","!. $","!0 !","!0#!"]},"3380":{"keys":[171,170],"grid":[" "," "," "," "," "," "," "," "," "," ","!$ .","!) )","!+ '","!, &","!- %","!0 !"]}},"5203":{"3417":{"keys":[188,"",172],"grid":[" )!)","00","00","00","00","00","00","00"," -!%","08","08","08"," *!("," +!'","#+!'","14"]},"3382":{"keys":[171,170],"grid":[" ","!! 0","!$ .","!% -","!' +","!( *","!* (","!+ '","!- %","!. $","!0 !","!","!","!","!","!"]}},"5318":{"3562":{"keys":[186,172],"grid":[" "," "," "," "," "," "," "," "," "," "," "," ","!! 0","!* (","!","!"]}},"5205":{"3384":{"keys":[170],"grid":[" "," "," "," "," "," "," "," "," "," "," "," "," "," "," "," "]},"3383":{"keys":[171,170],"grid":[" "," "," "," "," "," ","!! 0","!# /","!% -","!& ,","!( *","!) )","!+ '","!, &","!. $","!/ #"]}},"5204":{"3382":{"keys":[171,170],"grid":[" "," "," "," "," "," "," "," "," "," "," "," ","!# /","!$ .","!& ,","!' +"]},"3383":{"keys":[170,171],"grid":[" )!)"," *!("," ,!&"," -!%"," /!#"," 0!!"," "," "," "," "," "," "," "," "," "," "]}},"5207":{"3384":{"keys":[171,170],"grid":[" "," "," "," "," "," "," "," "," "," "," "," ","!# /","!$ .","!& ,","!' +"]},"3385":{"keys":[170,171],"grid":[" )!)"," *!("," ,!&"," -!%"," /!#"," 0!!"," "," "," "," "," "," "," "," "," "," "]}},"5206":{"3384":{"keys":[171,170],"grid":[" ","!! 0","!$ .","!% -","!' +","!( *","!* (","!+ '","!- %","!. $","!0 !","!","!","!","!","!"]}},"5199":{"3417":{"keys":[188,172],"grid":[" "," "," "," "," "," "," "," "," "," "," "," "," "," "," "," +!'"]},"3384":{"keys":[170,188],"grid":[" "," "," "," "," "," "," "," "," "," "," "," "," "," ","!# /","!% -"]},"3385":{"keys":[188,170],"grid":[" &!,"," (!*"," *!("," ,!&"," .!$"," /!#"," "," "," "," "," "," "," "," "," "," "]},"3380":{"keys":[171,170],"grid":[" "," "," "," ","!! 0","!$ .","!& ,","!* (","!- %","!","!","!","!","!","!","!"]}},"5352":{"3489":{"keys":[186],"grid":[" "," "," "," "," "," "," "," "," "," "," "," "," "," "," "," "]},"3488":{"keys":[171,186],"grid":[" "," "," "," "," "," "," 0!!"," /!#"," -!%"," ,!&"," *!("," )!)"," '!+"," &!,"," $!."," !!0"]},"3560":{"keys":[186,187],"grid":[" )!)","00","00","00","00","00"," *!(","06","06","06","06","06","06","06","06","06"]},"3561":{"keys":[186,187],"grid":[" *!(","00","00","00","00","00","00","00"," +!'","08","08","08","08","08","08","08"]},"3566":{"keys":[172,187],"grid":[" .!$"," /!#","01"," 0!!"," "," "," "," "," "," "," "," "," "," "," "," "]},"3564":{"keys":[186,187],"grid":[" (!*","00"," '!+","02","02","02"," &!,","06","06","06"," %!-","10","10","10","06","06"]},"3556":{"keys":[186,187],"grid":[" "," "," "," "," "," "," "," "," 0!!","08"," /!#","10"," .!$","12","12"," -!%"]},"3565":{"keys":[186,187,172],"grid":[" &!,","00"," '!+"," %##!+"," $#$!+"," ##&!*","05"," !#(!)","#)!)","#*!(","#+!'","10","#,!&","12","#-!%","#.!$"]},"3559":{"keys":[186,187],"grid":[" *!(","00"," )!)","02","02","02","02"," (!*","07","07","07","07","07","07","07","02"]},"3558":{"keys":[186,187],"grid":[" *!(","00","00","00","00","00","00","00","00","00","00","00","00","00","00","00"]},"3563":{"keys":[186,187],"grid":[" *!(","00","00","00","00","00","00"," )!)","07","07","07","07"," (!*","12","12","12"]},"3562":{"keys":[186,187],"grid":[" +!'","00","00","00","00","00","00","00","00","00","00","00","00","00","00","00"]},"3557":{"keys":[186,187],"grid":[" -!%"," ,!&","01","01"," +!'","04"," *!(","06","06","06","06","06","06","06","06","06"]}},"5362":{"3581":{"keys":[187,172],"grid":[" "," "," "," "," "," "," ","!! 0","07","!# /","!$ .","10","!% -","12","!& ,","!' +"]},"3582":{"keys":[172,187],"grid":[" '!+"," (!*","01"," )!)"," *!(","04"," +!'","06"," ,!&"," -!%","08","08","08","06","06","06"]},"3583":{"keys":[172,187],"grid":[" +!'"," *!(","01","01"," )!)","04","04"," (!*","07","07"," '!+","10","10"," &!,","13","13"]},"3481":{"keys":[171,186],"grid":[" "," "," "," "," "," "," "," "," "," "," /!#"," .!$"," -!%"," +!'"," *!("," (!*"]},"3482":{"keys":[171,186],"grid":[" '!+"," %!-"," $!."," !!0","!","!","!","!","!","!","!","!","!","!","!","!"]},"3532":{"keys":[186,187],"grid":[" "," "," "," "," 0!!"," .!$"," +!'"," (!*"," %!-"," #!/","!","!","!","!","!","!"]}},"5363":{"3481":{"keys":[171,186],"grid":[" .!$"," -!%"," +!'"," *!("," (!*"," '!+"," %!-"," $!."," !!0","!","!","!","!","!","!","!"]},"3480":{"keys":[171,186],"grid":[" "," "," "," "," "," "," "," "," "," "," "," "," "," "," "," 0!!"]},"3531":{"keys":[186,187],"grid":[" "," "," "," "," "," "," "," "," "," "," "," "," "," 0!!"," .!$"," ,!&"]},"3532":{"keys":[186,187],"grid":[" )!)"," '!+"," %!-"," #!/","!","!","!","!","!","!","!","!","!","!","!","!"]}},"5360":{"3579":{"keys":[172,187],"grid":[" *!("," +!'"," ,!&","02"," -!%","04"," .!$"," /!#","07"," 0!!","09"," "," "," "," "," "]},"3578":{"keys":[187,172],"grid":[" "," ","!! 0","!# /","03","!$ .","05","!% -","!& ,","08","!' +","10","!( *","!) )","13","!* ("]},"3483":{"keys":[171,186],"grid":[" /!#"," -!%"," ,!&"," *!("," )!)"," (!*"," &!,"," %!-"," #!/"," !!0","!","!","!","!","!","!"]},"3482":{"keys":[171,186],"grid":[" "," "," "," "," "," "," "," "," "," "," "," "," "," "," "," 0!!"]},"3533":{"keys":[186,187],"grid":[" "," "," "," /!#"," .!$"," -!%"," ,!&"," +!'"," (!*"," &!,"," $!."," !!0","!","!","!","!"]},"3535":{"keys":[187,186],"grid":[" "," "," "," "," "," "," "," "," "," "," ","!! 0","!$ .","!% -","!' +","14"]},"3537":{"keys":[186,187],"grid":[" (!*","00","00","00","00","00","00","00","00","00","00","00","00","00"," )!)","14"]},"3536":{"keys":[186,187],"grid":[" (!*","00","00"," )!)","03","03","03","03","03","03","03","03","03","03","00","00"]},"3539":{"keys":[186,187],"grid":[" )!)","00","00"," (!*","03"," '!+"," &!,","06"," %!-"," $!.","09"," #!/"," !!0","!","!","!"]},"3538":{"keys":[186,187],"grid":[" )!)","00","00","00","00","00"," *!(","06","06","06","06","06","06","06","06","06"]}},"5361":{"3580":{"keys":[172,187],"grid":[" $!."," %!-","01"," &!,","03"," '!+"," (!*","06"," )!)","08"," *!("," +!'","11"," ,!&","13"," -!%"]},"3581":{"keys":[172,187],"grid":[" .!$","00"," /!#","02"," 0!!"," "," "," "," "," "," "," "," "," "," "," "]},"3579":{"keys":[187,172],"grid":[" "," "," "," "," "," "," "," "," "," "," "," ","!! 0","12","!# /","14"]},"3482":{"keys":[171,186],"grid":[" "," "," "," "," "," /!#"," .!$"," ,!&"," +!'"," )!)"," (!*"," &!,"," %!-"," #!/"," !!0","!"]},"3533":{"keys":[186,187],"grid":[" %!-"," #!/","!","!","!","!","!","!","!","!","!","!","!","!","!","!"]},"3532":{"keys":[186,187],"grid":[" "," "," "," "," "," "," "," "," "," "," 0!!"," .!$"," ,!&"," *!("," )!)"," '!+"]}},"5366":{"3509":{"keys":[186,187],"grid":[" "," "," "," "," "," "," "," "," "," "," "," "," "," "," "," 0!!"]},"3518":{"keys":[186,187],"grid":[" !!0","00","00"," #!/","03","03","03","03","00","!","!","!","!","!","!","!"]},"3513":{"keys":[186,187],"grid":[" !!0","00"," #!/","02","02","02","02"," $!.","07","07","07"," %!-","11","11"," &!,","14"]},"3512":{"keys":[187,186],"grid":[" "," "," "," "," "," "," "," "," "," "," "," ","!! 0","12","12","12"]},"3511":{"keys":[186,187],"grid":[" #!/","00"," !!0","!","!","!","!","!","!","!","!","!","!","!","!","!"]},"3510":{"keys":[186,187],"grid":[" 0!!"," /!#"," .!$"," -!%"," ,!&","04"," +!'"," *!(","07"," )!)"," (!*"," '!+"," &!,","12"," %!-"," $!."]},"3478":{"keys":[171,187],"grid":[" "," "," "," "," "," "," "," "," "," "," "," 0!!"," /!#"," .!$"," -!%"," ,!&"]},"3479":{"keys":[171,187,186],"grid":[" +!'"," *!("," )!)"," (!*"," '!+"," &!,"," %!-"," ##$!,"," !#(!)","#-!%","#0!!","#","#","#","#","#"]},"3515":{"keys":[186,187],"grid":[" #!/","00"," $!.","02","02","02"," %!-","06","06","06","06"," &!,","11"," '!+","13"," (!*"]},"3514":{"keys":[186,187],"grid":[" &!,","00","00","00","00","00","00"," %!-","07","07"," $!.","10","10","10","10","10"]},"3527":{"keys":[187,186],"grid":[" "," "," "," "," "," "," "," "," "," "," "," "," "," ","!! 0","!$ ,!#"]},"3524":{"keys":[186,187],"grid":[" *!(","00","00","00","00","00","00","00","00","00","00","00","00","00"," )!)"," (!*"]},"3532":{"keys":[186,187],"grid":[" "," "," "," "," "," "," "," "," ","!# .!!","!% (!&","!' %!'","!","!","!","!"]},"3522":{"keys":[187,186],"grid":[" "," "," "," "," "," "," "," "," "," ","!! 0","!# /","!$ .","!& ,","!' +","!* ("]},"3523":{"keys":[186,187],"grid":[" *!(","00","00","00","00","00","00","00","00","00","00","00","00","00","00","00"]},"3517":{"keys":[186,187],"grid":[" ,!&"," +!'"," *!("," )!)"," (!*"," '!+"," %!-"," $!."," #!/"," !!0","09","09","09","09","09","09"]},"3525":{"keys":[186,187],"grid":[" '!+","00"," &!,","02"," %!-"," $!."," #!/","06"," !!0","!","!","!","!","!","!","!"]},"3516":{"keys":[186,187],"grid":[" (!*","00"," )!)","02"," *!(","04"," +!'","06"," ,!&","08","08"," -!%","11","11","08","08"]},"3528":{"keys":[186,187],"grid":[" &!( %"," (!$ '"," "," "," "," "," "," "," "," "," "," "," "," "," "," "]}},"5367":{"3509":{"keys":[186,187],"grid":[" "," 0!!"," /!#"," -!%"," ,!&"," *!("," )!)"," '!+"," &!,"," %!-"," $!."," #!/"," !!0","12","!","!"]},"3477":{"keys":[171,187],"grid":[" "," "," "," "," "," "," "," "," "," "," "," "," 0!!"," /!#"," .!$"," -!%"]},"3478":{"keys":[171,187],"grid":[" ,!&"," +!'"," *!("," )!)"," (!*"," '!+"," &!,"," $!."," #!/"," !!0","!","!","!","!","!","!"]},"3479":{"keys":[187,186],"grid":[" "," "," "," "," "," "," "," "," "," "," ","!# /","!' +","!* (","!- %","!0 !"]},"3527":{"keys":[187,186],"grid":[" "," "," "," "," "," "," "," "," "," "," "," "," )!)"," $!.","!","!"]},"3532":{"keys":[186,187],"grid":[" "," /!#"," -!%"," +!'"," )!)"," (!*"," &!,"," $!."," #!/","!","!","!","!","!","!","!"]}},"5364":{"3531":{"keys":[186,187],"grid":[" "," "," "," "," "," "," "," "," "," "," "," %!! ,"," !!* '","!- %","!. $","!/ #"]},"3480":{"keys":[171,186],"grid":[" "," "," "," "," 0!!"," /!#"," -!%"," ,!&"," *!("," )!)"," '!+"," &!,"," $!."," #!/","!","!"]},"3526":{"keys":[186,187],"grid":[" "," "," "," "," "," "," "," "," "," "," .!$","10","10"," -!%","13","13"]},"3532":{"keys":[187,186],"grid":[" /!#"," 0!!","01","01"," "," "," "," "," "," "," "," "," "," "," "," "]},"3527":{"keys":[186,187],"grid":[" ,!&","00","00","00","00"," /!#"," "," "," "," "," "," "," "," "," "," "]}},"5365":{"3519":{"keys":[186,187],"grid":[" (!*","00","00","00","00","00","00"," )!)","07","07","07"," *!(","11","11","11","11"]},"3518":{"keys":[186,187],"grid":[" "," "," "," "," "," "," "," "," "," "," 0!!"," .!$"," ,!&"," *!("," )!)"," (!*"]},"3480":{"keys":[171,186],"grid":[" &!,"," $!."," #!/"," !!0","!","!","!","!","!","!","!","!","!","!","!","!"]},"3511":{"keys":[186,187],"grid":[" "," "," "," "," "," "," 0!!","06","06","06","06","06","06","06"," /!#","14"]},"3521":{"keys":[186,187],"grid":[" ,!&","00","00","00","00","00","00","00","00","00","00","00","00","00","00"," +!'"]},"3479":{"keys":[171,186],"grid":[" "," "," "," "," "," "," "," "," "," 0!!"," /!#"," -!%"," ,!&"," *!("," )!)"," '!+"]},"3526":{"keys":[186,187],"grid":[" -!%"," ,!&"," +!'"," *!("," )!)"," '!+"," &!,"," %!-"," #!/"," !!0","!","!","!","!","!","!"]},"3527":{"keys":[187,186],"grid":[" "," "," "," "," "," !!% ,","!' +","!( *","!* (","!+ '","!- %","!. $","!/ #","!0 !","!","!"]},"3532":{"keys":[186,187],"grid":[" "," "," "," "," "," #!' )","!* (","06","!0 !","!","!","!","!","!","!","!"]},"3522":{"keys":[186,187],"grid":[" +!'","00","00"," ,!&","03","03"," -!%"," /!#"," 0!!"," "," "," "," "," "," "," "]},"3520":{"keys":[186,187],"grid":[" *!("," +!'","01","01"," ,!&","04","04","04","04","04","04","04","04","04","04","04"]},"3512":{"keys":[186,187],"grid":[" /!#"," 0!!","01","01","01","01","01"," "," "," "," "," "," "," "," "," "]},"3525":{"keys":[186,187],"grid":[" "," "," "," "," "," "," "," "," "," "," "," 0!!","11"," /!#"," .!$","14"]}},"5310":{"3561":{"keys":[186,172],"grid":[" "," "," "," "," "," "," "," "," "," "," "," ","!& ,","!. $","!","!"]}},"5368":{"3508":{"keys":[186,187],"grid":[" "," "," "," "," "," "," "," "," "," "," /!#"," ,!&"," *!("," (!*"," &!,"," $!."]},"3509":{"keys":[186,187],"grid":[" !!0","!","!","!","!","!","!","!","!","!","!","!","!","!","!","!"]},"3476":{"keys":[171,187],"grid":[" "," "," "," "," "," "," "," "," "," "," "," "," "," 0!!"," /!#"," .!$"]},"3477":{"keys":[171,187],"grid":[" -!%"," ,!&"," +!'"," *!("," )!)"," '!+"," &!,"," %!-"," $!."," #!/"," !!0","!","!","!","!","!"]},"3480":{"keys":[186,187],"grid":[" $!."," '!+"," *!("," -!%"," "," "," "," "," "," "," "," "," "," "," "," "]},"3479":{"keys":[187],"grid":[" "," "," "," "," "," "," "," "," "," "," "," "," "," "," "," "]},"3531":{"keys":[186,187],"grid":[" "," "," "," "," "," "," "," "," "," "," "," "," "," -!%"," (!*"," $!."]},"3527":{"keys":[187,186],"grid":[" "," "," "," "," "," "," "," "," "," "," .!$"," #!/","!","!","!","!"]},"3532":{"keys":[187],"grid":[" "," "," "," "," "," "," "," "," "," "," "," "," "," "," "," "]}},"5369":{"3508":{"keys":[186,187],"grid":[" "," "," "," "," "," "," "," "," "," %!$ *","!- %","!","!","!","!","!"]},"3475":{"keys":[171,187],"grid":[" "," "," "," "," "," "," "," "," "," "," "," "," "," "," 0!!"," /!#"]},"3476":{"keys":[171,187],"grid":[" .!$"," -!%"," ,!&"," *!("," )!)"," (!*"," '!+"," &!,"," %!-"," $!."," #!/"," !!0","!","!","!","!"]},"3480":{"keys":[187,186],"grid":[" "," "," "," "," ","!$ .","!' +","!* (","!. $","!","!","!","!","!","!","!"]},"3511":{"keys":[187,186],"grid":[" "," 0!!","01","01","01","01"," "," "," "," "," "," "," "," "," "," "]},"3531":{"keys":[186,187],"grid":[" "," "," "," "," "," "," "," "," "," "," &!,"," $!.","!","!","!","!"]},"3527":{"keys":[187,186],"grid":[" "," "," "," "," "," "," "," "," "," ","!% -","10","!$ $!! *","!' +","13","13"]},"3528":{"keys":[186,187],"grid":[" '!+","00","00","00"," (!*"," )!)","05","05"," +!'","08"," *!(","10","05","04","04","04"]},"3529":{"keys":[186,187],"grid":[" )!)","00"," *!(","02"," +!'","04"," ,!&","06"," -!%"," .!$"," /!#"," 0!!"," "," "," "," "]}},"5311":{"3561":{"keys":[186,172],"grid":[" "," "," "," "," "," "," "," "," "," "," "," "," "," ","!& ,","!. $"]}}}}