{"9":{"335":{"224":{"keys":[172,1,187],"grid":[" !!##."," !!!#/","01","01","!##/","!!#0","05","05","#","#","#","#","#","#","#","#"]}},"334":{"227":{"keys":[1,187],"grid":[" #!/","!","!","!","!","!","!","!","!","!","!","!","!","!","!","!"]},"226":{"keys":[172,1,187],"grid":[" )!!#("," (!##("," (!!#)","02"," '!##)"," '!!#*","05"," &!##*"," &!!#+","08"," %!##+"," %!!#,","11"," $!##,"," $!!#-"," !!$#-"]},"225":{"keys":[172,1,187],"grid":[" .!!##"," -!###"," -!!#$","02"," ,!##$"," ,!!#%","05"," +!##%"," +!!#&","08"," *!##&"," *!!#'","11"," )!##'"," )!!#(","14"]},"224":{"keys":[172,1,187],"grid":[" "," "," "," "," "," "," "," 0!!","07","07"," /!#"," /!!#!","11"," .!##!"," .!!##","14"]}},"331":{"227":{"keys":[172,1,187],"grid":[" "," "," "," "," "," "," "," "," "," "," "," 0!!"," -!%"," +!$#$"," (!%#&"," %!%#)"]},"230":{"keys":[187,1],"grid":[" "," "," "," "," "," "," "," "," "," "," "," ","!! 0","12","!# /","14"]},"231":{"keys":[1,187,177],"grid":[" #!/","#! #!.","## !!.","## #!-","#$ !!-","#$ #!,","#% !!,","#% #!+","#& !!+","08","#& #!*","#' !!*","#' #!)","#( !!)","#( #!(","#) !!("]},"232":{"keys":[177,1,187,""],"grid":[" )!##'"," *!!#'","01"," *!##&"," -$%","04","04","04","$","$","$","$","$","$","$","$"]},"228":{"keys":[172,1,187],"grid":[" !!%#,","!##/","#","#","#","#","#","#","#","#","#","#","#","#","#","#"]}},"330":{"230":{"keys":[177,1,187],"grid":[" +!!#&"," +!##%"," ,!!#%"," ,!##$"," -!!#$"," -!###"," .!!##","06"," .!##!"," /!!#!"," /!#"," 0!!","11"," "," "," "]},"229":{"keys":[177,1,187],"grid":[" $!!#-"," $!##,"," %!!#,","02"," %!##+"," &!!#+"," &!##*"," '!!#*"," '!##)"," (!!#)"," (!##("," )!!#(","11"," )!##'"," *!!#'"," *!##&"]},"228":{"keys":[172,1,187,177],"grid":[" "," /!#"," -!$#!"," *!%#$"," '!%#'"," $!%#*","!%#-","!!#0","#","07","07","!##/","$!!!#/","$!!##.","$#!!#.","$#!##-"]}},"333":{"227":{"keys":[172,1,187],"grid":[" /!#"," -!$#!"," *!%#$"," '!%#'"," $!%#*","!%#-","!!#0","#","#","#","#","#","#","#","#","#"]}},"332":{"227":{"keys":[172,1,187],"grid":[" "," "," "," "," "," "," .!$"," ,!$##"," )!%#%"," &!%#("," #!%#+","!$#.","#","#","#","#"]}},"322":{"231":{"keys":[172,1,177],"grid":[" %!& (","!&#$!! (","#)!# '","#*!# &","#+!! &","#+!# %","#,!# $","#-!# #","#.!$","#","#","#","#","#","#","#"]}},"323":{"230":{"keys":[172,1,177],"grid":[" "," "," "," "," "," "," 0!!"," /!#"," .!##!"," .!!##"," -!###"," ,!##$"," ,!!#%"," +!##%"," +!!#&"," *!##&"]},"231":{"keys":[172,1,177],"grid":[" *!!#'","00"," )!##'"," )!!#("," (!##("," &!$#)"," %!##+"," #!$#,","!$#.","#","#","#","#","#","#","#"]}},"320":{"230":{"keys":[172,1,177],"grid":[" "," "," "," "," "," "," "," "," "," "," "," "," ","!( *","#'!$ (","#)!' #"]},"231":{"keys":[177,1],"grid":[" .!$"," "," "," "," "," "," "," "," "," "," "," "," "," "," "," "]}},"321":{"231":{"keys":[1,172,177],"grid":[" '!+","#& ,","#","#","#","#","#","#","#","#","#","#","#","#","#","#"]}},"326":{"229":{"keys":[1,177],"grid":[" &!,","!","!","!","!","!","!","!","!","!","!","!","!","!","!","!"]},"228":{"keys":[172,1,177],"grid":[" "," "," "," "," "," "," "," "," "," "," "," "," "," "," .!$"," %!+##"]}},"327":{"228":{"keys":[172,1,177],"grid":[" "," "," "," "," "," "," "," "," "," "," "," "," "," (!*","!)#)","#"]}},"324":{"230":{"keys":[172,1,177],"grid":[" %!!#,"," $!##,"," #!##-"," !!##."," !!!#/","!##/","!!#0","#","#","#","#","#","#","#","#","#"]},"229":{"keys":[172,1,177],"grid":[" "," "," "," "," "," "," "," 0!!"," .!$"," ,!$##"," *!$#%"," )!##'"," (!##("," '!##)"," &!##*"," %!##+"]}},"325":{"229":{"keys":[172,1,177],"grid":[" .!$"," ,!$##"," *!$#%"," (!$#'"," &!$#)"," $!$#+"," !!$#-","!##/","#","#","#","#","#","#","#","#"]}},"328":{"228":{"keys":[172,1,177],"grid":[" "," "," "," "," "," "," "," "," "," "," -!%"," (!'#$","!)#)","!!#0","#","#"]}},"329":{"228":{"keys":[172,1,177],"grid":[" "," "," "," "," "," "," "," -!%"," (!'##!!"," !!(#(!!","!##/","#","#","#","#","#"]}}},"13":{"5173":{"3702":{"keys":[172,177],"grid":[" -!%"," ,!&"," *!("," (!*"," '!+"," %!-"," #!/"," !!0","!","!","!","!","!","!","!","!"]},"3701":{"keys":[172,177],"grid":[" "," "," "," "," "," "," "," "," "," "," "," "," "," "," 0!!"," /!#"]}},"5172":{"3702":{"keys":[172,177],"grid":[" "," "," "," "," "," "," "," "," 0!!"," /!#"," -!%"," +!'"," *!("," (!*"," &!,"," %!-"]},"3703":{"keys":[172,177],"grid":[" #!/"," !!0","!","!","!","!","!","!","!","!","!","!","!","!","!","!"]}},"5171":{"3703":{"keys":[172,177],"grid":[" "," "," 0!!"," .!$"," -!%"," +!'"," )!)"," (!*"," &!,"," %!-"," #!/","!","!","!","!","!"]}},"5170":{"3703":{"keys":[172,177],"grid":[" "," "," "," "," "," "," "," "," "," "," "," "," 0!!"," .!$"," ,!&"," +!'"]},"3704":{"keys":[172,177],"grid":[" )!)"," (!*"," &!,"," $!."," #!/","!","!","!","!","!","!","!","!","!","!","!"]}},"5177":{"3698":{"keys":[172,177],"grid":[" #!/"," !!0","01","01","!","!","!","!","!","!","!","!","!","!","!","!"]},"3695":{"keys":[172,177],"grid":[" "," "," "," "," "," "," "," "," "," "," "," "," 0!!","12","12"," /!#"]},"3696":{"keys":[172,177],"grid":[" /!#","00"," .!$","02"," -!%","04","04"," ,!&","07"," +!'","09","09"," *!(","12","12"," )!)"]},"3697":{"keys":[172,177],"grid":[" )!)"," (!*","01","01"," '!+","04"," &!,","06","06"," %!-","09","09"," $!.","12"," #!/","14"]}},"5176":{"3698":{"keys":[172,177],"grid":[" "," "," "," "," "," "," 0!!","06","06"," /!#","09"," .!$","11","11"," -!%","14"]},"3699":{"keys":[172,177],"grid":[" -!%"," ,!&","01"," +!'","03","03"," *!(","06"," )!)","08","08"," (!*","11","11"," '!+","14"]},"3700":{"keys":[172,177],"grid":[" &!,","00","00"," %!-","03","03"," $!.","06"," #!/","08","!","!","!","!","!","!"]}},"5175":{"3700":{"keys":[172,177],"grid":[" "," "," "," "," "," "," "," "," "," "," "," /!#"," .!$"," ,!&"," *!("," )!)"]},"3701":{"keys":[172,177],"grid":[" '!+"," &!,"," $!."," !!0","!","!","!","!","!","!","!","!","!","!","!","!"]}},"5174":{"3701":{"keys":[172,177],"grid":[" "," "," "," "," "," /!#"," -!%"," ,!&"," *!("," )!)"," '!+"," %!-"," $!."," !!0","!","!"]}},"5179":{"3691":{"keys":[172,177],"grid":[" "," "," "," "," "," "," "," "," "," 0!!","09"," /!#"," .!$"," -!%","13"," ,!&"]},"3692":{"keys":[172,177],"grid":[" +!'"," *!(","01"," )!)"," (!*"," '!+"," &!,","06"," %!-"," $!."," #!/","10","10"," !!0","13","13"]},"3693":{"keys":[177],"grid":[" "," "," "," "," "," "," "," "," "," "," "," "," "," "," "," "]}},"5178":{"3693":{"keys":[172,177],"grid":[" "," "," 0!!","02","02"," /!#","05","05"," .!$","08"," -!%","10","10"," ,!&","13"," +!'"]},"3694":{"keys":[172,177],"grid":[" +!'","00"," *!(","02","02"," )!)","05"," (!*","07","07"," '!+","10","10"," &!,","13"," %!-"]},"3695":{"keys":[172,177],"grid":[" %!-","00"," $!.","02"," #!/","04","04"," !!0","07","07","!","!","!","!","!","!"]}},"5193":{"3674":{"keys":[172,177],"grid":[" "," "," "," "," "," "," "," "," "," "," "," "," /!#"," -!%"," +!'"," )!)"]},"3675":{"keys":[172,177],"grid":[" '!+"," %!-"," #!/","!","!","!","!","!","!","!","!","!","!","!","!","!"]}},"5192":{"3676":{"keys":[177],"grid":[" "," "," "," "," "," "," "," "," "," "," "," "," "," "," "," "]},"3675":{"keys":[172,177],"grid":[" "," "," "," "," /!#"," -!%"," +!'"," )!)"," (!*"," '!+"," &!,"," %!-","11"," $!."," #!/"," !!0"]}},"5274":{"3656":{"keys":[172,177],"grid":[" "," "," "," "," "," .!$"," (!*"," #!/","!","!","!","!","!","!","!","!"]}},"5275":{"3656":{"keys":[172,177],"grid":[" "," "," -!%"," (!*"," #!/","!","!","!","!","!","!","!","!","!","!","!"]}},"5276":{"3655":{"keys":[172,177],"grid":[" "," "," "," "," "," "," "," "," "," "," "," "," "," "," "," -!%"]},"3656":{"keys":[172,177],"grid":[" (!*"," #!/","!","!","!","!","!","!","!","!","!","!","!","!","!","!"]}},"5277":{"3655":{"keys":[172,177],"grid":[" "," "," "," "," "," "," "," "," "," "," "," "," -!%"," (!*"," #!/","!"]}},"5270":{"3657":{"keys":[172,177],"grid":[" "," .!$"," (!*"," #!/","!","!","!","!","!","!","!","!","!","!","!","!"]}},"5271":{"3656":{"keys":[172,177],"grid":[" "," "," "," "," "," "," "," "," "," "," "," "," "," "," .!$"," (!*"]},"3657":{"keys":[172,177],"grid":[" #!/","!","!","!","!","!","!","!","!","!","!","!","!","!","!","!"]}},"5272":{"3656":{"keys":[172,177],"grid":[" "," "," "," "," "," "," "," "," "," "," "," .!$"," (!*"," #!/","!","!"]}},"5273":{"3656":{"keys":[172,177],"grid":[" "," "," "," "," "," "," "," "," .!$"," (!*"," #!/","!","!","!","!","!"]}},"5278":{"3655":{"keys":[172,177],"grid":[" "," "," "," "," "," "," "," "," "," -!%"," (!*"," #!/","!","!","!","!"]}},"5279":{"3655":{"keys":[172,187,177],"grid":[" "," "," "," "," /!#"," ,!&"," *!("," '!+"," ##$!,","#&!,","#'!+","10","#(!*","12","#)!)","14"]},"3656":{"keys":[177,187],"grid":[" )!)"," *!(","01"," +!'","03"," ,!&","05"," -!%","07"," .!$","09","09"," /!#","12"," 0!!","14"]},"3657":{"keys":[177],"grid":[" "," "," "," "," "," "," "," "," "," "," "," "," "," "," "," "]}},"5138":{"3696":{"keys":[172,177],"grid":[" "," "," "," "," "," "," "," ","!! 0","!* (","!","!","!","!","!","!"]}},"5308":{"3645":{"keys":[172,187],"grid":[" /!#"," ,!&"," )!)"," '!+"," $!.","!","!","!","!","!","!","!","!","!","!","!"]},"3644":{"keys":[172],"grid":[" "," "," "," "," "," "," "," "," "," "," "," "," "," "," "," "]}},"5160":{"3698":{"keys":[177,172],"grid":[" /!#","00"," 0!!"," "," "," "," "," "," "," "," "," "," "," "," "," "]},"3696":{"keys":[172,177],"grid":[" "," "," "," "," "," "," "," "," "," "," "," "," "," ","!! 0","14"]},"3697":{"keys":[177,172],"grid":[" #!/"," $!.","01"," %!-"," &!,"," '!+","05"," (!*"," )!)","08"," *!("," +!'"," ,!&","12"," -!%"," .!$"]}},"5148":{"3697":{"keys":[172,177],"grid":[" "," "," "," "," "," "," "," "," "," ","!0 !","!","!","!","!","!"]}},"5149":{"3697":{"keys":[172,177],"grid":[" "," "," "," "," "," "," "," "," "," "," ","!0 !","!","!","!","!"]}},"5146":{"3697":{"keys":[172,177],"grid":[" "," "," "," "," "," "," ","!# /","!","!","!","!","!","!","!","!"]}},"5147":{"3697":{"keys":[172,177],"grid":[" "," "," "," "," "," "," "," ","!! 0","!","!","!","!","!","!","!"]}},"5144":{"3697":{"keys":[172,177],"grid":[" "," "," "," ","!! 0","!* (","!","!","!","!","!","!","!","!","!","!"]}},"5145":{"3697":{"keys":[172,177],"grid":[" "," "," "," "," "," ","!# /","!","!","!","!","!","!","!","!","!"]}},"5142":{"3697":{"keys":[177,172],"grid":[" !!0"," *!("," "," "," "," "," "," "," "," "," "," "," "," "," "," "]}},"5143":{"3697":{"keys":[172,177],"grid":[" "," ","!! 0","!* (","!","!","!","!","!","!","!","!","!","!","!","!"]}},"5140":{"3696":{"keys":[172,177],"grid":[" "," "," "," "," "," "," "," "," "," "," "," ","!! 0","!* (","!","!"]}},"5141":{"3696":{"keys":[172,177],"grid":[" "," "," "," "," "," "," "," "," "," "," "," "," "," ","!! 0","!* ("]},"3697":{"keys":[177],"grid":[" "," "," "," "," "," "," "," "," "," "," "," "," "," "," "," "]}},"5182":{"3688":{"keys":[172,177],"grid":[" -!%"," ,!&"," +!'"," *!(","03"," )!)"," (!*"," '!+"," &!,","08"," %!-"," $!."," #!/","12"," !!0","!"]},"3687":{"keys":[172,177],"grid":[" "," "," "," "," "," "," "," "," "," "," "," "," 0!!"," /!#"," .!$"," -!%"]}},"5347":{"3629":{"keys":[172],"grid":[" "," "," "," "," "," "," "," "," "," "," "," "," "," "," "," "]},"3630":{"keys":[172,187],"grid":[" "," 0!!","01","01"," /!#","04","04"," .!$","07","07"," -!%","10","10"," ,!&","13","13"]},"3631":{"keys":[172,187],"grid":[" ,!&"," +!'","01","01"," *!(","04"," (!*"," %!-"," !!0","!","!","!","!","!","!","!"]}},"5186":{"3683":{"keys":[172,177],"grid":[" +!'"," *!("," )!)"," (!*","03"," '!+"," &!,"," %!-"," $!.","08"," #!/"," !!0","!","!","!","!"]},"3682":{"keys":[172,177],"grid":[" "," "," "," "," "," "," "," "," "," 0!!"," /!#","10"," .!$"," -!%"," ,!&"," +!'"]}},"5187":{"3682":{"keys":[172,177],"grid":[" '!+"," &!,"," %!-","02"," $!."," #!/"," !!0","06","!","!","!","!","!","!","!","!"]},"3681":{"keys":[172,177],"grid":[" "," "," "," "," 0!!","04"," /!#"," .!$"," -!%"," ,!&","09"," +!'"," *!("," )!)","13"," (!*"]}},"5267":{"3657":{"keys":[172,177],"grid":[" "," "," "," "," "," "," "," "," "," "," .!$"," )!)"," #!/","!","!","!"]}},"5266":{"3657":{"keys":[172,177],"grid":[" "," "," "," "," "," "," "," "," "," "," "," "," "," .!$"," )!)"," #!/"]}},"5265":{"3657":{"keys":[172],"grid":[" "," "," "," "," "," "," "," "," "," "," "," "," "," "," "," "]},"3658":{"keys":[172,177],"grid":[" .!$"," )!)"," #!/","!","!","!","!","!","!","!","!","!","!","!","!","!"]}},"5264":{"3658":{"keys":[172,177],"grid":[" "," "," "," .!$"," )!)"," $!.","!","!","!","!","!","!","!","!","!","!"]}},"5263":{"3658":{"keys":[172,177],"grid":[" "," "," "," "," "," "," .!$"," )!)"," $!.","!","!","!","!","!","!","!"]}},"5262":{"3658":{"keys":[172,177],"grid":[" "," "," "," "," "," "," "," "," "," .!$"," )!)"," $!.","!","!","!","!"]}},"5261":{"3658":{"keys":[172,177],"grid":[" "," "," "," "," "," "," "," "," "," "," "," "," .!$"," )!)"," $!.","!"]}},"5260":{"3658":{"keys":[172,177],"grid":[" "," "," "," "," "," "," "," "," "," "," "," "," "," "," "," .!$"]},"3659":{"keys":[172,177],"grid":[" )!)"," $!.","!","!","!","!","!","!","!","!","!","!","!","!","!","!"]}},"5300":{"3702":{"keys":[177,187],"grid":[" %!-","00","00"," &!,","03"," '!+","05"," (!*","07"," )!)","09","09"," *!(","12"," +!'","14"]},"3703":{"keys":[177,187],"grid":[" ,!&","00"," -!%","02","02"," .!$","05"," /!#","07"," 0!!","09"," "," "," "," "," "]},"3701":{"keys":[187,177],"grid":[" "," "," "," "," "," "," "," "," "," ","!! 0","10","!# /","12","!$ .","14"]},"3647":{"keys":[172,187],"grid":[" "," "," "," "," "," "," "," "," "," "," "," "," "," 0!!"," -!%"," *!("]},"3648":{"keys":[172,187],"grid":[" '!+"," %!-"," !!0","!","!","!","!","!","!","!","!","!","!","!","!","!"]}},"5301":{"3647":{"keys":[172,187],"grid":[" "," "," "," "," "," "," "," "," .!$"," +!'"," (!*"," %!-"," #!/","!","!","!"]},"3703":{"keys":[187,177],"grid":[" "," "," "," "," "," "," "," "," "," "," "," "," "," ","!! 0","14"]},"3706":{"keys":[177],"grid":[" "," "," "," "," "," "," "," "," "," "," "," "," "," "," "," "]},"3704":{"keys":[177,187],"grid":[" #!/","00"," $!.","02"," %!-","04"," &!,","06","06"," '!+","09"," (!*","11"," )!)","13"," *!("]},"3705":{"keys":[177,187],"grid":[" *!(","00"," +!'","02"," ,!&","04"," -!%","06"," .!$","08","08"," /!#","11"," 0!!","13"," "]}},"5302":{"3647":{"keys":[172,187],"grid":[" "," "," /!#"," ,!&"," )!)"," &!,"," $!.","!","!","!","!","!","!","!","!","!"]},"3708":{"keys":[177,187],"grid":[" /!#"," 0!!","01"," "," "," "," "," "," "," "," "," "," "," "," "," "]},"3706":{"keys":[187,177],"grid":[" ","!! 0","01","01","!# /","04","!$ .","06","!% -","08","!& ,","10","10","!' +","13","!( *"]},"3707":{"keys":[177,187],"grid":[" (!*"," )!)","01"," *!(","03","03"," +!'","06"," ,!&","08"," -!%","10"," .!$","12"," /!#","14"]}},"5303":{"3647":{"keys":[172,187],"grid":[" %!-"," !!0","!","!","!","!","!","!","!","!","!","!","!","!","!","!"]},"3646":{"keys":[172,187],"grid":[" "," "," "," "," "," "," "," "," "," "," "," "," 0!!"," -!%"," *!("," '!+"]},"3708":{"keys":[187,177],"grid":[" "," "," "," "," ","!! 0","05","!# /","07","07","!$ .","10","!% -","12","!& ,","14"]},"3709":{"keys":[177,187],"grid":[" '!+","00","00"," (!*","03"," )!)","05"," *!(","07"," +!'","09","09"," ,!&","12"," -!%","14"]},"3710":{"keys":[177,187],"grid":[" .!$","00"," /!#","02","02"," 0!!","05"," "," "," "," "," "," "," "," "," "]}},"5304":{"3646":{"keys":[172,187],"grid":[" "," "," "," "," "," "," "," .!$"," +!'"," (!*"," &!,"," #!/","!","!","!","!"]},"3711":{"keys":[177,187],"grid":[" %!-","00"," &!,","02"," '!+","04"," (!*","06","06"," )!)","09"," *!(","11"," +!'","13","13"]},"3710":{"keys":[187,177],"grid":[" "," "," "," "," "," "," "," "," ","!! 0","09","!# /","11","!$ .","13","13"]},"3712":{"keys":[177,187],"grid":[" ,!&","00"," -!%","02"," .!$","04","04"," /!#","07"," 0!!","09"," "," "," "," "," "]}},"5305":{"3715":{"keys":[177,187],"grid":[" 0!!"," "," "," "," "," "," "," "," "," "," "," "," "," "," "," "]},"3714":{"keys":[177,187],"grid":[" )!)"," *!(","01"," +!'","03"," ,!&","05","05"," -!%","08"," .!$","10"," /!#","12","12"," 0!!"]},"3712":{"keys":[187,177],"grid":[" "," "," "," "," "," "," "," "," "," "," "," "," "," ","!! 0","14"]},"3713":{"keys":[177,187],"grid":[" #!/","00"," $!.","02","02"," %!-","05"," &!,","07"," '!+","09","09"," (!*","12"," )!)","14"]},"3646":{"keys":[172,187],"grid":[" "," /!#"," ,!&"," )!)"," '!+"," $!.","!","!","!","!","!","!","!","!","!","!"]}},"5306":{"3715":{"keys":[187,177,""],"grid":[" "," "," ","!! 0","03","03","!# /","06","!$ .","08","!% -","10","10","!& ,","13","!'## )"]},"3646":{"keys":[172,187],"grid":[" !!0","!","!","!","!","!","!","!","!","!","!","!","!","!","!","!"]},"3645":{"keys":[172,187],"grid":[" "," "," "," "," "," "," "," "," "," "," "," 0!!"," -!%"," *!("," (!*"," %!-"]}},"5307":{"3645":{"keys":[172,187],"grid":[" "," "," "," "," "," "," .!$"," +!'"," )!)"," &!,"," #!/","!","!","!","!","!"]}},"5188":{"3681":{"keys":[172,177],"grid":[" #!/","00"," !!0","!","!","!","!","!","!","!","!","!","!","!","!","!"]},"3680":{"keys":[172,177],"grid":[" 0!!"," /!#"," .!$","02"," -!%"," ,!&"," +!'"," *!(","07"," )!)"," (!*"," '!+","11"," &!,"," %!-"," $!."]},"3679":{"keys":[172],"grid":[" "," "," "," "," "," "," "," "," "," "," "," "," "," "," "," "]}},"5159":{"3696":{"keys":[172,177],"grid":[" "," "," "," "," "," "," "," "," "," "," (!( #","!/ #","!0 !","!","!","!"]}},"5158":{"3696":{"keys":[172,177],"grid":[" "," "," "," "," "," "," "," "," "," "," "," "," *!("," !!0","!","!"]}},"5189":{"3678":{"keys":[172,177],"grid":[" "," "," "," "," "," "," "," "," "," "," "," 0!!"," /!#","12"," .!$"," -!%"]},"3679":{"keys":[172,177],"grid":[" ,!&"," +!'","01"," *!("," )!)"," (!*","05"," '!+"," &!,"," %!-"," $!.","10"," #!/"," !!0","!","!"]}},"5139":{"3696":{"keys":[172,177],"grid":[" "," "," "," "," "," "," "," "," "," ","!! 0","!* (","!","!","!","!"]}},"5161":{"3698":{"keys":[172,177],"grid":[" "," "," "," "," ","!! 0","!# /","!$ .","07","!% -","!& ,","10","!' +","!( *","!) )","14"]},"3699":{"keys":[177,172],"grid":[" *!("," +!'","01"," ,!&"," -!%"," .!$","05"," /!#"," 0!!","08"," "," "," "," "," "," "]}},"5151":{"3697":{"keys":[172,177],"grid":[" "," "," "," "," "," "," "," "," "," "," "," ,!&"," $!.","!","!","!"]}},"5150":{"3697":{"keys":[172,177],"grid":[" "," "," "," "," "," "," "," "," "," "," "," ","!/ #","!","!","!"]}},"5153":{"3697":{"keys":[172,177],"grid":[" "," "," "," "," "," "," 0!!"," )!)"," !!0","!","!","!","!","!","!","!"]}},"5152":{"3697":{"keys":[172,177],"grid":[" "," "," "," "," "," "," "," "," "," *!("," #!/","!","!","!","!","!"]}},"5155":{"3697":{"keys":[172,177],"grid":[" "," "," .!$"," &!,","!","!","!","!","!","!","!","!","!","!","!","!"]}},"5154":{"3697":{"keys":[172,177],"grid":[" "," "," "," "," /!#"," (!*","!","!","!","!","!","!","!","!","!","!"]}},"5157":{"3696":{"keys":[172,177],"grid":[" "," "," "," "," "," "," "," "," "," "," "," "," "," "," +!'"," $!."]}},"5156":{"3696":{"keys":[172],"grid":[" "," "," "," "," "," "," "," "," "," "," "," "," "," "," "," "]},"3697":{"keys":[172,177],"grid":[" ,!&"," %!-","!","!","!","!","!","!","!","!","!","!","!","!","!","!"]}},"5137":{"3696":{"keys":[172,177],"grid":[" "," "," "," "," "," ","!! 0","!* (","!","!","!","!","!","!","!","!"]}},"5269":{"3657":{"keys":[172,177],"grid":[" "," "," "," "," .!$"," )!)"," #!/","!","!","!","!","!","!","!","!","!"]}},"5136":{"3696":{"keys":[172,177],"grid":[" "," "," "," ","!! 0","!* (","!","!","!","!","!","!","!","!","!","!"]}},"5268":{"3657":{"keys":[172,177],"grid":[" "," "," "," "," "," "," "," .!$"," )!)"," #!/","!","!","!","!","!","!"]}},"5252":{"3660":{"keys":[172,177],"grid":[" "," "," "," "," "," "," "," /!#"," *!("," $!.","!","!","!","!","!","!"]}},"5253":{"3660":{"keys":[172,177],"grid":[" "," "," "," "," /!#"," *!("," $!.","!","!","!","!","!","!","!","!","!"]}},"5250":{"3660":{"keys":[172,177],"grid":[" "," "," "," "," "," "," "," "," "," "," "," "," /!#"," %!-","!","!"]}},"5251":{"3660":{"keys":[172,177],"grid":[" "," "," "," "," "," "," "," "," "," "," /!#"," )!)","!","!","!","!"]}},"5256":{"3659":{"keys":[172,177],"grid":[" "," "," "," "," "," "," "," "," "," "," "," /!#"," )!)"," $!.","!","!"]}},"5257":{"3659":{"keys":[172,177],"grid":[" "," "," "," "," "," "," "," "," /!#"," )!)"," $!.","!","!","!","!","!"]}},"5254":{"3660":{"keys":[172,177],"grid":[" "," /!#"," )!)"," $!.","!","!","!","!","!","!","!","!","!","!","!","!"]}},"5255":{"3659":{"keys":[172,177],"grid":[" "," "," "," "," "," "," "," "," "," "," "," "," "," "," /!#"," )!)"]},"3660":{"keys":[172,177],"grid":[" $!.","!","!","!","!","!","!","!","!","!","!","!","!","!","!","!"]}},"5313":{"3643":{"keys":[172,187],"grid":[" "," "," "," "," .!$"," +!'"," )!)"," &!,"," #!/","!","!","!","!","!","!","!"]}},"5312":{"3643":{"keys":[172,187],"grid":[" "," "," "," "," "," "," "," "," "," 0!!"," -!%"," *!("," (!*"," %!-"," !!0","!"]}},"5258":{"3659":{"keys":[172,177],"grid":[" "," "," "," "," "," /!#"," )!)"," $!.","!","!","!","!","!","!","!","!"]}},"5259":{"3659":{"keys":[172,177],"grid":[" "," "," .!$"," )!)"," $!.","!","!","!","!","!","!","!","!","!","!","!"]}},"5317":{"3642":{"keys":[172,187],"grid":[" '!+"," $!.","!","!","!","!","!","!","!","!","!","!","!","!","!","!"]},"3641":{"keys":[172,187],"grid":[" "," "," "," "," "," "," "," "," "," "," "," "," "," /!#"," ,!&"," *!("]}},"5316":{"3642":{"keys":[172,187],"grid":[" "," "," "," .!$"," ,!&"," )!)"," &!,"," #!/","!","!","!","!","!","!","!","!"]}},"5315":{"3642":{"keys":[172,187],"grid":[" "," "," "," "," "," "," "," "," 0!!"," -!%"," +!'"," (!*"," %!-"," !!0","!","!"]}},"5314":{"3643":{"keys":[172,187],"grid":[" *!("," '!+"," $!.","!","!","!","!","!","!","!","!","!","!","!","!","!"]},"3642":{"keys":[172,187],"grid":[" "," "," "," "," "," "," "," "," "," "," "," "," "," "," /!#"," ,!&"]}},"5168":{"3704":{"keys":[172,177],"grid":[" "," "," "," "," "," "," "," "," ","!","!","!","!","!","!","!"]}},"5169":{"3704":{"keys":[172,177],"grid":[" "," "," "," "," "," "," /!#"," .!$"," ,!&","!","!","!","!","!","!","!"]}},"5284":{"3665":{"keys":[187],"grid":[" "," "," "," "," "," "," "," "," "," "," "," "," "," "," "," "]},"3667":{"keys":[177,187],"grid":[" )!)","00"," *!(","02"," +!'","04","04"," ,!&","07"," -!%","09"," .!$","11"," /!#","13","13"]},"3666":{"keys":[177,187],"grid":[" !!0","00","00"," #!/","03"," $!.","05"," %!-","07"," &!,","09","09"," '!+","12"," (!*","14"]},"3668":{"keys":[177,187],"grid":[" 0!!","00"," "," "," "," "," "," "," "," "," "," "," "," "," "," "]},"3653":{"keys":[172,187],"grid":[" "," "," "," "," "," "," "," "," /!#"," ,!&"," )!)"," &!,"," #!/","!","!","!"]}},"5326":{"3638":{"keys":[172,187],"grid":[" "," "," "," "," "," "," "," "," "," "," 0!!"," -!%"," *!("," '!+"," $!.","!"]}},"5327":{"3638":{"keys":[172,187],"grid":[" "," "," "," "," "," .!$"," +!'"," (!*"," %!-"," !!0","!","!","!","!","!","!"]}},"5324":{"3639":{"keys":[172,187],"grid":[" "," "," "," "," "," 0!!"," .!$"," +!'"," (!*"," %!-"," !!0","!","!","!","!","!"]}},"5325":{"3638":{"keys":[172],"grid":[" "," "," "," "," "," "," "," "," "," "," "," "," "," "," "," "]},"3639":{"keys":[172,187],"grid":[" /!#"," ,!&"," )!)"," &!,"," #!/","!","!","!","!","!","!","!","!","!","!","!"]}},"5128":{"3694":{"keys":[172,177],"grid":[" "," "," "," "," "," "," "," "," "," "," "," "," ","!# /","!$ .","!& ,"]},"3695":{"keys":[177,172],"grid":[" (!*"," *!("," +!'"," -!%"," /!#"," "," "," "," "," "," "," "," "," "," "," "]}},"5129":{"3695":{"keys":[172,177],"grid":[" "," "," "," "," "," ","!! 0","!* (","!","!","!","!","!","!","!","!"]}},"5320":{"3641":{"keys":[172,187],"grid":[" $!.","!","!","!","!","!","!","!","!","!","!","!","!","!","!","!"]},"3640":{"keys":[172,187],"grid":[" "," "," "," "," "," "," "," "," "," "," "," "," /!#"," -!%"," *!("," '!+"]}},"5321":{"3640":{"keys":[172,187],"grid":[" "," "," "," "," "," "," 0!!"," .!$"," +!'"," (!*"," %!-"," !!0","!","!","!","!"]}},"5124":{"3693":{"keys":[177,172],"grid":[" 0!!"," "," "," "," "," "," "," "," "," "," "," "," "," "," "," "]}},"5125":{"3693":{"keys":[172,177],"grid":[" ","!! 0","!# /","!% -","!' +","!) )","!* (","!, &","!. $","!0 !","!","!","!","!","!","!"]}},"5126":{"3693":{"keys":[172,177],"grid":[" "," "," "," "," "," "," "," "," "," "," ","!# /","!% -","!' +","!( *","!* ("]},"3694":{"keys":[177,172],"grid":[" ,!&"," .!$"," /!#"," "," "," "," "," "," "," "," "," "," "," "," "," "]}},"5127":{"3694":{"keys":[172,177],"grid":[" "," "," "," ","!# /","!% -","!& ,","!( *","!* (","!, &","!- %","!/ #","!","!","!","!"]}},"5120":{"3693":{"keys":[177],"grid":[" "," "," "," "," "," "," "," "," "," "," "," "," "," "," "," "]}},"5121":{"3693":{"keys":[177],"grid":[" "," "," "," "," "," "," "," "," "," "," "," "," "," "," "," "]}},"5122":{"3693":{"keys":[177],"grid":[" "," "," "," "," "," "," "," "," "," "," "," "," "," "," "," "]}},"5123":{"3693":{"keys":[177],"grid":[" "," "," "," "," "," "," "," "," "," "," "," "," "," "," "," "]}},"5249":{"3660":{"keys":[172,177],"grid":[" "," "," "," "," "," "," "," "," "," "," "," "," "," "," ,!&"," !!0"]}},"5248":{"3661":{"keys":[172,177],"grid":[" (!*","!","!","!","!","!","!","!","!","!","!","!","!","!","!","!"]},"3660":{"keys":[172],"grid":[" "," "," "," "," "," "," "," "," "," "," "," "," "," "," "," "]}},"5245":{"3661":{"keys":[172,177],"grid":[" "," "," "," "," "," (!*","!","!","!","!","!","!","!","!","!","!"]}},"5244":{"3661":{"keys":[172,177],"grid":[" "," "," "," "," "," "," .!$"," %!-","!","!","!","!","!","!","!","!"]}},"5247":{"3661":{"keys":[172,177],"grid":[" "," /!#"," %!-","!","!","!","!","!","!","!","!","!","!","!","!","!"]}},"5246":{"3661":{"keys":[172,177],"grid":[" "," "," "," +!'"," !!0","!","!","!","!","!","!","!","!","!","!","!"]}},"5241":{"3661":{"keys":[172,177],"grid":[" "," "," "," "," "," "," "," "," "," "," "," .!$"," $!.","!","!","!"]}},"5240":{"3661":{"keys":[172,177],"grid":[" "," "," "," "," "," "," "," "," "," "," "," "," "," *!(","!","!"]}},"5243":{"3661":{"keys":[172,177],"grid":[" "," "," "," "," "," "," "," "," +!'","!","!","!","!","!","!","!"]}},"5242":{"3661":{"keys":[172,177],"grid":[" "," "," "," "," "," "," "," "," "," "," '!+","!","!","!","!","!"]}},"5180":{"3690":{"keys":[172,177],"grid":[" "," "," "," "," "," 0!!"," /!#"," .!$","07"," -!%"," ,!&"," +!'","11"," *!("," )!)"," (!*"]},"3691":{"keys":[172,177],"grid":[" '!+","00"," &!,"," %!-"," $!.","04"," #!/"," !!0","!","!","!","!","!","!","!","!"]}},"5202":{"3670":{"keys":[172,177],"grid":[" "," "," 0!!"," .!$"," ,!&"," *!("," (!*"," &!,"," $!."," !!0","!","!","!","!","!","!"]}},"5181":{"3690":{"keys":[172,177],"grid":[" $!."," #!/"," !!0","02","!","!","!","!","!","!","!","!","!","!","!","!"]},"3689":{"keys":[172,177],"grid":[" 0!!"," /!#","01"," .!$"," -!%"," ,!&","05"," +!'"," *!("," )!)","09"," (!*"," '!+"," &!,"," %!-","14"]},"3688":{"keys":[172],"grid":[" "," "," "," "," "," "," "," "," "," "," "," "," "," "," "," "]}},"5322":{"3640":{"keys":[172,187],"grid":[" "," /!#"," ,!&"," )!)"," &!,"," #!/","!","!","!","!","!","!","!","!","!","!"]}},"5346":{"3631":{"keys":[172,187],"grid":[" "," "," "," "," "," "," "," "," "," /!#"," ,!&"," )!)"," '!+"," $!.","!","!"]}},"5323":{"3640":{"keys":[187],"grid":[" "," "," "," "," "," "," "," "," "," "," "," "," "," "," "," "]},"3639":{"keys":[172,187],"grid":[" "," "," "," "," "," "," "," "," "," "," "," /!#"," -!%"," *!("," '!+"," $!."]}},"5331":{"3636":{"keys":[172,187],"grid":[" "," "," "," "," "," "," "," "," "," "," "," "," "," "," /!#"," ,!&"]},"3637":{"keys":[172,187],"grid":[" )!)"," &!,"," #!/","!","!","!","!","!","!","!","!","!","!","!","!","!"]}},"5330":{"3637":{"keys":[172,187],"grid":[" "," "," "," "," .!$"," +!'"," (!*"," %!-"," !!0","!","!","!","!","!","!","!"]}},"5333":{"3636":{"keys":[172,187],"grid":[" "," "," "," .!$"," +!'"," (!*"," %!-"," !!0","!","!","!","!","!","!","!","!"]}},"5332":{"3636":{"keys":[172,187],"grid":[" "," "," "," "," "," "," "," "," 0!!"," -!%"," *!("," '!+"," $!."," !!0","!","!"]}},"5335":{"3635":{"keys":[172,187],"grid":[" "," "," "," "," "," "," "," 0!!"," -!%"," *!("," '!+"," $!."," !!0","!","!","!"]}},"5334":{"3636":{"keys":[172,187],"grid":[" &!,"," #!/","!","!","!","!","!","!","!","!","!","!","!","!","!","!"]},"3635":{"keys":[172,187],"grid":[" "," "," "," "," "," "," "," "," "," "," "," "," "," /!#"," ,!&"," )!)"]}},"5337":{"3634":{"keys":[172,187],"grid":[" "," "," "," "," "," "," "," "," "," "," "," "," /!#"," ,!&"," )!)"," &!,"]},"3635":{"keys":[172,187],"grid":[" $!.","!","!","!","!","!","!","!","!","!","!","!","!","!","!","!"]}},"5336":{"3635":{"keys":[172,187],"grid":[" "," "," .!$"," +!'"," (!*"," %!-"," #!/","!","!","!","!","!","!","!","!","!"]}},"5339":{"3634":{"keys":[172,187],"grid":[" "," .!$"," +!'"," (!*"," %!-"," #!/","!","!","!","!","!","!","!","!","!","!"]}},"5338":{"3634":{"keys":[172,187],"grid":[" "," "," "," "," "," "," 0!!"," -!%"," *!("," '!+"," %!-"," !!0","!","!","!","!"]}},"5135":{"3696":{"keys":[172,177],"grid":[" "," ","!! 0","!* (","!","!","!","!","!","!","!","!","!","!","!","!"]}},"5134":{"3696":{"keys":[177,172],"grid":[" !!0"," *!("," "," "," "," "," "," "," "," "," "," "," "," "," "," "]}},"5133":{"3695":{"keys":[172,177],"grid":[" "," "," "," "," "," "," "," "," "," "," "," "," "," ","!! 0","!* ("]},"3696":{"keys":[177],"grid":[" "," "," "," "," "," "," "," "," "," "," "," "," "," "," "," "]}},"5132":{"3695":{"keys":[172,177],"grid":[" "," "," "," "," "," "," "," "," "," "," "," ","!! 0","!* (","!","!"]}},"5131":{"3695":{"keys":[172,177],"grid":[" "," "," "," "," "," "," "," "," "," ","!! 0","!* (","!","!","!","!"]}},"5130":{"3695":{"keys":[172,177],"grid":[" "," "," "," "," "," "," "," ","!! 0","!* (","!","!","!","!","!","!"]}},"5238":{"3662":{"keys":[172,177],"grid":[" -!%"," $!.","!","!","!","!","!","!","!","!","!","!","!","!","!","!"]}},"5239":{"3661":{"keys":[172,177],"grid":[" "," "," "," "," "," "," "," "," "," "," "," "," "," "," "," '!+"]},"3662":{"keys":[177],"grid":[" "," "," "," "," "," "," "," "," "," "," "," "," "," "," "," "]}},"5185":{"3683":{"keys":[172,177],"grid":[" "," "," "," "," "," "," "," "," "," "," "," "," "," "," 0!!"," /!#"]},"3685":{"keys":[172,177],"grid":[" !!0","!","!","!","!","!","!","!","!","!","!","!","!","!","!","!"]},"3684":{"keys":[172,177],"grid":[" .!$"," -!%","01"," ,!&"," +!'"," *!(","05"," )!)"," (!*"," '!+"," &!,","10"," %!-"," $!."," #!/","14"]}},"5309":{"3644":{"keys":[172,187],"grid":[" "," "," "," "," "," "," "," "," "," "," 0!!"," -!%"," *!("," (!*"," %!-"," !!0"]}},"5230":{"3662":{"keys":[172,177],"grid":[" "," "," "," "," "," "," "," "," "," "," "," "," "," "," )!)","!"]}},"5231":{"3662":{"keys":[172,177],"grid":[" "," "," "," "," "," "," "," "," "," "," "," "," ,!&"," #!/","!","!"]}},"5232":{"3662":{"keys":[172,177],"grid":[" "," "," "," "," "," "," "," "," "," "," /!#"," %!-","!","!","!","!"]}},"5233":{"3662":{"keys":[172,177],"grid":[" "," "," "," "," "," "," "," "," "," (!*","!","!","!","!","!","!"]}},"5234":{"3662":{"keys":[172,177],"grid":[" "," "," "," "," "," "," "," +!'","!","!","!","!","!","!","!","!"]}},"5235":{"3662":{"keys":[172,177],"grid":[" "," "," "," "," "," -!%"," $!.","!","!","!","!","!","!","!","!","!"]}},"5236":{"3662":{"keys":[172,177],"grid":[" "," "," "," 0!!"," '!+","!","!","!","!","!","!","!","!","!","!","!"]}},"5237":{"3662":{"keys":[172,177],"grid":[" "," "," *!(","!","!","!","!","!","!","!","!","!","!","!","!","!"]}},"5328":{"3637":{"keys":[172,187],"grid":[" "," "," "," "," "," "," "," "," "," "," "," "," "," "," "," /!#"]},"3638":{"keys":[172,187],"grid":[" ,!&"," )!)"," &!,"," #!/","!","!","!","!","!","!","!","!","!","!","!","!"]}},"5227":{"3663":{"keys":[172,177],"grid":[" "," "," "," +!'","!","!","!","!","!","!","!","!","!","!","!","!"]}},"5329":{"3637":{"keys":[172,187],"grid":[" "," "," "," "," "," "," "," "," "," 0!!"," -!%"," *!("," '!+"," $!.","!","!"]}},"5226":{"3663":{"keys":[172,177],"grid":[" "," "," "," "," "," (!*","!","!","!","!","!","!","!","!","!","!"]}},"5344":{"3632":{"keys":[172,187],"grid":[" "," "," "," "," 0!!"," -!%"," *!("," '!+"," %!-"," !!0","!","!","!","!","!","!"]}},"5183":{"3687":{"keys":[172,177],"grid":[" )!)"," (!*","01"," '!+"," &!,"," %!-"," $!.","06"," #!/"," !!0","!","!","!","!","!","!"]},"3686":{"keys":[172,177],"grid":[" "," "," "," "," "," "," "," 0!!"," /!#"," .!$","09"," -!%"," ,!&"," +!'","13"," *!("]}},"5229":{"3663":{"keys":[172,177],"grid":[" '!+","!","!","!","!","!","!","!","!","!","!","!","!","!","!","!"]},"3662":{"keys":[172,177],"grid":[" "," "," "," "," "," "," "," "," "," "," "," "," "," "," "," 0!!"]}},"5228":{"3663":{"keys":[172,177],"grid":[" "," -!%"," $!.","!","!","!","!","!","!","!","!","!","!","!","!","!"]}},"5340":{"3634":{"keys":[187],"grid":[" "," "," "," "," "," "," "," "," "," "," "," "," "," "," "," "]},"3633":{"keys":[172,187],"grid":[" "," "," "," "," "," "," "," "," "," "," "," /!#"," ,!&"," )!)"," &!,"," $!."]}},"5341":{"3633":{"keys":[172,187],"grid":[" "," "," "," "," "," 0!!"," -!%"," *!("," '!+"," %!-"," !!0","!","!","!","!","!"]}},"5184":{"3686":{"keys":[172,177],"grid":[" %!-","00"," $!."," #!/"," !!0","04","!","!","!","!","!","!","!","!","!","!"]},"3685":{"keys":[172,177],"grid":[" "," "," 0!!","02"," /!#"," .!$"," -!%"," ,!&","07"," +!'"," *!("," )!)","11"," (!*"," '!+"," &!,"]}},"5343":{"3632":{"keys":[172,187],"grid":[" "," "," "," "," "," "," "," "," "," "," /!#"," ,!&"," )!)"," '!+"," $!.","!"]}},"5223":{"3663":{"keys":[172,177],"grid":[" "," "," "," "," "," "," "," "," "," "," )!)","!","!","!","!","!"]}},"5222":{"3663":{"keys":[172,177],"grid":[" "," "," "," "," "," "," "," "," "," "," "," 0!!"," '!+","!","!","!"]}},"5221":{"3663":{"keys":[172,177],"grid":[" "," "," "," "," "," "," "," "," "," "," "," "," "," -!%"," $!.","!"]}},"5220":{"3664":{"keys":[177],"grid":[" "," "," "," "," "," "," "," "," "," "," "," "," "," "," "," "]},"3663":{"keys":[172,177],"grid":[" "," "," "," "," "," "," "," "," "," "," "," "," "," "," "," +!'"]}},"5348":{"3629":{"keys":[172,187],"grid":[" &!,"," %!-","01","01"," $!.","04","04"," #!/","07","07"," !!0","10","10","!","!","!"]},"3628":{"keys":[172,187],"grid":[" +!'"," *!(","01","01"," )!)","04","04"," (!*","07","07"," '!+","10","10"," &!,","13","13"]},"3627":{"keys":[172,187],"grid":[" 0!!"," /!#","01","01"," .!$","04","04"," -!%","07","07"," ,!&","10","10"," +!'","13","13"]},"3626":{"keys":[172,187],"grid":[" "," "," "," "," "," "," "," "," "," "," "," "," "," 0!!","13","13"]}},"5349":{"3623":{"keys":[172,187],"grid":[" "," "," "," "," "," "," "," "," "," "," 0!!","10","10"," /!#","13","13"]},"3625":{"keys":[172,187],"grid":[" )!)","00","00","00"," (!*","04","04"," '!+","07","07"," &!,","10","10"," %!-","13","13"]},"3624":{"keys":[172,187],"grid":[" .!$","00","00","00"," -!%","04","04"," ,!&","07","07"," +!'","10","10"," *!(","13","13"]},"3626":{"keys":[172,187],"grid":[" %!-"," $!.","01","01"," #!/","04","04"," !!0","07","07","!","!","!","!","!","!"]}},"5225":{"3663":{"keys":[172,177],"grid":[" "," "," "," "," "," "," /!#"," %!-","!","!","!","!","!","!","!","!"]}},"5224":{"3663":{"keys":[172,177],"grid":[" "," "," "," "," "," "," "," "," ,!&"," #!/","!","!","!","!","!","!"]}},"5208":{"3667":{"keys":[172,177],"grid":[" "," "," /!#"," -!%"," +!'"," )!)"," '!+"," %!-"," #!/","!","!","!","!","!","!","!"]}},"5342":{"3632":{"keys":[172],"grid":[" "," "," "," "," "," "," "," "," "," "," "," "," "," "," "," "]},"3633":{"keys":[172,187],"grid":[" .!$"," +!'"," (!*"," &!,"," #!/","!","!","!","!","!","!","!","!","!","!","!"]}},"5298":{"3698":{"keys":[177,187],"grid":[" (!*","00"," )!)","02"," *!(","04"," +!'","06"," ,!&","08","08"," -!%","11"," .!$","13"," /!#"]},"3699":{"keys":[177,187],"grid":[" /!#"," 0!!","01","01"," "," "," "," "," "," "," "," "," "," "," "," "]},"3648":{"keys":[172,187],"grid":[" "," "," "," "," "," "," "," "," "," .!$"," +!'"," (!*"," %!-"," #!/","!","!"]},"3697":{"keys":[187,177],"grid":[" "," ","!! 0","02","!# /","04","04","!$ .","07","!% -","09","!& ,","11","!' +","13","13"]}},"5299":{"3699":{"keys":[187,177],"grid":[" "," "," "," "," "," ","!! 0","06","!# /","08","!$ .","10","10","!% -","13","!& ,"]},"3700":{"keys":[177,187],"grid":[" &!,"," '!+","01"," (!*","03","03"," )!)","06"," *!(","08"," +!'","10"," ,!&","12","12"," -!%"]},"3701":{"keys":[177,187],"grid":[" -!%"," .!$","01"," /!#","03"," 0!!","05"," "," "," "," "," "," "," "," "," "]},"3648":{"keys":[172,187],"grid":[" "," "," "," /!#"," ,!&"," )!)"," &!,"," $!.","!","!","!","!","!","!","!","!"]}},"5296":{"3692":{"keys":[187,177],"grid":[" "," "," "," "," "," "," "," "," "," "," ","!! 0","11","!# /","13","!$ ."]},"3693":{"keys":[177,187],"grid":[" $!."," %!-","01","01"," &!,","04"," '!+","06"," (!*","08"," )!)","10","10"," *!(","13"," +!'"]},"3694":{"keys":[177,187],"grid":[" +!'"," ,!&","01"," -!%","03"," .!$","05","05"," /!#","08"," 0!!","10"," "," "," "," "]},"3695":{"keys":[177,187],"grid":[" "," "," "," 0!!","03"," /!#"," .!$","06"," -!%"," ,!&"," +!'","10"," *!("," )!)","13"," (!*"]},"3696":{"keys":[177,187],"grid":[" '!+","00"," $!.","02"," %!-"," &!,"," -!%"," "," "," "," "," "," "," "," "," "]},"3649":{"keys":[172,187],"grid":[" "," "," "," "," /!#"," ,!&"," )!)"," &!,"," $!.","!","!","!","!","!","!","!"]}},"5297":{"3694":{"keys":[187,177],"grid":[" "," "," "," "," "," "," "," "," "," "," "," "," "," ","!! 0","14"]},"3695":{"keys":[177,187],"grid":[" !!0","00","!","!","!","!","!","!","!","!","!","!","!","!","!","!"]},"3696":{"keys":[187,177],"grid":[" "," "," "," "," "," "," ","!$ .","!+ '","!. $","09","!/ #","11","11","!0 !","14"]},"3697":{"keys":[177],"grid":[" "," "," "," "," "," "," "," "," "," "," "," "," "," "," "," "]},"3649":{"keys":[172,187],"grid":[" *!("," '!+"," $!."," !!0","!","!","!","!","!","!","!","!","!","!","!","!"]},"3648":{"keys":[172,187],"grid":[" "," "," "," "," "," "," "," "," "," "," "," "," "," "," 0!!"," -!%"]}},"5294":{"3690":{"keys":[177,187],"grid":[" .!$"," /!#","01"," 0!!","03"," "," "," "," "," "," "," "," "," "," "," "]},"3689":{"keys":[177,187],"grid":[" '!+"," (!*","01"," )!)","03","03"," *!(","06"," +!'","08"," ,!&","10"," -!%","12"," .!$","14"]},"3688":{"keys":[187,177],"grid":[" "," "," "," ","!! 0","04","!# /","06","!$ .","08","!% -","10","10","!& ,","13","!' +"]},"3650":{"keys":[172,187],"grid":[" -!%"," *!("," '!+"," $!."," !!0","!","!","!","!","!","!","!","!","!","!","!"]},"3649":{"keys":[172,187],"grid":[" "," "," "," "," "," "," "," "," "," "," "," "," "," "," "," 0!!"]}},"5295":{"3690":{"keys":[187,177],"grid":[" "," "," "," "," "," "," ","!! 0","07","!# /","09","09","!$ .","12","!% -","14"]},"3691":{"keys":[177,187],"grid":[" &!,","00"," '!+","02","02"," (!*","05"," )!)","07"," *!(","09"," +!'","11"," ,!&","13","13"]},"3692":{"keys":[177,187],"grid":[" -!%","00"," .!$","02"," /!#","04"," 0!!","06","06"," "," "," "," "," "," "," "]},"3649":{"keys":[172,187],"grid":[" "," "," "," "," "," "," "," "," "," "," .!$"," +!'"," (!*"," %!-"," #!/","!"]}},"5292":{"3683":{"keys":[187,177],"grid":[" "," "," "," "," "," "," "," "," "," "," "," "," ","!! 0","13","!# /"]},"3650":{"keys":[172,187],"grid":[" "," "," "," "," "," "," "," "," "," "," "," .!$"," +!'"," (!*"," %!-"," #!/"]},"3651":{"keys":[187],"grid":[" "," "," "," "," "," "," "," "," "," "," "," "," "," "," "," "]},"3685":{"keys":[177,187],"grid":[" *!("," +!'","01"," ,!&","03"," -!%","05"," .!$","07","07"," /!#","10"," 0!!","12"," "," "]},"3684":{"keys":[177,187],"grid":[" #!/"," $!.","01"," %!-","03","03"," &!,","06"," '!+","08"," (!*","10"," )!)","12"," *!(","14"]}},"5293":{"3650":{"keys":[172,187],"grid":[" "," "," "," "," "," /!#"," ,!&"," )!)"," &!,"," #!/","!","!","!","!","!","!"]},"3688":{"keys":[177,187],"grid":[" 0!!","00"," "," "," "," "," "," "," "," "," "," "," "," "," "," "]},"3687":{"keys":[177,187],"grid":[" )!)","00"," *!(","02"," +!'","04"," ,!&","06","06"," -!%","09"," .!$","11"," /!#","13"," 0!!"]},"3686":{"keys":[177,187],"grid":[" !!0","00"," #!/","02","02"," $!.","05"," %!-","07"," &!,","09"," '!+","11","11"," (!*","14"]},"3685":{"keys":[187],"grid":[" "," "," "," "," "," "," "," "," "," "," "," "," "," "," "," "]}},"5290":{"3681":{"keys":[177,187],"grid":[" .!$","00"," /!#","02","02"," 0!!","05"," "," "," "," "," "," "," "," "," "]},"3680":{"keys":[177,187],"grid":[" &!,"," '!+","01"," (!*","03"," )!)","05"," *!(","07","07"," +!'","10"," ,!&","12"," -!%","14"]},"3679":{"keys":[187,177],"grid":[" "," "," "," "," "," ","!! 0","06","!# /","08","!$ .","10","!% -","12","!& ,","14"]},"3651":{"keys":[172,187],"grid":[" "," "," "," "," "," "," /!#"," ,!&"," )!)"," &!,"," #!/","!","!","!","!","!"]}},"5291":{"3683":{"keys":[177,187],"grid":[" ,!&","00"," -!%","02"," .!$","04"," /!#","06"," 0!!","08"," "," "," "," "," "," "]},"3682":{"keys":[177,187],"grid":[" %!-","00"," &!,","02"," '!+","04"," (!*","06","06"," )!)","09"," *!(","11"," +!'","13"," ,!&"]},"3681":{"keys":[187,177],"grid":[" "," "," "," "," "," "," "," "," ","!! 0","09","!# /","11","11","!$ .","14"]},"3651":{"keys":[172,187],"grid":[" 0!!"," -!%"," *!("," '!+"," $!."," !!0","!","!","!","!","!","!","!","!","!","!"]}},"5216":{"3664":{"keys":[172,177],"grid":[" "," "," "," "," "," "," )!)","!","!","!","!","!","!","!","!","!"]}},"5217":{"3664":{"keys":[172,177],"grid":[" "," "," "," "," ,!&"," #!/","!","!","!","!","!","!","!","!","!","!"]}},"5214":{"3664":{"keys":[172,177],"grid":[" "," "," "," "," "," "," "," "," "," -!%"," $!.","!","!","!","!","!"]}},"5215":{"3664":{"keys":[172,177],"grid":[" "," "," "," "," "," "," "," 0!!"," &!,","!","!","!","!","!","!","!"]}},"5212":{"3665":{"keys":[172,177],"grid":[" "," 0!!"," .!$"," ,!&"," *!("," (!*"," &!,"," $!."," !!0","!","!","!","!","!","!","!"]}},"5213":{"3665":{"keys":[172,177],"grid":[" !!0","!","!","!","!","!","!","!","!","!","!","!","!","!","!","!"]},"3664":{"keys":[172,177],"grid":[" "," "," "," "," "," "," "," "," "," "," "," ,!&"," *!("," (!*"," &!,"," $!."]}},"5210":{"3666":{"keys":[172,177],"grid":[" "," 0!!"," .!$"," ,!&"," *!("," (!*"," &!,"," $!."," !!0","!","!","!","!","!","!","!"]}},"5211":{"3665":{"keys":[172,177],"grid":[" "," "," "," "," "," "," "," "," "," 0!!"," .!$"," ,!&"," *!("," (!*"," &!,"," $!."]},"3666":{"keys":[172,177],"grid":[" !!0","!","!","!","!","!","!","!","!","!","!","!","!","!","!","!"]}},"5218":{"3664":{"keys":[172,177],"grid":[" "," "," /!#"," %!-","!","!","!","!","!","!","!","!","!","!","!","!"]}},"5219":{"3664":{"keys":[172,177],"grid":[" "," (!*","!","!","!","!","!","!","!","!","!","!","!","!","!","!"]}},"5357":{"3600":{"keys":[172,187],"grid":[" &!,","00","00"," %!-","03","03"," $!.","06","06"," #!/","09","09"," !!0","12","12","12"]},"3601":{"keys":[187],"grid":[" "," "," "," "," "," "," "," "," "," "," "," "," "," "," "," "]},"3598":{"keys":[172,187],"grid":[" 0!!","00","00"," /!#","03","03"," .!$","06","06"," -!%","09","09"," ,!&","12","12","12"]},"3597":{"keys":[172,187],"grid":[" "," "," "," "," "," "," "," "," "," "," "," "," "," "," "," 0!!"]},"3599":{"keys":[172,187],"grid":[" +!'","00","00"," *!(","03","03"," )!)","06","06"," (!*","09","09"," '!+","12","12","12"]}},"5356":{"3603":{"keys":[172,187],"grid":[" '!+","00","00"," &!,","03","03"," %!-","06","06"," $!.","09","09","09"," #!/","13","13"]},"3602":{"keys":[172,187],"grid":[" ,!&","00","00"," +!'","03","03"," *!(","06","06"," )!)","09","09","09"," (!*","13","13"]},"3601":{"keys":[172,187],"grid":[" "," "," "," 0!!","03","03"," /!#","06","06"," .!$","09","09","09"," -!%","13","13"]},"3604":{"keys":[172,187],"grid":[" !!0","00","00","!","!","!","!","!","!","!","!","!","!","!","!","!"]}},"5355":{"3607":{"keys":[172,187],"grid":[" #!/","00","00"," !!0","03","03","!","!","!","!","!","!","!","!","!","!"]},"3606":{"keys":[172,187],"grid":[" (!*","00","00"," '!+","03","03"," &!,","06","06","06"," %!-","10","10"," $!.","13","13"]},"3605":{"keys":[172,187],"grid":[" -!%","00","00"," ,!&","03","03"," +!'","06","06","06"," *!(","10","10"," )!)","13","13"]},"3604":{"keys":[172,187],"grid":[" "," "," "," "," "," "," 0!!","06","06"," /!#","09","09","09"," .!$","13","13"]}},"5354":{"3610":{"keys":[172,187],"grid":[" $!.","00","00"," #!/","03","03"," !!0","06","06","06","!","!","!","!","!","!"]},"3609":{"keys":[172,187],"grid":[" )!)","00","00"," (!*","03","03"," '!+","06","06","06"," &!,","10","10"," %!-","13","13"]},"3608":{"keys":[172,187],"grid":[" .!$","00","00"," -!%","03","03"," ,!&","06","06","06"," +!'","10","10"," *!(","13","13"]},"3607":{"keys":[172,187],"grid":[" "," "," "," "," "," "," "," "," "," "," 0!!","10","10"," /!#","13","13"]}},"5353":{"3610":{"keys":[172,187],"grid":[" "," "," "," "," "," "," "," "," "," "," "," "," "," 0!!","13","13"]},"3611":{"keys":[172,187],"grid":[" /!#","00","00"," .!$","03","03"," -!%","06","06","06"," ,!&","10","10"," +!'","13","13"]},"3612":{"keys":[172,187],"grid":[" *!(","00","00"," )!)","03","03"," (!*","06","06","06"," '!+","10","10"," &!,","13","13"]},"3613":{"keys":[172,187],"grid":[" %!-","00","00"," $!.","03","03"," #!/","06","06","06"," !!0","10","10","!","!","!"]}},"5198":{"3672":{"keys":[172,177],"grid":[" "," "," "," /!#"," -!%"," +!'"," )!)"," '!+"," %!-"," #!/","!","!","!","!","!","!"]}},"5351":{"3618":{"keys":[172,187],"grid":[" ,!&","00","00"," +!'","03","03","03"," *!(","07","07"," )!)","10","10"," (!*","13","13"]},"3619":{"keys":[172,187],"grid":[" '!+","00","00","00"," &!,","04","04"," %!-","07","07"," $!.","10","10"," #!/","13","13"]},"3617":{"keys":[172,187],"grid":[" "," "," "," 0!!","03","03","03"," /!#","07","07"," .!$","10","10"," -!%","13","13"]},"3620":{"keys":[172,187],"grid":[" !!0","00","00","00","!","!","!","!","!","!","!","!","!","!","!","!"]}},"5350":{"3621":{"keys":[172,187],"grid":[" -!%","00","00","00"," ,!&","04","04"," +!'","07","07"," *!(","10","10"," )!)","13","13"]},"3620":{"keys":[172,187],"grid":[" "," "," "," "," "," "," "," 0!!","07","07"," /!#","10","10"," .!$","13","13"]},"3623":{"keys":[172,187],"grid":[" #!/","00","00","00"," !!0","04","04","!","!","!","!","!","!","!","!","!"]},"3622":{"keys":[172,187],"grid":[" (!*","00","00","00"," '!+","04","04"," &!,","07","07"," %!-","10","10"," $!.","13","13"]}},"5195":{"3673":{"keys":[172,177],"grid":[" "," "," "," "," "," "," "," "," "," "," "," 0!!"," .!$"," ,!&"," *!("," (!*"]},"3674":{"keys":[172,177],"grid":[" &!,"," $!."," !!0","!","!","!","!","!","!","!","!","!","!","!","!","!"]}},"5194":{"3674":{"keys":[172,177],"grid":[" "," "," "," 0!!"," .!$"," ,!&"," *!("," (!*"," &!,"," %!-"," #!/","!","!","!","!","!"]}},"5197":{"3672":{"keys":[172,177],"grid":[" "," "," "," "," "," "," "," "," "," "," "," /!#"," -!%"," ,!&"," *!("," (!*"]},"3673":{"keys":[172,177],"grid":[" &!,"," $!."," !!0","!","!","!","!","!","!","!","!","!","!","!","!","!"]}},"5196":{"3673":{"keys":[172,177],"grid":[" "," "," "," 0!!"," .!$"," ,!&"," *!("," (!*"," &!,"," $!."," !!0","!","!","!","!","!"]}},"5191":{"3676":{"keys":[172,177],"grid":[" "," "," 0!!"," /!#"," .!$","04"," -!%"," ,!&"," +!'"," *!(","09"," )!)"," (!*"," '!+","13"," &!,"]},"3677":{"keys":[172,177],"grid":[" %!-"," $!."," #!/","02"," !!0","!","!","!","!","!","!","!","!","!","!","!"]}},"5190":{"3678":{"keys":[172,177],"grid":[" )!)"," (!*"," '!+"," &!,","03"," %!-"," $!."," #!/"," !!0","08","!","!","!","!","!","!"]},"3677":{"keys":[172,177],"grid":[" "," "," "," "," "," "," 0!!","06"," /!#"," .!$"," -!%","10"," ,!&"," +!'"," *!("," )!)"]}},"5359":{"3593":{"keys":[172,187],"grid":[" )!)","00"," (!*","02","02"," '!+","05","05"," &!,","08","08","08"," %!-","12","12"," $!."]},"3592":{"keys":[172,187],"grid":[" .!$","00"," -!%","02","02"," ,!&","05","05"," +!'","08","08","08"," *!(","12","12"," )!)"]},"3591":{"keys":[172,187],"grid":[" "," "," "," "," "," "," "," "," 0!!","08","08"," /!#","11","11","11"," .!$"]},"3594":{"keys":[172,187],"grid":[" $!.","00"," #!/","02","02"," !!0","05","05","05","!","!","!","!","!","!","!"]}},"5358":{"3597":{"keys":[172,187],"grid":[" %!-","00","00"," $!.","03","03"," #!/","06","06"," !!0","09","09","!","!","!","!"]},"3596":{"keys":[172,187],"grid":[" *!(","00"," )!)","02","02","02"," (!*","06","06"," '!+","09","09"," &!,","12","12"," %!-"]},"3595":{"keys":[172,187],"grid":[" /!#","00"," .!$","02","02","02"," -!%","06","06"," ,!&","09","09"," +!'","12","12"," *!("]},"3594":{"keys":[172,187],"grid":[" "," "," "," "," "," "," "," "," "," "," "," "," 0!!","12","12"," /!#"]}},"5345":{"3632":{"keys":[172,187],"grid":[" +!'"," (!*"," &!,"," #!/","!","!","!","!","!","!","!","!","!","!","!","!"]},"3631":{"keys":[172,187],"grid":[" "," "," "," "," "," "," "," "," "," "," "," "," "," "," "," .!$"]}},"5289":{"3678":{"keys":[177,187],"grid":[" (!*","00"," )!)","02"," *!(","04"," +!'","06"," ,!&","08","08"," -!%","11"," .!$","13"," /!#"]},"3679":{"keys":[177,187],"grid":[" /!#"," 0!!","01"," "," "," "," "," "," "," "," "," "," "," "," "," "]},"3651":{"keys":[172,187],"grid":[" "," "," "," "," "," "," "," "," "," "," "," "," .!$"," +!'"," (!*"," %!-"]},"3652":{"keys":[172,187],"grid":[" !!0","!","!","!","!","!","!","!","!","!","!","!","!","!","!","!"]},"3677":{"keys":[187,177],"grid":[" "," ","!! 0","02","!# /","04","04","!$ .","07","!% -","09","!& ,","11","!' +","13","!( *"]}},"5288":{"3674":{"keys":[187,177],"grid":[" "," "," "," "," "," "," "," "," "," "," "," "," "," "," ","!! 0"]},"3676":{"keys":[177,187],"grid":[" *!(","00","00"," +!'","03"," ,!&","05"," -!%","07"," .!$","09"," /!#","11","11"," 0!!","14"]},"3677":{"keys":[177],"grid":[" "," "," "," "," "," "," "," "," "," "," "," "," "," "," "," "]},"3652":{"keys":[172,187],"grid":[" "," 0!!"," -!%"," *!("," '!+"," $!.","!","!","!","!","!","!","!","!","!","!"]},"3675":{"keys":[177,187],"grid":[" !!0"," #!/","01"," $!.","03"," %!-","05"," &!,","07","07"," '!+","10"," (!*","12"," )!)","14"]}},"5162":{"3699":{"keys":[172,177],"grid":[" "," "," "," "," "," "," "," "," "," "," ","!! 0","!# /","12","!$ .","!% -"]},"3700":{"keys":[177,172],"grid":[" %!-"," &!,"," '!+"," (!*","03"," )!)"," *!(","06"," +!'"," ,!&"," -!%","10"," .!$"," /!#","13"," 0!!"]},"3701":{"keys":[177],"grid":[" "," "," "," "," "," "," "," "," "," "," "," "," "," "," "," "]}},"5163":{"3702":{"keys":[177,172],"grid":[" ,!&"," -!%"," .!$"," /!#","03"," 0!!"," "," "," "," "," "," "," "," "," "," "]},"3701":{"keys":[172,177],"grid":[" ","!! 0","01","!# /","!$ .","!% -","05","!& ,","!' +","08","!( *","!) )","!* (","12","!+ '","!, &"]}},"5164":{"3702":{"keys":[172,177],"grid":[" "," "," "," "," "," "," "," ","!! 0","!# /","!$ .","10","!% -","!& ,","13","!' +"]},"3703":{"keys":[177,172],"grid":[" (!*"," )!)","01"," *!("," +!'","04"," ,!&"," -!%"," .!$","08"," /!#"," 0!!","11"," "," "," "]}},"5165":{"3703":{"keys":[172,177],"grid":[" "," "," "," "," "," "," "," "," "," "," "," "," "," ","!! 0","!# /"]},"3704":{"keys":[177,172],"grid":[" #!/"," $!."," %!-","02"," &!,"," '!+"," (!*","06"," )!)"," "," "," "," "," "," "," "]}},"5166":{"3704":{"keys":[172,177],"grid":[" "," "," "," "," "," "," "," "," ","!","!","!","!","!","!","!"]}},"5167":{"3704":{"keys":[172,177],"grid":[" "," "," "," "," "," "," "," "," ","!","!","!","!","!","!","!"]}},"5281":{"3654":{"keys":[172,187],"grid":[" "," "," "," "," "," "," "," "," "," .!$"," ,!&"," )!)"," &!,"," #!/","!","!"]},"3661":{"keys":[177,187],"grid":[" .!$","00","00"," /!#","03"," 0!!","05"," "," "," "," "," "," "," "," "," "]},"3659":{"keys":[187,177],"grid":[" "," "," "," "," "," ","!! 0","06","!# /","08","!$ .","10","!% -","12","12","!& ,"]},"3660":{"keys":[177,187],"grid":[" &!,"," '!+","01"," (!*","03"," )!)","05","05"," *!(","08"," +!'","10"," ,!&","12"," -!%","14"]}},"5280":{"3654":{"keys":[172,187],"grid":[" "," "," "," "," "," "," "," "," "," "," "," "," "," "," 0!!"," -!%"]},"3655":{"keys":[172,187],"grid":[" +!'"," (!*"," %!-"," !!0","!","!","!","!","!","!","!","!","!","!","!","!"]},"3657":{"keys":[187,177],"grid":[" "," ","!! 0","02","02","!# /","05","!$ .","07","!% -","09","!& ,","11","!' +","13","13"]},"3658":{"keys":[177,187],"grid":[" (!*","00"," )!)","02"," *!(","04"," +!'","06","06"," ,!&","09"," -!%","11"," .!$","13"," /!#"]},"3659":{"keys":[177,187],"grid":[" /!#"," 0!!","01","01"," "," "," "," "," "," "," "," "," "," "," "," "]}},"5283":{"3665":{"keys":[177,187],"grid":[" *!("," +!'","01"," ,!&","03"," -!%","05","05"," .!$","08"," /!#","10"," 0!!","12"," "," "]},"3664":{"keys":[177,187],"grid":[" #!/"," $!.","01","01"," %!-","04"," &!,","06"," '!+","08"," (!*","10"," )!)","12","12"," *!("]},"3654":{"keys":[172,187],"grid":[" (!*"," %!-"," !!0","!","!","!","!","!","!","!","!","!","!","!","!","!"]},"3663":{"keys":[187,177],"grid":[" "," "," "," "," "," "," "," "," "," "," "," "," ","!! 0","13","!# /"]},"3653":{"keys":[172,187],"grid":[" "," "," "," "," "," "," "," "," "," "," "," "," "," 0!!"," .!$"," +!'"]}},"5282":{"3654":{"keys":[172,187],"grid":[" "," "," "," /!#"," -!%"," *!("," '!+"," $!.","!","!","!","!","!","!","!","!"]},"3661":{"keys":[187,177],"grid":[" "," "," "," "," "," "," "," "," ","!! 0","09","09","!# /","12","!$ .","14"]},"3663":{"keys":[177,187],"grid":[" ,!&","00"," -!%","02"," .!$","04"," /!#","06"," 0!!","08","08"," "," "," "," "," "]},"3662":{"keys":[177,187],"grid":[" %!-","00"," &!,","02"," '!+","04","04"," (!*","07"," )!)","09"," *!(","11"," +!'","13","13"]}},"5285":{"3670":{"keys":[177,187],"grid":[" .!$"," /!#","01"," 0!!","03"," "," "," "," "," "," "," "," "," "," "," "]},"3669":{"keys":[177,187],"grid":[" '!+"," (!*","01","01"," )!)","04"," *!(","06"," +!'","08"," ,!&","10"," -!%","12","12"," .!$"]},"3668":{"keys":[187,177],"grid":[" "," "," "," ","!! 0","04","!# /","06","!$ .","08","08","!% -","11","!& ,","13","!' +"]},"3653":{"keys":[172,187],"grid":[" "," "," 0!!"," -!%"," *!("," '!+"," $!.","!","!","!","!","!","!","!","!","!"]}},"5319":{"3641":{"keys":[172,187],"grid":[" "," "," .!$"," ,!&"," )!)"," &!,"," #!/","!","!","!","!","!","!","!","!","!"]}},"5287":{"3672":{"keys":[187,177],"grid":[" "," "," "," "," "," "," "," "," "," "," ","!! 0","11","!# /","13","!$ ."]},"3673":{"keys":[177,187],"grid":[" $!.","00"," %!-","02"," &!,","04"," '!+","06"," (!*","08","08"," )!)","11"," *!(","13"," +!'"]},"3674":{"keys":[177,187],"grid":[" +!'"," ,!&","01"," -!%","03","03"," .!$","06"," /!#","08"," 0!!","10"," "," "," "," "]},"3652":{"keys":[172,187],"grid":[" "," "," "," "," "," "," "," /!#"," ,!&"," )!)"," &!,"," #!/","!","!","!","!"]}},"5286":{"3672":{"keys":[177,187],"grid":[" -!%","00"," .!$","02"," /!#","04","04"," 0!!","07"," "," "," "," "," "," "," "]},"3670":{"keys":[187,177],"grid":[" "," "," "," "," "," "," "," ","!! 0","08","!# /","10","!$ .","12","!% -","14"]},"3671":{"keys":[177,187],"grid":[" &!,","00","00"," '!+","03"," (!*","05"," )!)","07"," *!(","09","09"," +!'","12"," ,!&","14"]},"3652":{"keys":[172,187],"grid":[" "," "," "," "," "," "," "," "," "," "," "," "," 0!!"," .!$"," +!'"," (!*"]},"3653":{"keys":[172,187],"grid":[" %!-"," !!0","!","!","!","!","!","!","!","!","!","!","!","!","!","!"]}},"5201":{"3670":{"keys":[172,177],"grid":[" "," "," "," "," "," "," "," "," "," "," 0!!"," .!$"," ,!&"," *!("," (!*"," &!,"]},"3671":{"keys":[172,177],"grid":[" $!."," !!0","!","!","!","!","!","!","!","!","!","!","!","!","!","!"]}},"5200":{"3671":{"keys":[172,177],"grid":[" "," "," "," /!#"," -!%"," +!'"," )!)"," '!+"," %!-"," #!/","!","!","!","!","!","!"]}},"5203":{"3670":{"keys":[172,177],"grid":[" $!."," !!0","!","!","!","!","!","!","!","!","!","!","!","!","!","!"]},"3669":{"keys":[172,177],"grid":[" "," "," "," "," "," "," "," "," "," "," 0!!"," .!$"," ,!&"," *!("," (!*"," &!,"]}},"5318":{"3641":{"keys":[172,187],"grid":[" "," "," "," "," "," "," "," 0!!"," -!%"," +!'"," (!*"," %!-"," !!0","!","!","!"]}},"5205":{"3669":{"keys":[172,177],"grid":[" #!/","!","!","!","!","!","!","!","!","!","!","!","!","!","!","!"]},"3668":{"keys":[172,177],"grid":[" "," "," "," "," "," "," "," "," "," "," /!#"," -!%"," +!'"," )!)"," '!+"," %!-"]}},"5204":{"3669":{"keys":[172,177],"grid":[" "," "," 0!!"," .!$"," ,!&"," *!("," (!*"," &!,"," $!."," !!0","!","!","!","!","!","!"]}},"5207":{"3667":{"keys":[172,177],"grid":[" "," "," "," "," "," "," "," "," "," "," /!#"," -!%"," +!'"," )!)"," '!+"," %!-"]},"3668":{"keys":[172,177],"grid":[" #!/","!","!","!","!","!","!","!","!","!","!","!","!","!","!","!"]}},"5206":{"3668":{"keys":[172,177],"grid":[" "," "," /!#"," -!%"," +!'"," )!)"," '!+"," %!-"," #!/","!","!","!","!","!","!","!"]}},"5209":{"3667":{"keys":[172,177],"grid":[" #!/","!","!","!","!","!","!","!","!","!","!","!","!","!","!","!"]},"3666":{"keys":[172,177],"grid":[" "," "," "," "," "," "," "," "," "," 0!!"," .!$"," ,!&"," *!("," )!)"," '!+"," %!-"]}},"5199":{"3672":{"keys":[172,177],"grid":[" %!-"," #!/","!","!","!","!","!","!","!","!","!","!","!","!","!","!"]},"3671":{"keys":[172,177],"grid":[" "," "," "," "," "," "," "," "," "," "," "," /!#"," -!%"," +!'"," )!)"," '!+"]}},"5352":{"3613":{"keys":[172],"grid":[" "," "," "," "," "," "," "," "," "," "," "," "," "," "," "," "]},"3614":{"keys":[172,187],"grid":[" 0!!","00","00"," /!#","03","03"," .!$","06","06","06"," -!%","10","10"," ,!&","13","13"]},"3615":{"keys":[172,187],"grid":[" +!'","00","00"," *!(","03","03","03"," )!)","07","07"," (!*","10","10"," '!+","13","13"]},"3616":{"keys":[172,187],"grid":[" &!,","00","00"," %!-","03","03","03"," $!.","07","07"," #!/","10","10"," !!0","13","13"]},"3617":{"keys":[187],"grid":[" "," "," "," "," "," "," "," "," "," "," "," "," "," "," "," "]}},"5362":{"3584":{"keys":[172,187],"grid":[" &!,"," %!-","01","01"," $!.","04","04"," #!/","07","07"," !!0","10","10","10","!","!"]}},"5360":{"3588":{"keys":[172,187],"grid":[" "," "," "," "," "," 0!!","05","05"," /!#","08","08"," .!$","11","11"," -!%","14"]},"3589":{"keys":[172,187],"grid":[" -!%"," ,!&","01","01","01"," +!'","05","05"," *!(","08","08"," )!)","11","11"," (!*","14"]},"3591":{"keys":[172,187],"grid":[" #!/","00"," !!0","02","02","!","!","!","!","!","!","!","!","!","!","!"]},"3590":{"keys":[172,187],"grid":[" (!*","00"," '!+","02","02"," &!,","05","05"," %!-","08","08"," $!.","11","11","11"," #!/"]}},"5361":{"3588":{"keys":[172,187],"grid":[" !!0","!","!","!","!","!","!","!","!","!","!","!","!","!","!","!"]},"3584":{"keys":[172],"grid":[" "," "," "," "," "," "," "," "," "," "," "," "," "," "," "," "]},"3585":{"keys":[172,187],"grid":[" "," 0!!","01","01"," /!#","04","04"," .!$","07","07","07"," -!%","11","11"," ,!&","14"]},"3586":{"keys":[172,187],"grid":[" ,!&"," +!'","01","01"," *!(","04","04"," )!)","07","07","07"," (!*","11","11"," '!+","14"]},"3587":{"keys":[172,187],"grid":[" '!+"," &!,","01","01"," %!-","04","04","04"," $!.","08","08"," #!/","11","11"," !!0","14"]}},"5310":{"3644":{"keys":[172,187],"grid":[" "," "," "," "," "," .!$"," +!'"," )!)"," &!,"," #!/","!","!","!","!","!","!"]}},"5311":{"3644":{"keys":[172,187],"grid":[" ,!&"," *!("," '!+"," $!.","!","!","!","!","!","!","!","!","!","!","!","!"]},"3643":{"keys":[172,187],"grid":[" "," "," "," "," "," "," "," "," "," "," "," "," "," "," "," /!#"]}}}}