{"9":{"322":{"245":{"keys":[155,1],"grid":[" "," "," "," "," "," "," "," "," "," "," "," "," "," "," 0!!"," /!#"]},"244":{"keys":[179,1,155],"grid":[" "," "," "," ","!! 0","!% -","#$!% *","#'!% '","#*!% $","#-!%","#","#","#","#","#","#"]},"246":{"keys":[155,1,179],"grid":[" .!##!"," -!###"," ,!##$"," +!##%"," *!##&"," )!##'"," (!##("," '!##)"," &!##*"," %!##+"," $!##,"," #!##-"," !!##.","!##/","!!#0","#"]}},"323":{"245":{"keys":[155,1,179],"grid":[" -!###"," ,!##$"," +!##%"," *!##&"," )!##'"," (!##("," '!##)"," &!##*"," %!##+"," $!##,"," #!##-"," !!##.","!##/","!!#0","13","#"]},"244":{"keys":[179,1,155],"grid":[" "," "," "," "," "," "," "," "," ","!","#","#","#","#0!!","#/!#","#.!# !"]}},"320":{"247":{"keys":[155,1],"grid":[" "," "," "," "," "," "," "," "," "," "," "," "," "," "," 0!!"," /!#"]},"248":{"keys":[155,1,179],"grid":[" .!##!"," -!###"," ,!##$"," +!##%"," +!!#&"," *!##&"," )!##'"," (!##("," '!##)"," &!##*"," %!##+"," $!##,"," #!##-"," !!##.","!##/","!!#0"]},"243":{"keys":[179,1,155],"grid":[" "," "," "," "," "," "," "," "," ","!! 0","!% -","#$!$ +","#&!% (","#)!% %","#,!% !","#/!#"]}},"321":{"244":{"keys":[155,1,179],"grid":[" !!%#,"," %!%#)"," (!%#&"," +!%##"," .!$"," "," "," "," "," "," "," "," "," "," "," "]},"247":{"keys":[155,1,179],"grid":[" .!##!"," -!###"," ,!##$"," +!##%"," *!##&"," )!##'"," (!##("," '!##)"," &!##*"," %!##+"," $!##,"," #!##-"," !!##.","!##/","!!#0","#"]},"246":{"keys":[155,1],"grid":[" "," "," "," "," "," "," "," "," "," "," "," "," "," "," 0!!"," /!#"]},"243":{"keys":[179,1],"grid":[" "," "," "," "," "," "," "," "," "," "," "," "," "," "," ","!# /"]}},"324":{"244":{"keys":[179,1,155],"grid":[" "," "," "," "," "," "," "," "," ","!% -","##!# -","#!!# .","!# /","!! 0"," "," "]}}},"13":{"5159":{"3942":{"keys":[155,179],"grid":[" "," "," "," "," "," 0!!"," /!#"," .!$"," -!%"," ,!&"," +!'"," *!("," )!)"," (!*"," '!+"," &!,"]},"3943":{"keys":[155,179],"grid":[" %!-"," $!."," #!/"," !!0","!","!","!","!","!","!","!","!","!","!","!","!"]},"3911":{"keys":[179,155],"grid":[" "," ","!! 0","!% -","!( *","!+ '","!. $","!0 !","!","!","!","!","!","!","!","!"]}},"5158":{"3943":{"keys":[155,179],"grid":[" "," "," "," "," "," 0!!"," /!#"," .!$"," -!%"," ,!&"," +!'"," *!("," )!)","12"," (!*"," '!+"]},"3944":{"keys":[155,179],"grid":[" &!,"," %!-"," $!."," #!/"," !!0","!","!","!","!","!","!","!","!","!","!","!"]},"3911":{"keys":[155,179],"grid":[" ,!&"," /!#"," "," "," "," "," "," "," "," "," "," "," "," "," "," "]},"3910":{"keys":[179,155],"grid":[" "," "," "," "," "," "," "," "," "," "," "," "," ","!# /","!& ,","!) )"]}},"5171":{"3929":{"keys":[155,179],"grid":[" "," "," "," "," "," "," "," "," "," "," "," "," "," "," "," 0!!"]},"3913":{"keys":[179,155],"grid":[" "," "," "," "," "," ","!","!","!","!","!","!","!","!","!","!"]},"3930":{"keys":[155,179],"grid":[" /!#"," .!$"," -!%"," ,!&"," +!'"," *!("," )!)"," (!*"," '!+"," &!,"," %!-"," $!."," #!/"," !!0","!","!"]}},"5170":{"3913":{"keys":[179,155],"grid":[" "," "," "," "," "," ","!","!","!","!","!","!","!","!","!","!"]},"3931":{"keys":[155,179],"grid":[" 0!!"," /!#"," .!$"," -!%"," ,!&"," +!'"," *!("," )!)"," (!*"," '!+"," &!,"," %!-"," $!."," #!/"," !!0","!"]},"3930":{"keys":[155,179],"grid":[" "," "," "," "," "," "," "," "," "," "," "," "," "," "," "," 0!!"]}},"5177":{"3923":{"keys":[155,179],"grid":[" "," "," "," "," "," "," "," "," "," "," "," 0!!"," /!#"," .!$"," -!%"," ,!&"]},"3913":{"keys":[179,155],"grid":[" "," "," "," "," "," ","!","!","!","!","!","!","!","!","!","!"]},"3924":{"keys":[155,179],"grid":[" +!'"," *!("," )!)"," (!*"," '!+"," &!,"," %!-"," $!."," #!/"," !!0","09","!","!","!","!","!"]}},"5176":{"3913":{"keys":[179,155],"grid":[" "," "," "," "," "," ","!","!","!","!","!","!","!","!","!","!"]},"3924":{"keys":[155,179],"grid":[" "," "," "," "," "," "," "," "," "," "," "," "," 0!!"," /!#"," .!$"," -!%"]},"3925":{"keys":[155,179],"grid":[" ,!&"," +!'"," *!("," )!)"," (!*"," '!+"," &!,"," %!-"," $!."," #!/"," !!0","!","!","!","!","!"]}},"5175":{"3913":{"keys":[179,155],"grid":[" "," "," "," "," "," ","!","!","!","!","!","!","!","!","!","!"]},"3926":{"keys":[155,179],"grid":[" -!%"," ,!&"," +!'"," *!("," )!)"," (!*"," '!+"," &!,"," %!-"," $!."," #!/"," !!0","!","!","!","!"]},"3925":{"keys":[155,179],"grid":[" "," "," "," "," "," "," "," "," "," "," "," "," 0!!"," /!#"," .!$"," -!%"]}},"5172":{"3928":{"keys":[155,179],"grid":[" "," "," "," "," "," "," "," "," "," "," "," "," "," "," "," 0!!"]},"3929":{"keys":[155,179],"grid":[" /!#"," .!$"," -!%"," ,!&"," +!'"," *!("," )!)"," (!*"," '!+"," &!,"," %!-"," $!."," #!/"," !!0","!","!"]},"3913":{"keys":[179,155],"grid":[" "," "," "," "," "," ","!","!","!","!","!","!","!","!","!","!"]}},"5151":{"3951":{"keys":[155,179],"grid":[" (!*"," '!+"," &!,"," %!-"," $!."," #!/"," !!0","!","!","!","!","!","!","!","!","!"]},"3950":{"keys":[155,179],"grid":[" "," "," "," "," "," "," "," 0!!"," /!#"," .!$"," -!%"," ,!&"," +!'"," *!("," )!)","14"]},"3908":{"keys":[179,155],"grid":[" "," "," "," "," "," ","!! 0","!% -","!( *","!+ '","!. $","!","!","!","!","!"]}},"5150":{"3952":{"keys":[155,179],"grid":[" (!*"," '!+"," &!,"," %!-"," $!."," #!/"," !!0","!","!","!","!","!","!","!","!","!"]},"3951":{"keys":[155,179],"grid":[" "," "," "," "," "," "," "," "," 0!!"," /!#"," .!$"," -!%"," ,!&"," +!'"," *!("," )!)"]},"3908":{"keys":[179,155],"grid":[" ","!$ .","!' +","!* (","!, &","!/ #","!","!","!","!","!","!","!","!","!","!"]}},"5153":{"3948":{"keys":[155,179],"grid":[" "," "," "," "," "," "," "," 0!!"," /!#"," .!$"," -!%"," ,!&"," +!'"," *!("," )!)"," (!*"]},"3949":{"keys":[155,179],"grid":[" '!+"," &!,"," %!-"," $!."," #!/"," !!0","!","!","!","!","!","!","!","!","!","!"]},"3909":{"keys":[179,155],"grid":[" ","!! 0","!% -","!( *","!+ '","!. $","!","!","!","!","!","!","!","!","!","!"]}},"5152":{"3949":{"keys":[155,179],"grid":[" "," "," "," "," "," "," "," 0!!"," /!#"," .!$"," -!%"," ,!&"," +!'"," *!("," )!)"," (!*"]},"3950":{"keys":[155,179],"grid":[" '!+"," &!,"," %!-"," $!."," #!/"," !!0","!","!","!","!","!","!","!","!","!","!"]},"3908":{"keys":[179,155],"grid":[" "," "," "," "," "," "," "," "," "," "," "," ","!$ .","!' +","!) )","!, &"]},"3909":{"keys":[155,179],"grid":[" /!#"," "," "," "," "," "," "," "," "," "," "," "," "," "," "," "]}},"5155":{"3947":{"keys":[155,179],"grid":[" '!+"," &!,"," %!-"," $!."," #!/"," !!0","!","!","!","!","!","!","!","!","!","!"]},"3909":{"keys":[179,155],"grid":[" "," "," "," "," "," "," "," "," "," "," "," ","!! 0","!% -","!( *","!+ '"]},"3946":{"keys":[155,179],"grid":[" "," "," "," "," "," "," "," 0!!"," /!#"," .!$"," -!%"," ,!&"," +!'"," *!("," )!)"," (!*"]},"3910":{"keys":[155,179],"grid":[" .!$"," "," "," "," "," "," "," "," "," "," "," "," "," "," "," "]}},"5154":{"3948":{"keys":[155,179],"grid":[" '!+"," &!,"," %!-"," $!."," #!/"," !!0","!","!","!","!","!","!","!","!","!","!"]},"3909":{"keys":[179,155],"grid":[" "," "," "," "," "," "," ","!$ .","!& ,","!) )","!, &","!/ #","!","!","!","!"]},"3947":{"keys":[155,179],"grid":[" "," "," "," "," "," "," "," 0!!"," /!#"," .!$"," -!%"," ,!&"," +!'"," *!("," )!)"," (!*"]}},"5157":{"3944":{"keys":[155,179],"grid":[" "," "," "," "," "," "," 0!!"," /!#"," .!$"," -!%"," ,!&"," +!'"," *!("," )!)"," (!*"," '!+"]},"3945":{"keys":[155,179],"grid":[" &!,"," %!-"," $!."," #!/"," !!0","!","!","!","!","!","!","!","!","!","!","!"]},"3910":{"keys":[179,155],"grid":[" "," "," "," "," "," "," ","!! 0","!% -","!( *","!+ '","!. $","!","!","!","!"]}},"5156":{"3945":{"keys":[155,179],"grid":[" "," "," "," "," "," "," 0!!"," /!#"," .!$"," -!%"," ,!&"," +!'"," *!(","12"," )!)"," (!*"]},"3946":{"keys":[155,179],"grid":[" '!+"," &!,"," %!-"," $!."," #!/"," !!0","!","!","!","!","!","!","!","!","!","!"]},"3910":{"keys":[179,155],"grid":[" "," ","!# /","!& ,","!) )","!, &","!/ #","!","!","!","!","!","!","!","!","!"]}},"5163":{"3939":{"keys":[155,179],"grid":[" #!/"," !!0","!","!","!","!","!","!","!","!","!","!","!","!","!","!"]},"3912":{"keys":[179,155],"grid":[" "," "," "," "," "," "," "," ","!! 0","!% -","!( *","!+ '","!- %","!0 !","!","!"]},"3938":{"keys":[155,179],"grid":[" "," "," "," 0!!"," /!#"," .!$"," -!%"," ,!&"," +!'"," *!("," )!)"," (!*"," '!+"," &!,"," %!-"," $!."]}},"5139":{"3904":{"keys":[179,155],"grid":[" "," "," "," "," "," ","!$ .","!' +","!* (","!- %","!0 !","!","!","!","!","!"]},"3962":{"keys":[155,179],"grid":[" "," "," "," "," "," "," "," "," "," "," "," "," 0!!"," /!#"," .!$"," -!%"]},"3963":{"keys":[155,179],"grid":[" ,!&"," +!'"," *!("," )!)"," (!*"," '!+"," &!,"," %!-"," $!."," #!/"," !!0","!","!","!","!","!"]}},"5138":{"3904":{"keys":[155,179],"grid":[" !!0"," %!-"," (!*"," +!'"," .!$"," "," "," "," "," "," "," "," "," "," "," "]},"3964":{"keys":[155,179],"grid":[" -!%"," ,!&"," +!'"," *!("," )!)"," (!*"," '!+"," &!,"," %!-"," $!."," #!/"," !!0","!","!","!","!"]},"3963":{"keys":[155,179],"grid":[" "," "," "," "," "," "," "," "," "," "," "," "," 0!!","12"," /!#"," .!$"]}},"5137":{"3904":{"keys":[155],"grid":[" "," "," "," "," "," "," "," "," "," "," "," "," "," "," "," "]},"3964":{"keys":[155,179],"grid":[" "," "," "," "," "," "," "," "," "," "," "," "," "," 0!!"," /!#"," .!$"]},"3965":{"keys":[155,179],"grid":[" -!%"," ,!&"," +!'"," *!("," )!)"," (!*"," '!+"," &!,"," %!-"," $!."," #!/"," !!0","!","!","!","!"]},"3903":{"keys":[179,155],"grid":[" "," "," "," "," "," "," "," "," "," "," ","!# /","!& ,","!) )","!, &","!/ #"]}},"5136":{"3966":{"keys":[155,179],"grid":[" -!%"," ,!&"," +!'"," *!("," )!)"," (!*"," '!+"," &!,","07"," %!-"," $!."," #!/"," !!0","!","!","!"]},"3965":{"keys":[155,179],"grid":[" "," "," "," "," "," "," "," "," "," "," "," "," "," 0!!"," /!#"," .!$"]},"3903":{"keys":[179,155],"grid":[" "," "," "," "," "," ","!$ .","!' +","!* (","!- %","!0 !","!","!","!","!","!"]}},"5135":{"3966":{"keys":[155,179],"grid":[" "," "," "," "," "," "," "," "," "," "," "," "," "," "," 0!!"," /!#"]},"3967":{"keys":[155,179],"grid":[" .!$"," -!%"," ,!&"," +!'"," *!("," )!)"," (!*"," '!+"," &!,"," %!-"," $!."," #!/"," !!0","!","!","!"]},"3903":{"keys":[155,179],"grid":[" !!0"," %!-"," (!*"," +!'"," .!$"," "," "," "," "," "," "," "," "," "," "," "]}},"5134":{"3967":{"keys":[155,179],"grid":[" "," "," "," "," "," "," "," "," "," "," "," "," "," "," 0!!"," /!#"]},"3968":{"keys":[155,179],"grid":[" .!$"," -!%"," ,!&"," +!'"," *!("," )!)"," (!*"," '!+"," &!,"," %!-"," $!."," #!/"," !!0","!","!","!"]},"3902":{"keys":[179,155],"grid":[" "," "," "," "," "," "," "," "," "," "," ","!# /","!& ,","!) )","!, &","!/ #"]},"3903":{"keys":[155],"grid":[" "," "," "," "," "," "," "," "," "," "," "," "," "," "," "," "]}},"5133":{"3968":{"keys":[155,179],"grid":[" "," "," "," "," "," "," "," "," "," "," "," "," "," "," 0!!"," /!#"]},"3902":{"keys":[179,155],"grid":[" "," "," "," "," "," ","!$ .","!' +","!* (","!- %","!0 !","!","!","!","!","!"]},"3969":{"keys":[155,179],"grid":[" .!$"," -!%","01"," ,!&"," +!'"," *!("," )!)"," (!*"," '!+"," &!,"," %!-"," $!."," #!/"," !!0","!","!"]}},"5132":{"3970":{"keys":[155,179],"grid":[" /!#"," .!$"," -!%"," ,!&"," +!'"," *!("," )!)"," (!*"," '!+"," &!,"," %!-"," $!."," #!/"," !!0","!","!"]},"3902":{"keys":[155,179],"grid":[" !!0"," %!-"," (!*"," +!'"," .!$"," "," "," "," "," "," "," "," "," "," "," "]},"3969":{"keys":[155,179],"grid":[" "," "," "," "," "," "," "," "," "," "," "," "," "," "," "," 0!!"]}},"5131":{"3971":{"keys":[155,179],"grid":[" /!#"," .!$"," -!%"," ,!&"," +!'"," *!(","05"," )!)"," (!*"," '!+"," &!,"," %!-"," $!."," #!/"," !!0","!"]},"3970":{"keys":[155,179],"grid":[" "," "," "," "," "," "," "," "," "," "," "," "," "," "," "," 0!!"]},"3901":{"keys":[179,155],"grid":[" "," "," "," "," "," "," "," "," "," "," ","!# /","!& ,","!) )","!, &","!/ #"]},"3902":{"keys":[155],"grid":[" "," "," "," "," "," "," "," "," "," "," "," "," "," "," "," "]}},"5130":{"3971":{"keys":[155],"grid":[" "," "," "," "," "," "," "," "," "," "," "," "," "," "," "," "]},"3973":{"keys":[179],"grid":[" "," "," "," "," "," "," "," "," "," "," "," "," "," "," "," "]},"3972":{"keys":[155,179],"grid":[" 0!!"," /!#"," .!$"," -!%"," ,!&"," +!'"," *!("," )!)"," (!*"," '!+"," &!,"," %!-","11"," $!."," #!/"," !!0"]},"3901":{"keys":[179,155],"grid":[" "," "," "," "," "," ","!$ .","!' +","!* (","!- %","!0 !","!","!","!","!","!"]}},"5148":{"3953":{"keys":[155,179],"grid":[" "," "," "," "," "," "," "," "," "," 0!!"," /!#"," .!$"," -!%"," ,!&"," +!'"," *!("]},"3907":{"keys":[179,155],"grid":[" "," "," "," "," "," ","!$ .","!' +","!* (","!- %","!/ #","!","!","!","!","!"]},"3954":{"keys":[155,179],"grid":[" )!)"," (!*"," '!+"," &!,"," %!-"," $!."," #!/"," !!0","!","!","!","!","!","!","!","!"]}},"5174":{"3913":{"keys":[179,155],"grid":[" "," "," "," "," "," ","!","!","!","!","!","!","!","!","!","!"]},"3926":{"keys":[155,179],"grid":[" "," "," "," "," "," "," "," "," "," "," "," "," "," 0!!"," /!#"," .!$"]},"3927":{"keys":[155,179],"grid":[" -!%"," ,!&"," +!'"," *!("," )!)"," (!*","05"," '!+"," &!,"," %!-"," $!."," #!/"," !!0","!","!","!"]}},"5146":{"3906":{"keys":[179,155],"grid":[" "," "," "," "," "," "," "," "," "," "," ","!# /","!& ,","!) )","!, &","!/ #"]},"3907":{"keys":[155],"grid":[" "," "," "," "," "," "," "," "," "," "," "," "," "," "," "," "]},"3956":{"keys":[155,179],"grid":[" *!("," )!)"," (!*"," '!+"," &!,"," %!-"," $!."," #!/"," !!0","!","!","!","!","!","!","!"]},"3955":{"keys":[155,179],"grid":[" "," "," "," "," "," "," "," "," "," 0!!"," /!#"," .!$"," -!%"," ,!&"," +!'"," *!("]}},"5147":{"3907":{"keys":[155,179],"grid":[" !!0"," %!-"," (!*"," +!'"," .!$"," "," "," "," "," "," "," "," "," "," "," "]},"3955":{"keys":[155,179],"grid":[" )!)"," (!*"," '!+"," &!,"," %!-"," $!."," #!/"," !!0","!","!","!","!","!","!","!","!"]},"3954":{"keys":[155,179],"grid":[" "," "," "," "," "," "," "," "," "," 0!!"," /!#"," .!$"," -!%"," ,!&"," +!'"," *!("]}},"5149":{"3953":{"keys":[155,179],"grid":[" (!*"," '!+"," &!,"," %!-"," $!."," #!/"," !!0","!","!","!","!","!","!","!","!","!"]},"3952":{"keys":[155,179],"grid":[" "," "," "," "," "," "," "," "," 0!!"," /!#"," .!$"," -!%"," ,!&"," +!'"," *!("," )!)"]},"3907":{"keys":[179,155],"grid":[" "," "," "," "," "," "," "," "," "," "," ","!! 0","!% -","!( *","!+ '","!. $"]},"3908":{"keys":[155],"grid":[" "," "," "," "," "," "," "," "," "," "," "," "," "," "," "," "]}},"5179":{"3922":{"keys":[155,179],"grid":[" *!("," )!)"," (!*"," '!+"," &!,"," %!-"," $!."," #!/"," !!0","!","!","!","!","!","!","!"]},"3921":{"keys":[155,179],"grid":[" "," "," "," "," "," "," "," "," "," 0!!"," /!#","10"," .!$"," -!%"," ,!&"," +!'"]},"3913":{"keys":[179,155],"grid":[" "," "," "," "," "," ","!","!","!","!","!","!","!","!","!","!"]}},"5160":{"3941":{"keys":[155,179],"grid":[" "," "," "," "," 0!!"," /!#"," .!$"," -!%"," ,!&"," +!'"," *!("," )!)","11"," (!*"," '!+"," &!,"]},"3942":{"keys":[155,179],"grid":[" %!-"," $!."," #!/"," !!0","!","!","!","!","!","!","!","!","!","!","!","!"]},"3911":{"keys":[179,155],"grid":[" "," "," "," "," "," "," "," ","!# /","!& ,","!) )","!, &","!/ #","!","!","!"]}},"5161":{"3940":{"keys":[155,179],"grid":[" "," "," "," "," 0!!"," /!#"," .!$"," -!%"," ,!&"," +!'"," *!("," )!)"," (!*"," '!+"," &!,"," %!-"]},"3941":{"keys":[155,179],"grid":[" $!."," #!/"," !!0","!","!","!","!","!","!","!","!","!","!","!","!","!"]},"3912":{"keys":[155,179],"grid":[" +!'"," -!%"," 0!!"," "," "," "," "," "," "," "," "," "," "," "," "," "]},"3911":{"keys":[179,155],"grid":[" "," "," "," "," "," "," "," "," "," "," "," "," ","!! 0","!% -","!( *"]}},"5162":{"3940":{"keys":[155,179],"grid":[" $!."," #!/"," !!0","!","!","!","!","!","!","!","!","!","!","!","!","!"]},"3939":{"keys":[155,179],"grid":[" "," "," "," 0!!"," /!#"," .!$"," -!%"," ,!&"," +!'"," *!("," )!)"," (!*"," '!+","12"," &!,"," %!-"]},"3912":{"keys":[179,155],"grid":[" "," "," ","!# /","!& ,","!) )","!, &","!/ #","!","!","!","!","!","!","!","!"]}},"5178":{"3922":{"keys":[155,179],"grid":[" "," "," "," "," "," "," "," "," "," "," 0!!"," /!#"," .!$"," -!%"," ,!&"," +!'"]},"3923":{"keys":[155,179],"grid":[" *!("," )!)"," (!*"," '!+","03"," &!,"," %!-"," $!."," #!/"," !!0","!","!","!","!","!","!"]},"3913":{"keys":[179,155],"grid":[" "," "," "," "," "," ","!","!","!","!","!","!","!","!","!","!"]}},"5164":{"3937":{"keys":[155,179],"grid":[" "," "," 0!!"," /!#"," .!$"," -!%"," ,!&"," +!'"," *!("," )!)","09"," (!*"," '!+"," &!,"," %!-"," $!."]},"3913":{"keys":[155,179],"grid":[" )!)"," ,!&"," /!#"," "," "," "," "," "," "," "," "," "," "," "," "," "]},"3912":{"keys":[179,155],"grid":[" "," "," "," "," "," "," "," "," "," "," "," "," "," ","!# /","!& ,"]},"3938":{"keys":[155,179],"grid":[" #!/"," !!0","!","!","!","!","!","!","!","!","!","!","!","!","!","!"]}},"5165":{"3937":{"keys":[155,179],"grid":[" !!0","!","!","!","!","!","!","!","!","!","!","!","!","!","!","!"]},"3936":{"keys":[155,179],"grid":[" "," "," 0!!"," /!#"," .!$"," -!%"," ,!&"," +!'"," *!("," )!)"," (!*"," '!+"," &!,"," %!-"," $!."," #!/"]},"3913":{"keys":[179,155],"grid":[" "," "," ","!! 0","!% -","!- %","!","!","!","!","!","!","!","!","!","!"]}},"5166":{"3935":{"keys":[155,179],"grid":[" "," 0!!"," /!#"," .!$"," -!%"," ,!&","05"," +!'"," *!("," )!)"," (!*"," '!+"," &!,"," %!-"," $!."," #!/"]},"3936":{"keys":[155,179],"grid":[" !!0","!","!","!","!","!","!","!","!","!","!","!","!","!","!","!"]},"3913":{"keys":[179,155],"grid":[" "," "," "," "," "," ","!","!","!","!","!","!","!","!","!","!"]}},"5167":{"3935":{"keys":[179],"grid":[" "," "," "," "," "," "," "," "," "," "," "," "," "," "," "," "]},"3934":{"keys":[155,179],"grid":[" "," 0!!"," /!#"," .!$"," -!%"," ,!&"," +!'"," *!("," )!)"," (!*"," '!+"," &!,"," %!-"," $!."," #!/"," !!0"]},"3913":{"keys":[179,155],"grid":[" "," "," "," "," "," ","!","!","!","!","!","!","!","!","!","!"]}},"5168":{"3934":{"keys":[179],"grid":[" "," "," "," "," "," "," "," "," "," "," "," "," "," "," "," "]},"3913":{"keys":[179,155],"grid":[" "," "," "," "," "," ","!","!","!","!","!","!","!","!","!","!"]},"3933":{"keys":[155,179],"grid":[" 0!!"," /!#"," .!$","02"," -!%"," ,!&"," +!'"," *!("," )!)"," (!*"," '!+"," &!,"," %!-"," $!."," #!/"," !!0"]},"3932":{"keys":[155],"grid":[" "," "," "," "," "," "," "," "," "," "," "," "," "," "," "," "]}},"5169":{"3913":{"keys":[179,155],"grid":[" "," "," "," "," "," ","!","!","!","!","!","!","!","!","!","!"]},"3931":{"keys":[155],"grid":[" "," "," "," "," "," "," "," "," "," "," "," "," "," "," "," "]},"3932":{"keys":[155,179],"grid":[" 0!!"," /!#"," .!$"," -!%"," ,!&"," +!'"," *!("," )!)"," (!*"," '!+"," &!,"," %!-"," $!."," #!/"," !!0","!"]}},"5144":{"3906":{"keys":[155,179],"grid":[" !!0"," %!-"," (!*"," +!'"," .!$"," "," "," "," "," "," "," "," "," "," "," "]},"3958":{"keys":[155,179],"grid":[" *!("," )!)"," (!*"," '!+"," &!,"," %!-"," $!."," #!/"," !!0","!","!","!","!","!","!","!"]},"3957":{"keys":[155,179],"grid":[" "," "," "," "," "," "," "," "," "," "," 0!!"," /!#"," .!$"," -!%"," ,!&"," +!'"]}},"5145":{"3906":{"keys":[179,155],"grid":[" "," "," "," "," "," ","!$ .","!' +","!* (","!- %","!0 !","!","!","!","!","!"]},"3957":{"keys":[155,179],"grid":[" *!("," )!)"," (!*"," '!+"," &!,"," %!-"," $!."," #!/"," !!0","!","!","!","!","!","!","!"]},"3956":{"keys":[155,179],"grid":[" "," "," "," "," "," "," "," "," "," "," 0!!"," /!#"," .!$"," -!%"," ,!&"," +!'"]}},"5142":{"3905":{"keys":[179,155],"grid":[" "," "," "," "," "," ","!$ .","!' +","!* (","!- %","!0 !","!","!","!","!","!"]},"3959":{"keys":[155,179],"grid":[" "," "," "," "," "," "," "," "," "," "," "," 0!!"," /!#"," .!$"," -!%"," ,!&"]},"3960":{"keys":[155,179],"grid":[" +!'"," *!("," )!)"," (!*"," '!+"," &!,"," %!-"," $!."," #!/"," !!0","!","!","!","!","!","!"]}},"5143":{"3905":{"keys":[179,155],"grid":[" "," "," "," "," "," "," "," "," "," "," ","!# /","!& ,","!) )","!, &","!/ #"]},"3906":{"keys":[155],"grid":[" "," "," "," "," "," "," "," "," "," "," "," "," "," "," "," "]},"3958":{"keys":[155,179],"grid":[" "," "," "," "," "," "," "," "," "," "," "," 0!!"," /!#"," .!$"," -!%"," ,!&"]},"3959":{"keys":[155,179],"grid":[" +!'"," *!("," )!)"," (!*"," '!+"," &!,"," %!-"," $!."," #!/"," !!0","!","!","!","!","!","!"]}},"5140":{"3904":{"keys":[179,155],"grid":[" "," "," "," "," "," "," "," "," "," "," ","!# /","!& ,","!) )","!, &","!/ #"]},"3905":{"keys":[155],"grid":[" "," "," "," "," "," "," "," "," "," "," "," "," "," "," "," "]},"3962":{"keys":[155,179],"grid":[" ,!&"," +!'"," *!("," )!)"," (!*"," '!+"," &!,"," %!-"," $!."," #!/"," !!0","!","!","!","!","!"]},"3961":{"keys":[155,179],"grid":[" "," "," "," "," "," "," "," "," "," "," "," "," 0!!"," /!#"," .!$"," -!%"]}},"5141":{"3905":{"keys":[155,179],"grid":[" !!0"," %!-"," (!*"," +!'"," .!$"," "," "," "," "," "," "," "," "," "," "," "]},"3960":{"keys":[155,179],"grid":[" "," "," "," "," "," "," "," "," "," "," "," 0!!"," /!#"," .!$"," -!%"," ,!&"]},"3961":{"keys":[155,179],"grid":[" +!'"," *!("," )!)","02"," (!*"," '!+"," &!,"," %!-"," $!."," #!/"," !!0","!","!","!","!","!"]}},"5128":{"3900":{"keys":[179,155],"grid":[" "," "," "," "," "," "," "," "," "," "," ","!# /","!& ,","!) )","!, &","!/ #"]},"3975":{"keys":[155,179],"grid":[" !!0","!","!","!","!","!","!","!","!","!","!","!","!","!","!","!"]},"3901":{"keys":[155],"grid":[" "," "," "," "," "," "," "," "," "," "," "," "," "," "," "," "]},"3974":{"keys":[155,179],"grid":[" "," 0!!","01"," /!#"," .!$"," -!%"," ,!&"," +!'"," *!("," )!)"," (!*"," '!+"," &!,"," %!-"," $!."," #!/"]}},"5129":{"3973":{"keys":[155,179],"grid":[" "," 0!!"," /!#"," .!$"," -!%"," ,!&"," +!'"," *!("," )!)"," (!*"," '!+"," &!,"," %!-"," $!."," #!/"," !!0"]},"3901":{"keys":[155,179],"grid":[" !!0"," %!-"," (!*"," +!'"," .!$"," "," "," "," "," "," "," "," "," "," "," "]},"3974":{"keys":[179],"grid":[" "," "," "," "," "," "," "," "," "," "," "," "," "," "," "," "]}},"5173":{"3928":{"keys":[155,179],"grid":[" .!$"," -!%"," ,!&"," +!'"," *!("," )!)"," (!*"," '!+"," &!,"," %!-"," $!."," #!/"," !!0","12","!","!"]},"3913":{"keys":[179,155],"grid":[" "," "," "," "," "," ","!","!","!","!","!","!","!","!","!","!"]},"3927":{"keys":[155,179],"grid":[" "," "," "," "," "," "," "," "," "," "," "," "," "," "," 0!!"," /!#"]}},"5124":{"3979":{"keys":[155,179],"grid":[" %!-"," $!."," #!/"," !!0","!","!","!","!","!","!","!","!","!","!","!","!"]},"3978":{"keys":[155,179],"grid":[" "," "," "," "," 0!!","04"," /!#"," .!$"," -!%"," ,!&"," +!'"," *!("," )!)"," (!*"," '!+"," &!,"]},"3899":{"keys":[179,155],"grid":[" "," "," "," "," ","!! 0","!% -","!( *","!* (","!- %","!0 !","!","!","!","!","!"]}},"5125":{"3978":{"keys":[155,179],"grid":[" $!."," #!/"," !!0","!","!","!","!","!","!","!","!","!","!","!","!","!"]},"3899":{"keys":[179,155],"grid":[" "," "," "," "," "," "," "," "," "," "," ","!# /","!& ,","!) )","!, &","!/ #"]},"3900":{"keys":[155],"grid":[" "," "," "," "," "," "," "," "," "," "," "," "," "," "," "," "]},"3977":{"keys":[155,179],"grid":[" "," "," "," "," 0!!"," /!#"," .!$"," -!%"," ,!&"," +!'"," *!("," )!)"," (!*"," '!+"," &!,"," %!-"]}},"5126":{"3900":{"keys":[155,179],"grid":[" !!0"," %!-"," (!*"," +!'"," .!$"," "," "," "," "," "," "," "," "," "," "," "]},"3977":{"keys":[155,179],"grid":[" $!."," #!/"," !!0","!","!","!","!","!","!","!","!","!","!","!","!","!"]},"3976":{"keys":[155,179],"grid":[" "," "," "," 0!!"," /!#"," .!$"," -!%"," ,!&"," +!'"," *!("," )!)"," (!*"," '!+"," &!,"," %!-","14"]}},"5127":{"3900":{"keys":[179,155],"grid":[" "," "," "," "," "," ","!$ .","!' +","!* (","!- %","!0 !","!","!","!","!","!"]},"3975":{"keys":[155,179],"grid":[" "," "," 0!!"," /!#"," .!$"," -!%"," ,!&"," +!'","07"," *!("," )!)"," (!*"," '!+"," &!,"," %!-"," $!."]},"3976":{"keys":[155,179],"grid":[" #!/"," !!0","!","!","!","!","!","!","!","!","!","!","!","!","!","!"]}},"5120":{"3898":{"keys":[155,179],"grid":[" $!."," &!,"," )!)"," ,!&"," /!#"," "," "," "," "," "," "," "," "," "," "," "]},"3897":{"keys":[179],"grid":[" "," "," "," "," "," "," "," "," "," "," "," "," "," "," "," "]},"3982":{"keys":[155,179],"grid":[" "," "," "," "," "," "," "," 0!!","07"," /!#"," .!$"," -!%"," ,!&"," +!'"," *!("," )!)"]},"3983":{"keys":[155,179],"grid":[" (!*"," '!+"," &!,"," %!-"," $!."," #!/"," !!0","!","!","!","!","!","!","!","!","!"]}},"5121":{"3898":{"keys":[179,155],"grid":[" "," "," "," "," ","!! 0","!% -","!( *","!+ '","!. $","!","!","!","!","!","!"]},"3981":{"keys":[155,179],"grid":[" "," "," "," "," "," "," "," 0!!"," /!#"," .!$"," -!%"," ,!&"," +!'"," *!("," )!)"," (!*"]},"3982":{"keys":[155,179],"grid":[" '!+"," &!,"," %!-"," $!."," #!/"," !!0","!","!","!","!","!","!","!","!","!","!"]}},"5122":{"3898":{"keys":[179,155],"grid":[" "," "," "," "," "," "," "," "," "," "," ","!$ .","!' +","!* (","!- %","!0 !"]},"3980":{"keys":[155,179],"grid":[" "," "," "," "," "," "," 0!!"," /!#"," .!$"," -!%"," ,!&"," +!'"," *!("," )!)"," (!*"," '!+"]},"3981":{"keys":[155,179],"grid":[" &!,","00"," %!-"," $!."," #!/"," !!0","!","!","!","!","!","!","!","!","!","!"]}},"5123":{"3979":{"keys":[155,179],"grid":[" "," "," "," "," "," 0!!"," /!#"," .!$"," -!%"," ,!&"," +!'","10"," *!("," )!)"," (!*"," '!+"]},"3898":{"keys":[179],"grid":[" "," "," "," "," "," "," "," "," "," "," "," "," "," "," "," "]},"3899":{"keys":[155,179],"grid":[" #!/"," &!,"," )!)"," ,!&"," /!#"," "," "," "," "," "," "," "," "," "," "," "]},"3980":{"keys":[155,179],"grid":[" &!,"," %!-"," $!."," #!/"," !!0","!","!","!","!","!","!","!","!","!","!","!"]}},"5182":{"3913":{"keys":[179,155],"grid":[" "," "," "," "," "," ","!","!","!","!","!","!","!","!","!","!"]},"3919":{"keys":[155,179],"grid":[" (!*"," '!+"," &!,"," %!-"," $!."," #!/"," !!0","!","!","!","!","!","!","!","!","!"]},"3918":{"keys":[155,179],"grid":[" "," "," "," "," "," "," "," 0!!","07"," /!#"," .!$"," -!%"," ,!&"," +!'"," *!("," )!)"]}},"5183":{"3917":{"keys":[155,179],"grid":[" "," "," "," "," "," "," "," 0!!"," /!#"," .!$"," -!%"," ,!&"," +!'"," *!("," )!)"," (!*"]},"3913":{"keys":[179,155],"grid":[" "," "," "," "," "," ","!","!","!","!","!","!","!","!","!","!"]},"3918":{"keys":[155,179],"grid":[" '!+"," &!,"," %!-"," $!."," #!/"," !!0","!","!","!","!","!","!","!","!","!","!"]}},"5180":{"3920":{"keys":[155,179],"grid":[" "," "," "," "," "," "," "," "," "," 0!!"," /!#"," .!$"," -!%"," ,!&"," +!'"," *!("]},"3921":{"keys":[155,179],"grid":[" )!)"," (!*"," '!+"," &!,"," %!-"," $!."," #!/"," !!0","!","!","!","!","!","!","!","!"]},"3913":{"keys":[179,155],"grid":[" "," "," "," "," "," ","!","!","!","!","!","!","!","!","!","!"]}},"5181":{"3920":{"keys":[155,179],"grid":[" (!*","00"," '!+"," &!,"," %!-"," $!."," #!/"," !!0","!","!","!","!","!","!","!","!"]},"3913":{"keys":[179,155],"grid":[" "," "," "," "," "," ","!","!","!","!","!","!","!","!","!","!"]},"3919":{"keys":[155,179],"grid":[" "," "," "," "," "," "," "," "," 0!!"," /!#"," .!$"," -!%"," ,!&"," +!'"," *!("," )!)"]}},"5186":{"3915":{"keys":[155,179],"grid":[" %!-"," $!."," #!/"," !!0","!","!","!","!","!","!","!","!","!","!","!","!"]},"3914":{"keys":[155,179],"grid":[" "," "," "," "," "," 0!!"," /!#"," .!$"," -!%"," ,!&"," +!'"," *!("," )!)"," (!*"," '!+"," &!,"]},"3913":{"keys":[179,155],"grid":[" "," "," "," "," "," ","!","!","!","!","!","!","!","!","!","!"]}},"5187":{"3914":{"keys":[155,179],"grid":[" %!-"," $!."," #!/"," !!0","!","!","!","!","!","!","!","!","!","!","!","!"]},"3913":{"keys":[179,155],"grid":[" "," "," "," "," "," ","!. $","!- %","!, &","!+ '","!* (","!) )","!( *","12","!' +","!& ,"]}},"5184":{"3917":{"keys":[155,179],"grid":[" '!+"," &!,"," %!-"," $!."," #!/"," !!0","!","!","!","!","!","!","!","!","!","!"]},"3916":{"keys":[155,179],"grid":[" "," "," "," "," "," "," 0!!"," /!#"," .!$"," -!%"," ,!&"," +!'"," *!("," )!)"," (!*","14"]},"3913":{"keys":[179,155],"grid":[" "," "," "," "," "," ","!","!","!","!","!","!","!","!","!","!"]}},"5185":{"3916":{"keys":[155,179],"grid":[" &!,"," %!-"," $!."," #!/"," !!0","!","!","!","!","!","!","!","!","!","!","!"]},"3915":{"keys":[155,179],"grid":[" "," "," "," "," "," 0!!","05"," /!#"," .!$"," -!%"," ,!&"," +!'"," *!("," )!)"," (!*"," '!+"]},"3913":{"keys":[179,155],"grid":[" "," "," "," "," "," ","!","!","!","!","!","!","!","!","!","!"]}}}}