{"9":{"492":{"227":{"keys":["",1,4],"grid":[" "," "," "," "," "," "," "," "," "," "," /!#"," -!$#!"," ,!##$"," +!##%"," +!!#&","14"]},"228":{"keys":["",1,4],"grid":[" +!!#&","00"," +!##%"," ,!!#%"," ,!$##"," .!$"," "," "," "," "," "," "," "," "," "," "]}},"493":{"227":{"keys":["",1,4],"grid":[" "," "," "," "," "," "," "," "," "," ","!! 0","!$ .","##!# -","#$!# ,","#%!! ,","#%!# +"]},"228":{"keys":[4,1,""],"grid":[" &!!#+","00"," %!##+"," %!!#,"," $!##,","!%#-","#","#","#","#","#","#","#","#","#","#"]}}},"13":{"7885":{"3643":{"keys":["",230,4],"grid":[" .!##!"," +!##%"," (!##("," &!##*"," $!!#-"," !!!#/","#","#","#","#","#","#","#","#","#","#"]},"3652":{"keys":[4,230,""],"grid":[" "," "," "," "," "," "," "," "," "," "," "," "," ","!! 0","##!! .","#%!! ,"]},"3653":{"keys":["",230,4],"grid":[" '!!#*"," )!!#("," +!!#&"," -!###"," 0!!"," "," "," "," "," "," "," "," "," "," "," "]}},"7886":{"3643":{"keys":[4],"grid":[" "," "," "," "," "," "," "," "," "," "," "," "," "," "," "," "]},"3642":{"keys":["",230,4],"grid":[" "," "," "," "," "," "," "," "," "," "," "," "," "," +!'"," &!$#)","!$#."]},"3653":{"keys":[4,230,""],"grid":[" "," "," "," ","!! 0","##!! .","#%!# +","#'!# )","#*!! '","#,!# $","#/!#","#","#","#","#","#"]}},"7884":{"3644":{"keys":[230,4],"grid":[" !!0","!","!","!","!","!","!","!","!","!","!","!","!","!","!","!"]},"3643":{"keys":["",230,4],"grid":[" "," "," "," "," "," "," 0!!"," .!!##"," ,!!#%"," +!!#&"," )!!#("," (!!#)"," &!!#+"," %!!#,"," $!!#-"," !!##."]},"3652":{"keys":[4,230,""],"grid":[" ","!! 0","#!!! /","##!! .","#%!! ,","#&!! +","#'!! *","#(!! )","#*!! '","#+!! &","#-!! $","#.!! #","#0!!","#","#","#"]}},"7889":{"3643":{"keys":["",230,4],"grid":[" ","!! 0","##!# -","#%!# +","#(!# (","#+!# %","#.!! #","#0!!","#","#","#","#","#","#","#","#"]},"3653":{"keys":[4,230,""],"grid":[" "," "," "," "," "," "," "," "," "," 0!!"," -!###"," )!##'"," $!$#+","#","#","#"]}},"7888":{"3643":{"keys":[4,230,""],"grid":[" -!###"," 0!!"," "," "," "," "," "," "," "," "," "," "," "," "," "," "]},"3642":{"keys":["",4,230],"grid":[" "," "," "," "," "," "," "," "," "," "," "," "," "," ","!$#$ +","!)## '"]},"3653":{"keys":[4,230,""],"grid":[" "," "," "," "," "," "," "," "," "," "," "," "," ","!$ &!)","#","#"]}},"7887":{"3642":{"keys":["",4,230],"grid":[" "," "," "," "," "," "," "," "," "," "," "," "," ","!+#'","!","!"]},"3653":{"keys":[4,"",230],"grid":[" "," "," "," "," "," "," "," "," "," "," ","!### -","!'#$ (","!-#%","!","!"]}},"7883":{"3645":{"keys":["",230,4],"grid":[" !!!#/","00","!!#0","#","#","#","#","#","#","#","#","#","#","#","#","#"]},"3644":{"keys":["",230,4],"grid":[" "," 0!!"," /!!#!"," .!!##"," -!!#$"," ,!!#%"," +!!#&"," *!!#'"," )!!#("," (!!#)"," '!!#*"," &!!#+"," &#,"," %!!#,"," $!!#-"," #!!#."]},"3650":{"keys":[4],"grid":[" "," "," "," "," "," "," "," "," "," "," "," "," "," "," "," "]},"3651":{"keys":[230,4,""],"grid":[" !!0","#! !!/","01","## !!.","#$ !!-","#% !!,","#&!,","#& !!+","#' !!*","#( !!)","#) !!(","#* !!'","#+ !!&","#, !!%","#- !!$","#. !!#"]},"3652":{"keys":["",230],"grid":[" 0!!"," "," "," "," "," "," "," "," "," "," "," "," "," "," "," "]}},"7882":{"3649":{"keys":["",230,4],"grid":[" $!!#-","00"," %#-","02"," %!!#,","04","04"," &#,"," &!!#+","08"," '#+"," '!!#*","11"," (#*"," (!!#)","14"]},"3648":{"keys":["",4,230],"grid":[" #!/","00","00","00","00","00","00","00"," ##!!.","08","08","08","08"," $!.","13"," $#!!-"]},"3647":{"keys":["",230,4],"grid":[" $!!#-","00"," $#.","02","02"," #!!#.","05","05","05","05"," ##/","10","10","10","10","10"]},"3646":{"keys":["",230,4],"grid":[" )!!#("," )#)"," (!!#)","02"," (#*"," '!!#*","05"," '#+"," &!!#+","08"," &#,"," %!!#,","11","11"," %#-"," $!!#-"]},"3645":{"keys":["",230,4],"grid":[" "," "," "," 0!!"," 0#!"," /!!#!"," .!!##","06"," -!!#$"," -#%"," ,!!#%"," ,#&"," +!!#&"," +#'"," *!!#'"," *#("]},"3650":{"keys":["",4,230],"grid":[" )!)"," )#!!(","01"," *#!!'","03"," +#!!&","05"," ,#!!%","07"," -#!!$","09"," .#!!#"," /!#"," /#!!!"," 0#!","14"]}},"7892":{"3647":{"keys":[4,230],"grid":[" 0!!","00","00"," "," "," "," "," "," "," "," "," "," "," "," "," "]},"3646":{"keys":[4,"",230],"grid":[" +!'"," +#!!&"," ,!&"," ,#!!%","03"," -!%"," -#!!$","06"," .!$"," .#!!#","09"," /!#"," /#!!!","12","12"," 0!!"]},"3645":{"keys":[230,"",4],"grid":[" !!0","#! !!/","##!/","## !!.","#$ !!-","#% !!,","05","#& !!+","#'!+","#' !!*","#(!*","#( !!)","#) !!(","12","#* !!'","14"]},"3650":{"keys":[4,230,""],"grid":[" "," "," "," "," "," "," "," "," 0!!","08"," 0#!"," /!!#!","11"," /##"," .!!##"," .#$"]},"3651":{"keys":[4,230,""],"grid":[" -!!#$"," -#%"," ,!!#%","02"," +!!#&"," +#'"," *!!#'"," *#("," )!!#("," (!!#)","09"," '!!#*"," &!!#+","12"," %!!#,"," $!!#-"]},"3652":{"keys":[4,230,""],"grid":[" #!!#."," ##/"," !!!#/","!!#0","#","#","#","#","#","#","#","#","#","#","#","#"]}},"7893":{"3647":{"keys":["",230,4],"grid":[" "," "," "," ","!! 0","04","04","#! 0","07","#!!! /","09","09","## /","12","12","##!! ."]},"3650":{"keys":[4,"",230],"grid":[" #!/"," !#!!/","01"," !!0","03","#!!0","05","!","!","!","!","!","!","!","!","!"]},"3649":{"keys":[4,230,""],"grid":[" $!!#-","00","00","00","00","00","00","00"," $#.","08","08"," #!!#.","11","11","11"," ##/"]},"3648":{"keys":[4,230,""],"grid":[" #!!#.","00","00","00"," $#.","04","04"," $!!#-","07","07","07","07","07","07","07","07"]}},"7890":{"3644":{"keys":[4],"grid":[" "," "," "," "," "," "," "," "," "," "," "," "," "," "," "," "]},"3643":{"keys":["",230,4],"grid":[" "," "," "," "," "," "," ","!! 0","#!!# .","#%!! ,","#'!! *","#(!# (","#*!# &","#,!! %","#.!! #","#/!! !"]},"3653":{"keys":[4,230,""],"grid":[" "," 0!!"," /!!#!"," -!!#$"," +!##%"," )!##'"," '!##)"," %!##+"," !!##.","!!#0","#","#","#","#","#","#"]}},"7891":{"3645":{"keys":[4],"grid":[" "," "," "," "," "," "," "," "," "," "," "," "," "," "," "," "]},"3644":{"keys":[230,"",4],"grid":[" !!0","#! !!/","## !!.","#$ #!,","#& !!+","#' !!*","#( !!)","#) !!(","#* !!'","#+ !!&","#, !!%","#- !!$","#. !!#","#/ !!!","#0!!","#0 !"]},"3652":{"keys":[4,230,""],"grid":[" "," "," "," "," 0!!"," /!!#!"," .!!##"," -!!#$"," ,!!#%"," +!!#&"," *!!#'"," )!!#("," '!##)"," &!!#+"," %!!#,"," #!##-"]},"3653":{"keys":[4,230,""],"grid":[" !!!#/","!!#0","#","#","#","#","#","#","#","#","#","#","#","#","#","#"]}}}}