{"9":{"494":{"274":{"keys":[229,231],"grid":[" ","!","!","!"]},"285":{"keys":[232,1,231],"grid":[" ,!##$"," -!$#!"," /!#"," 0!!"," "," "," "," "," "," "," "," "," "," "," "," "]},"284":{"keys":[231,1,232],"grid":[" "," "," "," "," ","!! 0","!# /","#!!$ -","#$!# ,","#%!# +","#&!# *","#'!# )","#(!# (","#)!# '","#*!# &","#+!# %"]}},"495":{"274":{"keys":[229,231],"grid":[" ","!","!","!"]},"285":{"keys":[231,1,232],"grid":[" "," "," ","!! 0","!# /","#!!# .","##!# -","#$!# ,","#%!# +","#&!# *","#'!# )","#(!# (","#)!$ &","#+!# %","#,!# $","#-!# #"]},"286":{"keys":[232,1,231],"grid":[" .!##!"," /!#"," 0!!"," "," "," "," "," "," "," "," "," "," "," "," "," "]}},"492":{"274":{"keys":["",229,231],"grid":["  !!","#","#","#"]}},"493":{"283":{"keys":[231,232,1],"grid":[" "," "," "," "," "," "," "," ","!% -","08","08","08","!' +","!(## (","!)## '","!*## &"]},"274":{"keys":[229,231],"grid":[" ","!","!","!"]},"284":{"keys":[232,1,231],"grid":[" +!##%"," ,!##$"," -!###"," .!##!"," /!#"," 0!!"," "," "," "," "," "," "," "," "," "," "]}}},"13":{"7931":{"4573":{"keys":[231,232],"grid":[" "," "," "," "," "," "," "," "," "," "," "," "," "," "," ","!! 0"]},"4574":{"keys":[232,231],"grid":[" #!/"," $!."," %!-"," &!,"," '!+"," )!)"," *!("," +!'"," ,!&"," -!%"," .!$"," /!#"," 0!!"," "," "," "]}},"7930":{"4572":{"keys":[231],"grid":[" "," "," "," "," "," "," "," "," "," "," "," "," "," "," "," "]},"4573":{"keys":[232,231],"grid":[" !!0"," #!/"," $!."," %!-"," &!,"," '!+"," (!*"," )!)"," *!("," +!'"," -!%"," .!$"," /!#"," 0!!"," "," "]}},"7933":{"4575":{"keys":[231,232],"grid":[" "," "," "," "," "," "," "," "," "," "," "," ","!! 0","!# /","!$ .","!% -"]},"4576":{"keys":[232,231],"grid":[" &!,"," '!+"," (!*"," )!)"," *!("," +!'"," ,!&"," .!$"," /!#"," 0!!"," "," "," "," "," "," "]}},"7932":{"4574":{"keys":[231,232],"grid":[" "," "," "," "," "," "," "," "," "," "," "," "," "," ","!! 0","!# /"]},"4575":{"keys":[232,231],"grid":[" %!-"," &!,"," '!+"," (!*"," )!)"," *!("," +!'"," ,!&"," -!%"," .!$"," /!#"," "," "," "," "," "]}},"7935":{"4578":{"keys":[232,231],"grid":[" )!)"," *!("," +!'"," ,!&"," -!%"," .!$"," /!#"," 0!!"," "," "," "," "," "," "," "," "]},"4577":{"keys":[231,232],"grid":[" "," "," "," "," "," "," "," "," "," ","!! 0","!# /","!$ .","!& ,","!' +","!( *"]}},"7934":{"4576":{"keys":[231,232],"grid":[" "," "," "," "," "," "," "," "," "," "," ","!! 0","!# /","!$ .","!% -","!& ,"]},"4577":{"keys":[232,231],"grid":[" '!+"," (!*"," *!("," +!'"," ,!&"," -!%"," .!$"," /!#"," 0!!"," "," "," "," "," "," "," "]}},"7919":{"4563":{"keys":[232,231],"grid":[" #!/"," $!."," %!-"," &!,"," '!+"," )!)"," *!("," +!'"," ,!&"," -!%"," .!$"," /!#"," 0!!"," "," "," "]},"4562":{"keys":[231,232],"grid":[" "," "," "," "," "," "," "," "," "," "," "," "," "," "," ","!! 0"]}},"7918":{"4562":{"keys":[232,231],"grid":[" !!0"," #!/"," $!."," %!-"," &!,"," '!+"," (!*"," )!)"," *!("," +!'"," -!%"," .!$"," /!#"," 0!!"," "," "]},"4561":{"keys":[231],"grid":[" "," "," "," "," "," "," "," "," "," "," "," "," "," "," "," "]}},"7913":{"4557":{"keys":[231,232],"grid":[" "," "," "," "," "," "," ","!! 0","!# /","!$ .","!% -","!& ,","!' +","!( *","!) )","!+ '"]},"4558":{"keys":[232,231],"grid":[" ,!&"," -!%"," .!$"," /!#"," 0!!"," "," "," "," "," "," "," "," "," "," "," "]}},"7912":{"4556":{"keys":[231,232],"grid":[" "," "," "," "," "," "," "," "," ","!! 0","!$ .","!% -","!& ,","!' +","!( *","!) )"]},"4557":{"keys":[232,231],"grid":[" *!("," +!'"," ,!&"," -!%"," /!#"," 0!!"," "," "," "," "," "," "," "," "," "," "]}},"7911":{"4556":{"keys":[232,231],"grid":[" )!)"," *!("," +!'"," ,!&"," -!%"," .!$"," /!#"," 0!!"," "," "," "," "," "," "," "," "]},"4555":{"keys":[231,232],"grid":[" "," "," "," "," "," "," "," "," "," ","!! 0","!# /","!$ .","!% -","!& ,","!( *"]}},"7910":{"4554":{"keys":[231,232],"grid":[" "," "," "," "," "," "," "," "," "," "," ","!! 0","!# /","!$ .","!% -","!& ,"]},"4555":{"keys":[232,231],"grid":[" '!+"," (!*"," )!)"," *!("," +!'"," -!%"," .!$"," /!#"," 0!!"," "," "," "," "," "," "," "]}},"7917":{"4561":{"keys":[231,232],"grid":[" "," ","!! 0","!# /","!% -","!& ,","!' +","!( *","!) )","!* (","!+ '","!, &","!- %","!. $","!/ #","!"]}},"7916":{"4561":{"keys":[232,231],"grid":[" 0!!"," "," "," "," "," "," "," "," "," "," "," "," "," "," "," "]},"4560":{"keys":[231,232],"grid":[" "," "," ","!! 0","!# /","!$ .","!% -","!& ,","!' +","!( *","!* (","!+ '","!, &","!- %","!. $","!/ #"]}},"7915":{"4560":{"keys":[232,231],"grid":[" /!#"," 0!!"," "," "," "," "," "," "," "," "," "," "," "," "," "," "]},"4559":{"keys":[231,232],"grid":[" "," "," "," ","!! 0","!# /","!$ .","!% -","!& ,","!' +","!( *","!) )","!* (","!+ '","!, &","!. $"]}},"7914":{"4558":{"keys":[231,232],"grid":[" "," "," "," "," "," ","!! 0","!# /","!$ .","!% -","!' +","!( *","!) )","!* (","!+ '","!, &"]},"4559":{"keys":[232,231],"grid":[" -!%"," .!$"," /!#"," 0!!"," "," "," "," "," "," "," "," "," "," "," "," "]}},"7926":{"4570":{"keys":[232,231],"grid":[" -!%"," .!$"," 0!!"," "," "," "," "," "," "," "," "," "," "," "," "," "]},"4569":{"keys":[231,232],"grid":[" "," "," "," "," "," ","!! 0","!$ .","!% -","!& ,","!' +","!( *","!) )","!* (","!+ '","!, &"]}},"7927":{"4570":{"keys":[231,232],"grid":[" "," "," "," ","!! 0","!# /","!$ .","!% -","!& ,","!' +","!( *","!) )","!* (","!, &","!- %","!. $"]},"4571":{"keys":[232,231],"grid":[" /!#"," 0!!"," "," "," "," "," "," "," "," "," "," "," "," "," "," "]}},"7924":{"4568":{"keys":[232,231],"grid":[" *!("," ,!&"," -!%"," .!$"," /!#"," 0!!"," "," "," "," "," "," "," "," "," "," "]},"4567":{"keys":[231,232],"grid":[" "," "," "," "," "," "," "," ","!! 0","!# /","!$ .","!% -","!& ,","!' +","!( *","!) )"]}},"7925":{"4569":{"keys":[232,231],"grid":[" ,!&"," -!%"," .!$"," /!#"," 0!!"," "," "," "," "," "," "," "," "," "," "," "]},"4568":{"keys":[231,232],"grid":[" "," "," "," "," "," "," ","!! 0","!# /","!$ .","!% -","!& ,","!( *","!) )","!* (","!+ '"]}},"7922":{"4566":{"keys":[232,231],"grid":[" (!*"," )!)"," *!("," +!'"," ,!&"," -!%"," .!$"," /!#"," 0!!"," "," "," "," "," "," "," "]},"4565":{"keys":[231,232],"grid":[" "," "," "," "," "," "," "," "," "," "," ","!! 0","!# /","!$ .","!% -","!& ,"]}},"7923":{"4567":{"keys":[232,231],"grid":[" )!)"," *!("," +!'"," ,!&"," -!%"," .!$"," 0!!"," "," "," "," "," "," "," "," "," "]},"4566":{"keys":[231,232],"grid":[" "," "," "," "," "," "," "," "," "," ","!! 0","!$ .","!% -","!& ,","!' +","!( *"]}},"7920":{"4563":{"keys":[231,232],"grid":[" "," "," "," "," "," "," "," "," "," "," "," "," "," ","!! 0","!# /"]},"4564":{"keys":[232,231],"grid":[" %!-"," &!,"," '!+"," (!*"," )!)"," *!("," +!'"," ,!&"," -!%"," .!$"," /!#"," "," "," "," "," "]}},"7921":{"4565":{"keys":[232,231],"grid":[" &!,"," '!+"," (!*"," )!)"," *!("," ,!&"," -!%"," .!$"," /!#"," 0!!"," "," "," "," "," "," "]},"4564":{"keys":[231,232],"grid":[" "," "," "," "," "," "," "," "," "," "," "," ","!! 0","!# /","!$ .","!% -"]}},"7928":{"4571":{"keys":[231,232],"grid":[" "," "," ","!! 0","!# /","!$ .","!% -","!& ,","!( *","!) )","!* (","!+ '","!, &","!- %","!. $","!/ #"]},"4572":{"keys":[232,231],"grid":[" 0!!"," "," "," "," "," "," "," "," "," "," "," "," "," "," "," "]}},"7929":{"4572":{"keys":[231,232],"grid":[" "," ","!! 0","!$ .","!% -","!& ,","!' +","!( *","!) )","!* (","!+ '","!, &","!- %","!. $","!/ #","!"]}},"7908":{"4552":{"keys":[231,232],"grid":[" "," "," "," "," "," "," "," "," "," "," "," "," "," ","!! 0","!# /"]},"4553":{"keys":[232,231],"grid":[" $!."," %!-"," &!,"," '!+"," (!*"," *!("," +!'"," ,!&"," -!%"," .!$"," /!#"," 0!!"," "," "," "," "]}},"7909":{"4554":{"keys":[232,231],"grid":[" &!,"," '!+"," (!*"," )!)"," *!("," +!'"," ,!&"," -!%"," .!$"," /!#"," "," "," "," "," "," "]},"4553":{"keys":[231,232],"grid":[" "," "," "," "," "," "," "," "," "," "," "," "," ","!! 0","!# /","!$ ."]}},"7900":{"4545":{"keys":[231,232],"grid":[" "," "," "," "," "," "," "," "," ","!! 0","!# /","!$ .","!% -","!& ,","!' +","!( *"]},"4546":{"keys":[232,231],"grid":[" )!)"," *!("," +!'"," -!%"," .!$"," /!#"," 0!!"," "," "," "," "," "," "," "," "," "]}},"7901":{"4547":{"keys":[232,231],"grid":[" +!'"," ,!&"," -!%"," .!$"," /!#"," 0!!"," "," "," "," "," "," "," "," "," "," "]},"4546":{"keys":[231,232],"grid":[" "," "," "," "," "," "," "," ","!! 0","!# /","!$ .","!% -","!& ,","!( *","!) )","!* ("]}},"7902":{"4548":{"keys":[232,231],"grid":[" ,!&"," -!%"," /!#"," 0!!"," "," "," "," "," "," "," "," "," "," "," "," "]},"4547":{"keys":[231,232],"grid":[" "," "," "," "," "," "," ","!# /","!$ .","!% -","!& ,","!' +","!( *","!) )","!* (","!+ '"]}},"7903":{"4549":{"keys":[232,231],"grid":[" .!$"," /!#"," 0!!"," "," "," "," "," "," "," "," "," "," "," "," "," "]},"4548":{"keys":[231,232],"grid":[" "," "," "," "," ","!! 0","!# /","!$ .","!% -","!& ,","!' +","!( *","!* (","!+ '","!, &","!- %"]}},"7904":{"4549":{"keys":[231,232],"grid":[" "," "," "," ","!! 0","!# /","!% -","!& ,","!' +","!( *","!) )","!* (","!+ '","!, &","!- %","!. $"]},"4550":{"keys":[232,231],"grid":[" /!#"," "," "," "," "," "," "," "," "," "," "," "," "," "," "," "]}},"7905":{"4550":{"keys":[231,232],"grid":[" "," ","!! 0","!# /","!$ .","!% -","!& ,","!' +","!( *","!) )","!* (","!, &","!- %","!. $","!/ #","!0 !"]},"4551":{"keys":[232],"grid":[" "," "," "," "," "," "," "," "," "," "," "," "," "," "," "," "]}},"7906":{"4551":{"keys":[231,232],"grid":[" ","!! 0","!# /","!$ .","!% -","!& ,","!( *","!) )","!* (","!+ '","!, &","!- %","!. $","!/ #","!0 !","!"]}},"7907":{"4552":{"keys":[232,231],"grid":[" #!/"," $!."," %!-"," &!,"," '!+"," (!*"," )!)"," *!("," +!'"," ,!&"," -!%"," /!#"," 0!!"," "," "," "]},"4551":{"keys":[231],"grid":[" "," "," "," "," "," "," "," "," "," "," "," "," "," "," "," "]}},"7898":{"4543":{"keys":[231,232],"grid":[" "," "," "," "," "," "," "," "," "," "," "," ","!! 0","!# /","!$ .","!% -"]},"4544":{"keys":[232,231],"grid":[" &!,"," '!+"," (!*"," )!)"," +!'"," ,!&"," -!%"," .!$"," /!#"," 0!!"," "," "," "," "," "," "]}},"7899":{"4545":{"keys":[232,231],"grid":[" (!*"," )!)"," *!("," +!'"," ,!&"," -!%"," .!$"," /!#"," 0!!"," "," "," "," "," "," "," "]},"4544":{"keys":[231,232],"grid":[" "," "," "," "," "," "," "," "," "," "," ","!! 0","!# /","!$ .","!& ,","!' +"]}},"7896":{"4541":{"keys":[231,232],"grid":[" "," "," "," "," "," "," "," "," "," "," "," "," "," "," ","!! 0"]},"4542":{"keys":[232,231],"grid":[" #!/"," $!."," %!-"," &!,"," '!+"," (!*"," *!("," +!'"," ,!&"," -!%"," .!$"," /!#"," 0!!"," "," "," "]}},"7897":{"4543":{"keys":[232,231],"grid":[" %!-"," &!,"," '!+"," (!*"," )!)"," *!("," +!'"," ,!&"," -!%"," .!$"," 0!!"," "," "," "," "," "]},"4542":{"keys":[231,232],"grid":[" "," "," "," "," "," "," "," "," "," "," "," "," "," ","!! 0","!# /"]}},"7895":{"4541":{"keys":[231,232,""],"grid":[" "," "," "," ","!%#! ,","!' +","!( *","!) )","!* (","!+ '","!, &","!. $","!/ #","!0 !","!","!"]}}}}