{"9":{"494":{"298":{"keys":["",1,233],"grid":[" "," "," "," "," "," "," "," "," "," "," "," "," ,!% !"," *!$##!#"," )!##'"," )!!#("]},"299":{"keys":["",1,233],"grid":[" (!##("," (!!#)","01","01","00"," )!!#(","05"," )!##'"," *!!#'"," *!$#%"," ,!&"," "," "," "," "," "]}},"495":{"298":{"keys":["",1,233],"grid":[" "," "," "," "," "," "," "," "," "," "," "," "," ","!# /","#!!# .","##!# -"]},"299":{"keys":[233,1,""],"grid":[" $!!#-","00"," $!##,","02","00","00"," #!##-"," #!!#."," !!##.","!##/","!!#0","#","#","#","#","#"]}}},"13":{"7924":{"4787":{"keys":[233,"",214],"grid":[" !!0","00","00","00","00","00","#!!0","06","06","06","06","06","!","!","!","!"]},"4786":{"keys":[214,"",233],"grid":[" !!0","00","00","00","00","#!!0","05","05","05","05","05","05","05","05","05","05"]}},"7922":{"4790":{"keys":[233],"grid":[" "," "," "," "," "," "," "," "," "," "," "," "," "," "," "," "]},"4783":{"keys":[233,214,""],"grid":[" (!!#)"," )!!#("," *!!#'"," +!!#&"," ,!!#%"," -!!#$"," .!!##"," /!!#!"," 0!!"," "," "," "," "," "," "," "]},"4791":{"keys":[233,214,""],"grid":[" "," 0!!","01"," /!!#!","03"," .!!##","05"," .#$"," -!!#$"," -#%"," ,!!#%"," +!!#&","11"," *!!#'"," *#("," )!!#("]},"4792":{"keys":[233,214,""],"grid":[" (!!#)","00"," '!!#*"," &!!#+","03"," %!!#,"," $!!#-"," #!!#.","07"," !!!#/","!!#0","#","#","#","#","#"]},"4782":{"keys":["",233,214],"grid":[" "," "," "," "," "," "," "," "," "," ","!!#! /","!##! .","!$#! -","!%#! ,","!&#! +","!'#! *"]}},"7923":{"4783":{"keys":["",214,233],"grid":[" "," "," "," "," "," "," "," "," "," ","!! 0","#!!! /","##!! .","12","#$!! -","#%!! ,"]},"4789":{"keys":[233,214,""],"grid":[" ,!!#%","00"," ,#&"," +!!#&"," +#'"," *!!#'","05"," )!!#(","07"," (!!#)","09"," '!!#*","11"," &!!#+"," &#,"," %!!#,"]},"4788":{"keys":[233,214,""],"grid":[" 0!!","00","00"," 0#!","03"," /!!#!","05","05"," /##","08"," .!!##","10"," .#$"," -!!#$","13"," -#%"]},"4787":{"keys":[233],"grid":[" "," "," "," "," "," "," "," "," "," "," "," "," "," "," "," "]},"4786":{"keys":[233],"grid":[" "," "," "," "," "," "," "," "," "," "," "," "," "," "," "," "]},"4785":{"keys":[233,214,""],"grid":[" -!!#$","00"," .#$"," .!!##","03"," /##"," /!!#!","06","06"," 0#!"," 0!!","10","10"," "," "," "]},"4784":{"keys":[233,214,""],"grid":[" %!!#,"," &!!#+"," '#+"," '!!#*"," (#*"," (!!#)"," )#)"," )!!#("," *#("," *!!#'"," +#'"," +!!#&"," ,#&"," ,!!#%","13"," -#%"]},"4790":{"keys":[233,214,""],"grid":[" %!!#,"," %#-","01"," $!!#-","03","03"," $#.","06"," #!!#.","08"," ##/"," !!!#/","11"," !#0","!!#0","14"]}},"7920":{"4794":{"keys":[233,214,""],"grid":[" '!##)"," &!!#+"," $!!#-"," !!!#/","#","#","#","#","#","#","#","#","#","#","#","#"]},"4781":{"keys":["",233,214],"grid":[" "," "," "," "," "," ","!!## .","!$## ,","!&## *","!(## (","!*#! '","!,#! %","!-## #","!/#! !","!0#!","!"]},"4793":{"keys":[233,214,""],"grid":[" "," "," "," "," "," "," "," "," "," "," 0!!"," /!!#!"," .!!##"," ,!##$"," +!!#&"," )!!#("]}},"7921":{"4792":{"keys":[233,214,""],"grid":[" "," "," "," "," "," "," "," "," "," "," "," 0!!"," /!!#!"," .!!##"," -!!#$"," ,!!#%"]},"4782":{"keys":[233,214,""],"grid":[" #!!#."," $!!#-"," &!!#+"," '!##)"," )!!#("," +!!#&"," ,!!#%"," .!!##"," /!!#!"," 0!!"," "," "," "," "," "," "]},"4781":{"keys":["",214,233],"grid":[" "," "," "," "," "," "," "," "," "," "," "," "," "," ","!! 0","#!!! /"]},"4793":{"keys":[233,214,""],"grid":[" +!!#&","00"," *!!#'"," )!!#("," (!!#)"," &!##*"," %!!#,"," $!!#-"," #!!#."," !!!#/","!!#0","#","#","#","#","#"]}},"7919":{"4794":{"keys":[233,214,""],"grid":[" "," "," "," "," /!#"," -!###"," *!##&"," '!##)"," $!##,","!##/","#","#","#","#","#","#"]},"4781":{"keys":[214,"",233],"grid":[" #!/","## #!-","#' #!)","#* #!&","#- #!#","#0 !","#","#","#","#","#","#","#","#","#","#"]}},"7918":{"4794":{"keys":[233,214,""],"grid":[" "," "," "," "," "," "," "," "," "," 0!!"," +!$#$","!'#+","#","#","#","#"]},"4781":{"keys":[233],"grid":[" "," "," "," "," "," "," "," "," "," "," "," "," "," "," "," "]},"4780":{"keys":["",214,233],"grid":[" "," "," "," "," "," "," "," "," "," "," "," ","!$ .","#&!$ )","#*!# &","#.!# !"]}},"7913":{"4792":{"keys":["",214,233],"grid":[" $!!#-","00"," %!!#,"," &#,"," &!!#+"," '!!#*","05"," (!!#)"," )!!#("," *#("," *!!#'"," +!!#&"," ,!!#%"," -!!#$","13"," .!!##"]},"4793":{"keys":["",214,233],"grid":[" /!!#!"," 0!!"," "," "," "," "," "," "," "," "," "," "," "," "," "," "]},"4791":{"keys":[233,214,""],"grid":[" "," "," "," "," "," "," "," "," "," "," ","!! 0","#! 0","#!!! /","##!! .","14"]},"4781":{"keys":["",214,233],"grid":[" "," "," "," "," "," "," "," "," "," "," "," "," 0!!"," /!!#!"," -!!#$"," ,!!#%"]},"4782":{"keys":["",214,233],"grid":[" +!!#&"," *!!#'"," )!!#("," (!!#)"," '!!#*"," &!!#+"," %!!#,"," $!!#-"," #!!#."," !!!#/","!!#0","10","#","#","#","#"]}},"7912":{"4783":{"keys":["",214,233],"grid":[" -!!#$"," ,!!#%","01"," +!!#&"," +#'"," *!!#'"," )!!#(","06"," (!!#)","08"," '!!#*","10"," &!!#+","12"," &#,"," %!!#,"]},"4782":{"keys":["",214,233],"grid":[" "," "," "," "," "," "," "," "," "," "," "," "," 0!!"," /!!#!"," .!!##","14"]},"4789":{"keys":["",214,233],"grid":[" #!!#.","00"," $!!#-","02"," %#-"," %!!#,","05"," &!!#+","07"," '#+"," '!!#*","10"," (#*","12","12"," (!!#)"]},"4788":{"keys":[233,214,""],"grid":[" "," "," "," "," "," "," "," ","!! 0","08","08","#! 0","#!!! /","12","## /","14"]},"4784":{"keys":["",214,233],"grid":[" %!!#,"," $!!#-","01"," $#."," #!!#.","04"," ##/"," !!!#/","07"," !#0","!!#0","10","10","#","#","#"]},"4790":{"keys":["",214,233],"grid":[" (!!#)","00","00"," )#)","03"," )!!#(","05","05"," *#("," *!!#'","09"," +#'","11"," +!!#&","13"," ,#&"]},"4791":{"keys":["",214,233],"grid":[" ,!!#%"," -#%"," -!!#$","02"," .#$"," .!!##"," /##"," /!!#!"," 0#!"," 0!!"," "," "," "," "," "," "]}},"7911":{"4787":{"keys":["",214,233],"grid":[" .!!##"," /##","01","01","01","01","01","01"," /!!#!","08","08","08","08","08","08","08"]},"4786":{"keys":["",233,214],"grid":[" .!$","00","00","00","00","00","00","00","00","00","00","00"," .#!!#","12","12","12"]},"4785":{"keys":["",233,214],"grid":[" 0!!","00"," /#!!!","02","02"," /!#","05"," .#!!#","07","07","07","07"," .!$","12","12","12"]},"4784":{"keys":["",214],"grid":[" "," "," "," "," "," "," "," "," "," "," "," "," "," "," 0!!","14"]},"4788":{"keys":["",233,214],"grid":[" 0!!","00","00"," 0#!","03","03"," "," "," "," "," "," "," "," "," "," "]}},"7917":{"4794":{"keys":[233,"",214],"grid":[" "," "," "," "," "," "," "," "," "," "," ","!$#.","!","!","!","!"]},"4780":{"keys":["",214,233],"grid":[" "," "," "," "," "," "," "," "," "," "," ","!+ '","#0!!","#","#","#"]}},"7916":{"4794":{"keys":[233,"",214],"grid":[" "," "," "," "," "," "," ","!!## .","!%#$ *","!)#$ &","!.#$","!","!","!","!","!"]},"4780":{"keys":["",214,233],"grid":[" "," "," "," "," "," "," "," "," "," "," "," -!%"," $!%#*","!!#0","#","#"]}},"7915":{"4794":{"keys":["",214,233],"grid":[" #!!#."," %!!#,"," '!!#*"," (!##("," +!!#&"," -!###"," /!#"," "," "," "," "," "," "," "," "," "]},"4793":{"keys":[233,214],"grid":[" "," "," "," "," "," "," "," "," "," "," "," "," "," "," ","!# /"]},"4781":{"keys":["",214,233],"grid":[" %!##+"," #!##-","!!#0","#","#","#","#","#","#","#","#","#","#","#","#","#"]},"4780":{"keys":["",214,233],"grid":[" "," "," "," "," "," "," "," "," "," "," "," "," "," /!#"," ,!##$"," (!##("]}},"7914":{"4781":{"keys":["",214,233],"grid":[" "," "," "," .!##!"," ,!##$"," *!##&"," )!!#("," '!!#*"," %!##+"," $!!#-"," !!##.","!!#0","#","#","#","#"]},"4793":{"keys":[233,214,""],"grid":[" "," ","!! 0","#!!! /","##!! .","#$!! -","#%!! ,","#&!! +","#(!! )","#)!! (","#*!! '","#+!# %","#-!! $","#.!! #","#0!!","#"]}}}}