{"9":{"339":{"182":{"keys":[183,1],"grid":[" "," "," "," "," "," "," "," "," "," "," "," "," "," "," "," %!# +"]},"183":{"keys":[183,1,185],"grid":[" !!' *","!##%!$ (","#)!# '","#*!# &","#+!$ $","#-!# #","#.!# !","#/!#","#","#","#","#","#","#","#","#"]},"188":{"keys":[185,1,184],"grid":[" "," "," "," "," "," "," "," "," '!! *"," &!$ )"," &!% ("," &!!##!# '","!'#$!! '","#*!# &","#+!# %","#,!# $"]},"189":{"keys":[184,1,185],"grid":[" -!$#!"," /!#","!! 0","02","!# /","04","!% -","06"," !!$ -"," "," "," "," "," "," "," "]}},"338":{"183":{"keys":[183,1,185],"grid":[" "," /!#"," +!&#!"," (!%#&"," %!%#)"," !!%#,","!##/","#","#","#","#","#","#","#","#","#"]},"188":{"keys":[185,1,184],"grid":[" "," "," "," "," "," "," "," "," "," "," "," .!$"," -!##!!!"," ,!##$","13"," -!$#!"]},"189":{"keys":[185,1,184],"grid":[" /!#"," (!$ &!!"," &!$#!!("," &!$##!###!#"," &!##*"," '!!#*","05","05","05"," %!$#*"," %!!#,"," !!%#,","!##/","#","#","#"]}},"337":{"183":{"keys":[183,1,185],"grid":[" "," "," "," "," "," "," /!#"," ,!%#!"," )!%#%"," %!&#("," !!%#,","!##/","#","#","#","#"]},"189":{"keys":[185,1,184],"grid":[" "," "," "," "," "," "," "," "," "," "," "," *!("," (!$#&!!"," '!##)"," &!##*"," &!!#+"]},"191":{"keys":[185,1,184],"grid":[" !!!#/","00"," !!##."," #!$#,","03"," #!##-"," #!!#.","!$#.","#","#","#","#","#","#","#","#"]},"190":{"keys":[185,1,184],"grid":[" &!!#+"," %!##+"," $!##,"," !!$#-","!##/","!!#0","05","05","05","05","05","05","04"," !!!#/","13","13"]}},"336":{"183":{"keys":[183,1,185],"grid":[" "," "," "," "," "," "," "," "," "," "," "," /!#"," ,!%#!"," )!%#%"," &!%#("," #!%#+"]},"191":{"keys":[185,1,184],"grid":[" "," "," "," "," "," ","!. $","#-!%","#","#","#","#","#","#","#","#"]},"184":{"keys":[1,185],"grid":[" $!.","!","!","!","!","!","!","!","!","!","!","!","!","!","!","!"]}},"344":{"186":{"keys":[183,1],"grid":[" "," "," "," "," "," "," "," "," "," "," "," "," "," ","!! 0","14"]},"191":{"keys":[185,1,184],"grid":[" "," "," "," "," "," "," "," "," "," "," "," ","!! 0","!# /","#!!# .","##!! ."]},"187":{"keys":[1,183,185],"grid":[" #!/","#! #!& )","## (#(","#","#","#","#","#","#","#","#","#","#","#","#","#"]}},"345":{"186":{"keys":[183,1,185],"grid":[" "," "," "," "," "," "," "," "," "," "," "," "," "," /!#"," +!&#!"," &!'#&"]},"187":{"keys":[1,185],"grid":[" '!+"," !!0","!","!","!","!","!","!","!","!","!","!","!","!","!","!"]}},"346":{"186":{"keys":[183,1,185],"grid":[" "," "," "," "," "," "," "," "," "," "," "," "," ","!$ .","##!* &","#+!'"]}},"347":{"186":{"keys":[183,1,185],"grid":[" "," "," "," "," "," "," "," "," "," "," "," "," "," "," /!#","!) %!$#!"]},"187":{"keys":[185,1],"grid":[" (!' $"," "," "," "," "," "," "," "," "," "," "," "," "," "," "," "]}},"340":{"183":{"keys":[183,1,185],"grid":[" "," "," "," "," "," "," ","!! 0","!# /","#!!$ -","#$!# ,","#%!$ *","#'!$ (","#)!# '","#*!% $","#-!$ !"]},"189":{"keys":[185,1,184],"grid":[" !!# .","!% -","#$!# ,","#%!! ,","03","#%!# +","#&!# *","#'!# )","#(!*","#","#","#","#","#","#","#"]},"184":{"keys":[185,1],"grid":[" /!#"," "," "," "," "," "," "," "," "," "," "," "," "," "," "," "]}},"341":{"189":{"keys":[185,1,184],"grid":[" "," "," "," "," "," "," "," !!! /","!% -","#$!# ,","#%!$ *","#'!! *","10","#%!# +","#&!! +","14"]},"191":{"keys":[184,1,185],"grid":[" (!!#)","00","00"," (!$#'"," )!%#%"," +!$#$"," -!###"," .!##!"," /!#"," "," "," "," "," "," "," "]},"190":{"keys":[184,1,185],"grid":[" %!$#*"," %!!#,"," %!##+"," &!$#)"," (!##("," )!##'"," (!&#%"," (!'#$"," '!###!$#$"," '!##)","04"," )!!#(","05","05","04"," (!!#)"]},"184":{"keys":[1,183,185],"grid":[" !!0"," %!-","#$ $!+","#& #!*","#' #!)","#( $!'","#* #!&","#+ #!%","#, #!$","#- #!#","#. $","#0 !","#","#","#","#"]}},"351":{"191":{"keys":[183,1,185],"grid":[" "," "," "," "," "," "," "," "," "," "," 0!!","!","#","#","#","#"]}},"350":{"188":{"keys":[183,1],"grid":[" "," "," "," ","!! 0","04","04","04","04","04","04","04","04","04","04","04"]},"189":{"keys":[1,183],"grid":[" !!0","00","!","!","!","!","!","!","!","!","!","!","!","!","!","!"]},"191":{"keys":[185,1,183],"grid":[" ,!!#%","00"," ,!##$"," -!!#$","03","03"," -!###"," .!!##","07","07","07"," .!$"," "," "," "," "]},"190":{"keys":[183,1,185],"grid":[" "," "," ","!' +","#&!' &","#+!! &","05","05","05","05","05","#+!# %","#,!! %","12","12","12"]}},"343":{"186":{"keys":[185,1,183],"grid":[" $!##,"," %!##+"," &!!#+"," &!##*"," '!##)"," (!##("," )!##'"," *!##&"," +!!#&"," +!##%"," ,!##$"," -!###"," .!##!"," /!#"," 0!!"," "]},"191":{"keys":[185,1,184],"grid":[" "," "," "," "," "," "," &!$ )"," &!!#!!% &"," &!!#%!$ $"," %!##'!# #","!&#)!# !","##!##+!#","#0!!","#","#","#"]},"185":{"keys":[183,1,185],"grid":[" "," "," "," "," "," "," "," "," "," "," "," ","!! 0","!# /","#!!# .","##!# -"]}},"342":{"191":{"keys":[185,1,184],"grid":[" "," "," "," "," "," "," "," ","!0 !","#.!$","#0!!","#","#","#","#","#"]},"184":{"keys":[183,1,185],"grid":[" "," "," "," "," "," "," "," "," "," "," ","!! 0","!# /","#!!# .","##!$ ,","#%!# +"]},"185":{"keys":[185,1,183],"grid":[" &!##*"," '!##)"," (!##("," )!##'"," *!$#%"," ,!##$"," -!###"," .!##!"," /!!#!","08"," /!#"," 0!!","11"," "," "," "]}},"348":{"186":{"keys":[183,1,185],"grid":[" "," "," "," "," "," "," "," "," "," "," "," %!% )"," #!$##!! )","!$#%!# (","!!#(!# '","#*!! '"]},"187":{"keys":[185,1,183],"grid":[" *!##&"," +!!#&"," +!##%"," ,!$##"," .!##!"," /!#"," 0!!"," "," "," "," "," "," "," "," "," "]}},"349":{"188":{"keys":[185,1,183],"grid":[" '!##)"," (!!#)"," (!##("," )!!#("," )!##$!$"," *!& #"," +!# %"," "," "," "," "," "," "," "," "," "]},"189":{"keys":[185,1,183],"grid":[" "," 0!!","01","01","01"," .!$","05"," .!!##","07","07","07","07","07","07","07","07"]},"187":{"keys":[183,1,185],"grid":[" "," "," "," "," "," ","!# /","#!!# .","##!# -","#$!# ,","#%!! ,","#%!# +","#&!! +","#&!# *","#'!! *","14"]},"190":{"keys":[185,1,183],"grid":[" .!!##","00"," .!##!"," /!#"," "," "," "," "," "," "," "," "," "," "," "," "]}}},"13":{"5418":{"3027":{"keys":[184,185],"grid":[" )!)","00"," *!(","02","02","02"," +!% #"," "," "," "," "," "," "," "," "," "]},"3026":{"keys":[185,184],"grid":[" "," "," "," "," "," "," "," "," "," "," ","!! 0","!# /","!% -","!' +","!( *"]},"2930":{"keys":[183],"grid":[" "," "," "," "," "," "," "," "," "," "," "," "," "," "," "," "]},"2931":{"keys":[183,185],"grid":[" /!#"," ,!&"," )!)"," &!,"," #!/","!","!","!","!","!","!","!","!","!","!","!"]}},"5419":{"3027":{"keys":[185,184],"grid":[" ,!&"," *!("," (!*"," &!,"," $!."," !!0","!","!","!","!","!","!","!","!","!","!"]},"3026":{"keys":[185,184],"grid":[" "," "," "," "," "," "," "," "," "," "," "," "," "," "," /!#"," -!%"]},"2930":{"keys":[183,185],"grid":[" "," "," "," "," "," "," "," "," "," "," "," /!#"," ,!&"," )!)"," &!,"," #!/"]},"3021":{"keys":[185,184],"grid":[" "," "," "," /!#"," .!$"," ,!&"," (!*"," '!+"," %!-","08","08","08"," $!.","12","12","08"]},"3022":{"keys":[185,184],"grid":[" %!-","00"," &!,","02"," '!+"," )!)"," *!("," ,!&"," -!%"," /!#"," 0!!"," "," "," "," "," "]}},"5476":{"2958":{"keys":[183],"grid":[" "," "," "," "," "," "," "," "," "," "," "," "," "," "," "," "]},"2959":{"keys":[185,183],"grid":[" !!0"," #!/"," $!."," %!-"," &!,"," (!*"," )!)"," *!("," +!'"," ,!&"," -!%"," /!#"," 0!!"," "," "," "]},"3064":{"keys":[185,184],"grid":[" "," "," "," "," "," "," "," "," /!#","!","!","!","!","!","!","!"]}},"5477":{"3064":{"keys":[185,184],"grid":[" "," "," "," "," "," "," "," ","!","!","!","!","!","!","!","!"]},"2960":{"keys":[185,183],"grid":[" %!-"," &!,"," '!+"," (!*"," )!)"," *!("," ,!&"," -!%"," .!$"," /!#"," 0!!"," "," "," "," "," "]},"2959":{"keys":[183,185],"grid":[" "," "," "," "," "," "," "," "," "," "," "," "," "," ","!! 0","!# /"]}},"5474":{"2957":{"keys":[183,185],"grid":[" "," "," "," "," ","!! 0","!# /","!$ .","!& ,","!' +","!( *","!) )","!* (","!+ '","!- %","!. $"]},"2958":{"keys":[185,183],"grid":[" /!#"," 0!!"," "," "," "," "," "," "," "," "," "," "," "," "," "," "]},"3064":{"keys":[185,184],"grid":[" "," "," "," "," "," "," "," "," "," "," $!% (!#","!","!","!","!","!"]}},"5475":{"2958":{"keys":[183,185],"grid":[" "," "," ","!# /","!$ .","!% -","!& ,","!' +","!( *","!* (","!+ '","!, &","!- %","!. $","!/ #","!"]},"3064":{"keys":[185,184],"grid":[" "," "," "," "," "," "," "," "," "," .!$","!","!","!","!","!","!"]}},"5472":{"2955":{"keys":[183,185],"grid":[" "," "," "," "," "," "," "," "," "," "," ","!! 0","!# /","!% -","!& ,","!' +"]},"2956":{"keys":[185,183],"grid":[" (!*"," )!)"," +!'"," ,!&"," -!%"," .!$"," 0!!"," "," "," "," "," "," "," "," "," "]},"3064":{"keys":[185,184],"grid":[" "," "," "," "," "," "," "," "," "," ","!! 0","!$ .","!' +","!. $","!","!"]}},"5473":{"2956":{"keys":[183,185],"grid":[" "," "," "," "," "," "," "," ","!! 0","!# /","!$ .","!& ,","!' +","!( *","!) )","!+ '"]},"2957":{"keys":[185,183],"grid":[" ,!&"," -!%"," .!$"," /!#"," "," "," "," "," "," "," "," "," "," "," "," "]},"3064":{"keys":[185,184],"grid":[" "," "," "," "," "," "," "," "," "," "," "," .!$"," (!*"," !!0","!","!"]}},"5470":{"2954":{"keys":[183,185],"grid":[" ","!! 0","!# /","!% -","!& ,","!' +","!( *","!* (","!+ '","!, &","!- %","!. $","!0 !","!","!","!"]},"3063":{"keys":[185,184],"grid":[" "," "," "," ","!! 0","!# /","!$ .","!% -","!& ,","!' +","!( *","!* (","!+ '","!, &","!. $","!/ #"]},"3064":{"keys":[184],"grid":[" "," "," "," "," "," "," "," "," "," "," "," "," "," "," "," "]}},"5471":{"2954":{"keys":[183,185],"grid":[" "," "," "," "," "," "," "," "," "," "," "," "," "," ","!! 0","!# /"]},"2955":{"keys":[185,183],"grid":[" %!-"," &!,"," '!+"," (!*"," *!("," +!'"," ,!&"," -!%"," .!$"," 0!!"," "," "," "," "," "," "]},"3064":{"keys":[185,184],"grid":[" ","!# /","!$ .","!& ,","!( *","!) )","!+ '","!- %","!. $","!0 !","!","!","!","!","!","!"]}},"5506":{"3070":{"keys":[185,184],"grid":[" "," "," "," "," "," "," "," "," ","!! 0","09","!# /","!$ .","12","12","!% -"]},"3071":{"keys":[184,185],"grid":[" %!-","00"," &!,","02","02","02","02","02","02","02"," '!+","10","10","10"," (!*"," *!("]},"2993":{"keys":[183,185],"grid":[" "," "," "," "," ","!! 0","!# /","!$ .","!% -","!& ,","09","!' +","!( *","!) )","!* (","!+ '"]},"2994":{"keys":[185,183],"grid":[" ,!&","00"," -!%"," .!$"," /!#"," 0!!"," "," "," "," "," "," "," "," "," "," "]}},"5507":{"2994":{"keys":[183,185],"grid":[" "," "," "," "," "," #!/","!","!","!","!","!","!","!","!","!","!"]}},"5504":{"2990":{"keys":[183,185],"grid":[" "," "," "," "," "," "," "," "," "," "," "," "," "," "," ","!! 0"]},"2991":{"keys":[185,183],"grid":[" #!/"," $!.","01"," %!-"," &!,"," '!+"," (!*"," )!)"," *!(","08"," +!'"," ,!&"," -!%"," .!$"," /!#"," 0!!"]},"2992":{"keys":[185,183],"grid":[" 0!!"," "," "," "," "," "," "," "," "," "," "," "," "," "," "," "]},"3068":{"keys":[185,184],"grid":[" ","!# /","!$ .","02","!% -","04","!& ,","06","!' +","08","08","!( *","11","11","!) )","14"]},"3069":{"keys":[184,185],"grid":[" *!("," )!)","01","01","01","01","01"," (!*","07","01","01","00","00"," ,!&"," .!$"," "]}},"5505":{"3070":{"keys":[184,185],"grid":[" $!."," &!,"," (!*"," *!("," +!'"," .!$"," /!#"," 0!!"," "," "," "," "," "," "," "," "]},"2992":{"keys":[183,185],"grid":[" "," ","!! 0","!# /","!$ .","!% -","05","!& ,","!' +","!( *","!) )","!* (","!+ '","12","!, &","!- %"]},"2993":{"keys":[185,183],"grid":[" .!$"," /!#"," 0!!"," "," "," "," "," "," "," "," "," "," "," "," "," "]},"3069":{"keys":[185,184],"grid":[" "," "," "," "," "," "," "," "," "," "," "," "," "," "," ","!# /"]}},"5502":{"2989":{"keys":[185,183],"grid":[" (!*","00"," )!)"," *!("," +!'"," ,!&"," -!%","06"," .!$"," /!#"," 0!!"," "," "," "," "," "]},"2988":{"keys":[183,185],"grid":[" "," "," "," "," "," "," "," "," ","!! 0","09","!# /","!$ .","!% -","!& ,","!' +"]},"3067":{"keys":[184,185],"grid":[" /!#"," 0!!"," "," "," "," "," "," "," "," "," "," "," "," "," "," "]},"3066":{"keys":[185,184],"grid":[" "," "," "," "," "," "," "," "," ","!! 0","!% -","!) )","!+ '","!, &","!- %","!. $"]}},"5503":{"2990":{"keys":[185,183],"grid":[" %!-"," &!,"," '!+"," (!*"," )!)","04"," *!("," +!'"," ,!&"," -!%"," .!$","10"," /!#"," 0!!"," "," "]},"2989":{"keys":[183,185],"grid":[" "," "," "," "," "," "," "," "," "," "," "," ","!! 0","!# /","13","!$ ."]},"3068":{"keys":[184],"grid":[" "," "," "," "," "," "," "," "," "," "," "," "," "," "," "," "]},"3067":{"keys":[185,184],"grid":[" "," "," ","!! 0","03","!# /","!$ .","!% -","!& ,","!' +","!( *","!) )","!+ '","!, &","!. $","!0 !"]}},"5478":{"2961":{"keys":[185,183],"grid":[" '!+"," )!)"," *!("," +!'"," ,!&"," -!%"," .!$"," 0!!"," "," "," "," "," "," "," "," "]},"2960":{"keys":[183,185],"grid":[" "," "," "," "," "," "," "," "," "," "," "," ","!# /","!$ .","!% -","!& ,"]},"3064":{"keys":[185,184],"grid":[" "," "," "," "," "," "," "," ","!","!","!","!","!","!","!","!"]}},"5479":{"3064":{"keys":[185,184],"grid":[" "," "," "," "," "," "," )!)"," #!/","!","!","!","!","!","!","!","!"]},"2961":{"keys":[183,185],"grid":[" "," "," "," "," "," "," "," "," ","!! 0","!# /","!$ .","!% -","!' +","!( *","!) )"]},"2962":{"keys":[185,183],"grid":[" *!("," +!'"," ,!&"," .!$"," /!#"," 0!!"," "," "," "," "," "," "," "," "," "," "]}},"5586":{"2999":{"keys":[183,185],"grid":[" "," "," "," "," "," "," "," ","!! 0","!# /","!% -","!& ,","!( *","!* (","!+ '","!- %"]},"3000":{"keys":[185,183],"grid":[" /!#"," "," "," "," "," "," "," "," "," "," "," "," "," "," "," "]}},"5587":{"3001":{"keys":[185,183],"grid":[" ,!&"," -!%","01"," .!$","03"," /!#","05"," 0!!","07"," "," "," "," "," "," "," "]},"3000":{"keys":[183,185],"grid":[" "," ","!! 0","!$ .","!% -","04","!& ,","06","!' +","!( *","09","!) )","!* (","12","!+ '","!, &"]}},"5584":{"2998":{"keys":[183,185],"grid":[" ","!! 0","!# /","!% -","!& ,","!( *","!) )","!* (","!, &","!- %","!/ #","!0 !","!","!","!","!"]}},"5585":{"2998":{"keys":[183,185],"grid":[" "," "," "," "," "," "," "," "," "," "," "," "," ","!# /","!$ .","!% -"]},"2999":{"keys":[185,183],"grid":[" '!+"," (!*"," *!("," +!'"," ,!&"," .!$"," /!#"," "," "," "," "," "," "," "," "," "]}},"5379":{"3062":{"keys":[185,184],"grid":[" "," "," "," ","!) )","!","!","!","!","!","!","!","!","!","!","!"]},"2943":{"keys":[183,185],"grid":[" "," "," "," "," "," "," "," "," "," 0!!"," -!%"," *!("," '!+"," $!.","!","!"]}},"5378":{"3062":{"keys":[185,184],"grid":[" "," "," ","!, &","!","!","!","!","!","!","!","!","!","!","!","!"]},"2944":{"keys":[183,185],"grid":[" +!'"," (!*"," %!-"," !!0","!","!","!","!","!","!","!","!","!","!","!","!"]},"2943":{"keys":[183,185],"grid":[" "," "," "," "," "," "," "," "," "," "," "," "," "," "," "," .!$"]}},"5580":{"2995":{"keys":[183,185],"grid":[" "," "," ","!# /","!$ .","!% -","!' +","!( *","!) )","!+ '","!, &","!. $","!/ #","!0 !","!","!"]}},"5581":{"2995":{"keys":[183,185],"grid":[" "," "," "," "," "," "," "," "," "," "," "," "," "," ","!! 0","!# /"]},"2996":{"keys":[185,183],"grid":[" %!-"," &!,"," '!+"," )!)"," *!("," +!'"," -!%"," .!$"," 0!!"," "," "," "," "," "," "," "]}},"5627":{"3067":{"keys":[183,185],"grid":[" "," "," "," "," ","!. $","!","!","!","!","!","!","!","!","!","!"]}},"5626":{"3067":{"keys":[183,185],"grid":[" "," "," "," "," ","!","!","!","!","!","!","!","!","!","!","!"]}},"5377":{"3062":{"keys":[185,184],"grid":[" "," "," ","!","!","!","!","!","!","!","!","!","!","!","!","!"]},"2944":{"keys":[183,185],"grid":[" "," "," "," "," /!#"," ,!&"," *!("," '!+"," $!.","!","!","!","!","!","!","!"]}},"5376":{"3062":{"keys":[185,184],"grid":[" ","!# /","!. $","!","!","!","!","!","!","!","!","!","!","!","!","!"]},"2944":{"keys":[183,185],"grid":[" "," "," "," "," "," "," "," "," "," "," .!$"," +!'"," (!*"," %!-"," !!0","!"]}},"5623":{"3067":{"keys":[183,185],"grid":[" "," "," "," ","!( *","!","!","!","!","!","!","!","!","!","!","!"]}},"5622":{"3067":{"keys":[183,185],"grid":[" "," "," "," ","!","!","!","!","!","!","!","!","!","!","!","!"]}},"5588":{"3001":{"keys":[183,185],"grid":[" "," "," "," "," "," "," "," "," "," "," ","!! 0","11","!# /","13","!$ ."]},"3003":{"keys":[185,183],"grid":[" ,!&","00","00"," -!%","03"," .!$","05"," /!#","07"," 0!!","09"," "," "," "," "," "]},"3002":{"keys":[185,183],"grid":[" $!."," %!-","01","01"," &!,","04"," '!+","06"," (!*","08"," )!)","10"," *!(","12"," +!'","14"]}},"5589":{"3005":{"keys":[185,183],"grid":[" *!("," +!'","01"," ,!&","03"," -!%","05"," .!$","07"," /!#","09"," 0!!","11"," "," "," "]},"3004":{"keys":[185,183],"grid":[" #!/","00"," $!.","02"," %!-","04"," &!,","06"," '!+","08"," (!*","10"," )!)","12"," *!(","14"]},"3003":{"keys":[183,185],"grid":[" "," "," "," "," "," "," "," "," "," "," "," "," ","!! 0","13","!# /"]}},"5380":{"3062":{"keys":[185,184],"grid":[" "," "," "," "," ","!% -","!+ '","!","!","!","!","!","!","!","!","!"]},"2943":{"keys":[183,185],"grid":[" "," "," "," "," /!#"," ,!&"," )!)"," &!,"," #!/","!","!","!","!","!","!","!"]}},"5381":{"3062":{"keys":[185,184],"grid":[" "," "," "," "," "," "," ","!$ .","!. $","!","!","!","!","!","!","!"]},"2943":{"keys":[183,185],"grid":[" *!("," (!*"," %!-"," !!0","!","!","!","!","!","!","!","!","!","!","!","!"]},"2942":{"keys":[183,185],"grid":[" "," "," "," "," "," "," "," "," "," "," "," "," "," "," 0!!"," -!%"]}},"5382":{"3062":{"keys":[185,184],"grid":[" "," "," "," "," "," "," "," "," ","!' +","!0 !","!","!","!","!","!"]},"2942":{"keys":[183,185],"grid":[" "," "," "," "," "," "," "," "," "," /!#"," ,!&"," )!)"," &!,"," #!/","!","!"]}},"5383":{"3062":{"keys":[185,184],"grid":[" "," "," "," "," "," "," "," "," "," "," ","!","!","!","!","!"]},"2942":{"keys":[183,185],"grid":[" "," "," "," "," .!$"," +!'"," (!*"," %!-"," !!0","!","!","!","!","!","!","!"]}},"5384":{"3062":{"keys":[185,184],"grid":[" "," "," "," "," "," "," "," "," "," "," ","!","!","!","!","!"]},"2942":{"keys":[183,185],"grid":[" *!("," '!+"," $!.","!","!","!","!","!","!","!","!","!","!","!","!","!"]},"2941":{"keys":[183,185],"grid":[" "," "," "," "," "," "," "," "," "," "," "," "," "," "," 0!!"," -!%"]}},"5385":{"3062":{"keys":[185,184],"grid":[" "," "," "," "," "," "," "," "," "," "," ","!! 0","!","!","!","!"]},"2941":{"keys":[183,185],"grid":[" "," "," "," "," "," "," "," "," "," /!#"," ,!&"," )!)"," &!,"," #!/","!","!"]}},"5386":{"3062":{"keys":[185,184],"grid":[" "," "," "," "," "," "," "," "," "," "," "," "," ","!","!","!"]},"2941":{"keys":[183,185],"grid":[" "," "," "," "," .!$"," +!'"," (!*"," %!-"," !!0","!","!","!","!","!","!","!"]}},"5387":{"3062":{"keys":[185,184],"grid":[" "," "," "," "," "," "," "," "," "," "," "," "," ","!! 0","!","!"]},"2941":{"keys":[183,185],"grid":[" *!("," '!+"," $!.","!","!","!","!","!","!","!","!","!","!","!","!","!"]},"2940":{"keys":[183,185],"grid":[" "," "," "," "," "," "," "," "," "," "," "," "," "," "," 0!!"," -!%"]}},"5388":{"3063":{"keys":[184],"grid":[" "," "," "," "," "," "," "," "," "," "," "," "," "," "," "," "]},"3062":{"keys":[185,184],"grid":[" "," "," "," "," "," "," "," "," "," "," "," "," "," ","!# /","!+ '"]},"2940":{"keys":[183,185],"grid":[" "," "," "," "," "," "," "," "," "," /!#"," ,!&"," )!)"," &!,"," #!/","!","!"]}},"5389":{"3063":{"keys":[185,184],"grid":[" ","!) )","!0 !","!","!","!","!","!","!","!","!","!","!","!","!","!"]},"2940":{"keys":[183,185],"grid":[" "," "," "," "," .!$"," +!'"," (!*"," %!-"," !!0","!","!","!","!","!","!","!"]}},"5618":{"3067":{"keys":[183,185],"grid":[" "," ","!","!","!","!","!","!","!","!","!","!","!","!","!","!"]}},"5461":{"3038":{"keys":[184,185],"grid":[" &!,","00","00","00","00","00","00","00","00","00","00","00","00"," '!+","13","13"]},"3039":{"keys":[184,185],"grid":[" '!+","00","00","00"," (!*","04","04","04"," )!)","08"," *!(","10","10"," +!'","13"," ,!&"]},"3034":{"keys":[185,184],"grid":[" "," "," "," "," "," ","!' +","!+ '","!, &","!. $","!/ #","!","!","!","!","!"]},"3036":{"keys":[184,185],"grid":[" "," "," "," "," #!% +","!, &","!","!","!","!","!","!","!","!","!","!"]},"3037":{"keys":[185,184],"grid":[" "," "," "," "," "," "," "," "," ","!! 0","!# /","!$ .","11","!% -","13","!& ,"]},"3040":{"keys":[184,185],"grid":[" ,!&"," -!%"," .!$"," /!#","03"," 0!!","05","05"," "," "," "," ","05","05","03"," &!,"]},"2947":{"keys":[185,183],"grid":[" (!*"," )!)"," +!'"," ,!&"," -!%"," .!$"," 0!!"," "," "," "," "," "," "," "," "," "]},"2946":{"keys":[183,185],"grid":[" "," "," "," "," "," "," "," "," "," "," "," ","!# /","!% -","!& ,","!' +"]},"3043":{"keys":[184,185],"grid":[" 0!!"," "," "," "," "," "," "," "," "," "," "," "," "," "," "," "]},"3042":{"keys":[185,184],"grid":[" "," "," "," "," "," $!! -","!& ,","!' +","!) )","!* (","!+ '","!, &","!- %","12","!. $","!/ #"]}},"5460":{"3034":{"keys":[184,185],"grid":[" $!."," %!-"," &!,"," (!*"," *!("," /!#"," "," "," "," "," "," "," "," "," "," "]},"3036":{"keys":[184,185],"grid":[" "," "," "," "," "," "," /!#"," .!$"," ,!&","08","08"," +!'","11","11","11","11"]},"3037":{"keys":[184,185],"grid":[" +!'"," ,!&","01"," -!%"," .!$","04"," /!#"," 0!!"," "," "," "," "," "," "," "," "]},"3033":{"keys":[185,184],"grid":[" "," "," "," "," "," "," "," "," "," "," "," "," "," "," ","!# /"]},"3040":{"keys":[184],"grid":[" "," "," "," "," "," "," "," "," "," "," "," "," "," "," "," "]},"3041":{"keys":[184,185],"grid":[" )!)"," '!+"," &!,"," %!-"," $!."," #!/","05","05","05","05","05","05","04","04","03","02"]},"2946":{"keys":[183,185],"grid":[" "," "," "," "," ","!# /","!% -","!( *","!* (","!- %","!/ #","!","!","!","!","!"]},"3042":{"keys":[184,185],"grid":[" '!+"," (!*"," )!)"," *!("," +!'"," ,!&"," -!# #"," "," "," "," "," "," "," "," "," "]}},"5463":{"2949":{"keys":[185,183],"grid":[" /!#"," "," "," "," "," "," "," "," "," "," "," "," "," "," "," "]},"3059":{"keys":[184,191],"grid":[" ,!&"," .!$"," /!#"," "," "," "," "," "," "," "," "," "," "," "," "," "]},"3044":{"keys":[184,185],"grid":[" '!+"," *!("," -!%"," 0!!"," "," "," "," "," "," "," "," "," "," "," "," "]},"3049":{"keys":[185,184],"grid":[" "," "," "," ","!! 0","04","!# /","06","!$ .","08","!% -","!& ,","11","!' +","13","!( *"]},"3048":{"keys":[184,185],"grid":[" !!0","!","!","!","!","!","!","!","!","!","!","!","!","!","!","!"]},"3047":{"keys":[184,185],"grid":[" &!,","00","00","00","00"," %!-","05","05"," $!.","08","08","08"," #!/","12","12"," !!0"]},"3058":{"keys":[184,191,185],"grid":[" !!*#'","00","00","00"," #!)#'","04"," $!(#'"," $!)#&"," %!(#&"," &!(#%","09"," '!(#$","11"," (!(##"," )!'##"," *!'#!"]},"2948":{"keys":[183,185],"grid":[" "," "," "," "," ","!! 0","!# /","!$ .","!& ,","!' +","!( *","!) )","!* (","!, &","!- %","!. $"]},"3056":{"keys":[184,191,185],"grid":[" (!%#&","00","00","00"," '!&#&","04","04"," &!'#&","07","07"," %!(#&","10","10","10"," $!)#&","14"]},"3057":{"keys":[184,191,185],"grid":[" $!)#&"," #!*#&","01","01","01"," !!+#&","05","05","!,#&","08","05","05"," !!*#'","12","12","12"]},"3054":{"keys":[184,191,185],"grid":[" "," "," "," "," "," "," "," "," "," "," "," "," 0!!"," /!#"," .!$"," ,!%#!"]},"3055":{"keys":[184,191,185],"grid":[" ,!%#!"," ,!$##","01"," ,!##$"," +!$#$","04","04","04"," *!%#$"," *!$#%","09","09"," )!%#%","12","12","12"]},"3043":{"keys":[185,184],"grid":[" "," "," "," "," "," "," "," "," "," "," "," "," "," "," ","!$ ."]},"3050":{"keys":[184,185],"grid":[" )!)","00"," *!("," +!'","03"," ,!&"," -!%","06"," .!$"," /!#","09"," 0!!"," "," "," "," "]},"3046":{"keys":[184,185],"grid":[" "," "," "," "," "," "," "," "," "," "," "," "," )!# '"," '!' %"," '!) #"," '!+"]}},"5462":{"3034":{"keys":[185,184],"grid":[" "," "," "," "," "," "," "," "," "," "," "," ","!! 0","12","!# /","!$ ."]},"3035":{"keys":[184,185],"grid":[" %!-","00"," &!,","02"," '!+","04"," (!*","06","06","06","06","06","06","06","06","06"]},"3036":{"keys":[184,185],"grid":[" '!+"," &!,"," %!-"," $!."," #!/","!","!","!","!","!","!","!","!","!","!","!"]},"3049":{"keys":[184],"grid":[" "," "," "," "," "," "," "," "," "," "," "," "," "," "," "," "]},"3048":{"keys":[184,185],"grid":[" "," "," 0!!","02","02"," /!#","05","05","05","05","05","02","02","02","02"," "]},"2948":{"keys":[185,183],"grid":[" ,!&"," -!%"," .!$"," /!#"," "," "," "," "," "," "," "," "," "," "," "," "]},"2947":{"keys":[183,185],"grid":[" "," "," "," "," "," "," "," ","!! 0","!# /","!$ .","!& ,","!' +","!( *","!) )","!+ '"]},"3040":{"keys":[185],"grid":[" "," "," "," "," "," "," "," "," "," "," "," "," "," "," "," "]},"3043":{"keys":[185,184],"grid":[" "," "," ","!! 0","!# /","!$ .","!% -","06","!& ,","!' +","!) )","!+ '","!, &","!. $","!","!"]}},"5465":{"3045":{"keys":[185,184],"grid":[" "," "," "," "," "," "," "," "," ","!! 0","!# /","!$ .","!& ,","!' +","!( *","!* ("]},"3052":{"keys":[185,184],"grid":[" "," "," "," "," "," "," ","!! 0","07","!# /","09","09","!$ .","12","12","12"]},"3060":{"keys":[191,185,184],"grid":[" (!*"," *!(","## *!&","#$ *!%","#% +!#","#' +","#( *","#* (","#+ '","#, &","#. $","#/ #","#","#","#","#"]},"2949":{"keys":[183,185],"grid":[" "," "," "," "," "," "," "," "," "," "," "," "," "," "," ","!! 0"]},"3059":{"keys":[185,191],"grid":[" "," "," "," "," "," "," "," "," "," "," "," "," ","!! 0","!$ .","!& ,"]},"2950":{"keys":[185,183],"grid":[" #!/"," $!."," %!-"," &!,"," (!*"," )!)"," *!("," +!'"," -!%"," .!$"," /!#"," 0!!"," "," "," "," "]},"3053":{"keys":[184,185],"grid":[" $!.","00","00","00","00","00","00","00","00","00"," #!/","10"," !!0","12","!","!"]},"3047":{"keys":[184,185],"grid":[" "," "," ","!! 0","!% -","!( *","!+ '","!- %","!/ #","!","!","!","!","!","!","!"]},"3046":{"keys":[184,185],"grid":[" +!'"," -!%"," /!#"," "," "," "," "," "," "," "," "," "," "," "," "," "]}},"5464":{"3052":{"keys":[184,185],"grid":[" .!$","00"," /!#"," 0!!","03"," "," "," "," "," "," "," "," "," "," "," "]},"3044":{"keys":[185,184],"grid":[" "," "," "," "," ","!# /","!$ .","!% -","!& ,","!' +","!( *","10","!) )","!* (","!+ '","!, &"]},"3060":{"keys":[184,191],"grid":[" 0!!"," "," "," "," "," "," "," "," "," "," "," "," "," "," "," "]},"3050":{"keys":[185,184],"grid":[" "," "," "," "," "," "," "," "," "," "," "," "," ","!! 0","!# /","14"]},"2949":{"keys":[183,185],"grid":[" "," ","!! 0","!# /","!$ .","!% -","!' +","!( *","!) )","!* (","!+ '","!- %","!. $","!/ #","!0 !","!"]},"3059":{"keys":[185,191,184],"grid":[" ","!! 0","!# /","!$ .","#!!$ -","#$!# ,","#%!$ *","#&!$ )","#'!$ (","#(!% &","#)!& $","#*!& #","#+!'","#-!%","#.!$","#/!#"]},"3054":{"keys":[184,191,185],"grid":[" -!###"," ,!##$"," +!!#&"," *!!#'"," *#("," )#)"," (#*"," '#+"," &#,"," %#-"," !!##.","!##/","!!#0","#","#","#"]},"3051":{"keys":[184,185],"grid":[" $!."," %!-"," &!,","02"," '!+"," (!*","05"," )!)"," *!(","08"," +!'","10"," ,!&","12"," -!%","14"]},"3045":{"keys":[184,185],"grid":[" -!%","00"," .!$","02"," /!#","04"," 0!!"," "," "," "," "," "," "," "," "," "]},"3053":{"keys":[184,191,185],"grid":[" "," "," "," "," "," "," "," "," "," "," "," "," "," "," /!#"," .!##!"]},"3047":{"keys":[185,184],"grid":[" +!'"," .!$"," /!#"," "," "," "," "," "," "," "," "," "," "," "," "," "]},"3046":{"keys":[184],"grid":[" "," "," "," "," "," "," "," "," "," "," "," "," "," "," "," "]}},"5467":{"3048":{"keys":[184,185],"grid":[" "," "," #!% +","!( *","!) )","!* (","!, &","!- %","!0 !","!","!","!","!","!","!","!"]},"3061":{"keys":[191,185,184],"grid":[" !!0"," #!/"," %!-"," &!,"," (!*","#! (!)","#+!'","#,!&","#.!$","#/!#","#","#","#","#","#","#"]},"3060":{"keys":[185],"grid":[" "," "," "," "," "," "," "," "," "," "," "," "," "," "," "," "]},"3047":{"keys":[184,185],"grid":[" ,!&"," -!%"," .!$"," /!#"," 0!!"," "," "," "," "," "," "," "," "," "," "," "]},"2951":{"keys":[183,185],"grid":[" "," "," "," "," "," "," "," "," "," ","!# /","!$ .","!% -","!& ,","!' +","!) )"]},"2952":{"keys":[185,183],"grid":[" *!("," +!'"," ,!&"," .!$"," /!#"," 0!!"," "," "," "," "," "," "," "," "," "," "]},"3046":{"keys":[185,184],"grid":[" "," "," "," "," "," "," "," ","!! 0","!% -","!' +","!( *","!) )","!* (","!+ '","14"]}},"5466":{"3048":{"keys":[185,184],"grid":[" +!'"," ,!&"," -!%"," "," "," "," "," "," "," "," "," "," "," "," "," "]},"3061":{"keys":[184,191],"grid":[" &!,"," (!*"," )!)"," +!'"," -!%"," "," "," "," "," "," "," "," "," "," "," "]},"3060":{"keys":[185,191,184],"grid":[" "," "," "," "," "," ","!# /","!% -","!& ,","!( *","!) )","!* (","!, &","#!!, %","##!- #","#%!, !"]},"2950":{"keys":[183,185],"grid":[" "," "," "," "," "," "," "," "," "," "," "," "," ","!# /","!$ .","!% -"]},"2951":{"keys":[185,183],"grid":[" &!,"," (!*"," )!)"," *!("," +!'"," ,!&"," .!$"," /!#"," 0!!"," "," "," "," "," "," "," "]},"3047":{"keys":[184,185],"grid":[" "," "," "," "," "," "," "," "," "," ","!# /","!$ .","!& ,","!' +","!( *","!) )"]},"3046":{"keys":[185,184],"grid":[" "," "," ","!! 0","!' +","!+ '","!. $","!0 !","!","!","!","!","!","!","!","!"]}},"5469":{"2954":{"keys":[185],"grid":[" "," "," "," "," "," "," "," "," "," "," "," "," "," "," "," "]},"3062":{"keys":[185,184],"grid":[" "," "," "," "," "," ","!! 0","!# /","!$ .","!% -","!' +","!( *","!) )","!* (","!+ '","!, &"]},"3063":{"keys":[184,185],"grid":[" -!%"," .!$"," /!#"," "," "," "," "," "," "," "," "," "," "," "," "," "]},"2953":{"keys":[183,185],"grid":[" "," "," "," ","!! 0","!$ .","!% -","!& ,","!' +","!( *","!* (","!+ '","!, &","!- %","!/ #","!0 !"]}},"5468":{"3062":{"keys":[184,185],"grid":[" )!)"," +!'"," ,!&"," .!$"," /!#"," 0!!"," "," "," "," "," "," "," "," "," "," "]},"3048":{"keys":[184,185],"grid":[" ,!&"," -!%","01","01","01","00"," %!-"," $!."," #!/","!","!","!","!","!","!","!"]},"3061":{"keys":[185,184],"grid":[" "," "," "," "," "," "," "," "," "," "," ","!! 0","!$ .","!% -","!& ,","!( *"]},"3047":{"keys":[185,184],"grid":[" "," "," "," "," "," ","!! 0","!# /","!% -","!& ,","!' +","!( *","!) )","!* (","!+ '","!, &"]},"2952":{"keys":[183,185],"grid":[" "," "," "," "," "," "," ","!! 0","!$ .","!% -","!& ,","!' +","!) )","!* (","!+ '","!, &"]},"2953":{"keys":[185,183],"grid":[" -!%"," /!#"," 0!!"," "," "," "," "," "," "," "," "," "," "," "," "," "]}},"5513":{"2993":{"keys":[183,185],"grid":[" "," "," "," "," "," "," "," "," "," "," "," "," "," "," /!#","!"]}},"5512":{"2993":{"keys":[183,185],"grid":[" "," "," "," "," "," "," "," "," "," "," "," "," "," "," "," 0!!"]},"2994":{"keys":[185],"grid":[" "," "," "," "," "," "," "," "," "," "," "," "," "," "," "," "]}},"5515":{"2993":{"keys":[183,185],"grid":[" "," "," "," "," "," "," "," "," "," "," "," "," .!$","!","!","!"]}},"5514":{"2993":{"keys":[183,185],"grid":[" "," "," "," "," "," "," "," "," "," "," "," "," "," /!#","!","!"]}},"5517":{"2993":{"keys":[183,185],"grid":[" "," "," "," "," "," "," "," "," /!#"," +!'"," &!,","!","!","!","!","!"]}},"5516":{"2993":{"keys":[183,185],"grid":[" "," "," "," "," "," "," "," "," "," "," "," .!$","!","!","!","!"]}},"5591":{"3010":{"keys":[185,183],"grid":[" 0!!"," "," "," "," "," "," "," "," "," "," "," "," "," "," "," "]},"3009":{"keys":[185,183],"grid":[" )!)","00","00"," *!(","03"," +!'","05"," ,!&","07"," -!%","09"," .!$","11"," /!#","13"," 0!!"]},"3008":{"keys":[183,185],"grid":[" "," ","!! 0","02","!# /","04","!$ .","06","!% -","08","!& ,","10","!' +","12","!( *","14"]}},"5590":{"3005":{"keys":[183],"grid":[" "," "," "," "," "," "," "," "," "," "," "," "," "," "," "," "]},"3007":{"keys":[185,183],"grid":[" )!)"," *!(","01"," +!'","03"," ,!&","05"," -!%","07"," .!$","09"," /!#","11"," 0!!","13","13"]},"3006":{"keys":[185,183],"grid":[" !!0","00"," #!/","02"," $!.","04"," %!-","06"," &!,","08"," '!+","10"," (!*","12"," )!)","14"]},"3008":{"keys":[185],"grid":[" "," "," "," "," "," "," "," "," "," "," "," "," "," "," "," "]}},"5593":{"3012":{"keys":[183,185],"grid":[" "," ","!! 0","02","!# /","04","!$ .","06","!% -","08","!& ,","!' +","11","!( *","13","!) )"]},"3013":{"keys":[185,183],"grid":[" )!)"," *!(","01"," +!'","03"," ,!&","05"," -!%","07"," .!$","09"," /!#"," 0!!","12"," "," "]}},"5592":{"3012":{"keys":[185],"grid":[" "," "," "," "," "," "," "," "," "," "," "," "," "," "," "," "]},"3010":{"keys":[183,185],"grid":[" "," "," ","!! 0","03","!# /","05","!$ .","07","!% -","09","!& ,","11","!' +","13","!( *"]},"3011":{"keys":[185,183],"grid":[" (!*"," )!)","01"," *!(","03"," +!'","05"," ,!&"," -!%","08"," .!$","10"," /!#","12"," 0!!","14"]}},"5595":{"3013":{"keys":[183,185],"grid":[" "," "," "," "," "," "," "," "," "," "," "," "," "," 0!!"," .!$"," +!'"]},"3014":{"keys":[183,185],"grid":[" )!)"," '!+"," $!."," !!0","!","!","!","!","!","!","!","!","!","!","!","!"]}},"5594":{"3013":{"keys":[183],"grid":[" "," "," "," "," "," "," "," "," "," "," "," "," "," "," "," "]},"3014":{"keys":[185,183],"grid":[" !!0","00"," #!/","02"," $!- !"," $!* %"," %!' '"," %!% )"," "," "," "," "," "," "," "," "]}},"5597":{"3038":{"keys":[185,183],"grid":[" /!#","00","00","00","00","00","00","00","00","00","00","00","00","00","00","00"]},"3039":{"keys":[185,183],"grid":[" /!#","00","00","00","00","00","00","00","00","00","00","00","00","00","00","00"]},"3029":{"keys":[185,183],"grid":[" "," "," "," "," "," "," "," "," "," "," "," "," "," "," "," 0!!"]},"3012":{"keys":[183],"grid":[" "," "," "," "," "," "," "," "," "," "," "," "," "," "," "," "]},"3013":{"keys":[183,185],"grid":[" /!#"," ,!&"," *!("," (!*"," %!-"," #!/","!","!","!","!","!","!","!","!","!","!"]},"3036":{"keys":[185,183],"grid":[" /!#","00","00","00","00","00","00","00","00","00","00","00","00","00","00","00"]},"3037":{"keys":[185,183],"grid":[" /!#","00","00","00","00","00","00","00","00","00","00","00","00","00","00","00"]},"3030":{"keys":[185,183],"grid":[" 0!!","00","00","00","00","00","00","00","00","00","00","00"," /!#","12","12","12"]},"3031":{"keys":[185,183],"grid":[" /!#","00","00","00","00","00","00","00","00","00","00","00","00","00","00","00"]},"3032":{"keys":[185,183],"grid":[" /!#","00","00","00","00","00","00","00","00","00","00","00","00","00","00","00"]},"3033":{"keys":[185,183],"grid":[" /!#","00","00","00","00","00","00","00","00","00","00","00","00","00","00","00"]},"3034":{"keys":[185,183],"grid":[" /!#","00","00","00","00","00","00","00","00","00","00","00","00","00","00","00"]},"3035":{"keys":[185,183],"grid":[" /!#","00","00","00","00","00","00","00","00","00","00","00","00","00","00","00"]},"3041":{"keys":[185,183],"grid":[" /!#","00","00","00","00","00","00","00","00","00","00","00","00"," .!$","13","13"]},"3040":{"keys":[185,183],"grid":[" /!#","00","00","00","00","00","00","00","00","00","00","00","00","00","00","00"]},"3042":{"keys":[185,183],"grid":[" .!$","00","00","00","00","00","00","00","00","00","00","00","00","00","00"," "]}},"5596":{"3013":{"keys":[183,185],"grid":[" "," "," "," "," "," "," 0!!"," .!$"," ,!&"," )!)"," '!+"," %!-"," !!0","!","!","!"]}},"5599":{"3029":{"keys":[185,183],"grid":[" 0!!","00","00","00","00","00","00","00","00","00","00","00","00","00","00"," /!#"]},"3028":{"keys":[185,183],"grid":[" 0!!","00","00","00","00","00","00","00","00","00","00","00","00","00","00","00"]},"3012":{"keys":[183,185],"grid":[" "," "," /!#"," -!%"," +!'"," (!*"," &!,"," $!.","!","!","!","!","!","!","!","!"]},"3026":{"keys":[185,183],"grid":[" "," "," "," "," "," "," "," "," "," "," "," 0!!","11","11","11","11"]},"3025":{"keys":[185],"grid":[" "," "," "," "," "," "," "," "," "," "," "," "," "," "," "," "]},"3030":{"keys":[185,183],"grid":[" /!#","00","00","!& *!#","!+ %!#","!","!","!","!","!","!","!","!","!","!","!"]},"3027":{"keys":[185,183],"grid":[" 0!!","00","00","00","00","00","00","00","00","00","00","00","00","00","00","00"]},"3043":{"keys":[183,185],"grid":[" "," ","!' +","!- %","!","!","!","!","!","!","!","!","!","!","!","!"]}},"5598":{"3012":{"keys":[183,185],"grid":[" "," "," "," "," "," "," "," "," "," /!#"," -!%"," *!("," (!*"," &!,"," #!/","!"]},"3043":{"keys":[185,183],"grid":[" )!)"," 0!!"," "," "," "," "," "," "," "," "," "," "," "," "," "," "]},"3042":{"keys":[183,185],"grid":[" "," "," "," "," "," "," "," "," "," "," "," "," "," "," ","!! 0"]},"3030":{"keys":[183,185],"grid":[" '!+"," ,!&"," "," "," "," "," "," "," "," "," "," "," "," "," "," "]},"3029":{"keys":[185,183],"grid":[" "," "," "," "," "," "," "," "," "," "," "," "," "," "," ","!! 0"]}},"5610":{"3049":{"keys":[185,183],"grid":[" +!'"," ,!&","01","01","01","01","01","01"," -!%","08","08","08","08","08"," .!$","14"]},"3048":{"keys":[185,183],"grid":[" )!)","00","00"," *!(","03","03","03","03","03","03"," +!'","10","10","10","10","10"]},"3047":{"keys":[185,183],"grid":[" '!+","00","00","00","00"," (!*","05","05","05","05","05","05"," )!)","12","12","12"]},"3046":{"keys":[185,183],"grid":[" %!-","00","00","00","00","00","00"," &!,","07","07","07","07","07","07"," '!+","14"]},"3045":{"keys":[185,183],"grid":[" !!0","00"," #!/","02","02","02","02","02","02"," $!.","09","09","09","09","09","09"]},"3044":{"keys":[183,185],"grid":[" "," "," "," "," "," "," "," "," "," "," "," ","!! 0","12","12","12"]},"3050":{"keys":[185,183],"grid":[" .!$","00","00","00","00"," /!#","05","05","05","05","05","05","05"," 0!!","13","13"]},"3051":{"keys":[185,183],"grid":[" 0!!","00","00","00"," "," "," "," "," "," "," "," "," "," "," "," "]}},"5611":{"3058":{"keys":[185],"grid":[" "," "," "," "," "," "," "," "," "," "," "," "," "," "," "," "]},"3056":{"keys":[185,183],"grid":[" +!'","00","00","00","00","00"," ,!&","06","06","06","06"," -!%","11","11","11","11"]},"3057":{"keys":[185,183],"grid":[" .!$","00","00","00","00"," /!#","05","05","05","05"," 0!!","10","10","10","10","10"]},"3054":{"keys":[185,183],"grid":[" '!+","00","00","00","00","00","00","00"," (!*","08","08","08","08","08","08"," )!)"]},"3055":{"keys":[185,183],"grid":[" )!)","00","00","00","00","00","00"," *!(","07","07","07","07","07","07"," +!'","14"]},"3052":{"keys":[185,183],"grid":[" !!0","00","00"," #!/","03","03","03","03","03","03"," $!.","10","10","10","10","10"]},"3053":{"keys":[185,183],"grid":[" $!.","00"," %!-","02","02","02","02","02","02"," &!,","09","09","09","09","09","09"]},"3051":{"keys":[183,185],"grid":[" "," "," "," "," "," "," "," "," "," "," ","!! 0","11","11","11","11"]}},"5616":{"3067":{"keys":[183,185],"grid":[" "," ","!","!","!","!","!","!","!","!","!","!","!","!","!","!"]}},"5617":{"3067":{"keys":[183,185],"grid":[" "," ","!","!","!","!","!","!","!","!","!","!","!","!","!","!"]}},"5614":{"3067":{"keys":[183,185],"grid":[" "," ","!","!","!","!","!","!","!","!","!","!","!","!","!","!"]}},"5615":{"3067":{"keys":[183,185],"grid":[" "," ","!","!","!","!","!","!","!","!","!","!","!","!","!","!"]}},"5612":{"3062":{"keys":[185,183],"grid":[" .!$","00","00","00"," /!#","04","04","04"," 0!!","08","08","08","08"," "," "," "]},"3061":{"keys":[185,183],"grid":[" *!(","00"," +!'","02","02","02"," ,!&","06","06","06","06"," -!%","11","11","11"," .!$"]},"3060":{"keys":[185,183],"grid":[" '!+","00","00"," (!*","03","03","03","03"," )!)","08","08","08","08"," *!(","13","13"]},"3058":{"keys":[183,185],"grid":[" "," "," "," "," ","!! 0","05","05","05","05","!# /","10","10","10","10","!$ ."]},"3059":{"keys":[185,183],"grid":[" $!.","00","00","00"," %!-","04","04","04","04"," &!,","09","09","09","09"," '!+","14"]}},"5613":{"3063":{"keys":[183,185],"grid":[" ","!! 0","01","01","01","01","!# /","06","06","06","!$ .","10","10","10","!% -","14"]},"3062":{"keys":[183],"grid":[" "," "," "," "," "," "," "," "," "," "," "," "," "," "," "," "]},"3067":{"keys":[185,183],"grid":[" 0!!","00"," "," "," "," "," "," "," "," "," "," "," "," "," "," "]},"3066":{"keys":[185,183],"grid":[" ,!&","00"," -!%","02","02","02"," .!$","06","06","06","06"," /!#","11","11","11"," 0!!"]},"3065":{"keys":[185,183],"grid":[" )!)","00","00","00","00"," *!(","05","05","05"," +!'","09","09","09"," ,!&","13","13"]},"3064":{"keys":[185,183],"grid":[" %!-","00","00"," &!,","03","03","03"," '!+","07","07","07","07"," (!*","12","12","12"]}},"5525":{"2991":{"keys":[183,185],"grid":[" "," "," "," "," "," "," "," "," "," "," "," "," "," "," ,!&"," '!+"]},"2992":{"keys":[183,185],"grid":[" !!0","!","!","!","!","!","!","!","!","!","!","!","!","!","!","!"]}},"5393":{"3043":{"keys":[185,184],"grid":[" "," "," "," "," "," "," "," "," 0!!"," .!$"," ,!&"," +!'"," )!)"," (!*"," '!+"," &!,"]},"2938":{"keys":[183,185],"grid":[" "," "," "," "," "," "," "," "," "," "," "," "," "," "," "," .!$"]},"2939":{"keys":[183,185],"grid":[" +!'"," (!*"," $!.","!","!","!","!","!","!","!","!","!","!","!","!","!"]},"3053":{"keys":[185,184],"grid":[" !!0"," $!."," %!-"," &!,","03"," '!+","05"," (!*","07"," )!)","09"," *!(","11","11","11","11"]},"3063":{"keys":[185,184],"grid":[" "," "," "," "," "," "," "," "," /!#","!","!","!","!","!","!","!"]},"3058":{"keys":[185,184],"grid":[" .!$"," /!#","01","01","01"," 0!!","05"," "," "," "," "," "," "," "," "," "]},"3056":{"keys":[185,184],"grid":[" *!(","00","00","00","00","00","00"," +!'","07","07","07","07","07","07","07"," ,!&"]},"3057":{"keys":[185,184],"grid":[" ,!&","00","00","00","00","00"," -!%","06","06","06","06","06","06","06"," .!$","14"]},"3054":{"keys":[185,184],"grid":[" +!'","00","00","00","00","00"," ,!&","06","06","06","06","06","00","00","00","00"]},"3055":{"keys":[185,184],"grid":[" +!'","00"," *!(","02","02","02","02","02","02","02","02","02","02","02","02","02"]},"3052":{"keys":[184,185],"grid":[" "," "," "," "," "," "," "," "," "," "," "," "," ","!! 0","13","13"]},"3044":{"keys":[185,184],"grid":[" %!-"," $!."," #!/"," !!0","03","!","!","!","!","!","!","!","!","!","!","!"]}},"5392":{"3049":{"keys":[185,184],"grid":[" (!*","00","00","00","00"," )!)","05","05","05","05","05","05","05","05","05","05"]},"2939":{"keys":[183,185],"grid":[" "," "," "," "," .!$"," +!'"," (!*"," %!-"," !!0","!","!","!","!","!","!","!"]},"3045":{"keys":[185,184],"grid":[" ,!&","00","00","00","00","00"," +!'","06","06","06","06","06","06"," *!(","13","13"]},"3063":{"keys":[185,184],"grid":[" "," "," "," "," "," ","!' +","!+ '","!/ #","!","!","!","!","!","!","!"]},"3048":{"keys":[185,184],"grid":[" '!+","00","00","00","00","00","00","00","00","00"," (!*","10","10","10","10","10"]},"3047":{"keys":[185,184],"grid":[" &!,","00","00","00","00","00","00","00"," '!+","08","08","08","08","08","08","08"]},"3046":{"keys":[185,184],"grid":[" *!(","00"," )!)","02","02","02"," (!*","06","06"," '!+","09","09","09","09"," &!,","14"]},"3052":{"keys":[185,184],"grid":[" ,!&","00","00"," -!%","03","03"," .!$","06"," /!#","08","08"," 0!!"," "," "," "," "]},"3044":{"keys":[185,184],"grid":[" "," "," "," "," "," "," "," 0!!","07"," /!#","09"," .!$","11"," -!%","13","13"]},"3050":{"keys":[185,184],"grid":[" )!)","00","00","00","00","00","00"," (!*","07","07","07","07","07","07","07","07"]},"3051":{"keys":[185,184],"grid":[" (!*","00","00"," )!)","03","03","03","03","03"," *!(","09","09","09"," +!'","13","13"]}},"5391":{"3063":{"keys":[185,184],"grid":[" "," "," "," ","!# /","!0 !","!","!","!","!","!","!","!","!","!","!"]},"2939":{"keys":[183,185],"grid":[" "," "," "," "," "," "," "," "," "," /!#"," ,!&"," )!)"," &!,"," #!/","!","!"]}},"5390":{"3063":{"keys":[185,184],"grid":[" "," "," ","!( *","!","!","!","!","!","!","!","!","!","!","!","!"]},"2939":{"keys":[183,185],"grid":[" "," "," "," "," "," "," "," "," "," "," "," "," "," "," 0!!"," -!%"]},"2940":{"keys":[183,185],"grid":[" *!("," '!+"," $!.","!","!","!","!","!","!","!","!","!","!","!","!","!"]}},"5397":{"3041":{"keys":[185,184],"grid":[" #!/","00"," !!0","02","02","02","!","!","!","!","!","!","!","!","!","!"]},"3040":{"keys":[185,184],"grid":[" (!*","00"," '!+","02","02","02"," &!,","06"," %!-","08","08"," $!.","11","11"," #!/","14"]},"3038":{"keys":[185,184],"grid":[" "," "," "," "," "," "," "," "," "," "," "," "," "," "," 0!!","14"]},"3039":{"keys":[185,184],"grid":[" /!#","00"," .!$","02"," -!%","04"," ,!&","06","06"," +!'","09"," *!(","11"," )!)","13","13"]},"2937":{"keys":[183,185],"grid":[" "," "," "," "," "," "," "," "," "," "," 0!!"," -!%"," *!("," '!+"," #!/","!"]}},"5396":{"2938":{"keys":[183,185],"grid":[" -!%"," *!("," '!+"," $!.","!","!","!","!","!","!","!","!","!","!","!","!"]},"2937":{"keys":[183,185],"grid":[" "," "," "," "," "," "," "," "," "," "," "," "," "," "," "," 0!!"]},"3060":{"keys":[185,184],"grid":[" ,!&","00","00","00"," +!'","04","04"," *!(","07"," )!)"," (!*"," '!+"," &!,"," $!."," #!/","!"]},"3059":{"keys":[184,185],"grid":[" "," "," "," "," "," "," "," "," "," "," "," "," "," $!& )","!* (","!, &"]},"3041":{"keys":[185,184],"grid":[" "," "," "," "," "," "," "," "," 0!!","08","08"," /!#","11"," .!$","13"," -!%"]},"3042":{"keys":[185,184],"grid":[" ,!&"," +!'","01"," *!("," )!)"," (!*"," '!+"," &!,"," %!-"," $!."," #!/"," !!0","!","!","!","!"]}},"5395":{"2938":{"keys":[183,185],"grid":[" "," "," "," "," "," -!%"," *!("," '!+"," $!.","!","!","!","!","!","!","!"]},"3061":{"keys":[185,184],"grid":[" .!$"," +!'"," (!*"," %!-"," !!0","!","!","!","!","!","!","!","!","!","!","!"]},"3060":{"keys":[184,185],"grid":[" +!'","!","!","!","!","!","!","!","!","!","!","!","!","!","!","!"]},"3059":{"keys":[184,185],"grid":[" "," "," "," "," "," "," "," "," "," "," "," "," "," "," 0!!"," -!%"]},"3043":{"keys":[185,184],"grid":[" (!*"," &!,"," #!/","!","!","!","!","!","!","!","!","!","!","!","!","!"]},"3042":{"keys":[185,184],"grid":[" "," "," "," "," "," "," "," "," "," "," "," "," 0!!"," /!#"," -!%"," +!'"]}},"5394":{"2938":{"keys":[183,185],"grid":[" "," "," "," "," "," "," "," "," "," "," .!$"," *!("," '!+"," $!.","!","!"]},"3063":{"keys":[185,184],"grid":[" &!,","00","00"," %!-"," $!."," #!/"," !!0","!","!","!","!","!","!","!","!","!"]},"3062":{"keys":[185,184],"grid":[" )!)"," (!*","01","01","01","01","01","01","01","01","01","01","01","01"," '!+","14"]},"3061":{"keys":[185,184],"grid":[" "," "," "," "," "," "," 0!!"," /!#"," .!$"," -!%"," ,!&"," +!'","11"," *!(","13"," )!)"]},"3060":{"keys":[185],"grid":[" "," "," "," "," "," "," "," "," "," "," "," "," "," "," "," "]},"3058":{"keys":[184,185],"grid":[" "," "," "," "," "," "," "," "," ","!! 0","09","!# /","11","!$ .","!% -","!& ,"]},"3059":{"keys":[185,184],"grid":[" &!,"," '!+"," (!*"," )!)","03"," *!("," +!'","06"," ,!&","08"," -!%"," .!$","11"," /!#","13"," 0!!"]},"3043":{"keys":[185,184],"grid":[" "," "," "," 0!!"," -!%"," )!)"," &!,"," #!/","!","!","!","!","!","!","!","!"]}},"5399":{"2937":{"keys":[183,185],"grid":[" 0!!"," ,!&"," )!)"," &!,"," #!/","!","!","!","!","!","!","!","!","!","!","!"]},"3036":{"keys":[185,184],"grid":[" "," "," "," "," "," "," "," "," "," "," "," "," "," "," "," 0!!"]},"3037":{"keys":[185,184],"grid":[" .!$"," -!%"," ,!&"," *!("," )!)"," (!*"," '!+"," &!,"," %!-"," !!0","!","!","!","!","!","!"]}},"5398":{"2937":{"keys":[183,185],"grid":[" "," "," "," "," "," 0!!"," -!%"," )!)"," &!,"," #!/","!","!","!","!","!","!"]},"3037":{"keys":[185,184],"grid":[" "," "," "," "," "," "," "," "," "," "," "," 0!!"," /!#"," .!$"," -!%"," ,!&"]},"3038":{"keys":[185,184],"grid":[" *!("," )!)"," (!*","02"," '!+"," &!,","05"," %!-"," $!.","08"," #!/"," !!0","!","!","!","!"]}},"5605":{"3043":{"keys":[183],"grid":[" "," "," "," "," "," "," "," "," "," "," "," "," "," "," "," "]},"3044":{"keys":[185,183],"grid":[" &!,"," -!%"," "," "," "," "," "," "," "," "," "," "," "," "," "," "]}},"5604":{"3043":{"keys":[183,185],"grid":[" "," "," "," "," "," "," "," "," "," "," "," "," "," ","!( *","!/ #"]}},"5607":{"3044":{"keys":[183,185],"grid":[" "," "," "," "," ","!( *","!. $","!","!","!","!","!","!","!","!","!"]}},"5606":{"3044":{"keys":[183,185],"grid":[" "," ","!# /","!* (","!","!","!","!","!","!","!","!","!","!","!","!"]}},"5498":{"3063":{"keys":[185,184],"grid":[" "," ","!! 0","!$ .","!% -","!& ,","!' +","06","!( *","08","!) )","10","!* (","12","12","!+ '"]},"2983":{"keys":[183,185],"grid":[" "," "," "," "," "," "," "," "," "," "," "," "," "," ","!! 0","!# /"]},"2984":{"keys":[185,183],"grid":[" $!."," %!-","01"," &!,"," '!+"," (!*"," )!)"," *!(","07"," +!'"," ,!&"," -!%"," .!$"," /!#"," 0!!","14"]},"2985":{"keys":[185],"grid":[" "," "," "," "," "," "," "," "," "," "," "," "," "," "," "," "]},"3064":{"keys":[184,185],"grid":[" +!'","00"," ,!&","02"," -!%"," .!$"," /!#"," "," "," "," "," "," "," "," "," "]}},"5499":{"2986":{"keys":[185,183],"grid":[" /!#"," 0!!"," "," "," "," "," "," "," "," "," "," "," "," "," "," "]},"2985":{"keys":[183,185],"grid":[" ","!! 0","!# /","!$ .","!% -","04","!& ,","!' +","!( *","!) )","!* (","!+ '","11","!, &","!- %","!. $"]},"3064":{"keys":[185,184],"grid":[" "," "," "," "," "," "," "," ","!! 0","!$ .","!' +","!- %","!","!","!","!"]}},"5603":{"3043":{"keys":[183,185],"grid":[" "," "," "," "," "," "," "," "," "," "," ","!$ .","!+ '","!","!","!"]}},"5602":{"3043":{"keys":[183,185],"grid":[" "," "," "," "," "," "," "," "," ","!& ,","!- %","!","!","!","!","!"]}},"5494":{"3062":{"keys":[185,184],"grid":[" "," "," "," "," "," "," "," "," "," !!$ -","!+ '","!","!","!","!","!"]},"2979":{"keys":[183,185],"grid":[" "," ","!! 0","!# /","03","!$ .","!% -","!& ,","!' +","!( *","09","!) )","!* (","!+ '","!, &","!- %"]},"2980":{"keys":[185,183],"grid":[" .!$","00"," /!#"," 0!!"," "," "," "," "," "," "," "," "," "," "," "," "]}},"5495":{"3063":{"keys":[184,185],"grid":[" +!'"," ,!&"," .!$"," "," "," "," "," "," "," "," "," "," "," "," "," "]},"3062":{"keys":[185,184],"grid":[" "," "," "," "," "," "," "," "," "," "," "," ","!# /","!% -","!' +","!) )"]},"2981":{"keys":[185,183],"grid":[" +!'"," ,!&"," -!%"," .!$","03"," /!#"," 0!!"," "," "," "," "," "," "," "," "," "]},"2980":{"keys":[183,185],"grid":[" "," "," "," "," ","!! 0","!# /","06","!$ .","!% -","!& ,","!' +","!( *","!) )","13","!* ("]}},"5496":{"3063":{"keys":[185,184],"grid":[" "," "," "," ","!$ .","!","!","!","!","!","!","!","!","!","!","!"]},"2982":{"keys":[185,183],"grid":[" )!)","00"," *!("," +!'"," ,!&"," -!%"," .!$"," /!#","07"," 0!!"," "," "," "," "," "," "]},"2981":{"keys":[183,185],"grid":[" "," "," "," "," "," "," "," ","!! 0","!# /","!$ .","10","!% -","!& ,","!' +","!( *"]}},"5497":{"3063":{"keys":[185,184],"grid":[" "," +!& !"," )!)"," '!+"," %!-"," !!0","!","!","!","!","!","!","!","!","!","!"]},"2982":{"keys":[183,185],"grid":[" "," "," "," "," "," "," "," "," "," "," ","!! 0","!# /","!$ .","13","!% -"]},"2983":{"keys":[185,183],"grid":[" &!,"," '!+"," (!*"," )!)"," *!(","04"," +!'"," ,!&"," -!%"," .!$"," /!#","10"," 0!!"," "," "," "]}},"5609":{"3044":{"keys":[183,185],"grid":[" "," "," "," "," "," "," "," "," ","!# /","!* (","!0 !","!","!","!","!"]}},"5491":{"2976":{"keys":[185,183],"grid":[" %!-"," &!,"," '!+","02"," (!*"," )!)"," *!("," +!'"," ,!&"," -!%"," .!$"," /!#"," 0!!"," "," "," "]},"3067":{"keys":[184],"grid":[" "," "," "," "," "," "," "," "," "," "," "," "," "," "," "," "]},"3066":{"keys":[185,184],"grid":[" "," "," "," "," "," "," "," "," "," "," "," "," "," "," -!%"," &!,"]},"2975":{"keys":[183,185],"grid":[" "," "," "," "," "," "," "," "," "," "," "," "," ","!! 0","!# /","!$ ."]}},"5492":{"2976":{"keys":[183,185],"grid":[" "," "," "," "," "," "," "," "," "," "," "," "," "," ","!! 0","14"]},"2977":{"keys":[185,183],"grid":[" #!/"," $!."," %!-"," &!,"," '!+"," (!*"," )!)"," *!("," +!'"," ,!&"," -!%","10"," .!$"," /!#"," 0!!"," "]},"3065":{"keys":[185,184],"grid":[" "," "," "," "," "," "," "," "," "," "," "," "," "," "," 0!!","14"]},"3066":{"keys":[185,184],"grid":[" 0!!"," /!#","01"," .!$","03"," -!%","05"," ,!&"," +!'"," *!("," )!)"," '!+"," %!-","!","!","!"]}},"5493":{"3063":{"keys":[185,184],"grid":[" )!)"," (!*","01"," '!+","03"," &!,","05","05"," %!-","08","08","08","08","08","08","08"]},"3062":{"keys":[185,184],"grid":[" "," "," "," "," "," "," "," "," "," "," .!$"," -!%"," ,!&"," +!'"," *!(","14"]},"2978":{"keys":[185,183],"grid":[" !!0"," #!/"," $!."," %!-"," &!,"," '!+","05"," (!*"," )!)"," *!("," +!'"," ,!&"," -!%","12"," .!$"," /!#"]},"2979":{"keys":[185,183],"grid":[" 0!!"," "," "," "," "," "," "," "," "," "," "," "," "," "," "," "]},"3065":{"keys":[185,184,191],"grid":[" $!."," #!/","01"," !!0","03"," !#!!/","05","05","03","03","!","!","!","!","!","!"]},"3064":{"keys":[185,184],"grid":[" %!-"," &!,","01","01","01","01","01","01","01","01","01","01","01","00","00"," $!."]},"2977":{"keys":[183],"grid":[" "," "," "," "," "," "," "," "," "," "," "," "," "," "," "," "]}},"5414":{"3029":{"keys":[185,184],"grid":[" (!*"," )!)","01","01","01"," *!(","05","05"," +!'","08","08","08","08","08","08","05"]},"3028":{"keys":[184,185],"grid":[" "," "," "," "," "," "," "," ","!! 0","!# /","!$ .","!% -","!& ,","12","!' +","!( *"]},"3027":{"keys":[184,185],"grid":[" *!("," +!'","01"," ,!&"," -!%"," .!$"," "," "," "," "," "," "," "," "," "," "]},"3026":{"keys":[185,184],"grid":[" "," "," "," "," "," "," "," "," "," "," "," "," "," "," !!' *","!) )"]},"3030":{"keys":[185,184],"grid":[" *!("," )!)","01","01"," (!*","04","04","04","04","04","04","04","04","04","04","04"]},"3031":{"keys":[185,184],"grid":[" (!*","00","00","00"," '!+","04","04","04","04"," &!,","09","09","09","09","09","09"]},"3032":{"keys":[185,184],"grid":[" &!,","00"," '!+","02","02","02","02","02","02","02","02","00","00","00","00","00"]},"3033":{"keys":[185,184],"grid":[" &!,","00","00"," %!-","03","03","03"," $!.","07"," #!/"," !!0","!","!","!","!","!"]},"2932":{"keys":[183,185],"grid":[" "," "," "," "," 0!!"," -!%"," *!("," '!+"," #!/","!","!","!","!","!","!","!"]}},"5415":{"3027":{"keys":[185,184],"grid":[" #!/"," !!0","01","01","!","!","!","!","!","!","!","!","!","!","!","!"]},"3026":{"keys":[185,184],"grid":[" '!+"," &!,","01","01"," %!-","04","04","04"," $!.","08","08","08","08"," #!/","13","13"]},"3025":{"keys":[185,184],"grid":[" "," "," "," "," "," "," "," "," "," "," "," "," "," 0!!"," .!$"," ,!&"]},"2932":{"keys":[183,185],"grid":[" -!%"," *!("," &!,"," #!/","!","!","!","!","!","!","!","!","!","!","!","!"]},"2931":{"keys":[183,185],"grid":[" "," "," "," "," "," "," "," "," "," "," "," "," "," "," "," 0!!"]}},"5416":{"3025":{"keys":[185,184],"grid":[" "," "," "," "," "," "," "," "," .!$"," '!+"," $!."," #!/","!","!","!","!"]},"2931":{"keys":[183,185],"grid":[" "," "," "," "," "," "," "," "," "," "," 0!!"," -!%"," )!)"," &!,"," #!/","!"]}},"5417":{"3026":{"keys":[184,185],"grid":[" .!$","00","00","00"," /!#","04","04","04"," 0!!","08"," "," "," "," "," "," "]},"3025":{"keys":[185,184],"grid":[" "," "," "," "," "," "," "," ","!# /","!' +","!( *","!) )","!* (","!+ '","!- %","14"]},"2931":{"keys":[183,185],"grid":[" "," "," "," "," "," 0!!"," ,!&"," )!)"," &!,"," #!/","!","!","!","!","!","!"]}},"5410":{"3035":{"keys":[185,184],"grid":[" "," "," "," "," "," "," "," )!$ &"," %!-"," !!0","!","!","!","!","!","!"]},"2933":{"keys":[183,185],"grid":[" "," "," "," "," "," "," "," "," "," .!$"," *!("," '!+"," $!.","!","!","!"]}},"5411":{"3035":{"keys":[185,184],"grid":[" "," "," "," "," "," "," "," ","!! 0","!( *","!- %","!","!","!","!","!"]},"2933":{"keys":[183,185],"grid":[" "," "," "," "," -!%"," *!("," '!+"," $!.","!","!","!","!","!","!","!","!"]}},"5412":{"3034":{"keys":[185,184],"grid":[" #!/","00"," !!0","02","02","02","02","00","00"," $!."," %!-","10"," &!,"," '!+","13"," (!*"]},"3035":{"keys":[185,184],"grid":[" (!*","00"," )!)","02"," *!(","04","04","04","04","02","00","!","!","!","!","!"]},"2932":{"keys":[183,185],"grid":[" "," "," "," "," "," "," "," "," "," "," "," "," "," "," 0!!"," -!%"]},"2933":{"keys":[183,185],"grid":[" *!("," '!+"," $!.","!","!","!","!","!","!","!","!","!","!","!","!","!"]},"3033":{"keys":[185,184],"grid":[" "," "," "," "," "," "," '!$ ("," &!( %"," &!* #"," %!-","09"," $!.","11","11"," #!/","14"]}},"5413":{"3027":{"keys":[185,184],"grid":[" /!#"," .!$"," -!%","02","02","02","02","02"," ,!&","08","08","08","08"," +!'","13","08"]},"3026":{"keys":[185,184],"grid":[" "," "," "," "," "," "," "," "," "," "," "," "," "," "," "," /!#"]},"3028":{"keys":[185,184],"grid":[" ,!&"," -!%","01","01"," .!$"," /!#"," 0!!"," "," "," "," "," "," "," "," "," "]},"2932":{"keys":[183,185],"grid":[" "," "," "," "," "," "," "," "," "," 0!!"," -!%"," *!("," '!+"," $!.","!","!"]},"3033":{"keys":[185,184],"grid":[" "," "," "," "," "," "," "," "," "," ","!$ .","!& +!!","!","!","!","!"]}},"5564":{"2991":{"keys":[183,185],"grid":[" "," "," "," "," "," "," "," "," "," "," "," "," "," "," "," 0!!"]},"2992":{"keys":[183,185],"grid":[" .!$"," -!%"," +!'"," )!)","!","!","!","!","!","!","!","!","!","!","!","!"]}},"5565":{"2991":{"keys":[183,185],"grid":[" "," "," "," "," "," "," 0!!"," .!$"," -!%"," +!'"," )!)"," '!+"," %!-"," $!."," !!0","!"]}},"5566":{"2990":{"keys":[183,185],"grid":[" "," "," "," "," "," "," "," "," "," "," "," "," "," 0!!"," .!$"," -!%"]},"2991":{"keys":[183,185],"grid":[" +!'"," )!)"," '!+"," %!-"," $!."," !!0","!","!","!","!","!","!","!","!","!","!"]}},"5567":{"2990":{"keys":[183,185],"grid":[" "," "," "," "," 0!!"," .!$"," -!%"," +!'"," )!)"," '!+"," %!-"," $!."," !!0","!","!","!"]}},"5560":{"2992":{"keys":[185,183],"grid":[" $!."," "," "," "," "," "," "," "," "," "," "," "," "," "," "," "]}},"5561":{"2992":{"keys":[183,185],"grid":[" ","!% -","!","!","!","!","!","!","!","!","!","!","!","!","!","!"]}},"5562":{"2992":{"keys":[183,185],"grid":[" "," ","!& ,","!","!","!","!","!","!","!","!","!","!","!","!","!"]}},"5563":{"2992":{"keys":[183,185],"grid":[" "," "," ","!& ,","!","!","!","!","!","!","!","!","!","!","!","!"]}},"5500":{"2987":{"keys":[185,183],"grid":[" ,!&"," -!%"," .!$"," /!#"," 0!!"," "," "," "," "," "," "," "," "," "," "," "]},"2986":{"keys":[183,185],"grid":[" "," "," "," ","!! 0","!# /","!$ .","!% -","!& ,","08","!' +","!( *","!) )","!* (","!+ '","!, &"]},"3065":{"keys":[184,185],"grid":[" (!*"," )!)","01"," *!("," +!'"," ,!&"," -!%"," .!$"," /!#","08"," 0!!"," "," "," "," "," "]},"3064":{"keys":[185,184],"grid":[" "," "," "," "," "," "," "," "," "," "," "," ","!# /","!% -","!& ,","!' +"]}},"5501":{"2988":{"keys":[185,183],"grid":[" *!("," +!'"," ,!&"," -!%","03"," .!$"," /!#"," 0!!"," "," "," "," "," "," "," "," "]},"2987":{"keys":[183,185],"grid":[" "," "," "," "," "," "," ","!! 0","!# /","!$ .","!% -","!& ,","!' +","12","!( *","!) )"]},"3066":{"keys":[184,185],"grid":[" %!-"," &!,"," (!*"," )!)"," *!("," ,!&"," -!%"," /!#"," 0!!"," "," "," "," "," "," "," "]},"3065":{"keys":[185,184],"grid":[" "," "," "," "," "," "," "," "," "," "," "," "," ","!! 0","!# /","!$ ."]}},"5430":{"2929":{"keys":[185,183],"grid":[" /!#"," 0!!"," "," "," "," "," "," "," "," "," "," "," "," "," "," "]},"2928":{"keys":[183,185],"grid":[" "," "," "," "," "," "," ","!# /","!$ .","!% -","!' +","!( *","!) )","!+ '","!, &","!- %"]},"3018":{"keys":[185,184],"grid":[" %!-"," &!,","01"," '!+","03","03","03","03","01","01","00","!","!","!","!","!"]},"3016":{"keys":[185,184],"grid":[" "," "," "," "," "," "," "," "," !!! /"," !!# ."," !!$ -"," !!% ,"," !!& +","12"," !!' *","!) )"]},"3017":{"keys":[184,185],"grid":[" *!("," +!'","01"," ,!&"," -!%"," .!$"," /!#","06"," 0!!"," "," "," "," "," ","!! 0","!# /"]}},"5431":{"2929":{"keys":[183,185],"grid":[" "," "," ","!# /","!$ .","!% -","!' +","!( *","!) )","!+ '","!, &","!- %","!/ #","!0 !","!","!"]},"3018":{"keys":[184,185],"grid":[" &!,"," '!+"," (!*"," )!)","03"," *!("," +!'"," ,!&"," -!%","08"," .!$"," /!#"," 0!!"," "," "," "]},"3017":{"keys":[185,184],"grid":[" "," "," "," "," "," "," "," "," "," ","!! 0","10","!# /","!$ .","!% -","!& ,"]}},"5489":{"2973":{"keys":[183,185],"grid":[" "," "," "," "," "," "," "," "," "," ","!! 0","!# /","!$ .","!% -","!& ,","!' +"]},"3066":{"keys":[185,184],"grid":[" "," "," "," "," "," "," "," "," "," ","!! 0","!$ .","!& ,","!( *","!* (","!"]},"2974":{"keys":[185,183],"grid":[" (!*","00"," )!)"," *!("," +!'"," ,!&"," -!%"," .!$"," /!#"," 0!!"," "," "," "," "," "," "]}},"5488":{"2972":{"keys":[183,185],"grid":[" "," "," "," "," "," "," "," ","!! 0","!# /","09","!$ .","!% -","!& ,","!' +","!( *"]},"2973":{"keys":[185,183],"grid":[" )!)"," *!("," +!'"," ,!&"," -!%","04"," .!$"," /!#"," 0!!"," "," "," "," "," "," "," "]},"3066":{"keys":[185,184],"grid":[" "," "," ","!! 0","!$ .","!& ,","!( *","!, &","!. $","!0 !","!","!","!","!","!","!"]}},"5487":{"2972":{"keys":[185,183],"grid":[" *!("," +!'"," ,!&"," -!%"," .!$"," /!#"," 0!!"," "," "," "," "," "," "," "," "," "]},"2970":{"keys":[183,185],"grid":[" "," "," "," "," "," ","!! 0","06","06","06","06","06","!# /","12","12","12"]},"2971":{"keys":[185,183],"grid":[" #!/","00"," $!.","02","02","02","02","02"," %!-","08","08"," &!,"," '!+"," (!*","13"," )!)"]},"3066":{"keys":[184,185],"grid":[" /!#"," 0!!"," "," "," "," "," "," "," "," "," "," "," "," "," "," "]},"3065":{"keys":[185,184],"grid":[" "," ","!! 0","!# /","!$ .","!% -","05","!& ,","!' +","!( *","!) )","!* (","!+ '","!, &","!- %","!. $"]}},"5582":{"2996":{"keys":[183,185],"grid":[" "," "," "," "," "," "," "," "," "," ","!! 0","!$ .","!% -","!& ,","!( *","!) )"]},"2997":{"keys":[185,183],"grid":[" +!'"," ,!&"," -!%"," /!#"," 0!!"," "," "," "," "," "," "," "," "," "," "," "]}},"5485":{"2967":{"keys":[185,183],"grid":[" ,!&"," .!$"," "," "," "," "," "," "," "," "," "," "," "," "," "," "]},"2966":{"keys":[183,185],"grid":[" "," "," "," "," "," "," "," "," ","!! 0","!# /","!% -","!& ,","!' +","!) )","!* ("]},"3065":{"keys":[184,185],"grid":[" -!%"," "," "," "," "," "," "," "," "," "," "," "," "," "," "," "]},"3064":{"keys":[185,184],"grid":[" "," "," "," "," ","!$ .","!% -","06","!& ,","!' +","!( *","10","!) )","!* (","!+ '","!, &"]}},"5484":{"2965":{"keys":[183,185],"grid":[" "," "," "," "," "," "," "," "," "," "," "," "," ","!! 0","!# /","!% -"]},"2966":{"keys":[185,183],"grid":[" &!,"," '!+"," )!)"," *!("," +!'"," -!%"," .!$"," /!#"," "," "," "," "," "," "," "," "]},"3064":{"keys":[185,184],"grid":[" "," "," "," ","!( *","!","!","!","!","!","!","!","!","!","!","!"]}},"5483":{"2965":{"keys":[185,183],"grid":[" #!/"," $!."," %!-"," &!,"," '!+"," (!*"," *!("," +!'"," ,!&"," -!%"," .!$"," 0!!"," "," "," "," "]},"2964":{"keys":[183],"grid":[" "," "," "," "," "," "," "," "," "," "," "," "," "," "," "," "]},"3064":{"keys":[185,184],"grid":[" "," "," ","!! 0","!","!","!","!","!","!","!","!","!","!","!","!"]}},"5482":{"2964":{"keys":[183,185],"grid":[" "," ","!! 0","!# /","!$ .","!& ,","!' +","!( *","!) )","!* (","!, &","!- %","!. $","!/ #","!0 !","!"]},"3064":{"keys":[185,184],"grid":[" "," "," "," .!$"," !!& &!&","!","!","!","!","!","!","!","!","!","!","!"]}},"5481":{"2964":{"keys":[185,183],"grid":[" 0!!"," "," "," "," "," "," "," "," "," "," "," "," "," "," "," "]},"2963":{"keys":[183,185],"grid":[" "," "," "," ","!! 0","!# /","!$ .","!% -","!& ,","!( *","!) )","!* (","!+ '","!, &","!- %","!/ #"]},"3064":{"keys":[185,184],"grid":[" "," "," "," "," "," +!'"," $!.","!","!","!","!","!","!","!","!","!"]}},"5583":{"2998":{"keys":[185],"grid":[" "," "," "," "," "," "," "," "," "," "," "," "," "," "," "," "]},"2997":{"keys":[183,185],"grid":[" "," "," "," "," ","!! 0","!# /","!$ .","!& ,","!' +","!( *","!* (","!+ '","!- %","!. $","!/ #"]}},"5407":{"3035":{"keys":[185],"grid":[" "," "," "," "," "," "," "," "," "," "," "," "," "," "," "," "]},"3036":{"keys":[184,185],"grid":[" #!/"," %!-"," &!,"," (!*"," *!("," +!'"," -!%"," "," "," "," "," "," "," "," "," "]},"2934":{"keys":[183,185],"grid":[" "," "," "," "," "," "," "," "," .!$"," +!'"," (!*"," $!.","!","!","!","!"]}},"5406":{"3035":{"keys":[185,184],"grid":[" "," "," "," "," "," "," "," "," "," "," "," ","!$ .","!) )","!. $","!"]},"2934":{"keys":[183,185],"grid":[" "," "," "," "," "," "," "," "," "," "," "," "," "," .!$"," +!'"," (!*"]},"2935":{"keys":[183,185],"grid":[" %!-","!","!","!","!","!","!","!","!","!","!","!","!","!","!","!"]}},"5405":{"3035":{"keys":[185,184],"grid":[" "," "," "," "," "," "," "," "," "," "," ","!* (","!","!","!","!"]},"2935":{"keys":[183,185],"grid":[" "," "," .!$"," +!'"," (!*"," %!-"," !!0","!","!","!","!","!","!","!","!","!"]}},"5404":{"3035":{"keys":[185,184],"grid":[" "," "," "," "," "," "," "," "," "," "," ","!","!","!","!","!"]},"2935":{"keys":[183,185],"grid":[" "," "," "," "," "," "," "," .!$"," +!'"," (!*"," %!-"," !!0","!","!","!","!"]}},"5403":{"2936":{"keys":[183,185],"grid":[" !!0","!","!","!","!","!","!","!","!","!","!","!","!","!","!","!"]},"3035":{"keys":[185,184],"grid":[" "," "," "," "," "," "," "," "," "," "," "," '!+","!","!","!","!"]},"2935":{"keys":[183,185],"grid":[" "," "," "," "," "," "," "," "," "," "," "," "," /!#"," +!'"," (!*"," %!-"]}},"5402":{"2936":{"keys":[183,185],"grid":[" "," /!#"," ,!&"," (!*"," %!-"," !!0","!","!","!","!","!","!","!","!","!","!"]},"3035":{"keys":[185,184],"grid":[" "," "," "," "," "," "," "," "," "," "," "," "," .!$"," &!,"," #!/","!"]}},"5401":{"2936":{"keys":[183,185],"grid":[" "," "," "," "," "," "," /!#"," ,!&"," )!)"," &!,"," !!0","!","!","!","!","!"]},"3035":{"keys":[185],"grid":[" "," "," "," "," "," "," "," "," "," "," "," "," "," "," "," "]},"3036":{"keys":[185,184],"grid":[" .!$"," +!'"," )!)"," &!,"," $!."," !!0","!","!","!","!","!","!","!","!","!","!"]}},"5578":{"2992":{"keys":[183,185],"grid":[" "," "," "," "," "," "," "," ","!! 0","08","!# /","!$ .","11","!% -","13","!& ,"]},"2993":{"keys":[185,183],"grid":[" '!+","00"," (!*","02"," )!)"," *!(","05"," +!'","07"," ,!&"," -!%","10"," .!$","12"," /!#"," 0!!"]},"2994":{"keys":[185,183],"grid":[" 0!!"," "," "," "," "," "," "," "," "," "," "," "," "," "," "," "]}},"5577":{"2990":{"keys":[183,185],"grid":[" "," "," "," "," "," "," "," "," "," "," "," "," ","!! 0","13","!# /"]},"2991":{"keys":[185,183],"grid":[" #!/"," $!."," %!-","02"," &!,","04"," '!+"," (!*","07"," )!)","09"," *!("," +!'","12"," ,!&","14"]},"2992":{"keys":[185,183],"grid":[" -!%"," .!$","01"," /!#","03"," 0!!"," "," "," "," "," "," "," "," "," "," "]}},"5576":{"2990":{"keys":[185,183],"grid":[" *!(","00"," +!'"," ,!&","03"," -!%","05"," .!$"," /!#","08"," 0!!","10"," "," "," "," "]},"2989":{"keys":[183,185],"grid":[" "," "," ","!! 0","!# /","04","!$ .","06","!% -","!& ,","09","!' +","11","!( *","!) )","14"]}},"5575":{"2989":{"keys":[185,183],"grid":[" 0!!"," "," "," "," "," "," "," "," "," "," "," "," "," "," "," "]},"2988":{"keys":[185,183],"grid":[" '!+","00"," (!*","02"," )!)"," *!(","05"," +!'","07"," ,!&"," -!%","10"," .!$","12"," /!#"," 0!!"]},"2987":{"keys":[183,185],"grid":[" "," "," "," "," "," "," "," "," "," ","!! 0","!$ .","11","!% -","13","!& ,"]}},"5574":{"2987":{"keys":[183,185],"grid":[" "," "," "," "," ","!$ .","!& ,","!) )","!, &","!/ #","!","!","!","!","!","!"]}},"5573":{"2987":{"keys":[183,185],"grid":[" "," "," )!# '"," '!( $"," &!,"," $!."," !!0","!","!","!","!","!","!","!","!","!"]}},"5572":{"2988":{"keys":[185],"grid":[" "," "," "," "," "," "," "," "," "," "," "," "," "," "," "," "]},"2987":{"keys":[183,185],"grid":[" "," "," "," "," "," "," "," 0!!"," /!#"," -!%"," +!'"," )!)"," '!+"," &!,"," $!."," !!0"]}},"5571":{"2988":{"keys":[183,185],"grid":[" 0!!"," /!#"," -!%"," +!'"," )!)"," '!+"," &!,"," $!."," !!0","!","!","!","!","!","!","!"]}},"5408":{"3036":{"keys":[185,184],"grid":[" "," /!#"," -!%"," +!'"," *!("," (!*"," $!.","!","!","!","!","!","!","!","!","!"]},"2934":{"keys":[183,185],"grid":[" "," "," "," .!$"," +!'"," '!+"," $!.","!","!","!","!","!","!","!","!","!"]}},"5438":{"3025":{"keys":[184,185],"grid":[" 0!!"," "," "," "," "," "," "," "," "," "," "," "," "," "," "," "]},"3024":{"keys":[185,184],"grid":[" "," "," "," "," "," "," "," "," "," ","!# /","!& ,","!* (","!+ '","!, &","!. $"]},"2934":{"keys":[183,185],"grid":[" "," "," "," "," "," ","!! 0","!# /","!$ .","!& ,","!' +","!( *","!* (","!+ '","!, &","!. $"]},"2935":{"keys":[185,183],"grid":[" /!#"," 0!!"," "," "," "," "," "," "," "," "," "," "," "," "," "," "]}},"5439":{"3025":{"keys":[185,184],"grid":[" ","!# /","!% -","!' +","!* (","!","!","!","!","!","!","!","!","!","!","!"]},"2935":{"keys":[183,185],"grid":[" "," ","!! 0","!# /","!$ .","!& ,","!' +","!( *","!* (","!+ '","!, &","!. $","!/ #","!0 !","!","!"]}},"5629":{"3067":{"keys":[183,185],"grid":[" "," "," "," "," 0!!"," -!%"," )!)"," %!-","!","!","!","!","!","!","!","!"]}},"5621":{"3067":{"keys":[183,185],"grid":[" "," "," "," ","!","!","!","!","!","!","!","!","!","!","!","!"]}},"5486":{"2967":{"keys":[183,185],"grid":[" "," "," ","!# /","!% -","!( *","!) )","!* (","07","07","07","07","07","!+ '","13","13"]},"2969":{"keys":[185,183],"grid":[" .!$","00","00","00"," /!#","04","04","04","04","04"," 0!!","10","10","10","10","10"]},"2968":{"keys":[185,183],"grid":[" +!'","00","00"," ,!&","03","03","03","03"," -!%","08","08","08","08","08"," .!$","14"]},"3065":{"keys":[185,184],"grid":[" %!+ #","!","!","!","!","!","!","!","!","!","!","!","!","!","!","!"]},"3064":{"keys":[185],"grid":[" "," "," "," "," "," "," "," "," "," "," "," "," "," "," "," "]},"2970":{"keys":[185],"grid":[" "," "," "," "," "," "," "," "," "," "," "," "," "," "," "," "]}},"5620":{"3067":{"keys":[183,185],"grid":[" "," ","!, &","!/ #","!","!","!","!","!","!","!","!","!","!","!","!"]}},"5432":{"2929":{"keys":[183,185],"grid":[" "," "," "," "," "," "," "," "," "," "," "," "," "," ","!! 0","!# /"]},"3018":{"keys":[185,184],"grid":[" "," "," "," "," "," "," "," "," "," "," "," "," "," ","!! 0","!# /"]},"3019":{"keys":[184,185],"grid":[" $!."," %!-"," &!,"," '!+","03"," (!*"," )!)"," *!("," +!'"," ,!&"," -!%"," .!$"," /!#"," 0!!"," "," "]},"2930":{"keys":[185,183],"grid":[" $!."," &!,"," '!+"," (!*"," *!("," +!'"," ,!&"," .!$"," /!#"," 0!!"," "," "," "," "," "," "]}},"5433":{"3019":{"keys":[185,184],"grid":[" "," "," "," "," "," "," "," "," "," "," "," "," "," "," ","!! 0"]},"2931":{"keys":[185,183],"grid":[" *!("," +!'"," ,!&"," .!$"," /!#"," 0!!"," "," "," "," "," "," "," "," "," "," "]},"2930":{"keys":[183,185],"grid":[" "," "," "," "," "," "," "," "," "," ","!! 0","!# /","!$ .","!& ,","!' +","!( *"]},"3021":{"keys":[184],"grid":[" "," "," "," "," "," "," "," "," "," "," "," "," "," "," "," "]},"3020":{"keys":[184,185],"grid":[" #!/","00"," $!."," %!-"," &!,"," '!+"," (!*"," )!)","07"," *!("," +!'"," ,!&"," -!%"," .!$"," /!#"," 0!!"]}},"5548":{"2991":{"keys":[183,185],"grid":[" "," "," "," ","!( *","!/ #","!","!","!","!","!","!","!","!","!","!"]}},"5549":{"2991":{"keys":[183,185],"grid":[" "," "," "," "," "," ","!, &","!","!","!","!","!","!","!","!","!"]}},"5436":{"2932":{"keys":[183,185],"grid":[" "," "," "," "," "," "," "," "," "," "," "," "," "," ","!! 0","!# /"]},"3024":{"keys":[184,185],"grid":[" -!%"," /!#"," 0!!"," "," "," "," "," "," "," "," "," "," "," "," "," "]},"3023":{"keys":[185,184],"grid":[" "," "," "," "," ","!! 0","!# /","!$ .","!% -","!& ,","!' +","!( *","!) )","!* (","!+ '","!, &"]},"2933":{"keys":[185,183],"grid":[" $!."," &!,"," '!+"," (!*"," *!("," +!'"," ,!&"," .!$"," /!#"," 0!!"," "," "," "," "," "," "]}},"5437":{"2934":{"keys":[185,183],"grid":[" *!("," +!'"," ,!&"," .!$"," /!#"," 0!!"," "," "," "," "," "," "," "," "," "," "]},"3024":{"keys":[185,184],"grid":[" "," "," "," ","!! 0","!$ .","!& ,","!) )","!. $","!","!","!","!","!","!","!"]},"2933":{"keys":[183,185],"grid":[" "," "," "," "," "," "," "," "," "," ","!! 0","!# /","!$ .","!& ,","!' +","!( *"]}},"5434":{"2932":{"keys":[185,183],"grid":[" /!#"," 0!!"," "," "," "," "," "," "," "," "," "," "," "," "," "," "]},"3022":{"keys":[184,185],"grid":[" /!#"," 0!!"," "," "," "," "," "," "," "," "," "," "," "," "," "," "]},"3021":{"keys":[185,184],"grid":[" ","!! 0","01","!# /","!$ .","!% -","!& ,","!' +","!( *","08","!) )","!* (","!+ '","!, &","!- %","!. $"]},"2931":{"keys":[183,185],"grid":[" "," "," "," "," "," ","!! 0","!# /","!$ .","!& ,","!' +","!( *","!* (","!+ '","!, &","!. $"]}},"5435":{"2932":{"keys":[183,185],"grid":[" "," ","!! 0","!# /","!$ .","!& ,","!' +","!( *","!* (","!+ '","!, &","!. $","!/ #","!0 !","!","!"]},"3023":{"keys":[184,185],"grid":[" .!$","00"," /!#"," 0!!"," "," "," "," "," "," "," "," "," "," "," "," "]},"3022":{"keys":[185,184],"grid":[" "," "," ","!! 0","!# /","!$ .","05","!% -","!& ,","!' +","!( *","!) )","!* (","!+ '","!, &","!- %"]}},"5542":{"2990":{"keys":[183,185],"grid":[" "," "," "," "," "," "," ","!% -","!- %","!","!","!","!","!","!","!"]}},"5543":{"2990":{"keys":[183,185],"grid":[" "," "," "," "," "," "," "," "," ","!$ .","!, &","!","!","!","!","!"]}},"5540":{"2990":{"keys":[183,185],"grid":[" "," "," ","!' +","!/ #","!","!","!","!","!","!","!","!","!","!","!"]}},"5541":{"2990":{"keys":[183,185],"grid":[" "," "," "," "," ","!& ,","!. $","!","!","!","!","!","!","!","!","!"]}},"5546":{"2990":{"keys":[183,185],"grid":[" "," "," "," "," "," "," "," "," "," "," "," "," "," "," ","!! 0"]},"2991":{"keys":[185,183],"grid":[" )!)"," "," "," "," "," "," "," "," "," "," "," "," "," "," "," "]}},"5547":{"2991":{"keys":[183,185],"grid":[" "," ","!) )","!0 !","!","!","!","!","!","!","!","!","!","!","!","!"]}},"5544":{"2990":{"keys":[183,185],"grid":[" "," "," "," "," "," "," "," "," "," "," ","!$ .","!+ '","!","!","!"]}},"5545":{"2990":{"keys":[183,185],"grid":[" "," "," "," "," "," "," "," "," "," "," "," "," ","!# /","!* (","!"]}},"5480":{"3064":{"keys":[185,184],"grid":[" "," "," "," "," "," ","!, &","!","!","!","!","!","!","!","!","!"]},"2963":{"keys":[185,183],"grid":[" -!%"," .!$"," /!#"," 0!!"," "," "," "," "," "," "," "," "," "," "," "," "]},"2962":{"keys":[183,185],"grid":[" "," "," "," "," "," "," ","!! 0","!$ .","!% -","!& ,","!' +","!( *","!) )","!+ '","!, &"]}},"5555":{"2991":{"keys":[183,185],"grid":[" "," "," "," "," "," "," "," "," "," "," "," ","!","!","!","!"]}},"5554":{"2991":{"keys":[183,185],"grid":[" "," "," "," "," "," "," "," "," "," "," ","!0 !","!","!","!","!"]}},"5557":{"2991":{"keys":[183,185],"grid":[" "," "," "," "," "," "," "," "," "," "," "," "," ","!! 0","!","!"]}},"5556":{"2991":{"keys":[183,185],"grid":[" "," "," "," "," "," "," "," "," "," "," "," "," ","!","!","!"]}},"5551":{"2991":{"keys":[183,185],"grid":[" "," "," "," "," "," "," "," ","!. $","!","!","!","!","!","!","!"]}},"5550":{"2991":{"keys":[183,185],"grid":[" "," "," "," "," "," "," ","!- %","!","!","!","!","!","!","!","!"]}},"5553":{"2991":{"keys":[183,185],"grid":[" "," "," "," "," "," "," "," "," "," ","!/ #","!","!","!","!","!"]}},"5552":{"2991":{"keys":[183,185],"grid":[" "," "," "," "," "," "," "," "," ","!/ #","!","!","!","!","!","!"]}},"5559":{"2991":{"keys":[183,185],"grid":[" "," "," "," "," "," "," "," "," "," "," "," "," "," "," ","!# /"]},"2992":{"keys":[185],"grid":[" "," "," "," "," "," "," "," "," "," "," "," "," "," "," "," "]}},"5558":{"2991":{"keys":[183,185],"grid":[" "," "," "," "," "," "," "," "," "," "," "," "," "," ","!# /","!"]}},"5625":{"3067":{"keys":[183,185],"grid":[" "," "," "," "," ","!","!","!","!","!","!","!","!","!","!","!"]}},"5429":{"2928":{"keys":[185,183],"grid":[" )!)"," +!'"," ,!&"," -!%"," /!#"," 0!!"," "," "," "," "," "," "," "," "," "," "]},"3018":{"keys":[185,184],"grid":[" "," "," "," "," "," "," "," "," "," &!( %"," %!+ #"," $!."," #!/","12","12","12"]},"3019":{"keys":[185,184],"grid":[" $!."," &!,"," '!+"," (!*"," )!)","04"," *!(","06","06","06","06","04","04","04","04","04"]},"3017":{"keys":[185,184],"grid":[" "," "," "," 0!!","03","03","03"," /!#","07","03","03","03","03"," "," "," "]},"2927":{"keys":[183,185],"grid":[" "," "," "," "," "," "," "," "," "," "," "," "," ","!% -","!' +","!( *"]},"3020":{"keys":[185,184],"grid":[" (!*","00","00","00","00"," '!+","05","05","05"," &!,"," %!-","10"," $!."," !!0","!","!"]}},"5428":{"2928":{"keys":[183,185],"grid":[" '!+"," $!.","!","!","!","!","!","!","!","!","!","!","!","!","!","!"]},"2927":{"keys":[183,185],"grid":[" "," "," "," "," "," "," "," "," "," "," "," "," "," "," .!$"," *!("]},"3020":{"keys":[185,184],"grid":[" "," "," "," "," "," "," "," "," "," "," "," ","!* (","!- %","!","!"]}},"5425":{"2929":{"keys":[183,185],"grid":[" %!-"," !!0","!","!","!","!","!","!","!","!","!","!","!","!","!","!"]},"2928":{"keys":[183,185],"grid":[" "," "," "," "," "," "," "," "," "," "," "," "," "," .!$"," +!'"," (!*"]},"3029":{"keys":[185,184],"grid":[" #!/","00","00","00","00","00","00","00","00","00","00"," $!."," %!% #!'"," -!%"," .!$"," 0!!"]},"3028":{"keys":[184,185],"grid":[" "," "," "," "," "," "," "," "," ","!! 0","09","09","09","09","!# /","14"]},"3030":{"keys":[185,184],"grid":[" "," "," "," "," "," "," "," "," "," "," ","!! 0","11"," "," "," "]},"3031":{"keys":[185,184],"grid":[" "," "," "," "," "," "," "," "," "," "," "," "," "," "," /!#","!! *!'"]},"3032":{"keys":[184,185],"grid":[" !!% ,"," "," "," "," "," "," "," "," "," "," "," "," "," "," "," "]},"3020":{"keys":[185,184],"grid":[" "," "," "," "," "," "," ","!# /","!% -","!) )","!. $","!","!","!","!","!"]}},"5424":{"2929":{"keys":[183,185],"grid":[" "," "," .!$"," +!'"," (!*"," %!-"," !!0","!","!","!","!","!","!","!","!","!"]},"3029":{"keys":[184,185],"grid":[" ,!&","00","00"," -!%","03","03"," .!$","06","06"," /!#","09","09","09","09"," 0!!","14"]},"3028":{"keys":[184,185],"grid":[" #!) '"," $!) &"," %!( &"," &!( %"," &!) $"," '!) #","05"," (!) !"," (!*"," )!)","09"," *!(","11"," +!'","13","13"]},"3027":{"keys":[185,184],"grid":[" !!0","00","00"," #!/","03"," $!."," %!-","06"," &!,"," '!+","09"," (!*","11"," )!)"," *!(","!! )!("]},"3026":{"keys":[184],"grid":[" "," "," "," "," "," "," "," "," "," "," "," "," "," "," "," "]},"3030":{"keys":[184,185],"grid":[" 0!!","00"," "," "," "," "," "," "," "," "," "," "," "," "," "," "]},"3031":{"keys":[184],"grid":[" "," "," "," "," "," "," "," "," "," "," "," "," "," "," "," "]},"3020":{"keys":[185,184],"grid":[" ","!! 0","!& ,","!) )","!- %","!/ #","!","!","!","!","!","!","!","!","!","!"]}},"5427":{"2928":{"keys":[183,185],"grid":[" "," "," "," .!$"," +!'"," '!+"," $!.","!","!","!","!","!","!","!","!","!"]},"3030":{"keys":[184,185],"grid":[" "," "," "," "," "," "," "," "," "," "," ","!! 0","!$ .","!% -","!& ,","!( *"]},"3031":{"keys":[185,184],"grid":[" )!)"," *!("," +!'","02","02","02","02"," ,!&","02","02","02","01","01","01","00"," (!*"]},"3032":{"keys":[185,184],"grid":[" '!+"," &!,","!","!","!","!","!","!","!","!","!","!","!","!","!","!"]},"3020":{"keys":[185,184],"grid":[" "," "," "," "," "," "," "," "," "," "," "," "," 0!!"," +!'"," '!+","!"]}},"5400":{"2936":{"keys":[183,185],"grid":[" "," "," "," "," "," "," "," "," "," "," "," /!#"," ,!&"," )!)"," &!,"," #!/"]},"2937":{"keys":[185],"grid":[" "," "," "," "," "," "," "," "," "," "," "," "," "," "," "," "]},"3036":{"keys":[185,184],"grid":[" "," "," "," "," "," "," 0!!"," .!$"," ,!&"," *!("," (!*"," &!,"," $!."," #!/","!","!"]}},"5421":{"3026":{"keys":[185,184],"grid":[" "," "," "," "," "," "," "," "," "," "," ","!% -","!) )","!- %","!","!"]},"3019":{"keys":[185,184],"grid":[" "," "," "," "," "," "," "," "," "," "," "," "," "," "," /!#"," -!%"]},"3023":{"keys":[184,185],"grid":[" "," "," "," "," "," ","!! 0","!% -","!' +","!) )","!+ '","!. $","!","!","!","!"]},"2930":{"keys":[183,185],"grid":[" "," /!#"," ,!&"," )!)"," %!-"," !!0","!","!","!","!","!","!","!","!","!","!"]},"3020":{"keys":[185,184],"grid":[" *!("," (!*"," &!,"," $!."," #!/","!","!","!","!","!","!","!","!","!","!","!"]}},"5420":{"3026":{"keys":[185,184],"grid":[" "," "," "," "," "," "," "," "," "," "," '!* !"," %!-"," #!/","!","!","!"]},"3023":{"keys":[185,184],"grid":[" (!*"," *!("," ,!&"," -!%"," /!#"," "," "," "," "," "," "," "," "," "," "," "]},"3022":{"keys":[184,185],"grid":[" "," "," "," "," "," "," "," "," "," "," "," ","!# /","!$ .","!% -","!' +"]},"2930":{"keys":[183,185],"grid":[" "," "," "," "," "," "," /!#"," ,!&"," )!)"," &!,"," !!0","!","!","!","!","!"]},"3020":{"keys":[185,184],"grid":[" "," "," "," "," "," "," /!#"," .!$"," -!%"," +!'"," *!("," )!)"," '!+"," &!,"," %!-"," $!."]},"3021":{"keys":[185,184],"grid":[" #!/"," !!0","!","!","!","!","!","!","!","!","!","!","!","!","!","!"]}},"5423":{"2929":{"keys":[183,185],"grid":[" "," "," "," "," "," "," "," /!#"," +!'"," (!*"," %!-"," !!0","!","!","!","!"]},"3019":{"keys":[185,184],"grid":[" "," "," "," "," "," "," "," "," "," "," "," "," "," ","!# /","!( *"]},"3027":{"keys":[185,184],"grid":[" "," "," ","!# /","!% -","!' +","!( *","!* (","!+ '","!- %","!. $","!/ #","!0 !","12","!","!"]},"3026":{"keys":[185,184],"grid":[" +!'","00"," ,!&","02"," -!%","04"," .!$","06","06"," /!#","09"," 0!!","11","11"," "," "]},"3025":{"keys":[185,184],"grid":[" $!."," %!-","01","01"," &!,","04","04"," '!+","07","07"," (!*","10"," )!)","12"," *!(","14"]},"3024":{"keys":[184,185],"grid":[" "," "," "," "," "," "," "," "," "," "," ","!! 0","11","!# /","13","!$ ."]},"3020":{"keys":[184,185],"grid":[" -!%"," "," "," "," "," "," "," "," "," "," "," "," "," "," "," "]}},"5422":{"2929":{"keys":[183,185],"grid":[" "," "," "," "," "," "," "," "," "," "," "," "," /!#"," ,!&"," (!*"," %!-"]},"3019":{"keys":[185,184],"grid":[" "," "," "," "," "," "," "," "," "," "," "," "," "," !!. #","!","!"]},"3027":{"keys":[184,185],"grid":[" (!*"," +!'"," /!#"," "," "," "," "," "," "," "," "," "," "," "," "," "]},"3026":{"keys":[185,184],"grid":[" "," "," "," "," "," "," "," "," "," "," "," "," "," "," ","!$ ."]},"3024":{"keys":[185,184],"grid":[" ,!&"," -!%"," .!$","02"," /!#","04"," 0!!","06"," "," "," "," "," "," "," "," "]},"3023":{"keys":[184,185],"grid":[" "," "," "," "," "," "," "," "," "," "," "," ","!! 0","!) )","!+ '","14"]},"2930":{"keys":[183,185],"grid":[" !!0","!","!","!","!","!","!","!","!","!","!","!","!","!","!","!"]}},"5601":{"3043":{"keys":[183,185],"grid":[" "," "," "," "," "," ","!! 0","!) )","!/ #","!","!","!","!","!","!","!"]}},"5600":{"3018":{"keys":[185,183],"grid":[" !!0","00","00","00","00","00","00","00","00","00","00","00","00","00","00","00"]},"3019":{"keys":[185,183],"grid":[" !!0","00","00","00","00","00","00","00","00","00","00","00","00","00","00","00"]},"3012":{"keys":[183,185],"grid":[" "," !!! /","!# /","02","02","02","02","02","02","02","02","02","02","02","02","02"]},"3013":{"keys":[185,183],"grid":[" #!/","00","00","00","00","00","00","00","00","00","00","00","00","00","00","00"]},"3025":{"keys":[183],"grid":[" "," "," "," "," "," "," "," "," "," "," "," "," "," "," "," "]},"3024":{"keys":[183],"grid":[" "," "," "," "," "," "," "," "," "," "," "," "," "," "," "," "]},"3016":{"keys":[185,183],"grid":[" !!0","00","00","00","00","00","00","00","00","00","00","00","00","00","00","00"]},"3017":{"keys":[185,183],"grid":[" !!0","00","00","00","00","00","00","00","00","00","00","00","00","00","00","00"]},"3014":{"keys":[185,183],"grid":[" #!/","00","00","00","00","00","00","00","00","00","00","00","00","00","00","00"]},"3015":{"keys":[185,183],"grid":[" #!/","00"," !!0","02","02","02","02","02","02","02","02","02","02","02","02","02"]},"3022":{"keys":[185,183],"grid":[" !!0","00","00","00","00","00","00","00","00","00","00","00","00","00","00","00"]},"3023":{"keys":[185,183],"grid":[" !!0","00","00","00","00","!","!","!","!","!","!","!","!","!","!","!"]},"3021":{"keys":[185,183],"grid":[" !!0","00","00","00","00","00","00","00","00","00","00","00","00","00","00","00"]},"3043":{"keys":[183,185],"grid":[" "," "," "," ","!$ .","!+ '","!","!","!","!","!","!","!","!","!","!"]},"3020":{"keys":[185,183],"grid":[" !!0","00","00","00","00","00","00","00","00","00","00","00","00","00","00","00"]}},"5511":{"2994":{"keys":[183,185],"grid":[" 0!!","!","!","!","!","!","!","!","!","!","!","!","!","!","!","!"]}},"5447":{"3031":{"keys":[185,184],"grid":[" "," "," "," "," ","!! 0","!# /","!$ .","!& ,","!( *","!) )","!* (","11","!+ '","!, &","14"]},"3032":{"keys":[184,185],"grid":[" ,!&"," -!%","01"," .!$","03"," /!#"," "," "," "," "," "," "," "," "," "," "]},"2940":{"keys":[183,185],"grid":[" "," "," "," ","!! 0","!$ .","!& ,","!' +","!) )","!+ '","!, &","!. $","!0 !","!","!","!"]}},"5426":{"2928":{"keys":[183,185],"grid":[" "," "," "," "," "," "," "," "," .!$"," +!'"," (!*"," $!.","!","!","!","!"]},"3030":{"keys":[184,185],"grid":[" ","!# /","!$ .","!& ,","!' +","!) )","!* (","!+ '","!- %","!. $","!0 !","!","!","!","!","!"]},"3031":{"keys":[185,184],"grid":[" "," "," "," "," "," "," "," "," "," "," "," "," "," ","!$ .","!( *"]},"3032":{"keys":[184,185],"grid":[" ,!&"," /!#"," "," "," "," "," "," "," "," "," "," "," "," "," "," "]},"3020":{"keys":[185,184],"grid":[" "," "," "," "," "," "," "," "," "," "," "," ","!# /","!$ .","!& ,","!) )"]}},"5446":{"2939":{"keys":[183,185],"grid":[" "," "," "," "," "," "," "," "," "," ","!! 0","!$ .","!% -","!' +","!( *","!* ("]},"3030":{"keys":[185,184],"grid":[" "," "," "," ","!! 0","!# /","!$ .","!% -","!& ,","!' +","!( *","!) )","!* (","!+ '","!, &","!- %"]},"3031":{"keys":[184,185],"grid":[" .!$"," /!#"," 0!!"," "," "," "," "," "," "," "," "," "," "," "," "," "]},"2940":{"keys":[185,183],"grid":[" ,!&"," -!%"," /!#"," "," "," "," "," "," "," "," "," "," "," "," "," "]}},"5520":{"2992":{"keys":[183,185],"grid":[" "," "," "," "," "," "," "," "," "," "," "," "," "," "," .!$"," *!("]},"2993":{"keys":[183,185],"grid":[" %!-","!","!","!","!","!","!","!","!","!","!","!","!","!","!","!"]}},"5521":{"2992":{"keys":[183,185],"grid":[" "," "," "," "," "," "," "," "," "," "," "," -!%"," (!*"," #!/","!","!"]}},"5522":{"2992":{"keys":[183,185],"grid":[" "," "," "," "," "," "," "," 0!!"," +!'"," &!,","!","!","!","!","!","!"]}},"5523":{"2992":{"keys":[183,185],"grid":[" "," "," "," "," /!#"," *!("," %!-","!","!","!","!","!","!","!","!","!"]}},"5524":{"2992":{"keys":[183,185],"grid":[" "," -!%"," )!)"," $!.","!","!","!","!","!","!","!","!","!","!","!","!"]}},"5409":{"3035":{"keys":[185,184],"grid":[" "," "," "," "," "," "," "," "," "," "," 0!!"," -!%"," *!("," (!*"," %!-"," #!/"]},"2934":{"keys":[183,185],"grid":[" '!+"," $!.","!","!","!","!","!","!","!","!","!","!","!","!","!","!"]},"3036":{"keys":[184],"grid":[" "," "," "," "," "," "," "," "," "," "," "," "," "," "," "," "]},"2933":{"keys":[183,185],"grid":[" "," "," "," "," "," "," "," "," "," "," "," "," "," "," .!$"," +!'"]}},"5526":{"2991":{"keys":[183,185],"grid":[" "," "," "," "," "," "," "," "," "," "," 0!!"," +!'"," &!,","!","!","!"]}},"5527":{"2991":{"keys":[183,185],"grid":[" "," "," "," "," "," "," "," .!$"," )!)"," $!.","!","!","!","!","!","!"]}},"5528":{"2991":{"keys":[183,185],"grid":[" "," "," "," "," ,!&"," (!*"," #!/","!","!","!","!","!","!","!","!","!"]}},"5529":{"2991":{"keys":[183,185],"grid":[" 0!!"," +!'"," &!,","!","!","!","!","!","!","!","!","!","!","!","!","!"]}},"5570":{"2989":{"keys":[183,185],"grid":[" $!."," !!0","!","!","!","!","!","!","!","!","!","!","!","!","!","!"]},"2988":{"keys":[183,185],"grid":[" "," "," "," "," "," "," "," "," "," 0!!"," .!$"," -!%"," +!'"," )!)"," '!+"," &!,"]}},"5628":{"3067":{"keys":[183,185],"grid":[" "," "," "," "," "," ","!# /","!( *","!- %","!","!","!","!","!","!","!"]}},"5458":{"2945":{"keys":[183,185],"grid":[" "," "," "," "," "," "," ","!! 0","!% -","!' +","!) )","!, &","!. $","!0 !","!","!"]},"3032":{"keys":[185,184],"grid":[" ","!# /","!& ,","!) )","!- %","!0 !","!","!","!","!","!","!","!","!","!","!"]}},"5459":{"2946":{"keys":[185,183],"grid":[" '!+"," *!("," ,!&"," .!$"," "," "," "," "," "," "," "," "," "," "," "," "]},"2945":{"keys":[183,185],"grid":[" "," "," "," "," "," "," "," "," "," "," "," "," "," ","!# /","!% -"]},"3032":{"keys":[185,184],"grid":[" "," "," "," "," "," "," ","!! 0","!# /","!$ .","!% -","10","!& ,","12","!' +","14"]},"3033":{"keys":[184,185],"grid":[" (!*","00"," )!)","02"," *!(","04"," +!'"," ,!&"," -!%","08"," .!$"," /!#"," 0!!","12"," "," "]}},"5510":{"2994":{"keys":[183,185],"grid":[" "," ","!","!","!","!","!","!","!","!","!","!","!","!","!","!"]}},"5450":{"2942":{"keys":[183,185],"grid":[" ","!# /","!& ,","!( *","!* (","!- %","!/ #","!","!","!","!","!","!","!","!","!"]},"3032":{"keys":[185,184],"grid":[" "," "," "," "," "," "," "," +!'","!","!","!","!","!","!","!","!"]}},"5490":{"3067":{"keys":[184],"grid":[" "," "," "," "," "," "," "," "," "," "," "," "," "," "," "," "]},"3066":{"keys":[185,184],"grid":[" "," "," "," "," "," "," "," "," "," "," "," "," "," "," ","!! 0"]},"2974":{"keys":[183,185],"grid":[" "," "," "," "," "," "," "," "," "," "," ","!! 0","11","!# /","!$ .","!% -"]},"2975":{"keys":[185,183],"grid":[" &!,"," '!+"," (!*"," )!)"," *!("," +!'"," ,!&"," -!%","07"," .!$"," /!#"," 0!!"," "," "," "," "]}},"5452":{"2943":{"keys":[185,183],"grid":[" '!+"," )!)"," +!'"," .!$"," 0!!"," "," "," "," "," "," "," "," "," "," "," "]},"2942":{"keys":[183,185],"grid":[" "," "," "," "," "," "," "," "," "," "," "," "," "," ","!! 0","!$ ."]},"3032":{"keys":[185,184],"grid":[" "," "," "," "," "," "," '!+","!","!","!","!","!","!","!","!","!"]}},"5453":{"2943":{"keys":[183,185],"grid":[" "," "," "," "," ","!! 0","!% -","!' +","!) )","!, &","!. $","!0 !","!","!","!","!"]},"3032":{"keys":[185,184],"grid":[" "," "," "," 0!!"," -!%"," )!)","!","!","!","!","!","!","!","!","!","!"]}},"5454":{"2944":{"keys":[185,183],"grid":[" ,!&"," .!$"," "," "," "," "," "," "," "," "," "," "," "," "," "," "]},"2943":{"keys":[183,185],"grid":[" "," "," "," "," "," "," "," "," "," "," "," ","!# /","!% -","!' +","!* ("]},"3032":{"keys":[185,184],"grid":[" "," "," ","!# /","!","!","!","!","!","!","!","!","!","!","!","!"]}},"5455":{"2944":{"keys":[183,185],"grid":[" "," "," ","!# /","!& ,","!( *","!* (","!- %","!/ #","!","!","!","!","!","!","!"]},"3032":{"keys":[185,184],"grid":[" "," "," "," ","!! 0","!( *","!* (","!, &","!/ #","!","!","!","!","!","!","!"]}},"5456":{"2945":{"keys":[185],"grid":[" "," "," "," "," "," "," "," "," "," "," "," "," "," "," "," "]},"2944":{"keys":[183,185],"grid":[" "," "," "," "," "," "," "," "," "," ","!$ .","!& ,","!( *","!+ '","!- %","!/ #"]},"3032":{"keys":[185,184],"grid":[" "," "," "," "," "," "," "," "," ","!! 0","!% -","!( )!!","!","!","!","!"]}},"5608":{"3044":{"keys":[183,185],"grid":[" "," "," "," "," "," "," ","!% -","!, &","!","!","!","!","!","!","!"]}},"5531":{"2990":{"keys":[183,185],"grid":[" "," "," "," "," "," "," "," "," "," "," ,!&"," (!*"," #!/","!","!","!"]}},"5508":{"2994":{"keys":[183,185],"grid":[" "," "," "," "," !!0","!","!","!","!","!","!","!","!","!","!","!"]}},"5579":{"2994":{"keys":[183,185],"grid":[" "," "," ","!! 0","!# /","04","!$ .","06","!% -","!& ,","09","!( *","!) )","!* (","!, &","!- %"]},"2995":{"keys":[185,183],"grid":[" .!$"," 0!!"," "," "," "," "," "," "," "," "," "," "," "," "," "," "]}},"5619":{"3067":{"keys":[183,185],"grid":[" "," ","!","!","!","!","!","!","!","!","!","!","!","!","!","!"]}},"5533":{"2990":{"keys":[183,185],"grid":[" "," "," "," .!$"," )!)"," $!.","!","!","!","!","!","!","!","!","!","!"]}},"5532":{"2990":{"keys":[183,185],"grid":[" "," "," "," "," "," "," 0!!"," +!'"," &!,","!","!","!","!","!","!","!"]}},"5457":{"2945":{"keys":[185,183],"grid":[" !!0"," $!."," &!,"," )!)"," +!'"," -!%"," 0!!"," "," "," "," "," "," "," "," "," "]},"3031":{"keys":[185,184],"grid":[" "," "," "," "," "," "," "," "," "," "," '!# )"," '!$ ("," &!& '"," &!' &"," %!* $"," %!+ #"]},"3032":{"keys":[185,184],"grid":[" %!, !"," $!.","01","01"," #!/","04","04"," !!0","07","07","!","!","!","!","!","!"]}},"5530":{"2990":{"keys":[183,185],"grid":[" "," "," "," "," "," "," "," "," "," "," "," "," "," .!$"," )!)"," $!."]},"2991":{"keys":[185],"grid":[" "," "," "," "," "," "," "," "," "," "," "," "," "," "," "," "]}},"5537":{"2989":{"keys":[183,185],"grid":[" "," "," "," "," "," "," "," "," "," "," "," ","!! 0","!* (","!","!"]}},"5536":{"2989":{"keys":[183,185],"grid":[" "," "," "," "," "," "," "," "," "," "," "," $!' (","!","!","!","!"]}},"5535":{"2989":{"keys":[183,185],"grid":[" "," "," "," "," "," "," "," "," "," "," "," "," 0!!"," +!'"," &!,","!"]}},"5534":{"2990":{"keys":[183,185],"grid":[" ,!&"," (!*"," #!/","!","!","!","!","!","!","!","!","!","!","!","!","!"]},"2989":{"keys":[183],"grid":[" "," "," "," "," "," "," "," "," "," "," "," "," "," "," "," "]}},"5509":{"2994":{"keys":[183,185],"grid":[" "," "," "," !!0","!","!","!","!","!","!","!","!","!","!","!","!"]}},"5568":{"2990":{"keys":[183,185],"grid":[" '!+"," &!,"," $!."," !!0","!","!","!","!","!","!","!","!","!","!","!","!"]},"2989":{"keys":[183,185],"grid":[" "," "," "," "," "," "," "," "," "," "," "," 0!!"," .!$"," -!%"," +!'"," )!)"]}},"5539":{"2990":{"keys":[183,185],"grid":[" ","!( *","!/ #","!","!","!","!","!","!","!","!","!","!","!","!","!"]}},"5538":{"2990":{"keys":[185,183],"grid":[" 0!!"," "," "," "," "," "," "," "," "," "," "," "," "," "," "," "]},"2989":{"keys":[183,185],"grid":[" "," "," "," "," "," "," "," "," "," "," "," "," "," "," ","!) )"]}},"5569":{"2989":{"keys":[183,185],"grid":[" "," "," 0!!"," .!$"," -!%"," +!'"," )!)"," '!+"," &!,"," $!."," !!0","!","!","!","!","!"]}},"5519":{"2993":{"keys":[183,185],"grid":[" "," 0!!"," ,!&"," '!+"," !!0","!","!","!","!","!","!","!","!","!","!","!"]}},"5449":{"3032":{"keys":[185,184],"grid":[" "," "," "," "," "," "," "," ","!","!","!","!","!","!","!","!"]},"2941":{"keys":[183,185],"grid":[" "," "," "," "," "," "," ","!! 0","!# /","!% -","!' +","!( *","!* (","!, &","!- %","!/ #"]},"2942":{"keys":[185],"grid":[" "," "," "," "," "," "," "," "," "," "," "," "," "," "," "," "]}},"5448":{"3032":{"keys":[185,184],"grid":[" "," "," "," "," "," "," ","!! 0","!% +!#","!","!","!","!","!","!","!"]},"2941":{"keys":[185,183],"grid":[" &!,"," (!*"," )!)"," +!'"," -!%"," .!$"," 0!!"," "," "," "," "," "," "," "," "," "]},"2940":{"keys":[183,185],"grid":[" "," "," "," "," "," "," "," "," "," "," "," "," "," ","!# /","!% -"]}},"5518":{"2993":{"keys":[183,185],"grid":[" "," "," "," "," "," .!$"," )!)"," $!.","!","!","!","!","!","!","!","!"]}},"5443":{"2937":{"keys":[183,185],"grid":[" "," "," "," "," "," "," "," "," "," "," "," "," ","!! 0","!$ .","!% -"]},"3025":{"keys":[185,184],"grid":[" "," ","!! 0","!# /","!$ .","!% -","05","!& ,","!' +","08","!( *","!) )","11","!* (","!+ '","!, &"]},"2938":{"keys":[185,183],"grid":[" '!+"," )!)"," *!("," ,!&"," .!$"," /!#"," "," "," "," "," "," "," "," "," "," "]},"3026":{"keys":[184,185],"grid":[" ,!&"," -!%"," .!$"," /!#"," 0!!"," "," "," "," "," "," "," "," "," "," "," "]}},"5442":{"2937":{"keys":[183,185],"grid":[" "," "," ","!! 0","!# /","!% -","!' +","!( *","!* (","!+ '","!- %","!/ #","!0 !","!","!","!"]},"3025":{"keys":[184,185],"grid":[" /!#"," "," "," "," "," "," "," "," "," "," "," "," "," "," "," "]},"3024":{"keys":[185,184],"grid":[" "," "," "," "," "," "," "," "," "," "," "," "," !!' *","!* (","!, &","!. $"]}},"5441":{"2936":{"keys":[183,185],"grid":[" "," "," "," "," "," "," "," "," "," ","!# /","!$ .","!& ,","!( *","!) )","!+ '"]},"2937":{"keys":[185,183],"grid":[" -!%"," .!$"," 0!!"," "," "," "," "," "," "," "," "," "," "," "," "," "]},"3025":{"keys":[185,184],"grid":[" )!)"," (!*"," '!+"," &!,"," $!."," !!0","!","!","!","!","!","!","!","!","!","!"]},"3024":{"keys":[185,184],"grid":[" "," "," "," "," "," "," "," "," "," "," "," "," "," /!#"," ,!&"," +!'"]}},"5440":{"2936":{"keys":[185,183],"grid":[" %!-"," &!,"," '!+"," )!)"," *!("," +!'"," -!%"," .!$"," /!#"," "," "," "," "," "," "," "]},"3025":{"keys":[185,184],"grid":[" "," "," "," "," ","!% -","!","!","!","!","!","!","!","!","!","!"]},"2935":{"keys":[183,185],"grid":[" "," "," "," "," "," "," "," "," "," "," "," "," "," ","!! 0","!# /"]}},"5630":{"3067":{"keys":[183,185],"grid":[" 0!!"," ,!&"," (!*"," $!.","!","!","!","!","!","!","!","!","!","!","!","!"]}},"5631":{"3067":{"keys":[185],"grid":[" "," "," "," "," "," "," "," "," "," "," "," "," "," "," "," "]},"3066":{"keys":[183,185],"grid":[" "," "," "," "," "," "," "," "," "," "," "," "," /!#"," +!'"," '!+"," $!."]}},"5445":{"3030":{"keys":[184,185],"grid":[" .!$"," /!#"," 0!!"," "," "," "," "," "," "," "," "," "," "," "," "," "]},"3029":{"keys":[185,184],"grid":[" "," "," "," ","!! 0","!# /","!% -","!& ,","!' +","!( *","09","!) )","!* (","!+ '","!, &","!- %"]},"2939":{"keys":[183,185],"grid":[" ","!# /","!% -","!& ,","!( *","!* (","!+ '","!- %","!/ #","!0 !","!","!","!","!","!","!"]}},"5444":{"3029":{"keys":[184,185],"grid":[" .!$"," /!#"," 0!!"," "," "," "," "," "," "," "," "," "," "," "," "," "]},"2938":{"keys":[183,185],"grid":[" "," "," "," "," "," "," ","!# /","!$ .","!& ,","!' +","!) )","!+ '","!, &","!. $","!0 !"]},"3028":{"keys":[184,185],"grid":[" 0!!","00","00","00"," /!#","04"," .!$","06","06"," -!%","09","09","09","09","09","09"]},"3027":{"keys":[184,185],"grid":[" *!(","00"," +!'"," ,!&"," -!%","04"," .!$"," /!#","07","07"," 0!!","10","10","10","10","10"]},"3026":{"keys":[185,184],"grid":[" "," "," "," "," "," "," ","!! 0","!# /","!$ .","!% -","!& ,","11","!' +","!( *","!) )"]},"2939":{"keys":[185],"grid":[" "," "," "," "," "," "," "," "," "," "," "," "," "," "," "," "]}},"5624":{"3067":{"keys":[183,185],"grid":[" "," "," "," "," ","!","!","!","!","!","!","!","!","!","!","!"]}},"5451":{"2942":{"keys":[183,185],"grid":[" "," "," "," "," "," "," "," ","!$ .","!& ,","!( *","!+ '","!- %","!0 !","!","!"]},"3032":{"keys":[185,184],"grid":[" "," "," "," "," "," "," ","!( &!%","!","!","!","!","!","!","!","!"]}}}}