{"9":{"342":{"208":{"keys":[171,1,192],"grid":[" (!##("," (!!#)","01","00"," )!!#(","04","00","01","00","04","04","04"," )!'##"," .!$"," "," "]},"210":{"keys":[171,1],"grid":[" "," "," "," "," "," "," "," "," "," "," "," "," "," "," "," 0!!"]},"211":{"keys":[171,1,192,194],"grid":[" /!#"," .!##!"," -!###"," ,!##$"," ,!!#%"," +!##%"," *!##&","06"," *!&##"," +!#$!!$"," ,!#$$"," -!!$$"," -!#$#"," .!#$!","00"," 0!!"]}},"336":{"216":{"keys":[171,1,187],"grid":[" "," "," "," "," "," "," "," "," "," "," "," "," "," #!' )","!$#%!# (","!!#(!# '"]},"217":{"keys":[187,1,171,""],"grid":[" *!##&"," +!!#&","01"," ,#&","03"," ,$!#%"," +$##%","06"," -#%","08","08","08"," -$%","12","12","12"]},"218":{"keys":[187,"",1,186],"grid":[" (!*","00"," '!+"," %##!+","#&$!!+","$'!+","$(!*","06","$)!)","08","08","08","08","08","08","08"]},"219":{"keys":[186,"",1,187],"grid":[" )!)","00","00","00"," ##%!+"," !##$%!*","05","##$'!)","#!$,!%","$-!%","09","09","09","09","09","09"]}},"344":{"216":{"keys":[171,1,194],"grid":[" "," "," "," "," "," "," "," "," "," "," "," "," -!%"," +!$#$"," *!##&","14"]},"217":{"keys":[171,1,194],"grid":[" *!!#'","00"," #!$ $!##'","!$#!!&#(","!##/","!!#0","#","#","#","#","#","#","#","05","05","#"]},"214":{"keys":[171,1],"grid":[" 0!!"," "," "," "," "," "," "," "," "," "," "," "," "," "," "," "]},"212":{"keys":[194,1,192],"grid":[" $!%#*"," '!%#'"," *!%#$"," -!%"," "," "," "," "," "," "," "," "," "," "," "," "]},"213":{"keys":[194,1,171],"grid":[" "," "," "," "," "," "," "," ","!! 0","!% -","#$!% *","#'!% '","#*!% $","#-!# #","#.!# !","#/!#"]},"211":{"keys":[192,1],"grid":[" "," "," "," "," "," "," "," "," "," "," "," "," "," ","!! 0","!% -"]}},"345":{"216":{"keys":[171,1,194],"grid":[" 0!!","00","00","00","00"," /!#"," .!##!"," /!!#!","07","06"," $!,##"," !!$#-","!##/","#","#","#"]},"214":{"keys":[1,194,171],"grid":[" &!,","#% #!+","01","#% !!,","03","03","03","03","03","03","01","#& !!+","11","11","11","11"]},"215":{"keys":[171,1,194],"grid":[" &!!#+"," &!##*"," '!!#*","02","02","01","00"," %!##+","07","00"," %!##(!##!"," %!-"," )!! ("," "," 0!!","14"]},"212":{"keys":[192,1,194],"grid":[" "," +!'"," !!+#&","!##/","#","#","#","#","#","#","#","#","#","#","#","#"]}},"346":{"215":{"keys":[194,1],"grid":[" "," "," "," "," "," "," "," "," "," "," ","!! 0","11","!# /","13"," "]},"212":{"keys":[192,1,194],"grid":[" &!$ )","!'#!!( #","#.!$","#","#","#","#","#","#","#","#","#","#","#","#","#"]}},"347":{"212":{"keys":[192,1,194],"grid":[" &!$#)"," %!##+","!# !!##,","#!!$#-","#","#","#","#","#","#","#","#","#","#","#","#"]},"211":{"keys":[192,1,194],"grid":[" "," "," "," "," "," "," "," "," "," "," "," "," "," "," ,!&"," (!&#%"]}},"351":{"209":{"keys":[192,1,194],"grid":[" $!$ +"," !!$#!!! +","!##$!% &!#","!!#&!*#!","#","#","#","#","#","#","#","#","#","#","#","#"]}},"350":{"209":{"keys":[192,1,194],"grid":[" "," "," "," /!#"," /!!#!"," .!##!"," .!!##"," -!###"," ,!##$"," +!##%"," '!&#&"," '!!#*","11","11"," &!##*"," &!!#+"]},"210":{"keys":[192,1,194],"grid":[" &!!#+"," %!##+"," %!!#,","02","02","02","01","00","00","00","00","00","00","00","01"," $!##,"]},"211":{"keys":[192,1,194],"grid":[" $!!#-","00"," $!##,"," %!##+"," &!##*","04","03"," #!$#,","!$#.","#","#","#","#","#","#","#"]}},"343":{"217":{"keys":[171,1,194],"grid":[" "," "," "," "," "," 0!!","05","05","05"," /!#","05","09"," /!!#!","09","09","09"]},"212":{"keys":[1,194,171],"grid":[" #!/","#! !!/","#! #!.","## $!,","#% !!,","04","04","#% #!+","#& !!+","08","#& #!*","#' #!)","#( !!)","#( #!(","#) !!(","#) #!'"]},"213":{"keys":[171,1,194],"grid":[" *!!#'"," *!##&"," +!!#&"," +!##%"," ,!$##"," .!!##"," .!##!"," /!#"," 0!!"," "," "," "," "," "," "," "]},"210":{"keys":[171,1,192],"grid":[" ,!##$"," +!##%"," +!!#&"," *!##&"," )!##'"," (!##("," '!##)"," &!##*"," &!!#+"," %!##+"," $!##,"," #!##-"," !!##.","!##/","!!#0","14"]},"211":{"keys":[192,1,194],"grid":[" "," "," "," "," "," "," "," "," ","!# /","#!!% ,","#%!% )","#(!% &","#+!% #","#.!$","!!#0"]},"209":{"keys":[171,1,192],"grid":[" -!###"," .!!##","01"," .!##!"," /!!#!","04"," /!#"," 0!!","07","06","04","04","04","04","03","00"]},"208":{"keys":[192,1,171],"grid":[" "," "," "," "," "," "," "," "," "," "," "," "," ","!& ,","#%!( &","#+!$ $"]},"218":{"keys":[171,1,194],"grid":[" 0!!"," -!%"," ,!%#!"," ,!!#%","03","03","03","03","03","03"," +!##%"," +!!#&","11","11","11"," *!##&"]},"219":{"keys":[171,1,194,""],"grid":[" *!!#'","00","00","00"," )!##'"," )!!#("," (!##("," %$$!!#)","$)#)","08","08","08","$","$","$","$"]}},"348":{"211":{"keys":[192,1,194],"grid":[" "," "," "," "," "," "," "," "," "," "," "," "," "," /!#","!$ (!&#!","##!*#&"]}},"349":{"211":{"keys":[192,1,194],"grid":[" "," "," "," "," "," "," "," "," 0!!"," ,!&"," )!%#%"," %!&#("," !!%#,","!##/","#","#"]}}},"13":{"5508":{"3474":{"keys":[171,194],"grid":[" "," "," "," "," "," "," "," !!% ,","!( *","!) )","!* (","!, &","!- %","!. $","!/ #","!0 !"]},"3475":{"keys":[194,171],"grid":[" 0!!"," "," "," "," "," "," "," "," "," "," "," "," "," "," "," "]},"3392":{"keys":[192,194],"grid":[" "," "," ","!$ .","!' +","!* (","!- %","!0 !","!","!","!","!","!","!","!","!"]},"3418":{"keys":[194,171],"grid":[" "," "," "," "," "," "," "," ","!! 0","!% -","!) )","!","!","!","!","!"]}},"5509":{"3475":{"keys":[171,194],"grid":[" "," "," "," "," ","!! 0","05","05","!# /","08","08","!$ .","!% -","!( *","!","!"]},"3392":{"keys":[192,194],"grid":[" "," "," "," "," "," "," "," ","!$ .","!' +","!) )","!- %","!0 !","!","!","!"]},"3418":{"keys":[194,171],"grid":[" "," "," "," "," "," "," "," "," "," "," ","!! 0","!+ '","!. $","!","!"]}},"5506":{"3474":{"keys":[171],"grid":[" "," "," "," "," "," "," "," "," "," "," "," "," "," "," "," "]},"3417":{"keys":[194,171],"grid":[" "," "," "," "," "," "," "," "," "," "," "," "," ","!$ .","!- %","!0 !"]},"3391":{"keys":[192,194],"grid":[" "," "," "," "," "," "," "," ","!! 0","!% -","!( *","!+ '","!/ #","!","!","!"]},"3475":{"keys":[171,194],"grid":[" 0!!","00"," /!#"," .!$"," -!%"," +!'"," *!("," )!)"," (!*"," '!+"," %!-"," #!/"," !!0","!","!","!"]}},"5507":{"3474":{"keys":[171,194],"grid":[" "," "," "," "," "," "," )!! ("," '!( $"," &!,"," %!-"," $!."," #!/","11"," !!0","13","!"]},"3417":{"keys":[194],"grid":[" "," "," "," "," "," "," "," "," "," "," "," "," "," "," "," "]},"3392":{"keys":[194,192],"grid":[" +!'"," .!$"," "," "," "," "," "," "," "," "," "," "," "," "," "," "]},"3391":{"keys":[192,194],"grid":[" "," "," "," "," "," "," "," "," "," "," "," "," ","!! 0","!% -","!' +"]},"3418":{"keys":[171,194],"grid":[" !!0"," $!."," &!,"," '!+"," )!)"," *!("," -!%"," 0!!"," "," "," "," "," "," "," "," "]}},"5504":{"3391":{"keys":[194,192],"grid":[" )!)"," -!%"," 0!!"," "," "," "," "," "," "," "," "," "," "," "," "," "]},"3475":{"keys":[171],"grid":[" "," "," "," "," "," "," "," "," "," "," "," "," "," "," "," "]},"3476":{"keys":[171,194],"grid":[" '!$ ("," &!& %!#"," %!( #!$"," %!-","03","03","03","03","03","03","03"," $!.","11","11","11"," #!/"]},"3477":{"keys":[171,194],"grid":[" #!/"," !!0","!","!","!","!","!","!","!","!","!","!","!","!","!","!"]},"3390":{"keys":[192,194],"grid":[" "," "," "," "," "," "," "," "," "," "," "," "," "," ","!# /","!' +"]},"3485":{"keys":[194,171],"grid":[" "," "," "," "," "," "," "," "," "," ","!# /","!$ .","!% -","12","12","12"]},"3486":{"keys":[171,194],"grid":[" $!.","!","!","!","!","!","!","!","!","!","!","!","!","!","!","!"]},"3416":{"keys":[194,171],"grid":[" "," "," "," "," "," ","!# /","!$ .","07","!% -","!& ,","!' +","!( *","!) )","!* (","!+ '"]},"3417":{"keys":[171,194],"grid":[" ,!&","00"," .!$"," /!#"," 0!!"," "," "," "," "," "," "," "," "," "," "," "]}},"5505":{"3391":{"keys":[192,194],"grid":[" "," "," ","!# /","!& ,","!) )","!, &","!0 !","!","!","!","!","!","!","!","!"]},"3417":{"keys":[194,171],"grid":[" "," "," "," "," "," ","!# /","!% -","!& ,","!( *","!* (","!, &","!0 !","!","!","!"]},"3476":{"keys":[194],"grid":[" "," "," "," "," "," "," "," "," "," "," "," "," "," "," "," "]},"3475":{"keys":[171,194],"grid":[" "," "," "," "," "," "," "," "," "," "," "," "," "," .!$"," %!-"," !!0"]}},"5502":{"3489":{"keys":[171,194],"grid":[" "," "," "," "," 0!!"," /!#","05"," .!$"," ,!&"," *!("," )!)"," (!*"," '!+"," &!,"," %!-"," $!."]},"3390":{"keys":[192,194],"grid":[" "," "," ","!! 0","!$ .","!( *","!+ '","!. $","!0 !","!","!","!","!","!","!","!"]},"3348":{"keys":[171,192],"grid":[" %!-","00"," &!,","02"," '!+"," (!*","05"," )!)","07","07"," *!(","10","10","10","10","07"]},"3349":{"keys":[171,192],"grid":[" )!)","00","00","00","00"," (!*","05","05","05","05","05","05","00","00","00","00"]},"3481":{"keys":[171,194],"grid":[" "," "," "," "," "," "," 0!!","06","06","06","06"," "," "," "," "," "]},"3483":{"keys":[171,194],"grid":[" "," "," "," "," "," "," "," "," "," 0!!"," /!#","10"," .!$","12","12","12"]},"3485":{"keys":[171,194],"grid":[" 0!!"," "," "," "," "," "," "," "," "," "," "," "," "," "," "," "]},"3484":{"keys":[171,194],"grid":[" .!$","00","00","00","00","00","00","00","00","00","00","00","00"," /!#","13","13"]},"3490":{"keys":[194,171],"grid":[" !!! /"," "," "," "," "," "," "," "," "," "," "," "," "," "," "," "]},"3486":{"keys":[171,194],"grid":[" "," "," "," "," "," "," "," "," "," "," "," 0!!"," /!#","12"," .!$","14"]},"3355":{"keys":[171,192],"grid":[" (!*","00"," '!+","02","02","02","02","02","02","02","02","00","00"," )!)","13","13"]},"3354":{"keys":[171,192],"grid":[" .!$"," -!%"," ,!&","02"," +!'","04"," *!(","06"," )!)","08","08"," (!*","11"," '!+","13","11"]},"3414":{"keys":[194,171],"grid":[" "," "," "," ","!! 0","!# /","05","!$ .","!% -","!& ,","09","!' +","11","!( *","!) )","!* ("]},"3415":{"keys":[171,194],"grid":[" +!'","00"," ,!&"," -!%"," .!$"," /!#"," 0!!"," "," "," "," "," "," "," "," "," "]},"3350":{"keys":[171,192],"grid":[" *!("," +!'","01"," ,!&","03"," -!%","05"," .!$","07"," /!#"," 0!!","10"," "," "," "," "]},"3353":{"keys":[171,192],"grid":[" "," "," "," "," "," "," "," "," "," "," "," "," 0!!","12"," /!#"," .!$"]},"3347":{"keys":[192,171],"grid":[" "," "," "," "," "," "," "," "," "," ","!! 0","10","!# /","12","!$ .","14"]},"3487":{"keys":[171,194],"grid":[" /!#"," 0!!"," "," "," "," "," "," "," "," "," "," "," "," "," "," "]},"3358":{"keys":[171,192],"grid":[" #!/"," !!0","!","!","!","!","!","!","!","!","!","!","!","!","!","!"]},"3356":{"keys":[171,192],"grid":[" *!(","00","00"," +!'","03","03","03","03","00","00"," )!)","10"," (!*"," '!+","13"," &!,"]},"3357":{"keys":[171,192],"grid":[" &!,"," '!+","01"," (!*"," )!)"," *!(","05","05","05","05","04","03","03","01"," %!-"," $!."]}},"5503":{"3489":{"keys":[171,194],"grid":[" !!0","00","!","!","!","!","!","!","!","!","!","!","!","!","!","!"]},"3488":{"keys":[171,194],"grid":[" $!.","00"," #!/","02","02"," !!0","05","05","02","00","00","00","02","02","05","05"]},"3477":{"keys":[171,194],"grid":[" "," "," "," "," 0!!","04"," /!#","06"," .!$","08"," -!%","10","10"," ,!&","13"," +!'"]},"3390":{"keys":[192,194],"grid":[" "," "," "," "," "," "," "," "," ","!$ .","!' +","!* (","!- %","!0 !","!","!"]},"3481":{"keys":[194,171],"grid":[" "," "," "," "," "," "," "," "," "," "," "," "," "," "," ","!! 0"]},"3480":{"keys":[171,194],"grid":[" #!/","00","00","00","00","00"," !!0","06","06","06","06","06","06","06","!","!"]},"3483":{"keys":[171,194],"grid":[" '!+"," &!,","01"," %!-"," $!."," #!/","05"," !!0","!","!","!","!","!","!","!","!"]},"3482":{"keys":[171,194],"grid":[" !!0"," #!/"," $!.","02"," %!-"," &!,","05"," '!+"," (!*","08"," )!)","10","10","08","08","08"]},"3478":{"keys":[171,194],"grid":[" +!'"," *!(","01","01","01"," )!)","05","05","05","05","05","05"," (!*","12","12","12"]},"3479":{"keys":[171,194],"grid":[" (!*"," '!+","01","01"," &!,","04","04","04"," %!-","08","08"," $!.","11","11","11"," #!/"]},"3487":{"keys":[194,171],"grid":[" "," "," ","!! 0","!$ .","04","04","04","04","!% -","09","09","09","09","04","04"]},"3486":{"keys":[171,194],"grid":[" "," *!("," (!*"," '!+","03"," &!,"," %!-","06"," $!."," !!0","!","!","!","!","!","!"]},"3416":{"keys":[171,194],"grid":[" ,!&"," -!%"," .!$"," 0!!","03"," "," "," "," "," "," "," "," "," "," "," "]},"3415":{"keys":[194,171],"grid":[" "," "," "," "," "," "," "," ","!! 0","!$ .","!% -","!& ,","!( *","!) )","!* (","!+ '"]},"3351":{"keys":[171,192],"grid":[" !!0","00"," #!/","02","02","02","02","02"," $!.","08","08"," %!-","11","11"," &!,","14"]},"3350":{"keys":[192,171],"grid":[" "," "," "," "," "," "," "," "," "," "," "," "," "," ","!! 0","14"]},"3353":{"keys":[171,192],"grid":[" (!*"," '!+","01","01"," &!,"," %!-","05"," $!.","07"," #!/"," !!0","!","!","!","!","!"]},"3352":{"keys":[171,192],"grid":[" &!,"," '!+","01","01"," (!*","04","04","04","04","04","04","04","04","04","04","04"]},"3485":{"keys":[194,171],"grid":[" "," ","!$ .","!( *","!* (","!+ '","05","!, &","!. $","!","!","!","!","!","!","!"]}},"5500":{"3489":{"keys":[171,194],"grid":[" "," "," "," "," "," "," "," "," "," "," "," "," -!! $"," *!("," )!)","14"]},"3343":{"keys":[192,171],"grid":[" "," "," ","!& ,","!' +","!( *","!) )","06","!* (","!+ '","!, &","!- %","11","!. $","!/ #","!0 !"]},"3360":{"keys":[171,192],"grid":[" )!)"," (!*"," '!+"," &!,"," %!-"," $!.","05"," #!/"," !!0","!","!","!","!","!","!","!"]},"3344":{"keys":[171,192],"grid":[" 0!!"," "," "," "," "," "," "," "," "," "," "," "," "," "," "," "]},"3389":{"keys":[192,194],"grid":[" "," "," "," "," "," "," "," "," ","!# /","!& ,","!) )","!, &","!/ #","!","!"]},"3412":{"keys":[194,171],"grid":[" ","!! 0","!# /","!% -","!' +","!( *","!) )","!+ '","!, &","!- %","!. $","!/ #","!0 !","!","!","!"]},"3490":{"keys":[171,194],"grid":[" )!)","00","00","00"," (!*"," '!+"," &!,"," #!/","!","!","!","!","!","!","!","!"]},"3359":{"keys":[171,192],"grid":[" "," "," "," "," "," "," "," 0!!"," /!#"," .!$","09"," -!%"," ,!&"," +!'"," *!(","14"]}},"5479":{"3331":{"keys":[171,192],"grid":[" .!$","00","00"," /!#","03","03","03","03"," 0!!","08","08","08","08"," "," "," "]},"3330":{"keys":[171,192],"grid":[" .!$"," -!%","01","01","01","01","01","01","01","01","01","01","01","00","00","00"]},"3336":{"keys":[171,192],"grid":[" .!$"," /!#","01","01","01","01","01"," 0!!","07"," "," "," "," "," "," "," "]},"3335":{"keys":[171,192],"grid":[" "," 0!!","01","01","01"," /!#","05","05"," .!$","08","08","08","08","08","08","08"]},"3334":{"keys":[171],"grid":[" "," "," "," "," "," "," "," "," "," "," "," "," "," "," "," "]},"3328":{"keys":[171,192],"grid":[" "," "," "," "," "," "," "," "," "," "," "," "," "," "," "," 0!!"]},"3329":{"keys":[171,192],"grid":[" 0!!","00","00","00"," /!#","04","04","04"," .!$","08","08","08","08","08","08","08"]}},"5586":{"3388":{"keys":[192,194],"grid":[" "," "," "," "," "," "," "," "," "," /!#"," +!'"," (!*"," $!.","!","!","!"]}},"5587":{"3388":{"keys":[192,194],"grid":[" "," "," "," "," /!#"," ,!&"," (!*"," %!-"," !!0","!","!","!","!","!","!","!"]}},"5584":{"3389":{"keys":[192,194],"grid":[" "," "," 0!!"," ,!&"," )!)"," %!-"," !!0","!","!","!","!","!","!","!","!","!"]}},"5585":{"3388":{"keys":[192,194],"grid":[" "," "," "," "," "," "," "," "," "," "," "," "," "," "," -!%"," *!("]},"3389":{"keys":[192,194],"grid":[" '!+"," #!/","!","!","!","!","!","!","!","!","!","!","!","!","!","!"]}},"5379":{"3508":{"keys":[186,187],"grid":[" "," "," "," "," "," "," "," "," "," "," ","!- %","!","!","!","!"]},"3492":{"keys":[187,186],"grid":[" ,!&","!","!","!","!","!","!","!","!","!","!","!","!","!","!","!"]},"3469":{"keys":[171,187],"grid":[" "," "," "," "," "," "," "," "," .!$"," )!)"," #!/","!","!","!","!","!"]}},"5378":{"3508":{"keys":[186,187],"grid":[" "," "," "," "," "," "," "," "," "," "," "," *!("," &!,"," #!/"," !!0","14"]},"3509":{"keys":[187,186],"grid":[" "," "," "," "," "," "," "," "," "," "," "," "," "," ","!! 0","14"]},"3470":{"keys":[171,187],"grid":[" %!-"," #!/","!","!","!","!","!","!","!","!","!","!","!","!","!","!"]},"3510":{"keys":[186,187],"grid":[" !!0","00","00","00","00","00","00","00"," #!/","00","00","00","!","!","!","!"]},"3492":{"keys":[187,186],"grid":[" "," $!.","!","!","!","!","!","!","!","!","!","!","!","!","!","!"]},"3469":{"keys":[171,187],"grid":[" "," "," "," "," "," "," "," "," "," "," "," .!$"," ,!&"," *!("," (!*"," '!+"]}},"5580":{"3390":{"keys":[192,194],"grid":[" "," "," "," "," "," 0!!"," ,!&"," )!)"," %!-"," !!0","!","!","!","!","!","!"]}},"5581":{"3390":{"keys":[192,194],"grid":[" 0!!"," -!%"," )!)"," &!,"," #!/","!","!","!","!","!","!","!","!","!","!","!"]}},"5627":{"3347":{"keys":[192,194],"grid":[" "," "," "," "," "," "," "," "," "," "," &!) $"," $!.","!","!","!","!"]}},"5626":{"3347":{"keys":[192,194],"grid":[" "," "," "," "," "," "," "," "," &!$ )"," #!) '","!, &","!/ #","!","!","!","!"]}},"5377":{"3509":{"keys":[186,187],"grid":[" "," "," "," 0!!","03"," "," "," "," "," "," "," "," "," "," "," "]},"3511":{"keys":[186,187],"grid":[" *!("," &!,"," !!0","02","!","!","!","!","!","!","!","!","!","!","!","!"]},"3510":{"keys":[186,187],"grid":[" "," "," "," "," "," "," "," "," "," "," "," "," "," 0!!"," /!#"," -!%"]},"3470":{"keys":[171,187],"grid":[" "," "," "," /!#"," -!%"," ,!&"," *!("," (!*"," &!,"," $!."," !!0","!","!","!","!","!"]},"3492":{"keys":[187,186],"grid":[" "," ","!","!","!","!","!","!","!","!","!","!","!","!","!","!"]}},"5376":{"3512":{"keys":[186,187],"grid":[" '!+"," $!."," !!0","!","!","!","!","!","!","!","!","!","!","!","!","!"]},"3511":{"keys":[186,187],"grid":[" "," "," "," "," "," "," "," 0!!","07"," /!#","09"," .!$"," -!%"," ,!&"," +!'"," *!("]},"3470":{"keys":[171,187],"grid":[" "," "," "," "," "," "," "," "," "," "," "," "," /!#"," -!%"," +!'"," )!)"]},"3471":{"keys":[171,187],"grid":[" (!*"," &!,"," $!."," !!0","!","!","!","!","!","!","!","!","!","!","!","!"]},"3492":{"keys":[187,186],"grid":[" "," "," ,!&"," '!+"," %!-"," #!/","!","!","!","!","!","!","!","!","!","!"]}},"5623":{"3346":{"keys":[192,194],"grid":[" "," "," "," "," "," "," "," "," "," "," "," "," "," "," +!'"," )!)"]},"3347":{"keys":[192,194],"grid":[" &!,"," #!/","!","!","!","!","!","!","!","!","!","!","!","!","!","!"]}},"5622":{"3346":{"keys":[192],"grid":[" "," "," "," "," "," "," "," "," "," "," "," "," "," "," "," "]},"3347":{"keys":[194,192],"grid":[" $!."," )!)"," "," "," "," "," "," "," "," "," "," "," "," "," "," "]}},"5588":{"3387":{"keys":[192,194],"grid":[" "," "," "," "," "," "," "," "," "," "," "," "," "," "," "," 0!!"]},"3388":{"keys":[192,194],"grid":[" ,!&"," *!("," '!+"," #!/","!","!","!","!","!","!","!","!","!","!","!","!"]}},"5589":{"3387":{"keys":[192,194],"grid":[" "," "," "," "," "," "," "," "," "," "," "," .!$"," +!'"," '!+"," $!.","!"]}},"5380":{"3508":{"keys":[186,187],"grid":[" "," "," "," "," "," "," "," "," "," "," "," ","!. $","!","!","!"]},"3492":{"keys":[186],"grid":[" "," "," "," "," "," "," "," "," "," "," "," "," "," "," "," "]},"3469":{"keys":[171,187],"grid":[" "," "," "," "," "," 0!!"," *!("," $!.","!","!","!","!","!","!","!","!"]},"3491":{"keys":[187],"grid":[" "," "," "," "," "," "," "," "," "," "," "," "," "," "," "," "]}},"5381":{"3508":{"keys":[186,"",187],"grid":[" "," "," "," "," "," "," "," "," "," "," "," "," .!$","#/!#","13","#0!!"]},"3469":{"keys":[171,187],"grid":[" "," "," "," +!'"," %!-","!","!","!","!","!","!","!","!","!","!","!"]},"3491":{"keys":[187,"",186],"grid":[" -!%","00","00","00","00","00","00","00"," )!)","08","08","08"," (!*","12","12"," %##!+"]}},"5382":{"3469":{"keys":[171,187],"grid":[" "," "," ","!! 0","!$ .","!% -","!' +","!) )","!+ '","!- %","!. $","!0 !","!","!","!","!"]}},"5383":{"3470":{"keys":[187,171],"grid":[" )!)"," +!'"," -!%"," /!#"," "," "," "," "," "," "," "," "," "," "," "," "]},"3469":{"keys":[171,187],"grid":[" "," "," "," "," "," "," "," "," "," "," "," ","!! 0","!$ .","!& ,","!( *"]}},"5384":{"3470":{"keys":[171,187],"grid":[" "," "," "," "," ","!! 0","!$ .","!& ,","!( *","!* (","09","!+ '","!, &","12","!- %","!. $"]},"3471":{"keys":[187,171],"grid":[" /!#","00"," 0!!"," "," "," "," "," "," "," "," "," "," "," "," "," "]}},"5385":{"3471":{"keys":[171,187],"grid":[" "," "," "," ","!! 0","04","!# /","!$ .","!% -","08","!& ,","!' +","11","!( *","!) )","!* ("]},"3472":{"keys":[187,171],"grid":[" *!("," +!'"," ,!&"," -!%","03"," .!$"," /!#"," 0!!","07"," "," "," "," "," "," "," "]}},"5386":{"3474":{"keys":[187,"",171],"grid":["  !#","  !!","01","01"]},"3472":{"keys":[171,187],"grid":[" "," "," "," "," "," "," "," "," "," ","!! 0","10","!# /","!$ .","!% -","14"]},"3473":{"keys":[187,171,""],"grid":[" &!,"," '!+"," (!*","02"," )!)"," *!(","05","05"," +!'"," *#!!'"," *##!&","10"," -!%","12","12","12"]}},"5618":{"3345":{"keys":[192,194],"grid":[" "," "," "," "," 0!!"," .!$"," )!)"," '!+"," $!.","!","!","!","!","!","!","!"]}},"5519":{"3423":{"keys":[194,171],"grid":[" "," "," "," "," "," "," "," "," "," "," "," ","!! 0","!# /","!$ .","!% -"]},"3424":{"keys":[171,194],"grid":[" &!,"," '!+"," )!)"," *!("," +!'"," -!%"," .!$"," /!#"," 0!!"," "," "," "," "," "," "," "]},"3395":{"keys":[192,194],"grid":[" "," "," /!#"," %!-","!","!","!","!","!","!","!","!","!","!","!","!"]},"3468":{"keys":[171,194],"grid":[" "," ,!&"," *!("," (!*"," &!,"," !!0","!","!","!","!","!","!","!","!","!","!"]}},"5518":{"3423":{"keys":[171,194],"grid":[" +!'","00","00"," ,!&","03"," -!%","05"," .!$"," /!#","08"," 0!!"," "," "," "," "," "]},"3422":{"keys":[194,171],"grid":[" ","!# /","!$ .","!% -","03","!& ,","05","05","!' +","08","08","!( *","!) )","12","!* (","14"]},"3395":{"keys":[192,194],"grid":[" "," "," "," "," +!'","!","!","!","!","!","!","!","!","!","!","!"]},"3468":{"keys":[171,194],"grid":[" "," "," "," "," "," "," #!/","!","!","!","!","!","!","!","!","!"]}},"5619":{"3344":{"keys":[192,194],"grid":[" "," "," "," "," "," "," "," "," "," "," "," "," "," "," .!$"," *!("]},"3345":{"keys":[192,194],"grid":[" )!)"," '!+"," $!."," #!/","!","!","!","!","!","!","!","!","!","!","!","!"]}},"5511":{"3475":{"keys":[171,194],"grid":[" "," "," "," "," "," "," "," "," "," "," "," "," ","!0 !","!","!"]},"3393":{"keys":[192,194],"grid":[" "," ","!! 0","!% -","!( *","!+ '","!. $","!","!","!","!","!","!","!","!","!"]},"3419":{"keys":[194,171],"grid":[" "," "," "," ","!$ .","!& ,","!) )","!+ '","!- %","!/ #","!","!","!","!","!","!"]}},"5510":{"3475":{"keys":[171,194],"grid":[" "," "," "," "," "," "," "," "," "," "," "," "," "," (!*","!","!"]},"3393":{"keys":[194,192],"grid":[" ,!&"," /!#"," "," "," "," "," "," "," "," "," "," "," "," "," "," "]},"3392":{"keys":[192,194],"grid":[" "," "," "," "," "," "," "," "," "," "," "," "," ","!# /","!& ,","!) )"]},"3418":{"keys":[194,171],"grid":[" "," "," "," "," "," "," "," "," "," "," "," "," "," "," ","!$ ."]},"3419":{"keys":[171,194],"grid":[" '!+"," +!'"," .!$"," "," "," "," "," "," "," "," "," "," "," "," "," "]}},"5513":{"3474":{"keys":[171,194],"grid":[" #!/","00","00","00","00","00","00","00"," !!0","!","!","!","!","!","!","!"]},"3471":{"keys":[171,194],"grid":[" "," "," "," "," 0!!"," /!#","05"," .!$","07"," -!%","09"," ,!&"," *!("," %!-"," $!."," #!/"]},"3393":{"keys":[192,194],"grid":[" "," "," "," "," "," "," "," "," "," "," "," "," ","!$ .","!' +","!* ("]},"3470":{"keys":[171,194],"grid":[" "," "," 0!!"," /!#","03","03","03","02","02"," "," "," "," "," "," "," "]},"3394":{"keys":[194,192],"grid":[" -!%"," 0!!"," "," "," "," "," "," "," "," "," "," "," "," "," "," "]},"3472":{"keys":[171,194],"grid":[" !!0","00","!","!","!","!","00","00","00","00"," #!/"," $!.","11"," %!-","13"," &!,"]},"3473":{"keys":[171,194],"grid":[" &!,"," '!+","01","01"," (!*","04","04","04","04","04","04","04","00"," %!-"," $!."," #!/"]},"3420":{"keys":[171,194],"grid":[" &!,"," )!)"," "," "," "," "," "," "," "," "," "," "," "," "," "," "]},"3419":{"keys":[194,171],"grid":[" "," "," "," "," "," "," "," "," "," "," "," "," "," "," ","!# /"]}},"5512":{"3474":{"keys":[171,194],"grid":[" "," "," "," "," "," "," #!# -"," #!' )"," !!* '"," !!0"," #!/","10"," $!."," %!-"," &!,","14"]},"3475":{"keys":[171,194],"grid":[" '!+"," &!,","01","01","01"," %!-","05","05"," $!.","08"," #!/","10","10","10","!","!"]},"3393":{"keys":[192,194],"grid":[" "," "," "," "," "," "," "," ","!% -","!( *","!+ '","!- %","!","!","!","!"]},"3419":{"keys":[194,171],"grid":[" "," "," "," "," "," "," "," "," "," "," ","!# /","!& ,","!- %","!","!"]}},"5515":{"3420":{"keys":[194,171],"grid":[" "," "," "," "," ","!! 0","!% -","!) )","!, &","!- %","!/ #","!0 !","!","!","!","!"]},"3394":{"keys":[192,194],"grid":[" "," "," "," "," "," "," ","!# /","!% -","!( *","!+ '","!. $","!","!","!","!"]},"3469":{"keys":[171,194],"grid":[" "," "," "," $!& )"," #!/"," !!0","!","!","!","!","!","!","!","!","!","!"]}},"5514":{"3420":{"keys":[194,171],"grid":[" "," ","!) )","!, &","!/ #","!","!","!","!","!","!","!","!","!","!","!"]},"3470":{"keys":[171,194],"grid":[" !!0","!","!","!","!","!","!","!","!","!","00"," #!/","11","11","11","11"]},"3394":{"keys":[192,194],"grid":[" "," ","!# /","!& ,","!) )","!, &","!/ #","!","!","!","!","!","!","!","!","!"]},"3469":{"keys":[171,194],"grid":[" "," "," "," "," "," "," "," 0!!"," /!#"," .!$"," +!'"," )!)"," &!,"," $!."," #!/","14"]},"3471":{"keys":[171,194],"grid":[" !!0","00","!","!","!","!","!","!","!","!","!","!","!","!","!","!"]}},"5517":{"3422":{"keys":[171],"grid":[" "," "," "," "," "," "," "," "," "," "," "," "," "," "," "," "]},"3421":{"keys":[194,171],"grid":[" "," "," "," "," "," ","!! 0","06","!# /","!$ .","!% -","!& ,","!' +","!( *","!) )","!+ '"]},"3395":{"keys":[192,194],"grid":[" "," ","!$ .","!& ,","!* (","!- %","!","!","!","!","!","!","!","!","!","!"]},"3468":{"keys":[171,194],"grid":[" "," "," "," "," "," "," "," '!# #!'","!","!","!","!","!","!","!","!"]}},"5516":{"3395":{"keys":[194,192],"grid":[" .!$"," 0!!"," "," "," "," "," "," "," "," "," "," "," "," "," "," "]},"3394":{"keys":[192,194],"grid":[" "," "," "," "," "," "," "," "," "," "," "," "," ","!$ .","!( *","!+ '"]},"3421":{"keys":[171,194],"grid":[" ,!&"," .!$","01"," /!#"," 0!!"," "," "," "," "," "," "," "," "," "," "," "]},"3420":{"keys":[194,171],"grid":[" "," "," "," "," "," "," "," "," "," "," "," ","!! 0","!$ .","!& ,","!) )"]},"3469":{"keys":[171,194],"grid":[" )!)"," (!*"," !!0","!","!","!","!","!","!","!","!","!","!","!","!","!"]},"3468":{"keys":[171,194],"grid":[" "," "," "," "," "," "," "," "," /!#"," ,!&"," +!'"," *!(","11","11"," )!)","14"]}},"5591":{"3387":{"keys":[192,194],"grid":[" "," 0!!"," -!%"," *!("," &!,"," #!/","!","!","!","!","!","!","!","!","!","!"]}},"5590":{"3387":{"keys":[192,194],"grid":[" "," "," "," "," "," "," /!#"," ,!&"," (!*"," %!-"," !!0","!","!","!","!","!"]}},"5593":{"3386":{"keys":[192,194],"grid":[" "," "," "," "," "," "," "," "," /!#"," ,!&"," (!*"," $!."," !!0","!","!","!"]}},"5592":{"3386":{"keys":[192,194],"grid":[" "," "," "," "," "," "," "," "," "," "," "," "," "," .!$"," +!'"," '!+"]},"3387":{"keys":[192,194],"grid":[" $!.","!","!","!","!","!","!","!","!","!","!","!","!","!","!","!"]}},"5595":{"3386":{"keys":[192,194],"grid":[" +!'"," '!+"," $!.","!","!","!","!","!","!","!","!","!","!","!","!","!"]},"3385":{"keys":[192,194],"grid":[" "," "," "," "," "," "," "," "," "," "," "," "," "," "," "," /!#"]}},"5594":{"3386":{"keys":[192,194],"grid":[" "," "," "," 0!!"," -!%"," *!("," '!+"," #!/","!","!","!","!","!","!","!","!"]}},"5597":{"3385":{"keys":[192,194],"grid":[" "," "," "," "," "," 0!!"," -!%"," *!("," &!,"," #!/","!","!","!","!","!","!"]}},"5596":{"3385":{"keys":[192,194],"grid":[" "," "," "," "," "," "," "," "," "," "," /!#"," ,!&"," (!*"," %!-"," !!0","!"]}},"5599":{"3384":{"keys":[192,194],"grid":[" "," "," "," "," "," "," "," "," "," "," "," "," 0!!"," ,!&"," )!)"," %!-"]},"3385":{"keys":[192,194],"grid":[" !!0","!","!","!","!","!","!","!","!","!","!","!","!","!","!","!"]}},"5598":{"3385":{"keys":[192,194],"grid":[" "," /!#"," +!'"," (!*"," $!.","!","!","!","!","!","!","!","!","!","!","!"]}},"5610":{"3354":{"keys":[192,194],"grid":[" ,!&"," )!)"," %!-","!","!","!","!","!","!","!","!","!","!","!","!","!"]},"3353":{"keys":[192,194],"grid":[" "," "," "," "," "," "," "," "," "," "," "," "," "," 0!!"," /!#"," -!%"]}},"5611":{"3353":{"keys":[192,194],"grid":[" +!'"," *!("," )!)","02"," (!*"," '!+"," &!,","06"," %!-"," $!."," #!/"," !!0","!","!","!","!"]},"3352":{"keys":[192,194],"grid":[" "," "," "," "," "," "," "," "," "," 0!!"," /!#","10"," .!$"," -!%"," ,!&","14"]}},"5616":{"3346":{"keys":[192,194],"grid":[" "," "," "," 0!!"," /!#"," .!$","05"," -!%"," ,!&","08"," +!'"," *!("," )!)","12"," (!*","14"]},"3347":{"keys":[192,194],"grid":[" '!+","00"," &!,","02"," %!-"," $!."," #!/"," !!0","!","!","!","!","!","!","!","!"]}},"5617":{"3346":{"keys":[192,194],"grid":[" $!."," #!/","!","!","!","!","!","!","!","!","!","!","!","!","!","!"]},"3345":{"keys":[192,194],"grid":[" "," "," "," "," "," "," "," "," "," "," /!#"," -!%"," ,!&"," *!("," (!*"," &!,"]}},"5614":{"3348":{"keys":[192,194],"grid":[" $!.","00","00","00","00","00","00","00","00"," #!/","09","09","09"," !!0","13","13"]},"3349":{"keys":[194],"grid":[" "," "," "," "," "," "," "," "," "," "," "," "," "," "," "," "]},"3347":{"keys":[192,194],"grid":[" "," "," "," "," "," "," "," "," "," "," )!# '"," '!+"," &!,","12"," %!-","14"]}},"5615":{"3347":{"keys":[192,194],"grid":[" "," "," "," "," "," "," "," "," 0!!"," .!$"," ,!&","!$ !!-","!","!","!","!"]}},"5612":{"3351":{"keys":[192,194],"grid":[" "," "," "," "," "," "," "," "," "," 0!!"," /!#"," .!$"," -!%"," ,!&"," +!'"," *!("]},"3352":{"keys":[192,194],"grid":[" (!*"," '!+"," &!,"," %!-"," $!."," #!/","05"," !!0","!","!","!","!","!","!","!","!"]}},"5613":{"3349":{"keys":[192,194],"grid":[" "," "," 0!!","02"," /!#","04","04","04","04","04"," .!$","10"," -!%","12"," ,!&","14"]},"3351":{"keys":[192,194],"grid":[" )!)"," (!*","01"," '!+"," &!,"," $!."," #!/"," !!0","!","!","!","!","!","!","!","!"]},"3350":{"keys":[192,194],"grid":[" ,!&"," +!'","01","01","01","01","01","01","01","01","01","01"," *!(","12","12"," )!)"]}},"5605":{"3367":{"keys":[192,194],"grid":[" +!'","00"," *!(","02","02","02","02","02","02","00"," ,!&"," -!%","11"," .!$","13","13"]},"3368":{"keys":[192,194],"grid":[" /!#","00","00","00","00","00"," .!$","06","06","06"," -!%","10"," ,!&","12","12"," +!'"]},"3369":{"keys":[192,194],"grid":[" +!'"," *!(","01","01"," )!)","04","04","04","04","04","04","01","01","01","01","01"]},"3379":{"keys":[194,192],"grid":[" "," "," "," "," "," "," "," "," "," "," "," "," ","!! 0","13","!$ ."]},"3381":{"keys":[192,194],"grid":[" "," *!("," (!*","02"," '!+","04","04"," &!,","07","07","07"," %!-","11","11","11"," $!."]},"3360":{"keys":[192,194],"grid":[" )!)","00","00","00"," (!*","04","04"," '!+","07","07","07"," &!,","11","11","11"," %!-"]},"3366":{"keys":[194,192],"grid":[" "," "," "," "," "," ","!! 0","!$ .","!& ,","!( *","!) )","!* (","11","!+ '","13","13"]},"3374":{"keys":[192,194],"grid":[" !!0","!","!","!","!","!","!","!","!","!","!","!","!","!","!","!"]},"3373":{"keys":[192,194],"grid":[" &!,","00","00","00","00","00"," %!-","06","06","06","06","06"," $!.","12"," #!/","14"]},"3372":{"keys":[192,194],"grid":[" $!.","00","00"," %!-","03","03","03","03","03","03"," &!,","10","10","10","10","10"]},"3371":{"keys":[192,194],"grid":[" )!)","00"," (!*","02","02"," '!+","05"," &!,","07","07"," %!-","10","10"," $!.","13","13"]},"3361":{"keys":[192,194],"grid":[" %!-","00","00"," $!.","03","03","03"," #!/","07","07","07"," !!0","11","11","!","!"]},"3382":{"keys":[192,194],"grid":[" $!.","00"," #!/"," !!0","03","!","!","!","!","!","!","!","!","!","!","!"]},"3370":{"keys":[192,194],"grid":[" *!(","00","00","00","00","00","00","00","00","00","00","00"," )!)","12","12","12"]},"3359":{"keys":[192,194],"grid":[" .!$"," -!%","01","01","01"," ,!&","05","05"," +!'","08","08","08","08"," *!(","13","13"]},"3358":{"keys":[192,194],"grid":[" "," "," "," "," "," "," 0!!","06","06","06"," /!#","10","10","10"," .!$","14"]},"3380":{"keys":[192,194],"grid":[" %!-"," &!,"," '!+"," )!)"," *!("," ,!&"," -!%"," .!$"," /!#"," "," "," "," "," "," "," "]}},"5604":{"3382":{"keys":[192,194],"grid":[" "," "," "," "," "," "," "," 0!!"," .!$"," -!%"," ,!&"," +!'"," )!)"," (!*"," &!,"," %!-"]},"3383":{"keys":[192,194],"grid":[" $!."," #!/"," !!0","!","!","!","!","!","!","!","!","!","!","!","!","!"]},"3379":{"keys":[192,194],"grid":[" %!-"," '!+"," (!*"," )!)"," +!'"," ,!&","05"," -!%"," .!$","08"," /!#"," 0!!"," "," "," "," "]},"3378":{"keys":[194,192],"grid":[" "," "," "," "," "," "," "," "," "," "," "," "," "," ","!! 0","!$ ."]},"3364":{"keys":[192,194],"grid":[" (!*","00","00"," '!+","03","03","03"," &!,","07","07","07","07","07","07","07","03"]},"3365":{"keys":[192,194],"grid":[" '!+"," (!*","01"," )!)"," *!(","04"," +!'"," ,!&","07"," -!%","09","09","09","09"," .!$","14"]},"3366":{"keys":[192,194],"grid":[" .!$","00","00"," /!#"," 0!!"," "," "," "," "," "," "," "," "," "," "," "]},"3374":{"keys":[192,194],"grid":[" "," "," 0!!"," /!#"," .!$"," -!%"," ,!&"," +!'","07"," *!(","09","09"," )!)","12","12","12"]},"3361":{"keys":[192],"grid":[" "," "," "," "," "," "," "," "," "," "," "," "," "," "," "," "]},"3362":{"keys":[192,194],"grid":[" "," "," 0!!","02","02","02"," /!#","06","06"," .!$","09","09","09","09"," -!%","14"]},"3363":{"keys":[192,194],"grid":[" -!%"," ,!&","01","01","01"," +!'","05","05"," *!(","08","08","08"," )!)","12","12","12"]},"3375":{"keys":[192,194],"grid":[" (!*","00","00","00","00"," '!+","05","05","05","05"," &!,"," %!-"," $!."," #!/"," !!0","!"]}},"5607":{"3354":{"keys":[192,194],"grid":[" "," "," "," "," "," "," "," "," /!#"," -!%"," )!)"," '!+"," $!."," !!0","!","!"]}},"5606":{"3380":{"keys":[194,192],"grid":[" "," "," "," "," "," "," "," "," "," ","!! 0","10","!# /","12","12","12"]},"3381":{"keys":[192,194],"grid":[" !!0","!","!","!","!","!","!","!","!","!","!","!","!","!","!","!"]},"3355":{"keys":[192,194],"grid":[" /!#"," .!$","01","01","01"," -!%","05","05","05"," ,!&","09","09","09"," +!'","13","13"]},"3354":{"keys":[192,194],"grid":[" "," "," "," "," "," "," "," "," "," "," "," "," "," "," "," /!#"]},"3357":{"keys":[192,194],"grid":[" &!,","00","00"," %!-","03","03","03"," $!.","07","07","07"," #!/","11","11"," !!0","14"]},"3356":{"keys":[192,194],"grid":[" +!'"," *!(","01","01"," )!)","04","04","04"," (!*","08","08","08"," '!+","12","12"," &!,"]},"3358":{"keys":[192,194],"grid":[" !!0","00","00","!","!","!","!","!","!","!","!","!","!","!","!","!"]}},"5498":{"3343":{"keys":[171],"grid":[" "," "," "," "," "," "," "," "," "," "," "," "," "," "," "," "]},"3498":{"keys":[171],"grid":[" "," "," "," "," "," "," "," "," "," "," "," "," "," "," "," "]},"3499":{"keys":[171,194],"grid":[" 0!!","00","00","00","00","00","00","00","00","00","00","00","00","00","00","00"]},"3500":{"keys":[171,194],"grid":[" 0!!"," /!#","01","01","01","01","01","01","01"," .!$","09","09"," -!%","12","12"," ,!&"]},"3501":{"keys":[171,194],"grid":[" ,!&","00"," +!'","02","02","02"," *!(","06","06"," )!)","09","09"," (!*","12","12","12"]},"3502":{"keys":[171,194],"grid":[" '!+","00"," &!,","02","02","02"," %!-","06","06"," $!.","09","09","09"," #!/","13","13"]},"3503":{"keys":[171,194],"grid":[" #!/","00"," !!0","02","02","02","02","!","!","!","!","!","!","!","!","!"]},"3361":{"keys":[171,192],"grid":[" "," "," "," "," "," "," "," "," "," "," "," "," "," "," 0!!"," /!#"]},"3362":{"keys":[171,192],"grid":[" /!#"," .!$"," -!%"," ,!&"," +!'","04"," *!("," )!)"," (!*"," '!+"," &!,"," %!-","11"," $!."," #!/"," !!0"]},"3363":{"keys":[171,192],"grid":[" !!0","!","!","!","!","!","!","!","!","!","!","!","!","!","!","!"]},"3342":{"keys":[192,171],"grid":[" "," "," "," "," "," "," "," "," "," "," "," "," "," ","!' +","!. $"]},"3388":{"keys":[192,194],"grid":[" "," "," "," "," "," "," "," "," "," "," "," "," "," "," ","!$ ."]},"3410":{"keys":[171,194],"grid":[" $!."," %!-","01"," &!,"," '!+","04"," (!*"," )!)"," *!(","08"," +!'"," ,!&"," -!%","12"," .!$"," /!#"]},"3411":{"keys":[171,194],"grid":[" /!#"," 0!!"," "," "," "," "," "," "," "," "," "," "," "," "," "," "]},"3409":{"keys":[194,171],"grid":[" "," "," "," "," "," "," "," "," "," "," "," "," ","!! 0","13","!# /"]},"3389":{"keys":[194,192],"grid":[" '!+"," *!("," -!%"," 0!!"," "," "," "," "," "," "," "," "," "," "," "," "]}},"5499":{"3498":{"keys":[171,194],"grid":[" !!0","!","!","!","!","!","!","!","!","!","!","!","!","!","!","!"]},"3496":{"keys":[171,194],"grid":[" $!.","00"," #!/","02","02","02","02","02","02","02","02","02","02","02","02"," !!0"]},"3343":{"keys":[171,192],"grid":[" $!."," +!'"," "," "," "," "," "," "," "," "," "," "," "," "," "," "]},"3494":{"keys":[171,194],"grid":[" &!,"," %!-","01","01","01","01","01","01","01","01","01","01","01","01","01"," $!."]},"3495":{"keys":[171,194],"grid":[" $!.","00","00","00","00","00","00","00","00","00","00","00","00","00","00","00"]},"3360":{"keys":[171,192],"grid":[" "," "," "," "," "," "," "," "," "," "," "," 0!!"," /!#"," .!$"," -!%"," ,!&"]},"3493":{"keys":[171,194],"grid":[" &!,","00","00","00","00","00","00","00","00","00","00","00","00","00","00","00"]},"3492":{"keys":[171,194],"grid":[" '!+","00","00","00","00","00","00","00","00","00","00","00","00","00","00","00"]},"3361":{"keys":[171,192],"grid":[" ,!&"," +!'"," *!("," )!)"," (!*","04"," '!+"," &!,"," %!-"," $!."," #!/","10"," !!0","!","!","!"]},"3412":{"keys":[171,194],"grid":[" 0!!"," "," "," "," "," "," "," "," "," "," "," "," "," "," "," "]},"3490":{"keys":[171,194],"grid":[" "," "," "," "," "," "," "," "," "," 0!!"," /!#"," .!$"," -!%","12","12","12"]},"3497":{"keys":[171,194],"grid":[" !!0","00","00","00","00","00","00","00","00","00","00","00","00","00","00","00"]},"3491":{"keys":[171,194],"grid":[" -!%","00","00","00","00"," ,!&","05"," +!'","07"," *!("," )!)"," (!*","11","11"," '!+","14"]},"3389":{"keys":[192,194],"grid":[" "," "," "," ","!# /","!' +","!) )","!- %","!0 !","!","!","!","!","!","!","!"]},"3411":{"keys":[194,171],"grid":[" "," "," ","!! 0","!# /","!$ .","05","!% -","!& ,","!' +","!( *","!) )","!* (","!, &","!- %","!/ #"]}},"5603":{"3377":{"keys":[192,194],"grid":[" ,!&"," +!'","01"," *!(","03"," )!)","05"," (!*","07","07"," '!+","10"," &!,","12","12","12"]},"3376":{"keys":[192,194],"grid":[" "," 0!!","01","01"," /!#","04","04","04"," .!$","08","08","08","08"," -!%","13"," ,!&"]},"3375":{"keys":[192],"grid":[" "," "," "," "," "," "," "," "," "," "," "," "," "," "," "," "]},"3383":{"keys":[192,194],"grid":[" "," "," "," "," 0!!","04"," /!#","06"," .!$"," -!%","09"," +!'"," (!*"," $!.","!","!"]},"3378":{"keys":[192,194],"grid":[" &!,","00","00","00"," '!+","04","04"," (!*"," )!)"," *!("," ,!&","10"," /!#"," "," "," "]}},"5602":{"3384":{"keys":[192,194],"grid":[" )!)"," &!,"," #!/","!","!","!","!","!","!","!","!","!","!","!","!","!"]},"3383":{"keys":[192,194],"grid":[" "," "," "," "," "," "," "," "," "," "," "," "," "," "," 0!!"," -!%"]}},"5494":{"3387":{"keys":[192,194],"grid":[" "," "," "," "," "," "," "," "," "," ","!$ .","!' +","!) )","!- %","!0 !","!"]},"3342":{"keys":[192,171],"grid":[" "," "," "," ","!' +","!- %","!","!","!","!","!","!","!","!","!","!"]},"3366":{"keys":[171,192],"grid":[" "," "," "," "," "," "," "," "," "," "," "," "," "," 0!!"," /!#"," .!$"]},"3367":{"keys":[171,192],"grid":[" -!%","00"," ,!&"," +!'"," *!("," )!)","05"," (!*"," '!+"," &!,"," %!-","10"," $!."," #!/"," !!0","!"]},"3403":{"keys":[171,194],"grid":[" /!#","00","00","00"," 0!!"," "," "," "," "," "," "," "," "," "," "," "]},"3402":{"keys":[194,171],"grid":[" "," ","!! 0","!- %","!/ #","!0 !","05","05","!","!","05","05","05","05","05","04"]}},"5495":{"3387":{"keys":[192,194],"grid":[" "," "," "," "," "," "," "," "," "," "," "," "," "," "," ","!# /"]},"3342":{"keys":[192,171],"grid":[" "," "," "," "," "," ","!$ .","!* (","!","!","!","!","!","!","!","!"]},"3365":{"keys":[171,192],"grid":[" "," "," "," "," "," "," "," "," "," 0!!"," /!#","10"," .!$"," -!%"," ,!&"," +!'"]},"3366":{"keys":[171,192],"grid":[" *!(","00"," )!)"," (!*"," '!+","04"," &!,"," %!-"," $!."," #!/"," !!0","10","!","!","!","!"]},"3510":{"keys":[171],"grid":[" "," "," "," "," "," "," "," "," "," "," "," "," "," "," "," "]},"3388":{"keys":[194,192],"grid":[" &!,"," )!)"," ,!&"," /!#"," "," "," "," "," "," "," "," "," "," "," "," "]},"3403":{"keys":[194,171],"grid":[" "," "," "," "," "," ","!! 0","!$ .","!' +","!+ '","!- %","10","10","10","10","10"]},"3405":{"keys":[171,194],"grid":[" )!)"," +!'"," -!%"," /!#"," 0!!"," "," "," "," "," "," "," "," "," "," "," "]},"3404":{"keys":[171,194],"grid":[" -!%","00"," ,!&","02"," *!("," )!)","05"," '!+"," &!,","08"," %!-","10"," $!.","12","10","07"]},"3511":{"keys":[171,194,""],"grid":[" "," 0!!","01"," -##!#","#","#","#","#","#","#","#","#","#","#","#","#"]}},"5496":{"3508":{"keys":[171,194],"grid":[" "," "," "," "," "," "," "," "," "," "," "," 0!!","11"," /!#","13"," .!$"]},"3509":{"keys":[171,194],"grid":[" .!$","00"," -!%","02"," ,!&","04"," +!'","06","06"," *!(","09"," )!)","11","11"," (!*","14"]},"3364":{"keys":[171,192],"grid":[" "," "," "," "," "," 0!!","05"," /!#"," .!$"," -!%"," ,!&","10"," +!'"," *!("," )!)"," (!*"]},"3365":{"keys":[171,192],"grid":[" '!+","00"," &!,"," %!-"," $!.","04"," #!/"," !!0","!","!","!","!","!","!","!","!"]},"3510":{"keys":[171,194],"grid":[" '!+","00"," &!,","02","02"," %!-","05"," $!.","07"," #!/","09","09"," !!0","12","!","!"]},"3388":{"keys":[192,194],"grid":[" "," "," "," ","!! 0","!% -","!) )","!+ '","!. $","!","!","!","!","!","!","!"]},"3342":{"keys":[192,171],"grid":[" "," "," "," "," "," "," "," "," ","!' +","!. $","!","!","!","!","!"]},"3405":{"keys":[194,171],"grid":[" "," "," "," "," "," ","!! 0","!# /","07","!$ .","!% -","10","!& ,","12","12","!' +"]},"3407":{"keys":[171,194],"grid":[" .!$","00"," /!#"," 0!!","03"," "," "," "," "," "," "," "," "," "," "," "]},"3406":{"keys":[171,194],"grid":[" '!+"," (!*","01"," )!)","03","03"," *!(","06","06"," +!'","09"," ,!&","11","11"," -!%","14"]}},"5497":{"3508":{"keys":[171,194],"grid":[" %!-"," $!.","01"," #!/","03","03"," !!0","06","!","!","!","!","!","!","!","!"]},"3364":{"keys":[171,192],"grid":[" %!-"," $!."," #!/"," !!0","!","!","!","!","!","!","!","!","!","!","!","!"]},"3503":{"keys":[171,194],"grid":[" "," "," "," "," "," "," "," "," "," "," "," "," 0!!","12","12","12"]},"3504":{"keys":[171,194],"grid":[" 0!!","00","00","00","00"," /!#","05","05","05","05","05","05","05"," .!$","13","13"]},"3505":{"keys":[171,194],"grid":[" .!$","00","00","00","00","00"," -!%","06","06","06","06","06","06","06"," ,!&","14"]},"3506":{"keys":[171,194],"grid":[" ,!&","00","00","00","00","00","00"," +!'","07","07","07","07","07","07","07","07"]},"3363":{"keys":[171,192],"grid":[" "," "," 0!!"," /!#"," .!$"," -!%","05"," ,!&"," +!'"," *!("," )!)"," (!*","11"," '!+"," &!,"," %!-"]},"3342":{"keys":[192,171],"grid":[" "," "," "," "," "," "," "," "," "," "," ","!$ .","!* (","!","!","!"]},"3388":{"keys":[192,194],"grid":[" "," "," "," "," "," "," "," "," ","!! 0","!% -","!( *","!+ '","!. $","!","!"]},"3407":{"keys":[194,171],"grid":[" "," "," "," "," "," ","!! 0","!# /","07","!$ .","!% -","10","10","!& ,","13","!' +"]},"3409":{"keys":[171,194],"grid":[" +!'"," ,!&","01","01"," -!%","04"," .!$","06","06"," /!#"," 0!!","10"," "," "," "," "]},"3408":{"keys":[171,194],"grid":[" '!+","00"," (!*","02","02","02"," )!)","06","06","06"," *!(","10","10","10"," +!'","14"]},"3507":{"keys":[171,194],"grid":[" *!(","00","00","00","00"," )!)","05","05"," (!*","08"," '!+","10"," &!,","12","12"," %!-"]}},"5490":{"3386":{"keys":[192,194],"grid":[" "," "," "," "," ","!! 0","!& ,","!) )","!, &","!. $","!","!","!","!","!","!"]},"3395":{"keys":[171,194],"grid":[" .!$"," /!#","01"," 0!!"," "," "," "," "," "," "," "," "," "," "," "," "]},"3394":{"keys":[194,171],"grid":[" ","!! 0","!# /","!$ .","03","!% -","!& ,","!' +","!( *","!) )","09","!* (","!+ '","!, &","13","!- %"]},"3341":{"keys":[192,171],"grid":[" "," "," "," "," "," "," "," "," "," ","!% -","!, &","!","!","!","!"]},"3372":{"keys":[171,192],"grid":[" +!'","00"," *!("," )!)"," (!*"," '!+"," &!,"," %!-"," $!.","08"," #!/"," !!0","!","!","!","!"]},"3371":{"keys":[171,192],"grid":[" "," "," "," "," "," "," "," "," "," "," 0!!","10"," /!#"," .!$"," -!%"," ,!&"]}},"5491":{"3386":{"keys":[192,194],"grid":[" "," "," "," "," "," "," "," "," "," ","!! 0","!% -","!( *","!+ '","!. $","!"]},"3341":{"keys":[192,171],"grid":[" "," "," "," "," "," "," "," "," "," "," "," ","!! 0","!) )","!/ #","!"]},"3395":{"keys":[194,171],"grid":[" "," "," "," "," "," ","!! 0","!# /","!$ .","08","!* (","!0 !","!","!","!","!"]},"3371":{"keys":[171,192],"grid":[" )!)"," (!*"," '!+"," &!,"," %!-","04"," $!."," #!/"," !!0","!","!","!","!","!","!","!"]},"3370":{"keys":[171,192],"grid":[" "," "," "," "," "," "," "," 0!!","07"," /!#"," .!$"," -!%"," ,!&"," +!'","13"," *!("]}},"5492":{"3386":{"keys":[192],"grid":[" "," "," "," "," "," "," "," "," "," "," "," "," "," "," "," "]},"3387":{"keys":[194,192],"grid":[" $!."," '!+"," +!'"," .!$"," "," "," "," "," "," "," "," "," "," "," "," "]},"3395":{"keys":[194,171],"grid":[" "," "," "," "," "," "," "," "," "," "," "," ","!! 0","!$ .","!% -","14"]},"3369":{"keys":[171,192],"grid":[" "," "," "," "," 0!!"," /!#"," .!$","06"," -!%"," ,!&"," +!'","10"," *!("," )!)"," (!*"," '!+"]},"3397":{"keys":[171,194],"grid":[" (!*","00","00","00","00","00","00"," '!+","07"," &!,","09"," %!-","11"," $!.","13","13"]},"3396":{"keys":[171,194],"grid":[" &!,","00"," '!+","02","02","02"," (!*","06","06","06","06"," )!)","11","11","11","06"]},"3399":{"keys":[171,194],"grid":[" &!,","00"," '!+","02"," (!*"," )!)","05"," *!("," +!'"," ,!&"," -!%"," .!$"," 0!!"," "," "," "]},"3398":{"keys":[171,194],"grid":[" #!/","00","00","00","00","00","00","00","00","00"," $!.","10","10"," %!-","13","13"]},"3341":{"keys":[192,171],"grid":[" "," "," "," "," "," "," "," "," "," "," "," "," "," "," ","!& ,"]},"3370":{"keys":[171,192],"grid":[" &!,"," %!-","01"," $!."," #!/"," !!0","!","!","!","!","!","!","!","!","!","!"]},"3342":{"keys":[171,192],"grid":[" ,!&"," "," "," "," "," "," "," "," "," "," "," "," "," "," "," "]}},"5493":{"3387":{"keys":[192,194],"grid":[" "," "," "," "," ","!$ .","!' +","!* (","!- %","!0 !","!","!","!","!","!","!"]},"3342":{"keys":[192,171],"grid":[" ","!# /","!) )","!0 !","!","!","!","!","!","!","!","!","!","!","!","!"]},"3368":{"keys":[171,192],"grid":[" 0!!","00"," /!#"," .!$"," -!%"," ,!&"," +!'","06"," *!("," )!)"," (!*","10"," '!+"," &!,"," %!-"," $!."]},"3369":{"keys":[171,192],"grid":[" #!/","00"," !!0","!","!","!","!","!","!","!","!","!","!","!","!","!"]},"3399":{"keys":[194,171],"grid":[" "," "," "," "," "," "," "," "," "," "," "," "," "," ","!! 0","!# /"]},"3367":{"keys":[171],"grid":[" "," "," "," "," "," "," "," "," "," "," "," "," "," "," "," "]},"3401":{"keys":[171,194],"grid":[" (!*"," )!)","01","01","01"," *!(","05","05"," +!'","08","08"," ,!&","11","11"," -!%"," .!$"]},"3400":{"keys":[171,194],"grid":[" $!."," %!-"," &!,"," '!+","03","03","03","03"," (!*","08","08","08","08","08","08","08"]},"3402":{"keys":[171,194],"grid":[" .!$"," /!#"," "," "," "," "," "," "," "," "," "," "," "," "," "," "]}},"5568":{"3390":{"keys":[192,194],"grid":[" "," "," "," "," "," "," "," "," "," ","!! 0","!* (","!","!","!","!"]}},"5569":{"3390":{"keys":[192,194],"grid":[" "," "," "," "," "," "," "," "," "," "," "," ","!& ,","!- %","!","!"]}},"5564":{"3390":{"keys":[192,194],"grid":[" "," "," "," "," "," "," "," "," "," "," "," "," "," ,!&"," %!-","!"]}},"5565":{"3390":{"keys":[192,194],"grid":[" "," "," "," "," "," "," "," "," "," "," "," "," %!-","!","!","!"]}},"5566":{"3390":{"keys":[192,194],"grid":[" "," "," "," "," "," "," "," "," "," "," "," )!)","!","!","!","!"]}},"5567":{"3390":{"keys":[192,194],"grid":[" "," "," "," "," "," "," "," "," "," "," !!- $","!","!","!","!","!"]}},"5560":{"3391":{"keys":[192,194],"grid":[" "," "," "," "," "," "," "," "," 0!!"," ,!&"," *!("," (!*"," '!+"," %!-"," $!."," !!0"]}},"5561":{"3391":{"keys":[192,194],"grid":[" "," "," "," "," "," "," "," ","!# /","!) '!#","!","!","!","!","!","!"]}},"5562":{"3391":{"keys":[192,194],"grid":[" "," /!#"," ,!&"," )!)"," '!+"," %!-"," $!."," !!0","!","!","!","!","!","!","!","!"]}},"5563":{"3391":{"keys":[192,194],"grid":[" #!/","!","!","!","!","!","!","!","!","!","!","!","!","!","!","!"]},"3390":{"keys":[192,194],"grid":[" "," "," "," "," "," "," "," "," "," "," "," "," "," "," "," *!("]}},"5501":{"3489":{"keys":[171,194],"grid":[" "," "," "," "," "," "," "," "," "," "," "," "," ","!) )","!, &","!. $"]},"3390":{"keys":[194,192],"grid":[" (!*"," ,!&"," .!$"," "," "," "," "," "," "," "," "," "," "," "," "," "]},"3346":{"keys":[171,192],"grid":[" *!(","00","00","00","00","00","00","00","00","00","00"," )!)","11","11","11","00"]},"3347":{"keys":[171,192],"grid":[" +!'","00"," ,!&"," -!%","03"," .!$"," /!#"," 0!!","07"," "," "," "," "," "," "," "]},"3490":{"keys":[194],"grid":[" "," "," "," "," "," "," "," "," "," "," "," "," "," "," "," "]},"3345":{"keys":[171,192],"grid":[" +!'","00","00","00","00","00","00","00","00","00"," *!(","10","10","10","10","10"]},"3414":{"keys":[171,194],"grid":[" /!#"," 0!!"," "," "," "," "," "," "," "," "," "," "," "," "," "," "]},"3412":{"keys":[194,171],"grid":[" "," "," "," "," "," "," "," "," "," "," "," "," "," "," ","!! 0"]},"3413":{"keys":[171,194],"grid":[" #!/"," $!.","01"," %!-"," &!,"," '!+","05"," (!*"," )!)"," *!("," +!'","10"," ,!&"," -!%"," .!$","14"]},"3344":{"keys":[192,171],"grid":[" "," ","!! 0","!# /","03","!$ .","!% -","!& ,","07","!' +","!( *","!) )","11","!* (","!+ '","14"]},"3389":{"keys":[192,194],"grid":[" "," "," "," "," "," "," "," "," "," "," "," "," "," ","!! 0","!% -"]},"3359":{"keys":[171,192],"grid":[" &!,"," %!-"," $!."," #!/"," !!0","04","!","!","!","!","!","!","!","!","!","!"]},"3358":{"keys":[171,192],"grid":[" "," "," "," 0!!","03"," /!#"," .!$"," -!%"," ,!&","08"," +!'"," *!("," )!)"," (!*"," '!+","14"]}},"5489":{"3386":{"keys":[194,192],"grid":[" #!/"," &!,"," )!)"," ,!&"," /!#"," "," "," "," "," "," "," "," "," "," "," "]},"3393":{"keys":[171,194],"grid":[" $!."," %!-","01"," &!,"," '!+"," (!*"," )!)","06"," *!("," +!'"," ,!&"," -!%"," .!$"," /!#","13"," 0!!"]},"3392":{"keys":[194,171],"grid":[" "," "," "," "," "," "," "," "," "," "," "," "," "," ","!! 0","!# /"]},"3394":{"keys":[171],"grid":[" "," "," "," "," "," "," "," "," "," "," "," "," "," "," "," "]},"3341":{"keys":[192,171],"grid":[" "," "," "," "," "," "," "," ","!( *","!. $","!","!","!","!","!","!"]},"3373":{"keys":[171,192],"grid":[" .!$"," -!%"," ,!&"," +!'","03"," *!("," )!)"," (!*"," '!+"," &!,","09"," %!-"," $!."," #!/"," !!0","!"]},"3372":{"keys":[171,192],"grid":[" "," "," "," "," "," "," "," "," "," "," "," "," "," 0!!","13"," /!#"]},"3385":{"keys":[192],"grid":[" "," "," "," "," "," "," "," "," "," "," "," "," "," "," "," "]}},"5488":{"3391":{"keys":[194,171],"grid":[" "," "," "," "," "," "," "," "," "," "," ","!! 0","!# /","!$ .","!% -","14"]},"3385":{"keys":[192,194],"grid":[" "," "," "," "," "," "," "," "," "," "," ","!# /","!' +","!) )","!, &","!0 !"]},"3375":{"keys":[171,192],"grid":[" #!/"," !!0","!","!","!","!","!","!","!","!","!","!","!","!","!","!"]},"3341":{"keys":[192,171],"grid":[" "," "," "," "," ","!$ .","!+ '","!","!","!","!","!","!","!","!","!"]},"3373":{"keys":[171],"grid":[" "," "," "," "," "," "," "," "," "," "," "," "," "," "," "," "]},"3374":{"keys":[171,192],"grid":[" 0!!"," /!#","01"," .!$"," -!%"," ,!&"," +!'","06"," *!("," )!)"," (!*"," '!+"," &!,"," %!-"," $!.","14"]},"3392":{"keys":[171,194],"grid":[" &!,"," '!+"," (!*"," )!)","03"," *!("," +!'"," ,!&"," -!%"," .!$"," /!#"," 0!!","11"," "," "," "]}},"5487":{"3391":{"keys":[171,194],"grid":[" )!)"," *!("," +!'","02"," ,!&"," -!%"," .!$"," /!#","07"," 0!!"," "," "," "," "," "," "]},"3390":{"keys":[194,171],"grid":[" "," "," "," "," "," "," "," ","!! 0","!# /","!$ .","10","!% -","!& ,","!' +","!( *"]},"3385":{"keys":[192,194],"grid":[" "," "," "," "," "," ","!$ .","!' +","!* (","!- %","!0 !","!","!","!","!","!"]},"3376":{"keys":[171,192],"grid":[" &!,"," %!-"," $!."," #!/"," !!0","!","!","!","!","!","!","!","!","!","!","!"]},"3375":{"keys":[171,192],"grid":[" "," "," "," 0!!","03"," /!#"," .!$"," -!%"," ,!&"," +!'"," *!(","10"," )!)"," (!*"," '!+"," &!,"]},"3341":{"keys":[192,171],"grid":[" "," "," ","!' +","!. $","!","!","!","!","!","!","!","!","!","!","!"]}},"5582":{"3390":{"keys":[194],"grid":[" "," "," "," "," "," "," "," "," "," "," "," "," "," "," "," "]},"3389":{"keys":[192,194],"grid":[" "," "," "," "," "," "," "," "," "," "," "," "," -!%"," *!("," '!+"," $!."]}},"5485":{"3384":{"keys":[192,194],"grid":[" "," "," "," "," "," "," "," "," "," "," "," ","!$ .","!( *","!+ '","!. $"]},"3385":{"keys":[194],"grid":[" "," "," "," "," "," "," "," "," "," "," "," "," "," "," "," "]},"3378":{"keys":[171,192],"grid":[" *!(","00"," )!)"," (!*"," '!+"," &!,","05"," %!-"," $!."," #!/"," !!0","!","!","!","!","!"]},"3377":{"keys":[171,192],"grid":[" "," "," "," "," "," "," "," "," "," 0!!"," /!#","10"," .!$"," -!%"," ,!&"," +!'"]},"3340":{"keys":[192,171],"grid":[" "," "," "," "," "," "," "," "," "," "," "," "," "," ","!& ,","!, &"]},"3341":{"keys":[171],"grid":[" "," "," "," "," "," "," "," "," "," "," "," "," "," "," "," "]},"3388":{"keys":[194,171],"grid":[" "," ","!! 0","!# /","!$ .","!% -","05","!& ,","!' +","!( *","!) )","!* (","11","!+ '","!, &","!- %"]},"3389":{"keys":[171,194],"grid":[" .!$"," /!#"," 0!!","02"," "," "," "," "," "," "," "," "," "," "," "," "]}},"5484":{"3386":{"keys":[194,171],"grid":[" "," "," "," "," "," "," "," "," "," "," "," "," "," "," ","!! 0"]},"3387":{"keys":[171,194],"grid":[" #!/"," $!.","01"," %!-"," &!,"," '!+"," (!*"," )!)"," *!(","08"," +!'"," ,!&"," -!%"," .!$"," /!#","14"]},"3384":{"keys":[192,194],"grid":[" "," "," "," "," "," "," ","!$ .","!( *","!+ '","!. $","!","!","!","!","!"]},"3379":{"keys":[171,192],"grid":[" -!%"," ,!&"," +!'"," *!(","03"," )!)"," (!*"," '!+"," &!,","08"," %!-"," $!."," #!/"," !!0","!","!"]},"3378":{"keys":[171,192],"grid":[" "," "," "," "," "," "," "," "," "," "," "," "," 0!!"," /!#","13"," .!$"]},"3340":{"keys":[192,171],"grid":[" "," "," "," "," "," "," "," "," "," "," ","!! 0","!( *","!/ #","!","!"]},"3388":{"keys":[171,194],"grid":[" 0!!"," "," "," "," "," "," "," "," "," "," "," "," "," "," "," "]}},"5483":{"3386":{"keys":[171,194],"grid":[" %!-"," &!,"," '!+"," (!*"," )!)"," *!("," +!'","06"," ,!&"," -!%"," .!$"," /!#"," 0!!","12"," "," "]},"3384":{"keys":[192,194],"grid":[" ","!! 0","!% -","!( *","!+ '","!/ #","!","!","!","!","!","!","!","!","!","!"]},"3385":{"keys":[194,171],"grid":[" "," "," "," "," "," "," "," "," "," "," "," ","!! 0","!# /","!$ .","14"]},"3379":{"keys":[171,192],"grid":[" "," "," "," "," "," "," "," "," "," "," "," "," "," "," "," 0!!"]},"3380":{"keys":[171,192],"grid":[" /!#","00"," .!$"," -!%"," ,!&"," +!'","05"," *!("," )!)"," (!*"," '!+"," &!,","11"," %!-"," $!."," #!/"]},"3381":{"keys":[171,192],"grid":[" !!0","!","!","!","!","!","!","!","!","!","!","!","!","!","!","!"]},"3340":{"keys":[192,171],"grid":[" "," "," "," "," "," "," "," "," ","!$ .","!+ '","!","!","!","!","!"]}},"5482":{"3384":{"keys":[194,192,171],"grid":[" /!#"," "," "," "," "," "," "," "," ","#! 0","## /","#$ .","#% -","12","#& ,","#' +"]},"3385":{"keys":[171,194],"grid":[" (!*"," )!)"," *!(","02"," +!'"," ,!&"," -!%"," .!$"," /!#"," 0!!","09"," "," "," "," "," "]},"3382":{"keys":[171,192],"grid":[" %!-"," $!."," #!/"," !!0","03","!","!","!","!","!","!","!","!","!","!","!"]},"3383":{"keys":[192,194],"grid":[" "," "," "," "," "," "," "," "," "," "," "," ","!! 0","!% -","!) )","!+ '"]},"3381":{"keys":[171,192],"grid":[" "," "," "," 0!!"," /!#"," .!$"," -!%"," ,!&"," +!'"," *!(","09"," )!)"," (!*"," '!+"," &!,","14"]},"3340":{"keys":[192,171],"grid":[" "," "," "," "," "," "," ","!' +","!. $","!","!","!","!","!","!","!"]}},"5481":{"3384":{"keys":[171,194],"grid":[" *!("," +!'"," ,!&"," -!%"," .!$","04"," /!#"," 0!!"," "," "," "," "," "," "," "," "]},"3382":{"keys":[171,192],"grid":[" "," "," "," "," "," "," 0!!"," /!#"," .!$"," -!%"," ,!&"," +!'","11"," *!("," )!)"," (!*"]},"3340":{"keys":[192,171],"grid":[" "," "," "," ","!# /","!* (","!0 !","!","!","!","!","!","!","!","!","!"]},"3383":{"keys":[171,192,194],"grid":[" '!+","00"," &!,"," %!-"," $!."," #!/"," !!0","05"," $#!!-"," $#&!)"," %#(!&"," &#*!#"," '#+"," (#*"," )#)","14"]}},"5583":{"3389":{"keys":[192,194],"grid":[" "," "," "," "," "," "," "," /!#"," +!'"," (!*"," %!-","!","!","!","!","!"]}},"5629":{"3347":{"keys":[192,194],"grid":[" "," "," "," "," "," "," "," "," .!$"," *!("," (!*","!","!","!","!","!"]}},"5579":{"3390":{"keys":[192,194],"grid":[" "," "," "," "," "," "," "," "," "," "," .!$"," +!'"," (!*"," %!-","!","!"]}},"5578":{"3391":{"keys":[192,194],"grid":[" *!("," '!+"," $!.","!","!","!","!","!","!","!","!","!","!","!","!","!"]},"3390":{"keys":[192,194],"grid":[" "," "," "," "," "," "," "," "," "," "," "," "," "," "," "," .!$"]}},"5577":{"3391":{"keys":[192,194],"grid":[" "," "," "," "," -!%"," *!("," &!,"," #!/","!","!","!","!","!","!","!","!"]}},"5576":{"3391":{"keys":[192,194],"grid":[" "," "," "," "," "," "," "," "," /!#"," ,!&"," )!)"," &!,"," !!0","!","!","!"]}},"5575":{"3391":{"keys":[192,194],"grid":[" "," "," "," "," "," "," "," "," "," ","!$ .","!' +","!+ '","!","!","!"]}},"5574":{"3391":{"keys":[192,194],"grid":[" "," "," "," "," ","!# /","!( *","!+ '","!. $","!0 !","!","!","!","!","!","!"]}},"5573":{"3391":{"keys":[192,194],"grid":[" "," "," ","!, &","!/ #","!","!","!","!","!","!","!","!","!","!","!"]}},"5572":{"3391":{"keys":[192,194],"grid":[" ","!# /","!/ #","!","!","!","!","!","!","!","!","!","!","!","!","!"]}},"5571":{"3391":{"keys":[194,192],"grid":[" ,!&"," "," "," "," "," "," "," "," "," "," "," "," "," "," "," "]}},"5570":{"3391":{"keys":[194],"grid":[" "," "," "," "," "," "," "," "," "," "," "," "," "," "," "," "]},"3390":{"keys":[192,194],"grid":[" "," "," "," "," "," "," "," "," "," "," "," "," "," ","!$ .","!+ '"]}},"5625":{"3347":{"keys":[192,194],"grid":[" "," "," "," ","!! 0","!$ .","!% -","!' +","!) )","!. $","!","!","!","!","!","!"]}},"5624":{"3346":{"keys":[192,194],"grid":[" "," "," "," "," "," "," "," "," "," "," "," "," "," ","!+ '","!- %"]},"3347":{"keys":[194,192],"grid":[" .!$"," /!#"," 0!!"," "," "," "," "," "," "," "," "," "," "," "," "," "]}},"5621":{"3346":{"keys":[194,192],"grid":[" -!%"," ,!&","01","01"," +!'"," *!(","05"," )!)"," (!*","08","08","08","05","01"," .!$"," 0!!"]},"3344":{"keys":[192,194],"grid":[" "," "," "," "," "," "," "," "," "," "," "," "," "," ","!' +","!* ("]},"3345":{"keys":[194,192],"grid":[" +!'"," ,!&","01"," -!%","03","03","03"," .!$","07","07","07","07","03","03","03","03"]}},"5486":{"3390":{"keys":[171,194],"grid":[" +!'"," ,!&"," -!%"," .!$"," /!#","04"," 0!!"," "," "," "," "," "," "," "," "," "]},"3385":{"keys":[192,194],"grid":[" ","!$ .","!' +","!* (","!- %","!","!","!","!","!","!","!","!","!","!","!"]},"3377":{"keys":[171,192],"grid":[" (!*"," '!+"," &!,"," %!-","03"," $!."," #!/"," !!0","!","!","!","!","!","!","!","!"]},"3376":{"keys":[171,192],"grid":[" "," "," "," "," "," "," 0!!"," /!#","07"," .!$"," -!%"," ,!&"," +!'"," *!(","13"," )!)"]},"3341":{"keys":[171,192],"grid":[" #!/"," *!("," "," "," "," "," "," "," "," "," "," "," "," "," "," "]},"3389":{"keys":[194,171],"grid":[" "," "," "," "," ","!! 0","!# /","!$ .","!% -","08","!& ,","!' +","!( *","!) )","!* (","14"]}},"5620":{"3344":{"keys":[192,194],"grid":[" "," "," "," "," "," "," "," "," "," "," "," "," "," !!/ !","!","!"]}},"5548":{"3393":{"keys":[192,194],"grid":[" "," "," "," "," "," "," "," "," "," "," "," "," ","!$ .","!* (","!. $"]}},"5549":{"3393":{"keys":[192],"grid":[" "," "," "," "," "," "," "," "," "," "," "," "," "," "," "," "]},"3394":{"keys":[194,192],"grid":[" $!."," )!)"," .!$"," "," "," "," "," "," "," "," "," "," "," "," "," "]}},"5542":{"3392":{"keys":[192,194],"grid":[" "," "," "," "," "," "," "," "," "," "," "," "," "," +!'","!","!"]}},"5543":{"3393":{"keys":[194],"grid":[" "," "," "," "," "," "," "," "," "," "," "," "," "," "," "," "]},"3392":{"keys":[192,194],"grid":[" "," "," "," "," "," "," "," "," "," "," "," "," ","!! 0","!' +","!- %"]}},"5540":{"3393":{"keys":[192,194],"grid":[" ,!&"," !!0","!","!","!","!","!","!","!","!","!","!","!","!","!","!"]}},"5541":{"3393":{"keys":[194],"grid":[" "," "," "," "," "," "," "," "," "," "," "," "," "," "," "," "]},"3392":{"keys":[192,194],"grid":[" "," "," "," "," "," "," "," "," "," "," "," "," "," "," "," &!,"]}},"5546":{"3393":{"keys":[192,194],"grid":[" "," "," "," "," "," "," ","!% -","!, &","!/ #","!","!","!","!","!","!"]}},"5547":{"3393":{"keys":[192,194],"grid":[" "," "," "," "," "," "," "," "," "," ","!% -","!+ '","!/ #","!","!","!"]}},"5544":{"3393":{"keys":[192,194],"grid":[" ","!' +","!, &","!0 !","!","!","!","!","!","!","!","!","!","!","!","!"]}},"5545":{"3393":{"keys":[192,194],"grid":[" "," "," "," ","!& ,","!, &","!0 !","!","!","!","!","!","!","!","!","!"]}},"5480":{"3340":{"keys":[171,192],"grid":[" )!)"," *!(","01"," ,!&"," "," "," "," "," "," "," "," "," "," "," "," "]},"3333":{"keys":[171,192],"grid":[" #!/","00"," $!.","02","02","02"," %!-","06","06","06"," &!,","10","10","10","06","06"]},"3332":{"keys":[192,171],"grid":[" "," "," ","!! 0","03","03","03","03","03","03","03","03","03","!# /","13","13"]},"3331":{"keys":[192],"grid":[" "," "," "," "," "," "," "," "," "," "," "," "," "," "," "," "]},"3337":{"keys":[171,192],"grid":[" #!/","00","00"," $!.","03","03","03"," %!-","07","07"," &!,","10","10"," '!+","13","13"]},"3336":{"keys":[192,171],"grid":[" "," "," "," "," "," "," "," "," "," "," "," "," ","!! 0","13","13"]},"3334":{"keys":[171,192],"grid":[" %!-","00","00"," $!.","03","03","03"," #!/","07"," !!0","09","09","09","!","!","!"]},"3328":{"keys":[171,192],"grid":[" !!0","00","00","00","00","00","00","00","00","00","!","!","!","!","!","!"]},"3339":{"keys":[171,192],"grid":[" )!)","00","00","00","00","00","00","00","00","00","00","00","00","00","00","00"]},"3338":{"keys":[171,192],"grid":[" '!+","00"," (!*","02","02","02","02","02"," )!)","08","08","08","08","08","08","08"]}},"5555":{"3395":{"keys":[192,194],"grid":[" +!'","00"," *!(","02","02"," )!)","05"," (!*","07"," '!+","09"," &!,"," $!.","!","!","!"]},"3394":{"keys":[192,194],"grid":[" "," "," "," 0!!","03"," /!#","05","05"," .!$","08","08"," -!%","11"," ,!&","13","13"]}},"5554":{"3395":{"keys":[192,194],"grid":[" "," "," "," "," "," ","!! 0","!$ .","!% -","!& ,","!( *","!* (","!, &","!","!","!"]}},"5557":{"3393":{"keys":[192,194],"grid":[" !!0","!","!","!","!","!","!","!","!","!","!","!","!","!","!","!"]},"3392":{"keys":[192,194],"grid":[" "," "," "," "," "," "," "," "," "," "," 0!!"," .!$"," +!'"," (!*"," &!,"," #!/"]}},"5556":{"3393":{"keys":[192,194],"grid":[" "," "," /!#"," .!$"," ,!&","04"," +!'"," *!("," )!)"," (!*"," '!+"," &!,"," %!-"," $!."," #!/","14"]},"3394":{"keys":[192,194],"grid":[" !!0","!","!","!","!","!","!","!","!","!","!","!","!","!","!","!"]}},"5551":{"3394":{"keys":[192,194],"grid":[" "," "," "," "," "," ","!# /","!( *","!- %","!","!","!","!","!","!","!"]}},"5550":{"3394":{"keys":[192,194],"grid":[" "," "," ","!# /","!) )","!- %","!","!","!","!","!","!","!","!","!","!"]}},"5553":{"3395":{"keys":[194,192],"grid":[" (!*"," *!("," ,!&"," .!$"," /!#"," "," "," "," "," "," "," "," "," "," "," "]},"3394":{"keys":[192,194],"grid":[" "," "," "," "," "," "," "," "," "," "," "," "," "," ","!# /","!% -"]}},"5552":{"3394":{"keys":[192,194],"grid":[" "," "," "," "," "," "," "," "," ","!! 0","!( *","!, &","!/ #","!","!","!"]}},"5559":{"3391":{"keys":[192],"grid":[" "," "," "," "," "," "," "," "," "," "," "," "," "," "," "," "]},"3392":{"keys":[192,194],"grid":[" 0!!"," *!("," &!,"," !!0","!","!","!","!","!","!","!","!","!","!","!","!"]}},"5558":{"3392":{"keys":[192,194],"grid":[" "," "," "," "," -!%"," )!)"," &!,"," %!-"," $!."," !!0","!","!","!","!","!","!"]}},"5601":{"3384":{"keys":[192,194],"grid":[" "," "," "," /!#"," ,!&"," (!*"," $!.","!","!","!","!","!","!","!","!","!"]}},"5600":{"3384":{"keys":[192,194],"grid":[" "," "," "," "," "," "," "," "," -!%"," +!'"," '!+"," $!.","!","!","!","!"]}},"5520":{"3424":{"keys":[194,171],"grid":[" "," "," "," "," "," "," "," "," ","!! 0","!# /","!$ .","!& ,","!' (!$","!","!"]},"3395":{"keys":[192,194],"grid":[" "," )!)","!","!","!","!","!","!","!","!","!","!","!","!","!","!"]},"3468":{"keys":[171,194],"grid":[" ","!# /","!' )!#","!","!","!","!","!","!","!","!","!","!","!","!","!"]}},"5521":{"3467":{"keys":[171,194],"grid":[" "," "," "," "," "," "," "," /!#"," -!%"," ,!&"," +!'"," *!("," )!)"," (!*"," '!+"," %!-"]},"3424":{"keys":[194,171],"grid":[" "," "," "," "," "," "," "," "," "," "," "," "," ,!&","!","!","!"]},"3395":{"keys":[192,194],"grid":[" #!/","!","!","!","!","!","!","!","!","!","!","!","!","!","!","!"]},"3394":{"keys":[192,194],"grid":[" "," "," "," "," "," "," "," "," "," "," "," "," "," "," "," +!'"]},"3468":{"keys":[171,194],"grid":[" !!0","!","!","!","!","!","!","!","!","!","!","!","!","!","!","!"]}},"5522":{"3467":{"keys":[171,194],"grid":[" "," "," "," "," "," "," ","!# /","!% -","!& ,","!' %!'","!","!","!","!","!"]},"3394":{"keys":[192,194],"grid":[" "," "," "," "," "," "," "," "," "," "," "," "," "," /!#"," $!.","!"]},"3424":{"keys":[194,171],"grid":[" "," "," "," "," "," "," "," "," "," "," -!%"," #!/","!","!","!","!"]}},"5523":{"3467":{"keys":[171,194],"grid":[" .!$","00","00"," /!#","03","03"," -!%"," $!."," !!0","!","!","!","!","!","!","!"]},"3466":{"keys":[171,194],"grid":[" "," "," "," "," "," "," "," "," "," "," "," "," "," 0!!"," /!#","14"]},"3394":{"keys":[192,194],"grid":[" "," "," "," "," "," "," "," "," "," "," "," "," (!*","!","!","!"]},"3424":{"keys":[194,171],"grid":[" "," "," "," "," "," "," "," "," /!#"," %!-","!","!","!","!","!","!"]}},"5524":{"3466":{"keys":[171,194],"grid":[" "," "," "," "," "," "," "," '!$ ("," &!* !!!"," %!-"," $!."," #!/"," !!0","!","!","!"]},"3429":{"keys":[171,194],"grid":[" *!(","00"," )!)","02","02","02","02","02","02","02"," (!*","10","10","10","10","10"]},"3428":{"keys":[171,194],"grid":[" -!%","00","00"," ,!&","03","03","03","03"," +!'","08","08","08","08"," *!(","13","13"]},"3394":{"keys":[192,194],"grid":[" "," "," "," "," "," "," "," "," "," "," *!("," !!0","!","!","!","!"]},"3430":{"keys":[171,194],"grid":[" '!+","00","00","00","00","00"," &!,","06","06","06","06"," %!-","11","11","11","06"]},"3431":{"keys":[171,194],"grid":[" &!,","00","00","00","00"," '!+","05","05","05","05"," (!*","10","10","10"," )!)","14"]},"3432":{"keys":[171,194],"grid":[" )!)","00","00","00"," *!(","04","04","04"," +!'","08","08","08","08"," ,!&","13","13"]},"3433":{"keys":[171,194],"grid":[" ,!&","00","00"," -!%","03","03","03"," .!$","07","07","07","07"," /!#","12","12","12"]},"3427":{"keys":[171,194],"grid":[" 0!!"," /!#","01","01","01","01"," .!$","06","06","06","06","06","06"," -!%","13","13"]},"3426":{"keys":[171,194],"grid":[" "," "," "," "," "," "," "," "," "," "," "," "," 0!!","12","12","12"]},"3425":{"keys":[171],"grid":[" "," "," "," "," "," "," "," "," "," "," "," "," "," "," "," "]},"3424":{"keys":[194,171],"grid":[" "," "," "," "," "," "," "," &!) $","!/ #","08","08","08","!0 !","12","12","12"]},"3451":{"keys":[171,194],"grid":[" -!%"," /!#"," "," "," "," "," "," "," "," "," "," "," "," "," "," "]},"3434":{"keys":[171,194],"grid":[" /!#"," 0!!","01","01","01","01"," "," "," "," "," "," "," "," "," "," "]},"3450":{"keys":[171,194],"grid":[" "," "," "," "," "," "," "," "," /!#"," +!'"," *!(","10","10","10","09"," ,!&"]},"3447":{"keys":[171],"grid":[" "," "," "," "," "," "," "," "," "," "," "," "," "," "," "," "]},"3448":{"keys":[171],"grid":[" "," "," "," "," "," "," "," "," "," "," "," "," "," "," "," "]}},"5525":{"3438":{"keys":[171,194],"grid":[" -!%","00","00","00","00","00","00","00"," .!$","08","08","08","08","08","08","08"]},"3439":{"keys":[171,194],"grid":[" .!$","00","00","00","00"," /!#","05","05","05","05","05","05","05","05","05","05"]},"3450":{"keys":[171,194],"grid":[" $!.","00","00","00","00"," #!/"," !!0","!","!","!","!","!","!","!","!","!"]},"3451":{"keys":[194,171],"grid":[" "," "," ","!! 0","!# /","!% -","!& ,","!( *","!) )","!+ '","!- %","!/ #","!0 !","!","!","!"]},"3449":{"keys":[171,194],"grid":[" (!*","00","00"," )!)","03","00","00","00"," '!+"," &!,","09"," %!-","11","11"," $!.","14"]},"3394":{"keys":[192,194],"grid":[" "," "," "," "," "," "," "," "," .!$"," $!.","!","!","!","!","!","!"]},"3466":{"keys":[171,194],"grid":[" "," "," "," "," "," "," "," %!-","!","!","!","!","!","!","!","!"]},"3445":{"keys":[171,194],"grid":[" "," "," "," "," "," "," "," "," "," "," "," "," "," "," 0!!","14"]},"3434":{"keys":[194,171],"grid":[" "," "," "," "," "," "," "," "," "," "," ","!! 0","11","11","11","!# /"]},"3447":{"keys":[171,194],"grid":[" '!+","00"," &!,","02"," %!-","04"," $!.","06"," #!/","08"," !!0","10","10","10","!","!"]},"3446":{"keys":[171,194],"grid":[" /!#","00"," .!$","02"," -!%","04"," ,!&"," +!'","07"," *!(","09"," )!)","11"," (!*","13","13"]},"3441":{"keys":[171],"grid":[" "," "," "," "," "," "," "," "," "," "," "," "," "," "," "," "]},"3440":{"keys":[171,194],"grid":[" /!#","00"," 0!!","02","02","02","02","02","02","02","02","02","02","02","02"," "]},"3436":{"keys":[171,194],"grid":[" &!,","00","00","00"," '!+","04","04","04"," (!*","08","08","08","08"," )!)","13","13"]},"3435":{"keys":[171,194],"grid":[" #!/","00","00","00","00"," $!.","05","05","05","05"," %!-","10","10","10"," &!,","14"]},"3426":{"keys":[171,194],"grid":[" #!/","00","00","00"," !!0","04","04","!","!","!","!","!","!","!","!","!"]},"3425":{"keys":[194,171],"grid":[" "," ","!! 0","02","02","!# /","05","05","05","05","05","05","05","05","05","05"]},"3437":{"keys":[171,194],"grid":[" )!)","00"," *!(","02","02","02","02"," +!'","07","07","07","07"," ,!&","12","12","12"]},"3448":{"keys":[194,171],"grid":[" "," "," "," "," "," "," ","!! 0","07","!# /","!$ .","10","!% -","!& ,","!' +","14"]}},"5526":{"3466":{"keys":[171,194],"grid":[" "," "," "," "," "," "," "," ","!$ ,!#","!& '!&","!","!","!","!","!","!"]},"3451":{"keys":[194,171],"grid":[" "," "," "," "," "," "," "," "," "," .!$"," ,!&"," *!("," (!*","!! $!-","!","!"]},"3394":{"keys":[192,194],"grid":[" "," "," "," "," "," "," "," (!*","!","!","!","!","!","!","!","!"]},"3445":{"keys":[171,194],"grid":[" &!,","00","00","00","00"," %!-","05","05"," $!."," #!/","09"," !!0","!","!","!","!"]},"3444":{"keys":[171,194],"grid":[" %!-","00","00","00","00","00","00","00","00","00","00","00"," &!,","12","12","12"]},"3441":{"keys":[194,171],"grid":[" "," "," "," "," "," "," "," "," "," "," ","!! 0","11","11","11","11"]},"3443":{"keys":[171,194],"grid":[" #!/","00","00"," $!.","03","03","03","03","03","03","03","03","03","03","03","03"]},"3442":{"keys":[171,194],"grid":[" !!0","00","00","00","00","00","00"," #!/","07","07","07","07","07","07","07","07"]}},"5527":{"3466":{"keys":[171,194],"grid":[" "," "," "," "," "," "," ","!( *","!+ '","!","!","!","!","!","!","!"]},"3451":{"keys":[194,171],"grid":[" "," "," "," "," "," "," "," "," ","!! 0","!$ .","!% -","!( !!)","!","!","!"]},"3394":{"keys":[192,194],"grid":[" "," "," "," "," "," -!%"," !!0","!","!","!","!","!","!","!","!","!"]}},"5528":{"3452":{"keys":[171,194],"grid":[" &!* #"," "," "," "," "," "," "," "," "," "," "," "," "," "," "," "]},"3466":{"keys":[171,194],"grid":[" "," "," "," "," "," "," "," "," #!! -!!","!","!","!","!","!","!","!"]},"3451":{"keys":[194,171],"grid":[" "," "," "," "," "," "," "," "," "," "," "," "," ","!! 0","!$ .","!% ,!!"]},"3394":{"keys":[192,194],"grid":[" "," "," "," .!$"," $!.","!","!","!","!","!","!","!","!","!","!","!"]}},"5529":{"3466":{"keys":[171,194],"grid":[" "," "," "," "," "," "," "," #!( (","!, &","!0 !","!","!","!","!","!","!"]},"3451":{"keys":[194,171],"grid":[" "," "," "," "," "," "," "," "," .!$"," (!*"," &!,"," $!."," !!0","12","!","!"]},"3394":{"keys":[192,194],"grid":[" "," "," (!*","!","!","!","!","!","!","!","!","!","!","!","!","!"]}},"5628":{"3347":{"keys":[192,194],"grid":[" "," "," "," "," "," "," "," "," "," '!' %"," $!, #","!","!","!","!","!"]}},"5609":{"3354":{"keys":[192,194],"grid":[" "," "," "," ,!&"," '!+"," !!0","!","!","!","!","!","!","!","!","!","!"]}},"5608":{"3354":{"keys":[192,194],"grid":[" "," "," "," "," "," "," -!%"," #!/","!","!","!","!","!","!","!","!"]}},"5533":{"3466":{"keys":[171,194],"grid":[" "," 0!!","01","01","01","01","01","01","01","01"," /!#"," .!$"," +!'","!","!","!"]},"3465":{"keys":[171],"grid":[" "," "," "," "," "," "," "," "," "," "," "," "," "," "," "," "]},"3451":{"keys":[194,171],"grid":[" %!-"," !!0","!","!","!","!","!","!","!","!","!","!","!","!","!","!"]},"3462":{"keys":[171,194],"grid":[" "," 0!!","01","01","01","01","01"," /!#","01","01","01","01","01","01","01"," "]},"3450":{"keys":[194,171],"grid":[" "," "," "," "," "," "," "," "," "," "," -!%"," +!'"," *!("," )!)"," (!*"," &!,"]},"3393":{"keys":[192,194],"grid":[" "," "," "," "," "," "," "," "," "," "," "," .!$"," #!/","!","!","!"]}},"5532":{"3466":{"keys":[171,194],"grid":[" "," "," "," "," "," "," "," "," "," &!! +"," #!* &","!- %","!. $","!","!","!"]},"3393":{"keys":[192,194],"grid":[" "," "," "," "," "," "," "," "," "," "," "," "," "," )!)","!","!"]},"3451":{"keys":[194,171],"grid":[" "," '!) #","!","!","!","!","!","!","!","!","!","!","!","!","!","!"]}},"5531":{"3466":{"keys":[171,194],"grid":[" "," "," "," "," "," "," "," "," "," "," "," -!# #"," *!(","!","!","!"]},"3393":{"keys":[192,194],"grid":[" "," "," "," "," "," "," "," "," "," "," "," "," "," "," "," '!+"]},"3451":{"keys":[194,171],"grid":[" "," '!* !"," $!.","!","!","!","!","!","!","!","!","!","!","!","!","!"]}},"5530":{"3466":{"keys":[171,194],"grid":[" "," "," "," "," "," "," "," "," ","!' +","!) )","!+ '","!. $","!","!","!"]},"3393":{"keys":[192],"grid":[" "," "," "," "," "," "," "," "," "," "," "," "," "," "," "," "]},"3451":{"keys":[194,171],"grid":[" "," "," "," +!'"," '!+"," &!,"," $!.","!","!","!","!","!","!","!","!","!"]},"3394":{"keys":[192,194],"grid":[" ,!&"," #!/","!","!","!","!","!","!","!","!","!","!","!","!","!","!"]}},"5537":{"3453":{"keys":[194,171],"grid":[" "," "," "," "," "," "," "," "," "," "," "," "," "," "," ","!! 0"]},"3393":{"keys":[192,194],"grid":[" "," "," "," "," "," )!)","!","!","!","!","!","!","!","!","!","!"]},"3454":{"keys":[171,194],"grid":[" #!/","00"," !!0","!","!","!","!","!","!","!","!","!","!","!","!","!"]}},"5536":{"3452":{"keys":[171,194],"grid":[" !!0"," #!/","01","01"," $!.","04"," %!-","06"," &!,","08"," '!+","10"," (!*"," )!)","13","13"]},"3453":{"keys":[171,194],"grid":[" *!(","00"," +!'","02"," ,!&","04"," -!%","06","06"," .!$"," /!#","10"," 0!!","12"," "," "]},"3393":{"keys":[192,194],"grid":[" "," "," "," "," "," "," /!#"," %!-","!","!","!","!","!","!","!","!"]},"3451":{"keys":[194],"grid":[" "," "," "," "," "," "," "," "," "," "," "," "," "," "," "," "]},"3454":{"keys":[171,194],"grid":[" "," "," "," ,!&"," )!)"," (!*"," '!+"," &!,"," %!-","08"," $!."," #!/"," !!0","!","!","!"]}},"5535":{"3393":{"keys":[192,194],"grid":[" "," "," "," "," "," "," "," "," ,!&"," !!0","!","!","!","!","!","!"]},"3451":{"keys":[194,171],"grid":[" "," "," "," "," "," "," "," '!! *"," #!+ %","!. $","09","!/ #","!0 !","12","!","!"]},"3456":{"keys":[171,194],"grid":[" %!-","00","00","00","00","00","00","00","00"," &!,","00","00","00","00","09","09"]},"3457":{"keys":[171,194],"grid":[" &!,","00","00","00","00","00","00","00","00","00","00","00","00","00","00","00"]},"3461":{"keys":[171,194],"grid":[" $!.","00","00","00","00","00","00","00"," #!/","!","!","!","!","!","!","!"]},"3455":{"keys":[171,194],"grid":[" .!$"," -!%"," &!! %!'"," &!,"," %!-","04","04","04","04","04","04","04","04","04","04","04"]},"3458":{"keys":[171,194],"grid":[" &!,","00","00","00","00","00","00","00"," '!+","00","00","00","08","08","00","00"]},"3460":{"keys":[171,194],"grid":[" &!,","00"," %!-","02","02"," $!.","05"," #!/"," !!0","08","08","!","!","08","07","07"]},"3454":{"keys":[171,194],"grid":[" "," "," "," "," "," "," "," "," "," "," "," "," "," "," 0!!"," /!#"]},"3459":{"keys":[171,194],"grid":[" &!,","00","00","00","00","00","00","00","00","00","00","00","00","00","00","00"]}},"5534":{"3465":{"keys":[171,194],"grid":[" !!0","00","!","!","!","!","!","!","!","!","!","!","!","!","!","!"]},"3464":{"keys":[171,194],"grid":[" !!0"," #!/","01","01","01","01","01","01","01","01","01","01","01","01","01","01"]},"3463":{"keys":[194,171],"grid":[" "," ","!! 0","02","02","02","02","02","02","02","02","02","02","02","02","02"]},"3462":{"keys":[194],"grid":[" "," "," "," "," "," "," "," "," "," "," "," "," "," "," "," "]},"3461":{"keys":[171,194],"grid":[" "," "," "," "," "," "," "," "," "," "," /!#"," ,!&"," &!,"," $!."," !!0","!"]},"3450":{"keys":[194,171],"grid":[" "," "," "," "," "," "," "," "," "," "," ","!# /","!$ .","!% -","13","!& ,"]},"3451":{"keys":[171,194],"grid":[" &!,"," '!+","01"," (!*"," )!)"," *!("," ,!&"," -!%"," 0!!"," "," "," "," "," "," "," "]},"3393":{"keys":[192,194],"grid":[" "," "," "," "," "," "," "," "," "," "," (!*","!","!","!","!","!"]}},"5539":{"3393":{"keys":[192,194],"grid":[" "," "," )!)","!","!","!","!","!","!","!","!","!","!","!","!","!"]}},"5538":{"3393":{"keys":[192,194],"grid":[" "," "," "," .!$"," #!/","!","!","!","!","!","!","!","!","!","!","!"]}},"5630":{"3346":{"keys":[192],"grid":[" "," "," "," "," "," "," "," "," "," "," "," "," "," "," "," "]},"3347":{"keys":[192,194],"grid":[" /!#"," .!$"," ,!&"," +!'"," )!)"," '!+"," $!.","!","!","!","!","!","!","!","!","!"]}},"5631":{"3346":{"keys":[192,194],"grid":[" "," "," "," "," "," "," "," "," "," "," "," "," "," "," &!$ %!%"," !!0"]}}}}