{"9":{"379":{"175":{"keys":[183,1,2,196],"grid":[" *!##&"," +!!#&"," +!##%"," ,!##$"," -!%"," "," "," "," )!)"," )!!$(","09"," (!#$("," '!#$)"," &!#$*"," &!!$+","14"]},"174":{"keys":[2,1,183],"grid":[" $!# ,"," #!& *"," #!!#$!! *","02","!$#$!! *","!!#$!$ *","!!##!# ,","##!# -","##!! .","##!' )","#(!! )","#(!# (","11","11","#)!$ &","#+!! &"]}},"378":{"174":{"keys":[2,1,183],"grid":[" "," "," "," "," "," "," 0!!"," /!#"," ,!%#!","!% (!!#%","!!#! !!!  !!####","#$!$#!!# !!!#&","#%!!#$!$#&","#","#","#"]}},"380":{"175":{"keys":[2,1,183,196],"grid":[" "," "," "," ","!# /","#!!# .","##!! .","##!! )!&","!!#!!! $!'$#!#","!% $!!$(!!","$$!&$(!!","$/!#","11","$0!!","13","$-!%"]}},"381":{"175":{"keys":[2,1,202],"grid":[" &!##*"," '!!#*","01","00"," $!$#+"," #!##-"," !!##.","!$#.","#","#","#","#","#","!!#0","13","#"]},"174":{"keys":[2,1,202],"grid":[" "," "," "," "," "," "," "," "," "," "," "," 0!!"," (!*"," '!##)"," '!!#*"," &!##*"]}},"382":{"174":{"keys":[2,1,202],"grid":[" "," "," "," "," "," "," /!#"," .!$"," .!!##"," '!# &!##!","09","!! &!$ #!$##","!# $!##!!%#%","#!!'#!!##'","#","#"]}},"383":{"174":{"keys":[2,1,202],"grid":[" (!!#)"," (!$#'"," *!!#'","02","01"," %!%#)"," $!##,","!! !!##-","!$#.","#","#","#","#","#","#","#"]},"173":{"keys":[2,1,202],"grid":[" "," "," "," "," "," "," "," "," "," "," 0!!"," ,!&"," (!'#$"," '!##)"," (!!#)","14"]}},"368":{"168":{"keys":[2,1,183],"grid":[" "," "," ","!! 0","03","!# /","#!!! /","#!!# .","##!# -","#$!! -","#$!# ,","#%!! ,","#%!# +","#&!# *","#'!! *","#'!# )"]},"169":{"keys":[183,1,2],"grid":[" (!!#)"," (!##("," )!!#("," )!##'"," *!##&"," +!!#&","05"," +!##%"," ,!!#%"," ,!##$"," -!!#$"," -!###"," .!!##"," .!##!"," /!!#!","14"]},"170":{"keys":[183,1],"grid":[" /!#"," 0!!","01"," "," "," "," "," "," "," "," "," "," "," "," "," "]}},"369":{"171":{"keys":[183,1,2],"grid":[" '!##)"," (!!#)","01"," (!##("," )!!#("," )!##'"," *!!#'"," *!##&"," +!!#&"," +!##%"," ,!!#%"," ,!%#!"," -!%"," -!$ !"," .!# !","14"]},"170":{"keys":[2,1,183],"grid":[" "," ","!! 0","02","!# /","#!!! /","#!!# .","##!! .","##!# -","#$!! -","#$!# ,","#%!! ,","#%!# +","#&!! +","#&!# *","#'!! *"]}},"371":{"171":{"keys":[183,1,2],"grid":[" (!!#)"," '!##)"," '!!#*"," &!##*"," &!!#+","04"," %!##+"," %!!#$!&#$"," %!& $!!#$"," -!###","09","09"," .!##!","12"," .!!##"," .!$"]},"170":{"keys":[2,1,183],"grid":[" "," "," "," "," "," "," "," "," "," "," "," ","!# /","#!!! /","#!!# #!# *","##!' )"]}},"370":{"171":{"keys":[2,1,183],"grid":[" '!!#*","00"," '!##)"," (!!#)","03","03","03"," &!$#)"," &!!#+"," !!&#+","!##/","!!#0","11","#","#","#"]},"170":{"keys":[2,1,183],"grid":[" "," "," "," "," "," "," "," "," "," "," ,!! %"," ,!% !"," +!###!#"," +!!#&","13"," '!&#&"]}},"373":{"172":{"keys":[183,1],"grid":[" &!! +"," "," "," "," "," "," "," "," "," "," "," "," "," "," "," "]},"171":{"keys":[2,1,183],"grid":[" "," "," "," "," "," "," "," "," "," +!& !"," +!!##!$"," +!!#&"," *!##&"," )!##'","!% $!##(","!##!!&#)"]}},"372":{"172":{"keys":[183,1],"grid":[" .!$"," "," "," "," "," "," "," "," "," "," "," "," "," "," "," "]},"171":{"keys":[2,1,183],"grid":[" "," "," "," "," "," "," "," "," "," "," "," "," "," %!# !!# ("," $!) %!!","!%#'!% !!!"]}},"375":{"173":{"keys":[183,1,2],"grid":[" .!!##"," .!##!"," /!#"," "," "," "," "," "," "," "," "," "," "," "," "," "]},"172":{"keys":[183,1,2],"grid":[" '!##)"," (!##("," )!!#("," )!##'"," *!##&"," +!##%"," ,!##$"," -!###","07"," -!!#$","09","09","07"," .!!##","13","13"]},"171":{"keys":[2,1,183],"grid":[" "," "," "," "," "," "," "," "," ","!! 0","!% -","#$!# ,","#%!# +","#&!# *","#'!! *","14"]}},"374":{"171":{"keys":[2,1,183],"grid":[" "," "," "," "," "," "," $!) &"," $!!#'!$ $"," !!$#(!&","!##.!!","!!#0","#","#","#","#","#"]}},"377":{"174":{"keys":[1,2,183],"grid":[" #!/","#! !!/","#! #!.","## !!.","## #!-","04","04","#$ #!! $!# #!$","#% $#! &!$","#- %","#","#","#","#","#","#"]},"173":{"keys":[2,1],"grid":[" "," "," "," "," "," "," "," "," "," "," "," "," "," ","!! 0","14"]}},"376":{"173":{"keys":[2,1,183],"grid":[" "," !!# .","!( *","#$!##!!# )","#(!# (","#)!$ &","#+!% #","#+!!##!! #","#.!# !","#/!#","#.!$","#.!! #","11","08","09","#"]}}},"13":{"6131":{"2790":{"keys":[2,202],"grid":[" "," "," "," -!$ !"," +!'","04"," *!("," )!)"," (!*","08"," '!+"," &!,","11","11"," %!-","14"]},"2791":{"keys":[2,202],"grid":[" $!.","00","00"," #!/","03","03"," !!0","06","!","!","!","!","!","!","!","!"]}},"6125":{"2792":{"keys":[2,202],"grid":[" -!%","00","00","00","00","00","00","00","00","00"," ,!&","10","10","00","00"," .!$"]},"2793":{"keys":[2,202],"grid":[" /!#"," 0!!","01"," "," "," "," "," "," "," "," "," "," "," "," "," "]},"2791":{"keys":[2,202],"grid":[" "," 0!!"," .!$"," -!%"," ,!&"," +!'"," *!(","06","06","06"," )!)","06","06","05","05","04"]},"2794":{"keys":[2,202],"grid":[" "," "," "," "," "," "," "," "," "," "," "," "," "," 0!!","13"," /!#"]},"2795":{"keys":[2,202],"grid":[" /!#"," .!$"," ,!&"," &!,","!","!","!","!","!","!","!","!","!","!","!","!"]}},"6124":{"2795":{"keys":[2,202],"grid":[" "," "," "," "," 0!!"," .!$","05"," -!%"," ,!&","08"," +!'","10","10"," )!)"," &!,","!"]}},"6127":{"2790":{"keys":[2,202],"grid":[" "," "," "," "," "," "," "," "," "," "," "," "," "," "," ","!! 0"]},"2791":{"keys":[202,2],"grid":[" #!/"," %!-"," &!,"," (!*","03"," )!)"," *!("," +!'"," ,!&"," -!%"," .!$"," /!#","11"," 0!!"," "," "]}},"6126":{"2793":{"keys":[202,2],"grid":[" "," "," "," "," ","!! 0","!$ .","!% -","07","07","!& ,","!' +","!( *","!) )","13","13"]},"2790":{"keys":[2,202],"grid":[" "," "," "," "," "," "," "," "," "," "," "," "," "," )!' #"," $!."," #!/"]},"2791":{"keys":[202],"grid":[" "," "," "," "," "," "," "," "," "," "," "," "," "," "," "," "]},"2794":{"keys":[2,202],"grid":[" )!)","00","00"," (!*"," '!+"," &!,"," %!-"," $!."," #!/","08"," !!0","!","!","!","!","!"]}},"6121":{"2796":{"keys":[2,202],"grid":[" "," "," "," "," "," "," "," 0!!","07"," /!#"," .!$"," -!%","11"," ,!&"," +!'"," $!."]},"2797":{"keys":[2,202],"grid":[" #!/","!","!","!","!","!","!","!","!","!","!","!","!","!","!","!"]}},"6120":{"2796":{"keys":[202,2],"grid":[" '!+","00","00"," &!,","03","03","03","03","03","03","03","00","00"," (!*","13"," )!)"]},"2797":{"keys":[202,2],"grid":[" *!("," +!'"," "," "," "," "," "," "," "," "," "," "," "," "," "," "]},"2795":{"keys":[2,202],"grid":[" "," "," "," "," "," "," "," "," "," ","!! 0","!# /","!$ .","!% -","!& ,","!' +"]}},"6088":{"2808":{"keys":[2,196],"grid":[" "," "," "," "," "," "," ","!! -!$","!$ )!&","!' %!'","!) !!(","!","!","!","!","!"]}},"6089":{"2808":{"keys":[2,196],"grid":[" "," "," "," "," &!,"," $!.","!","!","!","!","!","!","!","!","!","!"]}},"6086":{"2808":{"keys":[2],"grid":[" "," "," "," "," "," "," "," "," "," "," "," "," "," "," "," "]},"2810":{"keys":[2,196],"grid":[" "," "," "," "," "," )!# '"," '!+"," %!-"," #!/","!","!","!","!","!","!","!"]}},"6087":{"2808":{"keys":[2,196],"grid":[" "," "," "," "," "," "," "," 0!!"," $!.","!","!","!","!","!"," !!0","14"]},"2809":{"keys":[2,196],"grid":[" #!/"," $!.","01"," %!-","03","03","03","03","03","03","03","03","03","03","03","03"]},"2810":{"keys":[2,196],"grid":[" %!-","00"," $!.","02","02"," #!/","!","!","!","!","!","!","!","!","!","!"]}},"6084":{"2810":{"keys":[196,2],"grid":[" !!0"," $!."," &!,"," )!)"," *!("," +!'"," -!%"," .!$"," /!#"," 0!!"," "," "," "," "," "," "]}},"6085":{"2810":{"keys":[2,196],"grid":[" "," "," "," "," "," "," "," "," "," ","!! /!!","!# ,!$","!$ *!%","!% '!'","!","!"]}},"6082":{"2808":{"keys":[183,2],"grid":[" )!)"," *!(","01","01","01","01","01","01","01","01","01","00","00","00"," (!*","14"]},"2809":{"keys":[183,2,196],"grid":[" '!+"," &!,","01"," %!-","03","## !!.","05","#&!,","#)!)","#*!(","#,!&","#-!%","#","#","#","#"]},"2806":{"keys":[183,2],"grid":[" +!'"," *!(","01"," )!)"," (!*","04"," '!+","06","06","06","04","04","04","03","01","01"]},"2807":{"keys":[183,2],"grid":[" +!'","00"," ,!&","02","02","02","00","00"," *!(","08"," )!)","10"," (!*","12","12","12"]},"2805":{"keys":[2,183],"grid":[" "," "," ,!# $","!/ #","!0 !","04","03","03","03","!. $","09","!- %","11","!, &","13","!+ '"]}},"6083":{"2809":{"keys":[2,196],"grid":[" "," "," "," "," "," "," "," "," "," "," "," ","!! 0","!% -","!. $","!0 !"]},"2810":{"keys":[196],"grid":[" "," "," "," "," "," "," "," "," "," "," "," "," "," "," "," "]}},"6080":{"2808":{"keys":[183,196],"grid":[" "," "," "," "," "," &!& '"," $!) &"," !!+ &","!, &","!- %","09","!. $","11","11","!/ #","14"]},"2809":{"keys":[196,183],"grid":[" /!#"," 0!!","01","01"," "," "," "," "," "," "," "," "," "," "," "," "]},"2804":{"keys":[2,183],"grid":[" "," "," "," "," "," "," "," "," "," "," $!& )","!, &","!. $","!0 !","!","!"]}},"6081":{"2809":{"keys":[183,196],"grid":[" "," "," "," "," ","!! )!(","!# '!)","!","!","!","!","!","!","!","!","!"]},"2804":{"keys":[2,183],"grid":[" "," "," "," "," "," "," "," "," "," "," "," "," "," ","!# /","!% -"]},"2805":{"keys":[183,2],"grid":[" (!*"," +!'"," -!%"," "," "," "," "," "," "," "," "," "," "," "," "," "]}},"6006":{"2749":{"keys":[2,183],"grid":[" "," "," "," "," "," "," ","!! 0","!$ .","!% -","!' +","!( *","!) )","!+ '","!, &","!- %"]},"2752":{"keys":[183,2],"grid":[" $!.","00"," %!-","02"," &!,","04"," '!+"," (!*"," )!)"," +!'"," -!%"," /!#"," "," "," "," "]},"2750":{"keys":[183,2],"grid":[" .!$","00"," ,!&"," +!'","03","03","03","03"," *!("," )!)","09"," (!*","11"," '!+","13"," &!,"]},"2751":{"keys":[183,2],"grid":[" %!-","00"," $!.","02"," #!/","04","04"," !!0","07","07","07","07","07","04","04","04"]}},"6007":{"2752":{"keys":[2,183],"grid":[" "," "," "," "," "," "," "," "," "," "," "," "," ","!# /","!$ .","14"]},"2753":{"keys":[183,2],"grid":[" %!-"," &!,"," '!+"," (!*"," )!)"," *!("," +!'"," ,!&"," -!%"," .!$"," /!#"," 0!!"," "," "," "," "]}},"5988":{"2742":{"keys":[2,183],"grid":[" "," ","!- %","02","!. $","!/ #","!0 !","!","!","!","!","!","!","!","!","!"]}},"5989":{"2742":{"keys":[2,183],"grid":[" "," "," "," "," "," "," "," .!$","!! *!'","!$ $!+","!","!","!","!","!","!"]}},"6002":{"2746":{"keys":[2,183],"grid":[" "," "," "," "," "," "," "," "," ","!% -","!. $","!","!","!","!","!"]}},"6003":{"2747":{"keys":[183,2],"grid":[" )!)"," *!("," +!'"," ,!&","03"," -!%","05"," .!$","07"," /!#","09","09"," 0!!"," "," "," "]},"2746":{"keys":[2,183],"grid":[" "," "," "," "," "," "," "," "," "," "," "," ","!# /","!% -","!& ,","!( *"]}},"6000":{"2745":{"keys":[2,183],"grid":[" "," "," "," "," "," "," "," "," "," "," ","!! 0","11","!# /","13","!$ ."]},"2746":{"keys":[183,2],"grid":[" %!-"," '!+"," (!*"," )!)"," *!("," +!'"," ,!&"," -!%"," "," "," "," "," "," "," "," "]}},"6001":{"2746":{"keys":[2,183],"grid":[" "," "," "," "," "," "," "," ","!' +","!","!","!","!","!","!","!"]}},"5982":{"2745":{"keys":[2,183],"grid":[" "," "," "," "," "," "," "," "," "," "," "," "," "," !!! /"," !!% ,","!) )"]},"2746":{"keys":[183,2],"grid":[" ,!&"," .!$"," "," "," "," "," "," "," "," "," "," "," "," "," "," "]}},"5983":{"2746":{"keys":[2,183],"grid":[" "," "," ","!# /","!& ,","!( *","!+ '","!- %","!0 !","!","!","!","!","!","!","!"]}},"5980":{"2745":{"keys":[2,183],"grid":[" "," "," "," "," "," "," "," "," ","!. $","!","!","!","!","!","!"]}},"5981":{"2745":{"keys":[2,183],"grid":[" "," "," "," "," "," "," "," "," "," "," ","!# /","!$ .","!& ,","!' +","!( *"]},"2746":{"keys":[183,2],"grid":[" )!)"," *!("," ,!% !"," -!# #"," "," "," "," "," "," "," "," "," "," "," "," "]}},"5986":{"2744":{"keys":[2,183],"grid":[" "," /!#"," .!$"," -!%"," ,!&"," *!("," )!)"," (!*"," &!,"," %!-"," #!/"," !!0","!","!","!","!"]}},"5987":{"2743":{"keys":[2,183],"grid":[" &!,","00","00","00","00","00"," %!-","06","06","06","06","06"," $!.","12"," #!/"," !!0"]},"2742":{"keys":[2,183],"grid":[" "," "," )!)","02"," (!*","04","04","04","04","04"," '!+","10","10","10","10","10"]},"2744":{"keys":[183],"grid":[" "," "," "," "," "," "," "," "," "," "," "," "," "," "," "," "]}},"5984":{"2745":{"keys":[2,183],"grid":[" "," "," "," "," "," "," /!#"," .!$"," -!%"," ,!&"," +!'"," *!(","11","11"," )!)","14"]},"2746":{"keys":[2,183],"grid":[" )!)","00"," (!*","02","02","02"," '!+","06","06","!# $!,","!% !!,","!","!","!","!","!"]}},"5985":{"2745":{"keys":[2,183],"grid":[" (!*"," &!,"," %!-"," $!."," !!0","!","!","!","!","!","!","!","!","!","!","!"]},"2744":{"keys":[2,183],"grid":[" "," "," "," "," "," "," "," "," "," "," "," "," 0!!"," .!$"," ,!&"," *!("]}},"5902":{"2718":{"keys":[183,2],"grid":[" !!0","00"," #!/","02"," $!.","04"," %!-","06"," &!,","08"," '!+","10"," (!*","12"," )!)","14"]},"2719":{"keys":[183,2],"grid":[" *!(","00","00"," +!'","03"," ,!&","05"," -!%","07"," .!$","09"," /!#","11"," 0!!","13"," "]},"2717":{"keys":[2,183],"grid":[" "," "," "," "," "," "," "," "," "," "," "," "," "," "," ","!! 0"]},"2720":{"keys":[183],"grid":[" "," "," "," "," "," "," "," "," "," "," "," "," "," "," "," "]}},"5903":{"2722":{"keys":[183,2],"grid":[" 0!!","00"," "," "," "," "," "," "," "," "," "," "," "," "," "," "]},"2721":{"keys":[183,2],"grid":[" )!)","00","00"," *!(","03"," +!'","05"," ,!&","07"," -!%","09"," .!$","11"," /!#","13"," 0!!"]},"2720":{"keys":[2,183],"grid":[" "," ","!! 0","02","!# /","04","!$ .","06","!% -","08","!& ,","10","!' +","12","!( *","14"]}},"5900":{"2713":{"keys":[2,183],"grid":[" "," "," "," "," "," "," "," ","!! 0","08","!# /","10","!$ .","12","!% -","14"]},"2714":{"keys":[183,2],"grid":[" %!-"," &!,","01"," '!+","03"," (!*","05","05"," )!)","08"," *!(","10"," +!'","12"," ,!&","14"]},"2715":{"keys":[183,2],"grid":[" ,!&"," -!%","01"," .!$","03"," /!#","05","05"," 0!!","08"," "," "," "," "," "," "]}},"5901":{"2716":{"keys":[183,2],"grid":[" #!/"," $!.","01"," %!-","03"," &!,","05","05"," '!+","08"," (!*","10"," )!)","12"," *!(","14"]},"2717":{"keys":[183,2],"grid":[" +!'","00","00"," ,!&","03"," -!%","05"," .!$","07"," /!#","09"," 0!!","11"," "," "," "]},"2715":{"keys":[2,183],"grid":[" "," "," "," "," "," "," "," "," "," "," "," ","!! 0","12","12","!# /"]}},"5906":{"2727":{"keys":[183,2],"grid":[" &!,","00"," '!+","02"," (!*","04","04"," )!)","07"," *!(","09"," +!'","11"," ,!&","13"," -!%"]},"2726":{"keys":[2,183],"grid":[" "," "," "," "," "," "," "," ","!! 0","08","!# /","10","!$ .","12","!% -","14"]},"2728":{"keys":[183,2],"grid":[" -!%"," .!$","01"," /!#","03"," 0!!","05"," "," "," "," "," "," "," "," "," "]}},"5907":{"2730":{"keys":[183,2],"grid":[" ,!&"," -!%","01"," .!$","03"," /!#","05"," 0!!","07"," "," "," "," "," "," "," "]},"2729":{"keys":[183,2],"grid":[" %!-","00"," &!,","02"," '!+","04"," (!*","06"," )!)","08"," *!(","10","10"," +!'","13"," ,!&"]},"2728":{"keys":[2,183],"grid":[" "," "," "," "," "," "," "," "," "," ","!! 0","10","!# /","12","!$ .","14"]}},"5904":{"2724":{"keys":[183,2],"grid":[" /!#","00"," 0!!","02"," "," "," "," "," "," "," "," "," "," "," "," "]},"2723":{"keys":[183,2],"grid":[" (!*","00","00"," )!)","03"," *!(","05"," +!'","07"," ,!&","09"," -!%","11"," .!$","13"," /!#"]},"2722":{"keys":[2,183],"grid":[" "," "," "," ","!! 0","04","!# /","06","!$ .","08","!% -","10","!& ,","12","!' +","14"]}},"5905":{"2726":{"keys":[183,2],"grid":[" .!$"," /!#","01","01"," 0!!","04"," "," "," "," "," "," "," "," "," "," "]},"2725":{"keys":[183,2],"grid":[" '!+","00","00"," (!*","03"," )!)","05"," *!(","07"," +!'","09"," ,!&","11"," -!%","13"," .!$"]},"2724":{"keys":[2,183],"grid":[" "," "," "," "," "," ","!! 0","06","!# /","08","!$ .","10","!% -","12","!& ,","14"]}},"5908":{"2730":{"keys":[2,183],"grid":[" "," "," "," "," "," "," "," "," "," "," ","!! 0","11","!# /","13","13"]},"2731":{"keys":[183,2],"grid":[" $!.","00"," %!-","02"," &!,","04"," '!+","06"," (!*","08"," )!)","10"," *!(","12"," +!'","14"]},"2732":{"keys":[183,2],"grid":[" ,!&","00","00"," -!%","03"," .!$","05"," /!#","07"," 0!!","09"," "," "," "," "," "]}},"5909":{"2734":{"keys":[183,2],"grid":[" +!'","00"," ,!&","02"," -!%","04"," .!$","06","06"," /!#","09"," 0!!","11"," "," "," "]},"2732":{"keys":[2,183],"grid":[" "," "," "," "," "," "," "," "," "," "," "," "," ","!! 0","13","!# /"]},"2733":{"keys":[183,2],"grid":[" #!/"," $!.","01"," %!-","03","03"," &!,","06"," '!+","08"," (!*","10"," )!)","12"," *!(","14"]}},"5968":{"2750":{"keys":[2,183],"grid":[" "," "," "," "," "," "," "," "," "," "," "," "," "," "," $!# ,","!' +"]},"2751":{"keys":[183,2],"grid":[" (!*"," )!)"," *!("," +!'"," ,!&"," -!%"," .!$"," /!#"," "," "," "," "," "," "," "," "]}},"5927":{"2735":{"keys":[2,183],"grid":[" ","!","!","!","!","!","!","!","!","!","!","!","!","!","!","!"]},"2738":{"keys":[183,2],"grid":[" "," "," "," "," "," "," "," ","!$ .","!% -","!& ,","!' +","11","!( *","!) )","14"]},"2739":{"keys":[2,183],"grid":[" )!)","00","00","00","00"," (!*","05","05","05","05","05","05","05","05","05","05"]},"2741":{"keys":[2,183],"grid":[" (!*","00","00","00","00","00","00","00","00","00","00","00","00","00","00","00"]},"2740":{"keys":[2,183],"grid":[" (!*","00","00","00","00","00","00","00","00","00","00","00","00","00","00","00"]},"2743":{"keys":[2,183],"grid":[" (!*","00","00","00","00","00","00","00"," '!+"," &!,"," %!-"," $!."," #!/","!","!","!"]},"2742":{"keys":[2,183],"grid":[" (!*","00","00","00","00","00","00","00","00","00","00","00","00","00","00","00"]}},"5995":{"2743":{"keys":[2,183],"grid":[" "," "," "," "," ","!- %","05","05","05","05","05","05","05","05","05","05"]},"2744":{"keys":[183,2],"grid":[" -!%"," .!$"," /!#"," "," "," "," "," "," "," "," "," "," "," "," "," "]}},"5994":{"2743":{"keys":[183,2],"grid":[" /!#","00","00","00","00"," "," "," "," "," "," "," "," "," "," "," "]},"2742":{"keys":[183,2],"grid":[" $!."," )!)"," ,!&"," -!%","03"," .!$","05","05","05","05","05","05","05"," /!#","13","13"]}},"5997":{"2744":{"keys":[2,183],"grid":[" ","!# /","!% -","!' +","!* (","!, &","!","!","!","!","!","!","!","!","!","!"]}},"5996":{"2743":{"keys":[2],"grid":[" "," "," "," "," "," "," "," "," "," "," "," "," "," "," "," "]},"2744":{"keys":[2,183],"grid":[" /!#","00"," .!$","02","!! ,!%","!# +!%","!# *!&","!$ (!'","!% '!'","!& %!(","!","!","!","!","!","!"]}},"5991":{"2742":{"keys":[2,183],"grid":[" "," &!( %","!/ #","!","!","!","!","!","!","!","!","!","!","!","!","!"]}},"5990":{"2742":{"keys":[2,183],"grid":[" "," "," 0!!"," -!%"," *!("," '!+"," %!-","!","!","!","!","!","!","!","!","!"]}},"5993":{"2742":{"keys":[2,183],"grid":[" .!$"," +!'"," *!("," )!)","03"," (!*"," '!+"," %!-"," $!."," #!/","!","!","!","!","!","!"]}},"5992":{"2742":{"keys":[2,183],"grid":[" "," "," ","!! 0","!% -","!' +","!* (","!- %","!/ #","!","!","!","!","!","!","!"]}},"6091":{"2808":{"keys":[2,196],"grid":[" #!/"," !!0","!","!","!","!","!","!","!","!","!","!","!","!","!","!"]},"2807":{"keys":[2,196],"grid":[" "," "," "," "," *!(","04"," )!)"," (!*"," '!+","08","08"," &!,","11","11"," %!-"," $!."]}},"6090":{"2808":{"keys":[2,196],"grid":[" "," "," (!*"," !!0","!","!","!","!","!","!","!","!","!","!","!","!"]}},"6093":{"2815":{"keys":[196,202],"grid":[" "," "," "," "," "," "," "," "," 0!!","08"," /!#","10"," .!$"," -!%","!# *!&","!& &!'"]},"2807":{"keys":[2,196],"grid":[" "," "," "," "," '!# )"," &!( %"," %!+ #"," $!."," #!/"," !!0","!","!","!","!","!","!"]}},"6092":{"2815":{"keys":[196,202],"grid":[" "," "," "," "," "," "," "," "," "," "," "," "," "," "," 0!!","14"]},"2807":{"keys":[2,196],"grid":[" "," "," ","!$ .","!) )","!+ '","!- %","06","!. $","!/ #","!","!","!","!","!","!"]}},"5999":{"2745":{"keys":[183,2],"grid":[" -!%","00","00"," .!$","03"," /!#","05"," 0!!","07"," "," "," "," "," "," "," "]},"2744":{"keys":[2,183],"grid":[" "," "," "," "," "," ","!) )","06","06","!* (","09","09","!+ '","12","!, &","14"]}},"5998":{"2744":{"keys":[2,183],"grid":[" "," "," "," "," "," "," +!'","!","!","!","!","!","!","!","!","!"]}},"6097":{"2806":{"keys":[2],"grid":[" "," "," "," "," "," "," "," "," "," "," "," "," "," "," "," "]},"2807":{"keys":[2,202],"grid":[" +!'"," &!,"," #!/","!","!","!","!","!","!","!","!","!","!","!","!","!"]}},"6096":{"2814":{"keys":[196,202],"grid":[" %!-","00","00","00","00"," #!/"," !!0","!","!","!","!","!","!","!","!","!"]},"2807":{"keys":[2,202],"grid":[" "," "," "," "," +!'","!","!","!","!","!","!","!","!","!","!","!"]},"2813":{"keys":[202,196],"grid":[" "," "," "," "," "," "," "," "," "," "," "," "," "," ","!# /","!$ ."]}},"6011":{"2757":{"keys":[2,183],"grid":[" "," "," "," "," "," "," "," "," "," "," "," "," ","!! 0","!# /","!$ ."]},"2758":{"keys":[183,2],"grid":[" %!-","00","00","00","00","00","00","00"," &!,","08","08"," (!*"," *!("," ,!&"," /!#"," "]}},"6010":{"2756":{"keys":[2,183],"grid":[" "," "," "," "," "," ","!! 0","!# /","!% -","!' +","!) )","!* (","!+ '","12","!, &","14"]},"2757":{"keys":[183,2],"grid":[" -!%","00","00"," .!$","03"," /!#","05"," 0!!","07","07","07"," "," "," "," "," "]}},"6013":{"2769":{"keys":[183,2],"grid":[" 0!!"," "," "," "," "," "," "," "," "," "," "," "," "," "," "," "]},"2768":{"keys":[183,2],"grid":[" $!."," %!-","01"," &!,","03"," '!+"," (!*"," )!)","07"," *!("," +!'","10"," ,!&"," -!%"," .!$"," /!#"]},"2760":{"keys":[2],"grid":[" "," "," "," "," "," "," "," "," "," "," "," "," "," "," "," "]},"2767":{"keys":[183,2],"grid":[" )!)","00","00"," (!*","03","03"," '!+","06","06"," &!,","09"," %!-","11"," $!.","13","13"]},"2766":{"keys":[183,2],"grid":[" *!(","00","00","00","00","00"," )!)","06","06","06","06","06","06","06","06","06"]},"2765":{"keys":[183,2],"grid":[" $!."," %!-"," &!,","02"," '!+","04"," (!*"," )!)","07"," *!(","09","09","09","09","09","09"]},"2764":{"keys":[2,183],"grid":[" "," "," "," "," "," "," "," "," "," "," "," "," ","!! 0","13","!# /"]},"2759":{"keys":[2],"grid":[" "," "," "," "," "," "," "," "," "," "," "," "," "," "," "," "]}},"6012":{"2763":{"keys":[183,2],"grid":[" +!'","00"," ,!&","02","02"," -!%","05"," .!$","07"," /!#","09","09"," 0!!","12","12","12"]},"2762":{"keys":[183,2],"grid":[" $!.","00","00"," %!-","03"," &!,","05","05"," '!+","08"," (!*","10"," )!)","12"," *!("," +!'"]},"2761":{"keys":[183,2],"grid":[" ,!&"," +!'","01"," *!("," )!)"," (!*"," &!,"," $!.","07"," #!/","09","09","09","09","09","07"]},"2760":{"keys":[183,2],"grid":[" "," "," 0!!","02"," /!#","04","04","04","04"," .!$","09","09","09","09"," -!%"," ,!&"]},"2764":{"keys":[183,2],"grid":[" 0!!","00","00","00","00","00","00","00","00","00"," "," "," "," "," "," "]},"2758":{"keys":[2,183],"grid":[" "," "," "," "," "," "," "," "," "," "," "," "," "," "," ","!) )"]},"2759":{"keys":[183,2],"grid":[" +!'"," ,!&"," -!%","02"," .!$","04"," /!#","06"," 0!!","08","08"," "," "," "," "," "]}},"6015":{"2770":{"keys":[2,183],"grid":[" "," "," "," "," ","!! 0","!$ .","!% -","!& ,","!( )!!","!) (!!","!+ %!#","!, #!$","!","!","!"]}},"6014":{"2770":{"keys":[183,2],"grid":[" /!#","00","00"," 0!!"," "," "," "," "," "," "," "," "," "," "," "," "]},"2769":{"keys":[2,183],"grid":[" "," ","!! 0","!# /","!$ .","!% -","!& ,","!( *","!) )","!+ '","!, &","!- %","11","!. $","13","13"]}},"6017":{"2770":{"keys":[2,183],"grid":[" $!.","00"," #!/"," !!0","03","!","!","!","!","!","!","!","!","!","!","!"]},"2769":{"keys":[2,183],"grid":[" "," "," "," "," "," "," "," "," +!& !"," *!("," )!)"," (!*","11"," '!+"," &!,"," %!-"]}},"6016":{"2770":{"keys":[2,183],"grid":[" "," "," "," "," "," "," 0!!","06"," /!#","!( '!$","!* %!$","!+ #!%","!","!","!","!"]}},"6019":{"2770":{"keys":[2,183],"grid":[" "," "," "," "," ","!! 0","05","!# /","07","!$ .","09","!& ,","!' +","!( *","!+ '","!. $"]},"2771":{"keys":[183],"grid":[" "," "," "," "," "," "," "," "," "," "," "," "," "," "," "," "]}},"6018":{"2770":{"keys":[183,2],"grid":[" .!$"," /!#"," 0!!"," "," "," "," "," "," "," "," "," "," "," "," "," "]},"2769":{"keys":[2,183],"grid":[" "," "," "," "," "," "," "," "," ","!! 0","!$ .","!& ,","!( *","!* (","!+ '","!- %"]}},"6069":{"2785":{"keys":[2,183],"grid":[" "," ","!! 0","!# /","!$ .","!% -","!& ,","!' +","!( *","!) )","!+ $!$","!","!","!","!","!"]},"2815":{"keys":[183,196],"grid":[" *!(","00","00","00","00"," +!'","05","05","05","05"," ,!&","10","10","10","10"," -!%"]},"2813":{"keys":[183,196],"grid":[" 0!!"," /!#"," .!$","02"," -!%","04"," ,!&"," *!(","07","07","07"," )!)","07","07","07","07"]},"2814":{"keys":[183,196],"grid":[" )!)"," *!("," +!'","02","02","02","02","01","01","01","01","01","01","01","01","01"]},"2789":{"keys":[183,2],"grid":[" "," "," "," 0!!"," .!$"," !!$ )!%","!' &!&","!) #!'","!) !!(","!","!","!","!","!","!","!"]},"2793":{"keys":[2,183],"grid":[" "," "," "," "," ","!0 !","!","!","!","!","!","!","!","!","!","!"]}},"5959":{"2749":{"keys":[2,183],"grid":[" "," "," "," "," "," "," "," "," "," "," "," "," "," (!' $"," &!,"," #!/"]},"2750":{"keys":[183],"grid":[" "," "," "," "," "," "," "," "," "," "," "," "," "," "," "," "]}},"5919":{"2748":{"keys":[2,183],"grid":[" "," "," "," "," "," "," "," "," "," "," "," "," ","!( *","!","!"]}},"5918":{"2749":{"keys":[183],"grid":[" "," "," "," "," "," "," "," "," "," "," "," "," "," "," "," "]},"2748":{"keys":[183,2],"grid":[" (!*","00","00","00","00"," )!)","05","05","05","05","05","05","05"," "," "," "]},"2747":{"keys":[2,183],"grid":[" "," "," "," "," "," "," "," "," "," "," "," "," "," ","!! 0","!( *"]},"2750":{"keys":[183,2],"grid":[" "," ","!! 0","02","02","02","02","02","02","!# /","09","09","09","09","09","09"]},"2751":{"keys":[2,183],"grid":[" #!/"," $!.","01","01","01","01","01","01","01","01","01","01","01","!! #!.","!# !!.","!"]}},"5958":{"2750":{"keys":[2,183],"grid":[" 0!!"," .!$"," +!'"," )!)"," (!*"," %!-"," !!0","!","!","!","!","!","!","!","!","!"]}},"5915":{"2745":{"keys":[2,183],"grid":[" "," "," "," "," "," "," "," ","!! 0","08","!# /","10","!$ .","12","!% -","14"]},"2747":{"keys":[183,2],"grid":[" -!%"," .!$","01"," /!#","03"," 0!!","05"," "," "," "," "," "," "," "," "," "]},"2746":{"keys":[183,2],"grid":[" &!,","00"," '!+","02"," (!*","04"," )!)","06","06"," *!(","09"," +!'","11"," ,!&","13"," -!%"]}},"5914":{"2743":{"keys":[2,183],"grid":[" "," "," "," "," "," ","!! 0","06","!# /","08","!$ .","10","!% -","12","!& ,","14"]},"2745":{"keys":[183,2],"grid":[" .!$"," /!#","01","01"," 0!!","04"," "," "," "," "," "," "," "," "," "," "]},"2744":{"keys":[183,2],"grid":[" &!,"," '!+","01"," (!*","03"," )!)","05"," *!(","07"," +!'","09"," ,!&","11"," -!%","13"," .!$"]}},"5917":{"2749":{"keys":[2,183],"grid":[" /!#","00","00"," 0!!","03","03","03","03","03","03","03","!! 0","11","!# /","13","13"]},"2748":{"keys":[2,183],"grid":[" 0!!"," /!#","01"," .!$","03","03","03","03","03","03","03","03","01","01","01","01"]},"2747":{"keys":[2,183],"grid":[" "," "," "," "," "," "," "," "," "," "," "," "," "," "," "," 0!!"]},"2750":{"keys":[183,2],"grid":[" $!.","00"," %!-","02"," &!,","04"," '!+","06"," (!*","08"," )!)","10"," *!(","12"," +!'","14"]},"2751":{"keys":[183,2],"grid":[" ,!&","00"," -!%","02","02"," .!$","05"," /!#","07"," 0!!","09"," "," "," "," "," "]}},"5916":{"2749":{"keys":[183,2],"grid":[" ,!&"," -!%","01"," .!$","03"," /!#","05"," 0!!","07"," "," "," "," "," "," "," "]},"2748":{"keys":[183,2],"grid":[" %!-","00"," &!,","02"," '!+","04"," (!*","06"," )!)","08"," *!(","10","10"," +!'","13"," ,!&"]},"2747":{"keys":[2,183],"grid":[" "," "," "," "," "," "," "," "," "," ","!! 0","10","!# /","12","!$ .","14"]}},"5911":{"2736":{"keys":[2],"grid":[" "," "," "," "," "," "," "," "," "," "," "," "," "," "," "," "]},"2737":{"keys":[2,183],"grid":[" ","!! 0","01","!# /","03","!$ .","05","!% -","07","!& ,","09","!' +","11","!( *","13","!) )"]},"2738":{"keys":[183,2],"grid":[" )!)","00"," *!(","02"," +!'","04"," ,!&","06"," -!%","08"," .!$","10"," /!#","12"," 0!!","14"]},"2739":{"keys":[183],"grid":[" "," "," "," "," "," "," "," "," "," "," "," "," "," "," "," "]}},"5910":{"2734":{"keys":[2,183],"grid":[" "," "," "," "," "," "," "," "," "," "," "," "," "," "," ","!! 0"]},"2735":{"keys":[183,2],"grid":[" !!0"," #!/","01"," $!.","03"," %!-","05"," &!,","07"," '!+","09","09"," (!*","12"," )!)","14"]},"2736":{"keys":[183,2],"grid":[" *!(","00"," +!'","02"," ,!&","04"," -!%","06"," .!$","08"," /!#","10"," 0!!","12","12"," "]}},"5913":{"2741":{"keys":[2,183],"grid":[" "," "," "," ","!! 0","04","!# /","06","!$ .","08","08","!% -","11","!& ,","13","!' +"]},"2743":{"keys":[183,2],"grid":[" /!#","00"," 0!!","02"," "," "," "," "," "," "," "," "," "," "," "," "]},"2742":{"keys":[183,2],"grid":[" '!+"," (!*","01"," )!)","03"," *!(","05"," +!'","07"," ,!&","09"," -!%","11","11"," .!$","14"]}},"5912":{"2741":{"keys":[183,2],"grid":[" 0!!","00"," "," "," "," "," "," "," "," "," "," "," "," "," "," "]},"2740":{"keys":[183,2],"grid":[" (!*"," )!)","01"," *!(","03"," +!'","05","05"," ,!&","08"," -!%","10"," .!$","12"," /!#","14"]},"2739":{"keys":[2,183],"grid":[" "," ","!! 0","02","02","!# /","05","!$ .","07","!% -","09","!& ,","11","!' +","13","!( *"]}},"6123":{"2796":{"keys":[2,202],"grid":[" .!$"," ,!&"," +!'"," )!)"," '!+"," %!-","!","!","!","!","!","!","!","!","!","!"]},"2795":{"keys":[2,202],"grid":[" "," "," "," "," "," "," "," "," "," "," "," "," "," "," "," 0!!"]}},"5932":{"2731":{"keys":[183,2],"grid":[" !!0"," $!."," '!+"," *!("," ,!&"," /!#"," "," "," "," "," "," "," "," "," "," "]}},"6122":{"2796":{"keys":[2,202],"grid":[" "," "," "," "," "," ","!) )","!","!","!","!","!","!","!","!","!"]}},"6143":{"2778":{"keys":[2,202],"grid":[" "," "," "," "," "," "," "," "," "," "," "," "," "," "," 0!!"," .!$"]},"2779":{"keys":[2,202],"grid":[" ,!&"," +!'"," *!("," )!)"," !!& !!*","!","!","!","!","!","!","!","!","!","!","!"]}},"6142":{"2779":{"keys":[2,202],"grid":[" "," "," "," "," "," 0!!"," .!$"," ,!&"," *!("," '!+"," %!-"," !!0","!","!","!","!"]}},"6141":{"2779":{"keys":[2,202],"grid":[" "," "," "," "," "," "," "," "," "," "," "," "," 0!!","!! -!$","!# *!&","!"]}},"6140":{"2779":{"keys":[2,202],"grid":[" "," "," "," "," "," "," "," "," "," "," "," "," -!%"," *!("," '!+"," $!."]},"2780":{"keys":[202],"grid":[" "," "," "," "," "," "," "," "," "," "," "," "," "," "," "," "]}},"6129":{"2792":{"keys":[2,202],"grid":[" "," "," "," "," "," "," "," "," "," ","!! -!$","!! ,!%","!! *!'","!! )!(","!! '!*","!! $!-"]}},"6128":{"2792":{"keys":[202,2],"grid":[" #!/"," $!."," &!,"," '!+"," (!*"," *!("," ,!&"," /!#"," 0!!"," "," "," "," "," "," "," "]},"2791":{"keys":[2,202],"grid":[" "," "," "," "," "," "," "," "," "," "," "," "," "," "," ","!! 0"]}},"6064":{"2790":{"keys":[2,183],"grid":[" $!."," #!/"," !!0","!","!","!","!","!","!","!","!","!","!","!","!","!"]},"2789":{"keys":[2,183],"grid":[" -!%"," ,!&"," +!'","02"," *!(","04"," )!)","06","06","06"," (!*","10"," '!+","12"," &!,"," %!-"]},"2788":{"keys":[2,183],"grid":[" "," "," "," "," "," "," "," "," "," "," "," "," "," 0!!"," /!#"," .!$"]}},"6065":{"2788":{"keys":[2,183],"grid":[" "," 0!!"," /!#"," -!%"," ,!&"," *!("," )!)"," '!+"," &!,"," $!."," #!/"," !!0","!","!","!","!"]}},"6066":{"2785":{"keys":[2,183],"grid":[" +!! &"," *!& #"," *!(","02","02","02"," +!'","06","06"," ,!&","09","09"," -!%","12","12","12"]},"2787":{"keys":[2,183],"grid":[" ,!&","00","00"," +!'"," *!("," )!)"," (!*"," '!+"," &!,"," %!-"," $!."," #!/","10","10","10","11"]},"2786":{"keys":[2,183],"grid":[" .!$","00","00","00"," /!#","04","04","04","04","04","00","00","00"," -!%","13","13"]},"2788":{"keys":[2,183],"grid":[" !!0","!","!","!","!","!","!","!","!","!","!","!","!","!","!","!"]},"2792":{"keys":[183,2],"grid":[" ,!&","00","00","00"," -!%","04","04","04"," .!$","08","08"," /!#","11"," 0!!","13"," "]},"2793":{"keys":[183],"grid":[" "," "," "," "," "," "," "," "," "," "," "," "," "," "," "," "]},"2791":{"keys":[183,2],"grid":[" "," "," "," "," "," "," 0!!"," /!#","07"," .!$","09"," -!%"," ,!&","12"," +!'","12"]}},"6067":{"2785":{"keys":[2,183],"grid":[" &!,","!","!","!","!","!","!","!","!","!","!","!","!","!","!","!"]},"2784":{"keys":[2,183],"grid":[" "," "," "," "," "," "," "," "," "," "," "," "," "," "," -!%"," *!("]},"2790":{"keys":[183,2],"grid":[" "," "," "," "," "," "," 0!!","06","06","06"," /!#","10"," .!$","12"," -!%"," ,!&"]},"2791":{"keys":[183,2],"grid":[" *!("," )!)"," &!,"," #!/","!","!","!","!","!","!","!","!","!","!","!","!"]},"2793":{"keys":[2,183],"grid":[" "," ","!! 0","02","02","!# /","!% -","!& ,","!) )","!- %","!","!","!","!","!","!"]}},"6060":{"2792":{"keys":[2,183],"grid":[" "," "," "," "," "," ","!' +","!* (","!. $","!","!","!","!","!","!","!"]}},"6061":{"2792":{"keys":[2,183],"grid":[" "," "," "," 0!!"," -!%"," +!'"," )!)"," &!,"," !!0","!","!","!","!","!","!","!"]}},"6062":{"2792":{"keys":[2,183],"grid":[" $!."," #!/"," !!0","!","!","!","!","!","!","!","!","!","!","!","!","!"]},"2791":{"keys":[2,183],"grid":[" "," 0!!"," /!#"," -!%"," ,!&"," +!'","05"," *!("," )!)","08"," (!*","10"," '!+","12"," &!,"," %!-"]}},"6063":{"2790":{"keys":[2,183],"grid":[" "," "," "," "," 0!!"," /!#"," .!$"," -!%"," ,!&"," +!'"," *!("," (!*"," '!+"," &!,"," $!."," #!/"]},"2791":{"keys":[183],"grid":[" "," "," "," "," "," "," "," "," "," "," "," "," "," "," "," "]}},"5960":{"2749":{"keys":[2,183],"grid":[" "," "," "," "," "," "," "," "," "," "," "," "," "," ","!! 0","!% -"]},"2750":{"keys":[183,2],"grid":[" (!*"," +!'"," .!$"," "," "," "," "," "," "," "," "," "," "," "," "," "]}},"5961":{"2750":{"keys":[2,183],"grid":[" "," "," ","!! 0","!/ #","!","!","!","!","!","!","!","!","!","!","!"]}},"5962":{"2750":{"keys":[2,183],"grid":[" "," "," "," "," ","!# /","!% -","!' +","!( *","!) )","!* (","10","!+ '","!, &","!- %","14"]},"2751":{"keys":[183,2],"grid":[" .!$"," "," "," "," "," "," "," "," "," "," "," "," "," "," "," "]}},"5963":{"2751":{"keys":[2,183],"grid":[" %!! ,","!' +","!( *","02","!) )","04","!* (","06","!","!","!","!","!","!","!","!"]}},"5964":{"2751":{"keys":[2,183],"grid":[" "," "," "," "," "," "," "," ","!! 0","!$ .","!' +","!) )","!, &","!. $","!0 !","!"]}},"5965":{"2752":{"keys":[183,2],"grid":[" &!,"," *!("," -!$ !"," "," "," "," "," "," "," "," "," "," "," "," "," "]},"2751":{"keys":[2,183],"grid":[" "," "," "," "," "," "," "," "," "," "," "," "," "," "," ","!# /"]}},"5966":{"2752":{"keys":[2,183],"grid":[" "," '!) #","!","!","!","!","!","!","!","!","!","!","!","!","!","!"]}},"5967":{"2752":{"keys":[2,183],"grid":[" (!*"," '!+","!$ #!,","!","!","!","!","!","!","!","!","!","!","!","!","!"]},"2750":{"keys":[2],"grid":[" "," "," "," "," "," "," "," "," "," "," "," "," "," "," "," "]},"2751":{"keys":[2,183],"grid":[" 0!!"," .!$","01"," -!%"," ,!&"," +!'","05","05"," *!(","08","08"," )!)","11","11","11"," (!*"]}},"6004":{"2748":{"keys":[183,2],"grid":[" '!+"," )!)"," *!("," +!'","03","03","03","03"," ,!&","08"," -!%"," /!#"," 0!!"," "," "," "]},"2747":{"keys":[2,183],"grid":[" "," "," "," "," "," "," "," "," "," "," "," "," ","!! 0","!$ .","!& ,"]}},"6005":{"2749":{"keys":[183,2],"grid":[" &!,"," '!+"," )!)"," *!("," -!%"," /!#"," "," "," "," "," "," "," "," "," "," "]},"2748":{"keys":[2,183],"grid":[" "," "," "," "," "," "," "," "," "," "," "," "," ","!! 0","!# /","!$ ."]}},"5969":{"2750":{"keys":[2,183],"grid":[" "," "," "," "," "," "," "," "," "," "," 0!!"," /!#"," .!$"," -!%"," ,!&"," *!("]},"2751":{"keys":[2,183],"grid":[" )!)"," (!*"," '!+"," &!,"," %!-"," #!/"," !!0","!","!","!","!","!","!","!","!","!"]}},"6077":{"2808":{"keys":[183,196],"grid":[" "," "," "," "," "," "," "," "," /!#"," .!$"," -!%"," +!'"," *!("," '!+","!","!"]},"2804":{"keys":[2,183],"grid":[" "," "," "," "," "," "," "," "," #!% +","!","!","!","!","!","!","!"]}},"6076":{"2803":{"keys":[2,183],"grid":[" "," "," ","!! 0","03","03","03","03","!# /","08","08","08","!$ .","12","12","12"]},"2808":{"keys":[183,196],"grid":[" "," "," "," "," "," "," ","!# /","!% -","!' +","!( *","10","!* (","!+ '","!","!"]},"2804":{"keys":[183,2],"grid":[" %!-"," &!,","01"," '!+","03"," (!*"," )!)","06"," *!(","08"," +!$ $"," "," "," "," "," "]}},"5979":{"2745":{"keys":[2,183],"grid":[" "," "," "," !!* '","!, &","04","!- %","06","!. $","!","!","!","!","!","!","!"]}},"6074":{"2798":{"keys":[2,183],"grid":[" "," "," "," "," "," "," "," "," !!# .","!& ,","!' +","10","!( *","12","12","12"]},"2808":{"keys":[183,196],"grid":[" "," "," "," "," "," "," "," "," "," "," "," 0!!"," -!%","!","!","!"]},"2799":{"keys":[183,2],"grid":[" '!+"," &!,","01","01","01","01","00","00","00"," (!*","09","09","09","09","09","00"]},"2802":{"keys":[183,2],"grid":[" .!$","00"," /!#","02"," 0!!","04"," "," "," "," "," "," "," "," "," "," "]},"2800":{"keys":[183,2],"grid":[" '!+"," &!,","01"," %!-"," #!/","!","!","!","!","!","!","!","!","!","!"," !!0"]},"2801":{"keys":[183,2],"grid":[" !!0"," #!/"," $!."," &!,"," '!+"," (!*"," )!)"," *!("," +!'"," ,!&","09"," -!%","11"," .!$","13","13"]}},"6073":{"2798":{"keys":[2,183],"grid":[" ","!! 0","!$ .","!& ,","!) )","!* (","!+ '","!, &","!- %","!- #!#","!","!","!","!","!","!"]},"2800":{"keys":[183,2],"grid":[" "," "," "," "," "," "," 0!!","06"," /!#","06","06","06"," "," "," "," "]},"2808":{"keys":[183,196],"grid":[" "," "," "," "," "," "," "," "," "," "," "," "," (!% &"," %!-"," #!/","!"]}},"6072":{"2811":{"keys":[183,196],"grid":[" %!-","00"," $!."," #!/"," !!0","04","!","!","!","!","!","!","!","!","!","!"]},"2810":{"keys":[183,196],"grid":[" &!,","00","00","00"," %!-","04","04"," $!.","07","07","07","04","04","04","04","04"]},"2808":{"keys":[183],"grid":[" "," "," "," "," "," "," "," "," "," "," "," "," "," "," "," "]},"2798":{"keys":[183,2],"grid":[" 0!!"," "," "," "," "," "," "," "," "," "," "," "," "," "," "," "]},"2809":{"keys":[183,196],"grid":[" 0!!"," /!#","01"," .!$"," -!%"," ,!&"," +!'"," *!("," )!)"," (!*"," '!+","10"," &!,","12","12","12"]},"2796":{"keys":[183,2],"grid":[" $!."," #!/"," !!0","!","!","!","!","!","!","!","!","!","!","!","!","!"]},"2797":{"keys":[2,183],"grid":[" "," "," "," "," ","!! 0","05","!# /","!% -","!& ,","!( *","!) )","!* (","!+ '","!, &","!. $"]},"2795":{"keys":[2,183],"grid":[" "," "," "," ","!! 0","!# /","!$ .","!% -","!& ,","08","08","08","!' +","08","08","07"]}},"6071":{"2811":{"keys":[183,196],"grid":[" "," "," "," "," "," "," "," "," "," /!#"," ,!&"," *!("," (!*"," '!+"," %!-"," !!0"]},"2812":{"keys":[196],"grid":[" "," "," "," "," "," "," "," "," "," "," "," "," "," "," "," "]},"2793":{"keys":[2,183],"grid":[" "," "," "," "," "," "," "," "," "," "," "," "," "," "," ","!# /"]},"2796":{"keys":[183,2],"grid":[" "," "," "," "," 0!!"," /!#","05","05","05","05","05","04","04","04","04","04"]},"2797":{"keys":[183,2],"grid":[" 0!!"," "," "," "," "," "," "," "," "," "," "," "," "," "," "," "]},"2794":{"keys":[183,2],"grid":[" &!,"," )!)"," *!("," +!'"," ,!&","04","03","03","03","02","02","02","03","03","04"," -!%"]},"2795":{"keys":[183,2],"grid":[" .!$","00"," /!#"," 0!!"," "," "," "," "," "," "," "," "," "," "," "," "]}},"6070":{"2785":{"keys":[2,183],"grid":[" "," "," "," "," "," "," "," "," "," #!+ %","!- %","10","10","10","!, &","14"]},"2787":{"keys":[183,2],"grid":[" &!,","00"," %!-","02","02","02","00","00","00","00","00","00","00"," '!+","13","13"]},"2786":{"keys":[183,2],"grid":[" ,!&"," +!'","01","01","01","01"," *!(","06","06"," )!)","09"," (!*","11"," '!+","13"," &!,"]},"2813":{"keys":[196],"grid":[" "," "," "," "," "," "," "," "," "," "," "," "," "," "," "," "]},"2812":{"keys":[183,196],"grid":[" "," "," "," /!#"," -!%"," +!'"," )!)"," '!+","07"," &!,"," %!-"," $!.","11"," #!/"," !!0","!"]},"2789":{"keys":[183,2],"grid":[" )!)"," (!*"," $!.","!","!","!","!","!","!","!","!","!","!","!","!","!"]},"2788":{"keys":[183,2],"grid":[" (!*","00","00"," )!)","03","03"," *!(","06","06","06"," +!'","10","10"," ,!&","10","06"]},"2793":{"keys":[2,183],"grid":[" "," "," "," "," "," ","!! 0","!$ .","!& ,","!( *","!* (","!, &","!. $","!0 !","!","!"]}},"5973":{"2752":{"keys":[183],"grid":[" "," "," "," "," "," "," "," "," "," "," "," "," "," "," "," "]},"2751":{"keys":[2,183],"grid":[" "," "," "," "," "," "," "," "," "," "," "," 0!!"," ,!&"," *!(","!! (!)","!# $!,"]}},"5972":{"2751":{"keys":[2,183],"grid":[" "," "," ","!! 0","!$ .","!& ,","!( *","!) )","!+ '","!- %","!. $","!/ #","!0 !","!","!","!"]}},"5971":{"2750":{"keys":[2],"grid":[" "," "," "," "," "," "," "," "," "," "," "," "," "," "," "," "]},"2751":{"keys":[183,2],"grid":[" !!0"," $!) !!%"," 0!!"," "," "," "," "," "," "," "," "," "," "," "," "," "]}},"5970":{"2750":{"keys":[2,183],"grid":[" "," "," "," "," "," "," "," "," #!# -"," !!& +","!) )","!+ '","!- %","!/ #","!0 !","!"]}},"5977":{"2749":{"keys":[2,183],"grid":[" "," 0!!","01","01","01"," /!#"," .!$","06"," -!%"," +!'"," *!("," %!-"," #!/"," !!0","13","!"]},"2748":{"keys":[2],"grid":[" "," "," "," "," "," "," "," "," "," "," "," "," "," "," "," "]}},"5976":{"2749":{"keys":[2],"grid":[" "," "," "," "," "," "," "," "," "," "," "," "," "," "," "," "]},"2750":{"keys":[2,183],"grid":[" 0!!"," /!#"," -!%"," ,!&"," +!'"," )!)"," (!*"," &!,"," $!."," #!/","!","!","!","!","!","!"]}},"5975":{"2750":{"keys":[2,183],"grid":[" "," "," "," "," "," "," "," "," "," "," "," 0!!"," /!#"," .!$"," -!%"," ,!&"]},"2751":{"keys":[2,183],"grid":[" +!'"," *!("," )!)"," (!*"," '!+"," &!,"," %!-"," $!."," #!/"," !!0","!","!","!","!","!","!"]}},"5974":{"2751":{"keys":[2,183],"grid":[" "," "," "," "," "," "," "," "," (!# ("," &!% ("," #!) '","!+ '","!, $!#","!","!","!"]}},"6075":{"2802":{"keys":[2,183],"grid":[" "," "," "," "," "," "," ","!! 0","!# /","!$ .","!% -","!' +","!( *","!* (","!+ '","!- %"]},"2803":{"keys":[183,2],"grid":[" /!#"," 0!!"," "," "," "," "," "," "," "," "," "," "," "," "," "," "]},"2808":{"keys":[183,196],"grid":[" "," "," "," "," "," "," +!% #"," (!*"," &!,"," $!."," !!0","!","!","!","!","!"]}},"6008":{"2754":{"keys":[183,2],"grid":[" %!-"," &!,","01"," '!+"," (!*"," )!)","05"," *!("," +!'"," ,!&","09"," -!%","11"," .!$","13","13"]},"2755":{"keys":[183,2],"grid":[" /!#","00"," 0!!","02","02"," "," "," "," "," "," "," "," "," "," "," "]},"2753":{"keys":[2,183],"grid":[" "," "," "," "," "," "," "," "," "," "," "," "," ","!! 0","!# /","!$ ."]}},"6009":{"2756":{"keys":[183,2],"grid":[" .!$"," /!#","01"," 0!!","03"," "," "," "," "," "," "," "," "," "," "," "]},"2755":{"keys":[2,183],"grid":[" "," "," "," "," "," "," ","!! 0","07","07","!# /","!$ .","!& ,","!' +","!( %!! %","!) !!% $"]}},"5946":{"2743":{"keys":[2,183],"grid":[" "," "," "," "," "," "," "," -!# #","!","!","!","!","!","!","!","!"]}},"5947":{"2743":{"keys":[2,183],"grid":[" "," "," "," "," "," "," "," ","!","!","!","!","!","!","!","!"]}},"5944":{"2743":{"keys":[2,183],"grid":[" "," "," "," "," "," "," "," "," "," "," "," "," "," "," /!#"," -!%"]},"2744":{"keys":[2,183],"grid":[" +!'"," )!)"," (!*"," &!,"," $!."," !!0","!","!","!","!","!","!","!","!","!","!"]}},"5945":{"2743":{"keys":[2,183],"grid":[" "," "," "," "," "," "," "," "," .!$"," -!%"," ,!&"," +!'"," *!("," $!.","!","!"]}},"5942":{"2734":{"keys":[2,183],"grid":[" "," "," "," "," "," "," "," "," "," "," "," "," ","!) )","!* (","!, &"]},"2735":{"keys":[183,2],"grid":[" ,!&","00","00","00","00"," -!%"," .!$"," /!#","07"," 0!!"," "," "," "," "," "," "]},"2737":{"keys":[183,2],"grid":[" "," "," "," "," "," "," "," "," "," "," "," "," "," "," "," 0!!"]},"2738":{"keys":[183,2],"grid":[" 0!!","00","00","00"," /!#","04","04","04"," .!$","08","08"," -!%","11"," ,!&","13","13"]},"2739":{"keys":[183,2],"grid":[" +!'","00"," *!(","02"," )!)","04"," (!*","06"," '!+"," &!,"," %!-"," $!.","11"," #!/"," !!0","!"]},"2744":{"keys":[2,183],"grid":[" "," "," "," "," "," "," .!$"," (!*","!","!","!","!","!","!","!","!"]}},"5943":{"2735":{"keys":[2,183],"grid":[" "," "," "," "," "," "," "," "," "," "," ","!! 0","!# /","!$ .","13","13"]},"2736":{"keys":[183,2],"grid":[" $!.","00","00","00","00","00","00"," %!-","07","07","07","07","07","07","07","07"]},"2737":{"keys":[183,2],"grid":[" %!-"," $!.","01","01"," #!/","04","04"," !!0","07","07","07","!","!","!","!","!"]},"2744":{"keys":[2,183],"grid":[" "," "," "," "," %!% )"," !!* '","!, &","!. !!#","!","!","!","!","!","!","!","!"]}},"5940":{"2735":{"keys":[2,183],"grid":[" "," "," "," "," "," "," "," "," "," ","!! 0","!# /","11","!% -","!& ,","!"]},"2743":{"keys":[183,2],"grid":[" 0!!","00"," /!#","02","02","02"," .!$","06","06","06","06"," -!%","11","11","11"," ,!&"]},"2742":{"keys":[183,2],"grid":[" "," "," "," "," "," "," "," "," "," "," "," "," "," 0!!","13","13"]},"2744":{"keys":[183,2],"grid":[" ,!&","00","00","00","00","00","00","00"," "," "," "," "," "," "," "," "]}},"5941":{"2734":{"keys":[2,183],"grid":[" "," "," "," "," "," "," "," "," "," "," "," "," "," /!#"," -!%","14"]},"2735":{"keys":[2,183],"grid":[" ,!&","00"," +!'","02"," *!(","04"," )!)","06"," (!*","08"," '!+","10"," &!,","12"," %!-","14"]},"2739":{"keys":[183,2],"grid":[" "," "," "," "," "," "," "," "," "," "," "," "," "," "," "," 0!!"]},"2741":{"keys":[183,2],"grid":[" '!+","00"," &!,","02","02","02","02"," %!-","07","07","07"," $!.","11","11","11","11"]},"2740":{"keys":[183,2],"grid":[" .!$"," ,!&","01"," +!'"," *!(","04"," )!)","06","06"," (!*","09","09","09","09"," '!+","14"]},"2742":{"keys":[183,2],"grid":[" #!/","00","00","00"," !!0","04","04","04","04","!","!","!","!","!","!","!"]},"2744":{"keys":[2,183],"grid":[" "," "," "," "," "," "," "," ","!","!","!","!","!","!","!","!"]}},"5939":{"2735":{"keys":[2,183],"grid":[" "," ","!$ .","!' +","!) )","!, &","!. $","!0 !","!","!","!","!","!","!","!","!"]}},"5948":{"2743":{"keys":[2,183],"grid":[" "," "," "," "," "," "," "," ","!, &","08","08","08","08","08","08","08"]},"2745":{"keys":[183,2],"grid":[" +!'","00","00"," /!#"," "," "," "," "," "," "," "," "," "," "," "," "]},"2744":{"keys":[183,2],"grid":[" ,!&","00","00","00","00","00","00"," +!'","07","07","07","07","07","07","07","07"]},"2747":{"keys":[183,2],"grid":[" 0!!"," /!#","01","01","01","00"," "," "," "," "," "," "," "," "," "," "]},"2746":{"keys":[183,2],"grid":[" "," "," "," "," "," "," "," "," "," "," "," "," "," "," "," 0!!"]}},"5949":{"2747":{"keys":[2,183],"grid":[" "," "," "," "," "," ","!# /","!$ .","07","!% -","!& ,","!' +","11","!( *","!* (","!, &"]},"2751":{"keys":[183,2],"grid":[" +!'","00","00","00","00"," *!("," "," "," "," "," "," "," "," "," "," "]},"2745":{"keys":[2,183],"grid":[" "," "," "," ","!! 0","04","!# /","06","06","06","06","06","06","06","!$ .","14"]},"2750":{"keys":[183,2],"grid":[" ,!&","00","00","00","00","00","00","00"," +!'","08","08","08","08","08","08","08"]},"2746":{"keys":[183,2],"grid":[" $!.","00","00","00","00"," %!-","05","05","05","05","05","00"," #!/"," !!0","!","!"]},"2749":{"keys":[183,2],"grid":[" "," "," "," "," "," 0!!"," /!#"," .!$"," -!%","08","08"," ,!&","11","11","11","11"]},"2748":{"keys":[183,2],"grid":[" .!$"," /!#","01"," 0!!","03","03"," "," "," "," "," "," "," "," "," "," "]}},"6042":{"2792":{"keys":[2,183],"grid":[" "," "," "," "," "," *!(","!","!","!","!","!","!","!","!","!","!"]}},"6043":{"2792":{"keys":[2,183],"grid":[" %!-"," $!."," #!/"," !!0","!","!","!","!","!","!","!","!","!","!","!","!"]},"2791":{"keys":[2,183],"grid":[" "," "," "," "," "," "," "," "," "," "," "," ,!! %"," *!& #"," )!)"," (!*"," '!+"]}},"6040":{"2792":{"keys":[183,2],"grid":[" .!$"," 0!!"," "," "," "," "," "," "," "," "," "," "," "," "," "," "]},"2791":{"keys":[2,183],"grid":[" "," "," "," "," "," "," "," "," ","!! 0","!# /","!% -","!' +","!) )","!+ '","!- %"]}},"6041":{"2792":{"keys":[2,183],"grid":[" "," ","!! 0","!$ .","!% -","!) )","!","!","!","!","!","!","!","!","!","!"]}},"6046":{"2793":{"keys":[2,183],"grid":[" "," "," "," 0!!"," -!%"," *!("," '!+"," $!.","!","!","!","!","!","!","!","!"]}},"6047":{"2793":{"keys":[2,183],"grid":[" "," "," %!' '","!0 !","!","!","!","!","!","!","!","!","!","!","!","!"]}},"6044":{"2792":{"keys":[183,2],"grid":[" $!."," %!-","01"," &!,"," '!+","04"," (!*","06","06"," )!)","09","09","09"," *!("," +!'","14"]},"2793":{"keys":[183,2],"grid":[" ,!&"," -!%"," .!$"," /!#"," 0!!"," "," "," "," "," "," "," "," "," "," "," "]},"2791":{"keys":[2,183],"grid":[" "," "," "," "," "," "," "," "," "," "," "," "," "," ","!! 0","!# /"]}},"6045":{"2793":{"keys":[2,183],"grid":[" "," "," "," "," "," "," ","!! 0","!# /","!% +!#","!& )!$","!' '!%","!( &!%","!* #!&","!","!"]}},"5929":{"2735":{"keys":[2,183],"grid":[" ","!","!","!","!","!","!","!","!","!","!","!","!","!","!","!"]}},"6048":{"2793":{"keys":[2,183],"grid":[" "," "," "," ","!# /","!$ .","!% -","!' +","!) )","!* (","09","09","!+ '","12","!, &","14"]},"2794":{"keys":[183,2],"grid":[" -!%"," .!$"," /!#"," "," "," "," "," "," "," "," "," "," "," "," "," "]}},"6049":{"2793":{"keys":[2,183],"grid":[" "," "," "," "," "," "," "," "," "," "," "," "," 0!!"," .!$"," -!%"," ,!&"]},"2794":{"keys":[2,183],"grid":[" *!("," (!*"," &!,","!","!","!","!","!","!","!","!","!","!","!","!","!"]}},"6020":{"2770":{"keys":[2,183],"grid":[" "," "," "," "," "," "," "," "," "," "," "," "," "," 0!!"," -!%"," +!'"]},"2771":{"keys":[2,183],"grid":[" )!)","!! '!*","!$ $!+","!","!","!","!","!","!","!","!","!","!","!","!","!"]}},"6132":{"2790":{"keys":[2,202],"grid":[" /!#"," -!%"," ,!&"," )!)","!","!","!","!","!","!","!","!","!","!","!","!"]},"2789":{"keys":[2,202],"grid":[" "," "," "," "," "," "," "," "," "," "," "," "," "," "," 0!!"," /!#"]}},"6030":{"2778":{"keys":[183,2],"grid":[" "," "," "," /!#"," .!$"," ,!&"," *!("," (!*"," &!,"," !!0","!","!","!","!","!","!"]},"2777":{"keys":[183,2],"grid":[" 0!!"," "," "," "," "," "," "," "," "," "," "," "," "," "," "," "]},"2781":{"keys":[2,183],"grid":[" "," "," "," "," "," "," "," ","!! 0","!$ .","!& ,","!' +","!( *","!* (","!+ '","!- %"]},"2776":{"keys":[2,183],"grid":[" ","!$ .","!* (","!- %","!/ #","!0 !","05","05","!","05","05","05","05","05","05","05"]},"2782":{"keys":[183,2],"grid":[" 0!!"," "," "," "," "," "," "," "," "," "," "," "," "," "," "," "]}},"5938":{"2734":{"keys":[2,183],"grid":[" "," "," "," "," "," "," "," "," "," "," ","!! 0","!% -","!' +","!* (","!, &"]},"2735":{"keys":[183,2],"grid":[" /!#"," "," "," "," "," "," "," "," "," "," "," "," "," "," "," "]}},"6095":{"2815":{"keys":[196,202],"grid":[" +!'","00"," *!("," (!*","!","!","!","!","!","!","!","!","!","!","!","!"]},"2814":{"keys":[196,202],"grid":[" "," "," "," "," "," "," "," +!'","07","07","07"," ,!&","11","11","11","11"]},"2811":{"keys":[196,202],"grid":[" #!/"," !!0","!","!","!","!","!","!","!","!","!","!","!","!","!","!"]},"2810":{"keys":[196,202],"grid":[" #!/","00","00","00"," !!0","04","00","00","00","00"," $!.","10","10","10","10","00"]},"2813":{"keys":[196,202],"grid":[" -!%","00"," ,!&","02","02","02","02","00","00"," .!$","09"," /!#"," 0!!"," "," "," "]},"2812":{"keys":[202,196],"grid":[" "," "," "," ","!% -","!' +","!) )","!* (","!+ '","!, &","09","!- %","11","11","11","11"]},"2808":{"keys":[202,196],"grid":[" "," "," "," "," "," "," "," "," "," "," "," "," ","!! 0","!# /","!$ ."]},"2809":{"keys":[196,202],"grid":[" $!."," %!-"," &!,"," '!+"," (!*"," )!)","05","05","05","05","04","03","02","01","00","00"]},"2807":{"keys":[2,202],"grid":[" "," "," "," ","!& ,","!) )","!, #!$","!","!","!","!","!","!","!","!","!"]}},"5891":{"2697":{"keys":[183,2],"grid":[" $!.","00"," %!-","02"," &!,"," '!+","05"," (!*","07"," )!)"," *!(","10"," +!'","12"," ,!&","14"]},"2696":{"keys":[2,183],"grid":[" "," "," "," "," "," "," "," "," "," "," "," "," ","!! 0","!# /","14"]},"2698":{"keys":[183,2],"grid":[" -!%"," .!$","01"," /!#","03"," 0!!","05"," "," "," "," "," "," "," "," "," "]}},"5892":{"2700":{"keys":[183,2],"grid":[" /!#"," 0!!"," "," "," "," "," "," "," "," "," "," "," "," "," "," "]},"2699":{"keys":[183,2],"grid":[" &!,"," '!+","01"," (!*","03"," )!)","05"," *!("," +!'","08"," ,!&","10"," -!%","12"," .!$"," /!#"]},"2698":{"keys":[2,183],"grid":[" "," "," "," "," "," "," "," "," ","!! 0","!# /","10","!$ .","12","!% -","14"]}},"5893":{"2701":{"keys":[183,2],"grid":[" )!)","00"," *!("," +!'","03"," ,!&","05"," -!%","07"," .!$","09"," /!#"," 0!!","12"," "," "]},"2700":{"keys":[2,183],"grid":[" "," "," "," ","!! 0","04","!# /","!$ .","07","!% -","!& ,","10","!' +","12","!( *","14"]}},"5894":{"2701":{"keys":[2],"grid":[" "," "," "," "," "," "," "," "," "," "," "," "," "," "," "," "]},"2703":{"keys":[183,2],"grid":[" +!'"," ,!&","01"," -!%"," .!$","04"," /!#","06"," 0!!","08"," "," "," "," "," "," "]},"2702":{"keys":[183,2],"grid":[" !!0","00"," #!/"," $!.","03"," %!-","05"," &!,"," '!+","08"," (!*","10"," )!)"," *!(","13"," +!'"]}},"5895":{"2705":{"keys":[183,2],"grid":[" -!%"," .!$","01"," /!#"," 0!!","04"," "," "," "," "," "," "," "," "," "," "]},"2704":{"keys":[183,2],"grid":[" $!."," %!-","01"," &!,","03"," '!+"," (!*","06"," )!)","08"," *!(","10"," +!'"," ,!&","13"," -!%"]},"2703":{"keys":[2,183],"grid":[" "," "," "," "," "," "," "," "," "," "," "," ","!! 0","!# /","13","!$ ."]}},"5896":{"2705":{"keys":[2,183],"grid":[" "," "," "," "," "," "," "," ","!! 0","!# /","09","!$ .","11","!% -","!& ,","14"]},"2707":{"keys":[183,2],"grid":[" 0!!","00"," "," "," "," "," "," "," "," "," "," "," "," "," "," "]},"2706":{"keys":[183,2],"grid":[" '!+","00"," (!*","02"," )!)"," *!(","05"," +!'","07"," ,!&","09"," -!%"," .!$","12"," /!#","14"]}},"5897":{"2707":{"keys":[2,183],"grid":[" "," "," ","!! 0","03","!# /","05","!$ .","07","!% -","09","!& ,","!' +","12","!( *","14"]},"2708":{"keys":[183,2],"grid":[" )!)"," *!(","01"," +!'","03"," ,!&"," -!%","06"," .!$","08"," /!#","10"," 0!!","12"," "," "]}},"5898":{"2710":{"keys":[183,2],"grid":[" )!)"," *!(","01"," +!'","03"," ,!&","05"," -!%","07","07"," .!$","10"," /!#","12"," 0!!","14"]},"2711":{"keys":[183],"grid":[" "," "," "," "," "," "," "," "," "," "," "," "," "," "," "," "]},"2709":{"keys":[183,2],"grid":[" !!0","00"," #!/","02"," $!.","04","04"," %!-","07"," &!,","09"," '!+","11"," (!*","13"," )!)"]},"2708":{"keys":[2],"grid":[" "," "," "," "," "," "," "," "," "," "," "," "," "," "," "," "]}},"5899":{"2712":{"keys":[183,2],"grid":[" '!+"," (!*","01"," )!)","03"," *!(","05"," +!'","07","07"," ,!&","10"," -!%","12"," .!$","14"]},"2713":{"keys":[183,2],"grid":[" .!$"," /!#","01"," 0!!","03"," "," "," "," "," "," "," "," "," "," "," "]},"2711":{"keys":[2,183],"grid":[" "," "," ","!! 0","03","!# /","05","!$ .","07","07","!% -","10","!& ,","12","!' +","14"]}},"5951":{"2751":{"keys":[2,183],"grid":[" "," "," "," "," "," "," "," ","!! 0","!& ,","!* !!'","!","!","!","!","!"]}},"5950":{"2749":{"keys":[183,2],"grid":[" %!-","00"," $!."," #!/","!","!","!","!","!","!","!","!","!","!","!","!"]},"2748":{"keys":[2,183],"grid":[" "," "," "," "," "," "," "," "," ","!! 0","09","!# /","!$ .","12","!% -","14"]},"2751":{"keys":[2,183],"grid":[" "," "," "," "," "," ","!' +","!. $","!","!","!","!","!","!","!","!"]}},"5953":{"2751":{"keys":[2,183],"grid":[" "," "," "," "," "," "," "," "," ,!&","!","!","!","!","!","!","!"]}},"5952":{"2751":{"keys":[2,183],"grid":[" "," "," "," "," "," "," "," "," "," ,!&","!","!","!","!","!","!"]}},"6118":{"2793":{"keys":[2,202],"grid":[" "," "," "," "," "," "," "," "," "," "," "," "," "," "," "," )!)"]},"2796":{"keys":[202,2],"grid":[" "," "," ","!! 0","!$ .","!% -","!& ,","!' +","!( *","!) )","09","09","08","07","07","06"]},"2797":{"keys":[2,202],"grid":[" $!.","!","!"," !!0"," #!/","03","03","!","!","!","!","!","!","!","!","!"]},"2794":{"keys":[2,202],"grid":[" (!*","00","00"," '!+","03","03","03","03","03","03","00","00","00","00","00"," )!)"]},"2795":{"keys":[2,202],"grid":[" )!)","00","00","00","00","00","00"," *!(","07","00","00","00"," (!*"," &!,"," $!."," #!/"]}},"6119":{"2793":{"keys":[2],"grid":[" "," "," "," "," "," "," "," "," "," "," "," "," "," "," "," "]},"2794":{"keys":[202,2],"grid":[" !!0"," #!/"," $!."," %!-"," '!+"," *!("," +!'"," ,!&","07","07","07","07","07","07","07","07"]},"2795":{"keys":[202,2],"grid":[" ,!&","00","00","00","00"," -!%","05"," .!$"," /!#"," 0!!"," "," "," "," "," "," "]}},"5957":{"2749":{"keys":[2,183],"grid":[" "," ","!! 0","02","!# /","!$ .","05","05","05","!% -","09","09","09","09","!& ,","14"]},"2750":{"keys":[183,2],"grid":[" &!,","00","00"," '!+","03","03"," (!*"," +!% #"," "," "," "," "," "," "," "," "]}},"5956":{"2749":{"keys":[2,183],"grid":[" "," ,!&","01"," +!'","03"," *!(","05","05"," )!)","08"," (!*","10"," '!+","12","12"," &!,"]},"2750":{"keys":[2,183],"grid":[" &!,"," %!-","01"," $!.","03","03"," #!/","06"," !!0","08","08","!","!","!","!","!"]}},"6114":{"2797":{"keys":[2,202],"grid":[" "," "," ","!# /","!( *","!* (","!- %","!0 !","!","!","!","!","!","!","!","!"]}},"6115":{"2797":{"keys":[2,202],"grid":[" "," "," "," "," *!("," )!)"," (!*"," '!+","!! %!,","!","!","!","!","!","!","!"]}},"6116":{"2797":{"keys":[2,202],"grid":[" "," "," "," "," ,!# $","!' #!)","!","!","!","!","!","!","!","!","!","!"]}},"6117":{"2796":{"keys":[2],"grid":[" "," "," "," "," "," "," "," "," "," "," "," "," "," "," "," "]},"2797":{"keys":[2,202],"grid":[" "," 0!!"," "," "," "," ","!! 0","06","!# .!!","!$ -!!","!% +!#","!& )!$","!' (!$","!( &!%","!+ !!&","!"]}},"6110":{"2796":{"keys":[2,202],"grid":[" "," "," "," "," "," 0!!"," '!+"," %!-"," #!/"," !!0","!","!","!","!","!","!"]}},"6111":{"2796":{"keys":[2,202],"grid":[" '!+"," &!,"," $!."," #!/"," !!0","!","!","!","!","!","!","!","!","!","!","!"]},"2795":{"keys":[2,202],"grid":[" "," "," "," "," "," "," "," "," "," "," "," "," "," 0!!"," ,!&"," )!)"]}},"6112":{"2796":{"keys":[202,2],"grid":[" .!$"," 0!!"," "," "," "," "," "," "," "," "," "," "," "," "," "," "]},"2795":{"keys":[2,202],"grid":[" "," "," "," "," "," "," "," "," "," "," "," "," "," ","!% -","!' +"]}},"6113":{"2796":{"keys":[2,202],"grid":[" "," "," ","!! 0","!# /","!$ .","!% -","!& ,","!( *","!) )","!* (","10","!+ '","!, &","!- %","14"]},"2797":{"keys":[202,2],"grid":[" .!$"," /!#"," 0!!"," "," "," "," "," "," "," "," "," "," "," "," "," "]}},"5924":{"2745":{"keys":[2,183],"grid":[" "," ","!! .!#","!","!","!","!","!","!","!","!","!","!","!","!","!"]}},"6059":{"2792":{"keys":[2,183],"grid":[" "," "," "," "," "," "," /!#"," -!%"," ,!&"," +!'"," )!)"," (!*"," '!+"," &!,"," %!-"," $!."]},"2793":{"keys":[2,183],"grid":[" #!/","00","00","00","00","00","00"," !!0","07","07","07","07","07","07","07","07"]},"2794":{"keys":[2,183],"grid":[" !!0","!","!","!","!","!","!","!","!","!","!","!","!","!","!","!"]}},"6058":{"2796":{"keys":[2,183],"grid":[" $!."," #!/","01"," !!0","03","!","!","!","!","!","!","!","!","!","!","!"]},"2794":{"keys":[2,183],"grid":[" "," "," "," 0!!","03","03"," /!#"," .!$","07"," -!%"," ,!&"," +!'","11"," *!("," )!)","14"]},"2795":{"keys":[2,183],"grid":[" (!*","00","00"," '!+","03","03","03"," &!,","07","07"," %!-","10","10"," $!.","13","13"]}},"6055":{"2794":{"keys":[2,183],"grid":[" "," "," "," "," "," "," "," "," "," "," "," "," "," ","!$ .","!- %"]},"2795":{"keys":[183,2],"grid":[" .!$"," 0!!"," "," "," "," "," "," "," "," "," "," "," "," "," "," "]}},"6054":{"2794":{"keys":[2,183],"grid":[" "," "," "," "," "," "," "," "," "," "," "," "," "," "," #!/","!"]}},"6057":{"2796":{"keys":[2,183],"grid":[" "," "," "," "," "," "," 0!!","!! /!!","!! .!#","!# -!#","!$ +!$","!$ *!%","!& (!%","!' &!&","!( $!'","!"]}},"6056":{"2796":{"keys":[183,2],"grid":[" /!#","00"," 0!!","02"," "," "," "," "," "," "," "," "," "," "," "," "]},"2795":{"keys":[2,183],"grid":[" "," "," ","!# /","!$ .","!& ,","!' +","!) )","!* (","!+ '","!, &","10","!- %","!. $","13","!/ #"]}},"6051":{"2793":{"keys":[2,183],"grid":[" "," "," "," "," "," "," "," "," ","!& ,","!+ '","!- %","!. $","12","12","12"]},"2794":{"keys":[183,2],"grid":[" -!%"," ,!&","01"," +!'","03"," *!("," )!)"," (!*","07","07","07","07","07","06","06","05"]},"2795":{"keys":[183,2],"grid":[" *!("," +!'","01"," ,!&","03","03"," -!%","06"," .!$","08"," /!#","10"," 0!!"," "," "," "]}},"6050":{"2793":{"keys":[2,183],"grid":[" "," "," "," "," "," "," "," "," "," %!% '!#"," !!0","!","!","!","!","!"]}},"6053":{"2794":{"keys":[2,183],"grid":[" "," "," "," "," "," "," "," "," "," "," "," "," "," "," "," 0!!"]},"2795":{"keys":[2,183],"grid":[" /!#"," .!$"," ,!&","02","02"," +!'","05"," *!(","07"," )!)"," (!*"," '!+"," &!,"," $!."," #!/"," !!0"]}},"6052":{"2796":{"keys":[183,2],"grid":[" #!. !"," #!- #"," $!+ $"," &!& '"," "," "," "," "," "," "," "," "," "," "," "," "]},"2795":{"keys":[2,183],"grid":[" "," "," "," "," "," "," "," "," "," "," "," "," "," "," ","!! 0"]}},"6068":{"2785":{"keys":[183,2],"grid":[" 0!!"," "," "," "," "," "," "," "," "," "," "," "," "," "," "," "]},"2784":{"keys":[2,183],"grid":[" "," "," "," "," "," "," "," "," "," "," "," "," "," ","!( *","!, &"]},"2790":{"keys":[183,2],"grid":[" &!,"," %!-"," $!."," #!/"," !!0","!","!","!","!","!","!","!","!","!","!","!"]},"2789":{"keys":[183,2],"grid":[" "," "," "," "," "," "," "," 0!!"," .!$"," -!%"," ,!&"," +!'"," *!("," )!)"," (!*"," '!+"]},"2793":{"keys":[2,183],"grid":[" "," "," "," "," "," ,!&"," *!("," )!)"," (!*"," &!,"," #!/","!","!","!","!","!"]}},"5955":{"2750":{"keys":[2,183],"grid":[" "," "," "," "," "," "," "," "," "," "," "," "," "," 0!!","13"," /!#"]},"2751":{"keys":[2,183],"grid":[" .!$"," ,!&"," )!)"," %!-"," #!/","!","!","!","!","!","!","!","!","!","!","!"]}},"5889":{"2695":{"keys":[183],"grid":[" "," "," "," "," "," "," "," "," "," "," "," "," "," "," "," "]},"2694":{"keys":[183,2],"grid":[" (!*","00","00"," )!)"," *!(","04"," +!'","06"," ,!&"," -!%","09"," .!$","11"," /!#"," 0!!","14"]},"2693":{"keys":[2,183],"grid":[" "," "," "," "," ","!! 0","05","!# /","07","!$ .","09","!% -","11","!& ,","!' +","14"]}},"5888":{"2693":{"keys":[183,2],"grid":[" /!#"," 0!!","01"," "," "," "," "," "," "," "," "," "," "," "," "," "]},"2692":{"keys":[183,2],"grid":[" &!,"," '!+","01"," (!*","03"," )!)"," *!(","06"," +!'","08"," ,!&","10"," -!%","12"," .!$"," /!#"]},"2691":{"keys":[2,183],"grid":[" "," "," "," "," "," "," "," ","!! 0","08","!# /","!$ .","11","!% -","13","!& ,"]}},"6109":{"2796":{"keys":[2,202],"grid":[" "," "," "," "," "," "," "," "," "," "," "," 0!!"," .!$"," -!%","!","!"]}},"5954":{"2751":{"keys":[2,183],"grid":[" "," "," "," "," "," "," /!#"," *!(","!","!","!","!","!","!","!","!"]}},"6107":{"2796":{"keys":[2,202],"grid":[" "," +!$ $"," )!' #"," (!) !"," '!+"," %!-","!","!","!","!","!","!","!","!","!","!"]}},"6106":{"2796":{"keys":[2,202],"grid":[" "," $!$ +","!( *","!* (","!+ '","!- %","!/ #","!","!","!","!","!","!","!","!","!"]}},"6105":{"2796":{"keys":[2,202],"grid":[" "," "," "," 0!!","03"," /!#","05"," .!$","07"," -!%"," ,!&","!! )!(","!% %!)","!' !!*","!","!"]}},"6104":{"2796":{"keys":[2,202],"grid":[" "," "," "," "," "," "," "," "," "," !!, %","!0 !","!","!","!","!","!"]}},"6103":{"2796":{"keys":[2,202],"grid":[" "," "," "," "," "," "," "," "," "," "," +!$ $"," )!)"," (!*"," &!,"," %!-"," #!/"]},"2797":{"keys":[2,202],"grid":[" !!0","!","!","!","!","!","!","!","!","!","!","!","!","!","!","!"]}},"6102":{"2798":{"keys":[2,202],"grid":[" )!)"," *!(","01","01"," +!'","04"," ,!&","06","06"," -!%","09","09","09","06","01"," (!*"]},"2799":{"keys":[2,202],"grid":[" %!-"," #!/","!","!","!","!","!","!","!","!","!","!","!","!","!","!"]},"2802":{"keys":[2,202],"grid":[" %!-","00"," $!.","02","02","02","02","02","02","00","00"," &!,","11","11","11","11"]},"2803":{"keys":[2,202],"grid":[" &!,","00","00"," %!-","03"," $!.","05"," #!/","!","!","!","!","!","!","!","!"]},"2800":{"keys":[202,2],"grid":[" "," "," "," "," "," "," "," "," "," ","!! 0","!$ .","11","11","!% -","14"]},"2801":{"keys":[2,202],"grid":[" %!-"," &!,","01","00","00"," $!.","05","05"," #!/","08","08","08","05","05","00","00"]},"2797":{"keys":[2,202],"grid":[" "," "," /!#"," .!$"," -!%"," ,!&"," *!("," )!)","07"," (!*","09"," '!+","11","09","09","07"]}},"6101":{"2803":{"keys":[2,202],"grid":[" "," "," "," "," "," "," "," "," "," .!$"," *!("," )!)"," (!*","12","12"," '!+"]},"2800":{"keys":[2,202],"grid":[" %!-"," &!,"," '!+"," (!*"," )!)"," *!("," ,!&"," -!%"," /!#"," "," "," "," "," "," "," "]},"2799":{"keys":[2,202],"grid":[" "," "," "," /!#"," -!%"," +!'"," )!)"," '!+","07"," &!,","09"," %!-","11","11","11","11"]},"2804":{"keys":[2,202],"grid":[" '!+"," &!,","01"," %!-"," $!."," #!/"," !!0","!","!","!","!","!","!","!","!","!"]}},"6100":{"2804":{"keys":[2,202],"grid":[" "," "," "," "," "," ","!' +","!) (!!","!* %!$","!","!","!","!","!","!","!"]}},"6028":{"2774":{"keys":[2,183],"grid":[" "," "," "," "," "," "," "," "," "," "," "," "," ","!# /","!% (!&","!"]}},"6029":{"2778":{"keys":[183,2],"grid":[" "," "," "," "," "," "," "," "," "," "," "," 0!!"," /!#","12"," .!$","14"]},"2779":{"keys":[183,2],"grid":[" .!$"," /!#","01"," 0!!","03","03","03","03","03","03","01","01","00","00"," -!%","14"]},"2781":{"keys":[183,2],"grid":[" 0!!","00","00","00","00","00","00"," "," "," "," "," "," "," "," "," "]},"2780":{"keys":[183,2],"grid":[" -!%","00","00","00"," .!$","04","04","04","04","04"," /!#","10","10","10"," 0!!","14"]},"2774":{"keys":[2,183],"grid":[" "," "," "," "," "," "," "," "," "," "," "," "," "," "," ","!! 0"]},"2775":{"keys":[183,2],"grid":[" #!/","00"," $!.","02"," %!-","04"," &!,","06"," '!+","08"," (!*"," )!)"," *!("," +!'"," ,!&"," .!$"]},"2776":{"keys":[183,2],"grid":[" 0!!"," "," "," "," "," "," "," "," "," "," "," "," "," "," "," "]}},"5926":{"2735":{"keys":[2,183],"grid":[" "," /!#"," ,!&","02"," +!'","04"," *!(","06"," )!)","08","08"," (!*","11","11"," '!+","14"]},"2736":{"keys":[2,183],"grid":[" '!+","00","00","00","00","00","00","00","00","00","00","00","00","00"," &!,","14"]},"2737":{"keys":[2,183],"grid":[" &!,","00","00","00","00","00","00","00","00","00","00","00","00","00","00","00"]},"2738":{"keys":[2,183],"grid":[" &!,","00"," .!$","02"," /!#","04"," 0!!","06"," "," "," "," "," "," "," "," "]},"2743":{"keys":[2,183],"grid":[" "," "," "," "," "," "," "," "," "," "," "," "," "," "," -!%","!"]}},"5978":{"2748":{"keys":[2,183],"grid":[" +!'"," *!(","01"," )!)"," (!*"," '!+"," &!,"," %!-"," $!."," #!/"," !!0","10","!","!","!","!"]},"2745":{"keys":[2,183],"grid":[" "," "," "," )!! ("," (!*","04","04"," )!)","07","07"," *!(","10","10","10","07","07"]},"2747":{"keys":[2,183],"grid":[" (!*","00","00"," )!)","03","03"," *!(","06","06","06"," +!'","10","10","10","10","10"]},"2746":{"keys":[2,183],"grid":[" (!*"," '!+"," &!,","02","02"," %!-","05","02","02","02","02","02","02","01","01","01"]}},"5920":{"2748":{"keys":[2,183],"grid":[" +!'","00"," ,!&","02","02","02","02","02","02","02","02","02","02"," -!%","!","!"]},"2747":{"keys":[2,183],"grid":[" .!$","00","00","00","00","00","00","00","00","00"," ,!&"," +!'","11","11","11","11"]},"2746":{"keys":[2,183],"grid":[" "," "," "," "," .!$","04","04","04","04","04","04","04","04","04","04","04"]}},"5921":{"2745":{"keys":[2,183],"grid":[" "," "," "," "," "," "," "," "," "," "," "," "," "," "," 0!!","14"]},"2746":{"keys":[2,183],"grid":[" 0!!"," /!#","01"," $!.","!","!","!","!","!","!","!","!","!","!","!","!"]}},"5922":{"2745":{"keys":[2,183],"grid":[" "," "," "," "," "," "," "," "," "," !!0","09","!","!","!","!","!"]}},"5923":{"2745":{"keys":[2,183],"grid":[" "," "," 0!!"," /!#","03"," .!$","05"," -!%","07","!","!","!","!","!","!","!"]}},"6094":{"2815":{"keys":[196,202],"grid":[" "," "," *!! '"," %!* $"," #!/"," !!0","!","!","!","!","!","!","!","!","!","!"]},"2808":{"keys":[196,202],"grid":[" $!.","00","00","00"," $!$ (!$"," /!#","05"," 0!!","07","07"," "," "," "," "," "," "]},"2811":{"keys":[196,202],"grid":[" "," "," "," 0!!"," /!#"," .!$"," -!%"," ,!&"," +!'","08","08","08","08","08","07","07"]},"2807":{"keys":[2,202,196],"grid":[" "," "," "," "," -!%"," *!("," )!)"," '!+","#&!,","08","08","08","08","#%!-","13","13"]},"2812":{"keys":[196,202],"grid":[" -!%","00"," .!$"," /!#"," "," "," "," "," "," "," "," "," "," "," "," "]}},"6021":{"2770":{"keys":[2,183],"grid":[" "," "," "," "," "," "," "," "," "," "," "," "," $!* %","!. $","!/ #","!"]}},"6022":{"2770":{"keys":[2],"grid":[" "," "," "," "," "," "," "," "," "," "," "," "," "," "," "," "]},"2771":{"keys":[183,2],"grid":[" !!0"," $!."," &!,"," (!*"," *!("," +!'"," -!%"," 0!!"," "," "," "," "," "," "," "," "]}},"6023":{"2771":{"keys":[2,183],"grid":[" "," "," "," "," "," "," "," ","!! 0","!# /","!% -","10","!& ,","!' +","!( *","!) )"]},"2772":{"keys":[183,2],"grid":[" )!)"," *!("," +!'"," ,!&","03"," -!%"," .!$"," /!#"," 0!!","08"," "," "," "," "," "," "]}},"5928":{"2735":{"keys":[2,183],"grid":[" ","!","!","!","!","!","!","!","!","!","!","!","!","!","!","!"]}},"6025":{"2773":{"keys":[2,183],"grid":[" "," )!)"," &!,"," $!."," #!/","!","!","!0 !","07","07","07","07","!","!","!","!"]}},"6026":{"2773":{"keys":[2,183],"grid":[" ","!# /","01","!! 0","03"," "," "," "," "," "," "," "," "," "," "," "]},"2774":{"keys":[183,2],"grid":[" !!0"," #!/"," $!."," &!,","03"," '!+","05","05"," (!*"," )!)","09"," *!("," +!'"," ,!&"," .!$"," /!#"]},"2775":{"keys":[183],"grid":[" "," "," "," "," "," "," "," "," "," "," "," "," "," "," "," "]}},"6027":{"2774":{"keys":[2,183],"grid":[" "," "," "," "," "," "," "," "," "," *!# &"," (!' $"," &!* #"," %!-"," $!."," !!0","!"]}},"5935":{"2732":{"keys":[2,183],"grid":[" "," "," ","!# /","!& ,","!) )","!+ '","!. $","!0 !","!","!","!","!","!","!","!"]}},"6024":{"2772":{"keys":[2,183],"grid":[" "," "," "," "," "," "," "," "," "," "," ","!! 0","!# /","12","!$ .","!% -"]},"2773":{"keys":[183,2],"grid":[" &!,"," '!+","01"," (!*"," )!)"," *!("," ,!! %"," "," "," "," "," "," "," "," "," "]}},"5925":{"2743":{"keys":[2],"grid":[" "," "," "," "," "," "," "," "," "," "," "," "," "," "," "," "]},"2745":{"keys":[2,183],"grid":[" #!/"," !!0","!","!","!","!","!","!","!","!","!","!","!","!","!","!"]},"2744":{"keys":[2,183],"grid":[" 0!!"," /!#"," .!$"," -!%","03"," ,!&"," +!'","06"," *!("," )!)","09"," (!*"," '!+"," &!,"," %!-"," $!."]}},"5934":{"2731":{"keys":[2,183],"grid":[" "," "," "," "," "," "," "," "," "," "," "," "," ","!$ .","!& ,","!) )"]},"2732":{"keys":[183,2],"grid":[" ,!&"," .!$"," "," "," "," "," "," "," "," "," "," "," "," "," "," "]}},"5890":{"2696":{"keys":[183,2],"grid":[" *!("," +!'","01"," ,!&"," -!%","04"," .!$","06"," /!#"," 0!!","09"," "," "," "," "," "]},"2695":{"keys":[2,183],"grid":[" "," ","!! 0","02","!# /","!$ .","05","!% -","07","!& ,","09","!' +","!( *","12","!) )","14"]}},"6138":{"2780":{"keys":[2,202],"grid":[" ","!# ,!$","!% (!&","!","!","!","!","!","!","!","!","!","!","!","!","!"]}},"6139":{"2779":{"keys":[2],"grid":[" "," "," "," "," "," "," "," "," "," "," "," "," "," "," "," "]},"2780":{"keys":[2,202],"grid":[" !!- #!!","!","!","!","!","!","!","!","!","!","!","!","!","!","!","!"]}},"6098":{"2806":{"keys":[2,202],"grid":[" ,!&","00","00"," +!'","03"," *!(","05"," )!)","07"," (!*","09"," '!+","11"," &!,"," %!-"," $!."]},"2807":{"keys":[202],"grid":[" "," "," "," "," "," "," "," "," "," "," "," "," "," "," "," "]},"2805":{"keys":[2,202],"grid":[" "," "," "," "," "," "," "," "," "," 0!!"," /!#","10"," .!$","12"," -!%","14"]}},"6099":{"2804":{"keys":[2,202],"grid":[" "," "," "," "," "," "," /!#"," .!$"," -!%","08","08","07","07","07","08","08"]},"2805":{"keys":[2,202],"grid":[" ,!&","00"," +!'"," (!*"," &!,"," $!."," #!/"," !!0","!","!","!","!","!","!","!","!"]}},"6133":{"2789":{"keys":[2,202],"grid":[" "," "," "," "," "," "," "," .!! #"," +!'"," (!*"," &!,"," #!/","!","!","!","!"]}},"6130":{"2792":{"keys":[2,202],"grid":[" #!/"," !!0","!","!","01","01","01","00","00","!","!","!","!","!","!","!"]},"2791":{"keys":[2,202],"grid":[" "," "," "," "," "," "," "," "," 0!!"," /!#"," .!$"," )!)"," '!+"," &!,"," %!-"," $!."]}},"6108":{"2796":{"keys":[2,202],"grid":[" "," "," "," "," ","!! 0","!# /","!$ .","!% -","!& ,","!' +","!( *","!) )","!+ '","!","!"]}},"6136":{"2785":{"keys":[202,2],"grid":[" "," "," "," "," "," "," "," "," ","!! 0","!# /","!% -","!& ,","!( )!!","!+ $!$","!"]},"2780":{"keys":[2,202],"grid":[" "," "," "," "," "," "," "," "," "," (!$ '"," &!( %"," #!/","!","!","!","!"]},"2788":{"keys":[2,202],"grid":[" "," "," "," "," "," "," 0!!"," .!$"," -!%"," ,!&"," *!("," )!)"," '!+"," &!,"," $!.","!"]}},"6137":{"2785":{"keys":[202,2],"grid":[" "," "," "," "," "," "," "," "," "," "," "," #!% +","!( *","12","!) )","14"]},"2787":{"keys":[2,202],"grid":[" )!)","00","00","00","00","00","00","00","00"," *!(","09","09","09"," +!'","09"," (!*"]},"2786":{"keys":[2,202],"grid":[" )!)","00","00"," *!(","03","03","03","03","03","00","00","00","00","00","00","00"]},"2780":{"keys":[2,202],"grid":[" "," +!'"," *!("," (!*"," '!+"," &!,"," %!-"," $!."," #!/"," !!0","!","!","!","!","!","!"]},"2788":{"keys":[2,202],"grid":[" &!,"," %!-"," $!."," #!/"," !!0","!","!","!","!","!","!","!","!","!","!","!"]}},"6134":{"2781":{"keys":[2,202],"grid":[" "," "," "," "," "," /!#"," -!%","06"," .!$","05"," "," "," "," "," "," "]},"2789":{"keys":[2,202],"grid":[" "," "," "," "," "," "," 0!!"," -!%","!& %!(","!","!","!","!","!","!","!"]}},"6135":{"2785":{"keys":[2,202],"grid":[" *!(","00","00","00"," +!'"," -!%"," .!$"," /!#"," "," "," "," "," "," "," "," "]},"2784":{"keys":[2,202],"grid":[" /!#","00"," 0!!","02","02","02","02","02","02","00","00"," .!$"," +!'","12","12"," *!("]},"2781":{"keys":[2,202],"grid":[" (!*"," '!+"," %!-"," #!/","!","!","!","!","!","!","!"," $!.","01"," *!("," +!'"," ,!&"]},"2780":{"keys":[2,202],"grid":[" "," "," "," "," "," "," "," "," "," "," "," "," "," -!%"," +!'"," )!)"]},"2783":{"keys":[2,202],"grid":[" %!-","00","00"," &!,","03","03"," '!+","06","06"," (!*","09"," *!("," -!%"," /!#","13","13"]},"2782":{"keys":[2,202],"grid":[" ,!&"," -!%","00","00"," +!'","04"," *!("," )!)"," (!*"," '!+"," &!,","10"," %!-","12","12","12"]},"2789":{"keys":[2,202],"grid":[" /!#"," ,!&"," *!("," '!+"," %!-"," !!0","!","!","!","!","!","!","!","!","!","!"]},"2788":{"keys":[2],"grid":[" "," "," "," "," "," "," "," "," "," "," "," "," "," "," "," "]}},"5937":{"2734":{"keys":[183,2],"grid":[" *!(","00","00","00"," )!)","04","04","04","00"," -!%"," /!#"," "," "," "," "," "]},"2732":{"keys":[2],"grid":[" "," "," "," "," "," "," "," "," "," "," "," "," "," "," "," "]},"2733":{"keys":[183,2],"grid":[" #!/"," .!$"," -!%","02","02","02"," ,!&","06","06","06","06"," +!'","11","11","11"," *!("]}},"5936":{"2732":{"keys":[2,183],"grid":[" "," "," "," "," "," "," "," "," ","!# /","!& ,","!( *","!+ '","!- %","!0 !","!"]}},"6039":{"2791":{"keys":[2,183],"grid":[" "," "," ","!& ,","!( *","!* (","!, &","!. $","!0 !","!","!","!","!","!","!","!"]}},"6038":{"2792":{"keys":[183],"grid":[" "," "," "," "," "," "," "," "," "," "," "," "," "," "," "," "]},"2791":{"keys":[2,183],"grid":[" "," "," 0!!"," /!#"," .!$"," ,!&"," +!'"," *!("," )!)"," (!*"," '!+","10"," &!,"," $!."," #!/"," !!0"]}},"5933":{"2731":{"keys":[2,183],"grid":[" "," "," "," "," "," "," ","!$ .","!' +","!) )","!, &","!. $","!","!","!","!"]}},"6079":{"2808":{"keys":[183,196],"grid":[" "," ","!# /","!% -","!' +","!( *","05","!) )","!, $!#","!","!","!","!","!","!","!"]},"2804":{"keys":[2,183],"grid":[" "," "," "," "," "," "," "," "," "," "," ","!# -!#","!","!","!","!"]}},"5931":{"2730":{"keys":[2],"grid":[" "," "," "," "," "," "," "," "," "," "," "," "," "," "," "," "]},"2731":{"keys":[2,183],"grid":[" .!$"," -!%"," ,!&"," *!(","03"," )!)","05"," (!*","07"," '!+","09"," &!,","11","11"," %!-","14"]},"2732":{"keys":[2,183],"grid":[" $!.","00","00"," #!/","03"," !!0","05","05","!","!","!","!","!","!","!","!"]}},"5930":{"2734":{"keys":[2,183],"grid":[" /!#","00","00","00","00","00","00","00","00","00","00","00"," 0!!","12","12","12"]},"2735":{"keys":[2,183],"grid":[" 0!!","!","!","!","!","!","!","!","!","!","!","!","!","!","!","!"]},"2732":{"keys":[2,183],"grid":[" "," "," "," "," "," "," "," "," "," 0!!","09"," /!#","11","11","11","11"]},"2733":{"keys":[2,183],"grid":[" /!#","00"," .!$","02","02","02","02","02","02","02","02","02","02","02","02","00"]}},"6033":{"2785":{"keys":[183,2],"grid":[" $!."," %!-","01"," &!,","03","03","03"," '!+","07"," (!*","09"," )!)","11","11","11","11"]},"2784":{"keys":[2,183],"grid":[" "," "," "," "," "," "," "," "," "," "," "," "," ","!! 0","!# /","14"]},"2786":{"keys":[183,2],"grid":[" )!)"," *!("," +!'"," ,!&","03"," -!%"," 0!!"," "," "," "," "," "," "," "," "," "]}},"6032":{"2784":{"keys":[183,2],"grid":[" +!'","00"," *!(","02","02","02","00","00"," ,!&"," -!%"," .!$"," 0!!"," "," "," "," "]},"2783":{"keys":[183,2],"grid":[" #!/"," $!."," %!-","02"," &!,","04"," '!+","06"," (!*","08"," )!)","10"," *!(","12"," +!'","14"]},"2782":{"keys":[2,183],"grid":[" "," "," "," "," "," "," "," "," "," "," "," "," "," ","!! 0","!# /"]}},"6031":{"2778":{"keys":[183,2],"grid":[" #!/"," !!0","!","!","!","!","!","!","!","!","!","!","!","!","!","!"]},"2777":{"keys":[2,183],"grid":[" "," "," "," "," "," "," "," "," ","!! 0","!# /","10","10","10","10","10"]},"2782":{"keys":[2,183],"grid":[" ","!! 0","!$ .","!& ,","!( *","!* (","!+ '","!, &","!- %","!. $","09","!/ #","!0 !","!","!","!"]}},"6078":{"2808":{"keys":[183,196],"grid":[" "," "," *!("," &!,"," $!."," #!/"," !!0","!","!","!","!","!","!","!","!","!"]},"2804":{"keys":[2,183],"grid":[" "," "," "," "," "," "," "," "," ","!- %","!/ #","!","!","!","!","!"]}},"6037":{"2792":{"keys":[2,183],"grid":[" "," 0!!"," /!#"," .!$"," -!%"," ,!&"," +!'"," *!("," )!)","!& #!*","!","!","!","!","!","!"]}},"6036":{"2792":{"keys":[183,2],"grid":[" #!/","00","00","00","00","00","00","00","00"," $!' ("," "," "," "," "," "," "]},"2791":{"keys":[2,183],"grid":[" "," "," "," "," "," "," "," ","!! 0","08","08","!# /","11","11","11","11"]}},"6035":{"2790":{"keys":[2,183],"grid":[" "," "," "," "," "," "," "," "," "," "," "," ","!! 0","12","12","12"]},"2791":{"keys":[183,2],"grid":[" !!0","00","00","00","00","00"," #!& &!%"," /!#"," "," "," "," "," "," "," "," "]},"2789":{"keys":[183,2],"grid":[" !!0","00","00","00","00","00","00","00","00","00","!","!","!","!","!","!"]},"2788":{"keys":[2,183],"grid":[" "," "," "," "," "," "," "," "," "," "," "," "," "," ","!! 0","14"]}},"6034":{"2790":{"keys":[183,2],"grid":[" 0!!","00","00","00"," /!#","04","04","04","04","04","00"," "," "," "," "," "]},"2786":{"keys":[2,183],"grid":[" "," "," "," "," "," "," "," ","!! 0","!$ .","!% -","!& ,","!' +","!( *","!) )","!* ("]},"2789":{"keys":[183,2],"grid":[" "," "," "," "," "," "," "," "," "," "," "," "," "," "," 0!!","14"]},"2787":{"keys":[183,2],"grid":[" +!'"," ,!&","01"," -!%","03"," .!$"," /!#","06","06","06","06"," 0!!","11","11"," "," "]},"2788":{"keys":[183],"grid":[" "," "," "," "," "," "," "," "," "," "," "," "," "," "," "," "]}}}}