{"9":{"368":{"203":{"keys":[196,1,198],"grid":[" "," "," "," "," "," "," "," "," "," "," ","!! 0","!$ .","##!& *","#'!! *","#&!# *"]},"205":{"keys":[1,196,198],"grid":[" !!0","!","00","00","00","00"," #!/","#! !!/","## #!-","#$ #!,","#% $!*","#' !!*","#' #!)","#( !!)","#) #!'","#* !!'"]},"204":{"keys":[198,1,196],"grid":[" &!##*"," %!!#,","01"," #!! !!!#,","!&#,","!##/","#","#","#","#","!!#0","10","10","10","10","10"]},"207":{"keys":[1,198,196],"grid":[" !!* ##%"," #!' $#&","#! !!' !#(","#! #!& !#(","## (#(","#% ##+","#","#","#","#","#","#","#","#"," !#0","14"]},"206":{"keys":[198,1,196],"grid":[" )!##'"," )!!#("," *#("," *!!#'"," *!##&"," ,!!#%"," +!##%","06"," +!!#&","06"," -!!#$","10"," ,!##$","!! ,!!#$","13","!! +!##$"]}}},"13":{"5892":{"3289":{"keys":[196,198,""],"grid":[" ","!! 0","!$ .","!& ,","!' +","!'#! *","!) )","!* (","07","!+ '","09","09","09","09","!, &","14"]},"3261":{"keys":[196,198],"grid":[" "," "," "," "," "," "," "," "," "," "," "," *!# %!!"," '!( !!#"," &!,"," $!.","!! !!/"]},"3265":{"keys":[198,"",196],"grid":[" "," 0!!","01"," 0#!","03","03","03"," /!!#!"," /##","08","08","08"," .#$","12","12","12"]},"3267":{"keys":[198,196],"grid":[" %!-","00"," $!.","02","02"," #!/"," !!0","06","06","06","06","!","06","06","06","!"]},"3266":{"keys":[198,196],"grid":[" -!%"," ,!&"," +!'"," *!("," (!*","04"," '!+","06","06","06"," &!,","10","10"," %!-","13","13"]},"3268":{"keys":[196],"grid":[" "," "," "," "," "," "," "," "," "," "," "," "," "," "," "," "]},"3290":{"keys":[198,196],"grid":[" ,!&","00"," -!%","02","02"," .!$","05"," /!#"," 0!!"," "," "," "," "," "," "," "]},"3317":{"keys":[196,198],"grid":[" !!0"," %!-","01"," '!+"," (!*"," *!("," +!'"," ,!&"," -!%"," .!$"," /!#"," 0!!"," "," "," "," "]},"3316":{"keys":[198],"grid":[" "," "," "," "," "," "," "," "," "," "," "," "," "," "," "," "]}},"5890":{"3261":{"keys":[198,196,""],"grid":[" '!+"," (!*"," )!)","02"," *#!!'"," -!%","05"," .!$"," 0!!"," "," "," "," "," "," "," "]},"3260":{"keys":[196,198],"grid":[" "," "," "," "," "," "," "," "," "," "," "," "," "," "," ","!$ ."]},"3267":{"keys":[198,196,""],"grid":[" "," "," "," "," "," "," "," "," "," "," "," "," "," "," ,!# $"," *#!!% #"]},"3288":{"keys":[196,198,""],"grid":[" "," ","!# /","02","!$ .","!'#! !!! (","!- %","!","!","!","!","!","!","!","!","!"]},"3268":{"keys":[198,196],"grid":[" )!' #"," )!( !"," )!)","02","02","02","02"," (!*"," '!+"," #!/"," !!0","10","!","!","!","!"]},"3315":{"keys":[198,196,""],"grid":[" "," "," "," "," "," "," "," "," "," ","!! $#( &","!- %","!. $","!/ #","13","!0 !"]},"3316":{"keys":[196],"grid":[" "," "," "," "," "," "," "," "," "," "," "," "," "," "," "," "]}},"5891":{"3261":{"keys":[196,198],"grid":[" "," "," "," "," "," "," "," '!$ ("," !!) (","!+ '","!, &","10","!. $","!/ #","!0 !","!"]},"3268":{"keys":[198,196],"grid":[" "," "," "," 0!!","!! .!#","!# *!&","!( $!'","06","!) #!'","!","!","!","!","!","!","!"]},"3288":{"keys":[196,198],"grid":[" "," "," "," "," "," "," ","!% -","!( *","!) )","!* (","!+ '","!, &","!- %","!. $","!0 !"]},"3289":{"keys":[198],"grid":[" "," "," "," "," "," "," "," "," "," "," "," "," "," "," "," "]},"3316":{"keys":[196,198,""],"grid":[" !!!##!-"," &!,"," (!*"," )!)","02","02","02","02"," *!(","08","08"," +!'","11"," ,!&"," /!#"," "]}},"5900":{"3309":{"keys":[198,196,""],"grid":[" !!0"," #!/"," $!."," %!-","03"," &!,"," '!+"," (!*","07","07","07"," '#!!*"," &##!*","11","07","07"]},"3306":{"keys":[196,198],"grid":[" ","!! 0","01","!# /","03","03","!$ .","03","06","06","!% -","!& ,","11","11","11","11"]},"3308":{"keys":[198,"",196],"grid":[" $!!#-"," #!##-"," !!##."," !#0","#","#","#","#","#","#","#","#","#","#","#","03"]},"3307":{"keys":[198,196,""],"grid":[" (!*","00","00","00","00"," '!+"," &!,"," %!-"," ##!!."," #!/"," !#!!/","09"," $!.","12","12"," $#!!-"]},"3311":{"keys":[198,"",196],"grid":[" $!!#-"," #!##-"," #!!#."," !!##."," !!!#/","!!#0","#","#","#","#","#","#","#","#","#","#"]},"3310":{"keys":[198,196,""],"grid":[" )!)","00"," *!(","02"," +!'","04","04"," ,!&","07","02"," '!+"," &#!!+","10"," &!,","13"," %!-"]}},"5893":{"3261":{"keys":[196,198],"grid":[" "," "," "," "," .!! #"," *!& #"," '!) #"," !!/ !","!","!","!","!","!","!","!","!"]},"3263":{"keys":[198,196],"grid":[" "," "," "," "," "," "," "," "," "," "," "," "," "," %!# +"," $!' ("," %!( &"]},"3264":{"keys":[198,196],"grid":[" %!) %"," %!-"," &!,"," '!+","02","01","01"," $!."," #!/","08","08","08","!","!","!","!"]},"3290":{"keys":[196,198,""],"grid":[" "," "," "," "," "," "," "," "," "," ","!$ .","10","!% -","!' '!! $","!0#!","!"]},"3317":{"keys":[198,196,""],"grid":[" '!+","00"," &!,","02"," %!-","04","04","04"," $#!!-"," ##!!."," #!/","!","!","!","!","!"]},"3316":{"keys":[198,196],"grid":[" "," "," "," "," "," "," "," "," 0!!"," -!%"," ,!&"," +!'"," )!)"," (!*","13","13"]}},"5894":{"3261":{"keys":[196,198],"grid":[" "," "," "," "," "," "," "," "," ","!! 0","09","!# /","!$ .","12","12","!% -"]},"3263":{"keys":[198,196],"grid":[" '!+","00","00","00"," )!)"," ,!&","05","05"," -!%"," /!#","09","09","09","09"," 0!!"," "]},"3262":{"keys":[198,196],"grid":[" %!-","00","00","00"," '!+","04","04"," (!*","07"," *!(","09"," )!)","11","07","07","04"]},"3264":{"keys":[196,198],"grid":[" %!-"," '!+"," (!*"," )!)"," *!$ !!# !"," "," "," "," "," "," "," "," "," "," "," "]},"3290":{"keys":[196,"",198],"grid":[" "," "," "," "," "," "," "," "," "," "," "," "," "," ","!!#! /","#% -"]},"3291":{"keys":[198,196],"grid":[" &!,","00","00","00"," '!+","04"," *!(","06"," )!)","08","08","08","06","06","06","06"]},"3292":{"keys":[198,196],"grid":[" *!("," )!)","01","01","01","00"," +!'","06"," ,!&"," -!%"," 0!!"," "," "," "," "," "]},"3316":{"keys":[198,196],"grid":[" "," "," "," "," "," "," -!%"," #!! &!)","!","!","!","!","!","!","!","!"]}},"5895":{"3316":{"keys":[198,"",196],"grid":[" "," "," "," "," ","!! 0","#% -","#& ,","#) )","#* (","#+ '","#- %","#/ #","#","#","#"]},"3292":{"keys":[196,198],"grid":[" "," "," "," "," "," "," "," "," "," "," "," ","!# /","!% -","!& ,","!( *"]},"3293":{"keys":[198,196,""],"grid":[" )!)"," *!(","00"," '!+"," &!,"," %!-","05","04","04","03"," (#!!)"," +!'"," ,!&"," -!%"," .!$"," /#!!!"]}},"5896":{"3313":{"keys":[198,"",196],"grid":[" "," "," "," "," "," "," "," "," "," "," "," "," "," ,!# $"," ,!##$"," ,#&"]},"3294":{"keys":[196,198,""],"grid":[" ","!!#! /","!!## .","!##$ ,","!* (","!, &","05","!. $","!/ #","!","!","!","!","!","!","!"]},"3296":{"keys":[198],"grid":[" "," "," "," "," "," "," "," "," "," "," "," "," "," "," "," "]},"3297":{"keys":[198],"grid":[" "," "," "," "," "," "," "," "," "," "," "," "," "," "," "," "]},"3315":{"keys":[198,196,""],"grid":[" )!)","00","00"," *!(","03"," +!'","05","03"," &#$!)"," &!,","09"," $!."," #!/","12","12"," !!0"]},"3314":{"keys":[198,196,""],"grid":[" ,!&","00"," +!'","02","02","02"," )#!!(","06"," (#!!)","08"," )!)","10"," (!*","12"," '#!!*","12"]},"3316":{"keys":[198,196,""],"grid":[" !!0","!","00","00","00","00","00","00"," !#!!/"," #!/","09","00","!","!","!","!"]}},"5897":{"3299":{"keys":[198,196,""],"grid":[" %!-","00","00","00"," %#!!,"," %#! !!+"," %#! #!*"," )!)"," *!(","08"," *#!!'"," *##!&"," +#!!&"," ,!&"," -!%","14"]},"3294":{"keys":[196,198],"grid":[" "," "," "," "," "," "," "," "," "," "," ","!# /","!$ .","!% -","!& ,","!( *"]},"3295":{"keys":[198,196],"grid":[" (!*","00","00"," '!+"," &!,"," %!-"," $!.","06","06","05","05","05","05","05","04","04"]},"3313":{"keys":[198,"",196],"grid":[" /!!#!","00"," /##","02","02","02"," +!!#&"," %!##+"," %#-"," $#."," ##/","10","10","10","#","#"]},"3296":{"keys":[198,196],"grid":[" &!,","00"," %!-","02","02"," $!."," #!/","06","06"," !!0","09","!","!","!","!","!"]},"3300":{"keys":[198,196,""],"grid":[" -!%"," -## #"," -#! $"," "," "," "," "," "," "," "," "," "," "," "," "," "]}},"5898":{"3305":{"keys":[198,196,""],"grid":[" .!$","00","00","00","00"," /!#","05"," .##!!"," "," "," "," "," "," "," "," "]},"3303":{"keys":[198,196],"grid":[" "," "," "," "," "," "," 0!!","06","06","06","06"," "," "," "," "," "]},"3313":{"keys":[196,198],"grid":[" +!! &"," "," "," "," "," "," "," "," "," "," "," "," "," "," "," "]},"3312":{"keys":[198,"",196],"grid":[" "," "," "," "," "," "," "," "," "," "," "," "," -!!## !"," -!!#$","!# +#%","#% )#%"]},"3302":{"keys":[198,196],"grid":[" "," "," "," "," "," "," "," 0!!","07","07"," /!#","10","10","07"," "," "]},"3304":{"keys":[198,196,""],"grid":[" "," 0!!","01","01"," /#!!!","04","01","01"," ","01","01","01"," /!#","12","12"," .!$"]},"3300":{"keys":[196,198,""],"grid":[" ","!! 0","!# /","!% -","!& ,","04","!&#! +","06","06","!&## *","!*#! '","!*## &","!-#! $","!.#$","!/##","!"]}},"5899":{"3305":{"keys":[196,198],"grid":[" "," "," "," "," "," "," %!! ,"," $!' (","!, &","!- %","!/ #","10","!0 !","12","!","!"]},"3308":{"keys":[198,196,""],"grid":[" "," "," "," "," /!#"," .#!!#","04","04","04","04"," 0!!","10"," "," "," "," "]},"3311":{"keys":[198,"",196],"grid":[" "," "," "," "," "," "," 0!!"," 0#!"," /!!#!"," .!!##","09","07"," "," ","06","06"]},"3312":{"keys":[198,"",196],"grid":[" /!#"," .!##!","01"," .!!##"," -#%"," *!##&"," )!!#("," )#)","07","07","07","07"," '!!#*","#","#","#"]},"3302":{"keys":[196],"grid":[" "," "," "," "," "," "," "," "," "," "," "," "," "," "," "," "]},"3303":{"keys":[196,198],"grid":[" "," "," "," "," "," "," "," "," "," "," "," "," ","!! 0"," "," "]},"3301":{"keys":[198,196],"grid":[" !!!","00","00","!"]}},"5889":{"3269":{"keys":[196],"grid":[" "," "," "," "," "," "," "," "," "," "," "," "," "," "," "," "]},"3260":{"keys":[196,198,""],"grid":[" "," "," "," "," "," ","!$ .","!& ,","07","!( *","!) )","10","!* (","!+#! &","!/ #","!"]},"3286":{"keys":[196,198,""],"grid":[" "," ","!! 0","!# /","!##! .","!$#! -","!%#$ *","!'#! *","!) )","08","08","08","08","08","08","08"]},"3287":{"keys":[198,"",196],"grid":[" )!!#("," *#(","01"," *!!#'"," +#'"," ,#&"," -#%"," .#$","07"," .!!##"," /!!#!"," 0#!"," "," ","11"," 0!!"]},"3268":{"keys":[198,196],"grid":[" "," "," "," "," "," "," "," "," "," "," ","!! 0","!& +!!","!) (!!","!* '!!","!, $!#"]},"3313":{"keys":[198],"grid":[" "," "," "," "," "," "," "," "," "," "," "," "," "," "," "," "]},"3315":{"keys":[196,198],"grid":[" (!*"," )!)"," +!'"," /!#","03","03","03","03"," 0!!"," "," "," "," "," "," "," "]},"3314":{"keys":[196,198],"grid":[" !!0","00","00","00"," #!/"," $!.","05","05"," %!-","08","08"," &!,","11","11","11"," '!+"]}},"5888":{"3327":{"keys":[198,196],"grid":[" *!(","00","00","00","00","00","00","00"," +!'","08","08"," (!*"," '!+"," &!,","13","13"]},"3286":{"keys":[198,196],"grid":[" 0!!"," "," "," "," "," "," "," "," "," "," "," "," "," "," "," "]},"3276":{"keys":[198,196,""],"grid":[" $!."," $#!!-","01","01"," %!-","04","04","04"," %#!!,","08","08"," &!,"," '!+","12","12","12"]},"3277":{"keys":[198,196],"grid":[" '!+","00"," &!,","02","02","02","02","02","02"," %!-","09","09","09","09","09"," $!."]},"3274":{"keys":[196,198],"grid":[" "," "," "," "," "," "," "," "," "," "," "," ","!% -","!& ,","13","13"]},"3275":{"keys":[198,196,""],"grid":[" &!,","00"," %!-","00","02","02","02","02","02","02","02","02"," ##!!.","12","12"," $!."]},"3326":{"keys":[196,198],"grid":[" "," "," "," "," "," "," "," "," "," ","!' +","!( *","11","!+ '","!, &","13"]},"3309":{"keys":[198,196,""],"grid":[" "," "," "," "," "," "," "," ","!! 0","!$ .","!% -","!&#! +","!'#! *","!( *","13","!) )"]},"3313":{"keys":[196,198],"grid":[" +!'","00","00","00","00","00","00"," ,!&","07","07"," -!%","07","07","10"," 0!!"," "]},"3278":{"keys":[198,196,""],"grid":[" $!.","00","00","00","00"," ##!!."," $#!!-"," %!-"," &!,","08","08","08","08","08"," &#!!+","14"]},"3279":{"keys":[198,"",196],"grid":[" '!!#*","00"," (#*"," (!!#)"," )#)"," *#("," +#'","06","06","06","06","05","04","04","02"," '#+"]},"3259":{"keys":[198,196],"grid":[" !!0"," #!/"," %!-","02"," $!.","04","01","01","01","04","01","00","!","!","!","!"]},"3312":{"keys":[196,198],"grid":[" &!,"," '!+","01","01","01"," (!*","05","05","05","05"," )!)"," *!(","11"," +!'","13","13"]},"3311":{"keys":[196,198],"grid":[" (!*"," '!+"," %!-","02","02","02"," $!.","06","06","02","02","02","02","02","02"," &!,"]},"3260":{"keys":[196,198,""],"grid":[" ","!! 0","!$ .","!& ,","!)##!$ $","!","!","!","!","!","!","!","!","!","!","!"]},"3269":{"keys":[198,196],"grid":[" .!$","00"," -!%"," ,!&"," +!'"," )!)","05"," (!*"," %!-","08","08","08"," !!0","!","!","!"]},"3310":{"keys":[196,198,""],"grid":[" )!)"," *!("," +#!!&"," +!'","03","03","03","03","03","03","03","03","01","01","01","01"]},"3285":{"keys":[198,196,""],"grid":[" $!.","00"," %!-"," &!,"," '!+","04"," (!*"," )!)"," *!(","08"," +!'"," +#!!&"," ,!&"," -!%"," .!$"," /!#"]},"3284":{"keys":[196,198],"grid":[" "," "," "," "," "," "," "," "," "," "," "," "," ","!! 0","13","!# /"]},"3283":{"keys":[198,196],"grid":[" #!/","00"," !!0","!","!","!","!","!","!","!","!","!","!","!","!","!"]},"3282":{"keys":[196,198],"grid":[" "," "," "," "," "," "," "," "," "," ","!! 0","!$ .","11","11","!# /","14"]},"3280":{"keys":[198,196],"grid":[" '!+"," &!,","01"," %!-","03","03"," $!.","06"," #!/","08","08"," !!0","11","!","!","!"]},"3268":{"keys":[198,196],"grid":[" "," "," "," "," "," "," "," "," "," "," "," 0!!","11","11"," .!$","14"]}}}}