{"9":{"382":{"224":{"keys":[198,1,204,""],"grid":[" *!$#%"," *!##&"," +!!#&","01","01"," +!##%"," ,!##$"," -!!#$"," -!###"," .!!##"," .!##!"," /$#"," "," "," "," "]}}},"13":{"6125":{"3593":{"keys":[198,204],"grid":[" $!."," %!-","01"," &!,","03"," '!+","05"," (!*","07"," )!)","09"," *!(","11"," +!'","13"," ,!&"]},"3592":{"keys":[204,198],"grid":[" "," "," "," "," "," "," "," "," "," "," ","!! 0","11","!# /","13","!$ ."]},"3594":{"keys":[198,204],"grid":[" ,!&"," -!%","01"," .!$","03"," /!#","05"," 0!!","07"," "," "," "," "," "," "," "]}},"6124":{"3592":{"keys":[198,204],"grid":[" ,!&"," -!%","01"," .!$","03"," /!#","05"," 0!!","07"," "," "," "," "," "," "," "]},"3591":{"keys":[198,204],"grid":[" %!-","00"," &!,","02"," '!+","04"," (!*","06"," )!)","08"," *!(","10","10"," +!'","13"," ,!&"]},"3590":{"keys":[204,198],"grid":[" "," "," "," "," "," "," "," "," "," ","!! 0","10","!# /","12","!$ .","14"]}},"6126":{"3594":{"keys":[204,198,""],"grid":[" "," "," "," "," "," "," "," "," "," "," ","!! 0","!! ,#%","!### )#%","#% )#%","14"]}},"6121":{"3588":{"keys":[198,204],"grid":[" 0!!"," "," "," "," "," "," "," "," "," "," "," "," "," "," "," "]},"3584":{"keys":[198,204],"grid":[" "," "," "," "," "," "," "," "," 0!!"," /!#","09"," .!$","11","11"," -!%","14"]},"3585":{"keys":[198,204],"grid":[" -!%"," .!$","00","00","00","00","01"," /!#"," 0!!"," "," "," "," "," "," "," "]},"3587":{"keys":[198,204],"grid":[" "," "," "," "," "," "," "," 0!!","07","07","07"," /!#","11","07","07","07"]}},"6123":{"3589":{"keys":[204,198],"grid":[" "," "," ","!! 0","!# /","04","!$ .","06","!% -","!& ,","!' +","!( *","!) )","!* (","!, &","14"]},"3590":{"keys":[198,204],"grid":[" -!%","00"," .!$","02"," /!#","04"," 0!!","06"," "," "," "," "," "," "," "," "]},"3584":{"keys":[204],"grid":[" "," "," "," "," "," "," "," "," "," "," "," "," "," "," "," "]}},"6122":{"3584":{"keys":[198,204],"grid":[" "," "," "," 0!!","03","03"," %!& $!%","!","!","!","!","!","!","!","!","!"]},"3585":{"keys":[204,198],"grid":[" "," "," "," "," "," "," "," "," "," ","!! 0","!# /","11","!$ .","!% -","14"]},"3586":{"keys":[198,204],"grid":[" %!-","00","00","00","00","00","00","00","00","00","00"," $!.","11","11","11"," #!/"]},"3587":{"keys":[198,204],"grid":[" #!/","00"," !!0","02","!","!","!","!","!","!","!","!","!","!","!","!"]},"3588":{"keys":[204,198],"grid":[" "," ","!! 0","!# /","!$ .","04","!% -","!& ,","!' +","!) )","!* (","10","!, &","!- %","!. $","!/ #"]},"3589":{"keys":[198,204],"grid":[" 0!!","00"," "," "," "," "," "," "," "," "," "," "," "," "," "," "]}}}}