{"9":{"66":{"163":{"keys":[3,"",7],"grid":[" ","!###","01","#"]}},"67":{"163":{"keys":[3,7,""],"grid":[" ","!!##","!","!"]}},"71":{"160":{"keys":[7,1,3],"grid":[" "," "," "," "," "," "," "," "," "," "," ","!! 0","11","!# /","#!!! /","14"]},"161":{"keys":[3,1,7],"grid":[" !!!#/","00"," !!##."," #!!#.","02","!##/","!!#0","06","#","#","#","#","#","#","#","#"]}},"70":{"160":{"keys":[3,1,7],"grid":[" /!!#!","00","00"," /!#"," 0!!","04","03","00","03","04","04","04"," "," "," "," "]},"161":{"keys":[3,1,7],"grid":[" "," "," "," "," "," "," "," 0!!"," /!#"," /!!#!"," .!##!"," .!!##","11"," -!###"," -!!#$"," ,!##$"]},"162":{"keys":[3,1,7],"grid":[" ,!!#%"," +!##%"," *!##&"," )!##'"," (!##("," '!##)"," &!##*"," $!$#+"," #!##-"," $!!#-","08","!$#.","#","#","#","#"]}},"68":{"163":{"keys":[3,"",7],"grid":["   !","!!##","#","#"]}},"69":{"162":{"keys":[3,1,7],"grid":[" "," "," "," "," "," "," "," "," "," "," "," 0!!"," ,!&"," )!%#%"," &!%#("," !!&#+"]},"163":{"keys":[3,1,7,""],"grid":[" !!!#/","$!#0","01","01","#","#","#","#","#","#","#","#","#","#","#","#"]}}},"13":{"1128":{"2595":{"keys":[3,7],"grid":[" "," "," "," "," "," 0!!"," /!#"," .!$"," ,!&"," +!'"," *!(","10"," )!)"," (!*"," '!+"," &!,"]},"2596":{"keys":[3,7],"grid":[" %!-"," $!."," #!/"," !!0","03","!","!","!","!","!","!","!","!","!","!","!"]}},"1129":{"2594":{"keys":[3,7],"grid":[" "," "," "," "," "," "," 0!!","06"," /!#"," .!$"," -!%"," ,!&"," +!'"," *!("," (!*"," '!+"]},"2595":{"keys":[3,7],"grid":[" %!-"," $!."," #!/"," !!0","!","!","!","!","!","!","!","!","!","!","!","!"]}},"1120":{"2603":{"keys":[3,7],"grid":[" "," "," "," "," "," "," "," "," "," -!%"," *!("," &!,"," #!/","!","!","!"]}},"1121":{"2603":{"keys":[3,7],"grid":[" "," "," "," "," .!$"," +!'"," '!+"," $!.","!","!","!","!","!","!","!","!"]}},"1122":{"2600":{"keys":[3],"grid":[" "," "," "," "," "," "," "," "," "," "," "," "," "," "," "," "]},"2602":{"keys":[3,7],"grid":[" "," "," "," "," "," "," "," "," "," "," "," "," "," "," "," /!#"]},"2603":{"keys":[3,7],"grid":[" ,!&"," )!)"," %!-"," !!0","!","!","!","!","!","!","!","!","!","!","!","!"]}},"1123":{"2600":{"keys":[3,7],"grid":[" %!-"," $!."," #!/","02"," !!0","!","!","!","!","04","04","04","02","02","01","01"]},"2601":{"keys":[3,7],"grid":[" %!-","00"," &!,","02"," '!+"," (!*","05"," )!)","07"," *!(","09"," +!'","11"," ,!&","13"," -!%"]},"2602":{"keys":[3,7],"grid":[" -!%","00"," .!$","02"," /!#","04","04"," 0!!","07","07","07","00"," *!("," &!,"," #!/","!"]},"2599":{"keys":[3,7],"grid":[" "," "," "," "," "," "," "," "," "," "," "," "," "," /!#"," ,!&"," (!*"]}},"1124":{"2599":{"keys":[3,7],"grid":[" "," "," "," "," "," "," /!#"," -!%"," +!'"," )!)"," '!+"," $!."," !!0","!","!","!"]}},"1125":{"2598":{"keys":[3,7],"grid":[" "," "," "," "," "," "," "," "," 0!!"," /!#"," .!$"," -!%"," ,!&"," +!'"," *!("," )!)"]},"2599":{"keys":[3,7],"grid":[" (!*"," &!,"," %!-"," $!."," #!/","!","!","!","!","!","!","!","!","!","!","!"]}},"1126":{"2597":{"keys":[3,7],"grid":[" "," "," "," "," "," "," "," "," 0!!"," .!$"," -!%"," ,!&"," *!("," )!)"," (!*"," '!+"]},"2598":{"keys":[3,7],"grid":[" &!,"," %!-"," $!."," #!/"," !!0","04","!","!","!","!","!","!","!","!","!","!"]}},"1127":{"2596":{"keys":[3,7],"grid":[" "," "," "," "," "," "," 0!!","06"," /!#"," .!$"," -!%","10"," ,!&"," +!'"," *!("," )!)"]},"2597":{"keys":[3,7],"grid":[" (!*"," '!+"," &!,"," %!-"," $!."," #!/"," !!0","!","!","!","!","!","!","!","!","!"]}},"1111":{"2606":{"keys":[3,7],"grid":[" "," "," 0!!"," -!%"," *!("," &!,"," #!/","!","!","!","!","!","!","!","!","!"]}},"1110":{"2606":{"keys":[3,7],"grid":[" "," "," "," "," "," "," "," /!#"," ,!&"," (!*"," %!-"," !!0","!","!","!","!"]}},"1113":{"2605":{"keys":[3,7],"grid":[" "," "," "," "," "," "," "," "," "," /!#"," ,!&"," )!)"," %!-"," !!0","!","!"]}},"1112":{"2605":{"keys":[3,7],"grid":[" "," "," "," "," "," "," "," "," "," "," "," "," "," "," .!$"," +!'"]},"2606":{"keys":[3,7],"grid":[" '!+"," $!.","!","!","!","!","!","!","!","!","!","!","!","!","!","!"]}},"1115":{"2604":{"keys":[3],"grid":[" "," "," "," "," "," "," "," "," "," "," "," "," "," "," "," "]},"2605":{"keys":[3,7],"grid":[" .!$"," +!'"," '!+"," $!.","!","!","!","!","!","!","!","!","!","!","!","!"]}},"1114":{"2605":{"keys":[3,7],"grid":[" "," "," "," "," "," -!%"," *!("," &!,"," #!/","!","!","!","!","!","!","!"]}},"1117":{"2604":{"keys":[3,7],"grid":[" "," "," "," "," "," "," "," -!%"," *!("," &!,"," #!/","!","!","!","!","!"]}},"1116":{"2604":{"keys":[3,7],"grid":[" "," "," "," "," "," "," "," "," "," "," "," /!#"," ,!&"," )!)"," %!-"," !!0"]}},"1119":{"2604":{"keys":[3,7],"grid":[" %!-"," !!0","!","!","!","!","!","!","!","!","!","!","!","!","!","!"]},"2603":{"keys":[3,7],"grid":[" "," "," "," "," "," "," "," "," "," "," "," "," "," /!#"," ,!&"," )!)"]}},"1118":{"2604":{"keys":[3,7],"grid":[" "," "," .!$"," +!'"," '!+"," $!.","!","!","!","!","!","!","!","!","!","!"]}},"1138":{"2579":{"keys":[3,7],"grid":[" %!-"," &!,","01"," '!+"," (!*","04","04","04","04","04","04","04","04","04","03","03"]},"2578":{"keys":[7,3],"grid":[" "," "," "," "," "," "," "," "," "," "," "," "," ","!! 0","!# /","!$ ."]},"2580":{"keys":[3,7],"grid":[" &!,","00"," %!-"," $!."," #!/"," !!0","!","!","!","!","!","!","!","!","!","!"]}},"1133":{"2587":{"keys":[3,7],"grid":[" 0!!"," /!#","01","01"," .!$","04","04"," -!%","07","07"," ,!&","10","10"," +!'","13","13"]},"2586":{"keys":[3,7],"grid":[" "," "," "," "," "," "," "," "," "," "," "," "," "," "," "," 0!!"]},"2589":{"keys":[3,7],"grid":[" %!-","00"," $!.","02"," #!/","04"," !!0","06","06","!","!","!","!","!","!","!"]},"2588":{"keys":[3,7],"grid":[" +!'"," *!(","01"," )!)","03","03"," (!*","06","06","06"," '!+","10"," &!,","12","12"," %!-"]}},"1132":{"2590":{"keys":[3,7],"grid":[" .!$"," -!%","01"," ,!&","03"," +!'","05"," *!(","07"," )!)","09"," (!*","11"," '!+","13"," &!,"]},"2591":{"keys":[3,7],"grid":[" &!,"," %!-"," $!.","02"," #!/","04"," !!0","06","!","!","!","!","!","!","!","!"]},"2589":{"keys":[3,7],"grid":[" "," "," "," "," "," "," "," "," "," "," "," 0!!","11"," /!#","13"," .!$"]}},"1131":{"2591":{"keys":[3,7],"grid":[" "," "," "," "," "," "," "," "," "," "," 0!!","10"," /!#","12"," .!$","14"]},"2592":{"keys":[3,7],"grid":[" -!%","00"," ,!&","02"," +!'","04"," *!("," )!)","07"," (!*"," '!+","10"," &!,"," %!-"," $!."," #!/"]},"2593":{"keys":[3,7],"grid":[" !!0","!","!","!","!","!","!","!","!","!","!","!","!","!","!","!"]}},"1130":{"2594":{"keys":[3,7],"grid":[" %!-"," $!.","01"," #!/"," !!0","!","!","!","!","!","!","!","!","!","!","!"]},"2593":{"keys":[3,7],"grid":[" "," "," /!#","02"," .!$"," -!%"," ,!&","06"," +!'"," *!("," )!)","10"," (!*"," '!+"," &!,","14"]}},"1137":{"2581":{"keys":[3,7],"grid":[" )!)"," (!*"," '!+"," &!,"," %!-"," $!."," #!/","06"," !!0","!","!","!","!","!","!","!"]},"2578":{"keys":[3,7],"grid":[" )!)"," *!("," +!'","02"," ,!&"," -!%","05"," .!$"," /!#"," 0!!","09"," "," "," "," "," "]},"2580":{"keys":[3,7],"grid":[" "," "," "," "," "," "," "," "," 0!!"," /!#","09"," .!$"," ,!&"," +!'"," *!("," )!)"]},"2576":{"keys":[3,7],"grid":[" #!/","00","00"," !!0","03","03","03","03","03","00","00","00","00","00","00","00"]},"2577":{"keys":[3,7],"grid":[" #!/"," $!.","01","01"," %!-","04","04","04"," &!,","08","08"," '!+"," (!*","12","12","12"]},"2574":{"keys":[7,3],"grid":[" "," ","!! 0","02","02","02","02","02","02","02","02","!# /","11","11","11","11"]},"2575":{"keys":[3,7],"grid":[" #!/","00","00","00","00","00","00","00","00","00","00","00","00","00","00","00"]},"2573":{"keys":[7],"grid":[" "," "," "," "," "," "," "," "," "," "," "," "," "," "," "," "]}},"1136":{"2583":{"keys":[7],"grid":[" "," "," "," "," "," "," "," "," "," "," "," "," "," "," "," "]},"2582":{"keys":[3,7],"grid":[" -!%"," ,!&"," +!'","02"," *!("," )!)"," (!*"," '!+","07"," &!,","09"," %!-","11"," $!."," #!/"," !!0"]},"2581":{"keys":[3,7],"grid":[" "," "," "," "," "," "," "," "," "," "," 0!!"," /!#","11"," .!$","13"," -!%"]},"2572":{"keys":[3,7],"grid":[" '!+","00"," (!*"," )!)","03"," *!(","05"," +!'","07"," ,!&","09","09"," -!%","12","12"," .!$"]},"2573":{"keys":[3,7],"grid":[" .!$","00"," /!#","02","02","02","02","02"," 0!!","08","08","08"," "," "," "," "]},"2571":{"keys":[7,3],"grid":[" "," "," "," "," "," "," "," "," "," ","!! 0","!# /","!$ .","12","!% -","!& ,"]}},"1135":{"2569":{"keys":[3,7],"grid":[" #!/","00"," $!.","02"," %!-"," &!,"," '!+","06"," (!*","08","08"," )!)","11"," *!(","13","13"]},"2568":{"keys":[7,3],"grid":[" "," "," "," "," "," "," "," "," "," "," "," "," "," ","!! 0","14"]},"2584":{"keys":[3,7],"grid":[" &!,"," %!-","01"," $!."," #!/"," !!0","!","!","!","!","!","!","!","!","!","!"]},"2583":{"keys":[3,7],"grid":[" "," "," 0!!","02"," /!#","04"," .!$"," -!%"," ,!&"," +!'","09"," *!("," )!)"," (!*"," '!+","14"]},"2563":{"keys":[7,3],"grid":[" "," "," "," "," "," "," ","!! 0","07","!# /","!$ .","10","!% -","12","12","12"]},"2565":{"keys":[3,7],"grid":[" &!,","00","00","00","00","00","00","00","00","00","00"," %!-","11","11","11"," $!."]},"2564":{"keys":[3,7],"grid":[" %!-","00","00","00"," &!,","04","04"," '!+","04","04","04","04","04","04","04","04"]},"2570":{"keys":[3,7],"grid":[" +!'","00"," ,!&","02","02"," -!%","05","05","05","05","05","05"," .!$","12","12","12"]},"2566":{"keys":[3,7],"grid":[" $!.","00","00"," #!/","03","03"," !!0","06","06","06","06","06","!","!","!","!"]},"2571":{"keys":[3,7],"grid":[" .!$","00","00","00"," /!#","04","04"," 0!!","07"," "," "," "," "," "," "," "]}},"1134":{"2568":{"keys":[3,7],"grid":[" 0!!","00","00","00","00"," /!#","05","00","00","00","00","00"," "," "," "," "]},"2585":{"keys":[3,7],"grid":[" -!%","00"," ,!&","02","02","02","02"," +!'","07"," *!(","09","09","09"," )!)"," (!*"," '!+"]},"2584":{"keys":[3,7],"grid":[" "," "," "," "," "," "," "," 0!!"," /!#","08"," .!$","10","10"," -!%","13","13"]},"2586":{"keys":[3,7],"grid":[" '!+","00"," &!,","02","02"," %!-","05"," $!.","07"," #!/"," !!0","10","10","!","!","!"]},"2561":{"keys":[3,7],"grid":[" '!+","00","00","00","00","00","00","00","00","00","00","00","00","00","00","00"]},"2560":{"keys":[3,7],"grid":[" )!)"," (!*","01"," '!+","03"," &!,","05","05","05","05","05","05","05","05","05","05"]},"2563":{"keys":[3,7],"grid":[" -!%"," .!$"," /!#","02"," 0!!","04"," "," "," "," "," "," "," "," "," "," "]},"2562":{"keys":[3,7],"grid":[" '!+","00"," (!*","02","02","02","02","02","02"," )!)"," *!(","10"," +!'","12"," ,!&"," -!%"]},"2567":{"keys":[3,7],"grid":[" "," "," 0!!","02","02","02","02","02","02","02","02","02","02","02","02","02"]},"2566":{"keys":[3],"grid":[" "," "," "," "," "," "," "," "," "," "," "," "," "," "," "," "]}},"1106":{"2607":{"keys":[3,7],"grid":[" "," "," "," "," "," "," "," "," "," "," .!$"," +!'"," '!+"," $!.","!","!"]}},"1107":{"2607":{"keys":[3,7],"grid":[" "," "," "," "," "," /!#"," ,!&"," (!*"," %!-","!","!","!","!","!","!","!"]}},"1105":{"2607":{"keys":[3,7],"grid":[" "," "," "," "," "," "," "," "," "," "," "," "," "," "," 0!!"," -!%"]},"2608":{"keys":[3,7,""],"grid":[" )!)"," &!,"," #!/","#!!0","!","!","!","!","!","!","!","!","!","!","!","!"]}},"1108":{"2607":{"keys":[3,7],"grid":[" 0!!"," -!%"," *!("," &!,"," #!/","!","!","!","!","!","!","!","!","!","!","!"]}},"1109":{"2606":{"keys":[3,7],"grid":[" "," "," "," "," "," "," "," "," "," "," "," "," .!$"," +!'"," '!+"," $!."]},"2607":{"keys":[7],"grid":[" "," "," "," "," "," "," "," "," "," "," "," "," "," "," "," "]}}}}