{"9":{"79":{"177":{"keys":[7,1,3],"grid":[" ","!# /","#!!$ -","#$!% *","#'!$ (","#)!% %","#,!&","#0!!","#","#","#","#","#","#","#","#"]}},"78":{"177":{"keys":[3,1],"grid":[" -!%"," 0!!"," "," "," "," "," "," "," "," "," "," "," "," "," "," "]},"176":{"keys":[7,"",1,3],"grid":[" "," "," "," "," "," "," "," "," "," "," "," "," "," ","!! ##) &","!#$)#$ $"]}}},"13":{"1269":{"2835":{"keys":[7,3],"grid":[" "," "," "," "," "," "," ","!! 0","!$ .","!& ,","!) )","!+ '","!. $","!0 !","!","!"]}},"1268":{"2835":{"keys":[7,3],"grid":[" ","!# /","!& ,","!( *","!* (","!- %","!/ #","!","!","!","!","!","!","!","!","!"]}},"1263":{"2833":{"keys":[3,7],"grid":[" $!."," &!,"," (!*"," +!'"," -!%"," 0!!"," "," "," "," "," "," "," "," "," "," "]},"2832":{"keys":[7],"grid":[" "," "," "," "," "," "," "," "," "," "," "," "," "," "," "," "]}},"1262":{"2832":{"keys":[7,3],"grid":[" "," "," "," "," "," "," "," "," ","!# /","!% -","!' +","!* (","!, &","!/ #","!"]}},"1261":{"2832":{"keys":[7,3],"grid":[" "," ","!! 0","!$ .","!' +","!) )","!+ '","!. $","!0 !","!","!","!","!","!","!","!"]}},"1260":{"2832":{"keys":[3,7],"grid":[" -!%"," /!#"," "," "," "," "," "," "," "," "," "," "," "," "," "," "]},"2831":{"keys":[7,3],"grid":[" "," "," "," "," "," "," "," "," "," "," "," ","!# /","!& ,","!( *","!* ("]}},"1267":{"2835":{"keys":[3],"grid":[" "," "," "," "," "," "," "," "," "," "," "," "," "," "," "," "]},"2834":{"keys":[7,3],"grid":[" "," "," "," "," "," "," "," "," "," ","!! 0","!% -","!' +","!) )","!, &","!. $"]}},"1266":{"2834":{"keys":[7,3],"grid":[" "," "," "," ","!$ .","!& ,","!) )","!+ '","!- %","!0 !","!","!","!","!","!","!"]}},"1265":{"2834":{"keys":[3,7],"grid":[" *!("," -!%"," /!#"," "," "," "," "," "," "," "," "," "," "," "," "," "]},"2833":{"keys":[7,3],"grid":[" "," "," "," "," "," "," "," "," "," "," "," "," ","!# /","!% -","!( *"]}},"1264":{"2833":{"keys":[7,3],"grid":[" "," "," "," "," "," ","!! 0","!$ .","!' +","!) )","!, &","!. $","!0 !","!","!","!"]}},"1256":{"2830":{"keys":[7,3],"grid":[" "," "," "," "," "," "," "," "," "," "," "," ","!% -","!","!","!"]}},"1257":{"2830":{"keys":[7,3],"grid":[" "," "," "," "," "," "," "," "," "," "," "," "," ","!/ #","!","!"]}},"1254":{"2830":{"keys":[7,3],"grid":[" "," "," "," "," "," "," "," "," "," "," "," ","!","!","!","!"]}},"1255":{"2830":{"keys":[7,3],"grid":[" "," "," "," "," "," "," "," "," "," "," "," ","!","!","!","!"]}},"1252":{"2830":{"keys":[7,3],"grid":[" "," "," "," "," "," "," "," "," "," "," "," ","!","!","!","!"]}},"1253":{"2830":{"keys":[7,3],"grid":[" "," "," "," "," "," "," "," "," "," "," "," ","!","!","!","!"]}},"1251":{"2830":{"keys":[7,"",3],"grid":[" "," "," "," "," "," "," "," "," "," "," "," ","!%#-","12","12","12"]}},"1258":{"2831":{"keys":[3,7],"grid":[" &!,"," )!)"," +!'"," .!$"," 0!!"," "," "," "," "," "," "," "," "," "," "," "]},"2830":{"keys":[7,3],"grid":[" "," "," "," "," "," "," "," "," "," "," "," "," "," "," ","!$ ."]}},"1259":{"2831":{"keys":[7,3],"grid":[" "," "," "," "," ","!! 0","!% -","!' +","!* (","!, &","!. $","!","!","!","!","!"]}},"1278":{"2838":{"keys":[7,3],"grid":[" "," "," "," "," "," "," "," "," ","!$ .","!' +","!+ '","!/ #","!","!","!"]}},"1279":{"2839":{"keys":[3,7],"grid":[" /!#"," "," "," "," "," "," "," "," "," "," "," "," "," "," "," "]},"2838":{"keys":[7,3],"grid":[" "," "," "," "," "," "," "," "," "," "," "," "," ","!# /","!' +","!+ '"]}},"1270":{"2836":{"keys":[3,7],"grid":[" '!+"," *!("," ,!&"," /!#"," "," "," "," "," "," "," "," "," "," "," "," "]},"2835":{"keys":[7,3],"grid":[" "," "," "," "," "," "," "," "," "," "," "," "," "," ","!! 0","!% -"]}},"1271":{"2836":{"keys":[7,3],"grid":[" "," "," "," "," ","!# /","!& ,","!( *","!+ '","!- %","!/ #","!","!","!","!","!"]}},"1272":{"2837":{"keys":[3,7],"grid":[" .!$"," 0!!"," "," "," "," "," "," "," "," "," "," "," "," "," "," "]},"2836":{"keys":[7,3],"grid":[" "," "," "," "," "," "," "," "," "," "," ","!! 0","!$ .","!' +","!) )","!, &"]}},"1273":{"2837":{"keys":[7,3],"grid":[" "," ","!# /","!% -","!( *","!* (","!, &","!/ #","!","!","!","!","!","!","!","!"]}},"1274":{"2837":{"keys":[7,3],"grid":[" "," "," "," "," "," "," "," "," ","!% -","!) )","!- %","!","!","!","!"]}},"1275":{"2837":{"keys":[7,3],"grid":[" "," "," "," "," "," "," "," "," "," "," "," "," ","!% -","!) )","!, &"]},"2838":{"keys":[3,7],"grid":[" 0!!"," "," "," "," "," "," "," "," "," "," "," "," "," "," "," "]}},"1276":{"2838":{"keys":[7,3],"grid":[" ","!$ .","!( *","!, &","!0 !","!","!","!","!","!","!","!","!","!","!","!"]}},"1277":{"2838":{"keys":[7,3],"grid":[" "," "," "," "," ","!$ .","!( *","!, &","!0 !","!","!","!","!","!","!","!"]}}}}