{"9":{"71":{"159":{"keys":[7,1,3],"grid":[" "," "," ","!! 0","03","!# /","#!!! /","06","06","06","06","06","05","03","03"," "]}},"70":{"159":{"keys":[3,1,7],"grid":[" (!##("," )!$#%!!"," +!'"," -!! #!!"," "," "," "," "," "," "," "," "," "," "," /!#"," /!!#!"]},"158":{"keys":[7,1,3],"grid":[" "," "," "," "," "," "," ","!! 0","07","!# /","#!!# .","##!# -","#$!& )","#(!! )","13","13"]}},"64":{"151":{"keys":[3,1,7],"grid":[" )!##'"," *!%#$"," *!# !!!#$"," -!###"," .!!##"," .!##!"," /!!#!","05"," .!$"," 0!!","09","09","09"," "," "," "]},"150":{"keys":[7,1,3],"grid":[" "," "," "," "," "," ","!! 0","06"," ","06","06","!% -","#$!& )","#(!! )","13","#(!# ("]}},"65":{"151":{"keys":[7,1,3],"grid":[" "," "," "," "," "," "," "," "," "," "," "," ","!! 0","!# /","#!!# .","##!$ ,"]},"152":{"keys":[3,1,7],"grid":[" %!##+"," &!$#)"," (!$#'"," *!##&"," +!##%"," ,!!#%"," ,!##$"," -!###"," .!!##"," .!##!"," /!#"," 0!!"," "," "," "," "]}},"66":{"153":{"keys":[3,1,7],"grid":[" %!##+","00"," $!##,"," $!!#-","02"," %!!#,","00"," &!##*"," '!##)"," (!!#)"," (!##("," )!##'"," *!##&"," +!!#&","13"," +!##%"]},"152":{"keys":[7,1,3],"grid":[" "," "," "," "," "," "," "," "," "," "," ","!! 0","!# /","#!!# .","##!# -","#$!# ,"]},"154":{"keys":[3,1,7],"grid":[" ,!!#%","00"," ,!##$"," -!!#$"," -!###"," .!##!"," /!!#!"," /!#"," 0!!"," "," "," "," "," "," "," "]}},"67":{"155":{"keys":[3,1,7],"grid":[" $!##,"," %!!#,"," %!##+"," &!!#+"," &!##*"," '!!#*","05"," '!##)"," (!##("," )!!#("," )!##'"," *!##&"," +!##%"," ,!!#%"," ,!##$"," -!!#$"]},"154":{"keys":[7,1,3],"grid":[" "," "," "," "," "," "," "," ","!! 0","08","!# /","#!!! /","#!!# .","##!! .","13","##!# -"]},"156":{"keys":[3,1,7],"grid":[" -!###"," .!!##"," .!##!"," /!!#!"," /!#","04","03","02","01","00"," -!%"," 0!!"," "," "," "," "]}},"68":{"157":{"keys":[3,1,7],"grid":[" #!!#.","00"," !!##."," !!$#-"," $!$#+"," &!$#)"," (!!#)"," '!##)","07","06"," (!##("," )!!#(","11","11"," )!)"," 0!!"]},"156":{"keys":[7,1,3],"grid":[" "," "," "," "," "," "," "," "," "," "," ","!$ .","##!# -","#$!! -","12","##!! ."]}},"69":{"158":{"keys":[1,7,3],"grid":[" #!/","#! $!-","#$ $!+","#& #!*","#' #!)","#( #!(","#) %!%","#, &","#","#","#","#","#","#","#","#"]},"157":{"keys":[7,1],"grid":[" "," "," "," "," "," "," "," "," "," "," "," "," "," "," ","!! 0"]}}},"13":{"1078":{"2486":{"keys":[3,7],"grid":[" *!(","00","00"," +!'","03","03"," ,!&"," -!%","07","07"," .!$","10"," /!#","12"," 0!!","14"]},"2487":{"keys":[3],"grid":[" "," "," "," "," "," "," "," "," "," "," "," "," "," "," "," "]},"2484":{"keys":[7,3],"grid":[" "," "," "," "," "," "," "," "," "," "," "," "," ","!! 0","!# /","14"]},"2485":{"keys":[3,7],"grid":[" #!/"," $!.","01","01"," %!-","04"," &!,","06"," '!+","08"," (!*","10","10","10"," )!)","14"]}},"1079":{"2487":{"keys":[7,3],"grid":[" "," ","!! 0","!# /","03","!$ .","05","!% -","07","07","!& ,","10","!' +","!( *","13","!) )"]},"2488":{"keys":[3,7],"grid":[" *!(","00"," +!'","02"," ,!&","04"," -!%","06"," .!$","08"," /!#"," 0!!"," "," "," "," "]}},"1076":{"2482":{"keys":[3,7],"grid":[" *!(","00"," +!'","02"," ,!&","04"," -!%"," .!$","07"," /!#","09"," 0!!","11"," "," "," "]},"2480":{"keys":[7],"grid":[" "," "," "," "," "," "," "," "," "," "," "," "," "," "," "," "]},"2481":{"keys":[3,7],"grid":[" !!0","00"," #!/","02"," $!.","04"," %!-","06","06"," &!,","09"," '!+","11"," (!*","13"," )!)"]}},"1077":{"2484":{"keys":[3,7],"grid":[" -!%","00","00"," .!$","03"," /!#","05"," 0!!","07","07","07"," "," "," "," "," "]},"2482":{"keys":[7,3],"grid":[" "," "," "," "," "," "," "," "," "," "," "," "," "," ","!! 0","!# /"]},"2483":{"keys":[3,7],"grid":[" $!.","00"," %!-","02","02"," &!,"," '!+"," (!*","07"," )!)","09"," *!(","11"," +!'"," ,!&","14"]}},"1074":{"2477":{"keys":[3,7],"grid":[" #!/","00","00"," $!.","03","03","03"," %!-","07","07","07","07"," &!,","12"," '!+","14"]},"2476":{"keys":[7,3],"grid":[" "," "," "," "," "," "," "," "," "," "," "," ","!! 0","12","!# /","14"]},"2479":{"keys":[3,7],"grid":[" -!%"," .!$","01"," /!#","03"," 0!!","05"," "," "," "," "," "," "," "," "," "]},"2478":{"keys":[3,7],"grid":[" '!+"," (!*","01","01"," )!)","04"," *!(","06"," +!'","08","08"," ,!&","11"," -!%","13","13"]}},"1075":{"2480":{"keys":[3,7],"grid":[" &!,"," '!+"," (!*"," )!)","03"," *!(","05"," +!'"," ,!&"," -!%","09"," .!$"," /!#"," 0!!"," "," "]},"2479":{"keys":[7,3],"grid":[" "," "," "," "," "," "," "," "," ","!! 0","09","!# /","11","!$ .","!% -","14"]}},"1072":{"2474":{"keys":[3,7],"grid":[" +!'"," ,!&","01"," -!%","03"," .!$"," /!#","06"," 0!!","08"," "," "," "," "," "," "]},"2473":{"keys":[3,7],"grid":[" !!0"," #!/"," $!.","02"," %!-","04"," &!,"," '!+","07"," (!*","09","09","09"," )!)"," *!("," +!'"]},"2472":{"keys":[7],"grid":[" "," "," "," "," "," "," "," "," "," "," "," "," "," "," "," "]}},"1073":{"2476":{"keys":[3,7],"grid":[" ,!&"," -!%","01"," .!$","03","03"," /!#"," 0!!","07","07"," "," "," "," "," "," "]},"2475":{"keys":[3,7],"grid":[" #!/"," $!."," %!-","02"," &!,"," '!+","05"," (!*","07"," )!)"," *!(","10"," +!'","12","12"," ,!&"]},"2474":{"keys":[7,3],"grid":[" "," "," "," "," "," "," "," "," "," "," "," ","!! 0","!# /","13","13"]}},"1070":{"2469":{"keys":[7,3],"grid":[" "," "," "," "," "," "," "," "," "," "," "," "," "," ","!! 0","!# /"]},"2471":{"keys":[3,7],"grid":[" /!#"," 0!!"," "," "," "," "," "," "," "," "," "," "," "," "," "," "]},"2470":{"keys":[3,7],"grid":[" #!/"," $!."," %!-"," &!,"," '!+","04"," (!*"," )!)","07"," *!("," +!'"," ,!&"," -!%","12","12"," .!$"]}},"1071":{"2472":{"keys":[3,7],"grid":[" (!*"," )!)"," *!(","02"," +!'","04"," ,!&","06"," -!%"," .!$","09"," /!#","11"," 0!!","13"," "]},"2471":{"keys":[7,3],"grid":[" "," "," "," ","!! 0","!# /","05","!$ .","07","07","!% -","10","!& ,","12","!' +","!( *"]}},"1094":{"2517":{"keys":[7,3],"grid":[" "," "," "," "," ","!! 0","!$ .","!% -","!' +","!) )","!+ '","!- %","!/ #","!","!","!"]},"2520":{"keys":[3,7],"grid":[" 0!!","00"," /!#","02","02","02","00"," "," "," "," "," "," "," "," "," "]},"2519":{"keys":[3,7],"grid":[" "," "," "," "," "," "," "," "," "," "," 0!!","10","10","10","10","10"]}},"1095":{"2521":{"keys":[3,7],"grid":[" &!,","00"," '!+","02"," (!*","04"," )!)","06"," *!(","08","08"," +!'","11"," ,!&"," -!%","14"]},"2520":{"keys":[7,3],"grid":[" "," "," "," "," "," "," "," "," ","!! 0","09","!# /","11","!$ .","13","!% -"]},"2522":{"keys":[3,7],"grid":[" .!$","00"," /!#","02"," 0!!","04"," "," "," "," "," "," "," "," "," "," "]},"2518":{"keys":[3,7],"grid":[" '!+"," (!*","01","01","01","00","00","00","00","00","00"," &!,","11"," %!-","13"," $!."]},"2519":{"keys":[3,7],"grid":[" $!.","00"," #!/","02"," !!0","04","04","!","!","!","!","!","!","!","!","!"]},"2517":{"keys":[7,3],"grid":[" "," "," "," "," "," "," "," "," "," "," "," "," "," ","!# /","!% -"]}},"1096":{"2525":{"keys":[3,7],"grid":[" %!-"," $!.","01","01","01","01","01","01","01","01","01"," #!/","11","11","11","11"]},"2524":{"keys":[3,7],"grid":[" &!,","00","00","00","00","00","00","00"," %!-","08","08","08","08","08","08","08"]},"2526":{"keys":[3,7],"grid":[" #!/","00","00"," $!.","03","03"," %!-"," &!,"," (!! )"," "," "," "," "," "," "," "]},"2523":{"keys":[3,7],"grid":[" $!.","00","00"," %!-","03","03","03","03","03"," &!,","09","09","09","09","09","09"]},"2522":{"keys":[7,3],"grid":[" "," "," "," "," "," "," "," "," ","!! 0","09","09","!# /","12","12","!$ ."]}},"1097":{"2526":{"keys":[7,3],"grid":[" "," "," "," "," "," "," "," '!+","!","!","!","!","!","!","!","!"]}},"1090":{"2507":{"keys":[7,3],"grid":[" "," "," "," "," "," "," "," "," "," "," ","!! 0","!% -","!) )","!, &","!/ #"]},"2508":{"keys":[3],"grid":[" "," "," "," "," "," "," "," "," "," "," "," "," "," "," "," "]},"2514":{"keys":[3,7],"grid":[" $!.","00","00","00"," #!/","04","04","04","04"," !!0","09","09","09","!","!","!"]},"2515":{"keys":[7,3],"grid":[" "," "," "," "," ","!! 0","!$ .","!& ,","!( *","!* (","!, &","!. $","!0 !","!","!","!"]},"2510":{"keys":[3,7],"grid":[" "," "," "," "," "," "," "," "," "," "," "," "," "," "," "," 0!!"]},"2511":{"keys":[3,7],"grid":[" 0!!","00","00"," /!#","03","03","03"," .!$","07","07","07","07"," -!%","12","12","12"]},"2512":{"keys":[3,7],"grid":[" ,!&","00","00","00"," +!'","04","04","04"," *!(","08","08","08"," )!)","12","12","12"]},"2513":{"keys":[3,7],"grid":[" (!*","00","00","00","00"," '!+","05","05","05"," &!,","09","09","09"," %!-","13","13"]}},"1091":{"2515":{"keys":[7,3],"grid":[" "," "," "," "," "," "," "," "," "," "," "," "," ","!! 0","!% -","!& ,"]},"2516":{"keys":[3,7],"grid":[" (!*"," *!("," ,!&"," .!$"," 0!!"," "," "," "," "," "," "," "," "," "," "," "]},"2510":{"keys":[3,7],"grid":[" $!.","00","00"," #!/","03","03","03"," !!0","07","07","07","!","!","!","!","!"]},"2509":{"keys":[3,7],"grid":[" (!*","00","00","00"," '!+","04","04","04"," &!,","08","08","08"," %!-","12","12","12"]},"2508":{"keys":[3,7],"grid":[" !!0"," &!,"," *!("," +!'","03","03","02","02","02","02"," )!)","10","10","10","10","10"]}},"1092":{"2516":{"keys":[7,3],"grid":[" "," "," "," "," ","!! 0","!$ .","!& ,","!( *","!* (","!, &","!. $","!0 !","!","!","!"]}},"1093":{"2516":{"keys":[7,3],"grid":[" "," "," "," "," "," "," "," "," "," "," "," "," ","!! 0","!$ .","!& ,"]},"2517":{"keys":[3,7],"grid":[" (!*"," *!("," ,!&"," .!$"," 0!!"," "," "," "," "," "," "," "," "," "," "," "]}},"1098":{"2526":{"keys":[7,3],"grid":[" "," "," "," "," "," "," (!*","!","!","!","!","!","!","!","!","!"]}},"1099":{"2526":{"keys":[7,3],"grid":[" "," "," "," "," "," (!*","!","!","!","!","!","!","!","!","!","!"]}},"1069":{"2468":{"keys":[7,3],"grid":[" "," "," "," "," "," "," "," "," "," ","!! 0","!# /","!$ .","12","!% -","!& ,"]},"2469":{"keys":[3,7],"grid":[" &!,"," '!+"," (!*"," )!)","03"," *!("," +!'"," ,!&"," -!%"," .!$","09"," /!#"," 0!!"," "," "," "]}},"1068":{"2466":{"keys":[7],"grid":[" "," "," "," "," "," "," "," "," "," "," "," "," "," "," "," "]},"2467":{"keys":[3,7],"grid":[" !!0","00"," #!/","02"," $!.","04","04"," %!-","07"," &!,"," '!+","10"," (!*"," )!)","13"," *!("]},"2468":{"keys":[3,7],"grid":[" +!'"," ,!&","01"," -!%","03"," .!$"," /!#"," 0!!"," "," "," "," "," "," "," "," "]}},"1061":{"2455":{"keys":[3,7],"grid":[" $!."," %!-","01","01"," '!+"," )!)"," +!'"," -!%"," /!#"," "," "," "," "," "," "," "]},"2454":{"keys":[7,3],"grid":[" "," "," "," "," "," "," "," "," "," "," ","!! 0","11","!# /","13","!$ ."]},"2448":{"keys":[7,3],"grid":[" "," "," "," "," "," "," "," "," "," "," "," "," "," ","!! 0","!# /"]},"2449":{"keys":[3,7],"grid":[" $!."," #!/"," !!0","!","!","!","!","!","!","!","!","!","!","!","!","!"]}},"1060":{"2447":{"keys":[7,3],"grid":[" "," "," "," "," "," "," "," "," "," "," "," "," ","!! 0","13","!# /"]},"2454":{"keys":[3,7],"grid":[" -!%","00"," .!$","02"," /!#","04"," 0!!","06"," "," "," "," "," "," "," "," "]},"2448":{"keys":[3,7],"grid":[" $!."," %!-"," &!,"," '!+"," (!*"," )!)"," *!("," +!'"," ,!&"," -!%"," .!$"," /!#"," 0!!"," "," "," "]},"2449":{"keys":[3,7],"grid":[" "," "," "," "," 0!!"," /!#"," .!$"," -!%"," ,!&"," +!'"," *!(","10"," )!)"," (!*"," '!+"," &!,"]},"2450":{"keys":[3,7],"grid":[" %!-"," $!."," #!/"," !!0","!","!","!","!","!","!","!","!","!","!","!","!"]},"2453":{"keys":[3,7],"grid":[" &!,","00","00"," '!+","03"," (!*","05"," )!)","07"," *!(","09"," +!'","11"," ,!&","13"," -!%"]},"2452":{"keys":[7,3],"grid":[" "," "," "," "," "," "," ","!! 0","07","07","!# /","10","!$ .","12","!% -","14"]}},"1063":{"2457":{"keys":[3,7],"grid":[" #!/"," $!."," %!-"," &!,"," '!+"," (!*"," )!)","06"," *!(","08"," +!'"," ,!&"," -!%"," .!$"," /!#"," 0!!"]},"2456":{"keys":[7,3],"grid":[" "," "," "," "," "," "," "," "," "," "," "," "," "," ","!! 0","!# /"]},"2458":{"keys":[3,7],"grid":[" 0!!"," "," "," "," "," "," "," "," "," "," "," "," "," "," "," "]}},"1062":{"2455":{"keys":[7,3],"grid":[" "," "," "," "," "," "," "," "," "," ","!! 0","!# /","!$ .","12","!% -","14"]},"2456":{"keys":[3,7],"grid":[" &!,"," '!+"," (!*"," )!)"," *!("," +!'","05"," ,!&"," -!%","08"," .!$"," /!#"," 0!!"," "," "," "]}},"1065":{"2459":{"keys":[7,3],"grid":[" "," "," "," "," "," ","!! 0","!# /","07","!$ .","!% -","10","!& ,","!' +","13","!( *"]},"2460":{"keys":[3,7],"grid":[" (!*"," )!)","01"," *!("," +!'","04"," ,!&","06"," -!%"," .!$","09"," /!#","11"," 0!!","13"," "]}},"1064":{"2459":{"keys":[3,7],"grid":[" .!$"," /!#","01"," 0!!","03"," "," "," "," "," "," "," "," "," "," "," "]},"2458":{"keys":[7,3],"grid":[" "," ","!! 0","!$ .","03","!% -","05","!& ,","!' +","!( *","!) )","!* (","!+ '","!, &","13","!- %"]}},"1067":{"2464":{"keys":[3,7],"grid":[" #!/","00","00","00"," $!.","04","04","04","04","04","04"," %!-","11","11"," &!,","14"]},"2465":{"keys":[3,7],"grid":[" &!,","00","00","00"," '!+","04","04"," (!*","07","07"," )!)","10","10","10","10"," *!("]},"2466":{"keys":[3,7],"grid":[" *!("," +!'","01","01"," ,!&","04"," -!%","06"," .!$","08"," /!#","10","10"," 0!!","13"," "]},"2463":{"keys":[7,3],"grid":[" "," "," "," "," "," "," "," "," "," ","!! 0","10","10","10","10","!# /"]}},"1066":{"2460":{"keys":[7],"grid":[" "," "," "," "," "," "," "," "," "," "," "," "," "," "," "," "]},"2461":{"keys":[3,7],"grid":[" !!0"," #!/"," $!.","02"," %!-","04"," &!,"," '!+","07"," (!*","09","09"," )!)","12","12","12"]},"2462":{"keys":[3,7],"grid":[" )!)"," *!(","01","01"," +!'","04","04"," ,!&","07","07"," -!%","10"," .!$","12","12"," /!#"]},"2463":{"keys":[3,7],"grid":[" /!#","00","00"," 0!!","03"," "," "," "," "," "," "," "," "," "," "," "]}},"1087":{"2507":{"keys":[3,7],"grid":[" /!#"," "," "," "," "," "," "," "," "," "," "," "," "," "," "," "]},"2506":{"keys":[7,3],"grid":[" "," "," "," "," "," "," "," "," "," "," "," "," ","!$ .","!( *","!+ '"]},"2501":{"keys":[3,7],"grid":[" !!0","00","00","00","!","!","!","!","!","!","!","!","!","!","!","!"]},"2500":{"keys":[7],"grid":[" "," "," "," "," "," "," "," "," "," "," "," "," "," "," "," "]}},"1086":{"2499":{"keys":[3,7],"grid":[" #!/","00","00"," $!.","03"," %!-","05","05"," &!,","08"," '!+","10","10"," (!*","13"," )!)"]},"2498":{"keys":[7,3],"grid":[" "," "," "," "," "," "," "," "," "," "," "," "," ","!! 0","13","!# /"]},"2506":{"keys":[7,3],"grid":[" "," "," "," "," "," "," ","!! 0","!% -","!( *","!, &","!/ #","!","!","!","!"]},"2503":{"keys":[3,7],"grid":[" !!0","00","!","!","!","!","!","!","!","!","!","!","!","!","!","!"]},"2502":{"keys":[3,7],"grid":[" +!'","00"," *!(","02"," )!)","04"," (!*","06"," '!+"," &!,","09"," %!-","11"," $!."," #!/","14"]},"2501":{"keys":[3,7],"grid":[" "," "," "," "," "," "," 0!!","06"," /!#","08"," .!$","10"," -!%","12"," ,!&","14"]},"2500":{"keys":[3,7],"grid":[" *!(","00","00"," +!'","03"," ,!&","05"," -!%","07"," .!$","09"," /!#"," 0!!","12","12"," "]}},"1085":{"2498":{"keys":[3,7],"grid":[" +!'","00"," ,!&","02"," -!%","04"," .!$","06"," /!#","08"," 0!!","10"," "," "," "," "]},"2497":{"keys":[3,7],"grid":[" !!0","00"," #!/","02"," $!."," %!-","05"," &!,","07"," '!+"," (!*","10","10"," )!)"," *!(","14"]},"2496":{"keys":[7,3],"grid":[" "," "," "," "," "," "," "," "," "," "," "," "," "," ","!! 0","14"]},"2506":{"keys":[7,3],"grid":[" "," "," ","!# /","!' +","!* (","!. $","!","!","!","!","!","!","!","!","!"]},"2505":{"keys":[3,7],"grid":[" #!/"," !!0","01","!","!","!","!","!","!","!","!","!","!","!","!","!"]},"2504":{"keys":[3,7],"grid":[" +!'"," *!(","01"," )!)","03"," (!*","05"," '!+","07"," &!,","09"," %!-","11"," $!.","13"," #!/"]},"2503":{"keys":[3,7],"grid":[" "," "," "," "," 0!!","04"," /!#","06"," .!$","08"," -!%","10","10"," ,!&","13"," +!'"]}},"1084":{"2506":{"keys":[3,7],"grid":[" ,!&"," .!$"," 0!!"," "," "," "," "," "," "," "," "," "," "," "," "," "]},"2505":{"keys":[3,7],"grid":[" "," "," "," "," 0!!","04"," /!#","06"," .!$","08"," -!%","10"," ,!&","12"," +!'","14"]},"2495":{"keys":[3,7],"grid":[" %!-"," &!,","01"," '!+","03"," (!*","05","05"," )!)","08"," *!(","10"," +!'","12","12","12"]},"2494":{"keys":[7,3],"grid":[" "," "," "," "," "," "," "," ","!! 0","08","08","!# /","!$ .","12","!% -","14"]},"2496":{"keys":[3,7],"grid":[" ,!&","00"," -!%","02","02","02"," .!$","06"," /!#","08","08"," 0!!","11"," "," "," "]}},"1083":{"2493":{"keys":[3,7],"grid":[" #!/"," $!.","01"," %!-","03"," &!,","05"," '!+"," (!*"," )!)"," *!("," +!'","11"," ,!&","13"," -!%"]},"2492":{"keys":[7,3],"grid":[" "," "," "," "," "," "," "," "," "," "," "," "," "," "," ","!! 0"]},"2494":{"keys":[3,7],"grid":[" .!$","00"," /!#","02"," 0!!","04"," "," "," "," "," "," "," "," "," "," "]}},"1082":{"2491":{"keys":[7,3],"grid":[" "," "," "," "," "," "," ","!! 0","07","!# /","09","!$ .","!% -","12","!& ,","!' +"]},"2492":{"keys":[3,7],"grid":[" '!+"," (!*"," )!)"," *!(","03"," +!'"," ,!&","06"," -!%","08"," .!$"," /!#"," 0!!","12"," "," "]}},"1081":{"2491":{"keys":[3,7],"grid":[" ,!&"," -!%"," .!$"," /!#","03"," 0!!"," "," "," "," "," "," "," "," "," "," "]},"2490":{"keys":[7,3],"grid":[" ","!! 0","01","!# /","03","!$ .","!% -","!& ,","!' +","08","!( *","!) )","!* (","12","!+ '","14"]}},"1080":{"2490":{"keys":[3],"grid":[" "," "," "," "," "," "," "," "," "," "," "," "," "," "," "," "]},"2488":{"keys":[7,3],"grid":[" "," "," "," "," "," "," "," "," "," "," "," "," ","!! 0","!# /","!$ ."]},"2489":{"keys":[3,7],"grid":[" $!."," %!-"," &!,"," '!+","03"," (!*"," )!)"," *!(","07"," +!'"," ,!&"," -!%"," .!$"," /!#","13"," 0!!"]}},"1120":{"2536":{"keys":[3,7],"grid":[" $!."," %!-"," &!,"," '!+","03"," (!*"," )!)"," *!("," +!'","08"," ,!&"," -!%","11"," .!$"," /!#"," 0!!"]},"2537":{"keys":[3,7],"grid":[" 0!!"," "," "," "," "," "," "," "," "," "," "," "," "," "," "," "]},"2535":{"keys":[7,3],"grid":[" "," "," "," "," "," "," "," "," "," "," "," "," "," "," ","!$ ."]}},"1121":{"2538":{"keys":[3,7],"grid":[" -!%"," .!$"," /!#","02"," 0!!"," "," "," "," "," "," "," "," "," "," "," "]},"2537":{"keys":[7,3],"grid":[" "," ","!! 0","02","!# /","!$ .","!% -","06","!& ,","!' +","09","!( *","!) )","!* (","!+ '","!, &"]}},"1122":{"2538":{"keys":[7,3],"grid":[" "," "," "," "," "," "," ","!! 0","!# /","08","!$ .","!% -","!& ,","12","!' +","!( *"]},"2539":{"keys":[3,7],"grid":[" )!)"," *!(","01"," +!'"," ,!&"," -!%","05"," .!$"," /!#"," 0!!","09"," "," "," "," "," "]}},"1123":{"2539":{"keys":[7,3],"grid":[" "," "," "," "," "," "," "," "," "," "," "," ","!! 0","12","!# /","!$ ."]},"2540":{"keys":[3,7],"grid":[" %!-"," &!,","01"," '!+"," (!*"," )!)"," +!'"," 0!!"," "," "," "," "," "," "," "," "]}},"1124":{"2540":{"keys":[7,3],"grid":[" "," "," "," "," "," "," "," ","!$ .","!( *","!, &","!0 !","!","!","!","!"]}},"1125":{"2540":{"keys":[7,3],"grid":[" "," "," "," "," "," "," "," "," "," "," "," ","!% -","!* (","!","!"]}},"1089":{"2514":{"keys":[3],"grid":[" "," "," "," "," "," "," "," "," "," "," "," "," "," "," "," "]},"2507":{"keys":[7,3],"grid":[" "," "," "," "," "," ","!! 0","!% -","!( *","!, &","!/ #","!","!","!","!","!"]},"2515":{"keys":[3,7],"grid":[" "," 0!!","01","01","01"," "," "," "," "," "," "," "," "," "," "," "]}},"1088":{"2507":{"keys":[7,3],"grid":[" ","!! 0","!% -","!) )","!, &","!/ #","!","!","!","!","!","!","!","!","!","!"]}},"1133":{"2546":{"keys":[7,3],"grid":[" "," "," "," "," "," "," 0!!"," -!%"," +!'"," (!*"," %!-"," !!0","!","!","!","!"]}},"1132":{"2547":{"keys":[3],"grid":[" "," "," "," "," "," "," "," "," "," "," "," "," "," "," "," "]},"2546":{"keys":[7,3],"grid":[" "," "," "," "," "," "," "," "," "," "," "," "," /!#"," ,!&"," )!)","!! %!,"]}},"1131":{"2546":{"keys":[7,3],"grid":[" "," "," "," "," "," ","!! 0","!$ .","!& ,","!( *","!) )","!+ '","!- %","!/ #","!","!"]}},"1130":{"2546":{"keys":[3,7],"grid":[" (!*"," )!)"," +!'"," -!%"," /!#"," "," "," "," "," "," "," "," "," "," "," "]},"2545":{"keys":[7,3],"grid":[" "," "," "," "," "," "," "," "," "," "," "," "," ","!! 0","!$ .","!& ,"]}},"1137":{"2550":{"keys":[3,7],"grid":[" (!*","00"," )!)","02"," *!(","04"," +!'","06"," ,!&","08","08","08","08","08","08","08"]},"2551":{"keys":[3,7],"grid":[" ,!&","00","00","00"," +!'","04","04","04","04","04","04","04","04","04","04","04"]},"2552":{"keys":[3,7],"grid":[" *!(","00","00","00","00","00","00","00","00","00","00","00"," )!)","12","12","12"]},"2553":{"keys":[3,7],"grid":[" )!)","00","00","00","00","00","00"," (!*","07","07","07","07","07","07","07","07"]},"2554":{"keys":[3,7],"grid":[" (!*","00","00"," '!+","03","03","03","03"," ,!&","08","08","08"," +!'","12"," *!(","14"]},"2555":{"keys":[3,7],"grid":[" )!)","00"," (!*","02"," '!+","04"," &!,","06"," %!-","08"," $!.","10"," #!/","12"," !!0","14"]},"2556":{"keys":[7],"grid":[" "," "," "," "," "," "," "," "," "," "," "," "," "," "," "," "]},"2549":{"keys":[7,3],"grid":[" "," "," "," ","!! 0","04","!# /","06","!$ .","08","!% -","10","!& ,","12","!' +","14"]}},"1136":{"2547":{"keys":[7,3],"grid":[" "," "," ","!! 0","03","!# /","05","!$ .","07","!% -","09","!& ,","11","!' +","13","!( *"]},"2556":{"keys":[3,7],"grid":[" "," "," 0!!","02"," /!#"," .!$","05"," -!%","07"," ,!&","09"," +!'","11"," *!(","13"," )!)"]},"2557":{"keys":[3,7],"grid":[" )!)"," (!*","01"," '!+","03"," &!,","05"," %!-","07"," $!.","09"," #!/","11"," !!0","13","!"]},"2558":{"keys":[7],"grid":[" "," "," "," "," "," "," "," "," "," "," "," "," "," "," "," "]},"2549":{"keys":[3,7],"grid":[" 0!!","00"," "," "," "," "," "," "," "," "," "," "," "," "," "," "]},"2548":{"keys":[3,7],"grid":[" (!*"," )!)","01"," *!(","03"," +!'","05","05"," ,!&","08"," -!%","10"," .!$","12"," /!#","14"]}},"1135":{"2558":{"keys":[3,7],"grid":[" "," 0!!","01"," .!$"," -!%"," ,!&"," *!("," )!)"," (!*"," &!,"," %!-"," #!/"," !!0","!","!","!"]},"2547":{"keys":[3,7],"grid":[" 0!!"," "," "," "," "," "," "," "," "," "," "," "," "," "," "," "]},"2546":{"keys":[7,3],"grid":[" !!' *","!) )","01","!* (","03","!+ '","05","!, &","07","!- %","09","!. $","11","!/ #","13","!0 !"]},"2545":{"keys":[7,3],"grid":[" "," "," "," "," "," "," "," "," "," "," "," "," "," "," "," %!$ *"]}},"1134":{"2558":{"keys":[3,7],"grid":[" "," "," "," "," "," "," "," "," "," "," "," "," "," "," "," 0!!"]},"2559":{"keys":[3,7],"grid":[" 0!!"," /!#","01"," .!$","03"," -!%","05","05"," ,!&","08"," +!'","10"," *!(","12"," )!)","14"]},"2546":{"keys":[7,3],"grid":[" "," /!#"," ,!&"," )!)"," &!,"," #!/","!","!","!","!","!","!","!","!","!","!"]}},"1128":{"2545":{"keys":[3,7],"grid":[" !!0","00","00"," %!-"," (!*"," ,!&"," /!#"," "," "," "," "," "," "," "," "," "]},"2544":{"keys":[7,3],"grid":[" "," "," "," "," "," "," "," "," "," "," "," "," "," ","!! 0","14"]}},"1129":{"2545":{"keys":[7,3],"grid":[" "," "," "," "," "," "," ","!! 0","!& ,","!) )","!, &","!/ #","!","!","!","!"]}},"1038":{"2421":{"keys":[7,3],"grid":[" "," "," "," "," "," "," ","!! 0","07","!# /","09","09","09","!$ .","13","13"]},"2422":{"keys":[3,7],"grid":[" $!.","00"," #!/","02","02","02","02","02","02","02"," !!0","10","10","10","10","10"]},"2423":{"keys":[3,7],"grid":[" !!0","!","!","!","!","!","!","!","!","!","!","!","!","!","!","!"]},"2424":{"keys":[7,3],"grid":[" "," "," "," "," "," "," "," "," "," ","!! 0","!& ,","!) )","!- %","!0 !","!"]}},"1039":{"2428":{"keys":[3,7],"grid":[" .!$"," /!#"," 0!!"," "," "," "," "," "," "," "," "," "," "," "," "," "]},"2424":{"keys":[7,3],"grid":[" "," "," "," "," "," "," "," "," "," "," "," "," "," "," ","!! 0"]},"2425":{"keys":[3,7],"grid":[" %!-"," '!+"," )!)"," *!("," +!'"," ,!&","04","04","04","03","03","03","02","02"," (!*","14"]},"2426":{"keys":[3,7],"grid":[" (!*"," '!+","01"," &!,","03"," %!-","05","05","05"," $!.","09","09","09","09","09","05"]},"2427":{"keys":[3,7],"grid":[" %!-","00"," &!,","02"," '!+","04"," (!*","06"," )!)"," *!(","09"," +!'"," ,!&"," -!%","13"," .!$"]}},"1032":{"2415":{"keys":[7,3],"grid":[" "," "," "," "," "," "," "," "," "," "," ","!! 0","!# /","!$ .","13","!% -"]},"2416":{"keys":[3,7],"grid":[" &!,"," '!+","01"," (!*"," )!)"," *!("," +!'","06"," ,!&"," -!%"," .!$"," /!#"," 0!!","12"," "," "]}},"1033":{"2418":{"keys":[3],"grid":[" "," "," "," "," "," "," "," "," "," "," "," "," "," "," "," "]},"2417":{"keys":[3,7],"grid":[" #!/","00"," $!."," %!-"," &!,"," '!+","05"," (!*"," )!)"," *!(","09"," +!'"," ,!&"," -!%"," .!$","14"]},"2416":{"keys":[7,3],"grid":[" "," "," "," "," "," "," "," "," "," "," "," "," "," "," ","!! 0"]}},"1030":{"2412":{"keys":[7,3],"grid":[" "," "," "," "," "," "," "," "," "," "," "," ","!$ .","!' +","!+ '","!0 !"]}},"1031":{"2413":{"keys":[3,7],"grid":[" #!/","00","00","00"," $!.","04","04","04","04"," %!-","09","09","09"," &!,","13","13"]},"2412":{"keys":[7],"grid":[" "," "," "," "," "," "," "," "," "," "," "," "," "," "," "," "]},"2415":{"keys":[3,7],"grid":[" *!("," +!'","01"," ,!&"," -!%","04"," .!$"," /!#"," 0!!","08"," "," "," "," "," "," "]},"2414":{"keys":[3,7],"grid":[" &!,"," '!+","01","01","01","01","01"," (!*","07","07","07","07","07","07"," )!)","14"]}},"1036":{"2419":{"keys":[3,7],"grid":[" +!'","00"," ,!&","02","02"," -!%","05"," .!$","07"," /!#","09"," 0!!"," "," "," "," "]},"2418":{"keys":[3,7],"grid":[" !!0"," $!."," %!-","02"," &!,"," '!+","05"," (!*","07"," )!)","09","09","09"," *!(","13"," +!'"]},"2417":{"keys":[7,3],"grid":[" "," "," "," "," "," "," "," "," "," "," "," "," "," "," ","!! 0"]}},"1037":{"2419":{"keys":[7,3],"grid":[" "," "," "," "," "," "," "," "," "," "," "," "," "," ","!! 0","14"]},"2420":{"keys":[3,7],"grid":[" #!/"," $!.","01"," %!-"," &!,","04"," '!+","06"," (!*"," )!)"," *!("," +!'","11"," ,!&"," -!%"," .!$"]},"2423":{"keys":[3,7],"grid":[" "," "," "," "," "," "," "," 0!!","07","07","07","07"," /!#","12","12","12"]},"2424":{"keys":[3,7],"grid":[" /!#","00"," .!$","02","02","02","02"," -!%","07","00"," "," "," "," "," "," "]},"2421":{"keys":[3,7],"grid":[" /!#","00"," 0!!","02"," "," "," "," "," "," "," "," "," "," "," "," "]}},"1034":{"2418":{"keys":[3],"grid":[" "," "," "," "," "," "," "," "," "," "," "," "," "," "," "," "]},"2417":{"keys":[7,3],"grid":[" "," "," "," "," "," "," "," "," "," "," "," "," "," "," "," '!+"]}},"1035":{"2417":{"keys":[7,3],"grid":[" "," "," "," "," "," "," "," "," "," "," "," "," "," "," *!(","!"]}},"1126":{"2540":{"keys":[7,3],"grid":[" "," "," "," "," "," "," "," "," "," "," "," "," "," ","!$ .","!- %"]}},"1127":{"2543":{"keys":[3,7],"grid":[" +!'","00","00","00","00"," ,!&","05","05","05"," -!%","09","09","09"," .!$","13","13"]},"2542":{"keys":[3,7],"grid":[" '!+","00","00"," (!*","03","03","03","03"," )!)","08","08","08"," *!(","12","12","12"]},"2541":{"keys":[3,7],"grid":[" #!/","00"," $!.","02","02","02"," %!-","06","06","06","06"," &!,","11","11","11"," '!+"]},"2540":{"keys":[7],"grid":[" "," "," "," "," "," "," "," "," "," "," "," "," "," "," "," "]},"2544":{"keys":[3,7],"grid":[" .!$","00"," /!#","02","02","02"," 0!!","06","06","06"," "," "," "," "," "," "]}},"1025":{"2411":{"keys":[7,3],"grid":[" "," "," "," ","!! 0","04","!$ .","!' +","!, &","!0 !","!","!","!","!","!","!"]}},"1024":{"2411":{"keys":[3,7],"grid":[" 0!!","00"," "," "," "," "," "," "," "," "," "," "," "," "," "," "]},"2410":{"keys":[3,7],"grid":[" (!*","00"," )!)"," *!(","03"," +!'","05"," ,!&","07"," -!%","09"," .!$","11"," /!#","13","13"]},"2409":{"keys":[7,3],"grid":[" "," "," ","!! 0","03","!# /","05","!$ .","07","!% -","09","!& ,","11","11","!' +","14"]},"2406":{"keys":[7,3],"grid":[" "," "," "," "," ","!! 0","!$ .","!% -","07","06","06","06","!# /","12","05","05"]},"2407":{"keys":[3,7],"grid":[" !!0","!","!","!","!","!","!","!","!","!","!","!","!","!","!","!"]}},"1027":{"2411":{"keys":[7,3],"grid":[" "," "," "," "," "," "," "," "," "," "," "," "," "," "," ","!% -"]},"2412":{"keys":[3,7],"grid":[" (!*"," ,!&"," 0!!"," "," "," "," "," "," "," "," "," "," "," "," "," "]}},"1026":{"2411":{"keys":[7,3],"grid":[" "," "," "," "," "," "," "," "," "," ","!$ .","!' +","!+ '","!. $","!","!"]}},"1029":{"2412":{"keys":[7,3],"grid":[" "," "," "," "," "," "," ","!# /","!& ,","!* (","!. $","!","!","!","!","!"]}},"1028":{"2412":{"keys":[7,3],"grid":[" "," "," ","!# /","!' +","!+ '","!/ #","!","!","!","!","!","!","!","!","!"]}},"1106":{"2529":{"keys":[7,3],"grid":[" ","!# /","!% -","!( *","!) )","!+ '","!- %","!/ #","!","!","!","!","!","!","!","!"]}},"1107":{"2530":{"keys":[3,7],"grid":[" /!#"," 0!!"," "," "," "," "," "," "," "," "," "," "," "," "," "," "]},"2529":{"keys":[7,3],"grid":[" "," "," "," "," "," "," "," "," ","!! 0","!$ .","!& ,","!( *","!) )","!+ '","!- %"]}},"1104":{"2527":{"keys":[7,3],"grid":[" "," "," "," "," "," "," "," "," "," "," "," ","!! 0","!# /","13","!$ ."]},"2528":{"keys":[3,7],"grid":[" %!-"," &!,"," (!*"," *!("," ,!&"," .!$"," /!#"," "," "," "," "," "," "," "," "," "]}},"1105":{"2529":{"keys":[3,7],"grid":[" 0!!"," "," "," "," "," "," "," "," "," "," "," "," "," "," "," "]},"2528":{"keys":[7,3],"grid":[" "," "," "," "," "," "," "," ","!# /","!% -","!& ,","!' +","!) )","!* (","!- %","!/ #"]}},"1102":{"2526":{"keys":[7,3],"grid":[" "," "," ","!$ .","!( *","!) )","!+ '","!- %","!. $","!/ #","!0 !","!","!","!","!","!"]}},"1103":{"2527":{"keys":[3,7],"grid":[" &!,"," (!*"," )!)"," *!("," +!'"," ,!&"," -!%"," .!$"," /!#","08"," 0!!"," "," "," "," "," "]},"2526":{"keys":[7,3],"grid":[" "," "," "," "," "," "," "," "," "," "," "," ","!! 0","!$ .","!% -","!& ,"]}},"1100":{"2526":{"keys":[7,3],"grid":[" "," "," "," "," +!'","!","!","!","!","!","!","!","!","!","!","!"]}},"1101":{"2526":{"keys":[7,3],"grid":[" "," "," "," -!%","!","!","!","!","!","!","!","!","!","!","!","!"]}},"1108":{"2530":{"keys":[7,3],"grid":[" "," "," ","!# /","!$ .","!& ,","!' +","!( *","!* (","!+ '","!, &","!- %","!/ #","!0 !","!","!"]}},"1109":{"2530":{"keys":[7,3],"grid":[" "," "," "," "," "," "," "," "," "," "," "," "," "," "," ","!# /"]},"2531":{"keys":[3,7],"grid":[" $!."," &!,"," '!+"," (!*"," )!)"," +!'"," ,!&"," -!%"," /!#"," "," "," "," "," "," "," "]}},"1050":{"2436":{"keys":[3,7],"grid":[" .!$","00"," /!#"," 0!!","03"," "," "," "," "," "," "," "," "," "," "," "]},"2435":{"keys":[7,3],"grid":[" "," "," "," "," "," "," ","!# /","!$ .","!& ,","!' +","!) )","!* (","!, &","!- %","14"]}},"1051":{"2438":{"keys":[3,7],"grid":[" 0!!"," "," "," "," "," "," "," "," "," "," "," "," "," "," "," "]},"2437":{"keys":[3,7],"grid":[" '!+"," (!*","01"," )!)","03"," *!("," +!'","06"," ,!&","08"," -!%","10"," .!$"," /!#","13"," 0!!"]},"2436":{"keys":[7,3],"grid":[" "," "," "," "," "," "," ","!! 0","!# /","08","!$ .","10","!% -","!& ,","13","!' +"]}},"1052":{"2439":{"keys":[3,7],"grid":[" *!(","00"," +!'","02"," ,!&"," -!%","05"," .!$","07"," /!#","09"," 0!!"," "," "," "," "]},"2438":{"keys":[7,3],"grid":[" "," "," ","!! 0","!# /","04","!$ .","06","!% -","08","!& ,","!' +","11","!( *","13","!) )"]}},"1053":{"2440":{"keys":[3,7],"grid":[" #!/","00"," $!.","02"," %!-"," &!,","05"," '!+","07"," (!*","09"," )!)"," *!(","12"," +!'","14"]},"2441":{"keys":[3,7],"grid":[" ,!&","00"," -!%","02"," .!$"," /!#","05"," 0!!","07"," "," "," "," "," "," "," "]},"2439":{"keys":[7,3],"grid":[" "," "," "," "," "," "," "," "," "," "," "," "," "," ","!! 0","14"]}},"1054":{"2442":{"keys":[3,7],"grid":[" (!*"," )!)"," *!(","02"," +!'"," ,!&"," -!%"," .!$"," /!#"," 0!!"," "," "," "," "," "," "]},"2441":{"keys":[7,3],"grid":[" "," "," "," "," "," "," "," "," "," ","!! 0","!# /","!$ .","!% -","!& ,","!' +"]}},"1055":{"2442":{"keys":[7,3],"grid":[" "," "," "," "," "," "," "," "," "," "," ","!! 0","!# /","!$ .","!% -","!& ,"]},"2443":{"keys":[3,7],"grid":[" '!+"," (!*"," )!)"," *!("," +!'"," ,!&","05"," -!%"," .!$"," /!#"," 0!!"," "," "," "," "," "]}},"1056":{"2443":{"keys":[7,3],"grid":[" "," "," "," "," "," "," "," "," "," "," ","!! 0","!# /","!$ .","!% -","!& ,"]},"2444":{"keys":[3,7],"grid":[" '!+"," (!*"," )!)"," *!("," +!'","04"," ,!&"," -!%"," .!$"," /!#"," 0!!"," "," "," "," "," "]}},"1057":{"2444":{"keys":[7,3],"grid":[" "," "," "," "," "," "," "," "," "," "," "," ","!! 0","!# /","!$ .","!% -"]},"2445":{"keys":[3,7],"grid":[" &!,"," '!+"," (!*"," )!)"," *!("," +!'"," ,!&"," -!%"," .!$"," /!#"," 0!!"," "," "," "," "," "]}},"1058":{"2446":{"keys":[3,7],"grid":[" %!-"," &!,"," '!+"," (!*"," )!)"," *!("," +!'"," ,!&"," -!%"," .!$"," /!#"," 0!!"," "," "," "," "]},"2445":{"keys":[7,3],"grid":[" "," "," "," "," "," "," "," "," "," "," "," ","!! 0","!# /","13","!$ ."]}},"1059":{"2451":{"keys":[3,7],"grid":[" '!+","00"," (!*","02"," )!)","04","04"," *!(","07"," +!'","09"," ,!&","11"," -!%","13"," .!$"]},"2452":{"keys":[3,7],"grid":[" .!$"," /!#","01"," 0!!","03"," "," "," "," "," "," "," "," "," "," "," "]},"2446":{"keys":[7,3],"grid":[" "," "," "," "," "," "," "," "," "," "," "," "," ","!! 0","!# /","!$ ."]},"2447":{"keys":[3,7],"grid":[" %!-"," &!,"," '!+"," (!*"," )!)"," *!("," +!'"," ,!&"," -!%"," .!$"," /!#"," 0!!"," "," "," "," "]},"2450":{"keys":[3,7],"grid":[" "," "," "," "," "," 0!!","05"," /!#"," .!$"," -!%"," ,!&"," +!'"," *!("," )!)","13"," (!*"]}},"1111":{"2532":{"keys":[7,3],"grid":[" "," "," "," "," "," "," "," ","!! 0","!# /","!$ .","!& ,","11","!' +","!( *","!) )"]},"2533":{"keys":[3,7],"grid":[" +!'"," ,!&"," -!%"," .!$"," /!#"," 0!!"," "," "," "," "," "," "," "," "," "," "]}},"1110":{"2532":{"keys":[3,7],"grid":[" )!)"," *!("," ,!&"," -!%"," .!$"," /!#"," 0!!"," "," "," "," "," "," "," "," "," "]},"2531":{"keys":[7,3],"grid":[" "," "," "," "," "," "," "," "," "," ","!! 0","!# /","!% -","!& ,","!' +","!( *"]}},"1113":{"2534":{"keys":[7,3],"grid":[" "," ","!! 0","!$ .","!% -","!& ,","!' +","!) )","!* (","!, &","!. $","!","!","!","!","!"]}},"1112":{"2533":{"keys":[7,3],"grid":[" "," "," "," "," "," "," ","!! $!! ,","!# !!$ +","!( *","!) )","!* (","!+ '","!- %","!. $","!/ #"]},"2534":{"keys":[3,7],"grid":[" 0!!"," "," "," "," "," "," "," "," "," "," "," "," "," "," "," "]}},"1115":{"2534":{"keys":[7,3],"grid":[" "," "," "," "," "," "," "," "," "," "," "," "," "," "," ","!' +"]},"2535":{"keys":[3,7],"grid":[" ,!&"," 0!!"," "," "," "," "," "," "," "," "," "," "," "," "," "," "]}},"1114":{"2534":{"keys":[7,3],"grid":[" "," "," "," "," "," "," "," "," "," "," ","!! 0","!' +","!, &","!","!"]}},"1117":{"2535":{"keys":[7,3],"grid":[" "," "," "," "," ","!# /","!) )","!0 !","!","!","!","!","!","!","!","!"]}},"1116":{"2535":{"keys":[7,3],"grid":[" "," ","!% -","!) )","!. $","!","!","!","!","!","!","!","!","!","!","!"]}},"1119":{"2535":{"keys":[7,3],"grid":[" "," "," "," "," "," "," "," "," "," "," ","!! 0","!& ,","!+ '","!/ #","!"]}},"1118":{"2535":{"keys":[7,3],"grid":[" "," "," "," "," "," "," "," ","!$ .","!' +","!, &","!","!","!","!","!"]}},"1043":{"2431":{"keys":[7,3],"grid":[" "," "," ","!! 0","!# /","!% -","!' +","!( *","!* (","!+ '","!- %","!/ #","!","!","!","!"]}},"1042":{"2431":{"keys":[3,7],"grid":[" -!%"," .!$"," 0!!"," "," "," "," "," "," "," "," "," "," "," "," "," "]},"2430":{"keys":[7,3],"grid":[" "," "," "," "," "," "," "," "," "," ","!! 0","!$ .","!& ,","!' +","!) )","!+ '"]}},"1041":{"2429":{"keys":[7,3],"grid":[" "," "," "," "," "," "," "," "," "," "," "," "," ","!! 0","!# /","!$ ."]},"2430":{"keys":[3,7],"grid":[" $!.","00"," %!-"," '!+"," (!*"," *!("," +!'"," -!%"," /!#"," "," "," "," "," "," "," "]}},"1040":{"2428":{"keys":[7,3],"grid":[" "," "," "," ","!! 0","04","!# /","!$ .","07","!% -","!& ,","!' +","!( *","12","!) )","!* ("]},"2429":{"keys":[3,7],"grid":[" *!("," +!'","01"," ,!&"," -!%","04"," .!$","06"," /!#","08"," 0!!"," "," "," "," "," "]}},"1047":{"2433":{"keys":[7,3],"grid":[" "," "," "," "," "," "," "," "," "," ","!! 0","!$ .","!% -","!' +","!( *","!* ("]},"2434":{"keys":[3,7],"grid":[" ,!&"," .!$"," /!#"," "," "," "," "," "," "," "," "," "," "," "," "," "]}},"1046":{"2433":{"keys":[7,3],"grid":[" ","!# /","!% -","!& ,","!( *","!* (","!, &","!- %","!/ #","!","!","!","!","!","!","!"]}},"1045":{"2433":{"keys":[3],"grid":[" "," "," "," "," "," "," "," "," "," "," "," "," "," "," "," "]},"2432":{"keys":[7,3],"grid":[" "," "," "," "," "," "," ","!! 0","!$ .","!% -","!' +","!) )","!* (","!, &","!. $","!0 !"]}},"1044":{"2432":{"keys":[3,7],"grid":[" (!*"," )!)"," +!'"," -!%"," .!$"," 0!!"," "," "," "," "," "," "," "," "," "," "]},"2431":{"keys":[7,3],"grid":[" "," "," "," "," "," "," "," "," "," "," "," "," ","!! 0","!$ .","!& ,"]}},"1049":{"2435":{"keys":[3,7],"grid":[" '!+"," (!*"," *!("," ,!&"," -!%"," /!#"," "," "," "," "," "," "," "," "," "," "]},"2434":{"keys":[7,3],"grid":[" "," "," "," "," "," "," "," "," "," "," "," "," ","!! 0","!# /","!% -"]}},"1048":{"2434":{"keys":[7,3],"grid":[" "," "," "," ","!# /","!% -","!& ,","!( *","!* (","!+ '","!- %","!. $","!0 !","!","!","!"]}}}}