{"9":{"115":{"175":{"keys":[7,1,3],"grid":[" "," "," "," "," "," "," "," "," "," "," "," "," ","!","#","#"]}},"114":{"175":{"keys":[7,1,3],"grid":[" "," "," "," "," "," "," "," "," "," "," "," "," ","!","#","#"]}},"120":{"175":{"keys":[7,1,3],"grid":[" +!'"," +!!#!!###"," +!!#&","02","02","02","02","02","02","02","02","02","02","!,#&","#","#"]},"174":{"keys":[7,1],"grid":[" "," "," "," "," "," "," "," "," "," "," "," "," "," "," "," +!! &"]}},"121":{"175":{"keys":[1,7,3],"grid":[" !!0"," #!/","#! #!.","## !!.","03","03","03","## #!-","#$ !!-","08","#$ #!,","#% !!,","11","11","11","#% #!+"]}},"117":{"175":{"keys":[7,1,3],"grid":[" "," "," "," "," "," "," "," "," "," "," "," "," ","!","#","#"]}},"116":{"175":{"keys":[7,1,3],"grid":[" "," "," "," "," "," "," "," "," "," "," "," "," ","!","#","#"]}},"113":{"175":{"keys":[7,1,3],"grid":[" "," "," "," "," "," "," "," "," "," "," "," "," ","!","#","#"]}},"112":{"175":{"keys":[7,1,3],"grid":[" "," "," "," "," "," "," "," "," "," "," "," "," ","!","#","#"]}},"119":{"175":{"keys":[7,1,3],"grid":[" "," "," "," "," "," "," "," "," "," "," "," "," ","!","#","#"]}},"118":{"175":{"keys":[7,1,3],"grid":[" "," "," "," "," "," "," "," "," "," "," "," "," ","!","#","#"]}}},"13":{"1869":{"2813":{"keys":[7,3],"grid":[" "," "," "," "," ","!","!","!","!","!","!","!","!","!","!","!"]}},"1868":{"2813":{"keys":[7,3],"grid":[" "," "," "," "," ","!","!","!","!","!","!","!","!","!","!","!"]}},"1832":{"2813":{"keys":[7,3],"grid":[" "," "," "," "," ","!","!","!","!","!","!","!","!","!","!","!"]}},"1833":{"2813":{"keys":[7,3],"grid":[" "," "," "," "," ","!","!","!","!","!","!","!","!","!","!","!"]}},"1830":{"2813":{"keys":[7,3],"grid":[" "," "," "," "," ","!","!","!","!","!","!","!","!","!","!","!"]}},"1831":{"2813":{"keys":[7,3],"grid":[" "," "," "," "," ","!","!","!","!","!","!","!","!","!","!","!"]}},"1836":{"2813":{"keys":[7,3],"grid":[" "," "," "," "," ","!","!","!","!","!","!","!","!","!","!","!"]}},"1837":{"2813":{"keys":[7,3],"grid":[" "," "," "," "," ","!","!","!","!","!","!","!","!","!","!","!"]}},"1834":{"2813":{"keys":[7,3],"grid":[" "," "," "," "," ","!","!","!","!","!","!","!","!","!","!","!"]}},"1835":{"2813":{"keys":[7,3],"grid":[" "," "," "," "," ","!","!","!","!","!","!","!","!","!","!","!"]}},"1838":{"2813":{"keys":[7,3],"grid":[" "," "," "," "," ","!","!","!","!","!","!","!","!","!","!","!"]}},"1839":{"2813":{"keys":[7,3],"grid":[" "," "," "," "," ","!","!","!","!","!","!","!","!","!","!","!"]}},"1799":{"2813":{"keys":[7,3],"grid":[" "," "," "," "," ","!","!","!","!","!","!","!","!","!","!","!"]}},"1798":{"2813":{"keys":[7,3],"grid":[" "," "," "," "," ","!","!","!","!","!","!","!","!","!","!","!"]}},"1793":{"2813":{"keys":[7,3],"grid":[" "," "," "," "," ","!","!","!","!","!","!","!","!","!","!","!"]}},"1792":{"2813":{"keys":[7,3],"grid":[" "," "," "," "," ","!","!","!","!","!","!","!","!","!","!","!"]}},"1797":{"2813":{"keys":[7,3],"grid":[" "," "," "," "," ","!","!","!","!","!","!","!","!","!","!","!"]}},"1796":{"2813":{"keys":[7,3],"grid":[" "," "," "," "," ","!","!","!","!","!","!","!","!","!","!","!"]}},"1795":{"2813":{"keys":[7,3],"grid":[" "," "," "," "," ","!","!","!","!","!","!","!","!","!","!","!"]}},"1794":{"2813":{"keys":[7,3],"grid":[" "," "," "," "," ","!","!","!","!","!","!","!","!","!","!","!"]}},"1829":{"2813":{"keys":[7,3],"grid":[" "," "," "," "," ","!","!","!","!","!","!","!","!","!","!","!"]}},"1828":{"2813":{"keys":[7,3],"grid":[" "," "," "," "," ","!","!","!","!","!","!","!","!","!","!","!"]}},"1825":{"2813":{"keys":[7,3],"grid":[" "," "," "," "," ","!","!","!","!","!","!","!","!","!","!","!"]}},"1824":{"2813":{"keys":[7,3],"grid":[" "," "," "," "," ","!","!","!","!","!","!","!","!","!","!","!"]}},"1827":{"2813":{"keys":[7,3],"grid":[" "," "," "," "," ","!","!","!","!","!","!","!","!","!","!","!"]}},"1826":{"2813":{"keys":[7,3],"grid":[" "," "," "," "," ","!","!","!","!","!","!","!","!","!","!","!"]}},"1821":{"2813":{"keys":[7,3],"grid":[" "," "," "," "," ","!","!","!","!","!","!","!","!","!","!","!"]}},"1820":{"2813":{"keys":[7,3],"grid":[" "," "," "," "," ","!","!","!","!","!","!","!","!","!","!","!"]}},"1823":{"2813":{"keys":[7,3],"grid":[" "," "," "," "," ","!","!","!","!","!","!","!","!","!","!","!"]}},"1822":{"2813":{"keys":[7,3],"grid":[" "," "," "," "," ","!","!","!","!","!","!","!","!","!","!","!"]}},"1870":{"2813":{"keys":[7,3],"grid":[" "," "," "," "," ","!","!","!","!","!","!","!","!","!","!","!"]}},"1871":{"2813":{"keys":[7,3],"grid":[" "," "," "," "," ","!","!","!","!","!","!","!","!","!","!","!"]}},"1920":{"2813":{"keys":[7,3],"grid":[" "," "," "," "," ","!","!","!","!","!","!","!","!","!","!","!"]}},"1921":{"2813":{"keys":[7,3],"grid":[" "," "," "," "," ","!","!","!","!","!","!","!","!","!","!","!"]}},"1922":{"2813":{"keys":[7,3],"grid":[" "," "," "," "," ","!","!","!","!","!","!","!","!","!","!","!"]}},"1923":{"2813":{"keys":[7,3],"grid":[" "," "," "," "," "," ","!","!","!","!","!","!","!","!","!","!"]}},"1924":{"2813":{"keys":[7,3],"grid":[" "," "," "," "," "," ","!","!","!","!","!","!","!","!","!","!"]}},"1925":{"2813":{"keys":[7,3],"grid":[" "," "," "," "," "," ","!","!","!","!","!","!","!","!","!","!"]}},"1926":{"2813":{"keys":[7,3],"grid":[" "," "," "," "," "," ","!","!","!","!","!","!","!","!","!","!"]}},"1927":{"2813":{"keys":[7,3],"grid":[" "," "," "," "," "," /!! !","!","!","!","!","!","!","!","!","!","!"]}},"1928":{"2813":{"keys":[7,3],"grid":[" "," "," "," "," "," %!-","!","!","!","!","!","!","!","!","!","!"]}},"1929":{"2813":{"keys":[7,3],"grid":[" "," "," "," "," ","!","!","!","!","!","!","!","!","!","!","!"]}},"1858":{"2813":{"keys":[7,3],"grid":[" "," "," "," "," ","!","!","!","!","!","!","!","!","!","!","!"]}},"1859":{"2813":{"keys":[7,3],"grid":[" "," "," "," "," ","!","!","!","!","!","!","!","!","!","!","!"]}},"1850":{"2813":{"keys":[7,3],"grid":[" "," "," "," "," ","!","!","!","!","!","!","!","!","!","!","!"]}},"1851":{"2813":{"keys":[7,3],"grid":[" "," "," "," "," ","!","!","!","!","!","!","!","!","!","!","!"]}},"1852":{"2813":{"keys":[7,3],"grid":[" "," "," "," "," ","!","!","!","!","!","!","!","!","!","!","!"]}},"1853":{"2813":{"keys":[7,3],"grid":[" "," "," "," "," ","!","!","!","!","!","!","!","!","!","!","!"]}},"1854":{"2813":{"keys":[7,3],"grid":[" "," "," "," "," ","!","!","!","!","!","!","!","!","!","!","!"]}},"1855":{"2813":{"keys":[7,3],"grid":[" "," "," "," "," ","!","!","!","!","!","!","!","!","!","!","!"]}},"1856":{"2813":{"keys":[7,3],"grid":[" "," "," "," "," ","!","!","!","!","!","!","!","!","!","!","!"]}},"1857":{"2813":{"keys":[7,3],"grid":[" "," "," "," "," ","!","!","!","!","!","!","!","!","!","!","!"]}},"1878":{"2813":{"keys":[7,3],"grid":[" "," "," "," "," ","!","!","!","!","!","!","!","!","!","!","!"]}},"1879":{"2813":{"keys":[7,3],"grid":[" "," "," "," "," ","!","!","!","!","!","!","!","!","!","!","!"]}},"1933":{"2800":{"keys":[7,3],"grid":[" "," "," "," "," "," "," "," "," "," "," "," "," "," "," /!#"," (!*"]},"2801":{"keys":[3],"grid":[" "," "," "," "," "," "," "," "," "," "," "," "," "," "," "," "]}},"1932":{"2800":{"keys":[7,3],"grid":[" "," "," "," "," "," "," "," "," "," "," ","!# /","!& ,","!( *","!+ '","!- %"]},"2801":{"keys":[3],"grid":[" "," "," "," "," "," "," "," "," "," "," "," "," "," "," "," "]}},"1931":{"2800":{"keys":[7,3],"grid":[" "," "," ","!! 0","!# /","!% -","!& ,","!' +","!* (","!. $","!/ #","!","!","!","!","!"]}},"1930":{"2799":{"keys":[7,3],"grid":[" "," "," "," "," "," "," "," "," "," "," "," "," "," "," "," -!! $"]},"2811":{"keys":[7,3],"grid":[" -!%","00","00","00","00","00","00","00","00","00","00","00","00","00","00","00"]},"2810":{"keys":[7,3],"grid":[" -!%","00","00","00","00","00","00","00","00","00","00","00","00","00","00","00"]},"2813":{"keys":[7,3],"grid":[" -!%","00","00","00","00","!","!","!","!","!","!","!","!","!","!","!"]},"2812":{"keys":[7,3],"grid":[" -!%","00","00","00","00","00","00","00","00","00","00","00","00","00","00","00"]},"2808":{"keys":[7,3],"grid":[" -!%","00","00","00","00","00","00","00","00","00","00","00","00","00","00","00"]},"2809":{"keys":[7,3],"grid":[" -!%","00","00","00","00","00","00","00","00","00","00","00","00","00","00","00"]},"2802":{"keys":[7,3],"grid":[" -!%","00","00","00","00","00","00","00","00","00","00","00","00","00","00","00"]},"2803":{"keys":[7,3],"grid":[" -!%","00","00","00","00","00","00","00","00","00","00","00","00","00","00","00"]},"2800":{"keys":[7,3],"grid":[" -!! $"," -!# #"," -!%","02","02","02","02","02","02","02","02","02","02","02","02","02"]},"2801":{"keys":[7,3],"grid":[" -!%","00","00","00","00","00","00","00","00","00","00","00","00","00","00","00"]},"2806":{"keys":[7,3],"grid":[" -!%","00","00","00","00","00","00","00","00","00","00","00","00","00","00","00"]},"2807":{"keys":[7,3],"grid":[" -!%","00","00","00","00","00","00","00","00","00","00","00","00","00","00","00"]},"2804":{"keys":[7,3],"grid":[" -!%","00","00","00","00","00","00","00","00","00","00","00","00","00","00","00"]},"2805":{"keys":[7,3],"grid":[" -!%","00","00","00","00","00","00","00","00","00","00","00","00","00","00","00"]}},"1937":{"2802":{"keys":[3,7],"grid":[" 0!!"," "," "," "," "," "," "," "," "," "," "," "," "," "," "," "]},"2801":{"keys":[7,3],"grid":[" "," "," "," "," "," "," "," "," "," "," "," ","!# /","!% -","!& ,","!( *"]}},"1936":{"2800":{"keys":[7,3],"grid":[" "," "," "," "," "," "," "," "," "," "," "," "," "," "," ","!! 0"]},"2801":{"keys":[3,7],"grid":[" #!/"," %!-"," &!,"," '!+"," (!*"," *!("," +!'"," ,!&"," -!%"," /!#"," 0!!"," "," "," "," "," "]}},"1935":{"2800":{"keys":[7,3],"grid":[" "," "," "," "," "," "," ","!& ,","!' +","!) )","!* (","!, &","!- %","!/ #","!0 !","!"]}},"1934":{"2800":{"keys":[7,3],"grid":[" "," "," "," "," "," "," "," "," '!+"," &!,"," %!-"," #!/"," !!0","!","!","!"]}},"1939":{"2808":{"keys":[3,7],"grid":[" $!.","00","00","00","00"," %!-","05","05","05","05"," &!,","10","10","10"," '!+","14"]},"2809":{"keys":[3,7],"grid":[" '!+","00"," (!*","02"," )!)"," *!(","05"," +!'"," ,!&","08"," -!%"," .!$"," /!#","12"," 0!!","14"]},"2810":{"keys":[3,7],"grid":[" 0!!","00"," "," "," "," "," "," "," "," "," "," "," "," "," "," "]},"2807":{"keys":[7,3],"grid":[" "," "," "," "," "," "," ","!! 0","07","07","07","07","!# /","12","12","12"]}},"1938":{"2802":{"keys":[7,3],"grid":[" ","!% -","!' +","02","!& ,","04","04","01","01","!$ .","09","09","09","09","09","09"]},"2803":{"keys":[3,7],"grid":[" $!.","00","00"," %!-","03","03","03"," &!,","07","07","07","07"," '!+","12","12","12"]},"2806":{"keys":[3,7],"grid":[" .!$","00","00","00","00","00","00","00","00"," /!#","09","09","09","09"," 0!!","14"]},"2807":{"keys":[3,7],"grid":[" 0!!","00"," "," "," "," "," "," "," "," "," "," "," "," "," "," "]},"2804":{"keys":[3,7],"grid":[" (!*","00","00","00"," )!)","04","04","04","04"," *!(","09","09","09"," +!'","13","13"]},"2805":{"keys":[3,7],"grid":[" +!'"," ,!&","01","01","01","01"," -!%","06","06","06"," .!$","10","10","10","10","10"]}},"1849":{"2813":{"keys":[7,3],"grid":[" "," "," "," "," ","!","!","!","!","!","!","!","!","!","!","!"]}},"1848":{"2813":{"keys":[7,3],"grid":[" "," "," "," "," ","!","!","!","!","!","!","!","!","!","!","!"]}},"1843":{"2813":{"keys":[7,3],"grid":[" "," "," "," "," ","!","!","!","!","!","!","!","!","!","!","!"]}},"1842":{"2813":{"keys":[7,3],"grid":[" "," "," "," "," ","!","!","!","!","!","!","!","!","!","!","!"]}},"1841":{"2813":{"keys":[7,3],"grid":[" "," "," "," "," ","!","!","!","!","!","!","!","!","!","!","!"]}},"1840":{"2813":{"keys":[7,3],"grid":[" "," "," "," "," ","!","!","!","!","!","!","!","!","!","!","!"]}},"1847":{"2813":{"keys":[7,3],"grid":[" "," "," "," "," ","!","!","!","!","!","!","!","!","!","!","!"]}},"1846":{"2813":{"keys":[7,3],"grid":[" "," "," "," "," ","!","!","!","!","!","!","!","!","!","!","!"]}},"1845":{"2813":{"keys":[7,3],"grid":[" "," "," "," "," ","!","!","!","!","!","!","!","!","!","!","!"]}},"1844":{"2813":{"keys":[7,3],"grid":[" "," "," "," "," ","!","!","!","!","!","!","!","!","!","!","!"]}},"1940":{"2815":{"keys":[3,7],"grid":[" 0!!"," "," "," "," "," "," "," "," "," "," "," "," "," "," "," "]},"2814":{"keys":[3,7],"grid":[" -!%","00"," .!$","02","02","02","02"," /!#","07","07","07","07"," 0!!","12","12","12"]},"2811":{"keys":[3,7],"grid":[" #!/"," $!.","01","01","01","01"," %!-","06","06","06","06"," &!,","11","11","11","11"]},"2810":{"keys":[7,3],"grid":[" "," "," "," "," "," "," ","!! 0","07","07","07","07","!# /","12","12","12"]},"2813":{"keys":[3,7],"grid":[" *!(","00","00","00"," +!'","04","04","04"," ,!&","08","08","08","08"," -!%","13","13"]},"2812":{"keys":[3,7],"grid":[" '!+","00","00","00","00"," (!*","05","05","05","05"," )!)","10","10","10","10"," *!("]}},"1941":{"2815":{"keys":[7,3],"grid":[" "," "," "," "," "," ","!! 0","06","06","06","06","!# /","11","11","11","11"]}},"1876":{"2813":{"keys":[7,3],"grid":[" "," "," "," "," ","!","!","!","!","!","!","!","!","!","!","!"]}},"1877":{"2813":{"keys":[7,3],"grid":[" "," "," "," "," ","!","!","!","!","!","!","!","!","!","!","!"]}},"1874":{"2813":{"keys":[7,3],"grid":[" "," "," "," "," ","!","!","!","!","!","!","!","!","!","!","!"]}},"1875":{"2813":{"keys":[7,3],"grid":[" "," "," "," "," ","!","!","!","!","!","!","!","!","!","!","!"]}},"1872":{"2813":{"keys":[7,3],"grid":[" "," "," "," "," ","!","!","!","!","!","!","!","!","!","!","!"]}},"1873":{"2813":{"keys":[7,3],"grid":[" "," "," "," "," ","!","!","!","!","!","!","!","!","!","!","!"]}},"1908":{"2813":{"keys":[7,3],"grid":[" "," "," "," "," ","!","!","!","!","!","!","!","!","!","!","!"]}},"1909":{"2813":{"keys":[7,3],"grid":[" "," "," "," "," ","!","!","!","!","!","!","!","!","!","!","!"]}},"1906":{"2813":{"keys":[7,3],"grid":[" "," "," "," "," ","!","!","!","!","!","!","!","!","!","!","!"]}},"1907":{"2813":{"keys":[7,3],"grid":[" "," "," "," "," ","!","!","!","!","!","!","!","!","!","!","!"]}},"1904":{"2813":{"keys":[7,3],"grid":[" "," "," "," "," ","!","!","!","!","!","!","!","!","!","!","!"]}},"1905":{"2813":{"keys":[7,3],"grid":[" "," "," "," "," ","!","!","!","!","!","!","!","!","!","!","!"]}},"1902":{"2813":{"keys":[7,3],"grid":[" "," "," "," "," ","!","!","!","!","!","!","!","!","!","!","!"]}},"1903":{"2813":{"keys":[7,3],"grid":[" "," "," "," "," ","!","!","!","!","!","!","!","!","!","!","!"]}},"1900":{"2813":{"keys":[7,3],"grid":[" "," "," "," "," ","!","!","!","!","!","!","!","!","!","!","!"]}},"1901":{"2813":{"keys":[7,3],"grid":[" "," "," "," "," ","!","!","!","!","!","!","!","!","!","!","!"]}},"1806":{"2813":{"keys":[7,3],"grid":[" "," "," "," "," ","!","!","!","!","!","!","!","!","!","!","!"]}},"1919":{"2813":{"keys":[7,3],"grid":[" "," "," "," "," ","!","!","!","!","!","!","!","!","!","!","!"]}},"1918":{"2813":{"keys":[7,3],"grid":[" "," "," "," "," ","!","!","!","!","!","!","!","!","!","!","!"]}},"1863":{"2813":{"keys":[7,3],"grid":[" "," "," "," "," ","!","!","!","!","!","!","!","!","!","!","!"]}},"1862":{"2813":{"keys":[7,3],"grid":[" "," "," "," "," ","!","!","!","!","!","!","!","!","!","!","!"]}},"1865":{"2813":{"keys":[7,3],"grid":[" "," "," "," "," ","!","!","!","!","!","!","!","!","!","!","!"]}},"1864":{"2813":{"keys":[7,3],"grid":[" "," "," "," "," ","!","!","!","!","!","!","!","!","!","!","!"]}},"1867":{"2813":{"keys":[7,3],"grid":[" "," "," "," "," ","!","!","!","!","!","!","!","!","!","!","!"]}},"1866":{"2813":{"keys":[7,3],"grid":[" "," "," "," "," ","!","!","!","!","!","!","!","!","!","!","!"]}},"1911":{"2813":{"keys":[7,3],"grid":[" "," "," "," "," ","!","!","!","!","!","!","!","!","!","!","!"]}},"1910":{"2813":{"keys":[7,3],"grid":[" "," "," "," "," ","!","!","!","!","!","!","!","!","!","!","!"]}},"1913":{"2813":{"keys":[7,3],"grid":[" "," "," "," "," ","!","!","!","!","!","!","!","!","!","!","!"]}},"1912":{"2813":{"keys":[7,3],"grid":[" "," "," "," "," ","!","!","!","!","!","!","!","!","!","!","!"]}},"1915":{"2813":{"keys":[7,3],"grid":[" "," "," "," "," ","!","!","!","!","!","!","!","!","!","!","!"]}},"1914":{"2813":{"keys":[7,3],"grid":[" "," "," "," "," ","!","!","!","!","!","!","!","!","!","!","!"]}},"1917":{"2813":{"keys":[7,3],"grid":[" "," "," "," "," ","!","!","!","!","!","!","!","!","!","!","!"]}},"1916":{"2813":{"keys":[7,3],"grid":[" "," "," "," "," ","!","!","!","!","!","!","!","!","!","!","!"]}},"1800":{"2813":{"keys":[7,3],"grid":[" "," "," "," "," ","!","!","!","!","!","!","!","!","!","!","!"]}},"1898":{"2813":{"keys":[7,3],"grid":[" "," "," "," "," ","!","!","!","!","!","!","!","!","!","!","!"]}},"1899":{"2813":{"keys":[7,3],"grid":[" "," "," "," "," ","!","!","!","!","!","!","!","!","!","!","!"]}},"1894":{"2813":{"keys":[7,3],"grid":[" "," "," "," "," ","!","!","!","!","!","!","!","!","!","!","!"]}},"1895":{"2813":{"keys":[7,3],"grid":[" "," "," "," "," ","!","!","!","!","!","!","!","!","!","!","!"]}},"1896":{"2813":{"keys":[7,3],"grid":[" "," "," "," "," ","!","!","!","!","!","!","!","!","!","!","!"]}},"1897":{"2813":{"keys":[7,3],"grid":[" "," "," "," "," ","!","!","!","!","!","!","!","!","!","!","!"]}},"1890":{"2813":{"keys":[7,3],"grid":[" "," "," "," "," ","!","!","!","!","!","!","!","!","!","!","!"]}},"1891":{"2813":{"keys":[7,3],"grid":[" "," "," "," "," ","!","!","!","!","!","!","!","!","!","!","!"]}},"1892":{"2813":{"keys":[7,3],"grid":[" "," "," "," "," ","!","!","!","!","!","!","!","!","!","!","!"]}},"1893":{"2813":{"keys":[7,3],"grid":[" "," "," "," "," ","!","!","!","!","!","!","!","!","!","!","!"]}},"1814":{"2813":{"keys":[7,3],"grid":[" "," "," "," "," ","!","!","!","!","!","!","!","!","!","!","!"]}},"1815":{"2813":{"keys":[7,3],"grid":[" "," "," "," "," ","!","!","!","!","!","!","!","!","!","!","!"]}},"1816":{"2813":{"keys":[7,3],"grid":[" "," "," "," "," ","!","!","!","!","!","!","!","!","!","!","!"]}},"1817":{"2813":{"keys":[7,3],"grid":[" "," "," "," "," ","!","!","!","!","!","!","!","!","!","!","!"]}},"1810":{"2813":{"keys":[7,3],"grid":[" "," "," "," "," ","!","!","!","!","!","!","!","!","!","!","!"]}},"1811":{"2813":{"keys":[7,3],"grid":[" "," "," "," "," ","!","!","!","!","!","!","!","!","!","!","!"]}},"1812":{"2813":{"keys":[7,3],"grid":[" "," "," "," "," ","!","!","!","!","!","!","!","!","!","!","!"]}},"1813":{"2813":{"keys":[7,3],"grid":[" "," "," "," "," ","!","!","!","!","!","!","!","!","!","!","!"]}},"1818":{"2813":{"keys":[7,3],"grid":[" "," "," "," "," ","!","!","!","!","!","!","!","!","!","!","!"]}},"1819":{"2813":{"keys":[7,3],"grid":[" "," "," "," "," ","!","!","!","!","!","!","!","!","!","!","!"]}},"1889":{"2813":{"keys":[7,3],"grid":[" "," "," "," "," ","!","!","!","!","!","!","!","!","!","!","!"]}},"1888":{"2813":{"keys":[7,3],"grid":[" "," "," "," "," ","!","!","!","!","!","!","!","!","!","!","!"]}},"1887":{"2813":{"keys":[7,3],"grid":[" "," "," "," "," ","!","!","!","!","!","!","!","!","!","!","!"]}},"1886":{"2813":{"keys":[7,3],"grid":[" "," "," "," "," ","!","!","!","!","!","!","!","!","!","!","!"]}},"1885":{"2813":{"keys":[7,3],"grid":[" "," "," "," "," ","!","!","!","!","!","!","!","!","!","!","!"]}},"1884":{"2813":{"keys":[7,3],"grid":[" "," "," "," "," ","!","!","!","!","!","!","!","!","!","!","!"]}},"1883":{"2813":{"keys":[7,3],"grid":[" "," "," "," "," ","!","!","!","!","!","!","!","!","!","!","!"]}},"1882":{"2813":{"keys":[7,3],"grid":[" "," "," "," "," ","!","!","!","!","!","!","!","!","!","!","!"]}},"1881":{"2813":{"keys":[7,3],"grid":[" "," "," "," "," ","!","!","!","!","!","!","!","!","!","!","!"]}},"1880":{"2813":{"keys":[7,3],"grid":[" "," "," "," "," ","!","!","!","!","!","!","!","!","!","!","!"]}},"1807":{"2813":{"keys":[7,3],"grid":[" "," "," "," "," ","!","!","!","!","!","!","!","!","!","!","!"]}},"1861":{"2813":{"keys":[7,3],"grid":[" "," "," "," "," ","!","!","!","!","!","!","!","!","!","!","!"]}},"1805":{"2813":{"keys":[7,3],"grid":[" "," "," "," "," ","!","!","!","!","!","!","!","!","!","!","!"]}},"1804":{"2813":{"keys":[7,3],"grid":[" "," "," "," "," ","!","!","!","!","!","!","!","!","!","!","!"]}},"1803":{"2813":{"keys":[7,3],"grid":[" "," "," "," "," ","!","!","!","!","!","!","!","!","!","!","!"]}},"1802":{"2813":{"keys":[7,3],"grid":[" "," "," "," "," ","!","!","!","!","!","!","!","!","!","!","!"]}},"1801":{"2813":{"keys":[7,3],"grid":[" "," "," "," "," ","!","!","!","!","!","!","!","!","!","!","!"]}},"1860":{"2813":{"keys":[7,3],"grid":[" "," "," "," "," ","!","!","!","!","!","!","!","!","!","!","!"]}},"1809":{"2813":{"keys":[7,3],"grid":[" "," "," "," "," ","!","!","!","!","!","!","!","!","!","!","!"]}},"1808":{"2813":{"keys":[7,3],"grid":[" "," "," "," "," ","!","!","!","!","!","!","!","!","!","!","!"]}}}}