{"9":{"121":{"176":{"keys":[3,1,7],"grid":[" &!!#+","00","00"," %!##+","00"," &!##*"," '!##)"," (!*"," 0!!","08"," "," "," "," "," "," "]}},"122":{"176":{"keys":[7,1,3],"grid":[" "," "," "," "," "," "," "," "," ","!) )","#'!% '","#*!! '","11","#*!(","#*!%#$","#"]}},"123":{"176":{"keys":[7,1,3],"grid":[" "," "," "," "," "," "," "," "," "," %!% )"," #!$##!( #"," !!##+!$"," !!!#.!!","!##/","#","#"]}},"124":{"177":{"keys":[3,1,7],"grid":[" #!'#)"," (!##(","01"," (!!#$!&"," (!###!! %"," )!##!!! %"," *!!#!!# $"," *!% $"," *!# &"," "," "," "," "," "," "," "]},"176":{"keys":[7,1,3],"grid":[" "," "," "," "," "," "," "," "," "," "," "," ","!# !!! -","#!!% ,","##!$ ,","##!! ."]}},"125":{"177":{"keys":[7,1,3],"grid":[" "," "," ","!# /","#!!# .","##!! .","05","##!% +","#&!& '","#)!# '","#*!! '","#*!# !!! $","#+!$ $","#-!%","#-!!##!!","#"]}},"126":{"177":{"keys":[7,1,3],"grid":[" "," "," "," "," "," "," "," +!$ $"," )!$#!!# #"," '!$#$!# #"," &!##'!# !"," %!##(!# !"," #!$#*!#","!$#.","#","#"]}},"127":{"177":{"keys":[7,1,3],"grid":[" "," "," "," "," "," "," "," "," "," "," "," !!$ !!! %!% #","!##!!*#!!$","#0!!","#","#"]}}},"13":{"1948":{"2823":{"keys":[7,3],"grid":[" "," "," "," "," !!$ -","!' +","!) )","!+ '","!/ #","!","!","!","!","!","!","!"]}},"1949":{"2823":{"keys":[7,3],"grid":[" "," "," "," "," "," 0!!"," .!$"," +!'"," )!)","!","!","!","!","!","!","!"]}},"1942":{"2821":{"keys":[7,3],"grid":[" "," "," "," "," "," "," "," "," "," "," ","!# /","!$ .","12","!% -","14"]},"2822":{"keys":[3,7],"grid":[" &!,","00","00","00"," (!*"," +!'"," /!#"," 0!!"," "," "," "," "," "," "," "," "]}},"1943":{"2822":{"keys":[7,3],"grid":[" "," "," "," "," "," "," "," "," ","!! 0","!$ .","!& ,","!' +","!( *","13","!) )"]},"2823":{"keys":[3,7],"grid":[" *!("," ,!&"," "," "," "," "," "," "," "," "," "," "," "," "," "," "]}},"1940":{"2819":{"keys":[3,7],"grid":[" "," "," "," "," "," 0!!","05"," "," "," "," "," "," "," "," "," "]}},"1941":{"2817":{"keys":[3,7],"grid":[" '!+","00","00","00"," (!*","04","04","04","04","04","04","04"," &!,"," %!-","13","13"]},"2816":{"keys":[3,7],"grid":[" $!.","00","00","00","00"," %!-","05","05","05","05"," &!,","10","10","10","10"," '!+"]},"2819":{"keys":[3,7],"grid":[" !!0","00","!","!","!","!","!","!","!","!","00","00"," #!/","12","12"," $!."]},"2818":{"keys":[3,7],"grid":[" %!-","00","00","00","00"," $!.","05","00","00"," &!,","09","09"," '!+","12","09","05"]},"2820":{"keys":[3,7],"grid":[" #!/","00","00","00","00","00"," $!.","06","06","06","06","06","06"," %!-","13","13"]},"2821":{"keys":[3,7],"grid":[" &!,","00"," (!*"," *!("," +!'"," -!%"," .!$"," /!#","07"," 0!!"," "," "," "," "," "," "]}},"1946":{"2823":{"keys":[7,3],"grid":[" "," "," "," "," "," "," "," "," "," "," "," ","!! 0","!' +","!* &!#","!"]}},"1947":{"2823":{"keys":[7,3],"grid":[" "," "," "," "," "," (!*"," '!+","06"," &!,"," %!-"," $!."," #!/"," !!0","!","!","!"]}},"1944":{"2823":{"keys":[7,3],"grid":[" "," ","!( *","!) )","!* (","!+ '","05","!, &","07","!- %","!","!","!","!","!","!"]}},"1945":{"2823":{"keys":[7,3],"grid":[" "," "," "," "," "," "," "," "," "," ","!$ .","!) )","!","!","!","!"]}},"2019":{"2844":{"keys":[7,3],"grid":[" "," "," "," "," "," 0!!"," /!#"," .!$"," -!%","08"," ,!&"," +!'"," *!("," (!*"," &!,"," $!."]}},"2018":{"2844":{"keys":[7],"grid":[" "," "," "," "," "," "," "," "," "," "," "," "," "," "," "," "]},"2845":{"keys":[7,3],"grid":[" /!#"," -!%"," !!! &!*","!","!","!","!","!","!","!","!","!","!","!","!","!"]}},"2015":{"2846":{"keys":[3],"grid":[" "," "," "," "," "," "," "," "," "," "," "," "," "," "," "," "]},"2845":{"keys":[7,3],"grid":[" "," "," "," "," ","!! 0","05","05","05","!# /","!$ .","10","!% -","!% *!$","!% (!&","!& $!)"]}},"2014":{"2845":{"keys":[7,3],"grid":[" "," "," "," "," "," #!# *!$","!","!","!","!","!","!","!","!","!","!"]}},"2017":{"2845":{"keys":[7,3],"grid":[" "," "," "," %!& %!$"," #!( !!! !!%","!","!","!","!","!","!","!","!","!","!","!"]}},"2016":{"2845":{"keys":[7,3],"grid":[" "," "," "," "," "," -!# #"," +!'"," *!("," )!)"," (!*"," '!+"," &!,"," !!0","!","!","!"]}},"2011":{"2844":{"keys":[7,3],"grid":[" "," "," /!#"," #!/","!","!","!","!","!","!","!","!","!","!","!","!"]}},"2010":{"2844":{"keys":[3,7],"grid":[" )!)","00"," *!(","02"," +!& !"," "," "," "," "," "," "," "," "," "," "," "]},"2843":{"keys":[7,3],"grid":[" "," "," "," "," "," "," "," "," "," "," "," "," '!! *"," $!% *"," $!$ +","!! !!& *"]}},"2013":{"2845":{"keys":[7,3],"grid":[" "," "," "," "," "," "," 0!!"," .!$"," +!'"," )!)"," &!,"," $!.","!","!","!","!"]}},"2012":{"2846":{"keys":[3,7],"grid":[" $!' ("," %!$ *"," &!! +"," "," "," "," "," "," "," "," "," "," "," "," "," "]},"2844":{"keys":[7,3],"grid":[" #!( (","!+ '","01","!* (","!) )","!( *","!' +","!& ,","!% -","08","08","08","08","08","08","!$ ."]},"2845":{"keys":[3,7],"grid":[" $!.","00","00","00","00","00"," #!/","00","00","00","00","00","00"," $!, #"," $!* %"," #!* &"]},"2843":{"keys":[7,3],"grid":[" "," "," "," "," "," "," "," "," "," "," "," "," "," "," "," (!! )"]}},"1955":{"2825":{"keys":[7,3],"grid":[" "," "," "," "," "," "," "," "," "," %!% )","!","!","!","!","!","!"]}},"1954":{"2825":{"keys":[7,3],"grid":[" "," "," "," "," "," "," "," "," ","!! )!% $","!","!","!","!","!","!"]}},"1957":{"2825":{"keys":[7,3],"grid":[" "," "," "," "," "," "," "," "," "," "," ","!# /","!( *","!/ #","!","!"]}},"1956":{"2825":{"keys":[7,3],"grid":[" "," "," "," "," "," "," "," "," "," ","!! ,!$ !","!$ $!+","!","!","!","!"]}},"1951":{"2824":{"keys":[3,7],"grid":[" #!/"," $!."," %!-","02","02","02","02","02","02","02","02","02","01","01","01","01"]},"2825":{"keys":[3,7],"grid":[" $!."," %!-","01"," &!,"," '!+"," ,!&"," .!$"," "," "," "," "," "," "," "," "," "]},"2823":{"keys":[7,3],"grid":[" "," "," "," "," "," "," "," "," "," "," "," "," ","!! 0","13","!# /"]}},"1950":{"2823":{"keys":[7,3],"grid":[" "," "," "," "," "," ","!& ,","!) )","!* (","!+ '","!, &","!0 !","!","!","!","!"]}},"1953":{"2825":{"keys":[7,3],"grid":[" "," "," "," "," "," "," ","!# /","!& ,","!","!","!","!","!","!","!"]}},"1952":{"2825":{"keys":[7,3],"grid":[" "," "," "," "," "," "," %!) %","!","!","!","!","!","!","!","!","!"]}},"1959":{"2825":{"keys":[7,3],"grid":[" "," "," "," "," "," "," "," "," "," "," "," "," "," "," ","!$ ."]},"2826":{"keys":[3,7],"grid":[" )!)"," "," "," "," "," "," "," "," "," "," "," "," "," "," "," "]}},"1958":{"2825":{"keys":[7,3],"grid":[" "," "," "," "," "," "," "," "," "," "," "," "," "," "," ","!# -!#"]},"2826":{"keys":[3],"grid":[" "," "," "," "," "," "," "," "," "," "," "," "," "," "," "," "]}},"2046":{"2844":{"keys":[7,3],"grid":[" "," ","!# /","!& ,","!( *","!+ '","!- %","!. $","!/ #","!","!","!","!","!","!","!"]}},"2047":{"2844":{"keys":[7,3],"grid":[" "," "," "," "," "," "," "," "," ","!! 0","!% -","!' +","!) )","12","12","12"]},"2845":{"keys":[3,7],"grid":[" )!)"," *!(","01","01"," +!'"," +!# !!$"," /!#","06"," 0!!"," "," "," "," "," "," "," "]}},"2044":{"2843":{"keys":[7,3],"grid":[" "," "," "," "," "," "," "," "," "," "," "," "," "," ,!% !","!% $!*","!"]}},"2045":{"2844":{"keys":[3,7],"grid":[" $!."," &!,"," "," "," "," "," "," "," "," "," "," "," "," "," "," "]},"2843":{"keys":[7,3],"grid":[" "," "," "," "," "," "," "," "," "," "," "," "," "," ","!! 0","14"]}},"2042":{"2844":{"keys":[7,3],"grid":[" +!'"," (!*","!! $!-","!","!","!","!","!","!","!","!","!","!","!","!","!"]},"2843":{"keys":[7],"grid":[" "," "," "," "," "," "," "," "," "," "," "," "," "," "," "," "]}},"2043":{"2844":{"keys":[3,7],"grid":[" #!# -"," "," "," "," "," "," "," "," "," "," "," "," "," "," "," "]},"2843":{"keys":[7,3],"grid":[" "," "," "," "," "," "," "," "," "," "," "," "," "," 0!!"," .!$"," -!%"]}},"2040":{"2844":{"keys":[7,3],"grid":[" "," .!$"," *!("," (!*"," &!,","04"," $!.","!","!","!","!","!","!","!","!","!"]}},"2041":{"2844":{"keys":[7,3],"grid":[" ","!! 0","!$ *!%","!% &!(","!& #!*","!","!","!","!","!","!","!","!","!","!","!"]}},"1986":{"2829":{"keys":[7,3],"grid":[" "," -!%"," &!,","!","!","!","!","!","!","!","!","!","!","!","!","!"]},"2832":{"keys":[3,7],"grid":[" (!*"," )!)"," *!(","02"," +!'"," ,!&"," -!%"," .!$"," 0!!"," "," "," "," "," "," "," "]},"2831":{"keys":[3,7],"grid":[" *!(","00"," )!)","02"," (!*","04"," '!+","06","06","06"," &!,","10","10"," %!-","10","06"]},"2830":{"keys":[3,7],"grid":[" "," "," "," "," "," "," "," "," "," "," "," ,!&"," *!(","12","12","12"]}},"1987":{"2829":{"keys":[7,3],"grid":[" $!* %","!","!","!","!","!","!","!","!","!","!","!","!","!","!","!"]},"2828":{"keys":[7],"grid":[" "," "," "," "," "," "," "," "," "," "," "," "," "," "," "," "]},"2832":{"keys":[7,3],"grid":[" "," "," "," "," "," "," "," "," ","!% -","!( *","!) (!!","!","!","!","!"]},"2830":{"keys":[3,7],"grid":[" "," "," "," "," "," "," "," "," *!! '"," )!)","09","!","!","!","!","!"]}},"1984":{"2828":{"keys":[7,3],"grid":[" "," "," "," ","!! 0","!$ .","!& ,","!( *","!* (","!, &","!. $","!0 !","!","!","!","!"]}},"1985":{"2828":{"keys":[7,3],"grid":[" "," "," "," "," "," "," "," "," "," "," "," ","!! 0","!$ .","!& ,","!( *"]},"2829":{"keys":[3,7],"grid":[" *!("," ,!&"," .!$"," "," "," "," "," "," "," "," "," "," "," "," "," "]}},"1982":{"2827":{"keys":[7,3],"grid":[" "," "," "," "," ","!$ .","!& ,","!( *","!* (","!, &","!. $","!0 !","!","!","!","!"]}},"1983":{"2827":{"keys":[7,3],"grid":[" "," "," "," "," "," "," "," "," "," "," "," ","!! 0","!$ .","!& ,","!( *"]},"2828":{"keys":[3,7],"grid":[" *!("," ,!&"," .!$"," 0!!"," "," "," "," "," "," "," "," "," "," "," "," "]}},"1980":{"2826":{"keys":[7,3],"grid":[" "," +!% #"," )!' #"," &!* #"," $!, #","!/ #","05","05","05","05","05","05","05","05","!","!"]}},"1981":{"2826":{"keys":[7,3],"grid":[" "," "," "," "," "," "," "," "," "," "," "," "," "," ","!' +","!( *"]},"2827":{"keys":[3,7],"grid":[" )!)"," *!("," ,!&"," -!%"," 0!!"," "," "," "," "," "," "," "," "," "," "," "]}},"1988":{"2829":{"keys":[7,3],"grid":[" "," ","!! 0","02","02","02","!# /","06","06","06","!$ .","10","10","10","!% -","14"]},"2832":{"keys":[7,3],"grid":[" "," "," "," "," "," "," "," "," "," "," -!%","!","!","!","!","!"]},"2830":{"keys":[3,7],"grid":[" %!-","00","00"," $!."," #!/","04","03","03","04","!","!","!","!","!","!","!"]}},"1989":{"2832":{"keys":[7,3],"grid":[" "," "," "," "," "," "," "," /!#"," ,!&"," (!*","!","!","!","!","!","!"]}},"1991":{"2836":{"keys":[3],"grid":[" "," "," "," "," "," "," "," "," "," "," "," "," "," "," "," "]},"2835":{"keys":[3,7],"grid":[" ,!&","00","00","00","00"," -!%","05","05","05"," .!$","09","09"," /!#","12"," 0!!","14"]},"2834":{"keys":[3,7],"grid":[" "," "," "," "," 0!!","04"," /!#","06"," .!$","08","08"," -!%","11"," ,!&","13"," +!'"]},"2833":{"keys":[3,7],"grid":[" )!)"," *!(","01"," +!'","03"," ,!&"," .!$"," 0!!"," "," "," "," "," "," "," "," "]},"2832":{"keys":[7,3],"grid":[" "," "," "," "," "," "," "," ","!! 0","!# /","!$ .","10","!% -","!& ,","13","!' +"]}},"1990":{"2832":{"keys":[7,3],"grid":[" "," "," "," "," "," "," #!/","!","!","!","!","!","!","!","!","!"]}},"1993":{"2837":{"keys":[7,3],"grid":[" "," "," "," "," "," "," "," "," "," ","!! 0","10","!# /","12","12","!$ ."]},"2840":{"keys":[3],"grid":[" "," "," "," "," "," "," "," "," "," "," "," "," "," "," "," "]},"2839":{"keys":[3,7],"grid":[" +!'"," *!! !!&"," -!%"," ,!&","03","02","02","02"," .!$","08"," /!#","10","10","10"," 0!!"," "]},"2838":{"keys":[3,7],"grid":[" $!."," %!-","01","01"," &!,","04"," '!+","06"," (!*","08"," )!)","10"," *!(","12","12"," +!'"]}},"1992":{"2837":{"keys":[3,7],"grid":[" )!)"," *!(","01"," +!'"," .!$"," /!#","05"," 0!!"," "," "," "," "," "," "," "," "]},"2836":{"keys":[7,3],"grid":[" "," ","!! 0","02","!# /","04","!$ .","06","!% -","08","!& ,","!' +","11","!( *","13","!) )"]},"2834":{"keys":[3,7],"grid":[" !!0","00","!","!","!","!","!","!","!","!","!","!","!","!","!","!"]},"2833":{"keys":[7,3],"grid":[" "," "," "," "," "," "," "," ","!# /","08","08","08","08","08","08","08"]}},"1995":{"2837":{"keys":[7,3],"grid":[" +!'"," ,!&"," -!%"," .!$","02","02","02","02","01","01","01","01","00","00","01","01"]},"2836":{"keys":[7,3],"grid":[" /!#","00","00","00"," .!$","04","04","04","04"," -!%"," *!(","10","10"," )!)","10"," +!'"]},"2835":{"keys":[7,3],"grid":[" "," "," "," "," "," "," "," "," "," "," "," "," "," "," "," 0!!"]},"2839":{"keys":[7,3],"grid":[" "," "," "," "," "," "," +!'"," &!,"," $!."," !!0","!","!","!","!","!","!"]},"2838":{"keys":[7,3],"grid":[" ,!&"," -!%","01","01"," .!$","04","04","04"," /!#","08"," 0!!"," "," "," "," "," "]}},"1994":{"2840":{"keys":[3,7],"grid":[" !!! !!! -"," !!! /"," "," "," "," "," "," "," "," "," "," "," "," "," "," "]},"2839":{"keys":[7,3],"grid":[" "," "," "," "," "," "," "," "," "," "," -!# !!!"," -!%"," )!)"," (!*"," '!+"," &!,"]}},"1997":{"2835":{"keys":[7,3],"grid":[" "," "," "," "," "," "," "," "," "," "," ","!& )!$","!) %!%","!) &!$","!","!"]}},"1996":{"2835":{"keys":[7,3],"grid":[" "," "," "," "," "," "," "," "," "," (!& %"," '!+"," %!-"," $!."," !!0","!","!"]},"2839":{"keys":[7,3],"grid":[" &!,","00","00","00"," $!.","!","!","!","!","!","!","!","!","!","!","!"]},"2838":{"keys":[3,7],"grid":[" "," "," "," "," "," "," "," "," "," "," "," ","!# /","!$ .","!% -","14"]}},"1999":{"2835":{"keys":[7,3],"grid":[" "," "," ","!$ .","03","03","03","03","!- %","!","!","!","!","!","!","!"]}},"1998":{"2835":{"keys":[7,3],"grid":[" "," "," "," "," -!%"," ,!&"," *!("," (!*","07","07","07","!! $!-","!","!","!","!"]}},"2024":{"2840":{"keys":[7,3],"grid":[" "," "," "," "," "," "," "," "," "," "," "," "," "," "," 0!!"," /!#"]},"2841":{"keys":[7,3],"grid":[" .!$"," -!%"," ,!&"," $!& !!(","!","!","!","!","!","!","!","!","!","!","!","!"]}},"2025":{"2840":{"keys":[7,3],"grid":[" "," "," .!$"," -!%"," +!'"," *!("," )!)"," (!*"," '!+"," &!,"," %!-"," $!.","11"," #!/","!","!"]}},"2026":{"2840":{"keys":[7,3],"grid":[" %!-"," !!0","!","!","!","!","!","!","!","!","!","!","!","!","!","!"]},"2839":{"keys":[7,3],"grid":[" "," "," "," "," "," "," "," "," "," "," "," "," "," /!#"," +!'"," (!*"]}},"2027":{"2839":{"keys":[7,3],"grid":[" "," "," "," "," .!! #"," -!# #"," +!& !"," )!( !"," (!*"," &!,","09"," %!-"," $!.","!","!","!"]}},"2020":{"2844":{"keys":[7,3],"grid":[" (!*"," '!+","01"," $!."," !!0","!","!","!","!","!","!","!","!","!","!","!"]},"2843":{"keys":[7,3],"grid":[" "," "," "," "," "," "," "," /!#"," .!$"," -!%","09"," ,!&"," +!'"," *!(","13"," )!)"]}},"2021":{"2842":{"keys":[7,3],"grid":[" "," "," "," "," "," "," "," "," "," "," "," 0!!"," .!$"," -!%"," ,!&"," +!'"]},"2843":{"keys":[7,3],"grid":[" *!("," )!)"," (!*"," '!+"," &!,"," %!-"," $!."," #!/","!","!","!","!","!","!","!","!"]}},"2022":{"2842":{"keys":[7,3],"grid":[" +!'"," *!(","01"," (!*"," %!-"," #!/","!"," !!0","05","07","!","!","!","!","!","!"]},"2841":{"keys":[7,3],"grid":[" "," "," "," "," "," "," "," "," "," "," "," "," "," 0!!"," -!%"," ,!&"]}},"2023":{"2841":{"keys":[7,3],"grid":[" "," "," "," "," 0!!"," .!$","05"," -!%"," &!# #!("," %!-"," $!.","10"," !!0","!","!","!"]}},"2028":{"2840":{"keys":[3,7],"grid":[" 0!!","00","00","00"," "," "," "," "," "," "," "," "," "," "," "," "]},"2839":{"keys":[7,3],"grid":[" "," "," "," "," "," ,!! %"," *!% $"," (!( #","!! %!+ !","!0 !","09","09","09","!/ #","13","09"]},"2841":{"keys":[3],"grid":[" "," "," "," "," "," "," "," "," "," "," "," "," "," "," "," "]}},"2029":{"2842":{"keys":[3,7],"grid":[" -!%","00"," /!#"," /!! !"," "," "," "," "," "," "," "," "," "," ","02","02"]},"2843":{"keys":[3,7],"grid":[" /!#"," "," "," "," "," "," "," "," "," "," "," "," "," "," "," "]},"2840":{"keys":[7],"grid":[" "," "," "," "," "," "," "," "," "," "," "," "," "," "," "," "]},"2841":{"keys":[7,3],"grid":[" "," "," "," "," "," "," $!# ,"," $!$ +"," %!# +"," %!( &"," $!) &","!- %","11","11","11","11"]}},"1968":{"2829":{"keys":[7,3],"grid":[" /!#"," +!'"," &!,"," %!-"," #!/","!","!","!","!","!","!","!","!","!","!","!"]}},"1969":{"2827":{"keys":[7,3],"grid":[" "," "," 0!!"," /!#","03"," -!%"," $!."," #!/","07","07","07","07","06","06","06","06"]},"2828":{"keys":[7,3],"grid":[" $!."," %!-","01"," &!,","03","03","03","03","03","03","03","01","01","00","00"," #!/"]},"2829":{"keys":[3],"grid":[" "," "," "," "," "," "," "," "," "," "," "," "," "," "," "," "]}},"1964":{"2829":{"keys":[7],"grid":[" "," "," "," "," "," "," "," "," "," "," "," "," "," "," "," "]},"2830":{"keys":[7,3],"grid":[" #!/","!","!","!","!","!","!","!","!","!","!","!","!","!","!","!"]}},"1965":{"2829":{"keys":[7,3],"grid":[" "," "," "," "," "," "," "," "," &!$ )"," %!& (","09"," %!( &"," $!* $!!"," $!."," #!/","!"]}},"1966":{"2829":{"keys":[7,3],"grid":[" "," "," "," "," "," "," "," "," "," $!% '!$"," !!0","!","!","!","!","!"]}},"1967":{"2829":{"keys":[7,3],"grid":[" "," "," "," "," "," "," -!%"," *!("," (!*","!","!","!","!","!","!","!"]}},"1960":{"2826":{"keys":[7,3],"grid":[" ","!) )","!+ '","!- %","03","!. $","05","05","!/ #","!0 !","09","!","!","!","!","!"]}},"1961":{"2826":{"keys":[7,3],"grid":[" "," "," "," "," "," "," "," "," "," "," "," "," ","!! 0","13","13"]},"2827":{"keys":[3,7],"grid":[" !!0"," #!/","01","01","01"," $!.","05","05"," %!-","08"," &!,","10"," '!+","12","12","12"]},"2828":{"keys":[3,7],"grid":[" (!*","00","00","00","00","00"," '!+","06","06","06"," &!,","10"," %!-","12","12","12"]},"2829":{"keys":[3,7],"grid":[" &!,","00"," %!-","02"," $!."," #!/","05","05","05","04","04","02"," '!+"," )!)"," *!("," +!'"]},"2830":{"keys":[3],"grid":[" "," "," "," "," "," "," "," "," "," "," "," "," "," "," "," "]}},"1962":{"2829":{"keys":[7,3],"grid":[" "," "," "," "," "," "," "," "," "," "," "," "," "," "," "," .!$"]},"2830":{"keys":[3],"grid":[" "," "," "," "," "," "," "," "," "," "," "," "," "," "," "," "]}},"1963":{"2829":{"keys":[7,3],"grid":[" "," "," "," "," "," "," "," "," "," "," "," "," "," "," ","!- %"]},"2830":{"keys":[3,7],"grid":[" 0!!"," "," "," "," "," "," "," "," "," "," "," "," "," "," "," "]}},"2037":{"2844":{"keys":[7,3],"grid":[" &!$ )"," #!+ %"," !!- $"," !!. #","!","!","!","!","!","!","!","!","!","!","!","!"]},"2843":{"keys":[7,3],"grid":[" "," "," "," "," "," "," "," "," "," "," "," "," "," "," "," '!! *"]}},"2036":{"2844":{"keys":[7,3],"grid":[" "," "," "," ","   !   !!  !!! !","!","!","!","!","!","!","!","!","!","!","!"]}},"2035":{"2844":{"keys":[3,7],"grid":[" !!0","00","00"," #!/","03"," %!( &"," "," "," "," "," "," "," "," "," "," "]},"2843":{"keys":[7,3],"grid":[" "," "," "," "," "," "," "," ","!& ,","08","!' +","08","!% -","!$ .","!# /","!! 0"]}},"2034":{"2843":{"keys":[7,3],"grid":[" "," "," "," "," "," "," "," -!! $"," +!% #"," *!(","09"," $!."," !!0","!","!","!"]}},"2033":{"2844":{"keys":[7,3],"grid":[" )!)"," (!*"," $!.","!","!","!","!","!","!","!","!","!","!","!","!","!"]},"2843":{"keys":[7,3],"grid":[" "," "," "," "," "," "," "," "," "," "," "," "," "," 0!!"," ,!&"," +!'"]}},"2032":{"2844":{"keys":[7,3],"grid":[" "," "," "," *!("," %!-"," #!/","!","!","!","!","!","!","!","!","!","!"]}},"2031":{"2844":{"keys":[7,3],"grid":[" "," "," "," "," "," "," ,!&"," !!0","!","!","!","!","!","!","!","!"]}},"2030":{"2844":{"keys":[3,7],"grid":[" +!'","00","00"," ,!&","03","03"," -!%"," .!$"," /!! !"," "," "," "," "," "," "," "]},"2842":{"keys":[7,3],"grid":[" "," $!# ,"," #!$ ,","!& ,","03","03","03","03","!% -","03","08","!# /"," "," "," "," "]},"2843":{"keys":[3,7],"grid":[" !!0"," $!.","00","00","00","01"," %!-"," &!,"," '!+","08"," (!*"," )!)"," *!(","12","12","12"]}},"2039":{"2844":{"keys":[7,3],"grid":[" "," "," "," ","!# /","!$ .","!% -","!& $!)","!( !!)","!","!","!","!","!","!","!"]}},"2038":{"2844":{"keys":[7,3],"grid":[" "," +!$ $"," (!) !"," %!-"," !!0","!","!","!","!","!","!","!","!","!","!","!"]}},"1979":{"2826":{"keys":[7,3],"grid":[" "," "," "," ","!) )","!","!","!","!","!","!","!","!","!","!","!"]}},"1978":{"2826":{"keys":[7,3],"grid":[" "," "," ","!( *","!","!","!","!","!","!","!","!","!","!","!","!"]}},"1977":{"2826":{"keys":[7,3],"grid":[" "," "," "," #!/","!","!","!","!","!","!","!","!","!","!","!","!"]}},"1976":{"2826":{"keys":[7,3],"grid":[" "," "," "," "," &!,","!","!","!","!","!","!","!","!","!","!","!"]}},"1975":{"2825":{"keys":[7,3],"grid":[" "," "," "," "," "," "," "," "," "," "," ","!! 0","!# /","!$ .","!% -","!& ,"]},"2826":{"keys":[3,7],"grid":[" '!+"," )!)"," *!(","02"," +!'"," "," "," "," "," "," "," "," "," "," "," "]}},"1974":{"2825":{"keys":[7,3],"grid":[" "," "," "," "," "," "," "," "," "," "," ","!","!","!","!","!"]}},"1973":{"2825":{"keys":[7,3],"grid":[" "," "," "," "," "," "," "," "," "," "," "," ,!&"," )!)"," %!-","!","!"]}},"1972":{"2825":{"keys":[7,3],"grid":[" "," "," "," "," "," "," "," "," "," "," "," "," "," "," "," -!%"]},"2826":{"keys":[7,3],"grid":[" )!)"," &!,"," !!0","!","!","!","!","!","!","!","!","!","!","!","!","!"]}},"1971":{"2826":{"keys":[7,3],"grid":[" "," "," "," .!$","03"," -!%","05","05"," ,!&","08","08"," (!$ !!&"," (!*"," '!+"," &!,","!"]}},"1970":{"2826":{"keys":[7,3],"grid":[" "," "," "," "," "," "," "," "," "," "," "," "," "," (!# ("," &!& '"," %!' %!#"]},"2827":{"keys":[7,3],"grid":[" #!/","!","!","!","!","!","!","!","!","!","!","!","!","!","!","!"]}},"2002":{"2837":{"keys":[3,7],"grid":[" '!+","00"," &!,","02"," %!-","04","04"," $!.","07","07","07","07","07","07","04","04"]},"2836":{"keys":[7,3],"grid":[" "," "," "," "," "," "," "," "," "," ","!& ,","!) )","!( *","12","12","!' +"]},"2839":{"keys":[3,7],"grid":[" /!#","00"," 0!!","02"," "," "," "," "," "," "," "," "," "," "," "," "]},"2838":{"keys":[3,7],"grid":[" &!,","00","00","00","00","00","00","00","00","00"," (!*"," *!("," -!%","12"," .!$","14"]}},"2003":{"2839":{"keys":[7,3],"grid":[" #!& *"," #!( (","01"," #!) '"," !!+ &","!( *","05","05","05","05","05","!+ %!#","!, #!$","!","!","!"]}},"2000":{"2835":{"keys":[7,3],"grid":[" "," "," "," "," "," "," /!#"," ,!&"," +!'","!","!","!","!","!","!","!"]}},"2001":{"2836":{"keys":[3,7],"grid":[" (!*","00","00","00"," *!("," ,!&","05"," -!%","07"," "," "," "," "," "," "," "]},"2835":{"keys":[7,3],"grid":[" "," "," "," "," "," ","!% -","06","!& ,","08","08","!' +","!( *","12","12","11"]}},"2006":{"2840":{"keys":[7,3],"grid":[" "," "," "," "," "," "," "," *!# &"," !!+ &","!- %","!/ #","!","!","!","!","!"]}},"2007":{"2840":{"keys":[7,3],"grid":[" "," "," "," "," "," "," "," "," "," "," "," 0!!","!% +!#","!% $!*","!& #!*","!& !!+"]}},"2004":{"2839":{"keys":[7,3],"grid":[" "," "," "," "," "," "," "," "," '!! *"," %!, !","!","!","!","!","!","!"]}},"2005":{"2840":{"keys":[3,7],"grid":[" &!,"," '!+"," (!*"," )!)","03","03"," *!(","06","06"," *!! '"," "," "," "," "," "," "]},"2839":{"keys":[7,3],"grid":[" "," "," "," "," "," "," "," "," "," "," "," ","!! 0","12","!# /","!$ ."]}},"2008":{"2840":{"keys":[7,3],"grid":[" "," "," "," "," "," "," "," "," "," ","!! 0","!! &!# )","!! &!& &","!# %!* !","!","!"]},"2841":{"keys":[3,7],"grid":[" "," "," "," "," "," "," 0!!"," /!#"," .!$","08","08","08","08"," -!# #"," "," "]}},"2009":{"2842":{"keys":[3,7],"grid":[" $!.","00","00","00","00","00","00"," #!/","00","00","00"," %!-"," '!+","12","12"," &!,"]},"2843":{"keys":[3,7],"grid":[" &!,","00","00","00"," %!-","04","04"," #!/"," #!) !!&"," #!' $!&"," !!( $!&","!' &!&"," $!! '!'"," +!'"," ,!&"," -!$ !"]},"2840":{"keys":[7,3],"grid":[" "," "," "," "," "," "," "," "," "," "," "," "," "," "," ","!! 0"]},"2841":{"keys":[3,7],"grid":[" !!0","00","00","00","!","!","!","!","!","!","!","!","!! !!/"," $!.","13","13"]}}}}