{"9":{"115":{"216":{"keys":[3,1],"grid":[" "," "," "," "," "," "," "," "," "," "," "," "," ","!! 0","!# /","14"]},"217":{"keys":[1,3,9],"grid":[" &!,","#$ &!)","#( $!'","#) $!&","#* '!!","#- %","#","#","#","#","#","#","#","#","#","#"]}},"114":{"216":{"keys":[9,1,3],"grid":[" )!##'"," *!##&"," +!!#&"," +!##%"," ,!##$"," -!###"," .!!##","06"," .!##!"," /!!#!"," /!#"," 0!!","11","11"," "," "]},"214":{"keys":[3,1,9],"grid":[" "," "," "," "," "," "," "," "," "," "," "," "," ","!! 0","!# /","#!!# ."]},"215":{"keys":[9,1,3],"grid":[" #!$#,"," %!$#*"," &!$#)"," (!!#)"," (!##(","04","04","04","03"," '!$#("," (!$#'"," *!!#'","11","11","11"," )!##'"]}},"117":{"217":{"keys":[3,1,9],"grid":[" "," "," "," "," "," "," "," "," ","!# /","!$ .","##!# '!'","##!$ $!'##","#%!$ !!##'","#&!%#(","#(!!#)"]}},"116":{"217":{"keys":[3,1,9],"grid":[" "," "," "," "," ","!! 0","!$ .","#!!$ -","##!$ ,","#%!-","#)!!#&!#","#","#","#","#","#"]}},"113":{"214":{"keys":[9,1,3],"grid":[" &!##*"," '!##)"," (!##("," )!$#&"," +!!#&"," +!##%"," ,!##$"," -!!#$"," -!$#!"," .!##!"," /!!#!"," /!#"," 0!!","12"," "," "]},"213":{"keys":[3,1,9],"grid":[" "," ","!! 0","02","02","02","!# /","#!!# .","##!# -","#$!! -","#$!# ,","#%!! ,","11","11","#%!# +","#&!! +"]}},"112":{"212":{"keys":[1,3,9],"grid":[" #!/","#! %!,","#% !!,","#% #!+","#& #!*","#' $!(","#) #!'","#* #!&","#+ #!%","08","#, #!$","#- #!#","#. !!#","12","12","#. #!!"]},"213":{"keys":[9,1],"grid":[" .!$"," /!#"," 0!!"," "," "," "," "," "," "," "," "," "," "," "," "," "]},"211":{"keys":[3,1],"grid":[" "," "," "," "," "," "," "," "," "," "," "," "," ","!! 0","13","13"]}},"118":{"217":{"keys":[3,"",1,9],"grid":[" %!-","00","00","00","00","00","00","00"," $!.","08","08","#$!.","$%!-","12","12","12"]}}},"13":{"1832":{"3450":{"keys":[9,3],"grid":[" #!/","00"," !!0","02","!","!","!","!","!","!","!+ !!&","!) '!#","!( )!!"," #!$ +!!"," "," "]},"3456":{"keys":[9,3],"grid":[" 0!!","00","00"," "," "," "," "," "," "," "," "," "," "," "," "," "]},"3455":{"keys":[9,3],"grid":[" "," "," "," "," "," "," "," "," "," "," "," "," 0!!","12","12","12"]},"3445":{"keys":[9,3],"grid":[" %!-","00"," &!,","02","00","00"," $!.","06","06","06"," #!/","10"," !!0","!","!","!"]},"3444":{"keys":[3,9],"grid":[" "," "," "," "," "," "," "," "," "," "," "," "," ","!! 0","!$ .","!% -"]},"3447":{"keys":[9,3],"grid":[" #!/"," !!0","01","01","01","01","!","!","!","!","!","!","!","!","!","!"]},"3446":{"keys":[3,9],"grid":[" "," "," "," "," "," "," "," "," "," "," ","!! 0","11","11","11","!# /"]},"3449":{"keys":[3,9],"grid":[" "," "," "," "," "," "," "," "," "," "," "," "," "," ","!! 0","!# /"]}},"1833":{"3452":{"keys":[9,3],"grid":[" %!-"," &!,"," '!+","02","01","02","02","02","02"," (!*","09","09","09"," )!)","13","13"]},"3453":{"keys":[9,3],"grid":[" )!)","00","00"," (!*","03","03","03"," '!+"," &!,"," $!.","09","09","09"," %!-","08","07"]},"3450":{"keys":[3,9],"grid":[" "," "," "," "," "," "," "," "," "," "," "," "," "," "," ","!! 0"]},"3451":{"keys":[9,3],"grid":[" #!/","00"," $!.","02","02","02","02","00","00","00","00"," !!0","11","11","00","02"]},"3456":{"keys":[3,9],"grid":[" "," "," "," "," ","!! 0","05","05","05","!# /","09","05","05","05","05","05"]},"3457":{"keys":[9,3],"grid":[" #!/"," $!( #!%"," %!& %!$"," &!# (!#"," 0!!","04","04"," "," "," "," "," "," "," "," "," "]},"3454":{"keys":[9,3],"grid":[" '!+","00","00","00","00","00","00"," &!,","07"," %!-"," $!."," #!/","11","10","10","09"]},"3455":{"keys":[9,3],"grid":[" &!,"," (!*","01","01"," '!+","04","04","00","00"," $!."," #!/","!","!","!","!","!"]}},"1830":{"3441":{"keys":[3,9],"grid":[" "," "," "," "," "," "," "," "," "," ","!! 0","10","10","!! (!# '","!! (!% %"," '!( $"]},"3449":{"keys":[9,3],"grid":[" "," "," "," "," "," "," 0!!"," "," "," "," "," "," "," "," "," "]},"3442":{"keys":[3,9],"grid":[" $!, #","!0 !","01","!","!","!","!","!","!","!","!","!","!","!","!","!"]}},"1831":{"3450":{"keys":[9,3],"grid":[" "," "," "," "," "," "," 0!!","06"," /!#","06","06","06"," "," "," "," "]},"3449":{"keys":[9,3],"grid":[" *!("," )!)"," '!+"," &!,"," !!0","!","!","!","!","04"," #!/"," %!' &!!"," 0!!"," "," "," "]},"3448":{"keys":[9,3],"grid":[" .!$"," -!%","01","01"," ,!&","04","04"," +!'","07","07","04","04","04","01","04","07"]},"3445":{"keys":[9,3],"grid":[" "," "," "," "," "," "," "," "," "," "," "," "," "," "," "," 0!!"]},"3444":{"keys":[9,3],"grid":[" %!-","00","00","00","00","00","00","00","00"," $!.","09"," $!) #!! !!!"," $!$ +"," "," "," "]},"3447":{"keys":[9,3],"grid":[" "," "," "," "," "," "," "," "," "," "," "," "," "," 0!!","13"," .!$"]},"3446":{"keys":[9,3],"grid":[" 0!!","00","00","00","00","00","00"," "," "," "," "," "," "," "," "," "]},"3443":{"keys":[9,3],"grid":[" *!(","00"," )!)","02","02"," '!+","05","05"," &!,","08","08","08","08","08","08","08"]},"3442":{"keys":[3,9],"grid":[" "," "," "," "," "," "," ","!! 0","07","!# /","09","!$ .","!& ,","!' +","!) )","14"]}},"1836":{"3461":{"keys":[9,3],"grid":[" +!'"," -!%"," .!$"," /!#"," 0!!","04"," "," "," "," "," "," "," "," "," "," "]},"3460":{"keys":[3,9],"grid":[" "," "," "," "," "," "," "," "," "," "," "," "," "," "," ","!) )"]}},"1837":{"3464":{"keys":[9,3],"grid":[" .!$"," /!#"," 0!!"," "," "," "," "," "," "," "," "," "," "," "," "," "]},"3463":{"keys":[9,3],"grid":[" ,!&","00","00","00","00","00","00","00","00","00"," -!%","10","10","10","10","10"]},"3462":{"keys":[9,3],"grid":[" $!.","00"," %!-","02","02"," &!,"," '!+","06"," (!*"," )!)","09"," *!("," +!'","12"," ,!&","14"]},"3461":{"keys":[3,9],"grid":[" "," "," "," "," "," "," ","!! 0","07","!# /","09","09","09","09","!$ .","14"]}},"1834":{"3458":{"keys":[9,3],"grid":[" +!'","00","00"," *!("," )!)"," '!+"," &!,"," %!-","07","07","07","06","06","06","05","05"]},"3459":{"keys":[9,3],"grid":[" (!*"," )!)"," *!("," +!'"," -!%"," "," "," "," "," "," "," "," "," "," "," "]},"3457":{"keys":[3,9],"grid":[" "," "," "," "," "," "," "," "," "," ","!# /","!$ .","!% -","!& ,","13","!' +"]}},"1835":{"3459":{"keys":[3,9],"grid":[" "," "," "," "," "," ","!$ .","!) )","!+ '","!- %","!. $","10","!/ #","12","12","12"]},"3460":{"keys":[9,3],"grid":[" .!$","00","00","00","00"," -!%","05","05","05"," ,!&","00","00"," /!#"," 0!!"," "," "]}},"1838":{"3466":{"keys":[9,3],"grid":[" *!("," +!'","01","01","01"," ,!&","05"," -!%","07"," .!$"," /!#","10"," 0!!","12"," "," "]},"3465":{"keys":[9,3],"grid":[" (!*","00","00","00","00","00","00","00"," )!)","08","08","08","08"," *!(","13","13"]},"3464":{"keys":[3,9],"grid":[" "," "," ","!! 0","!# /","!$ .","!% -","!' +","!( *","08","08","08","08","08","08","08"]}},"1839":{"3467":{"keys":[9,3],"grid":[" !!0"," #!/","01","01"," $!.","04","04","04","04","04"," %!-","10","10","10","10","10"]},"3466":{"keys":[3],"grid":[" "," "," "," "," "," "," "," "," "," "," "," "," "," "," "," "]},"3469":{"keys":[9,3],"grid":[" &!,","00","00","00"," '!+"," (!*"," +!'"," -!%"," /!#"," "," "," "," "," "," "," "]},"3468":{"keys":[9,3],"grid":[" &!,","00","00","00","00","00","00"," '!+","07","07","07","07","07","07","00","00"]}},"1799":{"3397":{"keys":[3,9],"grid":[" "," "," "," ","!! 0","!$ .","!% -","!) )","!* (","08","!+ '","!- %","!. $","!/ #","!","!"]}},"1798":{"3397":{"keys":[9,3],"grid":[" 0!!"," "," "," "," "," "," "," "," "," "," "," "," "," "," "," "]},"3396":{"keys":[3,9],"grid":[" "," "," "," "," "," "," "," "," ","!! 0","!$ .","!& ,","11","!' +","!) $!# $","!0 !"]}},"1793":{"3393":{"keys":[9,3],"grid":[" 0!!","00"," "," "," "," "," "," "," "," "," "," "," "," "," "," "]},"3392":{"keys":[3,9],"grid":[" "," "," "," "," "," ","!& ,","!) )","!, &","!- %","09","09","09","!. $","!/ #","14"]}},"1792":{"3391":{"keys":[9,3],"grid":[" #!/"," $!.","01","01","00"," !!0","!","!","!","!","!","!","!","!","!","!"]},"3390":{"keys":[3,9],"grid":[" "," "," "," "," "," "," "," "," ","!! 0","09","09","09","!# /","13","13"]},"3392":{"keys":[3,9],"grid":[" "," "," "," "," &!! +"," #!) '","!","!","!","!","!","!","!","!","!","!"]},"3389":{"keys":[3,9],"grid":[" "," "," "," "," "," "," "," "," "," "," "," ","!! 0","12","12"," "]}},"1797":{"3395":{"keys":[3,9],"grid":[" "," "," "," "," "," "," "," "," ","!! 0","!# /","!$ .","!% -","!& ,","13","!' +"]},"3396":{"keys":[9,3],"grid":[" '!+","00","00","00","00"," (!*"," )!)"," ,!&"," /!#"," "," "," "," "," "," "," "]}},"1796":{"3393":{"keys":[3,9],"grid":[" "," "," "," "," "," "," "," "," "," "," "," "," "," ","!! 0","!% -"]},"3395":{"keys":[9,3],"grid":[" .!$","00","00","00","00","00"," /!#"," 0!!"," "," "," "," "," "," "," "," "]},"3394":{"keys":[9,3],"grid":[" &!,","00"," '!+","02","02","02","02","02"," (!*"," )!)"," *!("," +!'"," ,!&"," -!%","13","13"]}},"1795":{"3393":{"keys":[3,9],"grid":[" "," "," "," "," "," "," "," "," "," "," "," $!) &","!. $","!0 !","!","!"]}},"1794":{"3393":{"keys":[3,9],"grid":[" "," "," "," ","!! 0","!# /","!$ .","06","!% (!# $","!' $!& #","!0 !","!","!","!","!","!"]}},"1829":{"3441":{"keys":[9,3],"grid":[" !!0"," #!% $!("," #!# (!&"," ,!&","03","03"," -!%"," .!$","07"," 0!!"," "," "," "," "," ","09"]},"3442":{"keys":[9,3],"grid":[" /!#"," "," "," "," "," "," "," "," "," "," "," "," "," "," "," "]}},"1828":{"3441":{"keys":[9,3],"grid":[" $!."," !!/ !","01"," !!0"," #!/","00"," )!' #"," "," "," "," "," "," "," "," "," "]},"3440":{"keys":[3,9],"grid":[" "," "," "," "," "," "," "," "," "," ","!! 0","!# /","!$ .","12","!% -","12"]}},"1825":{"3438":{"keys":[3,9],"grid":[" "," "," "," "," "," "," "," "," "," ","!! 0","!# /","!% #!& &","!- %","!. $","14"]},"3439":{"keys":[9,3],"grid":[" /!#"," 0!!","01","01"," "," "," "," "," "," "," "," "," "," "," "," "]}},"1824":{"3438":{"keys":[9,3],"grid":[" /!#","00","00","00"," 0!!","04","04","04"," "," "," "," "," "," "," "," "]},"3437":{"keys":[3,9],"grid":[" "," "," "," "," "," "," "," "," "," "," *!# &"," )!% %","11","!! (!& $","!! '!' $","!. $"]}},"1827":{"3440":{"keys":[3,9],"grid":[" "," "," "," "," "," "," (!! )"," '!# )"," '!$ ("," &!& '"," &!,","!# $!,","!","!","!","!"]}},"1826":{"3439":{"keys":[3,9],"grid":[" "," "," "," "," "," ","!! 0","!# /","!$ .","!% -","!& ,","!' +","!( *","12","!) )","!* ("]},"3440":{"keys":[9,3],"grid":[" *!("," +!'"," ,!&","02"," -!%","04","04"," .!$"," /!#"," 0!!"," "," "," "," "," "," "]}},"1821":{"3432":{"keys":[3,9],"grid":[" "," "," ","!# /","!& ,","!","!","!","!","!","!","!","!0 !","12","12","!/ #"]},"3433":{"keys":[9,3],"grid":[" /!#"," .!$","01","00","00","00","00"," 0!!"," "," "," "," "," "," "," "," "]}},"1820":{"3430":{"keys":[3,9],"grid":[" "," "," ","!! 0","03","03","03","03","03","!# /","09","09","09","09","09","!$ ."]},"3431":{"keys":[9,3],"grid":[" $!.","00"," %!-","02","02"," &!,","05"," '!+"," (!*","08","08"," )!)","11"," *!(","13"," +!'"]},"3432":{"keys":[9,3],"grid":[" ,!&"," .!$"," "," "," "," "," "," "," "," "," "," "," "," "," "," "]}},"1823":{"3435":{"keys":[3,9],"grid":[" "," "," "," "," "," "," "," "," "," "," ","!# /","!$ .","12","!% -","14"]},"3436":{"keys":[9,3],"grid":[" %!-","00","00","00","00","00","00","00","00"," &!,","09","09","09","00","00","00"]},"3437":{"keys":[9,3],"grid":[" %!-"," &!,"," *!# #!$"," /!#","03","03"," 0!!","06"," "," "," "," "," "," "," "," "]}},"1822":{"3432":{"keys":[3],"grid":[" "," "," "," "," "," "," "," "," "," "," "," "," "," "," "," "]},"3433":{"keys":[3,9],"grid":[" "," "," "," "," "," "," "," ","!# /","08","!$ .","08","10","10","!% -","!& ,"]},"3434":{"keys":[9,3],"grid":[" )!)"," ,!&"," -!%","02"," .!$","04"," /!#","06","06","06","04","04","02","01","01"," +!'"]},"3435":{"keys":[9,3],"grid":[" +!'","00","00","00"," ,!&","04"," -!%"," .!$","07"," 0!!"," "," "," "," "," "," "]}},"1858":{"3480":{"keys":[9,3],"grid":[" /!#"," 0!!","01","01"," "," "," "," "," "," "," "," "," "," "," "," "]},"3478":{"keys":[3,9],"grid":[" "," "," "," "," "," "," "," "," "," "," "," #!# -"," !!& +","!' +","13","!& ,"]},"3479":{"keys":[9,3],"grid":[" %!-","00","00"," &!,"," )!)","04","03","03"," '!+","08"," (!*","04"," *!(","12"," +!'"," ,!&"]}},"1859":{"3480":{"keys":[3,9],"grid":[" #!, $"," !!, %"," !!- $"," !!( #!$ $"," $!$ +","!! !!& *","!* (","!, &","!. $","!/ #","09","!0 !","11","!","!","!"]},"3479":{"keys":[3,9],"grid":[" "," "," "," "," "," "," "," "," "," "," "," "," "," "," $!% '!# !"," #!( $!# #"]}},"1850":{"3475":{"keys":[3],"grid":[" "," "," "," "," "," "," "," "," "," "," "," "," "," "," "," "]},"3476":{"keys":[3,9],"grid":[" "," "," ","!# #!! ,","!( *","!) )","05","!* (","05","05","05","05","07","07","!, &","!. $"]}},"1851":{"3476":{"keys":[3,9],"grid":[" "," "," "," "," "," "," ,!# $"," ,!$ #"," *!& #","08"," *!& !!!"," *!(","11"," %!-"," #!/","!"]}},"1852":{"3476":{"keys":[3,9],"grid":[" "," "," "," "," "," "," &!# !!! ("," $!* %","!- %","08","!, &","!+ '","10","!, %!!","!- #!#","14"]},"3477":{"keys":[9],"grid":[" "," "," "," "," "," "," "," "," "," "," "," "," "," "," "," "]}},"1853":{"3476":{"keys":[3,9],"grid":[" "," "," "," "," "," "," "," "," "," "," "," %!% )"," &!% (","!! (!# '","!# (!! '","!# '!$ &"]},"3477":{"keys":[9,3],"grid":[" #!% &!&"," #!# (!% !"," #!# )!# #"," #!! *!! $"," "," "," "," "," "," "," "," "," "," "," "," "]}},"1854":{"3476":{"keys":[3,9],"grid":[" "," "," "," "," "," "," "," "," "," "," "," "," "," "," ","!! 0"]},"3477":{"keys":[9,3],"grid":[" !!0","00","!","!$ $!+","!# (!("," *!("," )!)"," (!) !"," (!*"," (!$ &!!"," "," "," 0!!"," "," "," "]}},"1855":{"3477":{"keys":[3,9],"grid":[" "," "," "," (!! )"," '!$ $!# #"," %!& #!% !","!* !!& !","!0 !","!","07"," !!/ !"," !!. #"," !!- $","!/ #","07","!"]}},"1856":{"3477":{"keys":[3,9],"grid":[" "," "," "," "," "," "," "," "," "," "," "," "," "," "," ","!! 0"]},"3478":{"keys":[9,3],"grid":[" $!."," &!,"," '!+","02"," )!)"," -!%"," .!$","06","06","06"," "," "," "," "," "," "]}},"1857":{"3478":{"keys":[3,9],"grid":[" "," "," "," "," "," "," "," "," "," ,!# $"," +!$ $","!! *!$ $","11","!# )!$ $","13","!. $"]},"3479":{"keys":[9,3],"grid":[" /!#"," 0!!"," "," "," "," "," "," "," "," "," "," "," "," "," "," "]}},"1849":{"3474":{"keys":[3,9],"grid":[" "," "," "," "," "," "," "," "," "," "," "," "," "," "," ","!# /"]},"3475":{"keys":[9,3],"grid":[" $!.","00","00","00","!","!","!$ &!)","!# '!)"," *!(","08"," +!# $!!"," "," "," "," +!% !!!","08"]},"3476":{"keys":[9,3],"grid":[" *!("," ,!&"," /!#"," "," "," "," "," "," "," "," "," "," "," "," "," "]}},"1848":{"3474":{"keys":[3,9],"grid":[" "," "," "," "," "," "," "," "," .!! #","!! +!$ #","!$ '!& #","!0 !","11","11","!","!"]},"3475":{"keys":[9,3],"grid":[" "," "," -!# #"," -!%","03"," .!$"," /!#"," "," "," "," "," "," "," "," "," "]}},"1843":{"3472":{"keys":[3,9],"grid":[" "," "," "," "," "," "," "," "," "," "," "," "," ,!# $"," +!'"," *!("," !!! '!)"]},"3473":{"keys":[9],"grid":[" "," "," "," "," "," "," "," "," "," "," "," "," "," "," "," "]}},"1842":{"3472":{"keys":[3,9],"grid":[" "," "," "," "," "," "," "," &!$ )"," $!' ("," #!* &"," !!, %","!. $","11","!/ #","13","!0 !"]}},"1841":{"3470":{"keys":[3,9],"grid":[" "," "," "," "," "," "," "," "," "," "," "," ","!! 0","!# /","13","13"]},"3471":{"keys":[9,3],"grid":[" !!0","00","!","!","!","!","!","!","!","!","!","!","!","!","!","!"]},"3472":{"keys":[3,9],"grid":[" "," "," "," "," "," "," "," ","!! 0","!$ .","09","!% -","!% ,!!","!& )!$","!","!"]}},"1840":{"3470":{"keys":[9,3],"grid":[" +!'"," ,!&"," -!%"," .!$","03"," /!#","05"," 0!!","07"," "," "," "," "," "," "," "]},"3472":{"keys":[9,3],"grid":[" +!'"," ,!&"," -!%"," .!$"," /!#"," 0!!","05"," "," "," "," "," "," "," "," "," "]},"3469":{"keys":[3,9],"grid":[" "," "," "," "," "," "," "," "," ","!$ .","!& ,","!' +","!( *","!) )","!* (","14"]},"3471":{"keys":[9,3],"grid":[" "," "," "," 0!!","03","03","03","03"," /!#","08","08","08"," .!$"," -!%"," +!'","14"]}},"1847":{"3474":{"keys":[9,3],"grid":[" .!$","00"," /!#","02"," 0!!"," "," "," "," "," "," "," "," "," "," "," "]},"3473":{"keys":[3,9],"grid":[" "," "," "," "," "," "," "," "," %!! ,"," #!% $!! '"," !!+ &","!- %","11","!. $","13","13"]}},"1846":{"3473":{"keys":[3,9],"grid":[" "," "," "," "," "," "," "," "," "," "," "," $!( '","!+ &!!","!","!","!"]}},"1845":{"3473":{"keys":[3,9],"grid":[" "," "," "," "," "," ","!! 0","!# /","!( *","!) )","09","08","08","!( '!$","!) $!&","!"]}},"1844":{"3472":{"keys":[3,9],"grid":[" "," "," "," "," "," "," "," "," "," "," "," "," ","!! 0","!$ .","!% *!# !"]},"3473":{"keys":[9,3],"grid":[" %!) $!!"," %!( %!!","01","01","01"," $!) &"," %!( &"," &!' &"," '!% '"," "," "," "," "," "," "," "]}},"1876":{"3485":{"keys":[9,3],"grid":[" +!'","00"," *!(","02","00"," ,!&","05"," -!%"," .!$","08","08","08","08"," "," "," "]},"3484":{"keys":[3,9],"grid":[" "," "," "," "," "," "," "," "," !!! /","!% -","!& ,","!& #!! )","11","!& !!! *","!' +","!' #!# '"]}},"1877":{"3485":{"keys":[3,9],"grid":[" "," "," "," "," "," "," "," "," &!! +"," &!# *"," %!$ *"," $!$ +"," !!& +","!' $!! &!!","!' $!! $!$","!' #!# #!$ !"]},"3486":{"keys":[9,3],"grid":[" 0!!"," "," "," "," "," "," "," "," "," "," "," "," "," "," "," "]}},"1874":{"3483":{"keys":[9,3],"grid":[" +!'"," &!$ #!'"," %!-"," &!$ !!(","00","00","00"," ,!&"," /!#","08","08","08"," .!$","08"," 0!!"," "]},"3482":{"keys":[3,9],"grid":[" "," "," "," ","!! 0","!$ .","05","05","!% -","05"," "," ","04","!# $!# *","!$ #!# #!! '","!( #!! '"]},"3484":{"keys":[9],"grid":[" "," "," "," "," "," "," "," "," "," "," "," "," "," "," "," "]}},"1875":{"3483":{"keys":[3,9],"grid":[" "," "," "," "," "," "," "," "," "," "," "," "," "," "," '!# )"," #!& *"]},"3484":{"keys":[9,3],"grid":[" (!*","00"," )!# $!$"," )!$ #!$","03","02"," +!'"," )!)","00"," (!$ !!&"," .!$","10","10"," "," "," "]}},"1872":{"3481":{"keys":[3],"grid":[" "," "," "," "," "," "," "," "," "," "," "," "," "," "," "," "]},"3482":{"keys":[3,9],"grid":[" *!# &","00","!& %!& !!!","!' $!% #!!","!& %!% #!!","!/ #","!0 !","!","!","!","!","!","!","!","!","!"]}},"1873":{"3481":{"keys":[3],"grid":[" "," "," "," "," "," "," "," "," "," "," "," "," "," "," "," "]},"3482":{"keys":[3,9],"grid":[" +!! &"," '!! $!! &"," &!$ !!# &","!! &!% '","!$ !!& '!!","!) (!!","!) '!#","!. #!!","!","!","!0 !","10","!","!","!","!"]}},"1870":{"3481":{"keys":[3,9],"grid":[" "," "," "," "," "," "," "," &!$ )","!# #!% )","!$ !!& !!! &","!$ !!) %","!# #!) %","!# #!' '","!* (","13","13"]},"3482":{"keys":[9,3],"grid":[" +!'"," 0!!","01"," "," "," "," "," "," "," "," "," "," "," "," "," "]}},"1871":{"3481":{"keys":[3,9],"grid":[" "," "," "," "," "," "," "," "," "," "," "," "," #!$ ,","!& ,"," !!& +"," #!% +"]},"3482":{"keys":[3,9],"grid":[" $!$ +"," !!% ,"," !!% %!# &","!& $!$ !!%","!' !!*","!","!","!","!","!","!","!","!","!","!","!"]}},"1878":{"3485":{"keys":[3,9],"grid":[" "," "," "," "," "," "," "," "," "," "," "," ","!! 0","12"," $!$ +"," #!% +"]},"3486":{"keys":[3,9],"grid":[" !!& +","!& ,","01","!& #!# (","03","!* (","!) )","06","!( *","!' #!# '","05","05","!. $","!/ #","!0 !","!"]}},"1879":{"3487":{"keys":[9,3],"grid":[" (!# #!# $"," "," "," "," "," "," "," "," "," "," "," "," "," "," "," "]},"3486":{"keys":[3,9],"grid":[" "," "," "," "," "," "," "," &!# *"," &!! +","07","08"," &!! #!# '"," %!# #!# '"," &!# !!! ("," &!& %!! !","!! !!( &!#"]}},"1861":{"3481":{"keys":[3,9],"grid":[" ","!! .!#","01","!% +!#","!& *!#","!' %!$ #!!","!' %!% !!!","!' %!'","!( $!'","!","!","!","!","!","!","!"]}},"1860":{"3481":{"keys":[9,3],"grid":[" %!% )"," %!# +"," "," "," "," "," "," "," "," "," "," "," "," "," "," "]},"3480":{"keys":[3,9],"grid":[" "," "," "," "," "," "," "," "," "," "," "," "," ","!! 0","!$ .","!% -"]}},"1863":{"3481":{"keys":[3,9],"grid":[" ","!! 0"," "," "," '!% '"," #!* &","!- $!!","!","!","!","!","!","!","!","!","!"]}},"1862":{"3481":{"keys":[3,9],"grid":[" "," /!#","!! .!#","!! -!$","02","!# !!$ (!$","!' (!$","!& #!! &!$","!% #!$ $!%","!* $!%","!* #!&","!","!","!","!","!"]}},"1865":{"3481":{"keys":[3,9],"grid":[" "," "," "," "," %!# %!! &"," %!$ $!! #!$"," $!% #!# !!%"," $!) !!%"," $!.","08","08"," #!/","11"," !!0","!","!"]}},"1864":{"3481":{"keys":[3,9],"grid":[" "," ","!$ .","02"," #!# -"," !!$ -","!% -","06","!& ,","!' +","09","09","!& $!# '","!& #!) !","!# &!*","!$ $!+"]},"3482":{"keys":[9],"grid":[" "," "," "," "," "," "," "," "," "," "," "," "," "," "," "," "]}},"1867":{"3481":{"keys":[3,9],"grid":[" "," "," "," "," "," '!# )","!$ $!$ (","!% $!# (","!& $!)","!' !!*","!","!","!","!","!","!"]}},"1866":{"3481":{"keys":[3,9],"grid":[" "," "," "," "," %!$ *","!! #!% *","!! #!% )!!","!) '!#","!* %!$","!+ #!%","!","!","!","!","!","!"]}},"1869":{"3481":{"keys":[3,9],"grid":[" "," "," "," !!! /","!# /","04","!! 0","04","!# .!!","!# !!! %!# %!#","!, $!#","!, #!$","!","!","!","!"]}},"1868":{"3481":{"keys":[3,9],"grid":[" "," "," "," "," )!$ &"," )!& $"," #!$ #!( #"," !!. !!!","!","!","!","!","!","!","!","!"]}},"1890":{"3483":{"keys":[3,"",9],"grid":[" )!)","00","00","00","00","00","00","00"," (#!!)","#)!)","#(!*","10","09","09","09","09"]}},"1814":{"3425":{"keys":[9,3],"grid":[" #!/","00"," $!."," %!-","03"," &!,"," '!+"," (!*"," )!)"," *!(","09"," ,!&"," -!%"," "," "," "]},"3424":{"keys":[3,9],"grid":[" "," "," "," "," "," "," "," "," "," "," "," "," "," "," ","!! 0"]}},"1815":{"3426":{"keys":[9,3],"grid":[" )!)","00","00"," *!(","03","03","03","03","03","03","03"," +!'","11","11"," ,!&"," "]},"3425":{"keys":[3,9],"grid":[" "," "," "," "," "," "," "," "," "," "," "," "," #!$ ,","!( *","13","!) )"]}},"1816":{"3427":{"keys":[9,3],"grid":[" #!/"," %!-"," '!+"," (!*"," )!)"," *!("," +!'"," ,!&"," .!$"," "," "," "," "," "," "," "]},"3426":{"keys":[3],"grid":[" "," "," "," "," "," "," "," "," "," "," "," "," "," "," "," "]}},"1817":{"3427":{"keys":[3,9],"grid":[" "," "," "," "," "," "," "," "," !!$ -","!& ,","!( *","!* (","!+ '","!- %","!","!"]}},"1810":{"3416":{"keys":[9,3],"grid":[" %!-","00"," (!*"," *!("," +!'","04","04"," -!%"," 0!!"," "," "," "," "," "," "," "]},"3415":{"keys":[3,9],"grid":[" "," "," "," ","!& ,","04","04","04","!% -","08","08","08","08","08","08","08"]}},"1811":{"3416":{"keys":[3,9],"grid":[" "," "," "," "," "," "," "," "," ","!! 0","!% -","!' +","11","!( *","13","11"]},"3417":{"keys":[9,3],"grid":[" '!+","00"," &!,","02"," %!-","04"," $!."," #!/","07"," !!0","09","07","07","07","06","06"]},"3418":{"keys":[9,3],"grid":[" %!-"," &!,"," '!+"," (!*"," )!)","04"," *!(","06"," +!'"," ,!&"," 0!!"," "," "," "," "," "]}},"1812":{"3422":{"keys":[9,3],"grid":[" -!%"," .!$"," /!#"," 0!!"," "," "," "," "," "," "," "," "," "," "," "," "]},"3421":{"keys":[9,3],"grid":[" ,!&","00","00"," +!'","03"," *!("," )!)","06","06","06","05","05","03","03","00","00"]},"3420":{"keys":[9,3],"grid":[" )!)","00"," *!("," +!'"," ,!&"," -!%","05","05","05","05","05"," .!$","11","05","05","05"]},"3418":{"keys":[3,9],"grid":[" "," "," "," "," "," "," "," "," "," "," ","!$ .","!& ,","!* (","!- %","!/ #"]},"3419":{"keys":[9,3],"grid":[" .!$","00"," -!%"," ,!&"," +!'"," )!)"," $!."," !!0","07","07"," #!/","06"," %!-","12"," '!+"," (!*"]}},"1813":{"3423":{"keys":[9,3],"grid":[" '!+","00"," (!*"," )!)"," *!("," +!'"," ,!&","06"," -!%"," .!$"," /!#","10"," 0!!","12","12","12"]},"3422":{"keys":[3,9],"grid":[" "," "," "," "," "," ","!! 0","!# /","!$ .","08","!% -","10","10","10","!& ,","14"]},"3424":{"keys":[9,3],"grid":[" 0!!"," /!#","01","01"," .!$","04","04"," -!%","07","07","07","04","04","00"," "," "]}},"1818":{"3429":{"keys":[9],"grid":[" "," "," "," "," "," "," "," "," "," "," "," "," "," "," "," "]},"3428":{"keys":[9,3],"grid":[" '!+"," )!)"," *!(","02","02"," +!'","05","05"," ,!&","08"," -!%"," .!$","11"," /!#","13"," 0!!"]},"3427":{"keys":[3,9],"grid":[" "," "," "," "," "," "," "," "," "," "," "," "," "," "," ","!$ ."]}},"1819":{"3430":{"keys":[9,3],"grid":[" /!#"," 0!!"," "," "," "," "," "," "," "," "," "," "," "," "," "," "]},"3429":{"keys":[3,9],"grid":[" ","!# /","01","!$ .","03","03","01","03","03","03","!% -","!& ,","!' +","!( *","!+ '","!. $"]}},"1889":{"3483":{"keys":[3,9],"grid":[" "," "," "," "," "," "," "," "," "," .!$","!","!","!","!","!","!"]}},"1888":{"3483":{"keys":[3,9],"grid":[" "," "," "," "," "," "," "," "," "," "," -!%","!","!","!","!","!"]}},"1887":{"3483":{"keys":[3,9],"grid":[" "," "," "," "," "," "," "," "," "," "," "," ,!&","!","!","!","!"]}},"1886":{"3483":{"keys":[3,9],"grid":[" "," "," "," "," "," "," "," "," "," "," "," "," ,!&"," &!,","!","!"]}},"1885":{"3483":{"keys":[3,9],"grid":[" "," "," "," "," "," "," "," "," "," "," "," "," "," "," !!! .!!","!# )!'"]},"3484":{"keys":[9,3],"grid":[" #!% +"," !!& +"," !!% ,"," !!# ."," "," "," "," "," "," "," "," "," "," "," "," "]}},"1884":{"3483":{"keys":[3,9],"grid":[" "," "," "," "," "," "," "," "," "," "," "," "," "," ,!# $","13"," )!)"]},"3484":{"keys":[9,3],"grid":[" %!$ *"," '!! *"," "," "," "," "," "," "," "," "," "," "," "," "," "," "]}},"1883":{"3483":{"keys":[3,9],"grid":[" "," "," "," "," "," "," "," "," "," "," "," "," "," "," /!#"," .!$"]},"3484":{"keys":[3,9],"grid":[" (!*"," $!."," #!/","02","!","!","!","!","!","!","!","!","!","!","!","!"]}},"1882":{"3483":{"keys":[3,9],"grid":[" "," "," "," "," "," "," "," "," "," "," "," "," "," "," "," %!! ,"]},"3484":{"keys":[3,9],"grid":[" $!# ,"," #!% +"," $!% *"," %!+ #"," '!+"," &!,","04"," (!*","07","!","!","!","!","!","!","!"]}},"1881":{"3485":{"keys":[9],"grid":[" "," "," "," "," "," "," "," "," "," "," "," "," "," "," "," "]},"3484":{"keys":[3,9],"grid":[" "," "," "," "," "," "," "," "," .!! #"," .!# !"," .!$","!! '!$ $!$","!! &!% #!%"," &!,"," #!! #!,","!$ #!,"]}},"1880":{"3485":{"keys":[3,9],"grid":[" *!("," &!,","01","01"," $!."," %!-"," '!+","06","06","06","06","06"," +!'","06","05","04"]},"3484":{"keys":[3,9],"grid":[" "," "," "," "," "," "," "," "," "," "," "," -!# #"," -!%","12"," ,!&"," +!'"]},"3486":{"keys":[3,9],"grid":[" *!(","00","00","00"," (!*","04"," '!+"," &!,","07"," #!/","06"," &!! !!*"," %!-","12","12","12"]}},"1807":{"3409":{"keys":[3,9],"grid":[" "," "," "," "," "," "," "," "," ","!! 0","!$ .","!% -","!& ,","!' +","!( *","13"]},"3408":{"keys":[3],"grid":[" "," "," "," "," "," "," "," "," "," "," "," "," "," "," "," "]},"3410":{"keys":[9,3],"grid":[" '!+","00"," &!,","02","02","00"," '!% !!&"," (!! (!!"," "," "," "," "," "," "," "," "]}},"1806":{"3409":{"keys":[9,3],"grid":[" /!#"," .!$","01","01"," "," "," "," "," "," "," "," "," "," "," "," "]},"3408":{"keys":[9,3],"grid":[" #!/","00","!","!","!","!% #!+","!% $!*"," !!# %!*"," -!%","08","08","08"," ,!&"," ,!% !"," -!! $"," "]},"3407":{"keys":[3,9],"grid":[" "," "," "," "," "," "," "," "," "," "," "," "," "," ","!! 0","!# /"]}},"1805":{"3403":{"keys":[3,9],"grid":[" "," "," "," ","!! 0","04","!# /","06","!$ .","08","08","!% -","11","11","!& ,","14"]},"3405":{"keys":[9,3],"grid":[" (!*","00","00","00","00"," )!)","05","05","05"," *!("," +!'","10","10","10"," ,!&","14"]},"3404":{"keys":[9,3],"grid":[" &!,","00","00"," '!+","03","03","03","03","03","03","03","03","03","03","03","03"]},"3407":{"keys":[9,3],"grid":[" ,!&"," -!%","00","00"," +!'","04","04","04","01"," .!$","09","09"," /!#"," 0!!"," "," "]},"3406":{"keys":[9,3],"grid":[" ,!&","00","00"," -!%","03","00","00","00","00","00","00","03","03","00","00"," +!'"]},"3408":{"keys":[9,3],"grid":[" "," "," /!#","02"," "," "," "," "," "," "," "," "," "," "," "," "]}},"1804":{"3403":{"keys":[9,3],"grid":[" -!%"," /!#"," 0!!"," "," "," "," "," "," "," "," "," "," "," "," "," "]},"3402":{"keys":[3,9],"grid":[" "," "," "," "," "," "," "," "," "," "," ","!! 0","!$ .","!& ,","!) )","!, &"]}},"1803":{"3401":{"keys":[3,9],"grid":[" "," "," "," "," "," "," "," "," "," ","!! 0","10","10","!# /","!& ,","!) )"]},"3400":{"keys":[3],"grid":[" "," "," "," "," "," "," "," "," "," "," "," "," "," "," "," "]},"3402":{"keys":[9,3],"grid":[" +!'","00"," ,!&","00","00","02"," -!%"," .!$"," /!#","08"," "," "," "," "," "," "]}},"1802":{"3401":{"keys":[9,3],"grid":[" "," "," "," 0!!","03"," /!#"," .!$","06","05","05"," "," "," "," "," "," "]},"3400":{"keys":[9,3],"grid":[" &!$ !!("," +!'","01"," ,!&","03"," -!%","05"," .!$","07","05","05","05"," 0!!"," "," "," "]},"3399":{"keys":[3,9],"grid":[" "," "," "," "," "," ","!# /","!% -","!& ,","08","!' +","10","08","08","08","08"]}},"1801":{"3399":{"keys":[9,3],"grid":[" &!,"," &!) #!!"," 0!!","02"," /!#","04"," "," "," "," "," "," "," "," "," "," "]},"3398":{"keys":[3,9],"grid":[" "," "," "," "," "," "," "," "," "," "," "," "," "," ","!# /","!% -"]}},"1800":{"3398":{"keys":[9,3],"grid":[" &!,","00"," '!+","02","02","02"," (!*","06","06","06"," )!)"," +!'"," 0!!"," "," "," "]},"3397":{"keys":[3,9],"grid":[" "," "," "," "," "," "," "," "," "," "," "," "," "," ","!# /","!% -"]}},"1809":{"3414":{"keys":[3,9],"grid":[" "," "," "," "," "," "," "," "," "," ","!! 0","10","10","!$ .","!( *","!* ("]},"3415":{"keys":[9,3],"grid":[" *!("," +!'"," ,!&"," .!$"," 0!!"," "," "," "," "," "," "," "," "," "," "," "]}},"1808":{"3414":{"keys":[9,3],"grid":[" /!#","00","00","00"," 0!!","04","04"," "," "," "," "," "," "," "," "," "]},"3412":{"keys":[9,3],"grid":[" '!+"," &!,","01","01"," '!# #!'"," ,!&"," -!%","06","06","05","06"," /!#","11","11"," 0!!","14"]},"3413":{"keys":[9,3],"grid":[" /!#","00","00","00"," 0!!","04","00","00"," .!$","08","08","08","08","08","08","08"]},"3410":{"keys":[3,9],"grid":[" "," "," "," "," "," "," "," "," "," ","!! 0"," "," ","10","10","!# /"]},"3411":{"keys":[9,3],"grid":[" %!-"," &!,","01","01","01","01","01","01","00"," $!.","09","00","00","01"," '!+","14"]}}}}