{"9":{"124":{"234":{"keys":[9,1,10],"grid":[" .!##!"," /!!#!"," /!#"," 0!!"," "," ","03","03","03","02","01","01","01","02","02","01"]},"235":{"keys":["",9,1,10],"grid":[" %!*##$!"," %!*#!$#"," %!% !!$##$#"," %!% #!!##$$"," )$)","04","04","04"," "," "," "," "," "," "," "," "]},"233":{"keys":[9,1,10],"grid":[" "," "," "," "," "," "," "," "," "," "," "," "," 0!!","12"," /!#"," /!!#!"]}},"125":{"234":{"keys":[10,1],"grid":[" "," "," ","!! 0","!# /","04","03"," "," "," "," "," "," "," "," "," "]},"231":{"keys":[9,1],"grid":[" "," 0!!","01"," "," "," "," "," "," "," "," "," "," "," "," "," "]},"232":{"keys":[9,1,10],"grid":[" "," "," "," "," "," "," "," "," "," "," "," "," "," )!)"," (!##("," (!!#)"]},"233":{"keys":[9,1,10],"grid":[" '!##)"," &!##*"," &!!#+"," %!##+"," %!!#,"," $!##,"," $!!#-"," #!##-"," !!##."," !!!#/","!##/","!!#0","11","#","#","#"]}},"126":{"230":{"keys":[9,1,10],"grid":[" "," "," "," *!("," *!!#'","04","04","04","04","04","04","04","04","04","04","04"]},"231":{"keys":[9,1,10],"grid":[" *!!#'","!+#'","!##/"," !!$#-"," $!!#-"," $!##,"," %!##+"," &!##*"," '!##)"," (!%#&"," )!$#&"," +!$#$"," -!$#!"," /!#"," 0!!"," "]},"232":{"keys":[9,1,10],"grid":[" "," "," "," "," "," "," "," "," "," "," "," "," ","!","#","#"]}},"127":{"235":{"keys":[10,1],"grid":[" "," "," "," "," "," "," "," "," "," "," "," "," "," "," "," 0!!"]},"236":{"keys":[10,1,11,""],"grid":[" /!#"," .!##!"," .!!##","02","$% *!!##","$% )!###","$% )!!#$","$% )#%","$-#%","08","08","08","$","$","$","$"]},"230":{"keys":[9,1,10],"grid":[" "," "," ","!","#","#","#","#","#","#","#","#","#","#","#","#"]},"231":{"keys":[10,1],"grid":[" "," "," "," "," "," "," "," "," "," "," "," "," "," ","!! 0","!# /"]},"232":{"keys":[1,10,9],"grid":[" #!/","00","#! #!.","#! %!,","#$ $!+","#% %!)","#' #!)","#& $!)","#& #!*","08","08","08","08"," '!+","!","!"]}}},"13":{"1997":{"3760":{"keys":[9,10],"grid":[" "," "," "," "," "," "," "," "," "," "," "," "," "," "," "," .!$"]},"3761":{"keys":[9,10],"grid":[" .!$"," ,!&"," *!(","02","02","02","02","02"," )!)","08"," (!*"," &!,"," %!-"," $!."," #!/"," !!0"]},"3744":{"keys":[9,10],"grid":[" "," 0!!","01"," /!#","03"," .!$","05"," -!%"," ,!&","07","05","05","03","01"," "," "]},"3762":{"keys":[10],"grid":[" "," "," "," "," "," "," "," "," "," "," "," "," "," "," "," "]}},"2005":{"3729":{"keys":[9],"grid":[" "," "," "," "," "," "," "," "," "," "," "," "," "," "," "," "]},"3731":{"keys":[9,10],"grid":[" '!+"," &!,","01"," %!-","03"," $!.","05"," #!/"," !!0","08","!","!","!","!","!","!"]},"3730":{"keys":[9,10],"grid":[" 0!!","00"," /!#"," .!$","03"," -!%","05"," ,!&","07"," +!'"," *!(","10"," )!)","12"," (!*","14"]}},"2001":{"3737":{"keys":[9,10],"grid":[" 0!!","00"," /!#"," .!$","03"," -!%","05"," ,!&","07"," +!'"," *!(","10"," )!)","12"," (!*","14"]},"3736":{"keys":[9],"grid":[" "," "," "," "," "," "," "," "," "," "," "," "," "," "," "," "]},"3738":{"keys":[9,10],"grid":[" '!+"," &!,","01"," %!-","03"," $!.","05"," #!/"," !!0","08","!","!","!","!","!","!"]},"3748":{"keys":[10,9],"grid":[" "," "," "," "," "," "," "," "," "," "," "," "," "," ","!! 0","14"]},"3749":{"keys":[9,10],"grid":[" #!/","!","!","!","!","!","!","!","!","!","!","!","!","!","!","!"]}},"2007":{"3726":{"keys":[9,10],"grid":[" "," "," "," "," "," "," "," "," 0!!","08"," /!#"," .!$","11"," -!%","13"," ,!&"]},"3727":{"keys":[9,10],"grid":[" ,!&"," +!'"," *!(","02"," )!)","04"," (!*","06"," '!+"," &!,","09"," %!-","11"," $!.","13"," #!/"]},"3728":{"keys":[9,10],"grid":[" !!0","00","!","!","!","!","!","!","!","!","!","!","!","!","!","!"]}},"2002":{"3736":{"keys":[9,10],"grid":[" )!)","00"," (!*","02"," '!+"," &!,","05"," %!-","07"," $!.","09"," #!/"," !!0","12","!","!"]},"3735":{"keys":[9,10],"grid":[" "," "," "," "," 0!!","04"," /!#"," .!$","07"," -!%","09"," ,!&","11"," +!'"," *!(","14"]}},"2003":{"3735":{"keys":[9,10],"grid":[" !!0","00","!","!","!","!","!","!","!","!","!","!","!","!","!","!"]},"3734":{"keys":[9,10],"grid":[" ,!&"," +!'"," *!(","02"," )!)","04"," (!*","06"," '!+"," &!,","09"," %!-","11"," $!.","13"," #!/"]},"3733":{"keys":[9,10],"grid":[" "," "," "," "," "," "," "," "," 0!!"," /!#","09"," .!$","11"," -!%","13"," ,!&"]}},"2000":{"3748":{"keys":[9,10],"grid":[" '!+"," (!*"," )!)","02"," *!("," +!'"," ,!&","06"," -!%"," .!$"," /!#","10"," 0!!"," "," "," "]},"3749":{"keys":[9,10],"grid":[" "," "," 0!!"," /!#"," .!$","03","02","02","03","03"," -!%"," ,!&","11","11","11","11"]},"3747":{"keys":[10,9],"grid":[" "," "," "," "," "," "," "," "," ","!! 0","09","!# /","!$ .","!% -","13","!& ,"]},"3740":{"keys":[9,10],"grid":[" %!-"," $!.","01"," #!/","03"," !!0","05","!","!","!","!","!","!","!","!","!"]},"3739":{"keys":[9,10],"grid":[" .!$"," -!%","01"," ,!&","03"," +!'"," *!(","06"," )!)","08"," (!*","10"," '!+"," &!,","13"," %!-"]},"3738":{"keys":[9,10],"grid":[" "," "," "," "," "," "," "," "," "," "," "," "," 0!!","12"," /!#"," .!$"]},"3750":{"keys":[9,10],"grid":[" ,!&"," +!'"," *!("," )!)"," '!+"," %!-","05","!$ !!-","!","!","!","!","!","!","!","!"]}},"2009":{"3725":{"keys":[9,10],"grid":[" "," "," "," "," "," (!*","!","!","!","!","!","!","!","!","!","!"]}},"2037":{"3717":{"keys":[10,9],"grid":[" !!% ,","!( #!(","!","!","!","!","!","!","!","!","!","!","!","!","!","!"]},"3716":{"keys":[10,9],"grid":[" "," ","!! 0","!# /","03","03","02","02","03","02","02","02"," "," "," "," "]},"3683":{"keys":[9,10],"grid":[" "," "," "," "," "," "," "," "," "," "," "," "," "," ","!","!"]},"3719":{"keys":[9],"grid":[" "," "," "," "," "," "," "," "," "," "," "," "," "," "," "," "]},"3724":{"keys":[9,10],"grid":[" "," "," ,!# $"," +!& !"," +!'"," *!(","05","05","05","05","05","03"," +!% #"," +!$ $"," "," "]},"3725":{"keys":[9,10],"grid":[" 0!!"," .!$","01"," /!#","00","!","!","!","!","!","!","!","!","!","!","!"]},"3720":{"keys":[9,10],"grid":[" "," "," "," "," 0!!","04","04"," "," "," "," "," "," "," "," .!$"," -!%"]},"3721":{"keys":[9,10],"grid":[" ,!&","00"," +!'","02"," +!% #"," ,!# $"," "," "," "," "," /!#"," .!$","00","00","02","02"]},"3722":{"keys":[9,10],"grid":[" *!(","00","00","00"," +!'","04","04","04","04","04"," ,!&"," -!%"," 0!!"," "," "," "]},"3723":{"keys":[9,10],"grid":[" "," "," "," "," "," "," /!#"," -!%","07","07","07"," "," "," "," "," "]}},"2036":{"3683":{"keys":[9,10],"grid":[" "," "," "," "," "," "," "," "," "," "," "," "," "," ","!","!"]},"3715":{"keys":[10,9],"grid":[" "," "," "," "," "," "," "," "," "," "," "," "," "," "," "," $!% *"]},"3717":{"keys":[9,10],"grid":[" 0!!"," "," "," "," "," "," "," "," "," "," "," "," "," "," "," "]},"3716":{"keys":[10,9],"grid":[" !!) ("," !!* '","01","!+ %!#","!, #!$","!","!","!","!","!","!","!","!","!0 !","13","!/ #"]},"3725":{"keys":[9,10],"grid":[" "," "," "," "," ","!","!","!","!","!","!","!","!","!","!","!"]}},"2035":{"3683":{"keys":[9,10],"grid":[" "," "," "," "," "," "," "," "," "," "," "," "," "," ","!","!"]},"3715":{"keys":[10,9],"grid":[" "," "," "," "," "," "," "," "," "," "," "," '!% '"," #!) '","!* (","!) )","13"]},"3716":{"keys":[9,10],"grid":[" *!("," -!%"," /!#"," 0!!"," "," "," "," "," "," "," "," "," "," "," "," "]},"3725":{"keys":[9,10],"grid":[" "," "," "," "," ","!","!","!","!","!","!","!","!","!","!","!"]}},"2034":{"3683":{"keys":[9,10],"grid":[" "," "," "," "," "," "," "," "," "," "," "," "," "," ","!","!"]},"3714":{"keys":[10,9],"grid":[" "," "," "," "," "," "," "," "," "," "," "," ","!! 0","!# /","13","!$ ."]},"3715":{"keys":[9,10],"grid":[" $!.","00","00","00","00"," #!/"," !!0","!' #!)","!! #!! %!)"," )!)","09","09","09","09"," )!& $"," "]},"3725":{"keys":[9,10],"grid":[" "," "," "," "," ","!","!","!","!","!","!","!","!","!","!","!"]}},"2019":{"3699":{"keys":[10,9],"grid":[" "," "," ","!! 0","!# /","!$ .","!% -","06","06","06","06","05","05","04","03","03"]},"3700":{"keys":[10,9],"grid":[" ","!! 0","01","01","01","01","01","01","01","01","!# /","10","10","!% -","!& ,","!* %!# !"]},"3701":{"keys":[9],"grid":[" "," "," "," "," "," "," "," "," "," "," "," "," "," "," "," "]},"3697":{"keys":[9,10],"grid":[" "," "," "," "," "," ","!","!","!","!","!","!","!","!","!","!"]},"3725":{"keys":[9,10],"grid":[" "," "," "," "," ","!","!","!","!","!","!","!","!","!","!","!"]}},"2018":{"3699":{"keys":[9,10],"grid":[" !!0"," ,!# #!!"," "," "," "," "," "," "," "," "," "," "," "," "," "," "]},"3697":{"keys":[9,10],"grid":[" "," "," "," "," "," ","!","!","!","!","!","!","!","!","!","!"]},"3725":{"keys":[9,10],"grid":[" "," "," "," "," ","!","!","!","!","!","!","!","!","!","!","!"]}},"2031":{"3683":{"keys":[9,10],"grid":[" "," "," "," "," "," "," "," "," "," "," "," "," "," ","!","!"]},"3725":{"keys":[9,10],"grid":[" "," "," "," "," ","!","!","!","!","!","!","!","!","!","!","!"]},"3709":{"keys":[10,9],"grid":[" "," "," "," "," "," "," ","!! 0","!$ .","!& ,","!' +","!) )","!* (","!- %","!. $","!/ #"]},"3710":{"keys":[9,10],"grid":[" /!#"," 0!!","00","00"," .!$","00","00"," "," "," "," "," "," "," "," "," "]}},"2030":{"3683":{"keys":[9,10],"grid":[" "," "," "," "," "," "," "," "," "," "," "," "," "," "," '!+","!"]},"3725":{"keys":[9,10],"grid":[" "," "," "," "," ","!","!","!","!","!","!","!","!","!","!","!"]},"3708":{"keys":[10,9],"grid":[" "," "," "," "," "," "," "," "," "," "," "," "," ","!# /","!& ,","!* ("]},"3709":{"keys":[9,10],"grid":[" ,!&"," -!%","01","01"," .!$"," /!#"," 0!!"," "," "," "," "," "," "," "," "," "]}},"2015":{"3698":{"keys":[9,10],"grid":[" (!*"," )!)","01"," *!("," +!'"," ,!&"," .!$"," "," "," "," "," "," "," "," "," "]},"3725":{"keys":[9,10],"grid":[" "," "," "," "," ","!","!","!","!","!","!","!","!","!","!","!"]},"3697":{"keys":[9,10],"grid":[" "," "," "," "," "," "," %!-","06","06"," &!,","09"," '!+","11","11","11"," (!*"]}},"2014":{"3725":{"keys":[9,10],"grid":[" "," "," "," "," ","!","!","!","!","!","!","!","!","!","!","!"]}},"2017":{"3698":{"keys":[10,9],"grid":[" "," "," "," "," "," "," "," "," "," "," "," ","!# /","!$ .","13","!% -"]},"3699":{"keys":[9,10],"grid":[" &!) $"," &!' &","01"," '!% '"," &!& '","04"," %!' '"," %!& (","07"," (!! )"," "," "," "," "," "," "]},"3697":{"keys":[9,10],"grid":[" "," "," "," "," "," ","!","!","!","!","!","!","!","!","!","!"]},"3725":{"keys":[9,10],"grid":[" "," "," "," "," ","!","!","!","!","!","!","!","!","!","!","!"]}},"2016":{"3698":{"keys":[10,9],"grid":[" "," "," "," "," "," "," "," %!& (","!- %","!. $","!/ #","!0 !","!","!","!","!"]},"3725":{"keys":[9,10],"grid":[" "," "," "," "," ","!","!","!","!","!","!","!","!","!","!","!"]},"3697":{"keys":[9,10],"grid":[" "," "," "," "," "," ","!","!","!","!","!","!","!","!","!","!"]}},"2011":{"3725":{"keys":[9,10],"grid":[" "," "," "," "," ","!","!","!","!","!","!","!","!","!","!","!"]}},"2010":{"3725":{"keys":[9,10],"grid":[" "," "," "," "," ","!","!","!","!","!","!","!","!","!","!","!"]}},"2013":{"3725":{"keys":[9,10],"grid":[" "," "," "," "," ","!","!","!","!","!","!","!","!","!","!","!"]}},"2038":{"3717":{"keys":[10,9],"grid":[" $!% *","!) )","!* (","02","!* &!#","04","!+ %!#","!+ $!$","!","!0 !","!. $","10","10","!/ #","09","!"]},"3683":{"keys":[9,10],"grid":[" "," "," "," "," "," "," "," "," "," "," "," "," "," ","!","!"]},"3719":{"keys":[9,10],"grid":[" 0!!"," /!#"," .!$","02"," ,!&"," +!'","05","05","04","04","04","04","05"," *!(","!","!"]},"3718":{"keys":[9,10],"grid":[" "," "," "," 0!!"," /!#"," .!$"," -!%"," ,!&"," +!# !!$"," +!! $!#"," +!! #!$","10","09"," +!# %"," "," "]},"3724":{"keys":[9,10],"grid":[" $!.","00","00","00"," #!/","!","!","!","!","!! %!,"," &!,","10","10"," !!0","!","!"]},"3720":{"keys":[10,9],"grid":[" ","!# /","01","!! 0"," "," "," "," ","03","!$ .","09","!% -","!& ,","12","!' +"," !!& +"]},"3721":{"keys":[10,9],"grid":[" #!$ ,"," "," "," "," "," ","!! 0","!$ .","!% -","08"," "," "," "," "," "," "]},"3722":{"keys":[10,9],"grid":[" "," "," "," "," "," "," "," "," "," "," "," "," ","!# /","!$ .","!% -"]},"3723":{"keys":[9,10],"grid":[" &!,","00","00","00"," %!-"," #!/","!","!","!","!","!","!"," $!.","04","12","12"]}},"2004":{"3733":{"keys":[9,10],"grid":[" %!-"," $!.","01"," #!/"," !!0","04","!","!","!","!","!","!","!","!","!","!"]},"3732":{"keys":[9,10],"grid":[" .!$"," -!%","01"," ,!&","03"," +!'"," *!(","06"," )!)","08"," (!*","10"," '!+"," &!,","13"," %!-"]},"3731":{"keys":[9,10],"grid":[" "," "," "," "," "," "," "," "," "," "," "," "," 0!!","12"," /!#"," .!$"]}},"2033":{"3715":{"keys":[9,10],"grid":[" "," "," "," "," "," "," "," "," *!(","08","08"," +!& !"," "," "," "," "]},"3714":{"keys":[9,10],"grid":[" &!,"," %!-","01","01","00"," '!+","05","05","05","05","00","00"," &!) $"," '!& &"," (!# ("," "]},"3711":{"keys":[10,9],"grid":[" "," "," "," "," "," "," "," "," "," "," "," "," "," "," ","!! 0"]},"3713":{"keys":[9,10],"grid":[" #!% $!(","!( #!(","!( $!'","02","!' &!&","!' '!%"," -!%"," ,!&"," *!("," )!)"," '!+"," &!,","11"," %!-","13","13"]},"3712":{"keys":[10,9],"grid":[" "," "," "," "," "," "," "," ","!! 0","08","08","08","08","08","!# /","14"]},"3683":{"keys":[9,10],"grid":[" "," "," "," "," "," "," "," "," "," "," "," "," "," ","!","!"]},"3725":{"keys":[9,10],"grid":[" "," "," "," "," ","!","!","!","!","!","!","!","!","!","!","!"]}},"1995":{"3763":{"keys":[9,10,""],"grid":[" "," 0!!"," /!#"," .!$"," -!%"," ,!&"," +!'"," *!(","#% %!)","#& #!*","#'!+","#(!*","#)!)","12","12","12"]}},"2006":{"3728":{"keys":[9,10],"grid":[" "," "," "," "," 0!!","04"," /!#"," .!$","07"," -!%","09"," ,!&","11"," +!'"," *!(","14"]},"3729":{"keys":[9,10],"grid":[" )!)","00"," (!*","02"," '!+"," &!,","05"," %!-","07"," $!.","09"," #!/"," !!0","12","!","!"]}},"1998":{"3759":{"keys":[9,10],"grid":[" /!#","00"," ,!&"," +!'","03"," *!(","05"," )!)"," (!*","08","08"," '!+","11","07","08","08"]},"3758":{"keys":[9,10],"grid":[" "," "," "," "," "," "," "," "," "," "," "," "," "," "," /!#"," .!$"]},"3746":{"keys":[9,10],"grid":[" .!$"," /!#"," 0!!"," "," "," "," "," "," "," "," "," "," "," "," "," "]},"3755":{"keys":[9,10],"grid":[" (!*","00","00","00","00","00","00"," )!)"," *!(","08"," +!'","10"," ,!&"," -!%","13","13"]},"3744":{"keys":[10],"grid":[" "," "," "," "," "," "," "," "," "," "," "," "," "," "," "," "]},"3745":{"keys":[9,10],"grid":[" !!0"," #!/"," $!.","02"," %!-"," &!,"," '!+","06"," (!*"," )!)"," *!("," +!'","11"," ,!&"," -!%"," .!$"]},"3742":{"keys":[9,10],"grid":[" "," "," "," "," "," 0!!","05"," /!#","07"," .!$"," -!%","10"," ,!&","12"," +!'","14"]},"3743":{"keys":[9,10],"grid":[" *!("," )!)","01"," (!*","03"," '!+","05"," &!,"," %!-","08"," $!.","10"," #!/","12"," !!0","14"]},"3757":{"keys":[9,10],"grid":[" 0!!","00"," "," "," "," "," "," "," "," "," "," "," "," "," "," "]},"3754":{"keys":[9,10],"grid":[" *!(","00"," )!)"," (!*"," '!+"," &!,","05","04","05","05","05","05","05","05","04","03"]},"3760":{"keys":[9,10],"grid":[" (!*","00","00"," '!+","03","03","03"," &!,","07","07","07"," $!."," #!/"," !!0","!","!"]},"3756":{"keys":[9,10],"grid":[" .!$","00","00","00","00"," -!%"," +!'"," *!(","07","06","06","06","05","00"," /!#"," 0!!"]},"3753":{"keys":[9,10],"grid":[" "," "," "," "," "," "," "," "," "," "," "," "," "," "," /!#"," -!%"]}},"2046":{"3683":{"keys":[9,10],"grid":[" "," "," "," "," "," "," "," "," "," "," "," "," "," ","!","!"]},"3777":{"keys":[10,11],"grid":[" &!,"," $!."," #!/","02"," !!0","!","!","!","!","!","!","!","!","!","!","!"]},"3776":{"keys":[10,11],"grid":[" "," "," "," "," "," "," "," "," "," "," "," 0!!"," +!'"," )!)","13"," (!*"]}},"2047":{"3683":{"keys":[9,10],"grid":[" "," "," "," "," "," "," "," "," "," "," "," "," "," ","!","!"]},"3776":{"keys":[10,11],"grid":[" %!-"," $!.","01","01","01","01","01","01"," #!/","08","!","!","!","!","!","!"]},"3775":{"keys":[10,11],"grid":[" "," "," "," "," "," 0!!"," /!#"," .!$"," ,!&"," *!("," )!)","10"," (!*","12"," '!+"," &!,"]}},"2044":{"3683":{"keys":[9,10],"grid":[" "," "," "," "," "," "," "," "," "," "," "," "," "," ","!","!"]},"3782":{"keys":[10,11,""],"grid":[" -!%"," ,!&","01"," +!'","03","03"," *!(","06"," )!)","08"," (!*","10","10"," '!+","13"," %##!+"]},"3781":{"keys":[10,11],"grid":[" "," "," "," "," "," "," "," 0!!","07","07"," /!#","10"," .!$","12","12"," -!%"]}},"2045":{"3780":{"keys":[10,11],"grid":[" 0!!"," /!#"," .!$"," ,!&"," +!'"," )!)"," (!*"," '!+","07"," &!,","09","09"," %!-","12"," $!.","14"]},"3781":{"keys":[10,11],"grid":[" #!/","00","00"," !!0","03","!","!","!","!","!","!","!","!","!","!","!"]},"3777":{"keys":[10,11],"grid":[" "," "," "," "," "," "," 0!!"," /!#","07","07"," .!$","10","10","10"," -!%"," ,!&"]},"3683":{"keys":[9,10],"grid":[" "," "," "," "," "," "," "," "," "," "," "," "," "," ","!","!"]},"3779":{"keys":[10,11],"grid":[" *!(","00","00","00","00"," +!'"," ,!&"," -!%"," .!$","08","08","07","07","08"," 0!!","14"]},"3778":{"keys":[10,11],"grid":[" +!'"," *!(","01","01","00","00"," ,!&","06","06","06","06","00","00","00","01","01"]}},"2042":{"3683":{"keys":[9,10],"grid":[" "," "," "," "," "," "," "," "," "," "," "," "," "," ","!","!"]}},"2043":{"3683":{"keys":[9,10],"grid":[" "," "," "," "," "," "," "," "," "," "," "," "," "," ","!","!"]}},"2040":{"3683":{"keys":[9,10],"grid":[" "," "," "," "," "," "," "," "," "," "," "," "," "," ","!","!"]}},"1996":{"3762":{"keys":[9,10],"grid":[" "," 0!!"," /!#"," .!$"," -!%"," ,!&"," +!'"," *!("," )!)"," (!*"," '!+"," &!,"," %!-"," $!."," #!/"," !!0"]},"3763":{"keys":[10],"grid":[" "," "," "," "," "," "," "," "," "," "," "," "," "," "," "," "]}},"1999":{"3758":{"keys":[9,10],"grid":[" %!-"," $!.","01"," #!/","03","03","03","03","03","01","01","03"," !!0","!","!","!"]},"3746":{"keys":[10,9],"grid":[" "," "," "," "," ","!! 0","!# /","!$ .","!% -","08","!& ,","!' +","!( *","12","!) )","!* ("]},"3747":{"keys":[9,10],"grid":[" +!'","00"," ,!&"," -!%"," .!$"," /!#","05"," 0!!"," "," "," "," "," "," "," "," "]},"3753":{"keys":[9,10],"grid":[" &!,","00"," '!+","02","02","02","00"," %!-","07"," $!.","09","09"," #!/","!","!","!"]},"3752":{"keys":[9,10],"grid":[" $!.","00"," %!-","02","02","02","02","02","02","02","02","02","00","00","02","02"]},"3742":{"keys":[9,10],"grid":[" #!/"," !!0","01","!","!","!","!","!","!","!","!","!","!","!","!","!"]},"3757":{"keys":[10,9],"grid":[" "," "," ","!! 0","!# /","04","04","04","04","04","04","04","04","04","!$ .","!% -"]},"3741":{"keys":[9,10],"grid":[" ,!&","00"," +!'"," *!(","03"," )!)","05"," (!*","07"," '!+"," &!,","10"," %!-","12"," $!.","14"]},"3751":{"keys":[9,10],"grid":[" !!0","00"," #!/"," $!.","03","03","02","02","02","02","03","02","02","02","02","02"]},"3740":{"keys":[9,10],"grid":[" "," "," "," "," "," "," "," "," "," 0!!"," /!#","10"," .!$","12"," -!%","14"]},"3750":{"keys":[9,10],"grid":[" "," "," "," "," "," +!! &"," )!% !!$"," (!*","07","07"," &!,","10","10","10"," #!/","14"]}},"2032":{"3711":{"keys":[9,10],"grid":[" *!(","00","00","00","00","00"," +!'","06"," ,!&"," -!%"," .!$"," /!#"," 0!!","12"," "," "]},"3710":{"keys":[10,9],"grid":[" "," "," "," "," "," "," ","!! 0","!# /","!$ .","!& ,","!( *","!) )","12","!* (","14"]},"3713":{"keys":[9,10],"grid":[" "," 0!!"," .!$","02","02"," /!#"," "," "," "," "," "," "," "," "," "," "]},"3712":{"keys":[9,10],"grid":[" "," "," 0!!","02","02","02"," "," "," "," "," "," "," "," "," "," "]},"3683":{"keys":[9,10],"grid":[" "," "," "," "," "," "," "," "," "," "," "," "," "," ","!","!"]},"3725":{"keys":[9,10],"grid":[" "," "," "," "," ","!","!","!","!","!","!","!","!","!","!","!"]}},"2041":{"3683":{"keys":[9,10],"grid":[" "," "," "," "," "," "," "," "," "," "," "," "," "," ","!","!"]}},"2024":{"3725":{"keys":[9,10],"grid":[" "," "," "," "," ","!","!","!","!","!","!","!","!","!","!","!"]},"3697":{"keys":[9,10],"grid":[" "," "," "," "," "," ","!","!","!","!","!","!","!","!","!","!"]},"3706":{"keys":[9,10],"grid":[" 0!!"," "," "," "," "," "," "," "," "," "," "," "," "," "," "," "]},"3705":{"keys":[10,9],"grid":[" "," "," "," "," "," "," "," "," "," "," "," ","!# /","!& ,","!* (","!- %"]}},"2025":{"3697":{"keys":[9,10],"grid":[" )!)","00","00","00","00","00","!","!","!","!","!","!","!","!","!","!"]},"3689":{"keys":[9,10],"grid":[" )!)","00","00","00","00","00","00","00","00","00","00","00","00","00","00","00"]},"3688":{"keys":[9,10],"grid":[" )!)","00","00","00","00","00","00","00","00","00","00","00","00","00","00","00"]},"3683":{"keys":[9,10],"grid":[" "," "," "," "," "," "," "," "," "," "," "," "," "," "," "," )!)"]},"3691":{"keys":[9,10],"grid":[" )!)","00","00","00","00","00","00","00","00","00","00","00","00","00","00","00"]},"3692":{"keys":[9,10],"grid":[" )!)","00","00","00","00","00","00","00","00","00","00","00","00","00","00","00"]},"3693":{"keys":[9,10],"grid":[" )!)","00","00","00","00","00","00","00","00","00","00","00","00","00","00","00"]},"3694":{"keys":[9,10],"grid":[" )!)","00","00","00","00","00","00","00","00","00","00","00","00","00","00","00"]},"3695":{"keys":[9,10],"grid":[" )!)","00","00","00","00","00","00","00","00","00","00","00","00","00","00","00"]},"3685":{"keys":[9,10],"grid":[" )!)","00","00","00","00","00","00","00","00","00","00","00","00","00","00","00"]},"3686":{"keys":[9,10],"grid":[" )!)","00","00","00","00","00","00","00","00","00","00","00","00","00","00","00"]},"3690":{"keys":[9,10],"grid":[" )!)","00","00","00","00","00","00","00","00","00","00","00","00","00","00","00"]},"3696":{"keys":[9,10],"grid":[" )!)","00","00","00","00","00","00","00","00","00","00","00","00","00","00","00"]},"3725":{"keys":[9,10],"grid":[" "," "," "," "," ","!","!","!","!","!","!","!","!","!","!","!"]},"3687":{"keys":[9,10],"grid":[" )!)","00","00","00","00","00","00","00","00","00","00","00","00","00","00","00"]},"3684":{"keys":[9,10],"grid":[" )!)","00","00","00","00","00","00","00","00","00","00","00","00","00","00","00"]},"3706":{"keys":[10,9],"grid":[" *!(","!# )!'","!% '!'","!& '!&","!' &!&","!( %!&","!( %!$ #","06","!( $!$ $","!) !!% $","!0 !","!","!","!","!","!"]},"3705":{"keys":[10,9],"grid":[" "," "," "," "," "," "," "," "," "," "," "," +!'"," *!(","12","12","12"]}},"2026":{"3683":{"keys":[9,10],"grid":[" "," "," "," "," "," "," "," "," "," "," "," "," "," "," ","!"]},"3725":{"keys":[9,10],"grid":[" "," "," "," "," ","!","!","!","!","!","!","!","!","!","!","!"]},"3706":{"keys":[9,10],"grid":[" &!,","00"," %!-","02"," #!/","!","!","!","!","!$ '!(","!! +!&"," -!%"," .!$","12","11","11"]},"3707":{"keys":[9,10],"grid":[" -!%","00"," .!$"," /!#","03"," 0!!"," "," "," "," "," "," "," "," "," "," "]},"3705":{"keys":[10,9],"grid":[" "," "," "," "," "," "," "," "," "," "," ","!! 0","!$ .","!% -","13","13"]}},"2027":{"3683":{"keys":[9,10],"grid":[" "," "," "," "," "," "," "," "," "," "," "," "," "," "," ","!"]},"3725":{"keys":[9,10],"grid":[" "," "," "," "," ","!","!","!","!","!","!","!","!","!","!","!"]},"3707":{"keys":[10,9],"grid":[" "," "," "," "," "," "," "," "," *!(","!! $!-","!","!","!","!","!","!"]}},"2020":{"3702":{"keys":[9,10],"grid":[" '!+","00"," )!)"," *!(","03"," ,!&"," .!$"," /!#"," 0!!","08"," "," "," "," "," "," "]},"3725":{"keys":[9,10],"grid":[" "," "," "," "," ","!","!","!","!","!","!","!","!","!","!","!"]},"3701":{"keys":[10,9],"grid":[" ","!! 0","!# /","!$ .","03","!% -","05","05","!& ,","08","08","08","08","!' +","13","13"]},"3697":{"keys":[9,10],"grid":[" "," "," "," "," "," ","!","!","!","!","!","!","!","!","!","!"]}},"2021":{"3702":{"keys":[10,9],"grid":[" "," "," "," "," "," "," "," "," "," "," ","!! 0","!# /","12","!$ .","!% -"]},"3725":{"keys":[9,10],"grid":[" "," "," "," "," ","!","!","!","!","!","!","!","!","!","!","!"]},"3697":{"keys":[9,10],"grid":[" "," "," "," "," "," ","!","!","!","!","!","!","!","!","!","!"]},"3703":{"keys":[9,10],"grid":[" &!,"," (!*"," *!("," -!%"," "," "," "," "," "," "," "," "," "," "," "," "]}},"2022":{"3725":{"keys":[9,10],"grid":[" "," "," "," "," ","!","!","!","!","!","!","!","!","!","!","!"]},"3697":{"keys":[9,10],"grid":[" "," "," "," "," "," ","!","!","!","!","!","!","!","!","!","!"]},"3704":{"keys":[9,10],"grid":[" .!$"," /!#"," 0!!"," "," "," "," "," "," "," "," "," "," "," "," "," "]},"3703":{"keys":[10,9],"grid":[" "," "," ","!' +","!( *","!) )","05","!* (","07","05","05","04","04","05","07","!+ '"]}},"2023":{"3725":{"keys":[9,10],"grid":[" "," "," "," "," ","!","!","!","!","!","!","!","!","!","!","!"]},"3697":{"keys":[9,10],"grid":[" "," "," "," "," "," ","!","!","!","!","!","!","!","!","!","!"]},"3704":{"keys":[10,9],"grid":[" "," "," "," "," ","!! 0","05","!# /","!$ .","!% -","!' +","!( *","!) )","!* (","13","!+ '"]},"3705":{"keys":[9,10],"grid":[" ,!&"," -!%"," .!$","02","01"," +!'"," *!(","06","05","00","01"," /!#"," "," "," "," "]}},"2039":{"3683":{"keys":[9,10],"grid":[" "," "," "," "," "," "," "," "," "," "," "," "," "," ","!","!"]},"3717":{"keys":[10,9],"grid":[" "," "," "," ","!# /","!$ .","04","04","04"," "," "," "," "," "," "," "]},"3719":{"keys":[9,10],"grid":[" &!,","!! $!-","!","!","!","!","!","!","!","!","!","!","!","!","!","!"]},"3718":{"keys":[9,10],"grid":[" !!0"," #!/"," %!-","!! (!)","!$ '!(","04","!% &!(","!% %!)","!& $!)","!","!","!","!","!","02"," &!,"]}},"2008":{"3725":{"keys":[9,10],"grid":[" "," "," "," "," "," "," *!(","06"," )!)"," (!*","09"," '!+","11"," &!,","13"," %!-"]},"3726":{"keys":[9,10],"grid":[" %!-"," $!.","01"," #!/","03"," !!0","!","!","!","!","!","!","!","!","!","!"]}},"2012":{"3725":{"keys":[9,10],"grid":[" "," "," "," "," ","!","!","!","!","!","!","!","!","!","!","!"]}},"2028":{"3683":{"keys":[9,10],"grid":[" "," "," "," "," "," "," "," "," "," "," "," "," "," "," ","!"]},"3725":{"keys":[9,10],"grid":[" "," "," "," "," ","!","!","!","!","!","!","!","!","!","!","!"]},"3708":{"keys":[9,10],"grid":[" )!)","00"," *!("," "," "," "," "," "," "," "," "," "," "," "," "," "]},"3707":{"keys":[10,9],"grid":[" "," "," "," "," "," "," "," "," ","!# /","!$ .","!% -","!& ,","!( *","13","13"]}},"2029":{"3683":{"keys":[9,10],"grid":[" "," "," "," "," "," "," "," "," "," "," "," "," "," "," ","!"]},"3725":{"keys":[9,10],"grid":[" "," "," "," "," ","!","!","!","!","!","!","!","!","!","!","!"]},"3708":{"keys":[10,9],"grid":[" "," "," %!( &","!- %","03","03","03","!, &","07","07","03","!. $","!","!","!","!"]}}}}