{"9":{"308":{"173":{"keys":[1,2,121],"grid":[" !!! $#,"," !!! !#."," $#.","#","#","#","#","#","#","#","#","#","#","#","#","#"]},"172":{"keys":[2,1,121],"grid":[" "," "," "," "," "," "," "," "," "," "," "," "," /!#"," (!)#!"," '!###!##%"," %!$#*"]}},"309":{"173":{"keys":[121,1,2],"grid":[" )!!#(","00"," (!##(","00"," )!##'"," *!##&"," +!!#&"," +!$#$"," -!$#!"," /!#"," 0!!","10"," "," "," "," "]},"172":{"keys":[2,1,121],"grid":[" "," "," "," "," "," "," "," "," "," %!# +"," !!& +","!###!! ,","!!#$!! ,","#%!# +","#&!# *","#'!$ ("]}},"313":{"175":{"keys":[121,1,2],"grid":[" !!##."," #!!#.","01"," #!##-","03","!$#.","!!#0","#","#","#","#","#","#","#","#","#"]},"174":{"keys":[2,1,121],"grid":[" "," "," "," "," "," "," ","!# /","07","#!!# .","07"," "," "," "," ","07"]}},"312":{"175":{"keys":[121,1,2],"grid":[" "," "," "," "," "," "," 0!!"," /!#"," .!##!"," .!!##"," -!###"," '!(#$"," '!##)"," '!$#("," (!$#'"," *!!#'"]},"174":{"keys":[2,1,121],"grid":[" "," ","!$ .","!!#!!% +","#%!# +","#&!! +","05","#&!$ )","#(!# $!%","#)!&#$","#0!!","10","#/!#","12","10","10"]}},"311":{"174":{"keys":[121,1,2],"grid":[" &!!#!!$ #!!#$"," &!$ %!###"," .!##!"," /!#"," "," "," "," "," "," "," "," "," "," "," "," "]},"173":{"keys":[2,1,121],"grid":[" "," "," "," "," "," "," "," "," ","!! 0","!# /","09","10","#!!# .","##!% %!$ $","#$!$ $!##!!! $"]}},"310":{"173":{"keys":[2,1,121],"grid":[" "," "," "," "," "," "," "," %!& ("," %!!#$!! ("," %!###!! ("," &!!##!% %","!# #!##&!&","#!!%#,","#!!!#/","#","#"]}},"304":{"168":{"keys":[2,1,121],"grid":[" "," "," "," ","!$ .","##!! .","##!# -","#$!# ,","#%!! ,","#%!# +","#&!$ )","#'!# )","#(!# (","12","#(!! )","14"]},"169":{"keys":[121,1,2],"grid":[" (!!#)"," (!##("," )!!#("," )!$#&"," +!!#&"," +!##%"," ,!$##"," .!##!"," /!#","08"," 0!!","10"," +!'"," (!&#%"," (!$#'"," )!##'"]},"170":{"keys":[121,1,2],"grid":[" *!##&"," +!##%"," ,!!#%"," ,!##$"," -!!#$","03","01","01","03"," -!###","04","03"," +!##!!$"," ,!$ !!!"," "," "]}},"305":{"171":{"keys":[121,1],"grid":[" &!% '!!"," 0!!"," ","01"," "," "," "," "," "," "," "," "," "," "," "," "]},"170":{"keys":[2,1,121],"grid":[" "," "," "," "," "," "," "," "," "," "," "," "," ","!& '!# $","##!!#!!! &!'","#%!(##!!#!!!"]}},"306":{"172":{"keys":[121,1,2],"grid":[" '!##)","00"," &!$#)"," &!!#+"," &!##*","03","04"," '!!#*","00"," (!$#'"," )!##&!!"," *!!#%!#"," *!###!# !"," +!% #"," "," "]},"171":{"keys":[2,1,121],"grid":[" ","!! 0","01","!! #!! -","!' +","#$!!#!!! +","#$!$ +","#%!! ,","#$!# ,","#%!# +","#&!! +","10","#&!# *","12","#'!# )","#(!! )"]}},"307":{"173":{"keys":[121,1],"grid":[" +!# $!!"," 0!!"," "," "," "," "," "," "," "," "," "," "," "," "," "," "]},"172":{"keys":[2,1,121],"grid":[" "," "," "," "," "," "," "," "," "," ","!( *","!!#&!# )","#(!# (","#)!# '","#*!! #!# #","#*!("]}}},"13":{"4909":{"2765":{"keys":[2,121],"grid":[" .!$"," -!%"," ,!&"," +!'"," *!("," )!)","05"," (!*"," '!+"," &!,"," %!-","!","!","!","!","!"]},"2764":{"keys":[2,121],"grid":[" "," "," "," "," "," "," "," "," "," "," "," "," "," "," 0!!"," /!#"]}},"4908":{"2765":{"keys":[2,121],"grid":[" "," "," "," "," "," "," "," "," "," "," ","!","!","!","!","!"]}},"4901":{"2756":{"keys":[121,2],"grid":[" ,!&"," -!%","01","01"," .!$"," .!! #","05"," "," "," "," "," "," "," "," "," 0!!"]},"2757":{"keys":[121,2],"grid":[" /!#"," -!%"," ,!&"," +!'"," *!("," )!)"," (!*","06"," '!+","08","08","05","04","02","01"," .!$"]},"2741":{"keys":[121,2],"grid":[" -!%"," +!'","01","01"," *!(","04"," ,!&","00","00","01","01","04"," $!.","12","12","12"]},"2740":{"keys":[2,121],"grid":[" "," "," ","!! 0","!# /","04","!$ .","06","!% #!! *","!) )","!* (","!+ '","!, &","12","12","!- %"]},"2754":{"keys":[121,2],"grid":[" "," "," "," "," "," "," "," "," "," "," "," "," "," "," *!$ %"," )!)"]},"2742":{"keys":[121,2],"grid":[" #!/","!","!","!","!","!","!","!","!","!","!","!","!","!","!","!"]},"2745":{"keys":[2,121],"grid":[" "," "," "," ","!' +","04","04","!( *","!) )","!* (","09","09","08","08","08","09"]},"2747":{"keys":[121,2],"grid":[" %!-"," $!.","01","01","00"," '!+"," +!'"," ,!&","07"," -!%","09"," .!$","11"," /!#","13"," 0!!"]},"2746":{"keys":[121,2],"grid":[" *!("," (!*"," &!,"," $!."," #!/","04","03","03"," %!-","08","02","01"," )!)","00","01","02"]},"2749":{"keys":[121,2],"grid":[" /!#","00","00"," .!$","03","03","03","03","03","03","03","00"," "," "," "," "]},"2748":{"keys":[121,2],"grid":[" 0!!","00"," "," "," "," "," "," "," "," "," "," "," ","00","00","00"]},"2755":{"keys":[121,2],"grid":[" (!*"," '!+","01","01","01","01","01","01","00"," )!)","09"," *!("," +!'","12","12"," ,!&"]},"2758":{"keys":[121,2],"grid":[" 0!!"," "," "," "," "," "," "," "," "," "," "," "," "," "," "," "]}},"4900":{"2740":{"keys":[121,2],"grid":[" !!0"," #!) #!$ !"," %!& ("," '!! *"," "," "," "," "," "," "," "," "," "," "," "," "]},"2743":{"keys":[121,2],"grid":[" %!-"," &!,","01"," '!+","03"," (!*","05","05","03","01","00","00","00"," !!0","13","13"]},"2742":{"keys":[121,2],"grid":[" "," ","!! /!!","!& (!%","!* #!&","!","!"," !!0"," #!/","!","!","!","!","07","08"," %!-"]},"2745":{"keys":[121,2],"grid":[" /!#","00"," .!$","00"," "," "," "," "," "," "," "," "," "," "," "," "]},"2744":{"keys":[121,2],"grid":[" !!0","00","!","!","!","!","!","!","!","!","!","!","!","00"," &!,"," )!# &!!"]}},"4903":{"2761":{"keys":[121,2],"grid":[" +!'"," -!%"," .!$"," 0!!","03"," "," "," "," "," "," "," "," "," "," "," "]},"2760":{"keys":[2,121],"grid":[" "," "," "," "," "," "," ","!! 0","07","!# /","!$ .","10","!% -","12","!& ,","!( *"]},"2754":{"keys":[121,2],"grid":[" *!("," -!%"," ,!&"," +!'","00","00","00","00","00","!! )!(","!# (!(","!$ '!(","!& %!(","!' $!(","!( !!)","!"]},"2752":{"keys":[121,2],"grid":[" !!0","!","00"," #!/","03"," $!."," %!-","05","05","05","05","03","03","03","03","00"]},"2753":{"keys":[2,121],"grid":[" "," "," "," "," "," "," "," "," "," "," "," "," "," ","!! 0","!# /"]},"2750":{"keys":[2,121],"grid":[" "," "," "," "," $!! -","!& ,","!' +","!) )","!* (","08","07","07","!( *","12","12","06"]},"2751":{"keys":[121,2],"grid":[" '!+"," &!,","01"," %!-","03","03","01","03","03"," $!."," #!/","10","09","09","03","03"]}},"4902":{"2760":{"keys":[121,2],"grid":[" /!#","00","00","00","00"," "," "," "," "," "," "," "," "," "," "," "]},"2756":{"keys":[2,121],"grid":[" "," "," "," "," "," "," "," "," "," "," ","!! 0","!# /","11"," "," "]},"2754":{"keys":[121,2],"grid":[" "," "," "," "," "," "," "," "," 0!!"," .!$"," -!%"," +!'"," )!)"," '!+"," %!-","!! !!/"]},"2752":{"keys":[121],"grid":[" "," "," "," "," "," "," "," "," "," "," "," "," "," "," "," "]},"2753":{"keys":[121,2],"grid":[" "," 0!!","01","01","01","01","01"," "," "," ","01","01","01"," "," "," "]},"2750":{"keys":[121,2],"grid":[" (!*","00"," )!)"," *!("," +!'"," -!# #"," "," "," "," "," "," "," "," "," "," "]},"2749":{"keys":[2,121],"grid":[" "," "," "," "," "," "," "," "," "," "," "," "," ","!# /","!% -","!' +"]},"2748":{"keys":[2],"grid":[" "," "," "," "," "," "," "," "," "," "," "," "," "," "," "," "]},"2758":{"keys":[2,121],"grid":[" "," ","!! 0","!# /","!$ .","!% -","05","05","05","!& ,","09","!' +","11","!( *","13","13"]},"2759":{"keys":[121,2],"grid":[" (!*"," '!+","01","01","01","01","00"," *!(","07","07","07"," +!'"," ,!&"," -!%","13"," .!$"]}},"4905":{"2763":{"keys":[121,2],"grid":[" -!%","00","00","00","00","00","00","00","00","00","00","00","00","00","00","00"]},"2762":{"keys":[121,2],"grid":[" !!$ !!! $!("," !!& %!'"," $!$ %!'"," ,!&"," -!%"," .!$","05","05","05","05","05","05","05","05","05","04"]},"2761":{"keys":[2,121],"grid":[" "," "," "," "," "," "," "," "," "," "," "," "," '!! *"," &!# *"," %!% )","14"]},"2764":{"keys":[121,2],"grid":[" -!%","00","00","00","00"," 0!!"," "," "," "," "," "," "," "," "," "," "]}},"4904":{"2762":{"keys":[121],"grid":[" "," "," "," "," "," "," "," "," "," "," "," "," "," "," "," "]},"2761":{"keys":[2,121],"grid":[" "," "," "," "," "," ","!# /","!$ .","!% -","!' +","!( *","!* (","!+ '","!, &","13","!- %"]}},"4907":{"2765":{"keys":[2,121],"grid":[" "," "," "," "," "," "," "," "," "," "," "," +!'"," (!*","!","!","!"]}},"4906":{"2765":{"keys":[121,2],"grid":[" &!,"," %!-"," $!."," #!/","02","01","00"," '!+"," (!*"," )!)"," *!("," +!'"," 0!!"," "," "," "]},"2764":{"keys":[2,121],"grid":[" "," "," "," "," "," "," "," "," "," ","!! 0","!# /","!$ .","!% -","!& ,","!' +"]}},"4981":{"2785":{"keys":[121,2],"grid":[" +!'","00"," ,!&"," .!$","03","03"," /!! !"," "," "," "," "," "," "," "," "," "]},"2784":{"keys":[121,2],"grid":[" )!)","00"," (!*","00","00"," '!+","05","05","05","05","02","00"," *!("," +!'","12","13"]},"2783":{"keys":[121,2],"grid":[" %!-"," &!,"," '!+","02"," +!'"," *!("," (!*","06","06","01","01","01","06"," )!)","13","13"]},"2782":{"keys":[2,121],"grid":[" "," "," "," "," "," "," "," "," "," "," "," "," "," ","!% -","14"]}},"4980":{"2783":{"keys":[2,121],"grid":[" !!0","!","!","!","!","!","!","!","!","!","!","!","!","!","!","!"]},"2782":{"keys":[2,121],"grid":[" "," "," "," "," "," "," "," "," "," "," "," "," "," "," +!# $!!"," #!# '!'"]}},"4868":{"2697":{"keys":[121,2],"grid":[" -!%"," .!$","01"," /!#"," "," "," "," "," "," "," "," "," "," "," "," "]},"2696":{"keys":[121,2],"grid":[" '!+"," &!,","01","01","00","00","01","01","01"," %!-","09","00"," ,!! !!$"," -!%","13","13"]},"2695":{"keys":[2,121],"grid":[" ","!! 0","!# /","!% -","!& ,","!' +","05","!( *","07","07","07","07","07","07","05","05"]}},"4869":{"2697":{"keys":[2,121],"grid":[" "," "," "," "," %!! ,","!! #!$ +","!) )","!+ '","!, &","!- %","09","09","08","08","08","08"]},"2698":{"keys":[121,2],"grid":[" ,!&","00","00"," -!%"," .!$"," /!#"," "," "," "," "," "," "," "," "," "," "]}},"4985":{"2784":{"keys":[2,121],"grid":[" 0!!"," /!#"," -!%"," ,!&"," +!'"," )!)"," (!*"," '!+"," %!-"," $!."," #!/"," !!0","!","!","!","!"]},"2783":{"keys":[2],"grid":[" "," "," "," "," "," "," "," "," "," "," "," "," "," "," "," "]}},"4984":{"2784":{"keys":[2,121],"grid":[" "," "," "," "," "," "," "," "," ","!& ,","!) )","!+ '","!0 !","!","!","!"]}},"4987":{"2782":{"keys":[2,121],"grid":[" "," "," "," "," )!$ &"," '!' %"," &!) $"," %!* $"," $!+ $"," #!- #"," !!. #","!/ #","!0 !","!","!","!"]}},"4986":{"2783":{"keys":[2,121],"grid":[" +!'"," )!)"," (!*","02"," '!+"," &!,","05","05"," %!-","08"," $!.","10"," #!/"," !!0","13","!"]},"2782":{"keys":[2,121],"grid":[" "," "," "," "," "," "," "," "," "," "," "," 0!!"," /!#"," .!$"," -!%"," ,!&"]}},"4989":{"2785":{"keys":[2,121],"grid":[" "," "," "," "," "," "," "," "," "," "," "," "," ","!! 0","13","!# /"]},"2786":{"keys":[121,2],"grid":[" #!/","00"," $!."," %!-"," &!,","04"," (!*"," )!! #!&"," -!%"," .!$","09"," /!#","11"," 0!!","13"," "]}},"4988":{"2785":{"keys":[121,2],"grid":[" ,!&","00","00"," -!%"," .!$"," /!#","05"," 0!!","07","07","07"," "," "," "," "," "]},"2784":{"keys":[121,2],"grid":[" +!'","00","00","00","00","00","00","00","00","00","00"," ,!&","11","11","11","11"]},"2783":{"keys":[121,2],"grid":[" #!/"," $!.","01"," %!-","03"," &!,","05"," '!+","07"," (!*","09"," )!)"," *!(","12"," +!'","14"]},"2782":{"keys":[2,121],"grid":[" "," "," "," "," "," "," "," "," "," "," "," "," ","!! 0","13","!# /"]}},"4866":{"2694":{"keys":[121,2],"grid":[" !!0","00"," $!."," %!-"," '!+"," (!*"," *!("," +!'"," -!%"," .!! #"," "," "," "," "," "," "]},"2693":{"keys":[2,121],"grid":[" ","!! 0","!# /","02","02","!$ .","!% -","!& ,","!' +","08","08","07","06","05","05","02"]},"2692":{"keys":[2],"grid":[" "," "," "," "," "," "," "," "," "," "," "," "," "," "," "," "]}},"4867":{"2695":{"keys":[121],"grid":[" "," "," "," "," "," "," "," "," "," "," "," "," "," "," "," "]},"2694":{"keys":[2,121],"grid":[" "," "," "," "," "," "," "," "," +!! &","!' $!% $","!( #!' !","!) !!' !","!0 !","12","!","!"]}},"4864":{"2692":{"keys":[2,121],"grid":[" "," "," "," "," "," "," *!("," (!*"," #!/","!","!","!","!","!","!","!"]}},"4865":{"2692":{"keys":[2,121],"grid":[" "," "," "," "," "," ","!' +","!. $","!0 !","!","!","!","!","!","!","!"]}},"4888":{"2735":{"keys":[2,121],"grid":[" "," "," "," "," "," "," "," "," "," "," 0!!"," /!#"," .!$"," ,!&","13","13"]},"2736":{"keys":[2,121],"grid":[" ,!&","00","!# *!&","!! *!'","!$ &!)","!% #!+","!","!","!","!","!","!","!","!","!","!"]}},"4889":{"2735":{"keys":[2,121],"grid":[" "," "," "," "," "," %!# +"," $!% *"," #!' $!&"," !!) #!&","!","!","!","!","!","!","!"]}},"4880":{"2733":{"keys":[2,121],"grid":[" "," "," ","!! 0","!# /","!$ .","!( *","!) )","!* (","!+ '","!0 !","!","!","!","!","!"]}},"4881":{"2733":{"keys":[2,121],"grid":[" "," "," "," "," "," +!'"," *!("," )!)","07"," (!*"," '!+","!","!","!","!","!"]}},"4882":{"2734":{"keys":[121],"grid":[" "," "," "," "," "," "," "," "," "," "," "," "," "," "," "," "]},"2733":{"keys":[2,121],"grid":[" "," "," "," "," "," ","!! 0","!# /","!$ .","!& ,","!' +","!( *","!* (","!+ '","!- %","!. #!!"]}},"4883":{"2733":{"keys":[2,121],"grid":[" "," "," "," "," "," '!# (!!"," '!+","06","06"," %!-"," $!.","10"," #!/"," !!0","!","!"]}},"4884":{"2734":{"keys":[121,2],"grid":[" .!$","00","00","00","00","00","00","00","00","00"," /!#","10","10","10","10","10"]},"2735":{"keys":[121,2],"grid":[" /!#","00","00","00","00","00"," 0!!"," "," "," "," "," "," "," "," "," "]},"2733":{"keys":[2,121],"grid":[" "," "," "," "," ","!! 0","!# /","!' +","!- %","08","!. $","10","10","10","10","10"]}},"4885":{"2735":{"keys":[2,121],"grid":[" "," "," "," "," "," "," "," ","!! 0","!# /","09","!$ .","!% -","!& ,","13","!( *"]},"2736":{"keys":[121,2],"grid":[" *!("," ,!&"," .!$"," /!#"," "," "," "," "," "," "," "," "," "," "," "," "]}},"4886":{"2735":{"keys":[2,121],"grid":[" "," "," "," "," "," "," "," "," "," "," "," "," "," "," &!! +"," %!$ &!# #"]},"2736":{"keys":[2,121],"grid":[" $!- !"," #!/","01"," !!0","!","!","!","!","!","!","!","!","!","!","!","!"]}},"4887":{"2735":{"keys":[2,121],"grid":[" "," "," "," "," "," "," "," "," "," "," "," "," "," )!! ("," )!# '"," (!% &"]},"2736":{"keys":[2,121],"grid":[" (!& %"," '!( $","!$ #!* !!!","!","!","!","!","!","!","!","!","!","!","!","!","!"]}},"4875":{"2727":{"keys":[2,121],"grid":[" "," "," "," "," "," "," "," "," "," "," "," "," "," "," %!! ,"," #!% +"]},"2726":{"keys":[121,2],"grid":[" %!-"," &!,","01"," '!+"," (!*"," )!)","05","05","05","03","00","00","01"," $!.","!","!"]},"2725":{"keys":[121,2],"grid":[" "," "," "," "," "," /!#"," ,!&","06"," +!'"," *!(","09","09"," )!)"," '!+"," %!-","14"]},"2723":{"keys":[121,2],"grid":[" +!'"," +!! &"," "," "," "," "," "," "," "," "," "," "," "," "," "," "]},"2722":{"keys":[121,2],"grid":[" (!*"," )!)"," *!(","01","00"," '!+","00","00","01","02","02","02","02","02"," +!'","14"]},"2721":{"keys":[2,121],"grid":[" "," "," "," !!! /","!# /","!$ .","!% -","!& ,","!' +","07","07","06","06","07","08","08"]},"2733":{"keys":[121,2],"grid":[" (!*"," )!)"," *!("," ,!&"," -!%"," /!#"," "," "," "," "," "," "," "," "," "," "]},"2731":{"keys":[121,2],"grid":[" "," /!! !"," /!#","02","02"," .!$","05","05","05"," )!$ !!%"," (!*"," '!+"," %!-","12"," #!/","14"]},"2709":{"keys":[2,121],"grid":[" "," $!% *","!) )","!* (","!+ '","02","02","02","02","02","02","02","02","!( *","02","02"]},"2710":{"keys":[121,2],"grid":[" *!("," )!)"," (!( #"," '!( $"," &!( %"," '!' %"," *!# &"," "," "," "," "," "," "," "," "," "]},"2728":{"keys":[121,2],"grid":[" (!*"," *!(","01","01"," +!'"," ,!&"," -!%"," -!# #"," .!! #"," "," "," "," "," "," "," "]},"2732":{"keys":[121,2],"grid":[" $!.","00"," %!-"," '!+"," )!)"," (!*","05","05"," #!/","!","!","!","!","!"," !!! &!*","04"]},"2716":{"keys":[121,2],"grid":[" "," "," "," "," "," "," "," "," "," "," "," "," "," 0!!"," '!# $!&"," &!,"]},"2717":{"keys":[121,2],"grid":[" $!."," !!0","!","!","!","!","!","!","!","!","!","!","!","!","!","!"]}},"4874":{"2727":{"keys":[121,2],"grid":[" .!$","00"," /!#","00"," -!%"," ,!&","04","04","00","00","02","02","02","02","02","02"]},"2726":{"keys":[121,2],"grid":[" "," "," "," "," "," "," "," "," "," "," "," "," "," "," .!$"," -!%"]},"2709":{"keys":[121,2],"grid":[" .!$"," 0!!"," "," "," "," "," "," "," "," "," "," "," "," "," "," "]},"2721":{"keys":[121,2],"grid":[" )!)"," *!(","01","01","01"," +!& !"," +!% #"," +!$ $"," +!# %"," "," "," "," "," "," "," "]},"2732":{"keys":[121,2],"grid":[" "," "," "," "," "," "," "," "," "," "," 0!!"," "," ","10"," "," "]},"2720":{"keys":[2,121],"grid":[" "," "," "," "," "," "," "," "," "," "," (!! )"," #!' )","!) )","12","12","12"]},"2707":{"keys":[2,121],"grid":[" "," "," "," "," ","!! 0","05","05","05","!# /","09","!$ .","11","!% -","!& ,","14"]},"2716":{"keys":[121,2],"grid":[" "," "," "," "," "," "," "," "," "," "," "," "," "," "," )!% %"," )!& $"]},"2708":{"keys":[121,2],"grid":[" &!,","00"," '!+"," (!*"," )!)"," +!'","05"," -!%","07"," .!$","09","07","07"," ,!&","13","07"]},"2717":{"keys":[121,2],"grid":[" (!) !","!! &!+","!$ $!+","!","!","!","!","!","!","!","!","!","!","!","!","!"]}},"4877":{"2710":{"keys":[2,121],"grid":[" "," "," "," "," "," "," "," ","!! 0","08","!# /","!$ .","!& ,","!' +","!( *","!* ("]},"2711":{"keys":[121,2],"grid":[" ,!&"," .!$"," 0!!","02","02"," "," "," "," "," "," "," "," "," "," "," "]},"2716":{"keys":[121,2],"grid":[" "," "," "," "," "," "," ","!' #!$ &","!","!","!","!","!","!","!","!"]},"2732":{"keys":[2],"grid":[" "," "," "," "," "," "," "," "," "," "," "," "," "," "," "," "]},"2733":{"keys":[2,121],"grid":[" 0!!"," /!#"," .!$","02"," -!%"," ,!&"," +!'"," *!("," )!)"," (!*"," '!+"," &!,"," %!-","!","!","!"]},"2729":{"keys":[2,121],"grid":[" "," ","!% -","!& ,","!' +","02","02","04","04","04","03","03","02","!# /","!! 0"," "]}},"4876":{"2710":{"keys":[2,121],"grid":[" "," ","!+ '","02","!/ #","!0 !","05","!","!","!","!","!","!","!","!","!"]},"2724":{"keys":[121,2],"grid":[" &!,","00","00"," '!+","03","03","03"," (!*","07","07","07","03","00","00","03","07"]},"2730":{"keys":[121,2],"grid":[" 0!!"," /!#","00"," $!# +!!"," #!% )!#"," #!+ !!$"," #!+ #!#","06"," $!.","08","08"," %!-","11","08"," #!/"," !!0"]},"2731":{"keys":[121,2],"grid":[" !!0","00"," #!/","!","!","!","!","!","!","!","!","!","!","!","!","!"]},"2733":{"keys":[2,121],"grid":[" "," "," "," "," "," ","!! 0","!$ .","!% -","!& ,","!' +","!) )","!* (","!+ $!$","!","!"]},"2725":{"keys":[121,2],"grid":[" '!+"," &!,"," %!-"," $!."," #!/","!","!","!","!","!","!","!","!","!","!","!"]},"2729":{"keys":[121,2],"grid":[" /!#"," "," "," "," "," "," "," "," "," "," "," "," "," "," "," "]},"2728":{"keys":[2,121],"grid":[" "," "," "," "," "," !!! /"," !!% ,","!& ,","07","07","!% -","10","!% &!# &","!$ '!# &","!& $!$ &","!- %"]},"2716":{"keys":[121,2],"grid":[" "," "," "," "," ,!# $"," +!% #"," *!(","06","06"," )!)"," (!*","10"," &!,","!","!","!"]},"2723":{"keys":[2,121],"grid":[" ","!$ .","!( *","02","02","02","02","!) )","!+ '","!, &","09","09","09","09","!( #!! '","!% -"]}},"4871":{"2717":{"keys":[121,2],"grid":[" "," "," "," "," "," "," "," "," "," "," "," "," "," "," 0!!"," /!#"]},"2705":{"keys":[121,2],"grid":[" .!$","00","00","00","00","00","00","00","00"," /!#","09","09","09"," "," "," "]},"2704":{"keys":[121,2],"grid":[" .!$","00","00","00"," /!#"," 0!!","05","05","04","00","00","00","04"," -!%","00","00"]},"2718":{"keys":[121,2],"grid":[" -!%"," ,!&"," *!(","02","02"," +!& !"," "," "," "," "," "," "," "," "," "," "]},"2701":{"keys":[121,2],"grid":[" "," "," "," "," "," "," "," "," "," "," "," "," 0!!"," -!%"," ,!&","14"]},"2700":{"keys":[121,2],"grid":[" %!-"," &!,"," '!+"," -!%"," .!$"," /!#"," 0!!"," "," "," "," "," "," "," "," "," "]},"2703":{"keys":[121,2],"grid":[" '!+"," %!-"," $!."," #!/","03"," #!% #!)"," *!(","06","06","06","06","06","06"," +!'","13"," ,!&"]},"2702":{"keys":[121,2],"grid":[" ,!&","00","00"," -!%"," .!$","04"," /!#"," 0!!","06","06","06","04","04"," *!("," )!)"," (!*"]},"2699":{"keys":[121,2],"grid":[" !!0","00"," $!."," #!/","00","00","!","!","!","!","!","!","00","00","02"," %!-"]},"2698":{"keys":[2,121],"grid":[" "," "," "," "," "," "," "," "," "," "," "," "," "," "," ","!! 0"]}},"4870":{"2699":{"keys":[121,2],"grid":[" "," "," "," "," "," "," "," "," 0!!","08"," "," "," "," "," "," "]},"2698":{"keys":[2,121],"grid":[" "," "," "," "," "," "," ","!! 0","!/ #","08","08","!0 !","11","!","!","!"]}},"4873":{"2718":{"keys":[2],"grid":[" "," "," "," "," "," "," "," "," "," "," "," "," "," "," "," "]},"2719":{"keys":[2,121],"grid":[" &!$ )"," $!& )","!* (","02","02","!+ '","05","!, &","07","07","!- %","10","10","!. $","13","13"]},"2707":{"keys":[2,121],"grid":[" "," $!.","!","!","!","!","!","!","!","!","!","!","!","!","!","!"]},"2720":{"keys":[121,2],"grid":[" .!$","00","00","00","00","00","00","00","00","00","00","00"," "," "," "," "]},"2717":{"keys":[121,2],"grid":[" "," "," "," /!#"," -!%"," *!("," #!# %!)","!% #!+","!","!","!","!","!","!","!","!"]}},"4872":{"2706":{"keys":[121,2],"grid":[" /!#"," .!$","01","01"," -!%","04"," ,!&","06"," +!'","08","06","06","04","04","01","01"]},"2717":{"keys":[121,2],"grid":[" "," "," "," "," "," "," *!(","06"," (!! !!("," &!,","09"," %!-"," !!! !!.","!","!","!"]},"2705":{"keys":[2,121],"grid":[" "," "," "," "," "," "," "," "," "," "," "," '!! *"," #!) '","!- %","!. $","!/ #"]},"2707":{"keys":[121,2],"grid":[" 0!!","00"," "," "," "," "," "," "," "," "," "," "," "," "," "," "]},"2719":{"keys":[121,2],"grid":[" +!'"," "," "," "," "," "," "," "," "," "," "," "," "," "," "," "]},"2701":{"keys":[121,2],"grid":[" %!-","00","00","00"," $!.","04","04","04"," #!/"," !!0","!","!","!","!","!","!"]},"2700":{"keys":[2,121],"grid":[" "," "," "," "," "," "," "," ","!! 0","!$ .","!% -","!& ,","11","10","10","10"]},"2718":{"keys":[2,121],"grid":[" "," "," "," ","!! 0","04","04","04","!# /","08","08","!$ .","11","!% -","!+ '","14"]}},"4879":{"2712":{"keys":[2,121],"grid":[" "," "," "," ","!! 0","04","!# /","06","06","06","04","06","06","!$ .","13","13"]},"2713":{"keys":[121,2],"grid":[" $!."," #!/","01","01","01"," !!0","05","05","!","!","!","!","!","!","!","!"]},"2716":{"keys":[121,2],"grid":[" &!,","00","00"," !!0","!","!","!","!","!","!","!","!","!","!","!","!"]},"2732":{"keys":[2,121],"grid":[" "," "," "," "," "," "," "," "," "," "," "," "," ","!# /","!! 0","14"]},"2714":{"keys":[121,2],"grid":[" !!0"," #!/"," %!-"," &!,"," '!+"," (!*","05"," )!)","07"," *!("," +!'","10","10","10","10","10"]},"2715":{"keys":[121,2],"grid":[" +!'","00","00","00","00"," ,!&","05","05","05","05","00","00","00"," *!("," )!)"," '!+"]},"2733":{"keys":[121,2],"grid":[" %!* !!#"," '!' $!!"," *!# &"," "," "," "," "," "," "," "," "," "," "," "," "," "]}},"4878":{"2712":{"keys":[121,2],"grid":[" +!# !!$"," /!#"," 0!!"," "," "," "," "," "," "," "," "," "," "," "," "," "]},"2713":{"keys":[121,2],"grid":[" "," "," "," "," "," "," "," "," "," "," "," 0!!"," "," "," "," "]},"2711":{"keys":[2,121],"grid":[" "," "," "," "," "," ","!! 0","06","06","06","!$ .","!( *","!) )","12","12","!* ("]},"2716":{"keys":[121,2],"grid":[" "," "," "," "," "," *!! %!#"," '!' !!$"," $!.","!","!","!","!","!","!","!","!"]},"2732":{"keys":[2,121],"grid":[" "," "," "," "," "," "," "," "," "," '!$ ("," &!( %"," %!+ #"," $!."," #!/"," !!0","!"]}},"4978":{"2781":{"keys":[2,121],"grid":[" "," "," "," "," "," "," "," "," "," "," "," "," "," "," ","!$ ."]},"2782":{"keys":[121,2],"grid":[" %!-","00"," &!,"," '!+","03"," (!*","05"," *!$ %"," +!# %"," "," "," "," "," "," "," "]}},"4979":{"2783":{"keys":[121],"grid":[" "," "," "," "," "," "," "," "," "," "," "," "," "," "," "," "]},"2782":{"keys":[2,121],"grid":[" "," "," "," "," "," "," ","!! 0","!& ,","!) )","!+ '","10","!, &","12","!- %","!. #!!"]}},"4974":{"2779":{"keys":[2,121],"grid":[" ","!$ .","!, &","!- %","!/ #","!0 !","!","!","!","!","!","!","!","!","!","!"]}},"4975":{"2779":{"keys":[2,121],"grid":[" "," "," "," "," /!#"," .!$"," -!%","!! ,!%","!# *!&","!$ (!'","!% &!(","!& %!(","!' #!)","!","!","!"]}},"4976":{"2778":{"keys":[2,121],"grid":[" %!# +"," $!% *","01"," #!( ("," #!) '"," #!* &","05","05"," #!+ %"," $!, #"," $!- !","10"," $!.","12","12","09"]},"2779":{"keys":[2,121],"grid":[" $!+ $"," $!* %","01"," #!* &","!+ '","!* (","!) )","!( *","!' +","08","!& ,","10","08","08","08","08"]},"2780":{"keys":[121,2],"grid":[" '!+","00"," (!*","02","02","02","02"," )!)"," *!("," ,!&"," .!$"," 0!!"," "," "," "," "]},"2777":{"keys":[2],"grid":[" "," "," "," "," "," "," "," "," "," "," "," "," "," "," "," "]}},"4977":{"2778":{"keys":[2,121],"grid":[" "," "," "," "," "," "," "," "," "," "," "," "," ","!! 0"," "," "]},"2781":{"keys":[121,2],"grid":[" %!-","00","00"," &!,","03","03"," '!+","06","06","06"," (!*"," )!)"," *!("," +!'"," ,!&"," "]},"2780":{"keys":[2,121],"grid":[" "," "," "," "," "," "," "," "," "," "," "," ","!! 0","!$ .","13","13"]}},"4970":{"2778":{"keys":[2,121],"grid":[" "," "," "," "," *!$ %"," )!)"," (!*","06"," '!+","08"," &!,","10"," %!-","!! $!-","!","!"]}},"4971":{"2778":{"keys":[2,121],"grid":[" "," "," "," "," "," ","!$ .","!' +","07","07","!& ,","10","10","10","!+ '","14"]},"2779":{"keys":[121,2],"grid":[" ,!&","00","00","00","00","00"," -!%","06"," .!$"," "," "," "," "," "," "," "]}},"4972":{"2779":{"keys":[2,121],"grid":[" "," "," "," "," "," "," "," "," ","!' +","!) '!#","!, !!%","!","!","!","!"]}},"4973":{"2779":{"keys":[2,121],"grid":[" "," 0!!"," .!$"," -!%"," +!'"," )!)"," '!+"," %!-"," #!/","!","!","!","!","!","!","!"]}},"5010":{"2793":{"keys":[2,121],"grid":[" "," "," "," "," "," ","!! 0","06"," "," "," "," "," "," "," "," "]},"2802":{"keys":[121,2],"grid":[" *!(","00"," )!)","02","02","02","02","02","02"," (!*","09"," '!+","11","09","09","09"]},"2803":{"keys":[121,2],"grid":[" (!*","00","00","00","00","00","00","00","00"," *!("," +!'"," ,!&"," -!%"," /!#"," 0!!"," "]},"2800":{"keys":[2,121],"grid":[" "," "," "," "," "," "," "," "," "," "," "," "," ","!! 0","13","!% -"]},"2801":{"keys":[121,2],"grid":[" &!,"," '!+"," )!)"," +!'"," -!%","04","04"," ,!&","07","07","03","03","03"," *!(","13","13"]},"2804":{"keys":[121,2],"grid":[" "," "," "," "," "," "," "," "," "," "," "," "," 0!!"," /!#"," -!%"," ,!&"]},"2805":{"keys":[121,2],"grid":[" (!*","!","!","!","!","!","!","!","!","!","!","!","!","!","!","!"]}},"5011":{"2803":{"keys":[2],"grid":[" "," "," "," "," "," "," "," "," "," "," "," "," "," "," "," "]},"2804":{"keys":[121,2],"grid":[" #!/"," $!."," %!-"," &!,"," '!+","04","03","03","03","02","00","!","!","!","!","!"]}},"4899":{"2741":{"keys":[121],"grid":[" "," "," "," "," "," "," "," "," "," "," "," "," "," "," "," "]},"2740":{"keys":[121],"grid":[" "," "," "," "," "," "," "," "," "," "," "," "," "," "," "," "]},"2742":{"keys":[121,2],"grid":[" .!! #"," /!! !"," 0!!","02","02","02"," "," "," "," ","02"," "," "," "," "," "]},"2744":{"keys":[121,2],"grid":[" "," "," "," 0!!","03","03"," /!#","06","06","03","03"," "," "," "," "," "]},"2739":{"keys":[2,121],"grid":[" "," "," "," "," "," ,!! %"," *!$ %","06","06"," )!( !"," '!* !","10"," '!) #"," &!* #"," %!+ #"," $!- !"]}},"4898":{"2740":{"keys":[2,121],"grid":[" "," .!$"," ,!&"," !!# )!&","!& !!# %!%","04","!","!","!","!","!","!","!","!","!","!"]}},"4893":{"2734":{"keys":[2,121],"grid":[" "," "," "," 0!!","03"," /!#","05","05","!! .!#","!& *!#","09","!& )!$","!& (!%","!& '!&","!& &!'","!& $!)"]},"2735":{"keys":[121,2],"grid":[" '!! *"," "," "," "," "," "," "," "," "," "," "," "," "," "," "," "]}},"4892":{"2734":{"keys":[121,2],"grid":[" !!0"," !!) !!'"," $!& $!&"," -!%"," .!$"," /!#"," 0!!","06"," "," "," "," "," "," "," "," "]},"2733":{"keys":[2],"grid":[" "," "," "," "," "," "," "," "," "," "," "," "," "," "," "," "]}},"4891":{"2734":{"keys":[2,121],"grid":[" /!#"," -!%"," +!'"," (!*"," &!,","04","04","04","04"," #!/"," !!0","10","10","10","!","!"]},"2733":{"keys":[2],"grid":[" "," "," "," "," "," "," "," "," "," "," "," "," "," "," "," "]}},"4890":{"2734":{"keys":[2],"grid":[" "," "," "," "," "," "," "," "," "," "," "," "," "," "," "," "]},"2735":{"keys":[2,121],"grid":[" .!$"," &!,"," %!-","02","02","02"," $!."," #!/","!","!","!","!","!","!","!","!"]}},"4897":{"2740":{"keys":[2,121],"grid":[" "," "," "," "," 0!!"," /!#"," -!%"," ,!&"," +!'","08","!! '!*","!# %!+","!$ #!,","!","!","!"]}},"4896":{"2740":{"keys":[121,2],"grid":[" )!)"," *!(","01"," +!'","03"," ,!&","05"," -!%","07"," /!#"," /!! !"," "," "," "," "," "]},"2737":{"keys":[2,121],"grid":[" "," "," "," "," "," "," "," "," "," "," "," "," ","!! 0","!$ .","!& ,"]},"2738":{"keys":[121,2],"grid":[" '!+"," (!*"," &!,"," %!-","03"," $!.","05","05"," #!/","05","05","05","05"," %!! !!+","01","01"]},"2739":{"keys":[121,2],"grid":[" &!,"," $!."," #!/","!","!","!","!","!","!# !!."," %!-","01","09","00"," '!+","13"," )!)"]}},"4895":{"2734":{"keys":[2,121],"grid":[" "," ","!! !!# -","!( *","!* (","!- %","!/ #","06","05","!+ '","09","04","04","04","04","09"]},"2735":{"keys":[121,2],"grid":[" ,!&","00","00"," +!'"," *!(","04"," )!)"," (!*","07"," '!+","09","09","09","07","07","07"]},"2736":{"keys":[121,2],"grid":[" (!*","00","00","00"," )!)","00"," '!+"," &!,"," %!-","08","07","07","06","04"," *!("," +!'"]},"2737":{"keys":[121,2],"grid":[" +!'"," *!("," )!)","02","01","00"," ,!&","06","06","06","06"," .!$"," 0!!"," "," "," "]},"2739":{"keys":[121,2],"grid":[" "," "," "," "," 0!!","04"," /!#","06","04"," "," "," "," "," "," "," "]}},"4894":{"2734":{"keys":[2,121],"grid":[" "," #!! )!% !","!' !!*","!","!","!","!","!","!","!","!","!","!","!","!","!"]}},"4969":{"2778":{"keys":[2,121],"grid":[" "," "," "," ","!$ .","!& ,","!' +","!) )","!+ '","!- %","!/ #","!0 !","!","!","!","!"]}},"4968":{"2778":{"keys":[121,2],"grid":[" ,!&"," .!$"," 0!!"," "," "," "," "," "," "," "," "," "," "," "," "," "]},"2775":{"keys":[2,121],"grid":[" "," "," ","!# /","!$ .","!% -","05","05","05","05","05","05","05","!& ,","13","13"]},"2776":{"keys":[121,2],"grid":[" &!,","00","00","00"," '!+","04"," (!*","06","06"," )!)","09"," *!(","11"," +!'","13"," ,!&"]},"2777":{"keys":[121,2],"grid":[" ,!&","00"," -!%","02","02","02","02","02","02","02","02","02","02","00","00","00"]}},"4967":{"2775":{"keys":[2,121],"grid":[" "," "," -!# #"," *!("," )!)"," (!*"," '!+"," &!,"," %!-"," #!/","!","!","!","!","!","!"]}},"4966":{"2775":{"keys":[2,121],"grid":[" "," "," "," "," "," "," "," "," "," ","!$ .","!","!","!","!","!"]}},"4965":{"2778":{"keys":[2,121],"grid":[" $!."," &!,","01","01"," '!+","04"," (!*","06"," )!)"," *!(","09"," +!'","11"," ,!&","13"," -!%"]},"2779":{"keys":[2,121],"grid":[" -!%"," *!("," )!)"," '!+"," %!-"," $!.","05","05","05","05"," #!/","!","!","!","!","!"]},"2775":{"keys":[2,121],"grid":[" "," "," "," "," "," "," "," ","!' +","!- %","!","!","!","!","!","!"]},"2777":{"keys":[121,2],"grid":[" "," "," "," "," "," "," "," "," "," ","!! 0","10","!# /","12","!$ .","14"]}},"4964":{"2779":{"keys":[2,121],"grid":[" "," "," "," "," "," "," "," "," "," "," "," "," /!#"," -!%"," *!("," (!*"]},"2777":{"keys":[2,121],"grid":[" "," "," "," "," "," "," "," 0!!"," "," "," "," "," "," "," "," "]},"2775":{"keys":[2,121],"grid":[" "," "," "," "," "," "," "," -!$ !"," .!$","08","08","08","08","08"," /!#","14"]},"2776":{"keys":[2,121],"grid":[" /!#","00","00","00"," 0!!","04","00","00","00","00","00","04","04"," "," "," "]},"2780":{"keys":[2,121],"grid":[" (!*","00"," )!)"," *!(","03","03","02"," '!+"," %!-"," $!."," !!0","!","!","!","!","!"]}},"4963":{"2780":{"keys":[2,121],"grid":[" "," "," "," "," "," )!! ("," &!% ("," $!' (","!+ '","08","08","08","!, %!!","!, #!$","!, !!%","!"]}},"4962":{"2780":{"keys":[2,121],"grid":[" "," "," "," "," "," "," "," "," "," /!#"," -!%"," *!("," (!*"," &!,"," $!.","!"]}},"4961":{"2779":{"keys":[2,121],"grid":[" "," "," "," "," "," "," "," "," "," "," "," ","!! 0","!# /","!$ .","!% -"]},"2781":{"keys":[121,2],"grid":[" %!, !"," %!+ #"," $!, #"," %!* $"," %!) %"," %!( &","05"," %!' '","07"," &!% ("," '!$ ("," '!# )"," (!! )"," "," "," "]},"2780":{"keys":[121,2],"grid":[" &!,","00"," '!+"," (!*","03"," )!)"," *!(","06"," +!'"," ,!&","09","06","03","00"," $!.","14"]}},"4960":{"2779":{"keys":[2,121],"grid":[" ","!% -","!& ,","!' +","!( *","!) )","!* (","!+ #!# #","!+ !!$ #","!0 !","09","!","!","!","!","!"]}},"5003":{"2793":{"keys":[2,121],"grid":[" "," "," "," "," "," "," "," "," "," "," "," ","!$ ,!#","!","!","!"]},"2811":{"keys":[121,2],"grid":[" "," "," #!% +","!, &","!0 !","!","!","!","!","!","!","!","!","!","!","!"]}},"5002":{"2793":{"keys":[2,121],"grid":[" "," "," "," "," "," "," "," "," "," "," *!! '"," &!* #"," !!0","!","!","!"]},"2811":{"keys":[121,2],"grid":[" "," "," "," ,!&"," $!.","!","!","!","!","!","!","!","!","!","!","!"]}},"5001":{"2815":{"keys":[121,2],"grid":[" #!/"," !!0","01","01","01","01","00"," $!."," %!-","08","07","07","07","07","00","00"]},"2793":{"keys":[2,121],"grid":[" ","!! 0","!# /","!$ .","!% -","!& ,","!' +","!( *","!) )","!* (","!+ '","!, &","!- %","!","!","!"]},"2811":{"keys":[121,2],"grid":[" "," "," "," "," .!$"," ,!&"," *!("," )!)"," (!*"," '!+"," &!,"," %!-"," $!."," !!0","!","!"]},"2814":{"keys":[2,121],"grid":[" "," "," "," "," "," "," "," "," "," "," "," "," "," "," ","!# /"]}},"5000":{"2792":{"keys":[2,121],"grid":[" "," "," "," "," ","!$ .","!' +","!* (","!+ '","08","!, &","!- %","!. $","!/ #","!0 !","14"]},"2793":{"keys":[121],"grid":[" "," "," "," "," "," "," "," "," "," "," "," "," "," "," "," "]},"2811":{"keys":[121,2],"grid":[" "," "," "," "," "," "," "," "," "," "," "," "," ","!& ,","!. #!!","!"]},"2813":{"keys":[2,121],"grid":[" "," "," "," "," "," "," "," "," "," "," "," "," (!# ("," &!& '"," %!& ("," $!& )"]},"2814":{"keys":[2,121],"grid":[" #!' )"," !!) ("," !!, %","!- %","03","!, &","05","!/ #","!. $","08","08","!0 !","07","11","!","!"]}},"5007":{"2806":{"keys":[121,2],"grid":[" "," "," "," "," "," "," "," "," "," "," "," "," "," /!#"," +!'"," '!+"]},"2797":{"keys":[2,121],"grid":[" "," "," "," "," "," "," "," "," "," ","!# /","!$ .","!% -","!& ,","!' +","14"]},"2798":{"keys":[121,2],"grid":[" (!*"," )!)","01"," *!("," +!'","04"," ,!&"," -!%","07"," .!$","09"," /!#","11"," 0!!","13"," "]},"2799":{"keys":[121],"grid":[" "," "," "," "," "," "," "," "," "," "," "," "," "," "," "," "]},"2792":{"keys":[2,121],"grid":[" "," "," (!# (","!* (","!+ '","!+ %!#","!, !!%","!","!","!","!","!","!","!","!","!"]},"2796":{"keys":[121,2],"grid":[" $!."," #!/","01","01","01","01"," !!0","06","06","06","06","06","!","!","!","!"]},"2807":{"keys":[121,2],"grid":[" #!/","!","!","!","!","!","!","!","!","!","!","!","!","!","!","!"]},"2794":{"keys":[121,2],"grid":[" "," "," "," "," "," "," "," "," "," "," "," /!#"," -!%"," ,!&"," *!("," (!*"]},"2795":{"keys":[121,2],"grid":[" &!,"," %!-"," #!/"," !!0","03","03","02","02","02","02","02","02","02"," $!.","13","13"]}},"5006":{"2792":{"keys":[2,121],"grid":[" "," "," "," "," *!("," #!/","!","!","!","!","!","!","!","!","!","!"]},"2808":{"keys":[121,2],"grid":[" &!,"," %!-"," $!."," #!/"," !!0","04","!","!","!","!","!","!","!","!","!","!"]},"2796":{"keys":[121],"grid":[" "," "," "," "," "," "," "," "," "," "," "," "," "," "," "," "]},"2797":{"keys":[121,2],"grid":[" "," 0!!","01","01","01","01","01"," /!#","01"," "," "," "," "," "," "," "]},"2807":{"keys":[121,2],"grid":[" "," 0!!"," /!#"," .!$","03"," -!%"," ,!&","06"," +!'"," *!("," )!)","10"," (!*"," '!+","13"," &!,"]}},"5005":{"2792":{"keys":[2,121],"grid":[" "," "," "," "," "," "," +!'"," $!."," #!/"," !!0","09","!","!","!","!","!"]},"2808":{"keys":[121,2],"grid":[" "," "," "," "," "," "," "," 0!!"," /!#","08"," .!$"," -!%","11"," ,!&"," +!'","14"]},"2809":{"keys":[121,2],"grid":[" *!(","00"," )!)","02"," (!*","04"," '!+","06"," &!,","08"," %!-","10"," $!.","12"," #!/","14"]},"2810":{"keys":[121,2],"grid":[" !!0","!","!","!","!","!","!","!","!","!","!","!","!","!","!","!"]}},"5004":{"2792":{"keys":[2,121],"grid":[" "," "," "," "," "," "," "," "," "," "," "," "," "," 0!!","13"," /!#"]},"2793":{"keys":[2,121],"grid":[" /!#"," .!$","01","01"," -!%"," ,!&"," *!("," (!*"," &!,"," $!."," !!0","!","!","!","!","!"]},"2811":{"keys":[121,2],"grid":[" /!#","00","00"," .!$","03","!' (!$","!","!","!","!","!","!","!","!","!","!"]},"2810":{"keys":[121,2],"grid":[" "," "," "," 0!!","03"," /!#"," .!$","06","06","06","05","05","05","03","05","05"]}},"5009":{"2799":{"keys":[2,121],"grid":[" "," "," "," "," "," "," "," "," "," "," "," "," "," "," ","!! 0"]},"2792":{"keys":[121,2],"grid":[" &!,"," '!+","01","01","01","01","01","01","01"," (!*"," )!)"," *!(","11"," +!'"," ,!&","14"]},"2793":{"keys":[121,2],"grid":[" -!%"," .!$"," /!#","02"," 0!!"," "," "," ","04","02","00"," *!("," )!)"," '!+"," %!-"," $!."]},"2800":{"keys":[121,2],"grid":[" %!-"," '!+"," )!)"," +!'"," ,!&"," -!%","05"," /!#","07","07"," 0!!","10"," "," "," "," "]},"2791":{"keys":[2,121],"grid":[" "," "," "," "," "," "," "," "," "," "," "," "," "," #!$ ,","!& ,","14"]},"2794":{"keys":[121,2],"grid":[" !!0","!","!","!","!","!","!","!","!","!","!","!","!","!","!","!"]},"2805":{"keys":[121,2],"grid":[" -!# #"," *!("," '!+"," $!."," !!0","!","!","!","!","!","!","!","!","!","!","!"]}},"5008":{"2799":{"keys":[2,121],"grid":[" ","!! 0","!# /","!$ .","!% -","!& ,","!' +","!( *","!) )","!* (","!+ '","!, &","!- %","!. $","!/ #","!"]},"2792":{"keys":[2,121],"grid":[" ,!&"," )!)"," '!+"," $!."," !!0","!","!","!","!","!","!","!","!","!","!","!"]},"2791":{"keys":[2,121],"grid":[" "," "," "," "," "," "," "," "," "," "," "," "," "," "," "," .!$"]},"2806":{"keys":[121,2],"grid":[" +!'"," *!("," )!)"," '!+"," &!,","04"," %!-"," $!.","07"," #!/"," !!0","10","!","!","!","!"]},"2794":{"keys":[121,2],"grid":[" "," 0!!"," .!$"," -!%"," +!'"," )!)"," (!*"," &!,"," $!."," !!0","!","!","!","!","!","!"]},"2805":{"keys":[121,2],"grid":[" "," "," "," "," "," "," "," 0!!","07"," /!#","09"," .!$","11"," -!%","13"," ,!&"]}},"4958":{"2776":{"keys":[2,121],"grid":[" "," "," "," "," "," "," ","!% -","!' +","!( *","!) )","!+ '","!, &","!- %","!/ #","!0 !"]},"2777":{"keys":[121],"grid":[" "," "," "," "," "," "," "," "," "," "," "," "," "," "," "," "]}},"4959":{"2778":{"keys":[121,2],"grid":[" )!)","00"," *!(","02"," +!'","04","04"," ,!&","07"," -!%","09","09"," .!$","12"," /!#","14"]},"2779":{"keys":[121,2],"grid":[" 0!!"," "," "," "," "," "," "," "," "," "," "," "," "," "," "," "]},"2777":{"keys":[2,121],"grid":[" ","!! 0","01","01","!# /","04","!$ .","06","!% -","08","!& ,","10","!' +","12","!( *","14"]}},"4952":{"2769":{"keys":[121,2],"grid":[" %!-","00","00"," $!.","03","03","03","03","03","03","03","00","03","03","03"," #!/"]},"2768":{"keys":[121,2],"grid":[" $!.","00","00","00"," %!-","04","04","04","04","04","04","04","04","04","04","04"]},"2770":{"keys":[121,2],"grid":[" #!/"," !!0","01","!","!","!","!","!","!","!","!","01","00","00","00"," $!."]},"2771":{"keys":[121,2],"grid":[" %!-","00"," &!,"," '!+"," (!*"," )!)","05"," *!(","07","07","07","05","05","05","05","07"]},"2772":{"keys":[121,2],"grid":[" *!("," ,!&"," -!%","02"," .!$"," /!#","05"," 0!!"," "," "," "," "," "," "," "," "]},"2767":{"keys":[2,121],"grid":[" ","!# /","!& ,","!( *","03","03","03","03","03","03","!' +","02","!% -","12","!$ .","14"]}},"4953":{"2772":{"keys":[2,121],"grid":[" "," "," "," "," "," "," "," "," ","!! 0","09","!# /","11","!$ .","!% -","!' +"]},"2773":{"keys":[121,2],"grid":[" (!*"," )!)"," *!("," ,!&"," -!%","04"," .!$"," /!#"," "," "," "," "," "," "," "," "]}},"4950":{"2767":{"keys":[121,2],"grid":[" /!#"," 0!!","01"," "," "," "," "," "," "," "," "," "," "," "," "," "]},"2766":{"keys":[2,121],"grid":[" "," "," "," "," "," ","!! 0","!& ,","!) )","!+ '","!, &","10","!- %","12","!. $","14"]}},"4951":{"2770":{"keys":[121,2],"grid":[" "," "," "," "," "," "," 0!!","06","06","06"," "," "," "," "," "," "]},"2767":{"keys":[2,121],"grid":[" "," '!+"," %!-"," $!.","03","!! !!/","!","!","!","!","!","!","!","!","!","!"]}},"4956":{"2775":{"keys":[2,121],"grid":[" "," "," "," "," ","!# /","!$ .","!& ,","!' +","!( *","!) )","!* (","!+ '","!- %","!. $","!0 !"]},"2776":{"keys":[121],"grid":[" "," "," "," "," "," "," "," "," "," "," "," "," "," "," "," "]}},"4957":{"2776":{"keys":[2,121],"grid":[" ","!# /","!% -","!& ,","!( *","!* (","!0 !","!","!","!","!","!","!","!","!","!"]}},"4954":{"2773":{"keys":[2,121],"grid":[" "," "," "," "," "," "," "," ","!! 0","!# /","08","08","08","09","09","!$ ."]},"2774":{"keys":[121,2],"grid":[" %!-","00"," &!,","02"," '!+"," (!*","05"," )!)"," *!("," +!'"," ,!&","10"," -!%"," .!$"," /!#","14"]},"2775":{"keys":[121,2],"grid":[" 0!!","00"," "," "," "," "," "," "," "," "," "," "," "," "," "," "]}},"4955":{"2775":{"keys":[2,121],"grid":[" "," "," "," ","!! 0","!! .!#","!! )!(","!# #!-","!","!","!","!","!","!","!","!"]}},"4945":{"2763":{"keys":[2,121],"grid":[" !!0","!","!","!","!","!","!","!","!","!","!","!","!","!","!","!"]},"2762":{"keys":[2,121],"grid":[" "," "," "," "," "," "," "," "," "," "," "," "," (!*"," &!,"," $!."," #!/"]}},"4944":{"2763":{"keys":[2,121],"grid":[" "," "," "," "," 0!!","04","04"," /!#","07","07"," .!$","10","10"," -!%"," ,!&"," +!'"]},"2764":{"keys":[2,121],"grid":[" *!("," '!+"," %!-"," !!0","!","!","!","!","!","!","!","!","!","!","!","!"]}},"4947":{"2762":{"keys":[2,121],"grid":[" "," "," "," "," "," "," "," /!#"," -!%","08"," ,!&"," +!'"," *!("," (!*"," $!.","!"]}},"4946":{"2762":{"keys":[2,121],"grid":[" "," "," "," "," "," "," "," "," "," "," "," ","!# /","!& ,","!* (","!"]}},"4941":{"2765":{"keys":[2,121],"grid":[" "," "," "," "," "," "," 0!!","!# +!%","!$ '!(","!& #!*","!","!","!","!","!","!"]}},"4940":{"2765":{"keys":[2,121],"grid":[" "," "," "," "," "," "," "," 0!!"," *!("," &!,","09"," '!+","09"," !!0","!","!"]}},"4943":{"2764":{"keys":[2,121],"grid":[" "," "," "," "," 0!!"," -!! !!#"," +!'"," *!("," (!*"," &!,"," %!-"," #!/","!","!","!","!"]}},"4942":{"2765":{"keys":[2,121],"grid":[" ,!&"," *!("," (!*"," &!,"," $!."," #!/","!","!","!","!","!","!","!","!","!","!"]},"2764":{"keys":[2,121],"grid":[" "," "," "," "," "," "," "," "," "," "," "," "," "," "," 0!!"," .!$"]}},"4949":{"2762":{"keys":[121,2],"grid":[" #!/","00"," !!0","02","02","!","!","!","!","!","!","!","!","!","!","!"]},"2761":{"keys":[2],"grid":[" "," "," "," "," "," "," "," "," "," "," "," "," "," "," "," "]},"2766":{"keys":[121,2],"grid":[" *!("," +!'"," ,!&"," -!%"," .!$"," /!#"," "," "," "," "," "," "," "," "," "," "]},"2765":{"keys":[2,121],"grid":[" "," "," "," "," "," "," "," "," "," ","!# /","!& ,","!( *","!) )","13","!* ("]}},"4948":{"2763":{"keys":[121,2],"grid":[" )!)","00","00","00","00","00","00"," (!*","00"," *!(","09","09","09","09","09","09"]},"2762":{"keys":[2,121],"grid":[" -!%"," ,!&"," +!'"," (!*"," &!,"," #!/","!","!","!","!","!","!","!","!","!","!* ("]},"2761":{"keys":[2,121],"grid":[" "," "," "," "," "," "," "," "," "," "," "," "," "," "," "," -!%"]},"2765":{"keys":[121,2],"grid":[" ,!&","00","00"," -!%"," .!$","04"," /!#"," 0!!","07"," "," "," "," "," "," "," "]},"2764":{"keys":[121,2],"grid":[" *!(","00","00","00","00","00","00","00","00","00","00","00","00"," +!'","13"," ,!&"]}},"4982":{"2785":{"keys":[2,121],"grid":[" "," "," -!%"," +!'"," *!(","!$ &!)","!% $!*","!","!","!","!","!","!","!","!","!"]}},"4930":{"2770":{"keys":[2,121],"grid":[" *!("," )!)"," (!*","02"," '!+","04"," &!,"," #!/","!","!","!","!","!","!","!","!"]},"2769":{"keys":[2,121],"grid":[" /!#"," .!$","01","01"," -!%","04","04","04","04","04"," ,!&","10","10","10"," +!'"," *!("]},"2768":{"keys":[2,121],"grid":[" "," "," "," "," "," "," "," "," "," "," "," "," 0!!","12"," /!#","14"]}},"4931":{"2768":{"keys":[2,121],"grid":[" "," "," "," "," 0!!"," /!#"," .!$"," *!("," )!)"," (!*"," &!,"," %!-","!! $!-","!# #!-","!","!"]}},"4932":{"2768":{"keys":[2,121],"grid":[" %!-","00","00"," &!,","!# #!-","!","!","!","!","!","!","!","!","!","!","!"]},"2767":{"keys":[2,121],"grid":[" "," "," "," "," "," "," "," "," .!$"," ,!&"," +!'","10","10","10"," *!("," '!! %!&"]}},"4933":{"2767":{"keys":[2,121],"grid":[" "," "," "," +!'"," )!)"," (!*"," '!+"," !!0","!","!","!","!","!","!","!","!"]}},"4934":{"2767":{"keys":[2,121],"grid":[" %!-"," $!."," !!0","!","!","!","!","!","!","!","!","!","!","!","!","!"]},"2766":{"keys":[2,121],"grid":[" "," "," "," "," "," "," "," /!#"," -!%"," ,!&"," *!("," )!)"," (!*","12"," '!+"," &!,"]}},"4935":{"2766":{"keys":[2,121],"grid":[" 0!!"," .!$"," ,!&"," )!)"," '!+"," $!.","!","!","!","!","!","!","!","!","!","!"]},"2765":{"keys":[2],"grid":[" "," "," "," "," "," "," "," "," "," "," "," "," "," "," "," "]}},"4936":{"2765":{"keys":[2,121],"grid":[" "," "," "," "," "," "," "," "," "," "," "," "," "," (!& %"," %!-","!"]}},"4937":{"2765":{"keys":[2,121],"grid":[" "," "," "," "," "," "," "," "," "," "," "," "," "," ","!","!"]}},"4938":{"2766":{"keys":[121],"grid":[" "," "," "," "," "," "," "," "," "," "," "," "," "," "," "," "]},"2765":{"keys":[2,121],"grid":[" "," "," "," "," "," "," "," "," "," "," "," "," "," ","!. $","!0 !"]}},"4939":{"2766":{"keys":[121],"grid":[" "," "," "," "," "," "," "," "," "," "," "," "," "," "," "," "]},"2765":{"keys":[2,121],"grid":[" "," "," "," "," "," "," "," "," "," "," "," "," "," "," .!$"," #!/"]}},"4983":{"2785":{"keys":[2,121],"grid":[" $!.","!","!","!","!","!","!","!","!","!","!","!","!","!","!","!"]},"2784":{"keys":[2,121],"grid":[" "," "," "," "," "," "," "," "," "," "," /!#"," -!%"," +!'"," *!("," (!*"," &!,"]}},"4923":{"2768":{"keys":[121,2],"grid":[" &!% ("," "," "," "," "," "," "," "," "," "," "," "," "," "," "," "]},"2767":{"keys":[2,121],"grid":[" "," "," "," "," "," "," "," "," 0!!"," .!$"," -!%","10","09","09","10"," +!'"]}},"4922":{"2768":{"keys":[121],"grid":[" "," "," "," "," "," "," "," "," "," "," "," "," "," "," "," "]},"2767":{"keys":[2,121],"grid":[" "," "," "," "," "," "," "," "," "," "," "," "," "," "," ","!& ,"]}},"4921":{"2767":{"keys":[121,2],"grid":[" )!)","00"," *!(","02"," +!'","04"," ,!&","06","06","06","06"," "," 0!!","12","12"," "]},"2766":{"keys":[121,2],"grid":[" '!+"," (!*"," )!)"," *!(","03"," +!'","05","03","03","02","02","01","01","03","03","02"]},"2765":{"keys":[2,121],"grid":[" "," "," "," "," "," "," "," "," "," ","!! 0","10","!# /","!$ .","!% -","!& ,"]}},"4920":{"2765":{"keys":[121,2],"grid":[" (!*","00"," )!)","02","02","02"," *!("," +!'"," ,!&"," /!#"," "," "," "," "," "," "]},"2764":{"keys":[2,121],"grid":[" "," "," "," "," "," "," "," "," ","!! 0","09","!# /","!$ .","!% -","!& ,","!' +"]}},"4927":{"2769":{"keys":[121],"grid":[" "," "," "," "," "," "," "," "," "," "," "," "," "," "," "," "]},"2768":{"keys":[121,2],"grid":[" #!/","00"," %!-"," *!' !"," -!# #"," "," "," "," "," "," "," "," "," "," "," "]},"2767":{"keys":[2,121],"grid":[" "," "," "," "," "," "," "," "," "," "," "," "," ","!# /","!$ .","13"]}},"4926":{"2767":{"keys":[2,121],"grid":[" "," "," ","!& ,","03","03","!' +","!( *","!) )","!* (","!+ '","!, &","!. !!! !","!","!","!"]}},"4925":{"2767":{"keys":[121,2],"grid":[" $!.","00"," $!- !"," $!! -"," "," "," "," "," "," "," "," "," "," "," "," "]},"2766":{"keys":[2,121],"grid":[" "," "," "," "," "," "," "," "," ","!! 0","09","!# /","11","11","11","!$ ."]}},"4924":{"2767":{"keys":[2,121],"grid":[" +!'"," *!("," )!)","02"," (!*"," &!,"," $!."," !!0","!","!","!","!","!","!","!","!"]},"2766":{"keys":[2,121],"grid":[" "," "," "," "," "," "," "," "," "," 0!!"," .!$","10"," -!%"," ,!&","13"," +!'"]}},"4929":{"2770":{"keys":[2,121],"grid":[" "," "," "," $!# ,","!! #!& )","!+ '","!. $","!/ #","!0 !","!","!","!","!","!","!","!"]}},"4928":{"2770":{"keys":[121,2],"grid":[" -!%"," .!$","01"," 0!!"," "," "," "," "," "," "," "," "," "," "," "," "]},"2769":{"keys":[121,2],"grid":[" &!,"," '!+"," #!/"," !!0","03","!","!","03","02","02"," %!-","00","01"," (!*"," )!)"," +!'"]},"2768":{"keys":[2,121],"grid":[" "," ","!* (","02","02","!+ '","!, &","06","!% -","!& ,","09","09","!' +","12","12","12"]}},"4918":{"2763":{"keys":[121,2],"grid":[" /!#","00"," 0!!","02","02"," "," "," "," "," "," "," "," "," "," "," "]},"2762":{"keys":[2,121],"grid":[" "," "," "," "," "," "," "," "," "," "," ","!' +","!) )","!, &","!. $","!/ #"]}},"4919":{"2763":{"keys":[2,121],"grid":[" "," "," "," "," "," "," "," "," ","!! 0","09","09","!# /","!# %!! *","!$ #!$ )","!+ '"]},"2764":{"keys":[121,2],"grid":[" ,!&"," -!%"," .!$"," /!#","03"," 0!!","05"," "," "," "," "," "," "," "," "," "]}},"4916":{"2762":{"keys":[2,121],"grid":[" "," "," "," "," '!' %","!- %","!","!","!","!","!","!","!","!","!","!"]}},"4917":{"2762":{"keys":[2,121],"grid":[" "," "," "," "," ","!$ .","!% -","!' +","!) )","!+ '","!. $","!","!","!","!","!"]}},"4914":{"2762":{"keys":[2,121],"grid":[" "," "," "," "," "," "," "," "," "," -!%"," +!'"," *!("," &!,","!","!","!"]}},"4915":{"2762":{"keys":[2,121],"grid":[" "," "," "," "," "," "," -!%"," %!-"," #!/","!","!","!","!","!","!","!"]}},"4912":{"2763":{"keys":[2,121],"grid":[" (!*","!! &!+","!# %!+","!% !!,","!","!","!","!","!","!","!","!","!","!","!","!"]},"2762":{"keys":[2,121],"grid":[" "," "," "," "," "," "," "," "," "," "," "," ,!&"," +!'"," *!(","13"," )!)"]}},"4913":{"2762":{"keys":[2,121],"grid":[" "," "," "," "," "," "," "," "," "," "," ","!! 0","!# $!$ )","!* '!!","!+ #!%","!"]}},"4910":{"2763":{"keys":[2,121],"grid":[" "," "," "," 0!!"," /!#"," -!%"," ,!&"," +!'"," *!(","08"," .!$","10","10","10","10","05"]},"2764":{"keys":[2,121],"grid":[" -!%"," ,!&","01"," +!'"," *!(","04"," )!)"," (!*"," '!+"," &!,"," %!-"," $!."," !!0","!","!","!"]}},"4911":{"2763":{"keys":[2,121],"grid":[" #!& (!! !"," !!' %!&","!( !!)","!","!","!","!","!","!","!","!","!","!","!","!","!"]},"2762":{"keys":[2,121],"grid":[" "," "," "," "," "," "," "," "," "," "," "," "," "," "," &!! +"," %!# +"]}},"4996":{"2787":{"keys":[2,121],"grid":[" "," "," "," "," "," "," "," ","!# /","!* (","!","!","!","!","!","!"]},"2788":{"keys":[121,2],"grid":[" "," "," 0!!","02","02"," "," "," "," "," "," "," "," "," "," "," "]}},"4997":{"2790":{"keys":[121,2],"grid":[" ,!&","00","00"," -!%","03","03"," .!$","06","06"," /!#","09","09","09"," 0!!","13","13"]},"2791":{"keys":[121,2],"grid":[" 0!!"," "," "," "," "," "," "," "," "," "," "," "," "," "," "," "]},"2789":{"keys":[121,2],"grid":[" '!+","00"," (!*","02","02"," )!)","05","05"," *!(","08","08"," +!'","11","11","11"," ,!&"]},"2787":{"keys":[2,121],"grid":[" "," "," "," "," "," "," "," "," "," ","!$ .","!& ,","!% -","10","!# /","14"]},"2788":{"keys":[121,2],"grid":[" !!0","!","!","!","!","!","!","00","00"," #!/"," $!.","10"," %!-","12"," &!,","14"]}},"4994":{"2787":{"keys":[121,2],"grid":[" -!%"," /!#"," "," "," "," "," "," "," "," "," "," "," "," "," "," "]},"2786":{"keys":[2,121],"grid":[" "," "," "," "," "," "," "," "," "," "," "," "," ","!# /","!( *","!+ '"]}},"4995":{"2787":{"keys":[2,121],"grid":[" "," "," ","!$ .","!& ,","!( *","!* (","!. $","!","!","!","!","!","!","!","!"]}},"4992":{"2787":{"keys":[2,121],"grid":[" .!$"," ,!&"," +!'"," )!)"," (!*"," &!,"," %!-"," #!/","!","!","!","!","!","!","!","!"]},"2786":{"keys":[2,121],"grid":[" "," "," "," "," "," "," "," "," "," "," "," "," "," "," "," /!#"]}},"4993":{"2786":{"keys":[2,121],"grid":[" "," "," "," "," "," "," "," "," "," "," "," "," &!' &"," $!."," !!0","!"]}},"4990":{"2787":{"keys":[121,2],"grid":[" *!("," -!%"," /!#"," "," "," "," "," "," "," "," "," "," "," "," "," "]},"2786":{"keys":[2,121],"grid":[" "," "," "," "," "," "," "," "," "," "," "," "," "," "," ","!& ,"]}},"4991":{"2787":{"keys":[2,121],"grid":[" "," "," ","!! 0","!% -","!( *","!* (","!/ #","!","!","!","!","!","!","!","!"]}},"4998":{"2791":{"keys":[2,121],"grid":[" "," "," ","!! 0","03","!# /","!$ .","06","!% -","!& ,","09","!' +","!( *","!) )","!. $","!"]},"2811":{"keys":[121,2],"grid":[" "," "," "," "," "," "," "," "," "," "," "," "," 0!!"," /!#"," -!%"," .!$"]},"2813":{"keys":[121,2],"grid":[" .!$","00"," -!%"," ,!&"," *!("," +!'","05","03","02","00"," /!! !"," "," "," "," "," "]},"2812":{"keys":[121,2],"grid":[" /!! !"," "," "," "," "," 0!!"," /!#","06","06","06"," .!$","10","10","10","06","10"]}},"4999":{"2814":{"keys":[121,2],"grid":[" "," 0!!"," "," "," "," "," "," "," "," "," "," "," "," "," "," "]},"2811":{"keys":[121,2],"grid":[" "," "," "," "," "," "," "," "," "," $!$ +"," #!) '","!. $","!","!","!","!"]},"2813":{"keys":[2,121],"grid":[" "," "," "," "," "," %!$ *"," $!& )"," #!( ("," !!) (","!+ '","!, &","!- %","11","11","!. $","14"]},"2812":{"keys":[2,121],"grid":[" ","!! 0"," "," "," "," "," "," "," "," "," "," "," "," "," "," "]},"2792":{"keys":[121,2],"grid":[" #!/"," $!."," %!-"," &!! )!#"," "," "," "," "," "," "," "," "," "," "," "," "]},"2791":{"keys":[2,121],"grid":[" "," "," "," "," "," "," "," "," "," "," "," "," "," "," ","!! 0"]}}}}