{"9":{"308":{"209":{"keys":[169,1,172],"grid":[" .!##!"," /!#"," 0!!","02"," "," "," "," "," "," "," "," "," "," "," "," "]},"208":{"keys":[169,1,172],"grid":[" "," "," "," "," "," "," "," "," "," "," .!$"," +!%##"," *!##&"," +!##%"," ,!##$"," -!###"]},"211":{"keys":[169,1,172],"grid":[" "," "," "," "," 0!!"," +!'"," &!'#&"," $!$#+"," $!!#-"," #!##-"," #!!#."," !!##.","!##/","!!#0","13","#"]}},"309":{"209":{"keys":[172,1,169],"grid":[" "," "," ","!! 0","!# /","#!!# .","##!# -","#$!# ,","#%!# +","#&!# *","#'!! *","#'!# )","#(!# (","#)!# '","#*!# &","#+!# %"]},"208":{"keys":[169,1,172],"grid":[" "," "," "," "," "," /!#"," ,!%#!"," (!&#%"," %!%#)"," !!%#,","!##/","#","#","#","#","#"]},"210":{"keys":[169,1,172],"grid":[" ,!!#%"," ,!##$"," -!###"," .!##!"," /!#"," 0!!"," ","04"," -!$#!"," +!$#$"," *!##&"," )!##'"," )!!#("," (!##("," (!!#)"," '!##)"]},"211":{"keys":[169,1,172],"grid":[" '!!#*","00"," &!##*"," %!##+","!&#,","#","#","#","#","#","#","#","#","#","#","#"]}},"319":{"212":{"keys":[1,170,172],"grid":[" !!0"," #!/","#! #!.","## $!,","#% #!+","#& #!*","#' #!)","#( #!(","#) &!$","#- %","#","#","#","#","#","#"]}},"318":{"212":{"keys":[172,1],"grid":[" 0!!"," "," "," "," "," "," "," "," "," "," "," "," "," "," "," "]},"211":{"keys":[170,1,172],"grid":[" "," ","!! 0","!# /","#!!# .","##!# -","#$!# ,","#%!# +","#&!$ )","#(!# (","#)!# '","#*!# &","#+!# %","#,!$ #","#.!# !","#/!#"]}},"313":{"208":{"keys":[172,1,170],"grid":[" $!$#+"," &!$#)"," (!##("," )!$#&"," +!$#$"," -!$#!"," /!#"," 0!!"," "," "," "," "," "," "," "," "]}},"304":{"209":{"keys":[151,"",174,1],"grid":[" ,!!#%"," -#%","01"," ,$!#%"," ,$##$"," -$!#$","05"," -$###"," .$!##","08"," .$##!"," /$!#!","11"," /$#"," 0$!","14"]},"208":{"keys":["",174,151],"grid":["   !","00"," ##!","###!"]},"223":{"keys":[151,1,138,""],"grid":[" "," "," "," "," "," "," "," "," .!$"," *!&##"," *!!#'"," )!##'"," )!!#(","12"," (!##("," %$$#*"]}},"311":{"208":{"keys":[1,172],"grid":[" %!-","!","!","!","!","!","!","!","!","!","!","!","!","!","!","!"]}},"310":{"208":{"keys":[169,1,172],"grid":[" 0!!"," ,!&"," )!%#%"," &!%#("," !!&#+","!##/","#","#","#","#","#","#","#","#","#","#"]},"210":{"keys":[172,1],"grid":[" "," "," "," "," ","!! 0","05","05"," "," "," "," "," "," "," "," "]}},"317":{"209":{"keys":[170,1],"grid":[" "," "," "," "," "," "," "," "," "," "," "," "," "," "," ","!! 0"]},"210":{"keys":[1,170,172],"grid":[" #!/","#! !!/","01","01","01","01","01","#! #!.","## $!,","#% #!+","#& #!*","#' #!)","#( #!(","#) $!&","#+ #!%","#, #!$"]},"211":{"keys":[172,1,170],"grid":[" -!###"," .!##!"," /!#"," "," "," "," "," "," "," "," "," "," "," "," "," "]}},"305":{"214":{"keys":[151,1,172],"grid":[" #!!#."," !!##."," !!!#/","02","02","02","01"," #!##-"," $!!#-"," $!##,","09","08","08","08","08","07"]},"215":{"keys":[151,"",172],"grid":[" !##"," !!#","!","!"]},"212":{"keys":[151,1,169,172],"grid":[" *!$#%"," +!##%","01"," +!!#&"," *!&##"," *!!$$!$"," )!#$'"," )!!$(","07"," (!#$("," (!!$)","10","10"," '!#$)"," '!!$*","14"]},"213":{"keys":[151,1,172],"grid":[" '!!#*","00","00","00"," &!##*"," &!!#+","05","05"," %!##+"," %!!#,","09"," $!##,"," $!!#-","12"," #!##-"," #!!#."]},"210":{"keys":[1,174,151],"grid":[" !!0","00"," #!/","#! !!/","03","03","#! #!.","06","#! #!- !","## #!-","#$ !!-","#$ #!,","#% !!+ !","12","#% #!* !","#& !!+"]},"211":{"keys":[151,1,174,169],"grid":[" &!!#*!!"," &!##)!!"," '!!#)!!"," '!!#(!#"," '!##'!!$!"," (!!#'!!$!","05"," (!##%!#$!"," )!!#%!!$#","08"," )!###!#$#"," *!!##!!$$","11","11"," *!!#!!#$$"," *!!#!!!$%"]},"209":{"keys":[174,1],"grid":[" +!$ $"," "," "," "," "," "," "," "," "," "," "," "," "," "," ","!! 0"]},"208":{"keys":[174,1,173],"grid":[" -!###"," .!!##"," -!$#!"," ,!&"," "," 0!!"," /!#","02"," ,!##$"," ,!!#%","09","09"," +!##%"," +!!#&"," *!##&"," *!##!!%"]},"223":{"keys":[151,1,138],"grid":[" )!##'"," )!!#("," (!##("," (!!#)","03"," '!##)"," '!!#*"," $!%#*","!%#-","#","#","#","#","#","#","#"]},"222":{"keys":[151,1,138],"grid":[" "," "," "," "," "," "," "," "," "," ,!# $"," ,!&"," +!##$!!"," +!!#&"," *!##&"," *!!#'","14"]}},"306":{"212":{"keys":[169,1,172],"grid":[" "," "," "," "," ","!% -","#$!( '","#*!' !","#/!#","#","#","#","#","#","#","#"]},"210":{"keys":[174,1,169],"grid":[" #!##-","00"," !!##."," !!!#/","!##/","!!#0","05","05","05","05","05","05","05","#","05","05"]},"211":{"keys":[1,169],"grid":[" !!0","!","!","!","!","!","!","!","!","!","!","!","!","!","!","!"]},"209":{"keys":[174,1,169],"grid":[" '!!#*"," &!##*"," &!!#+","02","01","00","00","00","00","01","02"," %!##+"," %!!#,"," $!##,","13"," $!!#-"]},"208":{"keys":[173,1,169,174],"grid":[" )!!#("," !!! '!!#("," !!# &!!#(","!$ &!!#(","$#!! &!##'","!!$!!! &!##'","03"," (!##("," (!!#)","08","08","08"," %!%#)"," $!#$#!!#)"," #!#$$!!#)","!$$$!##)"]},"222":{"keys":[151,1,138],"grid":[" -!###"," ,!##$"," +!##%"," *!##&"," )!##'"," (!##("," '!##)"," &!##*"," %!##+"," $!##,"," #!##-","!$#.","#","#","#","#"]},"221":{"keys":[151,"",1],"grid":[" "," "," "," "," "," "," "," "," "," "," "," "," 0!!","12","12"," .##!!"]}},"307":{"212":{"keys":[169,1,172],"grid":[" /!#"," .!##!"," -!###"," +!$#$"," *!##&"," )!##'"," (!##("," '!##)","!(#*","#$!##,","#","#","#","#","#","#"]},"211":{"keys":[169,1],"grid":[" "," "," "," "," "," "," "," "," "," "," "," "," "," "," 0!!","14"]}},"316":{"209":{"keys":[170,1,172],"grid":[" "," "," "," "," "," "," ","!! 0","!$ .","##!$ ,","#%!$ *","#'!$ (","#)!$ &","#+!$ $","#-!$ !","#/!#"]}},"315":{"209":{"keys":[1,170,172],"grid":[" #!/","#! $!-","#$ $!+","#& %!(","#) $!&","#+ $!$","#- $!!","#/ #","#","#","#","#","#","#","#","#"]}},"314":{"209":{"keys":[172,1],"grid":[" 0!!"," "," "," "," "," "," "," "," "," "," "," "," "," "," "," "]},"208":{"keys":[170,1,172],"grid":[" "," "," "," "," "," "," ","!# /","#!!$ -","#$!$ +","#&!# *","#'!$ (","#)!$ &","#+!# %","#,!$ #","#.!$"]}}},"13":{"5064":{"3355":{"keys":[170,172],"grid":[" "," "," "," "," "," "," "," "," "," "," ","!! 0","!$ .","!' +","!) )","!+ '"]},"3356":{"keys":[172,170],"grid":[" -!%"," /!#"," "," "," "," "," "," "," "," "," "," "," "," "," "," "]}},"5078":{"3371":{"keys":[172,170],"grid":[" *!("," +!'"," ,!&"," .!$"," /!#"," 0!!"," "," "," "," "," "," "," "," "," "," "]},"3370":{"keys":[170,172],"grid":[" "," "," "," "," "," "," "," "," ","!! 0","!# /","!$ .","!% -","!& ,","!( *","!) )"]}},"5079":{"3372":{"keys":[172,170],"grid":[" -!%"," .!$"," 0!!"," "," "," "," "," "," "," "," "," "," "," "," "," "]},"3371":{"keys":[170,172],"grid":[" "," "," "," "," "," "," ","!! 0","!$ .","!% -","!& ,","!' +","!( *","!* (","!+ '","!, &"]}},"5072":{"3360":{"keys":[172,170],"grid":[" .!$"," 0!!"," "," "," "," "," "," "," "," "," "," "," "," "," "," "]},"3359":{"keys":[170,172],"grid":[" "," "," "," "," "," "," "," "," "," ","!! 0","!$ .","!& ,","!( *","!* (","!, &"]}},"5073":{"3364":{"keys":[172,170],"grid":[" 0!!","00","00","00","00","00","00","00","00","00","00","00","00","00","00","00"]},"3365":{"keys":[172,170],"grid":[" 0!!","00","00","00","00","00","00","00","00","00","00","00","00","00","00","00"]},"3366":{"keys":[172,170],"grid":[" 0!!","00","00","00","00","00","00","00","00","00","00","00","00","00","00","00"]},"3367":{"keys":[172,170],"grid":[" 0!!","00","00"," "," "," "," "," "," "," "," "," "," "," "," "," "]},"3360":{"keys":[170,172],"grid":[" "," ","!! 0","!$ .","!& ,","!( *","!* (","!, &","!. $","!0 !","!","!","!","!","!","!"]},"3361":{"keys":[172,170],"grid":[" "," "," "," "," "," "," "," "," "," "," "," "," "," "," "," 0!!"]},"3362":{"keys":[172,170],"grid":[" 0!!","00","00","00","00","00","00","00","00","00","00","00","00","00","00","00"]},"3363":{"keys":[172,170],"grid":[" 0!!","00","00","00","00","00","00","00","00","00","00","00","00","00","00","00"]}},"5070":{"3359":{"keys":[172,170],"grid":[" .!$"," 0!!"," "," "," "," "," "," "," "," "," "," "," "," "," "," "]},"3358":{"keys":[170,172],"grid":[" "," "," "," "," "," "," "," "," "," ","!! 0","!$ .","!& ,","!( *","!* (","!, &"]}},"5071":{"3359":{"keys":[170,172],"grid":[" "," ","!! 0","!$ .","!& ,","!( *","!* (","!, &","!. $","!0 !","!","!","!","!","!","!"]}},"5076":{"3368":{"keys":[170,172],"grid":[" "," "," "," "," "," "," "," "," "," "," "," "," "," "," ","!! 0"]},"3369":{"keys":[172,170],"grid":[" $!."," %!-"," &!,"," '!+"," (!*"," *!("," +!'"," ,!&"," -!%"," .!$"," 0!!"," "," "," "," "," "]}},"5077":{"3369":{"keys":[170,172],"grid":[" "," "," "," "," "," "," "," "," "," "," "," ","!! 0","!# /","!$ .","!& ,"]},"3370":{"keys":[172,170],"grid":[" '!+"," (!*"," )!)"," *!("," ,!&"," -!%"," .!$"," /!#"," 0!!"," "," "," "," "," "," "," "]}},"5074":{"3367":{"keys":[170,172],"grid":[" "," "," "," ","!! 0","!# /","!$ .","!& ,","!' +","!( *","!) )","!* (","!, &","!- %","!. $","!/ #"]},"3368":{"keys":[172,170],"grid":[" 0!!"," "," "," "," "," "," "," "," "," "," "," "," "," "," "," "]}},"5075":{"3368":{"keys":[170,172],"grid":[" ","!! 0","!# /","!$ .","!% -","!& ,","!( *","!) )","!* (","!+ '","!, &","!. $","!/ #","!0 !","!","!"]}},"4909":{"3399":{"keys":[169,172],"grid":[" "," "," "," "," "," "," "," "," "," "," "," ","!& ,","!- %","!","!"]},"3552":{"keys":[151,138],"grid":[" ,!&"," +!'"," *!("," )!)"," (!*"," '!+"," %!-"," $!."," #!/"," !!0","!","!","!","!","!","!"]},"3551":{"keys":[151,138],"grid":[" "," "," "," "," "," "," "," "," "," "," "," "," 0!!"," /!#"," .!$"," -!%"]}},"4908":{"3399":{"keys":[169,172],"grid":[" "," "," "," "," "," "," "," "," ","!# /","!* (","!0 !","!","!","!","!"]},"3553":{"keys":[151,138],"grid":[" +!'"," *!("," (!*"," '!+"," &!,"," %!-"," $!."," #!/"," !!0","!","!","!","!","!","!","!"]},"3552":{"keys":[151,138],"grid":[" "," "," "," "," "," "," "," "," "," "," "," 0!!"," /!#"," .!$"," -!%"," ,!&"]}},"4901":{"3560":{"keys":[151,138],"grid":[" &!,"," $!."," #!/"," !!0","!","!","!","!","!","!","!","!","!","!","!","!"]},"3398":{"keys":[169,172],"grid":[" "," "," "," "," ","!$ .","!) )","!/ #","!","!","!","!","!","!","!","!"]},"3340":{"keys":[173,174],"grid":[" "," "," "," 0!!"," )!)"," (!*"," '!+"," &!,"," %!-"," $!."," #!/"," !!0","!","!","!","!"]},"3346":{"keys":[174,169],"grid":[" ,!&"," +!'","01","01"," *!(","04","04","04","04","04","04"," )!)","11","11","04","04"]},"3347":{"keys":[174,169],"grid":[" *!(","00","00","00"," +!'","04","04"," ,!&","07","07"," -!%","10"," .!$","12"," /!#"," 0!!"]},"3559":{"keys":[151,138],"grid":[" "," "," "," "," "," "," 0!!"," /!#"," .!$"," -!%"," ,!&"," +!'"," *!("," )!)"," (!*"," '!+"]},"3345":{"keys":[174,169],"grid":[" "," "," "," "," "," "," "," 0!!","07"," /!#"," .!$","10"," -!%","12"," ,!&","14"]},"3355":{"keys":[174,169],"grid":[" ,!&"," +!'"," )!)","02"," (!*"," %!-","!","!","!","!","!","!","!","!","!","!"]},"3354":{"keys":[174,169],"grid":[" 0!!","00","00","00","00","00","00","00","00","00","00","00"," /!#"," .!$","13"," -!%"]},"3348":{"keys":[174],"grid":[" "," "," "," "," "," "," "," "," "," "," "," "," "," "," "," "]},"3353":{"keys":[174,169],"grid":[" "," "," "," "," 0!!","04","04","04","04","04","04","04","04","04","04","04"]}},"4900":{"3560":{"keys":[151,138],"grid":[" "," "," "," "," "," 0!!"," /!#"," .!$"," -!%"," ,!&"," +!'"," *!("," )!)"," (!*"," '!+"," &!,"]},"3561":{"keys":[151,138],"grid":[" %!-"," $!."," #!/"," !!0","!","!","!","!","!","!","!","!","!","!","!","!"]},"3398":{"keys":[169,172],"grid":[" "," ","!# /","!) )","!. $","!","!","!","!","!","!","!","!","!","!","!"]},"3340":{"keys":[173,174],"grid":[" "," "," "," "," "," "," "," "," "," "," "," "," 0!!"," /!#"," .!$"," ,!&"]},"3341":{"keys":[173,174],"grid":[" +!'"," *!("," )!)"," '!+"," &!,"," %!-"," #!/"," !!0","!","!","!","!","!","!","!","!"]},"3355":{"keys":[174,169],"grid":[" "," "," "," "," "," "," -!%"," ,!&","07"," +!'"," *!("," )!)","11","11"," (!*","14"]},"3357":{"keys":[169,174],"grid":[" "," "," "," "," "," "," "," "," ","!! 0","09","09","09","09","!# /","14"]},"3356":{"keys":[174,169],"grid":[" '!+","00"," &!,","02","02"," %!-","05"," $!."," #!/","08","08"," !!0","11","11","!","!"]},"3358":{"keys":[174,169],"grid":[" !!0","00"," #!/"," $!.","03","03","03","03","02","02","02","02","!","!","!","!"]}},"4903":{"3557":{"keys":[151,138],"grid":[" "," "," "," "," "," "," "," 0!!"," /!#"," .!$"," -!%"," ,!&"," *!("," )!)"," (!*"," '!+"]},"3342":{"keys":[174,169],"grid":[" $!.","00","00","00","00","00"," #!/","06","06","06","06","06"," !!0","12","12","12"]},"3398":{"keys":[169,172],"grid":[" "," "," "," "," "," "," "," "," "," "," ","!' +","!- %","!","!","!"]},"3340":{"keys":[173,169,174],"grid":[" &!,"," %!-","01","#%!-","03","#&!,","05","05","05","05","03","03","05","05","03","03"]},"3341":{"keys":[174,169],"grid":[" %!-","00","00","00","00","00","00","00","00","00","00","00","00"," $!.","13","13"]},"3558":{"keys":[151,138],"grid":[" &!,"," %!-"," $!."," #!/"," !!0","!","!","!","!","!","!","!","!","!","!","!"]},"3337":{"keys":[173,169],"grid":[" +!'","00"," *!(","02","02","02","02","02","02"," )!)","09","09","09","09","09","09"]},"3336":{"keys":[173,169],"grid":[" .!$","00","00"," -!%","03","03","03"," ,!&","07","07","07","07"," +!'","12","12","12"]},"3335":{"keys":[173,169],"grid":[" "," "," "," "," "," "," "," "," "," 0!!","09"," /!#","11","11","11"," .!$"]},"3343":{"keys":[174,169],"grid":[" !!0","00","!","!","!","!","!","!","!","!","!","!","!","!","!","!"]},"3339":{"keys":[173,169],"grid":[" (!*","00","00","00","00"," '!+","05","05","05","05","05","05"," &!,","12","12","12"]},"3338":{"keys":[173,169],"grid":[" )!)","00","00"," (!*","03","03","03","03","03","03","03","03","03","03","03","03"]}},"4902":{"3348":{"keys":[169,174],"grid":[" ","!! 0","01","!# /","03","!$ .","05","!% -","07","!& ,","!' +","10","!( *","12","!) )","!* ("]},"3349":{"keys":[174,169],"grid":[" *!("," +!'","01"," ,!&","03","03","03"," -!%","07","07","07","07"," .!$","12","12","12"]},"3343":{"keys":[174,169],"grid":[" "," "," "," "," "," 0!!","05","05","05"," /!#","09","09"," .!$","12"," -!%","14"]},"3340":{"keys":[173,174],"grid":[" "," "," ","!","!","!","!","!","!","!","!","!","!","!","!","!"]},"3398":{"keys":[169,172],"grid":[" "," "," "," "," "," "," "," ","!% -","!* (","!0 !","!","!","!","!","!"]},"3344":{"keys":[174,169],"grid":[" ,!&","00"," +!'","02"," *!(","04"," )!)"," (!*","07"," '!+","09","09"," &!,"," %!-","13"," $!."]},"3558":{"keys":[151,138],"grid":[" "," "," "," "," "," "," 0!!"," /!#"," .!$"," -!%"," ,!&"," +!'"," *!("," )!)"," (!*"," '!+"]},"3351":{"keys":[174,169],"grid":[" ,!&","00"," +!'","02","02"," *!(","05"," )!)","07"," (!*","09"," '!+"," &!,","12"," %!-","14"]},"3559":{"keys":[151,138],"grid":[" &!,"," %!-"," $!."," #!/"," !!0","!","!","!","!","!","!","!","!","!","!","!"]},"3353":{"keys":[169],"grid":[" "," "," "," "," "," "," "," "," "," "," "," "," "," "," "," "]},"3352":{"keys":[174,169],"grid":[" $!.","00"," #!/","02","02","02","02","02"," !!0","08","08","08","08","08","08","!"]},"3345":{"keys":[174,169],"grid":[" $!."," #!/","01"," !!0","03","!","!","!","!","!","!","!","!","!","!","!"]},"3350":{"keys":[174,169],"grid":[" .!$","00","00","00","00","00","00","00","00","00","00"," -!%","11","11","11"," ,!&"]}},"4905":{"3556":{"keys":[151,138],"grid":[" '!+"," &!,"," %!-"," $!."," #!/"," !!0","!","!","!","!","!","!","!","!","!","!"]},"3555":{"keys":[151,138],"grid":[" "," "," "," "," "," "," "," "," 0!!"," /!#"," -!%"," ,!&"," +!'"," *!("," )!)"," (!*"]},"3399":{"keys":[172,169],"grid":[" %!-"," *!("," /!#"," "," "," "," "," "," "," "," "," "," "," "," "," "]},"3398":{"keys":[169],"grid":[" "," "," "," "," "," "," "," "," "," "," "," "," "," "," "," "]},"3333":{"keys":[173,169],"grid":[" $!."," #!/"," !!0","02","!","!","!","!","!","!","!","!","!","!","!","!"]},"3332":{"keys":[169,173],"grid":[" "," "," "," "," "," "," "," "," "," "," "," ","!! 0","12","12","!# /"]}},"4904":{"3557":{"keys":[151,138],"grid":[" '!+"," &!,"," %!-"," $!."," #!/"," !!0","!","!","!","!","!","!","!","!","!","!"]},"3556":{"keys":[151,138],"grid":[" "," "," "," "," "," "," "," 0!!"," /!#"," .!$"," -!%"," ,!&"," +!'"," *!("," )!)"," (!*"]},"3398":{"keys":[169,172],"grid":[" "," "," "," "," "," "," "," "," "," "," "," "," ","!% -","!* (","!/ #"]},"3333":{"keys":[173,169],"grid":[" "," "," "," "," "," 0!!","05"," /!#"," .!$","08"," -!%","10"," ,!&"," +!'","13"," *!("]},"3332":{"keys":[173,169],"grid":[" /!#"," 0!!","01","01"," "," ","01","01","01","01","01"," "," "," "," "," "]},"3331":{"keys":[173,169],"grid":[" /!#","00","00","00","00","00"," 0!!","00"," -!%"," .!$","08","09","08","09","08","09"]},"3330":{"keys":[173,169],"grid":[" -!%"," /!#","01","01","01"," .!$","00","05"," ,!&","08","00","00"," -!! !!#","05"," 0!!","01"]},"3335":{"keys":[173,169],"grid":[" #!/","00","00"," !!0","03","03","!","!","!","!","!","!","!","!","!","!"]},"3334":{"keys":[173,169],"grid":[" *!("," )!)"," (!*","02","02"," '!+","05","05"," &!,","08","08"," %!-","11","11"," $!.","14"]},"3328":{"keys":[173,169],"grid":[" -!%"," .!$","01","01"," /!#","00","04","01"," ,!&"," +!! #!$"," +!'","08"," (!! !!! !!&"," (!*","13","13"]},"3329":{"keys":[173,169],"grid":[" (!*","00"," '!+","02","02","00","00"," )!)"," *!("," )!! !!'","07","08"," +!'","08","12"," ,!&"]}},"4907":{"3399":{"keys":[169,172],"grid":[" "," "," "," "," "," ","!# /","!( *","!- %","!","!","!","!","!","!","!"]},"3554":{"keys":[151,138],"grid":[" )!)"," (!*"," '!+"," &!,"," %!-"," $!."," #!/"," !!0","!","!","!","!","!","!","!","!"]},"3553":{"keys":[151,138],"grid":[" "," "," "," "," "," "," "," "," "," "," 0!!"," /!#"," .!$"," ,!&"," +!'"," *!("]}},"4906":{"3399":{"keys":[169,172],"grid":[" "," "," ","!$ .","!) )","!. $","!","!","!","!","!","!","!","!","!","!"]},"3555":{"keys":[151,138],"grid":[" (!*"," '!+"," %!-","02"," $!."," #!/"," !!0","!","!","!","!","!","!","!","!","!"]},"3554":{"keys":[151,138],"grid":[" "," "," "," "," "," "," "," "," 0!!"," /!#"," .!$"," -!%"," ,!&"," +!'"," *!("," )!)"]}},"4888":{"3386":{"keys":[151],"grid":[" "," "," "," "," "," "," "," "," "," "," "," "," "," "," "," "]},"3384":{"keys":[151,174],"grid":[" %!-","00"," &!,"," '!+"," (!*","04","04","04","04","04"," )!)","04","10","10"," ,!&","14"]},"3385":{"keys":[151,174],"grid":[" +!'"," *!(","00","00"," -!%","04"," ,!&","04"," .!$"," /!#","09"," 0!!","11","11","11","11"]},"3383":{"keys":[174,151],"grid":[" "," "," "," "," "," "," ","!! 0","07","07","!# /","10","10","!$ .","13","!% -"]},"3399":{"keys":[151,172],"grid":[" ,!&","00"," +!'","02","02","02"," *!(","06","06","06"," )!)","10","10","10"," (!*","14"]},"3398":{"keys":[151,172],"grid":[" "," "," "," 0!!","03"," /!#","05"," .!$","07","07"," -!%","10","10","10"," ,!&","14"]},"3568":{"keys":[151,138],"grid":[" "," "," "," "," "," 0!!","05","05"," /!#","08"," .!$","10","10"," -!%","13"," ,!&"]},"3569":{"keys":[151,138],"grid":[" ,!&"," +!'","01","01"," *!(","04"," )!)","06","06"," (!*","09"," '!+","11"," &!,","13"," %!-"]},"3570":{"keys":[151,138],"grid":[" %!-"," $!.","01"," #!/","03","03"," !!0","06","06","!","!","!","!","!","!","!"]},"3401":{"keys":[151,172],"grid":[" $!."," #!/","01","01","01"," !!0","05","05","05","!","!","!","!","!","!","!"]},"3400":{"keys":[151,172],"grid":[" (!*"," '!+","01","01","01"," &!,","05","05","05"," %!-","09","09","09"," $!.","13","13"]}},"4889":{"3386":{"keys":[174,151],"grid":[" "," "," "," "," "," "," "," ","!! 0","08","08","08","08","08","08","08"]},"3387":{"keys":[151,174],"grid":[" !!0","00"," #!/","02","02","02","02","02","02","02","02"," $!.","11","11","11","11"]},"3392":{"keys":[151,174],"grid":[" +!'"," ,!&"," -!%"," .!$"," /!#"," 0!!"," "," "," "," "," "," "," "," "," "," "]},"3566":{"keys":[151,138],"grid":[" 0!!"," /!#","01","01"," .!$","04"," -!%","06","06"," ,!&","09"," +!'","11","11"," *!(","14"]},"3567":{"keys":[151,138],"grid":[" )!)","00"," (!*","02"," '!+","04"," &!,","06","06"," %!-","09"," $!.","11","11"," #!/","14"]},"3397":{"keys":[151,172],"grid":[" +!'","00"," *!(","02"," )!)","04"," (!*"," '!+","07"," &!,","09"," %!-"," $!.","12"," #!/","14"]},"3565":{"keys":[151,138],"grid":[" "," "," "," "," "," "," "," "," "," "," "," "," "," "," "," 0!!"]},"3342":{"keys":[174,173],"grid":[" "," "," "," "," 0!!","04"," /!#","06"," .!$","08","08"," -!%","11","11","11","11"]},"3398":{"keys":[151,172],"grid":[" !!0","00","!","!","!","!","!","!","!","!","!","!","!","!","!","!"]},"3568":{"keys":[151,138],"grid":[" !!0","00","00","!","!","!","!","!","!","!","!","!","!","!","!","!"]},"3396":{"keys":[151,172],"grid":[" "," "," "," "," "," "," "," "," 0!!"," /!#","09"," .!$","11"," -!%","13"," ,!&"]},"3388":{"keys":[151,174],"grid":[" $!."," %!-"," &!,","02","02"," '!+","05","05"," )!)","08","08","08","08"," *!(","13"," +!'"]},"3389":{"keys":[151,174],"grid":[" -!%"," ,!&","01","01","01","01","01","01","01","01"," +!'","10","10","10","10"," *!("]},"3343":{"keys":[174,173],"grid":[" -!%"," .!$","01"," /!#","03","03"," 0!!","06","06"," "," "," "," "," "," "," "]},"3390":{"keys":[151,174],"grid":[" *!("," )!)","01"," (!*","03"," &!,","05","05"," '!+","08","08","08","08","03","03","03"]},"3391":{"keys":[151,174],"grid":[" (!*","00","00"," )!)","03","03","03","03","03"," *!(","09","09","09","09","09"," +!'"]}},"5067":{"3357":{"keys":[170,172],"grid":[" "," "," ","!# /","!% -","!' +","!) )","!+ '","!- %","!/ #","!","!","!","!","!","!"]}},"5066":{"3357":{"keys":[172,170],"grid":[" -!%"," /!#"," "," "," "," "," "," "," "," "," "," "," "," "," "," "]},"3356":{"keys":[170,172],"grid":[" "," "," "," "," "," "," "," "," "," "," ","!# /","!% -","!' +","!) )","!+ '"]}},"5061":{"3354":{"keys":[170,172],"grid":[" "," "," ","!! 0","!$ .","!& ,","!( *","!* (","!, &","!. $","!0 !","!","!","!","!","!"]}},"5060":{"3354":{"keys":[172,170],"grid":[" ,!&"," .!$"," 0!!"," "," "," "," "," "," "," "," "," "," "," "," "," "]},"3353":{"keys":[170,172],"grid":[" "," "," "," "," "," "," "," "," "," "," "," ","!# /","!& ,","!( *","!* ("]}},"5063":{"3355":{"keys":[170,172],"grid":[" "," "," ","!! 0","!$ .","!& ,","!( *","!* (","!, &","!. $","!0 !","!","!","!","!","!"]}},"5062":{"3355":{"keys":[172,170],"grid":[" ,!&"," .!$"," 0!!"," "," "," "," "," "," "," "," "," "," "," "," "," "]},"3354":{"keys":[170,172],"grid":[" "," "," "," "," "," "," "," "," "," "," ","!! 0","!$ .","!& ,","!( *","!* ("]}},"4880":{"3360":{"keys":[151,174],"grid":[" $!.","00"," %!-","02","02"," &!,","05"," '!+","07"," (!*","09","09"," )!)","12"," *!(","14"]},"3576":{"keys":[151,138],"grid":[" "," "," "," "," "," "," "," +!'"," &!,"," !!0","!","!","!","!","!","!"]},"3359":{"keys":[174,151],"grid":[" "," "," "," "," "," "," "," "," "," "," "," ","!! 0","12","!# /","14"]},"3361":{"keys":[151,174],"grid":[" +!'","00"," ,!&","02"," -!%","04","04"," .!$","07"," /!#","09"," 0!!","11"," ","11","09"]},"3362":{"keys":[151],"grid":[" "," "," "," "," "," "," "," "," "," "," "," "," "," "," "," "]}},"4881":{"3429":{"keys":[151,172],"grid":[" &!,"," %!-","01","01","01","01","01","01","01","01","00"," '!+"," (!*"," )!)"," *!("," +!'"]},"3367":{"keys":[151],"grid":[" "," "," "," "," "," "," "," "," "," "," "," "," "," "," "," "]},"3368":{"keys":[151,174],"grid":[" "," "," "," 0!!","03","03"," /!#","06","03"," "," "," "," "," "," "," "]},"3364":{"keys":[151,174],"grid":[" )!)"," (!*","01","01","01","01","01","01","01","01"," '!+","01","01","10","01","01"]},"3365":{"keys":[151,174],"grid":[" (!*","00","00","00","00"," '!+","05","05","00","00","00","00","00"," )!)","13"," *!("]},"3366":{"keys":[151,174],"grid":[" +!'"," ,!&","01"," -!! !!#"," 0!!"," "," "," "," "," "," "," "," "," "," "," "]},"3576":{"keys":[151,138],"grid":[" "," "," "," "," ,!&"," '!+"," !!0","!","!","!","!","!","!","!","!","!"]},"3427":{"keys":[151,172],"grid":[" +!'","00"," *!(","02","02"," )!)","05","05","05","05"," (!*","10","10","10","10","10"]},"3426":{"keys":[151,172],"grid":[" /!#","00","00"," .!$","03","03","03"," -!%","07","07"," ,!&","10","10","10"," +!'","14"]},"3362":{"keys":[174,151],"grid":[" "," "," ","!! 0","03","03","!# /","06","06","06","!$ .","10","10","10","10","!% -"]},"3363":{"keys":[151,174],"grid":[" %!-","00","00"," &!,","03","03","03","03"," '!+","08","08","08"," (!*","12"," )!)","14"]},"3430":{"keys":[151,172],"grid":[" ,!&","00"," -!%"," .!$"," /!#"," 0!!"," "," "," "," "," "," "," "," "," "," "]},"3428":{"keys":[151,172],"grid":[" (!*","00"," '!+","02","02","02","02","02","02","02"," &!,","10","10","10","10","10"]},"3425":{"keys":[151,172],"grid":[" "," "," "," "," "," "," "," "," "," "," "," 0!!","11","11","11"," /!#"]}},"4882":{"3439":{"keys":[151,172,""],"grid":[" "," "," "," "," 0!!","04","04","04"," /!#","08","08","08"," .!$"," /##","13"," .#$"]},"3367":{"keys":[151,174],"grid":[" #!/","00","00","00","00"," $!.","05","05","00","00"," !!0","10","10","10","!","!"]},"3368":{"keys":[174,151],"grid":[" "," "," "," "," "," "," "," "," "," "," "," "," "," ","!! 0","14"]},"3369":{"keys":[151,174],"grid":[" #!/","00"," $!."," (!*","03"," *!(","05"," .!$"," /!#"," 0!!"," "," "," "," "," "," "]},"3430":{"keys":[172,151],"grid":[" "," "," "," "," "," "," ","!! 0","!# /","!$ .","!% -","!& ,","!' +","!( *","!) )","!* ("]},"3431":{"keys":[151,172],"grid":[" *!("," +!'"," ,!&"," -!%"," .!$"," /!#"," 0!!","06"," "," "," "," "," "," "," "," "]},"3366":{"keys":[174,151],"grid":[" "," "," "," "," "," ","!! 0","06","!# /","!$ .","!% -","10","10","09","09","09"]},"3576":{"keys":[151,138],"grid":[" "," -!%"," &!,","!","!","!","!","!","!","!","!","!","!","!","!","!"]},"3425":{"keys":[151,172],"grid":[" #!/","00","00","00"," !!0","04","04","04","!","!","!","!","!","!","!","!"]},"3424":{"keys":[151,172],"grid":[" (!*"," '!+","01","01","01"," &!,","05","05","05"," %!-","09","09","09"," $!.","13","13"]},"3423":{"keys":[151,172],"grid":[" ,!&","00","00"," +!'","03","03"," *!(","06","06","06"," )!)","10","10","10"," (!*","14"]},"3422":{"keys":[151,172],"grid":[" "," "," "," "," 0!!","04","04"," /!#","07","07"," .!$","10"," -!%","12","12"," ,!&"]}},"4883":{"3438":{"keys":[151,172],"grid":[" %!-","00","00"," $!.","03","03","03","03"," #!/","08","08","08"," !!0","12","12","12"]},"3439":{"keys":[172,""],"grid":[" "," "," "," "," "," "," "," "," "," "," "," "," %!-","12","12","12"]},"3433":{"keys":[151,172],"grid":[" 0!!","00"," "," "," "," "," "," "," "," "," "," "," "," "," "," "]},"3369":{"keys":[174,151],"grid":[" "," "," "," "," "," "," "," "," "," "," ","!! 0","!# /","!% -","!& ,","!( *"]},"3575":{"keys":[151,138],"grid":[" "," "," "," "," "," "," "," "," "," "," "," "," "," "," ,!&"," '!+"]},"3431":{"keys":[172,151],"grid":[" "," "," "," "," "," "," "," "," ","!! 0","!# /","!$ .","!% -","!& ,","!' +","14"]},"3432":{"keys":[151,172],"grid":[" (!*"," )!)"," *!("," +!'"," ,!&"," -!%","05"," .!$","07","07"," /!#","10","10","10"," 0!!","14"]},"3576":{"keys":[151,138],"grid":[" !!0","!","!","!","!","!","!","!","!","!","!","!","!","!","!","!"]},"3434":{"keys":[151,172],"grid":[" "," "," "," "," "," "," "," "," "," "," "," "," 0!!","12","12","12"]},"3435":{"keys":[151,172],"grid":[" 0!!","00","00"," /!#","03","03","03","03","03"," .!$","09","09","09","09"," -!%","14"]},"3371":{"keys":[151,174],"grid":[" /!#"," 0!!","01","01"," "," "," "," "," "," "," "," "," "," "," "," "]},"3370":{"keys":[151,174],"grid":[" )!)"," +!'"," ,!&","02","02","02","02"," -!%","07","07","07","07"," .!$","12"," /!#","14"]},"3436":{"keys":[151,172],"grid":[" -!%","00"," ,!&","02","02","02"," +!'","06","06","06"," *!(","10","10","10","10"," )!)"]},"3422":{"keys":[151,172],"grid":[" !!0","00","!","!","!","!","!","!","!","!","!","!","!","!","!","!"]},"3420":{"keys":[151,172],"grid":[" .!$","00"," -!%","02","02"," ,!&","05"," +!'","07","07"," *!(","10","10"," )!)","13"," (!*"]},"3437":{"keys":[151,172],"grid":[" )!)","00","00"," (!*","03","03","03"," '!+","07","07","07"," &!,","11","11","11"," %!-"]},"3421":{"keys":[151,172],"grid":[" (!*","00"," '!+","02","02"," &!,","05"," %!-","07","07"," $!.","10"," #!/","12","12"," !!0"]},"3419":{"keys":[151,172],"grid":[" "," "," "," "," "," "," "," "," "," "," 0!!","10","10"," /!#","13"," .!$"]}},"4884":{"3433":{"keys":[172,151],"grid":[" "," "," "," "," "," "," ","!! 0","07","07","07","!# /","11","11","11","11"]},"3575":{"keys":[151,138],"grid":[" "," "," "," "," "," "," "," "," "," "," "," -!%"," (!*"," #!/","!","!"]},"3434":{"keys":[151,172],"grid":[" !!0","00","00","00","00","00","!","!","!","!","!","!","!","!","!","!"]},"3374":{"keys":[151,174],"grid":[" /!#"," 0!!","01","01"," "," "," "," "," "," "," "," "," "," "," "," "]},"3373":{"keys":[151,174],"grid":[" *!(","00"," +!'","02","02"," ,!&","05","05"," -!%","08","08"," .!$","11","11"," /!#","14"]},"3372":{"keys":[151,174],"grid":[" %!-","00","00"," &!,","03","03"," '!+","06"," (!*","08","08","08"," )!)","12","12"," *!("]},"3371":{"keys":[174,151],"grid":[" "," "," "," "," "," "," ","!! 0","07","07","!# /","10","!$ .","12","12","!% -"]},"3416":{"keys":[151,172],"grid":[" "," "," "," "," "," "," "," "," "," 0!!","09","09","09"," /!#","13","13"]},"3417":{"keys":[151,172],"grid":[" /!#"," .!$","01","01","01"," -!%","05","05","05"," ,!&","09","09","09"," +!'","13","13"]},"3418":{"keys":[151,172],"grid":[" *!(","00"," )!)","02","02"," (!*","05"," '!+","07","07"," &!,","10","10"," %!-","13"," $!."]},"3419":{"keys":[151,172],"grid":[" $!.","00"," #!/","02","02"," !!0","05","!","!","!","!","!","!","!","!","!"]}},"4885":{"3575":{"keys":[151,138],"grid":[" "," "," "," "," "," "," "," "," .!$"," )!)"," !!0","!","!","!","!","!"]},"3376":{"keys":[151,174],"grid":[" *!(","00","00"," +!'","03"," ,!&","05"," -!%","07"," .!$"," /!#","10","10"," 0!!","13","13"]},"3375":{"keys":[151,174],"grid":[" $!."," %!-","01","01"," &!,","04","04"," '!+","07"," (!*","09","09"," )!)","12","12","12"]},"3374":{"keys":[174,151],"grid":[" "," "," "," "," "," "," ","!! 0","07","07","!# /","10","10","10","!$ .","14"]},"3416":{"keys":[151,172],"grid":[" #!/"," !!0","01","01","01","!","!","!","!","!","!","!","!","!","!","!"]},"3377":{"keys":[151],"grid":[" "," "," "," "," "," "," "," "," "," "," "," "," "," "," "," "]},"3414":{"keys":[151,172],"grid":[" *!(","00","00","00","00"," )!)","05","05","05"," (!*","09","09","09"," '!+","13","13"]},"3415":{"keys":[151,172],"grid":[" '!+"," &!,","01","01","01"," %!-","05","05","05"," $!.","09","09","09"," #!/","13","13"]},"3412":{"keys":[151,172],"grid":[" "," "," "," "," "," 0!!","05","05","05","05","05"," /!#","11","11","11","11"]},"3413":{"keys":[151,172],"grid":[" .!$","00","00","00"," -!%","04","04","04"," ,!&","08","08","08"," +!'","12","12","12"]}},"4886":{"3407":{"keys":[151,172],"grid":[" .!$","00","00","00","00"," -!%","05","05","05","05","05"," ,!&","11","11","11","11"]},"3379":{"keys":[151,174],"grid":[" +!'","00"," ,!&","02","02"," -!%","05","05","05"," .!$","09","09"," /!#","12","12"," 0!!"]},"3378":{"keys":[151,174],"grid":[" &!,","00","00","00"," '!+","04","04"," (!*","07","07"," )!)","10","10"," *!(","13","13"]},"3377":{"keys":[174,151],"grid":[" "," "," ","!! 0","03","!# /","05","05","!$ .","08","08","!% -","11","11","!& ,","14"]},"3574":{"keys":[151,138],"grid":[" *!(","00"," )!)","02","02"," (!*","05"," '!+","07"," &!,","09","09"," %!-","12","12"," $!."]},"3406":{"keys":[151,172],"grid":[" "," "," "," 0!!","03","03","03","03","03"," /!#","09","09","09","09","09"," .!$"]},"3573":{"keys":[151,138],"grid":[" "," 0!!","01","01"," /!#","04"," .!$","06","06"," -!%","09"," ,!&","11","11"," +!'","14"]},"3408":{"keys":[151,172],"grid":[" ,!&"," +!'","01","01","01","01","01","01"," *!(","08","08","08","08","08"," )!)","14"]},"3575":{"keys":[151,138],"grid":[" $!."," #!/","01"," !!0","03","!","!","!","!","!","!","!","!","!","!","!"]},"3412":{"keys":[172],"grid":[" "," "," "," "," "," "," "," "," "," "," "," "," "," "," "," "]},"3410":{"keys":[151,172],"grid":[" &!,","00","00","00","00","00"," %!-","06","06","06","06","06"," $!.","12","12","12"]},"3411":{"keys":[151,172],"grid":[" $!.","00","00"," #!/","03","03","03","03","03"," !!0","09","09","09","09","09","!"]},"3409":{"keys":[151,172],"grid":[" )!)","00","00","00"," (!*","04","04","04","04","04"," '!+","10","10","10","10","10"]},"3405":{"keys":[151],"grid":[" "," "," "," "," "," "," "," "," "," "," "," "," "," "," "," "]},"3380":{"keys":[151,174],"grid":[" 0!!","00","00"," "," "," "," "," "," "," "," "," "," "," "," "," "]}},"4887":{"3382":{"keys":[151,174],"grid":[" *!(","00","00"," +!'","03","03"," ,!&","06","06"," -!%","09","09"," .!$","12","12"," /!#"]},"3383":{"keys":[151,174],"grid":[" /!#","00"," 0!!","02","02"," "," "," "," "," "," "," "," "," "," "," "]},"3380":{"keys":[174,151],"grid":[" "," "," "," "," "," ","!! 0","06","06","!# /","09","09","!$ .","12","12","!% -"]},"3381":{"keys":[151,174],"grid":[" %!-","00","00"," &!,","03","03"," '!+","06","06"," (!*","09","09","09"," )!)","13","13"]},"3571":{"keys":[151,138],"grid":[" .!$","00","00"," -!%","03"," ,!&","05"," +!'","07","07"," *!(","10"," )!)","12","12"," (!*"]},"3570":{"keys":[151,138],"grid":[" "," "," "," "," "," "," "," "," "," "," "," 0!!","11","11"," /!#","14"]},"3573":{"keys":[138],"grid":[" "," "," "," "," "," "," "," "," "," "," "," "," "," "," "," "]},"3572":{"keys":[151,138],"grid":[" (!*"," '!+","01","01"," &!,","04"," %!-","06"," $!.","08"," #!/","10"," !!0","12","12","!"]},"3401":{"keys":[151,172],"grid":[" "," "," "," "," "," "," "," "," "," "," "," "," "," 0!!","13","13"]},"3403":{"keys":[151,172],"grid":[" ,!&"," +!'","01","01","01"," *!(","05","05","05"," )!)","09","09","09"," (!*","13","13"]},"3402":{"keys":[151,172],"grid":[" 0!!"," /!#","01","01","01"," .!$","05","05","05"," -!%","09","09","09"," ,!&","13","13"]},"3405":{"keys":[151,172],"grid":[" $!."," #!/","01","01","01","01"," !!0","06","06","06","06","06","!","!","!","!"]},"3404":{"keys":[151,172],"grid":[" (!*"," '!+","01","01","01"," &!,","05","05","05"," %!-","09","09","09"," $!.","13","13"]}},"4875":{"3577":{"keys":[151,138],"grid":[" "," "," "," "," "," "," ,!&"," %!-","!","!","!","!","!","!","!","!"]},"3347":{"keys":[151,"",174],"grid":[" -!%","00","00","00","00"," -!$#!"," -!###"," .#$","07","07","07","07"," /##","12","12"," 0#!"]},"3348":{"keys":[151,174],"grid":[" 0!!","00","00"," "," "," "," "," "," "," "," "," "," "," "," "," "]}},"4874":{"3577":{"keys":[151,138],"grid":[" "," "," "," "," "," "," "," "," 0!!"," ,!&"," %!-","!","!","!","!","!"]}},"4877":{"3577":{"keys":[151,138],"grid":[" +!'"," &!,","!","!","!","!","!","!","!","!","!","!","!","!","!","!"]},"3576":{"keys":[151,138],"grid":[" "," "," "," "," "," "," "," "," "," "," "," "," "," "," "," 0!!"]},"3354":{"keys":[151,174],"grid":[" .!$"," /!#","01","01"," 0!!","04","04"," "," "," "," "," "," "," "," "," "]},"3351":{"keys":[174,151],"grid":[" "," "," "," "," "," "," "," "," "," ","!! 0","10","10","!# /","13","13"]},"3353":{"keys":[151,174],"grid":[" )!)","00"," *!(","02"," +!'","04","04","04"," ,!&","08","08"," -!%","11","11"," .!$","14"]},"3352":{"keys":[151,174],"grid":[" $!.","00","00","00"," %!-","04","04"," &!,","07"," '!+","09","09"," (!*","12","12"," )!)"]}},"4876":{"3577":{"keys":[151,138],"grid":[" "," "," "," *!("," %!-","!","!","!","!","!","!","!","!","!","!","!"]},"3349":{"keys":[151,174],"grid":[" %!-","00","00"," &!,","03","03"," '!+","06","06"," (!*","09","09","09"," )!)","13","13"]},"3351":{"keys":[151,174],"grid":[" /!#","00","00"," 0!!","03","03","03"," "," "," "," "," "," "," "," "," "]},"3348":{"keys":[174,151],"grid":[" "," "," "," "," "," ","!! 0","06","06","!# /","09","09","!$ .","12","12","!% -"]},"3350":{"keys":[151,174],"grid":[" *!(","00","00"," +!'","03","03"," ,!&","06","06","06"," -!%","10","10"," .!$","13","13"]}},"4871":{"3582":{"keys":[151,138,""],"grid":[" "," "," "," "," "," "," "," "," "," "," 0!!"," -##!#","#-!%","12","12","12"]}},"4873":{"3577":{"keys":[151,138],"grid":[" "," "," "," "," "," "," "," "," "," "," "," 0!!"," *!(","12","12","12"]},"3579":{"keys":[151,138],"grid":[" $!."," #!/","01","01"," !!0","04","04","!","!","!","!","!","!","!","!","!"]},"3578":{"keys":[151,138],"grid":[" )!)","00","00"," (!*","03","03"," '!+","06","06"," &!,","09"," %!-","11","11"," $!.","14"]}},"4872":{"3580":{"keys":[151,138],"grid":[" .!$","00","00"," -!%","03","03"," ,!&","06","06","06"," +!'","10","10"," *!(","13","13"]},"3581":{"keys":[151,138],"grid":[" )!)","00","00"," (!*","03","03"," '!+","06","06"," &!,","09","09"," %!-","12"," $!.","14"]},"3582":{"keys":[151,138],"grid":[" $!."," #!/","01","01"," !!0","04","04","!","!","!","!","!","!","!","!","!"]},"3579":{"keys":[151,138],"grid":[" "," "," "," "," "," "," "," "," "," "," 0!!","10","10"," /!#","13","13"]}},"4879":{"3357":{"keys":[174,151],"grid":[" "," "," "," "," "," "," "," ","!! 0","08","!# /","10","!$ .","12","!% -","14"]},"3576":{"keys":[151,138],"grid":[" "," "," "," "," "," "," "," "," "," "," ,!&"," %!-","!","!","!","!"]},"3359":{"keys":[151,174],"grid":[" -!%","00"," .!$","02","02"," /!#","05"," 0!!","07"," "," "," "," "," "," "," "]},"3358":{"keys":[151,174],"grid":[" %!-"," &!,","01"," '!+","03"," (!*","05"," )!)","07","07"," *!(","10"," +!'","12"," ,!&","14"]}},"4878":{"3355":{"keys":[151,174],"grid":[" $!.","00","00"," %!-","03","03"," &!,","06","06"," '!+","09","09"," (!*","12","12"," )!)"]},"3354":{"keys":[174,151],"grid":[" "," "," "," "," "," "," "," "," "," ","!! 0","10","10","!# /","13","13"]},"3357":{"keys":[151,174],"grid":[" /!#","00","00"," 0!!","03","03"," "," "," "," "," "," "," "," "," "," "]},"3576":{"keys":[151,138],"grid":[" "," "," "," "," "," "," "," "," "," "," "," "," 0!!"," ,!&"," &!,","!"]},"3356":{"keys":[151,174],"grid":[" )!)","00"," *!(","02","02"," +!'","05","05","05"," ,!&","09"," -!%","11"," .!$","13","13"]}},"4978":{"3328":{"keys":[169,172],"grid":[" "," -!%"," )!)"," &!,"," !!0","!","!","!","!","!","!","!","!","!","!","!"]}},"4979":{"3328":{"keys":[172],"grid":[" "," "," "," "," "," "," "," "," "," "," "," "," "," "," "," "]}},"4974":{"3329":{"keys":[169,172],"grid":[" "," "," 0!!"," -!%"," )!)"," &!,"," !!0","!","!","!","!","!","!","!","!","!"]}},"4975":{"3328":{"keys":[169,172],"grid":[" "," "," "," "," "," "," "," "," "," "," "," "," "," "," .!$"," *!("]},"3329":{"keys":[169,172],"grid":[" '!+"," $!.","!","!","!","!","!","!","!","!","!","!","!","!","!","!"]}},"4976":{"3328":{"keys":[169,172],"grid":[" "," "," "," "," "," "," "," "," "," 0!!"," ,!&"," )!)"," %!-","!","!","!"]}},"4977":{"3328":{"keys":[169,172],"grid":[" "," "," "," "," "," .!$"," +!'"," '!+"," $!.","!","!","!","!","!","!","!"]}},"4970":{"3330":{"keys":[169,172],"grid":[" "," "," "," "," "," -!%"," *!("," &!,"," !!0","!","!","!","!","!","!","!"]}},"4971":{"3329":{"keys":[169],"grid":[" "," "," "," "," "," "," "," "," "," "," "," "," "," "," "," "]},"3330":{"keys":[169,172],"grid":[" /!#"," ,!&"," (!*"," $!.","!","!","!","!","!","!","!","!","!","!","!","!"]}},"4972":{"3329":{"keys":[169,172],"grid":[" "," "," "," "," "," "," "," "," "," "," "," "," -!%"," *!("," &!,"," #!/"]}},"4973":{"3329":{"keys":[169,172],"grid":[" "," "," "," "," "," "," "," /!#"," +!'"," (!*"," $!.","!","!","!","!","!"]}},"5011":{"3328":{"keys":[172,170],"grid":[" *!("," +!'"," -!%"," /!#"," "," "," "," "," "," "," "," "," "," "," "," "]}},"4899":{"3562":{"keys":[151,138],"grid":[" %!-"," $!."," #!/"," !!0","!","!","!","!","!","!","!","!","!","!","!","!"]},"3561":{"keys":[151,138],"grid":[" "," "," "," "," "," 0!!"," /!#"," .!$"," -!%"," ,!&"," +!'"," *!("," )!)"," (!*"," '!+"," &!,"]},"3397":{"keys":[169,172],"grid":[" "," "," "," "," "," "," "," "," "," "," "," "," "," "," ","!! 0"]},"3342":{"keys":[173,174],"grid":[" &!,"," %!-"," $!."," #!/"," !!0","!","!","!","!","!","!","!","!","!","!","!"]},"3398":{"keys":[172,169],"grid":[" (!*"," -!%"," "," "," "," "," "," "," "," "," "," "," "," "," "," "]},"3341":{"keys":[173,174],"grid":[" "," "," "," "," "," "," "," "," "," 0!!"," .!$"," -!%"," ,!&"," *!("," )!)"," '!+"]},"3360":{"keys":[174,169],"grid":[" !!0","00","00","00","00","00","!","!","!","!","!","!","00"," #!/","13","13"]},"3361":{"keys":[174,169],"grid":[" $!."," !!0","!","!","!","!","!","!","!","!","!","!","!","!","!","!"]},"3357":{"keys":[174],"grid":[" "," "," "," "," "," "," "," "," "," "," "," "," "," "," "," "]},"3359":{"keys":[174,169],"grid":[" +!'","00","00","00","00","00","00"," *!(","07","07"," )!)"," #!/","11","11","11"," !!0"]},"3358":{"keys":[174,169],"grid":[" "," "," "," "," "," "," "," "," "," "," "," "," .!$"," -!%"," ,!&"," +!'"]}},"4898":{"3562":{"keys":[151,138],"grid":[" "," "," "," "," "," 0!!"," .!$"," -!%"," ,!&"," +!'"," *!("," )!)"," (!*"," '!+"," &!,"," %!-"]},"3563":{"keys":[151,138],"grid":[" $!."," #!/"," !!0","!","!","!","!","!","!","!","!","!","!","!","!","!"]},"3397":{"keys":[169,172],"grid":[" "," "," "," "," "," "," "," "," "," "," "," ","!! 0","!' +","!- %","!"]},"3342":{"keys":[173,174],"grid":[" "," "," "," "," "," "," 0!!"," .!$"," ,!&"," +!'"," *!("," )!)"," (!*"," '!+"," %!-"," $!."]},"3343":{"keys":[173,174],"grid":[" #!/"," !!0","!","!","!","!","!","!","!","!","!","!","!","!","!","!"]},"3360":{"keys":[174],"grid":[" "," "," "," "," "," "," "," "," "," "," "," "," "," "," "," "]},"3361":{"keys":[174,169],"grid":[" "," /!! !"," .!$","02","02"," -!%","05","05","05"," ,!&","09"," +!'","11","11","11"," *!("]},"3362":{"keys":[174,169],"grid":[" )!)","00","00","00","00","00"," (!*","06"," &!,"," %!-"," #!/","!","!","!","!","!"]},"3333":{"keys":[174,173],"grid":[" $!."," %!-"," &!,","02"," '!+","04","04"," (!*","04","02","01","00","00","00","00"," #!/"]},"3332":{"keys":[174,173],"grid":[" &!,"," '!+","01","01","01","01"," (!*","01","00","00","00"," %!-","11","11"," $!.","14"]},"3331":{"keys":[174,173],"grid":[" &!,","00"," %!-"," $!.","02"," (!*"," )!)","05"," '!+","08","00","02","00","00","00","00"]},"3330":{"keys":[173,174],"grid":[" "," "," "," "," "," "," "," "," "," "," "," "," "," ","!# /","!% -"]},"3334":{"keys":[174,173],"grid":[" #!/","00"," !!0","!","!","!","!","!","!","!","!","!","!","!","!","!"]}},"5014":{"3329":{"keys":[170,172],"grid":[" "," "," "," "," "," "," ","!! 0","!$ .","!& ,","!( *","!* (","!+ '","!- %","!/ #","!0 !"]}},"5015":{"3329":{"keys":[170],"grid":[" "," "," "," "," "," "," "," "," "," "," "," "," "," "," "," "]},"3330":{"keys":[172,170],"grid":[" !!0"," $!."," &!,"," (!*"," )!)"," +!'"," -!%"," /!#"," 0!!"," "," "," "," "," "," "," "]}},"5016":{"3331":{"keys":[172,170],"grid":[" /!#"," 0!!"," "," "," "," "," "," "," "," "," "," "," "," "," "," "]},"3330":{"keys":[170,172],"grid":[" "," "," "," "," "," "," "," "," ","!! 0","!$ .","!& ,","!( *","!) )","!+ '","!- %"]}},"5017":{"3331":{"keys":[170,172],"grid":[" "," ","!! 0","!$ .","!& ,","!' +","!) )","!+ '","!- %","!. $","!0 !","!","!","!","!","!"]}},"4893":{"3562":{"keys":[151,138],"grid":[" "," ","!# /","!' +","!) )","!, &","!/ #","!","!","!","!","!","!","!","!","!"]},"3386":{"keys":[174,169],"grid":[" %!-","00","00"," $!.","03"," #!/","05"," !!0","!","!","!","!","!","!","!","!"]},"3384":{"keys":[174,169],"grid":[" 0!!","00","00"," /!#","03"," .!$","05"," -!%","07","07"," ,!&","10","10"," +!'","13","13"]},"3385":{"keys":[174,169],"grid":[" *!(","00"," )!)","02","02"," (!*","05"," '!+","07","07"," &!,","10","10","10","10"," %!-"]},"3383":{"keys":[174],"grid":[" "," "," "," "," "," "," "," "," "," "," "," "," "," "," "," "]},"3397":{"keys":[172],"grid":[" "," "," "," "," "," "," "," "," "," "," "," "," "," "," "," "]},"3396":{"keys":[169,172],"grid":[" "," "," "," "," "," "," "," "," "," "," "," "," "," ","!& ,","!+ '"]},"3343":{"keys":[173,174],"grid":[" "," "," "," "," "," "," "," "," "," "," "," "," "," ","!","!"]},"3331":{"keys":[173,174],"grid":[" &!,"," %!-"," $!."," #!/","!","!","!","!","!","!","!","!","!","!","!","!"]},"3330":{"keys":[174,173],"grid":[" &!,","00","00","00"," %!-","04","04","04"," $!."," #!+ %","!+ '","!* (","!) )","!( *","!' +","14"]},"3335":{"keys":[174,173],"grid":[" "," "," "," 0!!"," /!#"," .!$"," -!%"," +!'"," *!("," (!*"," '!+"," %!-"," $!."," !!0","!","!"]},"3328":{"keys":[173,174],"grid":[" "," "," "," "," "," "," "," "," "," "," ","!! 0","!$ .","12","!% -","14"]},"3329":{"keys":[174,173],"grid":[" &!,","00","00","00","00","00","00","00","00"," '!+","00","00","00","00","00","00"]}},"4892":{"3562":{"keys":[138,151],"grid":[" -!%"," 0!!"," "," "," "," "," "," "," "," "," "," "," "," "," "," "]},"3386":{"keys":[174,169],"grid":[" "," "," "," "," "," "," "," "," "," "," 0!!","10","10"," /!#","13","13"]},"3561":{"keys":[151,138],"grid":[" "," "," "," "," "," "," "," "," "," "," "," "," ","!$ .","!' +","!* ("]},"3396":{"keys":[169,172],"grid":[" "," "," "," "," "," "," "," "," "," "," "," ","!( *","!0 !","!","!"]},"3343":{"keys":[173,174],"grid":[" "," "," "," "," "," "," "," "," "," "," "," "," "," "," *!("," &!,"]},"3344":{"keys":[173,174],"grid":[" !!0","!","!","!","!","!","!","!","!","!","!","!","!","!","!","!"]},"3389":{"keys":[174,169],"grid":[" .!$","00","00"," -!%","03"," ,!&","05"," +!'"," *!(","08"," )!)"," (!*","11","11"," '!+","14"]},"3331":{"keys":[173,174],"grid":[" "," "," "," ","!' +","!","!","!","!","!","!","!","!","!","!","!"]},"3330":{"keys":[174,173],"grid":[" "," "," "," "," "," "," "," "," "," "," (!*"," &!,","11"," %!-"," $!."," #!/"]},"3387":{"keys":[174,169],"grid":[" .!$","00","00","00"," -!%","04","04","04","04"," ,!&","09","09","09","09","04","04"]},"3388":{"keys":[174,169],"grid":[" -!%","00","00"," .!$","03"," /!#","05","05","05","05","05","05","05","05","05","03"]},"3335":{"keys":[174,173],"grid":[" "," "," "," "," "," "," "," "," "," "," "," "," "," "," /!#"," ,!&"]},"3328":{"keys":[174,173],"grid":[" (!*"," *!(","01"," +!'","01"," )!)","05","05","01","03"," -!%"," "," "," "," "," "]},"3390":{"keys":[174,169],"grid":[" &!,","00"," %!-","02"," $!.","04","04"," #!/","07"," !!0","09","!","!","!","!","!"]},"3336":{"keys":[174,173],"grid":[" *!("," )!)"," (!*"," '!+"," &!,"," %!-","05"," $!."," #!/","08"," !!0","!","!","!","!","!"]}},"4891":{"3562":{"keys":[151,138],"grid":[" +!'"," *!(","01"," )!)","03"," (!*","05","05"," '!+","08","08"," &!,","11"," %!-","13"," $!."]},"3563":{"keys":[151,138],"grid":[" $!.","00"," #!/","02"," !!0","04","!","!","!","!","!","!","!","!","!","!"]},"3393":{"keys":[174,169],"grid":[" )!)","00"," (!*","02","02"," '!+","05","05"," &!,","08","08"," %!-","11","11"," $!.","14"]},"3392":{"keys":[174,169],"grid":[" /!#"," .!$","01","01"," -!%","04","04"," ,!&","07","07"," +!'","10"," *!(","12","12"," )!)"]},"3394":{"keys":[174,169],"grid":[" $!."," #!/","01","01"," !!0","04","04","!","!","!","!","!","!","!","!","!"]},"3396":{"keys":[169,172],"grid":[" "," "," "," "," ","!! 0","!# /","!% -","!& ,","!( *","!* (","!0 !","!","!","!","!"]},"3340":{"keys":[174,173],"grid":[" #!/","00","00"," !!0","03","03","03","!","!","!","!","!","!","!","!","!"]},"3344":{"keys":[173,174],"grid":[" "," '!! '!$"," $!.","!","!","!","!","!","!","!","!","!","!","!","!","!"]},"3331":{"keys":[174,173],"grid":[" "," 0!!","01","01"," "," "," "," "," "," "," "," "," "," "," "," "]},"3561":{"keys":[151,138],"grid":[" "," "," "," "," "," "," "," "," "," "," "," "," ,!&","12","12"," +!'"]},"3337":{"keys":[174,173],"grid":[" .!$"," -!%"," ,!&","02"," +!'"," *!("," )!)"," (!*"," '!+","08"," &!,","10","10"," %!-","13","13"]},"3336":{"keys":[174,173],"grid":[" "," "," "," "," "," "," "," "," "," "," "," "," "," 0!!","13"," /!#"]},"3339":{"keys":[174,173],"grid":[" #!/","00","00","00","00","00","00"," !!0","00","00","00","00"," $!.","12","12","12"]},"3338":{"keys":[174,173],"grid":[" %!-"," $!.","01","01","01","01","01"," #!/","07","07","07","07","07","07","07","07"]},"3391":{"keys":[174,169],"grid":[" 0!!","00","00","00","00","00","00","00","00","00","00","00","00","00"," /!#","14"]},"3390":{"keys":[174,169],"grid":[" "," "," "," "," "," "," "," "," "," "," "," "," "," "," 0!!","14"]}},"4890":{"3563":{"keys":[151,138],"grid":[" "," "," "," "," "," "," "," "," "," 0!!","09"," /!#","11","11"," .!$","14"]},"3393":{"keys":[151,174],"grid":[" $!.","00"," %!-","02","02"," &!,","05","05"," '!+","08"," (!*","10","10"," )!)","13","13"]},"3392":{"keys":[174,151],"grid":[" "," "," "," "," "," "," ","!! 0","07","!# /","09","09","09","09","!$ .","14"]},"3395":{"keys":[151,169,172],"grid":[" .!$"," -!%","01"," ,!&"," +!'","04"," *!(","06"," )!)","08"," (!*"," '!+","11"," &!,"," &##!*"," %#%!)"]},"3394":{"keys":[151,174,169],"grid":[" *!(","00","00"," +!'","03","03"," ,!&","06","06"," -!%"," -!$#!"," .!##!","11"," .!!##"," /##"," .#$"]},"3564":{"keys":[151,138],"grid":[" -!%","00"," ,!&","02","02"," +!'","05"," *!(","07"," )!)","09","09"," (!*","12"," '!+","14"]},"3396":{"keys":[151,172,169],"grid":[" %!'#'"," $!)#&"," #!+#%"," #!-##"," !!/#!"," !!0","!","!","!","!","!","!","!","!","!","!"]},"3342":{"keys":[174,173],"grid":[" !!0","00","!","!","!","!","!","!","!","!","!","!","!","!","!","!"]},"3343":{"keys":[173,174],"grid":[" "," "," "," "," "," "," "," "," "," ","!! 0","!# /","!$ .","!% -","!' +","!( *"]},"3340":{"keys":[174,173],"grid":[" "," "," "," "," "," "," "," "," "," 0!!","09"," /!#","11"," .!$","13"," -!%"]},"3341":{"keys":[174,173],"grid":[" -!%"," ,!&","01"," +!'"," *!("," )!)"," (!*","06"," '!+"," &!,","09"," %!-"," $!."," #!/","13"," !!0"]},"3344":{"keys":[174,173],"grid":[" (!*","00"," )!)"," *!' !"," +!& !"," "," "," "," "," "," "," "," "," "," "," "]},"3565":{"keys":[151,138],"grid":[" &!,","00","00"," %!-","03"," $!.","05","05"," #!/","08"," !!0","10","!","!","!","!"]}},"4897":{"3563":{"keys":[151,138],"grid":[" "," "," "," "," 0!!"," /!#"," .!$","!# +!%","!' &!&","!) #!'","!","!","!","!","!","!"]},"3397":{"keys":[169,172],"grid":[" "," "," "," "," "," "," "," "," ","!$ .","!( *","!- %","!","!","!","!"]},"3364":{"keys":[174,169],"grid":[" $!."," #!/","01","01","01"," !!0","05","05","05","05","05","!","!","!","!","!"]},"3343":{"keys":[173,174],"grid":[" "," "," "," 0!!"," /!#"," .!$"," -!%"," +!'"," #!/","!","!","!","!","!","!","!"]},"3362":{"keys":[174,169],"grid":[" "," "," "," "," "," "," "," "," "," "," "," "," 0!!"," /!#"," .!$"," ,!&"]},"3363":{"keys":[174,169],"grid":[" ,!&"," +!'","01"," *!("," )!)","04"," (!*","06"," '!+","08","08"," &!,","11"," %!-","13"," $!."]},"3331":{"keys":[173,174],"grid":[" '!+","00","00","00","00","00","00","!# %!+","!$ $!+","!$ !!-","!","!","!","!","!","!"]},"3330":{"keys":[173,174],"grid":[" #!( (","00"," !!) (","02"," #!) '","04"," %!' '","06","06"," %!& ("," &!% (","10"," &!& '","12"," &!' $!#"," '!+"]},"3334":{"keys":[174,173],"grid":[" "," ","!$ .","!% -","!' #!# '","!, &","05","!. #!!","!","!","!","!","!","!","!","!"]},"3329":{"keys":[173,174],"grid":[" "," "," "," "," "," "," "," "," "," "," "," "," "," "," #!& *"," #!' )"]}},"4896":{"3563":{"keys":[151,138],"grid":[" "," ","!$ .","!& ,","!* (","!- %","!0 !","!","!","!","!","!","!","!","!","!"]},"3367":{"keys":[174,169],"grid":[" *!("," )!)","01","01"," (!*","04"," '!+","06"," &!,","08"," %!-","10","10"," $!.","13"," #!/"]},"3368":{"keys":[174,169],"grid":[" #!/"," !!0","01","!","!","!","!","!","!","!","!","!","!","!","01","01"]},"3369":{"keys":[174,169],"grid":[" #!/"," $!."," %!-"," &!,"," '!+","04"," (!*","06"," )!)","08","08","08","08","08","08","08"]},"3397":{"keys":[169,172],"grid":[" "," "," "," "," "," ","!% -","!, &","!0 !","!","!","!","!","!","!","!"]},"3364":{"keys":[174],"grid":[" "," "," "," "," "," "," "," "," "," "," "," "," "," "," "," "]},"3343":{"keys":[173,174],"grid":[" "," "," "," "," "," "," "," "," "," /!#"," +!'"," '!+","!","!","!","!"]},"3366":{"keys":[174,169],"grid":[" .!$"," -!%","01","01"," ,!&","04"," +!'","06","06","06"," *!(","10","10","10","10","10"]},"3374":{"keys":[169,174],"grid":[" "," "," "," "," "," "," "," "," "," "," "," "," ","!! 0","13","13"]},"3372":{"keys":[174,169],"grid":[" !!0","!","!","!","!","!","!","!","!","!","!","!","!","!","!","!"]},"3371":{"keys":[174,169],"grid":[" &!,"," %!-","01"," $!.","03"," #!/","05","05"," !!0","08","08","08","08","08","08","08"]},"3370":{"keys":[174,169],"grid":[" *!(","00","00","00","00","00","00"," +!'","07","00","00"," )!)","11"," (!*"," '!+","14"]},"3333":{"keys":[174,173],"grid":[" "," "," "," "," "," "," "," "," "," "," "," "," "," ","!% -","!& ,"]},"3331":{"keys":[173,174],"grid":[" "," "," "," "," "," "," +!'","06","06","06","06"," ,!&"," -!%","!% '!'","!","!"]},"3376":{"keys":[174,169],"grid":[" %!-","00","00"," $!.","03","03","03","03","03","03"," #!/","10"," !!0","12","12","!"]},"3375":{"keys":[174,169],"grid":[" !!0"," #!/","01","01"," $!.","04","04","04","04","04"," %!-","10","10","10","10","10"]},"3334":{"keys":[173,174],"grid":[" '!+"," (!*"," )!( !"," "," "," "," "," "," "," "," "," "," "," "," "," "]},"3365":{"keys":[174,169],"grid":[" "," "," "," "," "," 0!!","05","05","05"," /!#","09","09"," .!$","12","12","12"]}},"4895":{"3562":{"keys":[151,138],"grid":[" "," "," "," "," "," "," "," "," "," "," "," ","!! 0","!% -","!( *","!+ '"]},"3563":{"keys":[138,151],"grid":[" .!$"," "," "," "," "," "," "," "," "," "," "," "," "," "," "," "]},"3368":{"keys":[174,169],"grid":[" "," "," "," "," "," "," "," 0!!","07"," "," "," "," "," "," "," "]},"3397":{"keys":[169,172],"grid":[" "," "," "," ","!& ,","!- %","!","!","!","!","!","!","!","!","!","!"]},"3379":{"keys":[174,169],"grid":[" !!0","00","!","!","!","!","!","!","!","!","!","!"," #!/","12","12","!"]},"3378":{"keys":[174,169],"grid":[" .!$","00","00"," (!*"," '!+"," &!,"," %!-"," $!."," #!/","08","07","07","07","07","08","08"]},"3377":{"keys":[174,169],"grid":[" 0!!"," /!#","01","01","01","01","01","01","00","00","01","01","01","01"," .!$","14"]},"3343":{"keys":[173,174],"grid":[" "," "," "," "," "," "," "," "," "," "," "," "," 0!!"," -!%"," +!'","!"]},"3374":{"keys":[174,169],"grid":[" .!$","00"," /!#","02","02"," 0!!","05","05","05"," "," "," "," "," "," "," "]},"3373":{"keys":[174,169],"grid":[" .!$","00"," -!%","02","02"," ,!&","05","05"," +!'","05","05","05","02","02","02","00"]},"3372":{"keys":[174,169],"grid":[" "," "," "," "," "," "," "," "," "," "," 0!!","10","10"," /!#","13","13"]},"3333":{"keys":[174,173],"grid":[" "," "," "," "," "," "," "," "," "," "," "," "," "," )!! %!# !"," '!$ $!%"," &!% #!&"]},"3331":{"keys":[173,174],"grid":[" "," "," "," "," ","!! 0","!$ .","!% -","!' +","!( *","!* (","!, &","!/ #","!","!","!"]},"3376":{"keys":[174],"grid":[" "," "," "," "," "," "," "," "," "," "," "," "," "," "," "," "]},"3334":{"keys":[174,173],"grid":[" &!,"," %!-","01"," $!.","03","03","!","!","!","!","!","!","!","!","!","!"]}},"4894":{"3562":{"keys":[151,138],"grid":[" "," "," "," "," "," "," ","!! 0","!& ,","!) )","!, &","!/ #","!","!","!","!"]},"3382":{"keys":[174,169],"grid":[" &!,","00","00","00"," '!+","04","04","04","04","04","04"," (!*","11","04","04","00"]},"3383":{"keys":[174,169],"grid":[" %!-","00","00","00"," $!.","04","04","04","04"," #!/","09"," !!0","11","11","!","!"]},"3397":{"keys":[169,172],"grid":[" ","!& ,","!+ '","!","!","!","!","!","!","!","!","!","!","!","!","!"]},"3381":{"keys":[174,169],"grid":[" $!.","00"," %!-"," '!+","03","03","03","03","03"," &!,","00","00","00","09","09","09"]},"3343":{"keys":[173,174],"grid":[" "," "," "," "," "," "," "," "," "," "," "," "," "," ","!% -","!"]},"3331":{"keys":[174,173],"grid":[" *!("," +!'","01"," /!#"," "," "," "," "," "," "," "," "," "," "," "," "]},"3330":{"keys":[173,174],"grid":[" "," "," "," "," "," "," "," "," ","!$ .","!& ,","!' +","!( *","!) )","13","13"]},"3379":{"keys":[174,169],"grid":[" "," "," "," 0!!","03"," /!#","05"," .!$","03"," "," "," "," "," "," ","05"]},"3335":{"keys":[174,173],"grid":[" &!,"," $!."," !!0","!","!","!","!","!","!","!","!","!","!","!","!","!"]},"3334":{"keys":[174,173],"grid":[" "," "," "," "," "," "," .!$"," -!%"," ,!&","08"," +!'"," *!("," )!)"," (!*"," '!+","14"]},"3380":{"keys":[174,169],"grid":[" ,!&","00"," +!'","02","02"," *!(","05"," )!)","07","05","05","07","07"," %!-"," $!.","14"]}},"5098":{"3387":{"keys":[170,172],"grid":[" "," "," "," "," "," "," ","!! 0","!# /","!% -","!& ,","!' +","!( *","!) )","!* (","!, &"]},"3388":{"keys":[172,170],"grid":[" -!%"," .!$"," /!#"," 0!!"," "," "," "," "," "," "," "," "," "," "," "," "]}},"5099":{"3388":{"keys":[170,172],"grid":[" "," "," "," "," ","!# /","!$ .","!% -","!& ,","!' +","!) )","!* (","!+ '","!, &","!- %","!. $"]},"3389":{"keys":[172,170],"grid":[" 0!!"," "," "," "," "," "," "," "," "," "," "," "," "," "," "," "]}},"5090":{"3380":{"keys":[170,172],"grid":[" "," "," "," "," "," "," "," "," "," "," ","!# /","!$ .","!% -","!& ,","!' +"]},"3381":{"keys":[172,170],"grid":[" (!*"," *!("," +!'"," ,!&"," -!%"," .!$"," 0!!"," "," "," "," "," "," "," "," "," "]}},"5091":{"3382":{"keys":[172,170],"grid":[" +!'"," -!%"," .!$"," /!#"," 0!!"," "," "," "," "," "," "," "," "," "," "," "]},"3381":{"keys":[170,172],"grid":[" "," "," "," "," "," "," "," ","!! 0","!# /","!$ .","!% -","!' +","!( *","!) )","!* ("]}},"5092":{"3382":{"keys":[170,172],"grid":[" "," "," "," "," "," ","!# /","!$ .","!% -","!& ,","!' +","!( *","!* (","!+ '","!, &","!- %"]},"3383":{"keys":[172,170],"grid":[" .!$"," 0!!"," "," "," "," "," "," "," "," "," "," "," "," "," "," "]}},"5093":{"3384":{"keys":[172],"grid":[" "," "," "," "," "," "," "," "," "," "," "," "," "," "," "," "]},"3383":{"keys":[170,172],"grid":[" "," "," ","!! 0","!# /","!$ .","!% -","!' +","!( *","!) )","!* (","!+ '","!- %","!. $","!/ #","!0 !"]}},"5094":{"3384":{"keys":[170,172],"grid":[" ","!! 0","!$ .","!% -","!& ,","!' +","!( *","!* (","!+ '","!, &","!- %","!. $","!/ #","!","!","!"]}},"5095":{"3384":{"keys":[170,172],"grid":[" "," "," "," "," "," "," "," "," "," "," "," "," "," ","!! 0","!# /"]},"3385":{"keys":[172,170],"grid":[" $!."," %!-"," '!+"," (!*"," )!)"," *!("," +!'"," ,!&"," .!$"," /!#"," 0!!"," "," "," "," "," "]}},"5096":{"3386":{"keys":[172,170],"grid":[" '!+"," (!*"," )!)"," +!'"," ,!&"," -!%"," .!$"," /!#"," 0!!"," "," "," "," "," "," "," "]},"3385":{"keys":[170,172],"grid":[" "," "," "," "," "," "," "," "," "," "," "," ","!! 0","!$ .","!% -","!& ,"]}},"5097":{"3386":{"keys":[170,172],"grid":[" "," "," "," "," "," "," "," "," ","!! 0","!# /","!$ .","!% -","!& ,","!( *","!) )"]},"3387":{"keys":[172,170],"grid":[" *!("," +!'"," ,!&"," -!%"," /!#"," 0!!"," "," "," "," "," "," "," "," "," "," "]}},"4969":{"3330":{"keys":[169,172],"grid":[" "," "," "," "," "," "," "," "," "," /!#"," ,!&"," (!*"," %!-","!","!","!"]}},"4968":{"3331":{"keys":[169,172],"grid":[" '!+"," #!/","!","!","!","!","!","!","!","!","!","!","!","!","!","!"]},"3330":{"keys":[169,172],"grid":[" "," "," "," "," "," "," "," "," "," "," "," "," "," "," .!$"," *!("]}},"4967":{"3331":{"keys":[169,172],"grid":[" "," "," 0!!"," ,!&"," )!)"," &!,"," !!0","!","!","!","!","!","!","!","!","!"]}},"4966":{"3331":{"keys":[169,172],"grid":[" "," "," "," "," "," "," "," /!#"," +!'"," (!*"," $!.","!","!","!","!","!"]}},"4965":{"3332":{"keys":[172],"grid":[" "," "," "," "," "," "," "," "," "," "," "," "," "," "," "," "]},"3331":{"keys":[169,172],"grid":[" "," "," "," "," "," "," "," "," "," "," "," "," .!$"," *!("," '!+"," #!/"]}},"4964":{"3332":{"keys":[169,172],"grid":[" 0!!"," -!%"," )!)"," &!,"," #!/","!","!","!","!","!","!","!","!","!","!","!"]}},"4963":{"3332":{"keys":[169,172],"grid":[" "," "," "," "," "," /!#"," ,!&"," (!*"," %!-","!","!","!","!","!","!","!"]}},"4962":{"3332":{"keys":[169,172],"grid":[" "," "," "," "," "," "," "," "," "," "," .!$"," +!'"," '!+"," $!.","!","!"]}},"4961":{"3333":{"keys":[169,172],"grid":[" *!("," '!+"," #!/","!","!","!","!","!","!","!","!","!","!","!","!","!"]},"3332":{"keys":[169,172],"grid":[" "," "," "," "," "," "," "," "," "," "," "," "," "," "," "," -!%"]}},"4960":{"3333":{"keys":[169,172],"grid":[" "," "," "," 0!!"," -!%"," )!)"," &!,"," #!/","!","!","!","!","!","!","!","!"]},"3365":{"keys":[172,169],"grid":[" "," "," "," "," "," "," "," "," "," "," "," "," "," ","!! 0","!# /"]},"3366":{"keys":[169,172],"grid":[" #!/"," $!."," %!-"," &!,"," '!+"," (!*","05"," )!)"," *!("," +!'","09","07","04","02","01"," !!0"]},"3367":{"keys":[172],"grid":[" "," "," "," "," "," "," "," "," "," "," "," "," "," "," "," "]}},"5089":{"3379":{"keys":[170,172],"grid":[" "," "," "," "," "," "," "," "," "," "," "," "," ","!! 0","!# /","!$ ."]},"3380":{"keys":[172,170],"grid":[" %!-"," '!+"," (!*"," )!)"," *!("," +!'"," -!%"," .!$"," /!#"," 0!!"," "," "," "," "," "," "]}},"5088":{"3379":{"keys":[172,170],"grid":[" #!/"," $!."," %!-"," &!,"," '!+","04"," (!*"," )!)"," *!("," -!%"," .!$"," 0!!"," "," "," "," "]},"3378":{"keys":[170],"grid":[" "," "," "," "," "," "," "," "," "," "," "," "," "," "," "," "]}},"5083":{"3375":{"keys":[172,170],"grid":[" &!,"," (!*"," )!)"," *!("," +!'"," ,!&"," .!$"," /!#"," 0!!"," "," "," "," "," "," "," "]},"3374":{"keys":[170,172],"grid":[" "," "," "," "," "," "," "," "," "," "," "," ","!! 0","!# /","!$ .","!% -"]}},"5082":{"3374":{"keys":[172,170],"grid":[" #!/"," %!-"," &!,"," '!+"," (!*"," )!)"," *!("," ,!&"," -!%"," .!$"," /!#"," 0!!"," "," "," "," "]},"3373":{"keys":[170,172],"grid":[" "," "," "," "," "," "," "," "," "," "," "," "," "," "," ","!! 0"]}},"5081":{"3373":{"keys":[170,172],"grid":[" "," ","!# /","!$ .","!% -","!& ,","!' +","!) )","!* (","!+ '","!, &","!- %","!/ #","!0 !","!","!"]}},"5080":{"3373":{"keys":[172,170],"grid":[" 0!!"," "," "," "," "," "," "," "," "," "," "," "," "," "," "," "]},"3372":{"keys":[170,172],"grid":[" "," "," "," ","!! 0","!# /","!$ .","!% -","!' +","!( *","!) )","!* (","!+ '","!- %","!. $","!/ #"]}},"5087":{"3378":{"keys":[170,172],"grid":[" "," ","!! 0","!# /","!$ .","!% -","!' +","!( *","!) )","!* (","!+ '","!- %","!. $","!/ #","!0 !","!"]}},"5086":{"3377":{"keys":[170,172],"grid":[" "," "," "," "," ","!! 0","!$ .","!% -","!& ,","!' +","!( *","!* (","!+ '","!, &","!- %","!. $"]},"3378":{"keys":[172,170],"grid":[" 0!!"," "," "," "," "," "," "," "," "," "," "," "," "," "," "," "]}},"5085":{"3377":{"keys":[172,170],"grid":[" ,!&"," .!$"," /!#"," 0!!"," "," "," "," "," "," "," "," "," "," "," "," "]},"3376":{"keys":[170,172],"grid":[" "," "," "," "," "," "," ","!! 0","!# /","!$ .","!% -","!' +","!( *","!) )","!* (","!+ '"]}},"5084":{"3376":{"keys":[172,170],"grid":[" )!)"," +!'"," ,!&"," -!%"," .!$"," /!#"," "," "," "," "," "," "," "," "," "," "]},"3375":{"keys":[170,172],"grid":[" "," "," "," "," "," "," "," "," "," ","!! 0","!# /","!% -","!& ,","!' +","!( *"]}},"4958":{"3368":{"keys":[169,172],"grid":[" %!-"," #!/","!","!","!","!","!","!","!","!","!","!","!","!","!","!"]},"3364":{"keys":[169,172],"grid":[" )!)","00"," *!("," +!'"," ,!&"," -!%"," .!$","06"," /!#"," 0!!"," "," "," "," "," "," "]},"3367":{"keys":[169,172],"grid":[" "," "," "," "," "," "," "," "," "," "," /!#"," -!%"," +!'"," *!("," (!*"," &!,"]},"3363":{"keys":[172,169],"grid":[" "," "," "," "," "," "," "," ","!! 0","!# /","!$ .","10","!% -","!& ,","!' +","!( *"]},"3333":{"keys":[169,172],"grid":[" "," "," "," "," "," "," "," "," "," "," "," "," "," .!$"," +!'"," '!+"]},"3334":{"keys":[169,172],"grid":[" $!.","!","!","!","!","!","!","!","!","!","!","!","!","!","!","!"]}},"4959":{"3364":{"keys":[172,169],"grid":[" "," "," "," "," "," "," "," "," "," "," ","!! 0","!# /","!$ .","13","!% -"]},"3333":{"keys":[169,172],"grid":[" "," "," "," "," "," "," "," "," /!#"," ,!&"," (!*"," %!-","!","!","!","!"]},"3367":{"keys":[169,172],"grid":[" 0!!"," .!$"," -!%"," +!'"," )!)"," (!*"," &!,"," $!."," !!0","!","!","!","!","!","!","!"]},"3365":{"keys":[169,172],"grid":[" &!,"," '!+"," (!*"," )!)","03"," *!("," +!'"," ,!&"," -!%"," .!$","09"," /!#"," 0!!"," "," "," "]}},"4952":{"3373":{"keys":[169,172],"grid":[" %!-"," $!.","01"," #!/","03","03"," !!0","06","!","!","!","!","!","!","!","!"]},"3372":{"keys":[169,172],"grid":[" ,!&"," +!'","01"," *!(","03"," )!)","05","05"," (!*","08"," '!+","10"," &!,","12","12"," %!-"]},"3371":{"keys":[169,172],"grid":[" "," "," "," "," "," "," 0!!","06"," /!#","08"," .!$","10"," -!%","12","12"," ,!&"]},"3357":{"keys":[169,172],"grid":[" ,!&"," -!%"," .!$"," /!#"," 0!!"," "," "," "," "," "," "," "," "," "," "," "]},"3356":{"keys":[172,169],"grid":[" "," "," "," ","!! 0","!# /","!$ .","06","!% -","!& ,","!' +","!( *","!) )","!* (","13","!+ '"]},"3335":{"keys":[169,172],"grid":[" "," "," "," "," "," "," "," "," "," "," .!$"," +!'"," '!+"," $!.","!","!"]}},"4953":{"3371":{"keys":[169,172],"grid":[" #!/"," !!0","01","!","!","!","!","!","!","!","!","!","!","!","!","!"]},"3357":{"keys":[172,169],"grid":[" "," "," "," "," "," "," ","!! 0","!# /","!$ .","!% -","!& ,","!' +","12","!( *","!) )"]},"3358":{"keys":[169,172],"grid":[" *!("," +!'"," ,!&"," -!%"," .!$","04"," /!#"," 0!!"," "," "," "," "," "," "," "," "]},"3335":{"keys":[169,172],"grid":[" "," "," "," "," "," .!$"," +!'"," (!*"," $!.","!","!","!","!","!","!","!"]},"3370":{"keys":[169,172],"grid":[" "," "," "," "," "," "," "," "," 0!!"," /!#"," -!%"," ,!&"," *!("," (!*"," '!+"," %!-"]}},"4950":{"3378":{"keys":[169,172],"grid":[" #!/","00"," !!0","02","!","!","!","!","!","!","!","!","!","!","!","!"]},"3377":{"keys":[169,172],"grid":[" *!(","00"," )!)","02"," (!*","04","04"," '!+","07"," &!,","09"," %!-","11","11"," $!.","14"]},"3376":{"keys":[169,172],"grid":[" "," 0!!","01"," /!#","03","03"," .!$","06"," -!%","08","08"," ,!&","11"," +!'","13","13"]},"3375":{"keys":[169],"grid":[" "," "," "," "," "," "," "," "," "," "," "," "," "," "," "," "]},"3355":{"keys":[169,172],"grid":[" 0!!"," "," "," "," "," "," "," "," "," "," "," "," "," "," "," "]},"3354":{"keys":[169,172],"grid":[" !!0"," #!/"," $!.","02"," %!-"," &!,"," '!+"," (!*"," )!)"," *!("," +!'"," ,!&"," -!%"," .!$"," /!#"," 0!!"]},"3336":{"keys":[169,172],"grid":[" "," "," "," 0!!"," -!%"," *!("," &!,"," #!/","!","!","!","!","!","!","!","!"]},"3353":{"keys":[172],"grid":[" "," "," "," "," "," "," "," "," "," "," "," "," "," "," "," "]}},"4951":{"3375":{"keys":[169,172],"grid":[" '!+","00"," &!,","02","02"," %!-","05"," $!.","07","07"," #!/","10"," !!0","12","12","!"]},"3374":{"keys":[169,172],"grid":[" .!$","00"," -!%","02"," ,!&","04"," +!'","06","06"," *!(","09"," )!)","11","11"," (!*","14"]},"3373":{"keys":[169,172],"grid":[" "," "," "," "," "," "," "," "," "," "," 0!!","10","10"," /!#","13"," .!$"]},"3355":{"keys":[172,169],"grid":[" "," ","!! 0","!# /","!$ .","!% -","!& ,","!' +","07","!( *","!) )","!* (","!+ '","!, &","!- %","!. $"]},"3356":{"keys":[169,172],"grid":[" .!$"," /!#"," 0!!"," "," "," "," "," "," "," "," "," "," "," "," "," "]},"3336":{"keys":[169,172],"grid":[" *!("," '!+"," $!.","!","!","!","!","!","!","!","!","!","!","!","!","!"]},"3335":{"keys":[169,172],"grid":[" "," "," "," "," "," "," "," "," "," "," "," "," "," "," "," -!%"]}},"4956":{"3334":{"keys":[169,172],"grid":[" "," "," "," "," "," "," 0!!"," -!%"," *!("," &!,"," #!/","!","!","!","!","!"]},"3368":{"keys":[169,172],"grid":[" "," "," "," "," "," "," "," "," "," "," "," "," 0!!"," .!$"," ,!&"," +!'"]},"3369":{"keys":[169,172],"grid":[" )!)"," '!+"," &!,"," $!."," !!0","!","!","!","!","!","!","!","!","!","!","!"]},"3362":{"keys":[169,172],"grid":[" .!$","00"," /!#"," 0!!"," "," "," "," "," "," "," "," "," "," "," "," "]},"3361":{"keys":[172,169],"grid":[" "," ","!! 0","!# /","!$ .","04","!% -","!& ,","!' +","!( *","!) )","10","!* (","!+ '","!, &","!- %"]}},"4957":{"3363":{"keys":[169,172],"grid":[" +!'"," ,!&"," -!%"," .!$"," /!#","04"," 0!!"," "," "," "," "," "," "," "," "," "]},"3368":{"keys":[169,172],"grid":[" "," "," "," /!#"," .!$"," ,!&"," *!("," (!*"," '!+"," %!-"," #!/"," !!0","!","!","!","!"]},"3362":{"keys":[172,169],"grid":[" "," "," "," "," ","!! 0","!# /","!$ .","07","!% -","!& ,","!' +","!( *","!) )","13","!* ("]},"3334":{"keys":[169,172],"grid":[" "," 0!!"," -!%"," *!("," '!+"," #!/","!","!","!","!","!","!","!","!","!","!"]}},"4954":{"3370":{"keys":[169,172],"grid":[" .!$"," ,!&"," *!("," )!)"," '!+"," %!-"," $!."," !!0","!","!","!","!","!","!","!","!"]},"3359":{"keys":[169,172],"grid":[" (!*"," )!)"," *!("," +!'","03"," ,!&"," -!%"," .!$"," /!#"," 0!!","09"," "," "," "," "," "]},"3358":{"keys":[172,169],"grid":[" "," "," "," "," "," "," "," "," ","!! 0","!# /","!$ .","!% -","12","!& ,","!' +"]},"3335":{"keys":[169,172],"grid":[" /!#"," ,!&"," )!)"," %!-"," !!0","!","!","!","!","!","!","!","!","!","!","!"]},"3369":{"keys":[169,172],"grid":[" "," "," "," "," "," "," "," "," "," "," "," "," "," "," "," /!#"]}},"4955":{"3369":{"keys":[169,172],"grid":[" "," "," "," "," "," 0!!"," /!#"," -!%"," +!'"," )!)"," (!*"," &!,"," $!."," #!/","!","!"]},"3360":{"keys":[169,172],"grid":[" $!.","00"," %!-"," &!,"," '!+","04"," (!*"," )!)"," *!("," +!'","09"," ,!&"," -!%"," .!$"," /!#","14"]},"3361":{"keys":[169,172],"grid":[" 0!!"," "," "," "," "," "," "," "," "," "," "," "," "," "," "," "]},"3335":{"keys":[172],"grid":[" "," "," "," "," "," "," "," "," "," "," "," "," "," "," "," "]},"3334":{"keys":[169,172],"grid":[" "," "," "," "," "," "," "," "," "," "," "," 0!!"," -!%"," )!)"," &!,"," #!/"]},"3359":{"keys":[172,169],"grid":[" "," "," "," "," "," "," "," "," "," "," "," "," ","!! 0","13","!# /"]}},"5038":{"3343":{"keys":[170,172],"grid":[" "," "," ","!# /","!$ .","!& ,","!( *","!* (","!+ '","!- %","!/ #","!0 !","!","!","!","!"]}},"5039":{"3343":{"keys":[170,172],"grid":[" "," "," "," "," "," "," "," "," "," "," "," ","!# /","!% -","!' +","!) )"]},"3344":{"keys":[172,170],"grid":[" +!'"," .!$"," 0!!"," "," "," "," "," "," "," "," "," "," "," "," "," "]}},"5036":{"3342":{"keys":[172,170],"grid":[" !!0"," $!."," %!-"," '!+"," )!)"," +!'"," ,!&"," .!$"," /!#"," "," "," "," "," "," "," "]}},"5037":{"3342":{"keys":[170,172],"grid":[" "," "," "," "," "," "," "," "," "," ","!# /","!% -","!' +","!( *","!* (","!, &"]},"3343":{"keys":[172,170],"grid":[" -!%"," /!#"," "," "," "," "," "," "," "," "," "," "," "," "," "," "]}},"5034":{"3340":{"keys":[170,172],"grid":[" "," "," "," "," "," "," "," "," "," "," "," "," "," ","!# /","!$ ."]},"3341":{"keys":[172,170],"grid":[" &!,"," (!*"," *!("," ,!&"," -!%"," /!#"," 0!!"," "," "," "," "," "," "," "," "," "]}},"5035":{"3342":{"keys":[172],"grid":[" "," "," "," "," "," "," "," "," "," "," "," "," "," "," "," "]},"3341":{"keys":[170,172],"grid":[" "," "," "," "," "," "," ","!! 0","!$ .","!& ,","!( *","!) )","!+ '","!- %","!. $","!0 !"]}},"5032":{"3339":{"keys":[170,172],"grid":[" "," "," "," "," "," "," "," "," "," "," ","!! 0","!# /","!% -","!' +","!) )"]},"3340":{"keys":[172,170],"grid":[" *!("," ,!&"," .!$"," /!#"," "," "," "," "," "," "," "," "," "," "," "," "]}},"5033":{"3340":{"keys":[170,172],"grid":[" "," "," "," "," ","!# /","!% -","!' +","!( *","!* (","!, &","!- %","!/ #","!","!","!"]}},"5030":{"3339":{"keys":[172,170],"grid":[" /!#"," 0!!"," "," "," "," "," "," "," "," "," "," "," "," "," "," "]},"3338":{"keys":[170,172],"grid":[" "," "," "," "," "," "," "," "," ","!! 0","!$ .","!& ,","!( *","!) )","!+ '","!- %"]}},"5031":{"3339":{"keys":[170,172],"grid":[" "," ","!! 0","!$ .","!& ,","!' +","!) )","!+ '","!, &","!. $","!0 !","!","!","!","!","!"]}},"5013":{"3328":{"keys":[170,172],"grid":[" "," "," "," "," "," "," "," "," "," "," "," "," "," ","!! 0","!$ ."]},"3329":{"keys":[172,170],"grid":[" &!,"," (!*"," *!("," +!'"," -!%"," /!#"," 0!!"," "," "," "," "," "," "," "," "," "]}},"4945":{"3348":{"keys":[172,169],"grid":[" "," "," "," ","!! 0","!# /","!$ .","!% -","!& ,","!' +","09","!( *","!) )","!* (","!+ '","!, &"]},"3338":{"keys":[172],"grid":[" "," "," "," "," "," "," "," "," "," "," "," "," "," "," "," "]},"3337":{"keys":[169,172],"grid":[" "," "," "," "," "," "," "," "," "," "," "," 0!!"," -!%"," *!("," &!,"," #!/"]},"3349":{"keys":[169,172],"grid":[" -!%","00"," .!$"," /!#"," 0!!"," "," "," "," "," "," "," "," "," "," "," "]},"3380":{"keys":[169,172],"grid":[" "," "," "," "," "," "," "," "," 0!!"," +!'"," &!,","!","!","!","!","!"]}},"4944":{"3348":{"keys":[169,172],"grid":[" /!#"," 0!!"," "," "," "," "," "," "," "," "," "," "," "," "," "," "]},"3338":{"keys":[169,172],"grid":[" 0!!"," ,!&"," )!)"," %!-"," !!0","!","!","!","!","!","!","!","!","!","!","!"]},"3347":{"keys":[172,169],"grid":[" ","!! 0","!# /","!$ .","!% -","04","!& ,","!' +","!( *","!) )","!* (","!+ '","11","!, &","!- %","!. $"]},"3380":{"keys":[169,172],"grid":[" "," "," "," "," "," "," "," "," "," "," "," 0!!"," +!'"," &!,","!","!"]}},"4947":{"3337":{"keys":[169,172],"grid":[" "," "," /!#"," ,!&"," (!*"," %!-","!","!","!","!","!","!","!","!","!","!"]},"3351":{"keys":[169,172],"grid":[" (!*"," )!)"," *!("," +!'"," ,!&","04"," -!%"," .!$"," /!#"," 0!!"," "," "," "," "," "," "]},"3350":{"keys":[172,169],"grid":[" "," "," "," "," "," "," "," "," ","!! 0","!# /","!$ .","!% -","12","!& ,","!' +"]},"3380":{"keys":[169,172],"grid":[" "," "," /!#"," )!)"," $!.","!","!","!","!","!","!","!","!","!","!","!"]}},"4946":{"3349":{"keys":[172,169],"grid":[" "," "," "," "," "," ","!! 0","!# /","!$ .","08","!% -","!& ,","!' +","!( *","!) )","14"]},"3337":{"keys":[169,172],"grid":[" "," "," "," "," "," "," "," .!$"," +!'"," '!+"," $!.","!","!","!","!","!"]},"3350":{"keys":[169,172],"grid":[" *!("," +!'"," ,!&"," -!%"," .!$"," /!#","05"," 0!!"," "," "," "," "," "," "," "," "]},"3380":{"keys":[169,172],"grid":[" "," "," "," "," "," /!#"," *!("," %!-","!","!","!","!","!","!","!","!"]}},"4941":{"3343":{"keys":[172,169],"grid":[" "," "," "," "," "," "," "," "," "," ","!! 0","!# /","!$ .","!% -","13","!& ,"]},"3339":{"keys":[169,172],"grid":[" *!("," &!,"," #!/","!","!","!","!","!","!","!","!","!","!","!","!","!"]},"3338":{"keys":[169,172],"grid":[" "," "," "," "," "," "," "," "," "," "," "," "," "," "," 0!!"," -!%"]},"3344":{"keys":[169,172],"grid":[" '!+"," (!*"," )!)"," *!("," +!'"," ,!&","05"," -!%"," .!$"," /!#"," 0!!"," "," "," "," "," "]},"3381":{"keys":[169,172],"grid":[" "," "," "," "," "," /!#"," *!("," %!-","!","!","!","!","!","!","!","!"]}},"4940":{"3342":{"keys":[172,169],"grid":[" "," "," "," "," "," "," ","!! 0","07","!# /","!$ .","!% -","!& ,","!' +","!( *","14"]},"3343":{"keys":[169,172],"grid":[" )!)"," *!("," +!'"," ,!&"," -!%"," .!$"," /!#","06"," 0!!"," "," "," "," "," "," "," "]},"3339":{"keys":[169,172],"grid":[" "," "," "," /!#"," ,!&"," )!)"," %!-"," !!0","!","!","!","!","!","!","!","!"]},"3381":{"keys":[169,172],"grid":[" "," "," "," "," "," "," "," "," 0!!"," +!'"," &!,","!","!","!","!","!"]}},"4943":{"3380":{"keys":[169,172],"grid":[" "," "," "," "," "," "," "," "," "," "," "," "," "," "," "," -!%"]},"3381":{"keys":[169,172],"grid":[" (!*"," !!0","!","!","!","!","!","!","!","!","!","!","!","!","!","!"]},"3346":{"keys":[169,172],"grid":[" #!/"," $!."," %!-","02"," &!,"," '!+"," (!*"," )!)"," *!("," +!'"," ,!&","10"," -!%"," .!$"," /!#"," 0!!"]},"3347":{"keys":[169],"grid":[" "," "," "," "," "," "," "," "," "," "," "," "," "," "," "," "]},"3345":{"keys":[172,169],"grid":[" "," "," "," "," "," "," "," "," "," "," "," "," "," "," ","!! 0"]},"3338":{"keys":[169,172],"grid":[" "," "," "," "," "," /!#"," +!'"," (!*"," %!-","!","!","!","!","!","!","!"]}},"4942":{"3338":{"keys":[169,172],"grid":[" "," "," "," "," "," "," "," "," "," "," .!$"," *!("," '!+"," $!.","!","!"]},"3345":{"keys":[169,172],"grid":[" %!-"," &!,"," '!+"," (!*"," )!)","04"," *!("," +!'"," ,!&"," -!%"," .!$"," /!#","11"," 0!!"," "," "]},"3344":{"keys":[172,169],"grid":[" "," "," "," "," "," "," "," "," "," "," "," ","!! 0","12","!# /","!$ ."]},"3381":{"keys":[169,172],"grid":[" "," "," -!%"," )!)"," $!.","!","!","!","!","!","!","!","!","!","!","!"]}},"4949":{"3379":{"keys":[169,172],"grid":[" ,!&","00"," +!'","02"," *!(","04"," )!)","06"," (!*","08","08"," '!+","11"," &!,","!","!"]},"3352":{"keys":[172,169],"grid":[" "," "," "," "," "," "," "," "," "," "," "," "," "," ","!! 0","!# /"]},"3336":{"keys":[169,172],"grid":[" "," "," "," "," "," "," "," "," 0!!"," -!%"," )!)"," &!,"," #!/","!","!","!"]},"3353":{"keys":[169,172],"grid":[" $!."," %!-"," &!,","02"," '!+"," (!*"," )!)"," *!("," +!'"," ,!&"," -!%","10"," .!$"," /!#"," 0!!"," "]},"3378":{"keys":[169,172],"grid":[" "," "," "," "," "," "," "," 0!!","07"," /!#","09"," .!$","11"," -!%","13","13"]}},"4948":{"3380":{"keys":[169,172],"grid":[" )!)"," $!.","!","!","!","!","!","!","!","!","!","!","!","!","!","!"]},"3379":{"keys":[169,172],"grid":[" "," "," "," "," "," "," "," "," "," "," "," "," "," "," "," -!%"]},"3337":{"keys":[169,172],"grid":[" &!,"," #!/","!","!","!","!","!","!","!","!","!","!","!","!","!","!"]},"3336":{"keys":[169,172],"grid":[" "," "," "," "," "," "," "," "," "," "," "," "," "," 0!!"," -!%"," *!("]},"3352":{"keys":[169,172],"grid":[" &!,"," '!+"," (!*","02"," )!)"," *!("," +!'"," ,!&"," -!%"," .!$"," /!#","10"," 0!!"," "," "," "]},"3351":{"keys":[172,169],"grid":[" "," "," "," "," "," "," "," "," "," "," ","!! 0","11","!# /","!$ .","!% -"]}},"5018":{"3332":{"keys":[172,170],"grid":[" +!'"," -!%"," .!$"," 0!!"," "," "," "," "," "," "," "," "," "," "," "," "]},"3331":{"keys":[170,172],"grid":[" "," "," "," "," "," "," "," "," "," "," ","!! 0","!$ .","!% -","!' +","!) )"]}},"5019":{"3332":{"keys":[170,172],"grid":[" "," "," "," ","!! 0","!# /","!% -","!' +","!) )","!+ '","!, &","!. $","!0 !","!","!","!"]}},"5029":{"3338":{"keys":[172,170],"grid":[" #!/"," %!-"," &!,"," (!*"," *!("," +!'"," -!%"," /!#"," "," "," "," "," "," "," "," "]},"3337":{"keys":[170],"grid":[" "," "," "," "," "," "," "," "," "," "," "," "," "," "," "," "]}},"5028":{"3337":{"keys":[170,172],"grid":[" "," "," "," "," "," "," ","!# /","!% -","!& ,","!( *","!* (","!, &","!. $","!/ #","!"]}},"5021":{"3333":{"keys":[170,172],"grid":[" "," "," "," "," "," "," ","!# /","!% -","!' +","!( *","!* (","!, &","!. $","!/ #","!"]}},"5020":{"3333":{"keys":[172,170],"grid":[" '!+"," )!)"," *!("," ,!&"," .!$"," 0!!"," "," "," "," "," "," "," "," "," "," "]},"3332":{"keys":[170,172],"grid":[" "," "," "," "," "," "," "," "," "," "," "," "," ","!! 0","!# /","!% -"]}},"5023":{"3335":{"keys":[172,170],"grid":[" /!#"," "," "," "," "," "," "," "," "," "," "," "," "," "," "," "]},"3334":{"keys":[170,172],"grid":[" "," "," "," "," "," "," "," "," ","!# /","!$ .","!& ,","!( *","!* (","!+ '","!- %"]}},"5022":{"3333":{"keys":[170],"grid":[" "," "," "," "," "," "," "," "," "," "," "," "," "," "," "," "]},"3334":{"keys":[172,170],"grid":[" #!/"," %!-"," &!,"," (!*"," *!("," ,!&"," .!$"," /!#"," "," "," "," "," "," "," "," "]}},"5025":{"3336":{"keys":[172,170],"grid":[" +!'"," -!%"," .!$"," 0!!"," "," "," "," "," "," "," "," "," "," "," "," "]},"3335":{"keys":[170,172],"grid":[" "," "," "," "," "," "," "," "," "," "," ","!! 0","!$ .","!& ,","!' +","!) )"]}},"5024":{"3335":{"keys":[170,172],"grid":[" "," ","!! 0","!$ .","!& ,","!( *","!) )","!+ '","!- %","!/ #","!","!","!","!","!","!"]}},"5027":{"3337":{"keys":[172,170],"grid":[" '!+"," )!)"," *!("," ,!&"," .!$"," 0!!"," "," "," "," "," "," "," "," "," "," "]},"3336":{"keys":[170,172],"grid":[" "," "," "," "," "," "," "," "," "," "," "," "," ","!! 0","!$ .","!% -"]}},"5026":{"3336":{"keys":[170,172],"grid":[" "," "," "," ","!! 0","!$ .","!% -","!' +","!) )","!+ '","!, &","!. $","!0 !","!","!","!"]}},"5108":{"3395":{"keys":[170,172],"grid":[" "," "," "," "," "," "," "," "," "," "," "," "," "," "," ","!! 0"]},"3396":{"keys":[172,170],"grid":[" #!/"," $!."," %!-"," &!,"," (!*"," )!)"," *!("," +!'"," ,!&"," -!%"," /!#"," 0!!"," "," "," "," "]}},"5109":{"3397":{"keys":[172,170],"grid":[" &!,"," '!+"," (!*"," )!)"," *!("," +!'"," -!%"," .!$"," /!#"," 0!!"," "," "," "," "," "," "]},"3396":{"keys":[170,172],"grid":[" "," "," "," "," "," "," "," "," "," "," "," "," ","!! 0","!# /","!$ ."]}},"5102":{"3391":{"keys":[172,170],"grid":[" %!-"," &!,"," (!*"," )!)"," *!("," +!'"," ,!&"," -!%"," /!#"," 0!!"," "," "," "," "," "," "]},"3390":{"keys":[170,172],"grid":[" "," "," "," "," "," "," "," "," "," "," "," "," ","!! 0","!# /","!$ ."]}},"5103":{"3391":{"keys":[170,172],"grid":[" "," "," "," "," "," "," "," "," "," "," ","!! 0","!# /","!$ .","!& ,","!' +"]},"3392":{"keys":[172,170],"grid":[" (!*"," )!)"," *!("," +!'"," -!%"," .!$"," /!#"," 0!!"," "," "," "," "," "," "," "," "]}},"5100":{"3389":{"keys":[170,172],"grid":[" "," ","!! 0","!# /","!$ .","!% -","!' +","!( *","!) )","!* (","!+ '","!- %","!. $","!/ #","!0 !","!"]}},"5101":{"3390":{"keys":[172,170],"grid":[" !!0"," $!."," %!-"," &!,"," '!+"," (!*"," )!)"," +!'"," ,!&"," -!%"," .!$"," /!#"," 0!!"," "," "," "]},"3389":{"keys":[170],"grid":[" "," "," "," "," "," "," "," "," "," "," "," "," "," "," "," "]}},"5106":{"3395":{"keys":[172,170],"grid":[" 0!!"," "," "," "," "," "," "," "," "," "," "," "," "," "," "," "]},"3394":{"keys":[170,172],"grid":[" "," "," "," ","!! 0","!# /","!$ .","!& ,","!' +","!( *","!) )","!* (","!, &","!- %","!. $","!/ #"]}},"5107":{"3395":{"keys":[170,172],"grid":[" "," ","!# /","!$ .","!% -","!& ,","!' +","!( *","!* (","!+ '","!, &","!- %","!. $","!/ #","!","!"]}},"5104":{"3393":{"keys":[172,170],"grid":[" +!'"," ,!&"," -!%"," .!$"," /!#"," "," "," "," "," "," "," "," "," "," "," "]},"3392":{"keys":[170,172],"grid":[" "," "," "," "," "," "," "," "," ","!# /","!$ .","!% -","!& ,","!' +","!( *","!* ("]}},"5105":{"3393":{"keys":[170,172],"grid":[" "," "," "," "," "," ","!! 0","!# /","!$ .","!% -","!& ,","!( *","!) )","!* (","!+ '","!, &"]},"3394":{"keys":[172,170],"grid":[" -!%"," /!#"," 0!!"," "," "," "," "," "," "," "," "," "," "," "," "," "]}},"4930":{"3386":{"keys":[169,172],"grid":[" -!%"," ,!&"," +!'","02"," *!(","04"," )!)","06"," (!*","08"," '!+"," &!,","11"," %!-","13"," $!."]},"3387":{"keys":[169,172],"grid":[" $!."," #!/"," !!0","02","!","!","!","!","!","!","!","!","!","!","!","!"]},"3385":{"keys":[169,172],"grid":[" "," "," "," "," "," "," "," "," "," "," 0!!"," /!#","11"," .!$","13"," -!%"]}},"4931":{"3384":{"keys":[169,172],"grid":[" /!#","00"," .!$","02"," -!%","04"," ,!&"," +!'","07"," *!(","09"," )!)"," (!*","12"," '!+","14"]},"3385":{"keys":[169,172],"grid":[" &!,"," %!-","01"," $!.","03"," #!/"," !!0","06","!","!","!","!","!","!","!","!"]},"3383":{"keys":[169,172],"grid":[" "," "," "," "," "," "," "," "," "," "," "," "," "," "," "," 0!!"]}},"4932":{"3383":{"keys":[169,172],"grid":[" "," "," 0!!"," +!'"," &!,","04"," %!-","06"," $!.","08"," #!/"," !!0","11","!","!","!"]}},"4933":{"3382":{"keys":[169,172],"grid":[" "," "," "," "," "," "," "," "," "," "," "," "," "," "," "," .!$"]},"3383":{"keys":[169,172],"grid":[" )!)"," $!.","!","!","!","!","!","!","!","!","!","!","!","!","!","!"]}},"4934":{"3382":{"keys":[169,172],"grid":[" "," "," "," "," "," "," "," "," "," "," "," "," -!%"," (!*"," #!/","!"]}},"4935":{"3382":{"keys":[169,172],"grid":[" "," "," "," "," "," "," "," "," "," ,!&"," '!+"," !!0","!","!","!","!"]}},"4936":{"3382":{"keys":[169,172],"grid":[" "," "," "," "," "," 0!!"," +!'"," &!,","!","!","!","!","!","!","!","!"]}},"4937":{"3340":{"keys":[169],"grid":[" "," "," "," "," "," "," "," "," "," "," "," "," "," "," "," "]},"3382":{"keys":[169,172],"grid":[" "," "," /!#"," *!("," %!-","!","!","!","!","!","!","!","!","!","!","!"]}},"4938":{"3339":{"keys":[169,172],"grid":[" "," "," "," "," "," "," "," "," "," "," "," "," "," .!$"," +!'"," '!+"]},"3341":{"keys":[169,172],"grid":[" .!$","00"," /!#"," 0!!"," "," "," "," "," "," "," "," "," "," "," "," "]},"3382":{"keys":[169,172],"grid":[" (!*"," $!.","!","!","!","!","!","!","!","!","!","!","!","!","!","!"]},"3340":{"keys":[169,172],"grid":[" $!.","!","!"," !!0"," #!/","00"," %!-"," &!,"," '!+"," (!*","09"," )!)"," *!("," +!'"," ,!&"," -!%"]},"3381":{"keys":[169,172],"grid":[" "," "," "," "," "," "," "," "," "," "," "," "," "," "," "," -!%"]}},"4939":{"3342":{"keys":[169,172],"grid":[" ,!&","00"," -!%"," .!$"," /!#"," 0!!"," "," "," "," "," "," "," "," "," "," "]},"3339":{"keys":[169,172],"grid":[" "," "," "," "," "," "," "," "," /!#"," +!'"," (!*"," %!-","!","!","!","!"]},"3341":{"keys":[172,169],"grid":[" "," "," "," "," ","!! 0","!# /","!$ .","!% -","08","!& ,","!' +","!( *","!) )","!* (","!+ '"]},"3381":{"keys":[169,172],"grid":[" "," "," "," "," "," "," "," "," "," "," "," "," ,!&"," '!+"," !!0","!"]}},"4916":{"3401":{"keys":[172,169],"grid":[" !!/ !"," (!( #"," "," "," "," "," "," "," "," "," "," "," "," "," "," "]},"3400":{"keys":[169],"grid":[" "," "," "," "," "," "," "," "," "," "," "," "," "," "," "," "]}},"5115":{"3400":{"keys":[170,172],"grid":[" "," "," "," "," "," "," "," "," "," "," "," "," "," "," ","!- %"]}},"5114":{"3400":{"keys":[170,172],"grid":[" "," "," "," "," "," "," "," "," "," "," "," "," ","!% -","!","!"]}},"5117":{"3401":{"keys":[170,172],"grid":[" ","!$ .","!0 !","!","!","!","!","!","!","!","!","!","!","!","!","!"]}},"5116":{"3401":{"keys":[172,170],"grid":[" (!*"," "," "," "," "," "," "," "," "," "," "," "," "," "," "," "]},"3400":{"keys":[170],"grid":[" "," "," "," "," "," "," "," "," "," "," "," "," "," "," "," "]}},"5111":{"3399":{"keys":[172,170],"grid":[" +!'"," ,!&"," -!%"," .!$"," 0!!"," "," "," "," "," "," "," "," "," "," "," "]},"3398":{"keys":[170,172],"grid":[" "," "," "," "," "," "," ","!! 0","!# /","!$ .","!% -","!& ,","!' +","!( *","!) )","!* ("]}},"5110":{"3398":{"keys":[172,170],"grid":[" *!("," +!'"," ,!&"," .!$"," /!#"," 0!!"," "," "," "," "," "," "," "," "," "," "]},"3397":{"keys":[170,172],"grid":[" "," "," "," "," "," "," "," "," "," "," ","!# /","!$ .","!% -","!' +","!( *"]}},"5113":{"3400":{"keys":[170,172],"grid":[" "," "," "," ","!! 0","!# /","!% -","!& ,","!' +","!( *","!) )","!* (","!, &","!","!","!"]}},"5112":{"3399":{"keys":[170,172],"grid":[" "," "," "," "," "," ","!! 0","!# /","!$ .","!% -","!' +","!( *","!) )","!* (","!+ '","!, &"]},"3400":{"keys":[172,170],"grid":[" .!$"," /!#"," 0!!"," "," "," "," "," "," "," "," "," "," "," "," "," "]}},"5119":{"3401":{"keys":[170,172],"grid":[" "," "," "," ","!' +","!","!","!","!","!","!","!","!","!","!","!"]}},"5118":{"3401":{"keys":[170,172],"grid":[" "," "," ","!+ '","!","!","!","!","!","!","!","!","!","!","!","!"]}},"5058":{"3353":{"keys":[172,170],"grid":[" +!'"," -!%"," /!#"," "," "," "," "," "," "," "," "," "," "," "," "," "]},"3352":{"keys":[170,172],"grid":[" "," "," "," "," "," "," "," "," "," "," "," ","!# /","!% -","!' +","!) )"]}},"5059":{"3353":{"keys":[170,172],"grid":[" "," "," "," ","!# /","!% -","!' +","!) )","!+ '","!- %","!/ #","!","!","!","!","!"]}},"5054":{"3351":{"keys":[172,170],"grid":[" )!)"," +!'"," -!%"," /!#"," "," "," "," "," "," "," "," "," "," "," "," "]},"3350":{"keys":[170,172],"grid":[" "," "," "," "," "," "," "," "," "," "," "," "," ","!# /","!% -","!' +"]}},"5055":{"3351":{"keys":[170,172],"grid":[" "," "," "," ","!! 0","!$ .","!& ,","!( *","!* (","!, &","!. $","!0 !","!","!","!","!"]}},"5056":{"3351":{"keys":[170,172],"grid":[" "," "," "," "," "," "," "," "," "," "," "," ","!! 0","!$ .","!& ,","!( *"]},"3352":{"keys":[172,170],"grid":[" *!("," ,!&"," .!$"," "," "," "," "," "," "," "," "," "," "," "," "," "]}},"5057":{"3352":{"keys":[170,172],"grid":[" "," "," "," ","!# /","!% -","!' +","!) )","!+ '","!- %","!/ #","!","!","!","!","!"]}},"5050":{"3348":{"keys":[170,172],"grid":[" "," "," "," "," "," "," "," "," "," "," "," "," "," ","!! 0","!$ ."]},"3349":{"keys":[172,170],"grid":[" &!,"," (!*"," *!("," ,!&"," .!$"," "," "," "," "," "," "," "," "," "," "," "]}},"5051":{"3349":{"keys":[170,172],"grid":[" "," "," "," "," "," ","!# /","!% -","!' +","!) )","!+ '","!- %","!0 !","!","!","!"]}},"5052":{"3349":{"keys":[170,172],"grid":[" "," "," "," "," "," "," "," "," "," "," "," "," ","!! 0","!$ .","!& ,"]},"3350":{"keys":[172,170],"grid":[" (!*"," *!("," ,!&"," .!$"," 0!!"," "," "," "," "," "," "," "," "," "," "," "]}},"5053":{"3350":{"keys":[170,172],"grid":[" "," "," "," "," ","!! 0","!% -","!' +","!) )","!+ '","!- %","!/ #","!","!","!","!"]}},"4923":{"3395":{"keys":[169,172],"grid":[" "," "," "," /!#"," .!$"," -!%"," ,!&"," +!'"," )!)"," (!*"," '!+"," &!,"," $!."," #!/"," !!0","!"]}},"4922":{"3395":{"keys":[169],"grid":[" "," "," "," "," "," "," "," "," "," "," "," "," "," "," "," "]},"3396":{"keys":[169,172],"grid":[" 0!!"," .!$"," -!%"," ,!&"," +!'"," *!("," (!*"," '!+"," &!,"," %!-"," $!."," !!0","!","!","!","!"]}},"4921":{"3397":{"keys":[169,172],"grid":[" ,!&"," +!'"," *!("," )!)"," '!+"," &!,"," %!-"," $!."," !!0","!","!","!","!","!","!","!"]},"3396":{"keys":[169,172],"grid":[" "," "," "," "," "," "," "," "," "," "," "," "," "," 0!!"," /!#"," -!%"]}},"4920":{"3398":{"keys":[169,172],"grid":[" )!)"," (!*"," &!,"," %!-"," $!."," #!/"," !!0","!","!","!","!","!","!","!","!","!"]},"3397":{"keys":[169,172],"grid":[" "," "," "," "," "," "," "," "," "," "," 0!!"," /!#"," .!$"," ,!&"," +!'"," *!("]}},"4927":{"3391":{"keys":[169,172],"grid":[" .!$"," -!%"," ,!&","02"," +!'","04"," *!("," )!)","07"," (!*","09"," '!+"," &!,","12"," %!-","14"]},"3390":{"keys":[169,172],"grid":[" "," "," "," "," "," "," "," "," "," "," "," "," 0!!"," /!#","13"," .!$"]},"3392":{"keys":[169,172],"grid":[" $!."," #!/","01"," !!0","03","!","!","!","!","!","!","!","!","!","!","!"]}},"4926":{"3393":{"keys":[169,172],"grid":[" *!("," )!)"," '!+"," &!,"," %!-"," $!."," !!0","!","!","!","!","!","!","!","!","!"]},"3392":{"keys":[169,172],"grid":[" "," "," "," "," "," "," 0!!","06"," /!#","08"," .!$","10"," -!%","12"," ,!&"," +!'"]}},"4925":{"3393":{"keys":[169,172],"grid":[" "," "," "," "," "," "," "," "," 0!!"," /!#"," .!$"," ,!&"," +!'"," *!("," )!)"," (!*"]},"3394":{"keys":[169,172],"grid":[" &!,"," %!-"," $!."," #!/","!","!","!","!","!","!","!","!","!","!","!","!"]}},"4924":{"3395":{"keys":[169,172],"grid":[" #!/"," !!0","!","!","!","!","!","!","!","!","!","!","!","!","!","!"]},"3394":{"keys":[169,172],"grid":[" "," "," "," "," "," 0!!"," /!#"," .!$"," -!%"," +!'"," *!("," )!)"," (!*"," '!+"," %!-"," $!."]}},"4929":{"3387":{"keys":[169,172],"grid":[" "," "," "," "," "," 0!!","05"," /!#","07"," .!$","09"," -!%"," ,!&","12"," +!'","14"]},"3388":{"keys":[169,172],"grid":[" *!("," )!)","01"," (!*","03"," '!+"," &!,","06"," %!-","08"," $!."," #!/","11"," !!0","13","!"]}},"4928":{"3390":{"keys":[169,172],"grid":[" '!+","00"," &!,"," %!-","03"," $!.","05"," #!/"," !!0","08","!","!","!","!","!","!"]},"3388":{"keys":[169],"grid":[" "," "," "," "," "," "," "," "," "," "," "," "," "," "," "," "]},"3389":{"keys":[169,172],"grid":[" 0!!","00"," /!#","02"," .!$","04"," -!%"," ,!&","07"," +!'","09"," *!("," )!)","12"," (!*","14"]}},"5012":{"3328":{"keys":[170,172],"grid":[" "," "," "," "," ","!# /","!$ .","!& ,","!( *","!* (","!+ '","!- %","!/ #","!","!","!"]}},"5069":{"3358":{"keys":[170,172],"grid":[" "," "," ","!# /","!% -","!' +","!) )","!, &","!. $","!0 !","!","!","!","!","!","!"]}},"5068":{"3357":{"keys":[170,172],"grid":[" "," "," "," "," "," "," "," "," "," "," ","!# /","!% -","!' +","!) )","!+ '"]},"3358":{"keys":[172,170],"grid":[" -!%"," /!#"," "," "," "," "," "," "," "," "," "," "," "," "," "," "]}},"5049":{"3348":{"keys":[170,172],"grid":[" "," "," "," "," "," "," ","!# /","!% -","!' +","!) )","!+ '","!. $","!0 !","!","!"]}},"5048":{"3348":{"keys":[172,170],"grid":[" $!."," &!,"," (!*"," *!("," ,!&"," /!#"," "," "," "," "," "," "," "," "," "," "]},"3347":{"keys":[170,172],"grid":[" "," "," "," "," "," "," "," "," "," "," "," "," "," "," ","!! 0"]}},"5047":{"3347":{"keys":[170,172],"grid":[" "," "," "," "," "," "," "," ","!# /","!% -","!' +","!) )","!+ '","!. $","!0 !","!"]}},"5046":{"3347":{"keys":[172,170],"grid":[" !!0"," $!."," &!,"," (!*"," +!'"," -!%"," /!#"," "," "," "," "," "," "," "," "," "]}},"5045":{"3346":{"keys":[170,172],"grid":[" "," "," "," "," "," "," "," "," ","!# /","!% -","!' +","!* (","!, &","!. $","!0 !"]},"3347":{"keys":[172],"grid":[" "," "," "," "," "," "," "," "," "," "," "," "," "," "," "," "]}},"5044":{"3346":{"keys":[170,172],"grid":[" ","!! 0","!$ .","!& ,","!) )","!+ '","!- %","!/ #","!","!","!","!","!","!","!","!"]}},"5043":{"3346":{"keys":[172,170],"grid":[" 0!!"," "," "," "," "," "," "," "," "," "," "," "," "," "," "," "]},"3345":{"keys":[170,172],"grid":[" "," "," "," "," "," "," "," "," "," ","!# /","!% -","!' +","!) )","!+ '","!. $"]}},"5042":{"3345":{"keys":[170,172],"grid":[" "," ","!! 0","!$ .","!& ,","!( *","!* (","!- %","!/ #","!","!","!","!","!","!","!"]}},"5041":{"3344":{"keys":[170,172],"grid":[" "," "," "," "," "," "," "," "," "," "," ","!# /","!% -","!' +","!* (","!, &"]},"3345":{"keys":[172,170],"grid":[" .!$"," 0!!"," "," "," "," "," "," "," "," "," "," "," "," "," "," "]}},"5040":{"3344":{"keys":[170,172],"grid":[" "," "," ","!! 0","!$ .","!& ,","!( *","!* (","!- %","!/ #","!","!","!","!","!","!"]}},"4918":{"3399":{"keys":[169,172],"grid":[" "," "," "," "," "," 0!!"," .!$"," -!%"," ,!&"," +!'"," *!("," (!*"," '!+"," &!,"," %!-"," $!."]},"3400":{"keys":[169,172],"grid":[" #!/","!","!","!","!","!","!","!","!","!","!","!","!","!","!","!"]}},"4919":{"3399":{"keys":[169,172],"grid":[" &!,"," $!."," #!/"," !!0","!","!","!","!","!","!","!","!","!","!","!","!"]},"3398":{"keys":[169,172],"grid":[" "," "," "," "," "," "," "," 0!!"," /!#"," .!$"," -!%"," ,!&"," *!("," )!)"," (!*"," '!+"]}},"5065":{"3356":{"keys":[170,172],"grid":[" "," "," ","!# /","!% -","!' +","!) )","!+ '","!- %","!/ #","!","!","!","!","!","!"]}},"4917":{"3400":{"keys":[169,172],"grid":[" "," "," 0!!"," /!#"," .!$"," -!%"," ,!&"," *!("," )!)"," (!*"," '!+"," &!,"," %!-"," #!/"," !!0","!"]}},"4914":{"3400":{"keys":[169,172],"grid":[" "," "," "," "," "," "," "," "," "," "," ","!$ .","!) )","!. $","!","!"]}},"4915":{"3401":{"keys":[172],"grid":[" "," "," "," "," "," "," "," "," "," "," "," "," "," "," "," "]},"3400":{"keys":[169,172],"grid":[" "," "," "," "," "," "," "," "," "," "," "," "," "," ","!$ .","!* ("]}},"4912":{"3400":{"keys":[169,172],"grid":[" "," "," "," "," ","!& ,","!+ '","!0 !","!","!","!","!","!","!","!","!"]}},"4913":{"3400":{"keys":[169,172],"grid":[" "," "," "," "," "," "," "," ","!% -","!* (","!/ #","!","!","!","!","!"]}},"4910":{"3399":{"keys":[169,172],"grid":[" "," "," "," "," "," "," "," "," "," "," "," "," "," ","!$ .","!) )"]},"3400":{"keys":[172,169],"grid":[" .!$"," "," "," "," "," "," "," "," "," "," "," "," "," "," "," "]},"3551":{"keys":[151,"",138],"grid":[" %!-","00","00","00","00","00","00","00"," %#%!)"," $#&!)"," ##'!)","#)!)","#-!%","12","12","12"]}},"4911":{"3400":{"keys":[169,172],"grid":[" ","!# /","!( *","!- %","!","!","!","!","!","!","!","!","!","!","!","!"]}}}}