{"9":{"308":{"272":{"keys":[157,1,161],"grid":[" "," "," "," "," "," "," "," "," "," &!( %"," %!##&!! %"," $!##'!% !","!%#+!#","!!#0","#","#"]}},"309":{"272":{"keys":[157,1,161],"grid":[" "," "," /!#"," .!##!"," .!!##"," -!###"," -!!#$","06","06"," *!%#$"," '!%#'"," !!# #!##!!!#(","!'#+","#","#","#"]}},"319":{"273":{"keys":[181,"",182],"grid":[" -!%","00","00","00","00","00","00","00","00","00","00","00"," ,!!#%"," +!##%"," +!!#&"," *!!#'"]},"274":{"keys":[181,182,""],"grid":["  !!","##!!","01","01"]}},"311":{"272":{"keys":[157,1,161],"grid":[" $!##(!###"," #!##-","!$#.","#","#","#","#","#","#","#","#","#","#","#","#","#"]}},"310":{"272":{"keys":[157,1,161],"grid":[" "," #!# -","!) '!#","#(!# %!##!","#)!$ !!###","#+!$#$","#","#","#","#","#","#","#","#","#","#"]}},"304":{"278":{"keys":[161,1,158],"grid":[" "," "," "," "," 0!!","04","04"," ","04"," /!#"," /!!#!"," -!$#!"," ,!##$"," ,!!#%","13"," ,!$##"]},"279":{"keys":[161,1,158],"grid":[" .!##!"," /!#"," 0!!","01"," /!!#!","01","02","02"," "," "," "," "," "," "," "," "]},"273":{"keys":[158,1,161],"grid":[" "," "," "," "," "," 0!!","05","05"," /!#"," /!!#!","08","05","05","05","05"," "]},"276":{"keys":[158,1,161],"grid":[" "," "," "," "," "," "," "," "," "," "," .!# !"," -!%"," $!# #!'##!!","!! !!'#(!!","!$#-!!","#"]}},"305":{"279":{"keys":[158,1,161],"grid":[" "," "," "," "," "," "," ","!$ .","##!! .","##!# -","#$!! -","#$!# ,","#%!$ *","#'!# )","#(!! (!!","#(!# '!!"]},"272":{"keys":[158,1,157,161],"grid":[" &!$#)"," '!##)"," (!!#)"," (!$#'"," *!##&"," +!!#&"," +!##%"," ,!!#%"," ,!!#!!$"," %!+$#"," %!!$,"," $!#$,"," $!!$-","12"," #!#$-"," #!!$."]},"273":{"keys":[158,1,161],"grid":[" !!##."," !!!#/","!##/","!!##!##!!!#*","!!##!!#!!$#)","!!#%!##*","#","#","#","#","#","#","#","#","!!#0","14"]},"274":{"keys":[1,161,158],"grid":[" !!0","00"," #!/","#! !!/","03","03","03","03","03","#! #!.","## !!.","10","09","03","03","03"]},"275":{"keys":[158,1,161],"grid":[" !!!#/","00","00"," !!##."," #!##-"," $!(#'"," *!##&"," +!##%"," ,!##$"," -!$#!"," /!!#!"," /!#"," 0!!"," "," "," "]},"276":{"keys":[158,1],"grid":[" "," "," "," "," "," "," "," "," "," "," "," "," "," ","!! 0","!# /"]},"277":{"keys":[161,1,158],"grid":[" !!!#/","00","00"," !!##."," #!!#.","04","04"," #!##-"," $!!#-","08","07","07","07","07","08","08"]},"278":{"keys":[161,1,158],"grid":[" #!##-"," !!##."," !!!#/","!##/","!!#0","#","04","04","04","#","#","#","#","#","#","#"]},"280":{"keys":[161,1,158],"grid":[" )!##'"," *!##&"," +!##%"," ,!##$"," -!%"," 0!!","05","05"," .!$"," .!!##"," .!##!"," /!#"," "," "," "," "]}},"306":{"279":{"keys":[158,1,161],"grid":[" /!#","00"," -!$#!"," &!$ #!$#$"," %!##!!%#&"," $!##,"," $!!#-"," #!##-","07","07"," #!!#.","10"," !!##.","!##/","!!#0","14"]},"272":{"keys":[157,1,161],"grid":[" "," "," "," "," "," /!#"," -!$#!"," -!!#$","!& '!##$","#%!)#%","#)!!#(","#","#","#","#","#"]},"275":{"keys":[161,1,158],"grid":[" "," "," "," "," "," "," "," "," "," "," "," ","!! 0","!# /","#!!! /","#!!# ."]},"276":{"keys":[158,1,161],"grid":[" #!##-"," $!##,"," %!##+"," &!##*"," '!##)"," (!!#)"," (!##("," )!!#("," )!##'"," *!##&"," +!##%"," ,!!#%"," ,!##$"," -!###"," .!##!"," /!#"]},"277":{"keys":[158,1,161],"grid":[" 0!!"," "," "," "," "," "," "," "," "," ","00","00"," /!#"," /!!#!","12","00"]},"278":{"keys":[158,1],"grid":[" 0!!","00","00"," "," ","00","00","00","00","00","00","00","00","00","00"," /!#"]},"280":{"keys":[1,161,158],"grid":[" $!.","## #!-","01","01","#$ !!-","01","## !!.","01","04","04","04"," %!-","!","!","!","!"]}},"307":{"278":{"keys":[161,1],"grid":[" "," ","!! 0","02","02","02"," "," "," "," "," "," "," "," "," "," "]},"272":{"keys":[157,1,161],"grid":[" "," "," "," "," ","!$ .","##!! .","##!$ ,","#%!$ *","#'!# )","#(!! )","#(!! $!% !","#(!&##!#","#0!!","#","#"]},"277":{"keys":[1,161,158],"grid":[" !!0","00","00","00","00","00"," #!/","#! !!/","06","06","00","!","!","!","!","!"]}}},"13":{"4909":{"4466":{"keys":[158,161],"grid":[" "," "," "," "," 0!!"," /!#","05","05","05"," .!$"," -!%"," )!)"," %!-","12"," #!/","!"]},"4429":{"keys":[161,158],"grid":[" "," "," "," "," ","!! 0","05","!# /","!$ .","!% -","!& ,","!' +","11","!( *","!) )","!* ("]},"4358":{"keys":[157,161],"grid":[" "," "," "," "," "," "," "," "," "," "," "," "," "," "," %!# &!&"," !!0"]},"4430":{"keys":[158,161],"grid":[" *!("," +!'"," ,!&"," -!%"," .!$","04"," /!#"," 0!!"," "," "," "," "," "," "," "," "]}},"4908":{"4428":{"keys":[161,158],"grid":[" ","!! 0","01","!# /","!$ .","!% -","!& ,","06","!' +","!( *","!) )","!* (","11","!+ '","!, &","!- %"]},"4429":{"keys":[158,161],"grid":[" .!$","00"," /!#"," 0!!"," "," "," "," "," "," "," "," "," "," "," "," "]},"4360":{"keys":[157,161],"grid":[" #!/"," !!0","01","01","!","!","!","!","!","!","!","!","!","!","!","!"]},"4358":{"keys":[157],"grid":[" "," "," "," "," "," "," "," "," "," "," "," "," "," "," "," "]},"4359":{"keys":[157,161],"grid":[" +!'"," *!("," )!)","02"," (!*","04","04","04","04","04","02","02","02","02"," '!+"," $!."]},"4466":{"keys":[158],"grid":[" "," "," "," "," "," "," "," "," "," "," "," "," "," "," "," "]},"4467":{"keys":[158,161],"grid":[" /!#","00"," +!'","02","02"," '!# #!'"," '!+","!! &!+","!$ $!+","!","!","!","!","!","!","!"]}},"4901":{"4467":{"keys":[158,161],"grid":[" "," "," "," "," "," "," "," "," "," "," "," "," "," 0!!"," -!%"," +!'"]},"4361":{"keys":[157,161],"grid":[" ","!# .!!","!$ ,!#","!$ (!'","!% &!(","!' #!)","!","!","!","!","!","!","!","!","!","!"]},"4468":{"keys":[158,161],"grid":[" +!'","00"," *!(","02"," )!)"," (!*"," '!+"," &!,"," %!-"," $!.","!","!","!","!","!","!"]},"4419":{"keys":[158,161],"grid":[" (!*"," )!)"," *!("," +!'"," ,!&"," -!%"," .!$"," /!#"," 0!!","08"," "," "," "," "," "," "]},"4418":{"keys":[161,158],"grid":[" "," "," "," "," "," "," "," "," ","!! 0","!# /","!$ .","!% -","!& ,","!' +","!( *"]}},"4900":{"4361":{"keys":[161,157],"grid":[" +!'"," "," "," "," "," "," "," "," "," "," "," "," "," "," "," "]},"4360":{"keys":[157,161],"grid":[" "," "," "," "," "," "," "," "," "," "," "," "," !!# .","!& ,","!( *","!) )"]},"4418":{"keys":[158,161],"grid":[" *!("," +!'"," ,!&"," -!%"," .!$"," /!#"," 0!!","06"," "," "," "," "," "," "," "," "]},"4417":{"keys":[161,158],"grid":[" "," "," "," "," "," "," ","!! 0","!# /","!$ .","!% -","!& ,","!' +","!( *","13","!) )"]},"4468":{"keys":[158,161],"grid":[" "," "," "," "," "," "," "," "," "," "," "," 0!!","11"," /!#"," .!$"," +!'"]},"4469":{"keys":[158,161],"grid":[" *!("," )!)"," (!*"," '!+","03"," &!,","05"," !!0","!","!","!","!","!","!","!","!"]}},"4903":{"4361":{"keys":[157,161],"grid":[" "," "," "," +!! &"," *!% $"," *!' !"," +!'"," ,!&","07","!! *!'","!$ '!(","!","!","!","!","!"]},"4422":{"keys":[158,161],"grid":[" .!$"," /!#","01"," 0!!","03","03"," "," "," "," "," "," "," "," "," "," "]},"4420":{"keys":[161,158],"grid":[" "," "," "," "," "," "," "," "," "," "," "," "," ","!! 0","!# /","!$ ."]},"4421":{"keys":[158,161],"grid":[" %!-"," &!,"," '!+"," (!*"," )!)","04"," *!("," +!'","07"," ,!&","09","09"," -!%","12"," .!$","14"]},"4468":{"keys":[161,158],"grid":[" )!)"," *!(","00","00","01"," *!! !!&"," .!$","06"," -!%","08"," /!#"," "," "," "," "," "]},"4467":{"keys":[158,161],"grid":[" "," "," "," "," "," "," "," "," "," "," "," "," ","!' !!! )","!) )","14"]}},"4902":{"4467":{"keys":[158,161],"grid":[" "," "," "," "," "," "," "," "," "," "," $!* %"," #!, $","!0 !","!","!","!"]},"4420":{"keys":[158,161],"grid":[" '!+"," (!*"," )!)","02"," *!("," +!'"," ,!&"," -!%"," .!$"," /!#"," 0!!"," "," "," "," "," "]},"4361":{"keys":[161,157],"grid":[" #!/","00","00"," $!.","03"," %!-","05"," &!# #!% !!#"," -!! $"," "," "," "," "," "," "," "]},"4419":{"keys":[161,158],"grid":[" "," "," "," "," "," "," "," "," "," "," ","!! 0","!# /","!$ .","!% -","!& ,"]}},"4905":{"4361":{"keys":[157,161],"grid":[" "," "," "," "," "," "," "," ,!! %"," ,!# $"," ,!$ #"," +!& !"," +!'","!! *!'","!$ #!$ !!(","!","!"]},"4424":{"keys":[161,158],"grid":[" "," "," "," "," "," ","!! 0","!# /","!$ .","!% -","09","!& ,","!' +","!( *","!) )","14"]},"4468":{"keys":[158,161],"grid":[" "," ","!( *","!","!","!","!","!","!","!","!","!","!","!","!","!"]},"4425":{"keys":[158,161],"grid":[" *!("," +!'"," ,!&"," -!%","03"," .!$"," /!#"," 0!!"," "," "," "," "," "," "," "," "]}},"4904":{"4361":{"keys":[157,161],"grid":[" "," "," "," "," "," ","!! 0","!# /","07","!$ .","!$ (!# %","!$ '!% !!#","!$ '!(","!% &!(","!& &!'","!( $!'"]},"4362":{"keys":[161,157],"grid":[" *!# &"," "," "," "," "," "," "," "," "," "," "," "," "," "," "," "]},"4422":{"keys":[161,158],"grid":[" "," "," "," "," "," "," "," ","!! 0","08","08","!# /","11","!$ .","13","13"]},"4423":{"keys":[158,161],"grid":[" %!-","00"," &!,","02","02"," '!+","05"," (!*","07","07"," )!)","10"," *!("," +!'"," ,!&"," -!%"]},"4424":{"keys":[158,161],"grid":[" -!%"," .!$"," /!#"," 0!!"," "," "," "," "," "," "," "," "," "," "," "," "]},"4468":{"keys":[158,161],"grid":[" "," "," /!#"," .!$","03"," -!%","05","05","05","05","05","!% )!%","11","!% (!&","!% '!'","!"]}},"4907":{"4428":{"keys":[158],"grid":[" "," "," "," "," "," "," "," "," "," "," "," "," "," "," "," "]},"4361":{"keys":[157,161],"grid":[" (!*","00"," '!+"," &!,"," %!-"," $!.","05","05","!! #!.","08","!","!","!","!","!","!"]},"4360":{"keys":[157,161],"grid":[" "," "," "," "," "," "," "," "," 0!!","08"," /!#"," .!$","11"," +!'"," )!)"," (!*"]},"4426":{"keys":[161,158],"grid":[" "," "," "," "," "," "," "," "," "," "," "," "," ","!! 0","13","!# /"]},"4427":{"keys":[158,161],"grid":[" $!."," %!-"," &!,","02"," '!+"," (!*"," )!)"," *!(","07"," +!'"," ,!&"," -!%"," .!$","12"," /!#"," 0!!"]},"4467":{"keys":[158,161],"grid":[" "," "," "," "," "," "," "," -!%"," +!'"," )!)"," (!*"," &!,"," $!."," !!0","!","!"]}},"4906":{"4361":{"keys":[157,161],"grid":[" "," "," "," "," "," "," "," /!#"," -!%"," +!'"," '!+","!","!","!","!","!"]},"4467":{"keys":[158,161],"grid":[" "," "," "," "," "," "," "," "," "," "," "," "," "," "," 0!!"," .!$"]},"4426":{"keys":[158,161],"grid":[" '!+"," (!*"," )!)","02"," *!("," +!'"," ,!&"," -!%","07"," .!$"," /!#"," 0!!"," "," "," "," "]},"4468":{"keys":[158,161],"grid":[" +!'"," (!*"," %!-","!","!","!","!","!","!","!","!","!","!","!","!","!"]},"4425":{"keys":[161,158],"grid":[" "," "," "," "," "," "," "," "," "," ","!! 0","!# /","!$ .","!% -","13","!& ,"]}},"4980":{"4352":{"keys":[157,161],"grid":[" ,!&"," +!'"," )!)"," (!*"," &!,"," %!-"," #!/"," !!0","!","!","!","!","!","!","!","!"]}},"4868":{"4428":{"keys":[158,161],"grid":[" "," "," "," "," "," "," "," "," "," "," "," "," "," "," ","!% -"]},"4429":{"keys":[161,158],"grid":[" ,!&"," "," "," "," "," "," "," "," "," "," "," "," "," "," "," "]}},"4869":{"4429":{"keys":[158,161],"grid":[" ","!% -","!* (","!0 !","!","!","!","!","!","!","!","!","!","!","!","!"]}},"4989":{"4352":{"keys":[161],"grid":[" "," "," "," "," "," "," "," "," "," "," "," "," "," "," "," "]}},"4988":{"4352":{"keys":[161,157],"grid":[" &!,"," "," "," "," "," "," "," "," "," "," "," "," "," "," "," "]}},"4866":{"4429":{"keys":[158,161],"grid":[" "," "," "," "," "," "," "," "," "," 0!!"," /!#"," .!$"," -!%"," (!*","13"," &!,"]},"4430":{"keys":[158,161],"grid":[" %!-"," #!/"," !!0","02","!","!","!","!","!","!","!","!","!","!","!","!"]}},"4867":{"4428":{"keys":[158],"grid":[" "," "," "," "," "," "," "," "," "," "," "," "," "," "," "," "]},"4429":{"keys":[158,161],"grid":[" .!$"," +!'"," )!)"," '!+"," %!-"," $!."," #!/"," !!0","!","!","!","!","!","!","!","!"]}},"4864":{"4429":{"keys":[158,161],"grid":[" "," "," "," "," "," "," "," "," "," "," "," "," ","!! 0","13","13"]},"4430":{"keys":[161,158],"grid":[" &!,"," '!+","01"," (!*"," )!)"," -!%"," /!#"," "," "," "," "," "," "," "," "," "]}},"4865":{"4430":{"keys":[158,161],"grid":[" "," "," "," "," "," 0!!"," /!#","06","!! ,!%","!# +!%","!# (!(","!# &!*","!# !!.","!","!","!"]}},"4888":{"4479":{"keys":[158,161],"grid":[" "," ","!! 0","!# /","!% -","!' +","!( *","!* (","!+ '","!- %","!. $","!/ #","!0 !","12","!","!"]},"4405":{"keys":[161,158],"grid":[" "," "," "," "," "," "," "," "," "," ","!","!","!","!","!","!"]},"4480":{"keys":[161],"grid":[" "," "," "," "," "," "," "," "," "," "," "," "," "," "," "," "]},"4361":{"keys":[158,161],"grid":[" "," "," "," /!#","!","!","!","!","!","!","!","!","!","!","!","!"]},"4355":{"keys":[157,158],"grid":[" "," "," "," "," "," ","!# /","!% -","!' +","!) )","!* (","!, &","!- %","!/ #","!0 !","!"]}},"4889":{"4361":{"keys":[158,161],"grid":[" "," "," ","!","!","!","!","!","!","!","!","!","!","!","!","!"]},"4405":{"keys":[161,158],"grid":[" "," "," "," "," "," "," "," "," "," ","!' +","!) )","!+ '","!, &","!- %","!. $"]},"4406":{"keys":[158,161],"grid":[" /!#"," 0!!"," "," "," "," "," "," "," "," "," "," "," "," "," "," "]},"4480":{"keys":[158,161],"grid":[" "," "," ","!! 0","03","03","03","03","!# /","08","08","08","!$ .","12","12","!% -"]},"4481":{"keys":[161,158],"grid":[" &!,"," (!*"," +!'"," /!#"," "," "," "," "," "," "," "," "," "," "," "," "]},"4355":{"keys":[157,158],"grid":[" "," "," "," "," "," "," "," "," "," "," "," "," "," "," ","!# /"]},"4356":{"keys":[158,157],"grid":[" %!-"," &!,"," (!*"," *!("," +!'"," -!%","05"," 0!!"," "," "," "," "," "," "," "," "]}},"4880":{"4372":{"keys":[158,161],"grid":[" )!)","00"," (!*","02"," '!+","04","04"," &!,","07"," %!-","09","09"," $!.","12"," #!/","14"]},"4383":{"keys":[158,161],"grid":[" !!0"," #!/","01","01"," $!.","04"," %!-","06","06","06"," &!,","10","10","10"," '!+","14"]},"4382":{"keys":[161,158],"grid":[" "," "," "," "," "," "," "," "," "," "," "," "," ","!! 0","13","13"]},"4386":{"keys":[158,161],"grid":[" /!#"," 0!!","01","01","01"," "," "," "," "," "," "," "," "," "," "," "]},"4385":{"keys":[158,161],"grid":[" +!'","00"," ,!&","02","02","02"," -!%","06","06","06"," .!$","10","10","10"," /!#","14"]},"4384":{"keys":[158,161],"grid":[" '!+","00"," (!*","02","02","02"," )!)","06","06","06"," *!(","10","10","10"," +!'","14"]},"4452":{"keys":[161,158],"grid":[" !!0","00","!","!","!","!","!","!","!","!","!","!","!","!","!","!"]},"4451":{"keys":[161,158],"grid":[" "," "," "," "," "," "," "," "," /!#"," *!("," &!,"," %!-"," $!."," #!/","13"," !!0"]},"4431":{"keys":[161,158],"grid":[" -!%"," "," "," "," "," "," "," "," "," "," "," "," "," "," "," "]},"4456":{"keys":[158],"grid":[" "," "," "," "," "," "," "," "," "," "," "," "," "," "," "," "]},"4455":{"keys":[161,158],"grid":[" !!0"," #!/","01","01","01"," $!.","05","05","05","05","01","01","01","00","00","00"]},"4454":{"keys":[158,161],"grid":[" "," "," "," "," "," "," "," "," "," "," ","!! 0","11","11","11","11"]},"4471":{"keys":[158,161],"grid":[" "," "," "," "," "," "," "," "," "," '!$ ("," &!( %","!# #!, !","!","!","!","!"]},"4373":{"keys":[158,161],"grid":[" !!0","00","00","!","!","!","!","!","!","!","!","!","!","!","!","!"]},"4370":{"keys":[158],"grid":[" "," "," "," "," "," "," "," "," "," "," "," "," "," "," "," "]},"4371":{"keys":[158,161],"grid":[" 0!!"," /!#","01","01"," .!$","04"," -!%","06"," ,!&","08","08"," +!'","11"," *!(","13","13"]},"4430":{"keys":[158,161],"grid":[" "," "," "," ","!! 0","04","04","!# /","07","!$ .","!% -","10","!& ,","!' +","!( *","!* ("]}},"4881":{"4369":{"keys":[158,161],"grid":[" /!#","00"," .!$","02"," -!%","04","04"," ,!&","07"," +!'","09","09"," *!(","12"," )!)","14"]},"4368":{"keys":[158,161],"grid":[" "," "," "," "," "," "," "," "," "," "," "," "," "," 0!!","13"," /!#"]},"4435":{"keys":[161,158],"grid":[" 0!!"," "," "," "," "," "," "," "," "," "," "," "," "," "," "," "]},"4434":{"keys":[161,158],"grid":[" *!(","00","00"," +!'","03","03"," ,!&","06","06"," -!%","09"," .!$"," /!#","12"," 0!!","14"]},"4451":{"keys":[161,158],"grid":[" (!*","00","00"," '!+"," &!,"," %!-"," $!."," !!0","!","!","!","!","!","!","!","!"]},"4450":{"keys":[161,158],"grid":[" *!(","00","00","00","00","00","00","00","00"," )!)","09","09","09","09","09"," (!*"]},"4431":{"keys":[158,161],"grid":[" "," ","!% -","02","02","02","02","02","02","02","02","02","!& ,","12","12","!' +"]},"4396":{"keys":[158],"grid":[" "," "," "," "," "," "," "," "," "," "," "," "," "," "," "," "]},"4433":{"keys":[161,158],"grid":[" -!%","00","00","00","00"," .!$","05","00","00"," ,!&","09","09"," +!'"," )!)","13"," *!("]},"4432":{"keys":[161,158],"grid":[" '!+","00"," (!*","02","02","02"," )!)","06","06","06"," *!(","10"," +!'","12"," ,!&","14"]},"4471":{"keys":[158,161],"grid":[" "," "," "," "," "," "," "," "," *!# &"," (!' $"," '!* !"," &!,","!# #!-","!","!","!"]},"4397":{"keys":[158,161],"grid":[" "," 0!!","01","01","01","01","01","01","01","01","01","01","01","01","01","01"]},"4389":{"keys":[158,161],"grid":[" *!(","00","00","00"," )!)","04","04"," (!*","07","07"," '!+","10","10","10"," &!,","14"]},"4388":{"keys":[158,161],"grid":[" +!'","00","00","00","00","00","00","00","00","00","00","00","00","00","00","00"]},"4387":{"keys":[158,161],"grid":[" %!-","00"," &!,","02"," '!+","04","04"," (!*","07"," )!)","09","09"," *!(","12","12","12"]},"4386":{"keys":[161,158],"grid":[" "," "," "," "," "," "," "," "," ","!! 0","09","!# /","11","11","!$ .","14"]},"4449":{"keys":[161,158],"grid":[" "," "," "," "," "," "," "," "," "," /!#"," -!%"," ,!&"," +!'","12"," *!(","14"]},"4370":{"keys":[158,161],"grid":[" )!)"," (!*","01"," '!+","03"," &!,","05"," %!-","07"," $!."," #!/","10"," !!0","12","!","!"]},"4398":{"keys":[158,161],"grid":[" 0!!","00","00","00","00","00","00","00","00","00","00","00","00","00","00","00"]},"4399":{"keys":[158,161],"grid":[" 0!!","00","00","00","00","00","00","00","00"," "," "," "," ","00","00","00"]},"4390":{"keys":[158,161],"grid":[" &!,","00","00","00","00","00"," %!-","06","06","06","06","06","06","06","06","06"]},"4391":{"keys":[158,161],"grid":[" %!-"," &!,","01","01","01"," '!+","05","05","05","05"," (!*","10","10","10"," )!)","14"]},"4392":{"keys":[158,161],"grid":[" )!)"," *!(","01"," +!'","03"," ,!&","05","05"," -!%","08"," .!$","10","10","10"," /!#","14"]},"4393":{"keys":[158,161],"grid":[" /!#","00","00","00","00"," 0!!","05","05","05","05","05","05","05"," "," "," "]},"4400":{"keys":[158,161],"grid":[" 0!!","00","00","00","00","00","00","00","00","00","00"," /!#","11","11","11","11"]},"4401":{"keys":[158,161],"grid":[" /!#"," .!$","01","01","01","01"," -!%","06","06","06"," ,!&","10","10","10"," +!'","14"]},"4402":{"keys":[158,161],"grid":[" +!'"," *!(","01","01","01","01","01","01","01","01","01","00","00","00"," ,!&","14"]},"4403":{"keys":[158,161],"grid":[" -!%"," .!$"," /!#"," 0!!"," "," "," "," "," "," "," "," "," "," "," "," "]}},"4882":{"4367":{"keys":[158,161],"grid":[" ,!&"," +!'","01","01"," *!(","04"," )!)","06","06"," (!*","09"," '!+","11","11"," &!,","14"]},"4366":{"keys":[158,161],"grid":[" "," "," "," "," "," "," "," "," 0!!","08"," /!#","10"," .!$","12"," -!%"," ,!&"]},"4368":{"keys":[158,161],"grid":[" %!-","00","00"," $!.","03"," #!/","05","05"," !!0","08","!","!","!","!","!","!"]},"4435":{"keys":[158,161],"grid":[" "," "," "," ","!! 0","04","04","!# /","!$ .","!% -","!& ,","!' +","!( *","!) )","13","!* ("]},"4437":{"keys":[161,158],"grid":[" /!#"," .!$"," -!%"," ,!&","02","02","02","02","01","01","01","01","01","01","01","01"]},"4436":{"keys":[161,158],"grid":[" *!(","00","00"," +!'"," ,!&"," -!%","05"," .!$","07"," /!#","09"," 0!!","11"," "," ","11"]},"4471":{"keys":[158,161],"grid":[" "," "," "," "," "," "," "," "," "," "," "," ","!! 0","12","!# /","14"]},"4473":{"keys":[161,158],"grid":[" /!#","00","00","00","00","00"," 0!!","06"," "," "," "," "," "," "," "," "]},"4472":{"keys":[161,158],"grid":[" $!."," %!-"," '!+"," (!*"," )!)"," +!'","05"," ,!&"," -!%","08"," .!$","10"," /!#","12","12","12"]},"4439":{"keys":[161,158],"grid":[" ,!&"," .!$"," /!#","02","02","02","02"," 0!!","07","07"," "," "," "," "," "," "]},"4438":{"keys":[161,158],"grid":[" .!$","00","00","00","00","00","00"," -!%"," ,!&"," +!'","09","09"," *!(","12","12","09"]},"4442":{"keys":[161,158],"grid":[" "," "," "," "," "," "," "," "," "," "," 0!!"," .!$","11"," -!%","13","13"]},"4443":{"keys":[161,158],"grid":[" -!%","00"," ,!&","02","02","00"," "," "," "," "," "," "," "," 0!!"," "," "]},"4444":{"keys":[161,158],"grid":[" "," "," "," 0!!","03","03","03","03"," /!#","08","08","08","08","08","08","08"]},"4445":{"keys":[161,158],"grid":[" /!#"," 0!!","01","01","01","01","01","01"," "," "," "," "," "," "," "," "]},"4448":{"keys":[161,158],"grid":[" "," "," "," "," "," "," "," "," "," "," "," 0!!","11"," /!#"," .!$"," -!%"]},"4449":{"keys":[161,158],"grid":[" ,!&"," +!'"," *!("," )!)"," (!*"," '!+"," %!-"," #!/","!","!","!","!","!","!","!","!"]},"4404":{"keys":[158,161],"grid":[" +!'","00"," ,!&","02"," -!%"," .!$","05"," /!#","07","07"," 0!!","10"," "," "," "," "]},"4393":{"keys":[161],"grid":[" "," "," "," "," "," "," "," "," "," "," "," "," "," "," "," "]},"4394":{"keys":[161,158],"grid":[" "," ","!! 0","02","02","02","02","!# /","07","07","07","07","!$ .","12","12","12"]},"4395":{"keys":[158,161],"grid":[" $!.","00","00"," %!-","03","03","03","03","03","03","03","03","03","03","00","00"]},"4396":{"keys":[158,161],"grid":[" $!."," #!/","01"," !!0","03","03","03","03","!","!","!","!","!","!","!","!"]},"4403":{"keys":[161,158],"grid":[" "," "," "," "," "," ","!! 0","06","!$ .","!% -","!& ,","!' +","!( *","!) )","13","!* ("]}},"4883":{"4365":{"keys":[158,161],"grid":[" )!)","00"," (!*","02","02"," '!+","05"," &!,","07","07"," %!-","10","10"," $!.","13","13"]},"4364":{"keys":[158,161],"grid":[" /!#"," .!$","01","01"," -!%","04","04"," ,!&","07"," +!'","09","09"," *!(","12","12"," )!)"]},"4366":{"keys":[158,161],"grid":[" #!/","00"," !!0","02","02","!","!","!","!","!","!","!","!","!","!","!"]},"4363":{"keys":[158,161],"grid":[" "," "," "," "," "," "," "," "," "," "," "," 0!!","11","11"," /!#","14"]},"4404":{"keys":[161,158],"grid":[" "," "," "," "," "," "," "," "," "," "," "," "," "," "," ","!! 0"]},"4405":{"keys":[158,161],"grid":[" !!0"," #!/","01","01"," $!.","04","04"," %!-"," &!,"," '!+"," "," "," "," "," "," "]},"4448":{"keys":[161,158],"grid":[" '!+","00"," &!,","02"," %!-"," $!.","05"," #!/"," !!0","08","!","!","!","!","!","!"]},"4475":{"keys":[161],"grid":[" "," "," "," "," "," "," "," "," "," "," "," "," "," "," "," "]},"4440":{"keys":[161,158],"grid":[" #!/","00","00","00"," $!.","04"," %!-"," &!,","07","07","07"," (!*"," *!("," ,!&","13","13"]},"4441":{"keys":[161,158],"grid":[" +!'","00"," ,!&"," -!%"," .!$","04","04","04","04","04","02","00"," *!("," )!)","13"," (!*"]},"4442":{"keys":[161,158],"grid":[" (!*","00","00","00","00"," '!+"," $!."," !!0","07","!","!","!","!","!","!","!"]},"4443":{"keys":[158,161],"grid":[" "," "," "," "," "," "," ","!! 0","07","07"," "," "," "," "," "," "]},"4444":{"keys":[158],"grid":[" "," "," "," "," "," "," "," "," "," "," "," "," "," "," "," "]},"4445":{"keys":[158,161],"grid":[" "," "," "," "," "," "," "," "," "," "," ","!! 0","11","11","!# /","14"]},"4446":{"keys":[161,158],"grid":[" #!/"," $!.","01"," %!-","03"," &!,","05"," '!+","07"," (!*"," )!)","10"," *!(","12","12"," +!'"]},"4447":{"keys":[161,158],"grid":[" +!'","00","00","00","00","00","00","00"," *!(","08","08"," )!)","11","11"," (!*","14"]},"4372":{"keys":[161,158],"grid":[" /!! !"," "," "," "," ,!! %"," "," "," "," "," "," "," "," "," "," "," "]},"4473":{"keys":[158,161],"grid":[" "," "," "," "," "," "," "," "," ","!! 0","09","!# /","11","!$ .","13","13"]},"4371":{"keys":[161,158],"grid":[" "," "," "," "," *!# &","04"," )!( !"," )!# #!%"," -!%","08"," .!$"," /!! !","10"," .!# !"," -!$ !","13"]},"4439":{"keys":[158,161],"grid":[" "," "," "," "," "," "," "," "," "," "," ","!! 0","11","!# /","13","13"]},"4474":{"keys":[161,158],"grid":[" $!.","00","00","00","00","00","00","00"," %!-","08"," '!+"," (!*"," *!("," ,!&"," -!%"," /!#"]}},"4884":{"4361":{"keys":[158,161],"grid":[" "," "," "," "," "," "," &!,","06","06","06","06","06","06","06","06","06"]},"4363":{"keys":[158,161],"grid":[" #!/","00","00","00","00"," !!0","05","05","!","!","!","!","!","!","!","!"]},"4362":{"keys":[158,161],"grid":[" &!,","00","00"," %!-","03","03","03","03","03","03"," $!.","10","10","10","10","10"]},"4405":{"keys":[161,158],"grid":[" "," "," "," "," "," "," "," "," "," ","!% -","!","!","!","!","!"]},"4371":{"keys":[161],"grid":[" "," "," "," "," "," "," "," "," "," "," "," "," "," "," "," "]},"4475":{"keys":[158,161],"grid":[" ","!! 0","!# /","!% -","!& ,","!' +","!) )","!* (","07","!+ '","!, &","10","!- %","12","12","!. $"]},"4476":{"keys":[161,158],"grid":[" .!$"," /!#","01","01"," 0!!","04","04"," "," "," "," "," "," "," "," "," "]}},"4885":{"4361":{"keys":[158,161],"grid":[" "," "," "," "," "," &!,","!","!","!","!","!","!","!","!","!","!"]},"4405":{"keys":[161,158],"grid":[" "," "," "," "," "," "," "," "," "," "," $!.","!","!","!","!","!"]},"4372":{"keys":[161,158],"grid":[" "," "," "," "," "," "," "," "," "," "," "," "," "," "," "," /!#"]},"4373":{"keys":[161,158],"grid":[" .!$"," /!#"," 0!!"," "," "," "," "," "," "," "," "," "," "," "," "," "]},"4352":{"keys":[158,157],"grid":[" -!%"," .!$"," /!#"," 0!!"," "," "," "," "," "," "," "," "," "," "," "," "]},"4476":{"keys":[158,161],"grid":[" "," "," "," "," "," "," "," "," ","!! 0","!$ .","!& ,","!+ '","!. $","!0 !","!"]}},"4886":{"4361":{"keys":[158,161],"grid":[" "," "," "," "," ","!","!","!","!","!","!","!","!","!","!","!"]},"4405":{"keys":[161,158],"grid":[" "," "," "," "," "," "," "," "," "," ","!","!","!","!","!","!"]},"4353":{"keys":[158],"grid":[" "," "," "," "," "," "," "," "," "," "," "," "," "," "," "," "]},"4352":{"keys":[157,158],"grid":[" "," "," "," "," ","!# /","!& ,","!( *","!* (","!+ '","!- %","!0 !","!","!","11","!"]},"4372":{"keys":[161,158],"grid":[" %!$ $!# %"," %!$ #!# &"," %!+ #"," $!- !","03"," $!* !!! #"," $!( '"," #!) '","07"," #!( ("," !!) ("," !!( )","!) )","12","!* (","!+ '"]},"4373":{"keys":[158,161],"grid":[" +!'","00","00","00","!# &!*","!$ $!+","!& !!+","!","!","!","!","!","!","!","!","!"]},"4371":{"keys":[161,158],"grid":[" "," "," "," "," "," "," "," "," "," "," "," "," "," &!! +"," %!# +","14"]},"4477":{"keys":[161,158],"grid":[" $!."," %!-"," &!,"," '!+"," (!*"," )!)"," +!'"," -!%"," .!$"," 0!!"," "," "," "," "," "," "]},"4476":{"keys":[158,161],"grid":[" "," "," "," "," "," "," "," "," "," "," "," "," "," "," ","!! 0"]}},"4887":{"4361":{"keys":[158,161],"grid":[" "," "," "," "," !!0","!","!","!","!","!","!","!","!","!","!","!"]},"4405":{"keys":[161,158],"grid":[" "," "," "," "," "," "," "," "," "," ","!","!","!","!","!","!"]},"4479":{"keys":[161,158],"grid":[" .!$"," 0!!"," "," "," "," "," "," "," "," "," "," "," "," "," "," "]},"4478":{"keys":[161,158],"grid":[" $!.","00","00","00"," %!-","04","04"," &!,","07"," '!+","09"," (!*"," )!)"," *!("," +!'"," -!%"]},"4352":{"keys":[157],"grid":[" "," "," "," "," "," "," "," "," "," "," "," "," "," "," "," "]},"4372":{"keys":[161],"grid":[" "," "," "," "," "," "," "," "," "," "," "," "," "," "," "," "]},"4355":{"keys":[158,157],"grid":[" +!'"," ,!&","01"," -!%","03"," -!# #"," "," "," "," "," "," "," "," "," "," "]},"4354":{"keys":[158,157],"grid":[" ,!&"," -!%"," .!$"," /!#","03"," 0!!","05","05","03"," +!# !!$"," *!(","10","10"," +!'","13","13"]},"4477":{"keys":[158,161],"grid":[" "," "," "," "," "," "," "," "," "," "," ","!! 0","11","!# /","13","!$ ."]},"4353":{"keys":[157,158],"grid":[" ","!! 0","01","!# /","!% -","04","04","04","04","04","04","!& ,","11","!( *","!* (","!+ '"]}},"4875":{"4428":{"keys":[158,161],"grid":[" "," "," "," "," &!,"," #!/"," !!0","!","!","!","!","!","!","!","!","!"]},"4462":{"keys":[161,158],"grid":[" ,!&"," +!'","01"," *!(","03","03","03","03","03","03","03","03","03","03","01","00"]},"4463":{"keys":[161,158],"grid":[" .!$"," /!#"," "," "," "," "," "," "," "," "," "," "," "," "," "," "]},"4460":{"keys":[161,158],"grid":[" "," "," "," "," "," "," "," "," "," "," "," "," 0!!"," /!#","13"," .!$"]},"4461":{"keys":[161,158],"grid":[" .!$"," -!%","01"," ,!&","03","03","03","03","03","03","03","03","03","03","03","03"]}},"4874":{"4428":{"keys":[158,161],"grid":[" "," "," "," "," "," "," ","!# /","!% ,!!","!' (!$","!( $!'","!","!","!","!","!"]}},"4877":{"4464":{"keys":[161,158],"grid":[" &!,"," '!+"," (!*"," )!)"," *!(","04"," +!'"," ,!&"," -!%"," .!$"," /!#","10"," 0!!"," "," "," "]},"4426":{"keys":[158,161],"grid":[" "," "," "," "," "," "," "," "," "," "," "," "," "," "," .!! #"," ,!&"]},"4427":{"keys":[158,161],"grid":[" +!'","00"," *!("," #!/","03"," !!0","05","05","05","!","!","!","!","!","!","!"]},"4459":{"keys":[161,158],"grid":[" "," 0!!"," .!$"," ,!&"," *!("," '!+"," $!.","!","!","!","!","!","!","!","!","!"]},"4463":{"keys":[158,161],"grid":[" "," "," "," "," "," "," "," "," "," "," "," ","!! 0","!# /","!$ .","!% -"]}},"4876":{"4463":{"keys":[158,161],"grid":[" "," "," ","!# /","!% -","!' +","!) )","!+ '","!- %","!. $","!0 !","!","!","!","!","!"]},"4428":{"keys":[158,161],"grid":[" '!+"," &!,"," $!."," !!0","!","!","!","!","!","!","!","!","!","!","!","!"]},"4459":{"keys":[161,158],"grid":[" "," "," "," "," "," "," "," "," 0!!"," .!$"," -!%"," ,!&"," +!'","12"," *!("," )!)"]},"4460":{"keys":[161,158],"grid":[" (!*","00"," '!+","02"," &!,","04"," %!-"," $!."," #!/"," !!0","09","!","!","!","!","!"]},"4427":{"keys":[158,161],"grid":[" "," "," "," "," "," "," "," "," "," "," "," "," /!#"," ,!&"," +!'"," )!)"]}},"4871":{"4428":{"keys":[158,161],"grid":[" "," "," "," "," "," "," "," "," "," "," "," "," "," "," /!#"," .!$"]},"4429":{"keys":[158,161],"grid":[" -!%"," ,!&"," +!'"," *!(","03"," )!)","!& !!+","!","!","!","!","!","!","!","!","!"]}},"4870":{"4429":{"keys":[158,161],"grid":[" "," "," "," ","!* (","!0 !","!","!","!","!","!","!","!","!","!","!"]}},"4873":{"4428":{"keys":[158,161],"grid":[" "," "," "," "," "," "," *!' !"," &!,","!","!","!","!","!","!","!","!"]}},"4872":{"4428":{"keys":[158,161],"grid":[" "," "," "," "," "," "," "," "," 0!!"," +!'"," '!+"," %!-"," #!/","!","!","!"]}},"4879":{"4454":{"keys":[161,158],"grid":[" 0!!","00","00"," "," "," "," "," "," "," "," "," "," "," "," "," "]},"4453":{"keys":[161,158],"grid":[" /!#","00","00","00","00","00","00","00","00","00","00","00","00"," 0!!","13","13"]},"4452":{"keys":[161,158],"grid":[" "," "," "," "," "," "," 0!!","06","06","06","06"," /!#","11","11","11","11"]},"4457":{"keys":[161,158],"grid":[" (!*"," '!+"," %!-","02","02","02","02","02","02"," $!."," #!/","!","!","!","!","!"]},"4430":{"keys":[161,158],"grid":[" 0!!"," "," "," "," "," "," "," "," "," "," "," "," "," "," "," "]},"4373":{"keys":[158,161],"grid":[" "," "," "," "," "," 0!!","05","05"," /!#","08"," .!$","10","10"," -!%","13"," ,!&"]},"4471":{"keys":[161,158],"grid":[" )!)"," *!(","01"," +!'"," ,!&"," -!%","05"," .!$"," /!#"," 0!!"," "," "," "," "," "," "]},"4470":{"keys":[161,158],"grid":[" #!/"," $!."," %!-","02"," &!,","04","04","04"," '!+","08","08"," (!*","11","11"," )!)","14"]},"4382":{"keys":[158,161],"grid":[" .!$"," /!#","01","01","01"," 0!!","05","05","05"," "," "," "," "," "," "," "]},"4381":{"keys":[158,161],"grid":[" *!(","00","00"," +!'","03","03","03"," ,!&","07","07"," -!%","10","10","10"," .!$","14"]},"4380":{"keys":[158,161],"grid":[" &!,","00","00","00"," '!+","04","04","04"," (!*","08","08","08"," )!)","12","12","12"]},"4378":{"keys":[161,158],"grid":[" "," "," "," "," "," "," ","!! 0","07","07","07","07","07","07","07","07"]},"4379":{"keys":[158,161],"grid":[" !!0","00"," #!/","02","02","02","02","02"," $!.","08","08","08"," %!-","12","12","12"]},"4469":{"keys":[158,161],"grid":[" "," "," "," "," "," "," "," "," "," "," "," "," ","!! 0","13","!# /"]},"4466":{"keys":[161,158],"grid":[" $!."," %!-"," &!,","02"," '!+","04"," (!*","06","06","06","06","06","06","06","06","06"]},"4467":{"keys":[161,158],"grid":[" (!*","00"," '!+","02"," &!,","04"," %!-","06"," $!."," #!/","09"," !!0","11","!","!","!"]},"4465":{"keys":[158,161],"grid":[" "," "," "," "," "," "," "," "," "," "," "," "," "," ","!! 0","!# /"]},"4376":{"keys":[158,161],"grid":[" !!0","00","00","00","00","00","00","00","00","!","!","!","!","!","!","!"]},"4374":{"keys":[158,161],"grid":[" ,!&","00"," +!'","02"," *!(","04"," )!)","06","06"," (!*","09"," '!+","11","11"," &!,","14"]},"4375":{"keys":[158,161],"grid":[" &!,","00"," %!-","02","02","02"," $!.","06","06"," #!/","09","09","09","09","09","09"]},"4428":{"keys":[161,158],"grid":[" %!-","00","00"," &!,","03","03"," '!+","06"," (!*","08"," )!)"," *!("," +!'"," ,!&"," -!%"," .!$"]},"4429":{"keys":[161,158],"grid":[" -!%"," (!*"," )!)"," *!(","03"," +!'"," ,!&","00","00"," .!$","09"," /!#","11","11"," 0!!","14"]},"4427":{"keys":[158,161],"grid":[" "," "," "," "," "," "," "," "," "," "," "," "," ","!# /","!$ .","!% -"]},"4456":{"keys":[161,158],"grid":[" "," "," 0!!","02"," /!#","04"," .!$","06"," -!%","08"," ,!&"," +!'"," *!(","12"," )!)","14"]}},"4878":{"4465":{"keys":[161,158],"grid":[" $!."," %!-"," &!,"," '!+","03"," (!*"," )!)"," *!("," ,!&"," -!%","09"," .!$"," 0!!"," "," "," "]},"4426":{"keys":[158,161],"grid":[" "," "," "," "," "," "," "," "," "," "," "," "," "," "," ","!# /"]},"4427":{"keys":[161,158],"grid":[" $!."," $!' !!'"," +!'","02","02"," ,!&","05"," -!%"," .!$","08","08"," /!#"," "," "," "," "]},"4459":{"keys":[158],"grid":[" "," "," "," "," "," "," "," "," "," "," "," "," "," "," "," "]},"4378":{"keys":[158],"grid":[" "," "," "," "," "," "," "," "," "," "," "," "," "," "," "," "]},"4457":{"keys":[161,158],"grid":[" "," "," "," "," "," "," "," "," "," "," "," "," /!#"," .!$","13"," -!%"]},"4468":{"keys":[161,158],"grid":[" 0!!","00","00","00","00","00","00","00","00","00"," "," "," "," "," "," "]},"4469":{"keys":[161],"grid":[" "," "," "," "," "," "," "," "," "," "," "," "," "," "," "," "]},"4467":{"keys":[161,158],"grid":[" "," "," "," "," "," "," "," "," "," "," "," "," "," "," "," 0!!"]},"4464":{"keys":[158,161],"grid":[" "," "," "," "," "," "," "," "," "," "," "," "," "," ","!! 0","!# /"]},"4458":{"keys":[161,158],"grid":[" +!'"," )!)"," '!+"," &!,","03"," %!-","05"," $!.","07","07","07","07"," #!/","12","12"," !!0"]},"4376":{"keys":[158],"grid":[" "," "," "," "," "," "," "," "," "," "," "," "," "," "," "," "]},"4377":{"keys":[158],"grid":[" "," "," "," "," "," "," "," "," "," "," "," "," "," "," "," "]}},"4978":{"4354":{"keys":[161],"grid":[" "," "," "," "," "," "," "," "," "," "," "," "," "," "," "," "]},"4353":{"keys":[157,161],"grid":[" "," "," "," "," "," 0!!"," .!$"," ,!&"," *!("," )!)"," (!*"," '!+"," &!,"," %!-"," #!/"," !!0"]}},"4979":{"4352":{"keys":[157,161],"grid":[" "," "," "," "," "," "," "," "," "," "," 0!!"," /!#","11"," -!%"," ,!&"," *!("]},"4353":{"keys":[157,161],"grid":[" )!)"," '!+"," %!-"," $!."," !!0","!","!","!","!","!","!","!","!","!","!","!"]}},"4974":{"4354":{"keys":[157,161],"grid":[" "," "," "," "," "," "," "," "," "," "," "," 0!!"," /!#"," .!$"," -!%"," ,!&"]},"4355":{"keys":[157,161],"grid":[" +!'"," *!("," )!)"," (!*"," '!+"," &!,"," %!-"," $!."," #!/"," !!0","!","!","!","!","!","!"]}},"4975":{"4354":{"keys":[157,161],"grid":[" "," "," "," "," .!$"," )!)"," (!*"," &!,"," $!."," #!/","!","!","!","!","!","!"]}},"4976":{"4354":{"keys":[157,161],"grid":[" "," "," "," +!'","!","!","!","!","!","!","!","!","!","!","!","!"]}},"4977":{"4354":{"keys":[157,161],"grid":[" "," 0!!"," .!$"," -!%","!% (!&","!","!","!","!","!","!","!","!","!","!","!"]}},"4970":{"4356":{"keys":[157,161],"grid":[" "," "," "," "," "," "," "," "," "," "," "," "," "," ","!& ,","!( *"]},"4357":{"keys":[161,157],"grid":[" )!)"," *!("," +!'"," ,!&","03"," .!$"," 0!!"," "," "," "," "," "," "," "," "," "]}},"4971":{"4357":{"keys":[157,161],"grid":[" "," "," "," "," "," 0!!"," /!#","!( '!$","!","!","!","!","!","!","!","!"]}},"4972":{"4356":{"keys":[157,161],"grid":[" "," "," "," "," "," "," .!$"," -!%"," ,!&"," +!'","09"," *!(","11"," )!)"," (!*"," '!+"]},"4357":{"keys":[157,161],"grid":[" &!,"," $!."," #!/"," !!0","!","!","!","!","!","!","!","!","!","!","!","!"]}},"4973":{"4355":{"keys":[157,161],"grid":[" "," "," "," "," "," "," "," "," "," "," "," "," 0!!"," /!#"," .!$"," ,!&"]},"4356":{"keys":[157,161],"grid":[" *!("," '!+"," %!-"," $!."," !!0","!","!","!","!","!","!","!","!","!","!","!"]}},"4899":{"4360":{"keys":[157,161],"grid":[" "," "," "," "," "," "," "," "," "," "," "," "," ","!","!","!"]},"4483":{"keys":[158,161],"grid":[" $!.","00","00","00"," #!/"," !!0","!","!","!","05","05","05","!","05","04","00"]},"4417":{"keys":[158,161],"grid":[" ,!&"," -!%"," .!$"," /!#"," 0!!"," "," "," "," "," "," "," "," "," "," "," "]},"4416":{"keys":[161,158],"grid":[" "," "," "," "," ","!! 0","!# /","!$ .","!% -","!& ,","!' +","10","!( *","!) )","!* (","!+ '"]},"4469":{"keys":[158,161],"grid":[" "," "," "," "," "," "," "," "," "," 0!!"," .!$"," -!%"," ,!&"," *!("," )!)","14"]},"4484":{"keys":[158,161],"grid":[" &!,"," '!+"," (!*","01","01","02"," )!)"," *!(","07"," +!'","07","07","06","02","01","01"]},"4485":{"keys":[158,161],"grid":[" '!+","00","00","00","00"," %!-"," $!.","06"," #!/","08","!","!","!","!","!","!"]},"4487":{"keys":[161,158],"grid":[" "," "," "," "," "," "," "," "," "," "," "," ","!$ .","12","12","12"]},"4481":{"keys":[161],"grid":[" "," "," "," "," "," "," "," "," "," "," "," "," "," "," "," "]},"4482":{"keys":[161,158],"grid":[" "," "," "," "," "," "," ","!# /","!! 0"," "," "," "," ","08","07","!$ ."]},"4490":{"keys":[158,161],"grid":[" $!."," %!$ #!("," *!(","02"," (!*","04","04","04"," )!)","08","08","04"," '!+"," &!,","13","13"]},"4471":{"keys":[158,161],"grid":[" $!."," %!-","01","01","01","00","00"," #!/","07","07","07","07"," !!0","12","!","!"]},"4470":{"keys":[158,161],"grid":[" )!)"," (!*","01","01","01"," %!-","05"," $!.","07","07"," #!/","10","10","10","07","07"]},"4473":{"keys":[158,161],"grid":[" %!-"," &!,","01","00","00"," $!.","05"," #!/","07"," !!0","!","!","!","!","!","!"]},"4472":{"keys":[161,158],"grid":[" "," "," "," "," "," "," "," "," "," "," "," "," "," "," ","!# /"]},"4488":{"keys":[158,161],"grid":[" $!."," %!-"," &!,"," '!+","03","03","02","02","02","02","01","00"," #!/","12","12","00"]},"4489":{"keys":[158,161],"grid":[" $!.","00","00","00"," #!/","04"," !!0","06","04","00","00"," %!-"," &!,","12","11","11"]},"4491":{"keys":[158,161],"grid":[" &!,"," '!+"," (!*","02","02","01","01","01","02"," )!)"," $!.","10","10","10"," !!0","!"]}},"4898":{"4360":{"keys":[157,161],"grid":[" "," "," "," "," "," "," "," "," "," "," "," "," "," $!.","!","!"]},"4416":{"keys":[158,161],"grid":[" .!$"," /!#"," 0!!","02"," "," "," "," "," "," "," "," "," "," "," "," "]},"4415":{"keys":[161,158],"grid":[" "," "," ","!! 0","!# /","!$ .","!% -","!& ,","!' +","!( *","09","!) )","!* (","!+ '","!, &","!- %"]},"4485":{"keys":[158,161],"grid":[" "," "," "," "," "," "," "," "," "," "," /!#"," .!$","11","10","10","10"]},"4486":{"keys":[158,161],"grid":[" -!%"," ,!&"," +!'"," ,!! $!!"," 0!!","04"," /!#"," .!$","07","00","01","01","02","02","02"," )!)"]},"4487":{"keys":[158,161],"grid":[" )!)"," *!("," +!'"," (!*","03","03","00"," ,!&","07","07","01","01"," .!$"," /!! !"," "," "]},"4480":{"keys":[161],"grid":[" "," "," "," "," "," "," "," "," "," "," "," "," "," "," "," "]},"4481":{"keys":[158,161],"grid":[" !!# #!,"," '!+","01","01"," (!*"," )!)","05"," *!("," ,!&","08","08"," 0!!"," "," "," "," "]},"4482":{"keys":[158,161],"grid":[" "," 0!!","01"," /!#","03","03","01"," "," ","01","01","01"," "," "," "," "]},"4483":{"keys":[158],"grid":[" "," "," "," "," "," "," "," "," "," "," "," "," "," "," "," "]},"4471":{"keys":[158,161],"grid":[" "," "," "," "," "," "," "," "," "," "," "," "," "," "," "," 0!!"]},"4491":{"keys":[158,161],"grid":[" "," "," "," "," "," "," "," "," "," "," "," "," "," ","!. $","!"]},"4473":{"keys":[158,161],"grid":[" "," "," "," "," "," "," "," "," "," "," "," 0!!"," /!#"," -!%"," ,!&","14"]},"4472":{"keys":[158,161],"grid":[" 0!!","00","00","00","00"," /!#","05"," .!$","07","07","05","05","00"," "," "," "]},"4475":{"keys":[158,161],"grid":[" )!)","00"," *!(","02","00","00","00"," (!*","07","07","07","07","07","07"," '!+","07"]},"4474":{"keys":[158,161],"grid":[" +!'","00"," *!("," )!)","03"," (!*","05","05","05","05","05","05","05"," '!+","05","05"]},"4476":{"keys":[158,161],"grid":[" (!*","00"," '!+","02"," &!,"," %!-"," $!."," #!/"," !!0","!","!","!","!","!","!","!"]}},"4893":{"4361":{"keys":[157,161],"grid":[" *!(","!","!","!","!","!","!","!","!","!","!","!","!","!","!","!"]},"4360":{"keys":[157],"grid":[" "," "," "," "," "," "," "," "," "," "," "," "," "," "," "," "]},"4484":{"keys":[158,161],"grid":[" "," "," "," ","!! 0","!$ .","!' +","!* (","!","!","!","!","!","!","!","!"]},"4490":{"keys":[161,158],"grid":[" 0!!"," "," "," "," "," "," "," "," "," "," "," "," "," "," "," "]},"4488":{"keys":[161,158],"grid":[" "," "," "," "," "," "," "," "," "," "," "," 0!!"," /!#"," .!$"," -!%"," ,!&"]},"4489":{"keys":[161,158],"grid":[" ,!&"," +!'","01","01","01","01","01","00","00","00"," -!%","10"," .!$","12"," /!#","14"]},"4409":{"keys":[161,158],"grid":[" ","!! 0","!# /","!$ .","!% -","!' +","!( *","!) )","!* (","!+ '","!, &","!. $","!/ #","!0 !","!","!"]}},"4892":{"4484":{"keys":[161,158],"grid":[" ,!&"," .!$"," /!#"," 0!!"," "," "," "," "," "," "," "," "," "," "," "," "]},"4408":{"keys":[161,158],"grid":[" "," "," ","!! 0","!# /","!$ .","!% -","!& ,","!' +","!( *","!* (","!+ '","!, &","!- %","!. $","!0 !"]},"4361":{"keys":[157,161],"grid":[" "," !!& $!(","!","!","!","!","!","!","!","!","!","!","!","!","!","!"]},"4409":{"keys":[158],"grid":[" "," "," "," "," "," "," "," "," "," "," "," "," "," "," "," "]},"4483":{"keys":[158,161],"grid":[" ","!! 0","01","01","01","!# /","!$ .","06","!% -","08","!& ,","!' +","11","!) )","!* (","!+ '"]}},"4891":{"4361":{"keys":[158,157,161],"grid":[" )!)","00","#","#","#","#","#","#","#","#","#","#","#","#","#","#"]},"4360":{"keys":[158,157],"grid":[" )!)"," *!(","01","01","00","00","01","01","01"," +!'","09","09","09","09","01","01"]},"4407":{"keys":[161,158],"grid":[" "," "," "," "," "," ","!! 0","!$ .","!% -","!& ,","!' +","!( *","!) )","!+ '","!, &","!- %"]},"4358":{"keys":[157,158],"grid":[" "," "," "," "," "," "," "," "," "," "," "," ","!! 0","!$ .","!% -","!& ,"]},"4359":{"keys":[158,157],"grid":[" &!,","00"," '!+"," (!*","03","03","03","03","03","03","03"," )!)","11","11","11","11"]},"4482":{"keys":[158,161],"grid":[" "," "," "," "," "," "," "," "," "," ","!% -","!, &","!. $","!/ #","!0 !","!"]},"4483":{"keys":[161],"grid":[" "," "," "," "," "," "," "," "," "," "," "," "," "," "," "," "]},"4408":{"keys":[158,161],"grid":[" .!$"," /!#"," 0!!"," "," "," "," "," "," "," "," "," "," "," "," "," "]}},"4890":{"4361":{"keys":[158,161],"grid":[" "," "," +!'","!","!","!","!","!","!","!","!","!","!","!","!","!"]},"4406":{"keys":[161,158],"grid":[" "," "," ","!! 0","!# /","!$ .","05","!% -","!& ,","!' +","!( *","!) )","!* (","!+ '","13","!, &"]},"4407":{"keys":[158,161],"grid":[" -!%"," .!$","01"," /!#"," 0!!"," "," "," "," "," "," "," "," "," "," "," "]},"4358":{"keys":[158,157],"grid":[" -!%"," .!$"," /!#"," 0!!","03","03","03","02","02","02","03"," "," "," "," "," "]},"4481":{"keys":[158,161],"grid":[" "," "," "," "," ","!! 0","!$ .","!& ,","!' +","!( *","!) )","!* (","11","11","11","!+ '"]},"4482":{"keys":[161,158],"grid":[" +!'","00","00","00","00"," ,!&","05"," -!%"," .!$"," "," "," "," "," "," "," "]},"4356":{"keys":[157,158],"grid":[" "," "," "," "," "," "," "," ","!! 0","!# /","!% -","!& ,","!( *","!) )","!+ '","!, &"]},"4357":{"keys":[158,157],"grid":[" -!%"," .!$","01","01","01","00","00","00"," ,!&","08","08","08","00","00","00","00"]}},"4897":{"4360":{"keys":[157,161],"grid":[" "," "," "," "," "," "," "," "," "," "," "," "," "," ","!","!"]},"4415":{"keys":[158,161],"grid":[" 0!!"," "," "," "," "," "," "," "," "," "," "," "," "," "," "," "]},"4414":{"keys":[158,161],"grid":[" !!0","00"," #!/"," $!."," %!-"," &!,"," '!+"," (!*"," )!)","08"," *!("," +!'"," ,!&"," -!%"," .!$"," /!#"]},"4413":{"keys":[161],"grid":[" "," "," "," "," "," "," "," "," "," "," "," "," "," "," "," "]},"4480":{"keys":[158,161],"grid":[" #!/"," $!.","01"," %!-"," %!& #!&"," %!% $!&"," &!# &!%"," -!%","07"," ,!&","09","07"," .!$","12"," /!#"," "]},"4491":{"keys":[158,161],"grid":[" "," "," "," "," "," "," "," "," "," "," "," "," ","!","!","!"]},"4477":{"keys":[158,161],"grid":[" %!-","00","00","!","!","!","!","!","!","!","!","!","!","!","!","!"]},"4476":{"keys":[158,161],"grid":[" "," "," "," "," "," "," "," "," "," .!$"," )!)"," '!+"," &!,"," %!-","13","13"]}},"4896":{"4360":{"keys":[157,161],"grid":[" "," "," "," "," "," "," "," "," "," "," "," "," "," ","!* %!$","!"]},"4413":{"keys":[158,161],"grid":[" '!+","00"," (!*"," )!)","03"," *!("," +!'","06"," ,!&"," -!%"," .!$","10"," /!#"," 0!!","13"," "]},"4412":{"keys":[161,158],"grid":[" "," "," "," "," "," "," "," "," ","!! 0","!# /","10","!$ .","!% -","13","!& ,"]},"4479":{"keys":[161,158],"grid":[" "," "," "," ","!! 0","!! #!$ +","!& ,","06","!% -","08","06","!* (","!+ '","!- %","!. $","!/ #"]},"4478":{"keys":[161],"grid":[" "," "," "," "," "," "," "," "," "," "," "," "," "," "," "," "]},"4480":{"keys":[158],"grid":[" "," "," "," "," "," "," "," "," "," "," "," "," "," "," "," "]},"4491":{"keys":[158,161],"grid":[" "," "," "," "," "," "," "," "," "," "," "," ","!# /","!","!","!"]},"4477":{"keys":[158,161],"grid":[" "," "," "," -!%"," ,!&"," *!("," )!)","06","06","06","06","06"," (!*"," &!,"," $!."," #!/"]}},"4895":{"4484":{"keys":[158,161],"grid":[" "," "," "," "," ","!( *","!) )","!* (","!+ '","!, &","09","!- %","11","11","11","11"]},"4360":{"keys":[157,161],"grid":[" "," "," "," "," "," "," "," "," "," "," "," "," "," "," 0!!","!"]},"4485":{"keys":[161,158],"grid":[" -!%","00","00","00","00"," ,!&","05","05","05","05","05"," +!'","11","11","11","11"]},"4412":{"keys":[158,161],"grid":[" ,!&"," -!%","01"," .!$"," /!#","04"," 0!!"," "," "," "," "," "," "," "," "," "]},"4411":{"keys":[161,158],"grid":[" ","!! 0","01","!# /","!$ .","!% -","05","!& ,","!' +","08","!( *","!) )","11","!* (","!+ '","14"]},"4479":{"keys":[158],"grid":[" "," "," "," "," "," "," "," "," "," "," "," "," "," "," "," "]},"4478":{"keys":[158,161],"grid":[" "," .!$"," -!%"," ,!&","02","01"," /!#","06","02","02","06","06","06"," 0!!"," "," "]},"4486":{"keys":[161,158],"grid":[" +!'","00","00","00","00","00","00"," ,!&","07","07","07","07"," -!%","12","12","12"]},"4487":{"keys":[161,158],"grid":[" -!%","00","00"," ,!&","03","03","03"," +!'","07"," *!("," )!)","10"," '!+","12"," %!-"," $!."]},"4491":{"keys":[158,161],"grid":[" "," "," "," "," "," "," "," "," "," "," "," ","!","!","!","!"]},"4488":{"keys":[161,158],"grid":[" !!0","!","!","!","!","!","!","!","!","!","!","!","!","!","!","!"]}},"4894":{"4409":{"keys":[161,158],"grid":[" "," "," "," "," "," "," "," "," "," "," "," "," "," "," ","!! 0"]},"4411":{"keys":[158],"grid":[" "," "," "," "," "," "," "," "," "," "," "," "," "," "," "," "]},"4410":{"keys":[158,161],"grid":[" #!/"," %!-"," &!,"," '!+"," (!*"," )!)"," *!("," +!'"," ,!&","08"," -!%"," .!$","11"," /!#"," 0!!","14"]},"4484":{"keys":[158,161],"grid":[" "," "," "," "," "," -!%"," (!*"," $!.","!","!","!","!","!","!","!","!"]},"4491":{"keys":[161,158],"grid":[" )!)","00"," (!*"," '!+","03"," &!,","05","05","05","05","03","03"," "," "," "," "]},"4490":{"keys":[158,161],"grid":[" "," ","!! 0","02","!# /","!$ .","!% -","!' +","!( *","!) )","!* (","10","10","10","10","10"]},"4488":{"keys":[161,158],"grid":[" "," "," /!#"," -!%"," +!'"," *!("," (!*"," &!,"," %!-"," #!/","!","!","!","!","!","!"]},"4360":{"keys":[157,161],"grid":[" "," "," "," "," "," "," "," "," "," "," "," "," "," "," "," /!#"]}},"4969":{"4356":{"keys":[157,161],"grid":[" "," "," "," "," "," "," ","!! 0","!# /","!$ .","!% -","!& ,","!( *","!+ '","!","!"]}},"4968":{"4355":{"keys":[157,161],"grid":[" "," "," "," "," "," "," ","!# /","!% -","!& ,","!' +","!( *","!) )","!* (","13","!+ '"]},"4356":{"keys":[161,157],"grid":[" ,!&"," -!%"," .!$","02"," /!#"," 0!!"," "," "," "," "," "," "," "," "," "," "]}},"4967":{"4354":{"keys":[157],"grid":[" "," "," "," "," "," "," "," "," "," "," "," "," "," "," "," "]},"4355":{"keys":[161,157],"grid":[" !!0","00","00","00"," #!/","04"," $!."," %!% )"," "," "," "," "," "," "," "," "]}},"4966":{"4354":{"keys":[157,161],"grid":[" "," "," "," "," "," "," ","!! 0","!) )","!- %","!. $","!0 !","11","!","!","!"]}},"4965":{"4354":{"keys":[157,161],"grid":[" "," "," "," ","!* (","!, &","!- %","!","!","!","!","!","!","!","!","!"]}},"4964":{"4354":{"keys":[157,161],"grid":[" "," "," "," ","!* (","!","!","!","!","!","!","!","!","!","!","!"]}},"4963":{"4354":{"keys":[161,157],"grid":[" *!("," ,!&"," .!$"," "," "," "," "," "," "," "," "," "," "," "," "," "]},"4353":{"keys":[157,161],"grid":[" "," "," "," "," "," "," "," "," "," "," "," "," "," "," !!% ,","!( *"]}},"4962":{"4354":{"keys":[157,161],"grid":[" -!%"," *!("," '!+","!","!","!","!","!","!","!","!","!","!","!","!","!"]},"4353":{"keys":[157,161],"grid":[" "," "," "," "," "," "," "," "," "," "," "," "," "," "," "," /!#"]}},"4961":{"4354":{"keys":[157,161],"grid":[" "," &!% ("," !!. #","!","!","!","!","!","!","!","!","!","!","!","!","!"]}},"4960":{"4354":{"keys":[157,161],"grid":[" "," "," "," 0!!"," .!$"," ,!&","!# )!'","!' !!*","!","!","!","!","!","!","!","!"]}},"4958":{"4354":{"keys":[157,161],"grid":[" "," "," "," "," "," "," "," "," "," "," "," /!#"," -!%"," ,!&"," *!("," )!)"]},"4355":{"keys":[157,161],"grid":[" '!+"," &!,"," %!-"," $!.","03","03"," #!/","06"," !!0","!","!","!","!","!","!","!"]}},"4959":{"4354":{"keys":[157,161],"grid":[" "," "," "," "," "," "," -!%"," '!+"," &!,"," #!/","!","!","!","!","!","!"]}},"4952":{"4363":{"keys":[161],"grid":[" "," "," "," "," "," "," "," "," "," "," "," "," "," "," "," "]},"4362":{"keys":[157,161],"grid":[" "," "," "," "," "," "," "," "," "," "," "," "," 0!!"," /!#"," -!%"," +!'"]}},"4953":{"4361":{"keys":[157,161],"grid":[" "," "," "," "," "," "," "," "," "," "," "," "," "," "," "," 0!!"]},"4362":{"keys":[157,161],"grid":[" /!#"," .!$"," -!%"," +!'"," *!("," )!)"," (!*"," '!+"," &!,"," $!."," #!/"," !!0","!","!","!","!"]}},"4950":{"4363":{"keys":[157,161],"grid":[" *!("," (!*"," &!,"," %!-"," #!/","!","!","!","!","!","!","!","!","!","!","!"]},"4362":{"keys":[157,161],"grid":[" "," "," "," "," "," "," "," "," "," "," "," "," "," "," "," ,!$ #"]}},"4951":{"4362":{"keys":[157,161],"grid":[" "," "," "," "," "," "," "," "," "," "," "," "," "," "," %!& ("," #!- #"]}},"4956":{"4361":{"keys":[157,161],"grid":[" !!0","!","!","!","!","!","!","!","!","!","!","!","!","!","!","!"]},"4357":{"keys":[157],"grid":[" "," "," "," "," "," "," "," "," "," "," "," "," "," "," "," "]},"4358":{"keys":[157,161],"grid":[" 0!!","00"," /!#"," .!$"," -!%","04"," ,!&","06","06"," +!'","09","09"," *!(","12","12","12"]},"4360":{"keys":[157,161],"grid":[" -!%","00"," ,!&","02"," +!'"," *!(","05"," )!)","07"," (!*"," '!+","10"," &!,"," %!-"," $!."," #!/"]},"4359":{"keys":[157,161],"grid":[" *!(","00"," +!'","02"," ,!&","04"," -!%","06","06","06","06","06","06","06","06","06"]}},"4957":{"4355":{"keys":[157,161],"grid":[" "," "," "," "," "," "," "," "," "," 0!!"," )!)","10","10","10","10","10"]},"4356":{"keys":[157,161],"grid":[" )!)","00","00","00","00","00","00","00"," *!(","08","08","00","00","00","00"," (!*"]},"4357":{"keys":[157,161],"grid":[" '!+","00"," &!,","02","02"," %!-","05","05"," $!.","08"," #!/","10","10"," !!0","13","!"]}},"4954":{"4361":{"keys":[157,161],"grid":[" "," "," "," "," "," "," "," 0!!"," .!$"," +!'"," )!)"," '!+"," $!."," !!0","!","!"]}},"4955":{"4361":{"keys":[157,161],"grid":[" "," 0!!"," .!$"," *!("," '!+"," %!-"," !!0","!","!","!","!","!","!","!","!","!"]}},"4945":{"4364":{"keys":[157,161],"grid":[" !!0","!","!","!","!","!","!","!","!","!","!","!","!","!","!","!"]},"4363":{"keys":[157,161],"grid":[" "," "," "," "," "," "," "," "," "," "," "," "," "," (!& %"," &!+ !"," $!."]}},"4944":{"4364":{"keys":[157,161],"grid":[" "," /!#"," -!%"," +!'","!","!","!","!","!","!","!","!","!","!","!","!"]}},"4947":{"4364":{"keys":[157,161],"grid":[" "," "," "," "," "," "," "," "," "," "," ","!% -","!) )","!- %","!","!"]}},"4946":{"4364":{"keys":[161,157],"grid":[" $!."," %!-"," &!,"," '!+"," (!*","04"," *!("," +!'"," ,!&"," .!$"," "," "," "," "," "," "]},"4363":{"keys":[157,161],"grid":[" "," "," "," "," "," "," "," "," "," "," "," "," "," "," ","!! 0"]}},"4941":{"4363":{"keys":[157,161],"grid":[" "," "," "," "," "," "," "," "," "," "," "," "," "," ","!- #!#","!"]}},"4940":{"4363":{"keys":[157,161],"grid":[" "," ","!! 0","!$ .","!& ,","!' +","!( *","!) )","!* (","!+ '","!, &","!- %","!. $","!0 !","!","!"]}},"4943":{"4364":{"keys":[161,157],"grid":[" #!/"," &!,"," *!("," .!$"," "," "," "," "," "," "," "," "," "," "," "," "]}},"4942":{"4364":{"keys":[161],"grid":[" "," "," "," "," "," "," "," "," "," "," "," "," "," "," "," "]},"4363":{"keys":[157,161],"grid":[" "," "," "," "," "," "," "," "," "," "," "," "," "," ","!( *","!/ #"]}},"4949":{"4364":{"keys":[157,161],"grid":[" $!."," #!/","01"," !!0","!","!","!","!","!","!","!","!","!","!","!","!"]},"4363":{"keys":[157,161],"grid":[" "," "," "," "," "," "," /!#"," .!$"," ,!&"," *!("," (!*"," '!+"," &!,"," %!-","13"," $!."]}},"4948":{"4364":{"keys":[157,161],"grid":[" "," "," "," "," "," "," 0!!"," /!#","07"," .!$"," -!%"," +!'"," *!("," (!*"," %!-","!"]}},"4930":{"4364":{"keys":[157,161],"grid":[" "," "," "," /!#"," .!$"," -!%"," ,!&"," +!'"," )!)"," '!+"," %!-","!","!","!","!","!"]}},"4931":{"4364":{"keys":[157,161],"grid":[" '!+"," %!-","!","!","!","!","!","!","!","!","!","!","!","!","!","!"]},"4363":{"keys":[157,161],"grid":[" "," "," "," "," "," "," "," "," "," 0!!"," /!#"," .!$"," -!%"," ,!&"," +!'"," )!)"]}},"4932":{"4363":{"keys":[157,161],"grid":[" (!*"," '!+"," &!,"," %!-","03"," $!."," #!/"," !!0","!","!","!","!","!","!","!","!"]},"4362":{"keys":[157,161],"grid":[" "," "," "," "," "," "," 0!!","06"," /!#"," -!%"," +!'"," *!(","11"," )!)","13"," (!*"]}},"4933":{"4361":{"keys":[157,161],"grid":[" "," "," "," "," "," /!#"," -!%"," ,!&"," +!'"," *!("," )!)","10"," (!*"," '!+"," &!,","14"]},"4362":{"keys":[157,161],"grid":[" %!-"," $!."," #!/","02"," !!0","!","!","!","!","!","!","!","!","!","!","!"]}},"4934":{"4361":{"keys":[157,161],"grid":[" "," "," "," "," ","!# /","!% -","06","!& ,","!- %","!0 !","!","!","!","!","!"]}},"4935":{"4361":{"keys":[157,161],"grid":[" "," "," "," "," "," "," "," "," "," "," ","!! 0","!# /","!$ .","!' '!%","!"]}},"4936":{"4361":{"keys":[157,161],"grid":[" "," "," "," "," "," "," "," "," "," "," "," "," "," ","!","!"]}},"4937":{"4361":{"keys":[157,161],"grid":[" "," "," "," "," "," "," "," "," "," "," "," "," "," '!+","!","!"]}},"4938":{"4361":{"keys":[157,161],"grid":[" "," (!# ("," &!' &"," &!( %"," %!* $"," $!, #"," $!- !"," $!.","07","07","07","07","07","!! !!/","!","!"]}},"4939":{"4361":{"keys":[157,161],"grid":[" "," "," "," "," "," "," "," "," ","!! 0","!# /","10","!$ .","12","!% -","!& ,"]},"4363":{"keys":[161],"grid":[" "," "," "," "," "," "," "," "," "," "," "," "," "," "," "," "]},"4362":{"keys":[161,157],"grid":[" &!,"," '!+"," (!*","02"," )!)"," *!("," +!'"," ,!&","07"," -!%"," .!$"," /!#","11","11","11"," 0!!"]}},"4923":{"4364":{"keys":[157,161],"grid":[" *!(","00"," )!)","!","!","!","!","!","!","!","!","!","!","!","!","!"]},"4363":{"keys":[157,161],"grid":[" "," "," "," "," "," "," "," "," "," "," "," .!$"," -!%","12"," ,!&"," +!'"]}},"4922":{"4364":{"keys":[157,161],"grid":[" "," "," "," $!.","!","!","!","!","!","!","!","!","!","!","!","!"]}},"4921":{"4364":{"keys":[157,161],"grid":[" "," "," "," "," "," )!)"," (!*"," '!+","!","!","!","!","!","!","!","!"]}},"4920":{"4364":{"keys":[157,161],"grid":[" "," "," "," "," (!% &"," !!, %","!. $","!0 !","!","!","!","!","!","!","!","!"]}},"4927":{"4365":{"keys":[161,157],"grid":[" +!'","00"," ,!&"," "," "," "," "," "," "," "," "," "," "," "," "," "]},"4364":{"keys":[157,161],"grid":[" "," "," "," "," "," "," "," "," "," "," "," ","!' +","!( *","!) )","!* ("]}},"4926":{"4364":{"keys":[161,157],"grid":[" +!'","00","00","00"," ,!&","04","04"," -!%","07"," .!$"," /!#"," 0!!"," "," "," "," "]},"4363":{"keys":[157,161],"grid":[" "," "," "," "," "," "," "," "," "," "," "," "," ","!( *","!* (","!+ '"]}},"4925":{"4363":{"keys":[157,161],"grid":[" "," "," "," "," "," "," "," "," "," "," "," "," "," %!-","!","!"]}},"4924":{"4363":{"keys":[157,161],"grid":[" "," "," "," "," "," "," "," "," "," "," ","!$ .","!& ,","!) )","!, #!$","!"]}},"4929":{"4364":{"keys":[157,161],"grid":[" "," "," "," "," "," "," "," "," "," ","!# /","!","!","!","!","!"]}},"4928":{"4365":{"keys":[157,161],"grid":[" $!."," !!0","!","!","!","!","!","!","!","!","!","!","!","!","!","!"]},"4364":{"keys":[157,161],"grid":[" "," "," "," "," "," "," "," "," "," "," /!#"," -!%"," *!("," (!*"," '!+"," %!-"]}},"4918":{"4361":{"keys":[161,157],"grid":[" %!-"," '!+"," ,!&"," -!%"," .!$","04"," /!#"," "," "," "," "," "," "," "," "," "]},"4360":{"keys":[157,161],"grid":[" "," "," "," "," "," "," "," "," "," "," ","!! 0","11","!# /","!$ .","14"]}},"4919":{"4364":{"keys":[161,157],"grid":[" )!)"," (!*","01"," '!+","03","03"," '!* !"," (!' $"," "," "," "," "," "," "," "," "]},"4361":{"keys":[157,161],"grid":[" "," "," "," "," "," "," "," ","!# /","08","!$ .","10","10","10","10","10"]},"4363":{"keys":[161,157],"grid":[" $!.","00"," #!/","02"," !!0","04","02","02","02","00"," %!-"," &!,"," '!+"," (!*"," )!)","14"]},"4362":{"keys":[161,157],"grid":[" $!."," %!-","01","00","00","00","00","01","01","01"," &!,","10","10","01","01","00"]}},"4916":{"4360":{"keys":[161,157],"grid":[" -!%"," .!$"," 0!!"," "," "," "," "," "," "," "," "," "," "," "," "," "]},"4359":{"keys":[157,161],"grid":[" "," "," "," "," "," "," "," "," "," ","!! 0","!$ .","!& ,","!( *","!) )","!+ '"]}},"4917":{"4360":{"keys":[157,161],"grid":[" "," "," ","!! 0","!# /","!% -","!& ,","!' +","!( *","!* (","!, &","!","!","!","!","!"]}},"4914":{"4357":{"keys":[157,161],"grid":[" "," "," "," "," "," "," "," "," "," "," "," "," ","!! 0","!# /","!$ ."]},"4358":{"keys":[161,157],"grid":[" %!-"," &!,","01","01","01","01","01","01","01","01","00","00"," $!.","12","12","12"]},"4359":{"keys":[161,157],"grid":[" $!."," %!-"," (!*"," *!("," -!%"," /!#"," "," "," "," "," "," "," "," "," "," "]}},"4915":{"4359":{"keys":[157,161],"grid":[" "," "," "," "," "," ","!! 0","!+ '","!. $","!0 !","!","!","!","!","!","!"]}},"4912":{"4452":{"keys":[158,161],"grid":[" #!/","00","00","00"," !!0","04","04","04","04","04","04","04","04","04","04","04"]},"4453":{"keys":[158,161],"grid":[" !!0","!","!","!","!","!","!","!","!","!","!","!","!","!","!","!"]},"4434":{"keys":[158,161],"grid":[" (!*","00","00","00","00","00","00","00","00","00","00","00","00","00","00","00"]},"4437":{"keys":[158,161],"grid":[" (!*","00","00","00"," )!)","04","04","04","04","04","04","04","04","04","04","04"]},"4440":{"keys":[158,161],"grid":[" "," "," "," "," "," "," "," "," "," "," "," "," "," 0!!","13","13"]},"4441":{"keys":[158,161],"grid":[" 0!!","00","00"," /!#","00","00","00","00"," "," "," "," "," "," ","00","00"]},"4442":{"keys":[158,161],"grid":[" 0!!","00"," )!)","!","!","!","!","!","!","!","!","!","!","!","!","!"]},"4450":{"keys":[161,158],"grid":[" "," "," "," "," "," "," "," "," "," "," ","!! 0","11","11","!# /","14"]},"4433":{"keys":[158,161],"grid":[" %!-"," &!,"," '!+","02","02","02","02","02","02","02","02","02","02","02","02","02"]},"4432":{"keys":[161,158],"grid":[" "," "," "," "," "," "," "," "," "," "," "," "," ","!! 0","!# /","!$ ."]},"4436":{"keys":[158,161],"grid":[" (!*","00","00","00","00","00","00","00","00","00","00","00","00","00","00","00"]},"4357":{"keys":[157,161],"grid":[" "," "," "," "," "," "," "," "," "," "," ","!0 !","!","!","!","!"]},"4451":{"keys":[158,161],"grid":[" #!/","00"," $!.","02","02","02","02","02","00","00","00","00","00","00","00","00"]},"4438":{"keys":[158,161],"grid":[" )!)","00","00","00","00","00","00","00","00"," *!("," "," "," "," "," "," "]},"4435":{"keys":[158,161],"grid":[" (!*","00","00","00","00","00","00","00","00","00","00","00","00","00","00","00"]}},"4913":{"4440":{"keys":[158,161],"grid":[" %!-","00","00","00","00","00","00"," $!."," #!/","08"," !!0","!","!","!","!","!"]},"4441":{"keys":[161],"grid":[" "," "," "," "," "," "," "," "," "," "," "," "," "," "," "," "]},"4357":{"keys":[157,161],"grid":[" "," "," "," "," "," "," "," "," "," "," "," '!( $","!0 !","!","!","!"]},"4439":{"keys":[158,161],"grid":[" %!-","00"," $!.","00","00","00","00","00","00","00","00","00","00"," &!,","13","13"]},"4438":{"keys":[161,158],"grid":[" "," "," "," "," "," "," "," "," "," ","!( *","10","!' +","!& ,","13","13"]}},"4910":{"4357":{"keys":[157,161],"grid":[" "," "," "," "," "," "," "," "," "," "," "," 0!!","11"," /!#","13"," .!$"]},"4358":{"keys":[157,161],"grid":[" -!%"," ,!&"," +!'","02"," *!("," )!)"," (!*"," &!,","07"," %!-"," $!.","10"," #!/","!","!","!"]},"4431":{"keys":[158,161],"grid":[" '!+"," (!*"," )!)"," *!(","03"," +!'"," ,!&"," -!%"," .!$"," /!#","09"," 0!!"," "," "," "," "]},"4430":{"keys":[161,158],"grid":[" "," "," "," "," "," "," "," "," ","!! 0","!# /","10","!$ .","!% -","!& ,","14"]},"4446":{"keys":[158,161],"grid":[" .!$","00","00","00"," /!#","04","04","04"," 0!!","08","08"," "," "," "," "," "]},"4466":{"keys":[158,161],"grid":[" )!)"," &!,"," %!-"," $!.","!","!","!","!","!","!","!","!","!","!","!","!"]},"4444":{"keys":[158,161],"grid":[" "," "," "," "," "," "," "," "," "," "," "," "," 0!!","12"," /!#","14"]},"4464":{"keys":[158,161],"grid":[" /!#","00","00","00"," 0!!","04","04","04","04","04","04"," "," "," "," "," "]},"4465":{"keys":[158,161],"grid":[" "," "," "," "," "," "," "," "," "," "," 0!!","10"," /!#"," -!%"," ,!&"," )!)"]},"4463":{"keys":[158,161],"grid":[" "," "," "," "," "," "," "," "," "," "," 0!!","10","10"," /!#","13","13"]},"4445":{"keys":[158,161],"grid":[" /!#"," .!$","01"," -!%","03","03"," ,!&","06","06","06","06","06","03","03","03","03"]}},"4911":{"4432":{"keys":[158,161],"grid":[" $!."," %!-"," '!+"," (!*"," )!)"," *!("," +!'"," ,!&"," -!%"," .!$"," /!#"," 0!!"," "," "," "," "]},"4453":{"keys":[158,161],"grid":[" "," "," "," "," "," "," "," "," "," "," "," "," 0!!","12","12","12"]},"4450":{"keys":[158,161],"grid":[" /!#","00","00"," 0!!","03","03","03"," "," "," "," "," "," "," "," "," "]},"4431":{"keys":[161,158],"grid":[" "," "," "," "," "," "," "," "," "," "," "," "," ","!! 0","!# /","14"]},"4456":{"keys":[158,161],"grid":[" .!$","00","00"," -!%","03","03","03","03","03","03","03","03","03","03","03"," ,!&"]},"4455":{"keys":[158,161],"grid":[" /!#","00","00","00","00","00"," .!$","06","06","06","06","06","06","06","06","06"]},"4454":{"keys":[158,161],"grid":[" 0!!","00","00","00","00","00","00","00","00"," /!#","09","09","09","09","09","09"]},"4459":{"keys":[158,161],"grid":[" *!(","00","00","00","00","00","00","00"," )!)","08","08","08","08","08","08","08"]},"4458":{"keys":[158,161],"grid":[" +!'","00","00","00","00","00","00","00","00","00","00"," *!(","11","11","11","11"]},"4357":{"keys":[157,161],"grid":[" "," "," "," "," "," #!( ("," !!+ &"," !!, %","07","!. $","!/ #","!","!","!","!","!"]},"4442":{"keys":[158,161],"grid":[" "," "," "," "," "," 0!!","05"," /!#","07","07"," .!$","10"," -!%","12","12"," ,!&"]},"4443":{"keys":[158,161],"grid":[" ,!&"," +!'","01","01"," *!(","04"," )!)","06","06"," (!*","09"," '!+","11"," &!,","13","13"]},"4444":{"keys":[158,161],"grid":[" %!-","00"," $!.","02","02"," #!/","05"," !!0","07","07","!","!","!","!","!","!"]},"4446":{"keys":[161,158],"grid":[" "," "," "," "," "," "," "," "," "," "," "," "," "," "," ","!! 0"]},"4447":{"keys":[158,161],"grid":[" !!0","00","00"," #!/","03","03"," $!.","06","06","06"," %!-","10","10","10"," &!,","14"]},"4448":{"keys":[158,161],"grid":[" &!,"," '!+","01","01","01"," (!*","05","05","05"," )!)","09","09","09"," *!(","13","13"]},"4449":{"keys":[158,161],"grid":[" *!("," +!'","01","01","01"," ,!&","05","05"," -!%","08","08","08"," .!$","12","12"," /!#"]},"4464":{"keys":[161],"grid":[" "," "," "," "," "," "," "," "," "," "," "," "," "," "," "," "]},"4465":{"keys":[158,161],"grid":[" !!0","00","00","!","00","00","00","00","00","00","!","!","!","!","!","!"]},"4462":{"keys":[158,161],"grid":[" &!,","00","00","00","00","00","00","00","00","00"," %!-","10","10","10","10","10"]},"4463":{"keys":[158,161],"grid":[" $!.","00","00"," #!/","03","03"," !!0","06","!","!","!","!","!","!","!","!"]},"4460":{"keys":[158,161],"grid":[" )!)","00","00","00","00"," (!*","05","05","05","05","05","05","05","05","05","05"]},"4461":{"keys":[158,161],"grid":[" '!+","00","00","00","00","00","00","00","00","00","00","00","00"," &!,","13","13"]},"4457":{"keys":[158,161],"grid":[" ,!&","00","00","00","00","00","00","00","00","00","00","00","00","00","00"," +!'"]}}}}