{"9":{"235":{"223":{"keys":[67,1,66],"grid":[" /!#"," "," "," "," "," "," "," "," "," 0!!","09","09","00"," /!!#!"," .!##!"," .!!##"]},"222":{"keys":[67,1,66],"grid":[" "," "," "," "," "," "," "," 0!!","07","07"," /!#"," /!!#!","11","11","11","11"]}},"236":{"214":{"keys":[68,"",67],"grid":["   !","  !!"," !!!","!!!#"]},"223":{"keys":[1,66,67],"grid":[" !!0"," %!-","## #!-","## !!.","03","#! #!.","#! !!/"," #!/","00","00","!","!","!","!","!","!"]},"222":{"keys":[67,1,66],"grid":[" !!!#/","00","00","!##/","03","03","!!#0","06","#","#","#","#","#","#","#","#"]},"221":{"keys":[67,1,66],"grid":[" *!&##"," )!##'"," '!$#("," '!!#*"," &!##*"," &!!#+","05"," %!##+"," %!!#,"," $!##,"," $!!#-","10"," #!##-"," #!!#.","13"," !!##."]},"220":{"keys":[67,1],"grid":[" "," "," "," "," "," "," "," "," "," "," "," "," "," "," 0!!"," -!%"]}},"237":{"219":{"keys":[67,66,""],"grid":[" "," "," "," "," "," "," "," "," "," "," "," "," -!%"," ,#!!%","13"," ,!&"]},"223":{"keys":[66,1,69],"grid":[" &!##*"," '!!#*","01","01","01","01","01","01","01","01","01","01"," '!##)"," (!!#)","13","13"]},"222":{"keys":[66,1,69],"grid":[" /!#"," .!##!"," ,!$##"," +!##%"," )!$#&"," (!##("," '!##)"," '!!#*"," &!##*"," &!!#+","09"," %!##+","11","09","09","09"]},"220":{"keys":[67,1,66],"grid":[" *!!#'","00"," )!!#("," (!##("," (!!#)","04","04"," '!!#*","07"," &!!#+","09"," %!!#,","11"," !!%#,","!%#-","#"]}},"238":{"217":{"keys":[67,"",1,69,66],"grid":[" "," "," "," "," "," "," "," "," -!%","08"," -!###"," -!##!$!"," )!'#!$!"," )!&%!#!$!","13","13"]},"218":{"keys":[67,"",66,1,69],"grid":[" )!&#!$!%!"," )!%##$!%!","01","01","01","01","01","01"," %!%#'$!%!","08","08","08","08","08","08","08"]},"219":{"keys":[67,"",66,1,69],"grid":[" %!%#'$!%!","00","00","00","!%#+$!%!","04","04","04","#/$!%!","08","08","08","08","08","08","08"]},"222":{"keys":[1,69],"grid":[" !!0","!","!","!","!","!","!","!","!","!","!","!","!","!","!","!"]},"221":{"keys":[66,1,69],"grid":[" /!!#!","00","00","00","00","00","00","00","00","00"," .!##!"," +!%##"," )!$#&"," '!$#("," !!'#*","!##/"]},"220":{"keys":[66,1,69],"grid":[" /!!#!","00","00","00","00","00","00","00","00","00","00","00","00","00","00","00"]}},"239":{"216":{"keys":[67,1,66],"grid":[" "," "," "," "," /!#"," .!##!","05","04"," 0!!","04","05"," -!###"," ,!##$"," ,!!#%"," +!##%"," +!!#&"]},"217":{"keys":[67,1,66,"",69],"grid":[" +!!#&"," *#("," )$!#(","02","$%#-","04","04","04","$'#+","08","!","%","%","%","%","%"]}}},"13":{"3773":{"3582":{"keys":[67,66],"grid":[" "," "," "," "," "," "," "," "," 0!!","08","08"," /!#","11"," .!$","13"," -!%"]},"3583":{"keys":[67,66],"grid":[" -!%"," ,!&","01","01"," +!'","04"," *!(","06"," )!)","08","08"," (!*","11"," '!+","13"," &!,"]}},"3826":{"3482":{"keys":["",66,69],"grid":[" "," "," "," "," "," "," "," ","!","!","!","!","!","!","!","#"]}},"3825":{"3482":{"keys":["",66,69],"grid":[" "," "," "," "," "," "," "," "," %!-","08","08","08","!","!","!","#"]}},"3824":{"3482":{"keys":["",66,69],"grid":[" "," "," "," "," "," "," "," "," "," "," "," "," *!(","!","!","#"]}},"3777":{"3557":{"keys":[67,66],"grid":[" #!/","00"," $!."," %!-","03","03"," &!,","06"," '!+","08","08","08"," )!)"," #!% #!)","!","!"]},"3556":{"keys":[66,67],"grid":[" "," "," "," "," "," "," "," "," "," "," "," "," "," ","!! 0","14"]},"3555":{"keys":[66],"grid":[" "," "," "," "," "," "," "," "," "," "," "," "," "," "," "," "]},"3554":{"keys":[67,66],"grid":[" '!+","00","00"," &!,","03","03","03","03"," %!-"," $!.","09"," #!/","11"," !!0","13","13"]},"3553":{"keys":[67,66],"grid":[" *!("," )!)","01"," (!*","03","03"," '!+","06"," &!,","08"," %!-","10","10","10","08","08"]},"3552":{"keys":[67,66],"grid":[" 0!!","00","00"," /!#","03","03"," .!$","06","06"," -!%","09"," ,!&","11"," +!'","13"," *!("]},"3551":{"keys":[67],"grid":[" "," "," "," "," "," "," "," "," "," "," "," "," "," "," "," "]},"3575":{"keys":[67,66],"grid":[" $!."," #!/","01","01"," !!0","04","!","!","!","!","!","!","!","!","!","!"]},"3574":{"keys":[67,66],"grid":[" +!'"," *!(","01","01"," )!)","04"," (!*","06"," '!+","08"," &!,","10","10"," %!-","13"," $!."]},"3569":{"keys":[66,67],"grid":[" "," ","!& ,","!- %","!","!","!","!","!","!","!","!","!","!","!","!"]},"3573":{"keys":[67,66],"grid":[" "," "," "," 0!!","03","03"," /!#","06"," .!$","08"," -!%","10","10"," ,!&","13"," +!'"]}},"3776":{"3557":{"keys":[67,66],"grid":[" "," "," "," "," "," "," "," "," "," "," "," "," "," "," -!%"," +!'"]},"3556":{"keys":[67,66],"grid":[" 0!!","00","00","00","00","00","00","00"," "," "," "," "," "," "," "," "]},"3555":{"keys":[67,66],"grid":[" "," "," "," "," 0!!","04","04"," /!#","07","07","04","04","04","04","04","04"]},"3569":{"keys":[67,66],"grid":[" (!*"," /!#"," "," "," "," "," "," "," "," "," "," "," "," "," "," "]},"3575":{"keys":[67,66],"grid":[" "," "," "," "," "," "," "," "," 0!!","08","08"," /!#","11"," .!$","13"," -!%"]},"3568":{"keys":[66],"grid":[" "," "," "," "," "," "," "," "," "," "," "," "," "," "," "," "]},"3576":{"keys":[67,66],"grid":[" -!%","00"," ,!&","02"," +!'","04"," *!(","06","06"," )!)","09"," (!*","11"," '!+","13","13"]},"3559":{"keys":[67,66],"grid":[" $!."," #!/"," !!0","02","!","!","!","!","!","!","!","!","!","!","!","!"]},"3558":{"keys":[67,66],"grid":[" *!("," )!)","01","01"," (!*","04","04"," '!+","07","07"," &!,","10","10"," %!-","13"," $!."]},"3577":{"keys":[67,66],"grid":[" &!,","00"," %!-","02"," $!.","04","04"," #!/","07"," !!0","09","!","!","!","!","!"]}},"3775":{"3562":{"keys":[67,66],"grid":[" #!/","00","00"," !!0","03","03","03","!","!","!","!","!","!","!","!","!"]},"3580":{"keys":[67,66],"grid":[" !!0","!","!","!","!","!","!","!","!","!","!","!","!","!","!","!"]},"3560":{"keys":[67,66],"grid":[" -!%"," ,!&","01","01","01"," +!'","05","05"," *!(","08","08","08"," )!)","12","12","12"]},"3561":{"keys":[67,66],"grid":[" (!*","00","00","00","00"," '!+","05","05"," &!,","08","08"," %!-","11"," $!.","13","13"]},"3579":{"keys":[67,66],"grid":[" (!*","00","00"," '!+","03"," &!,","05"," %!-","07","07"," $!.","10"," #!/","12"," !!0","14"]},"3578":{"keys":[67,66],"grid":[" /!#","00"," .!$","02","02"," -!%","05"," ,!&","07"," +!'","09","09"," *!(","12"," )!)","14"]},"3568":{"keys":[66,67],"grid":[" "," "," "," "," "," "," "," "," "," "," "," "," ","!! 0","!) )","!0 !"]},"3559":{"keys":[67,66],"grid":[" "," "," "," "," "," "," 0!!","06","06","06","06"," /!#","11"," .!$"," -!%","14"]},"3577":{"keys":[67,66],"grid":[" "," "," "," "," "," "," "," "," "," "," "," "," "," "," 0!!","14"]}},"3774":{"3562":{"keys":[67,66],"grid":[" "," "," "," "," "," "," "," "," "," "," 0!!","10","10"," /!#","13","13"]},"3563":{"keys":[67,66],"grid":[" .!$","00","00","00","00"," -!%","05","05","05","05","05","05","05","05","05"," ,!&"]},"3582":{"keys":[67,66],"grid":[" $!."," #!/","01","01"," !!0","04","!","!","!","!","!","!","!","!","!","!"]},"3566":{"keys":[67,66],"grid":[" .!$","00","00","00","00","00","00","00","00","00","00","00","00","00","00","00"]},"3567":{"keys":[67,66],"grid":[" .!$","00","00","00","00","00","00","00","00","00","00","00","00","00","00"," -!%"]},"3564":{"keys":[67,66],"grid":[" ,!&","00","00","00","00","00","00","00"," +!'","08","08","00","00","00","00","00"]},"3565":{"keys":[67,66],"grid":[" ,!&","00"," -!%","02","02","02","02","02","02","02"," .!$","10","10","10","10","10"]},"3568":{"keys":[67,66],"grid":[" -!%","00","00","00"," .!$","04","04","04","00","00","00"," ,!&","11"," "," "," "]},"3580":{"keys":[67,66],"grid":[" "," "," "," 0!!","03"," /!#","05","05"," .!$","08"," -!%","10"," ,!&","12","12"," +!'"]},"3581":{"keys":[67,66],"grid":[" +!'"," *!(","01"," )!)","03","03"," (!*","06"," '!+","08"," &!,","10","10"," %!-","13"," $!."]}},"3805":{"3554":{"keys":[66,69],"grid":[" #!/","!","!","!","!","!","!","!","!","!","!","!","!","!","!","!"]},"3553":{"keys":[66,69],"grid":[" "," "," "," "," "," "," "," 0!!"," /!#"," -!%"," ,!&"," *!("," )!)"," '!+"," &!,"," $!."]}},"3804":{"3554":{"keys":[66,69],"grid":[" "," "," 0!!"," /!#"," -!%"," ,!&"," *!("," )!)"," '!+"," &!,"," $!."," #!/","!","!","!","!"]}},"3779":{"3545":{"keys":[67],"grid":[" "," "," "," "," "," "," "," "," "," "," "," "," "," "," "," "]},"3546":{"keys":[67,66],"grid":[" 0!!","00"," /!#","02"," .!$"," -!%","05","05"," ,!&","08","08"," +!'","11","11","11"," *!("]},"3547":{"keys":[67,66],"grid":[" *!(","00"," )!)","02"," (!*","04"," '!+","06"," &!,","08","08"," %!-","11","11","11"," $!."]},"3569":{"keys":[66,67],"grid":[" "," "," "," "," "," ","!! 0","!) )","!* (","07","07","!( *","11","11","!' +","14"]},"3548":{"keys":[67,66],"grid":[" $!.","00","00"," #!/","03","03"," !!0","06","!","!","!","!","!","!","!","!"]},"3570":{"keys":[67,66],"grid":[" &!,","00"," %!-","02","02"," $!.","05"," #!/","07"," !!0","09","09","!","!","!","!"]}},"3778":{"3551":{"keys":[67,66],"grid":[" '!+"," &!,"," %!-"," $!.","03","03"," #!/","06","06"," !!0","09","09","09","09","!","!"]},"3550":{"keys":[67,66],"grid":[" *!(","00","00","00"," )!)","04","04","04","04","04","04","04","04"," (!*","13"," '!+"]},"3571":{"keys":[67,66],"grid":[" /!#","00","00"," .!$","03"," -!%","05"," ,!&","07","07"," +!'","10"," *!(","12"," )!)","14"]},"3569":{"keys":[66,67],"grid":[" "," "," "," ","!$ .","!+ '","!","!","!","!","!","!","!","!","!","!"]},"3548":{"keys":[67,66],"grid":[" "," "," "," "," "," "," "," "," "," "," "," "," 0!!","12","12","12"]},"3570":{"keys":[67,66],"grid":[" "," "," "," "," "," "," "," "," "," "," "," "," "," "," 0!!","14"]},"3573":{"keys":[67,66],"grid":[" !!0","!","!","!","!","!","!","!","!","!","!","!","!","!","!","!"]},"3572":{"keys":[67,66],"grid":[" )!)"," (!*","01"," '!+","03"," &!,","05","05"," %!-","08"," $!.","10"," #!/","12","12"," !!0"]},"3549":{"keys":[67,66],"grid":[" 0!!","00"," /!#","02"," .!$","04","04","04"," -!%","08","08","08"," ,!&","12"," +!'"," *!("]}},"3801":{"3556":{"keys":[66,69],"grid":[" "," "," "," /!#"," .!$"," -!%"," +!'"," *!("," (!*"," '!+"," %!-"," $!."," !!0","!","!","!"]},"3520":{"keys":[67,"",66],"grid":["   !","00","  !!","  !#"]},"3521":{"keys":[67,"",66],"grid":[" !!#"," !##"," ###","#"]}},"3800":{"3557":{"keys":[66,69],"grid":[" ,!&"," +!'"," )!)"," (!*"," &!,"," %!-"," $!."," #!/"," !!0","!","!","!","!","!","!","!"]},"3556":{"keys":[66,69],"grid":[" "," "," "," "," "," "," "," "," "," "," "," "," "," "," /!#"," .!$"]},"3522":{"keys":[67,"",66],"grid":[" .!$","00"," .!!##"," -!!#$"," ,#&","04"," +#'"," *#("," )#)"," (#*"," '#+"," &#,"," %#-"," $#."," ##/"," !#0"]},"3523":{"keys":[66],"grid":[" "," "," "," "," "," "," "," "," "," "," "," "," "," "," "," "]}},"3803":{"3555":{"keys":[66,69],"grid":[" +!'"," *!("," )!)"," '!+"," &!,"," $!."," #!/","!","!","!","!","!","!","!","!","!"]},"3554":{"keys":[66,69],"grid":[" "," "," "," "," "," "," "," "," "," "," "," "," "," 0!!"," .!$"," -!%"]}},"3802":{"3556":{"keys":[66,69],"grid":[" $!."," !!0","!","!","!","!","!","!","!","!","!","!","!","!","!","!"]},"3555":{"keys":[66,69],"grid":[" "," "," "," "," "," "," "," "," 0!!"," .!$"," -!%"," +!'"," *!("," (!*"," '!+"," %!-"]}},"3815":{"3549":{"keys":[66,69],"grid":[" "," "," "," "," "," "," 0!!"," .!$"," ,!&"," *!("," (!*"," &!,"," %!-"," #!/","!","!"]}},"3837":{"3467":{"keys":[67,66],"grid":[" &!,"," %!-"," #!/"," !!0","!","!","!","!","!","!","!","!","!","!","!","!"]},"3466":{"keys":[67,66],"grid":[" "," "," "," "," "," "," 0!!"," /!#"," .!$"," -!%"," ,!&"," +!'"," *!("," )!)"," (!*"," '!+"]},"3482":{"keys":[66,69],"grid":[" "," "," "," "," "," "," "," "," "," "," "," "," "," "," ","!"]},"3462":{"keys":[67,66],"grid":[" +!'","00","00"," ,!&","03"," -!%"," .!$","06"," /!#"," 0!!"," "," "," "," "," "," "]},"3461":{"keys":[67,66],"grid":[" "," 0!!"," /!#","02"," .!$","04"," -!%","06"," ,!&"," +!'","09","09"," *!(","12","12","12"]}},"3806":{"3553":{"keys":[66,69],"grid":[" +!'"," )!)"," (!*"," &!,"," %!-"," #!/"," !!0","!","!","!","!","!","!","!","!","!"]},"3552":{"keys":[66,69],"grid":[" "," "," "," "," "," "," "," "," "," "," "," "," 0!!"," /!#"," .!$"," ,!&"]}},"3809":{"3551":{"keys":[66,69],"grid":[" *!("," (!*"," '!+"," %!-"," $!."," #!/","!","!","!","!","!","!","!","!","!","!"]},"3550":{"keys":[66,69],"grid":[" "," "," "," "," "," "," "," "," "," "," "," "," /!#"," .!$"," -!%"," +!'"]}},"3808":{"3552":{"keys":[66,69],"grid":[" !!0","!","!","!","!","!","!","!","!","!","!","!","!","!","!","!"]},"3551":{"keys":[66,69],"grid":[" "," "," "," "," "," "," "," 0!!"," .!$"," -!%"," +!'"," )!)"," (!*"," &!,"," %!-"," #!/"]}},"3823":{"3482":{"keys":["",66,69],"grid":[" "," "," "," "," "," "," "," "," "," "," "," "," "," -!%","!","#"]}},"3799":{"3580":{"keys":[69,66],"grid":[" "," "," "," "," "," "," "," "," "," "," "," ","!! 0","12","12","12"]},"3581":{"keys":[66,69],"grid":[" !!0","00","00","00","00","00","00","00","00","00","00","00","00"," #!/","13","13"]},"3582":{"keys":[66,69],"grid":[" #!/","00","00","00","00","00","00","00","00","00","00"," $!.","11","11","11","11"]},"3583":{"keys":[66,69],"grid":[" $!.","00","00","00","00","00","00","00","00","00","00"," %!-","11","11","11","11"]},"3557":{"keys":[66,69],"grid":[" "," "," "," "," "," "," "," "," "," "," "," 0!!"," /!#"," .!$","13"," -!%"]},"3558":{"keys":[66,69],"grid":[" ,!&"," +!'","01"," *!("," )!)"," (!*","05"," '!+"," &!,"," %!-","09"," $!."," #!/"," !!0","13","!"]},"3526":{"keys":[67,"",66],"grid":[" !##","!###","01","#"]},"3524":{"keys":[67,66],"grid":[" #!/","00","00","00","00","00"," $!.","06","06","06","06","06","06","06"," %!-","14"]},"3525":{"keys":[67,66,""],"grid":[" &!,","00"," '!+","02","02","02"," '#!!*","06","06"," &#$!)","09"," %#%!)","11","11","11","11"]},"3523":{"keys":[67,66],"grid":[" "," 0!!"," /!#"," .!$"," -!%"," ,!&"," +!'","06"," *!("," )!)"," (!*"," '!+"," &!,"," %!-"," $!."," #!/"]}},"3798":{"3580":{"keys":[66],"grid":[" "," "," "," "," "," "," "," "," "," "," "," "," "," "," "," "]},"3560":{"keys":[66,69],"grid":[" $!.","00"," #!/"," !!0","!","!","!","!","!","!","!","!","!","!","!","!"]},"3569":{"keys":[66,69],"grid":[" $!.","00","00","00"," %!-","04","04","04"," &!,","08","08","08","08","08"," '!+","14"]},"3579":{"keys":[66,69],"grid":[" 0!!","00","00","00","00","00","00","00","00","00","00"," "," "," "," "," "]},"3578":{"keys":[66,69],"grid":[" /!#","00","00","00","00","00","00","00","00","00"," 0!!","10","10","10","10","10"]},"3575":{"keys":[66,69],"grid":[" ,!&","00","00","00","00","00","00","00","00"," -!%","09","09","09","09","09","09"]},"3574":{"keys":[66,69],"grid":[" +!'","00","00","00","00","00","00","00","00"," ,!&","09","09","09","09","09","09"]},"3568":{"keys":[69,66],"grid":[" "," "," "," "," "," "," "," "," ","!! 0","09","09","09","!# /","13","13"]},"3576":{"keys":[66,69],"grid":[" -!%","00","00","00","00","00","00","00","00","00","00"," .!$","11","11","11","11"]},"3571":{"keys":[66,69],"grid":[" (!*","00","00","00","00","00","00"," )!)","07","07","07","07","07","07","07","07"]},"3570":{"keys":[66,69],"grid":[" '!+","00","00","00","00","00","00","00"," (!*","08","08","08","08","08","08","08"]},"3559":{"keys":[66,69],"grid":[" 0!!"," /!#","01"," .!$"," -!%"," ,!&","05"," +!'"," *!(","08"," )!)"," (!*"," '!+","12"," &!,"," %!-"]},"3558":{"keys":[66],"grid":[" "," "," "," "," "," "," "," "," "," "," "," "," "," "," "," "]},"3527":{"keys":[67,"",66],"grid":["   !","   #","  !#","  ##"]},"3573":{"keys":[66,69],"grid":[" *!(","00","00","00","00","00","00","00","00"," +!'","09","09","09","09","09","09"]},"3572":{"keys":[66,69],"grid":[" )!)","00","00","00","00","00","00","00"," *!(","08","08","08","08","08","08","08"]},"3577":{"keys":[66,69],"grid":[" .!$","00","00","00","00","00","00","00","00","00","00","00"," /!#","12","12","12"]},"3528":{"keys":[67,66],"grid":["  !!"," !!!","01","!"]}},"3795":{"3533":{"keys":[67,"",66],"grid":[" "," "," "," "," "," "," "," "," 0!!","08"," /##"," .#$"," ,#&"," (#*"," %#-","14"]},"3534":{"keys":[67,66],"grid":[" #!/","!","!","!","!","!","!","!","!","!","!","!","!","!","!","!"]}},"3794":{"3533":{"keys":[67],"grid":[" "," "," "," "," "," "," "," "," "," "," "," "," "," "," "," "]},"3534":{"keys":[66,67],"grid":[" ,!&"," "," "," "," "," "," "," "," "," "," "," "," "," "," "," "]}},"3797":{"3562":{"keys":[66,69],"grid":[" '!+"," &!,","01","01"," %!-","04","04"," $!.","07","07","07"," #!/","11","11"," !!0","14"]},"3563":{"keys":[66,69],"grid":[" !!0","!","!","!","!","!","!","!","!","!","!","!","!","!","!","!"]},"3560":{"keys":[66,69],"grid":[" "," "," "," "," "," "," 0!!"," /!#"," .!$","08"," -!%","10","10"," ,!&","13","13"]},"3561":{"keys":[66,69],"grid":[" +!'","00","00","00"," *!(","04","04"," )!)","07","07"," (!*","10","10"," '!+","13","13"]},"3566":{"keys":[66,69],"grid":[" &!,"," '!+","01","01","01"," (!*","05","05"," )!)","08","08","08"," *!(","12","12","12"]},"3567":{"keys":[66,69],"grid":[" +!'","00","00"," ,!&","03","03","03"," -!%","07","07"," .!$","10","10","10"," /!#","14"]},"3564":{"keys":[69,66],"grid":[" "," "," "," "," "," "," "," "," "," "," "," "," "," "," ","!! 0"]},"3565":{"keys":[66,69],"grid":[" !!0","00"," #!/","02","02","02"," $!.","06","06","06"," %!-","10","10"," &!,","13","13"]},"3568":{"keys":[66,69],"grid":[" /!#","00"," 0!!","02","02"," "," "," "," "," "," "," "," "," "," "," "]},"3530":{"keys":[67,66],"grid":["  !!","00"," !!!","02"]},"3529":{"keys":[67,"",66],"grid":[" ","   !","   #","02"]}},"3796":{"3531":{"keys":[67,66],"grid":[" "," "," ","   !"]},"3563":{"keys":[66,69],"grid":[" "," "," "," "," 0!!","04","04","04"," /!#","08","08"," .!$","11","11"," -!%","14"]},"3533":{"keys":[67,66,""],"grid":[" %!-","00","00","00"," !#$!-","#$!.","05","##!/","!","!","!","!","!","!","!","!"]},"3532":{"keys":[67,66],"grid":["   !","  !!","01"," !!!"]},"3564":{"keys":[66,69],"grid":[" .!$","00","00","00"," /!#","04","04"," 0!!","07","07","07"," "," "," "," "," "]}},"3791":{"3535":{"keys":[67,66],"grid":[" $!."," #!/","01","01"," !!0","04","04","!","!","!","!","!","!","!","!","!"]},"3534":{"keys":[67,66],"grid":[" "," "," "," "," "," "," "," "," "," "," "," 0!!"," /!#"," .!$"," -!%"," )!)"]}},"3790":{"3535":{"keys":[67,66],"grid":[" "," "," "," "," "," "," "," "," 0!!"," /!#"," +!! #!$"," (!*"," %!-"," #!/"," !!0","!"]}},"3793":{"3533":{"keys":[67],"grid":[" "," "," "," "," "," "," "," "," "," "," "," "," "," "," "," "]},"3534":{"keys":[67,66],"grid":[" ,!&"," (!*"," %!-"," $!."," #!/"," !!0","!","!","!","!","!","!","!","!","!","!"]}},"3792":{"3534":{"keys":[67,66],"grid":[" "," "," "," "," "," "," "," 0!!"," -!%"," &!,"," !!0","!","!","!","!","!"]}},"3816":{"3548":{"keys":[66,69],"grid":[" "," "," "," "," "," "," "," "," "," "," "," "," "," "," 0!!"," .!$"]},"3549":{"keys":[66,69],"grid":[" ,!&"," *!("," (!*"," &!,"," $!."," !!0","!","!","!","!","!","!","!","!","!","!"]}},"3822":{"3498":{"keys":[66,69],"grid":[" 0!!","00","00","00","00","00","00","00","00","00","00","00","00","00","00","00"]},"3499":{"keys":[66,69],"grid":[" 0!!","00","00","00","00","00","00","00","00","00","00","00","00","00","00","00"]},"3496":{"keys":[66,69],"grid":[" 0!!","00","00","00","00","00","00","00","00","00","00","00","00","00","00","00"]},"3497":{"keys":[66,69],"grid":[" 0!!","00","00","00","00","00","00","00","00","00","00","00","00","00","00","00"]},"3494":{"keys":[66,69],"grid":[" 0!!","00","00","00","00","00","00","00","00","00","00","00","00","00","00","00"]},"3495":{"keys":[66,69],"grid":[" 0!!","00","00","00","00","00","00","00","00","00","00","00","00","00","00","00"]},"3492":{"keys":[66,69],"grid":[" 0!!","00","00","00","00","00","00","00","00","00","00","00","00","00","00","00"]},"3493":{"keys":[66,69],"grid":[" 0!!","00","00","00","00","00","00","00","00","00","00","00","00","00","00","00"]},"3490":{"keys":[66,69],"grid":[" 0!!","00","00","00","00","00","00","00","00","00","00","00","00","00","00","00"]},"3491":{"keys":[66,69],"grid":[" 0!!","00","00","00","00","00","00","00","00","00","00","00","00","00","00","00"]},"3531":{"keys":[66,69],"grid":[" 0!!","00","00","00","00","00","00","00","00","00","00","00","00","00","00","00"]},"3530":{"keys":[66,69],"grid":[" 0!!","00","00","00","00","00","00","00","00","00","00","00","00","00","00","00"]},"3533":{"keys":[66,69],"grid":[" 0!!","00","00","00","00","00","00","00","00","00","00","00","00","00","00","00"]},"3532":{"keys":[66,69],"grid":[" 0!!","00","00","00","00","00","00","00","00","00","00","00","00","00","00","00"]},"3535":{"keys":[66,69],"grid":[" 0!!","00","00","00","00","00","00","00","00","00","00","00","00","00","00","00"]},"3534":{"keys":[66,69],"grid":[" 0!!","00","00","00","00","00","00","00","00","00","00","00","00","00","00","00"]},"3537":{"keys":[66,69],"grid":[" 0!!","00","00","00","00","00","00","00","00","00","00","00","00","00","00","00"]},"3536":{"keys":[66,69],"grid":[" 0!!","00","00","00","00","00","00","00","00","00","00","00","00","00","00","00"]},"3539":{"keys":[66,69],"grid":[" 0!!","00","00","00","00","00","00","00","00","00","00","00","00","00","00","00"]},"3538":{"keys":[66,69],"grid":[" 0!!","00","00","00","00","00","00","00","00","00","00","00","00","00","00","00"]},"3519":{"keys":[66,69],"grid":[" 0!!","00","00","00","00","00","00","00","00","00","00","00","00","00","00","00"]},"3518":{"keys":[66,69],"grid":[" 0!!","00","00","00","00","00","00","00","00","00","00","00","00","00","00","00"]},"3513":{"keys":[66,69],"grid":[" 0!!","00","00","00","00","00","00","00","00","00","00","00","00","00","00","00"]},"3512":{"keys":[66,69],"grid":[" 0!!","00","00","00","00","00","00","00","00","00","00","00","00","00","00","00"]},"3511":{"keys":[66,69],"grid":[" 0!!","00","00","00","00","00","00","00","00","00","00","00","00","00","00","00"]},"3510":{"keys":[66,69],"grid":[" 0!!","00","00","00","00","00","00","00","00","00","00","00","00","00","00","00"]},"3517":{"keys":[66,69],"grid":[" 0!!","00","00","00","00","00","00","00","00","00","00","00","00","00","00","00"]},"3516":{"keys":[66,69],"grid":[" 0!!","00","00","00","00","00","00","00","00","00","00","00","00","00","00","00"]},"3515":{"keys":[66,69],"grid":[" 0!!","00","00","00","00","00","00","00","00","00","00","00","00","00","00","00"]},"3514":{"keys":[66,69],"grid":[" 0!!","00","00","00","00","00","00","00","00","00","00","00","00","00","00","00"]},"3489":{"keys":[66,69],"grid":[" 0!!","00","00","00","00","00","00","00","00","00","00","00","00","00","00","00"]},"3488":{"keys":[66,69],"grid":[" 0!!","00","00","00","00","00","00","00","00","00","00","00","00","00","00","00"]},"3509":{"keys":[66,69],"grid":[" 0!!","00","00","00","00","00","00","00","00","00","00","00","00","00","00","00"]},"3483":{"keys":["",66,69],"grid":[" /!!#!","00"," .!##!","02","02"," -!$#!","05","05"," )!(#!","08","08","08","08","08","08","08"]},"3482":{"keys":["",66,69],"grid":[" "," "," "," "," "," "," "," "," "," "," "," "," "," "," /!#"," /!!#!"]},"3485":{"keys":[66,69],"grid":[" 0!!","00","00","00","00","00","00","00","00","00","00","00","00","00","00","00"]},"3484":{"keys":["",66,69],"grid":[" %!,#!","00","00","00","00","00","00","00","00","00","00","00","!0#!","12","12","12"]},"3487":{"keys":[66,69],"grid":[" 0!!","00","00","00","00","00","00","00","00","00","00","00","00","00","00","00"]},"3486":{"keys":[66,69],"grid":[" 0!!","00","00","00","00","00","00","00","00","00","00","00","00","00","00","00"]},"3526":{"keys":[66,69],"grid":[" 0!!","00","00","00","00","00","00","00","00","00","00","00","00","00","00","00"]},"3527":{"keys":[66,69],"grid":[" 0!!","00","00","00","00","00","00","00","00","00","00","00","00","00","00","00"]},"3524":{"keys":[66,69],"grid":[" 0!!","00","00","00","00","00","00","00","00","00","00","00","00","00","00","00"]},"3525":{"keys":[66,69],"grid":[" 0!!","00","00","00","00","00","00","00","00","00","00","00","00","00","00","00"]},"3522":{"keys":[66,69],"grid":[" 0!!","00","00","00","00","00","00","00","00","00","00","00","00","00","00","00"]},"3523":{"keys":[66,69],"grid":[" 0!!","00","00","00","00","00","00","00","00","00","00","00","00","00","00","00"]},"3520":{"keys":[66,69],"grid":[" 0!!","00","00","00","00","00","00","00","00","00","00","00","00","00","00","00"]},"3521":{"keys":[66,69],"grid":[" 0!!","00","00","00","00","00","00","00","00","00","00","00","00","00","00","00"]},"3528":{"keys":[66,69],"grid":[" 0!!","00","00","00","00","00","00","00","00","00","00","00","00","00","00","00"]},"3529":{"keys":[66,69],"grid":[" 0!!","00","00","00","00","00","00","00","00","00","00","00","00","00","00","00"]},"3508":{"keys":[66,69],"grid":[" 0!!","00","00","00","00","00","00","00","00","00","00","00","00","00","00","00"]},"3545":{"keys":[66,69],"grid":[" 0!!","00","00","00","00","00","00","00","00","00","00","00","00","00","00","00"]},"3546":{"keys":[66,69],"grid":[" 0!!","00","00","00","00","00","00","00","00","00","00","00"," ,!&"," (!*"," %!-","!"]},"3540":{"keys":[66,69],"grid":[" 0!!","00","00","00","00","00","00","00","00","00","00","00","00","00","00","00"]},"3541":{"keys":[66,69],"grid":[" 0!!","00","00","00","00","00","00","00","00","00","00","00","00","00","00","00"]},"3542":{"keys":[66,69],"grid":[" 0!!","00","00","00","00","00","00","00","00","00","00","00","00","00","00","00"]},"3543":{"keys":[66,69],"grid":[" 0!!","00","00","00","00","00","00","00","00","00","00","00","00","00","00","00"]},"3500":{"keys":[66,69],"grid":[" 0!!","00","00","00","00","00","00","00","00","00","00","00","00","00","00","00"]},"3501":{"keys":[66,69],"grid":[" 0!!","00","00","00","00","00","00","00","00","00","00","00","00","00","00","00"]},"3502":{"keys":[66,69],"grid":[" 0!!","00","00","00","00","00","00","00","00","00","00","00","00","00","00","00"]},"3503":{"keys":[66,69],"grid":[" 0!!","00","00","00","00","00","00","00","00","00","00","00","00","00","00","00"]},"3504":{"keys":[66,69],"grid":[" 0!!","00","00","00","00","00","00","00","00","00","00","00","00","00","00","00"]},"3505":{"keys":[66,69],"grid":[" 0!!","00","00","00","00","00","00","00","00","00","00","00","00","00","00","00"]},"3506":{"keys":[66,69],"grid":[" 0!!","00","00","00","00","00","00","00","00","00","00","00","00","00","00","00"]},"3507":{"keys":[66,69],"grid":[" 0!!","00","00","00","00","00","00","00","00","00","00","00","00","00","00","00"]},"3544":{"keys":[66,69],"grid":[" 0!!","00","00","00","00","00","00","00","00","00","00","00","00","00","00","00"]}},"3812":{"3550":{"keys":[66,69],"grid":[" "," "," "," "," "," /!#"," '!+","!","!","!","!","!","!","!","!","!"]}},"3807":{"3552":{"keys":[66,69],"grid":[" "," 0!!"," /!#"," .!$"," ,!&"," +!'"," )!)"," (!*"," &!,"," %!-"," #!/"," !!0","!","!","!","!"]}},"3834":{"3482":{"keys":[66,69],"grid":[" "," "," "," "," "," "," "," "," "," "," "," "," "," "," ","!"]},"3470":{"keys":[67,66],"grid":[" "," "," "," "," "," "," "," "," "," "," "," "," "," "," 0!!","14"]},"3471":{"keys":[67,66],"grid":[" /!#","00"," .!$","02"," -!%","04"," ,!&","06"," +!'","08","08","08","08","08","08","06"]},"3472":{"keys":[67,66,""],"grid":[" ,!&","00","00","00","00","00"," )#$!&"," )##!'"," %!-","08","08","08","!","!","!","!"]}},"3835":{"3482":{"keys":[66,69],"grid":[" "," "," "," "," "," "," "," "," "," "," "," "," "," "," ","!"]},"3470":{"keys":[67,66],"grid":[" (!*"," '!+","01"," &!,","03"," %!-","05"," $!.","07"," #!/"," !!0","10","!","!","!","!"]},"3469":{"keys":[67,66],"grid":[" 0!!","00"," /!#","02"," .!$","04"," -!%","06"," ,!&","08"," +!'","10"," *!("," )!)","13"," (!*"]},"3468":{"keys":[67],"grid":[" "," "," "," "," "," "," "," "," "," "," "," "," "," "," "," "]}},"3810":{"3550":{"keys":[66,69],"grid":[" "," "," "," "," "," "," "," "," "," "," +!'"," %!-","!","!","!","!"]}},"3811":{"3550":{"keys":[66,69],"grid":[" "," "," "," "," "," "," "," 0!!"," )!)"," !!0","!","!","!","!","!","!"]}},"3830":{"3482":{"keys":[66,69],"grid":[" "," "," "," "," "," "," "," "," "," "," "," "," "," "," ","!"]}},"3831":{"3482":{"keys":[66,69],"grid":[" "," "," "," "," "," "," "," "," "," "," "," "," "," "," ","!"]}},"3814":{"3549":{"keys":[66,69],"grid":[" "," "," "," "," "," "," "," "," "," "," "," "," "," "," "," /!#"]},"3550":{"keys":[66,69],"grid":[" -!%"," *!("," #!/","!","!","!","!","!","!","!","!","!","!","!","!","!"]}},"3833":{"3482":{"keys":[66,69],"grid":[" "," "," "," "," "," "," "," "," "," "," "," "," "," "," ","!"]}},"3818":{"3547":{"keys":[66,69],"grid":[" "," "," "," "," "," "," "," "," "," "," "," "," "," "," 0!!"," .!$"]},"3548":{"keys":[66,69],"grid":[" ,!&"," *!("," (!*"," &!,"," $!."," !!0","!","!","!","!","!","!","!","!","!","!"]}},"3819":{"3547":{"keys":[66,69],"grid":[" "," "," "," "," "," "," "," "," /!#"," +!'"," (!*"," %!-"," $!."," !!0","!","!"]}},"3838":{"3466":{"keys":[67,66],"grid":[" '!+"," &!,"," %!-"," #!/"," !!0","!","!","!","!","!","!","!","!","!","!","!"]},"3465":{"keys":[67,66],"grid":[" "," "," "," "," "," "," "," 0!!"," /!#"," .!$"," -!%"," ,!&"," +!'"," *!("," )!)"," (!*"]},"3463":{"keys":[67,66],"grid":[" &!,"," '!+"," (!*"," )!)"," *!(","04"," +!'"," ,!&"," -!%"," .!$"," /!#"," 0!!"," "," "," "," "]},"3462":{"keys":[66,67],"grid":[" "," "," "," "," "," "," "," "," "," "," ","!! 0","!# /","12","!$ .","!% -"]},"3461":{"keys":[67,66],"grid":[" !!0","!","!","!","!","!","!","!","!","!","!","!","!","!","!","!"]},"3460":{"keys":[67,66],"grid":[" "," "," "," "," "," "," "," "," "," "," /!#"," -!%"," *!("," (!*"," &!,"," $!."]},"3482":{"keys":[66,69],"grid":[" "," "," "," "," "," "," "," "," "," "," "," "," "," "," ","!"]}},"3839":{"3465":{"keys":[67,66],"grid":[" (!*"," '!+"," &!,"," %!-"," #!/"," !!0","!","!","!","!","!","!","!","!","!","!"]},"3464":{"keys":[67,66],"grid":[" $!."," %!-"," &!,"," '!+"," (!*"," )!)"," *!(","06"," +!'"," ,!&","09","08","06","06","05","05"]},"3463":{"keys":[66,67],"grid":[" "," "," "," "," "," "," "," "," "," "," "," "," ","!! 0","13","!# /"]},"3482":{"keys":[66,69],"grid":[" "," "," "," "," "," "," "," "," "," "," "," "," "," "," ","!"]},"3460":{"keys":[67,66],"grid":[" "," "," 0!!"," -!%"," +!'"," )!)"," '!+"," %!-"," #!/","!","!","!","!","!","!","!"]}},"3817":{"3548":{"keys":[66,69],"grid":[" "," "," "," "," "," "," 0!!"," .!$"," ,!&"," *!("," (!*"," &!,"," $!."," !!0","!","!"]}},"3782":{"3539":{"keys":[67,66],"grid":[" .!$"," ,!&"," +!'"," *!("," )!)","04"," (!*","06"," '!+","08"," &!,","10"," %!-","12"," $!.","14"]},"3538":{"keys":[67,66],"grid":[" "," "," "," "," "," "," "," "," "," "," "," "," "," "," "," 0!!"]},"3540":{"keys":[67,66],"grid":[" $!."," #!/","01"," !!0","03","!","!","!","!","!","!","!","!","!","!","!"]}},"3836":{"3467":{"keys":[67,66],"grid":[" "," "," "," "," "," 0!!"," /!#"," .!$"," -!%","08"," ,!&","10"," +!'","12"," *!("," )!)"]},"3482":{"keys":[66,69],"grid":[" "," "," "," "," "," "," "," "," "," "," "," "," "," "," ","!"]},"3468":{"keys":[67,66],"grid":[" )!)"," (!*","01"," '!+","03"," &!,","05"," %!-","07"," $!.","09"," #!/","11"," !!0","!","!"]}},"3829":{"3482":{"keys":["",66,69],"grid":[" "," "," "," ","!","!","!","!","!","!","!","!","!","!","!","#"]}},"3813":{"3550":{"keys":[66,69],"grid":[" "," "," "," -!%"," &!,","!","!","!","!","!","!","!","!","!","!","!"]}},"3828":{"3482":{"keys":["",66,69],"grid":[" "," "," "," "," -!%","04","04","04","!","!","!","!","!","!","!","#"]}},"3821":{"3546":{"keys":[66],"grid":[" "," "," "," "," "," "," "," "," "," "," "," "," "," "," "," "]},"3547":{"keys":[66,69],"grid":[" -!%"," )!)"," &!,"," !!0","!","!","!","!","!","!","!","!","!","!","!","!"]}},"3827":{"3482":{"keys":["",66,69],"grid":[" "," "," "," "," "," "," "," ","!","!","!","!","!","!","!","#"]}},"3783":{"3538":{"keys":[67,66],"grid":[" "," "," "," "," "," 0!!","05"," /!#","07","07"," -!%"," *!("," (!*"," %!-"," !!0","!"]}},"3780":{"3544":{"keys":[67,66],"grid":[" ,!&","00"," +!'","02"," *!(","04","04"," )!)","07"," (!*","09","09"," '!+","12"," &!,","14"]},"3545":{"keys":[67,66],"grid":[" &!,"," %!-","01","01"," $!.","04","04","04"," #!/","08","08","08"," !!0","12","!","!"]},"3543":{"keys":[67,66],"grid":[" "," "," "," 0!!","03","03"," /!#","06","06","06"," .!$","10","10"," -!%","13","13"]}},"3781":{"3540":{"keys":[67,66],"grid":[" "," "," "," "," "," "," 0!!","06","06"," /!#","09","09","09"," .!$","13","13"]},"3541":{"keys":[67,66],"grid":[" -!%","00"," ,!&"," +!'"," *!(","04"," )!)"," (!*"," '!+","08","08","08","08","08","08","08"]},"3542":{"keys":[67,66],"grid":[" '!+","00","00","00","00"," &!,","05"," %!-","07"," $!.","09","09"," #!/","12"," !!0","14"]},"3543":{"keys":[67,66],"grid":[" !!0","!","!","!","!","!","!","!","!","!","!","!","!","!","!","!"]}},"3786":{"3536":{"keys":[67,66],"grid":[" "," "," "," "," "," "," "," "," *!# &"," (!*"," &!,"," %!-"," $!."," !!0","!","!"]}},"3787":{"3536":{"keys":[67,66],"grid":[" "," 0!!"," .!$"," ,!&"," +!'"," )!)"," '!+"," %!-"," #!/","!","!","!","!","!","!","!"]}},"3784":{"3538":{"keys":[67,66],"grid":[" $!."," #!/","01"," !!0","!","!","!","!","!","!","!","!","!","!","!","!"]},"3537":{"keys":[67,66],"grid":[" "," 0!!"," .!$"," -!%"," +!'"," )!)"," (!*","06"," '!+","08"," &!,","10","10"," %!-","13","13"]}},"3785":{"3537":{"keys":[67,66],"grid":[" $!.","!","!","!","!","!","!","!","!","!","!","!","!","!","!","!"]},"3536":{"keys":[67,66],"grid":[" "," "," "," "," "," "," "," "," "," "," "," "," "," "," "," (!*"]}},"3788":{"3535":{"keys":[67],"grid":[" "," "," "," "," "," "," "," "," "," "," "," "," "," "," "," "]},"3536":{"keys":[67,66],"grid":[" !!# .","!& ,","!) )","!+ !!! $!!","!","!","!","!","!","!","!","!","!","!","!","!"]}},"3789":{"3535":{"keys":[67],"grid":[" "," "," "," "," "," "," "," "," "," "," "," "," "," "," "," "]},"3536":{"keys":[67,66],"grid":[" 0!!"," .!$"," +!'","!% &!(","!","!","!","!","!","!","!","!","!","!","!","!"]}},"3820":{"3547":{"keys":[66,69],"grid":[" "," "," "," "," /!#"," +!'"," '!+"," #!/","!","!","!","!","!","!","!","!"]}},"3832":{"3482":{"keys":[66,69],"grid":[" "," "," "," "," "," "," "," "," "," "," "," "," "," "," ","!"]}}}}