{"9":{"142":{"188":{"keys":[7,1,3],"grid":[" "," "," "," "," "," "," "," "," "," "," "," "," "," 0!!"," .!$"," ,!$##"]},"189":{"keys":[7,1,3],"grid":[" *!$#%"," (!$#'"," &!$#)"," $!$#+"," !!$#-","!##/","#","#","#","#","#","#","#","#","#","#"]}},"143":{"188":{"keys":[7,1,3],"grid":[" *!##&","00","00"," +!$#$"," -!!#$","04"," ,!##$"," +!##%"," )!$#&"," '!$#("," %!$#*"," $!##,"," !!$#-","!##/","#","#"]},"186":{"keys":[7,1],"grid":[" "," "," "," "," "," "," "," "," "," "," "," "," "," "," "," /!#"]},"187":{"keys":[7,1,3],"grid":[" -!$#!"," +!$#$"," (!%#&"," &!$#)"," &!##*"," '!!#*"," '!##)"," (!!#)"," (!##("," )!!#("," )!##'"," *!!#'","11","11","10","10"]}},"140":{"189":{"keys":[7,1,3],"grid":[" "," "," "," "," "," "," "," "," /!#"," +!&#!"," '!&#&"," &!##*"," $!$#+"," !!$#-","!##/","!!#0"]}},"141":{"189":{"keys":[7,1,3],"grid":[" "," "," "," "," "," -!%"," )!&#$"," $!'#(","!%#-","#","#","#","#","#","#","#"]}},"133":{"179":{"keys":[3,1,7],"grid":[" #!##-"," $!$#+"," &!$#)"," (!##("," )!$#&"," +!$#$"," -!###"," .!$"," 0!!"," "," "," "," "," "," "," "]},"178":{"keys":[7,1],"grid":[" "," "," "," "," "," "," "," "," "," "," "," "," "," ","!! 0","!$ ."]}},"132":{"178":{"keys":[7,1,3],"grid":[" "," "," "," ","!! 0","!# /","#!!$ -","#$!$ +","#&!# *","#'!$ (","#)!$ &","#+!# %","#,!$ #","#.!$","#0!!","#"]}},"131":{"177":{"keys":[7,1,3],"grid":[" "," "," "," "," "," "," "," "," "," "," ","!! 0","!$ .","##!$ ,","#%!$ *","#'!# )"]},"178":{"keys":[3,1,7],"grid":[" (!$#'"," *!$#%"," ,!##$"," -!$#!"," /!#"," "," "," "," "," "," "," "," "," "," "," "]}},"130":{"177":{"keys":[7,1,3],"grid":[" "," "," "," "," "," #!& *","!$#$!$ (","#)!# '","#*!$ %","#,!$ #","#.!# !","#/!#","#","#","#","#"]}},"137":{"182":{"keys":[3,1,7],"grid":[" $!##,"," %!##+"," &!!#+","01","00"," $!!#-"," #!##-"," !!##.","07"," #!$#,","01"," &!$#)"," (!$#'"," *!##&"," +!$#$"," -!###"]},"189":{"keys":[3,1,7],"grid":[" "," "," "," "," "," "," /!#"," .!##!"," -!###"," -!!#$","09","09","09","09","09"," ,!##$"]},"181":{"keys":[7,1,3],"grid":[" "," "," "," "," "," "," "," "," "," "," "," "," "," ","!$ .","##!# -"]},"190":{"keys":[3,1,7],"grid":[" ,!##$"," -!!#$","01"," -!###"," .!!##"," .!##!"," /!#"," "," "," "," "," "," "," "," "," "]},"183":{"keys":[3,1],"grid":[" .!$"," 0!!"," "," "," "," "," "," "," "," "," "," "," "," "," "," "]}},"136":{"182":{"keys":[3,1],"grid":[" *!$ %"," "," "," "," "," "," "," "," "," "," "," "," "," "," "," "]},"181":{"keys":[7,1,3],"grid":[" $!$ +","!( *","#!!###!! +","#&!! +","03","03","03","#&!# *","03","07","#'!! *","10","#'!# )","#(!# (","#)!# #!%","#*!! !!%#!"]}},"135":{"180":{"keys":[7,1,3],"grid":[" "," ","!# /","#!!$ -","#$!# ,","#%!# +","#&!! +","06","06","#&!# *","#'!! *","10","#'!# )","#(!! )","#(!# (","#)!# '"]},"181":{"keys":[3,1,7],"grid":[" *!##&"," +!!#$!#"," +!###!! !"," ,!% !"," "," "," "," "," "," "," "," "," "," "," "," "]}},"134":{"180":{"keys":[3,1,7],"grid":[" -!$#!"," /!#"," 0!!"," "," "," "," "," "," "," "," "," "," "," "," "," "]},"179":{"keys":[7,1,3],"grid":[" "," "," "," "," "," "," "," ","!# /","#!!# .","##!$ ,","#%!$ *","#'!# )","#(!$ '","#*!# &","#+!$ $"]}},"128":{"177":{"keys":[7,1],"grid":[" "," "," "," "," "," "," "," "," "," "," "," "," ","!! 0","!! %!# *","!/ !!!"]},"178":{"keys":[3,1],"grid":[" #!! +!$"," "," "," "," "," "," "," "," "," "," "," "," "," "," "," "]}},"129":{"177":{"keys":[7,1,3],"grid":[" "," "," "," "," "," "," 0!!"," -!%"," ,!##$"," *!$#%"," )!##'"," '!$#("," %!$#*"," $!##,"," !!$#-","!##/"]}},"139":{"185":{"keys":[7,1],"grid":[" "," "," "," "," "," "," "," "," "," "," ","!! 0","11","11","11","11"]},"189":{"keys":[7,1],"grid":[" "," "," "," "," "," "," "," "," "," "," "," "," "," "," "," /!#"]},"186":{"keys":[1,7,3],"grid":[" !!0"," #!/","#! !!/","02","02","02","02","#! #!.","## !!.","08","08","08","08","08","## #!-","#$ !!-"]},"190":{"keys":[7,1,3],"grid":[" -!$#!"," ,!##$"," *!$#%"," )!##'"," '!$#("," %!$#*"," $!##,"," !!$#-","!##/","!!#0","#","#","#","#","#","#"]},"187":{"keys":[3,1,7],"grid":[" #!##-"," #!!#.","01"," !!##."," !!!#/","!##/","!!#0","06","06","#","#","#","#","#","#","#"]}},"138":{"190":{"keys":[7,1,3],"grid":[" "," "," "," "," "," ","!! 0","!$ .","##!# -","#$!$ )!#","#&!+#!","#","#","#","#","#"]},"183":{"keys":[7,1,3],"grid":[" ","!! 0","!$ .","##!$ ,","#%!# +","#&!$ )","#(!# (","#)!$ &","#+!! &","08","08","08","#+!# %","#,!! %","13","13"]},"187":{"keys":[3,1,7],"grid":[" "," "," "," "," "," "," "," "," 0!!","08","08"," /!#"," /!!#!","12"," .!##!"," .!!##"]},"184":{"keys":[3,1,7],"grid":[" ,!!#%","00"," ,!##$"," -!!#$","03","03","03","03"," -!###"," .!!##","09","09","09","09","09"," .!##!"]},"185":{"keys":[3,1,7],"grid":[" /!!#!","00","00","00","00"," /!#"," 0!!","06","06","06","06","06"," "," "," "," "]},"188":{"keys":[3,1,7],"grid":[" -!###"," -!!#$","01"," ,!##$"," ,!!#%","04","04","04","04","04"," +!##%"," +!!#&","11","11"," *!##&"," (!$#'"]},"189":{"keys":[3,1,7],"grid":[" '!$#("," &!##*"," &!!#+"," %!##+"," $!##,"," !!$#-","!##/","#","#","#","#","#","#","#","#","#"]}}},"13":{"2184":{"2910":{"keys":[3,7],"grid":[" '!+","00","00","00","00","00","00","00","00"," )!)"," *!("," +!'"," -!%"," .!$"," /!#"," "]},"2909":{"keys":[7,3],"grid":[" "," "," ","!! 0","!# /","!$ .","!% -","!' +","07","07","07","07","07","07","07","07"]}},"2095":{"2843":{"keys":[7,3],"grid":[" "," ","!! 0","!$ .","!& ,","!( *","!+ '","!- %","!. $","!0 !","!","!","!","!","!","!"]}},"2094":{"2842":{"keys":[7,3],"grid":[" "," "," "," "," "," "," "," "," "," ","!# /","!% -","!& ,","!( *","!* (","!, &"]},"2843":{"keys":[3,7],"grid":[" .!$"," 0!!"," "," "," "," "," "," "," "," "," "," "," "," "," "," "]}},"2097":{"2844":{"keys":[7,3],"grid":[" "," ","!! 0","!$ .","!% -","!' +","!) )","!* (","!, &","!. $","!0 !","!","!","!","!","!"]}},"2096":{"2844":{"keys":[3,7],"grid":[" .!$"," 0!!"," "," "," "," "," "," "," "," "," "," "," "," "," "," "]},"2843":{"keys":[7,3],"grid":[" "," "," "," "," "," "," "," "," "," ","!! 0","!$ .","!& ,","!) )","!+ '","!- %"]}},"2091":{"2840":{"keys":[7,3],"grid":[" "," "," "," "," "," "," "," "," "," ","!! 0","!$ .","!& ,","!' +","!) )","!+ '"]},"2841":{"keys":[3,7],"grid":[" ,!&"," .!$"," 0!!"," "," "," "," "," "," "," "," "," "," "," "," "," "]}},"2090":{"2840":{"keys":[7,3],"grid":[" ","!# /","!$ .","!& ,","!( *","!* (","!+ '","!- %","!/ #","!0 !","!","!","!","!","!","!"]}},"2093":{"2842":{"keys":[3,7],"grid":[" (!*"," )!)","01","01","01","01"," +!'"," -!%"," /!#"," "," "," "," "," "," "," "]},"2841":{"keys":[7,3],"grid":[" "," "," "," "," "," "," "," "," "," "," "," "," ","!# /","!% -","!& ,"]}},"2092":{"2841":{"keys":[7,3],"grid":[" "," "," ","!! 0","!# /","!% -","!' +","!) )","!* (","!, &","!. $","!/ #","!","!","!","!"]}},"2100":{"2846":{"keys":[3,7],"grid":[" %!-"," '!+"," )!)"," +!'"," -!%"," /!#"," "," "," "," "," "," "," "," "," "," "]},"2845":{"keys":[7,3],"grid":[" "," "," "," "," "," "," "," "," "," "," "," "," "," "," ","!# /"]}},"2099":{"2845":{"keys":[7,3],"grid":[" "," "," "," "," ","!# /","!$ .","06","!& ,","!( *","!* (","!, &","!- %","!/ #","!","!"]}},"2098":{"2844":{"keys":[7,3],"grid":[" "," "," "," "," "," "," "," "," "," "," "," ","!# /","!% -","!& ,","!( *"]},"2845":{"keys":[3,7],"grid":[" *!("," ,!&"," -!%"," /!#"," "," "," "," "," "," "," "," "," "," "," "," "]}},"2079":{"2839":{"keys":[3],"grid":[" "," "," "," "," "," "," "," "," "," "," "," "," "," "," "," "]},"2838":{"keys":[7,3],"grid":[" "," "," "," "," "," "," "," "," "," "," "," "," /!#"," +!'"," (!*"," %!-"]}},"2154":{"2879":{"keys":[3],"grid":[" "," "," "," "," "," "," "," "," "," "," "," "," "," "," "," "]},"2878":{"keys":[7,3],"grid":[" "," "," "," "," "," "," ","!! 0","!$ .","!& ,","!' +","!) )","!+ '","!, &","!. $","!0 !"]}},"2155":{"2879":{"keys":[7,3],"grid":[" ","!# /","!% -","!& ,","!( *","!) )","!+ '","!- %","!. $","!0 !","!","!","!","!","!","!"]}},"2156":{"2880":{"keys":[3,7],"grid":[" ,!&"," -!%"," /!#"," "," "," "," "," "," "," "," "," "," "," "," "," "]},"2879":{"keys":[7,3],"grid":[" "," "," "," "," "," "," "," "," "," ","!! 0","!# /","!% -","!' +","!( *","!* ("]}},"2157":{"2880":{"keys":[7,3],"grid":[" "," "," "," ","!! 0","!$ .","!& ,","!' +","!) )","!+ '","!, &","!. $","!/ #","!","!","!"]}},"2150":{"2876":{"keys":[3,7],"grid":[" !!0"," $!."," %!-"," '!+"," )!)"," *!("," ,!&"," .!$"," /!#"," "," "," "," "," "," "," "]},"2875":{"keys":[7],"grid":[" "," "," "," "," "," "," "," "," "," "," "," "," "," "," "," "]}},"2151":{"2877":{"keys":[3,7],"grid":[" ,!&"," .!$"," 0!!"," "," "," "," "," "," "," "," "," "," "," "," "," "]},"2876":{"keys":[7,3],"grid":[" "," "," "," "," "," "," "," "," "," ","!# /","!$ .","!& ,","!' +","!) )","!+ '"]}},"2152":{"2877":{"keys":[7,3],"grid":[" "," "," "," ","!# /","!% -","!& ,","!( *","!* (","!+ '","!- %","!/ #","!0 !","!","!","!"]}},"2153":{"2878":{"keys":[3,7],"grid":[" '!+"," (!*"," *!("," ,!&"," -!%"," /!#"," "," "," "," "," "," "," "," "," "," "]},"2877":{"keys":[7,3],"grid":[" "," "," "," "," "," "," "," "," "," "," "," "," ","!! 0","!$ .","!% -"]}},"2244":{"3036":{"keys":[7,3],"grid":[" "," /!#"," -!%"," ,!&"," *!("," (!*"," '!+"," %!-"," $!."," !!0","!","!","!","!","!","!"]}},"2245":{"3035":{"keys":[7,3],"grid":[" "," "," "," "," "," "," "," /!#"," -!%"," ,!&"," *!("," )!)"," '!+"," %!-"," $!."," !!0"]},"3036":{"keys":[3],"grid":[" "," "," "," "," "," "," "," "," "," "," "," "," "," "," "," "]}},"2246":{"3034":{"keys":[7,3],"grid":[" "," "," "," "," "," "," "," "," "," "," "," "," "," /!#"," .!$"," ,!&"]},"3035":{"keys":[7,3],"grid":[" *!("," )!)"," '!+"," &!,"," $!."," !!0","!","!","!","!","!","!","!","!","!","!"]}},"2247":{"3034":{"keys":[7,3],"grid":[" "," "," "," "," "," "," "," "," -!%"," (!*"," $!."," !!0","!","!","!","!"]}},"2158":{"2880":{"keys":[7,3],"grid":[" "," "," "," "," "," "," "," "," "," "," "," "," "," ","!# /","!$ ."]},"2881":{"keys":[3,7],"grid":[" &!,"," (!*"," )!)"," +!'"," -!%"," .!$"," 0!!"," "," "," "," "," "," "," "," "," "]}},"2159":{"2882":{"keys":[3],"grid":[" "," "," "," "," "," "," "," "," "," "," "," "," "," "," "," "]},"2881":{"keys":[7,3],"grid":[" "," "," "," "," "," "," ","!! 0","!# /","!% -","!' +","!( *","!* (","!, &","!- %","!/ #"]}},"2242":{"3037":{"keys":[7,3],"grid":[" "," "," "," "," 0!!"," /!#"," -!%"," +!'"," *!("," (!*"," '!+"," %!-"," #!/"," !!0","!","!"]}},"2243":{"3036":{"keys":[7,3],"grid":[" "," "," "," "," "," "," "," "," "," "," 0!!"," /!#"," -!%"," ,!&"," *!("," (!*"]},"3037":{"keys":[7,3],"grid":[" '!+"," %!-"," #!/"," !!0","!","!","!","!","!","!","!","!","!","!","!","!"]}},"2139":{"2869":{"keys":[7,3],"grid":[" "," "," "," "," ","!! 0","!$ .","!% -","!' +","!) )","!* (","!, &","!- %","!/ #","!","!"]}},"2148":{"2875":{"keys":[3,7],"grid":[" (!*"," )!)"," +!'"," -!%"," .!$"," 0!!"," "," "," "," "," "," "," "," "," "," "]},"2874":{"keys":[7,3],"grid":[" "," "," "," "," "," "," "," "," "," "," "," "," ","!# /","!$ .","!& ,"]}},"2262":{"3031":{"keys":[7,3],"grid":[" "," "," "," "," .!$"," )!)"," $!.","!","!","!","!","!","!","!","!","!"]}},"2263":{"3031":{"keys":[7,3],"grid":[" 0!!"," ,!&"," '!+"," !!0","!","!","!","!","!","!","!","!","!","!","!","!"]}},"2178":{"2897":{"keys":[7,3],"grid":[" "," "," "," "," "," "," "," "," 0!!","08"," /!#","10"," .!$"," -!%","13"," ,!&"]},"2898":{"keys":[7,3],"grid":[" +!'"," *!("," '!+","!","!","!","!","!","!","!","!","!","!","!","!","!"]}},"2216":{"2934":{"keys":[7,3],"grid":[" "," "," "," "," "," "," "," ","!! 0","!# /","!% -","!& ,","!( *","!) )","!+ '","!- %"]},"3024":{"keys":[7,3],"grid":[" !!+ &"," #!' )"," "," "," "," "," "," "," "," "," "," "," "," "," "," "]},"3023":{"keys":[3,7],"grid":[" "," "," "," "," "," "," "," "," 0!!"," /!#","09"," .!$","11","11"," -!%","14"]},"3050":{"keys":[7,3],"grid":[" "," "," "," "," "," "," "," "," "," "," "," "," "," ","!","!"]},"2935":{"keys":[3,7],"grid":[" .!$"," 0!!"," "," "," "," "," "," "," "," "," "," "," "," "," "," "]}},"2261":{"3031":{"keys":[7,3],"grid":[" "," "," "," "," "," "," "," 0!!"," +!'"," '!+"," !!0","!","!","!","!","!"]}},"2266":{"3030":{"keys":[7,3],"grid":[" "," "," "," "," "," "," /!#"," *!("," %!-","!","!","!","!","!","!","!"]}},"2267":{"3030":{"keys":[7,3],"grid":[" "," "," "," -!%"," (!*"," #!/","!","!","!","!","!","!","!","!","!","!"]}},"2147":{"2874":{"keys":[7,3],"grid":[" "," "," ","!! 0","!$ .","!& ,","!' +","!) )","!* (","!, &","!. $","!/ #","!","!","!","!"]}},"2146":{"2873":{"keys":[7,3],"grid":[" "," "," "," "," "," "," "," "," ","!! 0","!# /","!% -","!' +","!( *","!* (","!, &"]},"2874":{"keys":[3,7],"grid":[" -!%"," /!#"," "," "," "," "," "," "," "," "," "," "," "," "," "," "]}},"2145":{"2873":{"keys":[3,7],"grid":[" #!/"," %!-"," &!,"," (!*"," *!("," +!'"," -!%"," .!$"," 0!!"," "," "," "," "," "," "," "]},"2872":{"keys":[7],"grid":[" "," "," "," "," "," "," "," "," "," "," "," "," "," "," "," "]}},"2144":{"2872":{"keys":[7,3],"grid":[" "," "," "," "," "," ","!# /","!$ .","!& ,","!' +","!) )","!+ '","!, &","!. $","!0 !","!"]}},"2143":{"2872":{"keys":[3,7],"grid":[" )!)"," *!("," ,!&"," .!$"," /!#"," "," "," "," "," "," "," "," "," "," "," "]},"2871":{"keys":[7,3],"grid":[" "," "," "," "," "," "," "," "," "," "," "," ","!! 0","!$ .","!% -","!' +"]}},"2142":{"2871":{"keys":[7,3],"grid":[" "," ","!! 0","!# /","!% -","!' +","!( *","!* (","!+ '","!- %","!/ #","!0 !","!","!","!","!"]}},"2259":{"3031":{"keys":[7,3],"grid":[" "," "," "," "," "," "," "," "," "," "," "," "," "," "," /!#"," +!'"]},"3032":{"keys":[7,3],"grid":[" &!,"," !!0","!","!","!","!","!","!","!","!","!","!","!","!","!","!"]}},"2140":{"2869":{"keys":[7,3],"grid":[" "," "," "," "," "," "," "," "," "," "," "," "," "," "," ","!! 0"]},"2870":{"keys":[3,7],"grid":[" $!."," &!,"," '!+"," )!)"," +!'"," ,!&"," .!$"," 0!!"," "," "," "," "," "," "," "," "]}},"2060":{"2847":{"keys":[7,3],"grid":[" "," "," "," "," ","!$ .","!& ,","!) )","!+ '","!. $","!0 !","!","!","!","!","!"]}},"2061":{"2847":{"keys":[7,3],"grid":[" "," "," "," "," "," "," "," "," "," "," ","!! 0","!$ .","!' +","!) )","!, &"]},"2848":{"keys":[3,7],"grid":[" .!$"," 0!!"," "," "," "," "," "," "," "," "," "," "," "," "," "," "]}},"2062":{"2848":{"keys":[7,3],"grid":[" "," ","!# /","!% -","!( *","!* (","!- %","!0 !","!","!","!","!","!","!","!","!"]}},"2063":{"2847":{"keys":[7],"grid":[" "," "," "," "," "," "," "," "," "," "," "," "," "," "," "," "]},"2848":{"keys":[7,3],"grid":[" /!#"," .!$"," ,!&"," *!("," )!)"," '!+"," %!-"," $!.","!","!","!","!","!","!","!","!"]}},"2064":{"2847":{"keys":[7,3],"grid":[" "," "," "," "," "," "," /!#"," .!$"," ,!&"," +!'"," )!)"," '!+"," &!,"," $!."," !!0","!"]}},"2065":{"2846":{"keys":[7,3],"grid":[" "," "," "," "," "," "," "," "," "," "," "," "," 0!!"," .!$"," ,!&"," +!'"]},"2847":{"keys":[7,3],"grid":[" )!)"," '!+"," &!,"," $!."," #!/","!","!","!","!","!","!","!","!","!","!","!"]}},"2066":{"2846":{"keys":[7,3],"grid":[" "," "," 0!!"," .!$"," -!%"," +!'"," )!)"," (!*"," &!,"," $!."," #!/","!","!","!","!","!"]}},"2067":{"2846":{"keys":[7,3],"grid":[" #!/"," !!0","!","!","!","!","!","!","!","!","!","!","!","!","!","!"]},"2845":{"keys":[7,3],"grid":[" "," "," "," "," "," "," "," "," 0!!"," /!#"," -!%"," +!'"," *!("," (!*"," &!,"," %!-"]}},"2124":{"2860":{"keys":[7,3],"grid":[" "," "," ","!# /","!$ .","!& ,","!( *","!) )","!+ '","!- %","!. $","!0 !","!","!","!","!"]}},"2068":{"2844":{"keys":[7,3],"grid":[" "," "," "," "," "," "," "," "," "," "," "," "," "," "," 0!!"," /!#"]},"2845":{"keys":[7,3],"grid":[" -!%"," +!'"," *!("," (!*"," '!+"," %!-"," #!/"," !!0","!","!","!","!","!","!","!","!"]}},"2083":{"2837":{"keys":[7,3],"grid":[" "," "," "," "," "," "," "," "," "," .!$"," +!'"," (!*"," $!.","!","!","!"]}},"2069":{"2844":{"keys":[7,3],"grid":[" "," "," "," "," 0!!"," /!#"," -!%"," ,!&"," *!("," (!*"," '!+"," %!-"," $!."," !!0","!","!"]}},"2301":{"2992":{"keys":[7,3],"grid":[" "," /!#"," -!%"," +!'"," )!)"," '!+"," %!-"," #!/","!","!","!","!","!","!","!","!"]}},"2300":{"3011":{"keys":[3,7],"grid":[" "," "," "," "," "," "," "," "," "," "," ","!! 0","!# /","!$ .","13","!% -"]},"3012":{"keys":[7,3],"grid":[" %!-"," &!,","01"," '!+","03","03"," (!*","06","06","06","06","06","06","06","06","06"]},"3013":{"keys":[7,3],"grid":[" (!*","00","00","00","00","00"," '!+","06","06"," &!,","09"," %!-","11","11","11"," $!."]},"2992":{"keys":[7,3],"grid":[" "," "," "," "," "," "," "," "," "," /!#"," -!%"," +!'"," )!)"," '!+"," %!-"," #!/"]},"2993":{"keys":[3],"grid":[" "," "," "," "," "," "," "," "," "," "," "," "," "," "," "," "]},"3014":{"keys":[7,3],"grid":[" $!.","00"," #!/","02","02","02"," !!0","06","06","!","!","!","!","!","!","!"]}},"2303":{"2991":{"keys":[7,3],"grid":[" "," 0!!"," .!$"," ,!&"," *!("," (!*"," &!,"," $!."," !!0","!","!","!","!","!","!","!"]}},"2302":{"2991":{"keys":[7,3],"grid":[" "," "," "," "," "," "," "," "," "," 0!!"," .!$"," ,!&"," *!("," (!*"," &!,"," $!."]},"2992":{"keys":[3],"grid":[" "," "," "," "," "," "," "," "," "," "," "," "," "," "," "," "]}},"2172":{"2899":{"keys":[7,3],"grid":[" "," "," "," ","!# /","!* (","!","!","!","!","!","!","!","!","!","!"]}},"2173":{"2899":{"keys":[7,3],"grid":[" "," 0!!","01"," /!#"," .!$","04"," -!%","!( &!%","!","!","!","!","!","!","!","!"]}},"2170":{"2897":{"keys":[3,7],"grid":[" !!0"," #!/"," $!.","02"," %!-"," &!,"," '!+"," (!*","07"," )!)"," *!("," +!'"," ,!&"," -!%","13"," .!$"]},"2896":{"keys":[7],"grid":[" "," "," "," "," "," "," "," "," "," "," "," "," "," "," "," "]},"2898":{"keys":[3,7],"grid":[" /!#"," 0!!"," "," "," "," "," "," "," "," "," "," "," "," "," "," "]}},"2269":{"3029":{"keys":[7,3],"grid":[" "," "," "," "," "," "," "," "," "," "," "," "," -!%"," (!*"," $!.","!"]}},"2176":{"2897":{"keys":[7,3],"grid":[" "," "," "," "," "," "," "," "," "," ","!$ .","!. $","!/ #","!","!","!"]}},"2177":{"2897":{"keys":[7,3],"grid":[" "," "," "," "," "," "," "," "," "," "," "," "," "," ","!! 0","!$ ."]},"2898":{"keys":[3,7],"grid":[" '!+"," *!("," -!%"," "," "," "," "," "," "," "," "," "," "," "," "," "]}},"2174":{"2897":{"keys":[7,3],"grid":[" "," "," "," "," "," "," "," "," "," "," "," "," "," "," "," /!#"]},"2899":{"keys":[3],"grid":[" "," "," "," "," "," "," "," "," "," "," "," "," "," "," "," "]},"2898":{"keys":[7,3],"grid":[" .!$"," ,!&"," +!'"," )!)"," (!*"," '!+","05"," &!,"," %!-","08"," $!.","10"," #!/"," !!0","13","!"]}},"2175":{"2897":{"keys":[7,3],"grid":[" "," "," "," "," "," "," "," "," "," "," "," 0!!"," .!$"," -!%"," +!'","!& %!("]}},"2073":{"2842":{"keys":[7,3],"grid":[" +!'"," *!("," (!*"," &!,"," %!-"," #!/","!","!","!","!","!","!","!","!","!","!"]},"2841":{"keys":[7,3],"grid":[" "," "," "," "," "," "," "," "," "," "," "," "," "," 0!!"," .!$"," -!%"]}},"2072":{"2842":{"keys":[7,3],"grid":[" "," "," "," "," "," "," "," 0!!"," .!$"," -!%"," +!'"," )!)"," (!*"," &!,"," %!-"," #!/"]},"2843":{"keys":[3],"grid":[" "," "," "," "," "," "," "," "," "," "," "," "," "," "," "," "]}},"2071":{"2843":{"keys":[7,3],"grid":[" "," 0!!"," .!$"," ,!&"," +!'"," )!)"," '!+"," &!,"," $!."," !!0","!","!","!","!","!","!"]}},"2070":{"2844":{"keys":[7,3],"grid":[" '!+"," %!-"," $!."," !!0","!","!","!","!","!","!","!","!","!","!","!","!"]},"2843":{"keys":[7,3],"grid":[" "," "," "," "," "," "," "," "," "," "," "," /!#"," .!$"," ,!&"," *!("," )!)"]}},"2077":{"2839":{"keys":[7,3],"grid":[" "," "," "," "," "," "," /!#"," .!$"," ,!&"," *!("," )!)"," '!+"," &!,"," $!."," !!0","!"]}},"2076":{"2840":{"keys":[7,3],"grid":[" /!#"," -!%"," ,!&"," *!("," )!)"," '!+"," &!,"," $!."," !!0","!","!","!","!","!","!","!"]},"2839":{"keys":[7],"grid":[" "," "," "," "," "," "," "," "," "," "," "," "," "," "," "," "]}},"2075":{"2840":{"keys":[7,3],"grid":[" "," "," "," "," "," "," "," "," "," "," /!#"," -!%"," ,!&"," *!("," )!)"," '!+"]},"2841":{"keys":[7,3],"grid":[" %!-"," $!."," !!0","!","!","!","!","!","!","!","!","!","!","!","!","!"]}},"2074":{"2841":{"keys":[7,3],"grid":[" "," "," "," 0!!"," /!#"," -!%"," ,!&"," *!("," (!*"," '!+"," %!-"," #!/"," !!0","!","!","!"]}},"2288":{"3021":{"keys":[7,3],"grid":[" "," /!#"," .!$"," ,!&"," *!("," (!*"," &!,"," $!."," !!0","!","!","!","!","!","!","!"]}},"2289":{"3021":{"keys":[3],"grid":[" "," "," "," "," "," "," "," "," "," "," "," "," "," "," "," "]},"3020":{"keys":[7,3],"grid":[" "," "," "," "," "," "," "," "," "," /!#"," -!%"," +!'"," )!)"," '!+"," %!-"," #!/"]}},"2141":{"2871":{"keys":[3,7],"grid":[" .!$"," 0!!"," "," "," "," "," "," "," "," "," "," "," "," "," "," "]},"2870":{"keys":[7,3],"grid":[" "," "," "," "," "," "," "," "," ","!# /","!$ .","!& ,","!( *","!) )","!+ '","!- %"]}},"2050":{"2847":{"keys":[7,3],"grid":[" "," "," "," "," "," "," "," "," "," "," "," "," "," ","!# /","!% -"]},"2848":{"keys":[3,7],"grid":[" %!-"," *!' !"," "," "," "," "," "," "," "," "," "," "," "," "," "," "]}},"2280":{"3025":{"keys":[7,3],"grid":[" "," "," "," 0!!"," .!$"," ,!&"," *!("," (!*"," &!,"," $!."," !!0","!","!","!","!","!"]}},"2281":{"3025":{"keys":[7,3],"grid":[" %!-"," #!/"," !!0","!","!","!","!","!","!","!","!","!","!","!","!","!"]},"3024":{"keys":[7,3],"grid":[" "," "," "," "," "," "," "," "," "," "," "," /!#"," -!%"," +!'"," )!)"," '!+"]}},"2282":{"3024":{"keys":[7,3],"grid":[" "," "," "," /!#"," -!%"," +!'"," )!)"," '!+"," %!-"," #!/","!","!","!","!","!","!"]}},"2283":{"3024":{"keys":[7,3],"grid":[" $!."," !!0","!","!","!","!","!","!","!","!","!","!","!","!","!","!"]},"3023":{"keys":[7,3],"grid":[" "," "," "," "," "," "," "," "," "," "," 0!!"," .!$"," ,!&"," *!("," (!*"," &!,"]}},"2284":{"3023":{"keys":[7,3],"grid":[" "," "," 0!!"," .!$"," ,!&"," *!("," (!*"," &!,"," $!."," !!0","!","!","!","!","!","!"]}},"2285":{"3023":{"keys":[7,3],"grid":[" #!/","!","!","!","!","!","!","!","!","!","!","!","!","!","!","!"]},"3022":{"keys":[7,3],"grid":[" "," "," "," "," "," "," "," "," "," "," /!#"," -!%"," +!'"," )!)"," '!+"," %!-"]}},"2286":{"3022":{"keys":[7,3],"grid":[" "," 0!!"," /!#"," -!%"," +!'"," )!)"," '!+"," %!-"," #!/","!","!","!","!","!","!","!"]}},"2287":{"3022":{"keys":[7,3],"grid":[" !!0","!","!","!","!","!","!","!","!","!","!","!","!","!","!","!"]},"3021":{"keys":[7,3],"grid":[" "," "," "," "," "," "," "," "," "," 0!!"," .!$"," ,!&"," *!("," (!*"," &!,"," $!."]}},"2257":{"3032":{"keys":[7,3],"grid":[" "," "," "," "," "," /!#"," *!("," &!,","!","!","!","!","!","!","!","!"]}},"2052":{"2847":{"keys":[7,3],"grid":[" -!! $"," %!# %!'"," !!& $!("," !!0","03","!","!","!","!","!","!","!","!","!","!","!"]}},"2256":{"3032":{"keys":[7,3],"grid":[" "," "," "," "," "," "," "," "," "," ,!&"," (!*"," #!/","!","!","!","!"]}},"2055":{"2847":{"keys":[7,3],"grid":[" "," "," "," "," '!! *","!) #!$ $","!. $","!/ #","!","!","!","!","!","!","!","!"]}},"2171":{"2899":{"keys":[3,7],"grid":[" ,!&"," -!%"," .!$","02"," "," "," "," "," "," "," "," "," "," "," "," "]},"2898":{"keys":[7,3],"grid":[" "," "," "," ","!! 0","!# /","!$ .","!% -","07","!& ,","!' +","!( *","!) )","!* (","13","!+ '"]}},"2255":{"3032":{"keys":[7,3],"grid":[" "," "," "," "," "," "," "," "," "," "," "," "," /!#"," *!("," %!-","!"]}},"2051":{"2847":{"keys":[7,3],"grid":[" "," "," "," "," "," "," "," /!#","07"," *!# $!#"," *!$ #!#"," *!(","11"," )!)","13"," #!/"]}},"2275":{"3027":{"keys":[7,3],"grid":[" "," "," "," "," "," "," "," "," "," "," "," "," 0!!"," .!$"," ,!&"," *!("]},"3028":{"keys":[7,3],"grid":[" (!*"," &!,"," %!-"," #!/","!","!","!","!","!","!","!","!","!","!","!","!"]}},"2274":{"3028":{"keys":[7,3],"grid":[" "," "," "," "," "," /!#"," -!%"," +!'"," )!)"," '!+"," %!-"," #!/","!","!","!","!"]}},"2277":{"3027":{"keys":[7,3],"grid":[" '!+"," %!-"," $!."," !!0","!","!","!","!","!","!","!","!","!","!","!","!"]},"3026":{"keys":[7,3],"grid":[" "," "," "," "," "," "," "," "," "," "," "," "," /!#"," -!%"," +!'"," )!)"]}},"2254":{"3032":{"keys":[7],"grid":[" "," "," "," "," "," "," "," "," "," "," "," "," "," "," "," "]},"3033":{"keys":[7,3],"grid":[" ,!&"," '!+"," #!/","!","!","!","!","!","!","!","!","!","!","!","!","!"]}},"2271":{"3029":{"keys":[7,3],"grid":[" "," "," "," "," "," -!%"," )!)"," $!.","!","!","!","!","!","!","!","!"]}},"2057":{"2847":{"keys":[7,3],"grid":[" "," "," "," "," "," "," ","!! 0","!% -","!( (!#","!( '!$","!( &!%","!) !!(","!","!","!"]}},"2273":{"3029":{"keys":[7,3],"grid":[" %!-","!","!","!","!","!","!","!","!","!","!","!","!","!","!","!"]},"3028":{"keys":[7,3],"grid":[" "," "," "," "," "," "," "," "," "," "," "," "," "," /!#"," -!%"," )!)"]}},"2272":{"3029":{"keys":[7,3],"grid":[" "," 0!!"," +!'"," '!+"," !!0","!","!","!","!","!","!","!","!","!","!","!"]}},"2253":{"3033":{"keys":[7,3],"grid":[" "," "," "," .!$"," )!)"," %!-","!","!","!","!","!","!","!","!","!","!"]}},"2258":{"3032":{"keys":[7,3],"grid":[" "," "," -!%"," (!*"," $!.","!","!","!","!","!","!","!","!","!","!","!"]}},"2279":{"3026":{"keys":[7,3],"grid":[" &!,"," $!."," #!/","!","!","!","!","!","!","!","!","!","!","!","!","!"]},"3025":{"keys":[7,3],"grid":[" "," "," "," "," "," "," "," "," "," "," "," 0!!"," .!$"," ,!&"," *!("," (!*"]}},"2278":{"3026":{"keys":[7,3],"grid":[" "," "," "," "," /!#"," -!%"," +!'"," )!)"," '!+"," %!-"," #!/","!","!","!","!","!"]}},"2048":{"2846":{"keys":[3,7],"grid":[" #!/","00","00"," !!0","03","03","03","03","00","00","00"," %!-"," %!! !!+"," )!)"," +!'","14"]},"2847":{"keys":[3,7],"grid":[" +!'"," ,!&"," .!$"," 0!!"," "," "," "," "," "," "," "," "," "," "," "," "]},"2845":{"keys":[7,3],"grid":[" "," "," "," "," "," "," "," "," "," "," ","!! 0","11","!# /","13","13"]}},"2049":{"2847":{"keys":[7,3],"grid":[" "," "," #!# #!# )"," #!' )","!! !!' )","!* (","!+ '","!, &","07","07","!. $","!- %","!0 !","12","!","!"]}},"2059":{"2847":{"keys":[7,3],"grid":[" "," "," "," '!) #"," #!/","!","!","!","!","!","!","!","!","!","!","!"]}},"2169":{"2895":{"keys":[7,3],"grid":[" "," "," "," "," "," "," "," "," "," "," "," ","!! 0","12","!# /","!$ ."]},"2896":{"keys":[3,7],"grid":[" %!-"," &!,","01"," '!+"," (!*"," )!)"," *!("," +!'","07"," ,!&"," -!%"," .!$"," /!#","12"," 0!!"," "]}},"2149":{"2875":{"keys":[7,3],"grid":[" "," "," "," "," "," ","!! 0","!# /","!% -","!& ,","!( *","!* (","!+ '","!- %","!/ #","!0 !"]}},"2209":{"2930":{"keys":[7,3],"grid":[" ","!! 0","!$ .","!% -","!' +","!) )","!* (","!, &","!- %","!/ #","!0 !","!","!","!","!","!"]},"3030":{"keys":[3,7],"grid":[" *!("," '!+"," $!.","!","!","!","!","!","!","!","!","!","!","!","!","!"]},"3029":{"keys":[3,7],"grid":[" "," "," "," "," "," "," "," "," "," "," "," "," "," "," 0!!"," -!%"]},"3047":{"keys":[7,3],"grid":[" "," "," "," "," ","!! 0","!$ .","!% -","!' +","!( *","!* (","!+ '","!- %","!/ #","!0 !","!"]}},"2165":{"2888":{"keys":[3,7],"grid":[" -!%","00","00"," .!$","03","03","03"," /!#","07","07","07"," 0!!","11","11"," "," "]},"2889":{"keys":[3],"grid":[" "," "," "," "," "," "," "," "," "," "," "," "," "," "," "," "]},"2886":{"keys":[3,7],"grid":[" $!."," %!-","01","01"," &!,","04","04","04"," '!+","08","08","08"," (!*","12","12","12"]},"2887":{"keys":[3,7],"grid":[" )!)","00","00","00"," *!(","04","04"," +!'","07","07","07"," ,!&","11","11","11"," -!%"]},"2885":{"keys":[7,3],"grid":[" "," "," "," "," ","!! 0","05","05","05","!# /","09","09","09","!$ .","13","13"]}},"2164":{"2884":{"keys":[7,3],"grid":[" "," "," "," "," "," "," "," ","!# /","!$ .","!& ,","!( *","!) )","!+ '","!- %","!. $"]},"2885":{"keys":[3,7],"grid":[" 0!!"," "," "," "," "," "," "," "," "," "," "," "," "," "," "," "]}},"2167":{"2894":{"keys":[3,7],"grid":[" +!'"," ,!&","01"," -!%"," .!$"," /!#"," 0!!","06"," "," "," "," "," "," "," "," "]},"2893":{"keys":[3,7],"grid":[" !!0","00","00"," #!/","03","03","03"," $!.","07"," %!-"," &!,"," '!+","11"," (!*"," )!)"," *!("]},"2892":{"keys":[7,3],"grid":[" "," "," "," "," "," "," "," "," "," "," "," "," "," "," ","!! 0"]}},"2166":{"2889":{"keys":[7,3],"grid":[" "," ","!! 0","02","02","02","!# /","06","06","06","!$ .","10","10","10","!% -","14"]},"2891":{"keys":[3,7],"grid":[" )!)"," *!(","01","01","01"," +!'","05","05"," ,!&","08","08","08"," -!%","12","12","12"]},"2890":{"keys":[3,7],"grid":[" %!-"," &!,","01","01","01"," '!+","05","05","05"," (!*","09","09","09"," )!)","13","13"]},"2892":{"keys":[3,7],"grid":[" .!$","00","00","00"," /!#","04","04","04"," 0!!","08","08"," "," "," "," "," "]}},"2161":{"2882":{"keys":[7,3],"grid":[" "," "," "," "," "," "," "," "," "," "," ","!# /","!$ .","!& ,","!( *","!) )"]},"2883":{"keys":[3,7],"grid":[" +!'"," -!%"," .!$"," 0!!"," "," "," "," "," "," "," "," "," "," "," "," "]}},"2160":{"2882":{"keys":[7,3],"grid":[" ","!! 0","!$ .","!& ,","!' +","!) )","!* (","!, &","!. $","!/ #","!","!","!","!","!","!"]}},"2163":{"2883":{"keys":[7,3],"grid":[" "," "," "," "," "," "," "," "," "," "," "," "," "," ","!! 0","!$ ."]},"2884":{"keys":[3,7],"grid":[" &!,"," '!+"," )!)"," *!("," ,!&"," .!$"," /!#"," "," "," "," "," "," "," "," "," "]}},"2162":{"2883":{"keys":[7,3],"grid":[" "," "," "," ","!! 0","!# /","!% -","!' +","!( *","!* (","!, &","!- %","!/ #","!","!","!"]}},"2299":{"3011":{"keys":[3,7],"grid":[" "," "," "," "," ","!! 0","!# /","!& ,","!/ #","!0 !","!","!","!","!","!","!"]},"2993":{"keys":[7,3],"grid":[" "," /!#"," -!%"," +!'"," )!)"," '!+"," $!."," !!0","!","!","!","!","!","!","!","!"]},"3014":{"keys":[7,3],"grid":[" "," "," "," "," "," "," "," "," "," "," "," "," "," 0!!","13","13"]},"3015":{"keys":[7,3],"grid":[" 0!!"," /!#","01","01"," .!$","04","04","04"," ,!&"," *!("," (!*"," &!,"," $!."," !!0","!","!"]}},"2298":{"3011":{"keys":[7,3],"grid":[" -!%"," .!$"," 0!!"," "," "," "," "," "," "," "," "," "," "," "," "," "]},"2994":{"keys":[3],"grid":[" "," "," "," "," "," "," "," "," "," "," "," "," "," "," "," "]},"3010":{"keys":[3,7],"grid":[" "," "," "," "," "," "," "," "," ","!! 0","!# /","!% -","!& ,","!( *","!* (","!+ '"]},"2993":{"keys":[7,3],"grid":[" "," "," "," "," "," "," "," "," 0!!"," .!$"," ,!&"," *!("," (!*"," &!,"," $!."," !!0"]},"3016":{"keys":[7,3],"grid":[" ,!&"," *!("," )!)"," '!+"," %!-"," #!/","!","!","!","!","!","!","!","!","!","!"]},"3015":{"keys":[7,3],"grid":[" "," "," "," "," "," "," "," "," "," "," "," "," "," "," 0!!"," .!$"]},"3009":{"keys":[7,3],"grid":[" #!/"," !!0","01","01","!","!","!","!","!","!","!","!","!","!","!","!"]},"3008":{"keys":[3,7],"grid":[" ","!! 0","!# /","!$ .","!% -","04","!& ,","06","04","04","03","03","03","02","02","02"]}},"2129":{"2863":{"keys":[7,3],"grid":[" "," "," "," ","!# /","!% -","!& ,","!( *","!) )","!+ '","!- %","!. $","!0 !","!","!","!"]}},"2293":{"3018":{"keys":[7,3],"grid":[" "," "," "," "," "," "," "," "," /!#"," -!%"," +!'"," )!)"," '!+"," %!-"," #!/","!"]},"2995":{"keys":[7,3],"grid":[" "," "," "," "," "," "," "," "," "," "," "," "," "," "," "," 0!!"]},"2996":{"keys":[7,3],"grid":[" .!$"," -!%","00","00"," /!#","04"," 0!!","06"," "," "," "," "," "," "," "," "]}},"2292":{"3018":{"keys":[7],"grid":[" "," "," "," "," "," "," "," "," "," "," "," "," "," "," "," "]},"3019":{"keys":[7,3],"grid":[" /!#"," -!%"," ,!&"," *!("," (!*"," &!,"," $!."," !!0","!","!","!","!","!","!","!","!"]}},"2291":{"3019":{"keys":[7,3],"grid":[" "," "," "," "," "," "," "," "," 0!!"," .!$"," ,!&"," *!("," (!*"," &!,"," $!."," !!0"]},"3020":{"keys":[3],"grid":[" "," "," "," "," "," "," "," "," "," "," "," "," "," "," "," "]}},"2290":{"3020":{"keys":[7,3],"grid":[" 0!!"," .!$"," -!%"," +!'"," )!)"," '!+"," %!-"," #!/","!","!","!","!","!","!","!","!"]}},"2297":{"2994":{"keys":[7,3],"grid":[" 0!!"," .!$"," ,!&"," *!("," (!*"," &!,"," $!."," !!0","!","!","!","!","!","!","!","!"]},"3010":{"keys":[7,3],"grid":[" .!$","00","00","00"," /!#","04"," 0!!","06"," "," "," "," "," "," "," "," "]},"3016":{"keys":[7,3],"grid":[" "," "," "," "," "," "," "," /!#"," -!%"," +!'"," )!)"," '!+"," %!-"," #!/","!","!"]},"3005":{"keys":[7,3],"grid":[" $!."," %!-","01","01"," &!,","04","04","04","04","04"," '!+","04","04","04","01","00"]},"3004":{"keys":[7,3],"grid":[" $!.","00","00"," #!/","03","03","03","03","03","03","03","03","03","03","03","00"]},"3007":{"keys":[3,7],"grid":[" "," "," "," "," "," "," "," "," "," "," "," "," ","!# /","!' +","!+ '"]},"3006":{"keys":[7,3],"grid":[" #!/"," !!0","01","!","!","!","!","!","!","!","!","!","!","!","!","!"]},"3003":{"keys":[7,3],"grid":[" !!0","00"," #!/","02","00","00","00","00","00","!","00","02","02"," $!.","13","13"]},"3002":{"keys":[3,7],"grid":[" "," "," ","!! 0","03","03","03","03","03","03","03","03","03","03","03","03"]},"3009":{"keys":[7,3],"grid":[" "," "," "," "," "," "," 0!!"," /!#","07"," .!$"," -!%","09","09","09","09","09"]},"3008":{"keys":[7,3],"grid":[" /!#"," "," "," "," "," "," "," "," "," "," "," "," "," "," "," "]}},"2296":{"3016":{"keys":[7,3],"grid":[" "," "," "," "," "," "," "," "," "," "," "," "," "," "," "," /!#"]},"2994":{"keys":[7,3],"grid":[" "," "," "," "," "," "," "," "," 0!!"," .!$"," ,!&"," )!)"," '!+"," %!-"," #!/","!"]},"3017":{"keys":[7,3],"grid":[" -!%"," +!'"," *!("," (!*"," &!,"," $!."," !!0","!","!","!","!","!","!","!","!","!"]},"3007":{"keys":[7,3],"grid":[" 0!!"," /!#","01"," .!$","03"," -!%"," ,!&","06"," +!'","08","08","08","01"," "," "," "]},"3006":{"keys":[7,3],"grid":[" "," "," "," 0!!"," /!#"," .!$"," -!%","05","04","03","03"," "," "," ","03","03"]},"3001":{"keys":[7,3],"grid":[" %!-","00"," &!,","02"," '!+","04"," (!*","06"," )!)","08"," *!(","10"," +!'","12"," ,!&","14"]},"3000":{"keys":[3,7],"grid":[" "," "," "," "," "," "," "," "," "," ","!! 0","10","!# /","12","!$ .","14"]},"3002":{"keys":[7,3],"grid":[" .!$"," /!#"," "," "," "," "," "," "," "," "," "," "," "," "," "," "]}},"2295":{"2998":{"keys":[3,7],"grid":[" "," "," "," "," "," "," "," "," "," ","!! 0","10","!# /","12","!$ .","14"]},"2999":{"keys":[7,3],"grid":[" %!-","00"," &!,","02"," '!+","04"," (!*","06"," )!)","08"," *!(","10"," +!'","12"," ,!&","14"]},"2994":{"keys":[7],"grid":[" "," "," "," "," "," "," "," "," "," "," "," "," "," "," "," "]},"3017":{"keys":[7,3],"grid":[" "," "," "," "," "," "," "," 0!!"," .!$"," ,!&"," *!("," (!*"," &!,"," $!."," !!0","!"]},"2995":{"keys":[7,3],"grid":[" /!#"," -!%"," +!'"," )!)"," '!+"," %!-"," #!/","!","!","!","!","!","!","!","!","!"]},"3000":{"keys":[7,3],"grid":[" -!%","00"," .!$","02"," /!#","04"," 0!!","06"," "," "," "," "," "," "," "," "]}},"2294":{"2998":{"keys":[7,3],"grid":[" -!%","00"," .!$","02"," /!#","04"," 0!!","06"," "," "," "," "," "," "," "," "]},"3018":{"keys":[7,3],"grid":[" .!$"," ,!&"," +!'"," )!)"," '!+"," %!-"," #!/","!","!","!","!","!","!","!","!","!"]},"2995":{"keys":[7,3],"grid":[" "," "," "," "," "," "," "," "," /!#"," -!%"," +!'"," )!)"," '!+"," %!-"," #!/","!"]},"2996":{"keys":[3,7],"grid":[" "," "," "," "," "," "," "," "," "," ","!! 0","10","!# /","12","!$ .","14"]},"3017":{"keys":[7,3],"grid":[" "," "," "," "," "," "," "," "," "," "," "," "," "," "," "," 0!!"]},"2997":{"keys":[7,3],"grid":[" %!-","00"," &!,","02"," '!+","04"," (!*","06"," )!)","08"," *!(","10"," +!'","12"," ,!&","14"]}},"2190":{"2910":{"keys":[7,3],"grid":[" "," "," "," "," "," "," "," "," "," "," "," "," 0!!"," -!%"," )!)"," %!-"]},"2911":{"keys":[3],"grid":[" "," "," "," "," "," "," "," "," "," "," "," "," "," "," "," "]}},"2191":{"2910":{"keys":[7,3],"grid":[" "," "," "," "," "," "," "," "," 0!!"," ,!&"," (!*"," $!.","!","!","!","!"]}},"2192":{"2910":{"keys":[7,3],"grid":[" "," "," "," "," "," "," "," $!( '","!. $","!","!","!","!","!","!","!"]}},"2193":{"2910":{"keys":[7,3],"grid":[" "," "," "," "," "," "," "," "," ","!! 0","!% -","!) )","!- %","!0 !","!","!"]},"2920":{"keys":[3,7],"grid":[" .!$","00"," -!%"," ,!&","02"," /!#"," 0!!"," "," "," "," "," "," "," "," "," "]},"2919":{"keys":[3,7],"grid":[" "," "," "," "," "," "," "," "," "," "," "," "," "," 0!!","13"," /!#"]}},"2194":{"2910":{"keys":[7,3],"grid":[" "," "," "," "," "," "," "," "," "," "," "," "," "," ","!$ .","!& ,"]},"2911":{"keys":[3,7],"grid":[" '!+"," (!*"," )!)","02"," *!("," +!'"," ,!&"," -!%"," .!$"," /!#"," 0!!"," "," "," "," "," "]},"2921":{"keys":[3,7],"grid":[" 0!!"," "," "," "," "," "," "," "," "," "," "," "," "," "," "," "]},"2920":{"keys":[7,3],"grid":[" "," "," "," "," "," "," ","!! 0","!# /","!% -","!& ,","!( *","!* (","!+ '","!- %","!. $"]},"2918":{"keys":[3,7],"grid":[" "," "," "," "," 0!!","04"," /!#"," .!$","07"," -!%","09"," ,!&"," +!'","12"," *!("," )!)"]},"2919":{"keys":[3,7],"grid":[" )!)"," (!*"," '!+","02"," &!,"," %!-","05"," $!.","07"," #!/"," !!0","10","!","!","!","!"]}},"2195":{"2911":{"keys":[7,3],"grid":[" "," "," "," "," "," "," "," "," "," "," "," "," ","!! 0","!# /","!$ ."]},"2912":{"keys":[3,7],"grid":[" %!-"," &!,"," '!+"," (!*"," )!)","04"," *!("," +!'"," ,!&"," -!%"," .!$"," /!#"," 0!!"," "," "," "]},"2916":{"keys":[3,7],"grid":[" "," "," "," "," "," "," "," "," "," "," "," 0!!","11"," /!#","13"," .!$"]},"2917":{"keys":[3,7],"grid":[" -!%","00"," ,!&"," +!'","03"," *!("," )!)","06"," (!*"," '!+","09"," &!,","11"," %!-"," $!.","14"]},"2918":{"keys":[3,7],"grid":[" #!/"," !!0","01","!","!","!","!","!","!","!","!","!","!","!","!","!"]},"2921":{"keys":[7,3],"grid":[" "," ","!# /","!$ .","!& ,","!( *","!) )","!+ '","!, &","!. $","!/ #","!","!","!","!","!"]}},"2196":{"2912":{"keys":[7,3],"grid":[" "," "," "," "," "," "," "," "," "," "," "," "," "," ","!! 0","14"]},"2913":{"keys":[3,7],"grid":[" #!/"," $!."," %!-"," &!,"," '!+"," (!*"," )!)"," *!(","07"," +!'"," ,!&"," -!%"," .!$"," /!#"," 0!!"," "]},"2915":{"keys":[3,7],"grid":[" "," "," "," 0!!"," /!#","04"," .!$"," -!%","07"," ,!&"," +!'","10"," *!("," )!)","13"," (!*"]},"2916":{"keys":[3,7],"grid":[" (!*"," '!+"," &!,","02"," %!-"," $!.","05"," #!/"," !!0","08","!","!","!","!","!","!"]},"2921":{"keys":[7,3],"grid":[" "," "," "," "," "," "," "," "," "," "," "," ","!! 0","!$ .","!& ,","!' +"]},"2922":{"keys":[3,7],"grid":[" )!)"," *!("," ,!&"," -!%"," /!#"," "," "," "," "," "," "," "," "," "," "," "]}},"2197":{"2913":{"keys":[7],"grid":[" "," "," "," "," "," "," "," "," "," "," "," "," "," "," "," "]},"2923":{"keys":[3],"grid":[" "," "," "," "," "," "," "," "," "," "," "," "," "," "," "," "]},"2922":{"keys":[7,3],"grid":[" "," "," "," "," "," ","!! 0","!$ .","!% -","!' +","!( *","!* (","!+ '","!- %","!/ #","!0 !"]},"2914":{"keys":[3,7],"grid":[" !!0","00"," #!/"," $!."," %!-"," &!,"," '!+"," (!*","06","05","05","04","03","03","02","00"]},"2915":{"keys":[3,7],"grid":[" !!0","!","!","!","!","!","!","!","!","!","!","!","!","!","!","!"]}},"2198":{"2923":{"keys":[3,7],"grid":[" !!0"," #!/"," %!-"," &!,"," (!*"," )!)"," +!'"," -!%"," .!$"," 0!!"," "," "," "," "," "," "]}},"2199":{"2923":{"keys":[7,3],"grid":[" "," "," "," "," "," "," "," "," "," "," ","!# /","!$ .","!& ,","!( *","!) )"]},"2924":{"keys":[3,7],"grid":[" +!'"," ,!&"," .!$"," /!#"," "," "," "," "," "," "," "," "," "," "," "," "]}},"2053":{"2846":{"keys":[7,3],"grid":[" "," "," "," "," "," "," "," "," "," "," "," "," "," "," %!* $"," !!0"]},"2847":{"keys":[3],"grid":[" "," "," "," "," "," "," "," "," "," "," "," "," "," "," "," "]}},"2200":{"2924":{"keys":[7,3],"grid":[" "," "," "," "," ","!! 0","!$ .","!& ,","!' +","!) )","!* (","!, &","!- %","!/ #","!0 !","!"]}},"2201":{"2925":{"keys":[3,7],"grid":[" $!."," %!-"," '!+"," (!*"," *!("," +!'"," -!%"," /!#"," 0!!"," "," "," "," "," "," "," "]},"2924":{"keys":[7,3],"grid":[" "," "," "," "," "," "," "," "," "," "," "," "," "," "," ","!! 0"]}},"2202":{"2925":{"keys":[7,3],"grid":[" "," "," "," "," "," "," "," "," ","!! 0","!# /","!% -","!& ,","!( *","!) )","!+ '"]},"2926":{"keys":[3,7],"grid":[" -!%"," .!$"," 0!!"," "," "," "," "," "," "," "," "," "," "," "," "," "]}},"2203":{"3040":{"keys":[3],"grid":[" "," "," "," "," "," "," "," "," "," "," "," "," "," "," "," "]},"3039":{"keys":[3,7],"grid":[" "," "," "," "," "," "," "," 0!!","07","07","07"," /!#","11","07","07","07"]},"2926":{"keys":[7,3],"grid":[" "," "," "," ","!# /","!$ .","!& ,","!( *","!) )","!+ '","!, &","!. $","!/ #","!","!","!"]}},"2204":{"3038":{"keys":[3,7],"grid":[" &!,","00","00","00"," %!-","04","04","04"," $!.","08","08","08"," #!/","12","12"," !!0"]},"3039":{"keys":[3,7],"grid":[" !!0","00","00","!","!","!","!","!","!","!","!","!","!","!","!","!"]},"3034":{"keys":[3,7],"grid":[" '!+","00","00","00","00"," &!,","05","05","05","05","05","05","05","05","05","05"]},"3035":{"keys":[3,7],"grid":[" &!,"," %!-","01","01","01","01","01","01","01","01","01","01","01","01","00","00"]},"3036":{"keys":[3,7],"grid":[" &!,","00","00"," '!+","03","03","03","03","03"," (!*","09","09","09","09"," )!)","14"]},"3037":{"keys":[3,7],"grid":[" *!(","00","00","00","00","00"," )!)","06","06","06"," (!*","10"," '!+","12","12","12"]},"2927":{"keys":[3,7],"grid":[" &!,"," '!+"," )!)"," *!("," ,!&"," -!%"," /!#"," "," "," "," "," "," "," "," "," "]},"2926":{"keys":[7,3],"grid":[" "," "," "," "," "," "," "," "," "," "," "," "," "," ","!! 0","!$ ."]},"3032":{"keys":[3,7],"grid":[" "," "," "," "," "," 0!!","05","05"," /!#","08","08"," .!$","11","11"," -!%","14"]},"3041":{"keys":[3,7],"grid":[" &!,","00"," '!+","02","02"," (!*","05","05"," )!)","08","08"," *!(","11","11"," +!'","14"]},"3040":{"keys":[7,3],"grid":[" "," "," ","!! 0","03","03","!# /","06","06","!$ .","09","09","!% -","12","12","!& ,"]},"3043":{"keys":[3],"grid":[" "," "," "," "," "," "," "," "," "," "," "," "," "," "," "," "]},"3042":{"keys":[3,7],"grid":[" +!'"," ,!&","01","01"," -!%","04","04"," .!$","07","07"," /!#","10","10"," 0!!","13","13"]},"3033":{"keys":[3,7],"grid":[" -!%"," ,!&","01"," +!'","03"," *!(","05"," )!)","07"," (!*","09","09"," '!+","12","12","12"]}},"2205":{"2928":{"keys":[3,7],"grid":[" /!#"," 0!!"," "," "," "," "," "," "," "," "," "," "," "," "," "," "]},"3031":{"keys":[3,7],"grid":[" "," "," "," "," /!#"," -!%"," ,!&"," +!'"," )!)"," (!*","09"," '!+"," &!,"," %!-","13"," $!."]},"3032":{"keys":[3,7],"grid":[" #!/"," !!0","01","!","!","!","!","!","!","!","!","!","!","!","!","!"]},"2927":{"keys":[7,3],"grid":[" "," "," "," "," "," "," "," ","!! 0","!$ .","!% -","!' +","!( *","!* (","!+ '","!- %"]},"3043":{"keys":[7,3],"grid":[" "," ","!! 0","02","02","!# /","05","05","!$ .","08","08","!% -","11","11","!& ,","14"]},"3045":{"keys":[3,7],"grid":[" ,!&","00","00"," -!%"," /!#"," 0!!"," "," "," "," "," "," "," "," "," "," "]},"3044":{"keys":[3,7],"grid":[" &!,"," '!+","01","01"," (!*","04","04"," )!)","07","07"," *!(","10","10"," +!'","13","13"]}},"2206":{"2928":{"keys":[7,3],"grid":[" "," ","!! 0","!# /","!% -","!& ,","!( *","!* (","!+ '","!- %","!. $","!0 !","!","!","!","!"]},"3030":{"keys":[3,7],"grid":[" "," "," "," "," "," "," "," "," "," "," "," "," "," 0!!"," ,!&"," *!("]},"3031":{"keys":[3,7],"grid":[" (!*"," %!-"," #!/","!","!","!","!","!","!","!","!","!","!","!","!","!"]},"3045":{"keys":[7,3],"grid":[" "," "," "," "," "," ","!! 0","!$ .","!% -","!' +","!( *","!* (","!+ '","!- %","!. $","!0 !"]},"3046":{"keys":[3],"grid":[" "," "," "," "," "," "," "," "," "," "," "," "," "," "," "," "]}},"2207":{"2929":{"keys":[3,7],"grid":[" (!*"," )!)"," +!'"," ,!&"," .!$"," /!#"," "," "," "," "," "," "," "," "," "," "]},"2928":{"keys":[7,3],"grid":[" "," "," "," "," "," "," "," "," "," "," "," "," ","!# /","!% -","!& ,"]},"3030":{"keys":[3,7],"grid":[" "," "," "," "," "," "," "," "," "," "," 0!!"," -!%"," +!'","!","!","!"]},"3046":{"keys":[3,7],"grid":[" !!0"," #!/"," %!-"," &!,"," (!*"," )!)"," +!'"," ,!&"," .!$"," 0!!"," "," "," "," "," "," "]}},"2208":{"2929":{"keys":[7,3],"grid":[" "," "," "," "," "," "," ","!# /","!$ .","!& ,","!' +","!) )","!* (","!, &","!. $","!/ #"]},"3030":{"keys":[3,7],"grid":[" "," "," "," 0!!"," -!%"," )!)"," (!*"," '!+"," %!-"," #!/","!","!","!","!","!","!"]},"2930":{"keys":[3],"grid":[" "," "," "," "," "," "," "," "," "," "," "," "," "," "," "," "]},"3047":{"keys":[3,7],"grid":[" *!("," ,!&"," -!%"," /!#"," "," "," "," "," "," "," "," "," "," "," "," "]},"3046":{"keys":[7,3],"grid":[" "," "," "," "," "," "," "," "," "," "," ","!# /","!$ .","!& ,","!' +","!) )"]}},"2058":{"2847":{"keys":[7,3],"grid":[" "," "," "," "," "," /!#"," *!("," &!,"," !!0","!","!","!","!","!","!","!"]}},"2118":{"2857":{"keys":[3,7],"grid":[" 0!!"," "," "," "," "," "," "," "," "," "," "," "," "," "," "," "]},"2856":{"keys":[7,3],"grid":[" "," "," "," "," "," "," "," ","!! 0","!$ .","!& ,","!' +","!) )","!+ '","!, &","!. $"]}},"2119":{"2857":{"keys":[7,3],"grid":[" "," ","!# /","!$ .","!& ,","!( *","!) )","!+ '","!- %","!. $","!0 !","!","!","!","!","!"]}},"2110":{"2851":{"keys":[7,3],"grid":[" "," "," "," "," "," "," "," "," "," "," "," ","!# /","!$ .","!& ,","!( *"]},"2852":{"keys":[3,7],"grid":[" *!("," +!'"," -!%"," /!#"," "," "," "," "," "," "," "," "," "," "," "," "]}},"2248":{"3034":{"keys":[7,3],"grid":[" "," "," "," "," /!#"," +!'"," &!,","!","!","!","!","!","!","!","!","!"]}},"2112":{"2853":{"keys":[3,7],"grid":[" &!,"," '!+"," )!)"," +!'"," -!%"," .!$"," 0!!"," "," "," "," "," "," "," "," "," "]},"2852":{"keys":[7,3],"grid":[" "," "," "," "," "," "," "," "," "," "," "," "," "," ","!! 0","!$ ."]}},"2113":{"2853":{"keys":[7,3],"grid":[" "," "," "," "," "," "," ","!! 0","!$ .","!% -","!' +","!) )","!+ '","!, &","!. $","!0 !"]},"2854":{"keys":[3],"grid":[" "," "," "," "," "," "," "," "," "," "," "," "," "," "," "," "]}},"2114":{"2854":{"keys":[7,3],"grid":[" ","!# /","!% -","!& ,","!( *","!) )","!+ '","!- %","!. $","!0 !","!","!","!","!","!","!"]}},"2115":{"2855":{"keys":[3,7],"grid":[" +!'"," -!%"," /!#"," 0!!"," "," "," "," "," "," "," "," "," "," "," "," "]},"2854":{"keys":[7,3],"grid":[" "," "," "," "," "," "," "," "," "," ","!! 0","!# /","!% -","!& ,","!( *","!* ("]}},"2116":{"2855":{"keys":[7,3],"grid":[" "," "," "," ","!! 0","!$ .","!% -","!' +","!( *","!* (","!, &","!- %","!/ #","!","!","!"]}},"2249":{"3034":{"keys":[7,3],"grid":[" "," -!%"," )!)"," $!.","!","!","!","!","!","!","!","!","!","!","!","!"]}},"2121":{"2858":{"keys":[7,3],"grid":[" "," "," "," "," ","!! 0","!# /","!% -","!' +","!( *","!* (","!, &","!- %","!/ #","!","!"]}},"2120":{"2858":{"keys":[3,7],"grid":[" *!("," +!'"," -!%"," /!#"," 0!!"," "," "," "," "," "," "," "," "," "," "," "]},"2857":{"keys":[7,3],"grid":[" "," "," "," "," "," "," "," "," "," "," "," ","!# /","!% -","!& ,","!( *"]}},"2123":{"2859":{"keys":[7,3],"grid":[" "," "," "," "," "," "," "," "," ","!! 0","!$ .","!& ,","!' +","!) )","!+ '","!, &"]},"2860":{"keys":[3,7],"grid":[" .!$"," 0!!"," "," "," "," "," "," "," "," "," "," "," "," "," "," "]}},"2264":{"3030":{"keys":[7,3],"grid":[" "," "," "," "," "," "," "," "," "," "," "," "," "," .!$"," *!("," %!-"]},"3031":{"keys":[3],"grid":[" "," "," "," "," "," "," "," "," "," "," "," "," "," "," "," "]}},"2183":{"2909":{"keys":[3,7],"grid":[" .!$"," /!#"," 0!!"," "," "," "," "," "," "," "," "," "," "," "," "," "]},"2908":{"keys":[7,3],"grid":[" "," "," "," "," "," "," ","!! 0","!# /","!% -","!& ,","!' +","!( *","!* (","!+ '","!, &"]}},"2182":{"2903":{"keys":[7,3],"grid":[" "," "," "," "," "," "," "," "," "," "," ","!! 0","!# /","12"," "," "]},"2907":{"keys":[3,7],"grid":[" '!+","00"," (!*","02"," )!)","04"," *!(","06","06"," +!'","09","09","09"," ,!&","13","13"]},"2906":{"keys":[3,7],"grid":[" &!,"," %!-","01"," $!.","03"," #!/","05"," !!0","05","05","03","03","01","01","00","00"]},"2905":{"keys":[7,3],"grid":[" "," "," "," "," "," "," "," "," "," "," ","!! 0","!# /","!$ .","!% -","!& ,"]},"2897":{"keys":[7],"grid":[" "," "," "," "," "," "," "," "," "," "," "," "," "," "," "," "]},"2908":{"keys":[3,7],"grid":[" -!%","00","00","00"," .!$"," /!#"," "," "," "," "," "," "," "," "," "," "]}},"2181":{"2903":{"keys":[3,7],"grid":[" ,!&"," -!%","01","01"," .!$","04"," /!#"," 0!!","07"," "," "," "," "," "," ","07"]},"2902":{"keys":[3,7],"grid":[" '!+","00","00","00"," (!*","04","04"," )!)","07"," *!(","09","09"," +!'","12"," ,!&","14"]},"2901":{"keys":[3,7],"grid":[" %!-","00","00","00","00"," &!,","05","05","05","05","05","05","05","05"," '!+","14"]},"2900":{"keys":[3,7],"grid":[" '!+","00"," &!,","02","02","02"," %!-","06","06","06"," $!.","06","06","06","06","06"]},"2899":{"keys":[3,7],"grid":[" ,!&"," +!'","01","01"," *!(","04","04","04"," )!)","08","08"," (!*","11","11","11"," '!+"]},"2898":{"keys":[3,7],"grid":[" 0!!","00"," /!#","02","02","02"," .!$","06","06","06"," -!%","10","10"," ,!&","13","13"]},"2905":{"keys":[3,7],"grid":[" /!#","00","00","00","00","00","00","00","00"," 0!!","09"," "," "," "," "," "]},"2904":{"keys":[3,7],"grid":[" /!#"," .!$","01","01","01","01","01","01","01","00","00","00","00","00","00","00"]},"2897":{"keys":[3,7],"grid":[" +!'"," ,!&","01","01"," -!%"," .!$"," /!#","06"," 0!!","08","08"," "," "," "," ","08"]},"2896":{"keys":[7,3],"grid":[" "," "," "," "," "," "," "," "," "," "," "," "," "," "," %!% )"," #!) '"]}},"2122":{"2859":{"keys":[3,7],"grid":[" $!."," %!-"," '!+"," )!)"," *!("," ,!&"," .!$"," /!#"," "," "," "," "," "," "," "," "]},"2858":{"keys":[7,3],"grid":[" "," "," "," "," "," "," "," "," "," "," "," "," "," "," ","!! 0"]}},"2187":{"2911":{"keys":[7,3],"grid":[" "," 0!!"," /!#"," .!$"," -!%"," ,!&","05"," +!'"," *!("," )!)"," (!*"," '!+"," &!,"," %!-"," $!."," #!/"]},"2912":{"keys":[7,3],"grid":[" !!0","!","!","!","!","!","!","!","!","!","!","!","!","!","!","!"]}},"2186":{"2912":{"keys":[7,3],"grid":[" "," "," "," 0!!"," /!#"," .!$"," -!%"," %!-","!","!","!","!","!","!","!","!"]}},"2185":{"2910":{"keys":[7],"grid":[" "," "," "," "," "," "," "," "," "," "," "," "," "," "," "," "]},"2911":{"keys":[3,7],"grid":[" !!0","00"," #!/","02","02"," $!.","05","05"," %!-","08","08"," &!,","11","11"," '!+","14"]},"2912":{"keys":[3,7],"grid":[" '!+","00"," (!*","02","02"," )!)","05","05"," *!! '"," "," "," "," "," "," "," "]}},"2111":{"2852":{"keys":[7,3],"grid":[" "," "," "," "," ","!! 0","!$ .","!& ,","!( *","!) )","!+ '","!- %","!/ #","!0 !","!","!"]}},"2189":{"2910":{"keys":[7,3],"grid":[" "," "," "," "," "," "," "," "," "," "," ","!# /","!% -","!( *","!+ '","!. $"]},"2911":{"keys":[3],"grid":[" "," "," "," "," "," "," "," "," "," "," "," "," "," "," "," "]}},"2188":{"2910":{"keys":[7,3],"grid":[" "," "," "," "," "," "," "," "," (!# ("," '!' %"," '!* !"," &!,"," %!-"," $!."," #!/"," !!0"]},"2911":{"keys":[3],"grid":[" "," "," "," "," "," "," "," "," "," "," "," "," "," "," "," "]}},"2270":{"3029":{"keys":[7,3],"grid":[" "," "," "," "," "," "," "," "," 0!!"," +!'"," &!,"," !!0","!","!","!","!"]}},"2213":{"3027":{"keys":[3,7],"grid":[" !!0","!","!","!","!","!","!","!","!","!","!","!","!","!","!","!"]},"3026":{"keys":[3,7],"grid":[" .!$"," -!%"," ,!&","02"," +!'"," *!("," )!)","06"," (!*"," '!+"," &!,","10"," %!-"," $!.","13"," #!/"]},"3025":{"keys":[3,7],"grid":[" "," "," "," "," "," "," "," "," "," "," "," "," "," 0!!"," /!#","14"]},"2932":{"keys":[7,3],"grid":[" "," "," "," "," "," "," "," "," "," ","!# /","!$ .","!& ,","!' +","!) )","!* ("]},"2933":{"keys":[3,7],"grid":[" ,!&"," -!%"," /!#"," "," "," "," "," "," "," "," "," "," "," "," "," "]},"3049":{"keys":[7,3],"grid":[" "," "," "," "," "," "," "," "," "," "," "," "," "," ","!! 0","!# /"]},"3050":{"keys":[3,7],"grid":[" %!-"," &!,"," (!*"," *!("," +!'"," -!%"," .!$"," 0!!"," "," "," "," "," "," "," "," "]}},"2212":{"3027":{"keys":[3,7],"grid":[" "," "," "," 0!!"," /!#"," .!$","05"," -!%"," ,!&"," +!'"," *!(","10"," )!)"," (!*"," '!+","14"]},"3049":{"keys":[7,3],"grid":[" "," "," "," ","!! 0","!$ .","!% -","!' +","!( *","!* (","!, &","!- %","!/ #","!0 !","!","!"]},"3028":{"keys":[3,7],"grid":[" &!,"," %!-"," $!.","02"," #!/"," !!0","!","!","!","!","!","!","!","!","!","!"]},"2932":{"keys":[3,7],"grid":[" #!/"," $!."," &!,"," (!*"," )!)"," +!'"," ,!&"," .!$"," /!#"," "," "," "," "," "," "," "]},"2931":{"keys":[7],"grid":[" "," "," "," "," "," "," "," "," "," "," "," "," "," "," "," "]}},"2211":{"3049":{"keys":[3,7],"grid":[" ,!&"," .!$"," /!#"," "," "," "," "," "," "," "," "," "," "," "," "," "]},"3048":{"keys":[7,3],"grid":[" "," "," "," "," "," "," "," "," "," ","!# /","!$ .","!& ,","!' +","!) )","!+ '"]},"2931":{"keys":[7,3],"grid":[" "," "," "," "," ","!! 0","!# /","!% -","!& ,","!( *","!) )","!+ '","!- %","!. $","!0 !","!"]},"3029":{"keys":[3,7],"grid":[" *!("," )!)"," (!*"," '!+","03"," &!,"," %!-"," $!.","07","!","!","!","!","!","!","!"]},"3028":{"keys":[3,7],"grid":[" "," "," "," "," "," "," "," "," 0!!"," /!#"," .!$"," -!%","11"," ,!&"," +!'"," *!("]}},"2210":{"2930":{"keys":[7,3],"grid":[" "," "," "," "," "," "," "," "," "," "," ","!! 0","!# /","!% -","!' +","!( *"]},"3048":{"keys":[3,7],"grid":[" #!/"," %!-"," &!,"," (!*"," )!)"," +!'"," -!%"," .!$"," 0!!"," "," "," "," "," "," "," "]},"3029":{"keys":[3,7],"grid":[" "," "," "," "," "," "," "," "," "," "," -!%"," *!("," '!+"," #!/","!","!"]},"3047":{"keys":[7,3],"grid":[" "," "," "," "," "," "," "," "," "," "," "," "," "," "," ","!! 0"]},"2931":{"keys":[3,7],"grid":[" *!("," +!'"," -!%"," .!$"," 0!!"," "," "," "," "," "," "," "," "," "," "," "]}},"2217":{"2935":{"keys":[7,3],"grid":[" "," "," ","!# /","!$ .","!& ,","!( *","!) )","!+ '","!, &","!. $","!/ #","!","!","!","!"]},"3023":{"keys":[3,7],"grid":[" (!*"," '!+"," &!,"," %!-"," $!."," #!/"," !!0","!","!","!","!","!","!","!","!","!"]},"3022":{"keys":[3,7],"grid":[" "," "," "," "," "," "," "," "," /!#"," .!$"," -!%"," ,!&"," +!'"," *!("," )!)","14"]},"3050":{"keys":[7,3],"grid":[" "," "," "," "," "," "," "," "," "," "," "," "," "," ","!","!"]}},"2179":{"2897":{"keys":[7,3],"grid":[" %!-","00"," $!."," #!/","03"," !!0","05","!","!","!","!","!","!","!","!","!"]},"2896":{"keys":[7,3],"grid":[" "," "," "," "," "," "," "," "," "," "," "," -!%"," *!("," '!+"," &!,","14"]}},"2215":{"2934":{"keys":[3,7],"grid":[" %!-"," '!+"," (!*"," *!("," +!'"," -!%"," .!$"," 0!!"," "," "," "," "," "," "," "," "]},"3024":{"keys":[3,7],"grid":[" &!,"," %!-"," $!."," #!/"," !!0","!","!","!","!","!","!","!","!","!","!","!"]},"3023":{"keys":[3,7],"grid":[" "," "," "," "," "," "," "," "," "," "," "," "," "," "," *!' !"," '!+"]},"2933":{"keys":[7,3],"grid":[" "," "," "," "," "," "," "," "," "," "," "," "," "," ","!! 0","!# /"]},"3050":{"keys":[7,3],"grid":[" "," "," "," "," "," "," "," "," "," "," "," "," "," ","!","!"]}},"2214":{"3025":{"keys":[3,7],"grid":[" *!("," )!)"," (!*"," '!+","03"," &!,"," %!-"," $!.","07"," #!/"," !!0","10","!","!","!","!"]},"3024":{"keys":[3,7],"grid":[" "," "," "," "," "," "," 0!!","06"," /!#","08"," .!$"," -!%","11"," ,!&"," +!'"," *!("]},"2933":{"keys":[7,3],"grid":[" "," "," "," ","!! 0","!$ .","!% -","!' +","!( *","!* (","!, &","!- %","!/ #","!0 !","!","!"]},"3050":{"keys":[7,3],"grid":[" "," "," "," "," "," "," "," "," ","!# /","!$ .","!& ,","!( *","!) )","!","!"]}},"2240":{"3038":{"keys":[7,3],"grid":[" "," "," "," "," "," "," "," "," 0!!"," .!$"," -!%"," +!'"," *!("," (!*"," &!,"," %!-"]},"3039":{"keys":[7,3],"grid":[" #!/","!","!","!","!","!","!","!","!","!","!","!","!","!","!","!"]}},"2219":{"3018":{"keys":[3,7],"grid":[" $!.","00"," #!/","02","02"," !!0","05","05","05","05","05","05","05","05","!","!"]},"3012":{"keys":[3,7],"grid":[" 0!!"," /!#"," .!$","02"," -!%","04"," ,!&","06"," +!'","08","08","08"," *!(","12","12","12"]},"3013":{"keys":[3,7],"grid":[" *!("," )!)","01","01"," (!*","04","04"," '!+","07","07","07","07","07","07","07","07"]},"3011":{"keys":[3],"grid":[" "," "," "," "," "," "," "," "," "," "," "," "," "," "," "," "]},"3016":{"keys":[3,7],"grid":[" !!0","00","00","00"," #!/","04","04"," $!.","07"," %!-","09","09"," &!,","12","12"," '!+"]},"3017":{"keys":[3,7],"grid":[" '!+","00","00","00"," (!*","04","04","04","00","00","00"," &!,","11"," %!-","13","13"]},"3014":{"keys":[3,7],"grid":[" '!+","00","00","00","00","00","00","00","00","00","00","00","00","00"," &!,","14"]},"3015":{"keys":[3,7],"grid":[" &!,","00","00","00"," %!-","04","04"," $!.","07","07"," #!/","10","10","10"," !!0","14"]},"3050":{"keys":[7,3],"grid":[" "," "," "," "," "," "," "," "," "," "," "," "," "," ","!","!"]},"2946":{"keys":[3,7],"grid":[" /!#","00","00","00"," 0!!","04","04","04","04","04"," "," "," "," "," "," "]},"2945":{"keys":[3,7],"grid":[" ,!&"," -!%","01","01","01","01","01"," .!$","07","07","07","07","07","07"," /!#","14"]},"2944":{"keys":[3,7],"grid":[" *!(","00","00","00","00"," +!'","05","05","05","05","05"," ,!&","11","11","11","11"]},"2943":{"keys":[3,7],"grid":[" '!+","00"," (!*","02","02","02","02","02","02"," )!)","09","09","09","09","09"," *!("]},"2942":{"keys":[3,7],"grid":[" %!-","00","00","00","00","00"," &!,","06","06","06","06","06"," '!+","12","12","12"]},"2941":{"keys":[3,7],"grid":[" !!0","00","00"," #!/","03","03","03","03","03","03"," $!.","10","10","10","10","10"]},"2940":{"keys":[7,3],"grid":[" "," "," "," "," "," "," "," "," "," "," "," "," ","!! 0","13","13"]}},"2218":{"3018":{"keys":[3],"grid":[" "," "," "," "," "," "," "," "," "," "," "," "," "," "," "," "]},"3019":{"keys":[3,7],"grid":[" "," 0!!","01"," /!#","03"," .!$","05"," -!%","07","07"," ,!&","10","10"," +!'","13","13"]},"2938":{"keys":[3,7],"grid":[" *!(","00"," +!'","02","02","02","02","02"," ,!&","08","08","08","08","08"," -!%","14"]},"2939":{"keys":[3,7],"grid":[" -!%","00","00","00"," .!$","04","04","04","04","04","04"," /!#","11","11","11","11"]},"2936":{"keys":[3,7],"grid":[" %!-","00","00"," &!,","03","03","03","03","03"," '!+","09","09","09","09","09"," (!*"]},"2937":{"keys":[3,7],"grid":[" (!*","00","00","00","00"," )!)","05","05","05","05","05","05"," *!(","12","12","12"]},"2935":{"keys":[7,3],"grid":[" "," "," "," "," "," "," "," "," "," "," "," "," ","!# /","!$ .","!% -"]},"3022":{"keys":[3,7],"grid":[" %!-","00","00"," $!."," #!/","04"," !!0","!","!","!","!","!","!","!","!","!"]},"3021":{"keys":[3,7],"grid":[" (!*","00","00","00","00","00","00","00","00"," '!+","09"," &!,","11","11","11"," %!-"]},"3020":{"keys":[3,7],"grid":[" *!(","00","00"," )!)","03","03"," (!*","06","06","06","06","06","06","06","06","06"]},"3050":{"keys":[7,3],"grid":[" "," "," "," "," "," "," "," "," "," "," "," "," "," ","!","!"]},"2940":{"keys":[3,7],"grid":[" /!#"," 0!!","01","01","01","01","01"," "," "," "," "," "," "," "," "," "]}},"2265":{"3030":{"keys":[7,3],"grid":[" "," "," "," "," "," "," "," "," "," "," ,!&"," '!+"," #!/","!","!","!"]}},"2241":{"3037":{"keys":[7,3],"grid":[" "," "," "," "," "," "," "," "," "," "," "," "," "," "," 0!!"," /!#"]},"3038":{"keys":[7,3],"grid":[" -!%"," +!'"," *!("," (!*"," &!,"," %!-"," #!/"," !!0","!","!","!","!","!","!","!","!"]}},"2082":{"2837":{"keys":[7,3],"grid":[" "," "," "," "," "," "," "," "," "," "," "," "," "," "," .!$"," *!("]},"2838":{"keys":[7,3],"grid":[" '!+"," $!.","!","!","!","!","!","!","!","!","!","!","!","!","!","!"]}},"2109":{"2851":{"keys":[7,3],"grid":[" "," ","!! 0","!$ .","!% -","!' +","!) )","!* (","!, &","!. $","!/ #","!","!","!","!","!"]}},"2108":{"2851":{"keys":[3,7],"grid":[" /!#"," 0!!"," "," "," "," "," "," "," "," "," "," "," "," "," "," "]},"2850":{"keys":[7,3],"grid":[" "," "," "," "," "," "," "," "," ","!# /","!$ .","!& ,","!( *","!* (","!+ '","!- %"]}},"2131":{"2864":{"keys":[7,3],"grid":[" "," "," "," "," "," "," ","!! 0","!$ .","!% -","!' +","!) )","!* (","!, &","!. $","!/ #"]},"2865":{"keys":[3],"grid":[" "," "," "," "," "," "," "," "," "," "," "," "," "," "," "," "]}},"2054":{"2846":{"keys":[7,3],"grid":[" "," "," "," "," "," "," "," "," "," "," "," "," "," "," ","!# #!! ,"]},"2847":{"keys":[3,7],"grid":[" '!+"," %!# !!*","01"," (!*","03"," ,!% !"," -!! $"," "," "," "," "," "," "," "," "," "]}},"2128":{"2862":{"keys":[7,3],"grid":[" "," "," "," "," "," "," "," "," "," ","!# /","!$ .","!& ,","!' +","!) )","!+ '"]},"2863":{"keys":[3,7],"grid":[" ,!&"," .!$"," 0!!"," "," "," "," "," "," "," "," "," "," "," "," "," "]}},"2103":{"2847":{"keys":[7,3],"grid":[" "," "," "," "," "," "," "," "," ","!! 0","!$ .","!% -","!& ,","!( *","!* (","!+ '"]},"2848":{"keys":[3,7],"grid":[" -!%"," .!$"," 0!!"," "," "," "," "," "," "," "," "," "," "," "," "," "]}},"2102":{"2846":{"keys":[7,3],"grid":[" "," "," "," "," "," "," "," "," "," "," "," "," "," "," ","!! 0"]},"2847":{"keys":[3,7],"grid":[" !!0"," $!."," &!,"," (!*"," )!)"," +!'"," -!%"," /!#"," 0!!"," "," "," "," "," "," "," "]}},"2101":{"2846":{"keys":[7,3],"grid":[" "," "," "," "," "," "," ","!# /","!% -","!' +","!) )","!+ '","!- %","!/ #","!","!"]}},"2117":{"2855":{"keys":[7,3],"grid":[" "," "," "," "," "," "," "," "," "," "," "," "," "," ","!! 0","!$ ."]},"2856":{"keys":[3,7],"grid":[" %!-"," '!+"," )!)"," *!("," ,!&"," .!$"," /!#"," "," "," "," "," "," "," "," "," "]}},"2107":{"2850":{"keys":[3,7],"grid":[" #!/"," %!-"," '!+"," )!)"," *!("," ,!&"," .!$"," /!#"," "," "," "," "," "," "," "," "]},"2849":{"keys":[7,3],"grid":[" "," "," "," "," "," "," "," "," "," "," "," "," "," "," ","!! 0"]}},"2106":{"2849":{"keys":[7,3],"grid":[" "," "," "," "," "," ","!! 0","!$ .","!% -","!' +","!) )","!+ '","!, &","!. $","!0 !","!"]}},"2105":{"2848":{"keys":[7,3],"grid":[" "," "," "," "," "," "," "," "," "," "," "," "," ","!! 0","!$ .","!& ,"]},"2849":{"keys":[3,7],"grid":[" '!+"," )!)"," +!'"," -!%"," .!$"," 0!!"," "," "," "," "," "," "," "," "," "," "]}},"2104":{"2848":{"keys":[7,3],"grid":[" "," "," ","!! 0","!# /","!% -","!' +","!( *","!* (","!+ '","!- %","!/ #","!0 !","!","!","!"]}},"2081":{"2838":{"keys":[7,3],"grid":[" "," "," 0!!"," -!%"," *!("," &!,"," #!/","!","!","!","!","!","!","!","!","!"]}},"2086":{"2837":{"keys":[7,3],"grid":[" "," "," "," "," "," "," "," "," "," "," "," ","!! 0","!$ .","!& ,","!( *"]},"2838":{"keys":[3,7],"grid":[" )!)"," +!'"," -!%"," /!#"," 0!!"," "," "," "," "," "," "," "," "," "," "," "]}},"2087":{"2838":{"keys":[7,3],"grid":[" "," "," "," "," ","!! 0","!$ .","!% -","!' +","!) )","!+ '","!, &","!. $","!0 !","!","!"]}},"2084":{"2837":{"keys":[7,3],"grid":[" "," "," "," "," /!#"," ,!&"," )!)"," %!-"," !!0","!","!","!","!","!","!","!"]}},"2085":{"2837":{"keys":[7,3],"grid":[" "," "," "," !!! /","!$ .","!& ,","!( *","!* (","!+ '","!- %","!/ #","!","!","!","!","!"]}},"2252":{"3033":{"keys":[7,3],"grid":[" "," "," "," "," "," "," 0!!"," ,!&"," '!+"," !!0","!","!","!","!","!","!"]}},"2136":{"2868":{"keys":[3,7],"grid":[" /!#"," "," "," "," "," "," "," "," "," "," "," "," "," "," "," "]},"2867":{"keys":[7,3],"grid":[" "," "," "," "," "," "," "," ","!! 0","!$ .","!& ,","!' +","!) )","!+ '","!, &","!. $"]}},"2137":{"2868":{"keys":[7,3],"grid":[" "," ","!# /","!$ .","!& ,","!( *","!) )","!+ '","!- %","!. $","!0 !","!","!","!","!","!"]}},"2134":{"2866":{"keys":[7,3],"grid":[" "," "," "," ","!! 0","!# /","!% -","!& ,","!( *","!* (","!+ '","!- %","!/ #","!0 !","!","!"]}},"2135":{"2866":{"keys":[7,3],"grid":[" "," "," "," "," "," "," "," "," "," "," "," "," "," ","!! 0","!$ ."]},"2867":{"keys":[3,7],"grid":[" %!-"," '!+"," )!)"," *!("," ,!&"," -!%"," /!#"," "," "," "," "," "," "," "," "," "]}},"2132":{"2865":{"keys":[7,3],"grid":[" ","!! 0","!$ .","!& ,","!' +","!) )","!+ '","!, &","!. $","!0 !","!","!","!","!","!","!"]}},"2133":{"2865":{"keys":[7,3],"grid":[" "," "," "," "," "," "," "," "," "," "," ","!# /","!$ .","!& ,","!( *","!) )"]},"2866":{"keys":[3,7],"grid":[" +!'"," -!%"," .!$"," 0!!"," "," "," "," "," "," "," "," "," "," "," "," "]}},"2228":{"3045":{"keys":[7,3],"grid":[" "," "," "," "," "," "," "," "," "," "," "," "," "," "," "," 0!!"]},"3046":{"keys":[7,3],"grid":[" .!$"," -!%"," +!'"," *!("," (!*"," &!,"," %!-"," #!/","!","!","!","!","!","!","!","!"]}},"2229":{"3045":{"keys":[7,3],"grid":[" "," "," "," "," "," 0!!"," /!#"," -!%"," +!'"," *!("," (!*"," &!,"," %!-"," #!/"," !!0","!"]}},"2226":{"2989":{"keys":[3,7],"grid":[" .!$"," /!#","01","01","01","01","01","01"," 0!!","08","08","08","08","08"," "," "]},"2988":{"keys":[3,7],"grid":[" ,!&","00","00","00","00"," -!%","05","05","05","05","05"," .!$","11","11","11","11"]},"2983":{"keys":[7],"grid":[" "," "," "," "," "," "," "," "," "," "," "," "," "," "," "," "]},"2987":{"keys":[3,7],"grid":[" )!)","00","00"," *!(","03","03","03","03","03"," +!'","09","09","09","09","09"," ,!&"]},"2992":{"keys":[3,7],"grid":[" "," "," "," "," "," "," "," 0!!","07","07"," /!#","10"," .!$","12","12"," -!%"]},"2993":{"keys":[3,7],"grid":[" -!%","00"," ,!&","02","02"," +!'","05"," *!(","07","07"," )!)","10","10"," (!*","13","13"]},"2994":{"keys":[3,7],"grid":[" '!+","00"," &!,","02","02"," %!-","05","05"," $!.","08","08"," #!/","11"," !!0","13","13"]},"2986":{"keys":[3,7],"grid":[" '!+","00","00","00","00","00"," (!*","06","06","06","06","06","06"," )!)","13","13"]},"2985":{"keys":[3,7],"grid":[" $!.","00","00","00"," %!-","04","04","04","04","04"," &!,","10","10","10","10","10"]},"2984":{"keys":[7,3],"grid":[" ","!! 0","01","01","01","01","01","!# /","07","07","07","07","07","!$ .","13","13"]},"2990":{"keys":[3],"grid":[" "," "," "," "," "," "," "," "," "," "," "," "," "," "," "," "]},"3047":{"keys":[7,3],"grid":[" "," "," "," 0!!"," .!$"," -!%"," +!'"," )!)"," (!*"," &!,"," $!."," #!/","!","!","!","!"]},"2995":{"keys":[7],"grid":[" "," "," "," "," "," "," "," "," "," "," "," "," "," "," "," "]}},"2227":{"2990":{"keys":[7,3],"grid":[" "," "," "," ","!! 0","04","04","04","04","04","04","!# /","11","11","11","11"]},"2991":{"keys":[3,7],"grid":[" #!/"," $!.","01","01","01","01","01"," %!-","07","07","07","07","01","01","01","00"]},"2992":{"keys":[3,7],"grid":[" #!/"," !!0","01","01","!","!","!","!","!","!","!","!","!","!","!","!"]},"3047":{"keys":[7,3],"grid":[" %!-"," #!/","!","!","!","!","!","!","!","!","!","!","!","!","!","!"]},"3046":{"keys":[7,3],"grid":[" "," "," "," "," "," "," "," "," "," 0!!"," .!$"," -!%"," +!'"," )!)"," (!*"," &!,"]}},"2224":{"2998":{"keys":[3,7],"grid":[" 0!!","00"," /!#","02"," .!$","04","04"," -!%","07","07"," ,!&","10"," +!'","12","12"," *!("]},"2999":{"keys":[3,7],"grid":[" *!(","00"," )!)","02","02"," (!*","05"," '!+","07","07"," &!,","10","10"," %!-","13","13"]},"2997":{"keys":[3,7],"grid":[" "," "," "," "," "," "," "," "," "," "," "," "," "," "," "," 0!!"]},"3049":{"keys":[3],"grid":[" "," "," "," "," "," "," "," "," "," "," "," "," "," "," "," "]},"3048":{"keys":[7,3],"grid":[" "," "," "," "," "," "," "," /!#"," .!$"," ,!&"," +!'"," )!)"," '!+"," &!,"," $!."," #!/"]},"3000":{"keys":[3,7],"grid":[" $!.","00"," #!/","02","02"," !!0","05","05","!","!","!","!","!","!","!","!"]},"2972":{"keys":[3,7],"grid":[" #!/","00","00","00","00"," $!.","05","05","05","05","05"," %!-","11","11","11","11"]},"2973":{"keys":[3,7],"grid":[" %!-"," &!,","01","01","01","01","01"," '!+","07","07","07","07","07","07","07","07"]},"2971":{"keys":[7,3],"grid":[" "," "," "," "," "," "," "," "," ","!! 0","09","09","09","09","09","!# /"]},"2976":{"keys":[3,7],"grid":[" -!%","00","00","00","00"," .!$","05","05","05","05","05"," /!#","11","11","11","11"]},"2977":{"keys":[3,7],"grid":[" /!#"," 0!!","01","01","01","01","01"," "," "," "," "," "," "," "," "," "]},"2974":{"keys":[3,7],"grid":[" '!+"," (!*","01","01","01","01","01"," )!)","07","07","07","07","07"," *!(","13","13"]},"2975":{"keys":[3,7],"grid":[" *!(","00","00"," +!'","03","03","03","03","03"," ,!&","09","09","09","09","09"," -!%"]}},"2225":{"2983":{"keys":[3,7],"grid":[" /!#","00","00","00"," 0!!","04","04","04","04","04"," "," "," "," "," "," "]},"2982":{"keys":[3,7],"grid":[" ,!&"," -!%","01","01","01","01","01","01"," .!$","08","08","08","08","08"," /!#","14"]},"2981":{"keys":[3,7],"grid":[" *!(","00","00","00","00"," +!'","05","05","05","05","05"," ,!&","11","11","11","11"]},"2980":{"keys":[3,7],"grid":[" '!+","00"," (!*","02","02","02","02","02"," )!)","08","08","08","08","08","08"," *!("]},"2995":{"keys":[3,7],"grid":[" "," "," "," 0!!","03","03"," /!#","06"," .!$","08","08"," -!%","11","11"," ,!&","14"]},"2996":{"keys":[3,7],"grid":[" ,!&"," +!'","01"," *!(","03","03"," )!)","06","06"," (!*","09","09"," '!+","12"," &!,","14"]},"2997":{"keys":[3,7],"grid":[" &!,"," %!-","01","01"," $!.","04","04"," #!/","07"," !!0","09","09","!","!","!","!"]},"3048":{"keys":[7,3],"grid":[" +!'"," )!)"," (!*"," &!,"," $!."," #!/","!","!","!","!","!","!","!","!","!","!"]},"2978":{"keys":[3,7],"grid":[" !!0","00","00"," #!/","03","03","03","03","03"," $!.","09","09","09","09","09","09"]},"2979":{"keys":[3,7],"grid":[" %!-","00","00","00","00","00"," &!,","06","06","06","06","06"," '!+","12","12","12"]},"2977":{"keys":[7,3],"grid":[" "," "," "," "," "," "," "," "," "," "," "," "," ","!! 0","13","13"]},"3047":{"keys":[7,3],"grid":[" "," "," "," "," "," "," "," "," "," "," "," "," "," 0!!"," .!$"," ,!&"]}},"2222":{"2965":{"keys":[3,7],"grid":[" 0!!"," "," "," "," "," "," "," "," "," "," "," "," "," "," "," "]},"2964":{"keys":[3,7],"grid":[" .!$","00","00","00","00"," /!#","05","05","05","05","05"," 0!!","11","11","11","11"]},"3003":{"keys":[3,7],"grid":[" "," "," "," "," "," "," 0!!","06","06"," /!#","09","09"," .!$","12","12"," -!%"]},"2961":{"keys":[3,7],"grid":[" &!,","00","00","00"," '!+","04","04","04","04","04"," (!*","10","10","10","10","10"]},"2960":{"keys":[3,7],"grid":[" #!/"," $!.","01","01","01","01","01","01"," %!-","08","08","08","08","08"," &!,","14"]},"2963":{"keys":[3,7],"grid":[" +!'","00"," ,!&","02","02","02","02","02","02"," -!%","09","09","09","09","09"," .!$"]},"2962":{"keys":[3,7],"grid":[" )!)","00","00","00","00","00"," *!(","06","06","06","06","06"," +!'","12","12","12"]},"3005":{"keys":[3,7],"grid":[" '!+","00"," &!,","02","02"," %!-","05"," $!.","07","07"," #!/","10","10"," !!0","13","13"]},"3004":{"keys":[3,7],"grid":[" -!%"," ,!&","01","01"," +!'","04","04"," *!(","07"," )!)","09","09"," (!*","12","12"," '!+"]},"3006":{"keys":[7],"grid":[" "," "," "," "," "," "," "," "," "," "," "," "," "," "," "," "]},"2959":{"keys":[7,3],"grid":[" "," "," "," "," ","!! 0","05","05","05","05","05","!# /","11","11","11","11"]},"3049":{"keys":[7,3],"grid":[" "," "," "," "," "," "," "," "," "," "," "," /!#"," .!$"," ,!&"," *!("," )!)"]},"3050":{"keys":[7,3],"grid":[" '!+"," &!,"," $!."," !!0","!","!","!","!","!","!","!","!","!","!","!","!"]}},"2223":{"2965":{"keys":[7,3],"grid":[" "," "," "," "," "," "," "," ","!! 0","08","08","08","08","08","!# /","14"]},"2967":{"keys":[3,7],"grid":[" &!,","00","00","00","00","00"," '!+","06","06","06","06","06"," (!*","12","12","12"]},"2966":{"keys":[3,7],"grid":[" #!/","00","00","00"," $!.","04","04","04","04","04"," %!-","10","10","10","10","10"]},"2969":{"keys":[3,7],"grid":[" +!'","00","00","00","00"," ,!&","05","05","05","05","05"," -!%","11","11","11","11"]},"2968":{"keys":[3,7],"grid":[" (!*","00"," )!)","02","02","02","02","02"," *!(","08","08","08","08","08"," +!'","14"]},"3049":{"keys":[7,3],"grid":[" "," /!#"," .!$"," ,!&"," +!'"," )!)"," '!+"," &!,"," $!."," !!0","!","!","!","!","!","!"]},"3001":{"keys":[3,7],"grid":[" .!$","00","00"," -!%","03","03"," ,!&","06"," +!'","08","08"," *!(","11","11"," )!)","14"]},"3000":{"keys":[3,7],"grid":[" "," "," "," "," "," "," "," "," "," "," "," 0!!","11"," /!#","13","13"]},"3003":{"keys":[3,7],"grid":[" #!/"," !!0","01","01","!","!","!","!","!","!","!","!","!","!","!","!"]},"3002":{"keys":[3,7],"grid":[" (!*","00","00"," '!+","03","03"," &!,","06","06"," %!-","09"," $!.","11","11"," #!/","14"]},"2970":{"keys":[3,7],"grid":[" -!%"," .!$","01","01","01","01","01"," /!#","07","07","07","07","07"," 0!!","13","13"]},"2971":{"keys":[3,7],"grid":[" 0!!","00","00"," "," "," "," "," "," "," "," "," "," "," "," "," "]}},"2138":{"2868":{"keys":[7,3],"grid":[" "," "," "," "," "," "," "," "," "," "," ","!! 0","!# /","!% -","!& ,","!( *"]},"2869":{"keys":[3,7],"grid":[" *!("," +!'"," -!%"," /!#"," 0!!"," "," "," "," "," "," "," "," "," "," "," "]}},"2221":{"2952":{"keys":[7],"grid":[" "," "," "," "," "," "," "," "," "," "," "," "," "," "," "," "]},"3007":{"keys":[3,7],"grid":[" +!'","00","00"," *!(","03"," )!)","05"," (!*","07"," '!+","09","09"," &!,","12","12"," %!-"]},"3006":{"keys":[3,7],"grid":[" "," "," "," 0!!"," /!#","04","04"," .!$","07","07"," -!%","10","10"," ,!&","13","13"]},"2958":{"keys":[3,7],"grid":[" .!$","00","00"," /!#","03","03","03","03","03"," 0!!","09","09","09","09","09"," "]},"2959":{"keys":[3],"grid":[" "," "," "," "," "," "," "," "," "," "," "," "," "," "," "," "]},"2954":{"keys":[3,7],"grid":[" $!.","00","00","00","00"," %!-","05","05","05","05","05"," &!,","11","11","11","11"]},"2955":{"keys":[3,7],"grid":[" &!,","00"," '!+","02","02","02","02","02"," (!*","08","08","08","08","08"," )!)","14"]},"2956":{"keys":[3,7],"grid":[" )!)","00","00","00"," *!(","04","04","04","04","04"," +!'","10","10","10","10","10"]},"2957":{"keys":[3,7],"grid":[" ,!&","00","00","00","00","00"," -!%","06","06","06","06","06","06"," .!$","13","13"]},"3008":{"keys":[3,7],"grid":[" %!-"," $!.","01","01"," #!/","04","04"," !!0","07","07","!","!","!","!","!","!"]},"3050":{"keys":[7,3],"grid":[" "," "," "," "," "," /!#"," -!%"," ,!&"," *!("," )!)"," '!+"," %!-"," $!."," !!0","!","!"]},"2953":{"keys":[7,3],"grid":[" "," "," ","!! 0","03","03","03","03","03","!# /","09","09","09","09","09","!$ ."]}},"2056":{"2847":{"keys":[7,3],"grid":[" "," .!! #"," -!# #","02"," (!$ !!$ #"," %!+ #"," %!, !","!$ !!-","07","!","!","!","!","!","!","!"]}},"2220":{"3009":{"keys":[3,7],"grid":[" 0!!"," /!#","01","01","01"," .!$","05","05"," -!%","08","08"," ,!&","11","11"," +!'"," *!("]},"3010":{"keys":[3,7],"grid":[" )!)","00"," (!*"," '!+","03","03","03","02","02","02","00"," *!("," +!'","12","12","12"]},"3011":{"keys":[3,7],"grid":[" +!'"," *!(","01","01"," )!)","04"," (!*"," '!+","07"," &!,"," %!-"," $!."," #!/"," !!0","!","!"]},"3008":{"keys":[3,7],"grid":[" "," "," "," "," "," "," "," "," "," "," "," "," "," "," 0!!","14"]},"2952":{"keys":[3,7],"grid":[" /!#","00","00","00","00","00","00"," 0!!","07","07","07","07","07"," "," "," "]},"2949":{"keys":[3,7],"grid":[" '!+","00","00","00","00"," (!*","05","05","05","05","05"," )!)","11","11","11","11"]},"2948":{"keys":[3,7],"grid":[" $!.","00","00"," %!-","03","03","03","03","03"," &!,","09","09","09","09","09"," '!+"]},"2947":{"keys":[3,7],"grid":[" !!0","00","00","00","00","00"," #!/","06","06","06","06","06","06"," $!.","13","13"]},"2946":{"keys":[7],"grid":[" "," "," "," "," "," "," "," "," "," "," "," "," "," "," "," "]},"2950":{"keys":[3,7],"grid":[" )!)","00"," *!(","02","02","02","02","02"," +!'","08","08","08","08","08"," ,!&","14"]},"2951":{"keys":[3,7],"grid":[" ,!&","00","00","00"," -!%","04","04","04","04","04"," .!$","10","10","10","10","10"]},"3050":{"keys":[7,3],"grid":[" "," "," "," "," "," "," "," "," "," "," "," "," "," ","!","!"]}},"2251":{"3033":{"keys":[7,3],"grid":[" "," "," "," "," "," "," "," "," "," "," .!$"," )!)"," $!.","!","!","!"]}},"2168":{"2895":{"keys":[3,7],"grid":[" (!*"," )!)","01"," *!("," +!'"," ,!&"," -!%","06"," .!$"," /!#"," 0!!"," "," "," "," "," "]},"2894":{"keys":[7,3],"grid":[" "," "," "," "," "," "," "," "," ","!! 0","!# /","!$ .","11","!% -","!& ,","!' +"]}},"2080":{"2838":{"keys":[7,3],"grid":[" "," "," "," "," "," "," "," /!#"," ,!&"," )!)"," %!-"," !!0","!","!","!","!"]}},"2126":{"2861":{"keys":[7,3],"grid":[" "," "," "," "," "," ","!! 0","!# /","!% -","!' +","!( *","!* (","!, &","!- %","!/ #","!"]}},"2260":{"3031":{"keys":[7,3],"grid":[" "," "," "," "," "," "," "," "," "," "," "," -!%"," )!)"," $!.","!","!"]}},"2250":{"3034":{"keys":[7,3],"grid":[" !!0","!","!","!","!","!","!","!","!","!","!","!","!","!","!","!"]},"3033":{"keys":[7,3],"grid":[" "," "," "," "," "," "," "," "," "," "," "," "," "," 0!!"," +!'"," &!,"]}},"2239":{"3039":{"keys":[7,3],"grid":[" "," "," 0!!"," .!$"," -!%"," +!'"," )!)"," (!*"," &!,"," %!-"," #!/","!","!","!","!","!"]}},"2238":{"3040":{"keys":[7,3],"grid":[" )!)"," (!*"," &!,"," $!."," #!/","!","!","!","!","!","!","!","!","!","!","!"]},"3039":{"keys":[7,3],"grid":[" "," "," "," "," "," "," "," "," "," "," "," "," 0!!"," .!$"," -!%"," +!'"]}},"2088":{"2839":{"keys":[3,7],"grid":[" %!-"," '!+"," (!*"," *!("," ,!&"," .!$"," /!#"," "," "," "," "," "," "," "," "," "]},"2838":{"keys":[7,3],"grid":[" "," "," "," "," "," "," "," "," "," "," "," "," "," ","!! 0","!# /"]}},"2089":{"2840":{"keys":[3],"grid":[" "," "," "," "," "," "," "," "," "," "," "," "," "," "," "," "]},"2839":{"keys":[7,3],"grid":[" "," "," "," "," "," "," "," ","!# /","!% -","!& ,","!( *","!* (","!, &","!- %","!/ #"]}},"2125":{"2860":{"keys":[7,3],"grid":[" "," "," "," "," "," "," "," "," "," "," "," ","!! 0","!# /","!% -","!& ,"]},"2861":{"keys":[3,7],"grid":[" (!*"," *!("," +!'"," -!%"," /!#"," 0!!"," "," "," "," "," "," "," "," "," "," "]}},"2130":{"2863":{"keys":[7,3],"grid":[" "," "," "," "," "," "," "," "," "," "," "," "," ","!! 0","!# /","!% -"]},"2864":{"keys":[3,7],"grid":[" '!+"," (!*"," *!("," +!'"," -!%"," /!#"," 0!!"," "," "," "," "," "," "," "," "," "]}},"2127":{"2861":{"keys":[7],"grid":[" "," "," "," "," "," "," "," "," "," "," "," "," "," "," "," "]},"2862":{"keys":[3,7],"grid":[" !!0"," $!."," %!-"," '!+"," )!)"," *!("," ,!&"," .!$"," /!#"," "," "," "," "," "," "," "]}},"2268":{"3030":{"keys":[7,3],"grid":[" *!("," &!,","!","!","!","!","!","!","!","!","!","!","!","!","!","!"]},"3029":{"keys":[7,3],"grid":[" "," "," "," "," "," "," "," "," "," "," "," "," "," "," "," /!#"]}},"2231":{"3044":{"keys":[7,3],"grid":[" "," 0!!"," /!#"," -!%"," ,!&"," *!("," (!*"," '!+"," %!-"," $!."," !!0","!","!","!","!","!"]}},"2230":{"3045":{"keys":[7,3],"grid":[" (!*"," '!+"," %!-"," #!/"," !!0","!","!","!","!","!","!","!","!","!","!","!"]},"3044":{"keys":[7,3],"grid":[" "," "," "," "," "," "," "," "," "," "," "," 0!!"," /!#"," -!%"," +!'"," *!("]}},"2233":{"3043":{"keys":[7,3],"grid":[" ,!&"," *!("," )!)"," '!+"," %!-"," $!."," !!0","!","!","!","!","!","!","!","!","!"]},"3042":{"keys":[7,3],"grid":[" "," "," "," "," "," "," "," "," "," "," "," "," "," "," /!#"," -!%"]}},"2232":{"3043":{"keys":[7,3],"grid":[" "," "," "," "," "," "," "," "," /!#"," -!%"," ,!&"," *!("," (!*"," '!+"," %!-"," $!."]},"3044":{"keys":[7,3],"grid":[" !!0","!","!","!","!","!","!","!","!","!","!","!","!","!","!","!"]}},"2235":{"3041":{"keys":[7,3],"grid":[" "," "," "," "," "," "," "," "," "," "," /!#"," .!$"," ,!&"," *!("," )!)"," '!+"]},"3042":{"keys":[7,3],"grid":[" &!,"," $!."," !!0","!","!","!","!","!","!","!","!","!","!","!","!","!"]}},"2234":{"3042":{"keys":[7,3],"grid":[" "," "," "," "," /!#"," .!$"," ,!&"," *!("," )!)"," '!+"," &!,"," $!."," !!0","!","!","!"]}},"2237":{"3040":{"keys":[7,3],"grid":[" "," "," "," "," "," "," 0!!"," .!$"," ,!&"," +!'"," )!)"," (!*"," &!,"," $!."," #!/","!"]}},"2236":{"3041":{"keys":[7,3],"grid":[" /!#"," .!$"," ,!&"," +!'"," )!)"," '!+"," &!,"," $!."," #!/","!","!","!","!","!","!","!"]},"3040":{"keys":[7],"grid":[" "," "," "," "," "," "," "," "," "," "," "," "," "," "," "," "]}},"2180":{"2897":{"keys":[3,7],"grid":[" )!( !"," "," "," "," "," "," "," "," "," "," "," "," "," "," "," "]},"2896":{"keys":[7,3],"grid":[" "," "," "," "," "," "," "," "," "," ","!$ .","10","!% -","!& ,","!' +","!( *"]}},"2078":{"2839":{"keys":[7,3],"grid":[" "," .!$"," *!("," '!+"," #!/","!","!","!","!","!","!","!","!","!","!","!"]}},"2276":{"3027":{"keys":[7,3],"grid":[" "," "," "," "," 0!!"," .!$"," ,!&"," *!("," (!*"," &!,"," $!."," !!0","!","!","!","!"]}}}}