{"9":{"142":{"262":{"keys":[18,1,20],"grid":[" ","!# /","!$ .","##!% +","#%!$ %!! %","#'!# !!% $","#(!$##!%","#.!$","#0!!","08","08","08","#","#","#","#"]},"261":{"keys":[18,1],"grid":[" "," "," "," "," "," "," ","!! 0","07","07"," "," "," "," "," "," "]}},"143":{"263":{"keys":[20,1,18],"grid":[" $!##&!! &"," %!( &"," *!# &"," "," "," "," "," "," "," "," "," "," "," "," "," "]},"262":{"keys":[18,1,20],"grid":[" "," "," "," "," "," "," "," "," "," .!$"," .!!##","!! ,!###","!! ,!!#$","!# +!!#$","#!!# *!!#$","##!# '!$#$"]}},"141":{"262":{"keys":[20,1,18],"grid":[" +!$#$"," +!##$!!"," *!##$!#"," *!!#$!$"," *!!##!# #"," *!% $"," +!# %"," "," "," "," "," "," "," "," "," "]},"261":{"keys":[20,1,18],"grid":[" /!!#!"," /!#"," 0!!","02","02","02","02","02","02","01"," *!$ !!##!"," )!##!!$##"," )!!#("," )!##'","13"," *!%#$"]},"260":{"keys":["",18,20,1],"grid":[" )!)","00","00","00"," %!-","04","04","04","04","04","04","04","#) !!(","#)$(!!","#/$!!!","#.$#!!"]}}},"13":{"2299":{"4207":{"keys":[18,20],"grid":[" "," "," "," "," "," "," "," ","!( &!%","!","!","!","!","!","!","!"]}},"2298":{"4208":{"keys":[18,20],"grid":[" -!%","00","00"," ,!&","03","03"," +!'","06","03","06","06","06","06"," *!("," )!)"," (!*"]},"4209":{"keys":[18,20],"grid":[" (!*"," )!)","01","00","00"," '!+"," &!,","06"," %!-","08"," $!.","08","10","10"," #!/","14"]},"4210":{"keys":[18,20],"grid":[" #!/"," !!0","01","!","!","!","!","!","!","!","!","!","!","!","!","!"]},"4207":{"keys":[18,20],"grid":[" "," "," "," "," "," "," "," "," /!#","08","08"," .!$","11","11","11","11"]}},"2293":{"4209":{"keys":[18,20],"grid":[" "," *!! %!#","!' #!)","!","!","!","!","!","!","!","!","!","!","!","!","!"]}},"2292":{"4208":{"keys":[18,20],"grid":[" "," "," "," "," "," "," "," "," "," "," "," "," "," ","!! 0","!# /"]},"4209":{"keys":[20,18],"grid":[" #!/"," $!."," %!( &"," "," "," "," "," "," "," "," "," "," "," "," "," "]}},"2291":{"4208":{"keys":[20,18],"grid":[" )!)","00","00"," *!(","03"," ,!&","05","05","05"," -!%"," .!$"," /!#"," 0!!"," "," "," "]},"4207":{"keys":[18,20],"grid":[" "," "," "," "," "," "," "," "," "," %!! ,","!$ !!! ,","!' +","11","!( *","!) )","13"]}},"2290":{"4206":{"keys":[18,20],"grid":[" "," "," "," "," ","!! 0","05","!# /","05","07","07","07","!$ .","12","!% -","14"]},"4207":{"keys":[20,18],"grid":[" &!,","00","00","00"," (!% !!%"," -!%","05"," .!$"," 0!!"," "," "," "," "," "," "," "]}},"2297":{"4209":{"keys":[18,20],"grid":[" "," "," "," "," "," "," "," "," "," ","!! 0","!# /","!$ .","12","12","!% -"]},"4210":{"keys":[20,18],"grid":[" '!+","00"," (!*"," )!' !!!"," "," "," "," "," "," "," "," "," "," "," "," "]}},"2296":{"4209":{"keys":[18,20],"grid":[" "," "," "," "," (!$ '"," !!* '","!, &","06","06","06","!, $!#","!","!","!","!","!"]}},"2295":{"4209":{"keys":[18,20],"grid":[" "," ","!! 0","!$ .","!& ,","!( *","!+ !!! !!! !!!","!","!","!","!","!","!","!","!","!"]}},"2294":{"4209":{"keys":[18,20],"grid":[" $!# ,","!( &!! $","!","!","!","!","!","!","!","!","!","!","!","!","!","!"]}},"2301":{"4202":{"keys":[18,20],"grid":[" /!#","00"," .!$"," -!%"," ,!&"," *!(","05"," )!)"," (!*","08","08","08","08","08"," '!+"," &!,"]},"4203":{"keys":[18,20],"grid":[" %!-","00"," $!."," !!0","!","!","!","!","!","!","!","!","!","!","!","!"]},"4201":{"keys":[18],"grid":[" "," "," "," "," "," "," "," "," "," "," "," "," "," "," "," "]}},"2300":{"4203":{"keys":[18,20],"grid":[" "," "," "," "," "," "," /!#"," .!$","07","07","07","07","07","07","07","07"]},"4206":{"keys":[18,20],"grid":[" *!("," )!)","01"," (!*"," '!+"," &!,"," %!-","06","06","06","05","04","03","01"," +!'"," -!%"]},"4207":{"keys":[18,20],"grid":[" .!$","00"," -!%","02","02","02","02","02","!' '!%","!( &!%","!","!","!","!","!","!"]},"4204":{"keys":[18,20],"grid":[" /!#"," .!$","01","01","01","01","01","01","01","01"," -!%"," ,!&"," (!*"," '!+"," %!-","14"]},"4205":{"keys":[18,20],"grid":[" &!,","00","00"," (!*"," *!(","04"," ,!&"," -!%","07","07","06","06"," +!'","12","12","04"]}},"2303":{"4201":{"keys":[18,20],"grid":[" "," "," "," "," "," "," "," 0!!"," -!%"," +!'","09","!& $!)","!","!","!","!"]}},"2302":{"4201":{"keys":[18,20],"grid":[" "," "," "," "," "," "," "," "," "," "," "," +!'"," (!*"," '!+"," $!.","!"]}},"2268":{"4173":{"keys":[18,20],"grid":[" "," "," "," ","!* (","!, &","!- %","!. $","!/ #","!","!","!","!","!","!","!"]},"4196":{"keys":[18,20],"grid":[" "," "," "," "," "," "," "," "," "," "," /!! !"," /!#","11","11","11"," 0!!"]},"4197":{"keys":[18,20],"grid":[" 0!!"," /!#"," ,!&"," +!'","03","03"," )!)"," $!."," #!/","08"," !!0","10","!","!","!","!"]},"4192":{"keys":[20,18],"grid":[" %!-"," #!/","01"," !!0","!","!","!","!","!","!","!","!","!","!","!","!"]},"4187":{"keys":[20,18],"grid":[" "," ","!! 0","02","!# /","!$ .","!* &!#","!, #!$","!","!","!","!","!","!","!","!"]},"4191":{"keys":[18,20],"grid":[" "," "," "," "," "," "," "," "," "," "," '!$ (","10"," &!$ )"," $!% *"," #!% +"," !!% ,"]}},"2269":{"4175":{"keys":[20,18],"grid":[" "," "," "," "," "," "," 0!!"," "," "," "," "," "," "," "," "," "]},"4173":{"keys":[18,20],"grid":[" "," "," "," "," "," "," "," "," ","!! 0","!, &","!0 !","!","!","!","!"]},"4196":{"keys":[18,20],"grid":[" /!#","00"," 0!!","00"," ,!! !!$"," %!# %!'"," #!% %!'"," !!' #!("," !!0","08","!","!","!","!","!","!"]},"4195":{"keys":[18],"grid":[" "," "," "," "," "," "," "," "," "," "," "," "," "," "," "," "]},"4187":{"keys":[20,18],"grid":[" +!'"," *!("," (!*","02"," %!! !!+"," #!/","!","!","!","!","!","!","!","!","!","!"]},"4186":{"keys":[20,18],"grid":[" "," "," "," "," "," "," 0!!","06"," /!#","08"," -!%","10"," ,!&","12","12"," +!'"]}},"2266":{"4198":{"keys":[20,18],"grid":[" )!' #"," *!% $"," +!$ $"," ,!! %"," "," "," "," "," "," "," "," "," "," "," "," "]},"4173":{"keys":[18,20],"grid":[" "," "," "," ","!","!","!","!","!","!","!","!","!","!","!","!"]},"4197":{"keys":[18,20],"grid":[" "," "," "," "," "," "," "," "," ","!! 0","!# /","!% -","!& ,","!( *","13","!* ("]},"4194":{"keys":[20,18],"grid":[" )!)"," (!*"," &!,","02"," %!-"," $!."," #!/"," !!0","07","!","!","!","!","!","!","!"]},"4192":{"keys":[20,18],"grid":[" $!# ,"," "," "," "," "," "," "," "," "," "," "," "," "," "," "," "]},"4193":{"keys":[20,18],"grid":[" "," "," "," "," "," "," "," "," "," "," "," 0!!"," -!%"," +!'","13"," )!)"]},"4186":{"keys":[20,18],"grid":[" "," "," "," "," "," "," "," "," "," "," "," (!! )"," '!% '"," &!' !!# #","!# !!.","!"]},"4191":{"keys":[18,20],"grid":[" "," "," "," "," "," "," "," "," "," "," "," ","!! *!$ #!!","!! )!(","!! '!*","!# %!+"]}},"2267":{"4198":{"keys":[20,18],"grid":[" !!% ,"," "," "," "," "," "," "," "," "," "," "," "," "," "," "," "]},"4173":{"keys":[18,20],"grid":[" "," "," "," ","!","!","!","!","!","!","!","!","!","!","!","!"]},"4197":{"keys":[18,20],"grid":[" "," "," "," "," "," "," "," "," "," "," "," "," .!$"," ,!&"," (!*"," '!+"]},"4192":{"keys":[20,18],"grid":[" (!$ '"," )!! ("," "," "," "," 0!!"," /!#","06"," .!$"," -!%"," ,!&","10"," +!'"," )!)","13","13"]},"4193":{"keys":[20,18],"grid":[" )!)"," '!+"," &!,"," %!-"," $!.","04","04","04","04"," !!0","!","!","!","!","!","!"]},"4187":{"keys":[18,20],"grid":[" 0!!"," "," "," "," "," "," "," "," "," "," "," "," "," "," "," "]},"4186":{"keys":[20,18],"grid":[" "," "," "," "," "," "," "," "," "," "," "," #!$ ,"," !!& +"," !!' *","!( *","!) &!! #"]},"4191":{"keys":[18,20],"grid":[" "," "," "," "," "," "," "," "," "," "," !!$ -","!% -","11","!& ,","!& (!! $","!' %!& !"]}},"2264":{"4189":{"keys":[20,18],"grid":[" )!)"," +!'","01","01"," ,!&","04"," -!%","06"," .!$"," /!#"," 0!!"," "," "," "," ","10"]},"4188":{"keys":[20,18],"grid":[" /!#","00","00"," .!$"," ,!&"," *!("," +!'"," -!%","07","04","07","07","03","03","03"," )!$ !!%"]},"4187":{"keys":[20,18],"grid":[" "," "," "," "," "," "," "," "," "," "," "," "," "," "," 0!!"," /!#"]},"4190":{"keys":[20,18],"grid":[" 0!!"," "," "," "," "," "," "," "," "," "," "," "," "," "," "," "]},"4173":{"keys":[20,"",18],"grid":[" -!%","00","00"," 0#!"," "," "," "," "," "," "," "," "," "," "," "," "]}},"2265":{"4189":{"keys":[18,20],"grid":[" "," "," "," "," "," "," "," "," "," "," "," "," "," "," &!! +"," #!$ ,"]},"4173":{"keys":[18,20],"grid":[" "," "," "," ","!","!","!","!","!","!","!","!","!","!","!","!"]},"4196":{"keys":[20,18],"grid":[" &!,"," (!*"," %!-","00"," '!+","00","02","02","02","00","00","00","00","00","00","00"]},"4197":{"keys":[20,18],"grid":[" &!,"," '!+","01","00","01"," )!)","05","05"," ,!&"," /!#","09"," 0!!"," "," "," "," "]},"4194":{"keys":[20,18],"grid":[" "," "," "," "," "," "," "," "," "," "," /!#","10"," .!$","12","12"," -!%"]},"4195":{"keys":[20,18],"grid":[" -!%","00"," ,!&","02","02"," +!'"," *!("," (!*","07"," '!+","09"," &!,"," %!-","12","12","12"]},"4187":{"keys":[20,18],"grid":[" (!*","00","00"," )!)","00"," '!+","00","00"," $!."," %!-","09"," &!,","11","09","!! !!/","!"]},"4186":{"keys":[20,18],"grid":[" "," "," "," "," "," "," "," "," "," "," "," "," "," "," ,!# $"," *!& !!!"]},"4190":{"keys":[18,20],"grid":[" !!% ,","!& ,","01","01","01","01","01","01","01","01","01","01","01","01","01","01"]},"4191":{"keys":[20,18],"grid":[" &!,","00","00","00","00","00","00","00","00"," &!& #!%"," &!$ '!#"," &!# *","11"," &!! +"," "," "]}},"2288":{"4203":{"keys":[18,20],"grid":[" "," "," "," "," "," ","!! 0","!# /","07","!% -","!& ,","!' +","11","!( *","!) )","14"]},"4204":{"keys":[20,18],"grid":[" *!(","00","00","00","00"," )!)","05","00","00","00","00"," +!'","11","11","11"," ,!&"]},"4205":{"keys":[20,18],"grid":[" ,!&","00","00"," -!%","03"," .!$","05"," /!#"," 0!!","08"," "," "," "," "," "," "]}},"2289":{"4206":{"keys":[20,18],"grid":[" %!-"," &!$ &!$"," 0!!"," "," "," "," "," "," "," "," "," "," "," "," "," "]},"4205":{"keys":[18,20],"grid":[" "," "," "," "," "," "," "," "," "," "," ","!! 0","11","!# /","!$ .","14"]}},"2280":{"4198":{"keys":[18,20],"grid":[" "," "," "," 0!!","!$ '!(","!$ $!+","!","!","!","!","!","!","!","!","!","!"]}},"2281":{"4197":{"keys":[18,20],"grid":[" "," "," "," "," "," "," "," "," "," "," "," "," "," .!$"," ,!&"," *!("]},"4198":{"keys":[18,20],"grid":[" (!*"," '!+"," !!0","!","!","!","!","!","!","!","!","!","!","!","!","!"]}},"2282":{"4197":{"keys":[18,20],"grid":[" "," "," "," "," "," -!! !!#"," -!%"," +!'","07"," *!("," (!*"," '!+"," %!-"," !!! #!-","!","!"]}},"2283":{"4196":{"keys":[18],"grid":[" "," "," "," "," "," "," "," "," "," "," "," "," "," "," "," "]},"4197":{"keys":[18,20],"grid":[" '!! $!! &"," &!) $"," %!-"," !!0","!","!","!","!","!","!","!","!","!","!","!","!"]}},"2284":{"4197":{"keys":[18,20],"grid":[" "," ","!! 0","!# /","!% -","!& ,","!( *","!' +","!( #!! '","!+ '","!- %","!, &","11","!/ #","!. $","13"]},"4198":{"keys":[20,18],"grid":[" /!#"," "," "," "," "," "," "," "," "," "," "," "," "," "," "," "]}},"2285":{"4198":{"keys":[18,20],"grid":[" "," ","!! 0","!# /","02","02","03","02","!$ .","!$ #!! +","!' +","!' !!! )","!) )","!) !!% $","!. $","!0 !"]},"4199":{"keys":[20,18],"grid":[" 0!!","00"," "," "," "," "," "," "," "," "," "," "," "," "," "," "]}},"2286":{"4198":{"keys":[18,20],"grid":[" "," "," "," "," "," "," "," "," "," "," "," "," "," "," +!! &"," *!("]},"4199":{"keys":[18,20],"grid":[" (!*","!! &!+","!% #!+","!","!","!","!","!","!","!","!","!","!","!","!","!"]}},"2287":{"4198":{"keys":[18],"grid":[" "," "," "," "," "," "," "," "," "," "," "," "," "," "," "," "]},"4199":{"keys":[18,20],"grid":[" ","!# /","!$ .","02","!% -","04","!& ,","04","06","06","06","06","06","!' +","13","!( *"]},"4202":{"keys":[20,18],"grid":[" -!%","00","00"," .!$","03","03","03","03","03"," /!#","09","09","09","09"," 0!!","09"]},"4203":{"keys":[20,18],"grid":[" /!#","00"," 0!!","02"," "," "," "," "," "," "," "," "," "," "," "," "]},"4200":{"keys":[20,18],"grid":[" (!*","00"," '!+"," %!-"," !!0"," #!/","05","05","05","05"," $!.","10","10","10","10","10"]},"4201":{"keys":[20,18],"grid":[" $!.","00","00"," %!-","03","00","00"," &!,"," '!+"," (!*"," *!("," +!'","11","11"," ,!&"," -!%"]}},"2275":{"4195":{"keys":[18,20],"grid":[" "," "," ","!# /","!% -","04","!& ,","06","!' +","!) )","!+ '","!, &","!- %","!","!","!"]}},"2274":{"4194":{"keys":[18,20],"grid":[" "," "," !!! /","!$ .","03","03","!% -","!& ,","07","07","!( *","!) )","!+ '","!, &","13","!- %"]},"4195":{"keys":[20,18],"grid":[" -!%"," 0!!"," "," "," "," "," "," "," "," "," "," "," "," "," "," "]}},"2277":{"4196":{"keys":[18,20],"grid":[" %!& ("," #!* &","!. $","!0 !","!","!","!","!","!","!","!","!","!","!","!","!"]},"4195":{"keys":[18,20],"grid":[" "," "," "," "," "," "," "," "," "," "," "," "," "," "," "," &!# *"]}},"2276":{"4196":{"keys":[20,18],"grid":[" &!,"," +!'"," +!$ $"," "," "," "," "," "," "," "," "," "," "," "," "," "]},"4195":{"keys":[18,20],"grid":[" "," "," "," "," "," "," "," "," "," "," "," ","!! 0","!# /","!$ .","!% -"]}},"2271":{"4177":{"keys":[18,20],"grid":[" "," "," "," "," "," "," "," "," "," "," "," "," ","!! 0","!$ .","14"]},"4181":{"keys":[20,18],"grid":[" (!*"," '!+","00","01"," %!-"," $!! #!+"," $!# !!+","04"," $!.","08","04","04","04","08","08"," $!! !!,"]},"4180":{"keys":[18,20],"grid":[" ","!! 0","01","!# /","03","03","03","!$ .","07","!& ,","09","09","!' +","12","!( *","12"]},"4194":{"keys":[18,20],"grid":[" (!) !"," (!*","01","01"," '!+"," &!,","05","05","05","05","05","05"," !!0","!","!","12"]},"4195":{"keys":[18,20],"grid":[" #!/","!! !!/","!","!","!","!","!","!","!","!","!","!","!","!","!","!"]},"4185":{"keys":[20,18],"grid":[" "," "," 0!!","02"," /!#"," -!%"," (!# !!'"," &!,","07","07"," %!-"," $!."," #!/"," !!0","!","!"]},"4184":{"keys":[20,18],"grid":[" 0!!","00","00"," "," "," "," "," "," "," "," "," "," "," "," "," "]},"4193":{"keys":[18,20],"grid":[" "," "," "," "," "," "," "," "," "," "," "," +!$ $"," *!% $"," )!% %","13"," (!& %"]},"4179":{"keys":[20,18],"grid":[" &!,","00","00","00","00"," %!-","00","05"," $!.","08","08","08","08"," #!/"," !!0","14"]},"4178":{"keys":[20,18],"grid":[" $!."," %!-","00","01","00"," #!/"," !!0","06","00","01"," &!,","10","10","10","10","10"]},"4182":{"keys":[20,18],"grid":[" '!+"," (!*","01","01"," )!)","04"," ,!&"," -!%","07"," 0!!"," /!#","09","10","10","10","10"]},"4183":{"keys":[20,18],"grid":[" 0!!","00"," /!#","02","02","02","00","02","00"," "," "," "," "," ","00"," "]}},"2270":{"4174":{"keys":[20,18],"grid":[" '!+"," (!*"," )!)"," *!(","03","02","02","02","00"," %!-","09"," $!."," #!/"," !!0","13","13"]},"4175":{"keys":[20,18],"grid":[" #!/"," !!0","00","!","!","!"," !!! !!."," %!-","07"," &!,","09"," &!! %!'"," ,!&"," +!'","13","13"]},"4176":{"keys":[20,18],"grid":[" ,!&","00"," -!%","00","00"," .!$","02"," /!#","02","02","05","05","05","07","07","02"]},"4177":{"keys":[20,18],"grid":[" -!%","00","00","00"," ,!&"," +!'","05","05","05","04","04","04","00"," "," "," "]},"4173":{"keys":[18,20],"grid":[" "," "," "," "," "," "," "," "," "," "," "," ","!! 0","!# /","!% -","!& ,"]},"4194":{"keys":[18,20],"grid":[" "," "," "," "," "," "," "," "," "," "," "," "," /!#","12"," "," "]},"4195":{"keys":[18,20],"grid":[" "," /!#"," *!! #!%"," *!# #!$"," *!(","04"," +!'","04"," (!*","04"," %!# $!("," %!# #!)"," %!-"," $!.","13"," !!0"]},"4185":{"keys":[20,18],"grid":[" "," "," "," "," "," "," "," "," "," "," "," "," "," "," 0!!"," $!! +!#"]},"4186":{"keys":[20,18],"grid":[" $!# #!$ !!&"," !!) !!'"," !!0"," $!."," #!/","02","!","!","!","!","!","!","!","!","!","!"]}},"2273":{"4194":{"keys":[20,18],"grid":[" -!%"," /!#"," /!! !"," "," "," "," "," "," "," "," "," "," "," "," "," "]},"4193":{"keys":[18,20],"grid":[" "," "," "," "," "," "," "," "," "," "," "," "," !!# ."," #!% +","!! !!% +","!* ("]}},"2272":{"4183":{"keys":[18,20],"grid":[" "," "," "," "," "," "," "," "," "," ","!! 0","10","10","10"," "," "]},"4193":{"keys":[18,20],"grid":[" "," "," "," "," "," "," "," "," "," "," %!% )","10"," $!$ +"," #!& #!% !!! !"," !!0","14"]},"4185":{"keys":[20,18],"grid":[" '!+","00","!","!","!","!","!","!","!","!","!","!","!","!","!","!"]},"4194":{"keys":[20],"grid":[" "," "," "," "," "," "," "," "," "," "," "," "," "," "," "," "]},"4184":{"keys":[18,20],"grid":[" "," "," "," ","!! 0","!# /","!$ .","!& ,","!( *","!+ '","09","!, &","!* (","!) )","12","08"]}},"2279":{"4197":{"keys":[18,20],"grid":[" "," "," "," "," "," "," "," ","!! 0","08","!# /","!$ .","11","!% !!! +","!' +","!( *"]},"4198":{"keys":[20,18],"grid":[" *!("," +!'","01"," -!%","03"," "," "," "," "," "," "," "," "," "," "," "]}},"2278":{"4196":{"keys":[18,20],"grid":[" "," "," "," ","!! 0","04","!$ .","06","!( *","!* (","!+ '","!, &","11","11","!- %","!. $"]},"4197":{"keys":[20,18],"grid":[" /!#","00","00","00","00","00","00"," "," "," "," "," "," "," "," "," "]}}}}