id,created_at,text,hashtag
814951876949147649,2016-12-30 21:50:43,RT @science: Leap Second makes 2016 one second longer https://t.co/ZiWWNXJ0s0,
784217810083938304,2016-10-07 02:24:30,"Around 954,000 at risk of major storm surge damage from Hurricane Matthew according to CoreLogic https://t.co/BM3KHSAyzG",
784172486736941056,2016-10-06 23:24:24,RT @science: Category Four Hurricane Matthew expected to cause widespread devastation from Florida to North Carolina https://t.co/u8vyzIi7y…,
784014847310565376,2016-10-06 12:58:00,"Aerial footage reveals massive destruction in Jeremie, Haiti from Hurricane Matthew https://t.co/UHr1FOF4Wb",
783879486337146880,2016-10-06 04:00:07,RT @hurricanes: Latest alarming Hurricane Matthew forecast cone from NHC shows major hurricane traveling along Florida east coast https://t…,
771826526836756482,2016-09-02 21:45:58,RT @hurricanes: Graphic from NHC shows 50% or greater chance of TS force winds along Mid-Atlantic &amp; Northeast coastline https://t.co/Z0kedr…,
771095219630637057,2016-08-31 21:20:01,Potential for much of U.S. east coast to feel impact from TS Hermine as 5 day cone shifts west https://t.co/hWwtQXIuiV,
765688451815440384,2016-08-16 23:15:27,"RT @newsalert Death Toll from Louisiana floods reaches 10. At least 40,000 homes damaged. https://t.co/bFCiqa1Orl",
764087658742067202,2016-08-12 13:14:28,Life threatening flooding is parts of Mississippi and Louisiana from Gulf Low https://t.co/RqGPKZcHC6,
759556679285501952,2016-07-31 01:09:58,Weather Channel meteorologist Dave Schwartz has died https://t.co/VW8hqiZRVe,
759122517088808961,2016-07-29 20:24:46,RT @health: First local transmission of Zika virus confirmed in Florida. First U.S. outbreak with 4 cases in northern Miami https://t.co/tj…,
755880953331879936,2016-07-20 21:43:57,Heat wave in Central U.S. expected to hit Northeast this weekend https://t.co/UpWh22jdvv,
754705628304580608,2016-07-17 15:53:38,Potentially deadly heat dome for the Midwest this week https://t.co/PzDwsAMxP8,
745757005814464512,2016-06-22 23:15:00,Moderate risk of severe storms and Derecho risk in midwest https://t.co/m4h6PfIxxe,
739503819424337920,2016-06-05 17:07:04,Area of east coast from NC to PA under enhanced risk of severe storms today https://t.co/DRSaE8bYCQ,
734837820032978944,2016-05-23 20:06:03,360-degree video of tornado recorded in Colorado https://t.co/zPEEa5ZFBq (via @science),
731967421062373376,2016-05-15 22:00:07,NASA uses satellites to track volcanic ash https://t.co/N416Q2XBCr  (via @science),
730025067023736832,2016-05-10 13:21:53,Enhanced risk of severe storms in portions of lower Ohio valley today https://t.co/m4h6PfIxxe,
725017940681056256,2016-04-26 17:45:21,SPC expands area of Moderate Risk - possible outbreak today in central plains and Texas https://t.co/m4h6PfIxxe,
723802980101795840,2016-04-23 09:17:32,"Storm Prediction Center spots outbreak potential for Tuesday, 4-26 https://t.co/FbI5JHx5Em",
709214791894585344,2016-03-14 03:09:17,"Nearly 5,000 homes damaged in Louisiana flooding https://t.co/1Gyg9QelUQ",
708013674196115456,2016-03-10 19:36:28,4 deaths and thousands of evacuations as flooding swamps Louisiana https://t.co/bl0Spby5mS,
700835917884358656,2016-02-20 00:14:38,Winds gusts up to 72 mph reported in Chicago area https://t.co/zIozqFMtQS,
692022824626626560,2016-01-26 16:34:33,Washington struggles to dig out after giant blizzard https://t.co/2w8qzCy8Wy,
691653821685043201,2016-01-25 16:08:16,First snowfall in almost 115 years recorded on Japan's Amami-Oshima island https://t.co/7FdZOtY0Zq,
691110785460752385,2016-01-24 04:10:26,Tian Tian at the Smithsonian National Zoo enjoys the snow from the blizzard https://t.co/eFcjGDG3XC (via @videonacho),
690947973639835648,2016-01-23 17:23:28,NYC forecast updated to 24 to 30 inches due to heavy snow bands https://t.co/uKcrJsMW2T,
689834041336397824,2016-01-20 15:37:06,Weekend DC snowstorm described as potential Storm of a Lifetime in Daily Mail https://t.co/UMu9PtMBPZ,
689649428156682240,2016-01-20 03:23:31,Possible big snow event for the Mid-Atlantic region this weekend https://t.co/c7j0n7yu7f,
681975146974998529,2015-12-29 23:08:40,Colorado tornado photograph named DIRT wins 2015 National Geographic Photo Contest https://t.co/rSmQGS3Gvf (via @science),
668187635437846528,2015-11-21 22:02:01,Chicago's north suburbs get 10+ inches from season's first storm https://t.co/QSaIvOsHxn,
667748248430350336,2015-11-20 16:56:03,Chicago and Detroit among cities that could get heavy snow from early Winter storm https://t.co/UICf1qGFQK,
665296882638258176,2015-11-13 22:35:12,Potential severe weather outbreak for the south early next week https://t.co/oW8n572OoJ,
664426930108633088,2015-11-11 12:58:19,Central U.S. faces threat of severe weather and isolated tornadoes today https://t.co/b6AoFLp0cS,
660213422437494784,2015-10-30 21:55:20,Cat 4 Cyclone Chapala headed for Yemen or Oman is 2nd strongest recorded storm in Arabian Sea https://t.co/pfflSN0oPp,
659064877760118784,2015-10-27 17:51:26,U.S. Postal Service launches Geometric Snowflake stamps https://t.co/FCZiwioWmb,
657515400217759744,2015-10-23 11:14:22,Hurricane Patricia is the strongest hurricane ever measured with 200 mph maximum winds https://t.co/5oiyHk7Evu  (via @science),
651591267923677184,2015-10-07 02:53:58,"World View plans to offer balloon flights into space for private citizens at $75,000 per seat http://t.co/2DrHhMj92Z (via @science)",
651423910823657472,2015-10-06 15:48:57,At least 18 dams breached due to South Carolina flooding http://t.co/jFFRW6oOCM,
651146213081780224,2015-10-05 21:25:29,"9 killed in South Carolina flooding. Historic rainfall a 1,000-year rain event in some locations http://t.co/hrsXwbXB9v",
641699063759433728,2015-09-09 19:45:53,UK's Met Office to let public name storms through Twitter or Facebook suggestions http://t.co/H2gMM99xlv,
639930116349407232,2015-09-04 22:36:43,Jim Bean firenado video virals http://t.co/BeqlQDJ9pQ,
638090915777761280,2015-08-30 20:48:24,Three Major Hurricanes in the Pacific Ocean simultaneously http://t.co/Puf2OCLeLI (via @hurricanes),
628565425345941504,2015-08-04 13:57:30,MSG-4 weather satellite returns first image of Earth http://t.co/odExwQrc1o,
620769244351893506,2015-07-14 01:38:15,Nearly 400 reports of severe thunderstorm winds or thunderstorm wind damage from today's outbreak so far http://t.co/97Od1a6kB6,
620348853733056512,2015-07-12 21:47:46,Deadly heat wave killed about 750 people in Chicago in July 1995 https://t.co/mebgGI7rwC,
617358830394044416,2015-07-04 15:46:29,Winter temperatures increased by about 5 to 7 degrees Fahrenheit (3 to 4 degrees Celsius) https://t.co/A1yWP0Y1Ch,
602823004494651392,2015-05-25 13:06:18,SPC upgrades risk of severe weather to moderate for portions of Texas and southern Oklahoma today http://t.co/6hSFzHTFTx,
596293859585359872,2015-05-07 12:41:49,Potential for severe weather outbreak Saturday - SPC already has parts of Kansas and Oklahoma at moderate risk  http://t.co/AqI87Wj9P1,
592326796516798464,2015-04-26 13:58:07,Enhanced risk of severe storms today over much of Texas http://t.co/DRSaE8bYCQ,
585747099976859648,2015-04-08 10:12:45,Enhanced risk of severe storms  from part of Ok through western Il today http://t.co/DRSaE8tA1q,
585218759532642306,2015-04-06 23:13:19,"SPC slight risk of severe thunderstorms for wed in central U.S., day 3 convective outlook http://t.co/AqI87WALdB",
575784114168561665,2015-03-11 22:23:25,"Capracotta, Italy may have received 100.8 inches of snow in just 18 hours - would be world record for 24-hour period http://t.co/jAaf15Bx9T",
573668095488847872,2015-03-06 02:15:06,Hundreds of stranded drivers stuck over 12 hours on Kentucky highway during winter storm http://t.co/RjGEf6ZkU0,
571911125933023232,2015-03-01 05:53:32,Schmoyoho creates thundersnow song featuring Jim Cantore http://t.co/7rW7aV3isD (via @videonacho),
570982727832498176,2015-02-26 16:24:25,Alabama drivers stranded on I-65 overnight due to winter storm http://t.co/j9qysiIPAw,
566725849056280577,2015-02-14 22:29:06,NASA study finds increase in carbon emissions boosts risk of megadroughts http://t.co/ZNTVHImqIn  (via @science),
566244263500185601,2015-02-13 14:35:27,Blizzard watches issued from Cape to Maine. More snow for Boston http://t.co/n7myYVwuyy,
562273342573391874,2015-02-02 15:36:26,"Weekend Snowstorm: Chicago gets 19.3 inches for 5th biggest snowstorm, Detroit gets 16.7 inches for its 3rd biggest http://t.co/DqpIiVGMGD",
560366399730622464,2015-01-28 09:18:55,Funny or Die launches free weather app for iOS devices http://t.co/B2345aDc1j #funnyordie,funnyordie
559471746101678080,2015-01-25 22:03:53,NWS warns NYC faces crippling and potentially historic blizzard with 20 to 30 inches of snow and 30 to 40 mph winds. http://t.co/DGpkaD1yIH,
559453919089135616,2015-01-25 20:53:03,Blizzard Watch issued for New York City and Boston http://t.co/DGpkaD1yIH,
558770190691749888,2015-01-23 23:36:09,Video: Driver narrowly avoids getting clobbered by falling trees during a storm in Australia http://t.co/bDAZ6FqsAq,
553063268734869504,2015-01-08 05:38:53,Arctic blast to impact much of U.S. http://t.co/N9SQIuPlFh,
551769388638949376,2015-01-04 15:57:28,NASA's new soil moisture satellite  - launch date Jan 29 - may improve weather forecasts http://t.co/zqy5o3py6F,
543177237374046208,2014-12-11 22:55:19,Monster storm brings strong winds and heavy rain to California http://t.co/WDLasrAEeb,
542440557671235584,2014-12-09 22:08:01,"Researchers say California drought is the worst drought in the region in 1,200 years http://t.co/vZCDS1oOoq (via @science)",
536055050003415040,2014-11-22 07:14:17,"At least 13 storm-related deaths and 30 major roof collapses reported in the Buffalo, NY area http://t.co/ZOpefvt9IC",
534813827322232832,2014-11-18 21:02:07,Lake-effect snow pummels Great Lakes states http://t.co/bTu3xTIJud,
532739548233887745,2014-11-13 03:39:40,Al Roker trying to break Guinness World Record for the longest uninterrupted live weather report broadcast  http://t.co/lIawzwhzte,
531295851574861825,2014-11-09 04:02:56,Monster storm becomes strongest on record for Alaska http://t.co/j2PeLkC8Tz,
531097135442579456,2014-11-08 14:53:19,Typhoon Nuri remnants RT @StuOstro: #Superbombogenesis http://t.co/1POf8gw4mt,Superbombogenesis
501847505903308801,2014-08-19 21:45:43,Hail storm dumped up to two feet of hail in Mexico City http://t.co/k899nTIMr2,
478830536257855488,2014-06-17 09:24:30,"Pilger, Nebraska hit by a pair of tornadoes http://t.co/1KmpJIkH5b",
473959040871976960,2014-06-03 22:46:55,Destructive winds being reported in parts of central plains and midwest during severe weather outbreak http://t.co/AQAYjLqPcL,
473563351809671168,2014-06-02 20:34:36,NOAA: Near normal or below normal Atlantic hurricane season likely in 2014 http://t.co/YELpJfHwQq (via @hurricanes),
470505204988014592,2014-05-25 10:02:37,Video shows thick fog rolling in over Lake Michigan http://t.co/YY1cllBopm,
460511147989671936,2014-04-27 20:09:48,The SPC has upgraded to a rare high risk advisory for portions of southern Arkansas http://t.co/DRSaE8cwZq,
459100151819157504,2014-04-23 22:43:00,Possible multi-day tornado outbreak in the U.S. this weekend http://t.co/3BShjWSipf,
455018315061010432,2014-04-12 16:23:14,Storm Prediction Center forecasts moderate risk of severe storms Sunday in eastern Oklahoma http://t.co/gd4Jmnwoun,
451568877755826176,2014-04-03 03:56:24,Ancient Egyptian calcite block contains world's oldest weather report http://t.co/C6a85cfmBa (via @science),
451431208270839808,2014-04-02 18:49:21,Storm Prediction Center forecasts moderate risk area for Thursday http://t.co/gd4Jmnwoun TWC has more details: http://t.co/AQAYjLqPcL,
450934879664885760,2014-04-01 09:57:07,Powerful Hong Kong hail storm breaks glass roof at mall http://t.co/3QKdc4007T,
450132019205242880,2014-03-30 04:46:51,"Trailer for Into the Storm, a new tornado disaster movie coming to theaters in August http://t.co/HwitXCHMaQ",
440057028887588865,2014-03-02 09:32:26,Widepread winter weather advisories and warnings from Texas through the Midwest and to the east coast http://t.co/AWtLvJzZRD,
439947330578419712,2014-03-02 02:16:32,"Weather Channel says ice storm likely in parts of Arkansas, Mississippi, Tennessee, Kentucky and West Virginia http://t.co/LZ3I3RKeEl",
439520134332289024,2014-02-28 21:59:00,Great Lakes still over 80% ice covered http://t.co/5WQqQ62cbA,
439236912310542336,2014-02-28 03:13:35,Subzero temperature days reaching near-record levels in Midwest http://t.co/vL4GrJxIXW,
438940197892288512,2014-02-27 07:34:32,Ice jams threatening homes and bridges in Midwest http://t.co/mjeNkHYkxa,
436524624176619522,2014-02-20 15:35:55,"Storm Prediction Center forecasts moderate severe weather outbreak - includes parts of TN, KY, MS, AL, IN http://t.co/kNrlOd1PqK",
436265101734068224,2014-02-19 22:24:40,Blizzard to blast Minneapolis and the upper Midwest on Thursday http://t.co/Dp0Ook72aA,
433801337021542400,2014-02-13 03:14:33,NYC expected to get 8 to 12 inches of snow which will begin late tonight http://t.co/OeEmHmURU2,
432802726318067712,2014-02-10 09:06:25,"Japan snowstorm kills 11 and injures 1,200 http://t.co/AgA4luYsb1",
431342535454105600,2014-02-06 08:24:09,"Ice storm leaves over 600,000 customers without power in Philadelphia region http://t.co/nKJX6MGoNZ",
430024310414012416,2014-02-02 17:05:59,Punxsutawney Phil predicts six more weeks of Winter http://t.co/OyM4VDZX5s,
429792339985711106,2014-02-02 01:44:13,ESO's Very Large Telescope used to create weather map of nearest brown dwarf http://t.co/SD7rlQ8PO7 (via @space),
428666810695557120,2014-01-29 23:11:46,Freak Southern storm blamed for at least 13 deaths http://t.co/L6QCpKRFaf,
428319956518711296,2014-01-29 00:13:30,"Snow, ice bring traffic to a standstill in parts of Alabama http://t.co/HBkWrgBZgU",
425544692566994945,2014-01-21 08:25:35,NASA's Earth Observatory shares image of nearly frozen over Lake Erie http://t.co/2ndOH7RKLP,
425210869320908800,2014-01-20 10:19:05,DirecTV drops The Weather Channel.  Jim Cantore argues the channel helps save lives in CNN interview http://t.co/ctxnttCZEQ,
421038867077021697,2014-01-08 22:01:03,NASA satellite captures Midwest White Out http://t.co/bflNV2ioSE,
420040036986269697,2014-01-06 03:52:03,"Indianapolis upgrades travel emergency level to red, driving is prohibited http://t.co/JdbBLy6qeA",
419671034812325888,2014-01-05 03:25:46,Chicago has a forecast high of -10 for Monday with windchills of 40 to 50 below zero http://t.co/qXgyhtz9Ai,
419286865460490240,2014-01-04 01:59:13,Coldest Arctic Outbreak in Midwest since the 1990s http://t.co/byKRrfqf2e,
419214643429507072,2014-01-03 21:12:14,NASA Aqua composite satellite image shows massive U.S. winter storm http://t.co/gGGSTjZs0i,
418972249282977792,2014-01-03 05:09:03,Dangerous cold moves in after lake-effect snow in Chicago http://t.co/3orsYC6U3W,
418942033294667776,2014-01-03 03:08:58,"100 million+ under some type of winter storm warning, watch or advisory as winter storm hits northeast http://t.co/ARtSYWYDWO",
418439575590023168,2014-01-01 17:52:23,First weather forecast for a planet outside our solar system - Hubble spots two cloud planets http://t.co/Tb6zxFCXq3,
412360481563627521,2013-12-15 23:16:14,"A high ridge in Antarctica is the coldest place on Earth - fell to minus 136 F (-93.2 C) on August 10, 2010 http://t.co/ErNBu0Pd5q",
402348911647399936,2013-11-18 08:13:50,6 killed in Midwest tornado outbreak http://t.co/0PxzzoVyY6,
392465444361093120,2013-10-22 01:40:28,Massive Austrialian wildfire expected to generate a pyrocumulus cloud http://t.co/EaAJrx0Q2h,
378285367977185280,2013-09-12 22:33:54,Smokenado forms in field in Mississippi http://t.co/LO8thMG3Uz,
371715888132530176,2013-08-25 19:29:08,Snow plows were called in to clean up after a huge hail storm in Colorado last week http://t.co/UK5Fb9BWmZ,
370145724932952064,2013-08-21 11:29:52,Video: 10 years of weather history in 3 minutes http://t.co/koQLoblvKp,
365234216373460993,2013-08-07 22:13:17,Video: Mammatus clouds in Michigan http://t.co/WZvv0nY21p,
363274386410700801,2013-08-02 12:25:37,"Footage of flying debris from Milan, Italy tornado http://t.co/FbLLKzXiKW",
361437008989655041,2013-07-28 10:44:32,"Tropical Storm Flossie headed for Hawaii, max winds 60 mph http://t.co/uRIAQaFqgH",
354849084303093762,2013-07-10 06:26:29,Video: Spider frightens meteorologist http://t.co/FYjNWL7MRN,
352886718170529792,2013-07-04 20:28:44,Heavy rain threat spreads from Northern Gulf into Ohio http://t.co/dXwX5QFm2C,
352184823781138432,2013-07-02 21:59:39,"Cool short film, Adrift, shows San Francisco fog http://t.co/G8iOvgipnv",
351790613634625536,2013-07-01 19:53:12,Ninteen firefighters killed in Yarnell Hill Fire in Arizona http://t.co/ngNq9lMOCY,
351506670003830784,2013-07-01 01:04:55,National Weather Service guys bake cookies on their dashboard during raging heatwave http://t.co/1BTHxgNj2q,
350012333503938562,2013-06-26 22:06:57,Major heat wave expected in western U.S. - Las Vegas could potentially tie or break all-time temperature record http://t.co/P3MyNa7pIz,
348206671018983425,2013-06-21 22:31:54,"Alberta, Canada hit by massive flooding http://t.co/NSWQ22tEC8",
347491512050925573,2013-06-19 23:10:07,Hawaii expected to get hit by more hurricanes by 2075 http://t.co/MlqhuiW8Pc,
347327750119493632,2013-06-19 12:19:23,Apartment block swept away in Northern India floods http://t.co/UhvaYV4lJJ (via @newsnacho),
344972500972744706,2013-06-13 00:20:28,List of SPC High Risk days http://t.co/bQWIVDpSFl,
344871580863692801,2013-06-12 17:39:26,SPC: High risk of severe weather event in portions of northern Illinois and Indiana http://t.co/HCnZBxI1eM,
344831245861126144,2013-06-12 14:59:10,"SPC forecasts moderate risk of severe weather in parts of Illinois, Indiana and Ohio today http://t.co/HCnZBxI1eM",
342300553080082433,2013-06-05 15:23:06,"National Weather Service says El Reno, Oklahoma tornado was a record 2.6 miles wide http://t.co/4XHskGiHby",
341798582707441664,2013-06-04 06:08:27,"Large dust devil captured on video in Tucson, Arizona http://t.co/HOblD1JIkV",
341310590469414912,2013-06-02 21:49:20,3 veteran storm chasers killed by Oklahoma tornado http://t.co/XDDTddoI5i,
340569511759597568,2013-05-31 20:44:33,PDS Tornado Watch issued for portions of central and northeast Oklahoma http://t.co/TV7Q0Qanf5,
339991881956093952,2013-05-30 06:29:16,Security cameras captured a flash flood bursting through the door of a building at Carl Sandburg College http://t.co/f1FX22oA5h,
339741084664086528,2013-05-29 13:52:41,SPC forecasts moderate risk of severe weather over parts of central and southern plains today &amp; tonight http://t.co/6hSFzIbgL5,
338108894104662016,2013-05-25 01:46:56,NOAA is predicting a 70% chance of 13 to 20 named storms for the 2013 hurricane season http://t.co/4POKvee4uh,
336850829707460608,2013-05-21 14:27:50,"Moore, Oklahoma tornado threw debris 20,000 feet Into the air http://t.co/S1ZSDWp1FU (via @science)",
336797813050593280,2013-05-21 10:57:10,"SPC forecasts moderate risk day - severe weather most likely in portions of Arkansas, Louisiana, Oklahoma and Texas http://t.co/07G0Usb1We",
336602771044327424,2013-05-20 22:02:09,Massive two-mile-wide tornado hits Oklahoma City area http://t.co/5TAObzibKe (via @newsalert),
336590380596334593,2013-05-20 21:12:54,Live streaming of damage from massive Oklahoma tornado http://t.co/BweP7NxzDT,
336096994705690624,2013-05-19 12:32:22,SPC forecasting moderate risk of severe thunderstorms for parts of the central plains later today http://t.co/07G0Usb1We,
335726142122233857,2013-05-18 11:58:44,Storm Prediction Center warns of moderate risk for severe thunderstorms for parts of western Oklahoma and Kansas http://t.co/07G0Usb1We,
332804000695083008,2013-05-10 10:27:11,"Fairbanks, Alaska has not had a day above 50 degrees since Oct. 4, 2012 http://t.co/eQDZf9r9mo",
329847843638611968,2013-05-02 06:40:28,Evidence indicates Jamestown settlers turned to cannibalism to survive winter of 1609-1610 http://t.co/QllEGuYwlY,
329846325451579392,2013-05-02 06:34:26,RT @writenews New York Magazine's Hurricane Sandy cover named magazine Cover of the Year http://t.co/MOXCIeqrvh,
329118818687414272,2013-04-30 06:23:35,NASA's Cassini spacecraft captures close-up view of massive hurricane on Saturn http://t.co/Ps7CFPYE3D (via @space),
324425623416221696,2013-04-17 07:34:30,Dallas to St. Louis at risk for tornadoes during severe weather outbreak beginning Wednesday afternoon http://t.co/xnsLRDdm0N,
323969690701553666,2013-04-16 01:22:47,"SPC forecasts moderate risk of severe thunderstorms for 4-17 for Oklahoma, southern Kansas &amp; southwestern Missouri http://t.co/6hSFzIbgL5",
321630081439125504,2013-04-09 14:26:01,"The Weather Channel has named the latest storm Wanda. It offers snow, ice, wind, tstorms, rain and possible tornadoes http://t.co/6bRDqWmskB",
321529533956227072,2013-04-09 07:46:29,"SPC issues moderate risk of severe thunderstorms for 4-9 for parts of central OK, southern OK and North Texas http://t.co/07G0Usb1We",
319951848368902144,2013-04-04 23:17:19,Possible severe weather threat early next week for Plains and Texas http://t.co/UgY2uLVG8R,
318925689552248835,2013-04-02 03:19:44,"Huge hail smashes windows in cars and homes in Benavides, Texas http://t.co/Sp0ifT52i9 (via @science)",
315944533298929664,2013-03-24 21:53:41,"Strong winter storm spreads east bringing rain, snow and slush to the Mid-Atlantic http://t.co/kzSF3UT20f",
311766826394726401,2013-03-13 09:12:58,A look back at the Blizzard of 93 http://t.co/4UvFKt8L6Q,
308369517820641281,2013-03-04 00:13:16,45% chance of DC getting 5-inches or more from upcoming snowstorm says Capital Weather Gang http://t.co/8I948nhfnE,
307813697324216320,2013-03-02 11:24:39,Possibility of disruptive East Coast storm next week says Accuweather http://t.co/zmU0VhyZ37,
306515942526025729,2013-02-26 21:27:50,Numerous ice boulders found on shore of Lake Michigan http://t.co/Htt1gyuW04 (via @science),
305508589563424768,2013-02-24 02:44:58,Snow plow driver fired after posting Youtube video of himself intentionally burying cars in snow and laughing http://t.co/1lmpBTKldM,
305076715003199488,2013-02-22 22:08:51,CNN captured thundersnow in Kansas http://t.co/riakk71qrQ,
304410958061785088,2013-02-21 02:03:22,Researchers create indoor hailstorm to test roof damage http://t.co/GEAxtMzD91,
300922282572918785,2013-02-11 11:00:37,"Hattiesburg, Mississippi mayor talks Sunday night tornado http://t.co/DOaBDDOR",
300132102207315968,2013-02-09 06:40:44,"Over 600,000 now without power in Northeast due to blizzard per @TWCBreaking",
299716462988361728,2013-02-08 03:09:07,Blizzard warning for NYC from 6 am Friday to 1 pm Saturday http://t.co/OAKvw2cy,
299347063165046784,2013-02-07 02:41:16,CBS Boston: Snowstorm Friday has potential to be historic http://t.co/lN4QUYHR,
297877293026656256,2013-02-03 01:20:55,Groundhog Day: Punxsutawney Phil predicts early Spring http://t.co/Ts71cTnz,
296811129454342144,2013-01-31 02:44:22,"7 tornado reports so far today, all in Georgia http://t.co/4fveZb37",
295380666726633472,2013-01-27 04:00:13,"Ice Storm brewing for Chicago, Detroit, St. Louis http://t.co/FohNgFAV",
294216108905463808,2013-01-23 22:52:41,NASA: Summer extremes getting more extreme in Northern Hemisphere http://t.co/Zy8wOLBZ (via @outdoorsblog),
293708638294528000,2013-01-22 13:16:10,Bitter cold cancels classes for students in metro Detroit http://t.co/ndeogVpL,
293103524475195392,2013-01-20 21:11:40,"No power in the cold: 110,000 without power in metro Detroit as winds hit 60 mph http://t.co/qT9jArds",
292395508473933826,2013-01-18 22:18:16,Sydney bakes in hottest day on record as bushfires rage http://t.co/HKhLsZt1,
290388915142152192,2013-01-13 09:24:47,Additional waves of arctic air may arrive later this month and into February in U.S. says Accuweather http://t.co/y7OgWvqP,
289219603526197249,2013-01-10 03:58:21,Chicago breaks 72-year snowless record - 320 days without at least 1 inch of snowfall http://t.co/4EzMvorx,
283238700610109440,2012-12-24 15:52:23,Tornado outbreak forecast for Christmas day  in Lower MS valley and Central Gulf states http://t.co/mjm7Md0j,
278535670706880512,2012-12-11 16:24:13,"Weather History: Indianola, Texas was wiped out by hurricane in 1886, remains underwater ghost town http://t.co/NEAa0U1T (via @science)",
277323576569372672,2012-12-08 08:07:47,"Rare tornado hits New Zealand suburb, destroys 150 homes http://t.co/SEG8E6Mk (via @science)",
273655336550924288,2012-11-28 05:11:31,"California flood threat from ""Atmosphere River"" says Weather Channel http://t.co/CDhzzm26",
267237885462327298,2012-11-10 12:10:51,The Weather Channel says Winter Storm Brutus will bring big snow and severe storms http://t.co/9HDTNEoO,
266454735534579713,2012-11-08 08:18:54,Snowfall totals and highest wind gusts from Nor'easter so far http://t.co/s0HO5ERd,
266323549428523008,2012-11-07 23:37:36,National Weather Service tells its forecasters not to use The Weather Channel's name (Athena) for storm http://t.co/I6iZYqg9,
266290444063870976,2012-11-07 21:26:03,Central Park reporting heavy snow with 1/4 mile visibility. Radar: http://t.co/te1ukHQH (via @weatherchannel),
265591465890160640,2012-11-05 23:08:34,Mayor Bloomberg warns of more flooding from Nor'easter http://t.co/glMdYjPi,
265262146928128000,2012-11-05 01:19:58,Significant Noreaster appears likely for latter half of work week in Northeast http://t.co/Yv9bAAdt (via @usNWSgov),
264764169524477952,2012-11-03 16:21:11,The Weather Channel says there are fears of a Ratpocalypse in New York City http://t.co/z48rNYkQ,
264763350750224384,2012-11-03 16:17:56,New storm a coastal flood threat for already battered and duneless New Jersey coastline http://t.co/ahLCuSCu,
264547705869705217,2012-11-03 02:01:02,The Weather Channel says a new storm a possibility for storm weary East Coast next week http://t.co/pjv2PJre,
264131801906290688,2012-11-01 22:28:23,Nor'easter possible along East Coast next week http://t.co/8NcsHEf6,
263578363426402304,2012-10-31 09:49:13,Superstorm Sandy dumps heavy snow in Maryland and West Virginia http://t.co/WspyjAOT,
262741852954963968,2012-10-29 02:25:13,"RT @NWSNewYorkNY Already observing surge values of 2-3 ft in NY Harbor, LI Sound, Raritan Bay, and South Shore Bays",
262666172384813056,2012-10-28 21:24:30,Hurricane Sandy likely to damage windows in skyscrapers http://t.co/qJoI2HVn,
262639737125339136,2012-10-28 19:39:27,National Hurricane Center director Rick Knabb says Hurricane Sandy will be a long duration event http://t.co/umea3lv5,
262321960632086528,2012-10-27 22:36:43,"Map showing tropical storm, flood &amp; high wind watches and warnings along U.S. east coast &amp; inland http://t.co/LOwg29Gm (via @hurricanes)",
261900312066002944,2012-10-26 18:41:14,Map from Hydrometeorological Prediction Center shows copious rainfall amounts expected from Hurricane Sandy http://t.co/IDY8AcOi,
261578748246228992,2012-10-25 21:23:28,Frankenstorm Sandy: Likelihood of historic U.S. east coast monster hybrid storm increasing http://t.co/oZ1gWjZi (via @science),
260943252709060608,2012-10-24 03:18:14,The Weather Channel discusses possibility of Tropical Storm Sandy becoming an intense East Coast storm http://t.co/SfQ4C4ms,
259389548507848704,2012-10-19 20:24:22,"UK has experienced its ""weirdest"" weather on record in the past few months, scientists say http://t.co/ijdxC4NC",
259098433158275072,2012-10-19 01:07:34,Dust storm shuts down I-35 in Northern Oklahoma http://t.co/2wP8gF14,
253302691634245633,2012-10-03 01:17:22,The Weather Channel to start naming winter storms this year http://t.co/HWODq7mn (via @science),
248238201897103360,2012-09-19 01:52:54,RT @science: 100-foot high firenado caught on film in Australian Outback http://t.co/Q4MI2KGw,
247141556379856897,2012-09-16 01:15:13,RT @science: Hoar Frost explained http://t.co/bQ61cuqB,
233445650321260545,2012-08-09 06:12:34,NOAA says July 2012 was the hottest month on record for contiguous United States http://t.co/CaD2r3xu,
233409021032423424,2012-08-09 03:47:01,This summer's heat waves and growing drought being blamed for numerous mass fish deaths. http://t.co/dFMPOaWC,
228871412960620545,2012-07-27 15:16:11,July could set record for fewest tornadoes http://t.co/JroPjKfH,
222399068415066113,2012-07-09 18:37:24,18 deaths blamed on recent heat wave in Chicago http://t.co/4IYgYDXX,
222164718423519234,2012-07-09 03:06:11,Heat linked to at least 66 deaths in U.S. over the past two weeks http://t.co/3p6JET66,
221685899484856321,2012-07-07 19:23:31,Washington D.C. hits record high 103 Fahrenheit http://t.co/BJfw6SSR,
220458445407653888,2012-07-04 10:06:03,"1 million people still without power following Derecho, death toll from storms + heat wave hits 23 http://t.co/aZRzU8CJ",
220055505035468800,2012-07-03 07:24:55,"22 deaths linked to thunderstorms, heat wave in U.S., more deaths suspected http://t.co/H0xFZwPK (via @newsalert)",
219887305526231040,2012-07-02 20:16:33,The Weather Channel acquires Weather Underground http://t.co/HOYeekkV (via @writenews),
219354498597007360,2012-07-01 08:59:22,Powerful Derecho leaves millions without power during Summer Heat Wave http://t.co/Tj0GRb1g,
219157420700741633,2012-06-30 19:56:15,"Indiana to Mid-Atlantic in Peril: More Heat, No Power http://t.co/NLwzSMT4",
219126179595169793,2012-06-30 17:52:07,Derecho leaves trail of destruction from midwest to east coast - 12 dead http://t.co/9tMLEI5L,
218207914920382464,2012-06-28 05:03:15,Polar mesospheric clouds captured on film by astronauts aboard the International Space Station http://t.co/7XaS5LbN,
215360578988949505,2012-06-20 08:28:57,Hottest temperatures of the summer arrive this week for the Northeast http://t.co/mc1v2UDO,
213574151653441537,2012-06-15 10:10:20,Damage estimates from Dallas hailstorm top $400 million mark http://t.co/8Yt0TSk5,
213208696786927617,2012-06-14 09:58:09,Tornado strikes islands near Venice http://t.co/BgvyeOtY,
208727890727157760,2012-06-02 01:13:01,Severe weather rocks Eastern seaboard http://t.co/QgMz8LB6,
207749463245209600,2012-05-30 08:25:06,"SPC: Moderate risk for severe weather today over parts of Oklahoma, northern Texas http://t.co/SnpscLCg",
205038231216074753,2012-05-22 20:51:38,206 people died from extreme heat in the U.S. in 2011 http://t.co/PV6M1WhJ,
203003981042171904,2012-05-17 06:08:15,RT @science: Dramatic trailer for PBS Dust Bowl documentary http://t.co/i3wuASV9,
202504355251884032,2012-05-15 21:02:55,"Video: Twin waterspouts filmed near Grand Isle, LA.  http://t.co/w99JkPUO",
200701538690273280,2012-05-10 21:39:10,Prince Charles reads the Scottish weather forecast http://t.co/eUh8UdVo,
199760990403964928,2012-05-08 07:21:46,"Tornado damages 890 homes in Japan, kills teenager http://t.co/0TDZNYPs (via @newsalert)",
199342033599606785,2012-05-07 03:36:59,RT @science The stormiest places on Earth http://t.co/EYxIoQJc,
198995665475481601,2012-05-06 04:40:38,Scientists launch Deep Convective Clouds &amp; Chemistry experiment http://t.co/nWnSosOt,
194123647911342081,2012-04-22 18:00:58,Destructive snowstorm targets interior Northeast http://t.co/5agKlRtm,
193418752455475200,2012-04-20 19:19:58,NASA satellite movie shows Great Plains tornado outbreak from space http://t.co/UkX0khLg (via @science),
191435021414957056,2012-04-15 07:57:20,"Nighttime video of large tornado that hit Woodward, Oklahoma http://t.co/M53JkZ8V (via @science)",
191387814271787008,2012-04-15 04:49:45,115 tornado reports so far today http://t.co/Rk2UiP59,
191319905604345856,2012-04-15 00:19:54,48 tornado reports so far today in four states http://t.co/Rk2UiP59,
191235729840549889,2012-04-14 18:45:25,Severe tornado outbreak expected this weekend in U.S. http://t.co/0szF86Ey,
190963178400780289,2012-04-14 00:42:24,Tornadoes to thrive this weekend says The Weather Channel http://t.co/enUTRwyq,
190737257236410368,2012-04-13 09:44:40,Storm Prediction Center is forecasting a high risk of severe storms for Saturday in U.S. http://t.co/m2y5DSP4,
190282406182387712,2012-04-12 03:37:15,RT @science: The Hottest Spot on Earth: The Lut Desert in Iran http://t.co/LaxzETva,
189521343706972160,2012-04-10 01:13:04,"Here is an animation of the 7,755 daytime and 7,517 nighttime high temp records broken in March, 2012. http://t.co/oF3lVmw2",
187712805481357314,2012-04-05 01:26:35,Report: National Weather Service testing catastrophic tornado warnings http://t.co/0VYKyzZ4,
187277314801938432,2012-04-03 20:36:05,Video: Tornadoes in Dallas-Forth Worth area toss trailers in the air http://t.co/Is4Xbvdg (via @science),
186222695476768768,2012-03-31 22:45:25,Animated wind map shows current wind speeds in U.S. http://t.co/sleQCTFq,
183763135071649792,2012-03-25 03:52:00,4.25-inch hailstone sets Hawaii state record http://t.co/KYXgTO8U (via @science),
180707144843276288,2012-03-16 17:28:35,"Tornadoes rip through Michigan, destroy or damage over 100 homes http://t.co/5ySlrV0Z",
179402541182894082,2012-03-13 03:04:33,"Northeast, Midwest see record high temperatures http://t.co/Ad7hwpMn",
176614489679069184,2012-03-05 10:25:50,"Amateur video of EF4 tornado in Henryville, Indiana http://t.co/fSzrT3Ph (via @science)",
175862415324483585,2012-03-03 08:37:21,At least 27 dead as tornadoes sweep across US states http://t.co/VneFkhDg,
175768204768055297,2012-03-03 02:23:00,86 tornado reports so far today from Storm Prediction Center http://t.co/Rk2UiP59,
175714178445737985,2012-03-02 22:48:19,Tornado reports at 51 so far today http://t.co/Rk2UiP59,
175597631123374080,2012-03-02 15:05:12,The Storm Prediction Center is forecasting a major severe weather outbreak today and/or tonight. High risk: http://t.co/uQiQk3Kc,
175593463910383616,2012-03-02 14:48:38,"Tornado outbreak likely today in plains, south http://t.co/SGqLfgVe",
174960617352990720,2012-02-29 20:53:56,"Multiple tornadoes reported across Heartland - EF-4 in Harrisburg, IL http://t.co/sKHCDKMk",
171418100892307457,2012-02-20 02:17:14,Police rescue man who says he spent months in snowed-in car http://t.co/DqtZZo7n,
168519045577048065,2012-02-12 02:17:26,Italy towns stranded by snow http://t.co/MOn5JYRC,
165330158906118144,2012-02-03 07:05:56,"Severe storms ignite across Oklahoma, Texas http://t.co/FFoGPHBu",
161311849831346176,2012-01-23 04:58:36,The Weather Channel tracking severe weather and tornado outbreak moving through the South tonight http://t.co/UeRka1iV,
160544329746747392,2012-01-21 02:08:45,Photos: Heavy Snow in Chicago http://t.co/yzxt5bUD,
159364772104650752,2012-01-17 20:01:37,Major Winter Storm from Pacific Northwest to the Northern Rockies http://t.co/3W3Z24l0,
157373695382388736,2012-01-12 08:09:47,"Cordova, Alaska buried under 15 feet of snow http://t.co/M6loL4Lj",
156526882739851264,2012-01-10 00:04:51,"Severe Storms bring street flooding, storm damage to Houston http://t.co/GfOeo2if",
155772517095710720,2012-01-07 22:07:16,More than a thousand record highs were reached the first week of the year.  http://t.co/WUKEbeUH,
153985864232472576,2012-01-02 23:47:45,Rick Santorum once proposed a bill to privatize weather - ppl would have to pay to get weather  info http://t.co/dg30KsX8 (via @politics),
152525685276147712,2011-12-29 23:05:31,"Snow Drought hits the nation, Ski resorts are hit hard http://t.co/MmzKxIRX",
148264451483774977,2011-12-18 04:52:54,Google has added a snowy easter egg for the holidays. http://t.co/qFIf2SwV,
142293892262412288,2011-12-01 17:28:02,"Wicked winds impact California, Utah, and more http://t.co/tLS7uZXO",
138086212886999040,2011-11-20 02:48:13,RT @science New IPCC report warns of extreme weather to increase due to Climate Change http://t.co/Ya0MAPxs,
134318097648726016,2011-11-09 17:15:04,National Weather Service warns storm of 'epic magnitude' is making its way toward Alaska - 10 foot surge http://t.co/6VXoxKUY,
134167192433475584,2011-11-09 07:15:26,Massive Alaska storm could be one of the worst on record http://t.co/BEM7h4Ql,
131125586574835712,2011-10-31 21:49:10,"Historic October Northeast storm: ""Epic. Incredible. Downright ridiculous."" http://t.co/mBcHseRn",
130864641856380929,2011-10-31 04:32:16,Some power outages in Northeast may last till midweek http://t.co/hkOb2ndw,
130753409954480128,2011-10-30 21:10:16,3M powerless as October snow surprises Northeast http://t.co/277n6g2m,
130473423821484032,2011-10-30 02:37:42,Power outages from East Coast snowstorm top 2.3 million http://t.co/56TfVe4c,
130449466577780736,2011-10-30 01:02:31,Jim Cantore hears thundersnow during Historic October Thunderstorm http://t.co/FAihz2K9 (via @videonacho),
130094005210988544,2011-10-29 01:30:02,Big Heavy October Northeast Snowstorm carries high power outage threat. http://t.co/ZXbvwFVO,
129990153950347264,2011-10-28 18:37:22,Big snowstorm headed for the Northeast this weekend - heavy snow could bring down branches & trees http://t.co/Ldvl0Nbv,
129276631092170752,2011-10-26 19:22:05,Video: Outdoor wedding caught in Dust Storm http://t.co/4GGH74tg,
129274996584484864,2011-10-26 19:15:35,RT @science: Video: AccuWeather explains Ball Lightning http://t.co/vcwPVFbS,
129213242894598144,2011-10-26 15:10:12,"Snowstorm hits Denver hard - heavy snow snaps tree limbs, brings down power lines http://t.co/1iYZmKFd",
127858823825326082,2011-10-22 21:28:13,"NWS: Lubbock, Texas haboob was similar to Dust Bowl haboobs. http://t.co/Y6arEnyJ",
126100945691086849,2011-10-18 01:03:02,"Haboob hits Lubbock, Texas http://t.co/gCLUGOSb",
125410567786741760,2011-10-16 03:19:44,Commuters driving on I-95 in Virgina recorded video footage of a tornado as it passed over them. http://t.co/2qqinBvr,
125162262217494528,2011-10-15 10:53:03,High wind warning out for most of Western New York http://t.co/Sj34zVhe,
122848942626062336,2011-10-09 01:40:45,Much need rain forecast for parts of drought stricken Texas http://t.co/Lz0X0mlE,
121419112328073217,2011-10-05 02:59:06,Waves knock over joggers and bikers along Chicago's Lake Shore Drive http://t.co/jvyWEkUA,
118271016341475329,2011-09-26 10:29:42,"NWS: Waterspouts formed just off shore Of Milwaukee
September 24th, 2011 http://t.co/jjrMfH13",
117370130186506240,2011-09-23 22:49:54,Weather graphics fail makes news anchors LOL http://t.co/lUrIY5CZ (via @jokes),
113742806178205696,2011-09-13 22:36:12,The first freeze is coming for part of the continental U.S. http://t.co/UBLxmDR,
112663890751533057,2011-09-10 23:08:59,"Raw Video: Large dust devil forms in industrial park in Garland, Texas http://t.co/Y24tTSy (via @science)",
111642199229333504,2011-09-08 03:29:09,TWC: Lee's remnants spell river flooding in Mid-Atlantic http://t.co/o6TyaKb,
110998707343851521,2011-09-06 08:52:08,RT @jokes David Letterman does Weather Channel Top Ten List http://t.co/2xl1AWY,
108931687454474240,2011-08-31 15:58:32,Wave from Tropical Storm Nanmadol hits reporter http://t.co/ueHEBYj (via @videonacho),
107901238628204544,2011-08-28 19:43:54,"Reporter gives Hurricane Irene update covered in foam, which may have included raw sewage http://t.co/ASLyJa0 (via @videonacho)",
107872852363063296,2011-08-28 17:51:06,Big Storm and Little Storm: Hurricane Irene and Tropical Storm Jose http://t.co/3dTKpMW,
107872697396117505,2011-08-28 17:50:29,Accuweather: Irene's legacy may be record inland flooding http://t.co/byy5eRx,
107754244500766720,2011-08-28 09:59:48,RT @hurricanes: Hurricane Irene made landfall along coast of New Jersey near Little Egg Inlet as category one hurricane http://t.co/nNLG3DI,
107624756311896064,2011-08-28 01:25:16,"Hurricane Irene: Tornado watch issued for parts of Delware, New Jersey and New York http://t.co/2bSfKzE (via @hurricanes)",
107312673091354624,2011-08-27 04:45:09,"Tornado watches issued for North Carolina, Virginia coasts http://t.co/MT59rrs",
107173964924719104,2011-08-26 19:33:59,President Obama says Hurricane Irene expected to be a historic hurricane http://t.co/5RWQYzS (via @hurricanes),
106832697606938624,2011-08-25 20:57:54,NASA's Tropical Rainfall Measuring Mission Satellite captures image of Hurricane Irene http://t.co/rED1lLn (via @hurricanes),
105801700287324160,2011-08-23 00:41:05,Rice bowl sized hail damages cars in China http://t.co/dXOcgWa,
104471009788301313,2011-08-19 08:33:24,RT @newsalert Belgium's Pukkelpop Festival destroyed by storms - five dead. http://t.co/z8pHXWz,
104353549969915904,2011-08-19 00:46:39,Google Maps adds weather http://t.co/aRd7b03 (via @internet),
104050114389217280,2011-08-18 04:40:55,"Wellington, New Zealand residents enjoy rare snowfall http://t.co/M4UMBZr (via videonacho)",
103200507815923714,2011-08-15 20:24:53,"Wellington, New Zealand hit by first snowfall in 40 years http://t.co/Rn4cmnN",
103114805023490048,2011-08-15 14:44:19,New York breaks its one-day rainfall record with nearly eight inches http://t.co/WmExlh5,
102627756268994560,2011-08-14 06:28:58,Several states in U.S. in the 120 degree club http://t.co/G5vHWyI,
100252300932689920,2011-08-07 17:09:45,U.S. Heat Wave Death Toll Climbs http://bit.ly/pEuRts,
99573804455567360,2011-08-05 20:13:39,Surface temperatures at Dallas playground hit 180 degrees as Heat Wave rolls on http://bit.ly/oIMS72,
98860113900744704,2011-08-03 20:57:42,Texas Bakes in Brutal Heat Wave http://bit.ly/oxqfQh,
98117580027461632,2011-08-01 19:47:08,Record highs set in all 50 states in July http://bit.ly/qIXRTb,
98105856943587328,2011-08-01 19:00:33,Another dust storm hits phoenix - was not as severe as July haboobs. http://bit.ly/oZhBMQ,
97746914434482176,2011-07-31 19:14:15,Fabio delivers 7-day forecast for Portland. http://bit.ly/qWjR7N,
97423589430673408,2011-07-30 21:49:28,RT @NBCDFWWeather The streak continues! #DFW hit 100. That's 29 days in a row.,DFW
95699787327868929,2011-07-26 03:39:41,Snowstorm dumps nine feet of snow in parts of Chile http://bit.ly/mUOutn,
94987711324229632,2011-07-24 04:30:09,Video: Vacationers run from Jim Cantore http://bit.ly/rs9hWE,
94816177246834688,2011-07-23 17:08:32,All-time record highs set in Northeast cities on Friday http://bit.ly/pYNcst,
94565928343310336,2011-07-23 00:34:08,Northeast Heat Wave: Rewriting the record books http://bit.ly/nyASS9,
93881025893113858,2011-07-21 03:12:35,Heat 'dome' traps much of US in pressure cooker http://yhoo.it/nKNBC3,
92665334825361408,2011-07-17 18:41:52,"Worst heatwave in years grips Midwest, moving east http://reut.rs/ncYUvC",
91317851444609024,2011-07-14 01:27:27,Accuweather explains inaccurate bank thermometers http://bit.ly/nDc2dy,
90824432704163841,2011-07-12 16:46:46,Dangerous Heat Wave spreads across U.S. http://bit.ly/mVcLov,
89504464570028032,2011-07-09 01:21:41,A years worth of 100s already for many Southern Plains locations. http://bit.ly/nX93S6,
88558691258867712,2011-07-06 10:43:32,Video: Haboob hits Phoenix http://bit.ly/pgMisK,
84660217404596224,2011-06-25 16:32:23,Video: Tom Hanks is guest weatherman on Univision's Despierta America http://bit.ly/jkaS4Z,
82985485408018434,2011-06-21 01:37:36,Storm covers Colorado Highway 71 with several inches of hail http://bit.ly/mjBSDx,
82909049024282625,2011-06-20 20:33:52,"PDS Tornado Watch out for north central Kansas, eastern Nebraska http://1.usa.gov/kvTZM0",
82338583305920512,2011-06-19 06:47:02,Video: What is a Heat Burst? http://bit.ly/mqCY0W,
79714335026446337,2011-06-12 00:59:13,Texas drought continues to expand. 92% of state suffering severe drought conditions http://bit.ly/mmk12l,
79079812987224064,2011-06-10 06:57:51,Heat burst in Wichita sent temperatures up 17 degrees to 102 degrees in just 17 minutes after midnight http://bit.ly/lRepqT (via @science),
78495974317752321,2011-06-08 16:17:53,Brutal heat wave spreads Into Northeast http://bit.ly/kp5oeM,
78199100964745216,2011-06-07 20:38:13,East faces nasty heat wave Wednesday and Thursday http://bit.ly/k9PUKv,
77073823794593792,2011-06-04 18:06:46,Expert says 2011 tornadoes 106% above average http://bit.ly/m9mACa,
76093079840497664,2011-06-02 01:09:38,"Tornadoes strike Springfield, Massachusetts - major damage reported in downtown Springfield http://bit.ly/izg2MI (via @newsalert)",
76084881498705920,2011-06-02 00:37:03,"At least two tornadoes struck Springfield, Massachusetts today. http://bit.ly/iK6k9h",
75646582711783424,2011-05-31 19:35:25,Memorial Day heat closed beaches in Chicago http://bit.ly/jBvrSg,
73519947896193026,2011-05-25 22:44:56,49 tornado reports so far today. http://1.usa.gov/fi6lOE,
73407494159998976,2011-05-25 15:18:05,SPC predicts high risk of severe storms again today - area of concern has shifted east from yesterday http://1.usa.gov/ioZSoS,
73092142695858177,2011-05-24 18:24:59,"Part of Oklahoma, North Texas in PDS Tornado Watch http://1.usa.gov/lCRQiG",
72955224586862592,2011-05-24 09:20:55,"The Weather Channel also notes classic Plains Tornado Outbreak ingredients in place for Tues, Wed http://bit.ly/lTst2W",
72954492496252928,2011-05-24 09:18:01,The Storm Prediction Center is forecasting a major severe weather outbreak today (5-24) and/or tonight. http://1.usa.gov/lGzTKv,
72805300146675713,2011-05-23 23:25:10,"AccuWeather is forecasting 50+ tornado reports on Tuesday, many in eastern half of Oklahoma and eastern Kansas http://bit.ly/jNKYYN",
72785887892733952,2011-05-23 22:08:02,2011 Tornado Season already one of ten deadliest in U.S. history. http://bit.ly/izerxw (via @science),
72470394745004032,2011-05-23 01:14:23,Resident 45-miles from Joplin hospital says yard is full of debris from hospital-- medical supplies & x-rays http://bit.ly/llbfAE,
72463516497494017,2011-05-23 00:47:03,"Official: Tornado hits hospital, fire stations in Joplin, Missouri http://bit.ly/jxEzky",
72444908799135744,2011-05-22 23:33:06,A few tornadoes touched down across the Minneapolis area this afternoon http://bit.ly/mqGcHe,
69485359964241920,2011-05-14 19:32:55,Video: What is a Gustnado http://bit.ly/jii2Ph,
69207472887435266,2011-05-14 01:08:42,Video: Louisiana residents flee homes in advance of planned spillway flooding http://bit.ly/lOgHHS,
68120461258657792,2011-05-11 01:09:18,"Accuweather: Violent storms aim for heartland Wed, Thu http://bit.ly/kxq0Wa SPC outlook http://1.usa.gov/ihdlnQ",
66260369013870592,2011-05-05 21:57:57,"Chicago could face between 166 and 2,217 more heat related deaths every year by 2100 http://bit.ly/jFctiO (via @globalwarming)",
66220306150326272,2011-05-05 19:18:45,RT @science: 2011 tornado reports and fatalities trending way above average in U.S. http://bit.ly/jZcppC,
65538953465434112,2011-05-03 22:11:18,Video: Large waterspout near Honolulu Airport on Monday. http://bit.ly/jGRM1m (via @newsnacho),
64225242947661825,2011-04-30 07:11:05,RT @science: Amateur storm chasers recorded amazing footage of monster Tuscaloosa tornado http://bit.ly/j6iIZs,
64070600850800640,2011-04-29 20:56:36,"Twister death toll rises to 318, which is the most since the 1932 outbreak http://bit.ly/kv5TYy",
63513242902859776,2011-04-28 08:01:51,Video: University of Alabama student captures video of huge Tuscaloosa Tornado http://bit.ly/jeLjHX,
63498484631867392,2011-04-28 07:03:13,Alabama death toll reaches 60 from severe weather and tornadoes. http://bit.ly/lHxqP2,
63422521868955650,2011-04-28 02:01:22,Storm Prediction Center has recorded 127 tornado reports so far today. http://1.usa.gov/lkWlvG,
63143111819403264,2011-04-27 07:31:05,Ongoing tornado threat moves into Tennessee and Ohio Valleys Wednesday http://bit.ly/en9bX4,
62762684453629952,2011-04-26 06:19:24,Tornado stole a man's hamburger. http://bit.ly/dHZr99,
61875613023223809,2011-04-23 19:34:30,"Tornado that damaged St. Louis' Lambert Airport was an EF3, winds in the 136 to 165 mph range http://bit.ly/fqCB85",
61247378547679232,2011-04-22 01:58:07,Texas governor calls for prayers for rain amid fires http://reut.rs/gOEJAA,
59429509367214080,2011-04-17 01:34:33,"Sadly, another big day of tornado reports. 91 reports so far, including several with fatalities. http://1.usa.gov/fepvgA",
59196370095046657,2011-04-16 10:08:09,"Storm Prediction Center shows nearly 100 tornado reports for April 15, incl tornado with fatalities in Autauga, Al http://1.usa.gov/hoaDz7",
59061938281381888,2011-04-16 01:13:58,"70 tornadoes in the U.S. so far today, primarily in Mississippi and Alabama http://1.usa.gov/fi6lOE",
59020555000614912,2011-04-15 22:29:31,56 tornadoes in U.S. so far today. http://1.usa.gov/fi6lOE,
55794057661779968,2011-04-07 00:48:34,RT @science The Earth sees about 760 thunderstorms every hour http://bbc.in/emSPmO,
55737926197329920,2011-04-06 21:05:31,Oklahoma sees driest 4 months since Dust Bowl http://bit.ly/foCAVC,
55472012893757440,2011-04-06 03:28:53,Cloud Rings: Circular cloud formations on weather radar images are caused by freak weather conditions http://bit.ly/hD26VJ,
52652374271074304,2011-03-29 08:44:38,RT @science: Amateur video of Kuwait sandstorm - reduced visibility to 20 feet. http://bit.ly/hLKf6A,
49949496645394432,2011-03-21 21:44:22,"Storm dumped more than 3-1/2 feet of snow during a 24-hour period in Yosemite Valley, Wawona, and Crane Flat http://lat.ms/gv03A2",
47927968235925504,2011-03-16 07:51:32,Weather forecasts become crucial during Japan's growing nuclear crisis. http://bit.ly/eJvPaA,
46785313074446337,2011-03-13 04:11:02,Japan's Meteorological Agency to monitor wind direction to determine damage from radiation leaking at nuclear plant. http://reut.rs/fC3RZD,
46159061242228736,2011-03-11 10:42:32,RT @science Massive 8.9 magnitude earthquake off coast of northeast Japan generates huge whirlpool. http://bit.ly/h7p3FB,
41662445990707201,2011-02-27 00:54:35,Dusting of snow San Francisco not enough to count toward official records. http://on.msnbc.com/gPBPN7,
39174118771265536,2011-02-20 04:06:52,Winter Storm targets Midwest tonight and Sunday. http://bit.ly/dGK0CU,
35510789829828608,2011-02-10 01:30:06,Chicago Wind Chill advisory - 20 to 30 below - will cause frostbite to exposed skin within 30 minutes. http://bit.ly/gvQCMF,
35375550230953984,2011-02-09 16:32:43,Blizzard roars through US's snow-weary midsection http://yhoo.it/hCJLb0,
33662986853814272,2011-02-04 23:07:36,Photo: February 2011 blizzard from space - impacted 30 states in U.S. http://bit.ly/f7ncaL,
32975221971484672,2011-02-03 01:34:40,Video: Chicago's terrifying blizzard http://bit.ly/gcd6YQ,
32578156011454465,2011-02-01 23:16:52,Lakeshore flood warning for Chicago - waves 14 to 18 feet and possibly up to 25 feet. http://bit.ly/gPv48b,
32455396136325122,2011-02-01 15:09:04,Video: Jeff Morrow reports from Oklahoma City during blizzard-like conditions. http://bit.ly/ghsbz0,
32152301053415424,2011-01-31 19:04:40,"Multi-Day potentially historic Winter Storm: tornadoes, snow, destructive ice, wind, bitter cold. http://bit.ly/e1stcl",
32126317323358208,2011-01-31 17:21:25,Snow drifts of 5 feet to 10 feet are possible during looming Chicago blizzard. http://bit.ly/gHspzU,
30672490548170752,2011-01-27 17:04:26,New York snowstorm: New January record set as 19-inch snowfall pushes city past 1925 mark http://nydn.us/foLAtQ,
25232434840735744,2011-01-12 16:47:35,Snow on the ground on 49 of 50 U.S. states http://bit.ly/hAtO3q,
24776521247887360,2011-01-11 10:35:57,Another major winter storm set to bear down on the Northeast Tuesday and Wednesday http://bit.ly/hRjnrR,
24776180938833920,2011-01-11 10:34:36,"Ice cripples metro roads in Atlanta, some highways are 'Impassable' http://bit.ly/fJQKjp",
24406868730318849,2011-01-10 10:07:05,"Snow covers metro Atlanta, north Georgia http://bit.ly/fJQKjp",
23865717694668800,2011-01-08 22:16:45,"Major southern snow, ice storm threat Sunday and Monday, could turn up coast next week. http://bit.ly/gEIIDz",
23065491819991040,2011-01-06 17:16:56,"Another Northeast Snowstorm - heavy snow will fall in a narrow band, possibly including NYC http://bit.ly/gUvMAm",
22834554712625152,2011-01-06 01:59:16,RT @science Scientists invent toothpaste which can change flavor depending on the weather. http://bit.ly/gUkTa5,
22701379600519170,2011-01-05 17:10:05,New cross-country snowstorm in the works http://bit.ly/g0Vra0,
20657599665938432,2010-12-31 01:48:50,Video: Short film of Blizzard has Oscar buzz http://bit.ly/dNvPz1,
20194256421396480,2010-12-29 19:07:40,"Rain snarls commuter traffic in Southern California, triggers flood warnings http://lat.ms/i4IhFH",
19575842275332096,2010-12-28 02:10:19,Time lapse video of the snowstorm in New Jersey http://bit.ly/f3yUjY,
14319949715607552,2010-12-13 14:05:16,"Arctic blast for midwest, northeast and southeast http://bit.ly/dH4Fph",
14319426987884544,2010-12-13 14:03:12,"Record-breaking warmth grips Los Angeles, Phoenix http://bit.ly/fQ4Yu3",
14054615251165186,2010-12-12 20:30:56,Video: Blizzard collapses roof of Minnesota Vikings' Metrodome http://bit.ly/fLe0OJ,
13730916631322624,2010-12-11 23:04:40,A major winter storm is ongoing in the Midwest this weekend is also headed for East coast. http://bit.ly/g5LM2G,
11104803711094784,2010-12-04 17:09:26,British woman reports stolen snowman to police. http://bit.ly/fwluKi,
11104669745025025,2010-12-04 17:08:54,At least 60 killed by cold snap across Europe http://bit.ly/f8MgCe,
3421042114564096,2010-11-13 12:16:54,First significant snow of the season in Midwest http://bit.ly/9alHkI,
27600186057,2010-10-17 03:02:37,Photo: Statue of Liberty hit by lightning http://bit.ly/cGNf2e,
27220123811,2010-10-13 07:23:48,Nor'easter expected over the eastern U.S. late this week. http://bit.ly/b4zch9,
26694670940,2010-10-07 23:18:32,Video: Rare tornado outbreak in Arizona http://bit.ly/bGVHA7,
25794211765,2010-09-28 15:21:41,Downtown Los Angeles hit the highest temperature ever recorded since record keeping began in 1877: 113F http://bit.ly/9NUrFM,
24909773170,2010-09-19 05:06:19,Heavy surf hits Bermuda 24 hours before Hurricane Igor's arrival http://bit.ly/cOELJH (via @newsnacho),
24766866706,2010-09-17 15:18:59,New Yorkers assess damage from possible tornado http://bit.ly/dluK2x,
24603805289,2010-09-15 21:10:05,RT @books Book Review: The Falling Raindrop by Neil Johnson and Joel Chin http://bit.ly/bx6spD,
23952979931,2010-09-08 22:22:34,Almanacs predict another cold winter http://bit.ly/ckBM1u,
23886874178,2010-09-08 05:05:18,Hermine dumps heavy rain across Central Texas http://bit.ly/dpQcnB,
22120727290,2010-08-25 21:26:11,RT @science Rare fire tornado caught on film in Brazil - technically a fire whirl. http://bit.ly/cyKV68,
21178150616,2010-08-14 21:10:13,The heat is on in North Texas - Dallas headed for 15th straight day of 100+ (July 31 was also over 100) http://bit.ly/9vwKrf,
20854498782,2010-08-11 04:00:22,Jason Schwartzman and Michael Cera do the Weather for Fox 5 http://bit.ly/cZEWQT (via @celebritygossip),
20083054207,2010-08-01 19:34:50,Google adds precipitation to Google Earth http://bit.ly/aViB0D,
20075092898,2010-08-01 17:05:01,"RT @science: Record 8.0 inch diameter hailstone falls in Vivian, South Dakota http://bit.ly/9lLxd7",
19582073575,2010-07-26 15:32:11,"Powerful, fast-moving storms ripped through the DC region leaving hundreds of thousands without power. http://bit.ly/aCkpPS",
19461580009,2010-07-25 01:55:49,Heavy rains cause Iowa dam to fail http://bit.ly/bVKOR2 (corrected url),
18227505263,2010-07-10 22:38:49,RT @science Study finds exceptionally long heat waves could become commonplace in U.S. during next 30 years. http://bit.ly/cNbfxp,
17736314733,2010-07-04 18:11:13,Sizzling heat kicks off the Fourth of July in East http://bit.ly/bLZUrk,
17110983922,2010-06-26 18:53:27,Chicago Thunderstorm: Lightning strikes three of the tallest buildings in Chicago at the same time. http://bit.ly/bk7CtI,
16966830816,2010-06-24 22:41:37,Sweltering heat in D.C. - temperatures reached 100 degrees at Reagan National Airport at 3:07 p.m http://bit.ly/c0dfaB,
16711159415,2010-06-21 18:04:13,"Tornado barrels through Billings, Montana - video shows flying debris http://bit.ly/dco712",
16434890596,2010-06-18 02:17:47,Death toll rises to 25 in French Riviera flash floods http://bit.ly/a2OhQD,
15961111804,2010-06-11 23:00:23,"At least 16 dead, 40 missing in Arkansas floods http://bit.ly/aKwXDW",
15608451994,2010-06-07 05:18:01,"Ohio tornado kills 7, wrecks cop cars, graduation http://yhoo.it/9IU0qV",
14302337899,2010-05-19 16:01:52,Oklahoma hail storm amateur video shows large hailstones hitting a homeowner's swimming pool. http://bit.ly/crHbGw,
13761689245,2010-05-11 01:49:39,4 dead in Oklahoma tornado outbreak http://bit.ly/cYobw8,
13320634943,2010-05-03 19:00:22,Massive system of rain and thunderstorms kills at least 19 in Southeast U.S. http://bit.ly/aALxEJ,
12788289807,2010-04-24 23:05:49,"A tornado nearly a mile wide hit central Mississippi on Saturday, killing seven people and trapping several others. http://bit.ly/dyNWTl",
12672766814,2010-04-23 01:03:48,Severe weather outbreak underway in the Southwest and into the Plains.  http://bit.ly/6Eu8cn,
11602767428,2010-04-04 19:44:12,Three Weather Apps for the iPad  http://bit.ly/9z3all,
11489533306,2010-04-02 16:43:25,Steve Carell played weatherman on GMTV for April Fools' Day. http://bit.ly/aZWHEK,
10629036390,2010-03-17 16:36:35,Chicago's Museum of Science and Industry opens Science Storms exhibit - contains 40-foot tornado display http://bit.ly/acWixy,
10245315712,2010-03-10 00:14:19,RT @science Stormchasers capture tornado destroying homes in Oklahoma http://bit.ly/colWaf,
10069262668,2010-03-06 10:56:45,Massive hailstones pound Melbourne http://bit.ly/cMoRey,
10062227849,2010-03-06 06:02:10,NASA's $500 million weather satellelite was sucessfully deployed into orbit. It will monitor weather conditions. http://bit.ly/bvMWSd,
9806887567,2010-03-01 03:12:36,Fierce winter storms kill dozens in Europe. France was the hardest hit with at least 50 people killed. http://bit.ly/ct7rHI,
9689263040,2010-02-26 18:04:55,1 million lose power as storm slams Northeast  - wind and heavy snow knock down trees and branches. http://bit.ly/dih25c,
9608521877,2010-02-25 03:30:36,Accuweather names Northeast storm a Snowicane. http://bit.ly/c2AbGU,
9586103016,2010-02-24 18:05:05,"Major Winter Storm headed for the Northeast  - could be power outages, major travel delays Thurs night/Friday http://bit.ly/baV1Sp",
9561375833,2010-02-24 04:35:29,"Hurricane-Like storm aims for Pennsylvania to Maine Thursday, Friday http://bit.ly/qbUK",
9060940891,2010-02-13 16:20:32,Forecast Fail: Dallas forecasters tell how they miscalled Snowstorm of the Century http://bit.ly/bxVERP,
8971959803,2010-02-11 18:26:41,"Dallas, Texas is white with snow today. Photos: http://bit.ly/dtmOPQ",
8907765780,2010-02-10 16:22:38,RT @capitalweather This is what much of the dc metro area looks like currently: http://bit.ly/cwdgSA,
8896818831,2010-02-10 10:45:05,Old Snowball: A Florida woman has kept a treasured snowball in her freezer since 1977.  http://bit.ly/5g7CyV,
8878225934,2010-02-10 00:24:05,Snoverkill beginning to arrive in DC http://bit.ly/9T9gIu 25% of city's snow plows broken. http://bit.ly/cSOFIO,
8784545281,2010-02-07 23:41:28,Another snowstorm on the way - next big Mid-Atlantic storm could target Philadelphia to NYC http://bit.ly/qbUK,
8737752282,2010-02-06 21:51:13,Snowmageddon rages on: Historic totals mounting - 30 inch totals in part of the Mid-Atlantic http://bit.ly/NHbo,
8648848444,2010-02-04 21:40:31,Major Nor'easter to slam Mid-Atlantic - Blizzard warnings have been issued for south Jersey and Delaware. http://bit.ly/c7KzQ3,
8547058735,2010-02-02 15:49:31,Punxsutawney Phil predicts 6 more weeks of winter http://bit.ly/9FLsli,
8429678642,2010-01-30 23:41:02,Water main break encases woman's car in ice. http://bit.ly/9RNQmC,
8389473171,2010-01-29 23:48:27,Southeast braces for Winter Wallop as system that dumped ice and snow on the southern plains moves east. http://bit.ly/by70Sz,
8297341669,2010-01-27 22:31:12,231mph NH wind gust no longer world's fastest - beat by 253mph gust on Australia's Barrow Island during Cyclone Olivia http://bit.ly/9hfhNe,
8171354935,2010-01-25 01:09:55,Scientists create model of monster 'Frankenstorm' that could hit California someday. http://bit.ly/7fX3UN,
8077219522,2010-01-22 17:25:20,Town of Wenden in western Arizona is underwater after powerful winter storm. http://bit.ly/80xxi4,
8077176674,2010-01-22 17:24:06,New storm causes mudslides in foothill communities of Southern California. http://bit.ly/66fpqT,
7931392437,2010-01-19 03:37:52,Evacuations ordered in California as storm moves in http://bit.ly/5HDKuQ,
7534777509,2010-01-08 22:27:54,Southern U.S. residents freeze in Arctic Blast  http://bit.ly/7awPKG,
7461484250,2010-01-07 01:22:33,"The Eastern two-thirds of the U.S. is in the grips of a long-lasting spell of harsh, arctic cold. http://bit.ly/4wdfWK",
7360674137,2010-01-04 08:01:24,Peru's mountain people face fight for survival in a bitter winter http://bit.ly/4tQWD2,
7318342585,2010-01-03 02:34:36,Arctic Blast threatens oranges and other vegetation in the south. http://bit.ly/7oemRd,
6844826013,2009-12-20 00:45:15,Super Saturday Blizzard blasting New York City; Boston next says Accuweather http://bit.ly/5Af4XZ #snowpocalypse,snowpocalypse
6842877534,2009-12-19 23:26:31,"RT @TWCi: RT @Defender13: @TWCi http://twitpic.com/u8uvy - September 2009 on the left, December 19, 2009 on the right. Herndon VA #ecsnow",ecsnow
6831802974,2009-12-19 15:51:07,"Blizzard Warning for District Of Columbia, DC http://bit.ly/54iqZa",
6819801058,2009-12-19 04:28:13,50 million people in path of Winter Storm http://bit.ly/5nJdqf,
6581324446,2009-12-11 22:44:45,LED stop lights fail in Winter Weather - don't melt any of the snow or ice http://bit.ly/7LkPzD,
6520308824,2009-12-10 03:50:44,RT @offbeat Bad Idea: Girl licks pole in ten degree weather http://bit.ly/8ppBAf,
6518432031,2009-12-10 02:46:27,Snow drifts as high as 15 feet bury parts of the central U.S. http://bit.ly/64dE0f,
6442883897,2009-12-07 21:48:22,Major winter storm begins to wallop West http://bit.ly/65eNWt,
6360914115,2009-12-05 04:50:16,"Houston, Texas gets a rare early December snow. http://bit.ly/6sGBof",
5962832760,2009-11-23 01:53:16,"UK checks safety of 1,800 bridges after powerful storms http://bit.ly/7Ihrdq",
5637937337,2009-11-12 02:33:22,Bad weather blamed for blackouts that left nearly a third of Brazilians - 60 million people - in the dark. http://bit.ly/4sOCc1,
5472904647,2009-11-06 06:54:58,Cloudy with a chance of Obama - weather site uses Obama wearing different outfits to indicate weather. http://bit.ly/2lBYDZ,
5032515139,2009-10-21 01:05:01,The Weather Channel plans to start showing movies. http://bit.ly/2QKkUx,
4957099023,2009-10-18 02:13:08,Moscow mayor promises a Winter without snow. http://bit.ly/16AcZT,
4631401158,2009-10-05 16:21:38,Blowing dust closed interstate in Washington state (video) http://bit.ly/2JqaZr,
4511353129,2009-10-01 00:13:25,Video footage of tsunami in American Samoa. The tsunami hit in the middle of the harbor of the capital of Pago Pago http://bit.ly/1HvT9B,
4311855757,2009-09-23 09:21:44,Sydney hit with red dust. Passengers stranded as dust storm reduces visibility at Sydney airport. http://bit.ly/KzLQi,
4010470735,2009-09-15 18:48:12,Amazing photographs of Kansas twisters by storm chaser Jim Reed. http://bit.ly/10FP8Z,
3476438441,2009-08-22 18:36:53,Rip current fears are closing some beaches on the east coast as Hurricane Bill approaches.  http://bit.ly/4s10mA,
2891710114,2009-07-28 15:40:33,Heat wave hits Portland. High of 105 expected today. http://bit.ly/Ni2sv,
2602739800,2009-07-12 19:59:26,"26 women drown in Mumbai, India after being spooked by a bolt of lightning. http://bit.ly/700VQ",
2559778462,2009-07-10 00:42:27,NOAA forecasters say that El Nino has returned. http://bit.ly/qVBEa,
2451574947,2009-07-03 09:05:51,"Tropical rain band is slowly shifting north, likely because of a warming world. http://bit.ly/Rh27b",
2068534084,2009-06-07 21:14:49,The FAA may close 20 weather offices in air traffic control centers across the US http://bit.ly/Erj1A,
2061455641,2009-06-07 03:54:28,Tornado footage shot by Weather Channel lets you look up into the funnel of a tornado. http://bit.ly/13wTXp,
2061450282,2009-06-07 03:53:47,Western North Dakota gets a rare June snowfall. http://bit.ly/8ENhf,
1907029102,2009-05-24 23:27:51,A freak hailstorm in France has seriously damaged the current crops of winemakers in the Bordeaux region. http://bit.ly/BvlNX,
1852422713,2009-05-19 22:27:21,Amateur video of a waterspout in Louisiana. http://bit.ly/7N51C,
1813392991,2009-05-16 03:28:05,Large swath of thunderstorms tonight from the southern Plains to Michigan. http://bit.ly/D92c,
1625614893,2009-04-27 02:36:27,The Storm Prediction Center is forecasting a major severe weather outbreak today and/or tonight. http://bit.ly/mYuqg,
1531912835,2009-04-16 06:28:22,A severe drought is threatening Iraq's southern marshes - the traditional site of the biblical Garden of Eden. http://bit.ly/YSK1,
1499885149,2009-04-11 23:42:10,High winds fueled wildfires in northern Texas. Two small towns were destroyed and two people were killed. http://tr.im/iDY,
1397635449,2009-03-26 23:32:47,"New forecast estimate would raise Fargo, North Dakota flood higher than sandbags. http://tr.im/hRau",
1330301449,2009-03-15 05:04:42,@wefollow #weather #climate #forecast,weather
1313075168,2009-03-11 22:32:09,"High winds shoved ice into lakeside homes in Linwood, Michigan. http://tr.im/hgwz",
1271331989,2009-03-02 23:10:50,Galveston and parts of the Southeast Texas coast are still recovering from the devastation left by Hurricane Ike. http://tr.im/gWF1,
1266832708,2009-03-01 22:12:20,Snowstorm headed for East Coast tonight and Monday. 6-12 inches expected for some cities in the Northeast. http://tr.im/gUod,
1228160476,2009-02-19 21:25:00,Beijing blanketed by snow after China seeds clouds to beat drought. http://tr.im/gAB7,
1225794307,2009-02-19 05:44:49,Prolonged drought brings Los Angeles closer to its first water rationing in nearly two decades. http://tr.im/gz0y,
1164473560,2009-01-31 14:03:00,Australian officials fear 20 people have died as temps over 40C (104F) hit the south-east of the country. http://bit.ly/1zjdPK,
1153083771,2009-01-27 20:09:18,"8 killed by Winter storms - Ice, snow from stretch from the southern Plains to the mid-Atlantic states. http://bit.ly/10B3U",
1117014647,2009-01-14 00:09:58,Arctic front hits the Upper Midwest. Temps fall to near 40 below zero in extreme Northwest corner of Minnesota. http://is.gd/fMrQ,
1105280022,2009-01-08 21:33:12,Extremely cold temperatures in Alaska have grounded planed and disabled cars. http://is.gd/eUjm,
1057541810,2008-12-14 23:56:57,The Probability of a White Christmas - highest probabilities are in northern and mountainous areas of the country. http://bit.ly/CNu3,
1056661573,2008-12-14 11:10:40,Northeast U.S. still recovering from severe ice storm http://bit.ly/2iw8 as blizzard strikes the Dakotas. http://bit.ly/zgsd,
1050744596,2008-12-11 05:49:29,Houston gets a snow surprise - surprise flurries warm Houston hearts. http://bit.ly/a9An,
1033242112,2008-12-02 00:10:48,Floods inundate historic Venice - highest tide in 20 years brings Italian city to a virtual halt. http://bit.ly/Kudr,
1022131576,2008-11-25 04:20:57,Accuweather predicts fair Thanksgiving travel conditions for most of the country. http://bit.ly/9Q7V,
971683051,2008-10-23 07:07:55,Plains storm will develop into a big eastern storm with heavy rain for the Mid-Atlantic & New Engand states this weekend. http://is.gd/4BLC,
924137604,2008-09-17 02:36:42,Ike-related storm deaths have climbed to 47. Deaths occurred in 10 states as Ike traveled from Texas to the Midwest. http://twurl.nl/j4tuhe,
921087024,2008-09-14 15:11:36,Weakened hurricane Ike is now a a serious flood threat for the Mississippi Valley and the lower Great Lakes today. http://twurl.nl/gfgxm1,
907118338,2008-09-02 18:47:24,"Major damage from Hurricane Gustav reported across three parishes - Terrebonne, Lafourche and St. Mary http://twurl.nl/2ropzc",
895958997,2008-08-22 21:50:24,Floridians warned about the risk of raw sewage in flood waters. Health officials also concerned about West Nile. http://twurl.nl/kblahc,
893514762,2008-08-20 17:57:37,"National Weather Service statement on flooding in Brevard County, Florida: ""Historic and Hazardous Rainfall Event"" http://twurl.nl/c8prjf",
891843315,2008-08-19 05:36:18,Some tornado watches/warnings have recently been issued for parts of South Florida because of Tropical Storm Fay http://ping.fm/Goxee,
886747355,2008-08-13 21:29:11,Accuweather blogs about a potent storm system sliding up the East Coast Thursday. Heaviest storms should remain offshore http://is.gd/1qxq,
883166637,2008-08-10 10:24:05,A slow motion video of lightning. http://twurl.nl/qorzig,
877817924,2008-08-05 01:58:37,Chicago area hit by powerful storms - fans At Wrigley Field evacuated from stands to lower level concourse. http://twurl.nl/mckkv4,
877152568,2008-08-04 12:25:55,"Dallas, Texas set a record Sunday with a temp of 107 - several heat-related deaths have been recorded in the area http://twurl.nl/j1fgkb",
868537392,2008-07-25 22:34:23,"South Texas floodwaters contain ""stinging fire ants, snakes and even deadly tarantulas"" http://twurl.nl/6ck4l7",
867774753,2008-07-25 04:53:18,Four deaths have now been blamed on a weeklong heat wave in Philadelphia. http://twurl.nl/rmy52p,
860673916,2008-07-17 07:14:03,Some longrange US weather models forecast a late July heat wave for the Midwest http://twurl.nl/yjfk2a,
846968787,2008-06-30 15:46:00,"Firefighters in California are now battling over 1,400 different blazes. http://twurl.nl/7vynqa",
844378872,2008-06-26 19:34:05,New Midwest storms may force residents to wait even longer to return to homes. http://twurl.nl/sy14qr,
840583517,2008-06-22 00:00:32,California heat wave continues into the weekend. San Fernando Valley temps could reach 113. http://twurl.nl/1plf8q,
839074460,2008-06-19 23:47:15,The Mississippi River has surged over nearly a dozen levees in the St. Louis area and flooded vast areas of farmland http://twurl.nl/7y2klw,
836539544,2008-06-17 03:47:53,MSNBC has an interactive map that shows the swollen Midwest rivers and how they compare to past floods. http://twurl.nl/m0ymqp,
832577736,2008-06-11 23:34:13,Iowans are shoring up levees as flood waters move toward the Mississippi River. http://twurl.nl/7hqi6h,
829434532,2008-06-07 23:56:55,Northeast bakes in heat wave. Some power outages reported in Northern Virginia. http://twurl.nl/nqodvq,
820261990,2008-05-26 15:57:58,More severe weather is expected over parts of the central and southern plains later today and tonight. http://twurl.nl/3dhfc4,
820261326,2008-05-26 15:57:06,Tornaodes kill eight people in Iowa and Minnesota http://twurl.nl/loo6tu,
818540132,2008-05-23 18:48:48,"Mile-wide tornado hits Windsor, Weld County in Colorado - at least 1 fatality reported. http://twurl.nl/4qqpyi",
808367405,2008-05-11 02:20:16,29 tornado reports so far today including 3 with fatalities in Oklahoma and Missouri. http://twurl.nl/qc1ykq,
802236158,2008-05-02 22:45:55,34 tornado reports already today. Fatalities reported with Arkansas tornado. http://tinyurl.com/yo97ld,
801510347,2008-05-01 22:23:26,"The Storm Prediction Center also has two days of moderate risk of severe weather for the plains, midwest and south http://is.gd/b7l",
801509650,2008-05-01 22:22:06,Storm system intensifying over the Plains is expected to generate severe weather today and tomorrow http://twurl.nl/qaxx0v,
799124167,2008-04-29 00:07:50,Tornadoes destroy multiple buildings in Virginia. 1 killed and 200+ injuries reported. http://twurl.nl/cw6nfa,
799021162,2008-04-28 21:10:20,Heat fueling fires in Southern California - evacuations in foothills above Sierra Madre and Arcadia http://tinyurl.com/4dejcz,
795218494,2008-04-23 15:59:15,Storm Prediction Center says there is moderate risk for severe weather in western north Texas and southern Oklahoma. http://twurl.nl/awmhj7,
786033847,2008-04-09 21:18:30,A Particularly Dangerous Situation (PDS) Tornado Watch has been issued for pats of Southern OK and North TX http://tinyurl.com/5r5xrw,
785941389,2008-04-09 18:37:25,A Particularly Dangerous Situation (PDS) Tornado Watch has been issued for parts of central and nw texas http://tinyurl.com/5bqbml,
785374464,2008-04-08 22:32:54,The SPC is forecasting a moderate risk of severe weather for parts of Southern OK and Northern TX on Wednesday http://tinyurl.com/ld4lh,
782339800,2008-04-03 19:17:01,"The SPC says there is a moderate risk of severe storms today in North TX, Southern OK and Western AR http://tinyurl.com/bar6",
773508929,2008-03-18 19:37:42,"PDS (Particularly Dangerous Situation) Watches up for parts of Texas, Arkansas and Louisiana http://tinyurl.com/4kg4s",
772934855,2008-03-17 18:05:25,Storm Prediction Center: Moderate risk of severe storms in parts of Texas today http://tinyurl.com/bar6,
772088605,2008-03-15 20:50:14,"PDS (PARTICULARLY DANGEROUS SITUATION) Tornado Watch has been issued for parts of Georgia, SC and NC http://tinyurl.com/2m7of9",
772075644,2008-03-15 20:05:08,8 tornadoes already today says SPC http://tinyurl.com/yo97ld More occurring in Southeast http://kamala.cod.edu/svr/,
771784991,2008-03-15 02:48:37,Possible tornado causes damage in downtown Atlanta http://tinyurl.com/2vvlvr  via @newsalert,
770656239,2008-03-13 00:47:48,2008's tornado tally is off to a really fast start http://tinyurl.com/2onh8d,
769389875,2008-03-10 16:37:12,Columbus and other parts of Ohio digging after 20-inches of snow http://tinyurl.com/38r9lj,
766139599,2008-03-03 17:42:30,"Moderate risk for severe weather and tornadoes today in South. Watches already up in AR, LA http://www.spc.noaa.gov",
765084004,2008-03-01 01:08:56,"China is trying to manipulate the weather for the 2008 Olympics - 11,000 artillery guns, rockets being used http://tinyurl.com/23e5ey",
718034702,2008-02-16 00:33:23,"1 billion gallons of contaminated water is trapped in a tunnel in the mountains above Leadville, Colorado http://tinyurl.com/yqd4sj",
688164072,2008-02-07 19:59:48,Heavy snow wrecks travel plans in Chicago - 100s stranded http://tinyurl.com/3bzujq,
682746792,2008-02-06 06:55:41,"Tornadoes kill 23 in the Southeast.  Tornado watches still out early this morning in LA, AL http://www.spc.noaa.gov/",
682207882,2008-02-06 02:55:09,"Deadly twisters strike Arkansas and Tennessee - deaths, injuries and missing people reported http://tinyurl.com/ysfv6q via @newsalert",
661249372,2008-01-30 23:39:34,This January is set to be 1st January in 75 years that New York City has no snow http://tinyurl.com/367v8k,
575041062,2008-01-08 09:51:58,Rare January tornadoes hit Midwest. 2 killed in Missouri http://tinyurl.com/ywcls5,
568660302,2008-01-06 16:17:39,"Hundreds of thousands still without power in Calif., Ore., Nev. following Winter storms http://tinyurl.com/ys3kno",
554079622,2008-01-02 04:50:49,@tweetgift @epeep hat to keep your head warm this Winter,
548029792,2007-12-31 02:30:43,The AP lists some of the many weird weather events of 2007 http://tinyurl.com/27ofnm,
520303272,2007-12-21 07:06:16,U.S. Drought Outlook forecasts drought to continue in the Southeast from Alabama to the Carolinas. http://tinyurl.com/36aesg,
491684112,2007-12-11 23:07:48,Ice Storms of 07: Nearly 1 million without power. O'hare flights canceled. 23 deaths.http://tinyurl.com/2kvb58 via @newsalert,
466553692,2007-12-03 21:31:40,"Northeast storm creates treacherous driving conditions with rain, sleet and snow. 14 killed http://tinyurl.com/2vsbve",
443231552,2007-11-25 22:15:37,The number of weather disasters has quadrupled over the past 20 years. http://tinyurl.com/34q98j,
430640982,2007-11-21 00:58:49,Bad weather expected over Thanksgiving - could wreak havoc with holiday air travel http://tinyurl.com/2qafc4,
418882432,2007-11-16 09:14:47,Storm brings about an inch of rain to drought stricken Georgia but its not nearly enough http://tinyurl.com/3x83du,
399348112,2007-11-08 23:06:08,Severe flood warnings issued for England's east coast http://tinyurl.com/2rrszj,
395779092,2007-11-07 17:22:33,South Florida headed for increased water restrictions http://tinyurl.com/3yr8zw,
386374722,2007-11-03 23:16:06,New England getting battered by remnants of Hurricane Noel. Gusts along NE coast could reach 70mph http://tinyurl.com/2xern7,
384110562,2007-11-02 20:34:51,"An estimated 900,000 people affected by massive flooding in Mexico http://tinyurl.com/3dc5au",
382184192,2007-11-02 03:27:01,Small Tennessee town has run completely out of water http://tinyurl.com/398qk7,
355725212,2007-10-22 22:10:24,Southern California Wildfire resources: http://tinyurl.com/2oe3br,
355320352,2007-10-22 18:45:05,"Wildfires force nearly 250,000 people to evacuate in San Diego County. http://tinyurl.com/3dnt3a",
349507582,2007-10-20 05:18:32,Atlanta has no backup plan if its faucets run dry. http://tinyurl.com/yvsepe,
341556262,2007-10-17 04:54:01,Extremely dry conditions in U.S. southwest and southeast causing dust storms and drying out lakes. http://tinyurl.com/2r5mqv,
334277202,2007-10-14 03:52:42,SoCal to ration water. Hike water prices for homeowners in 2009 http://tinyurl.com/32gaxz,
319691972,2007-10-08 07:10:26,Chicago Marathon called off because of heat wave. 350 to hospital. 1 dead. http://tinyurl.com/2j6fbc,
313562882,2007-10-05 06:36:13,The Weather Channel's Stu Ostro explains El Nino and La Nina http://tinyurl.com/2wqlvh,
297992572,2007-09-28 02:42:05,International Herald Tribune says China is running out of water. http://tinyurl.com/2wslom,
295465802,2007-09-26 23:41:02,"Uganda hospital is swamped by flood waters. Ethiopia, Niger also see flooding. http://tinyurl.com/2mwk3z",
293318952,2007-09-26 00:39:00,"Residents of Cameron, La. still in trailers two years after Rita http://tinyurl.com/2yxsvw",
285524712,2007-09-22 06:03:44,"Dr. Greg Forbes blogs about the ""second season"" of tornadoes that occurs often in November http://tinyurl.com/389tnm",
283270002,2007-09-21 06:12:36,Africa reeling from Summer floods. Hundreds of thousands in 17 nations displaced. http://tinyurl.com/3arht8,
275163472,2007-09-17 20:51:30,Florida twister damages about 150 homes after starting out as a water spout http://tinyurl.com/39cmhv,
264944922,2007-09-13 01:21:15,No Pretty Fall Colors: Alabama drought may turn blazing fall leaves to brown http://tinyurl.com/32zjkx,
260415972,2007-09-11 04:57:23,"Wind spreads smoke from California wildfires. Health alerts in San Francisco, San Joaquin http://tinyurl.com/3bp6bm",
255971052,2007-09-09 04:24:18,Tropical Storm Gabrielle is expected to impact the North Carolina Outer Banks on Sunday. http://tinyurl.com/9nzqx,
254170452,2007-09-08 04:24:41,California finally cooling after 8 of triple-digit temps. 28 deaths are being blamed on the heat wave. http://tinyurl.com/2sj8xl,
251820972,2007-09-07 02:43:23,"No more drought for Australia. It's now considered a ""permanent dry"" http://tinyurl.com/2k3o8l",
249835482,2007-09-05 22:07:01,25 dead from Southern California heat wave the L.A. Times reports http://tinyurl.com/2rxape,
241673692,2007-09-01 23:09:36,Heat Wave in Southern California for Labor Day weekend http://tinyurl.com/yohf2j,
234061552,2007-08-29 05:47:11,Plains and Upper Midwest getting pounded by more storms http://tinyurl.com/2vtva7,
230595762,2007-08-27 16:55:13,People still trapped from deadly fires in Greece. 60 reported dead. http://tinyurl.com/39ov4f,
222856482,2007-08-23 16:50:32,Serious flooding in Ohio. 700 homes were severely damaged or destroyed. http://tinyurl.com/2wzc3j,
219031002,2007-08-22 00:36:29,"22 killed in Midwest flooding. Gays Mills, a town of 640 people in Wisconsin, was mostly underwater Sunday. http://tinyurl.com/2mnh6g",
210087282,2007-08-17 00:00:15,Japan is also sweltering in record heat. 13th deaths blamed there on the heat. http://urltea.com/18pn,
210077612,2007-08-16 23:51:44,33 dead now in the Southern U.S. from lingering heat wave http://urltea.com/18m2,
209680322,2007-08-16 18:52:00,7 dead in Memphis heat wave http://urltea.com/18m2,
200806622,2007-08-11 23:41:41,Drought in the Southeast is fueling record temperatures. Three cities break records with temps of 105+ degrees http://howtoweb.com/z/t35,
194923642,2007-08-08 23:05:25,National Weather Service confirms that Brooklyn received its first-ever tornado this morning - an F2. http://urltea.com/16dl,
194259882,2007-08-08 16:00:49,3 deaths so far is U.S. heat wave that stretches from the Midwest to the East Coast http://urltea.com/168m,
194258292,2007-08-08 16:00:08,Flooding from heavy rain causes transit meltdown in New York City http://urltea.com/168l,
190494562,2007-08-06 21:20:51,Southeast Asia dealing with horrendous flooding. More than one million families were affected by flooding. http://urltea.com/15kz,
190492102,2007-08-06 21:19:14,Montana declares state of emergency because of several large wildfires http://urltea.com/15ky,
186635082,2007-08-04 16:52:08,Southeast Asian floods displace millions. Hospitals full of people sickened by waterborne disease http://tinyurl.com/3du2qs,
173368002,2007-07-28 18:06:57,Texas declared drought-free for the first time in a decade http://urltea.com/131h,
164383192,2007-07-23 18:08:10,Photo gallery of flooding in England http://tinyurl.com/yuffwt,
164377982,2007-07-23 18:04:32,"Britain's floods worse in Modern History. 10,000+ now lack water and electricity. http://tinyurl.com/2vgwzn",
158700622,2007-07-20 03:40:49,Level five fire danger out west. Resources are being stretched thin. http://tinyurl.com/2yn2yt,
148349942,2007-07-13 15:04:04,Last year's California heat wave may have killed hundreds http://tinyurl.com/3288ar,
142385632,2007-07-10 04:15:10,Heat wave reaches the Northeast. NYC opens hundreds of cooling centers http://www.msnbc.msn.com/id/19683501/,
136286072,2007-07-05 23:20:50,Heat wave continues for  U.S. West http://tinyurl.com/2pmagv,
134736952,2007-07-05 00:19:59,Severe weather and hailstones pound London http://tinyurl.com/2ee2ph,
132677672,2007-07-03 17:21:14,"42,000 gallons of thick crude oil mixes with flood water to turn Kansas town slimy. http://tinyurl.com/3drxt2",
131402592,2007-07-02 23:15:33,The Heat is On: Excessive heat warning issued for Las Vegas - 112 to 116 degrees expected. http://tinyurl.com/2t9sfn,
131273522,2007-07-02 21:24:12,"Flooding forces evacuation of Osawatomie, a small town in eastern Kansas http://tinyurl.com/36k6cr",
125256292,2007-06-28 22:04:54,11 people die in Texas floods. More rain expected over the July 4th holiday http://tinyurl.com/2ye6ro,
123310812,2007-06-27 16:58:46,Storms pound Chicago. More on the way. http://tinyurl.com/2okup5,
123309412,2007-06-27 16:57:32,Parts of texas get more than a foot of rain http://tinyurl.com/2y6c5g,
122047312,2007-06-26 22:30:32,Serious floods in Britain put stress on dams http://tinyurl.com/2r745t,
120689042,2007-06-26 00:03:14,"Some data on tornadoes in Canada. Interesting given the recent F4 in Elie, Manitoba, Canada http://tinyurl.com/2rdeuk",
119516842,2007-06-25 07:02:50,"Out of control fire in Lake Tahoe, California has destroyed 165 homes http://tinyurl.com/3a78dy",
117804702,2007-06-23 23:17:47,Killer heat wave hits Southern Europe http://tinyurl.com/ysoaet,
112284692,2007-06-20 02:43:51,"Photos from Gainesville, Texas flood http://www.dallasnews.com/sharedcontent/dws/pt/slideshows/2007/06/061807flood/",
111135892,2007-06-19 11:07:46,Lake Superior is at its lowest level in 81 years http://tinyurl.com/2ks9sr,
104655682,2007-06-14 18:45:58,Northern Alabama's drought reaches historic level. http://tinyurl.com/36zscf Classified as Exceptional drought (D4) by U.S. Drought Monitor,
104653512,2007-06-14 18:43:44,"Serious flooding in China. Dams have weakened. 800,000 have fled. 76 dead. http://tinyurl.com/2mlrax",
95459572,2007-06-08 04:14:32,Strong winds with gusts as high 142 mph cause damage in Denver metropolitan area http://urltea.com/q6h,
95023132,2007-06-07 20:30:09,Cut Showers: L.A. residents told to cut back on showers as record drought continues http://urltea.com/q2n,
88577612,2007-06-02 22:46:57,Tornado strike Eastern Iowa town with winds 136 to 140 mph http://apnews.myway.com/article/20070602/D8PGJJ4O1.html,
87274182,2007-06-01 20:44:31,"Tropical Storm Barry forms in the Gulf of Mexico.  Headed for Tampa, Florida area @hurricanes",
86211452,2007-06-01 03:28:09,Moscow experiences historic heat wave http://urltea.com/o97,
86210052,2007-06-01 03:26:52,Summerlike heat for the Northwest this weekend http://tinyurl.com/24q5hc,
69328362,2007-05-18 22:44:43,South Florida drying out from severe drought. http://www.msnbc.msn.com/id/18740409/,
57519072,2007-05-09 17:14:08,Smoke from N. Florida and Georgia fires drifts into southwest Florida http://urltea.com/iu1,
57517642,2007-05-09 17:12:41,Massive fire blazing in Los Angeles' Griffith Park http://urltea.com/iu0,
57516532,2007-05-09 17:11:22,Correct URL for hurricanes Twitter -&gt; http://twitter.com/hurricanes,
57515902,2007-05-09 17:10:52,"Subtropical storm off Georgia, Florida coast becomes first tropical storm of the season Andrea - more here -&gt; http://twitter.com/hurrican",
57514212,2007-05-09 17:09:31,"President Bush visits tornado destroyed town of Greensburg, Kansas. Meets survivors http://urltea.com/itw",
56004772,2007-05-08 21:54:09,Record heat wave bakes the OC http://urltea.com/il4 and the Bay Area http://urltea.com/il5,
55299992,2007-05-08 14:21:54,Major flooding ongoing in Northwest Missouri http://urltea.com/ih4,
51832912,2007-05-06 11:17:52,"95% Greensburg destroyed http://urltea.com/i0m 1mile wide 250mph winds Town's 1,500 residents evacuated. More: http://www.wichitaeagle.com",
51717332,2007-05-06 08:30:39,"Shocking photos, video of the tornado damage in Greensburg, Kansas http://urltea.com/i06",
51548082,2007-05-06 04:02:55,80 tornado reports already today! That doesn't mean 80 seperate tornadoes but it is a significant # of reports http://urltea.com/hyt,
51367732,2007-05-05 23:47:21,Already 29 tornado reports today http://www.spc.noaa.gov/climo/reports/today.html,
51228482,2007-05-05 20:12:32,Could be very active tornado day. Several Particularly Dangerous Situation (PDS) tornado watches right now. http://urltea.com/hwe,
51224122,2007-05-05 20:05:24,"Kansas town pummeled by tornado. 7 deaths. 60 injuries. Downtown area ""wiped out"" http://urltea.com/hwc",
41058132,2007-04-26 20:06:31,China plans to artificially create rainfall ahead of the 2008 Olympic games in Beijing http://urltea.com/fw4,
41057682,2007-04-26 20:05:57,China plans to artificially increase rainfall to help unpollute the atmosphere ahead of the 2008 Olympic games in Beijing http://urltea.com/,
41056072,2007-04-26 20:04:28,11th person dies from recent tornado outbreak in the South http://urltea.com/fw0,
37228282,2007-04-23 17:57:44,Australia's Prime Minister John Howard warns drought could cause Australia to run out of food. Would need 2 import http://snipurl.com/1hpim,
37224652,2007-04-23 17:53:38,"Tomorrow the severe weather will be on the increase and will spread into Tx, Ok, Ka, Mi http://kamala.cod.edu/SPC/day2.prob.gif",
37224032,2007-04-23 17:52:51,Severe weather and possible tornadoes expected today in Colorado along eastern plains http://snipurl.com/1hph4,
31293901,2007-04-17 19:00:54,Forest fires in Germany blamed on recent heat wave http://tinyurl.com/2fpekw,
31287611,2007-04-17 18:51:34,"Any severe weather today is most likely to occur in Texas. One mesoscale discussion out for central, north texas http://tinyurl.com/2ymdoe",
31285961,2007-04-17 18:49:36,Nasty Noreaster really pummeled the East Coast http://tinyurl.com/yud2q4,
27279291,2007-04-13 20:54:30,A PDS Tornado Watch has been issued for parts of central and north Texas. http://www.spc.noaa.gov/products/watch/ww0135.html,
27168361,2007-04-13 18:34:37,Monster nor'easter expected for the Northeast. Winds could gust 40-60 miles an hour.,
27095451,2007-04-13 17:09:34,Storm Prediction Center is showing a moderate risk for severe storms in the south today and the southeast tomorrow http://snipurl.com/5lur,
26223901,2007-04-12 22:21:27,"Cold weather including freezes causes major crop damage in the South. http://snipurl.com/1g9og ""This is comparable to a hurricane""",
25417481,2007-04-12 05:21:56,"Severe weather on the way: TWC's Dr Forbes: ""intense thunderstorms and potentially tornadoes across the South."" http://snipurl.com/1g44f",
25411931,2007-04-12 05:13:17,Ugly commute for Chicago. Cubs snowed out. http://snipurl.com/1g1pa,
22681051,2007-04-09 11:42:05,Winter-like temperatures put a chill on Easter services in many parts on the country http://snipurl.com/1frr5,
20395051,2007-04-06 00:46:18,Snow to return in spots as cold weather plunges south and east this weekend. http://snipurl.com/1fd4t,
18866591,2007-04-04 00:57:28,Over 283 hail reports already today http://snipurl.com/1f1qq,
18288401,2007-04-03 08:04:41,"Storm chasers say the area dubbed ""Tornado alley"" shifts during warmer periods http://snipurl.com/1eygp",
18287881,2007-04-03 08:03:22,Cold weather and a chance of snow return to Michigan. This cold air is forecast for the Northeast ltr this week. http://snipurl.com/1eygj,
18156561,2007-04-03 02:52:33,Cherry Blossoms bloom in DC in time for National Cherry Blossom Festival http://snipurl.com/1epb6,
17762211,2007-04-02 16:19:22,Japan Probe describes a sand and dust storm that has hit Japan http://www.japanprobe.com/?p=1486,
17323601,2007-04-02 00:19:20,L.A. dry spell: Los Angeles rain season is the driest since records started in 1877 http://snipurl.com/1esdr,
16786201,2007-04-01 00:49:19,Lightning hitting tree and ground captured on Youtube video http://snipurl.com/1epb1,
15390691,2007-03-29 21:55:44,Today's tornadoes have been in Texas and Oklahoma. You can a running list of warnings here -&gt; http://kamala.cod.edu/svr/,
15390181,2007-03-29 21:55:06,Yesterday's tornado swarms killed four people http://tinyurl.com/25eu7a,
14910221,2007-03-29 08:54:26,Video shows golfball to baseball sized hail from Texas tstorm http://tinyurl.com/2xrkg3,
14910011,2007-03-29 08:53:50,A total of 65 tornado reports including 2 fatalities in Oklahoma http://snipurl.com/1e8pk Severe weather will most slowly eastward Thursday,
14909341,2007-03-29 08:51:53,Tornadoes reported in five states on Wednesday http://snipurl.com/1e8ph,
13820031,2007-03-27 19:56:22,Storm Prediction Center: possible organized severe weather event in 4-8 days http://snipurl.com/1dwns,
13318801,2007-03-27 00:06:00,"A MODIS image of the March 18th, 2007 Northeast snowstorm http://snipurl.com/1bt6x",
13225481,2007-03-26 21:07:50,44 killed by tornadoes so far in 2007. http://snipurl.com/1amjr. In 2006 66 were killed. In 2005 only 39 were killed by tornadoes.,
13224161,2007-03-26 21:05:45,"Funnel clouds and flooding in Lubbock, Texas on Sunday http://snipurl.com/1amf",
13223451,2007-03-26 21:04:37,Severe storms follow record heat in Wisconsin http://snipurl.com/1am2v,
12210381,2007-03-24 22:08:12,New Mexico and West Texas hit by tornadoes and severe thunderstorms yesterday http://snipurl.com/tpdy,
9938691,2007-03-20 05:24:36,It's National Flood Safety Awareness Week. Turn Around Don't Drown. http://tinyurl.com/2c4cvr,
9938371,2007-03-20 05:23:13,UK bracing for an Arctic blast http://tinyurl.com/28ccnv,
9438571,2007-03-18 23:15:18,Phoenix broils in record heat. 99 Friday and Saturday. http://tinyurl.com/3ark5n,
9244921,2007-03-18 09:55:01,EU website will offer extreme weather information http://tinyurl.com/ynppqk,
9244861,2007-03-18 09:54:34,Technorati Claim http://technorati.com/claim/fbbdcfnbww,
8982531,2007-03-17 17:42:21,"Northeast storm cancels over 2,000 flights http://tinyurl.com/282s2e",
8344061,2007-03-15 22:45:53,Worsening drought leads to increased water restrictions in South Florida http://tinyurl.com/3xdtrg,
8060121,2007-03-15 04:49:56,"Serious flood concerns for Montpelier, Vermont http://tinyurl.com/34g5bh",
7606371,2007-03-14 00:15:50,Severe storms today in Texas -&gt; http://tinyurl.com/ytnxhz,
7168051,2007-03-12 22:47:45,testing the weather twitter,
