{"9":{"457":{"182":{"keys":["",2,224],"grid":[" %!-","00","00","00","00","00","00","00"," )!)","08","08","08","#- #!#","#- %","13","#. $"]}},"463":{"186":{"keys":[2,1],"grid":[" "," "," "," "," "," "," "," "," "," "," "," "," "," "," ","!! 0"]},"187":{"keys":[1,2,224,""],"grid":[" $!.","## #!-","#$ $!+","#& !!+","#& #!*","#' !!*","#( !!)","#( #!(","#) !!(","#* !!'","#* #!&","#+ !!&","#+$!!&","#*$$!%","#)$%!%","14"]},"185":{"keys":[224,2,"",1],"grid":[" %!-","00","00","00"," !#$!-"," ##!!.","05"," #!/","07"," !$!!/","09","$#!/","$!!0","12","!","!"]}},"462":{"186":{"keys":[224,1,2],"grid":[" .!##!"," -!###"," -!!#$"," ,!##$"," +!##%"," +!!#&","05"," *!##&"," *!!#'","08","08","07","04"," ,!$##","00"," /!#"]},"185":{"keys":["",224,1,2],"grid":[" %!-","00","00","00","!","!","!","!","!","!","!","!","!","!0#!","!/##","!/#!$!"]}}},"13":{"7402":{"2988":{"keys":[224,2],"grid":[" /!#"," 0!!"," "," "," "," "," "," "," "," "," "," "," "," "," "," "]},"2983":{"keys":[224,2],"grid":[" #!/"," !!0","01","01","!","!","!","!","!","!","!","!","!","!","!","!"]},"2982":{"keys":[224,2],"grid":[" (!*"," '!+","01","01"," &!,","04","04"," %!-","07","07"," $!.","10","10"," #!/","13","13"]},"2981":{"keys":[224,2],"grid":[" -!%"," ,!&","01","01"," +!'","04","04"," *!(","07","07"," )!)","10","10"," (!*","13","13"]},"2980":{"keys":[224,2],"grid":[" "," "," "," "," "," "," "," "," 0!!"," /!#"," .!$","10","10","10"," -!%","14"]},"2987":{"keys":[2,224],"grid":[" "," "," "," ","!! 0","!# /","!$ .","!% -","!' +","!( *","!) )","!* (","!+ '","!, &","!- %","!. $"]}},"7404":{"2978":{"keys":[224,2],"grid":[" -!%"," ,!&","01"," +!'"," *!("," )!)","05"," (!*"," '!+"," &!,","09"," %!-"," $!.","12"," #!/"," !!0"]},"2979":{"keys":[2],"grid":[" "," "," "," "," "," "," "," "," "," "," "," "," "," "," "," "]},"2977":{"keys":[224,2],"grid":[" "," "," "," "," "," "," "," "," "," "," "," "," 0!!"," /!#"," .!$","14"]},"2989":{"keys":[2,224],"grid":[" ","!! 0","!# /","!$ .","!% -","!& ,","!' +","!( *","!) )","!* (","!+ '","!- %","!. $","!/ #","!0 !","!"]}},"7412":{"2994":{"keys":[224,2],"grid":[" !!0"," #!/"," %!-"," '!+"," )!)"," +!'"," -!%"," .!$"," /!#"," 0!!","09"," "," "," "," "," "]}},"7413":{"2994":{"keys":[2,224],"grid":[" "," "," "," "," "," "," "," "," "," "," "," ","!! 0","12","!# /","14"]},"2995":{"keys":[224,2,""],"grid":[" $!.","00"," %!-","02"," &!,"," &#!!+"," '#!!*","06"," )!)","08","08","08"," *##!&"," +#!!&"," +##!%"," ,#!!%"]},"2996":{"keys":[224,"",2],"grid":[" -!!#$"," -!###"," -!$#!"," .!##!"," "," "," "," "," "," "," "," "," "," "," "," "]}},"7410":{"2992":{"keys":[2,224],"grid":[" "," "," "," "," "," "," "," "," "," "," "," "," "," "," ","!! 0"]},"2993":{"keys":[224,2],"grid":[" $!."," &!,"," '!+"," )!)"," +!'"," -!%"," /!#"," "," "," "," "," "," "," "," "," "]}},"7411":{"2993":{"keys":[2,224],"grid":[" "," "," "," "," "," "," "," ","!# /","!% -","!& ,","!( *","!* (","!, &","!. $","!0 !"]},"2994":{"keys":[224],"grid":[" "," "," "," "," "," "," "," "," "," "," "," "," "," "," "," "]}},"7416":{"2999":{"keys":[2,224],"grid":[" "," "," ","!   "]},"3000":{"keys":[224,2],"grid":["  !!","00","   !"," "]}},"7417":{"3001":{"keys":["",2,224],"grid":[" $!."," %!-","01","#! $!-","#%!-","04","04","04","#)!)","08","08","08","#) $!&","#* $!%","#+ #!%","#, !!%"]},"3002":{"keys":[224,"",2],"grid":[" -!###"," -!$#!"," .!##!"," /!#"," "," "," "," "," "," "," "," "," "," "," "," "]}},"7414":{"2996":{"keys":[2,"",224],"grid":[" "," "," "," "," "," "," "," ","!$ .","08","!% -","#!!$ -","#% -","12","12","12"]},"2997":{"keys":[224,2,""],"grid":["  !!","00","   !","   #"]}},"7415":{"2998":{"keys":[2,"",224],"grid":[" ","!   ","#!  ","##  "]},"2999":{"keys":[224,"",2],"grid":["  !#","   !"," "," "]}},"7405":{"2990":{"keys":[224,2],"grid":[" !!0"," #!/"," $!."," %!-"," &!,"," '!+"," (!*"," *!("," +!'"," ,!&"," -!%"," /!#"," "," "," "," "]},"2989":{"keys":[2],"grid":[" "," "," "," "," "," "," "," "," "," "," "," "," "," "," "," "]},"2976":{"keys":[224,2],"grid":[" "," "," "," "," "," "," 0!!"," /!#"," .!$","08"," -!%"," ,!&","11"," +!'"," *!("," )!)"]},"2977":{"keys":[224,2],"grid":[" )!)"," (!*"," '!+"," &!,","03"," %!-"," $!.","06"," #!/"," !!0","!","!","!","!","!","!"]}},"7409":{"2992":{"keys":[2,224],"grid":[" "," "," "," "," "," "," ","!# /","!% -","!' +","!) )","!* (","!, &","!. $","!0 !","!"]},"2971":{"keys":[224,2],"grid":[" !!0","00","!","!","!","!","!","!","!","!","!","!","!","!","!","!"]},"2969":{"keys":[224,2],"grid":[" "," "," "," "," "," 0!!","05"," /!#","07"," .!$","09"," -!%","11"," ,!&","13"," +!'"]},"2970":{"keys":[224,2],"grid":[" +!'"," *!(","01"," )!)","03"," (!*","05"," '!+"," &!,","08"," %!-","10"," $!.","12"," #!/","14"]}},"7407":{"2973":{"keys":[224,2],"grid":[" "," "," "," 0!!","03"," /!#","05"," .!$","07"," -!%","09"," ,!&","11"," +!'","13"," *!("]},"2974":{"keys":[224,2],"grid":[" *!("," )!)","01"," (!*","03"," '!+","05"," &!,"," %!-","08"," $!.","10"," #!/"," !!0","!","!"]},"2991":{"keys":[2,224],"grid":[" "," "," "," "," "," ","!# /","!% -","!' +","!) )","!+ '","!- %","!. $","!0 !","!","!"]}},"7406":{"2990":{"keys":[2,224],"grid":[" "," "," "," "," "," "," "," "," "," "," "," "," ","!! 0","!$ .","!& ,"]},"2991":{"keys":[224,2],"grid":[" (!*"," *!("," ,!&"," .!$"," 0!!"," "," "," "," "," "," "," "," "," "," "," "]},"2976":{"keys":[224,2],"grid":[" $!.","00"," #!/"," !!0","!","!","!","!","!","!","!","!","!","!","!","!"]},"2974":{"keys":[224],"grid":[" "," "," "," "," "," "," "," "," "," "," "," "," "," "," "," "]},"2975":{"keys":[224,2],"grid":[" 0!!"," /!#"," .!$","02"," -!%"," ,!&","05"," +!'"," *!("," )!)","09"," (!*"," '!+"," &!,","13"," %!-"]}},"7401":{"2983":{"keys":[224,2],"grid":[" "," "," "," "," "," "," "," 0!!","07","07"," /!#","10","10","10","10","10"]},"2987":{"keys":[224,2],"grid":[" /!#","00"," 0!!"," "," "," "," "," "," "," "," "," "," "," "," "," "]},"2986":{"keys":[224,2],"grid":[" /!#","00","00","00","00","00","00","00","00","00","00","00","00","00","00","00"]},"2985":{"keys":[224,2],"grid":[" /!#","00","00","00","00","00","00","00","00","00","00","00","00","00","00","00"]},"2984":{"keys":[224,2],"grid":[" /!#","00","00","00","00","00","00","00","00","00","00","00","00","00","00","00"]}},"7418":{"3003":{"keys":[224,"",2],"grid":[" )!!#("," *#("," )!##'"," )!$#&"," )#)","04","04","04"," %!)#%","08","08","08","!","!","!","!"]},"3002":{"keys":[2,"",224],"grid":[" "," "," "," ","!! 0","04","!# /","#!!# .","##!! .","##!# -","#$!! -","#% -","#&!! +","#&!# *","#'!! *","#(!! )"]}},"7403":{"2989":{"keys":[224],"grid":[" "," "," "," "," "," "," "," "," "," "," "," "," "," "," "," "]},"2988":{"keys":[2,224],"grid":[" "," "," ","!! 0","!$ .","!% -","!& ,","!' +","!( *","!) )","!* (","!+ '","!, &","!- %","!. $","!0 !"]},"2980":{"keys":[224,2],"grid":[" &!,"," %!-"," $!.","02"," #!/"," !!0","!","!","!","!","!","!","!","!","!","!"]},"2979":{"keys":[224,2],"grid":[" "," "," 0!!"," /!#"," .!$","04"," -!%"," ,!&","07"," +!'"," *!("," )!)","11"," (!*"," '!+"," &!,"]}},"7408":{"2972":{"keys":[224,2],"grid":[" *!(","00"," )!)","02"," (!*","04"," '!+","06"," &!,"," %!-","09"," $!.","11"," #!/","13"," !!0"]},"2973":{"keys":[224,2],"grid":[" !!0","!","!","!","!","!","!","!","!","!","!","!","!","!","!","!"]},"2992":{"keys":[224,2],"grid":[" &!,"," (!*"," *!("," ,!&"," -!%"," /!#"," "," "," "," "," "," "," "," "," "," "]},"2971":{"keys":[224,2],"grid":[" "," "," "," "," 0!!","04"," /!#","06"," .!$","08"," -!%","10"," ,!&","12"," +!'","14"]},"2991":{"keys":[2,224],"grid":[" "," "," "," "," "," "," "," "," "," "," "," "," "," ","!! 0","!$ ."]}}}}