{"9":{"458":{"269":{"keys":[228,1,"",214],"grid":[" "," "," "," "," "," %!$ *","#! !!$$!!% '","#!$)!# &","$+!! &","08","$+!! !!%","$+!$$#!!","$","$","$","$"]}},"459":{"269":{"keys":[228,"",1,214],"grid":[" "," "," "," "," "," "," "," "," "," "," +!# %","## !#%$$!# %","$!#$$-","$!##$.","$","$"]}},"461":{"270":{"keys":[214,"",228],"grid":[" !!#","00","!","!"]},"269":{"keys":[228,214],"grid":[" "," "," ","!   "]}},"460":{"269":{"keys":[228,"",214],"grid":[" "," ","!!! ","#!##"]}},"456":{"259":{"keys":[210,1,228],"grid":[" *!!#'","00"," )!##'"," )!!#(","03","03","03","03","03","03","03","03","03","03","03","03"]},"258":{"keys":["",210,228,1],"grid":[" "," "," "," ","!) )","04","04","04","!* $#%","!*$!#'","09","09","09","09","09","09"]},"263":{"keys":[210,1,228],"grid":[" )!!#(","00","00","00","00","00","00","00","00","00","00","00","00","00","00","00"]},"262":{"keys":[210,1,228],"grid":[" )!!#(","00","00","00","00","00","00","00","00","00","00","00","00","00","00","00"]},"261":{"keys":[210,1,228],"grid":[" )!!#(","00","00","00","00","00","00","00","00","00","00","00","00","00","00","00"]},"260":{"keys":[210,1,228],"grid":[" )!!#(","00","00","00","00","00","00","00","00","00","00","00","00","00","00","00"]},"267":{"keys":[210,1,228],"grid":[" )!!#(","00","00","00","00","00","00","00","00","00","00","00","00","00","00","00"]},"266":{"keys":[210,1,228],"grid":[" )!!#(","00","00","00","00","00","00","00","00","00","00","00","00","00","00","00"]},"265":{"keys":[210,1,228],"grid":[" (!##(","00"," '!##)","02","02"," &!$#)"," %!$#*"," &!!#+","07"," &!##*","09","09","02","00"," )!!#(","14"]},"264":{"keys":[210,1,228],"grid":[" )!!#(","00","00","00","00","00","00","00","00","00","00","00","00","00","00","00"]},"269":{"keys":[210,1,228,"",214],"grid":[" )!!#(","00","00","00","00","00"," )$$#&"," )$%#%","$","$","$","$","$-%%","12","12","12"]},"268":{"keys":[210,1,228],"grid":[" )!!#(","00","00","00","00","00","00","00","00","00","00","00","00","00","00","00"]}},"457":{"269":{"keys":[228,"",214],"grid":[" "," ","!","##!#"]}}},"13":{"7346":{"4316":{"keys":[228,214],"grid":[" "," "," "," "," "," "," "," /!#"," .!$"," -!%"," ,!&"," +!'"," )!)"," (!*","13","13"]},"4317":{"keys":[228,214],"grid":[" '!+"," %!-"," !!0","!","!","!","!","!","!","!","!","!","!","!","!","!"]}},"7347":{"4315":{"keys":[228,214],"grid":[" "," "," "," "," "," "," "," "," "," "," "," "," "," "," 0!!"," -!%"]},"4316":{"keys":[228,214],"grid":[" +!'"," (!*"," '!+"," &!,"," $!."," #!/"," !!0","!","!","!","!","!","!","!","!","!"]}},"7344":{"4315":{"keys":[228,214],"grid":[" "," "," "," "," ","!# /","!% -","!' +","!) )","!* (","!+ '","!, &","!. $","!/ #","!0 !","!"]}},"7345":{"4315":{"keys":[228],"grid":[" "," "," "," "," "," "," "," "," "," "," "," "," "," "," "," "]},"4316":{"keys":[214,228],"grid":[" !!0"," #!/"," $!."," %!-"," &!,"," '!+"," (!*"," )!)"," *!("," +!'","09"," ,!&","11"," -!%"," .!$","14"]},"4317":{"keys":[214,228],"grid":[" /!#","00"," 0!!"," "," "," "," "," "," "," "," "," "," "," "," "," "]}},"7342":{"4314":{"keys":[228,214],"grid":[" "," "," "," "," "," "," "," "," "," "," "," ","!* (","!. $","!","!"]}},"7343":{"4314":{"keys":[228,214],"grid":[" "," "," "," "," "," "," "," "," "," "," "," "," "," "," ","!& ,"]},"4315":{"keys":[214,228],"grid":[" (!*"," ,!&"," .!$"," 0!!"," "," "," "," "," "," "," "," "," "," "," "," "]}},"7340":{"4314":{"keys":[228,214],"grid":[" "," "," "," "," "," "," "," "," "," "," "," "," "," ,!&"," '!+"," !!0"]},"4315":{"keys":[214],"grid":[" "," "," "," "," "," "," "," "," "," "," "," "," "," "," "," "]}},"7341":{"4314":{"keys":[228,214],"grid":[" "," "," "," "," "," "," "," "," "," "," "," &!$ )","!","!","!","!"]}},"7348":{"4315":{"keys":[228,214],"grid":[" "," "," "," "," "," "," "," .!$"," ,!&"," *!("," (!*"," '!+"," &!,"," #!/","!","!"]}},"7349":{"4315":{"keys":[228,214],"grid":[" "," /!#"," ,!&"," *!("," '!+"," $!.","!","!","!","!","!","!","!","!","!","!"]}},"7302":{"4245":{"keys":[210,228],"grid":[" 0!!","00","00"," /!#"," .!$"," -!%","05","03"," "," %!( &","!. $","!","!& #!*","!$ &!)","!# '!)"," )!)"]},"4249":{"keys":[228,210],"grid":[" "," "," "," "," "," "," "," "," "," "," "," "," "," "," ","!! 0"]},"4246":{"keys":[210,228],"grid":[" )!)","00","00"," (!*"," '!+","04"," %!-"," $!."," #!/"," !!0","!","!","!","!","!","!"]},"4250":{"keys":[210,228],"grid":[" %!-","00","00"," $!."," #!/"," !!0","!","!","!","!","!","!","!","!","!","!"]},"4244":{"keys":[210,228],"grid":[" "," /!#"," .!$"," -!%","03","03","03","03","03","03","03","02","01","01","01"," 0!!"]},"4252":{"keys":[210,228],"grid":[" (!*"," $!."," %!-","02"," &!,"," '!+","00"," )!)"," *!(","08","08"," *!$ $!!"," "," "," "," "]},"4242":{"keys":[210,228],"grid":[" "," "," "," "," "," "," ,!% !"," +!'","07","07","07","07"," ,!&"," .!$"," "," "]},"4243":{"keys":[210,228],"grid":[" "," "," "," /!#"," .!$","04","04","04"," 0!!"," "," "," "," "," "," "," "]},"4251":{"keys":[228,210],"grid":[" "," "," "," "," $!& )"," #!( (","!+ '","06","!, &","08","08","08","!* (","!) )","13","!( *"]}},"7303":{"4245":{"keys":[228,210],"grid":[" "," "," "," "," "," "," "," ","!! 0","!# /","08"," "," "," "," "," "]},"4244":{"keys":[210,228],"grid":[" )!)","!","!","!","!","!","!","!","!","!","!","!","!","!","!","!"]},"4252":{"keys":[228,210],"grid":[" "," "," "," "," "," "," '!# )"," &!$ )","07","07","07"," %!$ *","!# !!% *","!' +","13","!& ,"]},"4242":{"keys":[210,228],"grid":[" *!("," (!*"," '!+"," $!."," %!-"," )!)","00","00","!! )!(","!! (!)","!# '!)","!$ &!)","!% #!+","!"," #!/","14"]},"4243":{"keys":[210,228],"grid":[" #!/","00"," !!' !!)","!( !!)","!' #!)","!' !!*","!& #!*","!% #!+","!$ $!+"," &!,","09","09"," (!*"," *!("," +!'","14"]},"4240":{"keys":[210,228],"grid":[" "," "," "," +!$ $"," +!'","04","04"," ,!&"," -!%"," .!$","09","09","08","04","04","08"]},"4241":{"keys":[210,228],"grid":[" 0!!"," "," ","00"," -!%"," %!-","05"," $!."," $!) !!%"," %!& ("," %!% )"," "," ","00"," ,!&"," +!'"]},"4253":{"keys":[210,228],"grid":[" %!-"," $!."," $!* #!#"," $!) %!!"," %!' '"," &!% ("," '!$ ("," (!# (","07","07"," "," "," "," "," "," "]}},"7300":{"4246":{"keys":[210,228],"grid":[" "," "," "," "," "," "," "," "," "," "," "," "," 0!!"," "," "," "]}},"7301":{"4248":{"keys":[210,228],"grid":[" '!+"," (!*"," *!(","02","02","02","!$ &!)"," !!0","07"," #!/","09"," $!.","11","11","11","11"]},"4249":{"keys":[210,228],"grid":[" $!."," #!/"," !!0","02","02","01"," %!-"," (!*"," +!'"," .!$"," 0!!","10"," "," "," "," "]},"4246":{"keys":[210,228],"grid":[" "," "," "," "," "," "," -!$ !"," ,!&"," ,!% !"," +!& !"," )!)"," &!,","!","!"," !!' #!(","07"]},"4247":{"keys":[210,228],"grid":[" -!%","00"," ,!&","02"," +!'"," )!)"," &!,"," %!-","07","06"," (!*","02","04","05"," '!+","14"]},"4245":{"keys":[210,228],"grid":[" "," "," "," "," "," "," "," "," "," "," "," "," 0!!","12"," "," "]},"4251":{"keys":[210,228],"grid":[" ,!&"," .!$"," /!#"," 0!!","03","03"," "," "," "," "," "," "," "," "," "," "]},"4250":{"keys":[210,228],"grid":[" "," "," "," "," "," "," -!%","06","06","06","06","06","06"," ,!&"," *!(","14"]}},"7304":{"4303":{"keys":[210,228],"grid":[" *!(","00","00","00","00","00","00","00","00","00","00","00","00","00","00","00"]},"4189":{"keys":[210,228],"grid":[" *!(","00","00","00","00","00","00","00","00","00","00","00","00","00","00","00"]},"4301":{"keys":[210,228],"grid":[" )!)","00","00","00","00","00","00","00","00","00","00","00","00","00","00","00"]},"4300":{"keys":[210,228],"grid":[" )!)","00","00","00","00","00","00","00","00","00","00","00","00","00","00","00"]},"4307":{"keys":[210,228],"grid":[" *!(","00","00","00","00","00","00","00","00","00","00","00","00","00","00","00"]},"4306":{"keys":[210,228],"grid":[" *!(","00","00","00","00","00","00","00","00","00","00","00","00","00","00","00"]},"4305":{"keys":[210,228],"grid":[" *!(","00","00","00","00","00","00","00","00","00","00","00","00","00","00","00"]},"4304":{"keys":[210,228],"grid":[" *!(","00","00","00","00","00","00","00","00","00","00","00","00","00","00","00"]},"4309":{"keys":[210,228,""],"grid":[" *!(","00","00"," )#$!&"," %#)!%","04","04","04","#","#","#","#","#","#","#","#"]},"4308":{"keys":[210,228],"grid":[" *!(","00","00","00","00","00","00","00","00","00","00","00","00","00","00","00"]},"4228":{"keys":[210,228],"grid":[" *!(","00","00","00","00","00","00","00","00","00","00","00","00","00","00","00"]},"4229":{"keys":[210,228],"grid":[" *!(","00","00","00","00","00","00","00","00","00","00","00","00","00","00","00"]},"4224":{"keys":[210,228],"grid":[" *!(","00","00","00","00","00","00","00","00","00","00","00","00","00","00","00"]},"4225":{"keys":[210,228],"grid":[" *!(","00","00","00","00","00","00","00","00","00","00","00","00","00","00","00"]},"4226":{"keys":[210,228],"grid":[" *!(","00","00","00","00","00","00","00","00","00","00","00","00","00","00","00"]},"4227":{"keys":[210,228],"grid":[" *!(","00","00","00","00","00","00","00","00","00","00","00","00","00","00","00"]},"4220":{"keys":[210,228],"grid":[" *!(","00","00","00","00","00","00","00","00","00","00","00","00","00","00","00"]},"4221":{"keys":[210,228],"grid":[" *!(","00","00","00","00","00","00","00","00","00","00","00","00","00","00","00"]},"4222":{"keys":[210,228],"grid":[" *!(","00","00","00","00","00","00","00","00","00","00","00","00","00","00","00"]},"4223":{"keys":[210,228],"grid":[" *!(","00","00","00","00","00","00","00","00","00","00","00","00","00","00","00"]},"4149":{"keys":[210,228],"grid":[" /!#","00","00","00","00","00","00","00","00","00"," .!$","10","10","10","10","10"]},"4148":{"keys":[210,228],"grid":[" 0!!","00","00","00","00","00","00","00"," /!#","08","08","08","08","08","08","08"]},"4147":{"keys":[210,228],"grid":[" "," "," "," "," "," "," 0!!","06","06","06","06","06","06","06","06","06"]},"4146":{"keys":[210],"grid":[" "," "," "," "," "," "," "," "," "," "," "," "," "," "," "," "]},"4181":{"keys":[210,228],"grid":[" *!(","00","00","00","00","00","00","00","00","00","00","00","00","00","00","00"]},"4192":{"keys":[210,228],"grid":[" *!(","00","00","00","00","00","00","00","00","00","00","00","00","00","00","00"]},"4180":{"keys":[210,228],"grid":[" *!(","00","00","00","00","00","00","00","00","00","00","00","00","00","00","00"]},"4239":{"keys":[210,228],"grid":[" *!(","00","00","00","00","00","00","00","00","00","00","00","00","00","00","00"]},"4238":{"keys":[210,228],"grid":[" *!(","00","00","00","00","00","00","00","00","00","00","00","00","00","00","00"]},"4237":{"keys":[210,228],"grid":[" *!(","00","00","00","00","00","00","00","00","00","00","00","00","00","00","00"]},"4236":{"keys":[210,228],"grid":[" *!(","00","00","00","00","00","00","00","00","00","00","00","00","00","00","00"]},"4235":{"keys":[210,228],"grid":[" *!(","00","00","00","00","00","00","00","00","00","00","00","00","00","00","00"]},"4234":{"keys":[210,228],"grid":[" *!(","00","00","00","00","00","00","00","00","00","00","00","00","00","00","00"]},"4233":{"keys":[210,228],"grid":[" *!(","00","00","00","00","00","00","00","00","00","00","00","00","00","00","00"]},"4232":{"keys":[210,228],"grid":[" *!(","00","00","00","00","00","00","00","00","00","00","00","00","00","00","00"]},"4231":{"keys":[210,228],"grid":[" *!(","00","00","00","00","00","00","00","00","00","00","00","00","00","00","00"]},"4230":{"keys":[210,228],"grid":[" *!(","00","00","00","00","00","00","00","00","00","00","00","00","00","00","00"]},"4188":{"keys":[210,228],"grid":[" *!(","00","00","00","00","00","00","00","00","00","00","00","00","00","00","00"]},"4208":{"keys":[210,228],"grid":[" *!(","00","00","00","00","00","00","00","00","00","00","00","00","00","00","00"]},"4209":{"keys":[210,228],"grid":[" *!(","00","00","00","00","00","00","00","00","00","00","00","00","00","00","00"]},"4202":{"keys":[210,228],"grid":[" *!(","00","00","00","00","00","00","00","00","00","00","00","00","00","00","00"]},"4203":{"keys":[210,228],"grid":[" *!(","00","00","00","00","00","00","00","00","00","00","00","00","00","00","00"]},"4200":{"keys":[210,228],"grid":[" *!(","00","00","00","00","00","00","00","00","00","00","00","00","00","00","00"]},"4201":{"keys":[210,228],"grid":[" *!(","00","00","00","00","00","00","00","00","00","00","00","00","00","00","00"]},"4206":{"keys":[210,228],"grid":[" *!(","00","00","00","00","00","00","00","00","00","00","00","00","00","00","00"]},"4207":{"keys":[210,228],"grid":[" *!(","00","00","00","00","00","00","00","00","00","00","00","00","00","00","00"]},"4204":{"keys":[210,228],"grid":[" *!(","00","00","00","00","00","00","00","00","00","00","00","00","00","00","00"]},"4205":{"keys":[210,228],"grid":[" *!(","00","00","00","00","00","00","00","00","00","00","00","00","00","00","00"]},"4282":{"keys":[210,228],"grid":[" *!(","00","00","00","00","00","00","00","00","00","00","00","00","00","00","00"]},"4283":{"keys":[210,228],"grid":[" *!(","00","00","00","00","00","00","00","00","00","00","00","00","00","00","00"]},"4280":{"keys":[210,228],"grid":[" *!(","00","00","00","00","00","00","00","00","00","00","00","00","00","00","00"]},"4281":{"keys":[210,228],"grid":[" *!(","00","00","00","00","00","00","00","00","00","00","00","00","00","00","00"]},"4286":{"keys":[210,228],"grid":[" *!(","00","00","00","00","00","00","00","00","00","00","00","00","00","00","00"]},"4213":{"keys":[210,228],"grid":[" *!(","00","00","00","00","00","00","00","00","00","00","00","00","00","00","00"]},"4284":{"keys":[210,228],"grid":[" *!(","00","00","00","00","00","00","00","00","00","00","00","00","00","00","00"]},"4285":{"keys":[210,228],"grid":[" *!(","00","00","00","00","00","00","00","00","00","00","00","00","00","00","00"]},"4288":{"keys":[210,228],"grid":[" *!(","00","00","00","00","00","00","00","00","00","00","00","00","00","00","00"]},"4289":{"keys":[210,228],"grid":[" *!(","00","00","00","00","00","00","00","00","00","00","00","00","00","00","00"]},"4215":{"keys":[210,228],"grid":[" *!(","00","00","00","00","00","00","00","00","00","00","00","00","00","00","00"]},"4214":{"keys":[210,228],"grid":[" *!(","00","00","00","00","00","00","00","00","00","00","00","00","00","00","00"]},"4217":{"keys":[210,228],"grid":[" *!(","00","00","00","00","00","00","00","00","00","00","00","00","00","00","00"]},"4216":{"keys":[210,228],"grid":[" *!(","00","00","00","00","00","00","00","00","00","00","00","00","00","00","00"]},"4211":{"keys":[210,228],"grid":[" *!(","00","00","00","00","00","00","00","00","00","00","00","00","00","00","00"]},"4210":{"keys":[210,228],"grid":[" *!(","00","00","00","00","00","00","00","00","00","00","00","00","00","00","00"]},"4198":{"keys":[210,228],"grid":[" *!(","00","00","00","00","00","00","00","00","00","00","00","00","00","00","00"]},"4199":{"keys":[210,228],"grid":[" *!(","00","00","00","00","00","00","00","00","00","00","00","00","00","00","00"]},"4196":{"keys":[210,228],"grid":[" *!(","00","00","00","00","00","00","00","00","00","00","00","00","00","00","00"]},"4197":{"keys":[210,228],"grid":[" *!(","00","00","00","00","00","00","00","00","00","00","00","00","00","00","00"]},"4194":{"keys":[210,228],"grid":[" *!(","00","00","00","00","00","00","00","00","00","00","00","00","00","00","00"]},"4195":{"keys":[210,228],"grid":[" *!(","00","00","00","00","00","00","00","00","00","00","00","00","00","00","00"]},"4219":{"keys":[210,228],"grid":[" *!(","00","00","00","00","00","00","00","00","00","00","00","00","00","00","00"]},"4193":{"keys":[210,228],"grid":[" *!(","00","00","00","00","00","00","00","00","00","00","00","00","00","00","00"]},"4190":{"keys":[210,228],"grid":[" *!(","00","00","00","00","00","00","00","00","00","00","00","00","00","00","00"]},"4191":{"keys":[210,228],"grid":[" *!(","00","00","00","00","00","00","00","00","00","00","00","00","00","00","00"]},"4218":{"keys":[210,228],"grid":[" *!(","00","00","00","00","00","00","00","00","00","00","00","00","00","00","00"]},"4299":{"keys":[210,228],"grid":[" )!)","00","00","00","00","00","00","00","00","00","00","00","00","00","00","00"]},"4298":{"keys":[210,228],"grid":[" )!)","00","00","00","00","00","00","00","00","00","00","00","00","00","00","00"]},"4295":{"keys":[210,228],"grid":[" *!(","00","00","00","00","00","00","00","00","00","00","00","00","00","00","00"]},"4294":{"keys":[210,228],"grid":[" *!(","00","00","00","00","00","00","00","00","00","00","00","00","00","00","00"]},"4297":{"keys":[210,228],"grid":[" )!)","00","00","00","00","00","00","00","00","00","00","00","00","00","00","00"]},"4296":{"keys":[210,228],"grid":[" *!(","00","00","00","00","00","00","00","00"," )!)","09","09","09","09","09","09"]},"4291":{"keys":[210,228],"grid":[" *!(","00","00","00","00","00","00","00","00","00","00","00","00","00","00","00"]},"4290":{"keys":[210,228],"grid":[" *!(","00","00","00","00","00","00","00","00","00","00","00","00","00","00","00"]},"4293":{"keys":[210,228],"grid":[" *!(","00","00","00","00","00","00","00","00","00","00","00","00","00","00","00"]},"4292":{"keys":[210,228],"grid":[" *!(","00","00","00","00","00","00","00","00","00","00","00","00","00","00","00"]},"4260":{"keys":[210,228],"grid":[" *!(","00","00","00","00","00","00","00","00","00","00","00","00","00","00","00"]},"4261":{"keys":[210,228],"grid":[" *!(","00","00","00","00","00","00","00","00","00","00","00","00","00","00","00"]},"4262":{"keys":[210,228],"grid":[" *!(","00","00","00","00","00","00","00","00","00","00","00","00","00","00","00"]},"4263":{"keys":[210,228],"grid":[" *!(","00","00","00","00","00","00","00","00","00","00","00","00","00","00","00"]},"4264":{"keys":[210,228],"grid":[" *!(","00","00","00","00","00","00","00","00","00","00","00","00","00","00","00"]},"4265":{"keys":[210,228],"grid":[" *!(","00","00","00","00","00","00","00","00","00","00","00","00","00","00","00"]},"4266":{"keys":[210,228],"grid":[" *!(","00","00","00","00","00","00","00","00","00","00","00","00","00","00","00"]},"4267":{"keys":[210,228],"grid":[" *!(","00","00","00","00","00","00","00","00","00","00","00","00","00","00","00"]},"4268":{"keys":[210,228],"grid":[" *!(","00","00","00","00","00","00","00","00","00","00","00","00","00","00","00"]},"4269":{"keys":[210,228],"grid":[" *!(","00","00","00","00","00","00","00","00","00","00","00","00","00","00","00"]},"4183":{"keys":[210,228],"grid":[" *!(","00","00","00","00","00","00","00","00","00","00","00","00","00","00","00"]},"4182":{"keys":[210,228],"grid":[" *!(","00","00","00","00","00","00","00","00","00","00","00","00","00","00","00"]},"4185":{"keys":[210,228],"grid":[" *!(","00","00","00","00","00","00","00","00","00","00","00","00","00","00","00"]},"4184":{"keys":[210,228],"grid":[" *!(","00","00","00","00","00","00","00","00","00","00","00","00","00","00","00"]},"4187":{"keys":[210,228],"grid":[" *!(","00","00","00","00","00","00","00","00","00","00","00","00","00","00","00"]},"4186":{"keys":[210,228],"grid":[" *!(","00","00","00","00","00","00","00","00","00","00","00","00","00","00","00"]},"4273":{"keys":[210,228],"grid":[" *!(","00","00","00","00","00","00","00","00","00","00","00","00","00","00","00"]},"4272":{"keys":[210,228],"grid":[" *!(","00","00","00","00","00","00","00","00","00","00","00","00","00","00","00"]},"4271":{"keys":[210,228],"grid":[" *!(","00","00","00","00","00","00","00","00","00","00","00","00","00","00","00"]},"4270":{"keys":[210,228],"grid":[" *!(","00","00","00","00","00","00","00","00","00","00","00","00","00","00","00"]},"4277":{"keys":[210,228],"grid":[" *!(","00","00","00","00","00","00","00","00","00","00","00","00","00","00","00"]},"4276":{"keys":[210,228],"grid":[" *!(","00","00","00","00","00","00","00","00","00","00","00","00","00","00","00"]},"4275":{"keys":[210,228],"grid":[" *!(","00","00","00","00","00","00","00","00","00","00","00","00","00","00","00"]},"4274":{"keys":[210,228],"grid":[" *!(","00","00","00","00","00","00","00","00","00","00","00","00","00","00","00"]},"4279":{"keys":[210,228],"grid":[" *!(","00","00","00","00","00","00","00","00","00","00","00","00","00","00","00"]},"4278":{"keys":[210,228],"grid":[" *!(","00","00","00","00","00","00","00","00","00","00","00","00","00","00","00"]},"4174":{"keys":[210,228],"grid":[" *!(","00","00","00","00","00","00","00","00","00","00","00","00","00","00","00"]},"4175":{"keys":[210,228],"grid":[" *!(","00","00","00","00","00","00","00","00","00","00","00","00","00","00","00"]},"4176":{"keys":[210,228],"grid":[" *!(","00","00","00","00","00","00","00","00","00","00","00","00","00","00","00"]},"4177":{"keys":[210,228],"grid":[" *!(","00","00","00","00","00","00","00","00","00","00","00","00","00","00","00"]},"4170":{"keys":[210,228],"grid":[" *!(","00","00","00","00","00","00","00","00","00","00","00","00","00","00","00"]},"4171":{"keys":[210,228],"grid":[" *!(","00","00","00","00","00","00","00","00","00","00","00","00","00","00","00"]},"4172":{"keys":[210,228],"grid":[" *!(","00","00","00","00","00","00","00","00","00","00","00","00","00","00","00"]},"4173":{"keys":[210,228],"grid":[" *!(","00","00","00","00","00","00","00","00","00","00","00","00","00","00","00"]},"4178":{"keys":[210,228],"grid":[" *!(","00","00","00","00","00","00","00","00","00","00","00","00","00","00","00"]},"4179":{"keys":[210,228],"grid":[" *!(","00","00","00","00","00","00","00","00","00","00","00","00","00","00","00"]},"4240":{"keys":[210,228],"grid":[" *!(","00"," #!' !!("," !!0","!","!","!","!","!","!","!","!","!","!","!","!"]},"4241":{"keys":[228,210],"grid":[" ","!! 0"," "," "," "," "," "," "," ","!# /","09","09","01"," "," "," "]},"4167":{"keys":[210,228],"grid":[" *!(","00","00","00","00","00","00","00","00","00","00","00","00","00","00","00"]},"4166":{"keys":[210,228],"grid":[" *!(","00","00","00","00","00","00","00","00","00","00","00","00","00","00","00"]},"4165":{"keys":[210,228],"grid":[" *!(","00","00","00","00","00","00","00","00","00","00","00","00","00","00","00"]},"4164":{"keys":[210,228],"grid":[" *!(","00","00","00","00","00","00","00","00","00","00","00","00","00","00","00"]},"4163":{"keys":[210,228],"grid":[" *!(","00","00","00","00","00","00","00","00","00","00","00","00","00","00","00"]},"4162":{"keys":[210,228],"grid":[" *!(","00","00","00","00","00","00","00","00","00","00","00","00","00","00","00"]},"4161":{"keys":[210,228],"grid":[" *!(","00","00","00","00","00","00","00","00","00","00","00","00","00","00","00"]},"4160":{"keys":[210,228],"grid":[" *!(","00","00","00","00","00","00","00","00","00","00","00","00","00","00","00"]},"4169":{"keys":[210,228],"grid":[" *!(","00","00","00","00","00","00","00","00","00","00","00","00","00","00","00"]},"4168":{"keys":[210,228],"grid":[" *!(","00","00","00","00","00","00","00","00","00","00","00","00","00","00","00"]},"4259":{"keys":[210,228],"grid":[" *!(","00","00","00","00","00","00","00","00","00","00","00","00","00","00","00"]},"4258":{"keys":[210,228],"grid":[" *!(","00","00","00","00","00","00","00","00","00","00","00","00","00","00","00"]},"4302":{"keys":[210,228],"grid":[" )!)","00","00","00","00","00","00","00"," *!(","08","08","08","08","08","08","08"]},"4253":{"keys":[228,210],"grid":[" "," "," "," )!! (","03","03","!! '!# (","!$ $!$ (","!* (","08","08","08","08","08","08","08"]},"4255":{"keys":[210,228],"grid":[" *!(","00","00","00","00","00","00","00","00","00","00","00","00","00","00","00"]},"4254":{"keys":[210,228],"grid":[" *!(","00","00","00","00","00","00","00","00","00","00","00","00","00","00","00"]},"4257":{"keys":[210,228],"grid":[" *!(","00","00","00","00","00","00","00","00","00","00","00","00","00","00","00"]},"4256":{"keys":[210,228],"grid":[" *!(","00","00","00","00","00","00","00","00","00","00","00","00","00","00","00"]},"4287":{"keys":[210,228],"grid":[" *!(","00","00","00","00","00","00","00","00","00","00","00","00","00","00","00"]},"4152":{"keys":[210,228],"grid":[" ,!&","00","00","00","00","00","00","00","00","00","00","00","00","00","00","00"]},"4153":{"keys":[210,228],"grid":[" ,!&"," +!'","01","01","01","01","01","01","01","01","01","01","01","01","01","01"]},"4150":{"keys":[210,228],"grid":[" .!$","00","00","00","00","00","00","00","00","00","00","00"," -!%","12","12","12"]},"4151":{"keys":[210,228],"grid":[" -!%","00","00","00","00","00","00","00","00","00","00","00","00","00","00"," ,!&"]},"4156":{"keys":[210,228],"grid":[" *!(","00","00","00","00","00","00","00","00","00","00","00","00","00","00","00"]},"4157":{"keys":[210,228],"grid":[" *!(","00","00","00","00","00","00","00","00","00","00","00","00","00","00","00"]},"4154":{"keys":[210,228],"grid":[" +!'","00","00"," *!(","03","03","03","03","03","03","03","03","03","03","03","03"]},"4155":{"keys":[210,228],"grid":[" *!(","00","00","00","00","00","00","00","00","00","00","00","00","00","00","00"]},"4158":{"keys":[210,228],"grid":[" *!(","00","00","00","00","00","00","00","00","00","00","00","00","00","00","00"]},"4159":{"keys":[210,228],"grid":[" *!(","00","00","00","00","00","00","00","00","00","00","00","00","00","00","00"]},"4212":{"keys":[210,228],"grid":[" *!(","00","00","00","00","00","00","00","00","00","00","00","00","00","00","00"]}},"7305":{"4138":{"keys":[210,228],"grid":[" )!)","00","00","00"," (!*","04","04","04","04","04","04","04","04","04","04","04"]},"4139":{"keys":[210,228],"grid":[" (!*","00","00","00","00","00"," '!+","06","06","06","06","06","06","06","06","06"]},"4145":{"keys":[210,228],"grid":[" #!/"," !!0","01","01","01","01","01","01","01","01","01","01","01","01","01","01"]},"4144":{"keys":[210,228],"grid":[" #!/","00","00","00","00","00","00","00","00","00","00","00","00","00","00","00"]},"4146":{"keys":[210,228],"grid":[" !!0","00","00","00","!","!","!","!","!","!","!","!","!","!","!","!"]},"4141":{"keys":[210,228],"grid":[" &!,","00","00","00","00","00","00","00","00","00","00"," %!-","11","11","11","11"]},"4140":{"keys":[210,228],"grid":[" '!+","00","00","00","00","00","00","00","00"," &!,","09","09","09","09","09","09"]},"4143":{"keys":[210,228],"grid":[" $!.","00","00","00","00","00","00","00","00","00","00","00","00","00","00"," #!/"]},"4142":{"keys":[210,228],"grid":[" %!-","00","00","00","00","00","00","00","00","00","00","00","00"," $!.","13","13"]},"4137":{"keys":[210,"",228],"grid":[" )!)","00","00","00"," )!%#%"," *#("," )#)","06","06","06","06","06","06","06","06","06"]}},"7350":{"4315":{"keys":[228,"",214],"grid":[" $!!#-","#","#","#","#","#","#","#","#","#","#","#","#","#","#","#"]}},"7337":{"4310":{"keys":[228,214],"grid":[" "," "," "," "," "," "," "," "," "," "," "," "," "," "," ","!! 0"]},"4311":{"keys":[214,228],"grid":[" #!/"," $!."," %!-"," &!,"," '!+"," (!*"," )!)"," +!'"," ,!&"," -!%"," .!$"," /!#"," 0!!"," "," "," "]}},"7336":{"4310":{"keys":[228,214],"grid":[" "," "," "," "," "," "," ","!# /","!% -","!' +","!) )","!, &","!- %","!/ #","!0 !","!"]}},"7335":{"4310":{"keys":[228,214],"grid":[" ","!$ .","!' +","!* (","!- %","!/ #","!","!","!","!","!","!","!","!","!","!"]}},"7334":{"4310":{"keys":[214,228],"grid":[" /!#"," "," "," "," "," "," "," "," "," "," "," "," "," "," "," "]},"4309":{"keys":[228,214],"grid":[" "," "," "," "," "," "," "," "," "," "," "," "," "," ","!' +","!+ '"]}},"7333":{"4309":{"keys":[228,214],"grid":[" "," "," "," "," "," "," "," "," "," "," "," "," "," ","!","!"]}},"7332":{"4310":{"keys":[228,214],"grid":[" #!/","!","!","!","!","!","!","!","!","!","!","!","!","!","!","!"]},"4309":{"keys":[228,214],"grid":[" "," "," "," "," "," "," "," "," "," "," "," "," "," "," *!("," &!,"]}},"7331":{"4310":{"keys":[228,214,""],"grid":[" "," 0!!"," -!%"," *!("," '!+","#$!.","#!!0","!","!","!","!","!","!","!","!","!"]}},"7330":{"4310":{"keys":[228,"",214],"grid":[" "," "," "," ","!0 !","!","!","!0#!","!)#)","08","08","08","!%#-","12","12","12"]}},"7339":{"4315":{"keys":[228,214],"grid":[" 0!!"," .!$"," -!%"," +!'"," )!)"," '!+"," %!-"," #!/","!","!","!","!","!","!","!","!"]}},"7338":{"4311":{"keys":[228,214],"grid":[" "," "," "," "," "," "," "," "," "," "," "," "," "," "," ","!! 0"]},"4312":{"keys":[214,228],"grid":[" !!0"," #!/"," $!.","02"," %!-"," &!,","05"," '!+"," (!*","08"," )!)","10"," *!(","12"," +!'","14"]},"4313":{"keys":[214,228],"grid":[" +!'","00"," ,!&","02","02"," -!%","05","05","05"," .!$","09","09"," /!#","12","12"," 0!!"]},"4314":{"keys":[214,228],"grid":[" 0!!","00","00"," "," "," "," "," "," "," ","00","00","00","00","00","00"]},"4315":{"keys":[214,228],"grid":[" 0!!","00","00","00","00","00","00","00","00"," "," "," "," "," "," "," "]}}}}