{"9":{"272":{"205":{"keys":["",103,1,102],"grid":[" "," "," "," ","!% -","04","04","04","04","!& ,","!' +","!'#!$! )","!'#!$*","12","!'##$)","14"]},"207":{"keys":[103,1,102],"grid":[" '!##)"," (!!#)","01"," &!$#)"," %!##+"," !!%#,","!##/","#","#","#","#","#","#","#","#","#"]},"206":{"keys":[103,1,102],"grid":[" '!!#*"," &!##*"," &!!#+","02","02","02","02","02","02","02","02","02"," %!##+","12","02","01"]}},"276":{"200":{"keys":["",96,136],"grid":[" !!!"," ","### ","#"]}},"283":{"193":{"keys":[126,"",131,1],"grid":[" "," "," "," ","!% -","04","04","04","04","04","04","04","!%#)!! $","!%#+$#","!%#-","14"]}},"285":{"194":{"keys":[131,1],"grid":[" ","!! 0","01","01"," "," "," "," "," "," "," "," "," "," "," "," "]},"193":{"keys":[126,1,131],"grid":[" )!##'"," *!!#'","00"," )!!#("," (!##("," (!!#)","05"," '!##)"," '!!#*","08"," #!! !!$#*","!&#,","!!#0","12","#","#"]},"192":{"keys":[126,1,129,131],"grid":[" '!##)"," (!!#!!%#$"," (!$ #!###"," .!$"," .!!$#","04"," -!#$#"," .!#$!"," /!!$!"," /!#","09","08","07","04","06"," *!%$$"]}},"284":{"194":{"keys":[131,1,126],"grid":[" $!!#,!!"," $!$#*!!"," &!##'!##!"," '!!#'!$"," '!!#'!# !"," &!##'!# !"," &!&##!# #"," '!# !!& #"," "," "," "," "," "," "," "," "]},"193":{"keys":[126,1,131],"grid":[" "," "," "," "," "," "," "," "," "," "," "," "," "," /!#","!! .!!#!","#! !!# +!#"]}},"287":{"192":{"keys":[1,131],"grid":[" !!0","00","!","!","!","!","!","!","!","!","!","!","!","!","!","!"]}},"286":{"192":{"keys":[129,1,131],"grid":[" "," (!# %!$"," #!! $!)##","!(#$!##%","#","#","#","#","#","#","#","#","#","#","#","#"]}}},"13":{"4569":{"3090":{"keys":[126,131],"grid":[" #!/","00","00","00","00","00"," !!0","06","06","!","!","!","!","!","!","!"]},"3073":{"keys":[129],"grid":[" "," "," "," "," "," "," "," "," "," "," "," "," "," "," "," "]},"3074":{"keys":[129,126],"grid":[" 0!!","00","00","00"," /!#","!# ,!$","!% (!&","!","!","!","!","!","!","!","!","!"]},"3088":{"keys":[126,131],"grid":[" .!$","00"," /!#"," *!! $!$"," )!)"," '!+"," $!."," #!/"," !!0","!","!","!","!","08","08","07"]},"3089":{"keys":[126,131],"grid":[" #!/","00","00"," !!0","03","03","!","03","03","03","03","03","00","00","00","00"]},"3087":{"keys":[126,131],"grid":[" "," "," "," "," "," "," "," "," "," "," "," "," "," "," 0!!","14"]}},"4576":{"3075":{"keys":[129,131],"grid":[" "," "," "," "," "," "," "," "," "," "," ","!0 !","!","!","!","!"]}},"4577":{"3075":{"keys":[129,131],"grid":[" "," "," "," .!$"," -!%","04"," ,!&"," +!'"," )!)","08"," '!+"," $!.","!","!","!","!"]}},"4570":{"3087":{"keys":[126,131],"grid":[" %!# +"," %!' '"," $!) &"," $!+ $"," #!/","04"," !!0","06","06","06","!","!","!","!","!","!"]},"3073":{"keys":[129,126],"grid":[" "," "," "," "," '!! *"," &!& '"," %!) %"," %!+ #"," $!.","08"," #!/"," !!0","11","!","!","!"]}},"4571":{"3087":{"keys":[126,131],"grid":[" "," "," &!! &!# $","!/ #","!","!","!","!","!","!","!","!","!","!","!","!"]},"3073":{"keys":[129,126],"grid":[" "," "," "," "," "," "," "," "," ","!# /","!& ,","!( )!!","!( (!#","!* &!#","!","!"]}},"4572":{"3078":{"keys":[126,131],"grid":[" "," "," "," "," 0!!"," "," "," "," "," "," "," "," "," "," "," "]},"3087":{"keys":[126,131],"grid":[" /!#","00"," .!$","02","02","00","!! +!&","!$ &!)","!","!","!","!","!","!","!","!"]},"3086":{"keys":[126,131],"grid":[" "," "," "," "," "," "," "," "," "," "," "," "," "," "," 0!!","14"]},"3074":{"keys":[126,129],"grid":[" 0!!"," "," "," "," "," "," "," "," "," "," "," "," "," "," "," "]},"3073":{"keys":[129,126],"grid":[" "," "," "," "," "," "," "," "," "," "," ","!# #!% )","!- %","!. $","!/ #","!0 !"]}},"4573":{"3079":{"keys":[126,131],"grid":[" )!)","00","00","00","00","00"," *!("," +!'"," -!%"," /!#"," 0!!"," "," "," "," "," "]},"3078":{"keys":[126,131],"grid":[" %!-"," $!."," !!0","!","!","02"," #!/","01","01"," )!)","09","09","09","09","09","09"]},"3074":{"keys":[129,126],"grid":[" ","!$ .","01","01","!% -","!& ,","05","!' +","07","07","07","07","07","07","07","07"]},"3075":{"keys":[126,129,131],"grid":[" '!+"," (!*","01","01","01","01","01","01"," )!)","08","08"," )#)","11","11","11","11"]},"3076":{"keys":[126,131],"grid":[" )!)","00","00","00","00","00","00","00","00","00","00","00","00","00","00","00"]},"3077":{"keys":[126,131],"grid":[" )!)","00","00","00","00","00","00","00","00","00","00","00"," (!*","12"," '!+"," &!,"]},"3085":{"keys":[126,131],"grid":[" 0!!"," /!#","01"," .!$","01","01","03"," ,!&"," +!'"," )!)"," (!*"," '!+","11"," #!/","13","13"]},"3084":{"keys":[126,131],"grid":[" "," "," "," "," "," "," "," "," "," "," "," "," "," "," "," 0!!"]},"3086":{"keys":[126,131],"grid":[" #!/"," !!0","01","01","00","00","00"," $!.","07","00","00","07","00","01","!","!"]}},"4574":{"3075":{"keys":[129,131],"grid":[" "," "," "," "," "," "," "," "," "," "," ","!","!","!","!","!"]},"3079":{"keys":[131,126],"grid":[" "," "," "," "," "," "," "," "," "," "," ","!! 0","!# /","!$ .","13","!% -"]},"3084":{"keys":[126,131],"grid":[" /!#"," 0!!","01","01","01","00","00"," .!$","00","07","00"," &!# &!%"," $!' !!'"," #!/","!","!"]},"3081":{"keys":[126,131],"grid":[" 0!!"," "," "," "," "," "," "," "," "," "," "," "," "," "," "," "]},"3080":{"keys":[126,131],"grid":[" &!,"," '!+"," (!*"," )!)","03"," *!(","05"," +!'"," ,!&","08"," -!%","10","10"," .!$","13"," /!#"]},"3083":{"keys":[126,131],"grid":[" /!#"," 0!!","01","01","01"," ","01","01","01","01"," .!$","10","10","10","00","00"]},"3082":{"keys":[126,131],"grid":[" "," "," "," "," "," "," "," "," "," "," "," "," "," "," "," 0!!"]}},"4575":{"3081":{"keys":[131,126],"grid":[" "," "," ","!! 0","!# /","04","!$ .","06","04","04","04","04","04","04","04","04"]},"3075":{"keys":[129,131],"grid":[" "," "," "," "," "," "," "," "," "," "," ","!","!","!","!","!"]},"3082":{"keys":[126,131],"grid":[" !!0","00","00","00","00","00","00","00"," #!/","08","08","08","08"," $!.","13","!"]}},"4558":{"3108":{"keys":[131,126],"grid":[" "," "," "," "," "," "," "," "," "," "," ","!! 0","11","11","!# /","!$ ."]},"3109":{"keys":[126,131],"grid":[" %!-"," '!+"," (!*","02","02","02"," &!,"," $!."," #!/","08"," !!0","!","!","!","!","!"]},"3106":{"keys":[126,131],"grid":[" "," "," "," "," "," "," "," "," "," "," "," ","!# /","!$ .","!% -","!& #!# ("]},"3107":{"keys":[131,126],"grid":[" +!'"," /!#"," "," "," "," "," "," "," "," ","!! 0","10","!# /","12","10","10"]},"3101":{"keys":[126,131],"grid":[" "," "," "," "," "," "," "," "," )!% %"," $!."," %!-","10"," &!,","12","12","12"]},"3102":{"keys":[126,131],"grid":[" '!+","00"," )!)"," *!(","03","03"," ,!&"," -!%","07"," .!$"," /!#","10","10"," 0!!","13","13"]},"3103":{"keys":[126,131],"grid":[" 0!!"," /!#","01","01","01"," .!$","05","05","05","05","01","00"," "," "," "," "]}},"4559":{"3104":{"keys":[126,131],"grid":[" '!+","00"," (!*","02"," )!)","04"," *!(","06"," ,!&"," .!$","09","09","09","09"," /!#","14"]},"3105":{"keys":[126,131],"grid":[" 0!!","00","00","00"," "," "," "," "," "," "," "," "," "," "," "," "]},"3107":{"keys":[126,131],"grid":[" "," ","!! 0","!# /","!% -","04","!& ,","!' +","!( *","!) )","!+ %!#","!","!","!","!","!"]},"3101":{"keys":[126,131],"grid":[" "," "," "," "," "," "," "," 0!!"," -!%","!% (!&","!","!","!","!","!","!"]},"3103":{"keys":[131,126],"grid":[" "," "," "," "," "," "," "," "," "," "," "," "," ","!! 0","!% -","!& ,"]}},"4556":{"3111":{"keys":[126,131],"grid":[" &!,"," $!."," #!/","02","02","02","01","01"," %!-","08","00","00","!! #!.","!","!","!"]},"3110":{"keys":[126,131],"grid":[" "," "," "," "," "," "," "," "," "," "," "," '!& &"," &!( %"," '!( $"," &!) $"," &!,"]}},"4557":{"3108":{"keys":[126,131],"grid":[" "," 0!!"," /!#"," .!$"," -!%","03","03","03","03","01"," "," "," "," "," "," "]},"3109":{"keys":[126,131],"grid":[" "," "," "," "," "," "," "," "," "," "," "," "," -!! #!!"," +!'"," *!("," )!)"]},"3106":{"keys":[126,131],"grid":[" "," "," "," "," "," "," "," "," "," "," "," "," "," "," "," /!#"]},"3107":{"keys":[126,131],"grid":[" .!$"," ,!&","01"," -!%","03","00"," /!#"," 0!!","07"," "," "," "," "," "," "," "]},"3111":{"keys":[131,126],"grid":[" !!! /"," "," "," "," "," "," "," "," "," "," "," "," "," "," "," "]},"3110":{"keys":[126,131],"grid":[" (!*","00","00"," '!+"," &!,"," $!."," #!/","06","06","06","06","06","06","06","06","06"]}},"4554":{"3111":{"keys":[126,131],"grid":[" "," "," "," "," "," "," "," ","!! (!! (","!, &","!- %","!","!","!","!","!"]}},"4555":{"3111":{"keys":[126,131],"grid":[" "," "," "," "," "," "," "," "," "," "," "," $!! -","!' +","!","!","!"]}},"4552":{"3110":{"keys":[126,131],"grid":[" "," "," "," "," "," "," #!! .","!% #!! *","!+ '","!, &","!- %","10","!/ !!!","!","!","!"]}},"4553":{"3111":{"keys":[131,126],"grid":[" &!,"," '!+"," )!)"," +!'"," ,!&"," -!%"," .!$"," 0!!"," "," "," "," "," "," "," "," "]},"3110":{"keys":[126,131],"grid":[" "," "," "," "," "," "," "," "," "," "," "," ","!$ .","!% -","13","!& ,"]}},"4550":{"3108":{"keys":[131,126],"grid":[" (!*"," '!+","01"," &!,","03","03"," %!-","06","06"," $!.","09","09","09"," #!/","13","13"]},"3109":{"keys":[131,126],"grid":[" #!/"," !!0","01","01","!","!","!","!","!","!","!","!","!","!","!","!"]},"3106":{"keys":[126,131],"grid":[" "," "," "," "," "," ","!! 0","!# /","!$ .","!% -","09","09","!& ,","12","12","!' +"]},"3107":{"keys":[131,126],"grid":[" '!+","00"," (!*","02","02"," )!)","05","05"," *!(","08","08","08","05","05","05","02"]},"3111":{"keys":[131,126],"grid":[" $!."," %!-","01"," &!,"," '!* !"," (!) !"," (!( #"," )!& $"," *!$ %"," +!# %"," +!! &"," "," "," "," "," "]},"3110":{"keys":[126,131],"grid":[" "," "," "," "," "," "," "," "," "," "," "," "," "," "," ","!# /"]}},"4551":{"3111":{"keys":[126,131],"grid":[" #!/","00"," !!0","!","!","!","!","!","!","!","!","!","!","!","!","!"]},"3110":{"keys":[126,131],"grid":[" "," "," "," -!# #","03"," )!' #"," '!) #"," &!,","07"," %!-","09","09"," $!.","12","12"," #!/"]}},"4357":{"3297":{"keys":[103,102],"grid":[" "," "," "," "," 0!!","04","04"," /!#","07","07"," .!$","10"," -!%","12","12"," ,!&"]},"3307":{"keys":[103,102],"grid":[" #!/","00","00","00","00","00"," !!0","06","06","06","06","06","06","06","06","!"]},"3302":{"keys":[103,102],"grid":[" $!.","00"," #!/","02","02","02","02","02","02","02","02","02","02","02","02","02"]},"3301":{"keys":[103,102],"grid":[" '!+","00"," &!,","02","02","02","02","02","02"," %!-","09","09","09","09"," $!.","14"]},"3306":{"keys":[103,102],"grid":[" %!-","00","00","00"," $!.","04","04","04","04","04","04","04","04","04","04"," #!/"]},"3298":{"keys":[103,102],"grid":[" ,!&","00","00"," +!'","03","03"," *!(","06","06","06","06"," )!)","11","11","11","11"]},"3299":{"keys":[103,102],"grid":[" )!)","00","00","00","00","00","00","00","00","00","00","00","00","00","00","00"]},"3308":{"keys":[102],"grid":[" "," "," "," "," "," "," "," "," "," "," "," "," "," "," "," "]},"3309":{"keys":[102,103],"grid":[" "," "," "," "," "," "," "," "," "," "," "," "," ","!! 0","13","13"]},"3311":{"keys":[103],"grid":[" "," "," "," "," "," "," "," "," "," "," "," "," "," "," "," "]},"3310":{"keys":[103,102],"grid":[" #!/","00"," $!.","02"," %!-"," &!,"," '!+"," (!*"," )!)"," *!("," +!'"," ,!&"," -!%"," .!$"," /!#"," 0!!"]},"3304":{"keys":[103,102],"grid":[" &!,","00","00","00","00","00","00","00","00"," %!-","09","09","09","09","09","09"]},"3305":{"keys":[103,102],"grid":[" %!-","00","00","00","00","00","00","00","00","00","00","00","00","00","00","00"]},"3315":{"keys":[103,102],"grid":[" "," "," "," "," "," "," "," "," "," "," "," "," /!#"," .!$"," ,!&"," +!'"]},"3303":{"keys":[103,102],"grid":[" #!/","00"," $!.","02","02","02","02","02","02","02","02"," %!-","11","11","11"," &!,"]},"3300":{"keys":[103,102],"grid":[" )!)","00","00","00","00","00","00","00","00","00","00"," (!*","11","11","11","11"]},"3316":{"keys":[103,102],"grid":[" *!("," )!)"," (!*"," &!,"," %!-"," $!."," #!/"," !!0","!","!","!","!","!","!","!","!"]}},"4592":{"3072":{"keys":[129,131],"grid":[" $!."," #!/"," !!0","02","01","01","01","01","02","02","02","01","00","00","00","01"]},"3073":{"keys":[129,131],"grid":[" $!."," #!/"," !!0","!","!","!","!","!","!","!","!","!","!","!","!","!"]}},"4590":{"3073":{"keys":[129,131],"grid":[" "," "," ","!# /","!% -","!' +","!( *","!) #!! &","!0 !","!","!","!","!","!","!","!"]}},"4591":{"3073":{"keys":[129,131],"grid":[" "," "," "," 0!!"," /!#"," .!$","05","05"," )!! $!%"," %!-","!","!","!","!","!","!"]}},"4547":{"3104":{"keys":[131,126],"grid":[" !!0"," #!/"," $!.","02"," %!-"," &!,"," '!+"," (!*"," )!)"," *!("," +!'"," ,!&"," -!%"," .!$","13"," /!#"]},"3105":{"keys":[131,126],"grid":[" 0!!"," "," "," "," "," "," "," "," "," "," "," "," "," "," "," "]},"3103":{"keys":[126],"grid":[" "," "," "," "," "," "," "," "," "," "," "," "," "," "," "," "]}},"4578":{"3074":{"keys":[129,131],"grid":[" "," "," "," "," "," "," "," "," "," "," "," "," "," "," *!# &"," (!' $"]},"3075":{"keys":[129,131],"grid":[" '!) #"," #!/"," !!0","!","!","!","!","!","!","!","!","!","!","!","!","!"]}},"4546":{"3103":{"keys":[126,"",131],"grid":[" "," "," "," "," "," "," "," ","!% -","08","!% %!! (","!% %!### %","#. $","#/ #","#0 !","#"]}},"4542":{"3101":{"keys":["",126,131],"grid":["  !!","### ","#","#"]}},"4567":{"3092":{"keys":[126,131],"grid":[" "," /!#"," .!$"," -!%","03","03","03","03"," ,!&","08"," *!("," )!)"," (!*"," '!+"," &!,","14"]},"3093":{"keys":[126,131],"grid":[" &!,","00"," %!-","02"," $!.","04","04","02","02","00"," '!+"," (!*"," *!(","12"," )!)","14"]},"3072":{"keys":[129,126],"grid":[" "," "," "," "," "," "," ","!! 0","07","07","07","!# /","11","11","!$ .","14"]},"3073":{"keys":[126,129],"grid":[" $!.","00"," %!-","02","02","02"," &!,","06","06"," '!+","09","09","09"," (!*"," )!)"," +!'"]},"3074":{"keys":[126,129],"grid":[" -!%"," /!#"," "," "," "," "," "," "," "," "," "," "," "," "," "," "]},"3094":{"keys":[126,131],"grid":[" *!(","00","00"," )!)","03","03","03","03","00"," +!'","09","00","00","03","03"," (!*"]},"3095":{"keys":[126,131],"grid":[" '!+"," &!,","01","01"," %!-","04"," #!/","!","!","!","!","!","!","!","!","!"]}},"4549":{"3105":{"keys":[126,131],"grid":[" "," "," "," "," "," "," "," "," "," "," "," ","!! 0","!$ .","!% -","!' +"]},"3106":{"keys":[131,126],"grid":[" )!)"," *!("," ,!&"," -!%"," /!#"," 0!!"," "," "," "," "," "," "," "," "," "," "]},"3109":{"keys":[131,126],"grid":[" "," "," "," "," "," "," 0!!","06"," /!#"," .!$","09"," -!%"," ,!&"," +!'","13"," *!("]},"3110":{"keys":[131,126],"grid":[" )!)","00"," (!*","02","02","02","02","00","00"," *!("," ,!&"," -!%"," /!#"," 0!!"," "," "]}},"4548":{"3105":{"keys":[126,131],"grid":[" "," ","!# /","!$ .","!& ,","!' +","!) )","!* (","!, &","!. $","!/ #","!","!","!","!","!"]}},"4561":{"3099":{"keys":[126,131],"grid":[" "," "," &!' &"," $!* %"," !!- $","!/ #","!","!","!","!","!","!","!","!","!","!"]}},"4560":{"3105":{"keys":[131,126],"grid":[" "," "," "," "," ","!! 0","!# /","06","!$ .","!% -","09","!& ,","11","!' +","!( *","!) )"]},"3106":{"keys":[126,131],"grid":[" *!(","00","00"," )!)","03","00","00","00","00","00","03","00","00","03","03"," (!*"]},"3107":{"keys":[126,131],"grid":[" (!*"," '!+"," %!-","02"," $!."," #!/","05"," !!0","07","!","!","!","!","!","!","!"]},"3100":{"keys":[126,131],"grid":[" )!)","00"," *!(","02","02","00","00"," (!*","07"," '!+","09"," &!,"," %!-"," $!."," #!/","14"]},"3101":{"keys":[126,131],"grid":[" #!/","00","00","00","00","00"," !!0","!","!","!","!","!","!","!","!","!"]},"3099":{"keys":[126,131],"grid":[" "," "," "," "," "," 0!!"," /!#"," .!$"," +!'","08","08"," )!)"," (!*","12","12","12"]}},"4579":{"3075":{"keys":[129,131],"grid":[" ","!$ .","!& ,","!( *","!) )","04","!* (","06","!* &!#","!- !!$","!","!","!","!","!","!"]}},"4359":{"3294":{"keys":[102,103],"grid":[" "," "," "," "," "," "," "," "," "," "," "," "," ","!! 0","13","13"]},"3295":{"keys":[103,102],"grid":[" !!0","00"," #!/","02","02","02","02","02","02","02","02","00","00","00","00","!"]},"3313":{"keys":[103,102],"grid":[" )!)","00","00","00"," *!(","04","04","04","04","04","04","04","04","04","04","04"]},"3312":{"keys":[102,103],"grid":[" ","!! 0","!# /","02","!$ .","04","04","!% -","07","!& ,","09","09","!' +","!( *","13","13"]},"3315":{"keys":[102],"grid":[" "," "," "," "," "," "," "," "," "," "," "," "," "," "," "," "]},"3314":{"keys":[103,102],"grid":[" *!(","00"," )!)","02","02"," (!*","05"," '!+","07"," &!,","09"," %!-","11"," $!."," #!/"," !!0"]}},"4565":{"3098":{"keys":[126,131],"grid":[" "," "," "," "," "," "," "," "," "," )!)"," &!,"," %!-","11"," $!."," !!0","14"]}},"4564":{"3098":{"keys":[126],"grid":[" "," "," "," "," "," "," "," "," "," "," "," "," "," "," "," "]},"3099":{"keys":[126,131],"grid":[" 0!!"," /!#"," -!%"," (!! !!("," &!,"," #!/","!","!","!","!","!","!","!","!","!","!"]}},"4354":{"3317":{"keys":[103,102],"grid":[" "," "," "," "," "," "," "," "," .!$"," ,!&"," +!'"," (!*"," &!,"," %!-"," #!/","!"]}},"4355":{"3317":{"keys":[103,102],"grid":[" "," "," 0!!"," -!%"," +!'"," '!+"," $!.","!","!","!","!","!","!","!","!","!"]}},"4543":{"3101":{"keys":[126,131,""],"grid":[" "," "," "," "," "," "," "," ","!% -","08","08","08","!)#$ &","!)#% %","!*#$ %","!+## %"]}},"4568":{"3092":{"keys":[131],"grid":[" "," "," "," "," "," "," "," "," "," "," "," "," "," "," "," "]},"3090":{"keys":[126,131],"grid":[" "," "," "," "," "," "," "," "," "," "," 0!!"," .!$"," -!%","12","11"," ,!&"]},"3091":{"keys":[126,131],"grid":[" +!'"," *!("," )!)"," (!*","03"," '!+","05","05","05","03","02","02","02","05"," &!,"," %!-"]},"3074":{"keys":[129,126],"grid":[" "," "," ","!# /","!& '!! %","!","!","!","!","!","!","!","!","!","!","!"]},"3088":{"keys":[126],"grid":[" "," "," "," "," "," "," "," "," "," "," "," "," "," "," "," "]}},"4544":{"3102":{"keys":[126,131,""],"grid":[" ","!   ","!!# ","!!##"]}},"4352":{"3318":{"keys":[103,102],"grid":[" "," "," "," "," "," "," "," "," /!#"," -!%"," +!'"," (!*"," &!,"," $!."," !!0","!"]}},"4353":{"3318":{"keys":[103,102],"grid":[" /!#"," .!$"," ,!&"," )!)"," '!+"," %!-"," #!/","!","!","!","!","!","!","!","!","!"]},"3317":{"keys":[103],"grid":[" "," "," "," "," "," "," "," "," "," "," "," "," "," "," "," "]}},"4563":{"3099":{"keys":[131,126],"grid":[" !!0"," #!/"," %!-"," &!,"," '!+"," )!)"," "," "," "," "," "," "," "," "," "," "]}},"4356":{"3316":{"keys":[103,102],"grid":[" "," "," "," "," "," "," "," "," 0!!"," /!#"," .!$"," -!%"," ,!&"," +!'"," )!)"," '!+"]},"3308":{"keys":[103,102],"grid":[" "," "," "," "," "," "," "," "," "," "," 0!!","10","10","10","10","10"]},"3317":{"keys":[103,102],"grid":[" %!-"," !!0","!","!","!","!","!","!","!","!","!","!","!","!","!","!"]},"3309":{"keys":[103,102],"grid":[" 0!!","00","00","00","00","00","00","00","00"," "," "," "," "," "," "," "]}},"4562":{"3098":{"keys":[126,131],"grid":[" "," "," "," "," "," "," "," "," "," "," "," "," "," "," ,!# $"," ,!% !"]},"3099":{"keys":[126,131],"grid":[" ,!&"," +!'"," *!("," (!*","03"," '!+","!! $!-","!","!","!","!","!","!","!","!","!"]}},"4566":{"3072":{"keys":[126,129],"grid":[" 0!!","00","00","00"," "," "," "," "," "," "," "," "," "," "," "," "]},"3097":{"keys":[126,131],"grid":[" -!%","00"," +!'","02","02","02"," *!("," )!)","07","07","07","06","06","06","06","06"]},"3096":{"keys":[126,131],"grid":[" *!("," )!)","01","01","01","01"," (!*","01","00"," +!'"," -!%"," /!#","11","11","11"," .!$"]},"3098":{"keys":[126,131],"grid":[" *!(","00","00","00"," )!)","04","00"," %!% !!("," $!.","!! !!/","!","!","!","!","!","!"]},"3095":{"keys":[126,131],"grid":[" "," "," "," "," "," "," "," "," .!$"," -!%"," *!(","10","10"," +!'","10","10"]}},"4584":{"3073":{"keys":[129],"grid":[" "," "," "," "," "," "," "," "," "," "," "," "," "," "," "," "]},"3074":{"keys":[131,129],"grid":[" #!/"," %!+ #"," &!& '"," "," "," "," "," "," "," "," "," "," "," "," "," "]}},"4589":{"3073":{"keys":[129,131],"grid":[" "," "," ,!! !!$"," (!*","03"," '!+","05"," &!,"," %!-"," $!."," #!/","10"," !!0","12","!","12"]},"3074":{"keys":[129,131],"grid":[" #!/"," !!0","00"," $!.","03","00","00","!","!","!","!","!","!","!","!","!"]}},"4588":{"3074":{"keys":[129,131],"grid":[" "," "," "," "," "," "," *!% $"," '!! !!)"," &!,"," %!-","09","09","!","!","!","!"]}},"4585":{"3074":{"keys":[129,131],"grid":[" ","!& ,","!/ #","!","!","!","!","!","!","!","!","!","!","!","!","!"]}},"4358":{"3297":{"keys":[103,102],"grid":[" !!0","00","!","!","!","!","!","!","!","!","!","!","!","!","!","!"]},"3311":{"keys":[102,103],"grid":[" ","!# /","!$ .","!% -","!' +","!( *","!) )","!* (","!+ '","!, &","!- %","!. $","!/ #","12","!0 !","!"]},"3294":{"keys":[103,102],"grid":[" /!#","00"," 0!!","02","02","02","02"," "," "," "," "," "," "," "," "," "]},"3295":{"keys":[103],"grid":[" "," "," "," "," "," "," "," "," "," "," "," "," "," "," "," "]},"3296":{"keys":[103,102],"grid":[" 0!!"," /!#"," .!$"," -!%"," ,!&"," +!'"," *!("," )!)"," (!*"," '!+"," &!,","10"," %!-"," $!."," #!/"," !!0"]},"3312":{"keys":[103],"grid":[" "," "," "," "," "," "," "," "," "," "," "," "," "," "," "," "]},"3315":{"keys":[103,102],"grid":[" "," 0!!"," /!#"," .!$"," -!%"," +!'"," *!("," (!*"," '!+"," %!-"," #!/","!","!","!","!","!"]},"3291":{"keys":["",103,102],"grid":[" "," "," "," ","!% -","04","04","04","!% %#% %","!& $#% %","!( !#% %","!(#& %","!(#*","!)#)","13","13"]},"3292":{"keys":[103,102],"grid":[" )!)","00","00"," *!(","03","03","03","03"," +!'","08","08","08","08"," ,!&","13","13"]},"3293":{"keys":[103,102],"grid":[" ,!&","00"," -!%","02","02","02","02","02"," .!$","08","08","08","08"," /!#","13","13"]}},"4587":{"3074":{"keys":[129,131],"grid":[" "," "," "," "," "," "," "," "," "," "," "," "," 0!!"," /!#","13"," .!$"]},"3075":{"keys":[129,131],"grid":[" *!(","00"," )!)","02","02"," #!# $!*","!& !!+","!","!","!","!","!","!","!","!","!"]}},"4586":{"3074":{"keys":[129,131],"grid":[" "," "," "," "," "," ","!! 0","!# /","07","!$ .","!% -","!& ,","!' +","12","12","!( *"]},"3075":{"keys":[131,129],"grid":[" *!("," ,!&"," -!%","02","02","02"," .!# !"," "," "," "," "," "," "," "," "," "]}},"4581":{"3075":{"keys":[129,131],"grid":[" "," /!#"," -!%"," +!'"," '!+"," !!0","!","!","!","!","!","!","!","!","!","!"]}},"4580":{"3075":{"keys":[129,131],"grid":[" "," "," "," "," "," "," .!$","!# %!+","!","!","!","!","!","!","!","!"]}},"4583":{"3073":{"keys":[129,131],"grid":[" "," "," "," "," "," "," "," "," "," "," "," "," "," "," &!* #"," %!-"]},"3074":{"keys":[129,131],"grid":[" $!."," #!/"," !!0","!","!","!","!","!","!","!","!","!","!","!","!","!"]}},"4582":{"3074":{"keys":[129,131],"grid":[" "," "," "," "," 0!!"," .!$"," -!%"," ,!&"," +!'"," *!("," )!)"," (!*"," '!+"," &!,"," %!-"," $!."]},"3075":{"keys":[129,131],"grid":[" #!/","!","!","!","!","!","!","!","!","!","!","!","!","!","!","!"]}}}}