{"9":{"279":{"222":{"keys":[137,1,102],"grid":[" )!$#&"," +!$#$"," -!$#!"," /!#"," "," "," "," "," "," "," "," "," "," "," "," "]},"221":{"keys":[102,1,137],"grid":[" "," "," "," "," "," "," "," "," "," "," ","!! 0","!$ .","##!$ ,","#%!$ *","#'!$ ("]}},"278":{"222":{"keys":[1,137],"grid":[" !!0","!","!","!","!","!","!","!","!","!","!","!","!","!","!","!"]},"221":{"keys":[102,1,137],"grid":[" "," "," "," "," "," "," "," "," "," ,!# $"," *!' !"," (!$#%!#"," &!$#)"," $!$#+"," #!##-","!$#."]}},"272":{"222":{"keys":[84,1,104],"grid":[" %!##+"," #!$#,"," !!##.","!##/","#","#","#","#","#","#","#","#","#","#","#","#"]},"221":{"keys":[84,1,102,104],"grid":[" -!###"," .!!##"," .!##!"," /!!#!"," /!#"," 0!!","05","05"," ","05","04"," -!$$!"," +!$$$"," *!#$&"," (!$$'"," &!$$)"]},"220":{"keys":[102,1,84],"grid":[" "," "," "," "," ","!! 0","!$ $!$ (","##!&#!!! (","#$!##$!# '","#*!! '","#*!# &","#+!! &","#+!# %","#,!! %","#,!# $","#-!! $"]}},"273":{"221":{"keys":[102,1,104],"grid":[" "," "," "," "," "," "," ","!! 0","07","!& ,","#%!' '","#*!& #","#.!$","#","#","#"]}},"274":{"222":{"keys":[104,1],"grid":[" /!#"," "," "," "," "," "," "," "," "," "," "," "," "," "," "," "]},"221":{"keys":[102,1,104],"grid":[" "," "," "," "," "," "," "," "," "," "," "," ","!# /","#!!& +","#&!' &","#+!& !"]}},"275":{"222":{"keys":[1,102,104],"grid":[" $!.","## $!,","#% #!+","#& $!)","#( #!(","#) #!'","#* #!&","#+ #!%","#, #!$","#- #!#","#. #!!","#/ #","#0 !","#","#","#"]}},"276":{"222":{"keys":[102,1,104],"grid":[" "," "," "," "," "," "," "," "," 0!!"," .!$"," -!###"," +!$#$","!# '!$#&","#!!# $!$#(","##!&#*","#$!##,"]}},"277":{"223":{"keys":[104,1,137],"grid":[" (!!#)","00","00","00"," (!##("," )!!#(","05","05","05","05"," )!##'"," *!!#'","11","11","11","11"]},"222":{"keys":[102,1,137,104],"grid":[" /!#"," -!$#!"," +!$#$"," )!$#&"," (!##("," &!$#)"," $!$#+"," !!$$!!!#+","!#$$!!#+","$&!##*","$'!!#*","10","10","10","10","$'!##)"]}},"281":{"223":{"keys":[137,1,102],"grid":[" )!$#&"," +!$#$"," -!$#!"," /!#"," 0!!"," "," "," "," "," "," "," "," "," "," "," "]},"222":{"keys":[102,1,137],"grid":[" "," "," "," "," "," "," "," "," "," "," ","!! 0","!$ .","##!$ ,","#%!$ *","#'!$ ("]}},"280":{"222":{"keys":[102,1,137],"grid":[" "," "," ","!! 0","!$ .","##!$ ,","#%!$ *","#'!$ (","#)!$ &","#+!$ $","#-!$ !","#/!#","#","#","#","#"]}},"283":{"223":{"keys":[102,1,137],"grid":[" "," "," "," "," "," "," "," "," "," "," "," ","!# /","#!!# .","##!$ ,","#%!$ *"]}},"282":{"223":{"keys":[102,1,137],"grid":[" "," "," "," ","!# /","#!!$ -","#$!$ +","#&!$ )","#(!$ '","#*!$ %","#,!$ #","#.!$","#0!!","#","#","#"]}}},"13":{"4479":{"3555":{"keys":[102,137],"grid":[" "," "," ","!# /","!% -","!' +","!) )","!+ '","!- %","!/ #","!","!","!","!","!","!"]}},"4478":{"3555":{"keys":[137,102],"grid":[" -!%"," /!#"," "," "," "," "," "," "," "," "," "," "," "," "," "," "]},"3554":{"keys":[102,137],"grid":[" "," "," "," "," "," "," "," "," "," "," ","!# /","!% -","!' +","!) )","!+ '"]}},"4373":{"3546":{"keys":[102,104],"grid":[" ","!% -","!) )","!- %","!","!","!","!","!","!","!","!","!","!","!","!"]}},"4471":{"3551":{"keys":[102,137],"grid":[" "," ","!! 0","!$ .","!% -","!' +","!) )","!+ '","!- %","!/ #","!","!","!","!","!","!"]}},"4470":{"3551":{"keys":[137,102],"grid":[" .!$"," 0!!"," "," "," "," "," "," "," "," "," "," "," "," "," "," "]},"3550":{"keys":[102,137],"grid":[" "," "," "," "," "," "," "," "," "," "," ","!# /","!% -","!( *","!* (","!, &"]}},"4473":{"3552":{"keys":[102,137],"grid":[" "," "," ","!# /","!% -","!( *","!* (","!, &","!. $","!0 !","!","!","!","!","!","!"]}},"4472":{"3552":{"keys":[137,102],"grid":[" .!$"," 0!!"," "," "," "," "," "," "," "," "," "," "," "," "," "," "]},"3551":{"keys":[102,137],"grid":[" "," "," "," "," "," "," "," "," "," "," ","!# /","!& ,","!( *","!* (","!, &"]}},"4475":{"3553":{"keys":[102,137],"grid":[" "," "," ","!# /","!% -","!( *","!* (","!, &","!- %","!/ #","!","!","!","!","!","!"]}},"4474":{"3553":{"keys":[137,102],"grid":[" -!%"," /!#"," "," "," "," "," "," "," "," "," "," "," "," "," "," "]},"3552":{"keys":[102,137],"grid":[" "," "," "," "," "," "," "," "," "," ","!! 0","!$ .","!% -","!' +","!) )","!+ '"]}},"4477":{"3554":{"keys":[102,137],"grid":[" "," "," ","!# /","!% -","!' +","!) )","!+ '","!- %","!/ #","!","!","!","!","!","!"]}},"4476":{"3554":{"keys":[137,102],"grid":[" -!%"," /!#"," "," "," "," "," "," "," "," "," "," "," "," "," "," "]},"3553":{"keys":[102,137],"grid":[" "," "," "," "," "," "," "," "," "," "," ","!# /","!% -","!' +","!) )","!+ '"]}},"4389":{"3549":{"keys":[102,104],"grid":[" "," "," "," "," "," "," "," "," "," "," "," ","!! 0","!' +","!+ '","!/ #"]},"3550":{"keys":[104],"grid":[" "," "," "," "," "," "," "," "," "," "," "," "," "," "," "," "]}},"4388":{"3549":{"keys":[102,104],"grid":[" "," "," "," "," "," "," "," "," ","!& ,","!* (","!. $","!","!","!","!"]}},"4383":{"3548":{"keys":[102,104],"grid":[" "," "," "," "," "," ","!$ .","!( *","!- %","!","!","!","!","!","!","!"]}},"4382":{"3548":{"keys":[102,104],"grid":[" "," ","!# /","!( *","!, &","!0 !","!","!","!","!","!","!","!","!","!","!"]}},"4381":{"3547":{"keys":[102,104],"grid":[" "," "," "," "," "," "," "," "," "," "," "," "," "," ","!! 0","!' +"]},"3548":{"keys":[104,102],"grid":[" +!'"," /!#"," "," "," "," "," "," "," "," "," "," "," "," "," "," "]}},"4380":{"3547":{"keys":[102,104],"grid":[" "," "," "," "," "," "," "," "," "," "," ","!% -","!) )","!. $","!","!"]}},"4387":{"3549":{"keys":[102,104],"grid":[" "," "," "," "," ","!$ .","!( *","!- %","!","!","!","!","!","!","!","!"]}},"4386":{"3549":{"keys":[102,104],"grid":[" ","!# /","!( *","!, &","!0 !","!","!","!","!","!","!","!","!","!","!","!"]}},"4385":{"3548":{"keys":[102,104],"grid":[" "," "," "," "," "," "," "," "," "," "," "," "," ","!# /","!' +","!+ '"]},"3549":{"keys":[104,102],"grid":[" /!#"," "," "," "," "," "," "," "," "," "," "," "," "," "," "," "]}},"4384":{"3548":{"keys":[102,104],"grid":[" "," "," "," "," "," "," "," "," ","!! 0","!& ,","!* (","!. $","!","!","!"]}},"4408":{"3557":{"keys":[104,102],"grid":[" $!."," %!-"," &!,"," '!+"," )!)"," *!("," +!'"," ,!&"," -!%"," .!$"," /!#"," 0!!"," "," "," "," "]},"3556":{"keys":[102,104],"grid":[" "," "," "," "," "," "," "," "," "," "," "," "," "," ","!! 0","!# /"]}},"4409":{"3557":{"keys":[102,104],"grid":[" "," "," "," "," "," "," "," "," "," "," "," "," ","!# /","!$ .","!% -"]},"3558":{"keys":[104,102],"grid":[" &!,"," '!+"," (!*"," )!)"," +!'"," ,!&"," -!%"," .!$"," /!#"," 0!!"," "," "," "," "," "," "]}},"4404":{"3554":{"keys":[104,102],"grid":[" *!("," ,!&"," -!%"," /!#"," 0!!"," "," "," "," "," "," "," "," "," "," "," "]},"3553":{"keys":[102,104],"grid":[" "," "," "," "," "," "," "," "," "," "," "," ","!# /","!% -","!' +","!) )"]}},"4405":{"3555":{"keys":[104,102],"grid":[" 0!!"," "," "," "," "," "," "," "," "," "," "," "," "," "," "," "]},"3554":{"keys":[102,104],"grid":[" "," "," "," "," "," ","!# /","!% -","!' +","!( *","!) )","!+ '","!, &","!- %","!/ #","14"]}},"4406":{"3555":{"keys":[102,104],"grid":[" "," ","!! 0","!# /","!% -","!& ,","!' +","!( *","!) )","!* (","!+ '","!, &","!. $","!/ #","!0 !","!"]}},"4407":{"3556":{"keys":[104,102],"grid":[" !!0"," #!/"," $!."," %!-"," '!+"," (!*"," )!)"," *!("," +!'"," ,!&"," -!%"," .!$"," 0!!"," "," "," "]},"3555":{"keys":[102],"grid":[" "," "," "," "," "," "," "," "," "," "," "," "," "," "," "," "]}},"4400":{"3552":{"keys":[102,104],"grid":[" "," "," "," "," "," ","!# /","!' +","!+ '","!0 !","!","!","!","!","!","!"]}},"4401":{"3552":{"keys":[102,104],"grid":[" "," "," "," "," "," "," "," "," "," ","!% -","!' +","!* (","!, &","!/ #","!"]}},"4402":{"3553":{"keys":[104,102],"grid":[" %!-"," (!*"," *!("," ,!&"," /!#"," "," "," "," "," "," "," "," "," "," "," "]},"3552":{"keys":[102,104],"grid":[" "," "," "," "," "," "," "," "," "," "," "," "," "," "," ","!! 0"]}},"4403":{"3553":{"keys":[102,104],"grid":[" "," "," "," "," "," ","!# /","!& ,","!( *","!+ '","!- %","!0 !","!","!","!","!"]}},"4484":{"3557":{"keys":[102,137],"grid":[" "," "," "," "," "," "," "," "," "," "," ","!! 0","!$ .","!& ,","!( *","!* ("]},"3558":{"keys":[137,102],"grid":[" ,!&"," .!$"," 0!!"," "," "," "," "," "," "," "," "," "," "," "," "," "]}},"4485":{"3558":{"keys":[102,137],"grid":[" "," "," ","!! 0","!$ .","!& ,","!( *","!* (","!, &","!. $","!0 !","!","!","!","!","!"]}},"4486":{"3559":{"keys":[137,102],"grid":[" +!'"," -!%"," /!#"," "," "," "," "," "," "," "," "," "," "," "," "," "]},"3558":{"keys":[102,137],"grid":[" "," "," "," "," "," "," "," "," "," "," ","!! 0","!$ .","!& ,","!' +","!) )"]}},"4487":{"3559":{"keys":[102,137],"grid":[" "," "," "," ","!# /","!% -","!' +","!) )","!+ '","!. $","!/ #","!","!","!","!","!"]}},"4480":{"3556":{"keys":[137,102],"grid":[" -!%"," /!#"," "," "," "," "," "," "," "," "," "," "," "," "," "," "]},"3555":{"keys":[102,137],"grid":[" "," "," "," "," "," "," "," "," "," "," ","!# /","!% -","!' +","!) )","!* ("]}},"4481":{"3556":{"keys":[102,137],"grid":[" "," "," ","!# /","!% -","!' +","!) )","!+ '","!- %","!/ #","!0 !","!","!","!","!","!"]}},"4482":{"3557":{"keys":[137,102],"grid":[" ,!&"," .!$"," "," "," "," "," "," "," "," "," "," "," "," "," "," "]},"3556":{"keys":[102,137],"grid":[" "," "," "," "," "," "," "," "," "," "," ","!! 0","!$ .","!& ,","!( *","!* ("]}},"4483":{"3557":{"keys":[102,137],"grid":[" "," "," ","!# /","!% -","!& ,","!( *","!* (","!, &","!. $","!0 !","!","!","!","!","!"]}},"4488":{"3560":{"keys":[137,102],"grid":[" +!'"," -!%"," /!#"," "," "," "," "," "," "," "," "," "," "," "," "," "]},"3559":{"keys":[102,137],"grid":[" "," "," "," "," "," "," "," "," "," "," "," ","!# /","!% -","!' +","!) )"]}},"4489":{"3560":{"keys":[102,137],"grid":[" "," "," "," ","!# /","!% -","!' +","!) )","!+ '","!- %","!/ #","!","!","!","!","!"]}},"4419":{"3566":{"keys":[102,104],"grid":[" "," "," "," "," "," "," "," "," "," "," "," ","!# /","!$ .","!% -","!& ,"]},"3567":{"keys":[104,102],"grid":[" '!+"," (!*"," )!)"," *!("," ,!&"," -!%"," .!$"," /!#"," "," "," "," "," "," "," "," "]}},"4418":{"3566":{"keys":[104,102],"grid":[" %!-"," &!,"," '!+"," )!)"," *!("," +!'"," ,!&"," -!%"," .!$"," /!#"," 0!!"," "," "," "," "," "]},"3565":{"keys":[102,104],"grid":[" "," "," "," "," "," "," "," "," "," "," "," "," ","!! 0","!# /","!$ ."]}},"4417":{"3564":{"keys":[102,104],"grid":[" "," "," "," "," "," "," "," "," "," "," "," "," "," "," ","!! 0"]},"3565":{"keys":[104,102],"grid":[" #!/"," $!."," &!,"," '!+"," (!*"," )!)"," *!("," +!'"," ,!&"," -!%"," .!$"," 0!!"," "," "," "," "]}},"4416":{"3564":{"keys":[102,104],"grid":[" ","!# /","!$ .","!% -","!& ,","!' +","!( *","!) )","!* (","!+ '","!- %","!. $","!/ #","!0 !","!","!"]}},"4415":{"3563":{"keys":[102,104],"grid":[" "," ","!! 0","!# /","!$ .","!% -","!& ,","!' +","!) )","!* (","!+ '","!, &","!- %","!. $","!/ #","!0 !"]},"3564":{"keys":[104],"grid":[" "," "," "," "," "," "," "," "," "," "," "," "," "," "," "," "]}},"4414":{"3562":{"keys":[102,104],"grid":[" "," "," "," ","!! 0","!# /","!$ .","!& ,","!' +","!( *","!) )","!* (","!+ '","!, &","!- %","!. $"]},"3563":{"keys":[104,102],"grid":[" 0!!"," "," "," "," "," "," "," "," "," "," "," "," "," "," "," "]}},"4413":{"3562":{"keys":[104,102],"grid":[" .!$"," /!#"," 0!!"," "," "," "," "," "," "," "," "," "," "," "," "," "]},"3561":{"keys":[102,104],"grid":[" "," "," "," "," "," ","!# /","!$ .","!% -","!& ,","!' +","!( *","!) )","!* (","!+ '","!- %"]}},"4412":{"3560":{"keys":[102,104],"grid":[" "," "," "," "," "," "," ","!! 0","!# /","!$ .","!% -","!& ,","!' +","!( *","!* (","!+ '"]},"3561":{"keys":[104,102],"grid":[" ,!&"," -!%"," .!$"," /!#"," 0!!"," "," "," "," "," "," "," "," "," "," "," "]}},"4411":{"3560":{"keys":[104,102],"grid":[" *!("," +!'"," ,!&"," -!%"," .!$"," /!#"," "," "," "," "," "," "," "," "," "," "]},"3559":{"keys":[102,104],"grid":[" "," "," "," "," "," "," "," "," ","!! 0","!# /","!$ .","!% -","!& ,","!( *","!) )"]}},"4410":{"3559":{"keys":[104,102],"grid":[" (!*"," )!)"," *!("," +!'"," ,!&"," -!%"," /!#"," 0!!"," "," "," "," "," "," "," "," "]},"3558":{"keys":[102,104],"grid":[" "," "," "," "," "," "," "," "," "," "," ","!! 0","!# /","!% -","!& ,","!' +"]}},"4497":{"3564":{"keys":[102,137],"grid":[" "," "," "," "," ","!! 0","!$ .","!& ,","!( *","!* (","!, &","!. $","!0 !","!","!","!"]}},"4496":{"3563":{"keys":[102,137],"grid":[" "," "," "," "," "," "," "," "," "," "," "," "," ","!# /","!% -","!' +"]},"3564":{"keys":[137,102],"grid":[" )!)"," +!'"," -!%"," /!#"," "," "," "," "," "," "," "," "," "," "," "," "]}},"4495":{"3563":{"keys":[102,137],"grid":[" "," "," "," "," ","!# /","!% -","!' +","!) )","!+ '","!- %","!/ #","!","!","!","!"]}},"4494":{"3562":{"keys":[102,137],"grid":[" "," "," "," "," "," "," "," "," "," "," "," "," ","!# /","!% -","!' +"]},"3563":{"keys":[137,102],"grid":[" )!)"," +!'"," -!%"," /!#"," "," "," "," "," "," "," "," "," "," "," "," "]}},"4493":{"3562":{"keys":[102,137],"grid":[" "," "," "," ","!! 0","!$ .","!& ,","!( *","!* (","!, &","!. $","!/ #","!","!","!","!"]}},"4492":{"3562":{"keys":[137,102],"grid":[" *!("," ,!&"," .!$"," 0!!"," "," "," "," "," "," "," "," "," "," "," "," "]},"3561":{"keys":[102,137],"grid":[" "," "," "," "," "," "," "," "," "," "," "," ","!! 0","!$ .","!& ,","!( *"]}},"4491":{"3561":{"keys":[102,137],"grid":[" "," "," "," ","!! 0","!$ .","!& ,","!( *","!* (","!, &","!. $","!0 !","!","!","!","!"]}},"4490":{"3560":{"keys":[102,137],"grid":[" "," "," "," "," "," "," "," "," "," "," "," ","!# /","!% -","!' +","!) )"]},"3561":{"keys":[137,102],"grid":[" +!'"," -!%"," /!#"," 0!!"," "," "," "," "," "," "," "," "," "," "," "," "]}},"4463":{"3547":{"keys":[102,137],"grid":[" "," "," ","!# /","!& ,","!( *","!* (","!+ '","!- %","!/ #","!","!","!","!","!","!"]}},"4499":{"3565":{"keys":[102,137],"grid":[" "," "," "," "," ","!! 0","!$ .","!& ,","!( *","!) )","!+ '","!- %","!/ #","!","!","!"]}},"4498":{"3564":{"keys":[102,137],"grid":[" "," "," "," "," "," "," "," "," "," "," "," "," ","!! 0","!$ .","!& ,"]},"3565":{"keys":[137,102],"grid":[" (!*"," *!("," ,!&"," .!$"," 0!!"," "," "," "," "," "," "," "," "," "," "," "]}},"4358":{"3526":{"keys":[102,84],"grid":[" "," "," "," "," "," "," "," "," "," "," "," "," "," "," "," .!$"]},"3527":{"keys":[102,84],"grid":[" +!'"," )!)"," &!,"," %!-"," #!/","!","!","!","!","!","!","!","!","!","!","!"]},"3551":{"keys":[84,104],"grid":[" "," "," "," "," "," "," 0!!"," .!$"," -!%"," +!'"," )!)"," (!*"," &!,"," %!-"," #!/","!"]}},"4359":{"3526":{"keys":[102,84],"grid":[" "," "," "," "," "," "," "," "," "," 0!!"," /!#"," -!%"," ,!&"," *!(","!","!"]},"3551":{"keys":[84,104],"grid":[" *!("," (!*"," &!,"," %!-"," #!/","!","!","!","!","!","!","!","!","!","!","!"]},"3550":{"keys":[84,104],"grid":[" "," "," "," "," "," "," "," "," "," "," "," "," 0!!"," .!$"," -!%"," +!'"]}},"4354":{"3526":{"keys":[102,84],"grid":[" "," "," "," "," "," "," "," "," "," "," "," ","!! 0","!# /","!% -","!& ,"]},"3527":{"keys":[84,102],"grid":[" '!+"," )!)"," *!("," +!'"," -!%"," .!$"," /!#"," "," "," "," "," "," "," "," "," "]},"3554":{"keys":[84,104],"grid":[" ,!&"," +!'"," )!)"," '!+"," &!,"," $!."," !!0","!","!","!","!","!","!","!","!","!"]},"3553":{"keys":[84,104],"grid":[" "," "," "," "," "," "," "," "," "," "," "," "," "," "," /!#"," .!$"]}},"4355":{"3527":{"keys":[102,84],"grid":[" "," "," "," "," "," "," "," ","!! 0","!$ .","!% -","!& ,","!( *","!) )","!* (","!, &"]},"3553":{"keys":[84,104],"grid":[" "," "," "," "," /!#"," .!$"," ,!&"," +!'"," )!)"," '!+"," &!,"," $!."," #!/","!","!","!"]},"3528":{"keys":[84,102],"grid":[" -!%"," .!$"," "," "," "," "," "," "," "," "," "," "," "," "," "," "]}},"4356":{"3527":{"keys":[102,84],"grid":[" "," "," "," "," "," "," "," "," "," "," "," "," ,!&"," )!)"," '!+"," %!-"]},"3553":{"keys":[84,104],"grid":[" &!,"," $!."," #!/","!","!","!","!","!","!","!","!","!","!","!","!","!"]},"3552":{"keys":[84,104],"grid":[" "," "," "," "," "," "," "," "," "," "," 0!!"," .!$"," ,!&"," +!'"," )!)"," (!*"]},"3528":{"keys":[102,84],"grid":[" #!/"," !!0","!","!","!","!","!","!","!","!","!","!","!","!","!","!"]}},"4357":{"3527":{"keys":[102,84],"grid":[" "," "," "," "," "," "," 0!!"," .!$"," ,!&"," )!)"," &!,","!","!","!","!","!"]},"3552":{"keys":[84,104],"grid":[" 0!!"," .!$"," ,!&"," +!'"," )!)"," (!*"," &!,"," $!."," #!/","!","!","!","!","!","!","!"]},"3551":{"keys":[84],"grid":[" "," "," "," "," "," "," "," "," "," "," "," "," "," "," "," "]}},"4352":{"3526":{"keys":[84],"grid":[" "," "," "," "," "," "," "," "," "," "," "," "," "," "," "," "]},"3555":{"keys":[84,104],"grid":[" "," "," /!#"," .!$"," ,!&"," +!'"," )!)"," (!*"," &!,"," %!-"," #!/"," !!0","!","!","!","!"]},"3525":{"keys":[102,84],"grid":[" "," "," "," "," ","!# /","!$ .","!% -","!' +","!( *","!) )","!+ '","!, &","!- %","!/ #","!0 !"]}},"4353":{"3526":{"keys":[84,102],"grid":[" !!0"," #!/"," $!."," &!,"," '!+"," (!*"," *!("," +!'"," ,!&"," .!$"," /!#"," 0!!"," "," "," "," "]},"3555":{"keys":[84,104],"grid":[" !!0","!","!","!","!","!","!","!","!","!","!","!","!","!","!","!"]},"3554":{"keys":[84,104],"grid":[" "," "," "," "," "," "," "," "," /!#"," .!$"," ,!&"," *!("," )!)"," '!+"," &!,"," $!."]}},"4428":{"3562":{"keys":[102,104],"grid":[" "," "," "," "," "," "," "," "," 0!!"," .!$"," ,!&"," *!("," (!*"," '!+"," %!-"," #!/"]},"3563":{"keys":[104],"grid":[" "," "," "," "," "," "," "," "," "," "," "," "," "," "," "," "]}},"4429":{"3562":{"keys":[102,104],"grid":[" .!$"," -!%"," +!'"," )!)"," '!+"," %!-"," #!/"," !!0","!","!","!","!","!","!","!","!"]},"3561":{"keys":[102,104],"grid":[" "," "," "," "," "," "," "," "," "," "," "," "," "," "," "," 0!!"]}},"4422":{"3566":{"keys":[102,104],"grid":[" *!("," (!*"," &!,"," %!-"," #!/","!","!","!","!","!","!","!","!","!","!","!"]},"3565":{"keys":[102,104],"grid":[" "," "," "," "," "," "," "," "," "," "," "," "," "," /!#"," .!$"," ,!&"]}},"4423":{"3565":{"keys":[102,104],"grid":[" "," "," "," "," 0!!"," .!$"," ,!&"," +!'"," )!)"," '!+"," %!-"," #!/","!","!","!","!"]}},"4420":{"3566":{"keys":[102,104],"grid":[" "," "," "," "," "," "," "," "," "," "," "," "," "," "," "," /!#"]},"3567":{"keys":[102,104],"grid":[" -!%"," ,!&"," *!("," (!*"," &!,"," $!."," !!0","!","!","!","!","!","!","!","!","!"]}},"4421":{"3566":{"keys":[102,104],"grid":[" "," "," "," "," "," "," /!#"," .!$"," ,!&"," *!("," (!*"," &!,"," $!."," #!/","!","!"]}},"4426":{"3563":{"keys":[102,104],"grid":[" "," "," "," "," "," "," "," "," "," "," /!#"," -!%"," +!'"," *!("," (!*"," &!,"]},"3564":{"keys":[102,104],"grid":[" $!."," !!0","!","!","!","!","!","!","!","!","!","!","!","!","!","!"]}},"4427":{"3563":{"keys":[102,104],"grid":[" "," 0!!"," .!$"," ,!&"," *!("," (!*"," &!,"," %!-"," #!/","!","!","!","!","!","!","!"]}},"4424":{"3564":{"keys":[102,104],"grid":[" "," "," "," "," "," "," "," "," "," "," "," 0!!"," .!$"," ,!&"," +!'"," )!)"]},"3565":{"keys":[102,104],"grid":[" '!+"," %!-"," #!/","!","!","!","!","!","!","!","!","!","!","!","!","!"]}},"4425":{"3564":{"keys":[102,104],"grid":[" "," "," "," /!#"," -!%"," +!'"," )!)"," (!*"," &!,"," $!."," !!0","!","!","!","!","!"]}},"4468":{"3549":{"keys":[102,137],"grid":[" "," "," "," "," "," "," "," "," "," ","!! 0","!$ .","!& ,","!' +","!) )","!+ '"]},"3550":{"keys":[137,102],"grid":[" -!%"," 0!!"," "," "," "," "," "," "," "," "," "," "," "," "," "," "]}},"4469":{"3550":{"keys":[102,137],"grid":[" "," ","!! 0","!$ .","!& ,","!( *","!* (","!+ '","!- %","!/ #","!","!","!","!","!","!"]}},"4435":{"3559":{"keys":[102,104],"grid":[" &!,"," $!."," !!0","!","!","!","!","!","!","!","!","!","!","!","!","!"]},"3558":{"keys":[102,104],"grid":[" "," "," "," "," "," "," "," "," "," "," "," /!#"," -!%"," +!'"," )!)"," (!*"]}},"4434":{"3559":{"keys":[102,104],"grid":[" "," "," "," 0!!"," .!$"," -!%"," +!'"," )!)"," '!+"," %!-"," #!/","!","!","!","!","!"]}},"4437":{"3557":{"keys":[102,137,104],"grid":[" "," "," "," "," "," "," "," "," "," 0!!"," .!$"," ,!&"," *!("," )!)"," '!+"," %#!!,"]},"3560":{"keys":[104,137],"grid":[" ,!&","00","00","00","00"," -!%","05","05","05","05"," .!$","10","10","10","10"," /!#"]},"3561":{"keys":[104,137],"grid":[" /!#","00","00","00","00","00"," 0!!","06","06","06","06"," "," "," "," "," "]},"3559":{"keys":[104,137],"grid":[" )!)","00","00","00"," *!(","04","04","04","04"," +!'","09","09","09","09"," ,!&","14"]},"3558":{"keys":[102,104,137],"grid":[" #!$#,","!&#,","01","01","!'#+","04","04","04","04","!(#*","09","09","09","09","!)#)","14"]}},"4436":{"3558":{"keys":[102,104],"grid":[" "," "," 0!!"," .!$"," ,!&"," *!("," (!*"," &!,"," $!."," #!/","!","!","!","!","!","!"]}},"4431":{"3560":{"keys":[102,104],"grid":[" "," "," "," "," "," "," "," "," "," "," "," "," "," "," /!#"," -!%"]},"3561":{"keys":[102,104],"grid":[" +!'"," )!)"," (!*"," &!,"," $!."," !!0","!","!","!","!","!","!","!","!","!","!"]}},"4430":{"3561":{"keys":[102,104],"grid":[" "," "," "," "," "," "," 0!!"," /!#"," -!%"," +!'"," )!)"," '!+"," &!,"," $!."," !!0","!"]}},"4433":{"3560":{"keys":[102,104],"grid":[" )!)"," '!+"," %!-"," #!/","!","!","!","!","!","!","!","!","!","!","!","!"]},"3559":{"keys":[102,104],"grid":[" "," "," "," "," "," "," "," "," "," "," "," "," 0!!"," .!$"," ,!&"," *!("]}},"4432":{"3560":{"keys":[102,104],"grid":[" "," "," "," "," "," /!#"," .!$"," ,!&"," *!("," (!*"," &!,"," $!."," #!/","!","!","!"]}},"4439":{"3557":{"keys":[137],"grid":[" "," "," "," "," "," "," "," "," "," "," "," "," "," "," "," "]},"3556":{"keys":[102,137],"grid":[" "," "," "," "," "," "," "," "," /!#"," -!%"," +!'"," )!)"," (!*"," &!,"," $!."," !!0"]},"3567":{"keys":[137,104],"grid":[" "," "," "," "," "," "," "," "," ","!! 0","09","09","09","09","!# /","14"]},"3568":{"keys":[104,137],"grid":[" #!/","00","00"," $!.","03","03","03","03","03"," %!-","09","09","09","09","09"," &!,"]},"3569":{"keys":[104,137],"grid":[" &!,","00","00","00"," '!+","04","04","04","04","04"," (!*","10","10","10","10"," )!)"]},"3571":{"keys":[104,137],"grid":[" ,!&","00","00","00","00"," -!%","05","05","05","05","05"," .!$","11","11","11","11"]},"3570":{"keys":[104,137],"grid":[" )!)","00","00","00"," *!(","04","04","04","04","04","04"," +!'","11","11","11","11"]},"3572":{"keys":[104,137],"grid":[" /!#","00","00","00","00"," 0!!","05","05","05","05","05","05"," "," "," "," "]}},"4438":{"3557":{"keys":[102,137],"grid":[" 0!!"," .!$"," ,!&"," +!'"," )!)"," '!+"," %!-"," $!."," !!0","!","!","!","!","!","!","!"]},"3562":{"keys":[104,137],"grid":[" !!0","00","00","00","00","00"," #!/","06","06","06","06"," $!.","11","11","11","11"]},"3561":{"keys":[137],"grid":[" "," "," "," "," "," "," "," "," "," "," "," "," "," "," "," "]},"3566":{"keys":[104,137],"grid":[" -!%","00"," .!$","02","02","02","02","02"," /!#","08","08","08","08"," 0!!","13","13"]},"3567":{"keys":[104,137],"grid":[" 0!!","00","00"," "," "," "," "," "," "," "," "," "," "," "," "," "]},"3564":{"keys":[104,137],"grid":[" '!+"," (!*","01","01","01","01","01"," )!)","07","07","07","07"," *!(","12","12","12"]},"3565":{"keys":[104,137],"grid":[" *!("," +!'","01","01","01","01","01","01"," ,!&","08","08","08","08"," -!%","13","13"]},"3563":{"keys":[104,137],"grid":[" %!-","00","00","00","00","00","00"," &!,","07","07","07","07"," '!+","12","12","12"]}},"4534":{"3583":{"keys":[102,137],"grid":[" "," "," "," "," "," "," "," "," "," ","!# /","!% -","!' +","!) )","!* (","!, &"]}},"4462":{"3546":{"keys":[102,137],"grid":[" "," "," "," "," "," "," "," "," "," "," ","!# /","!% -","!' +","!) )","!+ '"]},"3547":{"keys":[137,102],"grid":[" -!%"," /!#"," "," "," "," "," "," "," "," "," "," "," "," "," "," "]}},"4530":{"3581":{"keys":[102,137],"grid":[" "," "," "," "," "," "," "," ","!# /","!% -","!' +","!( *","!* (","!, &","!. $","!0 !"]},"3582":{"keys":[137],"grid":[" "," "," "," "," "," "," "," "," "," "," "," "," "," "," "," "]}},"4531":{"3582":{"keys":[137,102],"grid":[" !!0"," $!."," &!,"," (!*"," *!("," +!'"," -!%"," /!#"," "," "," "," "," "," "," "," "]}},"4532":{"3582":{"keys":[102,137],"grid":[" "," "," "," "," "," "," "," "," ","!# /","!% -","!' +","!) )","!* (","!, &","!. $"]},"3583":{"keys":[137,102],"grid":[" 0!!"," "," "," "," "," "," "," "," "," "," "," "," "," "," "," "]}},"4533":{"3583":{"keys":[102,137],"grid":[" ","!! 0","!$ .","!& ,","!( *","!* (","!, &","!- %","!/ #","!","!","!","!","!","!","!"]}},"4440":{"3556":{"keys":[102,137],"grid":[" .!$"," ,!&"," *!("," (!*"," &!,"," %!-"," #!/","!","!","!","!","!","!","!","!","!"]},"3555":{"keys":[102,137],"grid":[" "," "," "," "," "," "," "," "," "," "," "," "," "," "," "," 0!!"]},"3578":{"keys":[104,137],"grid":[" 0!!","00","00","00"," "," "," "," "," "," "," "," "," "," "," "," "]},"3575":{"keys":[104,137],"grid":[" '!+","00"," (!*","02","02","02","02","02"," )!)","08","08","08","08","08"," *!(","14"]},"3574":{"keys":[104,137],"grid":[" $!.","00"," %!-","02","02","02","02"," &!,","07","07","07","07","07"," '!+","13","13"]},"3577":{"keys":[104,137],"grid":[" -!%","00","00","00"," .!$","04","04","04","04"," /!#","09","09","09","09","09"," 0!!"]},"3576":{"keys":[104,137],"grid":[" *!(","00","00"," +!'","03","03","03","03","03"," ,!&","09","09","09","09"," -!%","14"]},"3573":{"keys":[137,104],"grid":[" ","!! 0","01","01","01","01","!# /","06","06","06","06","06","06","!$ .","13","13"]},"3572":{"keys":[137],"grid":[" "," "," "," "," "," "," "," "," "," "," "," "," "," "," "," "]}},"4441":{"3580":{"keys":[104,137],"grid":[" &!,","00","00","00","00"," '!+","05","05","05","05","05"," (!*","11","11","11","11"]},"3581":{"keys":[104,137],"grid":[" (!*"," )!)","01","01","01","01"," *!(","06","06","06","06"," +!'","11","11","11","11"]},"3555":{"keys":[102,137],"grid":[" "," "," "," "," "," "," 0!!"," .!$"," ,!&"," +!'"," )!)"," '!+"," %!-"," #!/","!","!"]},"3583":{"keys":[104,137],"grid":[" -!%","00","00","00","00","00","00","00","00","00","00","00","00","00","00"," .!$"]},"3579":{"keys":[104,137],"grid":[" #!/","00","00","00","00"," $!.","05","05","05","05"," %!-","10","10","10","10","10"]},"3578":{"keys":[137,104],"grid":[" "," "," "," "," "," "," "," "," "," ","!! 0","10","10","10","10","10"]},"3582":{"keys":[104,137],"grid":[" +!'"," ,!&","01","01","01","01","01"," -!%","07","07","07","07","07","07","07","07"]}},"4442":{"3555":{"keys":[102,137],"grid":[" +!'"," )!)"," '!+"," %!-"," $!."," !!0","!","!","!","!","!","!","!","!","!","!"]},"3554":{"keys":[102,137],"grid":[" "," "," "," "," "," "," "," "," "," "," "," "," "," 0!!"," /!#"," -!%"]}},"4379":{"3547":{"keys":[102,104],"grid":[" "," "," "," "," "," "," ","!$ .","!( *","!- %","!","!","!","!","!","!"]}},"4444":{"3554":{"keys":[102,137],"grid":[" )!)"," '!+"," %!-"," #!/","!","!","!","!","!","!","!","!","!","!","!","!"]},"3553":{"keys":[102,137],"grid":[" "," "," "," "," "," "," "," "," "," "," "," "," 0!!"," .!$"," ,!&"," *!("]}},"4445":{"3553":{"keys":[102,137],"grid":[" "," "," "," 0!!"," .!$"," -!%"," +!'"," )!)"," '!+"," %!-"," #!/","!","!","!","!","!"]}},"4446":{"3553":{"keys":[102,137],"grid":[" &!,"," $!."," !!0","!","!","!","!","!","!","!","!","!","!","!","!","!"]},"3552":{"keys":[102,137],"grid":[" "," "," "," "," "," "," "," "," "," "," "," /!#"," -!%"," +!'"," *!("," (!*"]}},"4447":{"3552":{"keys":[102,137],"grid":[" "," "," 0!!"," .!$"," ,!&"," *!("," )!)"," '!+"," %!-"," #!/","!","!","!","!","!","!"]}},"4448":{"3552":{"keys":[102,137],"grid":[" #!/"," !!0","!","!","!","!","!","!","!","!","!","!","!","!","!","!"]},"3551":{"keys":[102,137],"grid":[" "," "," "," "," "," "," "," "," "," 0!!"," /!#"," -!%"," +!'"," )!)"," '!+"," %!-"]}},"4449":{"3551":{"keys":[102,137],"grid":[" "," /!#"," -!%"," +!'"," *!("," (!*"," &!,"," $!."," !!0","!","!","!","!","!","!","!"]}},"4370":{"3545":{"keys":[102,104],"grid":[" "," "," "," "," "," ","!% -","!* (","!. $","!","!","!","!","!","!","!"]}},"4371":{"3545":{"keys":[102,104],"grid":[" "," "," "," "," "," "," "," "," ","!! 0","!& ,","!+ '","!/ #","!","!","!"]}},"4376":{"3546":{"keys":[102,104],"grid":[" "," "," "," "," "," "," "," "," "," "," "," ","!% -","!) )","!- %","!"]}},"4377":{"3546":{"keys":[102,104],"grid":[" "," "," "," "," "," "," "," "," "," "," "," "," "," "," ","!! 0"]},"3547":{"keys":[104,102],"grid":[" &!,"," *!("," .!$"," "," "," "," "," "," "," "," "," "," "," "," "," "]}},"4374":{"3546":{"keys":[102,104],"grid":[" "," "," "," "," ","!& ,","!+ '","!/ #","!","!","!","!","!","!","!","!"]}},"4375":{"3546":{"keys":[102,104],"grid":[" "," "," "," "," "," "," "," ","!# /","!' +","!, &","!","!","!","!","!"]}},"4529":{"3580":{"keys":[102,137],"grid":[" "," "," "," "," "," "," "," "," "," "," "," "," "," "," ","!! 0"]},"3581":{"keys":[137,102],"grid":[" #!/"," %!-"," '!+"," )!)"," +!'"," -!%"," /!#"," "," "," "," "," "," "," "," "," "]}},"4528":{"3580":{"keys":[102,137],"grid":[" "," "," "," "," "," ","!! 0","!$ .","!& ,","08","!( *","!* (","!, &","!. $","!0 !","!"]}},"4527":{"3580":{"keys":[137,102],"grid":[" &!,"," (!*"," *!("," ,!&"," .!$"," 0!!"," "," "," "," "," "," "," "," "," "," "]},"3579":{"keys":[102,137],"grid":[" "," "," "," "," "," "," "," "," "," "," "," "," "," ","!! 0","!$ ."]}},"4526":{"3579":{"keys":[102,137],"grid":[" "," "," "," "," "," ","!# /","!% -","!' +","!) )","!+ '","!- %","!/ #","!","!","!"]}},"4525":{"3579":{"keys":[137,102],"grid":[" (!*"," *!("," ,!&"," .!$"," 0!!"," "," "," "," "," "," "," "," "," "," "," "]},"3578":{"keys":[102,137],"grid":[" "," "," "," "," "," "," "," "," "," "," "," "," ","!! 0","!$ .","!& ,"]}},"4524":{"3578":{"keys":[102,137],"grid":[" "," "," "," "," ","!# /","!% -","!' +","!) )","!+ '","!- %","!/ #","!0 !","!","!","!"]}},"4523":{"3577":{"keys":[102,137],"grid":[" "," "," "," "," "," "," "," "," "," "," "," ","!! 0","!$ .","!& ,","!( *"]},"3578":{"keys":[137,102],"grid":[" *!("," ,!&"," .!$"," /!#"," "," "," "," "," "," "," "," "," "," "," "," "]}},"4522":{"3577":{"keys":[102,137],"grid":[" "," "," "," ","!# /","!% -","!& ,","!( *","!* (","!, &","!. $","!0 !","!","!","!","!"]}},"4521":{"3577":{"keys":[137,102],"grid":[" +!'"," -!%"," /!#"," "," "," "," "," "," "," "," "," "," "," "," "," "]},"3576":{"keys":[102,137],"grid":[" "," "," "," "," "," "," "," "," "," "," "," ","!# /","!% -","!' +","!) )"]}},"4520":{"3576":{"keys":[102,137],"grid":[" "," "," ","!! 0","!$ .","!& ,","!( *","!* (","!, &","!- %","!/ #","!","!","!","!","!"]}},"4365":{"3538":{"keys":[84,102],"grid":[" *!("," +!'","01"," ,!&","03"," -!%","05"," .!$","07"," /!#","09"," 0!!","11"," "," "," "]},"3547":{"keys":[84,104],"grid":[" "," /!#"," .!$"," ,!&"," +!'"," )!)"," '!+"," &!,"," $!."," !!0","!","!","!","!","!","!"]},"3537":{"keys":[84,102],"grid":[" #!/","00"," $!.","02"," %!-","04"," &!,","06","06"," '!+","09"," (!*","11"," )!)","13"," *!("]},"3536":{"keys":[102,84],"grid":[" "," "," "," "," "," "," "," "," "," "," "," "," "," ","!! 0","14"]}},"4364":{"3548":{"keys":[84,104],"grid":[" '!+"," &!,"," $!."," !!0","!","!","!","!","!","!","!","!","!","!","!","!"]},"3547":{"keys":[84,104],"grid":[" "," "," "," "," "," "," "," "," "," "," "," /!#"," .!$"," ,!&"," *!("," )!)"]},"3535":{"keys":[84,102],"grid":[" #!/"," $!.","01"," %!-","03"," &!,","05"," '!+","07"," (!*","09"," )!)","11"," *!(","13","13"]},"3534":{"keys":[102,84],"grid":[" "," "," "," "," "," "," "," "," "," "," "," "," ","!! 0","13","!# /"]},"3536":{"keys":[84,102],"grid":[" +!'","00"," ,!&","02"," -!%","04"," .!$","06"," /!#","08"," 0!!","10"," "," "," "," "]}},"4367":{"3545":{"keys":[84,104],"grid":[" "," "," "," "," "," "," "," "," "," "," "," "," "," 0!!"," .!$"," ,!&"]},"3546":{"keys":[84,104],"grid":[" +!'"," )!)"," (!*"," &!,"," $!."," #!/","!","!","!","!","!","!","!","!","!","!"]},"3540":{"keys":[102],"grid":[" "," "," "," "," "," "," "," "," "," "," "," "," "," "," "," "]},"3541":{"keys":[102,84],"grid":[" ","!! 0","01","!# /","03","!$ .","05","!% -","07","!& ,","09","!' +","11","!( *","13","!) )"]},"3542":{"keys":[84,102],"grid":[" )!)"," *!(","01","01"," +!'","04"," ,!&","06"," -!%","08"," .!$","10"," /!#","12"," 0!!","14"]},"3543":{"keys":[84],"grid":[" "," "," "," "," "," "," "," "," "," "," "," "," "," "," "," "]}},"4366":{"3539":{"keys":[84,102],"grid":[" !!0","00"," #!/","02"," $!.","04"," %!-","06"," &!,","08"," '!+","10"," (!*","12"," )!)","14"]},"3538":{"keys":[102,84],"grid":[" "," "," "," "," "," "," "," "," "," "," "," "," "," "," ","!! 0"]},"3546":{"keys":[84,104],"grid":[" "," "," "," "," "," "," "," /!#"," .!$"," ,!&"," +!'"," )!)"," '!+"," &!,"," $!."," #!/"]},"3547":{"keys":[104],"grid":[" "," "," "," "," "," "," "," "," "," "," "," "," "," "," "," "]},"3540":{"keys":[84,102],"grid":[" *!(","00"," +!'","02"," ,!&","04"," -!%","06"," .!$","08","08"," /!#","11"," 0!!","13"," "]}},"4361":{"3530":{"keys":[84,102],"grid":[" -!%","00"," .!$","02"," /!#","04"," 0!!","06"," "," "," "," "," "," "," "," "]},"3529":{"keys":[84,102],"grid":[" %!-"," &!,","01","01"," '!+","04"," (!*","06"," )!)","08"," *!(","10"," +!'","12"," ,!&","14"]},"3549":{"keys":[84,104],"grid":[" "," "," "," "," "," "," "," "," 0!!"," /!#"," -!%"," ,!&"," *!("," (!*"," '!+"," %!-"]},"3528":{"keys":[102,84],"grid":[" "," "," "," "," "," "," "," "," ","!! 0","09","!# /","11","!$ .","13","!% -"]},"3550":{"keys":[84,104],"grid":[" $!."," !!0","!","!","!","!","!","!","!","!","!","!","!","!","!","!"]}},"4360":{"3526":{"keys":[102,84],"grid":[" "," "," "," "," "," "," "," "," ","!! 0","!# /","10","!$ .","12","!% -","14"]},"3527":{"keys":[84,102],"grid":[" &!,","00"," '!+","02"," (!*","04"," )!)","06","06"," *!(","09"," +!'","11"," ,!&","13"," -!%"]},"3528":{"keys":[84,102],"grid":[" -!%"," .!$","01"," /!#","03"," 0!!","05"," "," "," "," "," "," "," "," "," "]},"3550":{"keys":[84,104],"grid":[" "," "," 0!!"," /!#"," -!%"," +!'"," *!("," (!*"," '!+"," %!-"," #!/"," !!0","!","!","!","!"]}},"4363":{"3533":{"keys":[84,102],"grid":[" $!.","00"," %!-","02"," &!,","04"," '!+","06"," (!*","08"," )!)","10"," *!(","12"," +!'","14"]},"3532":{"keys":[102,84],"grid":[" "," "," "," "," "," "," "," "," "," "," "," ","!! 0","12","!# /","14"]},"3548":{"keys":[84,104],"grid":[" "," "," "," "," "," /!#"," .!$"," ,!&"," *!("," )!)"," '!+"," &!,"," $!."," !!0","!","!"]},"3534":{"keys":[84,102],"grid":[" ,!&","00"," -!%","02"," .!$","04","04"," /!#","07"," 0!!","09"," "," "," "," "," "]}},"4362":{"3531":{"keys":[84,102],"grid":[" $!."," %!-","01"," &!,","03"," '!+","05"," (!*","07"," )!)","09"," *!(","11"," +!'","13"," ,!&"]},"3530":{"keys":[102,84],"grid":[" "," "," "," "," "," "," "," "," "," ","!! 0","10","!# /","12","!$ .","14"]},"3532":{"keys":[84,102],"grid":[" ,!&"," -!%","01"," .!$","03"," /!#","05"," 0!!","07"," "," "," "," "," "," "," "]},"3548":{"keys":[84,104],"grid":[" "," "," "," "," "," "," "," "," "," "," "," "," "," "," "," /!#"]},"3549":{"keys":[84,104],"grid":[" -!%"," ,!&"," *!("," )!)"," '!+"," %!-"," $!."," !!0","!","!","!","!","!","!","!","!"]}},"4369":{"3545":{"keys":[102,104],"grid":[" "," "," ","!( *","!, &","!0 !","!","!","!","!","!","!","!","!","!","!"]}},"4368":{"3544":{"keys":[84,102],"grid":[" (!*"," )!)","01"," *!(","03"," +!'","05"," ,!&","07"," -!%","09"," .!$","11"," /!#","13"," 0!!"]},"3545":{"keys":[84,102,104],"grid":[" 0!!"," "," "," 0#!"," .#$"," ,#&"," +#'"," )#)"," (#*"," &#,"," $#."," ##/","#","#","#","#"]},"3543":{"keys":[102,84],"grid":[" "," ","!! 0","02","!# /","04","!$ .","06","!% -","08","!& ,","10","10","!' +","13","!( *"]}},"4395":{"3551":{"keys":[102,104],"grid":[" "," "," ","!# /","!' +","!+ '","!0 !","!","!","!","!","!","!","!","!","!"]}},"4453":{"3548":{"keys":[102,137],"grid":[" "," "," "," "," "," "," "," "," "," "," "," "," "," "," 0!!"," .!$"]},"3549":{"keys":[102,137],"grid":[" ,!&"," +!'"," )!)"," '!+"," %!-"," #!/","!","!","!","!","!","!","!","!","!","!"]}},"4452":{"3549":{"keys":[102,137],"grid":[" "," "," "," "," "," "," "," /!#"," .!$"," ,!&"," *!("," (!*"," &!,"," $!."," #!/","!"]}},"4451":{"3549":{"keys":[102],"grid":[" "," "," "," "," "," "," "," "," "," "," "," "," "," "," "," "]},"3550":{"keys":[102,137],"grid":[" /!#"," -!%"," +!'"," )!)"," '!+"," %!-"," $!."," !!0","!","!","!","!","!","!","!","!"]}},"4450":{"3551":{"keys":[137],"grid":[" "," "," "," "," "," "," "," "," "," "," "," "," "," "," "," "]},"3550":{"keys":[102,137],"grid":[" "," "," "," "," "," "," "," "," 0!!"," .!$"," ,!&"," *!("," (!*"," '!+"," %!-"," #!/"]}},"4457":{"3546":{"keys":[102,137],"grid":[" "," "," "," "," "," "," "," "," "," "," "," "," /!#"," -!%"," ,!&"," *!("]},"3547":{"keys":[102,137],"grid":[" (!*"," &!,"," $!."," !!0","!","!","!","!","!","!","!","!","!","!","!","!"]}},"4456":{"3547":{"keys":[102,137],"grid":[" "," "," "," "," 0!!"," .!$"," -!%"," +!'"," )!)"," '!+"," %!-"," #!/","!","!","!","!"]}},"4455":{"3547":{"keys":[102,137],"grid":[" "," "," "," "," "," "," "," "," "," "," "," "," "," 0!!"," .!$"," ,!&"]},"3548":{"keys":[102,137],"grid":[" *!("," (!*"," '!+"," %!-"," #!/","!","!","!","!","!","!","!","!","!","!","!"]}},"4454":{"3548":{"keys":[102,137],"grid":[" "," "," "," "," "," "," /!#"," -!%"," +!'"," )!)"," '!+"," %!-"," $!."," !!0","!","!"]}},"4459":{"3545":{"keys":[102,137],"grid":[" "," "," "," "," "," "," "," "," "," "," "," /!#"," -!%"," +!'"," )!)"," '!+"]},"3546":{"keys":[102,137],"grid":[" &!,"," $!."," !!0","!","!","!","!","!","!","!","!","!","!","!","!","!"]}},"4458":{"3546":{"keys":[102,137],"grid":[" "," "," "," 0!!"," .!$"," ,!&"," +!'"," )!)"," '!+"," %!-"," #!/","!","!","!","!","!"]}},"4518":{"3575":{"keys":[102,137],"grid":[" "," "," ","!# /","!% -","!' +","!) )","!+ '","!- %","!/ #","!","!","!","!","!","!"]}},"4519":{"3575":{"keys":[102,137],"grid":[" "," "," "," "," "," "," "," "," "," "," ","!# /","!% -","!' +","!( *","!* ("]},"3576":{"keys":[137,102],"grid":[" ,!&"," .!$"," 0!!"," "," "," "," "," "," "," "," "," "," "," "," "," "]}},"4512":{"3572":{"keys":[102,137],"grid":[" ","!# /","!% -","!' +","!) )","!+ '","!- %","!/ #","!","!","!","!","!","!","!","!"]}},"4513":{"3573":{"keys":[137,102],"grid":[" 0!!"," "," "," "," "," "," "," "," "," "," "," "," "," "," "," "]},"3572":{"keys":[102,137],"grid":[" "," "," "," "," "," "," "," "," ","!# /","!$ .","!& ,","!( *","!* (","!, &","!. $"]}},"4510":{"3571":{"keys":[137,102],"grid":[" !!0"," $!."," &!,"," (!*"," *!("," ,!&"," .!$"," 0!!"," "," "," "," "," "," "," "," "]},"3570":{"keys":[102],"grid":[" "," "," "," "," "," "," "," "," "," "," "," "," "," "," "," "]}},"4511":{"3571":{"keys":[102,137],"grid":[" "," "," "," "," "," "," "," ","!! 0","!$ .","!& ,","!( *","!* (","!, &","!. $","!/ #"]},"3572":{"keys":[137],"grid":[" "," "," "," "," "," "," "," "," "," "," "," "," "," "," "," "]}},"4516":{"3574":{"keys":[102,137],"grid":[" "," ","!# /","!% -","!' +","!) )","!* (","!, &","!. $","!0 !","!","!","!","!","!","!"]}},"4517":{"3575":{"keys":[137,102],"grid":[" .!$"," /!#"," "," "," "," "," "," "," "," "," "," "," "," "," "," "]},"3574":{"keys":[102,137],"grid":[" "," "," "," "," "," "," "," "," "," ","!! 0","!$ .","!& ,","!( *","!* (","!, &"]}},"4514":{"3573":{"keys":[102,137],"grid":[" ","!! 0","!$ .","!& ,","!( *","!* (","!, &","!. $","!/ #","!","!","!","!","!","!","!"]}},"4515":{"3574":{"keys":[137,102],"grid":[" /!#"," "," "," "," "," "," "," "," "," "," "," "," "," "," "," "]},"3573":{"keys":[102,137],"grid":[" "," "," "," "," "," "," "," "," "," ","!# /","!% -","!' +","!) )","!+ '","!- %"]}},"4372":{"3545":{"keys":[102,104],"grid":[" "," "," "," "," "," "," "," "," "," "," "," "," ","!# /","!' +","!, &"]},"3546":{"keys":[104],"grid":[" "," "," "," "," "," "," "," "," "," "," "," "," "," "," "," "]}},"4505":{"3568":{"keys":[102,137],"grid":[" "," "," "," "," "," "," ","!# /","!% -","!' +","!) )","!+ '","!- %","!/ #","!0 !","!"]}},"4504":{"3568":{"keys":[137,102],"grid":[" %!-"," '!+"," )!)"," +!'"," -!%"," /!#"," "," "," "," "," "," "," "," "," "," "]},"3567":{"keys":[102,137],"grid":[" "," "," "," "," "," "," "," "," "," "," "," "," "," ","!! 0","!$ ."]}},"4507":{"3569":{"keys":[102,137],"grid":[" "," "," "," "," "," "," ","!! 0","!$ .","!& ,","!( *","!) )","!+ '","!- %","!/ #","!"]}},"4506":{"3568":{"keys":[102,137],"grid":[" "," "," "," "," "," "," "," "," "," "," "," "," "," "," ","!! 0"]},"3569":{"keys":[137,102],"grid":[" $!."," &!,"," (!*"," *!("," ,!&"," .!$"," 0!!"," "," "," "," "," "," "," "," "," "]}},"4501":{"3566":{"keys":[102,137],"grid":[" "," "," "," "," "," ","!# /","!% -","!' +","!( *","!* (","!, &","!. $","!0 !","!","!"]}},"4500":{"3566":{"keys":[137,102],"grid":[" '!+"," )!)"," +!'"," -!%"," /!#"," "," "," "," "," "," "," "," "," "," "," "]},"3565":{"keys":[102,137],"grid":[" "," "," "," "," "," "," "," "," "," "," "," "," "," ","!# /","!% -"]}},"4503":{"3567":{"keys":[102,137],"grid":[" "," "," "," "," "," ","!! 0","!$ .","!& ,","!( *","!* (","!, &","!. $","!0 !","!","!"]}},"4502":{"3566":{"keys":[102,137],"grid":[" "," "," "," "," "," "," "," "," "," "," "," "," "," ","!! 0","!$ ."]},"3567":{"keys":[137,102],"grid":[" &!,"," (!*"," *!("," ,!&"," .!$"," 0!!"," "," "," "," "," "," "," "," "," "," "]}},"4466":{"3548":{"keys":[102,137],"grid":[" "," "," "," "," "," "," "," "," "," "," ","!# /","!& ,","!( *","!* (","!+ '"]},"3549":{"keys":[137,102],"grid":[" -!%"," /!#"," "," "," "," "," "," "," "," "," "," "," "," "," "," "]}},"4467":{"3549":{"keys":[102,137],"grid":[" "," "," ","!# /","!% -","!( *","!* (","!, &","!. $","!0 !","!","!","!","!","!","!"]}},"4464":{"3547":{"keys":[102,137],"grid":[" "," "," "," "," "," "," "," "," "," "," ","!# /","!% -","!' +","!) )","!+ '"]},"3548":{"keys":[137,102],"grid":[" .!$"," 0!!"," "," "," "," "," "," "," "," "," "," "," "," "," "," "]}},"4465":{"3548":{"keys":[102,137],"grid":[" "," ","!! 0","!$ .","!& ,","!' +","!) )","!+ '","!- %","!0 !","!","!","!","!","!","!"]}},"4509":{"3570":{"keys":[102,137],"grid":[" "," "," "," "," "," "," "," ","!# /","!% -","!& ,","!( *","!* (","!, &","!. $","!0 !"]}},"4508":{"3569":{"keys":[102],"grid":[" "," "," "," "," "," "," "," "," "," "," "," "," "," "," "," "]},"3570":{"keys":[137,102],"grid":[" #!/"," %!-"," '!+"," )!)"," +!'"," -!%"," /!#"," "," "," "," "," "," "," "," "," "]}},"4460":{"3545":{"keys":[102,137],"grid":[" "," "," "," "," "," "," "," "," "," "," ","!# /","!% -","!' +","!) )","!+ '"]},"3546":{"keys":[137,102],"grid":[" -!%"," /!#"," "," "," "," "," "," "," "," "," "," "," "," "," "," "]}},"4461":{"3546":{"keys":[102,137],"grid":[" "," "," ","!# /","!% -","!' +","!) )","!+ '","!- %","!/ #","!","!","!","!","!","!"]}},"4398":{"3552":{"keys":[104,102],"grid":[" *!("," .!$"," "," "," "," "," "," "," "," "," "," "," "," "," "," "]},"3551":{"keys":[102,104],"grid":[" "," "," "," "," "," "," "," "," "," "," "," "," "," "," ","!% -"]}},"4399":{"3552":{"keys":[102,104],"grid":[" "," ","!! 0","!& ,","!* (","!/ #","!","!","!","!","!","!","!","!","!","!"]}},"4390":{"3550":{"keys":[104,102],"grid":[" #!/"," '!+"," ,!&"," 0!!"," "," "," "," "," "," "," "," "," "," "," "," "]}},"4391":{"3550":{"keys":[102,104],"grid":[" "," "," "," ","!$ .","!( *","!, &","!","!","!","!","!","!","!","!","!"]}},"4392":{"3550":{"keys":[102,104],"grid":[" "," "," "," "," "," "," "," ","!% -","!) )","!- %","!","!","!","!","!"]}},"4393":{"3550":{"keys":[102,104],"grid":[" "," "," "," "," "," "," "," "," "," "," "," ","!& ,","!* (","!. $","!"]}},"4394":{"3551":{"keys":[104,102],"grid":[" '!+"," +!'"," /!#"," "," "," "," "," "," "," "," "," "," "," "," "," "]},"3550":{"keys":[102,104],"grid":[" "," "," "," "," "," "," "," "," "," "," "," "," "," "," ","!! 0"]}},"4378":{"3547":{"keys":[102,104],"grid":[" "," "," ","!! 0","!' +","!, &","!0 !","!","!","!","!","!","!","!","!","!"]}},"4396":{"3551":{"keys":[102,104],"grid":[" "," "," "," "," "," "," ","!$ .","!( *","!, &","!0 !","!","!","!","!","!"]}},"4397":{"3551":{"keys":[102,104],"grid":[" "," "," "," "," "," "," "," "," "," "," ","!% -","!* (","!- %","!","!"]}},"4443":{"3554":{"keys":[102,137],"grid":[" "," "," "," "," "," /!#"," -!%"," ,!&"," *!("," (!*"," &!,"," $!."," !!0","!","!","!"]}}}}