{"9":{"279":{"281":{"keys":[141,1,142],"grid":[" ","!","#","#","#","#","#","#","#","#","#","#","#","#","#","#"]}},"278":{"281":{"keys":[141,1,142],"grid":[" ","!","#","#","#","#","#","#","#","#","#","#","#","#","#","#"]}},"272":{"280":{"keys":["",141,1,142],"grid":[" %!-","00","00","00","00","00","00","00","00","00","00","00"," (!)#!"," (!(##"," (#)$!"," ($&#!$$"]}},"273":{"280":{"keys":[141,1,142],"grid":[" "," "," "," "," "," "," "," "," "," "," "," ","!' +","#&!# !!$ $!#","#'!*#!","#"]}},"274":{"280":{"keys":[141,1,142],"grid":[" "," "," "," "," "," "," "," +!$ $"," '!+"," %!$#*"," $!##,"," #!##-","!$#.","!!#0","#","#"]}},"275":{"281":{"keys":[142,1,141],"grid":[" *!$#%"," ,!##$"," -!%"," "," "," "," "," "," "," "," "," "," "," "," "," "]},"280":{"keys":[141,1,142],"grid":[" "," "," "," "," "," "," "," ","!$ .","##!# -","#$!! -","10","#$!$ +","#&!# *","#'!$ (","#)!# '"]}},"276":{"281":{"keys":[141,1,142],"grid":[" "," $!.","!%#-","!!#0","#","#","#","#","#","#","#","#","#","#","#","#"]}},"277":{"281":{"keys":[141,1,142],"grid":[" ","!","#","#","#","#","#","#","#","#","#","#","#","#","#","#"]}},"281":{"281":{"keys":[141,1,142],"grid":[" ","!","#","#","#","#","#","#","#","#","#","#","#","#","#","#"]}},"280":{"281":{"keys":[141,1,142],"grid":[" ","!","#","#","#","#","#","#","#","#","#","#","#","#","#","#"]}},"283":{"281":{"keys":[141,1,142],"grid":[" "," "," "," "," "," "," "," "," "," "," "," $!# ,","!+ %!#","#(!*","#","#"]}},"282":{"281":{"keys":[141,1,142],"grid":[" ","!% -","#$!# ,","#%!! ,","#%!# +","#&!# *","#'!# )","#(!# (","#)!# '","#*!# &","#+!# %","#,!$ #","#.!$","#","#","#"]}},"285":{"281":{"keys":[141,1,142],"grid":[" "," "," "," "," "," "," "," "," "," "," "," "," "," ","!# /","#!!& '!%"]},"283":{"keys":[142,1,143],"grid":[" .!!##","00","00","00","00","00","00","00","00","00","00","00","00","00","00","00"]},"282":{"keys":[142,1,141,143],"grid":[" $!'#!!$ $"," )!$ &"," "," "," "," "," "," "," .!$"," .!!$#","09","09","09","09","09","09"]},"285":{"keys":[142,1,143],"grid":[" .!!##","00","00","00","00","00","00","00","00","00","00","00","00","00","00","00"]},"284":{"keys":[142,1,143],"grid":[" .!!##","00","00","00","00","00","00","00","00","00","00","00","00","00","00","00"]},"287":{"keys":[142,1,143],"grid":[" .!!##","00","00","00","00","00","00","00","00","00","00","00","00","00","00","00"]},"286":{"keys":[142,1,143],"grid":[" .!!##","00","00","00","00","00","00","00","00","00","00","00","00","00","00","00"]}},"284":{"281":{"keys":[141,1,142],"grid":[" "," "," "," "," "," "," "," "," "," "," "," "," ","!","#!!!#&!%#%!!","#"]}},"287":{"279":{"keys":[141,1,144],"grid":[" %!!#,","00","00","00","00"," %!##+"," &!##*"," '!!#*"," '!##)"," (!!#)","09","09"," (!##("," )!##'"," *!##&"," +!##%"]},"278":{"keys":[141,1,144],"grid":[" %!!#,","00","00","00","00","00","00","00","00","00","00","00","00","00","00","00"]},"272":{"keys":[141,1],"grid":[" +!$ $"," +!# %"," "," "," "," "," "," "," "," "," "," "," "," "," "," "]},"274":{"keys":[141,1,144],"grid":[" "," "," "," "," "," "," "," "," "," "," %!-"," %!!#,","11","11","11","11"]},"275":{"keys":[141,1,144],"grid":[" %!!#,","00","00","00","00","00","00","00","00","00","00","00","00","00","00","00"]},"276":{"keys":[141,1,144],"grid":[" %!!#,","00","00","00","00","00","00","00","00","00","00","00","00","00","00","00"]},"277":{"keys":[141,1,144],"grid":[" %!!#,","00","00","00","00","00","00","00","00","00","00","00","00","00","00","00"]},"281":{"keys":[141,1,142],"grid":[" "," "," "," "," "," "," "," "," "," "," "," 0!!"," +!'"," &!'#&","!'#+","!!#0"]},"280":{"keys":[141,1,144],"grid":[" ,!$##"," .!##!"," /!#"," 0!!"," "," "," "," "," "," "," "," "," "," "," "," "]},"282":{"keys":[142,1,143],"grid":[" "," "," "," -!%"," (!'#$"," #!'#)","!$#.","#","#","#","#","#","#","#","#","#"]}},"286":{"281":{"keys":[141,1,142],"grid":[" "," "," "," "," "," "," "," "," "," "," "," "," "," ","!% -","!!##!# '!&"]},"282":{"keys":[142,1,143],"grid":[" %!) %"," "," "," "," "," "," .!$"," )!'##","!*#(","#","#","#","#","#","#","#"]}}},"13":{"4479":{"4497":{"keys":[141,142],"grid":[" "," "," "," "," "," "," "," "," "," "," "," "," "," "," ","!"]}},"4478":{"4497":{"keys":[141,142],"grid":[" "," "," "," "," "," "," "," "," "," "," "," "," "," "," ","!"]}},"4572":{"4512":{"keys":[141,142],"grid":[" %!-","00"," $!.","!","!","!","!","!","!","!","!","!","!","!","!","!"]},"4511":{"keys":[141,142],"grid":[" "," "," "," "," "," "," "," "," "," "," "," .!$"," ,!&"," )!)"," (!*"," &!,"]}},"4573":{"4570":{"keys":[142,143],"grid":[" .!$","00","00","00","00","00","00","00","00","00","00","00","00","00","00","00"]},"4571":{"keys":[142,143],"grid":[" .!$","00","00","00","00","00","00","00","00","00","00","00","00","00","00","00"]},"4572":{"keys":[142,143],"grid":[" .!$","00","00","00","00","00","00","00","00","00","00","00","00","00","00","00"]},"4573":{"keys":[142,143],"grid":[" .!$","00","00","00","00","00","00","00","00","00","00","00","00","00","00","00"]},"4574":{"keys":[142,143],"grid":[" .!$","00","00","00","00","00","00","00","00","00","00","00","00","00","00","00"]},"4575":{"keys":[142,143],"grid":[" .!$","00","00","00","00","00","00","00","00","00","00","00","00","00","00","00"]},"4576":{"keys":[142,143],"grid":[" .!$","00","00","00","00","00","00","00","00","00","00","00","00","00","00","00"]},"4577":{"keys":[142,143],"grid":[" .!$","00","00","00","00","00","00","00","00","00","00","00","00","00","00","00"]},"4578":{"keys":[142,143],"grid":[" .!$","00","00","00","00","00","00","00","00","00","00","00","00","00","00","00"]},"4579":{"keys":[142,143],"grid":[" .!$","00","00","00","00","00","00","00","00","00","00","00","00","00","00","00"]},"4563":{"keys":[142,143],"grid":[" .!$","00","00","00","00","00","00","00","00","00","00","00","00","00","00","00"]},"4562":{"keys":[142,143],"grid":[" .!$","00","00","00","00","00","00","00","00","00","00","00","00","00","00","00"]},"4561":{"keys":[142,143],"grid":[" .!$","00","00","00","00","00","00","00","00","00","00","00","00","00","00","00"]},"4560":{"keys":[142,143],"grid":[" .!$","00","00","00","00","00","00","00","00","00","00","00","00","00","00","00"]},"4567":{"keys":[142,143],"grid":[" .!$","00","00","00","00","00","00","00","00","00","00","00","00","00","00","00"]},"4566":{"keys":[142,143],"grid":[" .!$","00","00","00","00","00","00","00","00","00","00","00","00","00","00","00"]},"4565":{"keys":[142,143],"grid":[" .!$","00","00","00","00","00","00","00","00","00","00","00","00","00","00","00"]},"4564":{"keys":[142,143],"grid":[" .!$","00","00","00","00","00","00","00","00","00","00","00","00","00","00","00"]},"4569":{"keys":[142,143],"grid":[" .!$","00","00","00","00","00","00","00","00","00","00","00","00","00","00","00"]},"4568":{"keys":[142,143],"grid":[" .!$","00","00","00","00","00","00","00","00","00","00","00","00","00","00","00"]},"4558":{"keys":[142,143],"grid":[" .!$","00","00","00","00","00","00","00","00","00","00","00","00","00","00","00"]},"4559":{"keys":[142,143],"grid":[" .!$","00","00","00","00","00","00","00","00","00","00","00","00","00","00","00"]},"4556":{"keys":[142,143],"grid":[" .!$","00","00","00","00","00","00","00","00","00","00","00","00","00","00","00"]},"4557":{"keys":[142,143],"grid":[" .!$","00","00","00","00","00","00","00","00","00","00","00","00","00","00","00"]},"4554":{"keys":[142,143],"grid":[" .!$","00","00","00","00","00","00","00","00","00","00","00","00","00","00","00"]},"4555":{"keys":[142,143],"grid":[" .!$","00","00","00","00","00","00","00","00","00","00","00","00","00","00","00"]},"4552":{"keys":[142,143],"grid":[" .!$","00","00","00","00","00","00","00","00","00","00","00","00","00","00","00"]},"4553":{"keys":[142,143],"grid":[" .!$","00","00","00","00","00","00","00","00","00","00","00","00","00","00","00"]},"4550":{"keys":[142,143],"grid":[" .!$","00","00","00","00","00","00","00","00","00","00","00","00","00","00","00"]},"4551":{"keys":[142,143],"grid":[" .!$","00","00","00","00","00","00","00","00","00","00","00","00","00","00","00"]},"4549":{"keys":[142,143],"grid":[" .!$","00","00","00","00","00","00","00","00","00","00","00","00","00","00","00"]},"4548":{"keys":[142,143],"grid":[" .!$","00","00","00","00","00","00","00","00","00","00","00","00","00","00","00"]},"4541":{"keys":[142,143],"grid":[" .!$","00","00","00","00","00","00","00","00","00","00","00","00","00","00","00"]},"4540":{"keys":[142,143],"grid":[" .!$","00","00","00","00","00","00","00","00","00","00","00","00","00","00","00"]},"4543":{"keys":[142,143],"grid":[" .!$","00","00","00","00","00","00","00","00","00","00","00","00","00","00","00"]},"4542":{"keys":[142,143],"grid":[" .!$","00","00","00","00","00","00","00","00","00","00","00","00","00","00","00"]},"4545":{"keys":[142,143],"grid":[" .!$","00","00","00","00","00","00","00","00","00","00","00","00","00","00","00"]},"4544":{"keys":[142,143],"grid":[" .!$","00","00","00","00","00","00","00","00","00","00","00","00","00","00","00"]},"4547":{"keys":[142,143],"grid":[" .!$","00","00","00","00","00","00","00","00","00","00","00","00","00","00","00"]},"4546":{"keys":[142,143],"grid":[" .!$","00","00","00","00","00","00","00","00","00","00","00","00","00","00","00"]},"4538":{"keys":[142,143],"grid":[" .!$","00","00","00","00","00","00","00","00","00","00","00","00","00","00","00"]},"4539":{"keys":[142,143],"grid":[" .!$","00","00","00","00","00","00","00","00","00","00","00","00","00","00","00"]},"4534":{"keys":[142,143],"grid":[" .!$","00","00","00","00","00","00","00","00","00","00","00","00","00","00","00"]},"4535":{"keys":[142,143],"grid":[" .!$","00","00","00","00","00","00","00","00","00","00","00","00","00","00","00"]},"4536":{"keys":[142,143],"grid":[" .!$","00","00","00","00","00","00","00","00","00","00","00","00","00","00","00"]},"4537":{"keys":[142,143],"grid":[" .!$","00","00","00","00","00","00","00","00","00","00","00","00","00","00","00"]},"4530":{"keys":[142,143],"grid":[" .!$","00","00","00","00","00","00","00","00","00","00","00","00","00","00","00"]},"4531":{"keys":[142,143],"grid":[" .!$","00","00","00","00","00","00","00","00","00","00","00","00","00","00","00"]},"4532":{"keys":[142,143],"grid":[" .!$","00","00","00","00","00","00","00","00","00","00","00","00","00","00","00"]},"4533":{"keys":[142,143],"grid":[" .!$","00","00","00","00","00","00","00","00","00","00","00","00","00","00","00"]},"4606":{"keys":[142,143],"grid":[" .!$","00","00","00","00","00","00","00","00","00","00","00","00","00","00","00"]},"4607":{"keys":[142,143],"grid":[" .!$","00","00","00","00","00","00","00","00","00","00","00","00","00","00","00"]},"4604":{"keys":[142,143],"grid":[" .!$","00","00","00","00","00","00","00","00","00","00","00","00","00","00","00"]},"4605":{"keys":[142,143],"grid":[" .!$","00","00","00","00","00","00","00","00","00","00","00","00","00","00","00"]},"4602":{"keys":[142,143],"grid":[" .!$","00","00","00","00","00","00","00","00","00","00","00","00","00","00","00"]},"4603":{"keys":[142,143],"grid":[" .!$","00","00","00","00","00","00","00","00","00","00","00","00","00","00","00"]},"4600":{"keys":[142,143],"grid":[" .!$","00","00","00","00","00","00","00","00","00","00","00","00","00","00","00"]},"4601":{"keys":[142,143],"grid":[" .!$","00","00","00","00","00","00","00","00","00","00","00","00","00","00","00"]},"4529":{"keys":[142,143],"grid":[" .!$","00","00","00","00","00","00","00","00","00","00","00","00","00","00","00"]},"4528":{"keys":[142,143],"grid":[" .!$","00","00","00","00","00","00","00","00","00","00","00","00","00","00","00"]},"4527":{"keys":[142,143],"grid":[" .!$","00","00","00","00","00","00","00","00","00","00","00","00","00","00","00"]},"4526":{"keys":[142,143],"grid":[" .!$","00","00","00","00","00","00","00","00","00","00","00","00","00","00","00"]},"4525":{"keys":[142,143],"grid":[" .!$","00","00","00","00","00","00","00","00","00","00","00","00","00","00","00"]},"4524":{"keys":[142,143],"grid":[" .!$","00","00","00","00","00","00","00","00","00","00","00","00","00","00","00"]},"4523":{"keys":[142,143],"grid":[" .!$","00","00","00","00","00","00","00","00","00","00","00","00","00","00","00"]},"4522":{"keys":[142,143],"grid":[" .!$","00","00","00","00","00","00","00","00","00","00","00","00","00","00","00"]},"4521":{"keys":[142,143],"grid":[" .!$","00","00","00","00","00","00","00","00","00","00","00","00","00","00","00"]},"4520":{"keys":[142,143],"grid":[" "," "," .!$","02","02","02","02","02","02","02","02","02","02","02","02","02"]},"4511":{"keys":[141,142],"grid":[" "," "," "," "," "," "," "," "," &!% ("," %!' &!!"," $!.","!","!","!","!","!"]},"4592":{"keys":[142,143],"grid":[" .!$","00","00","00","00","00","00","00","00","00","00","00","00","00","00","00"]},"4593":{"keys":[142,143],"grid":[" .!$","00","00","00","00","00","00","00","00","00","00","00","00","00","00","00"]},"4590":{"keys":[142,143],"grid":[" .!$","00","00","00","00","00","00","00","00","00","00","00","00","00","00","00"]},"4591":{"keys":[142,143],"grid":[" .!$","00","00","00","00","00","00","00","00","00","00","00","00","00","00","00"]},"4596":{"keys":[142,143],"grid":[" .!$","00","00","00","00","00","00","00","00","00","00","00","00","00","00","00"]},"4597":{"keys":[142,143],"grid":[" .!$","00","00","00","00","00","00","00","00","00","00","00","00","00","00","00"]},"4594":{"keys":[142,143],"grid":[" .!$","00","00","00","00","00","00","00","00","00","00","00","00","00","00","00"]},"4595":{"keys":[142,143],"grid":[" .!$","00","00","00","00","00","00","00","00","00","00","00","00","00","00","00"]},"4598":{"keys":[142,143],"grid":[" .!$","00","00","00","00","00","00","00","00","00","00","00","00","00","00","00"]},"4599":{"keys":[142,143],"grid":[" .!$","00","00","00","00","00","00","00","00","00","00","00","00","00","00","00"]},"4589":{"keys":[142,143],"grid":[" .!$","00","00","00","00","00","00","00","00","00","00","00","00","00","00","00"]},"4588":{"keys":[142,143],"grid":[" .!$","00","00","00","00","00","00","00","00","00","00","00","00","00","00","00"]},"4585":{"keys":[142,143],"grid":[" .!$","00","00","00","00","00","00","00","00","00","00","00","00","00","00","00"]},"4584":{"keys":[142,143],"grid":[" .!$","00","00","00","00","00","00","00","00","00","00","00","00","00","00","00"]},"4587":{"keys":[142,143],"grid":[" .!$","00","00","00","00","00","00","00","00","00","00","00","00","00","00","00"]},"4586":{"keys":[142,143],"grid":[" .!$","00","00","00","00","00","00","00","00","00","00","00","00","00","00","00"]},"4581":{"keys":[142,143],"grid":[" .!$","00","00","00","00","00","00","00","00","00","00","00","00","00","00","00"]},"4580":{"keys":[142,143],"grid":[" .!$","00","00","00","00","00","00","00","00","00","00","00","00","00","00","00"]},"4583":{"keys":[142,143],"grid":[" .!$","00","00","00","00","00","00","00","00","00","00","00","00","00","00","00"]},"4582":{"keys":[142,143],"grid":[" .!$","00","00","00","00","00","00","00","00","00","00","00","00","00","00","00"]}},"4574":{"4511":{"keys":[141,142],"grid":[" "," "," "," "," "," "," '!! %!&"," !!0","!","!","!","!","!","!","!","!"]},"4520":{"keys":[142,143],"grid":[" "," ","!","!","!","!","!","!","!","!","!","!","!","!","!","!"]}},"4575":{"4511":{"keys":[141,142],"grid":[" "," "," "," %!& ("," %!) %"," $!.","!","!","!","!","!","!","!","!","!","!"]},"4520":{"keys":[142,143],"grid":[" "," ","!","!","!","!","!","!","!","!","!","!","!","!","!","!"]}},"4576":{"4510":{"keys":[141,142],"grid":[" "," "," "," "," "," "," "," "," "," "," "," "," "," "," "," )!$ &"]},"4511":{"keys":[141,142],"grid":[" (!*","00"," '!+"," &!,"," #!/","!","!","!","!","!","!","!","!","!","!","!"]},"4520":{"keys":[142,143],"grid":[" "," ","!","!","!","!","!","!","!","!","!","!","!","!","!","!"]}},"4577":{"4510":{"keys":[141,142],"grid":[" "," "," "," "," "," "," "," "," "," "," "," "," "," "," '!% '","!# #!+ #"]},"4520":{"keys":[142,143],"grid":[" "," ","!","!","!","!","!","!","!","!","!","!","!","!","!","!"]}},"4471":{"4497":{"keys":[141,142],"grid":[" "," "," "," "," "," "," "," "," "," "," "," "," "," "," ","!"]}},"4470":{"4497":{"keys":[141,142],"grid":[" "," "," "," "," "," "," "," "," "," "," "," "," "," "," ","!"]}},"4473":{"4497":{"keys":[141,142],"grid":[" "," "," "," "," "," "," "," "," "," "," "," "," "," "," ","!"]}},"4472":{"4497":{"keys":[141,142],"grid":[" "," "," "," "," "," "," "," "," "," "," "," "," "," "," ","!"]}},"4475":{"4497":{"keys":[141,142],"grid":[" "," "," "," "," "," "," "," "," "," "," "," "," "," "," ","!"]}},"4474":{"4497":{"keys":[141,142],"grid":[" "," "," "," "," "," "," "," "," "," "," "," "," "," "," ","!"]}},"4477":{"4497":{"keys":[141,142],"grid":[" "," "," "," "," "," "," "," "," "," "," "," "," "," "," ","!"]}},"4476":{"4497":{"keys":[141,142],"grid":[" "," "," "," "," "," "," "," "," "," "," "," "," "," "," ","!"]}},"4389":{"4489":{"keys":[141,142],"grid":[" "," "," "," .!$"," -!%"," ,!&","05"," +!'"," *!("," )!)"," '!+"," &!,"," !!0","!","!","!"]}},"4388":{"4489":{"keys":[141,142],"grid":[" "," "," "," "," "," "," "," "," "," "," "," "," 0!!","12","12"," /!#"]},"4490":{"keys":[141,142],"grid":[" /!#"," 0!!","01","01"," .!$"," ,!&"," )!)"," '!+"," %!-","08"," $!."," !!0","!","!","!","!"]}},"4383":{"4493":{"keys":[141,142],"grid":[" "," 0!!"," .!$"," -!%","03","03"," (!*","06"," '!+"," !!0","!","!","!","!","!","!"]}},"4382":{"4494":{"keys":[141,142],"grid":[" 0!!"," $!! +!#"," $!& $!# !!#"," #!( #!&"," !!0","!","!","!","!","!","!","!","!","!","!","!"]},"4493":{"keys":[141,142],"grid":[" "," "," "," "," "," "," "," "," "," "," 0!!","10"," /!#","12","12","12"]}},"4381":{"4494":{"keys":[141,142],"grid":[" "," "," "," "," "," 0!!"," (!' #!!"," #!# #!+"," !!% !!+","!","!","!","!","!","!","!"]}},"4380":{"4494":{"keys":[141,142],"grid":[" "," "," "," "," "," "," ","!! 0","!% $!( #","!","!","!","!","!","!","!"]}},"4387":{"4491":{"keys":[141,142],"grid":[" )!)","00","00"," (!*","03","03"," $!."," #!/","!","!","!","!","!","!","!","!"]},"4490":{"keys":[141,142],"grid":[" "," "," "," "," "," "," "," "," "," "," "," -!%","11"," ,!&"," +!'"," *!("]}},"4386":{"4492":{"keys":[141,142],"grid":[" $!.","!","!","!","!","!","!","!","!","!","!","!","!","!","!","!"]},"4491":{"keys":[141,142],"grid":[" "," "," "," "," "," "," "," "," /!#"," -!%"," ,!&"," +!'"," *!("," )!)"," '!+"," &!,"]}},"4385":{"4492":{"keys":[141,142],"grid":[" "," /!#"," .!$","02"," -!%"," +!'"," (!*"," &!,","07","07","07","!! %!,","!","!","!","!"]}},"4384":{"4493":{"keys":[141,142],"grid":[" #!/","!","!","!","!","!","!","!","!","!","!","!","!","!","!","!"]},"4492":{"keys":[141,142],"grid":[" "," "," "," "," "," "," "," "," "," "," "," .!$"," '!# #!'"," %!% !!("," %!-"," $!."]}},"4374":{"4494":{"keys":[142,141],"grid":[" &!,","00"," '!+","02"," )!( !"," -!# #"," "," "," "," "," "," "," "," "," "," "]},"4493":{"keys":[141,142],"grid":[" "," "," "," "," "," "," "," "," "," "," "," "," "," ","!# /","!% -"]}},"4376":{"4494":{"keys":[141,142],"grid":[" +!'"," %!$ #!("," $!."," #!/","!","!","!","!","!","!","!","!","!","!","!","!"]},"4493":{"keys":[141,142],"grid":[" "," "," "," "," "," "," "," "," "," "," "," "," "," "," "," /!#"]}},"4375":{"4494":{"keys":[141,142],"grid":[" "," "," ","!% )!$ !","!' '!%","!( $!'","!","!","!","!","!","!","!","!","!","!"]}},"4581":{"4512":{"keys":[141,142],"grid":[" "," ","!! .!! !","!# '!)","!","!","!","!","!","!","!","!","!","!","!","!"]},"4520":{"keys":[142,143],"grid":[" "," ","!","!","!","!","!","!","!","!","!","!","!","!","!","!"]}},"4563":{"4512":{"keys":[142,141],"grid":[" (!*"," )!)"," "," "," "," "," "," "," "," "," "," "," "," "," "," "]},"4511":{"keys":[141,142],"grid":[" "," "," "," "," "," "," "," "," "," "," "," "," "," ","!! 0","!( *"]}},"4562":{"4511":{"keys":[141,142],"grid":[" "," "," "," "," ","!# /","!& !!$ (","!+ '","07","!, &","!- %","!. $","!/ #","!","!","!"]}},"4561":{"4510":{"keys":[141,142],"grid":[" "," "," "," "," ","!% -","!' +","!) )","!* (","!+ '","!, &","10","10","10","10","10"]},"4511":{"keys":[142,141],"grid":[" ,!&"," -!%","01"," .!$"," /!#"," "," "," "," "," "," "," "," "," "," "," "]}},"4560":{"4510":{"keys":[141,142],"grid":[" ","!% -","!' +","!( *","!* (","!","!","!","!","!","!","!","!","!","!","!"]}},"4567":{"4512":{"keys":[141,142],"grid":[" "," "," "," "," "," "," "," "," "," 0!!"," /!#"," $!% %!&","!( #!(","!","!","!"]}},"4566":{"4512":{"keys":[141,142],"grid":[" "," ","!! 0","!& ,","!) )","!+ '","05","05","05","!. $","!/ #","!0 !","!","!","!","!"]}},"4565":{"4512":{"keys":[141,142],"grid":[" #!- #"," #!/","!","!","!","!","!","!","!","!","!","!","!","!","!","!"]},"4511":{"keys":[141,142],"grid":[" "," "," "," "," "," "," "," "," "," "," "," "," "," "," "," #!$ '!# $"]}},"4564":{"4512":{"keys":[141,142],"grid":[" #!$ $!)","!& $!)","!& #!*","!","!","!","!","!","!","!","!","!","!","!","!","!"]},"4511":{"keys":[141,142],"grid":[" "," "," "," "," "," "," "," "," "," "," "," "," "," "," )!# $!! #"," $!# $!$ !!$ !"]}},"4569":{"4513":{"keys":[141,142],"grid":[" ","!! 0","!# /","!$ .","!& ,","04","!' +","!","!","!","!","!","!","!","!","!"]}},"4568":{"4512":{"keys":[141,142],"grid":[" "," "," "," "," "," "," "," "," ","!$ .","09","09","!# /","12","!# $!$ )","!# #!' '"]},"4513":{"keys":[142,141],"grid":[" -!%"," "," "," "," "," "," "," "," "," "," "," "," "," "," "," "]}},"4570":{"4512":{"keys":[141,142],"grid":[" "," "," "," "," "," "," "," "," 0!!"," -!! #!!"," -!%"," /!#","11"," .!$"," ,!&","14"]},"4513":{"keys":[141,142],"grid":[" .!$"," /!#","01","00"," )!)"," &!,"," %!-","!","!","!","!","!","!","!","!","!"]}},"4462":{"4497":{"keys":[141,142],"grid":[" "," "," "," "," "," "," "," "," "," "," "," "," "," "," ","!"]}},"4408":{"4495":{"keys":[142,141],"grid":[" %!-"," +!'"," -!%"," .!$"," 0!!","04"," "," "," "," "," "," "," "," "," "," "]},"4494":{"keys":[141,142],"grid":[" "," "," "," "," "," "," "," "," "," "," "," "," "," ","!! 0","!# /"]}},"4409":{"4496":{"keys":[142],"grid":[" "," "," "," "," "," "," "," "," "," "," "," "," "," "," "," "]},"4495":{"keys":[141,142],"grid":[" "," "," "," "," "," "," ","!# /","!$ .","!' +","!) )","!* (","!+ '","12","!, &","!. $"]}},"4571":{"4512":{"keys":[141,142],"grid":[" "," "," "," "," /!#"," )!! $!%"," (!*"," $!! #!+","!","!","!","!","!","!","!","!"]}},"4404":{"4492":{"keys":[141,142],"grid":[" "," ","!$ .","!% -","!' +","!( *","!) )","!+ '","!- %","!. $","!/ #","!","!","!","!","!"]}},"4405":{"4493":{"keys":[142,141],"grid":[" (!*"," )!)"," +!'"," ,!&"," -!%"," .!$"," 0!!"," "," "," "," "," "," "," "," "," "]},"4492":{"keys":[141,142],"grid":[" "," "," "," "," "," "," "," "," "," "," "," ","!# /","!$ .","!% -","!& ,"]}},"4406":{"4494":{"keys":[142,141],"grid":[" ,!&"," -!%"," .!$"," 0!!"," "," "," "," "," "," "," "," "," "," "," "," "]},"4493":{"keys":[141,142],"grid":[" "," "," "," "," "," "," "," ","!# /","!& ,","!' +","!( *","11","!) )","!* (","!+ '"]}},"4407":{"4494":{"keys":[141,142],"grid":[" "," "," "," "," ","!! 0","!$ .","!% -","!' $!# &","!- %","!. $","!/ #","!0 !","!","!","!"]}},"4400":{"4488":{"keys":[141,142],"grid":[" "," ","!! 0","!% -","!) )","!* (","!, &","!- %","!. $","!","!","!","!","!","!","!"]}},"4401":{"4488":{"keys":[141,142],"grid":[" "," "," "," "," "," "," "," "," "," ","!) )","!+ '","!, &","!/ #","!","!"]}},"4402":{"4488":{"keys":[141,142],"grid":[" "," "," "," "," "," "," "," "," "," "," "," "," "," ","!# !!$ +","!' +"]},"4489":{"keys":[142,141],"grid":[" (!*","00"," )!)"," +!'"," ,!&","04","04"," -!%","07"," /!#","09"," 0!!","11"," "," "," "]}},"4403":{"4490":{"keys":[142,141],"grid":[" !!0","00"," #!/","02"," $!.","04"," %!-"," &!,"," (!*"," )!)","09"," *!("," ,!&","12","12","12"]},"4492":{"keys":[142,141],"grid":[" .!$"," "," "," "," "," "," "," "," "," "," "," "," "," "," "," "]},"4491":{"keys":[142,141],"grid":[" ,!&","00"," -!%","00","00","00"," +!'","06"," *!("," (!*"," '!+","10","09","09"," )!)","06"]},"4489":{"keys":[141],"grid":[" "," "," "," "," "," "," "," "," "," "," "," "," "," "," "," "]}},"4484":{"4497":{"keys":[141,142],"grid":[" "," "," "," "," "," "," "," "," "," "," "," "," "," "," ","!"]}},"4485":{"4497":{"keys":[141,142],"grid":[" "," "," "," "," "," "," "," "," "," "," "," "," "," "," ","!"]}},"4486":{"4497":{"keys":[141,142],"grid":[" "," "," "," "," "," "," "," "," "," "," "," "," "," "," ","!"]}},"4487":{"4497":{"keys":[141,142],"grid":[" "," "," "," "," "," "," "," "," "," "," "," "," "," "," ","!"]}},"4480":{"4497":{"keys":[141,142],"grid":[" "," "," "," "," "," "," "," "," "," "," "," "," "," "," ","!"]}},"4481":{"4497":{"keys":[141,142],"grid":[" "," "," "," "," "," "," "," "," "," "," "," "," "," "," ","!"]}},"4482":{"4497":{"keys":[141,142],"grid":[" "," "," "," "," "," "," "," "," "," "," "," "," "," "," ","!"]}},"4483":{"4497":{"keys":[141,142],"grid":[" "," "," "," "," "," "," "," "," "," "," "," "," "," "," ","!"]}},"4488":{"4497":{"keys":[141,142],"grid":[" "," "," "," "," "," "," "," "," "," "," "," "," "," "," ","!"]}},"4489":{"4497":{"keys":[141,142],"grid":[" "," "," "," "," "," "," "," "," "," "," "," "," "," "," ","!"]}},"4578":{"4510":{"keys":[141,142],"grid":[" "," "," "," "," "," "," "," "," "," "," "," "," "," *!% $"," (!) !","!# !!."]},"4520":{"keys":[142,143],"grid":[" "," ","!","!","!","!","!","!","!","!","!","!","!","!","!","!"]}},"4558":{"4509":{"keys":[141,142],"grid":[" "," "," "," $!$ +"," !!* '","!, &","!. $","!/ #","!0 !","!","!","!","!","!","!","!"]}},"4559":{"4510":{"keys":[142,141],"grid":[" (!$ &!!"," "," "," "," "," "," "," "," "," "," "," "," "," "," "," "]},"4509":{"keys":[141,142],"grid":[" "," "," "," "," "," "," "," "," ","!! 0","!# /","!$ .","!% -","!& ,","!' +","!( *"]}},"4556":{"4509":{"keys":[141,142],"grid":[" "," "," "," "," "," "," "," "," 0!!","08"," /!#","10","!) &!$","!* %!$","13","!"]}},"4557":{"4509":{"keys":[141,142],"grid":[" "," "," "," "," "," $!& )"," !!) '!!","!+ %!#","!, $!#","!","!","!","!","!","!","!"]}},"4554":{"4510":{"keys":[141,142],"grid":[" '!+"," %!-"," #!/","!","!","!","!","!","!","!","!","!","!","!","!","!"]},"4509":{"keys":[141,142],"grid":[" "," "," "," "," "," "," "," "," "," "," 0!!","10"," /!#","12"," -!%"," *!("]}},"4555":{"4509":{"keys":[141,142],"grid":[" "," "," "," "," "," "," "," "," ","!& ,","!) )","!. !!! !","!","!","!","!"]}},"4552":{"4510":{"keys":[141,142],"grid":[" #!/"," !!0","!","!","!","!","!","!","!","!","!","!","!","!","!","!"]},"4509":{"keys":[141,142],"grid":[" "," "," "," "," "," "," "," "," "," "," "," "," "," '!$ ("," &!,"," $!."]}},"4553":{"4510":{"keys":[142,141],"grid":[" %!-","00"," &!,","02"," '!) #"," )!% %"," "," "," "," "," "," "," "," "," "," "]},"4509":{"keys":[141,142],"grid":[" "," "," "," "," "," "," "," "," "," "," "," "," "," "," ","!# /"]}},"4550":{"4509":{"keys":[141,142],"grid":[" "," "," "," "," "," "," "," ","!! 0","!# /","!$ .","!% -","!& ,","!( %!&","!","!"]}},"4551":{"4510":{"keys":[142,141],"grid":[" '!+"," (!*"," )!)"," +!% #"," "," "," "," "," "," "," "," "," "," "," "," "]},"4509":{"keys":[141,142],"grid":[" "," "," "," "," "," "," "," "," "," "," "," "," ","!# /","!$ .","!% -"]}},"4419":{"4497":{"keys":[141],"grid":[" "," "," "," "," "," "," "," "," "," "," "," "," "," "," "," "]},"4498":{"keys":[141,142],"grid":[" *!(","00","00"," (!*","03"," )!)","03"," $!.","!","!","!","!","!","!","!","!"]}},"4418":{"4498":{"keys":[141,142],"grid":[" "," "," "," "," "," "," "," -!# #"," +!'"," %!-"," $!."," #!/"," !!0","12","!","!"]}},"4417":{"4498":{"keys":[141,142],"grid":[" "," "," "," "," "," "," "," "," "," "," "," "," $!! -"," #!$ ,"," !!% )!$","!"]}},"4416":{"4499":{"keys":[142,141],"grid":[" +!'"," .!# !"," "," "," "," "," "," "," "," "," "," "," "," "," "," "]},"4498":{"keys":[141,142],"grid":[" "," "," "," "," "," "," "," "," "," "," "," "," "," ","!! 0","!$ ."]}},"4415":{"4498":{"keys":[141,142],"grid":[" "," "," "," "," "," "," "," "," ","!! 0","!& $!# '","!' #!$ &","!- %","12","!","!"]}},"4414":{"4498":{"keys":[141,142],"grid":[" "," "," "," "," "," "," "," "," /!#"," .!$"," ,!&"," +!'","11"," !!! )!'","!$ '!(","!% #!+"]}},"4413":{"4498":{"keys":[141,142],"grid":[" "," "," "," "," "," "," "," "," ","!! 0","!$ .","!% -","!& ,","!( *","!) '!#","!"]}},"4412":{"4497":{"keys":[141,142],"grid":[" "," "," ","!! 0","!& ,","04","04","04","!( *","!* (","!, &","10","!+ '","12","!- %","!. $"]},"4498":{"keys":[142,141],"grid":[" /!#"," 0!!","01"," "," ","01","01"," "," "," "," "," "," "," "," "," "]}},"4411":{"4497":{"keys":[142,141],"grid":[" .!$"," 0!!"," "," "," "," "," "," "," "," "," "," "," "," "," "," "]},"4496":{"keys":[141,142],"grid":[" "," "," "," "," "," "," "," "," "," ","!! 0","!$ .","!' +","!+ '","!, &","!- %"]}},"4410":{"4496":{"keys":[141,142],"grid":[" ","!! 0","!# /","!% -","!& ,","!( *","!* (","!. $","!0 !","!","!","!","!","!","!","!"]}},"4497":{"4497":{"keys":[141,142],"grid":[" "," "," "," "," "," "," "," "," "," "," "," "," "," "," ","!"]}},"4496":{"4497":{"keys":[141,142],"grid":[" "," "," "," "," "," "," "," "," "," "," "," "," "," "," ","!"]}},"4495":{"4497":{"keys":[141,142],"grid":[" "," "," "," "," "," "," "," "," "," "," "," "," "," "," ","!"]}},"4494":{"4497":{"keys":[141,142],"grid":[" "," "," "," "," "," "," "," "," "," "," "," "," "," "," ","!"]}},"4493":{"4497":{"keys":[141,142],"grid":[" "," "," "," "," "," "," "," "," "," "," "," "," "," "," ","!"]}},"4492":{"4497":{"keys":[141,142],"grid":[" "," "," "," "," "," "," "," "," "," "," "," "," "," "," ","!"]}},"4491":{"4497":{"keys":[141,142],"grid":[" "," "," "," "," "," "," "," "," "," "," "," "," "," "," ","!"]}},"4490":{"4497":{"keys":[141,142],"grid":[" "," "," "," "," "," "," "," "," "," "," "," "," "," "," ","!"]}},"4463":{"4497":{"keys":[141,142],"grid":[" "," "," "," "," "," "," "," "," "," "," "," "," "," "," ","!"]}},"4499":{"4497":{"keys":[141,142],"grid":[" "," "," "," "," "," "," "," "," "," "," "," "," "," "," ","!"]}},"4498":{"4497":{"keys":[141,142],"grid":[" "," "," "," "," "," "," "," "," "," "," "," "," "," "," ","!"]}},"4371":{"4492":{"keys":[141,142],"grid":[" "," ","!! 0","!$ .","!% -","04","!' +","!' !!& %","!0 !","!","!","!","!","!","!","!"]}},"4549":{"4509":{"keys":[141,142],"grid":[" "," "," "," !!' *","!* (","!, &","!/ #","!","!","!","!","!","!","!","!","!"]}},"4548":{"4509":{"keys":[141,142],"grid":[" "," "," "," "," "," "," "," 0!!"," /!#"," *!("," &!,"," !!0","!","!","!","!"]}},"4359":{"4494":{"keys":["",141,142],"grid":[" %!-","00","00","00"," (!*","04","04"," (#&!%"," %#-","08","08","08","08","08","08","08"]}},"4541":{"4509":{"keys":[141,142],"grid":[" "," "," *!# &"," *!& #"," *!("," (!*"," '!+"," &!,","!","!","!","!","!","!","!","!"]}},"4540":{"4509":{"keys":[141,142],"grid":[" "," "," ","!$ .","!& ,","!( *","!) )","!* (","!","!","!","!","!","!","!","!"]}},"4543":{"4509":{"keys":[142,141],"grid":[" /!#"," "," "," "," "," "," "," "," "," "," "," "," "," "," "," "]},"4508":{"keys":[141,142],"grid":[" "," "," "," "," "," "," "," "," "," "," "," "," "," "," )!! (","!. $"]}},"4542":{"4509":{"keys":[141,142],"grid":[" +!'"," *!("," &!! $!("," &!$ !!(","!! %!,","!","!","!","!","!","!","!","!","!","!","!"]},"4508":{"keys":[141,142],"grid":[" "," "," "," "," "," "," "," "," "," "," "," "," "," "," "," ,!&"]}},"4545":{"4510":{"keys":[142,141],"grid":[" #!. !"," $!, #"," %!* $","02"," %!) %"," '!& &"," "," "," "," "," "," "," "," "," "," "]},"4509":{"keys":[141,142],"grid":[" "," "," "," "," "," "," "," "," "," "," "," "," ","!! 0","!! /!!","14"]}},"4544":{"4509":{"keys":[141,142],"grid":[" "," "," ","!! 0","03","03","!# /","06","!$ %!& %","!% %!' #","!& %!' !","!' $!' !","!","!","!","!"]}},"4547":{"4509":{"keys":[141,142],"grid":[" "," "," "," "," "," ","!# /","!& ,","!( *","!) )","!+ '","!","!","!","!","!"]}},"4546":{"4509":{"keys":[141,142],"grid":[" "," "," "," "," "," "," +!'"," )!)"," '!+"," &!,"," %!-"," $!.","11"," #!/","!","!"]}},"4428":{"4497":{"keys":[141],"grid":[" "," "," "," "," "," "," "," "," "," "," "," "," "," "," "," "]}},"4429":{"4497":{"keys":[141],"grid":[" "," "," "," "," "," "," "," "," "," "," "," "," "," "," "," "]}},"4422":{"4497":{"keys":[141],"grid":[" "," "," "," "," "," "," "," "," "," "," "," "," "," "," "," "]}},"4423":{"4497":{"keys":[141],"grid":[" "," "," "," "," "," "," "," "," "," "," "," "," "," "," "," "]}},"4420":{"4497":{"keys":[141],"grid":[" "," "," "," "," "," "," "," "," "," "," "," "," "," "," "," "]}},"4421":{"4497":{"keys":[141],"grid":[" "," "," "," "," "," "," "," "," "," "," "," "," "," "," "," "]}},"4426":{"4497":{"keys":[141],"grid":[" "," "," "," "," "," "," "," "," "," "," "," "," "," "," "," "]}},"4427":{"4497":{"keys":[141],"grid":[" "," "," "," "," "," "," "," "," "," "," "," "," "," "," "," "]}},"4424":{"4497":{"keys":[141],"grid":[" "," "," "," "," "," "," "," "," "," "," "," "," "," "," "," "]}},"4425":{"4497":{"keys":[141],"grid":[" "," "," "," "," "," "," "," "," "," "," "," "," "," "," "," "]}},"4448":{"4497":{"keys":[141,142],"grid":[" "," "," "," "," "," "," "," "," "," "," "," "," "," "," ","!"]}},"4468":{"4497":{"keys":[141,142],"grid":[" "," "," "," "," "," "," "," "," "," "," "," "," "," "," ","!"]}},"4469":{"4497":{"keys":[141,142],"grid":[" "," "," "," "," "," "," "," "," "," "," "," "," "," "," ","!"]}},"4378":{"4494":{"keys":[142,141],"grid":[" "," 0!!","01","01","01","01","01"," "," "," "," "," "," "," "," "," "]},"4493":{"keys":[141,142],"grid":[" "," "," "," "," "," "," "," "," "," !!' *"," !!) !!# %","!. $","!/ #","12","!0 !","!"]}},"4435":{"4497":{"keys":[141],"grid":[" "," "," "," "," "," "," "," "," "," "," "," "," "," "," "," "]}},"4434":{"4497":{"keys":[141],"grid":[" "," "," "," "," "," "," "," "," "," "," "," "," "," "," "," "]}},"4437":{"4497":{"keys":[141],"grid":[" "," "," "," "," "," "," "," "," "," "," "," "," "," "," "," "]}},"4436":{"4497":{"keys":[141],"grid":[" "," "," "," "," "," "," "," "," "," "," "," "," "," "," "," "]}},"4431":{"4497":{"keys":[141],"grid":[" "," "," "," "," "," "," "," "," "," "," "," "," "," "," "," "]}},"4430":{"4497":{"keys":[141],"grid":[" "," "," "," "," "," "," "," "," "," "," "," "," "," "," "," "]}},"4433":{"4497":{"keys":[141],"grid":[" "," "," "," "," "," "," "," "," "," "," "," "," "," "," "," "]}},"4432":{"4497":{"keys":[141],"grid":[" "," "," "," "," "," "," "," "," "," "," "," "," "," "," "," "]}},"4439":{"4497":{"keys":[141,142],"grid":[" "," "," "," "," "," "," "," "," "," "," "," "," "," "," ","!"]}},"4438":{"4497":{"keys":[141,142],"grid":[" "," "," "," "," "," "," "," "," "," "," "," "," "," "," "," )!)"]}},"4538":{"4509":{"keys":[141,142],"grid":[" "," "," "," ,!% !"," '!* !","!! %!,","!","!","!","!","!","!","!","!","!","!"]}},"4539":{"4509":{"keys":[141,142],"grid":[" "," "," "," /!#","03","!& $!% #!#","!- #!#","!","!","!","!","!","!","!","!","!"]}},"4534":{"4508":{"keys":[141,142],"grid":[" "," ","!! 0","!# /","!$ %!% &","!. $","!/ #","!0 !","!","!","!","!","!","!","!","!"]}},"4535":{"4509":{"keys":[142],"grid":[" "," "," "," "," "," "," "," "," "," "," "," "," "," "," "," "]},"4508":{"keys":[141,142],"grid":[" "," "," "," "," "," "," "," "," %!# &!# $"," %!$ $!'","!","!","!","!","!- %","14"]}},"4536":{"4509":{"keys":[142,141],"grid":[" '!# )"," "," "," "," "," "," "," "," "," "," "," "," "," "," "," "]},"4508":{"keys":[141,142],"grid":[" "," "," "," "," "," "," "," "," "," "," "," "," "," "," *!' !","!# #!! $!)"]}},"4537":{"4509":{"keys":[142,141],"grid":[" !!0"," #!/"," $!."," '!+"," )!)"," ,!! %"," "," "," "," "," "," "," "," "," "," "]},"4508":{"keys":[141],"grid":[" "," "," "," "," "," "," "," "," "," "," "," "," "," "," "," "]}},"4530":{"4508":{"keys":[141,142],"grid":[" "," "," "," "," "," "," "," "," ","!) )","!","!","!","!","!","!"]}},"4531":{"4507":{"keys":[141,142],"grid":[" "," "," "," "," "," "," "," "," "," "," "," "," "," "," "," '!' %"]},"4508":{"keys":[141,142],"grid":[" &!+ !"," %!-"," #!/"," !!0","02"," $!.","05","05","02","03","!","!","!","!","!","!"]}},"4532":{"4507":{"keys":[141,142],"grid":[" "," "," "," "," "," "," "," "," "," "," "," "," "," "," &!! +"," &!# *"]},"4508":{"keys":[141,142],"grid":[" &!$ )","!# #!' '","!/ #","!","!","!","!","!","!","!","!","!","!","!","!","!"]}},"4533":{"4508":{"keys":[141,142],"grid":[" /!! !"," ,!&"," -!%","02","!% )!%","!( %!&","!","!","!","!","!","!","!","!","!","!"]}},"4579":{"4510":{"keys":[141],"grid":[" "," "," "," "," "," "," "," "," "," "," "," "," "," "," "," "]},"4511":{"keys":[142,141],"grid":[" !!0","00"," #!/","02"," $!."," %!-"," '!+"," (!*"," *!("," ,!&"," /!#"," "," "," "," "," "]},"4520":{"keys":[142,143],"grid":[" "," ","!","!","!","!","!","!","!","!","!","!","!","!","!","!"]}},"4460":{"4497":{"keys":[141,142],"grid":[" "," "," "," "," "," "," "," "," "," "," "," "," "," "," ","!"]}},"4440":{"4497":{"keys":[141,142],"grid":[" "," "," "," "," "," "," "," "," "," "," "," "," "," "," ","!"]}},"4441":{"4497":{"keys":[141,142],"grid":[" "," "," "," "," "," "," "," "," "," "," "," "," "," "," ","!"]}},"4442":{"4497":{"keys":[141,142],"grid":[" "," "," "," "," "," "," "," "," "," "," "," "," "," "," ","!"]}},"4443":{"4497":{"keys":[141,142],"grid":[" "," "," "," "," "," "," "," "," "," "," "," "," "," "," ","!"]}},"4444":{"4497":{"keys":[141,142],"grid":[" "," "," "," "," "," "," "," "," "," "," "," "," "," "," ","!"]}},"4445":{"4497":{"keys":[141,142],"grid":[" "," "," "," "," "," "," "," "," "," "," "," "," "," "," ","!"]}},"4446":{"4497":{"keys":[141,142],"grid":[" "," "," "," "," "," "," "," "," "," "," "," "," "," "," ","!"]}},"4447":{"4497":{"keys":[141,142],"grid":[" "," "," "," "," "," "," "," "," "," "," "," "," "," "," ","!"]}},"4606":{"4515":{"keys":[142,143],"grid":[" "," "," "," "," "," "," "," "," "," ,!&"," '!+"," !!0","!","!","!","!"]},"4394":{"keys":[141,144],"grid":[" "," "," "," "," "," "," ","!","!","!","!","!","!","!","!","!"]},"4508":{"keys":[141,142],"grid":[" "," "," "," -!%"," (!*"," #!/","!","!","!","!","!","!","!","!","!","!"]},"4482":{"keys":[141,144],"grid":[" %!-"," &!,"," (!*"," )!)"," *!("," +!'"," ,!&"," -!%"," /!#"," 0!!"," "," "," "," "," "," "]},"4481":{"keys":[144,141],"grid":[" "," "," "," "," "," "," "," "," "," "," "," "," ","!! 0","!# /","!$ ."]}},"4449":{"4497":{"keys":[141,142],"grid":[" "," "," "," "," "," "," "," "," "," "," "," "," "," "," ","!"]}},"4604":{"4394":{"keys":[141,144],"grid":[" "," "," "," "," "," "," ","!","!","!","!","!","!","!","!","!"]},"4516":{"keys":[142,143],"grid":[" )!)"," $!.","!","!","!","!","!","!","!","!","!","!","!","!","!","!"]},"4515":{"keys":[142,143],"grid":[" "," "," "," "," "," "," "," "," "," "," "," "," "," "," "," .!$"]},"4480":{"keys":[144,141],"grid":[" ","!! 0","!# /","!$ .","!% -","!& ,","!( *","!) )","!* (","!+ '","!, &","!- %","!. $","!/ #","!","!"]},"4508":{"keys":[141,142],"grid":[" "," "," "," "," "," "," "," "," "," /!#"," )!)"," $!.","!","!","!","!"]},"4352":{"keys":[140,141],"grid":[" *!("," (!*"," '!+"," &!,"," %!-","04"," $!.","06"," #!/","08"," !!0","10","!","!","!","!"]}},"4605":{"4480":{"keys":[144,141],"grid":[" "," "," "," "," "," "," "," "," "," "," "," "," "," "," ","!! 0"]},"4515":{"keys":[142,143],"grid":[" "," "," "," "," "," "," "," "," "," "," "," "," -!%"," (!*"," #!/","!"]},"4394":{"keys":[141,144],"grid":[" "," "," "," "," "," "," ","!","!","!","!","!","!","!","!","!"]},"4508":{"keys":[141,142],"grid":[" "," "," "," "," "," "," .!$"," )!)"," $!.","!","!","!","!","!","!","!"]},"4481":{"keys":[141,144],"grid":[" #!/"," $!."," %!-"," '!+"," (!*"," )!)"," *!("," +!'"," ,!&"," -!%"," /!#"," 0!!"," "," "," "," "]}},"4602":{"4516":{"keys":[142,143],"grid":[" "," "," "," "," "," "," ,!&"," '!+"," !!0","!","!","!","!","!","!","!"]},"4394":{"keys":[141,144],"grid":[" "," "," "," "," "," "," "," (!*","!","!","!","!","!","!","!","!"]},"4479":{"keys":[141,144],"grid":[" *!(","00"," +!'"," ,!&"," -!%"," .!$"," 0!!"," "," "," "," "," "," "," "," "," "]},"4478":{"keys":[144,141],"grid":[" "," "," "," "," ","!# /","!% -","!& ,","!' +","!( *","09","09","09","!) )","13","13"]},"4509":{"keys":[141,142],"grid":[" *!("," %!-","!","!","!","!","!","!","!","!","!","!","!","!","!","!"]},"4508":{"keys":[141,142],"grid":[" "," "," "," "," "," "," "," "," "," "," "," "," "," "," "," 0!!"]},"4352":{"keys":[141,140],"grid":[" )!)","00","00","00","00","00","00"," (!*","07","07","07"," '!+","11","11"," &!,","14"]},"4353":{"keys":[141,140],"grid":[" &!,"," %!-","01"," $!.","03","03"," #!/","06","06"," !!0"," $!+ $"," &!$ )"," "," "," "," "]}},"4603":{"4516":{"keys":[142,143],"grid":[" "," "," /!#"," +!'"," &!,","!","!","!","!","!","!","!","!","!","!","!"]},"4394":{"keys":[141,144],"grid":[" "," "," "," "," "," "," ","!","!","!","!","!","!","!","!","!"]},"4479":{"keys":[144,141],"grid":[" "," "," "," "," "," "," ","!& ,","!( *","!) )","!* (","!+ '","!, &","!- %","!. $","!0 !"]},"4480":{"keys":[141],"grid":[" "," "," "," "," "," "," "," "," "," "," "," "," "," "," "," "]},"4508":{"keys":[141,142],"grid":[" "," "," "," "," "," "," "," "," "," "," "," "," /!#"," *!("," %!-","!"]},"4352":{"keys":[140,141],"grid":[" "," "," "," "," "," "," "," "," "," "," "," "," "," 0!!"," /!#"," .!$"]},"4353":{"keys":[140,141],"grid":[" -!%"," ,!&"," +!'"," *!("," )!)"," (!*"," '!+"," %!-"," #!/","!","!","!","!","!","!","!"]}},"4600":{"4394":{"keys":[141,144],"grid":[" "," "," "," "," "," "," "," ","!","!","!","!","!","!","!","!"]},"4516":{"keys":[142,143],"grid":[" "," "," "," "," "," "," "," "," "," "," "," "," .!$"," )!)"," $!.","!"]},"4509":{"keys":[141,142],"grid":[" "," "," "," "," "," "," +!'"," &!,","!","!","!","!","!","!","!","!"]},"4477":{"keys":[141,144],"grid":[" )!)","00"," *!(","02","02"," +!'"," ,!&","06"," -!%"," .!$"," /!#","10"," "," "," "," "]},"4476":{"keys":[144,141],"grid":[" "," "," "," "," "," "," "," "," "," "," ","!! 0","!% -","!& ,","!' +","!( *"]}},"4601":{"4516":{"keys":[142,143],"grid":[" "," "," "," "," "," "," "," "," "," -!%"," (!*"," #!/","!","!","!","!"]},"4509":{"keys":[141,142],"grid":[" "," "," 0!!"," +!'"," &!,","!","!","!","!","!","!","!","!","!","!","!"]},"4394":{"keys":[141,144],"grid":[" "," "," "," "," "," "," "," ","!","!","!","!","!","!","!","!"]},"4477":{"keys":[144,141],"grid":[" "," "," "," "," "," "," "," "," "," "," "," "," ","!' +","!( *","14"]},"4478":{"keys":[141,144],"grid":[" (!*"," )!)","01"," *!("," /!#"," "," "," "," "," "," "," "," "," "," "," "]}},"4529":{"4508":{"keys":[141,142],"grid":[" "," "," "," "," "," "," "," "," ","!","!","!","!","!","!","!"]}},"4528":{"4508":{"keys":[141,142],"grid":[" "," "," "," "," "," $!! -"," !!& +","!) )","!0 !","!","!","!","!","!","!","!"]}},"4527":{"4508":{"keys":[141,142],"grid":[" "," "," #!# -","!& ,","03","!( *","!- %","!","!","!","!","!","!","!","!","!"]}},"4526":{"4508":{"keys":[141,142],"grid":[" "," ","!! 0","!, %!!","!","!","!","!","!","!","!","!","!","!","!","!"]}},"4525":{"4507":{"keys":[141,142],"grid":[" "," "," "," "," "," "," "," "," "," ","!! 0","!# /","!$ &!$ &","!& #!& %","!. $","!/ #"]},"4508":{"keys":[142,141],"grid":[" /!#"," "," "," "," "," "," "," "," "," "," "," "," "," "," "," "]}},"4524":{"4507":{"keys":[142,141],"grid":[" %!-"," ,!&"," -!%","02","02","02","02"," .!$"," /!#"," "," "," "," "," "," "," "]}},"4523":{"4507":{"keys":[142],"grid":[" "," "," "," "," "," "," "," "," "," "," "," "," "," "," "," "]},"4506":{"keys":[141,142],"grid":[" "," "," "," #!# -","!& ,","04","!' +","06","06","06","!( *","10","!) )","12","!* (","!. $"]}},"4522":{"4505":{"keys":[141,142],"grid":[" "," "," "," "," "," "," "," "," ","!# /","!$ .","!& ,","!' +","!( *","13","13"]},"4506":{"keys":[142,141],"grid":[" (!*","00"," )!)","02"," ,!# $"," "," "," "," "," "," "," "," "," "," "," "]}},"4521":{"4505":{"keys":[142,141],"grid":[" &!,"," (!*"," *!("," +!'"," ,!&"," -!%"," /!#"," 0!!"," "," "," "," "," "," "," "," "]},"4504":{"keys":[141,142],"grid":[" "," "," "," "," "," "," "," "," "," "," "," ","!! 0","12","!$ .","!% -"]}},"4520":{"4504":{"keys":[142,141],"grid":[" %!-"," &!,","01"," '!+"," (!*"," )!)"," *!("," +!'"," .!$"," /!#"," 0!!"," "," "," "," "," "]},"4503":{"keys":[141,142],"grid":[" "," "," "," "," "," "," "," "," "," "," "," "," "," "," ","!# /"]}},"4365":{"4494":{"keys":[141,142],"grid":[" "," "," "," /!#"," '!$ &!#"," &!& %!#"," %!' !!&"," $!.","07"," #!/"," !!0","10","!","!","!","!"]}},"4364":{"4495":{"keys":[142,141],"grid":[" $!& !!! !!! %"," %!$ *"," &!# *"," "," "," "," "," "," "," "," "," "," "," "," "," "]},"4494":{"keys":[141,142],"grid":[" "," "," "," "," "," "," "," "," "," "," "," "," "," "," 0!!","!! ,!%"]}},"4367":{"4493":{"keys":[141,142],"grid":[" ,!&"," +!'"," *!("," (!*"," &!,"," #!/","!","!","!","!","!","!","!","!","!","!"]},"4492":{"keys":[141,142],"grid":[" "," "," "," "," "," "," "," "," "," "," "," "," "," "," "," -!$ !"]}},"4366":{"4494":{"keys":[141,142],"grid":[" '!+"," %!-"," $!.","!","!","!","!","!","!","!","!","!","!","!","!","!"]},"4493":{"keys":[141,142],"grid":[" "," "," "," "," "," "," "," "," .!$"," ,!&"," +!'"," *!(","11"," )!)","13"," (!*"]}},"4361":{"4494":{"keys":[141,142],"grid":[" "," "," "," "," "," "," "," ","!! 0","!","!","!","!","!","!","!"]}},"4360":{"4494":{"keys":[141,142],"grid":[" "," "," "," "," "," "," "," ","!","!","!","!","!","!","!","!"]}},"4363":{"4494":{"keys":[141,142],"grid":[" "," "," "," "," "," "," "," "," "," ","!( *","!+ '","!- %","!","!","!"]}},"4362":{"4494":{"keys":[141,142],"grid":[" "," "," "," "," "," "," "," "," ","!& ,","!","!","!","!","!","!"]}},"4369":{"4492":{"keys":[141,142],"grid":[" "," "," "," "," .!$"," ,!&"," +!'"," *!("," &!,"," %!-"," !!0","!","!","!","!","!"]}},"4368":{"4492":{"keys":[141,142],"grid":[" "," "," "," "," "," "," "," "," "," "," "," "," +!'"," $!$ #!)"," #!/"," !!0"]}},"4607":{"4394":{"keys":[141,144],"grid":[" "," "," "," "," "," "," ","!","!","!","!","!","!","!","!","!"]},"4515":{"keys":[142,143],"grid":[" "," "," "," "," "," /!#"," *!("," &!,","!","!","!","!","!","!","!","!"]},"4507":{"keys":[141],"grid":[" "," "," "," "," "," "," "," "," "," "," "," "," "," "," "," "]},"4482":{"keys":[144,141],"grid":[" "," "," "," "," "," "," "," "," "," "," ","!! 0","!# /","!$ .","!& ,","!' +"]},"4483":{"keys":[141,144],"grid":[" (!*"," )!)"," *!("," +!'"," -!%","04"," .!$"," /!#"," 0!!"," "," "," "," "," "," "," "]},"4508":{"keys":[141,142],"grid":[" -!%"," (!*"," !!0","!","!","!","!","!","!","!","!","!","!","!","!","!"]}},"4453":{"4497":{"keys":[141,142],"grid":[" "," "," "," "," "," "," "," "," "," "," "," "," "," "," ","!"]}},"4452":{"4497":{"keys":[141,142],"grid":[" "," "," "," "," "," "," "," "," "," "," "," "," "," "," ","!"]}},"4451":{"4497":{"keys":[141,142],"grid":[" "," "," "," "," "," "," "," "," "," "," "," "," "," "," ","!"]}},"4450":{"4497":{"keys":[141,142],"grid":[" "," "," "," "," "," "," "," "," "," "," "," "," "," "," ","!"]}},"4457":{"4497":{"keys":[141,142],"grid":[" "," "," "," "," "," "," "," "," "," "," "," "," "," "," ","!"]}},"4456":{"4497":{"keys":[141,142],"grid":[" "," "," "," "," "," "," "," "," "," "," "," "," "," "," ","!"]}},"4455":{"4497":{"keys":[141,142],"grid":[" "," "," "," "," "," "," "," "," "," "," "," "," "," "," ","!"]}},"4454":{"4497":{"keys":[141,142],"grid":[" "," "," "," "," "," "," "," "," "," "," "," "," "," "," ","!"]}},"4459":{"4497":{"keys":[141,142],"grid":[" "," "," "," "," "," "," "," "," "," "," "," "," "," "," ","!"]}},"4458":{"4497":{"keys":[141,142],"grid":[" "," "," "," "," "," "," "," "," "," "," "," "," "," "," ","!"]}},"4518":{"4501":{"keys":[141,142],"grid":[" "," "," "," "," "," "," "," "," "," "," "," "," "," "," ","!! 0"]},"4502":{"keys":[142,141],"grid":[" #!/"," $!."," %!-"," &!,"," '!+","04","04","04"," (!*"," "," "," "," "," "," "," "]}},"4519":{"4503":{"keys":[142,141],"grid":[" ,!&","00","00","00"," +!'","04","04","04","04","00","00"," -!%"," .!$"," /!#"," "," "]},"4502":{"keys":[141,142],"grid":[" "," "," "," "," "," "," "," "," ","!% -","09","!& ,","!' +","12","!( *","!, &"]}},"4587":{"4512":{"keys":[142],"grid":[" "," "," "," "," "," "," "," "," "," "," "," "," "," "," "," "]},"4519":{"keys":[142,143],"grid":[" "," "," "," "," "," "," ,!&"," '!+"," !!0","!","!","!","!","!","!","!"]},"4511":{"keys":[141,142],"grid":[" "," "," "," "," "," "," "," "," "," "," "," "," "," 0!!"," +!'"," %!-"]}},"4512":{"4497":{"keys":[141,142],"grid":[" "," "," "," "," "," "," "," "," "," "," "," "," "," "," ","!"]}},"4513":{"4497":{"keys":[141,142],"grid":[" "," "," "," "," "," "," "," "," "," "," "," "," "," "," ","!"]}},"4510":{"4497":{"keys":[141,142],"grid":[" "," "," "," "," "," "," "," "," "," "," "," "," "," "," ","!"]}},"4511":{"4497":{"keys":[141,142],"grid":[" "," "," "," "," "," "," "," "," "," "," "," "," "," "," ","!"]}},"4516":{"4500":{"keys":[142,141],"grid":[" )!)","00","00"," +!'"," 0!!","04"," "," "," "," "," "," "," "," "," "," "]},"4499":{"keys":[141,142],"grid":[" ","!! 0","!# /","02","!& ,","!' +","!( *","05","06","06","06","06","06","06","!) )","14"]},"4498":{"keys":[141],"grid":[" "," "," "," "," "," "," "," "," "," "," "," "," "," "," "," "]}},"4517":{"4501":{"keys":[142,141],"grid":[" ,!&"," .!$","01","01"," /!#","01","01","01","01","01","04"," 0!!","11"," "," "," "]},"4500":{"keys":[141,142],"grid":[" "," "," "," "," "," "," ","!# /","!% -","!' +","09","09","09","!( *","13","!* ("]}},"4514":{"4497":{"keys":[141,142],"grid":[" "," "," "," "," "," "," "," "," "," "," "," "," "," "," ","!"]}},"4515":{"4497":{"keys":[141,142],"grid":[" "," "," "," "," "," "," "," "," "," "," "," "," "," "," ","!$ ."]},"4498":{"keys":[142,141],"grid":[" %!-","00"," '!+"," (!*","03"," )!)"," *!("," +!'"," ,!&"," -!%"," .!$"," 0!!","11","11"," "," "]}},"4592":{"4518":{"keys":[142,143],"grid":[" "," "," "," "," "," "," -!%"," (!*"," #!/","!","!","!","!","!","!","!"]},"4511":{"keys":[141,142],"grid":[" $!.","!","!","!","!","!","!","!","!","!","!","!","!","!","!","!"]},"4510":{"keys":[141,142],"grid":[" "," "," "," "," "," "," "," "," "," "," "," "," "," "," /!#"," )!)"]}},"4593":{"4518":{"keys":[142,143],"grid":[" "," "," "," ,!&"," '!+"," !!0","!","!","!","!","!","!","!","!","!","!"]},"4510":{"keys":[141,142],"grid":[" "," "," "," "," "," "," "," "," "," "," "," .!$"," )!)"," $!.","!","!"]}},"4590":{"4518":{"keys":[142,143],"grid":[" "," "," "," "," "," "," "," "," "," "," "," "," /!#"," *!("," %!-","!"]},"4511":{"keys":[141,142],"grid":[" "," "," "," "," /!#"," *!("," %!-","!","!","!","!","!","!","!","!","!"]}},"4591":{"4518":{"keys":[142,143],"grid":[" "," "," "," "," "," "," "," "," "," .!$"," )!)"," $!.","!","!","!","!"]},"4511":{"keys":[141,142],"grid":[" "," /!#"," *!("," %!-","!","!","!","!","!","!","!","!","!","!","!","!"]}},"4596":{"4448":{"keys":[141,144],"grid":[" +!'","00","00","00","00","00","00","00","00","00","00","00","00","00","00","00"]},"4407":{"keys":[141,144],"grid":[" *!(","00","00","00","00","00","00","00","00","00","00","00","00","00","00","00"]},"4433":{"keys":[141,144],"grid":[" +!'","00","00","00","00","00","00","00","00","00","00","00","00","00","00","00"]},"4397":{"keys":[141,144],"grid":[" +!'","00","00","00","00","00","00","00","00","00","00","00","00","00","00","00"]},"4426":{"keys":[141,144],"grid":[" +!'","00","00","00","00","00","00","00","00","00","00","00","00","00","00","00"]},"4454":{"keys":[141,144],"grid":[" +!'","00","00","00","00","00","00","00","00","00","00","00","00","00","00","00"]},"4517":{"keys":[142,143],"grid":[" "," "," "," "," "," "," "," "," "," .!$"," )!)"," $!.","!","!","!","!"]},"4453":{"keys":[141,144],"grid":[" +!'","00","00","00","00","00","00","00","00","00","00","00","00","00","00","00"]},"4434":{"keys":[141,144],"grid":[" +!'","00","00","00","00","00","00","00","00","00","00","00","00","00","00","00"]},"4437":{"keys":[141,144],"grid":[" +!'","00","00","00","00","00","00","00","00","00","00","00","00","00","00","00"]},"4436":{"keys":[141,144],"grid":[" +!'","00","00","00","00","00","00","00","00","00","00","00","00","00","00","00"]},"4431":{"keys":[141,144],"grid":[" +!'","00","00","00","00","00","00","00","00","00","00","00","00","00","00","00"]},"4456":{"keys":[141,144],"grid":[" +!'","00","00","00","00","00","00","00","00","00","00","00","00","00","00","00"]},"4455":{"keys":[141,144],"grid":[" +!'","00","00","00","00","00","00","00","00","00","00","00","00","00","00","00"]},"4432":{"keys":[141,144],"grid":[" +!'","00","00","00","00","00","00","00","00","00","00","00","00","00","00","00"]},"4459":{"keys":[141,144],"grid":[" +!'","00","00","00","00","00","00","00","00","00","00","00","00","00","00","00"]},"4458":{"keys":[141,144],"grid":[" +!'","00","00","00","00","00","00","00","00","00","00","00","00","00","00","00"]},"4439":{"keys":[141,144],"grid":[" +!'","00","00","00","00","00","00","00","00","00","00","00","00","00","00","00"]},"4438":{"keys":[141,144],"grid":[" +!'","00","00","00","00","00","00","00","00","00","00","00","00","00","00","00"]},"4449":{"keys":[141,144],"grid":[" +!'","00","00","00","00","00","00","00","00","00","00","00","00","00","00","00"]},"4401":{"keys":[141,144],"grid":[" *!(","00","00","00","00","00","00","00","00","00","00","00","00","00","00","00"]},"4419":{"keys":[141,144],"grid":[" +!'","00","00","00","00","00","00","00","00","00","00","00","00","00","00","00"]},"4418":{"keys":[141,144],"grid":[" +!'","00","00","00","00","00","00","00","00","00","00","00","00","00","00","00"]},"4417":{"keys":[141,144],"grid":[" +!'","00","00","00","00","00","00","00","00","00","00","00","00","00","00","00"]},"4416":{"keys":[141,144],"grid":[" +!'","00","00","00","00","00","00","00","00","00","00","00","00","00","00","00"]},"4510":{"keys":[141,142],"grid":[" "," "," -!%"," (!*"," #!/","!","!","!","!","!","!","!","!","!","!","!"]},"4414":{"keys":[141,144],"grid":[" +!'","00","00","00","00","00","00"," *!(","07","07","07","07","07","07","07","07"]},"4413":{"keys":[141,144],"grid":[" *!(","00","00","00","00","00","00","00","00","00","00","00","00","00","00","00"]},"4412":{"keys":[141,144],"grid":[" *!(","00","00","00","00","00","00","00","00","00","00","00","00","00","00","00"]},"4411":{"keys":[141,144],"grid":[" *!(","00","00","00","00","00","00","00","00","00","00","00","00","00","00","00"]},"4410":{"keys":[141,144],"grid":[" *!(","00","00","00","00","00","00","00","00","00","00","00","00","00","00","00"]},"4422":{"keys":[141,144],"grid":[" +!'","00","00","00","00","00","00","00","00","00","00","00","00","00","00","00"]},"4398":{"keys":[141,144],"grid":[" +!'","00","00","00","00","00","00","00","00","00","00","00","00","00","00","00"]},"4446":{"keys":[141,144],"grid":[" +!'","00","00","00","00","00","00","00","00","00","00","00","00","00","00","00"]},"4415":{"keys":[141,144],"grid":[" *!(","00","00","00"," +!'","04","04","04","04","04","00","00","00","00","00","04"]},"4399":{"keys":[141,144],"grid":[" +!'","00","00","00","00","00","00","00","00","00","00","00","00","00","00","00"]},"4400":{"keys":[141,144],"grid":[" +!'","00","00","00","00","00","00","00","00"," *!(","09","09","09","09","09","09"]},"4395":{"keys":[141,144],"grid":[" +!'","00","00","00","00","00","00","00","00","00","00","00","00","00","00","00"]},"4428":{"keys":[141,144],"grid":[" +!'","00","00","00","00","00","00","00","00","00","00","00","00","00","00","00"]},"4440":{"keys":[141,144],"grid":[" +!'","00","00","00","00","00","00","00","00","00","00","00","00","00","00","00"]},"4441":{"keys":[141,144],"grid":[" +!'","00","00","00","00","00","00","00","00","00","00","00","00","00","00","00"]},"4442":{"keys":[141,144],"grid":[" +!'","00","00","00","00","00","00","00","00","00","00","00","00","00","00","00"]},"4443":{"keys":[141,144],"grid":[" +!'","00","00","00","00","00","00","00","00","00","00","00","00","00","00","00"]},"4444":{"keys":[141,144],"grid":[" +!'","00","00","00","00","00","00","00","00","00","00","00","00","00","00","00"]},"4445":{"keys":[141,144],"grid":[" +!'","00","00","00","00","00","00","00","00","00","00","00","00","00","00","00"]},"4468":{"keys":[141,144],"grid":[" +!'","00","00","00","00","00","00","00","00","00","00","00","00","00","00","00"]},"4469":{"keys":[141,144],"grid":[" +!'"," ,!&"," .!$"," /!#"," "," "," "," "," "," "," "," "," "," "," "," "]},"4466":{"keys":[141,144],"grid":[" +!'","00","00","00","00","00","00","00","00","00","00","00","00","00","00","00"]},"4467":{"keys":[141,144],"grid":[" +!'","00","00","00","00","00","00","00","00","00","00","00","00","00","00","00"]},"4464":{"keys":[141,144],"grid":[" +!'","00","00","00","00","00","00","00","00","00","00","00","00","00","00","00"]},"4465":{"keys":[141,144],"grid":[" +!'","00","00","00","00","00","00","00","00","00","00","00","00","00","00","00"]},"4462":{"keys":[141,144],"grid":[" +!'","00","00","00","00","00","00","00","00","00","00","00","00","00","00","00"]},"4463":{"keys":[141,144],"grid":[" +!'","00","00","00","00","00","00","00","00","00","00","00","00","00","00","00"]},"4460":{"keys":[141,144],"grid":[" +!'","00","00","00","00","00","00","00","00","00","00","00","00","00","00","00"]},"4461":{"keys":[141,144],"grid":[" +!'","00","00","00","00","00","00","00","00","00","00","00","00","00","00","00"]},"4425":{"keys":[141,144],"grid":[" +!'","00","00","00","00","00","00","00","00","00","00","00","00","00","00","00"]},"4435":{"keys":[141,144],"grid":[" +!'","00","00","00","00","00","00","00","00","00","00","00","00","00","00","00"]},"4447":{"keys":[141,144],"grid":[" +!'","00","00","00","00","00","00","00","00","00","00","00","00","00","00","00"]},"4429":{"keys":[141,144],"grid":[" +!'","00","00","00","00","00","00","00","00","00","00","00","00","00","00","00"]},"4408":{"keys":[141,144],"grid":[" *!(","00","00","00","00","00","00","00","00","00","00","00","00","00","00","00"]},"4409":{"keys":[141,144],"grid":[" *!(","00","00","00","00","00","00","00","00","00","00","00","00","00","00","00"]},"4452":{"keys":[141,144],"grid":[" +!'","00","00","00","00","00","00","00","00","00","00","00","00","00","00","00"]},"4404":{"keys":[141,144],"grid":[" *!(","00","00","00","00","00","00","00","00","00","00","00","00","00","00","00"]},"4405":{"keys":[141,144],"grid":[" *!(","00","00","00","00","00","00","00","00","00","00","00","00","00","00","00"]},"4406":{"keys":[141,144],"grid":[" *!(","00","00","00","00","00","00","00","00","00","00","00","00","00","00","00"]},"4421":{"keys":[141,144],"grid":[" +!'","00","00","00","00","00","00","00","00","00","00","00","00","00","00","00"]},"4394":{"keys":[141,144],"grid":[" "," "," "," "," "," "," "," "," +!'","08","08","08","08","08","08","08"]},"4427":{"keys":[141,144],"grid":[" +!'","00","00","00","00","00","00","00","00","00","00","00","00","00","00","00"]},"4402":{"keys":[141,144],"grid":[" *!(","00","00","00","00","00","00","00","00","00","00","00","00","00","00","00"]},"4403":{"keys":[141,144],"grid":[" *!(","00","00","00","00","00","00","00","00","00","00","00","00","00","00","00"]},"4424":{"keys":[141,144],"grid":[" +!'","00","00","00","00","00","00","00","00","00","00","00","00","00","00","00"]},"4451":{"keys":[141,144],"grid":[" +!'","00","00","00","00","00","00","00","00","00","00","00","00","00","00","00"]},"4450":{"keys":[141,144],"grid":[" +!'","00","00","00","00","00","00","00","00","00","00","00","00","00","00","00"]},"4396":{"keys":[141,144],"grid":[" +!'","00","00","00","00","00","00","00","00","00","00","00","00","00","00","00"]},"4423":{"keys":[141,144],"grid":[" +!'","00","00","00","00","00","00","00","00","00","00","00","00","00","00","00"]},"4457":{"keys":[141,144],"grid":[" +!'","00","00","00","00","00","00","00","00","00","00","00","00","00","00","00"]},"4420":{"keys":[141,144],"grid":[" +!'","00","00","00","00","00","00","00","00","00","00","00","00","00","00","00"]},"4430":{"keys":[141,144],"grid":[" +!'","00","00","00","00","00","00","00","00","00","00","00","00","00","00","00"]}},"4597":{"4510":{"keys":[141,142],"grid":[" (!*"," !!0","!","!","!","!","!","!","!","!","!","!","!","!","!","!"]},"4394":{"keys":[141,144],"grid":[" "," "," "," "," "," "," "," ","!","!","!","!","!","!","!","!"]},"4517":{"keys":[142,143],"grid":[" "," "," "," "," "," "," -!%"," (!*"," #!/","!","!","!","!","!","!","!"]},"4469":{"keys":[144,141],"grid":[" "," "," "," "," ","!! 0","!# /","06","!$ .","!% -","!& ,","!' +","11","!( *","!) )","!* ("]},"4470":{"keys":[141,144],"grid":[" ,!&"," -!%"," .!$"," 0!!"," "," "," "," "," "," "," "," "," "," "," "," "]},"4509":{"keys":[141,142],"grid":[" "," "," "," "," "," "," "," "," "," "," "," "," "," "," "," -!%"]}},"4594":{"4510":{"keys":[141,142],"grid":[" "," "," "," "," "," "," "," "," .!$"," )!)"," #!/","!","!","!","!","!"]},"4517":{"keys":[142,143],"grid":[" "," "," "," "," "," "," "," "," "," "," "," "," "," "," "," 0!!"]},"4518":{"keys":[142,143],"grid":[" +!'"," &!,","!","!","!","!","!","!","!","!","!","!","!","!","!","!"]}},"4595":{"4510":{"keys":[141,142],"grid":[" "," "," "," "," "," -!%"," (!*"," #!/","!","!","!","!","!","!","!","!"]},"4517":{"keys":[142,143],"grid":[" "," "," "," "," "," "," "," "," "," "," "," "," /!#"," *!("," %!-","!"]}},"4598":{"4394":{"keys":[141,144],"grid":[" "," "," "," "," "," "," "," ","!","!","!","!","!","!","!","!"]},"4517":{"keys":[142,143],"grid":[" "," "," 0!!"," +!'"," &!,","!","!","!","!","!","!","!","!","!","!","!"]},"4471":{"keys":[141,144],"grid":[" '!+","00","00","00","00","00","00","00"," (!*","08","08"," )!)","11"," *!("," +!'"," ,!&"]},"4470":{"keys":[144,141],"grid":[" "," "," "," "," ","!! 0","!# /","!$ .","07","!% -","09","09","!& ,","12","12","12"]},"4472":{"keys":[141,144],"grid":[" -!%"," .!$"," /!#"," 0!!"," "," "," "," "," "," "," "," "," "," "," "," "]},"4509":{"keys":[141,142],"grid":[" "," "," "," "," "," "," "," "," "," "," "," "," ,!&"," '!+"," !!0","!"]}},"4599":{"4394":{"keys":[141,144],"grid":[" "," "," "," "," "," "," "," ","!","!","!","!","!","!","!","!"]},"4516":{"keys":[142,143],"grid":[" "," "," "," "," "," "," "," "," "," "," "," "," "," "," "," /!#"]},"4517":{"keys":[142,143],"grid":[" *!("," %!-","!","!","!","!","!","!","!","!","!","!","!","!","!","!"]},"4475":{"keys":[141,144],"grid":[" +!'","00","00","00","00","00","00","00","00","00","00","00","00","00","00","00"]},"4473":{"keys":[141,144],"grid":[" '!+"," (!*","01","01"," )!)","04","04","04"," *!(","08","08","08"," +!'","12","12","12"]},"4472":{"keys":[144,141],"grid":[" "," "," "," "," ","!! 0","05","!# /","07","!$ .","09","!% -","!& ,","12","12","!' +"]},"4509":{"keys":[141,142],"grid":[" "," "," "," "," "," "," "," "," "," ,!&"," '!+"," !!0","!","!","!","!"]},"4474":{"keys":[141,144],"grid":[" +!'","00","00","00","00","00","00","00","00","00","00","00","00","00","00","00"]},"4476":{"keys":[141,144],"grid":[" +!'","00","00","00","00","00","00"," ,!&"," -!%"," .!$"," 0!!"," "," "," "," "," "]}},"4372":{"4492":{"keys":[141,142],"grid":[" "," "," "," "," "," "," "," "," &!( %"," $!+ $","!/ #","!0 !","11","!","!","!"]}},"4505":{"4497":{"keys":[141,142],"grid":[" "," "," "," "," "," "," "," "," "," "," "," "," "," "," ","!"]}},"4504":{"4497":{"keys":[141,142],"grid":[" "," "," "," "," "," "," "," "," "," "," "," "," "," "," ","!"]}},"4507":{"4497":{"keys":[141,142],"grid":[" "," "," "," "," "," "," "," "," "," "," "," "," "," "," ","!"]}},"4506":{"4497":{"keys":[141,142],"grid":[" "," "," "," "," "," "," "," "," "," "," "," "," "," "," ","!"]}},"4501":{"4497":{"keys":[141,142],"grid":[" "," "," "," "," "," "," "," "," "," "," "," "," "," "," ","!"]}},"4500":{"4497":{"keys":[141,142],"grid":[" "," "," "," "," "," "," "," "," "," "," "," "," "," "," ","!"]}},"4503":{"4497":{"keys":[141,142],"grid":[" "," "," "," "," "," "," "," "," "," "," "," "," "," "," ","!"]}},"4502":{"4497":{"keys":[141,142],"grid":[" "," "," "," "," "," "," "," "," "," "," "," "," "," "," ","!"]}},"4466":{"4497":{"keys":[141,142],"grid":[" "," "," "," "," "," "," "," "," "," "," "," "," "," "," ","!"]}},"4467":{"4497":{"keys":[141,142],"grid":[" "," "," "," "," "," "," "," "," "," "," "," "," "," "," ","!"]}},"4464":{"4497":{"keys":[141,142],"grid":[" "," "," "," "," "," "," "," "," "," "," "," "," "," "," ","!"]}},"4465":{"4497":{"keys":[141,142],"grid":[" "," "," "," "," "," "," "," "," "," "," "," "," "," "," ","!"]}},"4509":{"4497":{"keys":[141,142],"grid":[" "," "," "," "," "," "," "," "," "," "," "," "," "," "," ","!"]}},"4508":{"4497":{"keys":[141,142],"grid":[" "," "," "," "," "," "," "," "," "," "," "," "," "," "," ","!"]}},"4373":{"4493":{"keys":[142,141],"grid":[" #!/","00","00"," $!.","03"," )!)","05"," *!(","07"," +!'","09"," ,!&"," .!$"," "," "," "]},"4492":{"keys":[141,142],"grid":[" "," "," "," "," "," "," "," "," "," "," "," "," ","!! 0","!# /","14"]}},"4461":{"4497":{"keys":[141,142],"grid":[" "," "," "," "," "," "," "," "," "," "," "," "," "," "," ","!"]}},"4398":{"4488":{"keys":[141,142],"grid":[" "," "," "," "," "," 0!!"," *!("," (!*"," $!."," !!0","!","!","!","!","!","!"]}},"4399":{"4488":{"keys":[141,142],"grid":[" "," ,!% !"," *!("," '!+"," #!/","!","!","!","!","!","!","!","!","!","!","!"]}},"4390":{"4488":{"keys":[141,142],"grid":[" "," "," "," "," "," "," "," "," "," "," "," "," "," "," *!(","14"]},"4489":{"keys":[141,142],"grid":[" +!'"," '!! $!'"," !!0","!","!","!","!","!","!","!","!","!","!","!","!","!"]}},"4391":{"4488":{"keys":[141,142],"grid":[" "," "," "," )!! &!#"," '!+"," &!,"," %!-"," !!0","07","07","07","07","!","!","!","!"]}},"4392":{"4488":{"keys":[141,142],"grid":[" "," "," '!% '","!# !!.","!","!","!","!","!","!","!","!","!","!","!","!"]}},"4393":{"4488":{"keys":[141,142],"grid":[" $!$ +"," #!, $"," !!. #","!","!","!","!","!","!","!","!","!","!","!","!","!"]}},"4394":{"4487":{"keys":[141,142],"grid":[" "," "," "," "," "," "," "," "," "," "," "," "," "," 0!!"," +!'"," '!+"]},"4488":{"keys":[141,142],"grid":[" $!."," #!/"," !!0","!","!","!","!","!","!","!","!","!","!","!","!","!"]}},"4395":{"4487":{"keys":[141,142],"grid":[" "," "," "," "," "," "," "," "," "," "," "," "," +!! &","!$ #!( %","!- %","!. #!!"]},"4488":{"keys":[142],"grid":[" "," "," "," "," "," "," "," "," "," "," "," "," "," "," "," "]}},"4396":{"4487":{"keys":[141,142],"grid":[" "," "," "," "," "," "," "," "," "," "," "," "," "," "," ","!$ ."]},"4488":{"keys":[142,141],"grid":[" '!+","00","00"," &!,","03"," '!& &"," "," "," "," "," "," "," "," "," "," "]}},"4397":{"4488":{"keys":[141,142],"grid":[" "," "," "," "," ","!$ .","!% -","!& ,","!% '!# %","!& %!& #","!","!","!","!","!","!"]}},"4379":{"4494":{"keys":[141,142],"grid":[" "," "," "," "," "," "," "," 0!!","!! /!!","08"," /!#"," &!! '!%"," %!-"," &!,","!$ !!-","!"]}},"4589":{"4518":{"keys":[142,143],"grid":[" "," "," "," "," "," "," "," "," "," "," "," "," "," "," "," 0!!"]},"4519":{"keys":[142,143],"grid":[" +!'"," %!-","!","!","!","!","!","!","!","!","!","!","!","!","!","!"]},"4511":{"keys":[141,142],"grid":[" "," "," "," "," "," "," "," 0!!"," *!("," %!-","!","!","!","!","!","!"]}},"4588":{"4519":{"keys":[142,143],"grid":[" "," "," 0!!"," +!'"," &!,","!","!","!","!","!","!","!","!","!","!","!"]},"4511":{"keys":[141,142],"grid":[" "," "," "," "," "," "," "," "," "," "," 0!!"," +!'"," %!-","!","!","!"]}},"4585":{"4512":{"keys":[141,142],"grid":[" "," "," "," 0!!"," +!'"," %!-","!","!","!","!","!","!","!","!","!","!"]},"4519":{"keys":[142,143],"grid":[" "," "," "," "," "," "," "," "," "," "," "," "," .!$"," )!)"," $!.","!"]}},"4584":{"4512":{"keys":[141,142],"grid":[" "," "," "," "," "," "," 0!!"," +!'"," %!-","!","!","!","!","!","!","!"]},"4519":{"keys":[142,143],"grid":[" "," "," "," "," "," "," "," "," "," "," "," "," "," "," "," /!#"]},"4520":{"keys":[142,143],"grid":[" *!("," %!-","!","!","!","!","!","!","!","!","!","!","!","!","!","!"]}},"4377":{"4494":{"keys":[142,141],"grid":[" $!) &"," %!& ("," &!$ )"," "," "," "," "," "," "," "," "," "," "," "," "," "]},"4493":{"keys":[141,142],"grid":[" "," "," "," "," "," "," "," "," "," "," "," "," "," ","!# ,!$","!# *!&"]}},"4586":{"4512":{"keys":[141,142],"grid":[" 0!!"," +!'"," %!-","!","!","!","!","!","!","!","!","!","!","!","!","!"]},"4519":{"keys":[142,143],"grid":[" "," "," "," "," "," "," "," "," "," -!%"," (!*"," #!/","!","!","!","!"]}},"4370":{"4492":{"keys":[141,142],"grid":[" /!! !"," .!# !"," -!%"," ,!&"," +!'","!! '!*","!","!","!","!","!","!","!","!","!","!"]}},"4580":{"4512":{"keys":[142,141],"grid":[" 0!!"," "," "," "," "," "," "," "," "," "," "," "," "," "," "," "]},"4511":{"keys":[141,142],"grid":[" "," "," "," "," "," "," "," "," "," "," ","!% -","!& ,","!) )","!+ '","!/ #"]},"4520":{"keys":[142,143],"grid":[" "," ","!","!","!","!","!","!","!","!","!","!","!","!","!","!"]}},"4583":{"4512":{"keys":[141,142],"grid":[" "," "," "," "," "," "," "," "," "," 0!!"," +!'"," %!-","!","!","!","!"]},"4520":{"keys":[142,143],"grid":[" "," ","!","!","!","!","!","!","!","!","!","!","!","!","!","!"]}},"4582":{"4512":{"keys":[141,142],"grid":[" "," "," ","!$ .","!% -","!& ,","!' +","06","06","05","05","06","!","!","!","!"]},"4520":{"keys":[142,143],"grid":[" "," ","!","!","!","!","!","!","!","!","!","!","!","!","!","!"]}}}}