{"9":{"279":{"297":{"keys":[142,1,145],"grid":[" "," "," "," "," "," "," "," "," "," "," "," "," /!#","12"," .!##!","14"]},"298":{"keys":[142,1,145,""],"grid":[" .!##!"," /!!#!","00"," .!!##"," +!%##"," *!##!!!#$"," '!%#'"," '!!#*","07"," &!##*"," %!##+"," %!!#,","$# !!##,","$$#.","$%#-","14"]}},"281":{"298":{"keys":[142,1,145],"grid":[" "," "," "," "," "," "," "," "," ","!! 0","09","!) )","#!!##%!$ '","#*!# &","#+!$ #!!","#-!%"]}},"280":{"297":{"keys":[142,1,145],"grid":[" "," "," "," "," "," "," "," "," %!! ,","!' +","!%#!!$ )","!!#'!! )","11","#'!# !!# &","#(!& %","#,!! %"]},"298":{"keys":[145,1,142],"grid":[" ,!!#%"," ,!##$","01"," +!##%"," +!!#&","03","01"," -!!#$","07"," -!!##!!"," -!%"," "," "," "," "," "]}},"283":{"298":{"keys":[142,1,145],"grid":[" "," "," "," "," "," -!%"," -!!#$"," ,!##$"," ,!!#%","08"," *!$#%"," '!%#'"," &!##*","12","!! &!##)","!! %!$#)"]},"299":{"keys":[1,145],"grid":[" '!+","!# #!-","!","!","!","!","!","!","!","!","!","!","!","!","!","!"]}},"282":{"298":{"keys":[142,1,145],"grid":[" "," "," "," "," "," "," "," "," "," "," "," "," "," (!( #","!# #!%#$!&","!'#+"]}},"285":{"288":{"keys":[142,1,143],"grid":[" .!!##","!/##","#","#","#","#","#","#","#","#","#","#","#","#","#","#"]},"294":{"keys":[145,1,143],"grid":[" (!$#'"," )!##'"," *!!#'"," *!##&","03","03","03","03"," +!!#&","03","02","02","01"," (!##("," '!##)"," &!##*"]},"295":{"keys":[145,1,143],"grid":[" &!!#+"," %!##+"," %!!#,","01","00","00","00","00","00"," &!!#$!&##"," &!##!!# $!$"," '!$ ("," '!! *"," "," "," "]},"292":{"keys":[143,1],"grid":[" "," "," "," "," "," "," "," "," "," "," "," "," ","!! 0","13","!# /"]},"293":{"keys":[145,1,143],"grid":[" !!!#/"," !!##."," #!##-","02","02"," $!##,"," %!##+"," &!##*"," &!!#+","07"," '!!#*","07","10"," '!##)"," (!!#)"," (!##("]}},"284":{"289":{"keys":[142,1,143],"grid":[" (!!#)","00","00","00","00","00","00","00","00","00","00","00","00","00","00","00"]},"288":{"keys":[142,1,143],"grid":[" "," (!*"," (!!#)","02","02","02","02","02","02","02","02","02","02","02","02","02"]},"298":{"keys":[142,1,145],"grid":[" (!!#)","00","00"," $!&#)","!# !!!#-","!%#-","#","#","#","#","#","#","#","#","#","#"]},"296":{"keys":[142,1,145],"grid":[" (!!#)","00","00","00","00","00","00","00","00","00","00","00","00","00","00","00"]},"297":{"keys":[142,1,145],"grid":[" (!!#)","00","00","00","00","00","00","00","00","00","00","00","00","00","00","00"]},"294":{"keys":[142,1,145],"grid":[" (!!#)","00","00","00","00","00","00","00","00","00","00","00","00","00","00","00"]},"295":{"keys":[142,1,145],"grid":[" (!!#)","00","00","00","00","00","00","00","00","00","00","00","00","00","00","00"]},"292":{"keys":[142,1,143,145],"grid":[" (!!#)","00","00","00","00","00","00"," (!$#'"," (!!$!!##&"," (!!$#!%##"," (!!$&!!##"," (!!$&!##!"," (!!$'!#"," (!!$(!!"," (!!$)","14"]},"293":{"keys":[142,1,145],"grid":[" (!!#)","00","00","00","00","00","00","00","00","00","00","00","00","00","00","00"]},"290":{"keys":[142,1,143],"grid":[" (!!#)","00","00","00","00","00","00","00","00","00","00","00","00","00","00","00"]},"291":{"keys":[142,1,143],"grid":[" (!!#)","00","00","00","00","00","00","00","00","00","00","00","00","00","00","00"]}},"287":{"294":{"keys":[143,1,145],"grid":[" "," "," "," "," "," "," "," "," "," "," /!#"," .!##!"," -!###"," +!$#$"," *!##&"," )!##'"]},"295":{"keys":[143,1,145],"grid":[" )!##'"," )!!#("," (!##("," '!##)"," &!##*","!'#+","!%#-","#","#","#","#","#","#","#","#","#"]}},"286":{"295":{"keys":[143,1,145],"grid":[" "," "," "," "," "," "," 0!!","06","06"," '!# '!#","!0#!","!##+!###","#","#","#","#"]}}},"13":{"4479":{"4765":{"keys":[142,145],"grid":[" #!/"," $!."," &!,"," (!*"," )!)","04"," *!(","06","06","06","04"," '!+","!","!","!","!"]},"4764":{"keys":[142,145],"grid":[" "," "," "," "," "," "," !!% ,","!( *","!+ '","!, &","!- %","!. $","!/ #","!","!"," !!0"]}},"4478":{"4770":{"keys":[145],"grid":[" "," "," "," "," "," "," "," "," "," "," "," "," "," "," "," "]},"4765":{"keys":[142,145],"grid":[" "," "," "," "," "," "," "," "," "," "," "," (!% &"," (!*"," '!+","13","13"]},"4764":{"keys":[142,145],"grid":[" "," "," "," "," "," "," "," "," 0!!","08"," /!#","08","08","08"," "," "]},"4767":{"keys":[142,145],"grid":[" /!#","!# -!#","!$ +!$","!% )!%","!) #!'","!","!","!","!","!","!","!","!","!","!","!"]},"4766":{"keys":[142,145],"grid":[" '!+","00"," (!*"," )!)"," +!'"," -!%"," .!$"," /!#","07"," 0!!","09","09","09","07","07","07"]},"4769":{"keys":[145,142],"grid":[" ","!! 0","!# /","!$ .","!& ,","!' +","!( *","!) )","06","04","04","!% -","03","02","02","01"]},"4768":{"keys":[145],"grid":[" "," "," "," "," "," "," "," "," "," "," "," "," "," "," "," "]}},"4572":{"4729":{"keys":[143,145],"grid":[" "," "," "," "," "," "," ","!! 0","!$ .","!& +!!","!( (!#","!* $!%","!","!","!","!"]},"4609":{"keys":[142,143],"grid":[" "," "," "," "," "," ","!","!","!","!","!","!","!","!","!","!"]}},"4573":{"4730":{"keys":[145,143],"grid":[" *!("," +!'"," ,!&"," -!%"," .!$"," /!#"," 0!!"," "," "," "," "," "," "," "," "," "]},"4729":{"keys":[143,145],"grid":[" "," "," "," "," "," "," "," "," ","!% -","!& ,","!' +","!( *","12","!) )","14"]},"4608":{"keys":[142,143],"grid":[" .!$","00","00","00","00","00","00","00","00","00","00","00","00","00","00","00"]},"4609":{"keys":[142,143],"grid":[" .!$","00","00","00","00","00","!","!","!","!","!","!","!","!","!","!"]}},"4574":{"4730":{"keys":[143,145],"grid":[" "," "," "," "," "," "," "," ","!! 0","!$ &!' #","!","!","!","!","!","!"]}},"4575":{"4730":{"keys":[143,145],"grid":[" "," "," "," "," "," "," "," "," "," ","!! '!& %","!/ #","!","!","!","!"]}},"4576":{"4730":{"keys":[143,145],"grid":[" "," "," "," "," "," "," "," "," "," "," "," "," ","!% -","!) )","!* ("]},"4731":{"keys":[145,143],"grid":[" +!'","00"," ,!&"," .!$"," "," "," "," "," "," "," "," "," "," "," "," "]}},"4577":{"4730":{"keys":[143],"grid":[" "," "," "," "," "," "," "," "," "," "," "," "," "," "," "," "]},"4731":{"keys":[143,145],"grid":[" 0!!"," /!#"," %!-"," !!0","!","!","!","!","!","!","!","!","!","!","!","!"]}},"4471":{"4774":{"keys":[142,145],"grid":[" "," "," "," "," "," "," "," "," .!$"," )!)","09"," #!/","!","!","!","!"]}},"4579":{"4730":{"keys":[143,145],"grid":[" "," "," "," "," "," /!#"," ,!&"," +!'","!% &!(","!","!","!","!","!","!","!"]}},"4473":{"4774":{"keys":[142,145],"grid":[" &!,"," !!0","!","!","!","!","!","!","!","!","!","!","!","!","!","!"]},"4773":{"keys":[142,145],"grid":[" "," "," "," "," "," "," "," "," "," "," 0!!","10"," /!#"," .!$"," ,!&"," *!("]}},"4472":{"4774":{"keys":[142,145],"grid":[" "," "," 0!!"," -!%"," *!("," '!+"," &!,"," $!.","!","!","!","!","!","!","!","!"]}},"4475":{"4772":{"keys":[142,145],"grid":[" "," "," "," "," "," '!( $"," &!* #"," $!- !"," #!. !","!0 !","09","09","09","09","!","!"]}},"4474":{"4772":{"keys":[142,145],"grid":[" "," "," "," "," "," "," "," "," "," "," /!#"," -!%"," +!'"," *!("," (!*"," '!+"]},"4773":{"keys":[142,145],"grid":[" %!-"," $!."," #!/","02","02","02"," !!0","06","06","!","!","!","!","!","!","!"]}},"4477":{"4770":{"keys":[142,145],"grid":[" "," 0!!"," /!#"," .!$"," ,!&"," +!'"," *!(","06","06","06","06","06","06","06","06","05"]},"4771":{"keys":[142,145],"grid":[" +!'","00"," ,!&","02","02"," -!%","05","05","05","05","02","02","00"," *!("," (!*"," &!,"]},"4772":{"keys":[142,145],"grid":[" %!-"," $!."," #!/","02"," !!0","04","!","!","!","!","!","!","!","!","!","!"]},"4767":{"keys":[142,145],"grid":[" &!,","00"," %!-","02","02","02","02"," $!.","07","07","07","07","02","02","02","00"]},"4766":{"keys":[142,145],"grid":[" "," "," "," "," "," "," "," "," "," "," "," "," "," ,!# $"," (!) !"," &!+ !"]},"4768":{"keys":[142,145],"grid":[" &!,"," '!+"," (!*"," )!)"," *!("," ,!&"," -!%"," /!#","07","07"," 0!!","10","10","10"," "," "]}},"4476":{"4772":{"keys":[142,145],"grid":[" "," "," "," "," "," "," "," "," "," 0!!","09"," /!#","11"," .!$","13","!! +!&"]},"4773":{"keys":[145,142],"grid":[" #!) '"," "," "," "," "," "," "," "," "," "," "," "," "," "," "," "]}},"4563":{"4691":{"keys":[145,143],"grid":[" !!0"," )!)","01"," (!*"," &!,"," %!-"," $!."," #!/","!","!","!","!","!","!","!& %!(","!$ '!("]},"4690":{"keys":[143],"grid":[" "," "," "," "," "," "," "," "," "," "," "," "," "," "," "," "]},"4693":{"keys":[145,143],"grid":[" +!'","00","00"," ,!&","03"," -!%"," .!$","06"," /!#","08","08"," 0!!"," "," "," "," "]},"4692":{"keys":[145,143],"grid":[" +!'"," *!(","01"," )!)"," (!*","04","04"," '!+","07","04","04","03","03","01","01","01"]},"4609":{"keys":[142,143],"grid":[" "," "," "," "," "," ","!","!","!","!","!","!","!","!","!","!"]}},"4562":{"4691":{"keys":[145,143],"grid":[" "," "," "," "," "," "," "," "," "," /!#"," .!$","10","10","10","10","09"]},"4690":{"keys":[145,143],"grid":[" &!,","00"," %!-"," $!.","02","02","00","00"," '!+","08"," (!*"," )!)"," 0!!"," "," "," "]},"4609":{"keys":[142,143],"grid":[" "," "," "," "," "," ","!","!","!","!","!","!","!","!","!","!"]},"4692":{"keys":[145],"grid":[" "," "," "," "," "," "," "," "," "," "," "," "," "," "," "," "]},"4689":{"keys":[143,145],"grid":[" "," "," "," "," "," "," "," #!$ ,","!( *","08","08","08","08","!' +","13","13"]}},"4561":{"4687":{"keys":[143,145],"grid":[" "," "," "," "," "," "," "," "," "," "," )!# '"," '!' %"," &!( %","!. $","13","13"]},"4609":{"keys":[142,143],"grid":[" "," "," "," "," "," ","!","!","!","!","!","!","!","!","!","!"]},"4688":{"keys":[145,143],"grid":[" .!$","00"," -!%","02","02"," ,!&","05"," +!'"," (!*"," &!,"," %!-","10","10","10","09","08"]},"4689":{"keys":[145,143],"grid":[" )!)"," *!("," +!'","02","02","02"," ,!&","06"," -!$ !"," "," "," "," "," "," "," "]}},"4560":{"4686":{"keys":[145,143],"grid":[" *!(","00"," )!)","02"," (!*","04","04","02"," ,!&"," -!%","09"," .!$"," /!#","12","12","11"]},"4687":{"keys":[145,143],"grid":[" -!%","00"," .!$"," /!#"," 0!!","04","04","03","02","02","03","04"," "," "," "," "]},"4685":{"keys":[143,145],"grid":[" "," "," "," "," "," "," "," "," "," "," "," ","!! 0","!$ .","!( *","!) )"]},"4609":{"keys":[142,143],"grid":[" "," "," "," "," "," ","!","!","!","!","!","!","!","!","!","!"]}},"4567":{"4704":{"keys":[145,143],"grid":[" "," "," "," "," "," 0!!","05","05","05","05"," "," "," "," "," "," "]},"4703":{"keys":[145,143],"grid":[" -!%","00","00","00","00"," "," "," "," "," "," "," "," "," "," "," "]},"4702":{"keys":[145,143],"grid":[" )!)"," *!(","01","01"," +!'","04","04","04"," ,!&","08"," -!%","10","10","10","10","10"]},"4701":{"keys":[143,145],"grid":[" "," "," "," "," "," "," "," "," ","!# /","!$ .","!% -","!& ,","!' +","!( *","14"]},"4718":{"keys":[145,143],"grid":[" %!-"," $!.","01"," #!/"," !!0","!","!","!","!","!","!","!","!","!","!","!"]},"4731":{"keys":[143,145],"grid":[" "," +!'"," (!*"," &!,"," %!-"," $!.","05","05","05"," #!/","09"," !!0","11","11","!","!"]},"4609":{"keys":[142,143],"grid":[" "," "," "," "," "," ","!","!","!","!","!","!","!","!","!","!"]},"4717":{"keys":[145,143],"grid":[" "," "," "," 0!!"," /!#"," -!%"," +!'"," *!("," )!)"," (!*","09"," '!+","11","11"," &!,","14"]}},"4566":{"4732":{"keys":[145,143],"grid":[" -!# #"," ,!! %"," "," "," "," "," "," "," "," "," "," "," "," "," "," "]},"4730":{"keys":[143,145],"grid":[" "," "," "," ","!# /","!' +","!+ '","06","!, &","08","08","!* (","11","!) )","13","13"]},"4731":{"keys":[145,143],"grid":[" *!(","00","00","00","00","00","00","00"," +!'","08","08"," ,!&","11","11"," -!%"," -!$ !"]},"4695":{"keys":[143,145],"grid":[" "," !!% ,","!' +","!( *","03","03","03","03","03","02","!& ,","!$ ."," "," "," "," "]},"4701":{"keys":[145,143],"grid":[" )!)","00","00"," *!(","03"," ,!&"," .!$"," 0!!"," "," "," "," "," "," "," "," "]},"4697":{"keys":[143,145],"grid":[" "," "," "," "," "," ","!! 0","!# /","!$ .","!% -","!& ,","!' +","!( *","12","12","!) )"]},"4700":{"keys":[145,143],"grid":[" .!$","00"," -!%","02","02"," ,!&","05"," +!'"," *!("," )!)","09","09"," (!*","09","09","09"]},"4699":{"keys":[145,143],"grid":[" .!$"," %!-"," $!."," #!/","03","03"," !!0","06","!","!","!","!' $!(","!& '!&","!% )!%","!$ *!%","00"]},"4698":{"keys":[145,143],"grid":[" )!)"," *!(","01"," +!'"," ,!&","04"," -!%"," .!$","07"," /!#"," 0!!"," "," "," ","10","10"]},"4718":{"keys":[145],"grid":[" "," "," "," "," "," "," "," "," "," "," "," "," "," "," "," "]},"4719":{"keys":[145,143],"grid":[" 0!!","00"," )!# %!#"," (!*","03"," '!+"," &!,"," %!-"," $!."," #!/","09"," !!0","11","11","!","!"]},"4609":{"keys":[142,143],"grid":[" "," "," "," "," "," ","!","!","!","!","!","!","!","!","!","!"]}},"4565":{"4730":{"keys":[145,143],"grid":[" -!%","00"," /!#"," 0!!"," "," "," "," "," "," "," "," "," "," "," "," "]},"4729":{"keys":[145,143],"grid":[" %!-"," &!,"," '!+"," *!("," +!'"," ,!&"," -!%"," .!$"," /!#","08"," 0!!","08","07","07","06","06"]},"4728":{"keys":[145,143],"grid":[" '!+","00","00"," (!*"," )!)"," *!(","05"," +!'","07","07","07","05","04","03","00","00"]},"4697":{"keys":[145,143],"grid":[" (!*","00"," )!)"," +!'"," 0!!"," "," "," "," "," "," "," "," "," "," "," "]},"4696":{"keys":[145,143],"grid":[" +!'","00"," ,!&","02"," -!%","04","04","04","02","00"," )!)"," (!*","11","11","11","11"]},"4725":{"keys":[145,143],"grid":[" (!*","00","00","00","00","00","00","00","00","00"," )!)","10","10"," *!(","13","13"]},"4724":{"keys":[145,143],"grid":[" )!)","00","00","00","00","00","00","00","00","00"," *!(","10","00","00","00"," (!*"]},"4727":{"keys":[145,143],"grid":[" $!.","00"," %!-","02"," &!,"," '!+"," (!*"," )!)"," *!(","07","07","07","07","06","06","05"]},"4726":{"keys":[145,143],"grid":[" *!("," (!*"," &!,"," $!."," #!/","04","04","04","04","04","04","04","04","04","04","03"]},"4721":{"keys":[145,143],"grid":[" #!/"," !!0","01","01","01","01","01","!","!","01","01","01","!","!","!","!"]},"4719":{"keys":[145,143],"grid":[" "," "," "," "," "," "," "," "," "," "," "," "," "," "," "," 0!!"]},"4723":{"keys":[143,145],"grid":[" "," "," "," "," ","!! 0","05","!$ .","07","!% -","!& ,","!' +","!( *","12","!) )","14"]},"4720":{"keys":[145,143],"grid":[" 0!!"," '!& #!$"," &!,"," %!-"," $!.","04","04"," #!/","07","07","07","07","07","07","07","07"]},"4699":{"keys":[145,143],"grid":[" "," "," "," "," "," "," "," "," "," 0!!","09","09","09","09","09"," "]},"4609":{"keys":[142,143],"grid":[" "," "," "," "," "," ","!","!","!","!","!","!","!","!","!","!"]},"4695":{"keys":[145,143],"grid":[" #!/","00"," $!."," $!- !","03"," %!+ #","05"," %!* $"," *!! '"," "," "," +!'"," *!(","12","12","12"]},"4694":{"keys":[143,145],"grid":[" "," "," "," "," "," "," "," &!! +"," %!$ *"," #!' )","!) )","10","!( *","!' +","!% -","!$ ."]}},"4564":{"4693":{"keys":[143,145],"grid":[" "," "," "," "," "," "," "," "," "," "," "," )!% %"," '!( $","!/ #","13","13"]},"4694":{"keys":[145,143],"grid":[" /!#","00","00"," .!$"," -!%","04","04","04","04","03"," "," "," "," "," "," "]},"4721":{"keys":[145,143],"grid":[" "," "," "," "," "," "," "," "," "," "," "," "," "," "," 0!!","14"]},"4723":{"keys":[145,143],"grid":[" 0!!","00","00"," "," "," "," "," "," "," "," "," "," "," "," "," "]},"4722":{"keys":[145,143],"grid":[" /!#","00","00","00","00","00"," 0!!","06","06"," "," "," "," "," "," "," "]},"4609":{"keys":[142,143],"grid":[" "," "," "," "," "," ","!","!","!","!","!","!","!","!","!","!"]}},"4569":{"4707":{"keys":[145,143],"grid":[" '!+","00"," (!*"," )!)"," *!("," +!'"," ,!&"," -!%"," /!#"," 0!!"," "," "," "," "," "," "]},"4706":{"keys":[145,143],"grid":[" +!'","00","00","00"," *!(","04"," (!*"," &!,"," %!-","08","07","07"," '!+","12","12","12"]},"4705":{"keys":[143,145],"grid":[" "," "," "," "," "," "," "," "," ","!( *","!* (","10","!+ '","12","12","12"]},"4704":{"keys":[143,145],"grid":[" ","!! 0","01","01","01","01"," "," "," "," "," ","01","01","01","01","01"]},"4710":{"keys":[145,143],"grid":[" "," "," "," "," "," /!#"," .!$"," -!%","07","07","06","06","05","05"," 0!!"," "]},"4714":{"keys":[145,143],"grid":[" ,!&"," +!'","01","00","00","00","00","00","00","01","01"," *!(","11"," )!)","13","13"]},"4713":{"keys":[145,143],"grid":[" "," "," "," "," "," "," "," /!#"," .!$","08"," -!%","10","10"," ,!&","13","13"]},"4730":{"keys":[143,145],"grid":[" ,!&"," -!%","01","01","01","01","01","!' &!&","!","!","!","!","!","!","!","!"]},"4709":{"keys":[145,143],"grid":[" .!$"," -!%"," ,!&","02","02","02","00"," /!#"," 0!!"," "," "," "," "," "," "," "]},"4708":{"keys":[145,143],"grid":[" "," "," "," "," "," "," "," "," "," "," "," "," 0!!","12"," /!#"," .!$"]},"4716":{"keys":[143],"grid":[" "," "," "," "," "," "," "," "," "," "," "," "," "," "," "," "]},"4609":{"keys":[142,143],"grid":[" "," "," "," "," "," ","!","!","!","!","!","!","!","!","!","!"]},"4729":{"keys":[143,145],"grid":[" "," "," "," "," "," "," "," "," "," "," "," "," "," 0!!"," -!%","14"]},"4715":{"keys":[145,143],"grid":[" )!)"," (!*","01","01","01"," '!+"," &!,"," %!-"," $!.","08"," #!/","10","10","10","10"," !!0"]},"4711":{"keys":[145,143],"grid":[" "," "," "," "," "," "," "," "," 0!!"," .!$","09","09","09"," /!#","08"," "]}},"4568":{"4716":{"keys":[145,143],"grid":[" "," /!#"," -!%"," ,!&"," (!*"," '!+","05"," &!,","07","07","07"," %!-","11"," $!.","13"," #!/"]},"4704":{"keys":[145,143],"grid":[" #!- !!!"," !!, %"," !!+ &","!* (","03","!) )","!( *","06","!' +","08"," !!$ -"," "," "," "," "," "]},"4703":{"keys":[143,145],"grid":[" "," "," "," "," ","!& ,","!( *","06","!) )","08","08","08","06","!' +","!% -","!$ ."]},"4717":{"keys":[145,143],"grid":[" #!/"," !!0","!","!","!","!","!","!","!","!","!","!","!","!","!","!"]},"4730":{"keys":[143,145],"grid":[" "," "," "," "," "," "," "," "," 0!!"," /!#","09"," .!$"," -!%","12"," ,!&"," +!'"]},"4731":{"keys":[143,145],"grid":[" *!(","!% #!+","!","!","!","!","!","!","!","!","!","!","!","!","!","!"]},"4609":{"keys":[142,143],"grid":[" "," "," "," "," "," ","!","!","!","!","!","!","!","!","!","!"]},"4705":{"keys":[145,143],"grid":[" "," 0!!","01"," /!#","03","01","01","01"," "," "," "," "," "," "," "," "]}},"4570":{"4707":{"keys":[143,145],"grid":[" "," "," "," "," "," "," "," "," "," "," ","!! 0","!# /","!$ .","13","!% -"]},"4710":{"keys":[145,143],"grid":[" #!/","00","00"," !!0","!","!","!","!","!","!","!","!","!","!","!","00"]},"4711":{"keys":[145,143],"grid":[" %!-","00","00","00"," $!.","04"," #!/"," !!0","!","!","!","!","!","!","!","07"]},"4712":{"keys":[145,143],"grid":[" #!/"," $!."," %!-"," %!# %!'"," ,!&"," -!%","05","05","04"," +!'"," *!(","10","10","10"," )!)"," (!*"]},"4713":{"keys":[145,143],"grid":[" (!*"," '!+"," &!,"," %!-"," $!."," #!/","!","!","!","!","!","!","!","!","!","!"]},"4709":{"keys":[143,145],"grid":[" "," "," "," "," "," "," "," "," "," ","!! 0","10","10","!# /","13","13"]},"4708":{"keys":[145,143],"grid":[" %!-","00"," $!."," #!/"," !!0","04","!","!","!","!","!","!","!","!","!","!"]},"4609":{"keys":[142,143],"grid":[" "," "," "," "," "," ","!","!","!","!","!","!","!","!","!","!"]},"4729":{"keys":[143,145],"grid":[" "," "," "," "," "," "," "," 0!!"," /!#"," .!$"," ,!&"," *!("," )!)"," '!+","!","!"]}},"4571":{"4729":{"keys":[143,145],"grid":[" "," "," "," "," "," $!, #"," !!0","!","!","!","!","!","!","!","!","!"]},"4609":{"keys":[142,143],"grid":[" "," "," "," "," "," ","!","!","!","!","!","!","!","!","!","!"]}},"4484":{"4761":{"keys":[142,145],"grid":[" )!% %"," (!' $"," (!) !"," '!+"," %!-"," #!/","!","!","!","!","!","!","!","!","!","!"]},"4760":{"keys":[142],"grid":[" "," "," "," "," "," "," "," "," "," "," "," "," "," "," "," "]}},"4485":{"4761":{"keys":[142,145],"grid":[" "," "," ","!! 0","!# /","!$ .","!% -","!& ,","!' +","!( *","!) )","!* (","11","!+ '","!, &","!- %"]},"4762":{"keys":[145,142],"grid":[" -!%","00","00"," .!$","03","03"," /!#"," 0!!"," "," "," "," "," "," "," "," "]}},"4486":{"4762":{"keys":[142,145],"grid":[" "," "," "," "," "," "," "," "," ","!! 0","!' +","!+ #!$ !","!","!","!","!"]},"4765":{"keys":[145],"grid":[" "," "," "," "," "," "," "," "," "," "," "," "," "," "," "," "]}},"4487":{"4763":{"keys":[145,142],"grid":[" %!-","00","00","00","00","00"," &!,","06","06","06","06","00","00","00","00","00"]},"4762":{"keys":[142,145],"grid":[" "," "," "," "," "," "," "," "," "," "," "," ","!! 0","!# /","!$ .","!% -"]},"4765":{"keys":[142,145],"grid":[" "," "," "," "," "," "," "," ","!! 0","08","08","!# /","!$ .","12","!% -","14"]},"4764":{"keys":[145,142],"grid":[" %!-","00"," $!.","02","02","02"," #!/","06","06"," !!0","09","09","09","!","!","!"]},"4766":{"keys":[145,142],"grid":[" &!,"," '!+","01"," (!*"," )!)"," *!("," +!'"," ,!&"," -!%"," /!#"," "," "," "," "," "," "]}},"4480":{"4761":{"keys":[142,145],"grid":[" "," "," "," "," "," "," "," "," "," "," "," "," "," "," "," ,!# #!!"]},"4763":{"keys":[142,145],"grid":[" $!."," &!,","01","01","01","01","01","01"," '!+","08","01","01","01","01","01"," %!-"]},"4762":{"keys":[142,145],"grid":[" *!("," )!)","01"," (!*"," '!+"," &!,"," %!-"," $!.","07","07"," #!/","10","07","07","07","07"]},"4764":{"keys":[142,145],"grid":[" $!.","00"," %!-","02","02","02","02","02","02"," &!,","02","00"," #!/","!","!","!"]}},"4481":{"4761":{"keys":[142,145],"grid":[" "," "," "," "," "," "," "," "," "," "," "," "," "," "," ","!% -"]},"4762":{"keys":[145,142],"grid":[" (!) !"," *!% $"," "," "," "," "," "," "," "," "," "," "," "," "," "," "]}},"4482":{"4761":{"keys":[142,145],"grid":[" "," "," "," "," "," "," "," "," "," "," "," $!% *"," #!( ("," !!) ("," !!* '","!+ '"]},"4762":{"keys":[145,142],"grid":[" -!%"," "," "," "," "," "," "," "," "," "," "," "," "," "," "," "]}},"4483":{"4761":{"keys":[142,145],"grid":[" "," "," "," "," "," "," "," '!+"," &!,"," %!-","09"," $!.","11"," #!/","13"," !!0"]},"4762":{"keys":[145],"grid":[" "," "," "," "," "," "," "," "," "," "," "," "," "," "," "," "]}},"4488":{"4766":{"keys":[142,145],"grid":[" "," "," "," "," +!! &"," )!' #"," (!) !"," '!+"," &!,"," $!.","!","!","!","!","!","!"]}},"4489":{"4765":{"keys":[142,145],"grid":[" "," "," "," "," "," "," "," "," "," "," "," "," "," "," "," -!%"]},"4766":{"keys":[142,145],"grid":[" ,!&"," +!'"," *!("," )!)"," (!*"," '!+"," &!,","!# !!.","!","!","!","!","!","!","!","!"]}},"4578":{"4730":{"keys":[143,145],"grid":[" "," "," "," "," "," "," "," "," .!$"," +!'"," (!*"," &!,"," $!."," #!/"," !!0","!"]}},"4558":{"4684":{"keys":[145,143],"grid":[" ,!&"," "," "," "," "," "," "," "," "," "," "," "," "," "," "," "]},"4683":{"keys":[143,145],"grid":[" "," "," "," "," "," "," ","!% -","!' +","!( *","09","!) )","11","!* (","13","13"]},"4609":{"keys":[142,143],"grid":[" "," "," "," "," "," ","!","!","!","!","!","!","!","!","!","!"]}},"4559":{"4684":{"keys":[143,145],"grid":[" ","!! 0","01","!# /","03","!$ .","05","!% -","!( *","!* (","!- %","!/ #","11","11","11","11"]},"4685":{"keys":[145,143],"grid":[" /!#","00","00"," .!$","03"," -!%","05","05","03"," 0!!","09"," "," "," "," "," "]},"4609":{"keys":[142,143],"grid":[" "," "," "," "," "," ","!","!","!","!","!","!","!","!","!","!"]}},"4556":{"4609":{"keys":[142,143],"grid":[" "," "," "," "," "," ","!","!","!","!","!","!","!","!","!","!"]},"4681":{"keys":[143,145],"grid":[" "," "," "," "," "," "," "," "," "," "," ","!! &!$ (","!! $!( &","!. $","!/ #","!"]}},"4557":{"4609":{"keys":[142,143],"grid":[" "," "," "," "," "," ","!","!","!","!","!","!","!","!","!","!"]},"4682":{"keys":[145,143],"grid":[" #!/"," $!.","01"," %!-","03","03"," &!,","06","06"," '!+"," +!'","10","10"," ,!&","10","10"]},"4683":{"keys":[145,143],"grid":[" +!'","00"," ,!&"," -!%"," .!$","04"," "," "," "," "," "," "," "," "," "," "]},"4681":{"keys":[143,145],"grid":[" "," "," "," "," "," "," "," "," "," "," "," "," "," "," ","!! 0"]}},"4554":{"4609":{"keys":[142,143],"grid":[" "," "," "," "," "," ","!","!","!","!","!","!","!","!","!","!"]},"4680":{"keys":[143,145],"grid":[" "," "," "," "," "," "," "," "," "," "," "," "," "," $!' (","!, &","!- %"]},"4681":{"keys":[145,143],"grid":[" -!%"," .!$"," /!#"," 0!!"," "," "," "," "," "," "," "," "," "," "," "," "]}},"4555":{"4609":{"keys":[142,143],"grid":[" "," "," "," "," "," ","!","!","!","!","!","!","!","!","!","!"]},"4681":{"keys":[143,145],"grid":[" "," "," "," "," +!# %"," *!% $","!! )!& #","!# '!( !","!$ &!)","!$ %!*","!","!","!","!","!","!"]}},"4552":{"4679":{"keys":[143,145],"grid":[" ","!! 0","!( *","!+ '","03","03","03","03","03","!, &","!","!","!","!","!","!"]},"4609":{"keys":[142,143],"grid":[" "," "," "," "," "," ","!","!","!","!","!","!","!","!","!","!"]}},"4553":{"4680":{"keys":[145,143],"grid":[" !!0"," #!/","01"," %!-"," &!,"," (!*"," +!'","06"," ,!&","08","08","08","08"," -!%"," .!$"," "]},"4679":{"keys":[143,145],"grid":[" "," "," "," "," "," "," "," "," ","!! 0","!$ .","10","10","!# /","13","09"]},"4609":{"keys":[142,143],"grid":[" "," "," "," "," "," ","!","!","!","!","!","!","!","!","!","!"]}},"4550":{"4771":{"keys":[142,145],"grid":[" "," "," (!) !"," &!,"," #!/"," !!0","!","!","!","!","!","!","!","!","!","!"]}},"4551":{"4609":{"keys":[142,143],"grid":[" "," "," "," "," "," "," !!0","06","06","06","06","06","06","06","06","06"]},"4707":{"keys":[142,145],"grid":[" !!0","00","00","00","00","00","00","00","00","00","00","00","00","00","00","00"]},"4706":{"keys":[142,145],"grid":[" !!0","00","00","00","00","00","00","00","00","00","00","00","00","00","00","00"]},"4705":{"keys":[142,145],"grid":[" #!/","00","00","00","00","00","00","00","00","00","00","00","00","00","00","00"]},"4704":{"keys":[142,145],"grid":[" #!/","00","00","00","00","00","00","00","00","00","00","00","00","00","00","00"]},"4703":{"keys":[142,145],"grid":[" #!/","00","00","00","00","00","00","00","00","00","00","00","00","00","00","00"]},"4702":{"keys":[142,145],"grid":[" #!/","00","00","00","00","00","00","00","00","00","00","00","00","00","00","00"]},"4679":{"keys":[142,145,143],"grid":[" !!/#!"," !!0","01","01","01","01","01","01","01","01","01","01","01","01","01","01"]},"4678":{"keys":[142,145,143],"grid":[" !!!#/"," !!##."," !!$#-"," !!%#,"," !!'#*"," !!(#)"," !!)#("," !!+#&"," !!,#%"," !!-#$","09","09"," !!.##","12","12"," !!/#!"]},"4677":{"keys":[142,143,145],"grid":[" !!0","00","00","00","00","00","00","00","00","00","00","00","00","00","00"," !#!!/"]},"4676":{"keys":[142,143],"grid":[" !!0","00","00","00","00","00","00","00","00","00","00","00","00","00","00","00"]},"4675":{"keys":[142,143],"grid":[" !!0","00","00","00","00","00","00","00","00","00","00","00","00","00","00","00"]},"4674":{"keys":[142,143],"grid":[" !!0","00","00","00","00","00","00","00","00","00","00","00","00","00","00","00"]},"4673":{"keys":[142,143],"grid":[" !!0","00","00","00","00","00","00","00","00","00","00","00","00","00","00","00"]},"4672":{"keys":[142,143],"grid":[" !!0","00","00","00","00","00","00","00","00","00","00","00","00","00","00","00"]},"4671":{"keys":[142,143],"grid":[" !!0","00","00","00","00","00","00","00","00","00","00","00","00","00","00","00"]},"4670":{"keys":[142,143],"grid":[" !!0","00","00","00","00","00","00","00","00","00","00","00","00","00","00","00"]},"4610":{"keys":[142,143],"grid":[" !!0","00","00","00","00","00","00","00","00","00","00","00","00","00","00","00"]},"4730":{"keys":[142,145],"grid":[" #!/","00","00","00","00","00","00","00","00","00","00","00","00","00","00","00"]},"4731":{"keys":[142,145],"grid":[" #!/","00","00","00","00","00","00","00","00","00","00","00","00","00","00","00"]},"4732":{"keys":[142,145],"grid":[" #!/","00","00","00","00","00","00","00","00","00","00","00","00","00","00","00"]},"4733":{"keys":[142,145],"grid":[" #!/","00","00","00","00","00","00","00","00","00","00","00","00","00","00","00"]},"4648":{"keys":[142,143],"grid":[" !!0","00","00","00","00","00","00","00","00","00","00","00","00","00","00","00"]},"4649":{"keys":[142,143],"grid":[" !!0","00","00","00","00","00","00","00","00","00","00","00","00","00","00","00"]},"4736":{"keys":[142,145],"grid":[" #!/","00","00","00","00","00","00","00","00","00","00","00","00","00","00","00"]},"4737":{"keys":[142,145],"grid":[" #!/","00","00","00","00","00","00","00","00","00","00","00","00","00","00","00"]},"4734":{"keys":[142,145],"grid":[" #!/","00","00","00","00","00","00","00","00","00","00","00","00","00","00","00"]},"4735":{"keys":[142,145],"grid":[" #!/","00","00","00","00","00","00","00","00","00","00","00","00","00","00","00"]},"4642":{"keys":[142,143],"grid":[" !!0","00","00","00","00","00","00","00","00","00","00","00","00","00","00","00"]},"4643":{"keys":[142,143],"grid":[" !!0","00","00","00","00","00","00","00","00","00","00","00","00","00","00","00"]},"4640":{"keys":[142,143],"grid":[" !!0","00","00","00","00","00","00","00","00","00","00","00","00","00","00","00"]},"4739":{"keys":[142,145],"grid":[" #!/","00","00","00","00","00","00","00","00","00","00","00","00","00","00","00"]},"4646":{"keys":[142,143],"grid":[" !!0","00","00","00","00","00","00","00","00","00","00","00","00","00","00","00"]},"4647":{"keys":[142,143],"grid":[" !!0","00","00","00","00","00","00","00","00","00","00","00","00","00","00","00"]},"4644":{"keys":[142,143],"grid":[" !!0","00","00","00","00","00","00","00","00","00","00","00","00","00","00","00"]},"4645":{"keys":[142,143],"grid":[" !!0","00","00","00","00","00","00","00","00","00","00","00","00","00","00","00"]},"4738":{"keys":[142,145],"grid":[" #!/","00","00","00","00","00","00","00","00","00","00","00","00","00","00","00"]},"4641":{"keys":[142,143],"grid":[" !!0","00","00","00","00","00","00","00","00","00","00","00","00","00","00","00"]},"4655":{"keys":[142,143],"grid":[" !!0","00","00","00","00","00","00","00","00","00","00","00","00","00","00","00"]},"4654":{"keys":[142,143],"grid":[" !!0","00","00","00","00","00","00","00","00","00","00","00","00","00","00","00"]},"4657":{"keys":[142,143],"grid":[" !!0","00","00","00","00","00","00","00","00","00","00","00","00","00","00","00"]},"4656":{"keys":[142,143],"grid":[" !!0","00","00","00","00","00","00","00","00","00","00","00","00","00","00","00"]},"4651":{"keys":[142,143],"grid":[" !!0","00","00","00","00","00","00","00","00","00","00","00","00","00","00","00"]},"4650":{"keys":[142,143],"grid":[" !!0","00","00","00","00","00","00","00","00","00","00","00","00","00","00","00"]},"4653":{"keys":[142,143],"grid":[" !!0","00","00","00","00","00","00","00","00","00","00","00","00","00","00","00"]},"4652":{"keys":[142,143],"grid":[" !!0","00","00","00","00","00","00","00","00","00","00","00","00","00","00","00"]},"4659":{"keys":[142,143],"grid":[" !!0","00","00","00","00","00","00","00","00","00","00","00","00","00","00","00"]},"4658":{"keys":[142,143],"grid":[" !!0","00","00","00","00","00","00","00","00","00","00","00","00","00","00","00"]},"4729":{"keys":[142,145],"grid":[" #!/","00","00","00","00","00","00","00","00","00","00","00","00","00","00","00"]},"4728":{"keys":[142,145],"grid":[" #!/","00","00","00","00","00","00","00","00","00","00","00","00","00","00","00"]},"4725":{"keys":[142,145],"grid":[" !!0","00","00","00","00","00","00","00","00","00","00","00","00","00","00","00"]},"4724":{"keys":[142,145],"grid":[" !!0","00","00","00","00","00","00","00","00","00","00","00","00","00","00","00"]},"4727":{"keys":[142,145],"grid":[" !!0","00","00","00","00"," #!/","05","05","05","05","05","05","05","05","05","05"]},"4726":{"keys":[142,145],"grid":[" !!0","00","00","00","00","00","00","00","00","00","00","00","00","00","00","00"]},"4721":{"keys":[142,145],"grid":[" #!/","00"," !!0","02","02","02","02","02","02","02","02","02","02","02","02","02"]},"4720":{"keys":[142,145],"grid":[" !!0","00","00","00","00","00","00"," #!/","07","07","07","07","07","07","07","07"]},"4723":{"keys":[142,145],"grid":[" !!0","00","00","00","00","00","00","00","00","00","00","00","00","00","00","00"]},"4722":{"keys":[142,145],"grid":[" !!0","00","00","00","00","00","00","00","00","00","00","00","00","00","00","00"]},"4620":{"keys":[142,143],"grid":[" !!0","00","00","00","00","00","00","00","00","00","00","00","00","00","00","00"]},"4621":{"keys":[142,143],"grid":[" !!0","00","00","00","00","00","00","00","00","00","00","00","00","00","00","00"]},"4622":{"keys":[142,143],"grid":[" !!0","00","00","00","00","00","00","00","00","00","00","00","00","00","00","00"]},"4623":{"keys":[142,143],"grid":[" !!0","00","00","00","00","00","00","00","00","00","00","00","00","00","00","00"]},"4624":{"keys":[142,143],"grid":[" !!0","00","00","00","00","00","00","00","00","00","00","00","00","00","00","00"]},"4625":{"keys":[142,143],"grid":[" !!0","00","00","00","00","00","00","00","00","00","00","00","00","00","00","00"]},"4626":{"keys":[142,143],"grid":[" !!0","00","00","00","00","00","00","00","00","00","00","00","00","00","00","00"]},"4627":{"keys":[142,143],"grid":[" !!0","00","00","00","00","00","00","00","00","00","00","00","00","00","00","00"]},"4628":{"keys":[142,143],"grid":[" !!0","00","00","00","00","00","00","00","00","00","00","00","00","00","00","00"]},"4629":{"keys":[142,143],"grid":[" !!0","00","00","00","00","00","00","00","00","00","00","00","00","00","00","00"]},"4758":{"keys":[142,145],"grid":[" #!/","00","00","00","00","00","00","00","00","00","00","00","00","00","00","00"]},"4759":{"keys":[142,145],"grid":[" #!/","00","00","00","00","00","00","00","00","00","00","00","00","00","00","00"]},"4701":{"keys":[142,145],"grid":[" #!/","00","00","00","00","00","00","00","00","00","00","00","00","00","00","00"]},"4750":{"keys":[142,145],"grid":[" #!/","00","00","00","00","00","00","00","00","00","00","00","00","00","00","00"]},"4751":{"keys":[142,145],"grid":[" #!/","00","00","00","00","00","00","00","00","00","00","00","00","00","00","00"]},"4752":{"keys":[142,145],"grid":[" #!/","00","00","00","00","00","00","00","00","00","00","00","00","00","00","00"]},"4700":{"keys":[142,145],"grid":[" #!/","00","00","00","00","00","00","00","00","00","00","00","00","00","00","00"]},"4754":{"keys":[142,145],"grid":[" #!/","00","00","00","00","00","00","00","00","00","00","00","00","00","00","00"]},"4755":{"keys":[142,145],"grid":[" #!/","00","00","00","00","00","00","00","00","00","00","00","00","00","00","00"]},"4756":{"keys":[142,145],"grid":[" #!/","00","00","00","00","00","00","00","00","00","00","00","00","00","00","00"]},"4757":{"keys":[142,145],"grid":[" #!/","00","00","00","00","00","00","00","00","00","00","00","00","00","00","00"]},"4633":{"keys":[142,143],"grid":[" !!0","00","00","00","00","00","00","00","00","00","00","00","00","00","00","00"]},"4632":{"keys":[142,143],"grid":[" !!0","00","00","00","00","00","00","00","00","00","00","00","00","00","00","00"]},"4631":{"keys":[142,143],"grid":[" !!0","00","00","00","00","00","00","00","00","00","00","00","00","00","00","00"]},"4630":{"keys":[142,143],"grid":[" !!0","00","00","00","00","00","00","00","00","00","00","00","00","00","00","00"]},"4637":{"keys":[142,143],"grid":[" !!0","00","00","00","00","00","00","00","00","00","00","00","00","00","00","00"]},"4636":{"keys":[142,143],"grid":[" !!0","00","00","00","00","00","00","00","00","00","00","00","00","00","00","00"]},"4635":{"keys":[142,143],"grid":[" !!0","00","00","00","00","00","00","00","00","00","00","00","00","00","00","00"]},"4634":{"keys":[142,143],"grid":[" !!0","00","00","00","00","00","00","00","00","00","00","00","00","00","00","00"]},"4639":{"keys":[142,143],"grid":[" !!0","00","00","00","00","00","00","00","00","00","00","00","00","00","00","00"]},"4638":{"keys":[142,143],"grid":[" !!0","00","00","00","00","00","00","00","00","00","00","00","00","00","00","00"]},"4749":{"keys":[142,145],"grid":[" #!/","00","00","00","00","00","00","00","00","00","00","00","00","00","00","00"]},"4748":{"keys":[142,145],"grid":[" #!/","00","00","00","00","00","00","00","00","00","00","00","00","00","00","00"]},"4743":{"keys":[142,145],"grid":[" #!/","00","00","00","00","00","00","00","00","00","00","00","00","00","00","00"]},"4742":{"keys":[142,145],"grid":[" #!/","00","00","00","00","00","00","00","00","00","00","00","00","00","00","00"]},"4741":{"keys":[142,145],"grid":[" #!/","00","00","00","00","00","00","00","00","00","00","00","00","00","00","00"]},"4740":{"keys":[142,145],"grid":[" #!/","00","00","00","00","00","00","00","00","00","00","00","00","00","00","00"]},"4747":{"keys":[142,145],"grid":[" #!/","00","00","00","00","00","00","00","00","00","00","00","00","00","00","00"]},"4746":{"keys":[142,145],"grid":[" #!/","00","00","00","00","00","00","00","00","00","00","00","00","00","00","00"]},"4745":{"keys":[142,145],"grid":[" #!/","00","00","00","00","00","00","00","00","00","00","00","00","00","00","00"]},"4744":{"keys":[142,145],"grid":[" #!/","00","00","00","00","00","00","00","00","00","00","00","00","00","00","00"]},"4619":{"keys":[142,143],"grid":[" !!0","00","00","00","00","00","00","00","00","00","00","00","00","00","00","00"]},"4611":{"keys":[142,143],"grid":[" !!0","00","00","00","00","00","00","00","00","00","00","00","00","00","00","00"]},"4618":{"keys":[142,143],"grid":[" !!0","00","00","00","00","00","00","00","00","00","00","00","00","00","00","00"]},"4770":{"keys":[142,145],"grid":[" !!0","00","00","00","00","00","00","00","00","00","00","00","00","00","00","00"]},"4771":{"keys":[142,145],"grid":[" !!0","00","00","!","!","!","!","!","!","!","!","!","!","!","!","!"]},"4668":{"keys":[142,143],"grid":[" !!0","00","00","00","00","00","00","00","00","00","00","00","00","00","00","00"]},"4709":{"keys":[142,145],"grid":[" !!0","00","00","00","00","00","00","00","00","00","00","00","00","00","00","00"]},"4669":{"keys":[142,143],"grid":[" !!0","00","00","00","00","00","00","00","00","00","00","00","00","00","00","00"]},"4686":{"keys":[142,145],"grid":[" !!0","00","00","00","00","00","00","00","00","00","00","00","00","00","00","00"]},"4687":{"keys":[142,145],"grid":[" !!0","00","00","00","00","00","00","00","00","00","00","00","00","00","00","00"]},"4684":{"keys":[142,145],"grid":[" !!0","00","00","00","00","00","00","00","00","00","00","00","00","00","00","00"]},"4685":{"keys":[142,145],"grid":[" !!0","00","00","00","00","00","00","00","00","00","00","00","00","00","00","00"]},"4682":{"keys":[142,145],"grid":[" !!0","00","00","00","00","00","00","00","00","00","00","00","00","00","00","00"]},"4683":{"keys":[142,145],"grid":[" !!0","00","00","00","00","00","00","00","00","00","00","00","00","00","00","00"]},"4680":{"keys":[142,145],"grid":[" !!0","00","00","00","00","00","00","00","00","00","00","00","00","00","00","00"]},"4681":{"keys":[142,145],"grid":[" !!0","00","00","00","00","00","00","00","00","00","00","00","00","00","00","00"]},"4688":{"keys":[142,145],"grid":[" !!0","00","00","00","00","00","00","00","00","00","00","00","00","00","00","00"]},"4689":{"keys":[142,145],"grid":[" !!0","00","00","00","00","00","00","00","00","00","00","00","00","00","00","00"]},"4708":{"keys":[142,145],"grid":[" !!0","00","00","00","00","00","00","00","00","00","00","00","00","00","00","00"]},"4753":{"keys":[142,145],"grid":[" #!/","00","00","00","00","00","00","00","00","00","00","00","00","00","00","00"]},"4660":{"keys":[142,143],"grid":[" !!0","00","00","00","00","00","00","00","00","00","00","00","00","00","00","00"]},"4661":{"keys":[142,143],"grid":[" !!0","00","00","00","00","00","00","00","00","00","00","00","00","00","00","00"]},"4761":{"keys":[142,145],"grid":[" #!/","00","00","00","00","00","00","00","00","00","00","00","00","00","00","00"]},"4760":{"keys":[142,145],"grid":[" #!/","00","00","00","00","00","00","00","00","00","00","00","00","00","00","00"]},"4763":{"keys":[142,145],"grid":[" #!/","00","00","00","00","00","00","00","00","00","00","00","00","00","00","00"]},"4762":{"keys":[142,145],"grid":[" #!/","00","00","00","00","00","00","00","00","00","00","00","00","00","00","00"]},"4765":{"keys":[142,145],"grid":[" #!/","00","00","00","00","00","00","00","00","00","00","00","00","00","00","00"]},"4764":{"keys":[142,145],"grid":[" #!/","00","00","00","00","00","00","00","00","00","00","00","00","00","00","00"]},"4767":{"keys":[142,145],"grid":[" #!/","00","00","00","00","00","00","00","00","00","00","00","00","00","00","00"]},"4766":{"keys":[142,145],"grid":[" #!/","00","00","00","00","00","00","00","00","00","00","00","00","00","00","00"]},"4769":{"keys":[142,145],"grid":[" #!/","00","00","00","00"," !!0","05","05","05","05","05","05","05","05","05","05"]},"4768":{"keys":[142,145],"grid":[" #!/","00","00","00","00","00","00","00","00","00","00","00","00","00","00","00"]},"4613":{"keys":[142,143],"grid":[" !!0","00","00","00","00","00","00","00","00","00","00","00","00","00","00","00"]},"4612":{"keys":[142,143],"grid":[" !!0","00","00","00","00","00","00","00","00","00","00","00","00","00","00","00"]},"4615":{"keys":[142,143],"grid":[" !!0","00","00","00","00","00","00","00","00","00","00","00","00","00","00","00"]},"4614":{"keys":[142,143],"grid":[" !!0","00","00","00","00","00","00","00","00","00","00","00","00","00","00","00"]},"4617":{"keys":[142,143],"grid":[" !!0","00","00","00","00","00","00","00","00","00","00","00","00","00","00","00"]},"4616":{"keys":[142,143],"grid":[" !!0","00","00","00","00","00","00","00","00","00","00","00","00","00","00","00"]},"4691":{"keys":[142,145],"grid":[" !!0","00","00","00","00","00","00","00","00","00","00","00","00","00","00","00"]},"4690":{"keys":[142,145],"grid":[" !!0","00","00","00","00","00","00","00","00","00","00","00","00","00","00","00"]},"4693":{"keys":[142,145],"grid":[" #!/","00","00","00","00","00","00","00","00","00","00","00","00","00","00","00"]},"4692":{"keys":[142,145],"grid":[" !!0","00","00","00","00","00","00","00","00","00","00"," #!/","11","11","11","11"]},"4695":{"keys":[142,145],"grid":[" #!/","00","00","00","00","00","00","00","00","00","00","00","00","00","00","00"]},"4694":{"keys":[142,145],"grid":[" #!/","00","00","00","00","00","00","00","00","00","00","00","00","00","00","00"]},"4697":{"keys":[142,145],"grid":[" #!/","00","00","00","00","00","00","00","00","00","00","00","00","00","00","00"]},"4696":{"keys":[142,145],"grid":[" #!/","00","00","00","00","00","00","00","00","00","00","00","00","00","00","00"]},"4699":{"keys":[142,145],"grid":[" #!/","00","00","00","00","00","00","00","00","00","00","00","00","00","00","00"]},"4698":{"keys":[142,145],"grid":[" #!/","00","00","00","00","00","00","00","00","00","00","00","00","00","00","00"]},"4714":{"keys":[142,145],"grid":[" #!/","00","00","00","00","00","00","00","00","00","00","00","00","00","00","00"]},"4715":{"keys":[142,145],"grid":[" #!/","00","00","00","00","00","00","00","00","00","00","00","00","00","00","00"]},"4716":{"keys":[142,145],"grid":[" #!/","00","00","00","00","00","00","00","00","00","00","00","00","00","00","00"]},"4717":{"keys":[142,145],"grid":[" #!/","00","00","00","00","00","00","00"," !!0","08","08","08","08","08","08","08"]},"4710":{"keys":[142,145],"grid":[" !!0","00","00","00","00","00","00","00","00","00","00","00","00","00","00","00"]},"4711":{"keys":[142,145],"grid":[" !!0","00","00","00","00","00","00","00","00","00","00","00","00","00","00","00"]},"4712":{"keys":[142,145],"grid":[" !!0","00","00","00","00"," #!/","05","05","05","05","05","05","05","05","05","05"]},"4713":{"keys":[142,145],"grid":[" #!/","00","00","00","00","00","00","00","00","00","00","00","00","00","00","00"]},"4664":{"keys":[142,143],"grid":[" !!0","00","00","00","00","00","00","00","00","00","00","00","00","00","00","00"]},"4665":{"keys":[142,143],"grid":[" !!0","00","00","00","00","00","00","00","00","00","00","00","00","00","00","00"]},"4666":{"keys":[142,143],"grid":[" !!0","00","00","00","00","00","00","00","00","00","00","00","00","00","00","00"]},"4667":{"keys":[142,143],"grid":[" !!0","00","00","00","00","00","00","00","00","00","00","00","00","00","00","00"]},"4718":{"keys":[142,145],"grid":[" !!0","00","00","00","00","00","00","00","00","00","00","00","00","00","00","00"]},"4719":{"keys":[142,145],"grid":[" !!0","00","00","00","00","00","00","00","00","00","00","00","00","00","00","00"]},"4662":{"keys":[142,143],"grid":[" !!0","00","00","00","00","00","00","00","00","00","00","00","00","00","00","00"]},"4663":{"keys":[142,143],"grid":[" !!0","00","00","00","00","00","00","00","00","00","00","00","00","00","00","00"]}},"4497":{"4779":{"keys":[142,145],"grid":[" "," "," "," "," "," "," "," "," "," "," "," "," "," ","!# /","!$ ."]},"4780":{"keys":[145,142],"grid":[" &!,"," (!*"," *!# &"," "," "," "," "," "," "," "," "," "," "," "," "," "]}},"4496":{"4777":{"keys":[142,145],"grid":[" "," "," "," "," "," "," "," "," "," "," "," "," "," "," ","!& ,"]},"4778":{"keys":[145,142],"grid":[" '!+"," (!*"," )!)"," *!(","03"," +!'","05","05"," ,!&"," -!%","09","08","09","09"," .!$","14"]},"4779":{"keys":[145,142],"grid":[" -!%","00","00","00","00"," ,!&","05","05","05","00"," .!$","10"," /!#","12"," 0!!"," "]}},"4495":{"4777":{"keys":[142,145],"grid":[" "," "," "," "," "," "," "," "," "," "," "," "," "," "," *!& #"," (!*"]},"4778":{"keys":[142,145],"grid":[" (!*","00"," '!+"," &!,","!","!","!","!","!","!","!","!","!","!","!","!"]}},"4494":{"4778":{"keys":[142,145],"grid":[" ","!$ .","!( *","!- %","!","!","!","!","!","!","!","!","!","!","!","!"]}},"4493":{"4778":{"keys":[142,145],"grid":[" "," "," .!$"," -!%"," ,!&"," &!$ #!'"," %!-"," #!/","!","!","!","!","!","!","!","!"]}},"4492":{"4776":{"keys":[145,142],"grid":[" ,!&","00"," +!'","02","02"," *!(","05","05"," )!)","08","05","05","05","05","05","05"]},"4777":{"keys":[145,142],"grid":[" *!(","00"," )!)"," (!*"," '!+","04"," &!,"," %!-","07","07","07","07","06","06","06","06"]},"4774":{"keys":[142,145],"grid":[" "," "," "," "," "," "," "," "," "," "," ","!' +","!) )","!+ '","13","!, &"]},"4775":{"keys":[145,142],"grid":[" ,!&","00","00","00"," +!'","04","04"," *!(","07"," )!)","09","09","07","04","04","04"]},"4770":{"keys":[145,142],"grid":[" %!-","00"," $!.","02","02","02","02","02"," #!/","08","08"," !!0","11","!","!","!"]},"4769":{"keys":[142,145],"grid":[" "," "," "," ","!! 0","04","04","!# /","07","07","!$ .","10","10","!% -","13","13"]},"4778":{"keys":[145,142],"grid":[" &!,","00","00","00","00","00"," %!-","06"," $!."," $!, #"," %!* $"," &!( %"," '!& &"," (!! )"," "," "]}},"4491":{"4767":{"keys":[142,145],"grid":[" ","!! 0","01","01","!$ .","!& ,","05","!' +","!( *","08","!) )","10","!* (","12","12","12"]},"4766":{"keys":[142],"grid":[" "," "," "," "," "," "," "," "," "," "," "," "," "," "," "," "]},"4774":{"keys":[145,142],"grid":[" '!+"," (!*","01","01","01","01","01","00","00","00","00","01"," (!( #"," )!& $"," +!! &"," "]},"4773":{"keys":[142,145],"grid":[" "," "," ","!! 0","!# /","!$ .","05","!% -","07","!& ,","09","09","09","!' +","13","13"]},"4770":{"keys":[145,142],"grid":[" "," "," "," "," "," "," "," "," "," "," "," "," "," "," "," 0!!"]},"4771":{"keys":[145,142],"grid":[" 0!!"," /!#","01"," .!$","03"," ,!&"," +!'","!","!","!","!","!","!","!","!","!"]},"4769":{"keys":[145,142],"grid":[" /!#","00"," 0!!"," "," "," "," "," "," "," "," "," "," "," "," "," "]},"4768":{"keys":[145,142],"grid":[" )!)","00"," (!*","02","02"," '!+","05","02","02","00","00"," *!("," +!'"," ,!&"," -!%"," .!$"]}},"4490":{"4772":{"keys":[145,142],"grid":[" )!)","00","00"," (!*","03","03","03","03","03","00","00"," *!(","11","11","11"," +!'"]},"4771":{"keys":[145,142],"grid":[" "," "," "," "," "," "," "," .!$"," -!%","08"," ,!&","10"," +!'"," *!(","13","13"]},"4765":{"keys":[142,145],"grid":[" "," "," "," "," "," "," "," "," "," "," "," "," "," "," ","!( *"]},"4773":{"keys":[145,142],"grid":[" ,!&"," .!$"," "," "," "," "," "," "," "," "," "," "," "," "," "," "]},"4766":{"keys":[145,142],"grid":[" )!)"," *!(","01"," +!'"," ,!&"," -!%","05"," .!$","07"," /!#"," 0!!","10","10"," "," "," "]}},"4499":{"4779":{"keys":[142,145],"grid":[" "," "," "," "," /!! !"," -!%"," ,!&","!! +!&","!# )!'","!$ (!'","09","!% &!(","!& $!)","!","!","!"]}},"4498":{"4779":{"keys":[142,145],"grid":[" "," "," "," "," "," "," /!! !"," ,!&"," +!'"," *!("," )!)","10"," (!*","12"," '!+"," &!,"]},"4780":{"keys":[142,145],"grid":[" $!."," !!0","!","!","!","!","!","!","!","!","!","!","!","!","!","!"]}},"4549":{"4771":{"keys":[142,145],"grid":[" "," "," "," "," "," "," 0!!"," ,!&"," )!)"," &!,","!","!","!","!","!","!"]}},"4548":{"4771":{"keys":[142,145],"grid":[" "," "," "," "," "," "," "," "," *!! '"," &!) $"," %!-"," $!."," #!/"," !!0","13","!"]}},"4541":{"4773":{"keys":[142,145],"grid":[" "," "," "," "," "," "," "," "," "," 0!!"," /!#"," -!%"," %!% %!%"," #!/"," !!0","14"]}},"4540":{"4774":{"keys":[142,145],"grid":[" 0!!"," /!#"," .!$"," -!%","03","02","02","02","02","02","03","03","03","03","03"," ,!&"]},"4775":{"keys":[142,145],"grid":[" ,!&","00","00"," +!'"," *!("," )!)"," %!-"," $!."," !!0","!","!","!","!","!","!","!"]},"4773":{"keys":[142],"grid":[" "," "," "," "," "," "," "," "," "," "," "," "," "," "," "," "]}},"4543":{"4773":{"keys":[142,145],"grid":[" "," "," "," "," "," "," "," "," ","!! -!$","!$ (!'","!' %!'","!( $!'","12","!","!"]}},"4542":{"4773":{"keys":[142,145],"grid":[" "," "," "," "," "," )!! ("," &!) $"," %!+ #"," $!- !","!","!","!","!","!","!","!"]}},"4545":{"4772":{"keys":[142,145],"grid":[" "," "," "," "," "," "," "," "," "," "," "," !!& +","!, &","!- %","!0 !","!"]},"4773":{"keys":[145],"grid":[" "," "," "," "," "," "," "," "," "," "," "," "," "," "," "," "]}},"4544":{"4772":{"keys":[142,145],"grid":[" "," "," "," "," "," "," "," "," "," "," "," "," 0!!"," .!$"," -!%"," ,!&"]},"4773":{"keys":[142,145],"grid":[" +!'","00"," *!(","02"," )!)"," (!*"," &!,"," %!-"," $!.","!","!","!","!","!","!","!"]}},"4547":{"4772":{"keys":[142,145],"grid":[" +!'"," *!(","01"," )!)","03"," (!*","03","03","03","05","05"," '!+"," &!,","12"," %!-","14"]},"4773":{"keys":[142,145],"grid":[" $!."," #!/"," !!0","!","!","!","!","!","!","!","!","!","!","!","!","!"]},"4771":{"keys":[142,145],"grid":[" "," "," "," "," "," "," "," "," "," "," "," "," "," "," "," ,!&"]}},"4546":{"4773":{"keys":[142,145],"grid":[" ","!! #!! -","!( *","!) )","!","!","!","!","!","!","!","!","!","!","!","!"]}},"4501":{"4779":{"keys":[142,145],"grid":[" "," "," "," "," "," "," "," "," "," "," ","!* (","!+ '","!","!","!"]}},"4503":{"4779":{"keys":[142,145],"grid":[" "," "," "," "," "," "," "," "," "," "," "," "," "," "," ,!! %","!# (!& #"]},"4780":{"keys":[145,142],"grid":[" &!% '!!"," (!! (!!"," "," "," "," "," "," "," "," "," "," "," "," "," "," "]}},"4502":{"4779":{"keys":[142,145],"grid":[" "," "," "," "," "," "," "," "," "," "," "," "," ","!! 0","!/ #","!"]}},"4538":{"4778":{"keys":[142,145],"grid":[" "," "," "," "," "," "," "," /!#"," -!%"," +!'"," *!("," (!*"," #!/"," !!0","!","!"]}},"4539":{"4776":{"keys":[142,145],"grid":[" -!%","00"," .!$","00","02","00","00","00"," ,!&","08"," +!'","10","10","10","10","10"]},"4777":{"keys":[142,145],"grid":[" +!'","00","00","00"," *!(","04","04","04","04","04","04","04"," )!)"," '!+"," &!,"," %!-"]},"4775":{"keys":[142,145],"grid":[" "," "," "," "," "," "," "," "," "," /!#"," .!$","10","10"," -!%","13","13"]},"4778":{"keys":[142,145],"grid":[" $!.","00"," #!/"," !!0","03","!","!","!","!","!","!","!","!","!","!","!"]}},"4534":{"4779":{"keys":[142,145],"grid":[" "," "," 0!!"," -!%"," +!'"," )!)"," (!*"," '!+","07"," &!,","09"," %!-","11"," $!.","13","13"]},"4783":{"keys":[142,145],"grid":[" "," "," "," "," "," "," "," ","!& +!!","!) '!#","!, #!$","!","!","!","!","!"]},"4782":{"keys":[142,145],"grid":[" !!0"," #!/","01"," $!.","03","03"," %!-","06"," &!,"," '!+","09"," )!# $!$"," /!#"," 0!!"," "," "]},"4781":{"keys":[145,142],"grid":[" "," "," "," "," "," "," "," "," "," "," "," "," ","!! 0","13","13"]},"4780":{"keys":[142,145],"grid":[" $!.","00"," #!/","02"," !!0","04","04","!","!","!","!","!","!","!","!","!"]}},"4535":{"4783":{"keys":[142,145],"grid":[" !!0"," #!/","01","01","00","00","!","!","!","!","!","!","!","!","!","!"]},"4782":{"keys":[145,142],"grid":[" "," "," "," "," "," "," "," "," "," "," "," "," "," "," ","!! 0"]},"4779":{"keys":[142,145],"grid":[" "," !!% ,","!( *","!","!","!","!","!","!","!","!","!","!","!","!","!"]}},"4536":{"4779":{"keys":[142,145],"grid":[" "," "," ","!! .!! !","!# *!&","!& !!+","!","!","!","!","!","!","!","!","!","!"]}},"4537":{"4778":{"keys":[142,145],"grid":[" "," "," "," "," "," "," "," "," "," "," "," "," "," "," "," 0!!"]},"4779":{"keys":[142,145],"grid":[" .!$"," ,!&"," !!% &!'","!","!","!","!","!","!","!","!","!","!","!","!","!"]}},"4530":{"4785":{"keys":[145,142],"grid":[" &!,"," (!*"," +!'"," /!#"," "," "," "," "," "," "," "," "," "," "," "," "]},"4784":{"keys":[142,145],"grid":[" "," "," "," "," "," "," "," "," "," "," "," "," "," "," ","!! 0"]}},"4531":{"4785":{"keys":[142,145],"grid":[" (!! (!!"," &!,"," %!-"," #!/","!","!","!","!","!","!","!","!","!","!","!","!"]},"4784":{"keys":[142],"grid":[" "," "," "," "," "," "," "," "," "," "," "," "," "," "," "," "]}},"4532":{"4784":{"keys":[142,145],"grid":[" "," "," "," "," "," "," "," "," 0!!"," /!#"," .!$"," -!%"," +!'"," '!+"," &!,","!"]}},"4533":{"4784":{"keys":[142,145],"grid":[" (!*"," '!+","01"," %!-"," $!."," #!/"," !!0","!","!","!","!","!","!","!","!","!"]},"4783":{"keys":[142,145],"grid":[" "," "," "," "," "," "," "," "," /!#"," .!$"," -!%"," +!'"," *!(","12"," )!)","14"]},"4781":{"keys":[142,145],"grid":[" .!$","00","00","00","00","00"," /!#","06","06","06"," 0!!","10"," "," "," "," "]},"4780":{"keys":[142,145],"grid":[" "," "," "," "," "," "," "," "," 0!!","08","08","08"," /!#","12","12"," .!$"]}},"4606":{"4714":{"keys":[143,145],"grid":[" "," "," "," "," "," "," "," "," "," "," "," "," $!% *"," #!( '!!"," #!/","14"]},"4715":{"keys":[143,145],"grid":[" #!/"," !!0","!","!","!","!","!","!","!","!","!","!","!","!","!","!"]}},"4607":{"4714":{"keys":[143,145],"grid":[" "," "," &!$ )"," %!' '"," %!( &"," $!+ $"," $!- !"," $!."," #!/","08","08"," !!0","!","!","!","!"]}},"4604":{"4716":{"keys":[143,145],"grid":[" "," "," "," "," 0!!"," /!#","05","05","05","04","04","04","04"," "," "," "]},"4717":{"keys":[143,145],"grid":[" "," "," 0!!"," #!& )!!","!) '!#","!+ $!$","!","!","!","!","!","!","!","!","!","!"]}},"4605":{"4715":{"keys":[143,145],"grid":[" "," "," "," /!#"," -!%"," ,!&","05","05","05","04"," .!$","10","03","03","10","10"]},"4716":{"keys":[143,145],"grid":[" ,!&"," +!'"," *!("," )!)","!# &!*","!","!","!","!","!","!","!","!","!","!","!"]}},"4602":{"4717":{"keys":[143,145],"grid":[" "," "," "," "," "," "," "," "," "," "," "," 0!!"," .!$"," *!("," $!."," #!/"]},"4718":{"keys":[143,145],"grid":[" !!0","00","!","!","00","00","00","00","!","!","!","!","!","!","!","!"]}},"4603":{"4717":{"keys":[143,145],"grid":[" "," "," "," "," 0!!"," /!#","05"," .!$","07","07"," -!%","!% )!%","!( $!'","!","!","!"]}},"4600":{"4722":{"keys":[143,145],"grid":[" %!-"," #!/","!","!","!","!","!","!","!","!","!","!","!","!","!","!"]},"4721":{"keys":[143,145],"grid":[" ,!&"," *!("," (!*"," '!+"," &!,"," %!-","05","05","05","05","04","03","03","03","03","04"]},"4719":{"keys":[143,145],"grid":[" "," "," "," 0!!","03"," "," "," "," "," "," "," "," "," "," "," "]},"4720":{"keys":[143,145],"grid":[" 0!!"," /!#"," -!%","02","02","02","02","02"," .!$","08","08","08","08","08","08","02"]}},"4601":{"4718":{"keys":[143,145],"grid":[" "," "," "," "," "," "," "," "," 0!!"," .!$"," -!%"," ,!&"," *!("," )!)"," '!+"," $!."]},"4720":{"keys":[145],"grid":[" "," "," "," "," "," "," "," "," "," "," "," "," "," "," "," "]},"4719":{"keys":[143,145],"grid":[" !!0","!","!","!","!","!","!","00"," #!/","08"," $!.","10","10","10","08","00"]}},"4529":{"4784":{"keys":[142,145],"grid":[" "," "," ","!$ .","!' +","!( *","!* (","!+ '","!, &","08","!- %","!/ #","!0 !","12","!","!"]}},"4528":{"4784":{"keys":[145,142],"grid":[" )!)","00","00"," +!% #"," "," "," "," "," "," "," "," "," "," "," "," "]},"4783":{"keys":[145,142],"grid":[" !!0"," $!."," %!-","02","02"," &!,","05","05"," '!+","08"," (!*","10","10","10","10"," )!)"]},"4782":{"keys":[142,145],"grid":[" "," "," "," "," "," "," "," "," "," "," "," "," "," "," ","!! 0"]}},"4527":{"4782":{"keys":[142,145],"grid":[" "," "," "," "," "," "," ","!# /","!% -","!' +","!, &","!. $","!/ #","!0 !","!","!"]}},"4526":{"4782":{"keys":[142,145],"grid":[" "," "," ","!! 0","!$ .","!0 !","!","!","!","!","!","!","!","!","!","!"]}},"4525":{"4782":{"keys":[145,142],"grid":[" $!."," *!("," -!%"," "," "," "," "," "," "," "," "," "," "," "," "," "]},"4781":{"keys":[142],"grid":[" "," "," "," "," "," "," "," "," "," "," "," "," "," "," "," "]}},"4524":{"4782":{"keys":[142,145],"grid":[" $!' '!!","!+ %!#","!","!","!","!","!","!","!","!","!","!","!","!","!","!"]},"4781":{"keys":[142,145],"grid":[" "," "," "," "," "," "," "," "," "," "," "," "," "," "," "," %!# +"]}},"4523":{"4782":{"keys":[145],"grid":[" "," "," "," "," "," "," "," "," "," "," "," "," "," "," "," "]},"4781":{"keys":[142,145],"grid":[" "," "," "," "," "," "," "," "," "," "," "," "," "," ","!$ &!# '","!& #!% &"]}},"4522":{"4781":{"keys":[142,145],"grid":[" "," "," "," "," "," "," "," "," "," "," ","!+ '","!. $","!/ #","!","!"]}},"4521":{"4781":{"keys":[142,145],"grid":[" "," "," "," "," "," "," "," "," "," "," "," 0!!"," .!$"," -!%"," '!+","!"]}},"4520":{"4781":{"keys":[142,145],"grid":[" "," "," "," "," "," "," "," "," "," "," "," "," "," ","!' +","!* #!&"]}},"4518":{"4782":{"keys":[142,145],"grid":[" "," "," "," "," "," (!*"," &!,"," #!/","!","!","!","!","!","!","!","!"]}},"4519":{"4782":{"keys":[142,145],"grid":[" ,!&"," +!'"," *!("," (!*"," %!-","!","!","!","!","!","!","!","!","!","!","!"]},"4781":{"keys":[142,145],"grid":[" "," "," "," "," "," "," "," "," "," "," "," "," "," "," /!#"," .!$"]}},"4512":{"4783":{"keys":[145,142],"grid":[" '!$ ("," "," "," "," "," "," "," "," "," "," "," "," "," "," "," "]},"4782":{"keys":[142],"grid":[" "," "," "," "," "," "," "," "," "," "," "," "," "," "," "," "]}},"4513":{"4783":{"keys":[145,142],"grid":[" ,!&"," -!%"," .!$"," /!#"," "," "," "," "," "," "," "," "," "," "," "," "]},"4782":{"keys":[142,145],"grid":[" "," "," "," "," "," "," "," "," "," "," "," "," "," "," "," '!% '"]}},"4510":{"4783":{"keys":[142,145],"grid":[" "," "," "," "," +!# %"," )!)"," (!*","06"," '!+"," &!,"," %!-"," $!."," !!0","!","!","!"]}},"4511":{"4783":{"keys":[142,145],"grid":[" )!)","00"," (!*","02"," '!+","!! %!,","!","!","!","!","!","!","!","!","!","!"]},"4782":{"keys":[142,145],"grid":[" "," "," "," "," "," "," "," "," "," "," "," "," "," "," *!$ %"," )!)"]}},"4516":{"4783":{"keys":[142,145],"grid":[" %!' '"," !!, %","!0 !","!","!","!","!","!","!","!","!","!","!","!","!","!"]},"4782":{"keys":[142],"grid":[" "," "," "," "," "," "," "," "," "," "," "," "," "," "," "," "]}},"4517":{"4783":{"keys":[142,145],"grid":[" '!+"," &!,"," %!-","!","!","!","!","!","!","!","!","!","!","!","!","!"]},"4782":{"keys":[142,145],"grid":[" "," "," "," "," "," "," "," "," 0!!"," -!%"," ,!&","10"," +!'"," *!("," )!)"," (!*"]}},"4514":{"4783":{"keys":[142,145],"grid":[" "," "," "," ","!! 0","!) )","!","!","!","!","!","!","!","!","!","!"]}},"4515":{"4783":{"keys":[142,145],"grid":[" "," "," "," 0!!"," .!$"," +!'"," '!+","!","!","!","!","!","!","!","!","!"]}},"4592":{"4725":{"keys":[143,145],"grid":[" "," "," "," "," "," "," "," "," "," "," "," "," "," *!% $"," )!( !"," '!+"]},"4726":{"keys":[143,145],"grid":[" &!,"," %!-","!","!","!","!","!","!","!","!","!","!","!","!","!","!"]}},"4593":{"4725":{"keys":[143,145],"grid":[" "," "," "," "," "," "," "," "," "," "," "," "," "," "," ","!& ,"]},"4726":{"keys":[145,143],"grid":[" *!("," "," "," "," "," "," "," "," "," "," "," "," "," "," "," "]}},"4590":{"4730":{"keys":[143,145],"grid":[" -!%"," ,!&"," *!("," )!)"," (!*"," '!+"," &!,"," %!-"," $!."," #!/"," !!0","!","!","!","!","!"]},"4729":{"keys":[143,145],"grid":[" "," "," "," "," "," "," "," "," "," "," "," "," "," "," 0!!"," .!$"]}},"4591":{"4727":{"keys":[143,145],"grid":[" )!)"," *!("," +!'"," ,!&"," -!%","04"," .!$","06","04","04","04","04","04","04","04","04"]},"4726":{"keys":[143,145],"grid":[" "," "," 0!!"," .!$"," -!%"," ,!&"," +!'"," *!("," )!)"," (!*"," '!+","10","10","10","10","09"]},"4729":{"keys":[143,145],"grid":[" ,!&","00","00","00","00"," +!'","05"," (!*"," '!+"," &!,"," %!-"," $!."," #!/"," !!0","!","!"]},"4728":{"keys":[143,145],"grid":[" -!%","00","00","00","00"," .!$","05"," /!#","07","07"," 0!!","07","07","05","00","00"]}},"4596":{"4725":{"keys":[143,145],"grid":[" "," "," "," "," /!#"," .!$"," -!%"," ,!&"," )!)"," %!-"," #!/"," !!0","!","!","!","!"]}},"4597":{"4725":{"keys":[143,145],"grid":[" /!#"," .!$"," &!$ %!%","!","!","!","!","!","!","!","!","!","!","!","!","!"]},"4724":{"keys":[143,145],"grid":[" "," "," "," "," "," "," "," "," "," "," "," "," "," "," 0!!","14"]}},"4594":{"4725":{"keys":[143,145],"grid":[" "," "," "," "," "," "," "," "," "," "," "," "," "," "," "," /!#"]},"4726":{"keys":[143,145],"grid":[" +!'","!","!","!","!","!","!","!","!","!","!","!","!","!","!","!"]}},"4595":{"4725":{"keys":[143,145],"grid":[" "," "," "," "," "," "," "," "," "," "," "," "," 0!!"," /!#"," -!%","!! +!&"]},"4726":{"keys":[145,143],"grid":[" %!& ("," "," "," "," "," "," "," "," "," "," "," "," "," "," "," "]}},"4598":{"4724":{"keys":[143,145],"grid":[" &!,","00","00","00"," %!-","04","04"," $!.","07"," #!/","09"," !!0","11","!","!","!"]},"4723":{"keys":[143,145],"grid":[" "," "," "," "," 0!!","04","04","04"," /!#"," .!$"," *!("," (!*","11"," '!+","13"," &!,"]}},"4599":{"4723":{"keys":[143,145],"grid":[" !!0","!","!","!","!","!","!","!","!","!","!","!","!","!","!","!"]},"4722":{"keys":[143,145],"grid":[" "," "," "," /!#"," -!%"," ,!&"," +!'","06","06","06","06","06","05","05","06"," #!/"]}},"4505":{"4781":{"keys":[145,142],"grid":[" '!+"," (!*"," )!)"," *!(","03"," ,!&"," -!%"," .!$"," /!#","08","08","08","08"," 0!!"," "," "]},"4780":{"keys":[142,145],"grid":[" "," "," "," "," "," "," "," "," "," "," ","!! 0","11","!# /","13","!$ ."]}},"4504":{"4780":{"keys":[142,145],"grid":[" "," "," "," "," ","!! 0","05","!! )!$ %","!$ %!( #","!0 !","!","!","!","!","!","!"]}},"4507":{"4782":{"keys":[142,145],"grid":[" "," "," "," "," "," "," "," "," "," "," '!! *"," %!& ("," #!+ %","!/ #","!0 !","!"]}},"4506":{"4782":{"keys":[145,142],"grid":[" $!."," %!-","01"," &!,","03"," '!+","05","05"," (!*"," )!)"," *!("," +!'"," ,!&"," "," "," "]},"4781":{"keys":[142,145],"grid":[" "," "," "," "," "," "," "," "," "," "," "," "," "," "," ","!! 0"]}},"4470":{"4776":{"keys":[142,145],"grid":[" '!+","00","00","00","00","00","00","00","00"," &!,"," %!-","10"," $!.","12"," #!/","14"]},"4777":{"keys":[142,145],"grid":[" !!0","!","!","!","!","!","!","!","!","!","!","!","!","!","!","!"]},"4774":{"keys":[142,145],"grid":[" "," "," "," "," "," "," "," "," "," "," "," "," "," 0!!"," .!$"," -!%"]},"4775":{"keys":[142,145],"grid":[" ,!&","00","00","00"," *!(","04"," )!)"," (!*","07","07","07","07","07"," '!+","13","13"]}},"4500":{"4779":{"keys":[142,145],"grid":[" "," "," "," "," "," ","!# /","!$ .","!% -","!& ,","!' +","!* $!%","!","!","!","!"]}},"4468":{"4779":{"keys":[142,145],"grid":[" /!#"," .!$"," -!%","02"," ,!&"," +!'","05"," *!("," )!)","08"," (!*"," '!+","11"," &!,","13"," %!-"]},"4778":{"keys":[142,145],"grid":[" "," "," "," "," "," "," "," "," "," "," "," "," "," 0!!","13"," /!#"]},"4780":{"keys":[142,145],"grid":[" $!.","00"," #!/"," !!0","03","!","!","!","!","!","!","!","!","!","!","!"]}},"4469":{"4777":{"keys":[142,145],"grid":[" "," "," "," 0!!","03"," /!#","05"," .!$","07"," -!%"," ,!&","10"," +!'","12"," *!("," )!)"]},"4778":{"keys":[142,145],"grid":[" )!)"," (!*","01"," '!+"," &!,","04"," %!-"," $!.","07"," #!/"," !!0","10","!","!","!","!"]}},"4467":{"4780":{"keys":[142,145,""],"grid":[" "," "," "," "," "," "," 0!!","06","#% +!#","#% *!$","09","#% )!%","#* $!%","#+ !!&","#,!&","14"]}},"4509":{"4783":{"keys":[142,145],"grid":[" "," "," "," ","!! 0","!$ .","!' +","!( *","!* (","!+ '","!, &","10","!- %","!/ #","!","!"]}},"4508":{"4783":{"keys":[145,142],"grid":[" !!0"," $!."," %!-"," &!,"," (!' $"," "," "," "," "," "," "," "," "," "," "," "]},"4782":{"keys":[142],"grid":[" "," "," "," "," "," "," "," "," "," "," "," "," "," "," "," "]}},"4589":{"4730":{"keys":[143,145],"grid":[" "," "," "," "," "," "," "," "," "," "," "," "," %!# *!!"," $!& '!#"," #!( $!%"," !!0"]},"4731":{"keys":[145],"grid":[" "," "," "," "," "," "," "," "," "," "," "," "," "," "," "," "]}},"4588":{"4730":{"keys":[143],"grid":[" "," "," "," "," "," "," "," "," "," "," "," "," "," "," "," "]},"4731":{"keys":[145,143],"grid":[" !!' &!$ !"," "," "," "," "," "," "," "," "," "," "," "," "," "," "," "]}},"4585":{"4730":{"keys":[143,145],"grid":[" "," "," "," "," "," "," "," ","!! 0","08","!$ .","!% -","!' +","!) )","!, %!!","!"]}},"4584":{"4730":{"keys":[143,145],"grid":[" "," ","!! 0","!# /","!$ .","!% -","!& ,","!0 !","!","!","!","!","!","!","!","!"]}},"4587":{"4730":{"keys":[143,145],"grid":[" "," "," "," "," "," "," ","!( *","!* (","!+ '","!, &","!- %","!. $","!/ #","!0 !","14"]}},"4586":{"4730":{"keys":[143,145],"grid":[" "," "," "," "," "," "," 0!!"," /!#"," #!% (!$"," #!' %!%"," !!* !!&"," !!0","!","!","!","!"]}},"4581":{"4730":{"keys":[143,145],"grid":[" )!# '"," '!) #"," &!,"," %!-"," $!.","04"," #!/"," !!0","!","!","!","!","!","!","!","!"]}},"4580":{"4730":{"keys":[143,145],"grid":[" "," "," "," "," "," ","!# /","!% -","!& +!!","!' (!$","!","!","!","!","!","!"]}},"4583":{"4730":{"keys":[145,143],"grid":[" *!("," 0!!"," "," "," "," "," "," "," "," "," "," "," "," "," "," "]},"4729":{"keys":[143,145],"grid":[" "," "," "," "," "," "," "," "," "," "," "," "," "," "," ","!& ,"]}},"4582":{"4730":{"keys":[143,145],"grid":[" ,!&"," *!(","!' !!*","!","!","!","!","!","!","!","!","!","!","!","!","!"]},"4729":{"keys":[143,145],"grid":[" "," "," "," "," "," "," "," "," "," "," "," "," "," "," "," /!#"]}}}}