{"9":{"277":{"127":{"keys":[91,1],"grid":[" "," "," "," "," "," "," "," "," "," "," "," "," "," "," "," 0!!"]}},"278":{"124":{"keys":[91,1,90],"grid":[" "," "," "," "," "," 0!!","05"," /!#"," /!!#!","08","08","07","05","05"," "," "]},"126":{"keys":[91,1,90],"grid":[" "," "," "," "," "," 0!!"," /!#"," .!##!"," .!!##"," -!###"," -!!#$"," ,!##$"," ,!!#%"," +!##%"," +!!#&"," *!##&"]},"127":{"keys":[91,1,90],"grid":[" )!##'"," )!!#("," (!##("," (!!#)"," '!##)"," '!!#*"," &!##*"," %!##+"," %!!#,"," $!##,"," $!!#-"," #!##-"," !!##.","!##/","!!#0","14"]}},"279":{"122":{"keys":[91,1,90],"grid":[" "," "," "," "," "," "," "," "," "," "," 0!!"," /!#"," .!##!"," -!###"," -!!#$","14"]},"123":{"keys":[91,1,90],"grid":[" -!!#$"," ,!##$"," ,!!#%","02","02"," +!##%"," +!!#&","06"," *!##&"," *!!#'","09","09"," )!##'"," )!!#(","13"," (!##("]},"124":{"keys":[91,1,90],"grid":[" (!!#)"," '!##)"," '!!#*"," &!##*"," !!&#+","!##/","#","#","#","#","#","#","#","!!#0","13","05"]},"125":{"keys":[91,1,90],"grid":[" !!!#/"," !!##."," #!!#."," #!##-"," $!!#-"," $!##,"," %!!#,"," %!##+"," &!!#+","08","08","08","08","08","07","06"]},"126":{"keys":[91,1,90],"grid":[" %!!#,","00"," #!$#,"," !!##.","!##/","!!#0","#","#","#","#","#","#","#","#","#","#"]}},"281":{"120":{"keys":[91,1,90],"grid":[" "," "," "," "," "," 0!!"," .!$"," -!###"," -!!#$","08","08","08","08","08"," ,!##$"," ,!!#%"]},"121":{"keys":[91,1,90],"grid":[" ,!##$"," -!!#$","01","01","01","01","01","01","01","01","01"," -!###","11","01","00"," ,!!#%"]},"122":{"keys":[91,1,90],"grid":[" ,!!#%"," +!##%"," +!!#&"," *!##&","!! )!!#'","!# (!!#'","#!!$ %!##'","#$!# $!!#(","#%!# !!##(","#&!$#)","#'!##)","#","#","#","#","#"]}},"280":{"122":{"keys":[91,1,90],"grid":[" "," )!$ &"," )!!#!!$ $"," (!##$!$ !"," (!!#'!#"," '!##)"," %!$#*"," $!##,"," #!##-"," !!##.","!##/","#","#","#","#","#"]}},"283":{"120":{"keys":[91,1,90],"grid":[" "," "," "," "," "," "," "," ","!! 0","!$ .","##!$ ,","#%!% )","#(!$ '","#*!$ %","#,!$ #","#.!$"]},"121":{"keys":[90,1],"grid":[" 0!!"," "," "," "," "," "," "," "," "," "," "," "," "," "," "," "]}},"282":{"120":{"keys":[91,1,90],"grid":[" "," "," "," "," #!# -","!& ,","#%!# +","#&!# *","#'!# $!&","#(!&#%","#","#","#","#","#","#"]}},"285":{"117":{"keys":[91,1,112],"grid":[" "," "," "," "," "," "," "," "," "," 0!!"," /!#"," /!!#!"," .!##!"," .!!##","13","12"]},"119":{"keys":[90,1,112],"grid":[" ,!$##"," ,!&"," 0!!","02"," "," "," "," "," "," "," "," "," "," "," "," "]},"118":{"keys":[91,1,112,90],"grid":[" /!!#!"," /!#"," (!! (!!"," '!% &!!"," &!###!# &"," %!##%!$ #!!","!&#(!# !!!","$%!%#&!$","$(!$#&!!","$*!!#'","$*!##&","$+!##%","$,!!#%","11","11","11"]}},"284":{"120":{"keys":[91,1,90],"grid":[" +!##%"," *!##&"," *!!#'"," )!##'"," (!##("," &!$#)"," &!##*"," '!##)"," (!$#'"," *!$#%"," ,!##$","00","01","03"," )!!#(","04"]},"121":{"keys":[1,91,90],"grid":[" #!% ##)","#! $!! ##*","#$ $#+","#","#","#","#","#","#","#","#","#","#","#","#","#"]},"119":{"keys":[91,1,90],"grid":[" /!!#!","00","00","00","00","00","00","00"," .!##!"," .!!##","09"," -!###"," -!!#$","12"," ,!##$"," ,!!#%"]},"118":{"keys":[91,1,90],"grid":[" "," "," "," "," "," "," /!#"," )!(#!"," )!##'"," *!##&"," +!##%"," ,!!#%"," ,!##$"," -!###"," .!##!"," /!!#!"]}},"287":{"120":{"keys":[112,1,90],"grid":[" "," "," "," ","!$ .","##!# -","#$!# ,","#%!! ,","07","#%!# +","#&!$ !!% $","#&!+ !","#-!%","#-!!##!!","#","#"]},"117":{"keys":[91,1],"grid":[" "," "," "," "," "," "," "," "," "," "," "," "," "," "," ","!! 0"]},"119":{"keys":[112,1,91],"grid":[" *!!#'"," *!##&"," +!##%"," ,!!#%"," ,!##$"," -!!#$","05","05","05","05"," -!##!!!"," .!$"," .!! #"," "," "," "]},"118":{"keys":[1,91,112],"grid":[" #!/","#! !!/","#! #!.","## #!-","#$ !!-","#$ #!,","#% #!+","#& !!+","#& #!*","#' !!*","#' #!)","#( !!)","#( #!(","#) !!(","13","#) #!'"]}},"286":{"120":{"keys":[90,1,112],"grid":[" -!###"," .!##!","01","01"," /!#"," "," "," "," "," "," "," "," "," "," "," "]},"117":{"keys":[91,1,112],"grid":[" "," "," "," "," "," "," $!% *"," #!###!% '","!$#'!% $","!!#,!! $","#-!# #","#.!! #","#.!# !","#/!#","#0!!","14"]},"119":{"keys":[112,1,90],"grid":[" "," "," ","!! 0","!# /","#!!# .","##!# -","#$!! -","#$!# ,","#%!% )","#(!! )","10","10","10","#(!% &","#+!$ $"]},"118":{"keys":[112,1],"grid":[" "," "," ","!! 0","03","03"," "," "," "," "," "," "," "," "," "," "]}}},"13":{"4479":{"1962":{"keys":[91,90],"grid":[" "," "," "," "," "," "," "," "," "," "," "," "," "," "," "," 0!!"]},"1963":{"keys":[91,90],"grid":[" /!#"," .!$"," -!%"," ,!&"," +!'"," )!)"," (!*"," '!+"," &!,"," %!-"," $!."," #!/"," !!0","!","!","!"]}},"4478":{"1964":{"keys":[91,90],"grid":[" -!%"," ,!&"," *!("," )!)"," (!*"," '!+"," &!,"," $!."," #!/"," !!0","!","!","!","!","!","!"]},"1963":{"keys":[91,90],"grid":[" "," "," "," "," "," "," "," "," "," "," "," "," "," 0!!"," /!#"," .!$"]}},"4572":{"1894":{"keys":[112,91],"grid":[" $!."," %!-"," '!+"," (!*"," *!("," +!'"," -!%"," .!$"," 0!!"," "," "," "," "," "," "," "]},"1904":{"keys":[112,90],"grid":[" "," "," "," "," "," "," "," "," "," "," "," "," "," $!% *","!* $!# #","!0 !"]},"1905":{"keys":[90,112],"grid":[" 0!!","00","00","00"," "," "," "," "," "," "," "," "," "," "," "," "]},"1893":{"keys":[91,112],"grid":[" "," "," "," "," "," "," "," "," "," "," "," "," "," "," ","!! 0"]}},"4573":{"1905":{"keys":[112,90],"grid":[" ,!% !"," ,!&"," $!$ %!'"," #!& !!)","!","!","!","!","!","!","!","!","!","!","!","!"]},"1894":{"keys":[91,112],"grid":[" "," "," "," "," "," "," "," "," "," ","!# /","!$ .","!& ,","!' +","!) )","!* ("]},"1895":{"keys":[112,91],"grid":[" ,!&"," -!%"," /!#"," 0!!"," "," "," "," "," "," "," "," "," "," "," "," "]},"1887":{"keys":[91,112],"grid":[" 0!!"," "," "," "," "," "," "," "," "," "," "," "," "," "," "," "]},"1886":{"keys":[91,112],"grid":[" +!'"," *!(","00","00","00"," ,!&","05"," -!%","07","07"," .!$","10"," /!#","12","12"," 0!!"]},"1904":{"keys":[112,90],"grid":[" "," "," "," "," "," "," "," "," "," "," "," "," "," "," ,!# $"," ,!$ #"]},"1884":{"keys":[91,112],"grid":[" "," "," 0!!","02","02","02"," /!#","06","06","06","06"," .!$","11","11","11","11"]},"1885":{"keys":[91,112],"grid":[" .!$"," -!%","01","01","01","01"," ,!&","06","06","06","06","06"," +!'","12","12","12"]}},"4574":{"1905":{"keys":[112,90],"grid":[" "," ","!! 0","!# /","!$ .","!% -","!' +","!( *","!) )","!* (","09","09","08","!0 !","!","!"]},"1889":{"keys":[91,112],"grid":[" -!%","00"," .!$","02"," /!#","04","04"," 0!!","07","07","07"," "," "," "," "," "]},"1888":{"keys":[91,112],"grid":[" '!+","00","00"," (!*","03"," )!)","05","05"," *!(","08"," +!'","10","10"," ,!&","13"," -!%"]},"1887":{"keys":[112,91],"grid":[" "," "," "," ","!! 0","04","!# /","06","06","!$ .","09","!% -","11","11","!& ,","14"]},"1895":{"keys":[91,112],"grid":[" "," "," "," ","!! 0","!# /","!$ .","!& ,","!' +","!) )","!* (","!, &","!- %","!/ #","!0 !","!"]},"1884":{"keys":[91,112],"grid":[" !!0","!","!","!","!","!","!","!","!","!","!","!","!","!","!","!"]},"1883":{"keys":[91,112],"grid":[" 0!!"," /!#"," .!$"," -!%"," ,!&"," +!'"," *!(","06"," )!)"," (!*"," '!+"," &!,"," %!-","12"," $!."," #!/"]},"1882":{"keys":[91,112],"grid":[" "," "," "," "," "," "," "," "," "," "," "," "," "," "," "," 0!!"]}},"4575":{"1891":{"keys":[91,112],"grid":[" +!'"," ,!&"," -!%"," .!$"," /!#"," 0!!"," "," "," "," "," "," "," "," "," "," "]},"1894":{"keys":[91,112],"grid":[" -!%"," ,!&","01","01"," +!'","04","04","04"," *!(","08","08","08"," )!)","12","12"," (!*"]},"1889":{"keys":[112],"grid":[" "," "," "," "," "," "," "," "," "," "," "," "," "," "," "," "]},"1895":{"keys":[91,112],"grid":[" (!*","00","00"," '!+","03","03","03"," &!,","07","07","07"," %!-","11","11"," $!.","!! #!."]},"1906":{"keys":[90,112],"grid":[" !!0"," #!/"," %!-"," &!,","03"," (!*"," )!)"," *!("," +!'","08","08","08"," ,!&","08","12"," -!%"]},"1907":{"keys":[90,112],"grid":[" .!$"," 0!!"," "," "," "," "," "," "," "," "," "," "," "," "," "," "]},"1896":{"keys":[112,91],"grid":[" #!! ."," "," "," "," "," "," "," "," "," "," "," "," "," "," "," "]},"1905":{"keys":[112,90],"grid":[" "," "," "," "," "," "," "," "," "," "," "," "," "," "," ","!! 0"]},"1890":{"keys":[91,112],"grid":[" !!0","00","00","00","00","00"," #!/","06","06","06"," $!."," %!-"," &!,"," '!+"," (!*"," )!)"]},"1882":{"keys":[91,112],"grid":[" -!%"," ,!&","01"," +!'"," *!("," )!)"," (!*"," '!+"," &!,","08"," %!-"," $!."," #!/"," !!0","!","!"]},"1881":{"keys":[91,112],"grid":[" "," "," "," "," "," "," "," "," "," "," "," "," "," 0!!"," /!#"," .!$"]},"1893":{"keys":[91,112],"grid":[" "," "," 0!!","02","02","02"," /!#","06","06"," .!$","09","09","09"," -!%","13","13"]}},"4576":{"1881":{"keys":[91,112],"grid":[" /!#"," .!$"," -!%"," ,!&"," *!("," )!)"," (!*"," &!,"," %!-"," $!."," #!/"," !!0","!","!","!","!"]},"1908":{"keys":[90],"grid":[" "," "," "," "," "," "," "," "," "," "," "," "," "," "," "," "]},"1907":{"keys":[112,90],"grid":[" "," ","!! 0","!$ .","!% !!! +","!( *","!) )","!+ '","!, &","!- %","!. $","!/ #","11","11","11","!0 !"]},"1880":{"keys":[91],"grid":[" "," "," "," "," "," "," "," "," "," "," "," "," "," "," "," "]},"1891":{"keys":[112,91],"grid":[" "," "," "," "," "," "," ","!! 0","!# /","!$ .","!% -","!& ,","11","11","11","10"]},"1892":{"keys":[91,112],"grid":[" %!-","00","00"," $!.","03","03","03"," #!/","07","07"," !!0","10","10","10","!","!"]},"1893":{"keys":[112],"grid":[" "," "," "," "," "," "," "," "," "," "," "," "," "," "," "," "]}},"4577":{"1880":{"keys":[91,112],"grid":[" "," "," "," 0!!"," /!#"," -!%"," ,!&"," +!'"," )!)"," (!*"," '!+"," &!,"," $!."," #!/"," !!0","!"]},"1908":{"keys":[112,90],"grid":[" ","!# /","01","01","01","!$ .","05","05","!& ,","!' +","!( *","!* (","!+ '","!, &","!. $","!/ #"]},"1909":{"keys":[90,112],"grid":[" /!#"," 0!!"," "," "," "," "," "," "," "," "," "," "," "," "," "," "]}},"4471":{"1984":{"keys":[91,90],"grid":[" -!%"," ,!&","01","01"," +!'","04"," *!(","06"," )!)","08","08"," (!*","11"," '!+","13"," &!,"]},"1985":{"keys":[91,90],"grid":[" &!,"," %!-","01"," $!."," #!/","04"," !!0","06","!","!","!","!","!","!","!","!"]},"1983":{"keys":[91,90],"grid":[" "," "," "," "," "," "," "," "," 0!!","08"," /!#","10"," .!$","12","12"," -!%"]}},"4579":{"1911":{"keys":[90,112],"grid":[" +!'","00","00"," ,!&"," -!%","04"," .!$"," /!#","07","06","06","06","06","07"," 0!!","14"]},"1910":{"keys":[112,90],"grid":[" ","!# /","!% -","02","!& ,","04","04","!' +","!( *","!) )","09","!* (","!+ '","12","12","12"]},"1912":{"keys":[90,112],"grid":[" 0!!","00"," "," "," "," "," "," "," "," "," "," "," "," "," "," "]},"1878":{"keys":[91,112],"grid":[" "," "," "," "," "," "," "," "," "," "," /!#"," .!$"," -!%"," ,!&"," *!("," )!)"]},"1879":{"keys":[91,112],"grid":[" (!*"," '!+"," %!-"," $!."," #!/"," !!0","!","!","!","!","!","!","!","!","!","!"]}},"4473":{"1977":{"keys":[91,90],"grid":[" "," 0!!","01","01","01"," /!#","05","05","05"," .!$","09","09","09"," -!%","13","13"]},"1976":{"keys":[91],"grid":[" "," "," "," "," "," "," "," "," "," "," "," "," "," "," "," "]},"1979":{"keys":[91,90],"grid":[" )!)"," (!*","01","01","01"," '!+","05","05","05"," &!,","09","09","09"," %!-","13","13"]},"1980":{"keys":[91,90],"grid":[" $!.","00","00","00"," #!/","04","04"," !!0","07","07","07","!","!","!","!","!"]},"1978":{"keys":[91,90],"grid":[" -!%"," ,!&","01","01","01"," +!'","05","05","05"," *!(","09","09","09"," )!)","13","13"]}},"4472":{"1982":{"keys":[91,90],"grid":[" +!'"," *!(","01"," )!)","03"," (!*","05","05"," '!+","08"," &!,","10"," %!-","12","12"," $!."]},"1983":{"keys":[91,90],"grid":[" $!."," #!/","01"," !!0","03","03","!","!","!","!","!","!","!","!","!","!"]},"1980":{"keys":[91,90],"grid":[" "," "," "," "," "," "," "," "," "," "," "," "," "," "," 0!!","14"]},"1981":{"keys":[91,90],"grid":[" 0!!","00"," /!#","02","02"," .!$","05","05","05"," -!%","09","09"," ,!&","12"," +!'","14"]}},"4475":{"1970":{"keys":[91,90],"grid":[" .!$"," -!%","01","01","01"," ,!&","05","05","05"," +!'","09","09","09"," *!(","13","13"]},"1973":{"keys":[90],"grid":[" "," "," "," "," "," "," "," "," "," "," "," "," "," "," "," "]},"1972":{"keys":[91,90],"grid":[" %!-","00","00"," $!.","03","03","03"," #!/","07","07","07"," !!0","11","11","11","!"]},"1971":{"keys":[91,90],"grid":[" *!("," )!)","01","01"," (!*","04","04","04"," '!+","08","08","08"," &!,","12","12","12"]},"1969":{"keys":[91,90],"grid":[" "," "," "," "," "," 0!!","05","05","05"," /!#","09","09","09"," .!$","13","13"]}},"4474":{"1976":{"keys":[91,90],"grid":[" %!-"," $!.","01","01","01"," #!/","05","05","05"," !!0","09","09","09","!","!","!"]},"1975":{"keys":[91,90],"grid":[" )!)"," (!*","01","01","01"," '!+","05","05","05"," &!,","09","09","09"," %!-","13","13"]},"1974":{"keys":[91,90],"grid":[" -!%"," ,!&","01","01","01"," +!'","05","05","05"," *!(","09","09","09"," )!)","13","13"]},"1973":{"keys":[91,90],"grid":[" "," "," 0!!","02","02","02"," /!#","06","06","06"," .!$","10","10","10"," -!%","14"]}},"4477":{"1964":{"keys":[91,90],"grid":[" "," "," "," "," "," "," "," "," "," "," "," 0!!"," /!#"," -!%"," ,!&"," +!'"]},"1965":{"keys":[91,90],"grid":[" *!("," )!)"," (!*"," '!+"," &!,"," %!-"," $!."," #!/","!","!","!","!","!","!","!","!"]}},"4476":{"1965":{"keys":[91,90],"grid":[" "," "," "," "," "," "," "," "," "," 0!!"," /!#","10","10"," .!$","13","13"]},"1966":{"keys":[91,90],"grid":[" .!$"," -!%","01","01","01"," ,!&","05","05","05"," +!'","09","09"," *!(","12","12","12"]},"1967":{"keys":[91,90],"grid":[" )!)","00","00","00","00"," (!*","05","05","05"," '!+","09","09","09"," &!,","13","13"]},"1968":{"keys":[91,90],"grid":[" &!,"," %!-","01","01","01"," $!.","05","05","05"," #!/","09","09","09"," !!0","13","13"]},"1969":{"keys":[91,90],"grid":[" !!0","!","!","!","!","!","!","!","!","!","!","!","!","!","!","!"]}},"4563":{"1894":{"keys":[91,112,90],"grid":[" "," "," "," "," 0!!"," /!#"," .!$"," -!%"," ,!&"," !#*!'","#-!%","#.!$","#","#","#","#"]}},"4562":{"1894":{"keys":[91,90],"grid":[" "," "," "," "," "," "," "," "," "," "," %!-","!","!","!","!","!"]}},"4561":{"1894":{"keys":[91,90],"grid":[" "," "," "," "," "," "," "," "," "," "," "," )!)","!","!","!","!"]}},"4560":{"1894":{"keys":[91,90],"grid":[" "," "," "," "," "," "," "," "," "," "," "," "," -!%","!","!","!"]}},"4567":{"1895":{"keys":[112,90],"grid":[" "," "," "," "," "," "," "," "," "," !!# .","!& ,","!' +","!( *","!) )","!+ '","!- %"]},"1896":{"keys":[90,112],"grid":[" /!#"," "," "," "," "," "," "," "," "," "," "," "," "," "," "," "]},"1890":{"keys":[91,112],"grid":[" "," "," "," "," "," "," "," "," "," "," "," "," '!# )"," &!% ("," %!( &"," $!* %"]},"1891":{"keys":[91,112],"grid":[" #!- #"," !!/ !","!","!","!","!","!","!","!","!","!","!","!","!","!","!"]}},"4566":{"1895":{"keys":[112,90],"grid":[" "," "," "," "," "," "," "," "," ","!' +","!+ !!&","!","!","!","!","!"]},"1891":{"keys":[91,112],"grid":[" "," "," "," 0!!"," /!#"," .!$"," -!%"," ,!&"," +!'"," *!("," )!)"," (!*"," '!+"," &!,"," %!-"," $!."]},"1892":{"keys":[91,112],"grid":[" #!/"," !!0","!","!","!","!","!","!","!","!","!","!","!","!","!","!"]}},"4565":{"1895":{"keys":[112,90],"grid":[" "," "," "," ","!# /","!% -","!' +","!* (","!- %","!","!","!","!","!","!","!"]},"1892":{"keys":[91,112],"grid":[" "," "," "," 0!!"," /!#"," .!$"," -!%","06"," ,!&"," +!'"," *!("," )!)"," (!*"," '!+"," &!,"," %!-"]},"1893":{"keys":[91,112],"grid":[" $!."," #!/"," !!0","!","!","!","!","!","!","!","!","!","!","!","!","!"]}},"4564":{"1894":{"keys":[91,112,90],"grid":[" $!."," #!/"," !!0","!","!","!","!","!","!","!","!","!","#!!0","##!/","#$!.","#$!###!!#!!("]},"1895":{"keys":[90,112],"grid":[" +!'","00"," .!$"," "," "," "," "," "," "," "," "," "," "," "," "," "]},"1893":{"keys":[91,112],"grid":[" "," "," "," "," 0!!"," /!#"," .!$"," -!%"," ,!&"," +!'"," *!("," )!)"," (!*"," '!+"," &!,"," %!-"]}},"4569":{"1896":{"keys":[112,90],"grid":[" "," "," "," "," "," "," "," "," "," "," ","!# /","!$ .","!% -","!' +","!( *"]},"1897":{"keys":[90,112],"grid":[" (!*"," )!)","01"," *!(","03","03","03","03","03"," +!'","09"," ,!&","11"," -!%","13"," .!$"]},"1898":{"keys":[90,112],"grid":[" .!$"," /!#","01"," 0!!","03"," "," "," "," "," "," "," "," "," "," "," "]},"1891":{"keys":[91,112],"grid":[" "," "," "," "," "," "," "," "," "," "," "," "," "," ","!# /","!$ ."]},"1892":{"keys":[112,91],"grid":[" &!,"," '!+"," )!)"," *!("," +!'"," -!%"," .!$"," 0!!"," "," "," "," "," "," "," "," "]}},"4568":{"1896":{"keys":[112,90],"grid":[" ","!! 0","!& ,","!) )","!+ '","!, &","!- %","!. $","!/ #","!0 !","!","!","!","!","!","!"]},"1891":{"keys":[91,112],"grid":[" "," ","!! 0","!# /","!% -","!& ,","!' +","!) )","!* (","!, &","!- %","!/ #","!0 !","!","!","!"]}},"4570":{"1898":{"keys":[112,90],"grid":[" "," "," "," "," "," "," ","!! 0","!# /","08","!$ .","!% -","!& ,","!' +","!) )","!* ("]},"1899":{"keys":[90,112],"grid":[" +!'"," -!%"," .!$"," /!#"," 0!!"," "," "," "," "," "," "," "," "," "," "," "]},"1901":{"keys":[90,112],"grid":[" "," "," "," "," "," "," "," "," "," "," "," "," "," "," "," .!$"]},"1902":{"keys":[90,112],"grid":[" -!%"," ,!&"," *!("," )!)"," (!*"," '!+"," &!,","06","05","05","05","05","04","04","04","03"]},"1903":{"keys":[90,112],"grid":[" )!)","00","00"," *!("," .!$"," 0!!"," "," "," "," "," "," "," "," "," "," "]},"1892":{"keys":[91,112],"grid":[" "," "," "," "," "," "," "," "," ","!# /","!$ .","!% -","!' +","!( *","!* (","!+ '"]},"1893":{"keys":[112,91],"grid":[" ,!&"," .!$"," /!#"," "," "," "," "," "," "," "," "," "," "," "," "," "]}},"4571":{"1901":{"keys":[90,112],"grid":[" /!#"," .!$","01"," -!%","03"," ,!&"," +!'","06"," *!("," )!)","09","09","09"," (!*","13","!# &!*"]},"1899":{"keys":[112,90],"grid":[" "," "," "," "," ","!% -","05","05","05","05","!& ,","!' +","!( *","!) )","!* (","14"]},"1904":{"keys":[90,112],"grid":[" '!+","00","00"," (!*","03"," )!)"," *!(","06"," +!'","08"," ,!&","10","06","05"," %!, !"," $!- !"]},"1905":{"keys":[90,112],"grid":[" #!- #"," %!* $"," &!) $"," *!$ %"," "," "," "," "," "," "," "," "," "," "," "," "]},"1902":{"keys":[112],"grid":[" "," "," "," "," "," "," "," "," "," "," "," "," "," "," "," "]},"1903":{"keys":[112,90],"grid":[" "," "," "," "," "," "," ","!! 0","!# /","08","!$ .","10","!% -","12","12","!& ,"]},"1900":{"keys":[90,112],"grid":[" +!'","00"," ,!&","02"," -!%","04"," .!$","06","06"," /!#","09","09","09","09","09","09"]},"1893":{"keys":[91,112],"grid":[" "," "," "," ","!! 0","!$ .","!% -","!' +","!( *","!* (","!+ '","!, &","!. $","!/ #","!","!"]}},"4484":{"1959":{"keys":[91,90],"grid":[" .!$"," -!%"," +!'"," *!("," )!)"," (!*"," &!,"," %!-"," $!."," !!0","!","!","!","!","!","!"]},"1958":{"keys":[91,90],"grid":[" "," "," "," "," "," "," "," "," "," "," "," "," "," "," "," /!#"]}},"4485":{"1958":{"keys":[91,90],"grid":[" "," "," 0!!"," /!#"," -!%"," ,!&"," +!'"," *!("," (!*"," '!+"," &!,"," $!."," #!/"," !!0","!","!"]}},"4486":{"1957":{"keys":[91,90],"grid":[" "," "," "," "," "," 0!!","05"," .!$"," -!%"," ,!&"," *!("," )!)"," (!*"," '!+"," %!-"," $!."]},"1958":{"keys":[91,90],"grid":[" #!/","!","!","!","!","!","!","!","!","!","!","!","!","!","!","!"]}},"4487":{"1955":{"keys":[91,90],"grid":[" "," "," "," "," "," "," "," "," 0!!"," /!#","09"," .!$","11"," -!%","13"," ,!&"]},"1957":{"keys":[91,90],"grid":[" #!/","00"," !!0","!","!","!","!","!","!","!","!","!","!","!","!","!"]},"1956":{"keys":[91,90],"grid":[" +!'","00"," *!(","02"," )!)","04"," (!*","06"," '!+","08"," &!,","10"," %!-","12"," $!.","14"]}},"4480":{"1962":{"keys":[91,90],"grid":[" "," 0!!"," /!#"," .!$"," -!%"," ,!&"," *!("," )!)"," (!*"," '!+"," &!,"," %!-"," $!."," #!/","!","!"]}},"4481":{"1961":{"keys":[91,90],"grid":[" "," "," "," "," 0!!"," /!#"," -!%"," ,!&"," +!'"," *!("," )!)"," '!+"," &!,"," %!-"," $!."," #!/"]},"1962":{"keys":[90],"grid":[" "," "," "," "," "," "," "," "," "," "," "," "," "," "," "," "]}},"4482":{"1960":{"keys":[91,90],"grid":[" "," "," "," "," "," "," "," "," /!#"," .!$"," -!%"," +!'"," *!("," )!)"," (!*"," &!,"]},"1961":{"keys":[91,90],"grid":[" %!-"," $!."," #!/","!","!","!","!","!","!","!","!","!","!","!","!","!"]}},"4483":{"1960":{"keys":[91,90],"grid":[" )!)"," (!*"," '!+"," &!,"," $!."," #!/"," !!0","!","!","!","!","!","!","!","!","!"]},"1959":{"keys":[91,90],"grid":[" "," "," "," "," "," "," "," "," "," "," "," 0!!"," /!#"," -!%"," ,!&"," +!'"]}},"4488":{"1955":{"keys":[91,90],"grid":[" %!-"," $!."," #!/","02"," !!0","04","!","!","!","!","!","!","!","!","!","!"]},"1954":{"keys":[91,90],"grid":[" .!$"," -!%","01"," ,!&"," +!'","04"," *!(","06"," )!)","08"," (!*"," '!+","11"," &!,","13"," %!-"]},"1953":{"keys":[91,90],"grid":[" "," "," "," "," "," "," "," "," "," "," "," 0!!","11"," /!#","13"," .!$"]}},"4489":{"1953":{"keys":[91,90],"grid":[" "," "," "," "," $!$ +"," $!& )"," #!( ("," #!* &"," !!- $"," !!/ !","!","!","!","!","!","!"]}},"4578":{"1910":{"keys":[90],"grid":[" "," "," "," "," "," "," "," "," "," "," "," "," "," "," "," "]},"1909":{"keys":[112,90],"grid":[" "," "," ","!! 0","!# /","03","04","04","!& ,","!' +","!( *","!) )","!* (","!+ '","!, &","!0 !"]},"1880":{"keys":[91,112],"grid":[" $!."," !!0","!","!","!","!","!","!","!","!","!","!","!","!","!","!"]},"1879":{"keys":[91,112],"grid":[" "," "," "," "," "," "," 0!!"," /!#"," .!$"," -!%"," +!'"," *!("," )!)"," '!+"," &!,"," %!-"]}},"4558":{"1905":{"keys":[91,90],"grid":[" %!-","00","00","00","00","00","00","00"," &!,","08","08","08","08","08","08","08"]},"1902":{"keys":[90],"grid":[" "," "," "," "," "," "," "," "," "," "," "," "," "," "," "," "]},"1895":{"keys":[90],"grid":[" "," "," "," "," "," "," "," "," "," "," "," "," "," "," "," "]},"1906":{"keys":[91,90],"grid":[" &!,","00","00","00","00"," '!+","05","05","05","05","05","05","05","05","05","05"]},"1894":{"keys":[91,90],"grid":[" "," "," "," "," "," "," "," "," "," "," "," "," "," "," "," )!)"]},"1908":{"keys":[91,90],"grid":[" )!)","00","00","00","00","00","00","00"," *!(","08","08","08","08","08","08","08"]},"1909":{"keys":[91,90],"grid":[" *!(","00","00"," +!'","03","03","03","03","03","03","03","03","03"," ,!&","13","13"]},"1911":{"keys":[91,90],"grid":[" ,!&","00"," +!'","02","02"," *!(","05","05"," )!)","08"," (!*","10","10"," '!+","13","13"]},"1910":{"keys":[91,90],"grid":[" ,!&","00","00","00","00","00","00","00"," -!%","08","08","08","08","08","08","00"]},"1904":{"keys":[91,90],"grid":[" $!.","00","00","00","00","00","00","00","00","00","00","00"," %!-","12","12","12"]},"1912":{"keys":[91,90],"grid":[" &!,","00","00"," %!-","03"," $!.","05","05"," #!/","08","08"," !!0","11","11","!","!"]},"1907":{"keys":[91,90],"grid":[" '!+","00"," (!*","02","02","02","02","02","02","02","02","02","02","02"," )!)","14"]},"1903":{"keys":[91,90],"grid":[" !!0","00"," #!/","02","02","02","02","02","02","02","02","02","02","02","02"," $!."]}},"4559":{"1894":{"keys":[91,90],"grid":[" "," "," "," "," "," "," "," "," "," "," "," "," "," "," %!-","!"]}},"4556":{"1918":{"keys":[91,90],"grid":[" $!.","00","00"," #!/","03","03"," !!0","06","06","!","!","!","!","!","!","!"]},"1930":{"keys":[90,91],"grid":[" "," "," ","!! 0","!$ .","!% -","04","!# /","03"," "," "," "," "," "," "," "]},"1900":{"keys":[90,91],"grid":[" "," "," "," "," "," "," ","!! 0","07","!# /","!$ .","!% -","11","!& ,","!' +","14"]},"1895":{"keys":[91,90],"grid":[" "," "," $!.","!","!","!","!","!","!","!","!","!","!","!","!","!"]},"1916":{"keys":[91,90],"grid":[" /!#","00","00"," .!$","03","03"," -!%","06","06"," ,!&","09","09"," +!'","12","12"," *!("]},"1915":{"keys":[91,90],"grid":[" "," "," "," "," "," "," "," "," "," "," "," "," "," 0!!","13","13"]},"1917":{"keys":[91,90],"grid":[" *!(","00"," )!)","02"," (!*","04","04"," '!+","07","07"," &!,","10","10"," %!-","13","13"]},"1901":{"keys":[91,90],"grid":[" (!*"," )!)"," *!(","02"," +!'"," ,!&"," -!%","06"," .!$"," /!#"," 0!!"," "," "," "," "," "]}},"4557":{"1902":{"keys":[91,90],"grid":[" %!-"," &!,","01"," '!+"," (!*"," )!)"," *!("," +!'"," ,!&","08"," -!%"," .!$"," /!#"," 0!!"," "," "]},"1895":{"keys":[91,90],"grid":[" -!%","!","!","!","!","!","!","!","!","!","!","!","!","!","!","!"]},"1913":{"keys":[91,90],"grid":[" 0!!","00","00"," /!#","03","03"," .!$","06","06"," -!%","09"," ,!&","11","11"," +!'","14"]},"1912":{"keys":[91],"grid":[" "," "," "," "," "," "," "," "," "," "," "," "," "," "," "," "]},"1915":{"keys":[91,90],"grid":[" %!-","00"," $!.","02","02"," #!/","05","05"," !!0","08","!","!","!","!","!","!"]},"1914":{"keys":[91,90],"grid":[" +!'"," *!(","01","01"," )!)","04","04"," (!*","07"," '!+","09","09"," &!,","12","12"," %!-"]},"1901":{"keys":[90,91],"grid":[" "," "," "," "," "," "," "," "," "," "," "," "," ","!! 0","!# /","!$ ."]}},"4554":{"1921":{"keys":[91,90],"grid":[" *!("," )!)"," (!*"," '!+","03"," &!,"," %!-","06"," $!."," #!/"," !!0","10","!","!","!","!"]},"1920":{"keys":[91,90],"grid":[" "," "," "," "," "," "," "," 0!!","07"," /!#"," .!$"," -!%","11"," ,!&"," +!'"," *!("]},"1932":{"keys":[91,90],"grid":[" -!%"," ,!&"," +!'"," *!("," )!)"," (!*"," '!+"," &!,"," %!-"," $!."," #!/","10"," !!0","!","!","!"]},"1931":{"keys":[91,90],"grid":[" "," "," "," "," "," "," "," "," "," "," "," "," 0!!"," /!#"," .!$"," -!%"]},"1898":{"keys":[91,90],"grid":[" &!,"," '!+"," (!*","02"," )!)"," *!(","05"," +!'"," ,!&"," -!%","09"," .!$"," /!#","12"," 0!!"," "]},"1895":{"keys":[91,90],"grid":[" "," "," "," "," -!%","!","!","!","!","!","!","!","!","!","!","!"]},"1929":{"keys":[90,91],"grid":[" "," ","!# /","!% -","!' +","!) )","!* (","!, &","!. $","!0 !","!","!","!","!","!","!"]},"1897":{"keys":[90,91],"grid":[" "," "," "," "," "," "," "," "," "," ","!! 0","!# /","11","!$ .","!% -","!& ,"]}},"4555":{"1920":{"keys":[91,90],"grid":[" %!-","00"," $!."," #!/"," !!0","04","!","!","!","!","!","!","!","!","!","!"]},"1919":{"keys":[91,90],"grid":[" /!#"," .!$","01","01"," -!%","04","04"," ,!&"," +!'","08"," *!("," )!)"," (!*","12"," '!+"," &!,"]},"1918":{"keys":[91,90],"grid":[" "," "," "," "," "," "," "," "," "," "," "," 0!!","11","11"," /!#","14"]},"1931":{"keys":[91,90],"grid":[" +!'"," *!("," )!)"," (!*"," '!+"," &!,","05"," %!-"," $!."," #!/"," !!0","!","!","!","!","!"]},"1930":{"keys":[91,90],"grid":[" -!%"," .!$"," 0!!"," "," "," "," "," "," "," ","02","02"," /!#","01","00"," ,!&"]},"1898":{"keys":[90],"grid":[" "," "," "," "," "," "," "," "," "," "," "," "," "," "," "," "]},"1899":{"keys":[91,90],"grid":[" !!0","00"," #!/"," $!.","03"," %!-"," &!,","06"," '!+"," (!*"," )!)","10"," *!("," +!'","13"," ,!&"]},"1895":{"keys":[91,90],"grid":[" "," "," "," (!*","!","!","!","!","!","!","!","!","!","!","!","!"]},"1929":{"keys":[90,91],"grid":[" "," "," "," "," "," "," "," "," "," ","!! 0","!$ .","!% -","!' +","!) )","!+ '"]},"1900":{"keys":[91,90],"grid":[" -!%"," .!$","01"," /!#"," 0!!","04"," "," "," "," "," "," "," "," "," "," "]}},"4552":{"1933":{"keys":[91],"grid":[" "," "," "," "," "," "," "," "," "," "," "," "," "," "," "," "]},"1923":{"keys":[91,90],"grid":[" "," "," "," 0!!"," /!#","04"," .!$"," -!%"," ,!&","08"," +!'"," *!("," )!)","12"," (!*"," '!+"]},"1924":{"keys":[91,90],"grid":[" &!,","00"," $!."," #!/"," !!0","!","!","!","!","!","!","!","!","!","!","!"]},"1935":{"keys":[91,90],"grid":[" !!0","!","!","!","!","!","!","!","!","!","!","!","!","!","!","!"]},"1934":{"keys":[91,90],"grid":[" 0!!"," /!#"," .!$"," -!%"," ,!&","04"," +!'"," *!("," )!)"," (!*"," '!+"," &!,"," %!-"," $!.","13"," #!/"]},"1928":{"keys":[91,90],"grid":[" !!0"," $!."," &!,"," '!+"," )!)"," +!'"," -!%"," /!#"," "," "," "," "," "," "," "," "]},"1895":{"keys":[91,90],"grid":[" "," "," "," "," "," "," "," )!)"," *!(","08"," +!'"," ,!&","11"," -!%"," .!$"," /!#"]},"1896":{"keys":[91,90],"grid":[" /!#"," 0!!"," "," "," "," "," "," "," "," "," "," "," "," "," "," "]}},"4553":{"1921":{"keys":[91,90],"grid":[" "," "," "," "," "," "," "," "," "," "," "," "," "," 0!!"," /!#","14"]},"1933":{"keys":[91,90],"grid":[" .!$"," -!%"," ,!&"," +!'"," *!(","04"," )!)"," (!*"," '!+"," &!,"," %!-"," $!."," #!/","12"," !!0","!"]},"1932":{"keys":[91,90],"grid":[" "," "," "," "," "," "," "," "," "," "," "," "," "," "," 0!!"," /!#"]},"1922":{"keys":[91,90],"grid":[" .!$"," -!%"," ,!&","02"," +!'"," *!(","05"," )!)"," (!*"," '!+","09"," &!,"," %!-"," $!.","13"," #!/"]},"1923":{"keys":[91,90],"grid":[" !!0","!","!","!","!","!","!","!","!","!","!","!","!","!","!","!"]},"1895":{"keys":[91,90],"grid":[" "," "," "," "," "," .!$"," !!0","!","!","!","!","!","!","!","!","!"]},"1928":{"keys":[90,91],"grid":[" "," "," "," "," "," "," "," "," ","!! 0","!$ .","!& ,","!( *","!* (","!, &","!- %"]},"1929":{"keys":[91,90],"grid":[" /!#"," "," "," "," "," "," "," "," "," "," "," "," "," "," "," "]},"1896":{"keys":[90,91],"grid":[" "," "," ","!! 0","03","!# /","!$ .","06","!% -","!& ,","!' +","10","!( *","!) )","!* (","14"]},"1897":{"keys":[91,90],"grid":[" +!'"," ,!&","01"," -!%"," .!$","04"," /!#"," 0!!"," "," "," "," "," "," "," "," "]}},"4550":{"1925":{"keys":[91,90],"grid":[" "," "," 0!!"," /!#"," .!$"," ,!&"," +!'"," *!("," )!)"," '!+"," &!,"," %!-"," $!."," !!0","!","!"]},"1937":{"keys":[91,90],"grid":[" '!+"," &!,","01"," %!-","03"," $!."," #!/","06"," !!0","!","!","!","!","!","!","!"]},"1936":{"keys":[91,90],"grid":[" "," "," "," "," 0!!"," /!#","05"," .!$"," -!%"," ,!&"," +!'"," *!(","11"," )!)"," (!*","14"]},"1926":{"keys":[90,91],"grid":[" "," "," "," "," "," "," ","!! 0","!# /","!$ .","!& ,","!' +","!( *","!) )","!* (","!, &"]},"1927":{"keys":[91,90],"grid":[" -!%"," .!$"," /!#"," 0!!"," "," "," "," "," "," "," "," "," "," "," "," "]}},"4551":{"1924":{"keys":[91,90],"grid":[" "," "," "," "," "," "," /!#"," .!$"," -!%"," ,!&"," *!("," )!)"," (!*"," &!,"," %!-"," $!."]},"1925":{"keys":[91,90],"grid":[" #!/","!","!","!","!","!","!","!","!","!","!","!","!","!","!","!"]},"1935":{"keys":[91,90],"grid":[" "," "," 0!!"," /!#"," .!$"," -!%","05"," ,!&"," +!'"," *!("," )!)"," (!*"," '!+"," &!,","13"," %!-"]},"1927":{"keys":[90,91],"grid":[" "," "," "," ","!! 0","!# /","!$ .","!% -","!& ,","!( *","!) )","!* (","!+ '","!, &","!. $","!0 !"]},"1928":{"keys":[91],"grid":[" "," "," "," "," "," "," "," "," "," "," "," "," "," "," "," "]},"1936":{"keys":[91,90],"grid":[" $!."," #!/"," !!0","!","!","!","!","!","!","!","!","!","!","!","!","!"]}},"4497":{"1957":{"keys":[91,90],"grid":[" "," "," "," "," "," "," "," "," ","!! 0","!# /","!% -","!' +","!) )","!* (","!, &"]},"1958":{"keys":[90,91],"grid":[" .!$"," 0!!"," "," "," "," "," "," "," "," "," "," "," "," "," "," "]}},"4496":{"1957":{"keys":[90,91],"grid":[" !!0"," $!."," &!,"," '!+"," )!)"," +!'"," ,!&"," .!$"," 0!!"," "," "," "," "," "," "," "]},"1956":{"keys":[91],"grid":[" "," "," "," "," "," "," "," "," "," "," "," "," "," "," "," "]}},"4495":{"1956":{"keys":[91,90],"grid":[" "," "," "," "," "," "," ","!# /","!% -","!' +","!( *","!* (","!, &","!- %","!/ #","!"]}},"4494":{"1955":{"keys":[91,90],"grid":[" "," "," "," "," "," "," "," "," "," "," "," "," ","!! 0","!# /","!% -"]},"1956":{"keys":[90,91],"grid":[" '!+"," )!)"," *!("," ,!&"," .!$"," 0!!"," "," "," "," "," "," "," "," "," "," "]}},"4493":{"1955":{"keys":[91,90],"grid":[" "," "," "," "," ","!# /","!% -","!' +","!( *","!* (","!, &","!. $","!0 !","!","!","!"]}},"4492":{"1955":{"keys":[90,91],"grid":[" *!("," ,!&"," -!%"," /!#"," "," "," "," "," "," "," "," "," "," "," "," "]},"1954":{"keys":[91,90],"grid":[" "," "," "," "," "," "," "," "," "," "," "," ","!! 0","!$ .","!& ,","!( *"]}},"4491":{"1954":{"keys":[91,90],"grid":[" "," "," ","!! 0","!$ .","!& ,","!' +","!) )","!+ '","!- %","!/ #","!","!","!","!","!"]}},"4490":{"1954":{"keys":[90,91],"grid":[" ,!&"," .!$"," 0!!"," "," "," "," "," "," "," "," "," "," "," "," "," "]},"1953":{"keys":[91,90],"grid":[" "," "," "," "," "," "," "," "," "," ","!! 0","!# /","!% -","!' +","!) )","!* ("]}},"4499":{"1959":{"keys":[90,91],"grid":[" #!/"," $!."," %!-"," '!+"," (!*"," )!)"," *!("," ,!&"," -!%"," .!$"," 0!!"," "," "," "," "," "]},"1958":{"keys":[91],"grid":[" "," "," "," "," "," "," "," "," "," "," "," "," "," "," "," "]}},"4498":{"1958":{"keys":[91,90],"grid":[" "," "," ","!# /","!$ .","!% -","!& ,","!( *","!) )","!* (","!+ '","!, &","!. $","!/ #","!0 !","!"]}},"4549":{"1938":{"keys":[91,90],"grid":[" -!%"," ,!&"," +!'","02"," *!(","04"," )!)"," (!*","!! '!*","!$ $!+","!","!","!","!","!","!"]},"1937":{"keys":[91,90],"grid":[" "," "," "," "," "," "," "," "," "," "," "," 0!!"," /!#","12"," .!$"," -!%"]},"1925":{"keys":[91,90],"grid":[" "," "," "," "," "," "," "," "," "," "," "," "," "," "," "," 0!!"]},"1926":{"keys":[91,90],"grid":[" .!$"," -!%"," ,!&","01","00"," 0!!"," "," "," "," "," "," "," "," "," "," "]}},"4548":{"1938":{"keys":[91,90],"grid":[" ","!# /","!% -","!' +","!) )","!+ '","!. $","!0 !","!","!","!","!","!","!","!","!"]}},"4541":{"1935":{"keys":[90,91],"grid":[" ,!&"," .!$"," 0!!"," "," "," "," "," "," "," "," "," "," "," "," "," "]},"1934":{"keys":[91,90],"grid":[" "," "," "," "," "," "," "," "," "," "," "," ","!# /","!& ,","!( *","!* ("]}},"4540":{"1934":{"keys":[91,90],"grid":[" "," "," "," ","!! 0","!$ .","!' +","!) )","!+ '","!- %","!/ #","!","!","!","!","!"]}},"4543":{"1936":{"keys":[90,91],"grid":[" .!$"," 0!!"," "," "," "," "," "," "," "," "," "," "," "," "," "," "]},"1935":{"keys":[91,90],"grid":[" "," "," "," "," "," "," "," "," "," "," ","!$ .","!& ,","!( *","!* (","!, &"]}},"4542":{"1935":{"keys":[91,90],"grid":[" "," "," ","!! 0","!% -","!' +","!) )","!+ '","!- %","!/ #","!","!","!","!","!","!"]}},"4545":{"1937":{"keys":[90,91],"grid":[" 0!!"," "," "," "," "," "," "," "," "," "," "," "," "," "," "," "]},"1936":{"keys":[91,90],"grid":[" "," "," "," "," "," "," "," "," "," ","!# /","!% -","!( *","!* (","!, &","!. $"]}},"4544":{"1936":{"keys":[91,90],"grid":[" "," ","!# /","!% -","!' +","!) )","!+ '","!- %","!/ #","!","!","!","!","!","!","!"]}},"4547":{"1938":{"keys":[90],"grid":[" "," "," "," "," "," "," "," "," "," "," "," "," "," "," "," "]},"1937":{"keys":[91,90],"grid":[" "," "," "," "," "," "," "," "," ","!# /","!% -","!' +","!) )","!+ '","!- %","!/ #"]}},"4546":{"1937":{"keys":[91,90],"grid":[" ","!! 0","!$ .","!& ,","!( *","!* (","!, &","!. $","!","!","!","!","!","!","!","!"]}},"4501":{"1960":{"keys":[91,90],"grid":[" "," "," "," "," "," "," "," "," ","!# /","!$ .","!% -","!' +","!( *","!) )","!* ("]},"1961":{"keys":[90,91],"grid":[" ,!&"," -!%"," .!$"," /!#"," "," "," "," "," "," "," "," "," "," "," "," "]}},"4448":{"2046":{"keys":[91,90],"grid":[" .!$","00"," -!%"," ,!&"," +!'"," *!("," )!)","06"," (!*"," '!+"," &!,"," %!-"," $!."," #!/","13"," !!0"]},"2047":{"keys":[90],"grid":[" "," "," "," "," "," "," "," "," "," "," "," "," "," "," "," "]},"2045":{"keys":[91,90],"grid":[" "," "," "," "," "," "," "," "," "," "," "," "," "," "," 0!!"," /!#"]}},"4503":{"1960":{"keys":[91,90],"grid":[" "," "," "," "," "," "," "," "," "," "," "," "," 0!!","12"," /!#","14"]},"1961":{"keys":[91,90],"grid":[" .!$","00","00"," -!%","03"," ,!&","05","05"," +!'","08"," *!(","10","10"," )!)","13"," (!*"]},"1962":{"keys":[91,90],"grid":[" (!*","00","!# %!+","!$ $!+","!% !!,","!","!","!","!","!","!","!","!","!","!","!"]}},"4502":{"1961":{"keys":[91,90],"grid":[" "," "," "," "," ","!! 0","!# /","!$ .","!& ,","!' +","!( *","!* (","!+ '","!, &","!. $","!/ #"]},"1962":{"keys":[90,91],"grid":[" 0!!"," "," "," "," "," "," "," "," "," "," "," "," "," "," "," "]}},"4509":{"1948":{"keys":[91,90],"grid":[" !!0","00","00","00","00","00","!","!","!","!","!","!","!","!","!","!"]},"1947":{"keys":[90],"grid":[" "," "," "," "," "," "," "," "," "," "," "," "," "," "," "," "]},"1926":{"keys":[91,90],"grid":[" "," "," "," "," "," "," "," "," "," "," "," "," "," 0!!"," -!%"," +!'"]},"1927":{"keys":[91,90],"grid":[" )!)"," '!+"," $!."," !!0","!","!","!","!","!","!","!","!","!","!","!","!"]}},"4449":{"2044":{"keys":[91,90],"grid":[" "," "," "," "," "," "," "," "," "," "," 0!!","10"," /!#"," .!$"," -!%"," ,!&"]},"2045":{"keys":[91,90],"grid":[" ,!&"," +!'"," *!("," )!)","03"," (!*"," '!+"," &!,"," %!-"," $!.","09"," #!/"," !!0","!","!","!"]}},"4538":{"1933":{"keys":[91,90],"grid":[" "," "," "," "," ","!! 0","!$ .","!& ,","!) )","!+ '","!- %","!/ #","!","!","!","!"]}},"4539":{"1933":{"keys":[91,90],"grid":[" "," "," "," "," "," "," "," "," "," "," "," "," ","!# /","!% -","!' +"]},"1934":{"keys":[90,91],"grid":[" *!("," ,!&"," .!$"," 0!!"," "," "," "," "," "," "," "," "," "," "," "," "]}},"4534":{"1931":{"keys":[91,90],"grid":[" "," "," "," "," "," "," "," ","!# /","!% -","!( *","!* (","!, &","!. $","!0 !","!"]}},"4535":{"1932":{"keys":[90,91],"grid":[" %!-"," '!+"," )!)"," +!'"," -!%"," /!#"," "," "," "," "," "," "," "," "," "," "]},"1931":{"keys":[91,90],"grid":[" "," "," "," "," "," "," "," "," "," "," "," "," "," "," ","!! 0"]}},"4536":{"1932":{"keys":[91,90],"grid":[" "," "," "," "," "," "," ","!$ .","!& ,","!( *","!* (","!, &","!. $","!","!","!"]}},"4537":{"1933":{"keys":[90,91],"grid":[" '!+"," )!)"," ,!&"," .!$"," 0!!"," "," "," "," "," "," "," "," "," "," "," "]},"1932":{"keys":[91,90],"grid":[" "," "," "," "," "," "," "," "," "," "," "," "," "," ","!# /","!% -"]}},"4530":{"1929":{"keys":[91,90],"grid":[" "," "," "," "," "," "," "," "," "," ","!! 0","!$ .","!& ,","!) )","!+ '","!- %"]},"1930":{"keys":[90,91],"grid":[" /!#"," "," "," "," "," "," "," "," "," "," "," "," "," "," "," "]}},"4531":{"1930":{"keys":[91,90],"grid":[" "," ","!$ .","!& ,","!( *","!* (","!, &","!. $","!","!","!","!","!","!","!","!"]}},"4532":{"1931":{"keys":[90],"grid":[" "," "," "," "," "," "," "," "," "," "," "," "," "," "," "," "]},"1930":{"keys":[91,90],"grid":[" "," "," "," "," "," "," "," "," ","!# /","!% -","!' +","!) )","!+ '","!- %","!0 !"]}},"4533":{"1931":{"keys":[90,91],"grid":[" !!0"," $!."," &!,"," (!*"," *!("," -!%"," /!#"," "," "," "," "," "," "," "," "," "]}},"4508":{"1927":{"keys":[91,90],"grid":[" "," "," "," "," 0!!"," .!$"," +!'"," )!)"," (!*","08","08","08","08","08","08","08"]},"1928":{"keys":[91,90],"grid":[" (!*","00","00","00","00","00","00"," '!+","07","07","07","07","07","07","07","07"]},"1929":{"keys":[91,90],"grid":[" '!+","00","00","00","00","00"," &!,","06","06","06","06","06","06","06","06","06"]},"1948":{"keys":[91,90],"grid":[" "," "," "," "," "," "," "," "," "," 0!!","09"," /!#","11","11"," .!$","14"]},"1949":{"keys":[91,90],"grid":[" .!$"," -!%","01"," ,!&","03","03"," +!'","06"," *!(","08","08"," )!)","11"," (!*","13"," '!+"]},"1942":{"keys":[91,90],"grid":[" (!*","00","00"," )!)","03","03","03","03","03","03","03","03","03"," *!(","13","13"]},"1943":{"keys":[91,90],"grid":[" *!(","00","00","00","00","00","00"," +!'","07","07","07","07","07","07","07","07"]},"1940":{"keys":[91,90],"grid":[" %!-","00","00","00","00"," &!,","05","05","05","05","05","05","05","05","05"," '!+"]},"1941":{"keys":[91,90],"grid":[" '!+","00","00","00","00","00","00","00"," (!*","08","08","08","08","08","08","08"]},"1946":{"keys":[91,90],"grid":[" .!$"," /!#","01","01","01","01","01","01","01"," 0!!","09","09","09","09","09","09"]},"1947":{"keys":[91,90],"grid":[" 0!!","00","00","00","00"," "," "," "," "," "," "," "," "," "," "," "]},"1944":{"keys":[91,90],"grid":[" +!'"," ,!&","01","01","01","01","01","01","01","01","01","01"," -!%","12","12","12"]},"1945":{"keys":[91,90],"grid":[" -!%","00","00","00","00","00","00","00"," .!$","08","08","08","08","08","08","08"]},"1933":{"keys":[91,90],"grid":[" !!0","00","00","00","00","00","00","00","00","00","00","00","!","!","!","!"]},"1932":{"keys":[91,90],"grid":[" $!."," #!/","01","01","01","01","01","01","01","01","01","01","01","01","01"," !!0"]},"1931":{"keys":[91,90],"grid":[" %!-","00","00"," $!.","03","03","03","03","03","03","03","03","03","03","03","03"]},"1930":{"keys":[91,90],"grid":[" &!,","00","00","00","00","00"," %!-","06","06","06","06","06","06","06","06","06"]},"1937":{"keys":[90,91],"grid":[" "," "," "," "," ","!! 0","05","05","05","05","05","05","05","05","05","05"]},"1936":{"keys":[90],"grid":[" "," "," "," "," "," "," "," "," "," "," "," "," "," "," "," "]},"1934":{"keys":[90],"grid":[" "," "," "," "," "," "," "," "," "," "," "," "," "," "," "," "]},"1939":{"keys":[91,90],"grid":[" $!.","00","00","00","00","00","00","00","00","00","00","00"," %!-","12","12","12"]},"1938":{"keys":[91,90],"grid":[" !!0","00"," #!/","02","02","02","02","02","02","02","02","02","02","02","02"," $!."]},"1950":{"keys":[91,90],"grid":[" '!+","00"," &!,","02"," %!-","04"," $!.","06","06"," #!/","09"," !!0","11","!","!","!"]}},"4447":{"2047":{"keys":[91,90],"grid":[" "," 0!!"," /!#"," .!$","03"," -!%"," ,!&"," +!'"," *!("," )!)","09"," (!*"," '!+"," &!,"," %!-","14"]}},"4606":{"1932":{"keys":[90,112],"grid":[" +!'"," *!(","01","01","00","00"," ,!&"," -!%","07"," .!$"," /!#","10"," 0!!","12"," "," "]},"1931":{"keys":[112,90],"grid":[" "," "," "," "," "," "," "," "," "," "," "," "," ","!! 0","13","!# %!$ ("]},"1915":{"keys":[91,112],"grid":[" "," "," "," "," "," "," /!#"," -!%"," +!'"," )!)"," '!+"," %!-"," #!/","!","!","!"]}},"4607":{"1933":{"keys":[90,112],"grid":[" !!0","00"," #!/","02"," $!."," $!% )!!"," %!! ,"," "," "," "," "," "," "," "," "," "]},"1932":{"keys":[112],"grid":[" "," "," "," "," "," "," "," "," "," "," "," "," "," "," "," "]},"1915":{"keys":[91,112],"grid":[" ,!&"," *!("," (!*"," %!-"," #!/","!","!","!","!","!","!","!","!","!","!","!"]},"1914":{"keys":[91,112],"grid":[" "," "," "," "," "," "," "," "," "," "," "," "," "," "," 0!!"," .!$"]}},"4604":{"1933":{"keys":[90,112],"grid":[" '!( $"," '!' %"," )!$ &"," "," "," "," "," "," "," "," "," "," "," "," "," "]},"1932":{"keys":[90,112],"grid":[" *!(","00","00"," )!)","03"," (!*","05","05","05","05","05","03","03","03"," )!( !"," (!( #"]},"1931":{"keys":[90,112],"grid":[" +!'","00"," *!(","02","02","02"," )!)","06"," (!*","08","08","08","08","06","02","02"]},"1930":{"keys":[112,90],"grid":[" "," "," "," "," "," "," "," "," "," "," "," "," "," "," '!$ (","!+ '"]},"1908":{"keys":[91,112],"grid":[" "," "," "," "," "," "," "," "," "," "," ","!! 0","11","!# /","13","!$ ."]},"1909":{"keys":[112,91],"grid":[" %!-","00"," &!,","02"," '!+","04","04","04","04"," (!*","09","09","09","09","09","09"]},"1911":{"keys":[112,91],"grid":[" *!(","00","00"," +!'","03","03","03","03","03","03","03"," ,!&","11","11","11","11"]},"1910":{"keys":[112,91],"grid":[" (!*"," )!)","01","01","01","01","01","01","01","01"," *!(","10","10","10","10","10"]},"1913":{"keys":[112,91],"grid":[" .!$","00","00","00","00","00","00"," /!#","07","07","07","07","07","07","07","07"]},"1912":{"keys":[112,91],"grid":[" ,!&","00","00","00"," -!%","04","04","04","04","04","04","04","04","04"," .!$","14"]},"1914":{"keys":[112,91],"grid":[" 0!!","00","00","00","00","00","00","00","00","00"," "," "," "," "," "," "]}},"4605":{"1932":{"keys":[112,90],"grid":[" +!'"," *!(","01"," )!)"," (!*","04"," '!+"," &!,"," %!-"," $!."," #!/","10"," !!0","!","!","!"]},"1931":{"keys":[112,90],"grid":[" "," "," "," "," "," "," "," "," "," "," "," "," "," /!#"," -!%"," ,!&"]},"1915":{"keys":[91,112],"grid":[" "," "," ","!! 0","03","03","03","03","03","03","03","03","!# /","!# .!!","!# ,!$","!# *!&"]},"1914":{"keys":[91],"grid":[" "," "," "," "," "," "," "," "," "," "," "," "," "," "," "," "]},"1916":{"keys":[112,91],"grid":[" #!( ("," #!& *"," #!$ ,"," #!! ."," "," "," "," "," "," "," "," "," "," "," "," "]}},"4602":{"1906":{"keys":[112,91],"grid":[" (!*"," )!)"," *!(","02"," +!'","04"," ,!&"," -!%","07"," .!$","09"," /!#"," 0!!","12"," "," "]},"1931":{"keys":[112,90],"grid":[" #!, $"," !!0","!","!","!","!","!","!","!","!","!","!","!","!","!","!"]},"1905":{"keys":[91,112],"grid":[" "," "," "," "," ","!! 0","!# /","06","!$ .","08","!% -","!& ,","11","!' +","13","!( *"]},"1930":{"keys":[112,90],"grid":[" "," "," "," "," "," "," "," "," "," "," "," "," "," "," %!% )"," $!( '"]}},"4603":{"1906":{"keys":[91],"grid":[" "," "," "," "," "," "," "," "," "," "," "," "," "," "," "," "]},"1907":{"keys":[112,91],"grid":[" !!0","00"," #!/"," $!.","03"," %!-","05"," &!,"," '!+","08"," (!*","10"," )!)","12"," *!("," +!'"]},"1931":{"keys":[90],"grid":[" "," "," "," "," "," "," "," "," "," "," "," "," "," "," "," "]},"1930":{"keys":[112,90],"grid":[" "," "," "," "," "," "," "," "," "," "," "," "," &!% ("," %!) %"," $!- !"," #!/"]},"1908":{"keys":[112,91],"grid":[" +!'"," ,!&","01"," -!%"," .!$","04"," /!#","06"," 0!!"," "," "," "," "," "," "," "]}},"4600":{"1931":{"keys":[112,90],"grid":[" 0!!"," .!$"," ,!&"," +!'"," )!)","04"," '!+"," &!,"," %!-","!! !!/","!","!","!","!","!","!"]},"1902":{"keys":[112,91],"grid":[" -!%","00","00"," .!$","03","03","03","03","03"," /!#","09","09","09","09","09","09"]},"1903":{"keys":[112,91],"grid":[" 0!!","00","00","00","00","00"," "," "," "," "," "," "," "," "," "," "]},"1900":{"keys":[91,112],"grid":[" "," ","!! 0","02","!# /","!$ .","05","!% -","07","!& ,","09","!' +","!( *","12","!) )","14"]},"1901":{"keys":[112,91],"grid":[" *!("," +!'","01","01","01","01"," ,!&","06","06","06","06","06"," -!%","12","12","12"]}},"4601":{"1904":{"keys":[112,91],"grid":[" &!,","00"," '!+","02"," (!*"," )!)","05"," *!(","07"," +!'"," ,!&","10"," -!%","12"," .!$"," /!#"]},"1905":{"keys":[112,91],"grid":[" /!#"," 0!!","01"," "," "," "," "," "," "," "," "," "," "," "," "," "]},"1931":{"keys":[90,112],"grid":[" &!,","00"," '!+"," (!) !"," )!' #"," *!$ %"," "," "," "," "," "," "," "," "," "," "]},"1930":{"keys":[112],"grid":[" "," "," "," "," "," "," "," "," "," "," "," "," "," "," "," "]},"1903":{"keys":[91,112],"grid":[" "," "," "," "," "," "," "," "," ","!! 0","09","!# /","11","!$ .","!% -","14"]}},"4529":{"1929":{"keys":[91,90],"grid":[" "," "," ","!# /","!% -","!' +","!) )","!, &","!. $","!0 !","!","!","!","!","!","!"]}},"4528":{"1928":{"keys":[91,90],"grid":[" "," "," "," "," "," "," "," "," "," "," "," ","!$ .","!& ,","!( *","!* ("]},"1929":{"keys":[90,91],"grid":[" ,!&"," .!$"," "," "," "," "," "," "," "," "," "," "," "," "," "," "]}},"4527":{"1928":{"keys":[91,90],"grid":[" "," "," "," "," "," "," "," "," "," "," "," -!%","!","!","!","!"]}},"4526":{"1928":{"keys":[91,90],"grid":[" "," "," "," "," "," "," "," "," "," "," "," "," /!#","!","!","!"]}},"4525":{"1928":{"keys":[91,90],"grid":[" "," "," "," "," "," "," "," "," "," "," "," "," "," "," #!/","!"]}},"4524":{"1928":{"keys":[91,90],"grid":[" "," "," "," "," "," "," "," "," "," "," "," "," "," "," "," &!,"]}},"4523":{"1928":{"keys":[91],"grid":[" "," "," "," "," "," "," "," "," "," "," "," "," "," "," "," "]},"1929":{"keys":[91,90],"grid":[" (!*","!","!","!","!","!","!","!","!","!","!","!","!","!","!","!"]}},"4522":{"1929":{"keys":[91,90],"grid":[" "," +!'","!","!","!","!","!","!","!","!","!","!","!","!","!","!"]}},"4521":{"1929":{"keys":[91,90],"grid":[" "," "," 0!!"," %!-","!","!","!","!","!","!","!","!","!","!","!","!"]}},"4520":{"1929":{"keys":[91,90],"grid":[" "," "," "," "," '!+","!","!","!","!","!","!","!","!","!","!","!"]}},"4453":{"2039":{"keys":[91,90],"grid":[" )!)","00"," (!*","02"," '!+","04"," &!,","06"," %!-"," $!.","09"," #!/","11"," !!0","13","!"]},"2038":{"keys":[91,90],"grid":[" "," "," "," 0!!","03"," /!#","05"," .!$","07"," -!%"," ,!&","10"," +!'","12"," *!(","14"]}},"4452":{"2040":{"keys":[91,90],"grid":[" "," 0!!","01"," /!#","03"," .!$","05"," -!%","07"," ,!&","09"," +!'","11"," *!(","13"," )!)"]},"2039":{"keys":[91],"grid":[" "," "," "," "," "," "," "," "," "," "," "," "," "," "," "," "]},"2041":{"keys":[91,90],"grid":[" (!*","00"," '!+","02"," &!,","04"," %!-"," $!.","07"," #!/","09"," !!0","11","!","!","!"]}},"4451":{"2042":{"keys":[91,90],"grid":[" 0!!"," /!#","01"," .!$","03"," -!%","05"," ,!&","07"," +!'","09"," *!("," )!)","12"," (!*"," '!+"]},"2043":{"keys":[91,90],"grid":[" &!,"," %!-"," $!.","02"," #!/"," !!0","!","!","!","!","!","!","!","!","!","!"]},"2041":{"keys":[91,90],"grid":[" "," "," "," "," "," "," "," "," "," "," "," "," "," "," "," 0!!"]}},"4450":{"2044":{"keys":[91,90],"grid":[" )!)"," (!*"," '!+"," &!,","03"," %!-"," $!."," #!/"," !!0","!","!","!","!","!","!","!"]},"2043":{"keys":[91,90],"grid":[" "," "," "," "," "," "," "," 0!!","07"," /!#"," .!$"," -!%"," ,!&"," +!'","13"," *!("]}},"4457":{"2032":{"keys":[91,90],"grid":[" (!*","00"," '!+","02"," &!,","04"," %!-","06"," $!.","08"," #!/","10"," !!0","!","!","!"]},"2031":{"keys":[91,90],"grid":[" "," "," 0!!","02"," /!#"," .!$","05"," -!%","07"," ,!&","09"," +!'","11"," *!(","13"," )!)"]}},"4456":{"2034":{"keys":[91,90],"grid":[" '!+","00"," &!,","02"," %!-"," $!.","05"," #!/","07"," !!0","09","!","!","!","!","!"]},"2033":{"keys":[91,90],"grid":[" 0!!"," /!#","01"," .!$","03"," -!%","05"," ,!&"," +!'","08"," *!(","10"," )!)","12"," (!*","14"]},"2032":{"keys":[91,90],"grid":[" "," "," "," "," "," "," "," "," "," "," "," "," "," "," "," 0!!"]}},"4455":{"2036":{"keys":[91,90],"grid":[" $!."," #!/"," !!0","!","!","!","!","!","!","!","!","!","!","!","!","!"]},"2035":{"keys":[91,90],"grid":[" /!#"," .!$"," -!%","02"," ,!&","04"," +!'"," *!("," )!)","08"," (!*"," '!+","11"," &!,"," %!-"," $!."]},"2034":{"keys":[91,90],"grid":[" "," "," "," "," "," "," "," "," "," "," "," "," "," 0!!","13"," /!#"]}},"4454":{"2037":{"keys":[91,90],"grid":[" *!(","00"," )!)","02"," (!*","04"," '!+","06"," &!,","08"," %!-"," $!.","11"," #!/","13"," !!0"]},"2036":{"keys":[91,90],"grid":[" "," "," "," "," "," 0!!","05"," /!#","07"," .!$"," -!%","10"," ,!&","12"," +!'","14"]},"2038":{"keys":[91,90],"grid":[" !!0","!","!","!","!","!","!","!","!","!","!","!","!","!","!","!"]}},"4459":{"2027":{"keys":[91,90],"grid":[" "," "," "," "," 0!!","04"," /!#","06"," .!$","08"," -!%","10"," ,!&","12"," +!'","14"]},"2028":{"keys":[91,90],"grid":[" *!(","00"," )!)","02"," (!*","04"," '!+"," &!,","07"," %!-","09"," $!.","11"," #!/","13"," !!0"]},"2029":{"keys":[91,90],"grid":[" !!0","!","!","!","!","!","!","!","!","!","!","!","!","!","!","!"]}},"4458":{"2029":{"keys":[91,90],"grid":[" "," "," "," 0!!","03"," /!#","05"," .!$","07"," -!%","09"," ,!&","11"," +!'","13"," *!("]},"2031":{"keys":[90],"grid":[" "," "," "," "," "," "," "," "," "," "," "," "," "," "," "," "]},"2030":{"keys":[91,90],"grid":[" )!)","00"," (!*","02"," '!+","04"," &!,","06"," %!-","08"," $!.","10"," #!/","12"," !!0","14"]}},"4518":{"1928":{"keys":[90,91],"grid":[" )!)"," *!("," +!'"," ,!&"," -!%"," .!$"," /!#","06"," 0!!"," "," "," "," "," "," "," "]},"1927":{"keys":[91,90],"grid":[" "," "," "," "," "," "," "," "," ","!! 0","!# /","!$ .","!% -","!& ,","!' +","!( *"]}},"4519":{"1928":{"keys":[91,90],"grid":[" "," "," "," "," "," "," "," "," "," ","!! 0","!# /","!$ .","!% -","!& ,","!' +"]},"1929":{"keys":[90,91],"grid":[" (!*"," )!)"," *!("," +!'"," ,!&"," "," "," "," "," "," "," "," "," "," "," "]}},"4512":{"1925":{"keys":[91,90],"grid":[" "," "," "," "," "," "," "," "," /!#"," -!%"," +!'"," )!)"," &!,"," $!."," !!0","!"]}},"4513":{"1925":{"keys":[91,90],"grid":[" "," /!#"," -!%"," *!("," (!*"," &!,"," $!.","!","!","!","!","!","!","!","!","!"]}},"4510":{"1926":{"keys":[91,90],"grid":[" "," "," "," "," "," "," 0!!"," -!%"," +!'"," )!)"," &!,"," $!."," !!0","!","!","!"]}},"4511":{"1925":{"keys":[91,90],"grid":[" "," "," "," "," "," "," "," "," "," "," "," "," "," "," "," 0!!"]},"1926":{"keys":[91,90],"grid":[" -!%"," +!'"," )!)"," &!,"," $!."," !!0","!","!","!","!","!","!","!","!","!","!"]}},"4516":{"1925":{"keys":[91,90],"grid":[" "," "," "," "," "," "," "," "," "," "," ","!! 0","!# /","!$ .","!% -","!& ,"]},"1926":{"keys":[90,91],"grid":[" '!+"," )!)"," *!("," +!'"," ,!&"," -!%"," .!$"," /!#"," 0!!"," "," "," "," "," "," "," "]}},"4517":{"1926":{"keys":[91,90],"grid":[" "," "," "," "," "," "," "," "," "," ","!! 0","!# /","!$ .","!% -","!& ,","!' +"]},"1927":{"keys":[90,91],"grid":[" (!*"," )!)"," +!'"," ,!&"," -!%"," .!$"," /!#"," 0!!"," "," "," "," "," "," "," "," "]}},"4514":{"1924":{"keys":[91,90],"grid":[" "," "," "," "," "," "," "," "," "," "," "," ,!$ #"," *!("," (!*"," &!,"," #!/"]},"1925":{"keys":[90],"grid":[" "," "," "," "," "," "," "," "," "," "," "," "," "," "," "," "]}},"4515":{"1924":{"keys":[91,90],"grid":[" "," "," "," "," "," "," "," "," "," "," "," "," ","!! 0","!# /","!$ ."]},"1925":{"keys":[90,91],"grid":[" %!-"," &!,"," '!+"," )!)"," *!("," +!'"," ,!&"," -!%"," .!$"," /!#"," "," "," "," "," "," "]}},"4592":{"1887":{"keys":[91,112],"grid":[" "," "," "," "," "," "," ","!! 0","!# /","08","!$ .","!% -","11","!& ,","13","!' +"]},"1924":{"keys":[112,90],"grid":[" "," "," ,!&"," &!,"," #!/","04","!","!","!","!","!","!","!","!","!","!"]},"1888":{"keys":[112,91],"grid":[" (!*","00"," )!)"," *!(","03"," +!'","05"," ,!&"," -!%","08"," .!$","10"," /!#"," 0!!","13"," "]}},"4593":{"1890":{"keys":[112,91],"grid":[" ,!&"," -!%"," .!$","02"," /!#"," 0!!"," "," "," "," "," "," "," "," "," "," "]},"1924":{"keys":[112,90],"grid":[" "," ","!$ .","!( *","!* (","!) )","05","!) %!# #","!","!","!","!","!","!","!","!"]},"1889":{"keys":[112,91],"grid":[" !!0","00"," #!/","02"," $!."," %!-"," &!,","06"," '!+"," (!*","09"," )!)"," *!(","12"," +!'"," ,!&"]},"1888":{"keys":[91],"grid":[" "," "," "," "," "," "," "," "," "," "," "," "," "," "," "," "]}},"4590":{"1921":{"keys":[112,90],"grid":[" "," "," "," "," "," "," "," "," "," "," "," "," "," "," ","!! 0"]},"1922":{"keys":[90,112],"grid":[" !!0","00","00","00","00","00","00","00","!","!","!","!","!","!","!","!"]},"1923":{"keys":[112,90],"grid":[" "," "," "," "," "," "," "," "," "," "," "," "," "," ","!! 0","!# /"]},"1924":{"keys":[90,112],"grid":[" #!/"," $!."," (!*"," ,!&"," /!#"," "," "," "," "," "," "," "," "," "," "," "]},"1885":{"keys":[112,91],"grid":[" *!(","00"," +!'"," ,!&","03"," -!%"," .!$","06"," /!#","08"," 0!!"," "," "," "," "," "]},"1884":{"keys":[91,112],"grid":[" "," ","!! 0","02","!# /","04","!$ .","06","!% -","!& ,","09","!' +","11","!( *","!) )","14"]}},"4591":{"1887":{"keys":[112,91],"grid":[" .!$","00"," /!#"," 0!!","03"," "," "," "," "," "," "," "," "," "," "," "]},"1886":{"keys":[112,91],"grid":[" $!.","00"," %!-"," &!,","03"," '!+","05"," (!*"," )!)","08"," *!("," +!'","11"," ,!&","13"," -!%"]},"1885":{"keys":[91,112],"grid":[" "," "," "," "," "," "," "," "," "," "," "," "," ","!! 0","!# /","14"]},"1924":{"keys":[112,90],"grid":[" "," "," "," "," ","!& ,","!( &!%","!","!","!","!","!","!","!","!","!"]}},"4596":{"1928":{"keys":[90,112],"grid":[" ,!&","00"," +!'","02"," *!(","04","04","02","02","00","00"," -!%","11"," .!$","13","13"]},"1926":{"keys":[112],"grid":[" "," "," "," "," "," "," "," "," "," "," "," "," "," "," "," "]},"1927":{"keys":[90,112],"grid":[" !!0"," #!/"," $!.","02"," %!-","04","04"," &!,"," '!+"," (!*"," -!%"," .!$","11","11","10"," ,!&"]},"1894":{"keys":[112,91],"grid":[" (!*","00"," )!)"," *!(","03"," +!'","05"," ,!&"," -!%","08"," .!$","10"," /!#"," 0!!","13"," "]},"1929":{"keys":[90,112],"grid":[" /!#","00","00","00","00","00"," 0!!","06","06","06","06"," "," "," "," "," "]},"1893":{"keys":[91,112],"grid":[" "," "," "," "," "," ","!! 0","06","!# /","!$ .","09","!% -","!& ,","12","!' +","14"]}},"4597":{"1931":{"keys":[90,112],"grid":[" +!# !!$"," "," "," "," "," "," "," "," "," "," "," "," "," "," "," "]},"1930":{"keys":[90,112],"grid":[" !!0","00"," #!/","02"," $!."," %!-","05"," &!,","07","07"," '!+","10"," )!)","12"," *!(","14"]},"1895":{"keys":[91,112],"grid":[" ","!! 0","!# /","02","!$ .","04","!% -","06","!& ,","!' +","09","!( *","11","!) )","!* (","14"]},"1894":{"keys":[91],"grid":[" "," "," "," "," "," "," "," "," "," "," "," "," "," "," "," "]},"1929":{"keys":[112],"grid":[" "," "," "," "," "," "," "," "," "," "," "," "," "," "," "," "]},"1896":{"keys":[112,91],"grid":[" +!'","00"," ,!&"," -!%","03"," .!$","05"," /!#"," 0!!","08"," "," "," "," "," "," "]}},"4594":{"1890":{"keys":[91,112],"grid":[" "," "," "," "," "," "," "," ","!! 0","!# /","09","!$ .","!% -","12","!& ,","!' +"]},"1924":{"keys":[112,90],"grid":[" "," "," "," "," "," "," ","!! 0","!# /","!$ .","!% -","!& ,","!' +","!( *","!) )","14"]},"1891":{"keys":[112,91],"grid":[" '!+"," (!*"," )!)","02"," *!("," +!'"," ,!&","06"," -!%"," .!$","09"," /!#"," 0!!","12"," "," "]},"1925":{"keys":[90,112],"grid":[" )!)","00"," *!("," +!'"," ,!&"," -!%"," .!$"," /!#"," "," "," "," "," "," "," "," "]}},"4595":{"1893":{"keys":[112,91],"grid":[" -!%"," .!$"," /!#","02"," 0!!"," "," "," "," "," "," "," "," "," "," "," "]},"1892":{"keys":[112,91],"grid":[" !!0"," #!/"," $!.","02"," %!-"," &!,"," '!+","06"," (!*"," )!)","09"," *!("," +!'","12"," ,!&"," -!%"]},"1925":{"keys":[112,90],"grid":[" "," "," "," "," "," "," "," "," "," ","!! 0","10","!# /","12","!$ .","14"]},"1926":{"keys":[90,112],"grid":[" %!-"," &!,","01"," '!+"," (!*"," *!("," ,!&"," -!%"," /!#"," 0!!","09"," ","09","09"," "," "]},"1891":{"keys":[91,112],"grid":[" "," "," "," "," "," "," "," "," "," "," "," "," "," "," ","!! 0"]}},"4598":{"1896":{"keys":[91,112],"grid":[" "," "," "," "," "," "," "," "," "," "," "," ","!! 0","12","!# /","!$ ."]},"1897":{"keys":[112,91],"grid":[" $!."," %!-","01"," &!,"," '!+","04"," (!*","06"," )!)"," *!(","09"," +!'","11"," ,!&","13"," -!%"]},"1898":{"keys":[112,91],"grid":[" .!$","00"," /!#","02"," 0!!"," "," "," "," "," "," "," "," "," "," "," "]},"1931":{"keys":[90,112],"grid":[" 0!!"," "," "," "," "," "," "," "," "," "," "," "," "," "," "," "]},"1930":{"keys":[112,90],"grid":[" "," "," "," "," "," "," "," "," "," "," "," "," "," "," &!) $"," $!, #"]}},"4599":{"1931":{"keys":[112,90],"grid":[" !!' *","!( *","01","01","01","!) )","05","05","!* (","!","!","!","!","!","!","!"]},"1930":{"keys":[112,90],"grid":[" "," "," "," "," "," "," "," "," "," "," "," "," "," "," $!$ +"," #!& *"]},"1898":{"keys":[91,112],"grid":[" "," "," "," "," "," "," ","!! 0","07","!# /","!$ .","10","!% -","12","!& ,","!' +"]},"1899":{"keys":[112,91],"grid":[" '!+"," (!*","01"," )!)","03"," *!("," +!'","06"," ,!&","08"," -!%"," .!$","11"," /!#","13"," 0!!"]},"1900":{"keys":[112],"grid":[" "," "," "," "," "," "," "," "," "," "," "," "," "," "," "," "]}},"4505":{"1955":{"keys":[91,90],"grid":[" "," "," "," "," "," "," "," "," "," "," "," "," "," "," 0!!","14"]},"1957":{"keys":[91,90],"grid":[" )!)"," (!*","01","01"," '!+","04"," &!,","06"," %!-","08","08"," $!.","11"," #!/","13"," !!0"]},"1956":{"keys":[91,90],"grid":[" /!#","00","00"," .!$","03"," -!%","05","05"," ,!&","08"," +!'","10"," *!(","12","12"," )!)"]},"1958":{"keys":[91,90],"grid":[" !!0","00","!","!","!","!","!","!","!","!","!","!","!","!","!","!"]}},"4504":{"1960":{"keys":[91,90],"grid":[" %!-","00"," $!.","02"," #!/","04","04"," !!0","07","!","!","!","!","!","!","!"]},"1959":{"keys":[91,90],"grid":[" ,!&"," +!'","01"," *!(","03","03"," )!)","06"," (!*","08","08"," '!+","11"," &!,","13"," %!-"]},"1958":{"keys":[91,90],"grid":[" "," "," "," "," 0!!","04","04"," /!#","07"," .!$","09","09"," -!%","12"," ,!&","14"]}},"4507":{"1953":{"keys":[91,90],"grid":[" $!."," #!/","01","01"," !!0","04","04","!","!","!","!","!","!","!","!","!"]},"1952":{"keys":[91,90],"grid":[" *!("," )!)","01"," (!*","03","03"," '!+","06","06"," &!,","09","09"," %!-","12"," $!.","14"]},"1951":{"keys":[91,90],"grid":[" 0!!","00"," /!#","02"," .!$","04"," -!%","06","06"," ,!&","09"," +!'","11","11"," *!(","14"]},"1950":{"keys":[91,90],"grid":[" "," "," "," "," "," "," "," "," "," "," "," "," "," "," "," 0!!"]},"1935":{"keys":[91,90],"grid":[" 0!!","00","00","00","00","00","00","00"," /!#","08","00","00","00","00","00","00"]},"1934":{"keys":[91,90],"grid":[" "," "," "," "," "," "," "," "," "," 0!!","09","09","09","09","09","09"]},"1936":{"keys":[91,90],"grid":[" 0!!","00","00","00","00","00","00","00"," "," "," "," "," "," "," "," "]}},"4506":{"1955":{"keys":[91,90],"grid":[" &!,","00"," %!-","02"," $!.","04","04"," #!/","07"," !!0","09","!","!","!","!","!"]},"1954":{"keys":[91,90],"grid":[" -!%"," ,!&","01"," +!'","03","03"," *!(","06"," )!)","08","08"," (!*","11"," '!+","13"," &!,"]},"1953":{"keys":[91,90],"grid":[" "," "," "," "," "," "," "," "," "," 0!!"," /!#","10"," .!$","12"," -!%","14"]}},"4470":{"1986":{"keys":[91,90],"grid":[" -!%"," ,!&"," +!'","02"," *!(","04"," )!)","06"," (!*"," '!+","09"," &!,","11"," %!-","13"," $!."]},"1987":{"keys":[91,90],"grid":[" #!/","00"," !!0","02","!","!","!","!","!","!","!","!","!","!","!","!"]},"1985":{"keys":[91,90],"grid":[" "," "," "," "," "," "," "," "," "," "," 0!!"," /!#","11"," .!$","13"," -!%"]}},"4500":{"1960":{"keys":[90,91],"grid":[" '!+"," )!)"," *!("," +!'"," ,!&"," .!$"," /!#"," 0!!"," "," "," "," "," "," "," "," "]},"1959":{"keys":[91,90],"grid":[" "," "," "," "," "," "," "," "," "," "," "," ","!! 0","!# /","!% -","!& ,"]}},"4468":{"1988":{"keys":[91,90],"grid":[" "," "," "," "," "," "," "," "," "," (!*","!","!","!","!","!","!"]},"2006":{"keys":[91,90],"grid":[" &!,"," '!+","01"," (!*","03"," )!)","05"," *!(","07"," +!'","09"," ,!&","11"," -!%","13"," .!$"]},"2018":{"keys":[90],"grid":[" "," "," "," "," "," "," "," "," "," "," "," "," "," "," "," "]},"2005":{"keys":[90,91],"grid":[" "," "," "," "," "," "," ","!! 0","07","!# /","09","!$ .","11","!% -","13","!& ,"]},"2015":{"keys":[91,90],"grid":[" "," "," "," "," "," "," "," 0!!","07","07","07","07","07","07","07","07"]},"2014":{"keys":[91],"grid":[" "," "," "," "," "," "," "," "," "," "," "," "," "," "," "," "]},"2017":{"keys":[91,90],"grid":[" 0!!","00","00","00"," /!#"," .!$"," -!%"," ,!&"," +!'"," *!("," )!)"," '!+"," &!,"," %!-"," $!."," #!/"]},"2016":{"keys":[91,90],"grid":[" 0!!","00","00","00","00","00","00","00","00","00","00","00","00","00","00","00"]},"2007":{"keys":[91,90],"grid":[" .!$"," /!#","01"," 0!!","03"," "," "," "," "," "," "," "," "," "," "," "]}},"4469":{"1987":{"keys":[91,90],"grid":[" "," "," "," "," "," "," 0!!","06"," /!#","08"," .!$","10"," -!%"," ,!&","13"," +!'"]},"1988":{"keys":[91,90],"grid":[" +!'"," *!(","01"," )!)","03"," (!*","05"," '!+","!","!","!","!","!","!","!","!"]},"2007":{"keys":[90,91],"grid":[" "," "," "," "," "," "," ","!! 0","07","!# /","09","!$ .","11","!% -","13","!& ,"]},"2014":{"keys":[90],"grid":[" "," "," "," "," "," "," "," "," "," "," "," "," "," "," "," "]},"2008":{"keys":[91,90],"grid":[" &!,","00"," %!-","02","02","02","02","02","02","02","02","02","02","02","02","02"]},"2009":{"keys":[91,90],"grid":[" %!-","00","00","00","00","00"," $!.","06","06","06","06","06","06","06","06","06"]},"2011":{"keys":[91,90],"grid":[" #!/","00","00","00","00","00","00","00","00","00","00","00","00","00","00","00"]},"2010":{"keys":[91,90],"grid":[" $!.","00","00","00","00","00","00","00","00","00","00","00"," #!/","12","12","12"]},"2013":{"keys":[91,90],"grid":[" !!0","00","00","00","00","00","00","00","00","00","00","!","!","!","!","!"]},"2012":{"keys":[91,90],"grid":[" #!/","00","00"," !!0","03","03","03","03","03","03","03","03","03","03","03","03"]}},"4466":{"1988":{"keys":[91,90],"grid":[" "," "," "," "," "," "," "," "," "," "," "," "," "," *!("," %!-","!"]},"2002":{"keys":[91,90],"grid":[" %!-","00"," &!,","02"," '!+"," (!*","05"," )!)","07"," *!(","09"," +!'","11"," ,!&","13"," -!%"]},"2003":{"keys":[91,90],"grid":[" -!%"," .!$","01"," /!#","03"," 0!!","05"," "," "," "," "," "," "," "," "," "]},"2001":{"keys":[90,91],"grid":[" "," "," "," "," "," "," "," "," "," ","!! 0","10","!# /","12","!$ .","14"]},"2019":{"keys":[91,90],"grid":[" .!$"," -!%"," ,!&"," +!'"," )!)"," (!*"," '!+"," &!,"," %!-"," #!/"," !!0","!","!","!","!","!"]},"2018":{"keys":[91,90],"grid":[" "," "," "," "," "," "," "," "," "," "," "," "," "," "," "," 0!!"]}},"4467":{"2003":{"keys":[90,91],"grid":[" "," "," "," "," "," "," "," ","!! 0","08","!# /","10","!$ .","12","!% -","14"]},"2004":{"keys":[91,90],"grid":[" &!,","00"," '!+","02"," (!*","04"," )!)","06"," *!("," +!'","09"," ,!&","11"," -!%","13"," .!$"]},"2018":{"keys":[91,90],"grid":[" "," 0!!"," /!#"," .!$"," -!%"," +!'"," *!("," )!)"," (!*"," '!+"," &!,"," $!."," #!/"," !!0","!","!"]},"1988":{"keys":[91,90],"grid":[" "," "," "," "," "," "," "," "," "," "," "," )!)"," !!0","!","!","!"]},"2005":{"keys":[91,90],"grid":[" .!$"," /!#","01"," 0!!","03"," "," "," "," "," "," "," "," "," "," "," "]}},"4464":{"1997":{"keys":[90,91],"grid":[" "," "," "," "," "," "," "," "," "," "," "," "," ","!! 0","13","!# /"]},"1999":{"keys":[91,90],"grid":[" ,!&","00"," -!%","02"," .!$","04"," /!#","06"," 0!!","08"," "," "," "," "," "," "]},"1998":{"keys":[91,90],"grid":[" #!/"," $!.","01"," %!-","03"," &!,","05"," '!+","07"," (!*","09"," )!)"," *!(","12"," +!'","14"]},"1989":{"keys":[91,90],"grid":[" "," "," /!#"," )!)"," !!0","!","!","!","!","!","!","!","!","!","!","!"]},"2020":{"keys":[91,90],"grid":[" "," "," "," "," "," "," "," "," "," "," /!#"," .!$"," -!%"," ,!&"," +!'"," )!)"]},"2021":{"keys":[91,90],"grid":[" )!)"," (!*"," '!+"," &!,"," %!-"," $!."," #!/"," !!0","!","!","!","!","!","!","!","!"]}},"4465":{"1999":{"keys":[90,91],"grid":[" "," "," "," "," "," "," "," "," "," "," "," ","!! 0","!# /","13","!$ ."]},"1988":{"keys":[91,90],"grid":[" "," "," "," "," "," "," "," "," "," "," "," "," "," "," "," 0!!"]},"1989":{"keys":[91,90],"grid":[" +!'"," %!-","!","!","!","!","!","!","!","!","!","!","!","!","!","!"]},"2000":{"keys":[91,90],"grid":[" $!."," %!-","01"," &!,","03"," '!+","05"," (!*","07"," )!)","09"," *!(","11"," +!'","13"," ,!&"]},"2001":{"keys":[91,90],"grid":[" -!%","00"," .!$","02"," /!#","04"," 0!!","06"," "," "," "," "," "," "," "," "]},"2019":{"keys":[91,90],"grid":[" "," "," "," "," "," "," "," "," "," "," "," "," 0!!"," /!#"," .!$"," ,!&"]},"2020":{"keys":[91,90],"grid":[" +!'"," *!("," )!)"," (!*"," &!,"," %!-"," $!."," #!/"," !!0","!","!","!","!","!","!","!"]}},"4462":{"1991":{"keys":[91,90],"grid":[" "," "," "," "," "," "," "," "," "," "," "," 0!!","11","11"," /!#","14"]},"1993":{"keys":[91,90],"grid":[" *!(","00"," )!)","02","02"," (!*","05","05"," '!+","08","08"," &!,","11","11"," %!-","14"]},"1992":{"keys":[91,90],"grid":[" /!#","00"," .!$","02","02"," -!%","05","05"," ,!&","08","08"," +!'","11","11","11"," *!("]},"1995":{"keys":[91,90],"grid":[" )!)"," *!(","01"," +!'","03"," ,!&","05"," -!%"," .!$","08"," /!#","10"," 0!!","12"," "," "]},"1994":{"keys":[91,90],"grid":[" %!-","00"," $!.","02","02"," #!/","02","02","00","00"," &!,","10"," '!+"," (!*","13"," )!)"]},"2022":{"keys":[91,90],"grid":[" "," "," "," "," "," "," "," "," "," "," "," "," 0!!"," /!#"," .!$"," -!%"]},"2023":{"keys":[91,90],"grid":[" ,!&"," +!'","01"," *!("," )!)"," (!*"," '!+"," &!,"," %!-"," $!.","09"," #!/"," !!0","!","!","!"]}},"4463":{"1991":{"keys":[91,90],"grid":[" $!."," #!/","01","01","01"," !!0","05","05","!","!","!","!","!","!","!","!"]},"1990":{"keys":[91,90],"grid":[" (!*","00","00"," '!+","03","03","03"," &!,","07","07"," %!-","10","10","10"," $!.","14"]},"1995":{"keys":[90],"grid":[" "," "," "," "," "," "," "," "," "," "," "," "," "," "," "," "]},"1997":{"keys":[91,90],"grid":[" +!'","00"," ,!&","02"," -!%","04"," .!$","06"," /!#","08"," 0!!"," "," "," "," "," "]},"1996":{"keys":[91,90],"grid":[" !!0","00"," #!/"," $!.","03"," %!-","05"," &!,","07"," '!+","09"," (!*","11"," )!)"," *!(","14"]},"1989":{"keys":[91,90],"grid":[" "," "," "," "," "," ,!&"," +!'","06","06"," *!(","09","09"," )!)","12","12","12"]},"2021":{"keys":[91,90],"grid":[" "," "," "," "," "," "," "," "," "," "," 0!!"," /!#"," .!$"," -!%"," ,!&"," +!'"]},"2022":{"keys":[91,90],"grid":[" *!(","00"," )!)"," (!*"," '!+"," &!,"," %!-"," $!."," #!/"," !!0","!","!","!","!","!","!"]}},"4460":{"2025":{"keys":[91,90],"grid":[" "," 0!!","01"," /!#","03","03"," .!$","06"," -!%","08"," ,!&","10"," +!'","12"," *!(","14"]},"2026":{"keys":[91,90],"grid":[" )!)","00","00"," (!*","03"," '!+","05"," &!,","07"," %!-","09"," $!.","11"," #!/","13","13"]},"2027":{"keys":[91,90],"grid":[" !!0","00","!","!","!","!","!","!","!","!","!","!","!","!","!","!"]}},"4461":{"2024":{"keys":[91,90],"grid":[" .!$","00"," -!%"," ,!&"," +!'"," *!("," )!)"," (!*","07"," '!+"," &!,"," %!-"," $!."," #!/"," !!0","14"]},"2025":{"keys":[90],"grid":[" "," "," "," "," "," "," "," "," "," "," "," "," "," "," "," "]},"2023":{"keys":[91,90],"grid":[" "," "," "," "," "," "," "," "," "," "," "," "," "," "," 0!!"," /!#"]}},"4589":{"1920":{"keys":[112],"grid":[" "," "," "," "," "," "," "," "," "," "," "," "," "," "," "," "]},"1921":{"keys":[90,112],"grid":[" !!0","00"," $!."," &!,"," '!+"," (!*"," )!)"," +!'"," -!%"," .!$"," /!#","10"," 0!!","12"," "," "]},"1922":{"keys":[90,112],"grid":[" "," "," "," "," "," "," "," "," 0!!"," /!#"," .!$","10","10"," -!%","10","10"]},"1923":{"keys":[90,112],"grid":[" .!$","00","00","00","00","00","00","00","00","00","00","00"," /!#","12"," "," "]},"1884":{"keys":[112],"grid":[" "," "," "," "," "," "," "," "," "," "," "," "," "," "," "," "]},"1883":{"keys":[112,91],"grid":[" (!*","00"," )!)","02"," *!("," +!'","05"," ,!&","07"," -!%","09"," .!$","11"," /!#","13"," 0!!"]},"1882":{"keys":[91,112],"grid":[" "," "," "," "," ","!! 0","05","!# /","07","!$ .","09","!% -","!& ,","12","!' +","14"]}},"4588":{"1920":{"keys":[90,112],"grid":[" !!0"," #!/"," %!-"," '!+"," (!*","04"," -!%","06","06","06"," .!$"," /!#","11"," 0!!","13"," "]},"1919":{"keys":[112,90],"grid":[" "," "," "," "," "," "," "," "," "," ","!! 0","10","10","10","10","10"]},"1882":{"keys":[112,91],"grid":[" /!#"," 0!!","01"," "," "," "," "," "," "," "," "," "," "," "," "," "]},"1881":{"keys":[112,91],"grid":[" &!,"," '!+","01"," (!*","03"," )!)"," *!(","06"," +!'","08"," ,!&","10"," -!%","12"," .!$","14"]},"1880":{"keys":[91,112],"grid":[" "," "," "," "," "," "," "," "," "," "," ","!# /","!$ .","!% -","13","!& ,"]}},"4585":{"1918":{"keys":[112,90],"grid":[" "," "," "," "," "," "," "," "," ","!! 0","!# /","!$ )!# $","!( $!% #","!","!","!"]},"1880":{"keys":[112,91],"grid":[" -!%"," "," "," "," "," "," "," "," "," "," "," "," "," "," "," "]},"1879":{"keys":[91,112],"grid":[" "," "," "," "," "," "," "," "," "," "," "," "," ","!! 0","!& ,","!) )"]}},"4584":{"1918":{"keys":[112,90],"grid":[" ","!$ .","!& ,","02","!' +","!( *","!) )","!. $","!0 !","!","!","!","!","!","!","!"]},"1879":{"keys":[91,112],"grid":[" "," "," "," "," "," "," "," "," ","!# /","!' +","!+ '","!. $","!","!","!"]}},"4587":{"1919":{"keys":[112,90],"grid":[" "," ","!! 0","!$ .","!& #!$ '","!- %","!. $","!/ #","!0 !","!","!","!","!","!","!","!"]},"1880":{"keys":[91,112],"grid":[" "," "," "," "," "," ","!# /","!' +","!* (","!. $","!","!","!","!","!","!"]}},"4586":{"1919":{"keys":[90,112],"grid":[" .!$"," 0!!"," "," "," "," "," "," "," "," "," "," "," "," "," "," "]},"1918":{"keys":[112,90],"grid":[" "," "," "," "," "," "," "," "," "," "," "," (!! )"," '!$ (","!- %","!. $","14"]},"1880":{"keys":[91,112],"grid":[" "," ","!$ .","!( *","!, &","!/ #","!","!","!","!","!","!","!","!","!","!"]}},"4581":{"1913":{"keys":[112,90],"grid":[" "," "," "," /!#"," -!%"," +!'"," )!)","06"," (!*","!","!","!","!","!","!","!"]},"1878":{"keys":[91,112],"grid":[" "," "," "," "," "," "," "," "," "," "," ","!% -","!( *","!+ '","!. $","!"]}},"4580":{"1913":{"keys":[90,112],"grid":[" )!)"," *!(","01"," +!'","03"," ,!&"," -!%"," /!#"," "," "," "," "," "," "," "," "]},"1912":{"keys":[112,90],"grid":[" "," "," "," ","!! 0","!# /","05","!$ .","!% -","08","!& ,","!' +","11","11","!( *","!) )"]},"1878":{"keys":[91,112],"grid":[" "," "," "," "," "," "," "," #!% +"," !!* '","!. $","!","!","!","!","!","!"]}},"4583":{"1918":{"keys":[90],"grid":[" "," "," "," "," "," "," "," "," "," "," "," "," "," "," "," "]},"1913":{"keys":[112,90],"grid":[" "," "," "," "," "," "," "," "," "," "," "," ","!! 0","12","!# /","14"]},"1916":{"keys":[90,112],"grid":[" '!+","00"," (!*","02","02","02","02","00"," &!,","08","08","08","00","00","02","02"]},"1915":{"keys":[90,112],"grid":[" #!/","00"," $!."," %!-","03"," &!,","05","05","05","03","03","03","03","05","05","05"]},"1914":{"keys":[90,112],"grid":[" #!/","00"," $!."," %!-","03","03","02","02","02","00","00","00","00","00","00","00"]},"1917":{"keys":[90,112],"grid":[" )!)","00","00","00"," (!*","04","04","04","04","00"," *!("," +!'","11"," ,!&"," -!%"," "]},"1879":{"keys":[91,112],"grid":[" "," "," "," ","!! 0","!& ,","!) )","!, &","!0 !","!","!","!","!","!","!","!"]}},"4582":{"1913":{"keys":[112,90],"grid":[" "," !!% ,","!) )","!- %","!. $","03","03","04","!/ #","!0 !","!","!","!","!","!","!"]},"1878":{"keys":[91,112],"grid":[" "," "," "," "," "," "," "," "," "," "," "," "," "," "," ","!! 0"]},"1879":{"keys":[112,91],"grid":[" %!-"," (!*"," ,!&"," /!#"," "," "," "," "," "," "," "," "," "," "," "," "]}}}}