{"9":{"273":{"142":{"keys":[91,1,90],"grid":[" (!!#)","00","00","00","00","00"," '!##)"," '!!#*","07","07","07","07","07"," &!##*"," &!!#+","14"]},"143":{"keys":[91,1,90],"grid":[" &!!#+","00","00","00"," %!##+"," %!!#,","05","05","05","05","05","04"," &!##*"," '!!#*"," '!$#("," )!##'"]},"140":{"keys":[91,1,90],"grid":[" #!##-"," #!!#.","00"," $!!#-","03","03","03"," $!##,","07","03","03","03","00","01","01","01"]},"141":{"keys":[91,1,90],"grid":[" #!!#.","00"," #!##-"," $!!#-","03"," $!##,"," %!!#,"," %!##+"," &!!#+","08"," &!##*"," '!!#*","11"," '!##)"," (!!#)","14"]},"137":{"keys":[91,1,90],"grid":[" -!###"," -!!#$"," ,!##$"," +!##%"," +!!#&"," *!##&"," )!##'"," )!!#(","07"," (!##("," '!##)"," &!##*"," &!!#+"," %!##+","13","12"]},"136":{"keys":[91,1,90],"grid":[" "," "," "," "," "," "," "," "," "," "," "," 0!!"," /!#"," /!!#!"," .!##!"," .!!##"]},"139":{"keys":[91,1,90],"grid":[" !!!#/"," !!##."," #!!#.","02"," #!##-"," $!!#-"," $!##,"," %!!#,","07"," %!##+"," &!!#+"," &!##*","10","09","06","05"]},"138":{"keys":[91,1,90],"grid":[" &!!#+"," &!##*"," '!!#*","02","01","00"," %!##+"," $!##,"," $!!#-"," #!##-"," #!!#."," !!##."," !!!#/","!##/","!!#0","13"]}},"274":{"136":{"keys":[91,1,90],"grid":[" "," "," "," ,!$ #"," )!%#!!$"," &!%#("," %!##+"," $!##,"," #!##-","!$#.","!!#0","10","#","#","#","#"]}},"275":{"133":{"keys":[91,1,90],"grid":[" "," "," "," "," "," "," "," 0!!","07"," /!#"," /!!#!"," .!##!"," .!!##"," -!###"," -!!#$"," ,!##$"]},"136":{"keys":[91,1,90],"grid":[" "," "," "," 0!!","!$ -!!","##!& (!#","#'!% %!!#!","#*!'#!","#.!##!","#","#","#","#","#","#","#"]},"134":{"keys":[91,1,90],"grid":[" ,!!#%"," +!##%"," +!!#&"," *!##&"," *!!#'"," )!##'"," )!!#("," (!##("," (!!#)"," '!##)","09"," (!$#'","03","01"," ,!%#!"," /!#"]}},"276":{"133":{"keys":[91,1,90],"grid":[" $!##,"," $!!#-"," #!##-"," #!!#."," !!##.","!##/","!!#0","06","#","#","#","#","#","#","#","#"]},"132":{"keys":[91,1,90],"grid":[" +!!#&","00","00"," *!##&"," )!##'"," (!##("," (!!#)"," '!##)"," '!!#*","08","08","08","08"," &!##*"," &!!#+"," %!##+"]},"131":{"keys":[91,1,90],"grid":[" +!!#&","00","00","00","00","00"," *!##&"," *!!#'","07","07","07","07","07","07","06","00"]},"130":{"keys":[91,1,90],"grid":[" ,!!#%","00","00"," ,!##$"," -!!#$","04","04","04","04","03","00","00","00"," +!##%"," +!!#&","14"]},"136":{"keys":[91,1,90],"grid":[" !!!#/","!##/","!!#0","02","#","#","#","#","#","#","#","#","#","#","#","#"]},"135":{"keys":[1,90,91],"grid":[" #!/","#! !!/","01","01","01","01","01","01","01","01","01","01","#! #!.","## !!.","13","12"]},"134":{"keys":[90,1],"grid":[" "," "," "," "," "," "," "," "," "," "," "," "," "," "," ","!! 0"]},"129":{"keys":[91,1,90],"grid":[" "," "," "," "," "," +!'"," +!!#&","06","06","06"," +!##%"," ,!!#%","11","11","11","11"]}},"277":{"128":{"keys":[91,1,90],"grid":[" /!#"," .!##!"," .!!##","01"," /!!#!","04","04","04","00"," 0!!","09","09"," ","09"," .!$"," -!###"]},"129":{"keys":[91,1,90],"grid":[" +!$#$"," *!##&"," )!##'"," '!$#(","!(#*","!!#0","#","#","#","#","#","#","#","#","#","#"]}},"278":{"128":{"keys":[90,1],"grid":[" "," "," "," "," "," "," "," "," "," "," ","!! 0","11","11"," "," "]}},"285":{"138":{"keys":[90,1,112],"grid":[" .!$"," +!%##"," (!%#&"," '!##)"," &!##*"," %!##+"," $!##,"," #!##-"," #!!#."," !!##.","!##/","!!#0","#","#","#","#"]},"137":{"keys":[90,1],"grid":[" "," "," "," "," "," "," "," "," "," "," "," "," "," "," "," 0!!"]}},"284":{"139":{"keys":[90,1,112,""],"grid":[" -!!#$"," ,#&"," +$!#&"," )$##'"," )#)","04","04","04","$-#%","08","08","08","08","08","08","08"]},"138":{"keys":[90,1,112],"grid":[" "," "," "," "," "," "," "," "," "," "," "," 0!!"," /!#"," /!!#!"," .!##!"," .!!##"]}},"286":{"137":{"keys":[90,"",112,1],"grid":[" -!%","00","00","00","00","00","00","00"," )#)","08"," (#*"," &$##*"," %$##+"," #$$#,","$$#.","$!#0"]}}},"13":{"4570":{"2209":{"keys":[90],"grid":[" "," "," "," "," "," "," "," "," "," "," "," "," "," "," "," "]},"2210":{"keys":[90,112],"grid":[" /!#"," ,!&"," )!)"," &!,"," #!/","!","!","!","!","!","!","!","!","!","!","!"]}},"4571":{"2209":{"keys":[90,112],"grid":[" "," "," "," "," "," "," "," "," "," "," "," .!$"," +!'"," (!*"," %!-"," !!0"]}},"4572":{"2209":{"keys":[90,112],"grid":[" "," "," "," 0!!"," .!$"," -!%"," +!'"," )!)"," '!+"," $!.","!","!","!","!","!","!"]}},"4573":{"2208":{"keys":[90,112],"grid":[" "," "," "," "," "," "," "," "," "," "," /!#"," .!$"," ,!&"," *!("," )!)"," '!+"]},"2209":{"keys":[90,112],"grid":[" %!-"," #!/"," !!0","!","!","!","!","!","!","!","!","!","!","!","!","!"]}},"4574":{"2208":{"keys":[90,112],"grid":[" "," /!#"," -!%"," +!'"," *!("," (!*"," &!,"," %!-"," #!/","!","!","!","!","!","!","!"]}},"4575":{"2208":{"keys":[112],"grid":[" "," "," "," "," "," "," "," "," "," "," "," "," "," "," "," "]},"2207":{"keys":[90,112],"grid":[" "," "," "," "," "," "," "," 0!!"," .!$"," -!%"," +!'"," )!)"," '!+"," &!,"," $!."," !!0"]}},"4576":{"2206":{"keys":[90,112],"grid":[" "," "," "," "," "," "," "," "," "," "," "," "," "," "," 0!!"," .!$"]},"2207":{"keys":[90,112],"grid":[" ,!&"," *!("," )!)"," '!+"," %!-"," $!."," !!0","!","!","!","!","!","!","!","!","!"]}},"4577":{"2206":{"keys":[90,112],"grid":[" "," "," "," "," "," /!#"," -!%"," ,!&"," *!("," (!*"," &!,"," %!-"," #!/","!","!","!"]}},"4578":{"2205":{"keys":[90,112],"grid":[" "," "," "," "," "," "," "," "," "," "," "," 0!!"," .!$"," -!%"," +!'"," )!)"]},"2206":{"keys":[90,112],"grid":[" (!*"," &!,"," $!."," !!0","!","!","!","!","!","!","!","!","!","!","!","!"]}},"4579":{"2205":{"keys":[90,112],"grid":[" "," "," 0!!"," .!$"," ,!&"," *!("," )!)"," '!+"," %!-"," $!."," !!0","!","!","!","!","!"]}},"4389":{"2182":{"keys":[91,90],"grid":[" .!$"," ,!&"," +!'"," *!("," )!)"," '!+"," &!,"," %!-"," $!."," !!0","!","!","!","!","!","!"]},"2181":{"keys":[91,90],"grid":[" "," "," "," "," "," "," "," "," "," "," "," "," "," "," 0!!"," /!#"]}},"4388":{"2183":{"keys":[91,90],"grid":[" )!)"," (!*"," '!+"," %!-"," $!."," #!/","!","!","!","!","!","!","!","!","!","!"]},"2182":{"keys":[91,90],"grid":[" "," "," "," "," "," "," "," "," "," "," "," 0!!"," /!#"," -!%"," ,!&"," +!'"]}},"4383":{"2188":{"keys":[91,90],"grid":[" *!("," )!)","01"," (!*"," '!+","04"," &!,","06"," %!-"," $!.","09"," #!/","11"," !!0","13","!"]},"2187":{"keys":[91,90],"grid":[" "," "," "," "," "," 0!!","05"," /!#"," .!$","08"," -!%","10"," ,!&","12"," +!'"," *!("]}},"4382":{"2190":{"keys":[91,90],"grid":[" '!+"," &!,","01"," %!-","03"," $!."," #!/","06"," !!0","08","!","!","!","!","!","!"]},"2189":{"keys":[91,90],"grid":[" 0!!","00"," /!#","02"," .!$"," -!%","05"," ,!&","07"," +!'"," *!(","10"," )!)","12"," (!*","14"]},"2188":{"keys":[91],"grid":[" "," "," "," "," "," "," "," "," "," "," "," "," "," "," "," "]}},"4381":{"2190":{"keys":[91,90],"grid":[" "," "," "," "," "," "," "," "," "," "," "," 0!!","11"," /!#","13"," .!$"]},"2191":{"keys":[91,90],"grid":[" .!$"," -!%"," ,!&","02"," +!'","04"," *!("," )!)","07"," (!*","09"," '!+"," &!,","12"," %!-","14"]},"2192":{"keys":[91,90],"grid":[" $!.","00"," #!/"," !!0","03","!","!","!","!","!","!","!","!","!","!","!"]}},"4380":{"2192":{"keys":[91,90],"grid":[" "," "," "," "," "," "," "," 0!!"," /!#","08"," .!$","10"," -!%"," ,!&","13"," +!'"]},"2193":{"keys":[91,90],"grid":[" +!'"," *!(","01"," )!)"," (!*","04"," '!+","06"," &!,"," %!-","09"," $!.","11"," #!/"," !!0","14"]},"2194":{"keys":[90],"grid":[" "," "," "," "," "," "," "," "," "," "," "," "," "," "," "," "]}},"4387":{"2183":{"keys":[91,90],"grid":[" "," "," "," "," "," "," "," 0!!"," /!#"," -!%"," ,!&"," +!'"," )!)"," (!*"," '!+"," %!-"]},"2184":{"keys":[91,90],"grid":[" $!."," #!/"," !!0","!","!","!","!","!","!","!","!","!","!","!","!","!"]}},"4386":{"2185":{"keys":[90],"grid":[" "," "," "," "," "," "," "," "," "," "," "," "," "," "," "," "]},"2184":{"keys":[91,90],"grid":[" "," "," "," 0!!"," /!#"," .!$"," -!%"," ,!&"," *!("," )!)"," (!*"," '!+"," &!,"," %!-"," #!/"," !!0"]}},"4385":{"2185":{"keys":[91,90],"grid":[" "," 0!!"," /!#"," -!%"," ,!&"," +!'"," *!("," )!)"," (!*"," &!,"," %!-"," $!."," #!/"," !!0","!","!"]}},"4384":{"2187":{"keys":[91,90],"grid":[" #!/","00"," !!0","!","!","!","!","!","!","!","!","!","!","!","!","!"]},"2186":{"keys":[91,90],"grid":[" .!$"," ,!&"," +!'","02"," *!(","04"," )!)"," (!*","07"," '!+","09"," &!,","11"," %!-"," $!.","14"]},"2185":{"keys":[91,90],"grid":[" "," "," "," "," "," "," "," "," "," "," "," "," "," "," 0!!"," /!#"]}},"4563":{"2215":{"keys":[90,112],"grid":[" -!%"," ,!&"," +!'"," *!("," )!)"," (!*"," '!+","06"," &!,"," %!-"," $!."," #!/"," !!0","!","!","!"]},"2214":{"keys":[90,112],"grid":[" "," "," "," "," "," "," "," "," "," "," "," "," 0!!"," /!#","13"," .!$"]}},"4562":{"2217":{"keys":[112],"grid":[" "," "," "," "," "," "," "," "," "," "," "," "," "," "," "," "]},"2216":{"keys":[90,112],"grid":[" /!#"," .!$"," -!%"," ,!&"," +!'"," *!("," )!)","06"," (!*"," '!+"," &!,"," %!-"," $!."," #!/"," !!0","14"]},"2215":{"keys":[90,112],"grid":[" "," "," "," "," "," "," "," "," "," "," "," "," "," "," 0!!","14"]}},"4561":{"2218":{"keys":[90,112],"grid":[" #!/"," !!0","!","!","!","!","!","!","!","!","!","!","!","!","!","!"]},"2217":{"keys":[90,112],"grid":[" "," 0!!"," /!#"," .!$"," -!%"," ,!&"," +!'","06"," *!("," )!)"," (!*"," '!+"," &!,"," %!-"," $!.","14"]}},"4560":{"2219":{"keys":[90,112],"grid":[" %!-"," $!."," #!/","02"," !!0","04","!","!","!","!","!","!","!","!","!","!"]},"2218":{"keys":[90,112],"grid":[" "," "," "," 0!!"," /!#"," .!$"," -!%","06"," ,!&"," +!'"," *!("," )!)"," (!*"," '!+"," &!,","14"]}},"4567":{"2211":{"keys":[90,112],"grid":[" /!#"," -!%"," *!("," '!+"," $!.","!","!","!","!","!","!","!","!","!","!","!"]},"2210":{"keys":[90],"grid":[" "," "," "," "," "," "," "," "," "," "," "," "," "," "," "," "]}},"4566":{"2212":{"keys":[90,112],"grid":[" '!+"," &!,"," %!-"," $!."," #!/"," !!0","05","!","!","!","!","!","!","!","!","!"]},"2211":{"keys":[90,112],"grid":[" "," "," "," "," "," "," 0!!"," /!#"," .!$"," -!%"," ,!&"," +!'"," *!("," )!)","13"," (!*"]}},"4565":{"2213":{"keys":[90,112],"grid":[" )!)"," (!*"," '!+"," &!,"," %!-"," $!.","05"," #!/"," !!0","!","!","!","!","!","!","!"]},"2212":{"keys":[90,112],"grid":[" "," "," "," "," "," "," "," "," 0!!"," /!#"," .!$"," -!%"," ,!&"," +!'","13"," *!("]}},"4564":{"2213":{"keys":[90,112],"grid":[" "," "," "," "," "," "," "," "," "," "," 0!!"," /!#"," .!$"," -!%","13"," ,!&"]},"2214":{"keys":[90,112],"grid":[" +!'"," *!("," )!)"," (!*"," '!+"," &!,","05"," %!-"," $!."," #!/"," !!0","!","!","!","!","!"]}},"4569":{"2210":{"keys":[90,112],"grid":[" "," "," "," "," "," 0!!"," -!%"," *!("," '!+"," $!.","!","!","!","!","!","!"]}},"4568":{"2210":{"keys":[90,112],"grid":[" "," "," "," "," "," "," "," "," "," "," "," .!$"," +!'"," (!*"," %!-"," !!0"]}},"4408":{"2182":{"keys":[91,90],"grid":[" "," "," "," "," "," ","!# /","!& ,","!) )","!, &","!/ #","!","!","!","!","!"]},"2150":{"keys":[91,90],"grid":[" +!'"," *!("," )!)","02"," (!*","04"," '!+","06"," &!,"," %!-","09"," $!."," #!/","12"," !!0","14"]},"2151":{"keys":[90],"grid":[" "," "," "," "," "," "," "," "," "," "," "," "," "," "," "," "]},"2149":{"keys":[91,90],"grid":[" "," "," "," "," "," "," 0!!","06"," /!#"," .!$","09"," -!%","11"," ,!&","13"," +!'"]},"2155":{"keys":[90,91],"grid":[" "," "," "," ","!! 0","!$ .","!& ,","!' +","!) )","!* (","!, &","!- %","!. $","!/ #","!0 !","!"]}},"4409":{"2147":{"keys":[91,90],"grid":[" "," "," "," "," "," "," "," "," "," "," 0!!"," /!#","11"," .!$","13"," -!%"]},"2182":{"keys":[91,90],"grid":[" "," "," "," "," "," "," "," "," "," "," ","!! 0","!% -","!( *","!, &","!/ #"]},"2183":{"keys":[90],"grid":[" "," "," "," "," "," "," "," "," "," "," "," "," "," "," "," "]},"2155":{"keys":[90,91],"grid":[" "," "," "," "," "," "," "," "," "," "," "," "," "," "," ","!! 0"]},"2156":{"keys":[91,90],"grid":[" $!."," %!-"," &!,"," '!+"," )!)"," ,!&"," -!%"," .!$"," 0!!"," "," "," "," "," "," "," "]},"2149":{"keys":[91,90],"grid":[" $!."," #!/"," !!0","02","!","!","!","!","!","!","!","!","!","!","!","!"]},"2148":{"keys":[91,90],"grid":[" -!%"," ,!&"," +!'","02"," *!(","04"," )!)","06"," (!*","08"," '!+"," &!,","11"," %!-","13"," $!."]}},"4404":{"2181":{"keys":[91,90],"grid":[" "," "," "," "," "," ","!# /","!' +","!+ '","!/ #","!","!","!","!","!","!"]}},"4405":{"2181":{"keys":[91,90],"grid":[" "," "," "," "," "," "," "," "," "," ","!# /","!' +","!+ '","!/ #","!","!"]}},"4406":{"2154":{"keys":[91,90],"grid":[" 0!!","00"," /!#","02","02","00","00","00"," "," "," "," "," "," "," "," "]},"2182":{"keys":[90,91],"grid":[" +!'"," /!#"," "," "," "," "," "," "," "," "," "," "," "," "," "," "]},"2181":{"keys":[91,90],"grid":[" "," "," "," "," "," "," "," "," "," "," "," "," "," ","!# /","!' +"]},"2153":{"keys":[91,90],"grid":[" "," "," "," "," "," "," "," "," "," "," "," "," 0!!","12","12","12"]}},"4407":{"2182":{"keys":[91,90],"grid":[" "," ","!# /","!' +","!+ '","!/ #","!","!","!","!","!","!","!","!","!","!"]},"2154":{"keys":[90,91],"grid":[" "," "," "," "," "," "," "," "," ","!# /","!$ .","!% -","!& ,","!( *","!) )","!+ '"]},"2155":{"keys":[91,90],"grid":[" ,!&"," .!$"," /!#"," "," "," "," "," "," "," "," "," "," "," "," "," "]},"2151":{"keys":[91,90],"grid":[" "," 0!!","01"," /!#","03","03","03"," .!$","07"," -!%"," ,!&","10","10"," +!'","13","13"]},"2152":{"keys":[91,90],"grid":[" *!(","00","00"," )!)","03"," (!*","05"," '!+","07","07"," &!,","10"," %!-","12"," $!.","14"]},"2153":{"keys":[91,90],"grid":[" $!.","00"," #!/","02","02"," !!0","05","05","05","!","!","!","!","!","!","!"]}},"4400":{"2180":{"keys":[91,90],"grid":[" "," "," "," "," "," "," "," "," ","!$ .","!) )","!. $","!","!","!","!"]}},"4401":{"2180":{"keys":[91,90],"grid":[" "," "," "," "," "," "," "," "," "," "," "," ","!# /","!( *","!, &","!"]}},"4402":{"2181":{"keys":[90,91],"grid":[" &!,"," +!'"," 0!!"," "," "," "," "," "," "," "," "," "," "," "," "," "]},"2180":{"keys":[91],"grid":[" "," "," "," "," "," "," "," "," "," "," "," "," "," "," "," "]}},"4403":{"2181":{"keys":[91,90],"grid":[" "," "," ","!% -","!) )","!. $","!","!","!","!","!","!","!","!","!","!"]}},"4558":{"2222":{"keys":[90,112],"grid":[" &!,","00"," %!-"," $!.","03"," #!/"," !!0","06","!","!","!","!","!","!","!","!"]},"2220":{"keys":[90],"grid":[" "," "," "," "," "," "," "," "," "," "," "," "," "," "," "," "]},"2221":{"keys":[90,112],"grid":[" 0!!","00"," /!#","02"," .!$"," -!%","05"," ,!&"," +!'","08"," *!("," )!)","11"," (!*","13"," '!+"]}},"4559":{"2219":{"keys":[90,112],"grid":[" "," "," "," "," "," "," "," 0!!","07"," /!#"," .!$","10"," -!%"," ,!&","13"," +!'"]},"2220":{"keys":[90,112],"grid":[" +!'"," *!("," )!)","02"," (!*"," '!+","05"," &!,","07"," %!-"," $!.","10"," #!/"," !!0","13","!"]}},"4556":{"2224":{"keys":[90,"",112],"grid":["  !#"," !!#","!!##","!###"]}},"4557":{"2222":{"keys":[90,112],"grid":[" "," "," "," "," "," "," "," "," "," "," 0!!"," /!#","11"," .!$"," -!%","14"]},"2223":{"keys":[90,112,""],"grid":[" ,!&"," +!'","01"," *!(","03"," )!)"," (!*","06"," '!+"," &!,"," $#!!-"," !##!.","!","!","!","!"]}},"4419":{"2129":{"keys":[91,90],"grid":[" /!#","00"," .!$"," -!%","03"," ,!&","05"," +!'"," *!(","08"," )!)","10"," (!*"," '!+","13"," &!,"]},"2128":{"keys":[91,90],"grid":[" "," "," "," "," "," "," "," "," "," "," "," "," "," "," 0!!","14"]},"2130":{"keys":[91,90],"grid":[" &!,"," %!-","01"," $!."," #!/","04"," !!0","06","!","!","!","!","!","!","!","!"]}},"4418":{"2132":{"keys":[91,90],"grid":[" #!/","00"," !!0","!","!","!","!","!","!","!","!","!","!","!","!","!"]},"2130":{"keys":[91,90],"grid":[" "," "," "," "," "," "," "," "," "," 0!!","09"," /!#","11"," .!$","13"," -!%"]},"2131":{"keys":[91,90],"grid":[" ,!&","00"," +!'","02"," *!(","04"," )!)"," (!*","07"," '!+","09"," &!,"," %!-","12"," $!.","14"]},"2172":{"keys":[90,91],"grid":[" "," "," "," "," "," "," "," "," "," "," "," ","!! 0","12","12","12"]},"2173":{"keys":[91,90],"grid":[" !!0","00","00","00","00","00","00","00","00","00","00"," #!/","11","11","11","11"]},"2174":{"keys":[91,90],"grid":[" #!/","00","00","00","00","00","00","00","00","00","00","00"," $!.","12","12","12"]},"2175":{"keys":[91,90],"grid":[" $!.","00"," #!/","02"," !!0","04","!","!","!","!","!","!","!","!","!","!"]}},"4417":{"2132":{"keys":[91,90],"grid":[" "," "," "," "," "," 0!!","05"," /!#","07"," .!$"," -!%","10"," ,!&","12"," +!'"," *!("]},"2133":{"keys":[91,90],"grid":[" *!("," )!)","01"," (!*","03"," '!+"," &!,","06"," %!-","08"," $!.","10"," #!/"," !!0","13","!"]},"2176":{"keys":[91,90],"grid":[" ,!&","00","00"," +!'","03"," *!(","05"," )!)","07"," (!*","09"," '!+","11"," &!,","13"," %!-"]},"2162":{"keys":[91,90],"grid":[" '!+","00","00","00","00","00","00","00","00","00","00","00","00","00"," (!*","14"]},"2172":{"keys":[91],"grid":[" "," "," "," "," "," "," "," "," "," "," "," "," "," "," "," "]},"2170":{"keys":[91,90],"grid":[" /!#","00","00","00","00","00"," 0!!","06","06","06","06","06","06","06","06","06"]},"2171":{"keys":[91,90],"grid":[" 0!!","00","00","00","00","00","00"," "," "," "," "," "," "," "," "," "]},"2169":{"keys":[91,90],"grid":[" .!$","00","00","00","00","00","00","00"," /!#","08","08","08","08","08","08","08"]},"2168":{"keys":[91,90],"grid":[" -!%","00","00","00","00","00","00","00","00"," .!$","09","09","09","09","09","09"]},"2175":{"keys":[91,90],"grid":[" "," "," "," "," "," "," "," "," 0!!","08"," /!#","10"," .!$","12"," -!%","14"]},"2165":{"keys":[91,90],"grid":[" *!(","00","00","00","00","00","00","00","00","00","00","00"," +!'","12","12","12"]},"2164":{"keys":[91,90],"grid":[" )!)","00","00","00","00","00","00","00","00","00","00","00","00","00"," *!(","14"]},"2167":{"keys":[91,90],"grid":[" ,!&","00","00","00","00","00","00","00","00","00"," -!%","10","10","10","10","10"]},"2166":{"keys":[91,90],"grid":[" +!'","00","00","00","00","00","00","00","00","00","00"," ,!&","11","11","11","11"]},"2161":{"keys":[91,90],"grid":[" &!,","00","00","00","00","00","00","00","00","00","00","00"," '!+","12","12","12"]},"2160":{"keys":[90,91],"grid":[" "," "," "," "," "," ","!! 0","!# /","!$ .","08","!% -","10","10","10","!& ,","14"]},"2163":{"keys":[91,90],"grid":[" (!*","00","00","00","00","00","00","00","00","00","00","00","00","00","00"," )!)"]},"2177":{"keys":[91,90],"grid":[" %!-"," $!.","01","01"," #!/","04"," !!0","06","!","!","!","!","!","!","!","!"]}},"4416":{"2134":{"keys":[91,90],"grid":[" "," 0!!","01"," /!#"," .!$","04"," -!%","06"," ,!&","08"," +!'","10"," *!(","12"," )!)"," (!*"]},"2135":{"keys":[91,90],"grid":[" (!*"," '!+","01"," &!,","03"," %!-","05"," $!.","07"," #!/"," !!0","10","!","!","!","!"]},"2133":{"keys":[91],"grid":[" "," "," "," "," "," "," "," "," "," "," "," "," "," "," "," "]},"2160":{"keys":[91,90],"grid":[" .!$","00"," /!#"," 0!!"," "," "," "," "," "," "," "," "," "," "," "," "]},"2177":{"keys":[91,90],"grid":[" "," "," "," "," "," "," "," "," "," "," 0!!","10"," /!#","12"," .!$"," -!%"]},"2178":{"keys":[91,90],"grid":[" -!%"," ,!&","01"," +!'","03"," *!(","05","05"," )!)","08"," (!*","10"," '!+","12"," &!,","14"]},"2179":{"keys":[91,90],"grid":[" %!-","00"," $!.","02","02"," #!/","05"," !!0","07","!","!","!","!","!","!","!"]},"2159":{"keys":[90,91],"grid":[" "," "," "," "," "," "," "," ","!! 0","!% -","!( *","!* (","!+ '","12","!, &","!- %"]}},"4415":{"2136":{"keys":[91,90],"grid":[" /!#","00"," .!$","02"," -!%"," ,!&","05"," +!'","07"," *!(","09"," )!)","11"," (!*","13"," '!+"]},"2137":{"keys":[91,90],"grid":[" &!,","00"," %!-","02"," $!.","04"," #!/","06"," !!0","08","!","!","!","!","!","!"]},"2135":{"keys":[91,90],"grid":[" "," "," "," "," "," "," "," "," "," "," "," "," "," "," 0!!","14"]},"2181":{"keys":[91,90],"grid":[" '!+"," &!,","01","01"," %!-","04"," $!.","06","06"," #!/","09"," !!0","11","11","!","!"]},"2180":{"keys":[91,90],"grid":[" .!$","00"," -!%","02"," ,!&","04"," +!'","06"," *!(","08"," )!)","10","10"," (!*","13"," '!+"]},"2179":{"keys":[91,90],"grid":[" "," "," "," "," "," "," "," "," "," "," "," 0!!","11"," /!#","13"," .!$"]},"2159":{"keys":[90,91],"grid":[" "," "," ","!$ .","!' +","!* (","!, &","!/ #","!","!","!","!","!","!","!","!"]}},"4414":{"2137":{"keys":[91,90],"grid":[" "," "," "," "," "," "," "," "," "," "," "," "," 0!!","12"," /!#","14"]},"2138":{"keys":[91,90],"grid":[" .!$","00"," -!%","02","02"," ,!&","05"," +!'","07","07"," *!(","10"," )!)","12"," (!*","14"]},"2139":{"keys":[91,90],"grid":[" (!*"," '!+","01"," &!,","03"," %!-"," $!.","06"," #!/","08"," !!0","10","!","!","!","!"]},"2183":{"keys":[91,90],"grid":[" *!(","00"," )!)","02","02"," (!*","05"," '!+","07","07"," &!,","10"," %!-","12","12"," $!."]},"2182":{"keys":[91,90],"grid":[" 0!!","00","00"," /!#","03","03"," .!$","06"," -!%","08","08"," ,!&","11"," +!'","13","13"]},"2181":{"keys":[91],"grid":[" "," "," "," "," "," "," "," "," "," "," "," "," "," "," "," "]},"2184":{"keys":[91,90],"grid":[" $!.","!","!","!","!","!","!","!","!","!","!","!","!","!","!","!"]},"2158":{"keys":[90,91],"grid":[" "," "," "," "," "," "," "," "," "," "," "," "," ","!! 0","!% -","!( *"]},"2159":{"keys":[91,90],"grid":[" +!'"," .!$"," "," "," "," "," "," "," "," "," "," "," "," "," "," "]}},"4413":{"2184":{"keys":[90,91],"grid":[" 0!!"," "," "," "," "," "," "," "," "," "," "," "," "," "," "," "]},"2139":{"keys":[91,90],"grid":[" "," "," "," "," "," "," "," "," "," "," "," "," "," "," 0!!","14"]},"2183":{"keys":[91,90],"grid":[" "," "," "," "," "," "," "," "," "," "," "," "," ","!# /","!' +","!, &"]},"2141":{"keys":[91,90],"grid":[" &!,"," %!-"," $!.","02"," #!/"," !!0","!","!","!","!","!","!","!","!","!","!"]},"2140":{"keys":[91,90],"grid":[" /!#","00"," .!$","02"," -!%","04","04"," ,!&","07"," +!'","09"," *!("," )!)"," (!*","13"," '!+"]},"2158":{"keys":[90,91],"grid":[" "," "," "," "," "," "," ","!! 0","!% -","!' +","!* (","!- %","!0 !","!","!","!"]}},"4412":{"2183":{"keys":[91,90],"grid":[" "," "," "," "," "," "," "," "," "," ","!& ,","!+ '","!/ #","!","!","!"]},"2158":{"keys":[90,91],"grid":[" ","!! 0","!& ,","!( *","!+ '","!- %","!0 !","!","!","!","!","!","!","!","!","!"]},"2143":{"keys":[91,90],"grid":[" $!."," #!/","01"," !!0","03","!","!","!","!","!","!","!","!","!","!","!"]},"2142":{"keys":[91,90],"grid":[" ,!&","00"," +!'","02"," *!("," )!)","05"," (!*","07"," '!+","09"," &!,","11"," %!-","13"," $!."]},"2141":{"keys":[91,90],"grid":[" "," "," "," "," "," "," "," "," 0!!","08"," /!#","10"," .!$","12"," -!%","14"]}},"4411":{"2144":{"keys":[91,90],"grid":[" +!'","00"," *!(","02"," )!)","04"," (!*"," '!+","07"," &!,","09"," %!-","11"," $!.","13"," #!/"]},"2183":{"keys":[91,90],"grid":[" "," "," "," "," "," ","!$ .","!' +","!+ '","!","!","!","!","!","!","!"]},"2145":{"keys":[91,90],"grid":[" #!/"," !!0","01","!","!","!","!","!","!","!","!","!","!","!","!","!"]},"2157":{"keys":[90,91],"grid":[" "," "," "," "," "," "," "," ","!! 0","!# /","!$ .","!% -","!& ,","!' +","!( *","!, &"]},"2143":{"keys":[91,90],"grid":[" "," "," "," "," "," "," 0!!","06"," /!#","08"," .!$","10"," -!%","12"," ,!&","14"]},"2158":{"keys":[91,90],"grid":[" /!#"," "," "," "," "," "," "," "," "," "," "," "," "," "," "," "]}},"4410":{"2147":{"keys":[91,90],"grid":[" &!,"," %!-"," $!.","02"," #!/","04"," !!0","06","!","!","!","!","!","!","!","!"]},"2145":{"keys":[91,90],"grid":[" "," "," "," "," "," 0!!","05"," /!#","07"," .!$","09"," -!%"," ,!&","12"," +!'","14"]},"2183":{"keys":[90,91],"grid":[" !!0"," %!-"," (!*"," +!'"," .!$"," "," "," "," "," "," "," "," "," "," "," "]},"2146":{"keys":[91,90],"grid":[" *!(","00"," )!)","02"," (!*","04"," '!+","06","06","06","06"," &!,","11","11","11","11"]},"2156":{"keys":[90,91],"grid":[" "," "," "," "," "," "," "," "," "," ","!! 0","!# /","!$ .","!% -","!' +","!( *"]},"2157":{"keys":[91,90],"grid":[" )!)"," *!("," +!'"," ,!&"," .!$"," /!#"," 0!!"," "," "," "," "," "," "," "," "," "]}},"4428":{"2088":{"keys":[91,90],"grid":[" *!(","00","00"," )!)","03","03"," (!*","06","06","06"," '!+","10","10"," &!,","13","13"]},"2089":{"keys":[91,90],"grid":[" %!-","00","00","00"," $!.","04","04"," #!/","07","07"," !!0","10","10","10","!","!"]},"2083":{"keys":[90,91],"grid":[" "," "," "," "," ","!! 0","05","05","05","05","05","!# /","11","11","11","11"]},"2086":{"keys":[91,90],"grid":[" *!(","00","00","00","00"," +!'","05","05","05","05","05"," ,!&","11","11","11","11"]},"2087":{"keys":[91,90],"grid":[" ,!&"," -!%","01","01","01","01","01","01","01","00","00","00"," +!'","12","12","12"]},"2084":{"keys":[91,90],"grid":[" $!.","00","00","00","00"," %!-","05","05","05","05"," &!,","10","10","10","10"," '!+"]},"2085":{"keys":[91,90],"grid":[" '!+","00","00","00"," (!*","04","04","04","04","04"," )!)","10","10","10","10","10"]},"2069":{"keys":[91,90],"grid":[" "," "," "," "," "," ,!&"," !!0","!","!","!","!","!","!","!","!","!"]}},"4429":{"2069":{"keys":[91,90],"grid":[" "," "," "," "," '!+","!","!","!","!","!","!","!","!","!","!","!"]}},"4422":{"2121":{"keys":[91,90],"grid":[" -!%","00","00","00"," ,!&","04","04","04","04","04"," +!'","10","10","10","10","10"]},"2120":{"keys":[91,90],"grid":[" 0!!","00","00"," /!#","03","03","03","03","03"," .!$","09","09","09","09"," -!%","14"]},"2123":{"keys":[91,90],"grid":[" (!*"," '!+","01","01","01","01","01"," &!,","07","07","07","07"," %!-","12","12","12"]},"2122":{"keys":[91,90],"grid":[" *!(","00","00","00","00"," )!)","05","05","05","05","05"," (!*","11","11","11","11"]},"2125":{"keys":[91,90],"grid":[" !!0","00","00","00","!","!","!","!","!","!","!","!","!","!","!","!"]},"2124":{"keys":[91,90],"grid":[" %!-","00"," $!.","02","02","02","02","02"," #!/","08","08","08","08","08"," !!0","14"]},"2119":{"keys":[91,90],"grid":[" "," "," "," "," "," "," "," "," "," "," "," "," "," 0!!","13","13"]}},"4423":{"2118":{"keys":[91,90],"grid":[" *!("," )!)","01"," (!*"," '!+"," &!,"," %!-"," $!.","07","07","07","07"," #!/","12","12","12"]},"2119":{"keys":[91,90],"grid":[" #!/","00"," !!0","02","02","02","02","!","!","!","!","!","!","!","!","!"]},"2117":{"keys":[91,90],"grid":[" "," "," "," "," "," "," "," "," "," 0!!"," /!#","10"," .!$"," -!%"," ,!&"," +!'"]}},"4420":{"2128":{"keys":[91,90],"grid":[" )!)"," (!*"," '!+","02"," &!,","04"," %!-"," $!.","07"," #!/","09"," !!0","!","!","!","!"]},"2127":{"keys":[91,90],"grid":[" "," "," "," 0!!","03"," /!#"," .!$","06"," -!%","08"," ,!&","10"," +!'"," *!(","13"," )!)"]}},"4421":{"2125":{"keys":[91,90],"grid":[" "," "," "," "," "," "," "," "," 0!!","08"," /!#"," .!$","11"," -!%","13"," ,!&"]},"2127":{"keys":[91,90],"grid":[" !!0","!","!","!","!","!","!","!","!","!","!","!","!","!","!","!"]},"2126":{"keys":[91,90],"grid":[" +!'","00"," *!(","02"," )!)","04"," (!*"," '!+","07"," &!,","09"," %!-"," $!.","12"," #!/","14"]}},"4426":{"2095":{"keys":[91,90],"grid":[" +!'"," *!(","01","01","01","01","01","01","01","01","01","01","01"," )!)","13","13"]},"2094":{"keys":[91,90],"grid":[" -!%","00","00","00"," ,!&","04","04","04","04"," +!'","09","09","09","09","09","09"]},"2097":{"keys":[91,90],"grid":[" (!*","00","00","00","00","00"," '!+","06","06","06","06","06","06","06","06","06"]},"2096":{"keys":[91,90],"grid":[" )!)","00","00","00","00","00","00","00","00","00"," (!*","10","10","10","10","10"]},"2093":{"keys":[91,90],"grid":[" "," "," "," "," 0!!","04","04"," /!#","07","07","07","07"," .!$","12","12","12"]},"2099":{"keys":[91,90],"grid":[" %!-","00","00","00","00","00","00","00","00","00"," $!.","10","10","10","10","10"]},"2098":{"keys":[91,90],"grid":[" '!+","00"," &!,","02","02","02","02","02","02","02","02","02","02","02"," %!-","14"]},"2073":{"keys":[91,90],"grid":[" .!$","00","00","00","00","00","00","00"," /!#","08","08","08","08","08","08","08"]},"2072":{"keys":[91,90],"grid":[" +!'"," ,!&","01","01","01","01","01","01","01"," -!%","09","09","09","09","09","09"]},"2071":{"keys":[91,90],"grid":[" )!)","00"," *!(","02","02","02","02","02","02","02"," +!'","10","10","10","10","10"]},"2070":{"keys":[91,90],"grid":[" '!+","00","00"," (!*","03","03","03","03","03","03"," )!)","10","10","10","10","10"]},"2114":{"keys":[91,90],"grid":[" !!0","00","00","00","00","00","00","00","00","00","00","00","00","00","00","00"]},"2115":{"keys":[91,90],"grid":[" !!0","00","00","!","!","!","!","!","!","!","!","!","!","!","!","!"]},"2074":{"keys":[91,90],"grid":[" 0!!","00","00","00","00","00","00"," "," "," "," "," "," "," "," "," "]},"2110":{"keys":[90],"grid":[" "," "," "," "," "," "," "," "," "," "," "," "," "," "," "," "]},"2111":{"keys":[90],"grid":[" "," "," "," "," "," "," "," "," "," "," "," "," "," "," "," "]},"2112":{"keys":[91,90],"grid":[" !!0","00","00","00","00","00","00","00","00","00","00","00","00","00","00","00"]},"2113":{"keys":[91,90],"grid":[" !!0","00","00","00","00","00","00","00","00","00","00","00","00","00","00","00"]},"2069":{"keys":[91,90],"grid":[" "," "," "," "," "," "," "," "," -!%"," &!,","09"," '!+","11","11","11","11"]},"2102":{"keys":[90],"grid":[" "," "," "," "," "," "," "," "," "," "," "," "," "," "," "," "]},"2101":{"keys":[91,90],"grid":[" #!/","00","00"," !!0","03","03","03","03","03","03","03","03","03","03","03","!"]},"2100":{"keys":[91,90],"grid":[" $!.","00","00","00","00","00","00"," #!/","07","07","07","07","07","07","07","07"]}},"4427":{"2089":{"keys":[91],"grid":[" "," "," "," "," "," "," "," "," "," "," "," "," "," "," "," "]},"2082":{"keys":[91,90],"grid":[" .!$","00"," /!#","02","02","02","02","02","02","02","02"," 0!!","11","11","11","11"]},"2083":{"keys":[91],"grid":[" "," "," "," "," "," "," "," "," "," "," "," "," "," "," "," "]},"2080":{"keys":[91,90],"grid":[" ,!&","00","00","00","00","00","00","00","00","00"," -!%","10","10","10","10","10"]},"2081":{"keys":[91,90],"grid":[" -!%","00","00","00","00","00"," .!$","06","06","06","06","06","06","06","06","06"]},"2069":{"keys":[91,90],"grid":[" "," "," "," "," "," "," "," '!+","!","!","!","!","!","!","!","!"]},"2079":{"keys":[91,90],"grid":[" *!(","00","00"," +!'","03","03","03","03","03","03","03","03","03"," ,!&","13","13"]},"2078":{"keys":[91,90],"grid":[" (!*","00","00","00"," )!)","04","04","04","04","04","04"," *!(","11","11","11","11"]},"2091":{"keys":[91,90],"grid":[" ,!&","00"," +!'","02","02"," *!(","05","05"," )!)","08","08","08"," (!*","12","12"," '!+"]},"2090":{"keys":[91,90],"grid":[" "," 0!!","01","01"," /!#","04","04","04"," .!$","08","08"," -!%","11","11"," ,!&","14"]},"2093":{"keys":[91,90],"grid":[" !!0","!","!","!","!","!","!","!","!","!","!","!","!","!","!","!"]},"2092":{"keys":[91,90],"grid":[" '!+","00"," &!,","02","02"," %!-","05","05"," $!.","08","08"," #!/","11","11"," !!0","14"]},"2077":{"keys":[91,90],"grid":[" &!,","00","00","00","00"," '!+","05","05","05","05","05","05"," (!*","12","12","12"]},"2076":{"keys":[91,90],"grid":[" $!.","00","00","00","00"," %!-","05","05","05","05","05","05","05"," &!,","13","13"]},"2075":{"keys":[91,90],"grid":[" !!0","00","00","00","00","00"," #!/","06","06","06","06","06","06","06"," $!.","14"]},"2074":{"keys":[90,91],"grid":[" "," "," "," "," "," "," "," "," "," "," "," "," "," "," ","!! 0"]}},"4424":{"2116":{"keys":[91,90],"grid":[" "," "," "," "," "," "," "," 0!!"," /!#"," .!$"," -!%"," ,!&"," +!'","12"," *!("," )!)"]},"2117":{"keys":[91,90],"grid":[" (!*"," '!+"," &!,"," %!-","03"," $!."," #!/"," !!0","!","!","!","!","!","!","!","!"]}},"4425":{"2115":{"keys":[91,90],"grid":[" "," "," "," "," 0!!"," /!#"," .!$"," -!%","07"," ,!&"," +!'"," *!("," )!)"," (!*"," '!+","14"]},"2103":{"keys":[91,90],"grid":[" 0!!","00","00","00","00","00","00"," /!#","07","07","07","07","07","07","07","07"]},"2109":{"keys":[91],"grid":[" "," "," "," "," "," "," "," "," "," "," "," "," "," "," "," "]},"2108":{"keys":[91,90],"grid":[" 0!!","00","00","00"," "," "," "," "," "," "," "," "," "," "," "," "]},"2105":{"keys":[91,90],"grid":[" 0!!","00","00","00","00","00","00","00","00","00","00","00","00","00","00","00"]},"2110":{"keys":[91],"grid":[" "," "," "," "," "," "," "," "," "," "," "," "," "," "," "," "]},"2102":{"keys":[91,90],"grid":[" "," "," "," "," "," "," "," "," "," "," "," 0!!","11","11","11","11"]},"2107":{"keys":[91,90],"grid":[" 0!!","00","00","00","00","00","00","00","00","00","00","00","00","00","00","00"]},"2106":{"keys":[91,90],"grid":[" 0!!","00","00","00","00","00","00","00","00","00","00","00","00","00","00","00"]},"2116":{"keys":[91,90],"grid":[" &!,"," %!-"," $!."," #!/"," !!0","!","!","!","!","!","!","!","!","!","!","!"]},"2104":{"keys":[91,90],"grid":[" /!#","00","00","00","00","00","00","00","00","00","00","00","00","00","00"," 0!!"]}},"4378":{"2195":{"keys":[91,90],"grid":[" "," "," "," "," "," "," "," "," "," "," "," 0!!","11"," /!#"," .!$","14"]},"2196":{"keys":[91,90],"grid":[" -!%"," ,!&","01"," +!'","03"," *!("," )!)","06"," (!*"," '!+","09"," &!,"," %!-","12"," $!.","14"]},"2197":{"keys":[91,90],"grid":[" #!/"," !!0","01","!","!","!","!","!","!","!","!","!","!","!","!","!"]}},"4435":{"2068":{"keys":[91,90],"grid":[" "," "," "," "," "," "," "," "," "," "," +!'"," !!0","!","!","!","!"]}},"4434":{"2068":{"keys":[91,90],"grid":[" "," "," "," "," "," "," "," "," "," "," "," "," *!(","!","!","!"]}},"4437":{"2068":{"keys":[91,90],"grid":[" "," "," "," "," "," "," "," '!+","!","!","!","!","!","!","!","!"]}},"4436":{"2068":{"keys":[91,90],"grid":[" "," "," "," "," "," "," "," "," .!$"," $!.","!","!","!","!","!","!"]}},"4431":{"2069":{"keys":[91,90],"grid":[" "," &!,","!","!","!","!","!","!","!","!","!","!","!","!","!","!"]}},"4430":{"2069":{"keys":[91,90],"grid":[" "," "," ,!&"," !!0","!","!","!","!","!","!","!","!","!","!","!","!"]}},"4433":{"2068":{"keys":[91,90],"grid":[" "," "," "," "," "," "," "," "," "," "," "," "," "," 0!!"," &!,","!"]}},"4432":{"2068":{"keys":[91,90],"grid":[" "," "," "," "," "," "," "," "," "," "," "," "," "," "," "," +!'"]},"2069":{"keys":[90],"grid":[" "," "," "," "," "," "," "," "," "," "," "," "," "," "," "," "]}},"4439":{"2067":{"keys":[91,90],"grid":[" "," 0!!"," /!#"," -!%"," ,!&"," +!'"," )!)"," (!*"," &!,"," %!-"," $!."," !!0","!","!","!","!"]}},"4438":{"2068":{"keys":[91,90],"grid":[" +!'"," *!("," )!)"," '!+"," &!,"," $!.","!","!","!","!","!","!","!","!","!","!"]},"2067":{"keys":[91,90],"grid":[" "," "," "," "," "," "," "," "," "," "," "," "," "," /!#"," .!$"," -!%"]}},"4440":{"2066":{"keys":[91,90],"grid":[" "," "," "," "," "," "," /!#"," .!$"," -!%"," +!'"," *!("," )!)"," '!+"," &!,"," $!."," #!/"]},"2067":{"keys":[91,90],"grid":[" !!0","!","!","!","!","!","!","!","!","!","!","!","!","!","!","!"]}},"4441":{"2065":{"keys":[91,90],"grid":[" "," "," "," "," "," "," "," "," "," "," 0!!"," /!#"," -!%"," ,!&"," +!'"," )!)"]},"2066":{"keys":[91,90],"grid":[" (!*"," &!,"," %!-"," $!."," !!0","!","!","!","!","!","!","!","!","!","!","!"]}},"4442":{"2064":{"keys":[91,90],"grid":[" "," "," "," "," "," "," "," "," "," "," "," "," "," "," 0!!"," /!#"]},"2065":{"keys":[91,90],"grid":[" .!$"," ,!&"," +!'"," )!)"," (!*"," '!+"," %!-"," $!."," #!/","!","!","!","!","!","!","!"]}},"4443":{"2064":{"keys":[91,90],"grid":[" "," "," "," /!#"," .!$"," -!%"," +!'"," *!("," (!*"," '!+"," &!,"," $!."," #!/"," !!0","!","!"]}},"4444":{"2063":{"keys":[91,90],"grid":[" "," "," "," "," "," "," "," 0!!"," /!#"," -!%"," ,!&"," *!("," )!)"," (!*"," &!,"," %!-"]},"2064":{"keys":[91,90],"grid":[" #!/"," !!0","!","!","!","!","!","!","!","!","!","!","!","!","!","!"]}},"4445":{"2051":{"keys":[91,90],"grid":[" .!$","00","00"," /!#","03","03","03","03"," 0!!","08","08","08"," "," "," "," "]},"2050":{"keys":[91,90],"grid":[" +!'","00","00","00"," ,!&","04","04","04","04"," -!%","09","09","09","09","09"," .!$"]},"2062":{"keys":[91,90],"grid":[" "," "," "," "," "," "," "," "," "," "," "," "," 0!!"," /!#"," -!%"," ,!&"]},"2063":{"keys":[91,90],"grid":[" *!("," )!)"," '!+"," &!,"," %!-"," #!/"," !!0","!","!","!","!","!","!","!","!","!"]},"2049":{"keys":[91,90],"grid":[" "," "," "," "," "," "," "," 0!!","07"," /!#"," .!$"," -!%"," ,!&"," +!'"," *!(","13"]}},"4446":{"2051":{"keys":[90],"grid":[" "," "," "," "," "," "," "," "," "," "," "," "," "," "," "," "]},"2053":{"keys":[91,90],"grid":[" %!-","00","00"," &!,","03","03","03","03"," '!+","08","08","08","08"," (!*","13","13"]},"2052":{"keys":[90,91],"grid":[" ","!! 0","01","01","01","!# /","05","05","05","05","!$ .","10","10","10","!% -","14"]},"2055":{"keys":[91,90],"grid":[" ,!&","00","00","00"," -!%","04","04","04","04"," .!$","09","09","09"," /!#","13","13"]},"2054":{"keys":[91,90],"grid":[" (!*","00"," )!)","02","02","02","02"," *!(","07","07","07"," +!'","11","11","11","11"]},"2056":{"keys":[91,90],"grid":[" /!#","00"," 0!!","02"," "," "," "," "," "," "," "," "," "," "," "," "]},"2048":{"keys":[91,90],"grid":[" "," "," "," "," 0!!","04"," /!#"," .!$"," -!%"," ,!&"," +!'","10"," *!("," )!)"," (!*"," '!+"]},"2049":{"keys":[91,90],"grid":[" &!,"," %!-","01"," $!."," #!/"," !!0","!","!","!","!","!","!","!","!","!","!"]},"2062":{"keys":[91,90],"grid":[" "," 0!!"," /!#"," -!%"," ,!&"," *!("," )!)"," '!+"," &!,"," %!-"," #!/"," !!0","!","!","!","!"]}},"4447":{"2057":{"keys":[91,90],"grid":[" '!+"," (!*","01"," )!)","03"," *!(","05"," +!'","07"," ,!&","09","09","09"," -!%","13","13"]},"2056":{"keys":[90,91],"grid":[" "," "," "," "," "," ","!! 0","06","!# /","08","!$ .","!% -","11","!& ,","13","!' +"]},"2059":{"keys":[91,90],"grid":[" 0!!","00"," "," "," "," "," "," "," "," "," "," "," "," "," "," "]},"2058":{"keys":[91,90],"grid":[" -!%","00","00"," .!$","03","03","03","03"," /!#","08","08","08","08"," 0!!","13","13"]},"2048":{"keys":[91,90],"grid":[" $!."," #!/"," !!0","!","!","!","!","!","!","!","!","!","!","!","!","!"]},"2061":{"keys":[91,90],"grid":[" "," "," "," "," "," "," 0!!"," /!#"," -!%"," ,!&"," *!("," )!)"," '!+"," &!,"," %!-"," #!/"]},"2062":{"keys":[91,90],"grid":[" !!0","!","!","!","!","!","!","!","!","!","!","!","!","!","!","!"]}},"4448":{"2059":{"keys":[90,91],"grid":[" "," "," "," "," "," "," ","!! 0","07","07","07","07","!# /","12","12","12"]},"2060":{"keys":[91,90],"grid":[" #!/"," $!.","01","01","01","01"," %!-","06","06","06","06"," &!,","11","11","11","11"]},"2061":{"keys":[91,90],"grid":[" '!+","00"," &!,"," $!."," #!/"," !!0","!","!","!","!","!","!","!","!","!","!"]}},"4373":{"2299":{"keys":[90,91],"grid":[" "," "," "," "," "," "," ","!! 0","07","!# /","!$ .","!% -","11","!& ,","!' +","!( *"]},"2292":{"keys":[91,90],"grid":[" #!/"," !!0","01","01","01","01","01","!","!","!","!","!","!","!","!","!"]},"2291":{"keys":[91,90],"grid":[" %!-","00","00","00"," $!.","04","04","04","04","04","04"," #!/","11","11","11","11"]},"2290":{"keys":[91,90],"grid":[" '!+"," &!,","01","01","01","01","01","01"," %!-","08","08","08","08","08","08","08"]},"2203":{"keys":[91,90],"grid":[" "," "," "," "," "," "," "," "," "," "," "," "," "," "," "," 0!!"]},"2204":{"keys":[91,90],"grid":[" /!#"," .!$"," -!%"," ,!&"," +!'","04"," *!("," )!)"," (!*"," '!+"," &!,"," %!-"," $!."," #!/"," !!0","!"]},"2205":{"keys":[90],"grid":[" "," "," "," "," "," "," "," "," "," "," "," "," "," "," "," "]},"2206":{"keys":[90,91],"grid":[" "," "," "," "," "," ","!! 0","06","!# /","08","!$ .","!% -","11","!& ,","13","!' +"]},"2207":{"keys":[91,90],"grid":[" (!*","00"," )!)","02","02","02"," *!(","06","06","06"," +!'","10","10","10"," ,!&","14"]},"2208":{"keys":[91,90],"grid":[" ,!&","00"," -!%","02","02","02"," .!$","06","06","06"," /!#","10","10","10","10"," 0!!"]},"2209":{"keys":[91,90],"grid":[" 0!!","00","00"," "," "," "," "," "," "," "," "," "," "," "," "," "]},"2263":{"keys":[90,91],"grid":[" "," "," "," "," "," "," "," "," "," "," "," "," "," ","!! 0","14"]},"2266":{"keys":[91,90],"grid":[" .!$"," /!#","01","01"," 0!!","04"," "," "," "," "," "," "," "," "," "," "]},"2264":{"keys":[91,90],"grid":[" !!0"," #!/","01"," $!.","03","03"," %!-","06","06"," &!,","09","09"," '!+","12"," (!*","14"]},"2265":{"keys":[91,90],"grid":[" (!*"," )!)","01","01"," *!(","04"," +!'","06","06"," ,!&","09","09"," -!%","12"," .!$","14"]},"2288":{"keys":[91,90],"grid":[" +!'","00","00","00"," *!(","04","04","04","04","04","04"," )!)","11","11","11","11"]},"2289":{"keys":[91,90],"grid":[" )!)","00"," (!*","02","02","02","02","02","02","02"," '!+","10","10","10","10","10"]},"2285":{"keys":[91,90],"grid":[" "," "," "," "," "," "," "," "," "," 0!!","09","09","09","09","09","09"]},"2286":{"keys":[91,90],"grid":[" /!#","00","00","00","00","00","00"," .!$","07","07","07","07","07","07"," -!%","14"]},"2287":{"keys":[91,90],"grid":[" -!%","00","00","00","00"," ,!&","05","05","05","05","05","05"," +!'","12","12","12"]},"2213":{"keys":[91,90],"grid":[" *!("," )!)","01"," (!*","03"," '!+","05"," &!,","07"," %!-","09"," $!.","11"," #!/"," !!0","14"]},"2212":{"keys":[91,90],"grid":[" "," "," "," "," 0!!","04"," /!#","06"," .!$","08"," -!%","10"," ,!&","12"," +!'","14"]},"2214":{"keys":[90],"grid":[" "," "," "," "," "," "," "," "," "," "," "," "," "," "," "," "]},"2233":{"keys":[90,91],"grid":[" "," "," "," "," ","!! 0","05","!# /","07","!$ .","09","09","!% -","12","!& ,","14"]},"2235":{"keys":[91,90],"grid":[" -!%","00"," .!$","02"," /!#","04","04"," 0!!","07"," "," "," "," "," ","07","04"]},"2234":{"keys":[91,90],"grid":[" &!,"," '!+","01"," (!*","03","03"," )!)","06"," *!(","08"," +!'","10","10"," ,!&","13"," -!%"]},"2237":{"keys":[91,90],"grid":[" $!."," #!/","01"," !!0","!","!","!","!","!","!","!","!","!","!","!","!"]},"2236":{"keys":[91,90],"grid":[" /!#"," .!$"," -!%","02"," ,!&"," +!'","05"," *!("," )!)","08"," (!*"," '!+","11"," &!,"," %!-","14"]},"2300":{"keys":[91,90],"grid":[" )!)","00"," *!("," +!'"," ,!&","04"," -!%"," .!$"," /!#","08"," 0!!"," "," "," "," "," "]}},"4370":{"2218":{"keys":[91,90],"grid":[" .!$","00"," -!%","02"," ,!&","04"," +!'","06"," *!(","08"," )!)"," (!*","11"," '!+","13"," &!,"]},"2217":{"keys":[91,90],"grid":[" "," "," "," "," "," "," "," "," "," "," "," "," "," 0!!"," /!#","14"]},"2228":{"keys":[91,90],"grid":[" /!#","00"," 0!!","02"," "," "," "," "," "," "," "," "," "," "," "," "]},"2226":{"keys":[91,90],"grid":[" !!0","00"," #!/","02"," $!.","04","04"," %!-","07"," &!,","09","09"," '!+","12"," (!*","14"]},"2227":{"keys":[91,90],"grid":[" (!*"," )!)","01"," *!(","03"," +!'","05","05"," ,!&","08"," -!%","10","10"," .!$","13"," /!#"]},"2219":{"keys":[91,90],"grid":[" &!,"," %!-"," $!.","02"," #!/","04"," !!0","06","!","!","!","!","!","!","!","!"]},"2225":{"keys":[90,91],"grid":[" "," "," "," "," "," "," "," "," "," "," "," "," "," "," ","!! 0"]},"2241":{"keys":[91,90],"grid":[" .!$","00","00","00","00","00","00","00"," /!#","08","08","08","08","08","08","08"]},"2240":{"keys":[91,90],"grid":[" "," "," "," "," "," "," 0!!"," /!#"," .!$","08"," -!%","08","08","08","08","08"]},"2258":{"keys":[91,90],"grid":[" /!#","00"," 0!!","02","02"," "," "," "," "," "," "," "," "," "," "," "]},"2257":{"keys":[91,90],"grid":[" )!)","00"," *!(","02","02"," +!'","05","05"," ,!&","08"," -!%","10","10"," .!$","13","13"]},"2256":{"keys":[91,90],"grid":[" $!.","00","00","00","00"," %!-","05"," &!,","07","07"," '!+","10","10"," (!*","13","13"]},"2255":{"keys":[91,90],"grid":[" )!)","00"," (!*","02","02","02"," '!+","06","06","06"," &!,","10","10"," %!-","13"," $!."]},"2254":{"keys":[91,90],"grid":[" -!%","00"," ,!&","02","02","02"," +!'","06","06","06"," *!(","10","10","10"," )!)","14"]},"2253":{"keys":[91,90],"grid":[" "," 0!!","01","01","01"," /!#","05","05","05","05"," .!$","10","10","10"," -!%","14"]},"2252":{"keys":[91],"grid":[" "," "," "," "," "," "," "," "," "," "," "," "," "," "," "," "]},"2242":{"keys":[91,90],"grid":[" /!#","00"," 0!!","02","02","02","02"," "," "," "," "," "," "," "," "," "]}},"4371":{"2228":{"keys":[90,91],"grid":[" "," "," "," "," "," "," ","!! 0","07","!# /","09","!$ .","11","11","!% -","14"]},"2229":{"keys":[91,90],"grid":[" &!,","00","00"," '!+","03"," (!*","05","05"," )!)","08"," *!(","10"," +!'","12","12"," ,!&"]},"2248":{"keys":[91,90],"grid":[" "," "," "," "," "," "," "," "," "," "," "," "," "," "," "," 0!!"]},"2249":{"keys":[91,90],"grid":[" 0!!","00","00"," /!#","03","03","03"," .!$","07","07","07","07"," -!%","12","12","12"]},"2244":{"keys":[91,90],"grid":[" %!-","00"," &!,","02","02","02","02"," '!+","07","07","07","07"," (!*","12","12","12"]},"2245":{"keys":[91,90],"grid":[" (!*"," )!)","01","01","01"," *!(","05","05","05","05"," +!'","10","10","10","10","10"]},"2246":{"keys":[91,90],"grid":[" ,!&","00","00","00","00","00"," -!%","06","06","06","06"," .!$","11","11","11","11"]},"2261":{"keys":[91],"grid":[" "," "," "," "," "," "," "," "," "," "," "," "," "," "," "," "]},"2240":{"keys":[91,90],"grid":[" $!."," #!/","01"," !!0","!","!","!","!","!","!","!","!","!","!","!","!"]},"2242":{"keys":[90,91],"grid":[" "," "," "," "," "," "," "," "," "," "," "," ","!! 0","12","12","12"]},"2243":{"keys":[91,90],"grid":[" !!0"," #!/","01","01","01","01","01"," $!.","07","07","07","07","07"," %!-","13","13"]},"2260":{"keys":[91,90],"grid":[" +!'","00","00"," ,!&","03"," -!%","05","05"," .!$","08","08"," /!#","11","11"," 0!!","14"]},"2239":{"keys":[91,90],"grid":[" .!$","00"," -!%"," ,!&","03"," +!'"," *!(","06"," )!)"," (!*","09"," '!+"," &!,","12"," %!-"," $!."]},"2238":{"keys":[91,90],"grid":[" "," "," "," "," "," "," "," "," "," "," "," "," "," 0!!","13"," /!#"]},"2247":{"keys":[91,90],"grid":[" /!#","00","00","00","00"," 0!!","05","05","05"," "," "," "," "," "," "," "]},"2217":{"keys":[91,90],"grid":[" '!+"," &!,","01"," %!-","03"," $!.","05"," #!/","07"," !!0","09","!","!","!","!","!"]},"2216":{"keys":[91,90],"grid":[" 0!!"," /!#","01"," .!$","03"," -!%","05"," ,!&","07"," +!'"," *!(","10"," )!)","12"," (!*","14"]},"2215":{"keys":[91],"grid":[" "," "," "," "," "," "," "," "," "," "," "," "," "," "," "," "]},"2230":{"keys":[91,90],"grid":[" ,!&"," -!%","01","01"," .!$","04"," /!#","06","06"," 0!!","09"," "," "," "," "," "]},"2259":{"keys":[91,90],"grid":[" %!-","00","00"," &!,","03"," '!+","05","05"," (!*","08","08"," )!)","11"," *!(","13","13"]},"2258":{"keys":[90,91],"grid":[" "," "," "," "," "," "," "," ","!! 0","08","08","!# /","11","!$ .","13","13"]},"2252":{"keys":[91,90],"grid":[" %!-"," $!.","01","01","01","01"," #!/","06","06","06"," !!0","10","10","10","!","!"]},"2251":{"keys":[91,90],"grid":[" (!*","00","00","00"," '!+","04","04","04"," &!,","08","08","08","08"," %!-","13","13"]},"2250":{"keys":[91,90],"grid":[" ,!&","00","00","00"," +!'","04","04"," *!(","07","07","07"," )!)","11","11","11"," (!*"]}},"4376":{"2200":{"keys":[91,90],"grid":[" (!*","00","00"," '!+","03","03"," &!,","06","06"," %!-","09","09"," $!.","12"," #!/","14"]},"2201":{"keys":[91,90],"grid":[" !!0","00","00","!","!","!","!","!","!","!","!","!","!","!","!","!"]},"2303":{"keys":[91,90],"grid":[" !!0"," #!/"," $!."," &!,"," '!+"," (!*"," )!)"," *!("," ,!&"," -!%"," .!$"," /!#","11"," 0!!"," "," "]},"2302":{"keys":[90],"grid":[" "," "," "," "," "," "," "," "," "," "," "," "," "," "," "," "]},"2198":{"keys":[91,90],"grid":[" "," "," "," "," "," "," "," "," "," "," "," 0!!"," /!#"," .!$","13"," -!%"]},"2199":{"keys":[91,90],"grid":[" -!%","00","00"," ,!&","03","03","03"," +!'","07","07"," *!(","10","10"," )!)","13","13"]}},"4377":{"2198":{"keys":[91,90],"grid":[" )!)"," (!*"," '!+","02"," &!,"," %!-"," $!."," #!/"," !!0","!","!","!","!","!","!","!"]},"2303":{"keys":[90,91],"grid":[" "," "," "," "," "," "," "," "," "," "," "," "," "," "," ","!! 0"]},"2197":{"keys":[91,90],"grid":[" "," "," "," "," 0!!","04"," /!#","06"," .!$"," -!%","09"," ,!&"," +!'","12"," *!("," )!)"]}},"4374":{"2235":{"keys":[90,91],"grid":[" "," "," "," "," "," "," "," "," "," "," ","!! 0"," "," "," "," "]},"2202":{"keys":[91,90],"grid":[" "," "," "," "," "," "," "," "," "," "," "," "," "," 0!!"," /!#"," .!$"]},"2203":{"keys":[91,90],"grid":[" .!$"," -!%"," ,!&"," +!'"," *!("," )!)"," (!*"," '!+"," &!,"," %!-"," $!.","10"," #!/"," !!0","!","!"]},"2301":{"keys":[91,90],"grid":[" %!-"," &!,","01"," '!+"," (!*"," )!)","05"," *!("," +!'"," ,!&","09"," -!%"," .!$"," /!#","13"," 0!!"]},"2300":{"keys":[90,91],"grid":[" "," "," "," "," "," "," "," "," "," "," "," ","!! 0","12","!# /","!$ ."]},"2302":{"keys":[91],"grid":[" "," "," "," "," "," "," "," "," "," "," "," "," "," "," "," "]},"2268":{"keys":[91,90],"grid":[" *!(","00"," +!'","02","02"," ,!&","05"," -!%","07","07"," .!$","10","10"," /!#","13","13"]},"2269":{"keys":[91,90],"grid":[" 0!!","00","00"," "," "," "," "," "," "," "," "," "," "," "," "," "]},"2266":{"keys":[90,91],"grid":[" "," "," "," "," "," "," "," "," ","!! 0","09","09","!# /","12","12","!$ ."]},"2267":{"keys":[91,90],"grid":[" $!."," %!-","01","01"," &!,","04","04"," '!+","07"," (!*","09","09"," )!)","12","12"," *!("]},"2280":{"keys":[91,90],"grid":[" -!%"," ,!&","01","01","01","01","01","01","01"," +!'","09","09","09","09","09","09"]},"2281":{"keys":[91,90],"grid":[" *!(","00","00","00","00","00","00","00"," )!)","08","08","08","08","08","08"," (!*"]},"2282":{"keys":[91,90],"grid":[" (!*","00","00","00","00","00"," '!+","06","06","06","06","06","06"," &!,","13","13"]},"2283":{"keys":[91,90],"grid":[" &!,","00","00","00","00"," %!-","05","05","05","05","05","05"," $!.","12","12","12"]},"2284":{"keys":[91,90],"grid":[" $!.","00","00"," #!/","03","03","03","03","03","03"," !!0","10","10","10","10","10"]},"2285":{"keys":[91,90],"grid":[" !!0","00","!","!","!","!","!","!","!","!","!","!","!","!","!","!"]},"2212":{"keys":[91,90],"grid":[" #!/"," !!0","!","!","!","!","!","!","!","!","!","!","!","!","!","!"]},"2211":{"keys":[91,90],"grid":[" (!*"," )!)","01","01","01","00","00"," '!+","07"," &!,","09"," %!-","11"," $!.","13"," #!/"]},"2210":{"keys":[91,90],"grid":[" $!.","00","00"," %!-","03","03"," &!,","06","06","06"," '!+","10","10"," (!*","13","13"]},"2279":{"keys":[91,90],"grid":[" /!#","00"," .!$","02","02","02","02","02","02","02"," -!%","10","10","10","10","10"]},"2278":{"keys":[91,90],"grid":[" "," "," "," "," 0!!","04","04","04","04","04","04"," /!#","11","11","11","11"]},"2209":{"keys":[90,91],"grid":[" "," "," "," "," "," "," ","!! 0","07","07","07","!# /","11","11","11","!$ ."]}},"4375":{"2275":{"keys":[91,90],"grid":[" (!*"," '!+","01","01","01","01","01","01","01"," &!,","09","09","09","09","09","09"]},"2274":{"keys":[91,90],"grid":[" *!(","00","00","00"," )!)","04","04","04","04","04","04"," (!*","11","11","11","11"]},"2277":{"keys":[91,90],"grid":[" #!/","00","00","00","00","00"," !!0","06","06","06","06","06","06","!","!","!"]},"2276":{"keys":[91,90],"grid":[" %!-","00","00","00","00","00","00"," $!.","07","07","07","07","07","07","07"," #!/"]},"2271":{"keys":[91,90],"grid":[" ,!&","00","00","00","00"," -!%","05","05","05","05"," .!$","10","10","10","10"," /!#"]},"2270":{"keys":[91,90],"grid":[" &!,","00"," '!+","02","02"," (!*","05"," )!)","07","07"," *!(","10","10"," +!'","13","13"]},"2273":{"keys":[91,90],"grid":[" -!%","00"," ,!&","02","02","02","02","02"," +!'","08","08","08","08","08"," *!(","14"]},"2272":{"keys":[91,90],"grid":[" /!#","00","00","00","00"," .!$","05","05","05","05","05"," -!%","11","11","11","11"]},"2302":{"keys":[90,91],"grid":[" ","!! 0","01","!# /","!$ .","!% -","!& ,","!' +","!( *","!* (","!+ '","!, &","!- %","!. $","!0 !","!"]},"2278":{"keys":[90],"grid":[" "," "," "," "," "," "," "," "," "," "," "," "," "," "," "," "]},"2202":{"keys":[91,90],"grid":[" *!(","00"," )!)"," (!*","03"," '!+"," &!,","06"," %!-"," $!."," #!/"," !!0","!","!","!","!"]},"2269":{"keys":[90,91],"grid":[" "," "," "," "," ","!! 0","05","05","!# /","08","!$ .","10","10","!% -","13","13"]},"2201":{"keys":[91,90],"grid":[" "," "," "," "," "," 0!!","05"," /!#","07","07"," .!$"," -!%","11"," ,!&"," +!'","14"]}},"4369":{"2219":{"keys":[91,90],"grid":[" "," "," "," "," "," "," "," "," "," 0!!","09"," /!#","11"," .!$","13"," -!%"]},"2225":{"keys":[91,90],"grid":[" +!'"," ,!&","01"," -!%","03","03"," .!$","06"," /!#","08","08"," 0!!","11"," "," "," "]},"2223":{"keys":[90,91],"grid":[" "," "," "," "," "," "," "," ","!! 0","08","08","!# /","11","!$ .","13","13"]},"2220":{"keys":[91,90],"grid":[" -!%"," ,!&"," +!'","02"," *!(","04"," )!)","06"," (!*"," '!+","09"," &!,","11"," %!-","13"," $!."]},"2221":{"keys":[91,90],"grid":[" #!/","00"," !!0","02","!","!","!","!","!","!","!","!","!","!","!","!"]},"2224":{"keys":[91,90],"grid":[" %!-","00"," &!,","02"," '!+","04","04"," (!*","07"," )!)","09","09"," *!(","12"," +!'","14"]}},"4368":{"2222":{"keys":[91,90],"grid":[" *!(","00"," )!)","02","02","00","00"," +!'","07"," ,!&","09","09"," -!%","12"," .!$","14"]},"2223":{"keys":[91,90],"grid":[" .!$"," /!#","01"," 0!!","03","03"," "," "," "," "," "," "," "," "," "," "]},"2221":{"keys":[91,90],"grid":[" "," "," "," "," "," "," 0!!","06"," /!#"," .!$","09"," -!%","11"," ,!&","13"," +!'"]}},"4372":{"2299":{"keys":[91,90],"grid":[" ,!&"," -!%"," .!$"," /!#","03"," 0!!"," "," "," "," "," "," "," "," "," "," "]},"2298":{"keys":[91,90],"grid":[" %!-","00","00","00"," $!.","04","00","00"," &!,"," '!+"," (!*","10"," )!)"," *!("," +!'"," ,!&"]},"2293":{"keys":[91,90],"grid":[" 0!!","00","00"," /!#","03","03","03","03","03","03","03"," .!$","11","11","11","11"]},"2292":{"keys":[91,90],"grid":[" "," "," "," "," "," "," "," "," "," "," "," "," "," 0!!","13","13"]},"2297":{"keys":[91,90],"grid":[" '!+","00","00","00","00"," &!,","05","05","05","05","05","05","05"," %!-","13","13"]},"2296":{"keys":[91,90],"grid":[" )!)","00","00","00","00","00","00"," (!*","07","07","07","07","07","07"," '!+","14"]},"2295":{"keys":[91,90],"grid":[" ,!&"," +!'","01","01","01","01","01","01"," *!(","08","08","08","08","08","08"," )!)"]},"2294":{"keys":[91,90],"grid":[" .!$","00"," -!%","02","02","02","02","02","02"," ,!&","09","09","09","09","09","09"]},"2205":{"keys":[91,90],"grid":[" "," 0!!"," /!#"," .!$"," -!%"," ,!&"," +!'"," *!("," )!)","07","07","06","05","05","04","04"]},"2206":{"keys":[91,90],"grid":[" .!$"," /!#","01"," 0!!","03"," "," "," "," "," "," "," "," "," "," "," "]},"2248":{"keys":[91,90],"grid":[" !!0","00","00"," #!/","03","03","00","00","00","00","!","!","!","!","!","!"]},"2262":{"keys":[91,90],"grid":[" '!+","00","00"," (!*","03","03"," )!)","06"," *!(","08","08"," +!'","11","11"," ,!&","14"]},"2263":{"keys":[91,90],"grid":[" ,!&"," -!%","01"," .!$","03","03"," /!#","06","06"," 0!!","09"," "," "," "," "," "]},"2247":{"keys":[90,91],"grid":[" "," "," "," "," "," "," "," "," "," "," "," "," "," ","!! 0","14"]},"2238":{"keys":[91,90],"grid":[" )!)","00"," (!*"," '!+","03"," &!,"," %!-","06"," $!."," #!/","09"," !!0","!","!","!","!"]},"2261":{"keys":[90,91],"grid":[" "," "," ","!! 0","03","03","!# /","06","!$ .","08","08","!% -","11","11","!& ,","14"]},"2215":{"keys":[91,90],"grid":[" (!*","00"," '!+","02"," &!,","04"," %!-","06"," $!.","08"," #!/","10"," !!0","12","!","!"]},"2214":{"keys":[91,90],"grid":[" "," "," 0!!","02"," /!#"," .!$","05"," -!%","07"," ,!&","09"," +!'","11"," *!(","13"," )!)"]},"2231":{"keys":[91,90],"grid":[" #!/","00"," $!.","02","02"," %!-","05"," &!,","07","07"," '!+","10"," (!*","12","12"," )!)"]},"2230":{"keys":[90,91],"grid":[" "," "," "," "," "," "," "," "," "," "," "," "," "," ","!! 0","14"]},"2233":{"keys":[91,90],"grid":[" 0!!","00"," "," "," "," "," "," "," "," "," "," "," "," "," "," "]},"2232":{"keys":[91,90],"grid":[" )!)"," *!(","01"," +!'","03","03"," ,!&","06"," -!%","08","08"," .!$","11"," /!#","13","13"]},"2237":{"keys":[91,90],"grid":[" "," "," "," "," "," "," 0!!"," /!#","07"," .!$"," -!%","10"," ,!&"," +!'","13"," *!("]}},"4398":{"2180":{"keys":[91,90],"grid":[" "," ","!! 0","!& ,","!, &","!","!","!","!","!","!","!","!","!","!","!"]}},"4399":{"2180":{"keys":[91,90],"grid":[" "," "," "," "," "," ","!& ,","!+ '","!/ #","!","!","!","!","!","!","!"]}},"4390":{"2181":{"keys":[91,90],"grid":[" "," "," "," "," "," "," "," "," /!#"," +!'"," (!*"," %!-"," #!/"," !!0","!","!"]}},"4391":{"2181":{"keys":[91,90],"grid":[" "," "," "," .!$"," +!'"," (!*"," %!-"," !!0","!","!","!","!","!","!","!","!"]}},"4392":{"2181":{"keys":[91,90],"grid":[" )!)"," %!-"," !!0","!","!","!","!","!","!","!","!","!","!","!","!","!"]},"2180":{"keys":[91,90],"grid":[" "," "," "," "," "," "," "," "," "," "," "," "," "," "," /!#"," ,!&"]}},"4393":{"2180":{"keys":[91,90],"grid":[" "," "," "," "," "," "," "," "," "," 0!!"," -!%"," )!)"," &!,"," #!/","!","!"]}},"4394":{"2180":{"keys":[91,90],"grid":[" "," "," "," "," "," -!%"," *!("," '!+"," #!/","!","!","!","!","!","!","!"]}},"4395":{"2180":{"keys":[91,90],"grid":[" /!#"," +!'"," (!*"," $!.","!","!","!","!","!","!","!","!","!","!","!","!"]},"2179":{"keys":[91],"grid":[" "," "," "," "," "," "," "," "," "," "," "," "," "," "," "," "]}},"4396":{"2179":{"keys":[91,90],"grid":[" "," "," "," "," "," "," "," "," "," "," "," "," "," )!& $"," %!-"," !!0"]}},"4397":{"2180":{"keys":[90,91],"grid":[" *!("," .!$"," "," "," "," "," "," "," "," "," "," "," "," "," "," "]},"2179":{"keys":[91,90],"grid":[" "," "," "," "," "," "," "," "," "," "," "," "," "," ","!! 0","!& ,"]}},"4379":{"2194":{"keys":[91,90],"grid":[" "," "," 0!!"," /!#","03"," .!$"," -!%","06"," ,!&","08"," +!'"," *!(","11"," )!)"," (!*","14"]},"2195":{"keys":[91,90],"grid":[" '!+","00"," &!,"," %!-","03"," $!."," #!/","06"," !!0","!","!","!","!","!","!","!"]}},"4581":{"2203":{"keys":[90,112],"grid":[" "," "," "," "," "," "," "," "," "," "," "," "," "," "," "," 0!!"]},"2204":{"keys":[90,112],"grid":[" /!#"," -!%"," +!'"," )!)"," (!*"," &!,"," $!."," #!/","!","!","!","!","!","!","!","!"]}},"4580":{"2204":{"keys":[90,112],"grid":[" "," "," "," "," "," "," "," "," "," /!#"," -!%"," ,!&"," *!("," (!*"," '!+"," %!-"]},"2205":{"keys":[90,112],"grid":[" #!/","!","!","!","!","!","!","!","!","!","!","!","!","!","!","!"]}},"4582":{"2203":{"keys":[90,"",112],"grid":[" -!%","00","00","00"," -#%","04","04","04"," )#)","08","08"," '#+"," %#-"," $#."," !#0","#"]}}}}