{"9":{"418":{"183":{"keys":[202,1,196],"grid":[" "," "," "," "," "," 0!!"," /!#"," /!!#!","07"," .!##!"," .!!##"," -!###"," ,!##$"," +!##%"," +!!#&"," )!$#&"]},"184":{"keys":[202,1,196],"grid":[" (!##("," '!##)"," &!##*"," &!!#+"," $!$#+","!%#-","#","#","#","#","#","#","#","#","#","#"]}},"419":{"183":{"keys":[202,1,196],"grid":[" "," "," "," "," #!# -","!' +","#&!,","#","#","#","#","#","#","#","#","#"]}},"416":{"184":{"keys":[202,1,196],"grid":[" "," ","!! 0","!# /","#!!# .","##!# -","#$!$ +","#&!$ )","#(!( #","#.!$","#","#","#","#","#","#"]}},"417":{"184":{"keys":[202,1,196],"grid":[" "," "," "," "," "," 0!!"," /!#"," .!##!"," -!###","!& '!##$","#%!)#%","#*!!#'","#","#","#","#"]}},"421":{"182":{"keys":[202,1,196],"grid":[" (!!#)"," '!##)"," '!!#*"," &!##*"," &!!#+","04","04","04","03","03"," %!##+"," %!!#,","!&#,","!!#!!!#.","#","#"]},"176":{"keys":[1,196],"grid":[" #!/"," !!0","01","00","01","01","!","!","!","!","!","!","!","!","!","!"]},"181":{"keys":[202,1,196],"grid":[" "," "," "," "," "," "," "," /!#"," -!$#!"," -!!#$"," ,!##$"," ,!!#%"," +!##%"," *!##&"," )!##'"," (!##("]},"178":{"keys":[196,1,202],"grid":[" "," "," "," &!# '!$"," $!,##"," #!##&!##&"," !!##.","!##/","!!#0","#","#","#","#","#","#","#"]}},"420":{"177":{"keys":[202,1,196],"grid":[" +!##%"," ,!!#%","01","01","01","01","01"," *!$#%"," (!$#'"," &!$#)"," %!##+","10","10"," &!!#+","13","13"]},"176":{"keys":[202,1,196],"grid":[" "," "," "," "," "," 0!!","05"," /!#"," .!##!"," .!!##"," -!###"," ,!##$"," ,!!#%"," +!##%"," +!!#&","14"]},"178":{"keys":[202,1,196],"grid":[" &!!#+","00"," &!##*"," '!##)"," (!##("," )!##'"," *!##&"," +!##%"," ,!###!!"," -!%"," .!# !"," "," "," "," "," "]},"183":{"keys":[202,1,196],"grid":[" ,!##$"," +!##%"," *!##&"," )!##'"," &!%#("," #!%#+","!$#.","#","#","#","#","#","#","#","#","#"]},"182":{"keys":[202,1,196],"grid":[" "," "," "," "," "," "," "," "," "," "," "," "," "," 0!!"," .!$"," -!###"]}},"423":{"177":{"keys":[196,1,202],"grid":[" "," "," "," "," "," "," "," "," "," "," "," "," "," "," *!$ #!#"," (!)#!"]},"180":{"keys":[202,1,196],"grid":[" "," "," "," "," "," "," "," "," "," "," "," 0!!"," /!#"," -!$#!"," !!% &!$#$","!$#!!! %!##&"]},"181":{"keys":[1,196,202],"grid":[" !!$ ##! %!&"," !!% $!! !!'","!","!","!","!","!","!","!","!","!","!","!","!","!","!"]},"178":{"keys":[196,1,202],"grid":[" (!!#)"," '!##)"," &!##*"," %!##+"," $!##,"," #!##-"," #!!#."," !!##.","!##/","!!#0","09","#","#","#","#","#"]}},"422":{"180":{"keys":[202,1],"grid":[" "," "," "," "," "," "," "," "," "," "," "," "," "," "," "," 0!!"]},"181":{"keys":[202,1,196],"grid":[" "," 0!!","01","01"," /!#"," #!$ *!#"," !!/#!","!##/","#","#","#","#","#","#","#","#"]},"178":{"keys":[196,1,202],"grid":[" "," "," ","!& ,","#%!$ *","#'!$ (","#)!# '","#*!# &","#+!# %","#,!# $","#-!%","#/!#","#","#","#","#"]}},"425":{"180":{"keys":[202,1,196],"grid":[" "," "," "," "," "," "," "," ","!# /","!# !!# ,","#!!% ,","#%!# +","#&!& '","#'!& #!$","#+!%##","#"]},"179":{"keys":[202,1,196],"grid":[" )!%#%"," ,!##$"," ,!!#%","01"," -!###"," .!##!"," /!#"," 0!!"," "," "," "," "," "," "," "," "]},"178":{"keys":[196,1,202],"grid":[" "," "," "," "," "," "," "," ","!$ .","##!$ ,","#%!$ *","#'!! *","11","#'!# )","#(!! )","#(!# ("]}},"424":{"177":{"keys":[196,1,202],"grid":[" "," "," "," "," "," "," "," "," "," "," "," "," "," ","!% -","##!) '"]},"180":{"keys":[202,1,196],"grid":[" "," "," "," "," "," "," "," "," "," %!! +!!"," #!& %!# !!#","!$#$!+","#","#","#","#"]},"178":{"keys":[202,1,196],"grid":[" *!##&"," +!##%"," ,!!#%"," ,!##$"," -!!#$"," -!###"," .!##!"," /!#"," 0!!"," "," "," "," "," "," "," "]}},"426":{"180":{"keys":[202,1,196],"grid":[" &!!#+"," &!##*"," '!##)"," (!!#)"," (!##("," )!!#("," )!##'","06","06","05","06"," '!! !!!#("," '!$#(","!$ #!##*","#!!&#+","#$!!#-"]},"179":{"keys":[196,1,202],"grid":[" "," "," "," "," "," "," ","!! 0","07","!$ .","##!$ ,","#%!! ,","#%!# +","#&!! +","13","#&!# *"]}}},"13":{"6723":{"2933":{"keys":[202,196],"grid":[" "," "," "," "," "," "," "," "," .!$"," +!'"," (!*"," %!-","!","!","!","!"]}},"6722":{"2934":{"keys":[202,196],"grid":[" %!-"," !!0","!","!","!","!","!","!","!","!","!","!","!","!","!","!"]},"2933":{"keys":[202,196],"grid":[" "," "," "," "," "," "," "," "," "," "," "," "," "," .!$"," +!'"," (!*"]}},"6721":{"2934":{"keys":[202,196],"grid":[" "," "," /!#"," ,!&"," )!)"," &!,","!","!","!","!","!","!","!","!","!","!"]}},"6720":{"2934":{"keys":[202,196],"grid":[" "," "," "," "," ","!) )","!","!","!","!","!","!","!","!","!","!"]}},"6727":{"2851":{"keys":[196,202],"grid":[" "," "," "," "," "," "," "," "," "," "," ","!! 0","!# /","!$ .","!% -","!& ,"]},"2852":{"keys":[202,196],"grid":[" '!+"," (!*"," )!)"," *!("," +!'"," ,!&"," .!$"," /!#"," 0!!"," "," "," "," "," "," "," "]},"2932":{"keys":[202,196],"grid":[" "," "," "," "," "," "," /!#"," +!'"," '!+"," #!/","!","!","!","!","!","!"]},"2840":{"keys":[202,196],"grid":[" "," "," "," "," "," "," "," "," "," "," "," "," /!#"," -!%"," +!'"," )!)"]},"2841":{"keys":[202,196],"grid":[" '!+"," &!,"," $!."," !!0","!","!","!","!","!","!","!","!","!","!","!","!"]}},"6726":{"2851":{"keys":[202,196],"grid":[" '!+"," (!*"," )!)"," *!("," +!'"," ,!&"," -!%"," .!$"," /!#"," 0!!"," "," "," "," "," "," "]},"2850":{"keys":[196,202],"grid":[" "," "," "," "," "," "," "," "," "," "," ","!! 0","!# /","!$ .","!% -","!& ,"]},"2932":{"keys":[202,196],"grid":[" "," "," "," "," "," "," "," "," "," "," /!#"," +!'"," '!+"," !!0","!","!"]},"2841":{"keys":[202,196],"grid":[" "," "," "," "," 0!!"," .!$"," -!%"," +!'"," )!)"," '!+"," %!-"," #!/"," !!0","!","!","!"]}},"6725":{"2848":{"keys":[202,196],"grid":[" )!)","00","00","00","00","00","00"," *!(","07","07","07","07","07","07","07","07"]},"2849":{"keys":[202,196],"grid":[" +!'","00","00","00","00","00","00","00"," ,!&","08","08","08","08","08","08","08"]},"2846":{"keys":[202,196],"grid":[" %!-"," &!,","01","01","01","01","01","01"," '!+","08","08","08","08","08","08"," (!*"]},"2850":{"keys":[202,196],"grid":[" ,!&"," -!%","01","01","01","01","01"," .!$"," /!#"," 0!!"," "," "," "," "," "," "]},"2844":{"keys":[196,202],"grid":[" "," "," "," "," "," ","!! 0","06","06","06","06","06","06","!# /","13","13"]},"2845":{"keys":[202,196],"grid":[" #!/","00","00","00"," $!.","04","04","04","04","04"," %!-","10","10","10","10","10"]},"2932":{"keys":[202,196],"grid":[" "," "," "," "," "," "," "," "," "," "," "," "," "," "," .!$"," +!'"]},"2933":{"keys":[202,196],"grid":[" '!+"," $!.","!","!","!","!","!","!","!","!","!","!","!","!","!","!"]},"2841":{"keys":[202,196],"grid":[" "," "," "," "," "," "," "," "," "," "," "," "," "," 0!!"," .!$"," ,!&"]},"2847":{"keys":[202,196],"grid":[" (!*","00","00","00","00","00"," )!)","06","06","06","06","06","06","06","06","06"]},"2843":{"keys":[202,196],"grid":[" !!0","00"," #!/","02","00","00","00","00","!","!","!","!","!","!","!","!"]},"2842":{"keys":[202,196],"grid":[" *!("," )!)"," '!+"," %!-"," !!0","!","!","!","!","!","!","!","!","!","!","!"]}},"6724":{"2844":{"keys":[202,196],"grid":[" /!#"," 0!!"," "," "," "," "," "," "," "," "," "," "," "," "," "," "]},"2842":{"keys":[202,196],"grid":[" "," "," "," "," "," 0!!"," .!$"," -!%","07","07","07","07","06","06","06","06"]},"2843":{"keys":[202,196],"grid":[" 0!!"," "," "," "," "," "," "," "," "," ","00"," /!#"," .!$"," -!%","12","12"]},"2933":{"keys":[202,196],"grid":[" "," "," "," .!$"," +!'"," (!*"," $!.","!","!","!","!","!","!","!","!","!"]}},"6729":{"2853":{"keys":[196,202],"grid":[" "," "," "," "," "," "," "," "," "," ","!! 0","!# /","!$ .","!% -","!& ,","!' +"]},"2854":{"keys":[202,196],"grid":[" (!*"," )!)"," *!("," +!'"," ,!&"," -!%"," .!$"," /!#"," "," "," "," "," "," "," "," "]},"2930":{"keys":[202,196],"grid":[" "," "," "," "," "," "," "," "," "," "," "," "," "," "," 0!!"," /!#"]},"2931":{"keys":[202,196],"grid":[" .!$"," -!%"," ,!&"," +!'"," *!("," )!)"," (!*"," '!+"," &!,"," %!-"," $!."," #!/"," !!0","!","!","!"]},"2840":{"keys":[202,196],"grid":[" %!-"," #!/","!","!","!","!","!","!","!","!","!","!","!","!","!","!"]},"2839":{"keys":[202,196],"grid":[" "," "," "," "," "," "," "," "," "," "," /!#"," .!$"," ,!&"," *!("," (!*"," &!,"]}},"6728":{"2853":{"keys":[202,196],"grid":[" (!*"," )!)"," *!("," +!'"," ,!&"," -!%"," .!$"," /!#"," 0!!"," "," "," "," "," "," "," "]},"2852":{"keys":[196,202],"grid":[" "," "," "," "," "," "," "," "," "," ","!! 0","!# /","!$ .","!% -","!& ,","!' +"]},"2932":{"keys":[202,196],"grid":[" .!$"," -!%"," +!'"," *!("," '!+"," #!/","!","!","!","!","!","!","!","!","!","!"]},"2840":{"keys":[202,196],"grid":[" "," "," "," /!#"," -!%"," +!'"," *!("," (!*"," &!,"," $!."," !!0","!","!","!","!","!"]},"2931":{"keys":[202,196],"grid":[" "," "," "," "," "," "," "," "," "," "," "," "," "," "," 0!!"," /!#"]}},"6718":{"2934":{"keys":[202,196],"grid":[" "," "," "," ","!","!","!","!","!","!","!","!","!","!","!","!"]}},"6719":{"2934":{"keys":[202,196],"grid":[" "," "," "," ","!! 0","!","!","!","!","!","!","!","!","!","!","!"]}},"6716":{"2934":{"keys":[202,196],"grid":[" "," "," "," "," )!)"," !!0","!","!","!","!","!","!","!","!","!","!"]}},"6717":{"2934":{"keys":[202,196],"grid":[" "," "," "," ","!","!","!","!","!","!","!","!","!","!","!","!"]}},"6714":{"2934":{"keys":[202,196],"grid":[" "," "," "," "," "," "," "," "," *!("," !!0","!","!","!","!","!","!"]}},"6715":{"2934":{"keys":[202,196],"grid":[" "," "," "," "," "," "," *!("," !!0","!","!","!","!","!","!","!","!"]}},"6712":{"2934":{"keys":[202,196],"grid":[" "," "," "," "," "," "," "," "," "," "," "," "," '!+","!","!","!"]}},"6713":{"2934":{"keys":[202,196],"grid":[" "," "," "," "," "," "," "," "," "," "," *!("," !!0","!","!","!","!"]}},"6710":{"2934":{"keys":[202,196],"grid":[" "," ","!# /","!& ,","!( *","!+ '","!- %","!/ #","!","!","!","!","!","!","!","!"]}},"6711":{"2934":{"keys":[202,196],"grid":[" "," "," "," "," "," "," "," ","!! 0","!$ .","!' +","!) )","!, &","!","!","!"]}},"6796":{"2851":{"keys":[196,202],"grid":[" "," "," "," "," "," "," "," "," ","!! 0","09","!# /","!$ .","12","!% -","14"]},"2853":{"keys":[202,196],"grid":[" 0!!","00"," "," "," "," "," "," "," "," "," "," "," "," "," "," "]},"2852":{"keys":[202,196],"grid":[" &!,"," '!+","01"," (!*","03"," )!)"," *!(","06"," +!'","08"," ,!&"," -!%","11"," .!$","13"," /!#"]},"2891":{"keys":[196,202],"grid":[" #!/","00","00"," $!."," %!-","04"," '!+"," /!#"," "," "," "," "," "," "," "," "]},"2890":{"keys":[202,196],"grid":[" "," "," "," "," "," "," "," "," "," "," "," "," ","!! 0","13","13"]}},"6797":{"2853":{"keys":[196,202],"grid":[" "," "," "," ","!! 0","!# /","05","!$ .","07","!% -","!& ,","10","!' +","12","!( *","!) )"]},"2891":{"keys":[202,196],"grid":[" "," "," "," "," "," "," "," (!! )","!+ '","!, &","!- %","!","!","!","!","!"]},"2854":{"keys":[202,196],"grid":[" )!)"," *!(","01"," +!'"," ,!&","04"," -!%","06"," .!$"," /!#","09"," 0!!","11"," "," "," "]}},"6794":{"2891":{"keys":[202,196],"grid":[" "," 0!!"," .!$"," ,!&"," +!'"," )!)"," '!+"," &!,","!$ #!,","!","!","!","!","!","!","!"]},"2848":{"keys":[196,202],"grid":[" "," "," "," ","!! 0","04","!# /","!$ .","07","!% -","!& ,","10","!' +","12","!( *","!) )"]},"2849":{"keys":[202,196],"grid":[" )!)"," *!(","01"," +!'"," ,!&","04"," -!%","06"," .!$"," /!#","09"," 0!!","11"," "," "," "]}},"6795":{"2851":{"keys":[202,196],"grid":[" ,!&"," -!%"," .!$","02"," /!#","04"," 0!!"," "," "," "," "," "," "," "," "," "]},"2850":{"keys":[202,196],"grid":[" #!/","00"," $!."," %!-","03"," &!,","05"," '!+"," (!*","08"," )!)","10"," *!("," +!'","13"," ,!&"]},"2891":{"keys":[196],"grid":[" "," "," "," "," "," "," "," "," "," "," "," "," "," "," "," "]},"2890":{"keys":[202,196],"grid":[" "," "," "," "," "," "," "," "," "," "," "," )!( !"," (!*"," &!,"," $!."," #!/"]},"2849":{"keys":[196,202],"grid":[" "," "," "," "," "," "," "," "," "," "," "," "," "," ","!! 0","14"]}},"6792":{"2847":{"keys":[196,202],"grid":[" "," "," "," "," "," "," "," "," "," "," "," "," ","!0 !","!","!"]},"2891":{"keys":[202,196],"grid":[" "," "," "," ","!& ,","!. $","!","!","!","!","!","!","!","!","!","!"]}},"6790":{"2847":{"keys":[196,202],"grid":[" "," "," "," $!# %!# &","!! #!# $!$ &","!- %","!. $","!/ #","07","!","!","!","!","!","!","!"]},"2891":{"keys":[196],"grid":[" "," "," "," "," "," "," "," "," "," "," "," "," "," "," "," "]},"2890":{"keys":[202,196],"grid":[" "," "," "," "," "," ","!% -","!' +","07","!) )","!* (","!, &","!- %","!. $","!/ #","!0 !"]}},"6659":{"2950":{"keys":[196,202],"grid":[" )!)"," +!'"," -!%"," /!#"," 0!!"," "," "," "," "," "," "," "," "," "," "," "]},"2949":{"keys":[202,196],"grid":[" "," "," "," "," "," "," "," "," "," ","!! 0","!# /","!$ .","!& ,","!' +","!( *"]}},"6658":{"2949":{"keys":[196,202],"grid":[" !!0"," #!/"," $!."," %!-"," '!+"," )!)"," *!("," ,!&"," .!$"," 0!!"," "," "," "," "," "," "]},"2948":{"keys":[202],"grid":[" "," "," "," "," "," "," "," "," "," "," "," "," "," "," "," "]}},"6657":{"2947":{"keys":[202,196],"grid":[" "," "," "," "," "," "," ","!! 0","07","!# /","!$ .","10","!% -","!& ,","13","!' +"]},"2948":{"keys":[196,202],"grid":[" '!+"," (!*","01"," )!)","03"," *!("," +!'"," ,!&","07"," -!%"," .!$","10"," /!#","12"," 0!!"," "]}},"6656":{"2947":{"keys":[196,202],"grid":[" -!%"," .!$"," /!#","02"," 0!!"," "," "," "," "," "," "," "," "," "," "," "]},"2946":{"keys":[202,196],"grid":[" "," "," ","!! 0","!$ .","!% -","!' +","!( *","!) )","!* (","09","!+ '","11","!, &","13","!- %"]}},"6791":{"2847":{"keys":[196,202],"grid":[" "," "," "," "," "," "," "," "," "," ","!! 0","10","!! $!$ *","!! #!.","!! !!/","!"]},"2891":{"keys":[202,196],"grid":[" ","!! 0","!& ,","!. $","!","!","!","!","!","!","!","!","!","!","!","!"]}},"6798":{"2891":{"keys":[202,196],"grid":[" "," "," "," "," "," "," "," "," "," ","!$ .","!& )!# !","!( %!&","!","!","!"]},"2855":{"keys":[202,196],"grid":[" #!/","00"," $!."," %!-","03"," &!,"," '!+"," )!)"," +!'"," .!$"," 0!!"," "," "," "," "," "]},"2890":{"keys":[202,196],"grid":[" "," "," "," "," "," "," "," "," "," "," "," "," "," 0!!","13"," "]},"2854":{"keys":[196,202],"grid":[" "," "," "," "," "," "," "," "," "," "," "," "," "," ","!! 0","14"]}},"6799":{"2891":{"keys":[202,196],"grid":[" !!0","00"," #!/"," $!.","03","03","03","03","03","03","03","03","!! !!/","!","!","!"]},"2889":{"keys":[202,196],"grid":[" "," "," "," "," "," "," 0!!"," /!#"," .!$","08","08"," -!%","11"," ,!&","13","13"]},"2855":{"keys":[196,202],"grid":[" "," "," "," "," "," "," "," "," "," "," ","!! 0","!% -","!' +","!) )","!+ '"]},"2890":{"keys":[202,196],"grid":[" +!'","00"," *!(","02"," )!)"," '!+"," &!,"," %!-"," $!."," #!/"," !!0","!","!","!","!","!"]},"2856":{"keys":[202,196],"grid":[" .!$"," 0!!"," "," "," "," "," "," "," "," "," "," "," "," "," "," "]}},"6709":{"2934":{"keys":[196,202],"grid":[" .!$"," "," "," "," "," "," "," "," "," "," "," "," "," "," "," "]},"2933":{"keys":[202,196],"grid":[" "," "," "," "," "," "," "," "," "," "," ","!! 0","!$ .","!' +","!) )","!, &"]}},"6708":{"2933":{"keys":[202,196],"grid":[" "," "," "," "," ","!# /","!& ,","!( *","!+ '","!- %","!0 !","!","!","!","!","!"]}},"6701":{"2937":{"keys":[202,196],"grid":[" "," "," "," "," "," "," "," "," "," "," "," "," 0!!","12"," /!#","14"]},"2938":{"keys":[202,196],"grid":[" .!$","00"," -!%","02"," ,!&"," +!'","05"," *!(","07"," )!)"," (!*","10"," '!+","12"," &!,"," %!-"]},"2939":{"keys":[202,196],"grid":[" %!-"," $!.","01"," #!/"," !!0","04","!","!","!","!","!","!","!","!","!","!"]}},"6700":{"2939":{"keys":[202,196],"grid":[" "," "," "," "," "," "," "," "," 0!!"," /!#","09"," .!$","11"," -!%"," ,!&","14"]},"2940":{"keys":[202,196],"grid":[" +!'"," *!(","01"," )!)","03"," (!*"," '!+"," &!,"," %!-","08"," $!."," #!/"," !!0","!","!","!"]}},"6703":{"2934":{"keys":[202,196],"grid":[" /!#"," ,!&"," *!("," '!+"," $!."," !!0","!","!","!","!","!","!","!","!","!","!"]},"2933":{"keys":[202],"grid":[" "," "," "," "," "," "," "," "," "," "," "," "," "," "," "," "]}},"6702":{"2936":{"keys":[202,196],"grid":[" '!+","00","00","00"," &!,","04","04","04","04","04"," %!-","10","10","10","10"," $!."]},"2937":{"keys":[202,196],"grid":[" $!.","00","00","00","00","00"," #!/","06","06"," !!0","!","!","!","!","!","!"]},"2934":{"keys":[202,196],"grid":[" "," "," "," "," "," "," /!#"," ,!&"," *!(","08","08","08","08","08","08","08"]},"2935":{"keys":[202,196],"grid":[" )!)","00","00","00","00","00","00","00","00"," (!*","09","09","09","09","09"," '!+"]}},"6705":{"2933":{"keys":[202,196],"grid":[" "," "," "," "," /!#"," ,!&"," )!)"," '!+"," $!.","!","!","!","!","!","!","!"]}},"6704":{"2933":{"keys":[202,196],"grid":[" "," "," "," "," "," "," "," "," "," "," /!#"," ,!&"," )!)"," '!+"," $!.","!"]}},"6707":{"2932":{"keys":[202,196],"grid":[" "," "," "," "," "," "," "," "," "," "," "," "," ","!# /","!% -","!' +"]},"2933":{"keys":[196,202],"grid":[" )!)"," +!'"," -!%"," /!#"," "," "," "," "," "," "," "," "," "," "," "," "]}},"6706":{"2932":{"keys":[202,196],"grid":[" "," "," "," "," "," "," "," "," "," "," "," "," "," "," .!$"," ,!&"]},"2933":{"keys":[202,196],"grid":[" )!)"," &!,"," $!.","!","!","!","!","!","!","!","!","!","!","!","!","!"]}},"6781":{"2847":{"keys":[196,202],"grid":[" "," "," "," %!# +"," $!$ #!$ !!%","!# !!.","!","!","!","!","!","!","!","!","!","!"]},"2893":{"keys":[202,196],"grid":[" "," "," "," "," "," "," "," "," "," "," ","!, $!#","!","!","!","!"]}},"6780":{"2894":{"keys":[202,196],"grid":[" -!%"," .!$","01","00"," )!)","!","!","!","!","!","!","!","!","!","!","!"]},"2893":{"keys":[202,196],"grid":[" "," "," "," "," "," "," "," "," "," "," "," -!%","11","11","11","11"]},"2847":{"keys":[196,202],"grid":[" "," "," *!! '"," #!$ #!' $"," $!# !!( $","!! !!. !","!0 !","!","!","!","!","!","!","!","!","!"]}},"6668":{"2952":{"keys":[202,196],"grid":[" "," "," "," "," "," "," "," "," "," ","!# /","!& ,","!( *","!+ '","!- %","!0 !"]}},"6669":{"2952":{"keys":[202],"grid":[" "," "," "," "," "," "," "," "," "," "," "," "," "," "," "," "]},"2953":{"keys":[196,202],"grid":[" #!/"," &!,"," )!)"," +!'"," .!$"," 0!!"," "," "," "," "," "," "," "," "," "," "]}},"6785":{"2846":{"keys":[202,196],"grid":[" #!/"," $!."," %!-"," %!& !!'"," %!% %!%"," "," "," "," "," "," "," "," "," "," "," "]},"2891":{"keys":[202,196],"grid":[" "," "," "," "," "," "," "," "," "," 0!!"," -!%"," +!'"," *!(","12","!! (!)","!"]}},"6784":{"2846":{"keys":[196,202],"grid":[" "," 0!!"," /!#"," *!(","03","03","03","!! #!# #!*","!","!","!","!","!","!","!","!"]},"2891":{"keys":[202,196],"grid":[" "," "," "," "," "," "," "," "," "," "," "," "," "," +!# %"," &!,","!"]}},"6787":{"2846":{"keys":[196,202],"grid":[" "," "," "," "," "," "," "," "," "," "," "," "," ","!! 0","13","13"]},"2847":{"keys":[202,196],"grid":[" !!0","00"," &!,","02","02"," %!# !!*"," &!! #!! #!&"," ,!&"," -!# #"," "," "," "," "," "," "," "]},"2890":{"keys":[202,196],"grid":[" "," 0!!"," /!#"," .!$"," -!%"," ,!&","05"," +!'"," *!("," (!*"," '!+"," $!."," !!0","!","!","!"]}},"6786":{"2846":{"keys":[196,202],"grid":[" "," "," "," "," $!% *","!( *","05","!) )","07","05","!' +","!* (","!- %","!- #!#","13","!. #!!"]},"2847":{"keys":[202],"grid":[" "," "," "," "," "," "," "," "," "," "," "," "," "," "," "," "]},"2891":{"keys":[202,196],"grid":[" $!."," #!/","01","01","01","01"," !!0","06","!","!","!","!","!","!","!","!"]},"2890":{"keys":[202,196],"grid":[" "," "," "," "," "," "," "," "," "," "," "," "," "," ,!&"," &!,"," %!-"]}},"6662":{"2951":{"keys":[202,196],"grid":[" "," "," "," "," "," ","!$ .","!' +","!* (","!. $","!","!","!","!","!","!"]}},"6663":{"2951":{"keys":[202,196],"grid":[" "," "," "," "," "," "," "," "," "," ","!! 0","!$ .","!' +","!( *","!) )","!+ '"]},"2952":{"keys":[196,202],"grid":[" .!$"," "," "," "," "," "," "," "," "," "," "," "," "," "," "," "]}},"6660":{"2950":{"keys":[202,196],"grid":[" "," "," "," "," ","!! 0","!# /","!% -","!& ,","!( *","!) )","!, &","!. $","!","!","!"]}},"6661":{"2950":{"keys":[202,196],"grid":[" "," "," "," "," "," "," "," "," "," "," "," "," "," ","!# /","!% -"]},"2951":{"keys":[196,202],"grid":[" &!,"," (!*"," *!("," ,!&"," .!$"," "," "," "," "," "," "," "," "," "," "," "]}},"6666":{"2952":{"keys":[202,196],"grid":[" ","!! 0","!% -","!' +","!* (","!. $","!","!","!","!","!","!","!","!","!","!"]}},"6667":{"2952":{"keys":[202,196],"grid":[" "," "," "," "," "," ","!! 0","!) )","!. $","!","!","!","!","!","!","!"]}},"6664":{"2952":{"keys":[202,196],"grid":[" ","!% '!'","!","!","!","!","!","!","!","!","!","!","!","!","!","!"]}},"6665":{"2952":{"keys":[202,196],"grid":[" -!! $","!","!","!","!","!","!","!","!","!","!","!","!","!","!","!"]}},"6820":{"2894":{"keys":[202,196],"grid":[" "," "," *!! '"," )!$ %!!"," (!*"," &!,"," %!-","06"," $!.","08"," !!0","!","!","!","!","!"]},"2876":{"keys":[202,196],"grid":[" '!+"," (!*","01"," )!)"," *!(","04"," +!'"," ,!&"," -!%"," .!$","09"," /!#"," 0!!","12"," "," "]},"2875":{"keys":[202,196],"grid":[" !!0","00"," #!/","02","02","02","02"," $!.","07","07","07","07"," %!-","12"," &!,","14"]},"2874":{"keys":[196,202],"grid":[" "," "," "," "," "," "," "," "," "," "," "," "," "," ","!! 0","14"]}},"6821":{"2880":{"keys":[202,196],"grid":[" /!#"," 0!!","01","01","00","00","00"," .!$"," -!%","07","07","00","01","01","01"," "]},"2881":{"keys":[202],"grid":[" "," "," "," "," "," "," "," "," "," "," "," "," "," "," "," "]},"2877":{"keys":[202,196],"grid":[" !!0"," #!/","01"," $!.","03"," %!-","05"," &!,","07"," '!+","09","09"," (!*","12"," )!)","14"]},"2876":{"keys":[196,202],"grid":[" "," "," "," "," "," "," "," "," "," "," "," "," "," "," ","!! 0"]},"2894":{"keys":[202,196],"grid":[" &!,"," #!/"," !!0","!","!","!","!","!","!","!","!","!","!","!","!","!"]},"2879":{"keys":[202,196],"grid":[" 0!!"," "," "," "," "," "," "," "," ","00"," /!#","10"," .!$","10","10","10"]},"2878":{"keys":[202,196],"grid":[" *!(","00","00"," +!'","03"," ,!&","05","05"," -!%","08"," .!$","10"," /!#","12","12"," 0!!"]},"2893":{"keys":[202,196],"grid":[" "," 0!!"," /!#","02"," .!$","04"," -!%","06","06"," ,!&"," +!'","10"," *!("," )!)"," (!*"," '!+"]}},"6822":{"2882":{"keys":[202,196],"grid":[" +!'"," ,!&"," .!$","02"," /!#","04"," 0!!"," "," "," "," "," "," "," "," "," "]},"2881":{"keys":[196,202],"grid":[" "," ","!! 0","!# /","!$ .","04","!% -","06","06","06","!& ,","!' +","11","!( *","!) )","!* ("]},"2879":{"keys":[196,202],"grid":[" "," "," ","!! 0","03","03","03","03"," "," "," "," "," "," "," "," "]},"2891":{"keys":[202,196],"grid":[" "," "," "," "," "," "," "," "," "," "," "," "," "," "," "," #!! ."]},"2893":{"keys":[196],"grid":[" "," "," "," "," "," "," "," "," "," "," "," "," "," "," "," "]},"2892":{"keys":[202,196],"grid":[" #!$ ,"," #!& *"," #!' )"," $!( '"," $!) &"," %!-","05","05"," $!.","08"," #!/","10"," !!0","12","12","!"]}},"6823":{"2882":{"keys":[196,202],"grid":[" "," "," "," "," "," "," "," ","!* (","08","08","08","!+ '","12","08","08"]},"2883":{"keys":[202,196],"grid":[" )!)"," (!*"," '!+"," &!,"," %!-"," $!.","05","05","05","04","04","04","03","03","03","03"]},"2884":{"keys":[202,196],"grid":[" (!*"," *!("," -!%"," /!#"," "," "," "," "," "," "," "," "," "," "," "," "]},"2892":{"keys":[202,196],"grid":[" "," "," "," "," ","!% -","!( *","!, &","!/ #","!","!","!","!","!","!","!"]}},"6824":{"2886":{"keys":[202,196],"grid":[" (!*","00"," )!)","02"," *!("," +!& !"," "," "," "," 0!!","09","09"," /!#","12","12","12"]},"2887":{"keys":[202,196],"grid":[" .!$"," /!#","01","01","01"," 0!!","05","05"," "," "," "," "," "," "," "," "]},"2884":{"keys":[196,202],"grid":[" "," "," "," "," ","!$ .","!& ,","!) )","!+ '","!. $","09","!- %","11","!, &","08","08"]},"2885":{"keys":[202,196],"grid":[" *!(","00"," )!)"," (!*","03","03","03","03","03","03","03"," '!+","11","11","11","11"]},"2888":{"keys":[202,196],"grid":[" "," "," "," "," "," "," "," 0!!","07","07","07","07"," /!#"," .!$"," ,!&"," +!'"]},"2889":{"keys":[202,196],"grid":[" +!'"," )!)","01"," (!*","01","01","01","03","03","01","01"," *!(","11","11","00","00"]},"2891":{"keys":[202,196],"grid":[" "," 0!!","01"," /!#","03"," .!$"," -!%"," ,!&","07"," +!'"," *!(","10","10"," )!)","13","13"]},"2890":{"keys":[202,196],"grid":[" ,!&","00","00"," -!%","03","03"," .!$"," /!#"," 0!!"," "," "," "," "," "," "," "]},"2892":{"keys":[202,196],"grid":[" )!)","00","00"," (!*","03","03","03","00"," '!+","!","!","!","!","!","!","!"]}},"6825":{"2888":{"keys":[202,196],"grid":[" !!0","00","00","00","00","00","!","!","!","!","!","!","!","!","!","!"]},"2886":{"keys":[196,202],"grid":[" "," "," "," "," ","!# /","05","!! 0"," "," "," "," "," "," "," "," "]},"2890":{"keys":[196,202],"grid":[" "," "," "," "," "," "," "," "," "," ","!! 0","10","10"," "," "," "]},"2887":{"keys":[196,202],"grid":[" "," "," "," "," "," "," "," "," "," "," "," ","!! 0","12","12","12"]}},"6675":{"2953":{"keys":[202,196],"grid":[" "," "," "," "," "," "," "," "," "," "," "," "," "," ","!' %!& !","!"]}},"6674":{"2953":{"keys":[202,196],"grid":[" "," "," "," "," "," "," "," "," "," "," "," "," ","!( *","!","!"]}},"6677":{"2954":{"keys":[202,196],"grid":[" ","!","!","!","!","!","!","!","!","!","!","!","!","!","!","!"]}},"6676":{"2954":{"keys":[196,202],"grid":[" 0!!"," "," "," "," "," "," "," "," "," "," "," "," "," "," "," "]},"2953":{"keys":[202,196],"grid":[" "," "," "," "," "," "," "," "," "," "," "," "," "," "," $!$ +","!+ '"]}},"6671":{"2953":{"keys":[202,196],"grid":[" "," "," "," "," "," "," "," ","!% -","!/ #","!","!","!","!","!","!"]}},"6670":{"2953":{"keys":[202,196],"grid":[" "," "," "," "," "," ","!$ .","!* (","!","!","!","!","!","!","!","!"]}},"6673":{"2953":{"keys":[202,196],"grid":[" "," "," "," "," "," "," "," "," "," "," ","!# /","!0 !","!","!","!"]}},"6672":{"2953":{"keys":[202,196],"grid":[" "," "," "," "," "," "," "," "," "," ","!. $","!","!","!","!","!"]}},"6679":{"2954":{"keys":[202,196],"grid":[" "," "," "," "," ","!# /","!$ .","!% -","!' +","!( *","!* (","!- %","!","!","!","!"]}},"6678":{"2954":{"keys":[202,196],"grid":[" ","!& ,","!, &","!0 !","!","!","!","!","!","!","!","!","!","!","!","!"]}},"6778":{"2895":{"keys":[202,196],"grid":[" +!'","00"," ,!&","02"," *!("," %!-"," #!/"," !!0","!","!","!","!","!","!","!","!"]},"2894":{"keys":[202,196],"grid":[" "," "," "," "," "," "," "," "," "," 0!!"," /!#"," .!$"," -!%"," ,!&","13"," +!'"]},"2896":{"keys":[196,202],"grid":[" "," "," "," "," ","!! 0"," "," "," "," "," "," "," "," "," "," "]},"2846":{"keys":[196,202],"grid":[" "," "," "," "," "," "," "," "," "," "," "," "," "," "," ,!# $","!/ #"]},"2847":{"keys":[202,196],"grid":[" /!#"," "," "," "," "," "," "," "," "," "," "," "," "," "," "," "]}},"6779":{"2846":{"keys":[196,202],"grid":[" "," "," "," "," "," "," "," "," "," "," "," "," "," "," "," !!$ -"]},"2894":{"keys":[202,196],"grid":[" "," "," *!% $"," (!( #"," '!+"," %!-"," $!."," #!/"," !!0","!","!","!","!","!","!","!"]},"2847":{"keys":[202,196],"grid":[" &!,","00"," &!! #!)"," .!$"," /!#"," "," "," "," "," "," "," "," "," "," "," "]}},"6774":{"2850":{"keys":[196,202],"grid":[" &!,"," %!-"," $!."," #!/"," !!0","!","!","!","!","!","!","!","!","!","!","!"]},"2897":{"keys":[202,196],"grid":[" "," "," "," "," ","!! /!!","!# -!#","!% (!&","!","!","!","!","!","!","!","!"]},"2849":{"keys":[196,202],"grid":[" "," "," "," "," 0!!"," /!#"," .!$"," -!%"," ,!&","08"," +!'"," *!("," )!)"," (!*"," '!+","14"]}},"6775":{"2847":{"keys":[196],"grid":[" "," "," "," "," "," "," "," "," "," "," "," "," "," "," "," "]},"2897":{"keys":[202,196],"grid":[" -!%","00"," ,!&"," (!*"," &!,"," #!/","!","!","!","!","!","!","!","!","!","!"]},"2896":{"keys":[202,196],"grid":[" "," "," "," "," "," "," "," "," "," "," "," "," "," /!#"," .!$","14"]},"2848":{"keys":[196,202],"grid":[" 0!!","00"," /!#"," .!$"," -!%"," ,!&"," +!'","06"," *!("," )!)"," (!*"," '!+"," &!,","12"," %!-"," $!."]},"2849":{"keys":[196,202],"grid":[" #!/"," !!0","!","!","!","!","!","!","!","!","!","!","!","!","!","!"]}},"6776":{"2847":{"keys":[196,202],"grid":[" "," "," .!$"," ,!&"," +!'"," *!(","05"," )!)"," (!*"," '!+"," &!,"," %!-"," $!."," #!/"," !!0","!"]},"2896":{"keys":[202,196],"grid":[" "," "," "," "," "," "," "," "," "," "," "," "," ","!# /","!% -","!' #!$ &"]}},"6777":{"2895":{"keys":[202,196],"grid":[" "," "," "," "," "," "," "," "," "," 0!!"," /!#","09","09","09","09","09"]},"2846":{"keys":[196,202],"grid":[" "," "," "," "," "," "," "," "," "," "," "," "," "," "," "," +!'"]},"2897":{"keys":[196],"grid":[" "," "," "," "," "," "," "," "," "," "," "," "," "," "," "," "]},"2896":{"keys":[202,196],"grid":[" 0!!"," "," "," "," "," "," "," ","00"," /!#"," .!$"," -!%"," +!'"," (!*"," '!+"," !!! $!,"]},"2847":{"keys":[196,202],"grid":[" &!,"," !!0","!","!","!","!","!","!","!","!","!","!","!","!","!","!"]}},"6770":{"2895":{"keys":[196,202],"grid":[" #!# -","00"," "," "," "," "," "," "," "," "," "," "," "," "," "," "]},"2894":{"keys":[202,196],"grid":[" "," "," "," "," "," "," "," "," "," "," "," /!#"," ,!&"," '!+","13","!! %!,"]},"2853":{"keys":[196],"grid":[" "," "," "," "," "," "," "," "," "," "," "," "," "," "," "," "]},"2855":{"keys":[196,202],"grid":[" $!.","00","00","00","00","00","00"," !!0","!","!","!","!","!","!","!","!"]},"2854":{"keys":[196,202],"grid":[" 0!!"," /!#"," .!$","02"," -!%"," ,!&"," +!'"," *!("," )!)","08"," (!*"," '!+"," &!,"," %!-","13","13"]}},"6771":{"2894":{"keys":[202,196],"grid":[" "," "," "," "," "," "," "," "," "," ,!# $"," ,!% !"," +!'","!# )!'","!& %!(","!","!"]},"2853":{"keys":[196,202],"grid":[" .!$"," -!%"," ,!&"," +!'"," *!("," )!)","05"," (!*"," '!+"," &!,"," %!-"," $!.","11"," #!/"," !!0","!"]},"2852":{"keys":[196,202],"grid":[" "," "," "," "," "," "," "," "," "," "," "," "," "," 0!!"," /!#"," .!$"]}},"6772":{"2851":{"keys":[196,202],"grid":[" "," "," "," "," "," "," "," "," "," "," 0!!"," /!#"," .!$"," -!%","13"," ,!&"]},"2894":{"keys":[202,196],"grid":[" "," "," "," "," "," "," "," "," "," "," ","!# /","!% -","!( *","!) )","!* ("]},"2896":{"keys":[196,202],"grid":[" .!$","00","00"," /!#","03"," 0!!"," "," "," "," "," "," "," "," "," "," "]},"2852":{"keys":[196,202],"grid":[" +!'"," *!("," )!)"," (!*","03"," '!+"," &!,"," %!-"," $!."," #!/","09"," !!0","!","!","!","!"]},"2895":{"keys":[196,202],"grid":[" +!'","00","00"," ,!&","03"," -!%","05","05"," .!$","08","08","08","08","08","08","08"]}},"6773":{"2851":{"keys":[196,202],"grid":[" (!*"," '!+","01"," &!,"," %!-"," $!."," #!/"," !!0","07","!","!","!","!","!","!","!"]},"2850":{"keys":[196,202],"grid":[" "," "," "," "," "," "," "," 0!!"," /!#"," .!$"," -!%"," ,!&","11"," +!'"," *!("," )!)"]},"2897":{"keys":[196,202],"grid":[" ,!&"," -!%"," .!$"," /!#"," 0!!"," "," "," "," "," "," "," "," "," "," "," "]},"2896":{"keys":[202,196],"grid":[" "," "," "," "," "," ","!! 0","!# /","!$ .","!% -","!& ,","!' +","!( *","!) )","!* (","!+ '"]}},"6733":{"2858":{"keys":[202,196],"grid":[" *!("," +!'"," ,!&"," -!%"," .!$"," /!#"," "," "," "," "," "," "," "," "," "," "]},"2927":{"keys":[202,196],"grid":[" +!'"," *!("," )!)"," (!*","03"," '!+"," &!,"," %!-","07"," $!."," #!/"," !!0","!","!","!","!"]},"2926":{"keys":[202,196],"grid":[" "," "," "," "," "," "," "," "," "," 0!!"," /!#","10"," .!$"," -!%"," ,!&"," +!'"]},"2857":{"keys":[196,202],"grid":[" "," "," "," "," "," "," "," ","!! 0","!# /","!$ .","!% -","!& ,","!' +","!( *","!) )"]},"2824":{"keys":[202,196],"grid":[" "," "," "," "," "," "," "," "," "," "," "," "," "," 0!!","13"," /!#"]},"2825":{"keys":[202,196],"grid":[" /!#"," .!$"," -!%","02"," ,!&"," +!'","05"," *!(","07"," )!)"," (!*","10"," '!+"," &!,","13"," %!-"]},"2826":{"keys":[202,196],"grid":[" %!-"," $!."," #!/","02"," !!0","!","!","!","!","!","!","!","!","!","!","!"]}},"6769":{"2895":{"keys":[202,196],"grid":[" %!-"," #!/"," !!0","!","!","!","!","!","!","!","!","!","!","!","!","!"]},"2894":{"keys":[202,196],"grid":[" "," "," "," "," "," "," "," "," "," "," "," "," *!& #"," (!) !"," '!+"," &!,"]},"2855":{"keys":[196,202],"grid":[" "," "," "," "," "," "," "," "," 0!!"," .!$"," -!%"," +!'"," )!)"," '!+"," &!,","14"]},"2856":{"keys":[196,202],"grid":[" %!-"," $!.","01"," #!/","03"," !!0","!","!","!","!","!","!","!","!","!","!"]}},"6768":{"2858":{"keys":[196,202],"grid":[" !!0","!","!","!","!","!","!","!","!","!","!","!","!","!","!","!"]},"2895":{"keys":[202,196],"grid":[" "," "," "," -!%"," )!)","!","!","!","!","!","!","!","!","!","!","!"]},"2897":{"keys":[202,196],"grid":[" '!+","00","00"," &!,","03"," %!-"," $!."," #!/","07"," !!0","!","!","!","!","!","!"]},"2896":{"keys":[202,196],"grid":[" !!0","00","00"," #!/","03","03"," $!.","06","06"," %!-","09","09"," &!,","12","12"," '!+"]},"2857":{"keys":[196,202],"grid":[" +!'","00"," *!(","02"," )!)"," (!*","05"," '!+","07"," &!,"," %!-","10"," $!.","12"," #!/"," !!0"]},"2856":{"keys":[196,202],"grid":[" "," "," "," "," "," "," "," "," 0!!","08"," /!#"," .!$","11"," -!%","13"," ,!&"]}},"6767":{"2859":{"keys":[196,202],"grid":[" (!*"," '!+","01"," &!,","03"," %!-"," $!.","06"," #!/","08"," !!0","!","!","!","!","!"]},"2858":{"keys":[196,202],"grid":[" "," "," "," 0!!"," /!#","04"," .!$"," -!%","07"," ,!&","09"," +!'"," *!(","12"," )!)","14"]},"2901":{"keys":[196],"grid":[" "," "," "," "," "," "," "," "," "," "," "," "," "," "," "," "]},"2900":{"keys":[196],"grid":[" "," "," "," "," "," "," "," "," "," "," "," "," "," "," "," "]},"2899":{"keys":[202,196],"grid":[" %!-","00"," $!.","02","02","02"," #!/","06","06","06"," !!0","10","10","10","!","!"]},"2898":{"keys":[202,196],"grid":[" -!%"," ,!&","01"," +!'"," *!(","04"," )!)"," (!*","07"," '!+"," &!,","10","10"," %!-","13","13"]},"2895":{"keys":[202,196],"grid":[" "," "," "," "," "," .!$","05"," /!#","07","07"," 0!!","10","10"," "," "," "]},"2897":{"keys":[202,196],"grid":[" "," "," "," "," "," "," "," "," "," "," "," "," 0!!"," /!#"," .!$","14"]}},"6766":{"2859":{"keys":[202,196],"grid":[" !!0"," #!/"," $!."," %!-"," &!,"," '!+"," (!*"," )!)"," *!("," +!'"," -!%"," .!$"," /!#"," "," "," "]},"2858":{"keys":[196],"grid":[" "," "," "," "," "," "," "," "," "," "," "," "," "," "," "," "]},"2901":{"keys":[202,196],"grid":[" /!#","00"," 0!!","02"," "," "," "," "," ","02","02","02","02","02","00","00"]},"2900":{"keys":[202,196],"grid":[" "," "," 0!!","02","02","02","02"," /!#","07","07","07"," .!$","11","11","11","11"]},"2902":{"keys":[202,196],"grid":[" /!#","00","00"," .!$","03","03","03","03","!* %!$","!","!","!","!","!","!","!"]}},"6765":{"2858":{"keys":[196,202],"grid":[" ","!! 0","!# /","!$ .","!% -","!& ,","!' +","!( *","!) )","!* (","!+ '","!, &","!- %","!/ #","!0 !","!"]},"2902":{"keys":[202,196],"grid":[" "," "," "," "," "," "," ","!' +","!","!","!","!","!","!","!","!"]}},"6764":{"2858":{"keys":[202],"grid":[" "," "," "," "," "," "," "," "," "," "," "," "," "," "," "," "]},"2857":{"keys":[196,202],"grid":[" "," "," ","!# /","!$ .","!% -","!& ,","!' +","!( *","!) )","!* (","!+ '","!, &","!- %","!. $","!/ #"]},"2902":{"keys":[202,196],"grid":[" "," "," "," "," "," "," ","!","!","!","!","!","!","!","!","!"]}},"6763":{"2902":{"keys":[202,196],"grid":[" "," "," "," "," "," "," "," (!*","!","!","!","!","!","!","!","!"]},"2857":{"keys":[202,196],"grid":[" /!#"," 0!!"," "," "," "," "," "," "," "," "," "," "," "," "," "," "]},"2856":{"keys":[196,202],"grid":[" "," "," "," ","!! 0","!$ .","!% -","!& ,","!' +","!( *","!) )","!* (","!+ '","!, &","!- %","!. $"]}},"6762":{"2902":{"keys":[202,196],"grid":[" "," "," "," "," "," "," "," "," ,!&"," #!/","!","!","!","!","!","!"]},"2855":{"keys":[196,202],"grid":[" "," "," "," "," ","!! 0","!# /","!$ .","!& ,","!' +","!( *","!) )","!* (","!+ '","!, &","!- %"]},"2856":{"keys":[202,196],"grid":[" .!$"," /!#"," 0!!"," "," "," "," "," "," "," "," "," "," "," "," "," "]}},"6761":{"2902":{"keys":[202,196],"grid":[" "," "," "," "," "," "," "," "," "," "," '!+","!","!","!","!","!"]},"2855":{"keys":[202,196],"grid":[" -!%"," .!$"," /!#"," 0!!"," "," "," "," "," "," "," "," "," "," "," "," "]},"2854":{"keys":[196,202],"grid":[" "," "," "," "," "," ","!! 0","!# /","!$ .","!% -","!& ,","!( *","!) )","!* (","!+ '","!, &"]}},"6760":{"2902":{"keys":[202,196],"grid":[" "," "," "," "," "," "," "," "," "," "," "," .!$","!","!","!","!"]},"2853":{"keys":[196,202],"grid":[" "," "," "," "," "," "," "," "," ","!! 0","!$ .","!& ,","!' +","!) )","!* (","!+ '"]},"2854":{"keys":[202,196],"grid":[" ,!&"," -!%"," .!$"," /!#"," 0!!"," "," "," "," "," "," "," "," "," "," "," "]}},"6688":{"2949":{"keys":[202,196],"grid":[" "," "," "," "," "," "," "," "," "," .!$","!' &!&","!","!","!","!","!"]}},"6689":{"2949":{"keys":[202,196],"grid":[" "," "," "," "," "," "," 0!!"," #!/","!","!","!","!","!","!","!","!"]}},"6680":{"2954":{"keys":[202,196],"grid":[" "," "," "," "," "," "," "," "," "," "," "," ","!$ .","!) )","!/ #","!"]}},"6681":{"2954":{"keys":[202,196],"grid":[" "," "," "," "," "," "," "," "," "," "," "," "," "," "," ","!# /"]},"2955":{"keys":[196,202],"grid":[" &!* #"," "," "," "," "," "," "," "," "," "," "," "," "," "," "," "]}},"6682":{"2954":{"keys":[202,196],"grid":[" "," "," "," 0!!"," /!#"," .!$"," -!%"," +!'"," *!("," )!)"," (!*"," &!,"," %!-"," $!."," !!0","!"]}},"6683":{"2954":{"keys":[202,196],"grid":[" #!/"," !!0","!","!","!","!","!","!","!","!","!","!","!","!","!","!"]},"2953":{"keys":[202,196],"grid":[" "," "," "," "," 0!!"," /!#"," .!$"," ,!&"," +!'"," *!(","09"," )!)"," '!+"," &!,"," %!-"," $!."]}},"6684":{"2952":{"keys":[202,196],"grid":[" "," "," 0!!","02"," /!#"," .!$"," -!%"," ,!&"," +!'"," *!("," )!)"," (!*"," '!+"," &!,"," %!-"," $!."]},"2953":{"keys":[202,196],"grid":[" #!/"," !!0","!","!","!","!","!","!","!","!","!","!","!","!","!","!"]}},"6685":{"2951":{"keys":[202,196],"grid":[" "," "," "," "," "," "," "," "," 0!!"," -!%"," +!'"," )!)"," (!*"," &!,"," %!-"," #!/"]},"2952":{"keys":[202,196],"grid":[" !!0","!","!","!","!","!","!","!","!","!","!","!","!","!","!","!"]}},"6686":{"2950":{"keys":[202,196],"grid":[" "," "," "," "," "," "," "," "," "," "," "," "," "," "," "," 0!!"]},"2951":{"keys":[202,196],"grid":[" .!$"," -!%","01"," ,!&"," +!'"," )!)"," %!-"," !!0","!","!","!","!","!","!","!","!"]}},"6687":{"2950":{"keys":[202,196],"grid":[" -!%"," ,!&"," *!("," )!)"," (!*","04","04","04"," '!+","08","08"," &!,","11"," %!-"," $!.","!"]},"2949":{"keys":[202,196],"grid":[" "," "," "," "," "," "," "," "," "," "," 0!!"," .!$","11","11","11"," -!%"]}},"6808":{"2863":{"keys":[196,202],"grid":[" "," "," "," "," "," "," "," "," "," "," ","!! 0","!# /","!% -","!( *","!+ '"]},"2864":{"keys":[202,196],"grid":[" -!%"," 0!!"," "," "," "," "," "," "," "," "," "," "," "," "," "," "]},"2893":{"keys":[202,196],"grid":[" /!#","!# #!! *!#","!# !!$ !!*","!","!","!","!","!","!","!","!","!","!","!","!","!"]},"2892":{"keys":[202,196],"grid":[" "," "," "," "," "," "," "," "," "," "," "," "," "," "," "," 0!!"]}},"6809":{"2864":{"keys":[196,202],"grid":[" "," ","!# /","!% -","!( *","!* (","!- %","!0 !","!","!","!","!","!","!","!","!"]},"2893":{"keys":[196,202],"grid":[" #!/"," &!,"," (!*"," ,!&"," .!$"," -!%","05","05","04"," /!#","09"," "," "," "," "," "]},"2892":{"keys":[202],"grid":[" "," "," "," "," "," "," "," "," "," "," "," "," "," "," "," "]}},"6806":{"2860":{"keys":[202,196],"grid":[" .!$","00","00","00","00","00","00"," /!#","07","07","07","07","07","07","07","07"]},"2858":{"keys":[196,202],"grid":[" "," "," "," "," "," "," "," "," "," "," "," ","!# /","!% -","!' +","!) )"]},"2861":{"keys":[202,196],"grid":[" 0!!","00","00","00","00","00","00","00","00"," "," "," "," "," "," "," "]},"2859":{"keys":[202,196],"grid":[" +!'"," ,!&","01","01","01"," -!%","05","05","05","05","05","05","05","05"," .!$","14"]},"2893":{"keys":[196,202],"grid":[" $!) &"," *!! '"," "," "," "," "," "," "," "," "," "," "," "," "," "," "]},"2892":{"keys":[202,196],"grid":[" "," "," "," "," "," "," "," "," "," "," "," ","!! 0","!# /","!$ .","!$ )!# #!!"]}},"6807":{"2861":{"keys":[196],"grid":[" "," "," "," "," "," "," "," "," "," "," "," "," "," "," "," "]},"2862":{"keys":[196,202],"grid":[" "," ","!! 0","02","02","02","02","02","02","02","02","!# /","11","11","11","11"]},"2863":{"keys":[202,196],"grid":[" #!/","00"," $!."," %!-"," '!+"," (!*"," *!("," +!'"," -!%"," .!$"," 0!!"," "," "," "," "," "]},"2893":{"keys":[196,202],"grid":[" 0!!"," "," "," "," "," "," "," "," "," "," "," "," "," "," "," "]},"2892":{"keys":[202,196],"grid":[" "," "," "," "," "," "," "," "," "," "," "," "," "," !!) (","!, &","!. $"]}},"6804":{"2858":{"keys":[202,196],"grid":[" '!+"," )!)"," ,!&"," .!$"," 0!!"," "," "," "," "," "," "," "," "," "," "," "]},"2889":{"keys":[202,196],"grid":[" "," "," "," "," "," "," "," "," "," "," "," ","!! 0","!# /","!$ .","14"]},"2891":{"keys":[196,202],"grid":[" ,!&","00"," -!%"," .!$","03"," /!#","05"," 0!!"," "," "," "," "," "," "," "," "]},"2890":{"keys":[196,202],"grid":[" $!."," %!-","01","01","00","01"," &!,","06"," '!+"," (!*","09"," )!)"," *!(","12"," +!'"," ,!&"]},"2857":{"keys":[196,202],"grid":[" "," "," "," "," "," "," "," "," "," "," "," "," "," ","!# /","!% -"]}},"6805":{"2858":{"keys":[196,202],"grid":[" "," "," "," "," ","!# /","!% -","!' +","!) )","!, &","!. $","!0 !","!","!","!","!"]},"2891":{"keys":[202,196],"grid":[" "," "," "," "," "," "," "," "," "," ","!! 0","!# /","11","!$ .","!% -","14"]},"2892":{"keys":[196,202],"grid":[" &!,"," '!+"," (!*","02"," )!)"," *!(","05"," +!'"," ,!&"," .!$"," /!#"," 0!!"," "," "," "," "]}},"6802":{"2890":{"keys":[202,196],"grid":[" "," 0!!"," /!#"," .!$","03"," -!%","05"," +!'","07","!' %!'","!","!","!","!","!","!"]},"2857":{"keys":[202,196],"grid":[" !!0"," %!-"," '!+"," )!)"," ,!&"," .!$"," 0!!"," "," "," "," "," "," "," "," "," "]},"2856":{"keys":[196],"grid":[" "," "," "," "," "," "," "," "," "," "," "," "," "," "," "," "]}},"6803":{"2889":{"keys":[202,196],"grid":[" "," "," "," "," "," "," "," "," "," "," .!# !"," ,!&"," +!'"," *!(","13"," (!*"]},"2890":{"keys":[202,196],"grid":[" &!,","!","!","!","!","!","!","!","!","!","!","!","!","!","!","!"]},"2857":{"keys":[196,202],"grid":[" "," "," "," "," "," "," ","!! 0","!% -","!' +","!) )","!, &","!. $","!0 !","!","!"]}},"6800":{"2888":{"keys":[202],"grid":[" "," "," "," "," "," "," "," "," "," "," "," "," "," "," "," "]},"2889":{"keys":[202,196],"grid":[" $!."," #!/","01"," !!0","03","!","!","!","!","!","!","!","!","!","!","!"]},"2856":{"keys":[196,202],"grid":[" "," ","!! 0","!% -","!' +","!) )","!, &","!. $","!0 !","!","!","!","!","!","!","!"]}},"6801":{"2888":{"keys":[202,196],"grid":[" "," "," "," "," "," "," "," "," "," "," "," "," "," (!% &"," %!* $"," !!- $"]},"2889":{"keys":[196,202],"grid":[" /!#","00","00","00","00"," 0!!","05","05","05","05","05","05","05","05"," "," "]},"2890":{"keys":[196,202],"grid":[" 0!!"," .!$"," -!%"," ,!&","02","01"," /!#","00"," "," "," "," "," "," "," "," "]},"2856":{"keys":[196,202],"grid":[" "," "," "," "," "," "," "," "," ","!! 0","!% -","!' +","!) )","!, &","!. $","!0 !"]}},"6758":{"2902":{"keys":[202,196],"grid":[" "," "," "," "," "," ","!# /","!( *","!, &","!","!","!","!","!","!","!"]},"2853":{"keys":[202,196],"grid":[" /!#"," "," "," "," "," "," "," "," "," "," "," "," "," "," "," "]},"2852":{"keys":[196,202],"grid":[" "," "," "," "," "," "," "," "," "," ","!# /","!% -","!' +","!) )","!+ '","!- %"]}},"6759":{"2902":{"keys":[202,196],"grid":[" "," "," "," "," "," "," "," "," ","!! 0","!) )","!0 !","!","!","!","!"]},"2853":{"keys":[196,202],"grid":[" "," ","!# /","!% -","!' +","!) )","!+ '","!. $","!0 !","!","!","!","!","!","!","!"]}},"6752":{"2851":{"keys":[196,202],"grid":[" "," "," "," "," "," '!+","!","!","!","!","!","!","!","!","!","!"]},"2903":{"keys":[202,196],"grid":[" "," "," "," "," "," "," 0!!","06","06","06"," (!*","!","!","!","!","!"]}},"6753":{"2851":{"keys":[196,202],"grid":[" "," "," "," "," (!*","!","!","!","!","!","!","!","!","!","!","!"]},"2902":{"keys":[202,196],"grid":[" "," "," "," "," "," "," "," "," "," "," "," "," 0!!"," .!$"," )!)"," '!+"]},"2903":{"keys":[202,196],"grid":[" %!-"," $!."," !!0","02","!","!","!","!","!","!","!","!","!","!","!","!"]}},"6750":{"2851":{"keys":[196,202],"grid":[" "," "," "," "," "," "," "," /!#"," ,!&"," )!)"," &!,"," $!.","!","!","!","!"]},"2903":{"keys":[202,196],"grid":[" "," "," "," "," "," "," "," "," "," "," "," "," "," ,!&"," )!)"," '!+"]},"2904":{"keys":[202,196],"grid":[" $!."," !!0","!","!","!","!","!","!","!","!","!","!","!","!","!","!"]}},"6751":{"2851":{"keys":[196,202],"grid":[" "," "," "," "," "," "," &!,","!","!","!","!","!","!","!","!","!"]},"2903":{"keys":[202,196],"grid":[" "," "," "," "," "," "," "," "," "," "," "," .!$"," &!,","!","!","!"]}},"6756":{"2851":{"keys":[196,202],"grid":[" "," "," "," "," "," "," "," "," "," ","!! 0","!$ .","!& ,","!( *","!* (","!, &"]},"2902":{"keys":[196,202],"grid":[" &!,"," ,!&"," 0!!"," "," "," "," "," "," "," "," "," "," "," "," "," "]},"2901":{"keys":[202],"grid":[" "," "," "," "," "," "," "," "," "," "," "," "," "," "," "," "]},"2852":{"keys":[202,196],"grid":[" .!$"," 0!!"," "," "," "," "," "," "," "," "," "," "," "," "," "," "]}},"6757":{"2902":{"keys":[202,196],"grid":[" "," "," ","!% -","!* (","!. $","!","!","!","!","!","!","!","!","!","!"]},"2852":{"keys":[196,202],"grid":[" "," ","!! 0","!$ .","!' +","!) )","!+ '","!- %","!/ #","!","!","!","!","!","!","!"]}},"6754":{"2851":{"keys":[196,202],"grid":[" "," "," "," ","!- %","!","!","!","!","!","!","!","!","!","!","!"]},"2902":{"keys":[202,196],"grid":[" &!,"," %!-"," $!.","02"," #!/","04","04","04","04","04","04","04","!","!","!","!"]},"2901":{"keys":[202,196],"grid":[" "," "," "," "," "," "," "," "," "," "," "," "," "," *!' !"," (!*"," '!+"]}},"6755":{"2851":{"keys":[196,202],"grid":[" "," "," "," "," ","!& ,","!* (","!, &","!. $","!0 !","!","!","!","!","!","!"]},"2902":{"keys":[196,202],"grid":[" (!*"," *!& #"," "," "," "," "," "," "," "," "," "," "," "," "," "," "]},"2901":{"keys":[202,196],"grid":[" "," "," "," "," "," "," "," "," "," "," "," "," "," ","!! 0","!$ ."]}},"6699":{"2941":{"keys":[202,196],"grid":[" /!#"," .!$"," -!%"," ,!&"," +!'"," *!(","05"," )!)"," (!*"," '!+"," &!,"," %!-"," $!."," #!/"," !!0","!"]},"2940":{"keys":[202,196],"grid":[" "," "," "," "," "," "," "," "," "," "," "," "," "," "," "," 0!!"]}},"6698":{"2943":{"keys":[202,196],"grid":[" #!/","!","!","!","!","!","!","!","!","!","!","!","!","!","!","!"]},"2942":{"keys":[202,196],"grid":[" 0!!"," /!#","01"," .!$"," -!%"," ,!&"," +!'"," *!("," )!)","08"," (!*"," '!+"," &!,"," %!-"," $!."," #!/"]},"2941":{"keys":[202],"grid":[" "," "," "," "," "," "," "," "," "," "," "," "," "," "," "," "]}},"6693":{"2947":{"keys":[202,196],"grid":[" -!%","00"," ,!&"," +!'","03"," *!("," )!)","06"," (!*"," '!+","09"," &!,"," %!-","12"," $!."," #!/"]},"2946":{"keys":[202,196],"grid":[" "," "," "," "," "," "," 0!!","06","06"," /!#","09","09","09"," .!$","13","13"]},"2948":{"keys":[202,196],"grid":[" !!0","!","!","!","!","!","!","!","!","!","!","!","!","!","!","!"]}},"6692":{"2948":{"keys":[202,196],"grid":[" "," "," 0!!"," /!#"," .!$"," ,!&"," +!'"," *!("," )!)"," (!*"," '!+"," &!,"," %!-"," $!."," !!0","!"]}},"6691":{"2949":{"keys":[202,196],"grid":[" 0!!"," .!$"," -!%"," +!'"," *!(","!% %!)","!","!","!","!","!","!","!","!","!","!"]},"2948":{"keys":[202],"grid":[" "," "," "," "," "," "," "," "," "," "," "," "," "," "," "," "]}},"6690":{"2949":{"keys":[202,196],"grid":[" "," "," "," "," "," #!/","!","!","!","!","!","!","!","!","!","!"]}},"6697":{"2943":{"keys":[202,196],"grid":[" "," "," 0!!"," .!$"," ,!&"," +!'"," )!)"," '!+"," &!,"," $!."," !!0","!","!","!","!","!"]}},"6696":{"2944":{"keys":[202,196],"grid":[" *!("," )!)"," (!*"," '!+"," %!-"," $!."," #!/"," !!0","!","!","!","!","!","!","!","!"]},"2943":{"keys":[202,196],"grid":[" "," "," "," "," "," "," "," "," "," "," "," "," /!#"," .!$"," -!%"," +!'"]}},"6695":{"2945":{"keys":[202,196],"grid":[" '!+"," %!-"," $!."," #!/","!","!","!","!","!","!","!","!","!","!","!","!"]},"2944":{"keys":[202,196],"grid":[" "," "," "," "," "," "," "," "," 0!!"," /!#"," .!$"," -!%"," +!'"," *!("," )!)"," (!*"]}},"6694":{"2946":{"keys":[202,196],"grid":[" !!0","00","!","!","!","!","!","!","!","!","!","!","!","!","!","!"]},"2945":{"keys":[202,196],"grid":[" "," "," "," "," "," /!#"," -!%"," *!("," (!*"," '!+"," &!,"," %!-"," $!."," #!/","13"," !!0"]}},"6819":{"2895":{"keys":[196,202],"grid":[" '!! *"," "," "," "," "," "," "," "," "," "," "," "," "," "," "," "]},"2894":{"keys":[202,196],"grid":[" ","!! 0","!# /","!$ .","03","03","!% -","06","06","06","06","!& +!!","!& '!&","!& &!'","!' $!(","!' #!)"]},"2874":{"keys":[196,202],"grid":[" ","!! 0","01","!$ .","!& ,","04","!' +","!) )","!* (","08","!, &","!. $","!/ #","!","!","!"]}},"6818":{"2873":{"keys":[196,202],"grid":[" "," ","!! 0","!# /","03","!% -","!& ,","!( *","!) )","!* (","09","!, &","!- %","!. $","!/ #","!0 !"]},"2894":{"keys":[196],"grid":[" "," "," "," "," "," "," "," "," "," "," "," "," "," "," "," "]},"2893":{"keys":[202,196],"grid":[" "," "," "," "," "," "," "," "," "," "," "," "," "," &!' &","!. $","!0 !"]},"2874":{"keys":[202],"grid":[" "," "," "," "," "," "," "," "," "," "," "," "," "," "," "," "]}},"6811":{"2894":{"keys":[202,196],"grid":[" "," +!% #"," +!& !"," *!("," &!,","!","!","!","!","!","!","!","!","!","!","!"]},"2864":{"keys":[196,202],"grid":[" "," "," "," "," "," "," "," "," "," "," "," "," "," ","!! 0","!% -"]},"2865":{"keys":[202,196],"grid":[" (!*"," *!("," -!%"," 0!!"," "," "," "," ","03"," /!#","09"," .!$","02"," ,!&"," +!'","14"]},"2866":{"keys":[202,196],"grid":[" *!("," )!)"," (!*"," '!+","03","03","03"," &!,","07","07","07"," %!-","11","11","11"," %!% !!# #!$"]},"2867":{"keys":[202,196],"grid":[" %!% &!$"," %!$ &!%"," '!! %!! $!!"," "," "," "," "," "," "," "," "," "," "," "," "," "]}},"6810":{"2894":{"keys":[196,202],"grid":[" (!*"," )!)"," *!("," +!'"," ,!&"," -!! $"," "," "," "," "," "," "," "," "," "," "]},"2864":{"keys":[196,202],"grid":[" "," "," "," "," "," "," "," ","!! 0","!% -","!( *","!* (","!- %","!0 !","!","!"]},"2893":{"keys":[202,196],"grid":[" "," "," "," "," "," "," "," "," "," "," "," ","!! 0","!$ .","!% -","!& ,"]}},"6813":{"2868":{"keys":[196,202],"grid":[" "," "," "," "," "," ","!! 0","!# !!# ,","!& ,","!' +","!) )","!( !!$ &","!- %","12","!. $","!/ #"]},"2869":{"keys":[202,196],"grid":[" .!! !!!"," 0!!"," "," "," "," "," "," "," "," "," "," "," "," "," "," "]},"2893":{"keys":[202,196],"grid":[" "," "," "," "," "," -!# #"," +!'"," *!(","07"," )!)"," (!*"," '!+"," &!,"," %!-"," $!."," !!0"]},"2894":{"keys":[196],"grid":[" "," "," "," "," "," "," "," "," "," "," "," "," "," "," "," "]}},"6812":{"2868":{"keys":[202,196],"grid":[" (!*"," *!! !!&"," -!%"," .!$"," 0!!"," "," "," "," "," "," "," "," "," "," "," "]},"2894":{"keys":[202,196],"grid":[" "," /!#"," .!$","!! ,!%","!# *!&","!$ )!&","!% &!(","!","!","!","!","!","!","!","!","!"]},"2865":{"keys":[196,202],"grid":[" "," "," "," ","!! 0"," "," "," "," "," "," "," "," "," "," "," "]},"2867":{"keys":[196,202],"grid":[" "," "," ","!! 0","!# /","04","04","03","!! !!! .","!$ .","!& ,","10","09","09","!' +","14"]}},"6815":{"2871":{"keys":[202,196],"grid":[" ,!&"," -!$ !","01"," "," "," "," "," "," "," "," "," "," "," "," "," "]},"2870":{"keys":[196,202],"grid":[" "," "," "," "," "," "," "," $!# ,"," !!! !!% *","!' +","!+ '","10","!+ !!! %","!, !!! $","!. $","!- %"]},"2893":{"keys":[202,196],"grid":[" "," "," "," "," "," "," "," ,!% !"," )!)"," &!,"," !!0","!","!","!","!","!"]}},"6814":{"2869":{"keys":[196,202],"grid":[" ","!# /","!! 0","!% -","!% !!! +","!( *","05","05","!& ,","05","!( !!! (","!* (","!+ '","12","!, &","14"]},"2870":{"keys":[202,196],"grid":[" +!'"," ,!&"," .!$","02","02"," -!%","01"," 0!!"," "," "," "," "," "," "," "," "]},"2893":{"keys":[202,196],"grid":[" "," "," "," "," "," "," ","!$ .","!' +","!) )","!, &","!","!","!","!","!"]}},"6817":{"2873":{"keys":[196,202],"grid":[" "," (!' $","!! !!/","!","!","!","!","!","!","!","!","!","!","!","!","!"]},"2894":{"keys":[196,202],"grid":[" #!( ("," #!% +"," #!# -"," #!! ."," "," "," "," "," "," "," "," "," "," "," "," "]},"2893":{"keys":[202,196],"grid":[" "," "," "," "," "," "," "," "," "," "," "," "," "," "," ","!! .!#"]}},"6816":{"2873":{"keys":[202,196],"grid":[" +!'"," ,!! !!$"," /!#"," "," "," "," "," "," "," "," "," "," "," "," "," "]},"2872":{"keys":[202,196],"grid":[" (!# #!&"," (!! !!("," +!'"," ,!&","03","03","03","02"," *!(","02","08","02"," (!*"," )!)","08","02"]},"2871":{"keys":[196,202],"grid":[" "," "," "," "," #!! .","!* (","!) )","06","06","06","!( *","06","!( #!! '","!+ '","!* !!! &","!, &"]},"2893":{"keys":[202,196],"grid":[" "," "," "," "," "," "," "," ","!* (","!+ '","09","!, &","!- %","!. $","!/ #","!"]}},"6745":{"2910":{"keys":[202,196],"grid":[" &!,"," %!-"," #!/"," !!0","!","!","!","!","!","!","!","!","!","!","!","!"]},"2853":{"keys":[202,196],"grid":[" %!-"," (!*"," +!! &"," "," "," "," "," "," "," "," "," "," "," "," "," "]},"2852":{"keys":[196,202],"grid":[" "," "," "," "," "," "," "," "," "," "," "," "," "," "," ","!! 0"]},"2909":{"keys":[202,196],"grid":[" "," "," "," "," "," "," 0!!","06"," /!#"," .!$"," -!%","10"," ,!&"," *!("," )!)"," (!*"]}},"6744":{"2910":{"keys":[202,196],"grid":[" "," "," "," "," 0!!","04"," /!#"," .!$"," -!%","08"," ,!&"," +!'"," *!(","12"," )!)"," (!*"]},"2911":{"keys":[202,196],"grid":[" (!*"," '!+","01"," &!,","03"," %!-","05"," $!."," #!/","08"," !!0","10","!","!","!","!"]},"2852":{"keys":[196,202],"grid":[" "," "," "," "," "," "," "," "," "," ","!! 0","!% -","!( *","!, &","!/ #","!"]}},"6747":{"2907":{"keys":[202,196],"grid":[" -!%","00"," ,!&"," +!'"," *!(","04"," )!)"," (!*"," '!+","08"," &!,"," %!-"," $!."," #!/","13"," !!0"]},"2852":{"keys":[196,202],"grid":[" "," "," "," "," "," "," "," 0!!"," -!%"," *!("," '!+"," $!.","!","!","!","!"]},"2908":{"keys":[196],"grid":[" "," "," "," "," "," "," "," "," "," "," "," "," "," "," "," "]},"2906":{"keys":[202,196],"grid":[" "," "," "," "," "," "," "," "," "," "," "," 0!!","11"," /!#","13"," .!$"]}},"6746":{"2853":{"keys":[196,202],"grid":[" %!-"," !!0","!","!","!","!","!","!","!","!","!","!","!","!","!","!"]},"2852":{"keys":[196,202],"grid":[" "," "," "," "," "," "," "," "," "," "," "," "," "," .!$"," +!'"," (!*"]},"2908":{"keys":[202,196],"grid":[" "," 0!!","01"," /!#"," .!$"," -!%","05"," ,!&"," +!'"," *!(","09"," )!)"," (!*"," '!+"," &!,","14"]},"2909":{"keys":[202,196],"grid":[" %!-"," $!."," #!/","02"," !!0","!","!","!","!","!","!","!","!","!","!","!"]}},"6741":{"2922":{"keys":[202,196],"grid":[" )!)"," (!*"," '!+"," &!,"," %!-"," $!."," #!/"," !!0","!","!","!","!","!","!","!","!"]},"2915":{"keys":[202,196],"grid":[" "," "," "," "," 0!!","04"," /!#","06"," .!$"," -!%","09"," ,!&","11","11","11","11"]},"2916":{"keys":[202,196],"grid":[" ,!&"," +!'","01","01","01","01"," *!(","06","06","06","06"," )!)","11","11","11","11"]},"2917":{"keys":[202,196],"grid":[" (!*","00","00","00","00"," '!+","05","05","05"," &!,","09","09"," %!-","12"," $!.","14"]},"2918":{"keys":[202,196],"grid":[" #!/","00"," !!0","02","02","02","02","02","00","00"," $!."," %!-"," '!+"," (!*"," )!)"," *!("]},"2919":{"keys":[202,196],"grid":[" *!("," +!'","01"," ,!&"," -!%","04"," .!$","06"," /!#","08","08","08","08","08","08","08"]},"2852":{"keys":[196,202],"grid":[" #!/","!","!","!","!","!","!","!","!","!","!","!","!","!","!","!"]},"2921":{"keys":[202,196],"grid":[" "," "," "," "," "," "," "," "," "," "," "," "," "," "," "," 0!!"]},"2920":{"keys":[202,196],"grid":[" 0!!","00","00","00","00","00","00","00"," "," "," "," "," "," "," "," "]},"2851":{"keys":[196,202],"grid":[" "," "," "," "," "," "," "," "," "," "," "," "," "," (!# ("," &!( %"," %!, !"]}},"6740":{"2922":{"keys":[202,196],"grid":[" "," "," "," "," "," "," "," "," "," 0!!"," /!#"," -!%"," ,!&"," +!'"," *!(","14"]},"2923":{"keys":[202,196],"grid":[" *!(","00","00","00","00","00","00","00"," )!)","08"," (!*","10"," '!+"," &!,"," %!-"," $!."]},"2852":{"keys":[196,202],"grid":[" "," "," 0!!"," .!$"," ,!&"," +!'"," )!)"," (!*"," &!,"," $!."," #!/","!","!","!","!","!"]},"2924":{"keys":[202,196],"grid":[" #!/"," !!0","!","!","!","!","!","!","!","!","!","!","!","!","!","!"]}},"6743":{"2911":{"keys":[202,196],"grid":[" "," "," "," "," "," "," "," "," "," "," "," "," "," "," 0!!"," /!#"]},"2912":{"keys":[202,196],"grid":[" /!#"," .!$","01"," -!%"," ,!&","04"," +!'","06"," *!("," )!)","09"," (!*","11"," '!+"," &!,","14"]},"2913":{"keys":[202,196],"grid":[" %!-","00"," $!.","02"," #!/"," !!0","05","!","!","!","!","!","!","!","!","!"]},"2852":{"keys":[196,202],"grid":[" "," "," "," "," ","!# /","!& ,","!) )","!, &","!/ #","!","!","!","!","!","!"]}},"6742":{"2913":{"keys":[202,196],"grid":[" "," "," "," "," "," "," "," "," "," 0!!"," /!#","10"," .!$","12"," -!%"," ,!&"]},"2914":{"keys":[202,196],"grid":[" ,!&"," +!'","01"," *!("," )!)","04"," (!*","06"," '!+"," &!,","09"," %!-","11"," $!."," #!/","14"]},"2915":{"keys":[202,196],"grid":[" !!0","00","!","!","!","!","!","!","!","!","!","!","!","!","!","!"]},"2921":{"keys":[202,196],"grid":[" !!0","00","00","00","00","00"," #!/","06","06","06","06","06","06","00","00","!"]},"2920":{"keys":[196,202],"grid":[" "," "," "," "," "," "," "," "," "," "," "," "," "," "," ","!! 0"]},"2852":{"keys":[202,196],"grid":[" #!/"," &!,"," *!("," -!%"," 0!!"," "," "," "," "," "," "," "," "," "," "," "]},"2851":{"keys":[196],"grid":[" "," "," "," "," "," "," "," "," "," "," "," "," "," "," "," "]}},"6749":{"2851":{"keys":[196,202],"grid":[" "," "," "," "," "," "," "," "," "," "," "," "," "," .!$"," +!'"," (!*"]},"2852":{"keys":[196,202],"grid":[" %!-"," !!0","!","!","!","!","!","!","!","!","!","!","!","!","!","!"]},"2904":{"keys":[202,196],"grid":[" "," "," 0!!"," -!%"," +!'"," (!*"," &!,"," %!-"," #!/"," !!0","09","!","!","!","!","!"]}},"6748":{"2852":{"keys":[196,202],"grid":[" "," "," /!#"," ,!&"," )!)"," &!,"," #!/","!","!","!","!","!","!","!","!","!"]},"2906":{"keys":[202,196],"grid":[" )!)"," (!*"," '!+","02"," &!,"," %!-"," $!."," #!/"," !!0","!","!","!","!","!","!","!"]},"2905":{"keys":[202,196],"grid":[" -!%","00"," ,!&","02","02","02"," +!'","06","06","06"," *!(","10","10","10","10"," )!)"]},"2904":{"keys":[202,196],"grid":[" "," "," "," "," "," "," "," "," "," "," "," "," 0!!"," .!$","13"," -!%"]}},"6783":{"2846":{"keys":[196,202],"grid":[" "," "," -!! $"," -!# #"," *!# !!# #"," )!$ #!# !"," )!% !!$"," (!*"," $!! $!*"," $!# #!*"," $!$ #!)"," !!0","!","!","!","!"]},"2891":{"keys":[202,196],"grid":[" "," "," "," "," "," "," "," "," "," "," "," "," "," "," "," 0!!"]},"2892":{"keys":[202,196],"grid":[" .!$"," -!%"," ,!&"," +!'","03","03","03"," *!("," )!)"," (!*"," '!+"," %!-"," $!."," !!0","!","!"]}},"6730":{"2929":{"keys":[202,196],"grid":[" "," "," "," "," "," "," "," "," "," "," "," "," "," "," 0!!"," /!#"]},"2855":{"keys":[202,196],"grid":[" )!)"," *!("," +!'"," ,!&"," -!%"," .!$"," /!#"," 0!!"," "," "," "," "," "," "," "," "]},"2854":{"keys":[196,202],"grid":[" "," "," "," "," "," "," "," "," ","!! 0","!# /","!$ .","!% -","!& ,","!' +","!( *"]},"2930":{"keys":[202,196],"grid":[" .!$"," -!%"," ,!&"," +!'"," *!("," )!)"," (!*"," '!+"," &!,"," %!-"," $!."," #!/"," !!0","!","!","!"]},"2829":{"keys":[202,196],"grid":[" "," "," "," "," "," "," "," "," "," "," 0!!"," /!#","11"," .!$","13","13"]},"2839":{"keys":[202,196],"grid":[" "," 0!!"," .!$"," ,!&"," *!("," (!*"," '!+"," %!-"," #!/","!","!","!","!","!","!","!"]},"2832":{"keys":[202,196],"grid":[" 0!!","00","00","00","00","00","00"," "," "," "," "," "," "," "," "," "]},"2831":{"keys":[202,196],"grid":[" /!#","00","00","00","00","00","00","00"," 0!!","08","08","08","08","08","08","08"]},"2830":{"keys":[202,196],"grid":[" .!$","00","00","00","00","00","00","00","00"," /!#","09","09","09","09","09","09"]}},"6731":{"2929":{"keys":[202,196],"grid":[" -!%"," ,!&"," +!'"," *!("," )!)"," (!*"," '!+"," &!,","07"," %!-"," $!."," #!/"," !!0","!","!","!"]},"2928":{"keys":[202,196],"grid":[" "," "," "," "," "," "," "," "," "," "," "," "," "," 0!!"," /!#"," .!$"]},"2827":{"keys":[202],"grid":[" "," "," "," "," "," "," "," "," "," "," "," "," "," "," "," "]},"2855":{"keys":[196,202],"grid":[" "," "," "," "," "," "," "," "," ","!! 0","!# /","!$ .","!% -","!& ,","!' +","!( *"]},"2856":{"keys":[202,196],"grid":[" )!)"," *!("," +!'"," ,!&"," -!%"," .!$"," /!#"," 0!!"," "," "," "," "," "," "," "," "]},"2828":{"keys":[202,196],"grid":[" 0!!","00"," /!#","02"," .!$"," -!%","05"," ,!&"," +!'","08"," *!(","10"," )!)"," (!*","13"," '!+"]},"2829":{"keys":[202,196],"grid":[" &!,","00"," %!-"," $!.","03"," #!/","05"," !!0","!","!","!","!","!","!","!","!"]},"2839":{"keys":[202,196],"grid":[" !!0","!","!","!","!","!","!","!","!","!","!","!","!","!","!","!"]},"2838":{"keys":[202,196],"grid":[" '!+","00","00","00","00","00","00","00","00","00","00","00","00","00"," %!-"," #!/"]},"2837":{"keys":[202,196],"grid":[" %!-"," &!,","01","01","01","01","01","01","01","01","01","01","01","01","01","01"]},"2836":{"keys":[202,196],"grid":[" $!.","00","00"," %!-","03","03","03","03","03","03","03","03","03","03","03","03"]},"2835":{"keys":[202,196],"grid":[" #!/","00","00","00"," $!.","04","04","04","04","04","04","04","04","04","04","04"]},"2834":{"keys":[202,196],"grid":[" !!0","00","00","00","00"," #!/","05","05","05","05","05","05","05","05","05","05"]},"2833":{"keys":[196,202],"grid":[" "," "," "," "," "," ","!! 0","06","06","06","06","06","06","06","06","06"]},"2832":{"keys":[196],"grid":[" "," "," "," "," "," "," "," "," "," "," "," "," "," "," "," "]}},"6732":{"2928":{"keys":[202,196],"grid":[" -!%"," ,!&"," +!'"," *!("," )!)"," (!*"," '!+"," &!,"," %!-"," $!."," #!/"," !!0","!","!","!","!"]},"2857":{"keys":[202,196],"grid":[" *!("," +!'"," ,!&"," -!%"," .!$"," /!#"," 0!!"," "," "," "," "," "," "," "," "," "]},"2856":{"keys":[196,202],"grid":[" "," "," "," "," "," "," "," ","!! 0","!# /","!$ .","!% -","!& ,","!' +","!( *","!) )"]},"2927":{"keys":[202,196],"grid":[" "," "," "," "," "," "," "," "," "," "," "," "," "," 0!!"," /!#"," .!$"]},"2826":{"keys":[202,196],"grid":[" "," "," "," "," "," "," "," 0!!"," /!#","08"," .!$","10"," -!%"," ,!&","13"," +!'"]},"2827":{"keys":[202,196],"grid":[" *!(","00"," )!)","02"," (!*"," '!+","05"," &!,"," %!-","08"," $!.","10"," #!/"," !!0","13","!"]}},"6782":{"2846":{"keys":[196,202],"grid":[" "," "," "," "," "," "," "," "," "," "," "," .!! #"," .!# !"," .!$"," *!("," '!! !!)"]},"2847":{"keys":[196,202],"grid":[" !!# #!,","00"," #!/"," $!.","!","!","!","!","!","!","!","!","!","!","!","!"]},"2893":{"keys":[202,196],"grid":[" .!$"," -!%"," ,!&"," +!'"," *!("," )!)"," '!+"," %!-"," $!."," !!0","!","!","!","!","!","!"]},"2892":{"keys":[202,196],"grid":[" "," "," "," "," "," "," "," "," "," "," "," "," "," "," "," 0!!"]}},"6734":{"2824":{"keys":[202,196],"grid":[" )!)"," (!*"," '!+","02"," &!,"," %!-","05"," $!.","07"," #!/"," !!0","10","!","!","!","!"]},"2858":{"keys":[196,202],"grid":[" .!$"," -!%"," ,!&","02"," +!'"," )!)","!! &!+","!","!","!","!","!","!","!","!","!"]},"2926":{"keys":[202,196],"grid":[" "," "," "," /!#"," ,!&"," )!)"," &!,"," #!/"," !!0","!","!","!","!","!","!","!"]},"2857":{"keys":[196,202],"grid":[" "," "," "," "," "," "," "," "," "," "," "," "," "," 0!!","13"," /!#"]},"2823":{"keys":[202,196],"grid":[" "," "," "," "," 0!!"," /!#","05"," .!$","07"," -!%"," ,!&","10"," +!'"," *!(","13"," )!)"]}},"6735":{"2925":{"keys":[202,196],"grid":[" "," "," "," "," "," "," "," "," "," "," "," "," /!#"," -!%"," +!'"," )!)"]},"2857":{"keys":[196,202],"grid":[" +!'"," *!("," )!)","02"," (!*"," '!+"," &!,"," %!-","07"," $!."," #!/"," !!0","!","!","!","!"]},"2926":{"keys":[202,196],"grid":[" '!+"," %!-"," !!0","!","!","!","!","!","!","!","!","!","!","!","!","!"]},"2856":{"keys":[196,202],"grid":[" "," "," "," "," "," "," "," "," "," "," 0!!"," /!#"," .!$"," -!%","13"," ,!&"]},"2821":{"keys":[202,196],"grid":[" "," "," "," "," "," "," "," "," "," "," 0!!","10"," /!#","12"," .!$"," -!%"]},"2822":{"keys":[202,196],"grid":[" -!%"," ,!&"," +!'","02"," *!(","04"," )!)"," (!*","07"," '!+"," &!,","10"," %!-"," $!.","13"," #!/"]},"2823":{"keys":[202,196],"grid":[" #!/"," !!0","!","!","!","!","!","!","!","!","!","!","!","!","!","!"]}},"6736":{"2817":{"keys":[202,196],"grid":[" /!#","00"," .!$","02"," -!%","04"," ,!&","06"," +!'","08"," *!(","10"," )!)","12","12","12"]},"2816":{"keys":[202,196],"grid":[" "," "," "," "," "," "," "," "," "," "," "," "," "," 0!!","13"," /!#"]},"2925":{"keys":[202,196],"grid":[" &!,","00","00","00","00","00"," %!-","06","06","06"," $!.","!","!","!","!","!"]},"2855":{"keys":[196,202],"grid":[" "," "," "," "," "," "," 0!!"," /!#","07"," .!$"," -!%"," ,!&"," +!'"," *!(","13"," )!)"]},"2819":{"keys":[202],"grid":[" "," "," "," "," "," "," "," "," "," "," "," "," "," "," "," "]},"2924":{"keys":[202,196],"grid":[" "," "," "," "," "," "," "," "," "," "," "," "," -!%"," (!*"," &!,","14"]},"2818":{"keys":[202,196],"grid":[" )!)"," *!(","01"," +!'","03"," ,!&","05"," -!%","07"," .!$","09"," /!#","11"," 0!!","13"," "]},"2856":{"keys":[196,202],"grid":[" (!*"," '!+"," &!,","02"," %!-"," $!."," #!/"," !!0","07","!","!","!","!","!","!","!"]},"2820":{"keys":[202,196],"grid":[" "," 0!!"," /!#","02"," .!$","04"," -!%"," ,!&","07"," +!'"," *!(","10"," )!)","12"," (!*"," '!+"]},"2821":{"keys":[202,196],"grid":[" '!+"," &!,"," %!-","02"," $!.","04"," #!/"," !!0","07","!","!","!","!","!","!","!"]}},"6737":{"2819":{"keys":[196,202],"grid":[" ","!! 0","01","!# /","03","!$ .","05","!% -","07","07","05","05","03","03","01"," "]},"2816":{"keys":[202,196],"grid":[" &!,","00"," %!-","02"," $!.","04","04"," #!/","07"," !!0","09","!","!","!","!","!"]},"2855":{"keys":[196,202],"grid":[" %!-"," $!."," #!/","02"," !!0","!","!","!","!","!","!","!","!","!","!","!"]},"2924":{"keys":[202,196],"grid":[" "," "," "," "," "," "," "," "," "," "," "," ","!( *","!+ '","!. $","!0 !"]},"2854":{"keys":[196,202],"grid":[" "," "," 0!!","02"," /!#"," .!$"," -!%"," ,!&","07"," +!'"," *!("," )!)"," (!*","12"," '!+"," &!,"]}},"6738":{"2853":{"keys":[196,202],"grid":[" "," "," "," "," "," "," /!#"," -!%"," ,!&"," *!("," (!*"," '!+"," %!-"," #!/"," !!0","14"]},"2925":{"keys":[196],"grid":[" "," "," "," "," "," "," "," "," "," "," "," "," "," "," "," "]},"2924":{"keys":[202,196],"grid":[" "," "," "," "," "," "," "," "," "," "," "," "," "," -!%"," *!("," '!+"]},"2854":{"keys":[196,202],"grid":[" !!0","!","!","!","!","!","!","!","!","!","!","!","!","!","!","!"]}},"6739":{"2853":{"keys":[196,202],"grid":[" )!)"," '!+"," &!,"," $!."," !!0","!","!","!","!","!","!","!","!","!","!","!"]},"2852":{"keys":[196,202],"grid":[" "," "," "," "," "," "," "," "," "," "," "," "," /!#"," .!$"," ,!&"," *!("]},"2924":{"keys":[202,196],"grid":[" "," "," "," "," 0!!"," /!#"," .!$"," -!%"," *!("," (!*"," &!,"," $!."," !!0","!","!","!"]}},"6793":{"2847":{"keys":[196,202],"grid":[" "," "," "," "," "," "," "," "," "," "," "," "," "," ","!. $","!/ #"]},"2891":{"keys":[202,196],"grid":[" "," "," "," "," "," ","!% -","!, &","!","!","!","!","!","!","!","!"]},"2848":{"keys":[202,196],"grid":[" /!#"," 0!!"," "," "," "," "," "," "," "," "," "," "," "," "," "," "]}},"6789":{"2847":{"keys":[196,202],"grid":[" "," "," "," '!& &"," $!+ $"," $!."," &!,","!! !!! #!,","!","!","!","!","!","!","!","!"]},"2890":{"keys":[202,196],"grid":[" "," "," ","!( *","!, &","!","!","!","!","!","!","!","!","!","!","!"]}},"6788":{"2847":{"keys":[196,202],"grid":[" "," "," "," "," ","!$ .","!% -","!' %!% #","!","!","!","!","!","!","!","!"]},"2889":{"keys":[202],"grid":[" "," "," "," "," "," "," "," "," "," "," "," "," "," "," "," "]},"2890":{"keys":[202,196],"grid":[" #!$ ,","!( *","!+ '","!","!","!","!","!","!","!","!","!","!","!","!","!"]}}}}