{"9":{"425":{"220":{"keys":[196,"",219],"grid":[" !!!","!","!","!!!#"]}},"417":{"223":{"keys":[196,1,218],"grid":[" "," "," "," 0!!","03","03"," /!#"," /!!#!","07"," (!# %!##!"," (!# &!#"," (!$ &!!"," "," "," "," "]}},"418":{"223":{"keys":[196,1,218],"grid":[" &!) $"," $!$#!!!#%!! $","!%#)!! $","!!#,!! $","#-!# #","#.!! #","05","05","05","05","!/ #","!! '!# ("," "," "," "," "]}},"427":{"218":{"keys":[196,"",219],"grid":["  !!","!","!","!!!#"]}},"426":{"219":{"keys":[196,"",219],"grid":["   !"," !!!","01","!!!#"]}}},"13":{"6694":{"3568":{"keys":[196,218],"grid":[" "," "," "," "," "," "," "," "," "," "," "," "," ","!$ .","13","!( !!)"]},"3578":{"keys":[218,196],"grid":[" "," "," "," "," "," "," "," "," "," "," "," "," "," "," ","!"]}},"6692":{"3569":{"keys":[196,218],"grid":[" "," "," "," "," "," 0!!"," $!! +!#"," #!$ !!$ %!$","!+ #!%","!","!","!","!","!","!","!"]},"3578":{"keys":[218,196],"grid":[" "," "," "," "," "," "," "," "," "," "," "," "," "," "," ","!"]}},"6689":{"3570":{"keys":[196,218],"grid":[" "," "," 0!!"," .!$"," -!%"," ,!&"," +!'"," *!("," )!)"," '!+"," &!,"," %!-"," $!."," #!/"," !!0","!"]},"3578":{"keys":[218,196],"grid":[" "," "," "," "," "," "," "," "," "," "," "," "," "," "," ","!"]}},"6697":{"3568":{"keys":[196,218],"grid":[" "," "," "," "," "," "," "," "," "," "," &!,","!","!","!","!","!"]},"3578":{"keys":[218,196],"grid":[" "," "," "," "," "," "," "," "," "," "," "," "," "," "," ","!"]}},"6696":{"3568":{"keys":[196,218],"grid":[" "," "," "," "," "," "," "," "," "," "," "," '!+"," $!."," !!0","!","!"]},"3579":{"keys":[218,196],"grid":[" '!+"," %!-"," !!0","!","!","!","!","!","!","!","!","!","!","!","!","!"]},"3578":{"keys":[218,196],"grid":[" "," "," "," "," "," "," "," "," "," "," "," "," "," "," "," *!("]}},"6693":{"3568":{"keys":[196,218],"grid":[" "," "," "," "," "," "," "," "," "," "," "," "," "," -!%"," ,!&"," *!("]},"3569":{"keys":[196,218],"grid":[" *!(","00","00"," )!)"," !!! !!% !!)","!","!","!","!","!","!","!","!","!","!","!"]},"3578":{"keys":[218,196],"grid":[" "," "," "," "," "," "," "," "," "," "," "," "," "," "," ","!"]}},"6688":{"3571":{"keys":[196,218],"grid":[" /!#"," -!%"," ,!&"," *!("," (!*"," '!+"," %!-"," #!/"," !!0","!","!","!","!","!","!","!"]},"3579":{"keys":[218,196],"grid":[" ,!&"," *!("," )!)","!% #!+","!","!","!","!","!","!","!","!","!","!","!","!"]},"3570":{"keys":[196,218],"grid":[" "," "," "," .!# !"," /!! !","04","04"," -!$ !"," -!# #"," "," "," "," "," "," "," "]},"3578":{"keys":[218,196],"grid":[" "," "," "," "," "," "," "," "," "," "," "," "," "," "," "," -!%"]}},"6701":{"3578":{"keys":[218,196],"grid":[" *!(","00","00","00","00","00","00","00","00","00","00","00","00","00","00","!"]},"3575":{"keys":[218,196],"grid":[" *!(","00","00","00","00","00","00","00","00","00","00","00","00","00","00","00"]},"3574":{"keys":[218,196],"grid":[" *!(","00","00","00","00","00","00","00","00","00","00","00","00","00","00","00"]},"3577":{"keys":[218,196],"grid":[" *!(","00","00","00","00","00","00","00","00","00","00","00","00","00","00","00"]},"3576":{"keys":[218,196],"grid":[" *!(","00","00","00","00","00","00","00","00","00","00","00","00","00","00","00"]},"3573":{"keys":[218,196],"grid":[" &!,","00"," '!+","02"," (!*","04"," )!)","06","06"," *!(","09","09","09","09","09","09"]},"3572":{"keys":[196,218],"grid":[" "," "," "," "," "," ","!! 0","06","!# /","08","08","!$ .","11","!% -","13","!& ,"]}},"6699":{"3568":{"keys":[196,218],"grid":[" "," "," "," "," "," "," "," "," "," "," ","!! 0","!","!","!","!"]},"3578":{"keys":[218,196],"grid":[" "," "," "," "," "," "," "," "," "," "," "," "," "," "," ","!"]}},"6698":{"3568":{"keys":[196,218],"grid":[" "," "," "," "," "," "," "," "," "," ","!$ .","!","!","!","!","!"]},"3578":{"keys":[218,196],"grid":[" "," "," "," "," "," "," "," "," "," "," "," "," "," "," ","!"]}},"6695":{"3568":{"keys":[196,218],"grid":[" "," "," "," "," "," "," "," "," "," "," "," "," "," "," /!#","!# +!%"]},"3569":{"keys":[218,196],"grid":[" $!' ("," %!% )"," &!$ )"," %!$ *"," "," "," "," "," "," "," "," "," "," "," "," "]},"3579":{"keys":[196,218],"grid":[" +!'"," -!%"," /!#"," "," "," "," "," "," "," "," "," "," "," "," "," "]},"3578":{"keys":[218,196],"grid":[" "," "," "," "," "," "," "," "," "," "," "," "," "," "," ","!) )"]}},"6700":{"3578":{"keys":[218,196],"grid":[" "," "," "," "," "," "," "," "," "," "," "," "," "," "," ","!"]},"3568":{"keys":[196,218],"grid":[" "," "," "," "," "," "," "," "," "," "," "," "," ","!! 0","!# /","!% -"]},"3569":{"keys":[218,196],"grid":[" &!,"," '!+"," (!*"," )!)","03","03","03","03","03","03","03","03","03","03","03","03"]},"3571":{"keys":[218,196],"grid":[" )!)","00","00"," *!(","03"," +!'","05","05"," ,!&","08"," -!%","10"," .!$","12","12"," /!#"]},"3570":{"keys":[218,196],"grid":[" )!)","00","00","00","00","00","00","00","00","00","00","00","00","00","00","00"]},"3572":{"keys":[218,196],"grid":[" /!#"," 0!!","01","01"," "," "," "," "," "," "," "," "," "," "," "," "]}},"6680":{"3577":{"keys":[196,220],"grid":[" "," "," "," "," "," ","!# /","06","06","!$ .","!% -","10","10","10","10","10"]},"3579":{"keys":[220,196],"grid":[" "," "," "," "," "," "," "," 0!!"," /!#"," .!$"," -!%"," ,!&"," +!'"," *!("," )!)"," $!."]},"3578":{"keys":[220,196],"grid":[" &!,"," '!+","01"," (!*"," )!)"," *!(","05"," +!'"," .!$","08"," /!#","10"," 0!!","12","12"," "]}},"6681":{"3579":{"keys":[196,220],"grid":[" "," ","!! 0","02","02","02"," "," "," "," "," "," "," "," "," "," "]}},"6691":{"3569":{"keys":[196,218],"grid":[" "," "," "," "," "," "," "," "," "," 0!!"," /!#","10"," .!$","12"," *!("," )!)"]},"3570":{"keys":[196,218],"grid":[" (!*","00","00","!$ $!+","!","!","!","!","!","!","!","!","!","!","!","!"]},"3578":{"keys":[218,196],"grid":[" "," "," "," "," "," "," "," "," "," "," "," "," "," "," ","!"]}},"6690":{"3570":{"keys":[196,218],"grid":[" ","!$ .","!% (!% !","!& &!'","!","!","!","!","!","!","!","!","!","!","!","!"]},"3578":{"keys":[218,196],"grid":[" "," "," "," "," "," "," "," "," "," "," "," "," "," "," ","!"]}},"6679":{"3577":{"keys":[196,220],"grid":[" "," "," "," "," -!$ !"," ,!&"," )!)"," *!(","07","07","07","07","06","06"," (!*","14"]},"3579":{"keys":[196,220],"grid":[" /!#","00","00","00"," ,!&","04","04","04","04"," -!%","00","00","00","00","00"," 0!!"]},"3578":{"keys":[196,220],"grid":[" '!+","00","00"," (!*","03","03"," )!)","06"," *!(","08"," +!'","10"," ,!&"," -!%","13"," .!$"]}},"6685":{"3577":{"keys":[196],"grid":[" "," "," "," "," "," "," "," "," "," "," "," "," "," "," "," "]}},"6686":{"3575":{"keys":[196,218],"grid":[" 0!!","00","00"," /!#","03","03"," .!$","06","06"," -!%","09","09"," ,!&","12"," +!'"," *!("]},"3574":{"keys":[196],"grid":[" "," "," "," "," "," "," "," "," "," "," "," "," "," "," "," "]},"3577":{"keys":[196,218],"grid":[" !!0","00","!","!","!","!","!","00","00"," #!/","09"," $!.","11","11"," %!-","14"]},"3576":{"keys":[196,218],"grid":[" (!*","00","00"," '!+","03"," &!,","05","05"," %!-","08"," $!.","10","10"," #!/","13"," !!0"]},"3578":{"keys":[196,218],"grid":[" &!,","00"," (!*"," )!)"," +!'"," ,!&"," -!%"," /!#"," 0!!"," "," "," "," "," "," "," "]}},"6687":{"3579":{"keys":[196,218],"grid":[" ,!&"," -!%"," "," "," "," "," "," "," "," "," "," "," "," "," "," "]},"3578":{"keys":[218,196],"grid":[" "," "," "," "," "," "," "," "," ","!! 0","!# /","!% -","!& ,","!( *","!) )","!* ("]},"3574":{"keys":[196,218],"grid":[" #!/","00","00","00","00","00","00","00","00","00"," !!0","10","10","!","!","!"]},"3571":{"keys":[196,218],"grid":[" "," "," "," "," "," "," "," "," "," 0!!"," .!$"," -!%"," +!'"," )!)"," (!*"," &!,"]},"3573":{"keys":[196,218],"grid":[" #!/","00","00","00","00","00","00","00","00","00","00","00","00","00","00","00"]},"3572":{"keys":[196,218],"grid":[" $!."," #!/","01","01","01","01","01","01","01","01","01","01","01","01","01","01"]}}}}