{"9":{"418":{"253":{"keys":[211,1,210],"grid":[" "," "," "," "," "," "," "," "," "," "," "," "," 0!!"," +!$ #!!"," !!!!!  !!!#!! !","!##$!%#%!$"]},"250":{"keys":[211,1,222],"grid":[" -!###"," .!##!"," /!#"," 0!!","03"," "," "," "," "," "," "," "," "," "," "," "]},"249":{"keys":["",222,211,1],"grid":[" -!%","00","00","00","#% %!)","#%!-","#%$!!,","#%$$!*","#'$#!)","#($#!(","#)$!!(","#)$#!'","#*$!!'","12","#*$%!$","#+$$!$"]}},"419":{"252":{"keys":[211,1,210],"grid":[" ,!!#%"," +!##%","01","01"," +!%##"," .!!##"," .!##!"," ,!%#!","01"," *!##&"," (!$#'"," (!!#)"," %!%#)"," %!!#,"," $!##,","14"]},"253":{"keys":[211,1,210],"grid":[" %!!#,"," %!##+"," &!!#+","02","02"," #!%#+"," !!##."," #!!#.","06"," !!!#/","09","!##/","!!#0","#","#","#"]},"250":{"keys":[222,1,211],"grid":[" %!!#,","00"," $!##,"," #!##-","!$#.","#","#","#","#","#","#","#","#","#","#","#"]},"251":{"keys":[211,1,210],"grid":[" "," "," "," "," "," "," "," "," "," "," /!#","10"," .!##!"," -!###"," ,!##$"," +!##%"]},"249":{"keys":[222,1,211],"grid":[" )!$ !!!#$"," )!$ !!###"," &!& $!##!"," $!$#$!! %!!#!"," $!!#&!! %!!#!"," $!##%!! %!!#!"," %!!#%!! %!#"," %!!#%!# %!!"," %!!#&!! $!#"," %!!#&!! %!!"," %!##%!! %!!"," &!##$!# $!!"," &!##%!% !"," &!!#)!#"," %!##+","14"]},"248":{"keys":["",211,222,1],"grid":[" -!%","00","00","00"," )!)","04","04","04"," +!'","08"," ,!&"," *##$!!%","#,$#!$","#-$!!$","13","13"]}},"416":{"253":{"keys":[211,1,210],"grid":[" "," "," "," "," "," "," "," "," "," "," "," )!# '","!. $","#-!! $","#,!# $","#+!'"]},"254":{"keys":[210,1],"grid":[" 0!!"," "," "," "," "," "," "," "," "," "," "," "," "," "," "," "]}},"417":{"253":{"keys":[211,1],"grid":[" "," "," "," "," "," "," "," "," "," "," "," "," "," "," "," 0!!"]},"254":{"keys":[1,211,210],"grid":[" %!+ #","#$ #!) ##!","#% '!# ###","#* %#$","#* ##&","#","#","#","#","#","#","#","#","#","#","#"]}},"421":{"249":{"keys":[211,1,210],"grid":[" "," "," "," "," "," "," "," "," "," "," "," "," $!' #!$ !!!","!%#%!%#!!$","!##(!##&","#"]}},"420":{"250":{"keys":[211,1,210],"grid":[" )!##'"," )!!#("," (!##("," (!!#)","03"," '!##)"," &!##*","06"," '!!#*","08","08","06"," &!!#+","12","06","08"]},"251":{"keys":[211,1,210],"grid":[" '!!#*"," &!$#)","01"," &!!#+"," %!##+"," %!!#,","05","04","04","05","05","!&#,","!!#0","#","#","#"]},"249":{"keys":[211,1,210],"grid":[" "," "," "," "," "," "," "," "," "," "," ","!! 0","!! ,!$ !","!# +!!#!!#"," ,!##$"," *!$#%"]}},"423":{"245":{"keys":[221,1],"grid":[" "," "," "," "," "," "," ","!! 0","07","07","07","!# /","11","07","07","07"]},"250":{"keys":[1,211,210],"grid":[" %!$ *","#$ &#)","#","#","#","#","#","#","#","#","#","#","#","#","#","#"]},"246":{"keys":[221,1,211],"grid":[" "," "," ","!! 0","!$ .","##!# -","#$!# ,","#%!$ *","#'!# )","#(!# (","#)!# '","#*!# &","#+!! &","12","12","12"]},"249":{"keys":[211,1],"grid":[" "," "," "," "," "," "," "," "," "," "," "," "," "," "," ","!! 0"]},"247":{"keys":[211,1,221],"grid":[" +!!#&"," +!##%"," ,!$##"," .!$"," 0!!"," "," "," "," "," "," "," "," "," "," "," "]}},"422":{"245":{"keys":[221,211,"",1],"grid":[" "," "," "," ","!%## #$$ &","!($#!#$# $","!.$$","!0$!","!","!","!","!","!","!","!","07"]},"246":{"keys":[211,1],"grid":[" 0!!","00","00","00"," "," "," "," "," "," "," "," "," "," "," "," "]},"249":{"keys":[211,1,210],"grid":[" "," "," "," "," "," "," "," "," "," "," "," ","!# !!$ &!# $","#!!$#!!* #","#.!$","#0!!"]}},"425":{"247":{"keys":[221,1,211],"grid":[" "," "," "," "," "," "," "," "," "," "," "," ","!! 0","!$ .","##!$ ,","#%!$ *"]},"249":{"keys":[211,1,221,210],"grid":[" %!$#*","!&#,","#","#","#","#","#","#","#","#","!!#0","!$#.","$#!##,!!","$$!$#)!#","$&!##&!$$!","$'!($$"]},"248":{"keys":[211,1,221],"grid":[" (!$#'"," *!$#%"," ,!##$"," -!!#$"," -!###"," .!!##","05","05","05","05","05","05"," ,!$##"," +!##%"," )!$#&"," '!$#("]}},"424":{"250":{"keys":[1,210],"grid":[" #!/","!","!","!","!","!","!","!","!","!","!","!","!","!","!","!"]},"249":{"keys":[211,1,221,210],"grid":[" "," 0!!"," ,!%#!"," +!##%"," +!!#&","03"," ,!##$"," -!###"," .!$","01","01"," -!%"," +!$$$"," )!$$&"," &!%$("," !!&$+"]},"247":{"keys":[221,1,211],"grid":[" "," "," "," ","!! 0","#!!# .","#$!# ,","#%!$ *","#'!$ (","#)!$ &","#+!$ $","#-!$ !","#/!#","#","#","#"]}},"427":{"249":{"keys":[221,210,"",1],"grid":[" )!)"," '##!)"," %#%!)","$#!/","!","!","!","!","!","!","!","!","!","!","!","!"]}},"426":{"249":{"keys":[221,1,210,""],"grid":[" "," "," "," 0!!"," .!$"," ,!$##"," +!##%"," +#'"," )#)"," ($!#)"," &$$#)"," !!##.","!##/","#","#","#"]}}},"13":{"6723":{"4027":{"keys":[211,210],"grid":[" "," +!'"," !!0","!","!","!","!","!","!","!","!","!","!","!","!","!"]}},"6722":{"4027":{"keys":[211,210],"grid":[" "," "," "," ,!&"," )!)"," '!+"," %!-"," $!."," #!/","!","!","!","!","!","!","!"]}},"6721":{"3997":{"keys":[211,222],"grid":[" ","!! 0","01","01","01","01","01","01"," "," "," "," "," "," "," "," "]},"4027":{"keys":[211,210],"grid":[" "," "," "," "," "," "," "," "," "," "," 0!!"," /!#"," .!$","!! *!'","!","!"]}},"6720":{"3997":{"keys":[222,211],"grid":[" "," "," "," "," "," "," "," "," "," 0!!","!$ +!$","!","!","!","!","!"]},"4027":{"keys":[211,210],"grid":[" "," "," "," "," "," "," "," "," "," "," "," "," "," )!)","!! '!*","!# %!+"]},"3995":{"keys":[211,222],"grid":[" "," "," "," "," "," "," "," "," "," "," "," "," ","!! 0","!# /","!$ ."]},"4028":{"keys":[210],"grid":[" "," "," "," "," "," "," "," "," "," "," "," "," "," "," "," "]},"3996":{"keys":[222,211],"grid":[" %!-"," &!,","01"," '!+"," (!*"," )!)"," *!("," +!'"," ,!&"," -!%","09"," .!$"," /!#"," 0!!","13"," "]}},"6727":{"4018":{"keys":[211,210],"grid":[" !!0","!","!","!","!","!","!","!","!","!","!","!","!","!","!","!"]},"4004":{"keys":[211,210],"grid":[" -!%"," ,!&","01"," +!'","03"," *!(","05","05"," )!)","08","08"," (!*","11"," '!+","13","13"]},"4002":{"keys":[211,210],"grid":[" "," "," "," "," "," 0!!","05"," /!#","07","07","05","05","05","05","05","05"]},"4003":{"keys":[211,210],"grid":[" 0!!","00","00","00","00"," /!#","05","05","05","05"," .!$","10","10","10"," -!%","14"]},"4017":{"keys":[210,211],"grid":[" "," ","!! 0","!# /","03","03","03","03","!$ .","08","08","08","08","08","08","03"]},"4005":{"keys":[211,210],"grid":[" &!,","00","00"," %!-","03"," $!.","05"," #!/"," !!0","08","!","!","!","!","!","!"]}},"6726":{"4008":{"keys":[211,210],"grid":[" /!#","00","00"," 0!!","03","03","03","00","00","00","00","00"," .!$","12"," -!%","14"]},"4009":{"keys":[211,210],"grid":[" -!%"," ,!&","01","01","01","01"," +!'","06","06"," *!(","09","09","09"," )!)","13","13"]},"4018":{"keys":[210,211],"grid":[" )!)"," *!("," "," "," "," "," "," "," "," "," "," "," "," "," "," "]},"4011":{"keys":[211,210],"grid":[" #!/","00","00","00"," !!0","04","04","04","!","!","!","!","!","!","!","!"]},"4010":{"keys":[211,210],"grid":[" )!)"," (!*","01","01","01"," '!+","05","05"," &!,","08"," %!-","10"," $!.","12","12","12"]},"4017":{"keys":[211,210],"grid":[" 0!!"," "," "," "," "," "," "," "," "," "," "," "," "," "," "," !!& +"]},"4005":{"keys":[211,210],"grid":[" "," "," "," "," "," "," "," "," "," "," "," 0!!","11"," /!#"," .!$"," -!%"]},"4006":{"keys":[211,210],"grid":[" -!%"," ,!&"," +!'"," )!)"," (!*"," &!,"," #!/","!","!","!","!","!","!","!","!","!"]},"4007":{"keys":[210,211],"grid":[" "," "," "," "," "," "," "," ","!# /","!% -","!( *","!+ '","!- %","!. $","13","!/ #"]},"4015":{"keys":[211,210],"grid":[" )!)","00"," *!(","02","02","02","02","02","02","02","02","02","02","02","02","02"]},"4014":{"keys":[210,211],"grid":[" "," "," "," ","!! 0","04","!# /","06","!$ .","!% -","09","!& ,","!' +","12","!( *","!) )"]},"4016":{"keys":[211,210],"grid":[" *!(","00","00","00","00","00","00","00","00"," +!'","09"," ,!&","11"," -!%"," .!$"," /!#"]}},"6725":{"4019":{"keys":[211,210],"grid":[" *!("," )!)","01","01"," (!*","04","04"," '!+","07","07"," &!,","10","10"," %!-","13"," $!."]},"4018":{"keys":[211,210],"grid":[" "," 0!!"," /!#","02","02"," .!$","05"," -!%","07"," ,!&","09","09"," +!'","12"," *!(","14"]},"4013":{"keys":[211,210],"grid":[" /!#","00","00","00","00","00","00","00","00","00","00","00","00","00"," 0!!","14"]},"4012":{"keys":[211,210],"grid":[" 0!!","00","00","00","00","00"," /!#","06","06","06","06","06","06","06","06","06"]},"4011":{"keys":[211],"grid":[" "," "," "," "," "," "," "," "," "," "," "," "," "," "," "," "]},"4017":{"keys":[211],"grid":[" "," "," "," "," "," "," "," "," "," "," "," "," "," "," "," "]},"4006":{"keys":[211,210],"grid":[" "," "," "," "," "," "," "," "," /!#"," .!$"," -!%","10","10","10","10","10"]},"4014":{"keys":[211,210],"grid":[" 0!!","00","00"," "," "," "," "," "," "," "," "," "," "," "," "," "]},"4024":{"keys":[211,210],"grid":[" (!*","00"," '!+"," &!,"," %!-"," $!."," #!/","!","!","!","!","!","!","!","!","!"]},"4023":{"keys":[210,211],"grid":[" "," "," "," "," "," "," "," "," "," "," ","!$ .","!' +","!( *","13","13"]},"4020":{"keys":[211,210],"grid":[" $!."," #!/","01","01","01"," !!0","05","05","!","!","!","!","!","!","!","!"]},"4007":{"keys":[211,210],"grid":[" -!%","00","00"," .!$","03"," /!#"," 0!!"," "," "," "," "," "," "," "," "," "]}},"6724":{"4026":{"keys":[211,210],"grid":[" %!-","00","00","00","00","00","00","00","00","00"," $!.","10","10"," #!/","13"," !!0"]},"4027":{"keys":[210],"grid":[" "," "," "," "," "," "," "," "," "," "," "," "," "," "," "," "]},"4024":{"keys":[211,210],"grid":[" "," "," "," "," "," "," "," "," 0!!"," /!#"," .!$"," -!%"," ,!&"," +!'"," *!("," )!)"]},"4025":{"keys":[211,210],"grid":[" (!*","00"," '!+","02"," &!,","04","04"," %!-","07","07","07","07","07","07","07","07"]},"4022":{"keys":[211,210],"grid":[" .!$","00","00","00"," -!%","04","04"," ,!&","07"," +!'","09","09","09"," *!(","13"," )!)"]},"4023":{"keys":[211,210],"grid":[" )!)","00","00","00","00","00","00","00"," *!("," ,!&"," .!$"," "," "," "," "," "]},"4020":{"keys":[211,210],"grid":[" "," "," "," "," "," "," "," "," "," "," "," "," 0!!","12","12","12"]},"4021":{"keys":[211,210],"grid":[" 0!!"," /!#","01","01","01","01","01","01","01"," .!$","09","09","09","09","09","09"]}},"6729":{"4000":{"keys":[211,210],"grid":[" .!$"," -!%"," ,!&"," +!'"," *!("," )!)"," '!+"," %!-"," #!/","!","!","!","!","!","!","!"]},"3999":{"keys":[211,210],"grid":[" "," "," "," "," "," "," "," "," "," "," "," "," 0!!","12"," /!#"," .!$"]}},"6728":{"4000":{"keys":[211,210],"grid":[" "," "," "," "," "," "," "," "," "," 0!!"," .!$"," ,!&"," +!'"," *!(","13"," )!)"]},"4001":{"keys":[211,210],"grid":[" (!*","00","00"," '!+","03","03","03","03","03","03"," &!,","10","10","10"," %!-","14"]},"4002":{"keys":[211,210],"grid":[" $!.","00"," #!/"," !!0","!","!","!","!","!","!","!","!","!","!","!","!"]}},"6718":{"4026":{"keys":[211,210],"grid":[" "," "," "," "," "," "," "," "," "," "," "," "," 0!!"," /!#"," .!$","14"]},"4027":{"keys":[211,210],"grid":[" -!%"," ,!&","01"," +!'","03"," *!(","05","05","05"," )!)","09"," (!*","11"," '!+","13","13"]},"3988":{"keys":[222,211],"grid":[" &!,"," '!+"," (!*","02","02"," )!)","05","05","05","05","05","05","05","05","05","05"]},"3989":{"keys":[222,211],"grid":[" *!("," +!'"," ,!&"," -!%"," .!$"," /!#","05","05","05","05","05","04","04","04","04","04"]},"4038":{"keys":[210,211],"grid":[" "," "," ","!# /","!$ .","!% -","05","!& ,","07","05","05","05","04","04","03","!! 0"]},"4039":{"keys":[210],"grid":[" "," "," "," "," "," "," "," "," "," "," "," "," "," "," "," "]},"3996":{"keys":[222,211],"grid":[" "," "," "," "," "," "," "," "," "," "," "," ","!$ .","!% -","!& ,","!( *"]},"3986":{"keys":[211,222],"grid":[" "," "," "," "," "," "," "," "," "," "," "," "," ","!! 0","13","13"]},"3987":{"keys":[222,211],"grid":[" !!0","00","00","!","!","!","!","00","00","00","00"," #!/","11"," $!."," %!-"," &!,"]},"3997":{"keys":[211,222],"grid":[" )!)"," *!("," ,!&"," "," "," "," "," "," "," "," "," "," "," "," "," "]},"3992":{"keys":[222],"grid":[" "," "," "," "," "," "," "," "," "," "," "," "," "," "," "," "]},"4028":{"keys":[211,210],"grid":[" &!,","00","00"," %!-"," $!.","04"," #!/"," !!0","!","!","!","!","!","!","!","!"]},"3990":{"keys":[222,211],"grid":[" /!#","00"," 0!!"," "," "," "," "," "," "," "," "," "," "," "," "," "]}},"6719":{"4026":{"keys":[211,210],"grid":[" "," "," "," "," "," "," "," "," "," "," $!# ,","!( *","!) )","!* (","13","!+ '"]},"4027":{"keys":[210,211],"grid":[" +!'"," ,!&","01"," -!%","03","03"," .!$","06","06"," /!#"," 0!!","10","10"," "," "," "]},"3997":{"keys":[222,211],"grid":[" "," "," ","!' +","!( *","!* (","!+ '","!- %","!/ #","!","!","!","!","!","!","!"]},"3995":{"keys":[222,211],"grid":[" &!,"," '!+","01"," )!)"," *!("," +!'"," ,!&","06"," -!%"," .!$"," /!#"," 0!!"," "," "," "," "]},"3994":{"keys":[222,211],"grid":[" $!.","00","00","00","00","00","00","00","00","00","00","00","00"," %!-","13","13"]},"3993":{"keys":[222,211],"grid":[" !!0"," #!/","01","01"," $!.","04","04","04","04","04","04","04","04","04","04","04"]},"3992":{"keys":[211,222],"grid":[" "," "," "," "," "," "," "," "," "," "," "," "," ","!! 0","13","13"]},"3991":{"keys":[222,211],"grid":[" &!,","00","00","00","00"," %!-","05","05"," $!.","08"," #!/","10","10"," !!0","13","13"]},"3990":{"keys":[211,222],"grid":[" "," "," "," "," ","!! 0","05","!# /","!$ .","08","!% -","10","!& ,","12","12","12"]}},"6716":{"4039":{"keys":[211,210],"grid":[" "," "," "," "," "," "," "," "," %!-"," $!.","!","!","!","!","!","!"]},"4030":{"keys":[210],"grid":[" "," "," "," "," "," "," "," "," "," "," "," "," "," "," "," "]},"3996":{"keys":[222,211],"grid":[" "," "," "," "," "," ","!' +","!( *","!+ '","!, &","!. $","!/ #","!","!","!","!"]},"4036":{"keys":[210,211],"grid":[" "," "," "," "," "," "," "," "," ","!$ .","!' +","!. $","!0 !","!","!","!"]},"3984":{"keys":[222,211],"grid":[" #!/"," $!.","01","01","01","01","01","01","01","01","01","01","01"," %!-"," &!,"," '!+"]},"3985":{"keys":[222,211],"grid":[" )!)"," +!'"," -!%"," /!#"," "," "," "," "," "," "," "," "," "," "," "," "]},"3983":{"keys":[211,"",222],"grid":[" "," "," "," "," "," "," "," ","!# /","!! 0","09","#! 0","11","## /","13","13"]},"3980":{"keys":[211,222,""],"grid":[" "," "," "," "," "," "," "," "," "," "," "," ","!!#! /","!!## .","!##! .","14"]},"3981":{"keys":[222,211,""],"grid":[" %!-","00","00","00"," %##!+","04"," &#!!+"," &##!*"," '#!!*","08"," (#!!)","10"," )!)","12","12","12"]},"3982":{"keys":[222,211,""],"grid":[" )!)","00","00","00","00","00","00","00"," (#!!)"," &##!*"," %#$!*"," %##!+","#%!-","12","12","12"]},"4029":{"keys":[211,210],"grid":[" 0!!"," /!#"," -!%"," ,!&"," *!("," )!)"," (!*"," '!+"," &!,"," %!-"," $!."," #!/","11"," !!0","13","!"]}},"6717":{"3985":{"keys":[211,222],"grid":[" "," "," "," "," ","!! 0","!# /","!$ .","07","!% -","09","!& ,","11","11","!' +","!( *"]},"4036":{"keys":[210,211],"grid":[" "," "," "," "," "," "," "," "," "," "," "," "," ","!! 0","!# /","!$ ."]},"4037":{"keys":[211,210],"grid":[" %!-"," &!,"," '!+"," (!*"," )!)","04"," *!(","06","06"," +!'","09"," ,!&","11"," -!%","13","13"]},"4038":{"keys":[211,210],"grid":[" .!$"," /!#"," 0!!"," "," "," "," "," "," "," "," "," "," "," "," "," "]},"4039":{"keys":[211,210],"grid":[" "," 0!!","01"," /!#"," -!%"," +!'"," (!*"," $!.","!","!","!","!","!","!","!","!"]},"3996":{"keys":[222,211],"grid":[" "," "," "," "," "," "," "," "," "," "," "," ","!# )!'","!","!","!"]},"3986":{"keys":[222,211],"grid":[" )!)","00"," *!("," +!'"," ,!&"," -!%"," .!$"," /!#"," 0!!","08"," "," "," "," "," "," "]},"4028":{"keys":[211,210],"grid":[" "," "," "," "," "," "," "," "," 0!!"," -!%"," +!'"," )!)"," '!+"," %!-"," #!/"," !!0"]},"4029":{"keys":[210],"grid":[" "," "," "," "," "," "," "," "," "," "," "," "," "," "," "," "]}},"6714":{"4040":{"keys":[211,210],"grid":[" "," "," "," "," "," "," "," "," "," "," "," "," "," 0!!","13"," .!$"]},"4041":{"keys":[211,210],"grid":[" )!)"," (!*"," '!+"," &!,","03"," %!-"," $!."," #!/"," !!0","!","!","!","!","!","!","!"]},"4031":{"keys":[211,210],"grid":[" "," "," "," "," "," "," "," 0!!"," /!#","08","08","07"," "," "," "," "]},"4033":{"keys":[211,210],"grid":[" "," "," "," "," "," "," "," "," "," "," "," "," "," "," /!#"," .!$"]},"4035":{"keys":[211,210],"grid":[" "," "," "," "," "," "," "," "," "," "," "," "," "," "," 0!!"," /!#"]},"4034":{"keys":[211,210],"grid":[" .!$","00","00","00","00","00","00"," /!#","07"," 0!!","09"," "," "," "," "," "]},"4036":{"keys":[211,210],"grid":[" /!#"," .!$","01","01"," -!%","04","04","04","04","01","01","00"," 0!!"," "," "," "]},"3984":{"keys":[222,"",211],"grid":[" %!% )","00","00","00","00","00","00","00","00","00","00","00"," #!' )","##!' )","13","13"]},"3985":{"keys":[211,"",222],"grid":[" !!$#-","00"," !!##."," !#0","#","#","#","#","#","#","#","#","#","#","#","#"]},"3995":{"keys":[211,222],"grid":[" /!#","00"," 0!!","02","02","02","02","02"," "," "," "," "," "," "," "," "]},"3994":{"keys":[211,222],"grid":[" .!$","00","00","00","00","00","00","00","00","00","00"," /!#","11","11","11","11"]},"3993":{"keys":[211,222],"grid":[" +!'","00"," ,!&","02","02","02"," -!%","06","06","06","06","06","06","06","06"," .!$"]},"3992":{"keys":[211,222],"grid":[" '!+","00","00"," (!*","03","03"," )!)","06","06","06"," *!(","10","10","10"," +!'","14"]},"3991":{"keys":[222,211],"grid":[" "," "," ","!! 0","03","!# /","05","!$ .","07","07","!% -","10","10","!& ,","13","13"]}},"6715":{"4040":{"keys":[211,210],"grid":[" (!*"," '!+"," &!,"," %!-","03","03"," $!.","06"," #!/","08"," !!0","10","!","!","!","!"]},"4039":{"keys":[211,210],"grid":[" "," "," "," "," "," "," "," "," "," "," "," /!#"," -!%"," ,!&"," *!("," )!)"]},"4031":{"keys":[211,210],"grid":[" +!'"," *!("," )!)"," '!+"," &!,"," $!."," !!0","!","!","!","!","!","!"," #!/","05","03"]},"4030":{"keys":[211,210],"grid":[" "," "," "," "," "," 0!!","05","05","05","05","05"," /!#"," .!$","12"," -!%"," ,!&"]},"4033":{"keys":[211,210],"grid":[" .!$","00","00"," -!%","03","03","03"," ,!&","07"," +!'","09"," *!("," (!*","!","!","!"]},"4032":{"keys":[211,210],"grid":[" (!*"," *!("," +!'"," ,!&","03"," -!%","05"," .!$","07","07","07","07","07","07","07","07"]},"4035":{"keys":[211,210],"grid":[" #!/","00","00","00","00","00","00","00","00","00"," !!0","10","!","!","!","!"]},"4034":{"keys":[210,211],"grid":[" "," "," "," "," "," "," "," "," "," "," "," "," ","!! 0","13","!# /"]},"4036":{"keys":[210,211],"grid":[" "," "," "," "," "," "," "," "," "," .!$"," -!%"," ,!&"," *!(","!! (!)","!","!"]},"3979":{"keys":["",211,222],"grid":[" !!!","  !!","01","# !!"]},"3996":{"keys":[211,222],"grid":[" #!/","00","00"," $!."," &!,"," )!)"," "," "," "," "," "," "," "," "," "," "]},"3995":{"keys":[222,211],"grid":[" "," "," "," "," "," "," "," "," "," "," "," "," ","!! 0","13","13"]},"3980":{"keys":[222,211,""],"grid":[" -!%","00","00","00"," -#$!!"," .##!!"," /##"," 0#!"," "," "," "," "," "," "," "," "]}},"6712":{"3984":{"keys":[222,211],"grid":[" "," "," "," "," "," "," "," "," "," "," "," 0!!"," .!$"," -!%","13"," ,!&"]},"3985":{"keys":[222,211],"grid":[" +!'","00","00"," ,!&","03"," -!%","03"," *!("," )!)","08","07","00","00","07","07","08"]},"3986":{"keys":[222,211],"grid":[" (!*","00"," '!+","02"," &!,","04","!# #!-","!","!","!","!","!","!","!","!","!"]},"4042":{"keys":[211,210],"grid":[" ","!! 0","!% -","!( *","!- !!$","!","!","!","!","!","!","!","!","!","!","!"]}},"6713":{"4041":{"keys":[211,210],"grid":[" "," "," "," "," "," "," "," "," "," "," /!#"," -!%"," +!'"," *!("," )!)"," (!*"]},"4042":{"keys":[211,210],"grid":[" '!+"," %!-"," $!."," !!0","!","!","!","!","!","!","!","!","!","!","!","!"]},"3988":{"keys":[211,222],"grid":[" &!,","00","00"," '!+","03","03","03","03"," (!*","08","08","08"," )!)","12","12","12"]},"3989":{"keys":[211,222],"grid":[" )!)","00","00","00","00","00","00","00","00","00","00","00","00","00"," *!(","14"]},"3984":{"keys":[222,211],"grid":[" "," "," "," "," "," "," "," '!# )"," $!& )"," #!( (","!* (","10","10","!+ '","!","!"]},"3985":{"keys":[211,222],"grid":[" "," "," "," "," "," "," 0!!"," /!#"," .!$","08","08","08","08","08","08"," -!%"]},"3986":{"keys":[211,222],"grid":[" -!%","00"," ,!&","02"," +!'"," *!(","05"," )!)","07","07","05","05","05","05","04","04"]},"3987":{"keys":[211,222],"grid":[" +!'","00","00","00","00"," *!(","05","05"," )!)","08"," (!*","10","10"," '!+","13","13"]},"3991":{"keys":[211],"grid":[" "," "," "," "," "," "," "," "," "," "," "," "," "," "," "," "]},"3990":{"keys":[211,222],"grid":[" *!("," +!'","01","01"," ,!&","04","04"," -!%","07"," .!$","09","09"," /!#","12"," 0!!","14"]}},"6710":{"4044":{"keys":[211,210],"grid":[" "," ","!( (!#","!","!","!","!","!","!","!","!","!","!","!","!","!"]},"3996":{"keys":[222,211],"grid":[" #!/","00"," !!0","02","02","02","!","!","!","!","!","!","!","!","!","!"]},"3986":{"keys":[222,211],"grid":[" "," "," "," "," "," "," "," "," "," "," 0!!"," '!+","!","!","!","!"]},"3995":{"keys":[211,222],"grid":[" "," "," "," ","!! 0","04","04","!# /","07","07","07","07","07","07","07","07"]}},"6711":{"4044":{"keys":[211,210],"grid":[" '!+"," #!/","!","!","!","!","!","!","!","!","!","!","!","!","!","!"]},"3986":{"keys":[222,211],"grid":[" "," "," "," "," "," "," 0!!"," /!#"," +!'"," '!+","!","!","!","!","!","!"]},"4042":{"keys":[211,210],"grid":[" "," "," /!#"," .!$"," -!%"," ,!&","05"," +!'","07"," *!(","09","09","09","09","09","07"]},"4043":{"keys":[211,210],"grid":[" +!'"," ,!&","01"," -!%"," .!$","04","04","04","04","04","04","03","03","01","00"," )!)"]}},"6796":{"3962":{"keys":[221,211],"grid":[" "," "," "," "," "," "," "," "," "," "," ","!# /","!% -","!( *","!* (","!, &"]},"3963":{"keys":[211,221],"grid":[" .!$"," 0!!"," "," "," "," "," "," "," "," "," "," "," "," "," "," "]},"3996":{"keys":[211,210],"grid":[" -!%"," +!'"," (!*"," &!,"," #!/","!","!","!","!","!","!","!","!","!","!","!"]},"3995":{"keys":[211,210],"grid":[" "," "," "," "," "," "," "," "," "," "," "," "," "," "," "," /!#"]},"3986":{"keys":[211,221],"grid":[" "," "," "," /!#"," %!-","!","!","!","!","!","!","!","!","!","!","!"]},"3991":{"keys":[211,221],"grid":[" *!("," +!'"," ,!&"," -!%"," .!$"," /!#"," 0!!","06"," "," "," "," "," "," "," "," "]},"3990":{"keys":[221,211],"grid":[" "," "," "," "," "," ","!! 0","06","!# /","!$ .","!% -","!& ,","!' +","!( *","!) )","14"]}},"6797":{"3963":{"keys":[221,211],"grid":[" "," ","!! 0","!$ .","!& ,","!( *","!* (","!, &","!. $","!0 !","!","!","!","!","!","!"]},"3986":{"keys":[211,221],"grid":[" "," "," )!)","!","!","!","!","!","!","!","!","!","!","!","!","!"]},"3995":{"keys":[211,210],"grid":[" "," "," "," "," "," "," "," "," 0!!"," .!$"," +!'"," )!)"," &!,"," $!."," !!0","!"]},"3991":{"keys":[221,211],"grid":[" "," "," "," "," "," "," "," ","!! 0","!# /","!% -","!' +","!( *","!* (","!, &","!- %"]},"3992":{"keys":[211,221],"grid":[" /!#"," 0!!"," "," "," "," "," "," "," "," "," "," "," "," "," "," "]}},"6794":{"3988":{"keys":[211,221],"grid":[" .!$"," -!%","01","01"," ,!&","04"," +!'","06","06"," *!(","09","09","06","04","01","00"]},"3962":{"keys":[211,221],"grid":[" -!%"," /!#"," "," "," "," "," "," "," "," "," "," "," "," "," "," "]},"3989":{"keys":[211,221],"grid":[" .!$"," /!#"," 0!!"," "," "," "," "," "," "," "," "," "," "," "," "," "]},"3961":{"keys":[221,211],"grid":[" "," "," "," "," "," "," "," "," "," ","!! 0","!$ .","!& ,","!( *","!) )","!+ '"]},"3997":{"keys":[211,210],"grid":[" '!+"," $!."," !!0","!","!","!","!","!","!","!","!","!","!","!","!","!"]},"3996":{"keys":[211,210],"grid":[" "," "," "," "," "," "," "," "," "," "," "," "," 0!!"," .!$"," ,!&"," )!)"]},"3987":{"keys":[211,221],"grid":[" "," "," "," "," "," "," "," "," "," 0!!","09","09"," /!#","12"," .!$","14"]}},"6795":{"3962":{"keys":[221,211],"grid":[" "," "," ","!# /","!% -","!' +","!) )","!+ '","!- %","!/ #","!","!","!","!","!","!"]},"3989":{"keys":[221,211],"grid":[" "," "," "," ","!! 0","!# /","!$ .","!% -","07","!& ,","!' +","!( *","!) )","!* (","!+ '","!, &"]},"3996":{"keys":[211,210],"grid":[" "," "," "," "," "," "," /!#"," ,!&"," *!("," (!*"," %!-"," #!/","!","!","!","!"]},"3986":{"keys":[211,221],"grid":[" "," "," "," "," "," *!("," '!+","06","06"," &!,","09","09"," %!-","12"," $!.","14"]},"3987":{"keys":[211,221],"grid":[" $!."," #!/","01","01"," !!0","04","04","!","!","!","!","!","!","!","!","!"]},"3990":{"keys":[211,221],"grid":[" ,!&"," -!%"," .!$"," /!#"," 0!!"," "," "," "," "," "," "," "," "," "," "," "]}},"6792":{"3997":{"keys":[211,210],"grid":[" "," "," "," "," "," "," "," "," "," "," /!#"," -!%"," *!("," (!*"," %!-"," #!/"]},"3961":{"keys":[211,221],"grid":[" /!#"," "," "," "," "," "," "," "," "," "," "," "," "," "," "," "]},"3960":{"keys":[221,211],"grid":[" "," "," "," "," "," "," "," "," "," ","!# /","!% -","!' +","!) )","!+ '","!- %"]},"3998":{"keys":[210],"grid":[" "," "," "," "," "," "," "," "," "," "," "," "," "," "," "," "]}},"6790":{"3959":{"keys":[221,211],"grid":[" "," "," "," "," "," "," "," "," ","!! 0","!$ .","!& ,","!( *","!* (","!, &","!. $"]},"3960":{"keys":[211,221],"grid":[" 0!!"," "," "," "," "," "," "," "," "," "," "," "," "," "," "," "]},"3998":{"keys":[211,210],"grid":[" "," "," "," "," "," "," "," 0!!"," .!$"," +!'"," )!)"," &!,"," $!."," !!0","!","!"]}},"6659":{"4060":{"keys":[211,210],"grid":[" "," "," "," "," "," ","!! 0","!","!","!","!","!","!","!","!","!"]}},"6658":{"4060":{"keys":[211,210],"grid":[" "," "," "," "," "," ","!","!","!","!","!","!","!","!","!","!"]}},"6657":{"4060":{"keys":[211,210],"grid":[" "," "," "," "," "," ","!","!","!","!","!","!","!","!","!","!"]}},"6656":{"4060":{"keys":[211,210],"grid":[" "," "," "," ","!& ,","!, &","!","!","!","!","!","!","!","!","!","!"]}},"6791":{"3960":{"keys":[221,211],"grid":[" ","!! 0","!$ .","!& ,","!( *","!* (","!+ '","!- %","!/ #","!","!","!","!","!","!","!"]},"3998":{"keys":[211,210],"grid":[" "," .!$"," ,!&"," *!("," '!+"," %!-"," !!0","!","!","!","!","!","!","!","!","!"]}},"6798":{"3963":{"keys":[221,211],"grid":[" "," "," "," "," "," "," "," "," "," ","!! 0","!$ .","!& ,","!( *","!* (","!, &"]},"3964":{"keys":[211,221],"grid":[" .!$"," 0!!"," "," "," "," "," "," "," "," "," "," "," "," "," "," "]},"3995":{"keys":[211,210],"grid":[" "," "," .!$"," ,!&"," *!("," '!+"," %!-"," !!0","!","!","!","!","!","!","!","!"]},"3986":{"keys":[211,221],"grid":[" .!$"," $!.","!","!","!","!","!","!","!","!","!","!","!","!","!","!"]},"3992":{"keys":[221,211],"grid":[" "," ","!! 0","!$ .","!% -","!' +","!) )","!* (","!, &","!- %","!/ #","!","!","!","!","!"]}},"6799":{"3964":{"keys":[221,211],"grid":[" "," ","!! 0","!$ .","!& ,","!( *","!* (","!, &","!. $","!0 !","!","!","!","!","!","!"]},"3985":{"keys":[211,221],"grid":[" "," "," "," "," "," "," "," "," "," "," "," "," "," "," "," (!*"]},"3995":{"keys":[211,210],"grid":[" #!/","!","!","!","!","!","!","!","!","!","!","!","!","!","!","!"]},"3994":{"keys":[211,221,210],"grid":[" 0!!","00"," "," "," "," "," "," "," "," "," "," /##"," -#%"," *#("," (#*"," %#-"]},"3993":{"keys":[211,221],"grid":[" '!+","00"," (!*","02"," )!)"," *!(","05"," +!'","07"," ,!&","09"," -!%","11"," .!$"," /!#","14"]},"3992":{"keys":[221,211],"grid":[" "," "," "," "," "," "," "," "," "," "," "," ","!! 0","!$ .","!& ,","14"]}},"6709":{"4044":{"keys":[211,210],"grid":[" "," "," .!$"," ,!&"," *!("," (!*"," %!-","!","!","!","!","!","!","!","!","!"]},"3987":{"keys":[222,211],"grid":[" '!+"," &!,"," %!-","02","02"," $!.","05"," #!/"," !!0","!","!","!","!","!","!","!"]},"4053":{"keys":[211,210],"grid":[" #!/","!","!","!","!","!","!","!","!","!","!","!","!","!","!","!"]},"4052":{"keys":[211,210],"grid":[" ,!&","00","00"," -!%","03","03","03","03","03","03","00"," +!'"," *!("," )!)"," (!*"," %!-"]},"4051":{"keys":[211,210],"grid":[" ,!&"," +!'","01"," *!(","03","03"," )!)","06","06","06","03","03","03","01","01","01"]},"4050":{"keys":[211,210],"grid":[" "," "," "," "," "," "," 0!!","06"," /!#","08","08"," .!$"," -!%","12","12"," ,!&"]},"4049":{"keys":[210,211],"grid":[" "," "," "," "," "," "," (!& %"," %!+ #"," $!, #"," !!. #","!0 !","10","10","10","!","!"]},"3999":{"keys":[222,211],"grid":[" &!,"," %!-"," $!."," #!/","03"," !!0","!","!","!","!","!","!","!","!","!","!"]},"3998":{"keys":[222,211],"grid":[" !!0","!","!","!","!","!","!","!","!","!","!& !!+","!$ %!*","!! '!*"," (!*"," '!+","14"]},"3997":{"keys":[222,211],"grid":[" .!$","00"," -!%"," ,!&","03"," +!'"," *!(","06"," )!)"," (!*"," '!+"," &!,"," %!-","12"," $!."," #!/"]},"3996":{"keys":[222,211],"grid":[" "," "," "," "," "," "," "," "," "," "," 0!!","10","10"," /!#","13","13"]},"3986":{"keys":[222,211],"grid":[" "," "," "," "," "," "," "," "," "," "," "," "," +!'"," *!("," )!)"," (!*"]},"3994":{"keys":[211,222],"grid":[" "," "," "," "," "," "," "," "," "," "," ","!! 0","11","11","11","11"]},"3995":{"keys":[222,211],"grid":[" #!/","00"," $!."," %!* #!!"," &!& '"," "," "," "," "," "," "," "," "," "," "," "]}},"6708":{"4044":{"keys":[211,210],"grid":[" "," "," "," "," "," "," "," -!%"," ,!&"," +!'"," *!("," )!)"," (!*","12","12"," '!+"]},"4045":{"keys":[211,210],"grid":[" '!+"," &!,","01"," %!-","03"," $!.","05","05"," #!/","08","08","08","08","08"," !!0","14"]},"4046":{"keys":[211,210],"grid":[" !!0","00","00","!","!","!","!","!","!","!","!","!","!","!","!","!"]},"4047":{"keys":[210,211],"grid":[" "," "," "," "," "," "," "," "," ","!! 0","!# /","10","!$ .","!% -","13","13"]},"4053":{"keys":[211,210],"grid":[" "," 0!!"," -!%"," +!'"," )!)"," '!+"," %!-"," $!."," !!0","!","!","!","!","!","!","!"]},"4000":{"keys":[222,211],"grid":[" +!'","00","00"," *!(","03"," )!)","05","05","05"," (!*","09","09","09","09","09","09"]},"4001":{"keys":[222,211],"grid":[" (!*","00","00","00","00","00","00","00","00","00","00","00"," '!+","12","12"," &!,"]},"4002":{"keys":[222,211],"grid":[" &!,"," %!-"," $!."," #!/"," !!0","!","!","!","!","!","!","!","!","!","!","!"]},"4048":{"keys":[211,210],"grid":[" %!-","00","00","00","00","00"," $!.","06","00","00"," &!,"," '!+","11","11","11","11"]},"4049":{"keys":[211,210],"grid":[" &!,"," %!-","01"," $!.","03","03","01","00"," '!+","08"," (!*"," +!$ $"," "," "," "," "]},"3990":{"keys":[222,211],"grid":[" )!)","00","00","00"," (!*","04","04","04","00","00","00","00","00"," *!(","13","13"]},"3989":{"keys":[211,222],"grid":[" "," "," "," "," ","!# /","!$ .","!( *","!) )","!* (","09","09","09","09","09","09"]},"3999":{"keys":[222,211],"grid":[" "," "," "," "," "," "," "," 0!!","07"," /!#"," .!$","10"," -!%","12"," ,!&","14"]},"3998":{"keys":[222,211],"grid":[" "," "," 0!!"," /!#"," .!$"," -!%"," ,!&"," +!'"," *!("," (!*","09"," '!+","11","09"," (!( #"," "]},"3994":{"keys":[222,211],"grid":[" 0!!"," "," "," "," "," "," "," "," "," "," "," "," "," "," "," "]},"3993":{"keys":[222,211],"grid":[" .!$","00","00","00"," /!#","04","04","04","04"," 0!!","09","09","09","09","09","09"]},"3992":{"keys":[222,211],"grid":[" +!'"," ,!&","01","01","01","01","01","01","01"," -!%","09","09","09","09"," .!$","14"]},"3991":{"keys":[222,211],"grid":[" +!'","00","00","00","00","00","00","00","00","00","00","00","00","00","00","00"]},"3987":{"keys":[222,211],"grid":[" "," "," "," "," "," "," "," "," "," "," "," 0!!"," /!#"," .!$"," ,!&"," !!0"]}},"6701":{"4000":{"keys":[222,211],"grid":[" "," "," "," "," "," "," "," "," "," "," "," ","!! 0","12","!# /","14"]},"4001":{"keys":[211,222],"grid":[" $!.","00"," %!-","02"," &!,","04"," '!+"," (!*","07"," )!)","09"," *!("," +!'"," ,!&"," /!#"," "]},"4062":{"keys":[211,210],"grid":[" "," "," "," "," "," "," ","!! 0","!# /","!% -","!& ,","!' +","!( *","!* (","!+ '","!, &"]},"4063":{"keys":[210,211],"grid":[" -!%"," .!$"," "," "," "," "," "," "," "," "," "," "," "," "," "," "]}},"6700":{"4000":{"keys":[211,222],"grid":[" -!%"," .!$","01","01"," /!#","04","04","04"," 0!!","08"," "," "," "," "," "," "]},"4062":{"keys":[210,211],"grid":[" '!+"," )!)"," *!("," ,!&"," -!%"," 0!!"," "," "," "," "," "," "," "," "," "," "]},"4061":{"keys":[211,210],"grid":[" "," "," "," "," "," "," "," "," "," "," "," "," "," ","!# /","!% -"]},"3999":{"keys":[211,222],"grid":[" '!+"," (!*"," )!)"," *!(","03","03"," +!'","06","06"," ,!&","09","09","09","09"," -!%","14"]},"3998":{"keys":[222,211],"grid":[" "," "," "," "," "," "," "," "," "," "," "," "," "," "," ","!& ,"]}},"6703":{"4062":{"keys":[211,210],"grid":[" ,!&","00","00","00","00","00","00","00","00","00"," +!'","10","10"," *!(","13"," )!)"]},"4063":{"keys":[211,210],"grid":[" )!)"," '!+"," &!,"," %!-"," #!/","!","!","!","!","!","!","!","!","!","!","!"]},"4060":{"keys":[211,210],"grid":[" "," "," "," "," "," "," 0!!"," /!#"," .!$"," -!%"," ,!&","10"," +!'","12"," *!(","14"]},"4061":{"keys":[211,210],"grid":[" *!("," )!)","01","01","01","01","00","00","00","00"," +!'","10","10","10"," ,!&","14"]},"4002":{"keys":[222],"grid":[" "," "," "," "," "," "," "," "," "," "," "," "," "," "," "," "]},"4003":{"keys":[211,222],"grid":[" !!0"," #!/"," $!."," &!,"," '!+"," (!*"," )!)"," *!("," ,!&"," -!%"," .!$"," /!#","11"," 0!!","13"," "]},"4004":{"keys":[211],"grid":[" "," "," "," "," "," "," "," "," "," "," "," "," "," "," "," "]}},"6702":{"4001":{"keys":[222],"grid":[" "," "," "," "," "," "," "," "," "," "," "," "," "," "," "," "]},"4002":{"keys":[211,222],"grid":[" !!0"," $!.","01"," %!-"," &!,","04"," '!+"," (!*","07"," )!)"," *!("," +!'"," ,!&"," .!$"," /!#"," 0!!"]},"4063":{"keys":[211,210],"grid":[" "," "," ","!! 0","!$ .","!& ,","!","!","!","!","!","!","!","!","!","!"]}},"6705":{"4057":{"keys":[211,210],"grid":[" 0!!","00","00","00","00"," /!#","05","05","05","05","05"," .!$","11","11","11","11"]},"4056":{"keys":[211,210],"grid":[" "," "," "," "," "," "," "," "," "," "," "," "," "," "," 0!!","14"]},"4054":{"keys":[211,210],"grid":[" "," "," "," "," "," 0!!","05","05","05","05","05"," "," "," "," "," "]},"4004":{"keys":[222,211],"grid":[" "," "," /!#"," -!%"," ,!&"," *!("," (!*"," &!,"," #!/","!","!","!","!","!","!","!"]},"4059":{"keys":[211,210],"grid":[" %!-"," $!.","01"," #!/","03"," !!0","05","!","!","!","!","!","!","!","!","!"]},"4058":{"keys":[211,210],"grid":[" -!%","00","00"," ,!&"," +!'","04"," *!(","06"," )!)","08"," (!*","10"," '!+"," &!,","13"," %!-"]}},"6704":{"4060":{"keys":[211,210],"grid":[" *!("," )!)"," (!*"," &!,"," #!/","!","!","!","!","!","!","!","!","!","!","!"]},"4004":{"keys":[222,211],"grid":[" "," "," "," "," "," "," "," ","!! 0","!% +!#","!","!","!","!","!","!"]},"4059":{"keys":[211,210],"grid":[" "," "," "," "," "," "," "," "," 0!!","08"," /!#"," .!$","11"," -!%"," ,!&"," +!'"]}},"6707":{"4046":{"keys":[211,210],"grid":[" "," "," "," "," "," "," "," 0!!","07"," /!#","09","09"," .!$","12","12","12"]},"4047":{"keys":[211,210],"grid":[" .!$","00","00","00"," /!#","04"," 0!!","06"," "," "," "," "," "," "," "," "]},"4053":{"keys":[211,210],"grid":[" "," "," "," "," "," "," "," "," ","!) '!#","!","!","!","!","!","!"]},"4002":{"keys":[222,211],"grid":[" "," "," "," "," "," "," 0!!"," /!#"," -!%"," ,!&"," *!("," )!)"," '!+"," &!,"," %!-"," $!."]},"4003":{"keys":[222,211],"grid":[" #!/"," !!0","!","!","!","!","!","!","!","!","!","!","!","!","!","!"]},"3988":{"keys":[222,211],"grid":[" 0!!"," /!#","01","01"," .!$","04","04","04","04","04","04","04","04","04","04","01"]},"3989":{"keys":[222,211],"grid":[" /!#","00"," 0!!"," "," "," "," "," "," "," "," "," "," "," "," "," "]},"3987":{"keys":[222],"grid":[" "," "," "," "," "," "," "," "," "," "," "," "," "," "," "," "]}},"6706":{"4056":{"keys":[211,210],"grid":[" %!-"," $!.","01","01","01"," #!/","05","05","05"," !!0","09","09","!","!","!","!"]},"4055":{"keys":[211,210],"grid":[" $!.","00"," %!-","02"," &!,","04","04","04","04","04","04","04","04","02","02","02"]},"4054":{"keys":[211,210],"grid":[" &!,","00"," %!-"," #!/"," !!0","!","!","!","!","!","!","!","04","04","03","03"]},"4053":{"keys":[211,210],"grid":[" "," "," "," "," "," "," "," "," "," ,!&"," *!("," )!)","11"," (!*"," '!+","14"]},"4003":{"keys":[222,211],"grid":[" "," "," "," 0!!"," /!#"," .!$","05"," -!%"," +!'"," *!("," )!)"," (!*"," '!+"," &!,"," %!-"," $!."]},"4004":{"keys":[222,211],"grid":[" !!0","!","!","!","!","!","!","!","!","!","!","!","!","!","!","!"]}},"6781":{"4000":{"keys":[211,210],"grid":[" "," "," "," "," "," "," "," "," "," "," -!%"," %!-","!","!","!","!"]},"3955":{"keys":[211,221],"grid":[" '!+"," (!*"," *!("," ,!&"," -!%"," /!#"," "," "," "," "," "," "," "," "," "," "]},"3954":{"keys":[221,211],"grid":[" "," "," "," "," "," "," "," "," "," "," "," "," ","!! 0","!# /","!% -"]}},"6780":{"4000":{"keys":[211,210],"grid":[" "," "," "," "," "," "," "," "," "," "," "," "," -!%","!","!","!"]},"3954":{"keys":[221,211],"grid":[" "," "," "," ","!# /","!$ .","!& ,","!( *","!) )","!+ '","!- %","!. $","!0 !","!","!","!"]}},"6668":{"4062":{"keys":[210,211],"grid":[" '!+"," &!,","01","01","01"," %!-"," $!."," #!/"," !!0","!","!","!","!","!","!","!"]},"4063":{"keys":[211,210],"grid":[" "," "," "," "," "," +!'"," &!,"," #!/","!","!","!","!","!","!","!","!"]},"4060":{"keys":[211,210],"grid":[" "," "," "," "," "," "," ","!! 0","!$ .","!& ,","!' +","!) )","!* (","!+ '","!, &","14"]},"4061":{"keys":[210,211],"grid":[" -!%","00"," ,!&","02","02"," +!'"," *!(","06"," )!)"," (!*","09","09","09"," '!+","13","13"]}},"6669":{"4063":{"keys":[211,210],"grid":[" "," "," "," "," !!+ &","!0 !","!","!","!","!","!","!","!","!","!","!"]}},"6785":{"4000":{"keys":[211,210],"grid":[" +!'"," %!-","!","!","!","!","!","!","!","!","!","!","!","!","!","!"]},"3957":{"keys":[211,221],"grid":[" #!/"," %!-"," '!+"," )!)"," +!'"," -!%"," /!#"," 0!!"," "," "," "," "," "," "," "," "]},"3999":{"keys":[211,210],"grid":[" "," "," "," "," "," "," "," "," "," "," "," "," "," "," "," 0!!"]}},"6784":{"4000":{"keys":[211,210],"grid":[" "," "," 0!!"," *!("," %!-","!","!","!","!","!","!","!","!","!","!","!"]},"3956":{"keys":[221,211],"grid":[" "," "," "," "," "," "," "," ","!# /","!% -","!' +","!) )","!+ '","!- %","!/ #","!"]}},"6787":{"3958":{"keys":[211,221],"grid":[" !!0"," $!."," &!,"," (!*"," *!("," ,!&"," .!$"," /!#"," "," "," "," "," "," "," "," "]},"3999":{"keys":[211,210],"grid":[" "," "," "," "," "," "," "," "," "," "," +!'"," &!,","!","!","!","!"]}},"6786":{"3957":{"keys":[221,211],"grid":[" "," "," "," "," "," "," "," ","!! 0","!$ .","!& ,","!( *","!* (","!, &","!. $","!0 !"]},"3999":{"keys":[211,210],"grid":[" "," "," "," "," "," "," "," "," "," "," "," "," "," +!'"," &!,","!"]}},"6662":{"4060":{"keys":[211,210],"grid":[" "," "," "," "," "," "," "," "," ","!! 0","!","!","!","!","!","!"]}},"6663":{"4060":{"keys":[211,210],"grid":[" "," "," "," "," "," "," "," "," 0!!"," /!#","!! .!#","!% *!$","!' '!%","!","!","!"]}},"6660":{"4060":{"keys":[211,210],"grid":[" "," "," "," "," "," "," ","!) )","!","!","!","!","!","!","!","!"]}},"6661":{"4060":{"keys":[211,210],"grid":[" "," "," "," "," "," "," "," ","!, &","!","!","!","!","!","!","!"]}},"6666":{"4063":{"keys":[210,211],"grid":[" "," "," "," "," "," "," "," "," 0!!","08","08"," "," "," "," "," "]},"4060":{"keys":[211,210],"grid":[" "," )!& $"," #!/","!","!","!","!","!","!","!","!","!","!","!","!","!"]}},"6667":{"4062":{"keys":[210,211],"grid":[" "," "," "," "," "," "," "," "," "," "," 0!!"," /!#"," .!$"," -!%"," +!'"," *!("]},"4063":{"keys":[210,211],"grid":[" (!*"," '!+"," %!-"," $!."," #!/"," !!0","!","!","!/ #","!- %","!* (","!( *"," !!$ -"," "," "," "]},"4060":{"keys":[211,210],"grid":[" "," ","!! 0","!' +","!* (","!, &","!/ #","!","!","!","!","!","!","!","!","!"]}},"6664":{"4060":{"keys":[211,210],"grid":[" &!,"," %!-"," $!."," #!/","03"," !!0","!","!","!","!","!","!","!","!","!","!"]},"4059":{"keys":[211,210],"grid":[" "," "," "," "," "," "," "," "," "," "," "," "," "," "," (!) !"," '!+"]}},"6665":{"4060":{"keys":[210,211],"grid":[" &!,"," (!*"," +!'"," "," "," "," "," "," "," "," "," "," "," "," "," "]},"4059":{"keys":[211,210],"grid":[" "," "," "," "," "," "," "," "," "," "," "," "," "," "," ","!$ ."]}},"6826":{"3990":{"keys":[221,210,""],"grid":[" "," "," "," 0!!"," .!$"," ,!&"," +!'"," )##!'"," )!)","08","08","08","#)!)","12","12","12"]}},"6827":{"3989":{"keys":[221,210],"grid":[" "," "," "," "," "," "," "," "," "," "," "," 0!!"," .!$"," ,!&"," *!("," (!*"]},"3990":{"keys":[221,210],"grid":[" &!,"," $!."," !!0","!","!","!","!","!","!","!","!","!","!","!","!","!"]}},"6828":{"3989":{"keys":[221,210],"grid":[" "," "," "," 0!!"," .!$"," ,!&"," *!("," (!*"," &!,"," $!."," !!0","!","!","!","!","!"]}},"6829":{"3988":{"keys":[221,210],"grid":[" "," "," "," "," "," "," "," "," "," "," "," 0!!"," .!$"," ,!&"," *!("," (!*"]},"3989":{"keys":[221,210],"grid":[" &!,"," $!."," !!0","!","!","!","!","!","!","!","!","!","!","!","!","!"]}},"6675":{"4064":{"keys":[211,210],"grid":[" "," "," "," "," "," "," "," "," "," "," "," "," "," "," ","!% -"]},"4065":{"keys":[210,211],"grid":[" '!+"," )!)"," *!("," ,!&"," -!%"," .!$"," /!#"," 0!!"," "," "," "," "," "," "," "," "]}},"6674":{"4064":{"keys":[211,210],"grid":[" "," "," "," "," "," "," "," "," "," "," "," ","!% -","!- %","!","!"]}},"6677":{"4066":{"keys":[211,210],"grid":[" "," "," "," "," "," "," "," "," "," 0!!","!# ,!$","!% '!'","!","!","!","!"]}},"6676":{"4066":{"keys":[210,211],"grid":[" (!*","00"," )!)"," *!("," +!'"," ,!&"," -!%"," .!$"," 0!!"," "," "," "," "," "," "," "]},"4065":{"keys":[211,210],"grid":[" "," "," "," "," "," "," "," "," ","!! 0","!# /","!$ .","11","!% -","!& ,","!' +"]}},"6671":{"4063":{"keys":[211,210],"grid":[" "," "," "," "," "," "," "," "," "," "," "," "," "," "," ","!! 0"]},"4064":{"keys":[210,211],"grid":[" #!/"," $!.","01"," %!-"," &!,"," '!+"," (!*"," )!)"," +!'"," /!#"," "," "," "," "," "," "]}},"6670":{"4063":{"keys":[211,210],"grid":[" "," "," "," "," "," ","!$ .","!' +","!) )","!+ '","!, &","!- %","!/ #","!0 !","!","!"]}},"6673":{"4064":{"keys":[211,210],"grid":[" "," "," "," "," "," ","!# /","!% -","!' +","!( *","!* (","!, &","!","!","!","!"]}},"6672":{"4064":{"keys":[211,210],"grid":[" "," "," "," "," "," "," ,!&"," )!)"," &!,"," !!0","!","!","!","!","!","!"]}},"6679":{"4066":{"keys":[211,210],"grid":[" "," %!-","!","!","!","!","!","!","!","!","!","!","!","!","!","!"]}},"6678":{"4066":{"keys":[211,210],"grid":[" "," "," "," -!%"," *!("," (!*"," &!,"," $!."," !!0","!","!","!","!","!","!","!"]}},"6778":{"3948":{"keys":[211,221],"grid":[" *!(","00","00","00","00","00","00","00","00","00","00","00","00"," )!)","13","13"]},"3949":{"keys":[211,221],"grid":["  !!","00","00","00"]},"4000":{"keys":[211,210],"grid":[" "," "," "," "," "," "," "," "," "," "," "," "," "," "," ,!&","!"]},"3952":{"keys":[211,221],"grid":[" )!)","00","00","00","00","00","00","00","00","00","00","00","00","00","00","00"]},"3951":{"keys":[211,221],"grid":[" )!)","00","00","00","00","00","00","00","00","00","00","00","00","00","00","00"]},"3950":{"keys":[211,221],"grid":["  !!","00","00","00"]},"3947":{"keys":[221,211],"grid":[" "," "," ","!! 0","!# /","!$ .","!& ,","!' +","!( *","!) )","!* (","10","10","10","10","10"]},"3953":{"keys":[211,221],"grid":[" )!)","00","00","00","00","00"," +!'"," -!%"," .!$"," 0!!"," "," "," "," "," "," "]}},"6779":{"4000":{"keys":[211,210],"grid":[" "," "," "," "," "," "," "," "," "," "," "," "," "," .!$","!","!"]},"3953":{"keys":[221,211],"grid":[" "," "," "," "," "," "," "," "," "," ","!! 0","!# /","!% -","!' +","!( *","!* ("]},"3954":{"keys":[211,221],"grid":[" ,!&"," .!$"," /!#"," "," "," "," "," "," "," "," "," "," "," "," "," "]}},"6774":{"4001":{"keys":[211,210],"grid":[" 0!!","!","!","!","!","!","!","!","!","!","!","!","!","!","!","!"]},"3943":{"keys":[221,211],"grid":[" "," "," "," "," "," "," "," "," "," "," "," "," "," "," ","!! 0"]},"3944":{"keys":[211,221],"grid":[" $!."," %!-"," &!,"," '!+"," (!*"," *!("," +!'"," ,!&"," -!%"," /!#"," 0!!"," "," "," "," "," "]}},"6775":{"4000":{"keys":[211,210],"grid":[" "," "," "," "," "," "," "," "," "," "," "," "," "," "," "," +!'"]},"4001":{"keys":[210],"grid":[" "," "," "," "," "," "," "," "," "," "," "," "," "," "," "," "]},"3944":{"keys":[221,211],"grid":[" "," "," "," "," "," "," "," "," "," "," "," ","!! 0","!# /","!% -","!& ,"]},"3945":{"keys":[211,221],"grid":[" '!+"," (!*"," *!("," +!'"," ,!&"," -!%"," .!$"," 0!!"," "," "," "," "," "," "," "," "]}},"6776":{"4000":{"keys":[211,210],"grid":[" "," "," "," "," "," "," "," "," "," "," "," "," "," "," ","!- %"]},"3945":{"keys":[221,211],"grid":[" "," "," "," "," "," "," "," "," ","!! 0","!# /","!% -","!& ,","!' +","!( *","!) )"]},"3946":{"keys":[211,221],"grid":[" +!'"," ,!&"," -!%"," .!$"," 0!!"," "," "," "," "," "," "," "," "," "," "," "]}},"6777":{"4000":{"keys":[211,210],"grid":[" "," "," "," "," "," "," "," "," "," "," "," "," "," "," "," +!'"]},"3946":{"keys":[221,211],"grid":[" "," "," "," "," "," ","!! 0","!# /","!$ .","!& ,","!' +","!( *","!) )","!+ '","!, &","!- %"]},"3947":{"keys":[211,221],"grid":[" .!$"," /!#"," "," "," "," "," "," "," "," "," "," "," "," "," "," "]}},"6770":{"4000":{"keys":[211,210],"grid":[" "," "," "," "," "," "," "," "," "," "," "," "," .!$"," ,!&","!","!"]},"3940":{"keys":[221,211],"grid":[" "," "," "," "," "," "," "," "," "," "," "," "," "," ","!# /","!$ ."]},"3941":{"keys":[211,221],"grid":[" %!-"," '!+"," (!*"," )!)"," *!("," ,!&"," -!%"," .!$"," 0!!"," "," "," "," "," "," "," "]}},"6771":{"4000":{"keys":[211,210],"grid":[" "," "," "," "," "," "," "," "," "," "," ","!' +","!) )","!+ '","!, &","!. $"]},"4001":{"keys":[210,211],"grid":[" /!#"," 0!!"," "," "," "," "," "," "," "," "," "," "," "," "," "," "]},"3942":{"keys":[211,221],"grid":[" *!("," ,!&"," -!%"," .!$"," 0!!"," "," "," "," "," "," "," "," "," "," "," "]},"3941":{"keys":[221,211],"grid":[" "," "," "," "," "," "," "," "," "," ","!! 0","!$ .","!% -","!& ,","!( *","!) )"]}},"6772":{"4001":{"keys":[211,210],"grid":[" "," "," ","!$ +!$","!' %!'","!","!","!","!","!","!","!","!","!","!","!"]},"3942":{"keys":[221,211],"grid":[" "," "," "," "," "," ","!! 0","!$ .","!% -","!& ,","!' +","!) )","!* (","!+ '","!- %","!. $"]},"3943":{"keys":[211,221],"grid":[" /!#"," "," "," "," "," "," "," "," "," "," "," "," "," "," "," "]}},"6773":{"4001":{"keys":[211,210],"grid":[" '!) #"," #!/","!","!","!","!","!","!","!","!","!","!","!","!","!","!"]},"3943":{"keys":[221,211],"grid":[" "," ","!! 0","!# /","!$ .","!% -","!' +","!( *","!) )","!* (","!+ '","!- %","!/ #","!0 !","!","!"]}},"6733":{"3996":{"keys":[211,210],"grid":[" "," "," "," "," "," "," "," ","!& ,","!( *","!) )","!* (","!, &","!. $","!0 !","!"]}},"6833":{"3987":{"keys":[221,"",210],"grid":["  !!","!","#","#"]}},"6832":{"3987":{"keys":[221,"",210],"grid":[" "," "," "," "," "," "," "," "," (!!#)"," &!$#)"," $!&#)"," !#0","#","#","#","#"]}},"6831":{"3987":{"keys":[221,210],"grid":[" "," "," "," "," "," "," "," "," "," "," "," "," /!#"," -!%"," +!'"," )!)"]},"3988":{"keys":[221,210],"grid":[" '!+"," %!-"," #!/","!","!","!","!","!","!","!","!","!","!","!","!","!"]}},"6830":{"3988":{"keys":[221,210],"grid":[" "," "," "," "," /!#"," -!%"," +!'"," )!)"," &!,"," $!."," !!0","!","!","!","!","!"]}},"6769":{"4000":{"keys":[211,210],"grid":[" "," "," "," "," "," "," "," "," "," "," ","!% -","!* (","!/ #","!","!"]},"3940":{"keys":[221,211],"grid":[" ","!! 0","!# /","!% -","!& ,","!' +","!) )","!* (","!+ '","!- %","!. $","!/ #","!","!","!","!"]},"3931":{"keys":[221,211],"grid":[" "," "," "," "," "," "," "," "," "," "," "," "," "," "," ","!! 0"]},"3932":{"keys":[211,221],"grid":[" !!0","00","00","!","!","!","!","!","!","!","!","!","!","!","!","!"]}},"6768":{"3939":{"keys":[221,211],"grid":[" "," "," "," "," ","!! 0","!$ .","!% -","!& ,","!( *","!) )","!* (","!, &","!- %","!. $","!0 !"]},"3927":{"keys":[221,211],"grid":[" "," "," "," "," "," "," "," ","!# /","!% -","!' +","10","10","10","10","10"]},"4000":{"keys":[210,211],"grid":[" !!0"," #!/"," $!.","02"," %!-"," &!,"," '!+"," (!*"," *!("," ,!&"," "," "," "," "," "," "]},"3934":{"keys":[211,221],"grid":[" (!*","00","00"," '!+","03","03"," &!,","06","06"," %!-","09","09"," $!.","12","12"," #!/"]},"3928":{"keys":[211,221],"grid":[" (!*","00","00","00","00","00"," )!)","06","06","06","06","06","06"," *!(","13","13"]},"3929":{"keys":[211,221],"grid":[" *!(","00","00"," +!'","03","03","03","03","03"," ,!&","09","09","09","09","09"," -!%"]},"3931":{"keys":[211,221],"grid":[" /!#","00"," 0!!","02","02","02","02","02"," "," "," "," "," "," "," "," "]},"3930":{"keys":[211,221],"grid":[" -!%","00","00","00","00","00"," .!$","06","06","06","06","06"," /!#","12","12","12"]},"3933":{"keys":[211,221],"grid":[" -!%","00","00"," ,!&","03","03"," +!'","06","06"," *!(","09","09"," )!)","12","12"," (!*"]},"3932":{"keys":[211,221],"grid":[" "," "," "," "," "," "," 0!!","06","06"," /!#","09","09"," .!$","12","12"," -!%"]},"3940":{"keys":[211],"grid":[" "," "," "," "," "," "," "," "," "," "," "," "," "," "," "," "]},"3999":{"keys":[211,210],"grid":[" "," "," "," "," "," "," "," "," "," "," "," "," "," "," ","!! 0"]},"3935":{"keys":[211,221],"grid":[" #!/","00","00"," !!0","03","03","!","!","!","!","!","!","!","!","!","!"]}},"6767":{"3926":{"keys":[221],"grid":[" "," "," "," "," "," "," "," "," "," "," "," "," "," "," "," "]},"3938":{"keys":[211,221],"grid":[" $!.","00"," #!/","02","02"," !!0","05","05","!","02","00"," %!-"," &!,"," (!*"," )!)"," *!("]},"3935":{"keys":[211,221],"grid":[" "," "," "," "," "," "," "," "," "," 0!!","09","09"," /!#","12","12"," .!$"]},"3937":{"keys":[211,221],"grid":[" )!)","00"," (!*","02","02"," '!+","05","05","05"," &!,","09","09"," %!-","12","12"," $!."]},"3936":{"keys":[211,221],"grid":[" .!$","00","00"," -!%","03","03"," ,!&","06","06"," +!'","09","09"," *!(","12","12"," )!)"]},"3999":{"keys":[210,211],"grid":[" )!)"," *!("," +!'","02"," ,!&"," -!%","05"," .!$","07"," /!#","09"," 0!!","11"," "," "," "]},"3998":{"keys":[211,210],"grid":[" "," "," "," "," "," "," "," "," "," "," "," ","!! 0","!$ .","!& ,","!' +"]},"3939":{"keys":[211,221],"grid":[" ,!&"," -!%"," .!$"," 0!!"," "," "," "," "," "," "," "," "," "," "," "," "]},"3927":{"keys":[211,221],"grid":[" #!/"," %!-"," '!+"," )!)"," +!'"," -!%"," /!#"," "," "," "," "," "," "," "," "," "]}},"6766":{"3926":{"keys":[221,211],"grid":[" "," "," "," "," "," "," "," ","!! 0","!$ .","!' +","!) )","!+ '","!- %","!/ #","!"]},"3998":{"keys":[211,210],"grid":[" "," "," "," ","!# /","!% -","!' +","!) )","!+ '","!- %","!/ #","!0 !","!","!","!","!"]}},"6765":{"3997":{"keys":[211,210],"grid":[" "," "," "," "," "," "," "," "," "," "," "," "," "," "," ","!% -"]},"3926":{"keys":[211,221],"grid":[" !!0"," $!."," &!,"," (!*"," *!("," ,!&"," .!$"," 0!!"," "," "," "," "," "," "," "," "]},"3998":{"keys":[210,211],"grid":[" (!*"," +!'"," .!$"," 0!!"," "," "," "," "," "," "," "," "," "," "," "," "]}},"6764":{"3997":{"keys":[210,211],"grid":[" &!,","00"," '!+","02","02"," (!*","05"," )!)","07"," *!("," +!'","10"," ,!&"," .!$"," "," "]},"3996":{"keys":[211,210],"grid":[" "," "," "," "," "," "," "," "," "," "," "," "," ","!$ .","13","!% -"]},"3925":{"keys":[221,211],"grid":[" "," "," "," "," "," "," "," ","!! 0","!$ .","!& ,","!( *","!* (","!, &","!. $","!0 !"]}},"6763":{"3997":{"keys":[210],"grid":[" "," "," "," "," "," "," "," "," "," "," "," "," "," "," "," "]},"3996":{"keys":[211,210],"grid":[" "," "," "," "," "," "," "," "," "," "," "," )!& $"," &!,"," $!."," #!/"," !!0"]},"3925":{"keys":[221,211],"grid":[" ","!# /","!% -","!' +","!) )","!+ '","!- %","!/ #","!","!","!","!","!","!","!","!"]}},"6762":{"3997":{"keys":[211,210],"grid":[" "," 0!!","!# -!#","!& )!$","!","!","!","!","!","!","!","!","!","!","!","!"]},"3924":{"keys":[221,211],"grid":[" "," "," "," "," "," "," "," "," "," ","!% -","!' +","!) )","!+ '","!- %","!/ #"]}},"6761":{"3997":{"keys":[211,210],"grid":[" "," "," (!*","!","!","!","!","!","!","!","!","!","!","!","!","!"]},"3924":{"keys":[221,211],"grid":[" "," "," "," "," "," "," "," "," "," "," "," -!%"," )!)"," %!-"," !!0","!"]}},"6760":{"3997":{"keys":[211,210],"grid":[" "," "," ","!$ ,!#","!","!","!","!","!","!","!","!","!","!","!","!"]},"3924":{"keys":[221,211],"grid":[" "," "," "," "," "," "," "," "," "," "," "," "," "," "," "," .!$"]},"3925":{"keys":[221,211],"grid":[" *!("," &!,"," !!0","!","!","!","!","!","!","!","!","!","!","!","!","!"]}},"6688":{"4063":{"keys":[211,210],"grid":[" "," -!%"," (!*"," &!,"," %!-","04"," $!."," #!/"," !!0","!","!","!","!","!","!","!"]}},"6689":{"4062":{"keys":[211,210],"grid":[" "," "," "," "," "," "," "," "," "," "," "," "," "," "," "," /!#"]},"4063":{"keys":[211,210],"grid":[" (!*","!","!","!","!","!","!","!","!","!","!","!","!","!","!","!"]}},"6680":{"4066":{"keys":[211,210],"grid":[" ","!# /","!& ,","!' +","!( *","!) )","05","!* (","07","!+ '","09","!, &","!- %","!. $","!/ #","!"]}},"6681":{"4068":{"keys":[210],"grid":[" "," "," "," "," "," "," "," "," "," "," "," "," "," "," "," "]},"4066":{"keys":[211],"grid":[" "," "," "," "," "," "," "," "," "," "," "," "," "," "," "," "]},"4067":{"keys":[210,211],"grid":[" !!0","00"," #!/"," $!.","03"," %!-"," &!,"," '!+"," (!*"," )!)"," *!("," +!'"," ,!&"," -!%"," .!$"," 0!!"]}},"6682":{"4068":{"keys":[211,210],"grid":[" *!(","!$ %!*","!","!","!","!","!","!","!","!","!","!","!","!","!","!"]},"4067":{"keys":[211,210],"grid":[" "," "," "," "," "," "," "," "," "," "," "," 0!!"," /!#"," .!$"," -!%"," +!'"]}},"6683":{"4067":{"keys":[211,210],"grid":[" "," /!#"," .!$"," ,!&"," *!("," )!)"," '!+"," &!,"," $!."," #!/","!","!","!","!","!","!"]}},"6684":{"4066":{"keys":[211,210],"grid":[" "," "," "," "," "," "," "," "," "," /!#"," -!%"," ,!&"," *!("," (!*"," %!-"," #!/"]},"4067":{"keys":[210],"grid":[" "," "," "," "," "," "," "," "," "," "," "," "," "," "," "," "]}},"6685":{"4066":{"keys":[211,210],"grid":[" ,!&"," +!'"," *!("," )!)"," '!+"," &!,"," $!."," !!0","!","!","!","!","!","!","!","!"]},"4065":{"keys":[211,210],"grid":[" "," "," "," "," "," "," "," "," "," "," "," "," "," /!#"," .!$"," -!%"]}},"6686":{"4064":{"keys":[211,210],"grid":[" "," "," "," "," "," "," "," "," "," "," "," "," "," 0!!"," /!#"," .!$"]},"4065":{"keys":[211,210],"grid":[" -!%"," ,!&","01"," +!'"," *!("," )!)"," (!*"," '!+"," &!,"," $!."," #!/"," !!0","!","!","!","!"]}},"6687":{"4063":{"keys":[211,210],"grid":[" "," "," "," "," "," "," "," "," "," "," 0!!"," /!#"," .!$"," -!%"," ,!&"," +!'"]},"4064":{"keys":[211,210],"grid":[" *!("," )!)","01"," (!*"," '!+"," &!,"," %!-","06"," $!."," #!/","09"," !!0","!","!","!","!"]}},"6808":{"3968":{"keys":[221,211],"grid":[" "," "," "," "," "," "," ","!$ .","!& ,","!) )","!+ '","!. $","!0 !","!","!","!"]},"3999":{"keys":[221,210],"grid":[" "," "," "," "," "," "," "," "," "," ","!# /","!% -","!( *","!* (","!, &","!"]},"3982":{"keys":[211,221],"grid":[" "," "," "," "," "," "," "," "," "," "," "," "," "," "," 0!!"," .!$"]},"3983":{"keys":[211,221],"grid":[" -!%"," +!'"," )!)"," '!+"," %!-"," #!/","!","!","!","!","!","!","!","!","!","!"]}},"6809":{"3968":{"keys":[221,211],"grid":[" "," "," "," "," "," "," "," "," "," "," "," "," ","!# /","!% -","!( *"]},"3982":{"keys":[211,221],"grid":[" "," "," "," "," "," "," 0!!"," .!$"," ,!&"," *!("," (!*"," &!,"," $!."," !!0","!","!"]},"3999":{"keys":[221,210],"grid":[" "," "," "," "," "," "," "," "," "," "," "," "," "," "," .!$","!' $!("]},"3969":{"keys":[211,221],"grid":[" *!("," -!%"," 0!!"," "," "," "," "," "," "," "," "," "," "," "," "," "]}},"6806":{"3984":{"keys":[211,221],"grid":[" -!%"," +!'"," )!)"," '!+"," %!-"," #!/","!","!","!","!","!","!","!","!","!","!"]},"3967":{"keys":[221,211],"grid":[" "," "," "," "," "," "," "," "," "," ","!! 0","!% -","!' +","!* (","!, &","!/ #"]},"3983":{"keys":[211,221],"grid":[" "," "," "," "," "," "," "," "," "," "," "," "," "," "," "," /!#"]},"3999":{"keys":[210,221],"grid":[" -!%"," /!#"," "," "," "," "," "," "," "," "," "," "," "," "," "," "]},"3998":{"keys":[221,210],"grid":[" "," "," "," "," "," "," "," "," "," ","!# /","!$ .","!& ,","!' +","!) )","!+ '"]}},"6807":{"3968":{"keys":[211,221],"grid":[" !!0"," $!."," '!+"," )!)"," ,!&"," .!$"," "," "," "," "," "," "," "," "," "," "]},"3999":{"keys":[221,210],"grid":[" "," "," ","!$ .","!& ,","!( *","!* (","!- %","!/ #","!","!","!","!","!","!","!"]},"3983":{"keys":[211,221],"grid":[" "," "," "," "," "," "," "," /!#"," -!%"," +!'"," )!)"," '!+"," %!-"," #!/","!","!"]}},"6804":{"3984":{"keys":[211,221],"grid":[" "," "," "," "," "," "," "," "," "," "," "," "," "," "," "," /!#"]},"3985":{"keys":[211,221],"grid":[" -!%"," +!'"," )!)"," '!+"," %!-"," #!/","!","!","!","!","!","!","!","!","!","!"]},"3997":{"keys":[221,210],"grid":[" "," "," ","!! 0","!# /","!$ .","!& ,","!' +","!) )","!* (","!, &","!- %","!/ #","!0 !","!","!"]},"3966":{"keys":[221,211],"grid":[" "," "," "," "," "," "," "," "," "," "," ","!# /","!% -","!' +","!) )","!+ '"]},"3967":{"keys":[211,221],"grid":[" -!%"," /!#"," "," "," "," "," "," "," "," "," "," "," "," "," "," "]}},"6805":{"3984":{"keys":[211,221],"grid":[" "," "," "," "," "," "," "," /!#"," -!%"," +!'"," )!)"," '!+"," %!-"," #!/","!","!"]},"3997":{"keys":[221,210],"grid":[" "," "," "," "," "," "," "," "," "," "," "," "," "," "," ","!# /"]},"3998":{"keys":[210,221],"grid":[" $!."," &!,"," '!+"," )!)"," *!("," +!'"," -!%"," .!$"," 0!!"," "," "," "," "," "," "," "]},"3967":{"keys":[221,211],"grid":[" "," "," ","!# /","!% -","!' +","!) )","!+ '","!- %","!/ #","!","!","!","!","!","!"]}},"6802":{"3966":{"keys":[211,221],"grid":[" -!%"," /!#"," "," "," "," "," "," "," "," "," "," "," "," "," "," "]},"3985":{"keys":[211,221],"grid":[" "," "," "," "," "," "," "," "," "," "," ,!&"," !!0","!","!","!","!"]},"3995":{"keys":[221,210],"grid":[" "," "," "," "," "," "," "," "," "," "," "," "," ","!! 0","!# /","!% -"]},"3965":{"keys":[221,211],"grid":[" "," "," "," "," "," "," "," "," "," "," ","!# /","!% -","!' +","!) )","!+ '"]},"3996":{"keys":[210,221],"grid":[" &!,"," (!*"," )!)"," *!("," ,!&"," -!%"," /!#"," 0!!"," "," "," "," "," "," "," "," "]}},"6803":{"3997":{"keys":[210,221],"grid":[" -!%"," /!#"," 0!!"," "," "," "," "," "," "," "," "," "," "," "," "," "]},"3985":{"keys":[211,221],"grid":[" "," "," "," "," "," "," "," /!#"," -!%"," &!,","!","!","!","!","!","!"]},"3966":{"keys":[221,211],"grid":[" "," "," ","!# /","!% -","!' +","!) )","!+ '","!- %","!/ #","!","!","!","!","!","!"]},"3996":{"keys":[221,210],"grid":[" "," "," "," "," "," "," "," ","!! 0","!# /","!% -","!& ,","!' +","!) )","!* (","!, &"]}},"6800":{"3985":{"keys":[211,221],"grid":[" "," "," "," "," "," "," "," "," "," "," "," "," "," -!%"," #!/","!"]},"3995":{"keys":[210,221],"grid":[" /!#"," 0!!"," "," "," "," "," "," "," "," "," "," "," "," "," "," "]},"3994":{"keys":[221,211,210],"grid":[" "," "," "," ","!! 0","04","!# /","!$ .","07","!$#! -","#& ,","#( *","#) )","#+ '","#, &","#. $"]},"3964":{"keys":[221,211],"grid":[" "," "," "," "," "," "," "," "," "," ","!! 0","!# /","!% -","!' +","!) )","!+ '"]},"3965":{"keys":[211,221],"grid":[" -!%"," /!#"," "," "," "," "," "," "," "," "," "," "," "," "," "," "]}},"6801":{"3985":{"keys":[211,221],"grid":[" "," "," "," "," "," "," "," "," "," "," "," "," '!+","!","!","!"]},"3995":{"keys":[221,210],"grid":[" "," ","!! 0","!# /","!% -","!& ,","!( *","!) )","!+ '","!, &","!- %","!/ #","!0 !","!","!","!"]},"3965":{"keys":[221,211],"grid":[" "," "," ","!# /","!% -","!' +","!) )","!+ '","!- %","!/ #","!","!","!","!","!","!"]}},"6758":{"3997":{"keys":[211,210],"grid":[" "," "," "," ","!# /","!% *!$","!","!","!","!","!","!","!","!","!","!"]}},"6759":{"3997":{"keys":[211,210],"grid":[" "," "," "," '!+"," !!0","!","!","!","!","!","!","!","!","!","!","!"]},"3925":{"keys":[221,211,""],"grid":[" "," "," "," .!$","!%## $!(","!","!","!","!","!","!","!","!","!","!","!"]}},"6752":{"3996":{"keys":[211,210],"grid":[" "," "," "," "," "," "," )!& $"," '!* !"," &!,"," %!-"," $!."," #!/","11","!","!","!"]}},"6753":{"3997":{"keys":[210,211],"grid":[" '!+"," )!)"," 0!!"," "," "," "," "," "," "," "," "," "," "," "," "," "]},"3996":{"keys":[211,210],"grid":[" "," "," "," "," "," "," "," "," ","!! 0","09","!# /","!$ .","!% -","13","!& ,"]}},"6750":{"3997":{"keys":[211,210],"grid":[" "," ","!! 0","!# /","!& ,","!* (","!","!","!","!","!","!","!","!","!","!"]}},"6751":{"3997":{"keys":[211,210],"grid":[" /!#"," .!$"," -!%"," +!'"," )!)"," '!+","!","!","!","!","!","!","!","!","!","!"]},"3996":{"keys":[211,210],"grid":[" "," "," "," "," "," "," "," "," "," "," "," "," "," "," "," 0!!"]}},"6756":{"3996":{"keys":[211,210],"grid":[" "," "," "," "," "," "," "," "," "," "," "," "," "," "," !!0","!"]}},"6757":{"3997":{"keys":[210,211],"grid":[" )!)"," +!'"," .!$"," 0!!"," "," "," "," "," "," "," "," "," "," "," "," "]},"3996":{"keys":[211,210],"grid":[" "," "," "," "," "," "," "," "," "," "," "," "," "," "," ","!& ,"]}},"6754":{"3997":{"keys":[211,210],"grid":[" "," "," ","!! 0","!% -","!) '!#","!","!","!","!","!","!","!","!","!","!"]}},"6755":{"3997":{"keys":[211,210],"grid":[" *!("," (!*"," &!,"," #!/","!","!","!","!","!","!","!","!","!","!","!","!"]},"3996":{"keys":[211,210],"grid":[" "," "," "," "," "," "," "," "," "," "," "," "," "," "," "," -!%"]}},"6699":{"4061":{"keys":[211,210],"grid":[" "," "," "," "," "," "," "," "," "," "," $!$ +","!, &","!/ #","!","!","!"]},"3999":{"keys":[222,211],"grid":[" ,!&"," &!,","!","!","!","!","!","!","!","!","!","!","!","!","!","!"]},"3998":{"keys":[222,211],"grid":[" "," "," "," "," "," "," "," "," "," "," "," "," "," "," "," /!#"]}},"6698":{"4062":{"keys":[211,210],"grid":[" *!("," )!)"," '!+"," %!-","!","!","!","!","!","!","!","!","!","!","!","!"]},"4061":{"keys":[211,210],"grid":[" "," "," "," "," "," "," "," "," "," "," "," /!#"," .!$"," -!%"," ,!&"," +!'"]},"3999":{"keys":[211,222],"grid":[" '!+"," -!%"," "," "," "," "," "," "," "," "," "," "," "," "," "," "]},"3998":{"keys":[222,211],"grid":[" "," "," "," "," "," "," "," "," "," "," "," "," "," "," ","!! 0"]}},"6693":{"4062":{"keys":[211,210],"grid":[" "," "," "," "," "," "," "," "," "," ","!( *","!* (","!+ '","!- %","!. $","!/ #"]},"4063":{"keys":[210,211],"grid":[" 0!!"," "," "," "," "," "," "," "," "," "," "," "," "," "," "," "]},"3991":{"keys":[222,211],"grid":[" "," "," "," "," "," "," "," "," "," "," ","!+ '","!/ #","!","!","!"]}},"6692":{"4062":{"keys":[211,210],"grid":[" "," "," "," "," "," "," "," "," ","!& ,","!( (!#","!","!","!","!","!"]},"3991":{"keys":[222,211],"grid":[" "," "," "," "," "," "," "," "," "," ","!- %","!","!","!","!","!"]},"3990":{"keys":["",222,211],"grid":[" %!-","00","!","#!!0","03","03","03","03","03","03","03","!","!","!","!","!"]}},"6691":{"4062":{"keys":[211,210],"grid":[" "," "," "," "," "," "," "," "," "," .!$"," *!("," %!-","!","!","!","!"]}},"6690":{"4062":{"keys":[211,210],"grid":[" "," "," "," "," "," "," "," "," "," "," "," "," 0!!"," +!'"," &!,","!"]}},"6697":{"4062":{"keys":[211,210],"grid":[" "," "," "," "," 0!!"," .!$"," '!+","!","!","!","!","!","!","!","!","!"]},"3996":{"keys":[211,222],"grid":[" $!.","00","00","00","00","00","00","00"," %!-","08","08"," &!,"," '!+","12"," (!*","14"]},"3995":{"keys":[222,211],"grid":[" ","!! 0","!# /","02","02","!$ .","05","05","05","05","05","!% -","11","11","11","11"]},"3997":{"keys":[211,222],"grid":[" (!*"," )!)","01"," *!(","03","03"," +!'","06","06","06","06","06","06","06","03","03"]},"3998":{"keys":[211,222],"grid":[" *!(","00"," )!)","02","02","02","02"," (!*","07","02","02","00","00"," ,!&"," .!$"," "]}},"6696":{"4062":{"keys":[211,210],"grid":[" "," "," "," "," "," "," "," "," .!$"," ,!&"," +!'"," *!("," )!)"," '!+"," &!,"," $!."]},"4063":{"keys":[211,210],"grid":[" !!0","!","!","!","!","!","!","!","!","!","!","!","!","!","!","!"]},"3995":{"keys":[211],"grid":[" "," "," "," "," "," "," "," "," "," "," "," "," "," "," "," "]},"3994":{"keys":[211,222],"grid":[" %!-","00"," &!,"," '!+","03","03"," (!*"," )!)","07"," *!("," +!'"," ,!&"," -!%"," .!$"," /!#"," 0!!"]},"3993":{"keys":[222,211],"grid":[" "," "," "," "," "," "," "," "," ","!! 0","09","!# /","11","!$ .","13","!% -"]}},"6695":{"4063":{"keys":[211,210],"grid":[" "," *!("," '!+"," %!-"," $!."," #!/"," !!0","!","!","!","!","!","!","!","!","!"]},"3993":{"keys":[211,222],"grid":[" +!'"," ,!&"," -!%"," .!$","03"," /!#"," 0!!","06"," "," "," "," "," "," "," "," "]},"3992":{"keys":[222,211],"grid":[" "," "," "," "," "," "," "," "," "," "," !!! /","!$ .","!& ,","!' +","!( *","!* ("]}},"6694":{"4063":{"keys":[211,210],"grid":[" "," ","!! 0","!# /","03","!$ .","!% -","!' +","!( (!#","!* $!%","!","!","!","!","!","!"]},"3992":{"keys":[211,222],"grid":[" #!/"," $!.","01"," %!-"," &!,","04"," '!+","06"," (!*"," )!)","09"," *!' !"," +!$ $"," +!! &"," "," "]},"3991":{"keys":[222,211],"grid":[" "," "," "," "," "," "," "," "," "," "," "," "," "," ","!! 0","14"]}},"6818":{"3995":{"keys":[221,"",210],"grid":[" "," "," "," "," -!%","04","04","04"," $!!#-"," !!$#-","#","#","#","#","#","#"]}},"6811":{"3970":{"keys":[211,221],"grid":[" 0!!","00"," "," "," "," "," "," "," "," "," "," "," "," "," "," "]},"3980":{"keys":[211,221],"grid":[" "," "," "," "," "," "," "," "," "," "," "," "," "," "," "," 0!!"]},"3981":{"keys":[211,221],"grid":[" .!$"," -!%"," ,!&"," *!("," )!)"," (!*"," '!+"," %!-"," $!."," #!/","!","!","!","!","!","!"]},"3999":{"keys":[221,210],"grid":[" "," "," "," "," "," 0!!"," .!$"," *!("," &!,"," !!0","!","!","!","!","!","!"]},"3969":{"keys":[221,211],"grid":[" "," "," "," "," "," "," "," "," ","!! 0","!$ .","!' +","!) )","!, &","!. $","!/ #"]}},"6810":{"3982":{"keys":[211,221],"grid":[" *!("," (!*"," '!+"," &!,"," $!."," !!0","!","!","!","!","!","!","!","!","!","!"]},"3981":{"keys":[211,221],"grid":[" "," "," "," "," "," "," "," "," "," "," "," 0!!"," /!#"," -!%"," ,!&"," +!'"]},"3999":{"keys":[221,210],"grid":[" "," "," "," "," "," "," "," "," "," "," .!$"," *!("," &!,"," !!0","!","!"]},"3969":{"keys":[221,211],"grid":[" "," "," ","!! 0","!% -","!' +","!* (","!, &","!/ #","!","!","!","!","!","!","!"]}},"6813":{"3976":{"keys":[211,221],"grid":[" +!'"," ,!&","01","01","01","01","01","01","01","01","01","01","01","01"," -!%","14"]},"3973":{"keys":[221,211],"grid":[" ","!! 0","01","01","!# /","04","!$ .","06","06","!% -","09","09","!& ,","12","!' +","14"]},"3972":{"keys":[221],"grid":[" "," "," "," "," "," "," "," "," "," "," "," "," "," "," "," "]},"3975":{"keys":[211,221],"grid":[" *!(","00","00"," +!'","03","03","03","03","03","03","03","03","03","03","03","03"]},"3974":{"keys":[211,221],"grid":[" '!+"," (!*","01","01"," )!)","04"," *!(","06","06","06","06","06","06","06","06","06"]},"3977":{"keys":[211,221],"grid":[" -!%","00","00","00","00","00","00","00","00","00","00","00"," .!$","12","12","12"]},"3998":{"keys":[221,210],"grid":[" "," 0!!"," .!$"," -!%"," +!'"," *!("," (!*"," &!,"," %!-"," #!/","!","!","!","!","!","!"]},"3979":{"keys":[211,221],"grid":[" /!#","00","00","00","00","00","00","00"," -!%"," ,!&"," +!'"," *!("," (!*"," '!+"," &!,"," $!."]},"3978":{"keys":[211,221],"grid":[" .!$","00","00","00","00","00","00","00","00","00"," /!#","10","10","10","10","10"]},"3980":{"keys":[211,221],"grid":[" #!/"," !!0","!","!","!","!","!","!","!","!","!","!","!","!","!","!"]}},"6812":{"3971":{"keys":[211,221],"grid":[" &!,","00","00"," '!+","03","03"," (!*","06"," )!)","08","08"," *!(","11","11"," +!'","14"]},"3970":{"keys":[221,211],"grid":[" "," "," "," "," ","!! 0","05","05","!# /","08","08","!$ .","11","!% -","13","13"]},"3972":{"keys":[211,221],"grid":[" +!'"," ,!&","01"," -!%","03","03"," .!$","06","06"," /!#","09"," 0!!","11","11"," "," "]},"3999":{"keys":[221,210],"grid":[" (!*"," &!,"," %!-"," #!/","!","!","!","!","!","!","!","!","!","!","!","!"]},"3998":{"keys":[221,210],"grid":[" "," "," "," "," "," "," "," "," "," "," "," 0!!"," .!$"," -!%"," +!'"," )!)"]},"3980":{"keys":[211,221],"grid":[" "," "," 0!!"," /!#"," .!$"," -!%"," +!'"," *!("," )!)"," '!+"," &!,"," %!-"," #!/"," !!0","!","!"]}},"6815":{"3997":{"keys":[221,210],"grid":[" +!'"," *!("," (!*"," '!+"," %!-"," #!/"," !!0","!","!","!","!","!","!","!","!","!"]},"3996":{"keys":[221,210],"grid":[" "," "," "," "," "," "," "," "," "," "," "," "," "," 0!!"," /!#"," -!%"]}},"6814":{"3997":{"keys":[221,210],"grid":[" "," "," "," "," "," "," "," 0!!"," /!#"," -!%"," +!'"," *!("," (!*"," &!,"," %!-"," #!/"]},"3998":{"keys":[221,210],"grid":[" !!0","!","!","!","!","!","!","!","!","!","!","!","!","!","!","!"]}},"6817":{"3996":{"keys":[221,210],"grid":[" %!-"," $!."," !!0","!","!","!","!","!","!","!","!","!","!","!","!","!"]},"3995":{"keys":[221,210],"grid":[" "," "," "," "," "," "," "," "," "," "," /!#"," -!%"," ,!&"," *!("," )!)"," '!+"]}},"6816":{"3996":{"keys":[221,210],"grid":[" "," "," "," 0!!"," /!#"," -!%"," ,!&"," *!("," (!*"," '!+"," %!-"," $!."," !!0","!","!","!"]}},"6745":{"3997":{"keys":[211,210],"grid":[" "," "," "," "," "," "," "," ","!! 0","!# /","!$ .","!% -","!& ,","!' +","!( *","!) )"]},"3998":{"keys":[210,211],"grid":[" +!'"," -!%"," /!#"," "," "," "," "," "," "," "," "," "," "," "," "," "]}},"6744":{"3997":{"keys":[210,211],"grid":[" *!("," ,!&"," -!%"," .!$"," /!#"," 0!!"," "," "," "," "," "," "," "," "," "," "]},"3996":{"keys":[211,210],"grid":[" "," "," "," "," "," "," "," "," "," ","!# /","!$ .","!% -","!' +","!( *","!) )"]}},"6747":{"3997":{"keys":[211,210],"grid":[" ,!&"," -!%","01"," .!$","03","03","01","01","!! +!&","!$ )!&","!& &!'","!","!","!","!","!"]},"3996":{"keys":[211,210],"grid":[" "," "," "," "," "," "," .!$"," +!'"," *!("," )!)","09","09","08","08","07"," ,!&"]}},"6746":{"3997":{"keys":[211,210],"grid":[" "," "," "," "," "," "," "," ,!% !"," +!'"," *!("," )!)","10","10","10"," (!*","14"]},"3998":{"keys":[211,210],"grid":[" (!*","00"," &!,","!","!","!","!","!","!","!","!","!","!","!","!","!"]}},"6741":{"3996":{"keys":[211,210],"grid":[" "," "," "," "," "," "," "," ","!% -","!) )","!- %","!0 !","!","!","!","!"]}},"6740":{"3996":{"keys":[211,210],"grid":[" "," "," "," "," "," ","!# /","!' +","!","!","!","!","!","!","!","!"]}},"6743":{"3996":{"keys":[211,210],"grid":[" "," "," "," "," "," "," "," (!% &"," %!+ #"," #!/","!","!","!","!","!","!"]}},"6742":{"3996":{"keys":[211,210],"grid":[" "," "," "," "," "," "," "," "," "," "," "," /!#","!$ (!'","!","!","!"]}},"6749":{"3997":{"keys":[210,211],"grid":[" .!$"," 0!!"," "," "," "," "," "," "," "," "," "," "," "," "," "," "]},"3996":{"keys":[211,210],"grid":[" "," "," "," "," "," "," ","!! 0","!# /","!$ .","!& ,","!( *","!* (","!+ '","!, &","!- %"]}},"6748":{"3996":{"keys":[211,210],"grid":[" "," "," %!* $"," $!- !"," #!. !","!","!","!","!","!","!","!","!","!","!","!"]}},"6783":{"4000":{"keys":[211,210],"grid":[" "," "," "," "," "," /!#"," *!("," $!.","!","!","!","!","!","!","!","!"]},"3956":{"keys":[211,221],"grid":[" $!."," &!,"," (!*"," *!("," ,!&"," .!$"," 0!!"," "," "," "," "," "," "," "," "," "]},"3955":{"keys":[221,211],"grid":[" "," "," "," "," "," "," "," "," "," "," "," "," "," "," ","!! 0"]}},"6730":{"3999":{"keys":[211,210],"grid":[" "," "," "," "," "," '!& &"," %!* $"," $!."," #!/"," !!0","09","!","!","!","!","!"]}},"6731":{"3999":{"keys":[211,210],"grid":[" +!'"," *!(","01","01"," )!)","04","04"," (!*","!$ %!*","!","!","!","!","!","!","!"]},"3998":{"keys":[211,210],"grid":[" "," "," "," "," "," "," "," "," "," "," "," 0!!"," .!$"," -!%"," ,!&"," +!'"]}},"6732":{"3997":{"keys":[211,210],"grid":[" (!*"," '!+","01"," &!,","03","03","03"," %!-","07","07","07","07","03","03","03","01"]},"3996":{"keys":[211,210],"grid":[" "," "," "," "," "," "," "," "," 0!!"," /!#"," -!%"," ,!&"," +!'"," *!("," )!)"," (!*"]},"3998":{"keys":[211,210],"grid":[" '!+","00","00","00","00","00"," &!,","06"," %!-"," $!."," !!0","!","!","!","!","!"]}},"6782":{"4000":{"keys":[211,210],"grid":[" "," "," "," "," "," "," "," "," -!%"," %!-","!","!","!","!","!","!"]},"3955":{"keys":[221,211],"grid":[" "," "," "," "," "," "," ","!! 0","!$ .","!& ,","!( *","!* (","!, &","!. $","!0 !","!"]}},"6734":{"3997":{"keys":[210,211],"grid":[" /!#"," "," "," "," "," "," "," "," "," "," "," "," "," "," "," "]},"3996":{"keys":[211,210],"grid":[" "," "," "," "," "," "," "," "," "," "," "," "," "," "," ","!% -"]}},"6735":{"3997":{"keys":[211,210],"grid":[" ","!# /","!' +","!( *","!* (","!, &","!- %","!/ #","!0 !","!","!","!","!","!","!","!"]}},"6736":{"3997":{"keys":[211,210],"grid":[" "," "," "," "," "," "," "," "," "," "," ","!! 0","!# /","!$ .","!% -","!& ,"]},"3998":{"keys":[210,211],"grid":[" &!,"," '!+"," (!*"," )!)","03"," *!("," +!'"," ,!&"," -!%"," "," "," "," "," "," "," "]}},"6737":{"3997":{"keys":[211,210],"grid":[" "," "," "," "," "," "," "," "," "," "," 0!!"," /!#","11"," .!$"," -!%"," ,!&"]},"3998":{"keys":[211,210],"grid":[" ,!&"," +!'"," *!("," )!)","03"," (!*"," '!+"," %!-"," $!.","!","!","!","!","!","!","!"]}},"6738":{"3997":{"keys":[211,210],"grid":[" "," 0!!"," /!#"," .!$"," -!%"," +!'"," )!)"," &!,"," #!/","!","!","!","!","!","!","!"]}},"6739":{"3997":{"keys":[210],"grid":[" "," "," "," "," "," "," "," "," "," "," "," "," "," "," "," "]},"3996":{"keys":[211,210],"grid":[" "," "," "," "," +!# %"," (!) !"," &!,","06"," %!-","08"," $!.","10"," #!/","12"," !!0","!"]}},"6793":{"3997":{"keys":[211,210],"grid":[" "," "," "," 0!!"," -!%"," +!'"," )!)"," &!,"," $!.","!","!","!","!","!","!","!"]},"3961":{"keys":[221,211],"grid":[" "," ","!# /","!% -","!' +","!) )","!* (","!, &","!. $","!0 !","!","!","!","!","!","!"]}},"6789":{"3959":{"keys":[221,211],"grid":[" ","!# /","!% -","!' +","!) )","!+ '","!- %","!. $","!0 !","!","!","!","!","!","!","!"]},"3999":{"keys":[211,210],"grid":[" +!'"," (!*"," &!,"," #!/","!","!","!","!","!","!","!","!","!","!","!","!"]},"3998":{"keys":[211,210],"grid":[" "," "," "," "," "," "," "," "," "," "," "," "," "," "," /!#"," -!%"]}},"6788":{"3959":{"keys":[211],"grid":[" "," "," "," "," "," "," "," "," "," "," "," "," "," "," "," "]},"3958":{"keys":[221,211],"grid":[" "," "," "," "," "," "," "," "," ","!# /","!% -","!' +","!) )","!+ '","!- %","!/ #"]},"3999":{"keys":[211,210],"grid":[" "," "," "," "," "," /!#"," ,!&"," *!("," &!,","!","!","!","!","!","!","!"]}}}}