{"9":{"146":{"186":{"keys":[7,1,3],"grid":[" "," "," "," "," "," "," "," "," 0!!"," /!#"," /!!#!"," .!##!"," .!!##"," -!###","!.#$","#"]}},"147":{"186":{"keys":[7,1,3],"grid":[" $!##,"," $!!#-"," #!##-"," #!!#."," !!##."," !!!#/","!##/","!!#0","07","#","#","#","#","#","#","#"]},"185":{"keys":[7,1,3],"grid":[" "," "," "," "," "," "," "," /!#"," -!$#!"," +!$#$"," +!!#&"," *!##&"," (!$#'"," '!##)"," &!##*"," %!##+"]}},"144":{"186":{"keys":[7,1,3],"grid":[" "," "," "," "," "," "," "," "," "," "," "," "," "," ","!","!!#0"]}},"145":{"186":{"keys":[7,1,3],"grid":[" "," "," "," "," "," "," "," "," "," "," "," "," "," ","!","#"]}},"155":{"182":{"keys":[7,1,3],"grid":[" "," 0!!"," ","01"," "," "," "," /!#"," /!!#!"," .!##!","09"," -!$#!"," ,!$##"," *!$#%"," *!!#'"," )!##'"]},"183":{"keys":[7,1,3],"grid":[" (!##("," '!##)"," '!!#*","01"," &!! !!##("," %!$ !!!#("," %!!#!!$#(","!# #!!#,","!$ !!!#,","##!! !!!#,","##!$#,","10","#","#","#","#"]}},"154":{"183":{"keys":[7,1,3],"grid":[" "," "," "," "," "," "," "," "," /!#"," )!$ #!##!"," (!##!!%##"," '!##%!###"," '!##)"," '!!#*","13"," &!##*"]},"184":{"keys":[7,1,3],"grid":[" %!##+","00","!'#+","#","#","#","#","#","#","#","#","#","#","#","#","#"]}},"157":{"179":{"keys":[7,1,3],"grid":[" "," )!! ("," )!& $"," (!###!$ #"," '!##%!# #"," &!##&!! $"," &!!#'!! $"," %!##'!! $"," $!##(!! $"," $!!#)!$ !"," #!##+!#"," !!##-!!"," !!!#/","!##/","!!#0","#"]}},"150":{"184":{"keys":[7,1,3],"grid":[" "," ","!$ )!&","##!+#%","#","#","#","#","#","#","#","#","#","#","#","#"]}},"159":{"182":{"keys":[3,1,7],"grid":[" *!!#'","00","00","00"," *!##&","04","00","00","04"," )!##'","09","09"," )!%#%"," *!$#%"," ,!$##"," -!%"]},"183":{"keys":[3,1],"grid":[" "," "," "," 0!!"," "," "," "," "," "," "," "," "," "," "," "," "]},"180":{"keys":[3,1,7],"grid":[" *!!#'","00","00","00","00","00","00","00","00","00","00","00","00","00","00","00"]},"181":{"keys":[3,1,7],"grid":[" *!!#'","00","00","00","00","00","00","00","00","00","00","00","00","00","00","00"]},"179":{"keys":[7,1,3],"grid":[" "," "," "," "," ","!! 0","!# /","#!!# .","##!# -","#$!# ,","#%!# +","#&!# *","#'!# )","#(!! )","#(!$ '","#*!! '"]}},"158":{"179":{"keys":[7,1,3],"grid":[" "," "," "," "," "," ,!&"," ,!!#%"," (!'#$"," '!##)"," #!&#*"," !!##.","!##/","#","#","#","#"]}},"156":{"182":{"keys":[1,3,7],"grid":[" !!0","00","00"," #!/","#! !!/","04","03","00","!","!","!","!","!","!","!","!"]},"180":{"keys":[7,1,3],"grid":[" /!#"," .!##!"," -!###"," -!!#$"," ,!##$"," +!##%"," +!!#&"," *!##&"," )!##'"," )!!#("," (!##("," (!!#)"," '!##)"," '!!#*","13","13"]},"181":{"keys":[7,1,3],"grid":[" '!!#*","00","00"," &!##*"," %!##+"," %!!#,"," #!$#,"," #!!#."," !!##."," !!!#/","09","!##/","11","09","09","11"]},"179":{"keys":[7,1],"grid":[" "," "," "," "," "," "," "," "," "," "," "," "," "," "," 0!!","14"]}},"151":{"184":{"keys":[7,1,3],"grid":[" "," ","!","#","#","#","#","#","#","#","#","#","#","#","#","#"]}},"153":{"184":{"keys":[7,1,3],"grid":[" "," ","!","#","#","#","#","#","#","#","#","#","#","#","#","#"]}},"148":{"184":{"keys":[7,1,3],"grid":[" "," "," "," "," "," "," "," /!#"," .!##!"," -!###"," ,!##$"," +!##%"," *!##&"," )!##'"," (!##("," '!##)"]},"185":{"keys":[7,1,3],"grid":[" &!##*"," %!##+"," $!##,"," #!##-"," #!!#."," !!##.","!##/","!!#0","#","#","#","#","#","#","#","#"]}},"149":{"184":{"keys":[7,1,3],"grid":[" "," "," (!*"," &!$##!##%"," $!$#+"," #!##-","!$#.","!!#0","#","#","#","#","#","#","#","#"]}},"152":{"184":{"keys":[7,1,3],"grid":[" "," ","!","#","#","#","#","#","#","#","#","#","#","#","#","#"]}}},"13":{"2524":{"2873":{"keys":[3,7],"grid":[" /!#","00"," 0!!"," "," "," "," "," "," "," "," "," "," "," "," "," "]},"2872":{"keys":[3,7],"grid":[" ,!&"," -!%","01","01"," .!$","01","04","01","01","01","00","00","01","01","04","04"]},"2871":{"keys":[3,7],"grid":[" ,!&"," -!%","01","00","00","00"," +!'","00","00","00","01","01","01","01","01","00"]},"2870":{"keys":[3,7],"grid":[" +!'","00","00","00","00","00","00","00","00","00","00","00","00","00"," ,!&","14"]},"2866":{"keys":[7,3],"grid":[" "," "," "," "," "," "," "," "," "," "," "," "," "," "," '!$ ("," &!' &"]},"2867":{"keys":[7,3],"grid":[" $!! !!' !!# #"," !!, !!! #","!, !!$ !","!0 !","!","03","!/ #","!","!","!","!","!","!/ !!!","03","12","06"]},"2868":{"keys":[3,7],"grid":[" "," /!! !"," .!$","02","02"," /!#"," 0!!","06"," -!%"," ,!&","08"," +!'","11","11","11","11"]},"2869":{"keys":[3,7],"grid":[" +!'","00","00","00","00","00","00","00","00","00","00","00","00","00","00","00"]}},"2348":{"2990":{"keys":[7,3],"grid":[" ,!&"," +!'"," *!(","02"," )!)","04","!","!","!","!","!","!","!","!","!","!"]},"2989":{"keys":[7,3],"grid":[" "," "," "," "," "," "," "," "," 0!!"," /!#","09"," .!$","11"," -!%","13"," ,!&"]}},"2323":{"2990":{"keys":[7,3],"grid":[" "," "," "," "," "," ","!","!","!","!","!","!","!","!","!","!"]}},"2322":{"2990":{"keys":[7,3],"grid":[" "," "," "," "," "," ","!","!","!","!","!","!","!","!","!","!"]}},"2321":{"2990":{"keys":[7,3],"grid":[" "," "," "," "," "," ","!","!","!","!","!","!","!","!","!","!"]}},"2320":{"2990":{"keys":[7,3],"grid":[" "," "," "," "," "," ","!","!","!","!","!","!","!","!","!","!"]}},"2327":{"2990":{"keys":[7,3],"grid":[" "," "," "," "," "," ","!","!","!","!","!","!","!","!","!","!"]}},"2326":{"2990":{"keys":[7,3],"grid":[" "," "," "," "," "," ","!","!","!","!","!","!","!","!","!","!"]}},"2325":{"2990":{"keys":[7,3],"grid":[" "," "," "," "," "," ","!","!","!","!","!","!","!","!","!","!"]}},"2324":{"2990":{"keys":[7,3],"grid":[" "," "," "," "," "," ","!","!","!","!","!","!","!","!","!","!"]}},"2486":{"2929":{"keys":[7,3],"grid":[" "," "," "," "," "," "," "," "," "," "," "," "," "," "," "," 0!!"]},"2934":{"keys":[3,7],"grid":[" *!("," +!'"," -!%"," /!#"," "," "," "," "," "," "," "," "," "," "," "," "]},"2933":{"keys":[7,3],"grid":[" "," "," ","!! 0","!$ .","04","04","04","04","04","!& ,","!' +","!( *","!) )","13","13"]},"2930":{"keys":[7,3],"grid":[" 0!!"," /!#"," -!%"," ,!&","03"," +!'","05","03","02","01","00","00","00","01"," .!$","14"]},"2931":{"keys":[7,3],"grid":[" -!%"," .!$","01"," /!#"," 0!!"," "," "," "," "," "," "," "," "," "," "," "]}},"2487":{"2929":{"keys":[7,3],"grid":[" ,!&"," )!)"," (!*","02"," '!+"," &!,"," %!-","06","06"," $!.","09","09"," !!0","!","!","!"]},"2928":{"keys":[7,3],"grid":[" 0!!"," /!#"," .!$","02"," -!%","04"," ,!&"," (!*"," )!)","08","07","07","08"," *!("," +!'","06"]},"2934":{"keys":[7,3],"grid":[" "," "," #!# %!$ &","!. $","!/ #","!","!","!","!","!","!","!","!","!","!","!"]},"2932":{"keys":[7,3],"grid":[" +!'","00","00","00"," -!%"," /!#"," "," "," "," "," "," "," "," "," "," "]},"2931":{"keys":[3,7],"grid":[" "," "," "," "," "," ","!$ .","!% -","!' +","08","08","08","08","08","!* (","!+ '"]}},"2329":{"2990":{"keys":[7,3],"grid":[" "," "," "," "," "," ","!","!","!","!","!","!","!","!","!","!"]}},"2328":{"2990":{"keys":[7,3],"grid":[" "," "," "," "," "," ","!","!","!","!","!","!","!","!","!","!"]}},"2482":{"2936":{"keys":[7,3],"grid":[" "," "," "," "," "," "," "," "," "," "," ","!! 0","!$ .","12","12","12"]},"2937":{"keys":[3,7],"grid":[" $!."," %!-"," &!,","02"," '!+","02","02","02","01","00","00","00","00"," #!/","01","01"]},"2938":{"keys":[3,7],"grid":[" &!,"," '!+","01"," (!*"," )!)","04","04"," *!("," ,!&","08","08"," -!%","11","08","08","08"]},"2939":{"keys":[3,7],"grid":[" ,!&"," -!%"," .!$"," /!#"," 0!!"," "," "," "," "," "," "," "," "," "," "," "]}},"2483":{"2938":{"keys":[7,3],"grid":[" "," "," "," "," 0!!"," .!$","05","05","05","05","05"," /!#","05","05","05","05"]},"2939":{"keys":[7,3],"grid":[" /!#"," 0!!","01"," "," ","!% *!$","!' &!&","!* !!'","!","!","!","!","!","!","!","!"]}},"2480":{"2936":{"keys":[7,3],"grid":[" #!( ("," !!* '"," %!-","02"," &!,","02","02"," $!.","07"," #!/","!","!","!","!","!","!"]},"2935":{"keys":[7,3],"grid":[" "," "," "," "," "," "," "," "," "," "," "," !!$ -"," !!% ,"," !!& +"," #!& *"," #!( ("]}},"2481":{"2936":{"keys":[7,3],"grid":[" $!& )","00","!) )","!* (","!+ '","04","04","!- %","07","!0 !","!","!","!","!","!","!"]},"2935":{"keys":[7,3],"grid":[" "," "," "," "," "," "," "," "," "," "," "," "," "," "," "," &!$ )"]}},"2406":{"2947":{"keys":[7,3],"grid":[" "," ","!","!","!","!","!","!","!","!","!","!","!","!","!","!"]}},"2407":{"2947":{"keys":[7,3],"grid":[" "," ","!","!","!","!","!","!","!","!","!","!","!","!","!","!"]}},"2404":{"2947":{"keys":[7,3],"grid":[" "," ","!","!","!","!","!","!","!","!","!","!","!","!","!","!"]}},"2405":{"2947":{"keys":[7,3],"grid":[" "," ","!","!","!","!","!","!","!","!","!","!","!","!","!","!"]}},"2402":{"2947":{"keys":[3,7],"grid":[" 0!!"," "," "," "," "," "," "," "," "," "," "," "," "," "," "," "]},"2946":{"keys":[7],"grid":[" "," "," "," "," "," "," "," "," "," "," "," "," "," "," "," "]}},"2403":{"2947":{"keys":[7,3],"grid":[" ","!","!","!","!","!","!","!","!","!","!","!","!","!","!","!"]}},"2400":{"2946":{"keys":[7,3],"grid":[" "," "," "," "," "," "," "," "," "," "," "," "," "," "," ","!"]}},"2401":{"2946":{"keys":[7,3],"grid":[" "," "," "," "," "," "," "," "," "," "," "," "," "," "," ","!. $"]}},"2316":{"2990":{"keys":[7,3],"grid":[" "," "," "," "," "," ","!","!","!","!","!","!","!","!","!","!"]}},"2408":{"2947":{"keys":[7,3],"grid":[" "," ","!","!","!","!","!","!","!","!","!","!","!","!","!","!"]}},"2409":{"2947":{"keys":[7,3],"grid":[" "," ,!&","!","!","!","!","!","!","!","!","!","!","!","!","!","!"]}},"2464":{"2946":{"keys":[7,3],"grid":[" "," "," "," "," "," "," "," ","!","!","!","!","!","!","!","!"]}},"2465":{"2946":{"keys":[7,3],"grid":[" "," "," "," "," "," "," "," .!$","!","!","!","!","!","!","!","!"]}},"2466":{"2946":{"keys":[7,3],"grid":[" "," "," "," "," "," "," ","!","!","!","!","!","!","!","!","!"]}},"2467":{"2946":{"keys":[7,3],"grid":[" "," "," "," "," "," "," ","!","!","!","!","!","!","!","!","!"]}},"2460":{"2946":{"keys":[7,3],"grid":[" "," "," "," "," "," "," "," "," "," '!+","!","!","!","!","!","!"]}},"2461":{"2946":{"keys":[7,3],"grid":[" "," "," "," "," "," "," "," "," ","!","!","!","!","!","!","!"]}},"2462":{"2946":{"keys":[7,3],"grid":[" "," "," "," "," "," "," "," "," !!0","!","!","!","!","!","!","!"]}},"2463":{"2946":{"keys":[7,3],"grid":[" "," "," "," "," "," "," "," ","!","!","!","!","!","!","!","!"]}},"2468":{"2946":{"keys":[7,3],"grid":[" "," "," "," "," "," 0!!"," ","!","!","!","!","!","!","!","!","!"]},"2945":{"keys":[7,3],"grid":[" "," "," "," /!#","03"," 0!!","03"," "," "," "," "," "," "," "," "," "]},"2944":{"keys":[7],"grid":[" "," "," "," "," "," "," "," "," "," "," "," "," "," "," "," "]}},"2469":{"2946":{"keys":[3,7],"grid":[" ","!! 0"," "," "," "," "," "," "," "," "," "," "," "," "," "," "]},"2945":{"keys":[3,7],"grid":[" "," "," "," "," "," "," ","!$ .","07","07","!# /","10","10","10"," "," "]},"2944":{"keys":[7,3],"grid":[" -!%","00"," ,!&"," (!*","03"," %!-"," &!,","05","05"," #!/"," !!0","10","10","10","10","!"]},"2943":{"keys":[7,3],"grid":[" "," "," "," "," "," "," "," "," "," "," "," 0!!","11"," /!#"," -!%","14"]}},"2506":{"2886":{"keys":[7,3],"grid":[" /!#","00"," .!$"," -!%","03"," ,!&"," +!'"," *!(","07"," )!)"," (!*","10"," '!+"," &!,","13"," %!-"]},"2887":{"keys":[7,3],"grid":[" $!.","00"," #!/"," !!0","03","!","!","!","!","!","!","!","!","!","!","!"]},"2885":{"keys":[7,3],"grid":[" "," "," "," "," "," "," "," "," "," "," "," "," "," "," "," 0!!"]}},"2488":{"2928":{"keys":[3],"grid":[" "," "," "," "," "," "," "," "," "," "," "," "," "," "," "," "]},"2934":{"keys":[7,3],"grid":[" ,!&"," +!'","01","01"," *!(","01","!! *!'","!! +!&","06","!! (!)","!! &!+","!","!","!","!","!"]},"2932":{"keys":[3,7],"grid":[" "," "," "," "," "," "," ","!! 0","!& ,","08","!' +","10","!) )","12","12","!* ("]},"2933":{"keys":[7,3],"grid":[" +!'"," -!%"," .!$","02","02","01","01","00","00"," ,!&","09","01"," 0!!","12","12","02"]},"2927":{"keys":[7,3],"grid":[" "," /!#"," +!! !!%"," )!)"," (!*"," '!+","05"," &!,","07","07"," %!-"," $!."," #!/","12"," !!0","!"]}},"2499":{"2902":{"keys":[7,3],"grid":[" "," "," "," "," "," 0!!"," /!#","05"," .!$"," $!! #!& !!%"," #!/"," !!0","!","!","!","!"]}},"2498":{"2903":{"keys":[7,3],"grid":[" ,!&","00","00"," +!'"," *!(","04"," )!)"," (!*"," '!+","08","08","07","07","07","08","07"]},"2902":{"keys":[7,3],"grid":[" "," "," "," "," "," "," "," "," "," "," "," "," "," 0!!"," -!%","14"]},"2904":{"keys":[7,3],"grid":[" (!*"," )!)","00","00","00","00","00","00","00"," %!-","09"," $!.","!","!","!","!"]}},"2552":{"2921":{"keys":[3],"grid":[" "," "," "," "," "," "," "," "," "," "," "," "," "," "," "," "]},"2923":{"keys":[3,7],"grid":[" "," "," "," "," 0!!","04"," "," "," "," "," "," "," "," "," "," "]},"2922":{"keys":[3,7],"grid":[" 0!!"," "," "," "," "," "," "," "," "," "," "," "," "," "," "," "]},"2924":{"keys":[3,7],"grid":[" "," "," "," "," "," "," -!%"," .!$","07"," /!#"," 0!!","10"," "," "," "," "]},"2878":{"keys":[7,3],"grid":[" "," "," ","!! 0","!# /","!$ .","!& ,","!( *","!+ '","!- %","!. $","!/ #","11","!","!","!"]}},"2553":{"2903":{"keys":[3,7],"grid":[" *!(","00","00","00","00","00","00","00","00","00","00","00","00","00","00","00"]},"2902":{"keys":[3,7],"grid":[" *!(","00","00","00","00","00","00","00","00","00","00","00","00","00","00","00"]},"2901":{"keys":[3,7],"grid":[" *!(","00","00","00","00","00","00","00","00","00","00","00","00","00","00","00"]},"2900":{"keys":[3,7],"grid":[" )!)","00","00","00","00","00","00","00"," *!(","08","08","08","08","08","08","08"]},"2907":{"keys":[3,7],"grid":[" *!(","00","00","00","00","00","00","00","00","00","00","00","00","00"," +!'","14"]},"2906":{"keys":[3,7],"grid":[" *!(","00","00","00","00","00","00","00","00","00","00","00","00","00","00","00"]},"2905":{"keys":[3,7],"grid":[" *!(","00","00","00","00","00","00","00","00","00","00","00","00","00","00","00"]},"2904":{"keys":[3,7],"grid":[" *!(","00","00","00","00","00","00","00","00","00","00","00","00","00","00","00"]},"2921":{"keys":[3,7],"grid":[" !!0","00","!","00","00","00","00","00","00","00","00","00","00","00","00","!"]},"2920":{"keys":[3,7],"grid":[" "," "," "," "," "," +!'","05"," *!("," )!)"," (!*"," &!,"," %!-"," $!."," #!/","13"," !!0"]},"2909":{"keys":[3,7],"grid":[" +!'","00","00","00","00","00","00","00","00","00","00","00","00","00","00","00"]},"2908":{"keys":[3,7],"grid":[" +!'","00","00","00","00","00","00","00","00","00","00","00","00","00","00","00"]},"2925":{"keys":[3],"grid":[" "," "," "," "," "," "," "," "," "," "," "," "," "," "," "," "]},"2924":{"keys":[3,7],"grid":[" !!0","00","00","00"," #!/","00","!","!","!","!","!","!","!","00","00"," 0!!"]},"2913":{"keys":[3,7],"grid":[" +!'","00","00","00","00","00","00","00","00","00","00","00","00","00","00","00"]},"2882":{"keys":[3,7],"grid":[" (!*","00","00","00","00","00","00","00","00","00","00","00","00","00","00","00"]},"2883":{"keys":[3,7],"grid":[" (!*","00","00","00","00","00","00","00","00","00","00","00","00","00","00","00"]},"2880":{"keys":[3,7],"grid":[" '!+","00","00","00","00","00","00","00","00","00","00","00","00","00","00","00"]},"2881":{"keys":[3,7],"grid":[" '!+","00","00","00","00","00"," (!*","06","06","06","06","06","06","06","06","06"]},"2886":{"keys":[3,7],"grid":[" (!*","00","00","00","00","00","00","00","00","00","00","00","00","00","00","00"]},"2887":{"keys":[3,7],"grid":[" (!*","00","00","00","00","00","00","00","00","00","00","00","00","00","00","00"]},"2884":{"keys":[3,7],"grid":[" (!*","00","00","00","00","00","00","00","00","00","00","00","00","00","00","00"]},"2885":{"keys":[3,7],"grid":[" (!*","00","00","00","00","00","00","00","00","00","00","00","00","00","00","00"]},"2888":{"keys":[3,7],"grid":[" (!*","00","00","00","00","00","00","00","00","00","00","00","00","00","00","00"]},"2889":{"keys":[3,7],"grid":[" (!*","00","00","00","00","00","00","00","00","00","00","00","00","00","00","00"]},"2923":{"keys":[3,7],"grid":[" )!)"," *!(","01"," %!-","!","!","!","!","!","!","!","!","!"," !!0","13","13"]},"2910":{"keys":[3,7],"grid":[" +!'","00","00","00","00","00","00","00","00","00","00","00","00","00","00","00"]},"2911":{"keys":[3,7],"grid":[" +!'","00","00","00","00","00","00","00","00","00","00","00","00","00","00","00"]},"2912":{"keys":[3,7],"grid":[" +!'","00","00","00","00","00","00","00","00","00","00","00","00","00","00","00"]},"2922":{"keys":[7,3],"grid":[" "," "," "," "," "," ","!! 0","!$ .","!& ,","!' +","09","09","!( *","12","!) )","14"]},"2914":{"keys":[3,7],"grid":[" +!'","00","00","00","00","00","00","00","00","00","00","00","00","00","00","00"]},"2915":{"keys":[3,7],"grid":[" +!'","00","00","00","00","00","00","00","00","00","00","00","00","00","00","00"]},"2916":{"keys":[3,7],"grid":[" +!'","00","00","00","00","00","00","00"," ,!&"," .!$"," 0!!","10"," "," "," "," "]},"2917":{"keys":[3,7],"grid":[" "," "," "," "," "," "," "," 0!!"," /!#","08","08","08"," +!! !!%"," )!! !!'"," '!+","14"]},"2918":{"keys":[3,7],"grid":[" &!,"," %!-"," $!."," #!/"," !!0","04","04","04","04","04","04","03","01","02","01","01"]},"2919":{"keys":[3,7],"grid":[" &!,","00"," '!+","02"," (!*"," )!)"," *!("," +!'"," -!%"," .!$"," /!#","10"," 0!!","12"," "," "]},"2879":{"keys":[3,7],"grid":[" &!,"," '!+","01","01","01","01","01","01","01","01","01","01","01","01","01","01"]},"2878":{"keys":[7,3],"grid":[" "," "," "," "," "," "," "," "," "," "," "," "," "," ","!! 0","!$ ."]},"2899":{"keys":[3,7],"grid":[" )!)","00","00","00","00","00","00","00","00","00","00","00","00","00","00","00"]},"2898":{"keys":[3,7],"grid":[" )!)","00","00","00","00","00","00","00","00","00","00","00","00","00","00","00"]},"2895":{"keys":[3,7],"grid":[" (!*","00","00","00","00","00","00","00","00","00","00","00","00","00","00","00"]},"2894":{"keys":[3,7],"grid":[" (!*","00","00","00","00","00","00","00","00","00","00","00","00","00","00","00"]},"2897":{"keys":[3,7],"grid":[" )!)","00","00","00","00","00","00","00","00","00","00","00","00","00","00","00"]},"2896":{"keys":[3,7],"grid":[" (!*","00","00","00"," )!)","04","04","04","04","04","04","04","04","04","04","04"]},"2891":{"keys":[3,7],"grid":[" (!*","00","00","00","00","00","00","00","00","00","00","00","00","00","00","00"]},"2890":{"keys":[3,7],"grid":[" (!*","00","00","00","00","00","00","00","00","00","00","00","00","00","00","00"]},"2893":{"keys":[3,7],"grid":[" (!*","00","00","00","00","00","00","00","00","00","00","00","00","00","00","00"]},"2892":{"keys":[3,7],"grid":[" (!*","00","00","00","00","00","00","00","00","00","00","00","00","00","00","00"]}},"2554":{"2920":{"keys":[3,7],"grid":[" !!0"," #!/"," $!.","01","!","!","!","!","!","!","!","!","!","!","!","!"]},"2925":{"keys":[7,3],"grid":[" .!$","!! .!#","!# %!# (!!","!$ !!& (","!+ '","!, &","!. !!! !","!","!","!","!","!","!","!","!","!"]},"2924":{"keys":[7,3],"grid":[" "," "," "," "," "," "," "," "," "," ,!# $"," ,!$ #"," ,!% !","11"," -!%","13","13"]},"2916":{"keys":[7,3],"grid":[" "," "," "," "," "," "," "," "," "," "," "," ","!! 0","!# /","13","!$ ."]},"2917":{"keys":[3,7],"grid":[" %!-"," &!,","00"," $!."," #!/"," !!0","!","!","!","!","!","!","!","!","!","!"]}},"2555":{"2925":{"keys":[3,7],"grid":[" &!,","00"," '!+"," (!*","!! '!*","04","03"," )!)","07"," *!("," +!'","10","10","10"," ,!&"," -!%"]},"2924":{"keys":[7,3],"grid":[" "," "," "," "," "," "," "," "," "," "," "," "," "," #!# -","!% -","14"]},"2926":{"keys":[3,7],"grid":[" -!%"," .!$"," /!#"," 0!!","03","03"," "," "," "," "," "," "," "," "," "," "]}},"2556":{"2927":{"keys":[3],"grid":[" "," "," "," "," "," "," "," "," "," "," "," "," "," "," "," "]},"2926":{"keys":[7,3],"grid":[" "," "," "," "," "," "," "," ","!! 0","!# /","!$ !!! )!! #","!' '!$ !","!( &!%","!) &!$","!* %!$","!+ #!%"]}},"2557":{"2927":{"keys":[3,7],"grid":[" &!,"," '!+"," (!*"," )!)"," "," "," "," "," "," "," "," "," "," "," "," "]},"2926":{"keys":[7,3],"grid":[" "," "," "," "," "," "," "," "," "," "," "," "," ","!! 0","!$ .","!% -"]}},"2491":{"2925":{"keys":[7,3],"grid":[" '!+"," &!,","01","!! $!-","!# !!.","!","!","!","!","!","!","!","!","!","!","!"]},"2924":{"keys":[7,3],"grid":[" "," "," "," "," "," "," "," "," 0!!"," /!#"," .!$"," -!%"," ,!&"," *!("," )!)"," (!*"]}},"2317":{"2990":{"keys":[7,3],"grid":[" "," "," "," "," "," ","!","!","!","!","!","!","!","!","!","!"]}},"2493":{"2921":{"keys":[7,3],"grid":[" .!! #"," +!'","01"," ,!&","03","03","01"," .!$","07","07","07"," /!#","11","07","11","11"]},"2923":{"keys":[7,3],"grid":[" "," "," "," "," "," "," "," "," "," 0!!"," .!$"," ,!&"," *!("," '!+","13"," &!,"]},"2922":{"keys":[7,3],"grid":[" /!#","00","00","00"," 0!!"," "," "," "," "," "," "," "," "," "," "," "]},"2924":{"keys":[7,3],"grid":[" $!.","!","!","!","!","!","!","!","!","!","!","!","!","!","!","!"]}},"2319":{"2990":{"keys":[7,3],"grid":[" "," "," "," "," "," ","!","!","!","!","!","!","!","!","!","!"]}},"2312":{"2990":{"keys":[7,3],"grid":[" "," "," "," "," "," ","!","!","!","!","!","!","!","!","!","!"]}},"2313":{"2990":{"keys":[7,3],"grid":[" "," "," "," "," "," ","!","!","!","!","!","!","!","!","!","!"]}},"2497":{"2910":{"keys":[7,3],"grid":[" *!(","00","00","00"," )!)"," (!*","05","05"," '!+","08"," &!,","10","10","10","08","08"]},"2911":{"keys":[7,3],"grid":[" '!+","!! &!+","!","!","!","!","!","!","!","!","!","!","!","!","!","!"]},"2907":{"keys":[7,3],"grid":[" !!0","00","!","!","!","!","!","!","!","!","!","!","!","!","!","!"]},"2915":{"keys":[3,7],"grid":[" "," "," "," "," "," "," "," "," "," ","!# /","!$ .","11","11","!$ #!! +","!$ !!$ *"]},"2905":{"keys":[7,3],"grid":[" .!$"," -!%","01"," ,!&"," +!'","03","04"," *!("," )!)","08"," (!*","10","10"," '!+","13"," &!,"]},"2904":{"keys":[7,3],"grid":[" "," "," "," "," "," "," "," "," "," "," "," "," "," .!$","13","13"]},"2918":{"keys":[7,3],"grid":[" $!."," #!/","!","!","!","!","!","!","!","!","!","!","!","!","!","!"]},"2909":{"keys":[7,3],"grid":[" $!."," %!-","01"," '!+"," (!*","04","04"," *!("," ,!&","08","08","08","08"," +!'","13","13"]},"2908":{"keys":[3,7],"grid":[" "," "," "," "," "," "," "," "," "," "," "," "," "," ","!! 0","14"]},"2917":{"keys":[7,3],"grid":[" $!."," %!-","01","01","01","00"," &!,","06","06","06","01","00"," #!/","12"," !!0","00"]},"2916":{"keys":[7,3],"grid":[" (!*"," *!(","01","01"," +!'","04","04","01","00"," '!+"," &!,","10"," %!-"," #!/","13","13"]},"2906":{"keys":[7,3],"grid":[" '!+"," &!,","00","00","01","01","01"," %!-","07","07","07"," $!.","11","11"," #!/"," !!0"]}},"2496":{"2911":{"keys":[7,3],"grid":[" "," .!$"," +!'","02"," *!("," )!)","05","05","05"," (!*"," &!,"," %!-","11","11","11","11"]},"2912":{"keys":[7,3],"grid":[" $!."," %!-"," #!/","02"," !!0","04"," %!% $!&"," -!%","07","07","07","07"," ,!&"," *!("," )!)","14"]},"2913":{"keys":[7,3],"grid":[" (!*"," &!,","01","01"," %!-","04","01","04"," $!."," #!/","!","!","!","!"," !!0","14"]},"2914":{"keys":[7,3],"grid":[" !!0"," #!/"," $!.","01","02","02","02"," &!,"," )!)"," +!'"," *!(","08"," (!*","12"," %!-","01"]},"2915":{"keys":[7,3],"grid":[" #!/","00"," !!0","!","02","!","!","!","!- #!#","!! %!% &!#"," /!! !"," "," "," "," "," "]},"2918":{"keys":[7,3],"grid":[" "," "," "," 0!!"," /!#","04"," .!$"," -!%"," ,!&"," +!'"," *!("," )!)"," (!*"," &!,"," $!.","14"]},"2919":{"keys":[3],"grid":[" "," "," "," "," "," "," "," "," "," "," "," "," "," "," "," "]},"2908":{"keys":[7,3],"grid":[" *!("," )!)"," (!*","01","01"," +!'","05","05"," ,!&"," -!%"," .!$"," /!#"," 0!!"," "," "," "]},"2907":{"keys":[7,3],"grid":[" "," "," "," "," /!#","04"," 0!!","06","04"," .!$","09","09"," -!%"," ,!&"," +!'","14"]}},"2411":{"2947":{"keys":[3],"grid":[" "," "," "," "," "," "," "," "," "," "," "," "," "," "," "," "]},"2946":{"keys":[7],"grid":[" "," "," "," "," "," "," "," "," "," "," "," "," "," "," "," "]}},"2397":{"2946":{"keys":[7,3],"grid":[" "," "," "," "," "," "," "," "," "," "," "," "," "," ","!","!"]}},"2394":{"2947":{"keys":[3,7],"grid":[" .!$"," 0!!"," "," "," "," "," "," "," "," "," "," "," "," "," "," "]},"2946":{"keys":[7,3],"grid":[" "," "," "," "," "," "," "," "," "," "," ","!! !!+ %","!- %","12","12","12"]}},"2395":{"2947":{"keys":[7,3],"grid":[" *!("," )!)","!# '!)","!","!","!","!","!","!","!","!","!","!","!","!","!"]},"2946":{"keys":[7,3],"grid":[" "," "," "," "," "," "," "," "," "," "," "," "," "," /!#"," ,!&"," +!'"]}},"2392":{"2946":{"keys":[7,3],"grid":[" "," "," "," "," "," "," "," "," /!#"," -!%"," ,!&"," +!'"," (!*","!& !!+","!","!"]}},"2393":{"2946":{"keys":[7,3],"grid":[" "," "," "," "," "," "," !!& (!! #","!( #!& #","!/ #","!0 !","!","!","!","!","!","!"]}},"2390":{"2947":{"keys":[7,3],"grid":[" "," "," "," "," "," ","!","!","!","!","!","!","!","!","!","!"]}},"2391":{"2947":{"keys":[7,3],"grid":[" ,!&"," +!'"," *!("," )!)","03"," (!*","!","!","!","!","!","!","!","!","!","!"]},"2946":{"keys":[7,3],"grid":[" "," "," "," "," "," "," "," "," "," "," "," "," "," "," .!$"," -!%"]}},"2419":{"2946":{"keys":[7,3],"grid":[" "," "," "," "," "," "," "," "," "," "," "," ","!","!","!","!"]}},"2418":{"2946":{"keys":[7,3],"grid":[" "," "," "," "," "," "," "," "," "," "," "," ","!","!","!","!"]}},"2500":{"2902":{"keys":[7,3],"grid":[" $!.","00","00","00","!","!","!","!","!","!","!","!","!","!","!","!"]},"2901":{"keys":[7,3],"grid":[" 0!!"," .!$"," /!#","01","01","01"," -!%"," ,!&","07"," +!'"," (!! #!'"," (!! !!("," '!+"," &!,"," $!.","14"]},"2900":{"keys":[7,3],"grid":[" "," "," "," "," "," "," "," "," "," "," "," "," "," "," "," 0!!"]}},"2314":{"2990":{"keys":[7,3],"grid":[" "," "," "," "," "," ","!","!","!","!","!","!","!","!","!","!"]}},"2398":{"2946":{"keys":[7,3],"grid":[" "," "," "," "," "," "," "," "," "," "," "," "," "," ","!","!"]}},"2399":{"2946":{"keys":[7,3],"grid":[" "," "," "," "," "," "," "," "," "," "," "," "," "," ","!( *","!"]}},"2477":{"2937":{"keys":[7,3],"grid":[" "," "," "," "," "," "," 0!!"," "," /!#","08","08","08","06","06","08","08"]},"2938":{"keys":[7,3],"grid":[" ,!&","00","00","00"," +!'","04","04","04"," *!(","08"," )!)"," (!*","11"," '!+","13"," &!,"]},"2939":{"keys":[7,3],"grid":[" $!."," !!0","!","!","!","!","!","!","!","!","!","!","!","!","!","!"]}},"2476":{"2938":{"keys":[7,3],"grid":[" "," "," "," "," "," "," "," "," "," "," "," "," "," +!! &","!! (!& $","!! &!) #"]},"2939":{"keys":[3,7],"grid":[" $!# ,"," $!! -"," "," "," "," "," "," "," "," "," "," "," "," "," "," "]}},"2475":{"2938":{"keys":[7,3],"grid":[" "," "," "," "," "," "," "," "," ","!! 0","09","!! *!& !","!  !! !  !!!!!! ","!","!","!"]}},"2474":{"2937":{"keys":[7,3],"grid":[" "," "," "," "," "," !!$ -","!& ,","06","06","06","!' +","10","10","10","10","10"]},"2938":{"keys":[3,7],"grid":[" (!*"," (!! !!("," +!'"," .!$","03"," /!#"," 0!!"," "," "," "," "," "," "," "," "," "]}},"2473":{"2937":{"keys":[7,3],"grid":[" "," "," /!! !"," -!$ !"," *!' !"," )!( !"," (!*","06"," '!+","08"," #!/","10","!","!","!","!"]}},"2472":{"2937":{"keys":[7,3],"grid":[" "," "," "," "," "," "," "," "," "," "," "," "," "," .!$","13"," -!%"]},"2938":{"keys":[7,3],"grid":[" -!%"," +!'"," #!! $!+"," #!/","03","03"," $!.","06","06"," %!-","09","09","06","03","!","!"]}},"2471":{"2939":{"keys":[7,3],"grid":[" -!%"," !!& '!%"," !!' %!&","!( %!&","!) #!'","!* !!'","!","!","!","!","!","!","!","!"," #!/"," $!."]},"2938":{"keys":[7,3],"grid":[" "," "," "," "," "," "," "," "," "," "," "," "," "," "," "," .!$"]},"2940":{"keys":[7,3],"grid":[" $!."," %!-","01"," &!,","03","03","01","00"," #!/","08","08"," !!0","11","!","!","!"]}},"2470":{"2939":{"keys":[7,3],"grid":[" "," "," "," %!% )"," %!& &!#"," '!' !!$"," (!*"," )!)"," +!'","08"," .!$"," /!#","11"," 0!!"," "," "]},"2943":{"keys":[7,3],"grid":[" (!*"," '!+"," &!,"," $!! !!,"," #!/","04","04","04","04","!","!","!","!","!","!","!"]},"2942":{"keys":[7,3],"grid":[" *!("," )!)","01","01"," (!*","04","01","00","00"," +!'","09","09","09","09","00","00"]},"2941":{"keys":[7,3],"grid":[" /!#"," 0!!","00","00","00"," .!$","05"," -!%"," ,!&","08","08","08","08","08","08"," +!'"]},"2940":{"keys":[7,3],"grid":[" "," "," "," "," "," "," "," "," "," "," "," "," "," "," 0!!","14"]}},"2495":{"2919":{"keys":[7,3],"grid":[" "," /!#"," +!'"," (!*"," &!,"," %!-"," $!."," #!/"," !!0","07","!","!","!","!","!","!"]},"2913":{"keys":[7,3],"grid":[" "," "," "," "," "," "," "," "," "," "," "," 0!!"," /!#","11"," "," "]},"2915":{"keys":[7,3],"grid":[" "," "," "," "," "," "," "," "," "," 0!!"," "," "," "," "," "," "]}},"2479":{"2936":{"keys":[7,3],"grid":[" "," "," "," "," "," "," "," "," "," "," "," -!! !!#","!# #!$ $!'","!* !!'","!","!"]}},"2478":{"2936":{"keys":[7,3],"grid":[" "," "," "," "," "," "," "," "," "," "," "," "," /!#"," .!$"," -!%"," )!! !!'"]},"2937":{"keys":[7,3],"grid":[" '!+"," $!."," #!/"," !!0","!","!","!","!","!","!","!","!","!","!","!","!"]}},"2315":{"2990":{"keys":[7,3],"grid":[" "," "," "," "," "," ","!","!","!","!","!","!","!","!","!","!"]}},"2310":{"2990":{"keys":[7,3],"grid":[" "," "," "," "," "," ","!","!","!","!","!","!","!","!","!","!"]}},"2311":{"2990":{"keys":[7,3],"grid":[" "," "," "," "," "," ","!","!","!","!","!","!","!","!","!","!"]}},"2309":{"2990":{"keys":[7,3],"grid":[" "," "," "," "," "," ","!","!","!","!","!","!","!","!","!","!"]}},"2396":{"2946":{"keys":[7,3],"grid":[" "," "," "," "," "," "," "," "," "," "," "," .!! #"," !!# +!# !","!' '!$ !","!","!"]}},"2541":{"2869":{"keys":[7,3],"grid":[" "," "," "," "," ","!' *!!","!) &!$","!","!","!","!","!","!","!","!","!"]}},"2490":{"2925":{"keys":[7,3],"grid":[" "," "," 0!!"," /!#"," )!# !!! !!$"," '!+"," &!,","06","06"," %!-","09"," $!."," #!/"," !!0","!","!"]}},"2547":{"2873":{"keys":[3,7],"grid":[" +!'"," -!%"," .!$"," /!#"," "," "," "," "," "," "," "," "," "," "," "," "]},"2872":{"keys":[7,3],"grid":[" "," "," "," "," "," "," "," "," "," "," ","!! 0","!% -","!& ,","!( *","!) )"]}},"2546":{"2872":{"keys":[3,7],"grid":[" '!+"," )!)"," +!'"," ,!&"," -!%"," .!$","05"," /!#","07","07"," 0!!"," "," "," "," "," "]},"2871":{"keys":[7,3],"grid":[" "," "," "," "," "," "," "," "," "," "," "," "," ","!! 0","!$ .","!& ,"]}},"2545":{"2871":{"keys":[3,7],"grid":[" $!."," %!-"," &!,"," '!+","03"," (!*"," )!)"," +!'"," -!%"," .!$","09"," /!#"," "," "," "," "]},"2870":{"keys":[7,3],"grid":[" "," "," "," "," "," "," ","!# /","07","07","07","07","07","07","07","07"]}},"2410":{"2947":{"keys":[7,3],"grid":[" 0!!","!","!","!","!","!","!","!","!","!","!","!","!","!","!","!"]}},"2558":{"2927":{"keys":[7,3],"grid":[" "," "," "," "," ","!! 0","!# /","!% -","!' )!! !","!) $!&","!","!","!","!","!","!"]}},"2549":{"2875":{"keys":[3,7],"grid":[" -!%","00","00","00"," .!$","04"," /!#"," 0!!","07"," "," "," "," "," "," "," "]},"2874":{"keys":[7,3],"grid":[" "," "," "," "," "," ","!# /","!& ,","!' +","!) )","!* (","!+ '","!, &","12","!- %","14"]}},"2548":{"2873":{"keys":[7,3],"grid":[" "," "," "," "," ","!# /","!$ .","!% -","!& ,","08","!' +","!( *","!) )","12","!* (","!+ '"]},"2874":{"keys":[3,7],"grid":[" +!'"," ,!&"," -!%","02"," .!$"," 0!!"," "," "," "," "," "," "," "," "," "," "]}},"2305":{"2990":{"keys":[7,3],"grid":[" "," "," "," "," "," "," '!+"," %!-"," #!/","!","!","!","!","!","!","!"]}},"2304":{"2990":{"keys":[7,3],"grid":[" "," "," "," "," "," "," "," "," "," "," .!$"," ,!&"," *!("," (!*"," &!,"," $!."]},"2991":{"keys":[7,3],"grid":[" !!0","!","!","!","!","!","!","!","!","!","!","!","!","!","!","!"]}},"2307":{"2990":{"keys":[7,3],"grid":[" "," "," "," "," "," ","!","!","!","!","!","!","!","!","!","!"]}},"2306":{"2990":{"keys":[7,3],"grid":[" "," "," "," "," "," ","!","!","!","!","!","!","!","!","!","!"]}},"2381":{"2952":{"keys":[7,3],"grid":[" "," "," "," "," "," "," "," "," "," "," "," "," "," "," 0!!"," /!#"]},"2953":{"keys":[7,3],"grid":[" )!! %!$"," (!*"," '!+"," &!,"," %!-"," $!.","05"," #!/"," !!0","!","!","!","!","!","!","!"]}},"2380":{"2954":{"keys":[7,3],"grid":[" (!*"," '!+"," $!.","!","!","!","!","!","!","!","!","!","!","!","!","!"]},"2953":{"keys":[7,3],"grid":[" "," "," "," "," "," "," "," "," "," "," 0!!","10","10"," /!#"," ,!&"," )!)"]}},"2383":{"2951":{"keys":[7,3],"grid":[" "," "," .!$"," -!%"," ,!&"," +!'"," *!("," (!*"," %!-"," #!/","!","!","!","!","!","!"]}},"2382":{"2951":{"keys":[7,3],"grid":[" "," "," "," "," "," "," "," "," "," "," "," /!#"," .!$"," ,!&"," +!'"," *!("]},"2952":{"keys":[7,3],"grid":[" (!*"," '!+","01","01","01","00","00","00","01"," &!,"," %!-"," $!."," !!0","!","!","!"]}},"2385":{"2950":{"keys":[7,3],"grid":[" "," "," "," 0!!"," +!'"," )!)"," '!+"," &!,"," $!."," !!0","!","!","!","!","!","!"]}},"2384":{"2950":{"keys":[7,3],"grid":[" "," "," "," "," "," "," "," "," "," "," /!#"," .!$"," -!%"," &!,","13"," %!-"]},"2951":{"keys":[7,3],"grid":[" $!."," #!/","!","!","!","!","!","!","!","!","!","!","!","!","!","!"]}},"2387":{"2949":{"keys":[7,3],"grid":[" 0!!"," /!#"," ,!&"," #!/"," !!0","04","!","!","!","!","!","!","!","!","!","!"]},"2948":{"keys":[7],"grid":[" "," "," "," "," "," "," "," "," "," "," "," "," "," "," "," "]}},"2386":{"2950":{"keys":[7,3],"grid":[" $!.","00"," #!/","!","!","!","!","!","!","!","!","!","!","!","!","!"]},"2949":{"keys":[7,3],"grid":[" "," "," "," "," "," "," +!! &"," )!)"," '!+"," %!-","09","09","09"," $!.","13","13"]}},"2389":{"2947":{"keys":[7,3],"grid":[" "," "," "," "," "," "," 0!!"," .!$"," +!'"," )!)"," (!*"," '!+","11","11","11"," &!,"]},"2948":{"keys":[7,3],"grid":[" &!,"," %!-","01"," $!."," #!/"," !!0","!","!","!","!","!","!","!","!","!","!"]}},"2388":{"2948":{"keys":[7,3],"grid":[" "," "," "," "," "," "," 0!!"," /!#"," .!$"," ,!&"," *!("," (!*"," '!+"," %!-"," #!/","!"]}},"2414":{"2946":{"keys":[7,3],"grid":[" "," "," "," "," "," "," "," "," "," "," "," "," "," +!'","!","!"]}},"2442":{"2946":{"keys":[7,3],"grid":[" "," "," "," "," "," ","!","!","!","!","!","!","!","!","!","!"]}},"2443":{"2946":{"keys":[7,3],"grid":[" "," "," "," "," "," ","!& ,","!","!","!","!","!","!","!","!","!"]}},"2440":{"2946":{"keys":[7,3],"grid":[" "," "," "," "," "," ","!","!","!","!","!","!","!","!","!","!"]}},"2441":{"2946":{"keys":[7,3],"grid":[" "," "," "," "," "," ","!","!","!","!","!","!","!","!","!","!"]}},"2446":{"2946":{"keys":[7,3],"grid":[" "," "," "," "," "," "," "," "," "," &!,","!","!","!","!","!","!"]}},"2447":{"2946":{"keys":[7,3],"grid":[" "," "," "," "," "," "," "," "," ","!' +","!","!","!","!","!","!"]}},"2444":{"2946":{"keys":[7,3],"grid":[" "," "," "," "," "," "," ","!! 0","!) )","!/ #","!","!","!","!","!","!"]}},"2445":{"2946":{"keys":[7,3],"grid":[" "," "," "," "," "," "," "," "," "," ","!","!","!","!","!","!"]}},"2537":{"2871":{"keys":[7,3],"grid":[" "," "," "," "," "," "," .!! #","!% '!'","!","!","!","!","!","!","!","!"]}},"2448":{"2946":{"keys":[7,3],"grid":[" "," "," "," "," "," "," "," "," "," ","!* (","!","!","!","!","!"]}},"2416":{"2946":{"keys":[7,3],"grid":[" "," "," "," "," "," "," "," "," "," "," "," "," *!(","!","!","!"]}},"2527":{"2875":{"keys":[3,7],"grid":[" .!$"," /!#"," "," "," "," "," "," "," "," "," "," "," "," "," "," "]},"2874":{"keys":[7,3],"grid":[" "," "," "," "," "," "," "," #!# -"," !!$ -","!& ,","!' +","!) )","!+ '","!, &","13","13"]}},"2352":{"2983":{"keys":[7,3],"grid":[" *!("," )!)","01"," (!*","03"," '!+","05"," &!,"," %!-","08"," $!.","10"," #!/","12"," !!0","14"]},"2982":{"keys":[7,3],"grid":[" "," "," "," "," "," 0!!"," /!#","06"," .!$","08"," -!%","10"," ,!&","12"," +!'"," *!("]},"2984":{"keys":[3],"grid":[" "," "," "," "," "," "," "," "," "," "," "," "," "," "," "," "]}},"2526":{"2873":{"keys":[7,3],"grid":[" "," "," "," "," "," "," "," "," "," "," "," "," ","!# /","!$ .","!& ,"]},"2874":{"keys":[3,7],"grid":[" &!,"," (!*"," )!)"," +!'"," ,!&","04"," -!%"," -!! #!!"," 0!!"," "," "," "," "," "," "," "]}},"2449":{"2946":{"keys":[7,3],"grid":[" "," "," "," "," "," "," "," "," "," "," ","!","!","!","!","!"]}},"2353":{"2982":{"keys":[7,3],"grid":[" #!/"," !!0","01","!","!","!","!","!","!","!","!","!","!","!","!","!"]},"2981":{"keys":[7,3],"grid":[" ,!&"," +!'","01"," *!(","03"," )!)"," (!*","06"," '!+","08"," &!,","10"," %!-","12"," $!."," #!/"]},"2980":{"keys":[7,3],"grid":[" "," "," "," "," "," "," "," "," 0!!","08"," /!#","10"," .!$"," -!%","13"," ,!&"]}},"2521":{"2866":{"keys":[7,3],"grid":[" ","!# %!# !!' !","!$ #!,","!","!","!","!","!","!","!","!","!","!","!","!","!"]}},"2350":{"2987":{"keys":[7,3],"grid":[" &!,","00"," %!-","02"," $!.","04"," #!/"," !!0","07","!","!","!","!","!","!","!"]},"2986":{"keys":[7,3],"grid":[" /!#","00"," .!$","02"," -!%"," ,!&","05"," +!'","07"," *!(","09"," )!)","11"," (!*"," '!+","14"]},"2985":{"keys":[7,3],"grid":[" "," "," "," "," "," "," "," "," "," "," "," "," "," "," 0!!","14"]}},"2520":{"2865":{"keys":[7,3],"grid":[" "," "," "," "," "," "," "," "," "," "," "," "," "," "," "," -!! $"]},"2866":{"keys":[7,3],"grid":[" ,!$ #"," +!'","01"," *!("," )!)","04"," (!*"," '!+"," &!,","08"," %!-"," $!.","11"," #!/"," !!0","14"]},"2867":{"keys":[3],"grid":[" "," "," "," "," "," "," "," "," "," "," "," "," "," "," "," "]}},"2412":{"2946":{"keys":[7,3],"grid":[" "," "," "," "," "," "," "," "," "," "," "," "," "," "," "," $!."]}},"2523":{"2866":{"keys":[7,3],"grid":[" "," "," "," "," "," "," "," ","!# /","!$ .","!& ,","10","!( *","12","12","!( !!# '"]},"2867":{"keys":[3,7],"grid":[" +!'"," .!$"," "," "," "," "," "," "," "," "," "," "," "," "," "," "]}},"2354":{"2978":{"keys":[7,3],"grid":[" "," "," "," "," "," "," "," "," "," "," "," 0!!","11"," /!#","13"," .!$"]},"2979":{"keys":[7,3],"grid":[" .!$"," -!%"," ,!&","02"," +!'","04"," *!(","06"," )!)","08"," (!*"," '!+","11"," &!,","13"," %!-"]},"2980":{"keys":[7,3],"grid":[" %!-"," $!.","01"," #!/"," !!0","04","!","!","!","!","!","!","!","!","!","!"]}},"2356":{"2976":{"keys":[7,3],"grid":[" (!*","00"," '!+","02"," &!,","04"," %!-"," $!.","07"," #!/","09"," !!0","11","!","!","!"]},"2975":{"keys":[7,3],"grid":[" "," "," "," "," "," "," "," "," "," /!#"," .!$"," ,!&"," +!'"," *!("," )!)","14"]}},"2489":{"2925":{"keys":[7],"grid":[" "," "," "," "," "," "," "," "," "," "," "," "," "," "," "," "]},"2927":{"keys":[3],"grid":[" "," "," "," "," "," "," "," "," "," "," "," "," "," "," "," "]},"2926":{"keys":[7,3],"grid":[" 0!!"," .!$","01","01"," -!%"," ,!&","05","05"," )!)"," &!,","09"," %!-"," $!."," #!/"," !!0","14"]}},"2357":{"2974":{"keys":[7,3],"grid":[" "," "," "," "," "," "," "," "," "," "," "," "," "," "," 0!!"," /!#"]},"2975":{"keys":[7,3],"grid":[" -!%"," ,!&"," *!("," )!)"," '!+"," &!,"," $!."," !!0","!","!","!","!","!","!","!","!"]}},"2378":{"2955":{"keys":[7,3],"grid":[" "," "," "," "," "," "," 0!!"," /!#"," .!$"," -!%"," ,!&"," +!'"," *!("," )!)"," '!+"," &!,"]},"2956":{"keys":[7,3],"grid":[" %!-"," #!/"," !!0","!","!","!","!","!","!","!","!","!","!","!","!","!"]}},"2379":{"2954":{"keys":[7,3],"grid":[" "," "," "," /!#","03","03"," .!$","06"," -!%","08"," ,!&","10"," +!'"," *!("," )!)"," (!*"]},"2955":{"keys":[7,3],"grid":[" '!+"," %!-"," $!."," #!/"," !!0","!","!","!","!","!","!","!","!","!","!","!"]}},"2374":{"2960":{"keys":[7,3],"grid":[" $!."," #!/"," !!0","!","!","!","!","!","!","!","!","!","!","!","!","!"]},"2959":{"keys":[7,3],"grid":[" "," "," "," "," "," 0!!"," /!#"," .!$"," -!%"," ,!&"," *!("," )!)"," (!*"," '!+"," &!,"," %!-"]}},"2375":{"2958":{"keys":[7,3],"grid":[" "," "," "," "," "," 0!!"," /!#"," .!$"," -!%"," ,!&"," +!'"," *!("," )!)"," (!*"," '!+","14"]},"2959":{"keys":[7,3],"grid":[" &!,"," %!-"," $!."," !!0","!","!","!","!","!","!","!","!","!","!","!","!"]}},"2376":{"2957":{"keys":[7,3],"grid":[" "," "," "," "," 0!!"," /!#"," .!$"," -!%"," ,!&"," +!'"," *!("," )!)"," (!*","12"," '!+"," &!,"]},"2958":{"keys":[7,3],"grid":[" %!-"," $!."," #!/"," !!0","!","!","!","!","!","!","!","!","!","!","!","!"]}},"2494":{"2921":{"keys":[7,3],"grid":[" !!0","!","!","!","!","!","!","!","!","!","!","!","!","!","!","!"]},"2920":{"keys":[7,3],"grid":[" +!'"," )!)"," (!*"," '!+"," &!,"," %!-","05","04","05"," $!."," #!/"," !!0","11","11","11","10"]},"2923":{"keys":[7,3],"grid":[" '!+","00"," &!,"," %!-"," !!0","04","04","!","!","!","!","!","!","!","!","!"]},"2922":{"keys":[3,7],"grid":[" "," "," "," "," ","!! 0","!# /","!$ .","!% -","08","08","07","06","07","06","07"]},"2919":{"keys":[7,3],"grid":[" "," "," "," "," "," "," "," "," "," "," "," "," ,!! #!#"," ,!&","13","13"]}},"2370":{"2965":{"keys":[7,3],"grid":[" +!'","00"," *!("," )!)"," (!*"," '!+"," &!,"," %!-"," $!."," #!/"," !!0","!","!","!","!","!"]},"2964":{"keys":[7,3],"grid":[" /!#","00","00","00"," .!$","04","04","04"," -!%","08","08","08"," ,!&","12","12","12"]},"2963":{"keys":[7,3],"grid":[" "," "," "," "," "," "," "," "," "," "," "," "," 0!!","12","12","12"]}},"2484":{"2938":{"keys":[7,3],"grid":[" !!0","00","!","!","!","!","!","!","!","!","!","!","!","!","!","!"]},"2939":{"keys":[3,7],"grid":[" "," "," ","!! 0","03"," "," "," "," "," "," "," "," "," "," "," "]},"2936":{"keys":[7,3],"grid":[" )!)","00","00"," *!("," +!! !!%"," -!%","05","05","05","05","05","05"," ,!&"," +!'","03","13"]},"2937":{"keys":[7,3],"grid":[" +!'","00","00"," *!("," &!,"," $!."," #!/","05"," %!-","08","05","05","05","05","06"," !!0"]},"2934":{"keys":[7,3],"grid":[" &!,"," '!+","00","01"," *!(","04"," +!'","06"," ,!&","08"," -!%","10","10"," .!$","13","13"]},"2935":{"keys":[7,3],"grid":[" /!#"," .!$"," ,!&","02","02"," *!(","05"," +!'","02","02","07"," )!)","11"," (!*","13","11"]},"2933":{"keys":[7,3],"grid":[" "," 0!!","01","01"," /!#","04"," -!%"," +!'","07","07"," *!("," )!)","11"," (!*"," '!+"," &!,"]}},"2372":{"2961":{"keys":[7,3],"grid":[" "," "," "," "," "," 0!!"," /!#"," .!$"," -!%"," ,!&"," +!'"," *!("," )!)"," (!*"," '!+"," &!,"]},"2962":{"keys":[7,3],"grid":[" %!-"," $!."," #!/"," !!0","!","!","!","!","!","!","!","!","!","!","!","!"]}},"2373":{"2961":{"keys":[7,3],"grid":[" $!.","00"," #!/"," !!0","!","!","!","!","!","!","!","!","!","!","!","!"]},"2960":{"keys":[7,3],"grid":[" "," "," "," "," 0!!"," /!#"," .!$"," -!%"," ,!&"," +!'"," *!("," )!)"," (!*"," '!+"," &!,"," %!-"]}},"2415":{"2946":{"keys":[7,3],"grid":[" "," "," "," "," "," "," "," "," "," "," "," "," ","!","!","!"]}},"2485":{"2932":{"keys":[7,3],"grid":[" "," "," "," "," "," "," "," "," "," "," "," "," "," "," "," &!! +"]},"2933":{"keys":[7,3],"grid":[" %!' %!! !","!, !!%","!","!","!","!","!","!","!","!","!","!","!","!","!","!"]}},"2459":{"2946":{"keys":[7,3],"grid":[" "," "," "," "," "," "," "," "," "," ","!","!","!","!","!","!"]}},"2458":{"2946":{"keys":[7,3],"grid":[" "," "," "," "," "," "," "," "," "," ","!","!","!","!","!","!"]}},"2455":{"2946":{"keys":[7,3],"grid":[" "," "," "," "," "," "," "," "," "," "," ","!","!","!","!","!"]}},"2454":{"2946":{"keys":[7,3],"grid":[" "," "," "," "," "," "," "," "," "," "," ","!","!","!","!","!"]}},"2457":{"2946":{"keys":[7,3],"grid":[" "," "," "," "," "," "," "," "," "," ","!","!","!","!","!","!"]}},"2456":{"2946":{"keys":[7,3],"grid":[" "," "," "," "," "," "," "," "," "," "," .!$","!","!","!","!","!"]}},"2451":{"2946":{"keys":[7,3],"grid":[" "," "," "," "," "," "," "," "," "," "," "," ","!","!","!","!"]}},"2450":{"2946":{"keys":[7,3],"grid":[" "," "," "," "," "," "," "," "," "," "," ","!$ .","!","!","!","!"]}},"2453":{"2946":{"keys":[7,3],"grid":[" "," "," "," "," "," "," "," "," "," "," ","!","!","!","!","!"]}},"2452":{"2946":{"keys":[7,3],"grid":[" "," "," "," "," "," "," "," "," "," "," ","!","!","!","!","!"]}},"2559":{"2927":{"keys":[7,3],"grid":[" "," "," "," "," "," "," "," "," ","!# /","!% -","!' +","!( *","!* (","!","!"]},"2931":{"keys":[3,7],"grid":[" 0!!","00","00","00","00"," "," "," "," "," "," "," "," "," "," "," "]}},"2351":{"2985":{"keys":[7,3],"grid":[" (!*","00"," '!+"," &!,","03"," %!-","05"," $!.","07"," #!/","09"," !!0","!","!","!","!"]},"2984":{"keys":[7,3],"grid":[" "," 0!!","01"," /!#","03"," .!$","05"," -!%","07"," ,!&"," +!'","10"," *!(","12"," )!)","14"]}},"2369":{"2965":{"keys":[7,3],"grid":[" "," "," "," "," "," "," "," "," "," "," "," "," 0!!"," /!#"," .!$"," -!%"]},"2966":{"keys":[7,3],"grid":[" ,!&"," +!'"," *!("," )!)"," (!*"," '!+"," &!,"," %!-"," $!."," #!/"," !!0","!","!","!","!","!"]}},"2368":{"2967":{"keys":[7,3],"grid":[" +!'"," '!# !!("," &!,"," %!-","03"," $!."," #!/","!","!","!","!","!","!","!","!","!"]},"2966":{"keys":[7,3],"grid":[" "," "," "," "," "," "," "," "," "," "," "," "," 0!!"," .!$"," -!%"," ,!&"]}},"2367":{"2967":{"keys":[7,3],"grid":[" "," "," "," "," "," "," "," "," 0!!"," .!$"," -!%"," ,!&"," *!(","!$ $!+","!","!"]}},"2366":{"2967":{"keys":[7,3],"grid":[" "," "," "," "," "," "," "," "," "," "," "," "," )!)"," (!*"," %!-"," #!/"]},"2968":{"keys":[3],"grid":[" "," "," "," "," "," "," "," "," "," "," "," "," "," "," "," "]}},"2365":{"2968":{"keys":[7,3],"grid":[" "," /!#"," -!%"," +!'"," )!)"," (!*"," '!+"," &!,"," $!."," #!/"," !!0","!","!","!","!","!"]}},"2364":{"2969":{"keys":[7,3],"grid":[" +!'"," *!("," )!)"," (!*"," %!-","!","!","!","!","!","!","!","!","!","!","!"]},"2968":{"keys":[7,3],"grid":[" "," "," "," "," "," "," "," "," "," "," "," "," 0!!"," /!#"," .!$"," ,!&"]}},"2363":{"2969":{"keys":[7,3],"grid":[" "," "," "," "," "," "," *!! &!!"," (!*"," '!+"," &!,"," $!."," #!/","!","!","!","!"]}},"2417":{"2946":{"keys":[7,3],"grid":[" "," "," "," "," "," "," "," "," "," "," "," ","!","!","!","!"]}},"2361":{"2972":{"keys":[7,3],"grid":[" ,!&"," *!("," '!+"," %!-"," !!0","!","!","!","!","!","!","!","!","!","!","!"]},"2971":{"keys":[7,3],"grid":[" "," "," "," "," "," "," "," "," "," "," "," "," "," "," 0!!"," /!#"]}},"2360":{"2972":{"keys":[7,3],"grid":[" "," "," "," "," ","!","!","!","!","!","!","!","!","!","!","!"]}},"2428":{"2946":{"keys":[7,3],"grid":[" "," "," "," "," "," "," "," ","!","!","!","!","!","!","!","!"]}},"2429":{"2946":{"keys":[7,3],"grid":[" "," "," "," "," "," "," "," #!/","!","!","!","!","!","!","!","!"]}},"2420":{"2946":{"keys":[7,3],"grid":[" "," "," "," "," "," "," "," "," "," "," "," ","!","!","!","!"]}},"2421":{"2946":{"keys":[7,3],"grid":[" "," "," "," "," "," "," "," "," "," "," "," %!-","!","!","!","!"]}},"2422":{"2946":{"keys":[7,3],"grid":[" "," "," "," "," "," "," "," "," "," "," ,!&","!","!","!","!","!"]}},"2423":{"2946":{"keys":[7,3],"grid":[" "," "," "," "," "," "," "," "," "," ","!","!","!","!","!","!"]}},"2424":{"2946":{"keys":[7,3],"grid":[" "," "," "," "," "," "," "," "," "," $!.","!","!","!","!","!","!"]}},"2425":{"2946":{"keys":[7,3],"grid":[" "," "," "," "," "," "," "," "," ","!","!","!","!","!","!","!"]}},"2426":{"2946":{"keys":[7,3],"grid":[" "," "," "," "," "," "," "," "," +!'","!","!","!","!","!","!","!"]}},"2427":{"2946":{"keys":[7,3],"grid":[" "," "," "," "," "," "," "," ","!","!","!","!","!","!","!","!"]}},"2333":{"2990":{"keys":[7,3],"grid":[" "," "," "," "," "," ","!","!","!","!","!","!","!","!","!","!"]}},"2434":{"2946":{"keys":[7,3],"grid":[" "," "," "," "," "," ","!","!","!","!","!","!","!","!","!","!"]}},"2542":{"2869":{"keys":[7,3],"grid":[" "," "," "," "," ","!& ,","!' +","!( *","!* (","!","!","!","!","!","!","!"]}},"2362":{"2970":{"keys":[7,3],"grid":[" /!#","00","00","00","00","00","00","00","00","00","00","00","00","00","00","00"]},"2971":{"keys":[7,3],"grid":[" /!#"," .!$","01","01"," -!%"," +!'"," *!("," )!)"," (!*"," '!+"," &!,"," %!-"," $!."," !!0","!","!"]},"2969":{"keys":[7,3],"grid":[" "," "," "," "," "," "," "," "," "," "," "," "," "," 0!!"," /!#","14"]}},"2358":{"2973":{"keys":[7,3],"grid":[" "," "," "," "," "," "," "," "," "," 0!!","09"," /!#","11","11"," .!$","14"]},"2974":{"keys":[7,3],"grid":[" -!%","00"," ,!&","02"," +!'","04","04"," *!("," )!)"," (!*"," &!,"," %!-"," #!/"," !!0","!","!"]}},"2359":{"2972":{"keys":[7,3],"grid":[" "," "," "," "," "," 0!!"," ,!&"," (!*","07"," '!+","09","09"," &!,","12"," %!-","14"]},"2973":{"keys":[7,3],"grid":[" $!.","00"," #!/","02","02"," !!0","05","!","!","!","!","!","!","!","!","!"]}},"2518":{"2868":{"keys":[7,3],"grid":[" "," "," "," "," "," "," "," "," 0!!","08"," /!#"," .!$"," -!%","12"," ,!&"," +!'"]},"2869":{"keys":[7,3],"grid":[" +!'"," *!("," )!)","02"," (!*"," '!+","05"," &!,"," %!-"," $!.","09"," #!/"," !!0","12","!","!"]}},"2519":{"2868":{"keys":[7,3],"grid":[" &!,"," %!-"," $!.","02"," #!/"," !!0","05","!","!","!","!","!","!","!","!","!"]},"2867":{"keys":[7,3],"grid":[" "," 0!!","01"," /!#"," .!$"," -!%","05"," ,!&"," +!'","08"," *!("," )!)","11"," (!*"," '!+"," &!,"]}},"2525":{"2873":{"keys":[7,3],"grid":[" "," "," "," ","!! 0","!% -","!& ,","!( *","!* (","!+ '","!- %","!/ #","!","!","!","!"]},"2868":{"keys":[7],"grid":[" "," "," "," "," "," "," "," "," "," "," "," "," "," "," "," "]},"2867":{"keys":[7,3],"grid":[" "," "," "," "," "," "," ","!! 0","07","07"," #!! .","!# /","11"," !!! /","07"," "]}},"2514":{"2875":{"keys":[7,3],"grid":[" (!*","00"," '!+"," &!,"," %!-","04"," $!."," #!/","07"," !!0","!","!","!","!","!","!"]},"2874":{"keys":[7,3],"grid":[" "," "," "," "," "," 0!!"," /!#"," .!$","07"," -!%"," ,!&","10"," +!'"," *!(","13"," )!)"]}},"2515":{"2873":{"keys":[7,3],"grid":[" .!$","00"," -!%"," ,!&","03"," +!'"," *!("," )!)","07"," (!*"," '!+","10"," &!,"," %!-","13"," $!."]},"2872":{"keys":[7,3],"grid":[" "," "," "," "," "," "," "," "," "," "," "," "," "," 0!!","13"," /!#"]},"2874":{"keys":[7,3],"grid":[" #!/","00"," !!0","!","!","!","!","!","!","!","!","!","!","!","!","!"]}},"2516":{"2872":{"keys":[7,3],"grid":[" )!)","00"," (!*"," '!+","03"," &!,"," %!-","06"," $!."," #!/"," !!0","10","!","!","!","!"]},"2871":{"keys":[7,3],"grid":[" "," "," "," "," "," "," 0!!","06"," /!#"," .!$","09"," -!%"," ,!&"," +!'","13"," *!("]}},"2517":{"2869":{"keys":[7,3],"grid":[" "," "," "," "," "," "," "," "," "," "," "," "," "," "," "," 0!!"]},"2871":{"keys":[7,3],"grid":[" $!.","00"," #!/"," !!0","03","!","!","!","!","!","!","!","!","!","!","!"]},"2870":{"keys":[7,3],"grid":[" 0!!"," /!#"," .!$"," -!%","03"," ,!&"," +!'","06"," *!("," )!)","09"," (!*"," '!+","12"," &!,"," %!-"]}},"2510":{"2880":{"keys":[7,3],"grid":[" "," 0!!","01"," /!#"," .!$","04"," -!%"," ,!&","07"," +!'"," *!(","10"," )!)"," (!*"," '!+","14"]},"2881":{"keys":[7,3],"grid":[" &!,"," %!-","01"," $!."," #!/","04"," !!0","!","!","!","!","!","!","!","!","!"]}},"2511":{"2880":{"keys":[3],"grid":[" "," "," "," "," "," "," "," "," "," "," "," "," "," "," "," "]},"2878":{"keys":[7,3],"grid":[" "," "," "," "," "," "," "," "," "," "," 0!!","10"," /!#"," .!$"," -!%","14"]},"2879":{"keys":[7,3],"grid":[" ,!&"," +!'","01"," *!("," )!)","04"," (!*"," '!+","07"," &!,"," %!-","10"," $!."," #!/"," !!0","14"]}},"2512":{"2878":{"keys":[7,3],"grid":[" '!+"," &!,","01"," %!-"," $!.","04"," #!/"," !!0","07","!","!","!","!","!","!","!"]},"2877":{"keys":[7,3],"grid":[" "," "," "," 0!!"," /!#","04"," .!$"," -!%","07"," ,!&"," +!'","10"," *!("," )!)"," (!*","14"]}},"2513":{"2877":{"keys":[7,3],"grid":[" !!0","!","!","!","!","!","!","!","!","!","!","!","!","!","!","!"]},"2876":{"keys":[7,3],"grid":[" -!%"," ,!&","01"," +!'"," *!(","04"," )!)"," (!*","07"," '!+"," &!,","10"," %!-"," $!.","13"," #!/"]},"2875":{"keys":[7,3],"grid":[" "," "," "," "," "," "," "," "," "," "," "," "," 0!!"," /!#","13"," .!$"]}},"2439":{"2946":{"keys":[7,3],"grid":[" "," "," "," "," "," ","!","!","!","!","!","!","!","!","!","!"]}},"2438":{"2946":{"keys":[7,3],"grid":[" "," "," "," "," ","!0 !","!","!","!","!","!","!","!","!","!","!"]}},"2433":{"2946":{"keys":[7,3],"grid":[" "," "," "," "," "," ","!","!","!","!","!","!","!","!","!","!"]}},"2432":{"2946":{"keys":[7,3],"grid":[" "," "," "," "," "," ","!","!","!","!","!","!","!","!","!","!"]}},"2431":{"2946":{"keys":[7,3],"grid":[" "," "," "," "," "," "," *!(","!","!","!","!","!","!","!","!","!"]}},"2430":{"2946":{"keys":[7,3],"grid":[" "," "," "," "," "," "," ","!","!","!","!","!","!","!","!","!"]}},"2437":{"2946":{"keys":[7,3],"grid":[" "," "," "," "," "," /!#","!","!","!","!","!","!","!","!","!","!"]}},"2436":{"2946":{"keys":[7,3],"grid":[" "," "," "," "," "," ","!","!","!","!","!","!","!","!","!","!"]}},"2435":{"2946":{"keys":[7,3],"grid":[" "," "," "," "," "," ","!' '!%","!","!","!","!","!","!","!","!","!"]}},"2529":{"2875":{"keys":[3],"grid":[" "," "," "," "," "," "," "," "," "," "," "," "," "," "," "," "]},"2874":{"keys":[7,3],"grid":[" "," "," "," "," "," 0!!"," .!$"," -!%"," ,!&"," *!("," (!*"," '!+"," %!-","12"," $!."," #!/"]}},"2522":{"2866":{"keys":[7,3],"grid":[" "," "," ","!# /","!# #!$ *","!* (","!+ !!! %","!0 !","!","!","!","!","!","!","!","!"]}},"2355":{"2978":{"keys":[7,3],"grid":[" '!+"," &!,"," %!-","02"," $!.","04"," #!/","06"," !!0","08","!","!","!","!","!","!"]},"2976":{"keys":[7,3],"grid":[" "," "," "," "," "," "," "," "," "," "," "," "," "," "," "," 0!!"]},"2977":{"keys":[7,3],"grid":[" /!#","00"," .!$","02"," -!%","04"," ,!&","06"," +!'"," *!(","09"," )!)","11"," (!*","13"," '!+"]}},"2345":{"2990":{"keys":[7,3],"grid":[" "," "," "," "," "," ","!","!","!","!","!","!","!","!","!","!"]}},"2344":{"2990":{"keys":[7,3],"grid":[" "," "," "," "," "," ","!","!","!","!","!","!","!","!","!","!"]}},"2347":{"2990":{"keys":[7,3],"grid":[" "," "," "," "," "," ","!","!","!","!","!","!","!","!","!","!"]}},"2346":{"2990":{"keys":[7,3],"grid":[" "," "," "," "," "," ","!","!","!","!","!","!","!","!","!","!"]}},"2341":{"2990":{"keys":[7,3],"grid":[" "," "," "," "," "," ","!","!","!","!","!","!","!","!","!","!"]}},"2340":{"2990":{"keys":[7,3],"grid":[" "," "," "," "," "," ","!","!","!","!","!","!","!","!","!","!"]}},"2343":{"2990":{"keys":[7,3],"grid":[" "," "," "," "," "," ","!","!","!","!","!","!","!","!","!","!"]}},"2342":{"2990":{"keys":[7,3],"grid":[" "," "," "," "," "," ","!","!","!","!","!","!","!","!","!","!"]}},"2349":{"2989":{"keys":[7,3],"grid":[" $!.","00"," #!/","02"," !!0","04","!","!","!","!","!","!","!","!","!","!"]},"2988":{"keys":[7,3],"grid":[" -!%","00"," ,!&","02"," +!'","04"," *!("," )!)","07"," (!*","09"," '!+","11"," &!,","13"," %!-"]},"2987":{"keys":[7,3],"grid":[" "," "," "," "," "," "," "," "," "," "," "," 0!!","11"," /!#"," .!$","14"]}},"2528":{"2875":{"keys":[7,3],"grid":[" .!$"," ,!&"," +!'"," *!("," $!.","!! #!.","!","!","!","!","!","!","!","!","!","!"]}},"2509":{"2882":{"keys":[7,3],"grid":[" +!'"," *!(","01"," )!)"," (!*","04"," '!+"," &!,","07"," %!-"," $!.","10"," #!/"," !!0","13","!"]},"2881":{"keys":[7,3],"grid":[" "," "," "," "," "," "," "," "," "," 0!!"," /!#","10"," .!$"," -!%"," ,!&","14"]}},"2508":{"2882":{"keys":[7],"grid":[" "," "," "," "," "," "," "," "," "," "," "," "," "," "," "," "]},"2883":{"keys":[7,3],"grid":[" 0!!"," /!#","01"," .!$"," -!%","04"," ,!&"," +!'","07"," *!("," )!)","10"," (!*"," '!+","13"," &!,"]},"2884":{"keys":[7,3],"grid":[" %!-"," $!.","01"," #!/"," !!0","04","!","!","!","!","!","!","!","!","!","!"]}},"2507":{"2884":{"keys":[7,3],"grid":[" "," "," "," "," "," "," "," 0!!","07"," /!#"," .!$","10"," -!%"," ,!&","13"," +!'"]},"2885":{"keys":[7,3],"grid":[" *!(","00"," )!)"," (!*"," '!+","04"," &!,"," %!-","07"," $!."," #!/","10"," !!0","!","!","!"]}},"2550":{"2876":{"keys":[3,7],"grid":[" $!."," %!-","01"," '!+"," (!*"," *!("," +!'"," ,!&"," -!%","08","08"," .!$","11"," /!#"," 0!!"," "]},"2875":{"keys":[7,3],"grid":[" "," "," "," "," "," "," "," "," "," "," ","!! 0","11","11","!# /","!$ ."]}},"2505":{"2888":{"keys":[7,3],"grid":[" )!)","00"," (!*"," '!+","03"," &!,"," %!-","06"," $!."," #!/","09"," !!0","!","!","!","!"]},"2887":{"keys":[7,3],"grid":[" "," "," "," "," "," "," 0!!","06"," /!#"," .!$"," -!%","10"," ,!&"," +!'","13"," *!("]}},"2504":{"2888":{"keys":[7,3],"grid":[" "," "," "," "," "," "," "," "," "," "," "," "," "," 0!!","13"," /!#"]},"2889":{"keys":[7,3],"grid":[" .!$","00"," -!%"," ,!&","03"," +!'"," *!(","06"," )!)"," (!*","09"," '!+"," &!,","12"," %!-"," $!."]},"2890":{"keys":[7,3],"grid":[" $!."," #!/"," !!0","!","!","!","!","!","!","!","!","!","!","!","!","!"]}},"2503":{"2891":{"keys":[7,3],"grid":[" )!)"," (!*"," '!+","02"," &!,"," %!-","05"," $!.","07","07"," #!/","10","10","10","10","10"]},"2890":{"keys":[7,3],"grid":[" "," "," "," "," "," 0!!"," /!#","06"," .!$"," -!%","09"," ,!&"," +!'","12"," *!("," )!)"]},"2892":{"keys":[7,3],"grid":[" #!/"," !!0","01","01","01","01","01","!","!","!","!","!","!","!","!","!"]}},"2502":{"2899":{"keys":[7,3],"grid":[" !!0","00","00","00","00","!","!","!","!","!","!","!","!","!","!","!"]},"2898":{"keys":[7,3],"grid":[" $!.","00","00","00","00","00","00"," #!/","07","07","07","07","07","07"," !!0","14"]},"2895":{"keys":[7,3],"grid":[" +!'","00","00","00","00","00","00"," *!(","07","07","07","07","07","07"," )!)","14"]},"2894":{"keys":[7,3],"grid":[" .!$","00","00"," -!%","03","03","03","03","03"," ,!&","09","09","09","09","09","09"]},"2897":{"keys":[7,3],"grid":[" '!+","00"," &!,","02","02","02","02","02","02"," %!-","09","09","09","09","09","09"]},"2896":{"keys":[7,3],"grid":[" )!)","00","00","00","00"," (!*","05","05","05","05","05","05"," '!+","12","12","12"]},"2893":{"keys":[7,3],"grid":[" 0!!","00","00","00","00"," /!#","05","05","05","05","05","05"," .!$","12","12","12"]},"2892":{"keys":[7,3],"grid":[" "," "," "," "," "," "," "," "," "," "," "," "," "," "," 0!!","14"]}},"2501":{"2900":{"keys":[7,3],"grid":[" 0!!","00"," /!#","02","02","02","02","02","02"," .!$","09","09"," -!%"," +!'"," !!! !!# #!*","!"]},"2899":{"keys":[7,3],"grid":[" "," "," "," "," "," "," "," "," "," "," "," 0!!","11","11","11","11"]}},"2413":{"2946":{"keys":[7,3],"grid":[" "," "," "," "," "," "," "," "," "," "," "," "," "," "," '!+","!"]}},"2543":{"2869":{"keys":[7,3],"grid":[" "," "," "," "," "," "," "," $!# ,"," !!' *","!) )","09","09","09","!* (","!+ '","!- %"]}},"2308":{"2990":{"keys":[7,3],"grid":[" "," "," "," "," "," ","!","!","!","!","!","!","!","!","!","!"]}},"2492":{"2923":{"keys":[7],"grid":[" "," "," "," "," "," "," "," "," "," "," "," "," "," "," "," "]},"2924":{"keys":[7,3],"grid":[" )!& $"," (!*","01"," &!,","03"," %!-"," #!/"," !!0","!","!","!","!","!","!","!","!"]}},"2540":{"2869":{"keys":[7,3],"grid":[" "," "," "," "," "," .!$"," *!("," '!+"," %!-"," $!."," #!/","10"," !!0","!","!","!"]},"2871":{"keys":[3,7],"grid":[" "," "," "," "," "," "," ","!! 0","07","07","07","07"," "," "," "," "]}},"2551":{"2878":{"keys":[3,7],"grid":[" ,!&"," .!$"," 0!!"," "," "," "," "," "," "," "," "," "," "," "," "," "]},"2877":{"keys":[3,7],"grid":[" !!0","00"," #!/","02","02","02","02","02","02","02"," $!.","10"," %!-","12"," '!+"," )!)"]},"2876":{"keys":[7],"grid":[" "," "," "," "," "," "," "," "," "," "," "," "," "," "," "," "]}},"2330":{"2990":{"keys":[7,3],"grid":[" "," "," "," "," "," ","!","!","!","!","!","!","!","!","!","!"]}},"2331":{"2990":{"keys":[7,3],"grid":[" "," "," "," "," "," ","!","!","!","!","!","!","!","!","!","!"]}},"2332":{"2990":{"keys":[7,3],"grid":[" "," "," "," "," "," ","!","!","!","!","!","!","!","!","!","!"]}},"2377":{"2956":{"keys":[7,3],"grid":[" "," "," "," "," /!#"," .!$"," -!%"," ,!&"," +!'"," *!("," )!)","10"," (!*"," '!+"," &!,"," %!-"]},"2957":{"keys":[7,3],"grid":[" $!."," #!/"," !!0","!","!","!","!","!","!","!","!","!","!","!","!","!"]}},"2334":{"2990":{"keys":[7,3],"grid":[" "," "," "," "," "," ","!","!","!","!","!","!","!","!","!","!"]}},"2335":{"2990":{"keys":[7,3],"grid":[" "," "," "," "," "," ","!","!","!","!","!","!","!","!","!","!"]}},"2336":{"2990":{"keys":[7,3],"grid":[" "," "," "," "," "," ","!","!","!","!","!","!","!","!","!","!"]}},"2337":{"2990":{"keys":[7,3],"grid":[" "," "," "," "," "," ","!","!","!","!","!","!","!","!","!","!"]}},"2338":{"2990":{"keys":[7,3],"grid":[" "," "," "," "," "," ","!","!","!","!","!","!","!","!","!","!"]}},"2339":{"2990":{"keys":[7,3],"grid":[" "," "," "," "," "," ","!","!","!","!","!","!","!","!","!","!"]}},"2544":{"2869":{"keys":[7],"grid":[" "," "," "," "," "," "," "," "," "," "," "," "," "," "," "," "]},"2870":{"keys":[3,7],"grid":[" #!/"," $!."," &!,"," (!*"," )!)"," -!%"," "," "," "," "," "," "," "," "," "," "]}},"2371":{"2963":{"keys":[7,3],"grid":[" (!*","00"," '!+"," &!,","03"," %!-"," $!.","06"," #!/"," !!0","09","!","!","!","!","!"]},"2962":{"keys":[7,3],"grid":[" "," "," "," "," "," 0!!"," /!#"," .!$","07"," -!%"," ,!&","10"," +!'"," *!(","13"," )!)"]}},"2538":{"2871":{"keys":[7,3],"grid":[" "," "," "," "," "," "," "," ","!! 0","08","!# /","10","!$ .","!% -","!- $!!","!"]}},"2539":{"2869":{"keys":[7],"grid":[" "," "," "," "," "," "," "," "," "," "," "," "," "," "," "," "]},"2871":{"keys":[7,3],"grid":[" 0!!","00"," /!#","02","02","00"," "," "," "," "," "," $!$ +"," #!/","!","!","!"]},"2870":{"keys":[7,3],"grid":[" 0!!","00","00","00","00"," /!#","05","05","05","05","05","00","00","00","00","00"]}},"2532":{"2873":{"keys":[7,3],"grid":[" "," "," "," .!$"," -!%"," $!& $!&"," #!/","!","!","!","!","!","!","!","!","!"]}},"2533":{"2873":{"keys":[7,3],"grid":[" "," "," ","!$ .","!& ,","!' '!%","!) $!&","!","!","!","!","!","!","!","!","!"]}},"2530":{"2873":{"keys":[7,3],"grid":[" "," "," "," "," "," "," "," "," "," "," "," "," "," "," "," .!$"]},"2874":{"keys":[7,3],"grid":[" +!'"," (!*"," #!/"," !!0","!","!","!","!","!","!","!","!","!","!","!","!"]}},"2531":{"2873":{"keys":[7,3],"grid":[" "," "," "," "," "," "," "," /!#"," .!$"," -!%"," ,!&"," *!("," )!)"," '!+"," %!-","!"]}},"2536":{"2871":{"keys":[7,3],"grid":[" "," "," "," "," "," "," "," -!%"," +!'"," *!("," )!)"," (!*"," '!+"," %!-","!","!"]}},"2318":{"2990":{"keys":[7,3],"grid":[" "," "," "," "," "," ","!","!","!","!","!","!","!","!","!","!"]}},"2534":{"2873":{"keys":[7,3],"grid":[" .!$"," -!%"," ,!&"," )!)"," !!0","!","!","!","!","!","!","!","!","!","!","!"]},"2872":{"keys":[7,3],"grid":[" "," "," "," "," "," "," "," "," "," "," "," "," "," 0!!","13"," /!#"]}},"2535":{"2872":{"keys":[7,3],"grid":[" $!.","00"," #!/","02"," !!0","!","!","04","04","02","02","02","04","!","!","!"]},"2871":{"keys":[7,3],"grid":[" "," "," "," "," "," "," "," "," "," "," "," "," '!' %"," &!* #"," %!-"," $!."]}}}}