{"9":{"151":{"227":{"keys":[23,"",22],"grid":[" !!$#-","!%#-","!$#.","02","#","#","#","#","#","#","#","#","01","01","01","01"]},"226":{"keys":["",23,22],"grid":[" ","!   ","01","!###"]}},"150":{"225":{"keys":["",12,23],"grid":["   !","00","## !","###!"]}},"153":{"239":{"keys":[17,1,24],"grid":[" "," "," "," /!#"," *!'#!"," *!!#'","05"," )!##'"," )!!#("," (!##("," (!!#)"," '!##)"," &!##*"," &!!#+"," %!##+"," $!##,"]},"229":{"keys":[22,1,25],"grid":[" *!&##"," +!!#&"," +!##%"," ,!##$","03"," -!###"," .!$"," 0!!","07","07"," /!#","10","07","07","10"," .!##!"]},"228":{"keys":[22,1,25],"grid":[" /!#"," 0!!"," "," "," ","01","00"," -!$#!","07","00","01","01","01","01","00"," +!# !!##!"]},"227":{"keys":[22,"",25,1],"grid":[" -!!#$"," -$!#$"," -$###"," .$!##"," .$##!"," /$!#!"," /$#"," 0$!","07","07","07"," "," "," ","07","06"]},"226":{"keys":["",22,25],"grid":[" "," "," ","!  #"]},"230":{"keys":["",22,1,25],"grid":[" -!!#!$#"," .$$"," /$#","02"," -$%","04","04","04"," "," "," "," "," "," "," "," "]}},"145":{"228":{"keys":[23,"",26],"grid":[" ","!","!","#"]}},"155":{"238":{"keys":[17,"",24,1],"grid":[" %!-","00","00","00"," )!%#%","04","04","04"," '!##)","08","08"," &!!#+"," %$!#,"," !$$#-","$##/","#"]}},"154":{"227":{"keys":[25,1],"grid":[" "," "," "," "," "," "," "," "," "," ","!! 0","10","10","10","10"," "]},"238":{"keys":[17,1,24],"grid":[" "," "," "," "," "," "," "," "," "," "," "," "," "," "," .!$"," +!%##"]},"239":{"keys":[17,1,24],"grid":[" (!%#&"," %!%#)","!&#,","!!#0","#","#","#","#","#","#","#","#","#","#","#","#"]},"229":{"keys":[25,1],"grid":[" "," "," "," "," "," "," ","!! 0","07"," "," "," "," "," "," "," "]},"228":{"keys":[25,1,22],"grid":[" ","!# /","#!!# .","02","01","!! 0","05"," "," "," "," "," "," "," "," "," "]}},"157":{"237":{"keys":["",1],"grid":[" "," "," "," "," "," "," "," "," "," "," "," "," "," "," "," (!( #"]},"238":{"keys":["",1,27,24],"grid":[" '!###!!##!$"," &!##$!!#%!!"," &!!#%!!#&","02","02"," &!,","02"," &!##$!!#&","$% #!!#$!!#&","$% #!###!!#&","$% $!##!!!#&","$% %!$#&","$% &!##&","$% '!##%","$% (!$##","$% *!$"]},"239":{"keys":[24,"",1],"grid":[" -!$#!"," -!%","01"," "," "," "," "," "," "," "," "," "," "," "," "," "]}},"156":{"237":{"keys":["",1,28],"grid":[" "," "," "," "," "," "," "," "," "," %!% )"," #!$##!$ '"," !!##'!# &"," !!!#)!# %"," !!!#*!# $"," !!!#+!# #","!##,!# !"]},"238":{"keys":[1,28,"",24],"grid":[" #!- !#!","#! !!- !#!","01","#! #!, !#!","## &!( !#!","$' *#!","$- #$!#!","$0#!","$","$","$","$","$","$","$","$"]}},"159":{"238":{"keys":["",1,29],"grid":[" "," ","!! 0","!$ .","##!# -","!& ,","#%!! ,","06","06","06","06","06","#$!# ,","#$!! -","13","04"]},"239":{"keys":[1,"",24],"grid":[" $!.","!","!","!","!","!","!","!","!","!","!","!","#%!-","12","12","12"]},"229":{"keys":[25,"",3,1,30],"grid":[" %!%#)","00","00","00","!)#)","!)#($!","05","05","!%%%!$#&","!%%%!%#%","09","!%%&!$#%","!%%)!%","12","12","12"]}},"158":{"238":{"keys":["",1,29,27],"grid":[" ,!# $","!! (!( !","!! '!##&!#","!# &!!#)","$!!$ #!##)","!","$&!##*","$'!!#*","$'!##)","$(!!#)","$(!##(","$)!##'","$*!!#'","$*!##&","$+!##%","$*!%#$"]},"239":{"keys":[1,27,"",24],"grid":[" $!' !## %","## )#'","#& ##*","#","$)#)","04","04","04","$","$","$","$","$","$","$","$"]}},"152":{"224":{"keys":["",31,12,1],"grid":[" )!)","00","00","00","#) #!'","04","#*!(","#*$!!'","07","07","#+!'","10","#-!%","12","12","12"]}}},"13":{"2477":{"3823":{"keys":[17,24],"grid":[" ,!&"," (!*"," %!-","!","!","!","!","!","!","!","!","!","!","!","!","!"]},"3822":{"keys":[17,24],"grid":[" "," "," "," "," "," "," "," "," "," "," "," "," "," "," "," 0!!"]}},"2476":{"3823":{"keys":[17,24],"grid":[" "," "," "," "," .!$"," *!("," &!,"," #!/","!","!","!","!","!","!","!","!"]}},"2475":{"3823":{"keys":[17,24],"grid":[" "," "," "," "," "," "," "," "," /!#"," +!'"," (!*"," $!.","!","!","!","!"]}},"2474":{"3824":{"keys":[17,24],"grid":[" !!0","!","!","!","!","!","!","!","!","!","!","!","!","!","!","!"]},"3823":{"keys":[17,24],"grid":[" "," "," "," "," "," "," "," "," "," "," "," "," "," -!%"," )!)"," &!,"]}},"2459":{"3664":{"keys":[22,25],"grid":[" )!( !"," (!*","!! '!*","!$ $!+","!","!","!","!","!","!","!","!","!","!","!","!"]},"3667":{"keys":[22,25],"grid":[" 0!!"," "," "," "," "," "," "," "," "," "," "," "," "," ,!&"," *!("," +!'"]},"3666":{"keys":[25,22],"grid":[" ","!! 0","!# /","!$ .","!% -","!& ,","!' +","!( *","!) )","!* (","!+ '","10","!, &","!- %","!. $","!/ #"]},"3663":{"keys":[22,25],"grid":[" "," "," "," "," "," "," "," "," "," "," "," "," "," "," "," *!% $"]},"3668":{"keys":[22,25],"grid":[" +!'","00","00"," ,!&","03","03"," -!%","06","06"," /!#"," "," "," "," "," "," "]},"3828":{"keys":[17,24],"grid":[" "," "," "," "," "," "," .!$"," (!*"," #!/","!","!","!","!","!","!","!"]}},"2458":{"3665":{"keys":[22,25],"grid":[" '!+"," (!*","01","01"," )!)","04"," *!(","06","06"," +!'"," ,!&","10"," -!%"," .!$"," /!#"," 0!!"]},"3664":{"keys":[22,25],"grid":[" #!. !"," #!/"," !!0","!","!","!","!","!","!","!","!","!","!","!","02","01"]},"3666":{"keys":[22],"grid":[" "," "," "," "," "," "," "," "," "," "," "," "," "," "," "," "]},"3663":{"keys":[22,25],"grid":[" "," "," "," "," "," "," "," "," "," "," "," "," &!! +"," %!% )"," $!* %"," #!- #"]},"3828":{"keys":[17,24],"grid":[" "," "," "," "," "," "," "," "," "," -!%"," '!+"," #!/"," !!0","12","!","!"]}},"2471":{"3825":{"keys":[17,24],"grid":[" (!*"," '!+"," &!,"," %!-"," #!/","!","!","!","!","!","!","!","!","!","!","!"]},"3824":{"keys":[17,24],"grid":[" "," "," "," "," "," "," "," "," "," 0!!"," /!#"," .!$"," -!%"," +!'"," *!("," )!)"]}},"2470":{"3825":{"keys":[17,24],"grid":[" "," "," "," "," "," /!#"," +!'"," (!*"," $!.","!","!","!","!","!","!","!"]}},"2455":{"3834":{"keys":[17,24],"grid":[" *!("," )!)","01"," (!*","03"," '!+","05"," &!,","07"," %!-","09"," $!.","11"," #!/","13"," !!0"]},"3835":{"keys":[17,24],"grid":[" !!0","!","!","!","!","!","!","!","!","!","!","!","!","!","!","!"]},"3833":{"keys":[17,24],"grid":[" "," "," 0!!","02"," /!#","04"," .!$","06"," -!%","08"," ,!&","10"," +!'","12","12"," *!("]}},"2454":{"3835":{"keys":[17,24],"grid":[" "," "," "," 0!!","03"," /!#","05"," .!$","07"," -!%","09"," ,!&","11"," +!'","13"," *!("]},"3836":{"keys":[17,24],"grid":[" )!)","00"," (!*","02"," '!+"," &!,","05"," %!-"," $!.","08"," #!/"," !!0","11","!","!","!"]}},"2457":{"3664":{"keys":[22,25],"grid":[" "," "," "," "," /!#"," -!%"," +!'"," (!*","07"," )!)"," *!("," 0!!"," "," "," "," "]},"3830":{"keys":[17,24],"grid":[" )!)"," (!*","01"," '!+","03"," &!,","05"," %!-","07"," $!.","09"," #!/","11"," !!0","13","!"]},"3831":{"keys":[24],"grid":[" "," "," "," "," "," "," "," "," "," "," "," "," "," "," "," "]},"3829":{"keys":[17,24],"grid":[" 0!!","00"," /!#","02"," .!$","04"," -!%","06"," ,!&","08","08"," +!'","11"," *!(","13"," )!)"]},"3828":{"keys":[17],"grid":[" "," "," "," "," "," "," "," "," "," "," "," "," "," "," "," "]}},"2456":{"3831":{"keys":[17,24],"grid":[" "," 0!!","01"," /!#","03"," .!$","05"," -!%","07"," ,!&","09","09"," +!'","12"," *!(","14"]},"3832":{"keys":[17,24],"grid":[" )!)","00"," (!*","02"," '!+","04"," &!,","06"," %!-","08"," $!.","10"," #!/","12"," !!0","14"]},"3833":{"keys":[24],"grid":[" "," "," "," "," "," "," "," "," "," "," "," "," "," "," "," "]}},"2451":{"3839":{"keys":[17],"grid":[" "," "," "," "," "," "," "," "," "," "," "," "," "," "," "," "]}},"2453":{"3836":{"keys":[17,24],"grid":[" "," "," "," "," "," "," "," "," "," "," "," "," "," "," 0!!","14"]},"3837":{"keys":[17,24],"grid":[" /!#"," .!$","01"," -!%"," ,!&","04"," +!'","06"," *!("," )!)","09"," (!*"," '!+","12"," &!,"," %!-"]},"3838":{"keys":[17,24],"grid":[" %!-"," $!."," #!/","02"," !!0","!","!","!","!","!","!","!","!","!","!","!"]}},"2452":{"3838":{"keys":[17,24],"grid":[" "," "," "," "," "," "," "," 0!!"," /!#","08"," .!$","10"," -!%"," ,!&","13"," +!'"]},"3839":{"keys":[17,24],"grid":[" *!(","00"," )!)"," (!*","03"," '!+"," &!,","06"," %!-"," $!.","09"," #!/"," !!0","12","!","!"]}},"2441":{"3593":{"keys":[12,31,""],"grid":["   !","00","   #"," "]},"3592":{"keys":[12,"",31],"grid":[" !##","  ##","  !#","   #"]},"3591":{"keys":["",31,12],"grid":["   !","  !!","01","# !!"]}},"2473":{"3824":{"keys":[17,24],"grid":[" "," /!#"," +!'"," '!+"," $!.","!","!","!","!","!","!","!","!","!","!","!"]}},"2472":{"3824":{"keys":[17,24],"grid":[" "," "," "," "," (!% &"," %!-"," #!/"," !!0","!","!","!","!","!","!","!","!"]}},"2525":{"3813":{"keys":[27],"grid":[" "," "," "," "," "," "," "," "," "," "," "," "," "," "," "," "]},"3807":{"keys":["",27,33],"grid":[" "," "," "," "," "," "," "," "," "," "," "," "," "," ","!!#! /","!##! ."]},"3823":{"keys":["",33],"grid":[" /!#"," "," "," "," "," "," "," "," "," "," "," "," "," "," "," "]},"3808":{"keys":[27,33,""],"grid":[" %!!#,"," &!!#+"," (!##("," +!##%"," .!##!"," 0!!"," "," "," "," "," "," "," "," "," "," "]},"3822":{"keys":[27,33,""],"grid":[" "," "," "," "," "," "," "," "," "," ","!! 0","##!# -","#&!# *","#)!# '","#+!# %","#.!! #"]}},"2524":{"3813":{"keys":[27],"grid":[" "," "," "," "," "," "," "," "," "," "," "," "," "," "," "," "]},"3807":{"keys":["",27,33],"grid":[" "," "," "," "," "," ","!!## .","!$## ,","!'#! *","!)#! (","!+#! &","!-#! $","!.## !","!0#!","!","!"]},"3822":{"keys":[27,33,""],"grid":[" ","!! 0","##!! .","#$!! -","#&!! +","#'!# )","#)!! (","#+!! &","#-!! $","#/!! !","#","#","#","#","#","#"]}},"2541":{"3813":{"keys":[29],"grid":[" "," "," "," "," "," "," "," "," "," "," "," "," "," "," "," "]},"3824":{"keys":[29,32,""],"grid":[" "," "," "," "," "," "," "," "," ","!! 0","##!! .","#%!# +","#(!# (","#+!$ $","#/!#","#"]},"3809":{"keys":["",29,32],"grid":[" "," ","!!## .","!%## +","!(## (","!+## %","!.## !","!","!","!","!","!","!","!","!","!"]}},"2526":{"3813":{"keys":[27],"grid":[" "," "," "," "," "," "," "," "," "," "," "," "," "," "," "," "]},"3823":{"keys":[27,33,""],"grid":[" ","!! 0","##!! .","#$!! -","#&!! +","#(!! )","#*!! '","#,!! %","#.!! #","#/!#","#","#","#","#","#","#"]},"3808":{"keys":["",33,27],"grid":[" "," "," "," "," ","!! 0","#!!# .","#$!# ,","#&!# *","#(!! )","#*!! '","#+!! &","#-!! $","#.!! #","#0!!","#"]}},"2521":{"3813":{"keys":[27],"grid":[" "," "," "," "," "," "," "," "," "," "," "," "," "," "," "," "]},"3807":{"keys":["",33,27],"grid":[" "," "," *!%#$"," %!$#*","!$#.","#","#","#","#","#","#","#","#","#","#","#"]},"3819":{"keys":[27,33,""],"grid":[" "," "," "," "," "," "," "," "," "," "," "," "," "," ","!! 0","#!!! /"]},"3820":{"keys":["",33,27],"grid":[" #!!#."," %!!#,"," &!!#+"," '!!#*"," )!!#("," *!!#'"," ,!!#%"," -!###"," /!!#!"," "," "," "," "," "," "," "]}},"2520":{"3813":{"keys":[27],"grid":[" "," "," "," "," "," "," "," "," "," "," "," "," "," "," "," "]},"3818":{"keys":[27,33,""],"grid":[" "," "," "," "," "," "," "," "," "," "," "," ","!! 0","#!!! /","13","##!! ."]},"3819":{"keys":["",33,27],"grid":[" $!!#-"," %!!#,"," &#,"," &!!#+"," '!!#*"," (!!#)"," )!!#("," *!!#'"," +!!#&"," ,!!#%"," -!!#$"," .!!##"," /!!#!"," 0!!"," "," "]},"3807":{"keys":["",33,27],"grid":[" "," "," "," "," "," .!##!"," +!##%"," )!##'"," '!!#*"," %!!#,"," #!!#.","!!#0","#","#","#","#"]}},"2523":{"3813":{"keys":[27],"grid":[" "," "," "," "," "," "," "," "," "," "," "," "," "," "," "," "]},"3807":{"keys":["",33,27],"grid":[" "," ","!% -","#'!$ (","#+!$ $","#/!#","#","#","#","#","#","#","#","#","#","#"]},"3822":{"keys":["",33],"grid":[" 0!!"," "," "," "," "," "," "," "," "," "," "," "," "," "," "," "]},"3821":{"keys":[27,33,""],"grid":[" "," "," "," "," ","!! 0","#!!! /","##!! .","#%!! ,","#&!! +","#'!# )","#)!! (","#+!! &","#,!! %","#-!! $","#/!! !"]}},"2522":{"3812":{"keys":[27],"grid":[" "," "," "," "," "," "," "," "," "," "," "," "," "," "," "," "]},"3813":{"keys":[27],"grid":[" "," "," "," "," "," "," "," "," "," "," "," "," "," "," "," "]},"3810":{"keys":[27],"grid":[" "," "," "," "," "," "," "," "," "," "," "," "," "," "," "," "]},"3811":{"keys":[27],"grid":[" "," "," "," "," "," "," "," "," "," "," "," "," "," "," "," "]},"3809":{"keys":[27],"grid":[" "," "," "," "," "," "," "," "," "," "," "," "," "," "," "," "]},"3808":{"keys":[27],"grid":[" "," "," "," "," "," "," "," "," "," "," "," "," "," "," "," "]},"3814":{"keys":[27],"grid":[" "," "," "," "," "," "," "," "," "," "," "," "," "," "," "," "]},"3815":{"keys":[27],"grid":[" "," "," "," "," "," "," "," "," "," "," "," "," "," "," "," "]},"3818":{"keys":[27],"grid":[" "," "," "," "," "," "," "," "," "," "," "," "," "," "," "," "]},"3819":{"keys":[27],"grid":[" "," "," "," "," "," "," "," "," "," "," "," "," "," "," "," "]},"3816":{"keys":[27],"grid":[" "," "," "," "," "," "," "," "," "," "," "," "," "," "," "," "]},"3820":{"keys":[27,33,""],"grid":[" "," "," "," "," "," "," "," "," ","!! 0","##!! .","#%!! ,","#'!! *","#(!! )","#)!! (","#*!! '"]},"3807":{"keys":["",27],"grid":[" "," ","!","!","!","!","!","!","!","!","!","!","!","!","!","!"]},"3821":{"keys":["",33,27],"grid":[" +!!#&"," ,!!#%"," -!!#$"," .!!##"," 0!!"," "," "," "," "," "," "," "," "," "," "," "]},"3817":{"keys":[27],"grid":[" "," "," "," "," "," "," "," "," "," "," "," "," "," "," "," "]}},"2484":{"3820":{"keys":[17,"",24],"grid":["  !!","00"," !!#"," ###"]}},"2548":{"3813":{"keys":["",32,29],"grid":[" "," ","!! 0","#! 0","#!!! /","##!! .","05","#$!! -","#% -","#%!! ,","#& ,","#&!! +","#' +","#'!! *","#( *","#(!! )"]},"3816":{"keys":[29,32,""],"grid":[" .!!##","00","00","00","00"," .#$","05","05","05"," -!!#$","09","09","09","09","09","09"]},"3817":{"keys":[29,32,""],"grid":[" -!!#$"," .#$","01","01","01"," .!!##","05","05","05","05","05","05","05","05","05","05"]},"3814":{"keys":[29,32,""],"grid":[" (!!#)"," )!!#(","01"," *#("," *!!#'","04"," +#'"," +!!#&","07"," ,#&","09"," ,!!#%","11"," -#%","13"," -!!#$"]},"3815":{"keys":[29,32,""],"grid":[" -!!#$","00","00"," .#$","03","03","03"," .!!##","07","07","07","07","07","07","07","07"]},"3818":{"keys":[29,32,""],"grid":[" .!!##","00","00","00","00"," .#$","05","05","05"," -!!#$","09","09","09"," -#%","13"," ,!!#%"]},"3819":{"keys":[29,32,""],"grid":[" ,!!#%","00"," ,#&"," +!!#&","03"," +#'"," *!!#'","06"," *#("," )!!#(","09"," )#)"," (!!#)","12"," '!!#*","14"]},"3820":{"keys":[29,32,""],"grid":[" &!!#+","00"," %!!#,","02"," $!!#-","04"," #!!#."," ##/"," !!!#/","08","08","08"," !#0","12","!!#0","14"]}},"2482":{"3821":{"keys":[17,24],"grid":[" "," "," "," "," "," "," "," "," "," /!#"," ,!&"," (!*"," $!.","!","!","!"]}},"2528":{"3813":{"keys":[27],"grid":[" "," "," "," "," "," "," "," "," "," "," "," "," "," "," "," "]},"3810":{"keys":[33,"",27],"grid":[" !!0","#! !!/","## !!.","02","#$ !!-","#% !!,","05","#& !!+","#' !!*","08","#( !!)","10","#) !!(","#*!(","#* !!'","#+ !!&"]},"3824":{"keys":[27,33,""],"grid":[" "," ","!! 0","#!!# .","#%!# +","#(!# (","#*!# &","#-!# #","#0!!","#","#","#","#","#","#","#"]},"3809":{"keys":["",33],"grid":[" "," "," "," "," "," "," "," "," "," "," "," "," "," "," ","!! 0"]},"3811":{"keys":[27,33,""],"grid":[" +!!#&"," ,!!#%","01"," -!!#$","03"," .!!##","05"," /##"," /!!#!"," 0#!"," 0!!","10"," "," "," "," "]}},"2480":{"3822":{"keys":[17,24],"grid":[" "," "," /!#"," +!'"," '!+"," $!.","!","!","!","!","!","!","!","!","!","!"]}},"2481":{"3822":{"keys":[17,24],"grid":[" &!,"," !!0","!","!","!","!","!","!","!","!","!","!","!","!","!","!"]},"3821":{"keys":[17,24],"grid":[" "," "," "," "," "," "," "," "," "," "," "," "," "," "," -!%"," )!)"]}},"2509":{"3813":{"keys":[28,32],"grid":[" "," "," "," "," "," "," "," "," "," "," "," "," "," "," 0!!","14"]},"3807":{"keys":[28,32,""],"grid":[" )!!#("," *#("," *!!#'"," +!!#&"," ,#&"," ,!!#%"," -!!#$","06"," .!!##","08"," /!!#!","10"," 0!!","12"," "," "]},"3806":{"keys":["",32,28],"grid":[" "," "," "," "," "," ","!! 0","#!!! /","## /","##!! .","#$!! -","#%!! ,","#&!! +","#'!! *","13","#(!! )"]},"3814":{"keys":[28,32,"",24],"grid":[" /!!#!"," .!!##","$# +!!#$","$) %!!#$","$","$","$","$","$","$","$","$","$","$","$","$"]}},"2508":{"3805":{"keys":["",32,28],"grid":[" "," "," "," "," ","!! 0","#!!! /","##!! .","07","#$!! -","#%!! ,","#&!! +","#'!! *","#(!! )","13","#)!! ("]},"3813":{"keys":[28],"grid":[" "," "," "," "," "," "," "," "," "," "," "," "," "," "," "," "]},"3806":{"keys":[28,32,""],"grid":[" *!!#'"," +!!#&"," ,!!#%"," .!!##"," /!!#!"," 0!!"," "," "," "," "," "," "," "," "," "," "]},"3814":{"keys":[24,28],"grid":[" '!+"," -!%"," "," "," "," "," "," "," "," "," "," "," "," "," "," "]}},"2507":{"3805":{"keys":[28,32,""],"grid":[" +!!#&"," ,!!#%"," -!!#$"," .!!##"," 0!!"," "," "," "," "," "," "," "," "," "," "," "]},"3804":{"keys":["",32,28],"grid":[" "," "," "," "," "," "," "," ","!! 0","#!!! /","#$!! -","#%!! ,","#&!! +","#'!! *","#)!! (","#*!! '"]},"3813":{"keys":[28,24],"grid":[" "," "," "," "," "," "," "," "," "," "," "," "," ","!$ .","!+ '","!"]}},"2506":{"3804":{"keys":[28,32,""],"grid":[" %!!#,"," &!!#+"," '!!#*"," )!!#("," *!##&"," ,!##$"," .!!##"," /!#"," "," "," "," "," "," "," "," "]},"3803":{"keys":["",32,28],"grid":[" "," "," "," "," "," "," "," "," "," "," ","!! 0","#!!! /","##!! .","#$!! -","#% -"]},"3813":{"keys":[28,24],"grid":[" "," "," "," "," "," "," "," "," "," ","!! 0","!( *","!. $","!","!","!"]}},"2505":{"3813":{"keys":[28,24],"grid":[" "," "," "," "," "," "," "," ","!% -","!, &","!","!","!","!","!","!"]},"3803":{"keys":[28,32,""],"grid":[" $!!#-"," &!!#+"," '!!#*"," (!!#)"," *!!#'"," +!!#&"," ,!!#%"," -!!#$"," .!!##"," /!!#!"," 0!!"," "," "," "," "," "]},"3802":{"keys":["",32,28],"grid":[" "," "," "," "," "," "," "," "," "," "," "," "," ","!! 0","#!!! /","##!! ."]}},"2504":{"3813":{"keys":[28,24],"grid":[" "," "," "," "," ","!# /","!) )","!/ #","!","!","!","!","!","!","!","!"]},"3802":{"keys":["",32,28],"grid":[" "," "," ","!! 0","#!!# .","#$!# ,","#&!# *","#(!! )","#*!! '","#+!! &","#-!! $","#.!! #","#/!! !","#","#","#"]}},"2503":{"3813":{"keys":[28,24],"grid":[" "," "," ","!' +","!- %","!","!","!","!","!","!","!","!","!","!","!"]},"3801":{"keys":["",32,28],"grid":[" "," "," "," "," "," "," "," "," "," "," "," "," ","!! 0","##!# -","#&!# *"]},"3802":{"keys":[28,32,""],"grid":[" )!##'"," ,!!#%"," .!##!"," 0!!"," "," "," "," "," "," "," "," "," "," "," "," "]}},"2502":{"3812":{"keys":[28],"grid":[" "," "," "," "," "," "," "," "," "," "," "," "," "," "," "," "]},"3813":{"keys":[24,28],"grid":[" $!."," *!("," 0!!"," "," "," "," "," "," "," "," "," "," "," "," "," "]},"3801":{"keys":["",32,28],"grid":[" "," "," "," "," "," "," "," "," "," "," ","!$ .","#)!% %","#/!#","#","#"]}},"2501":{"3812":{"keys":[28,24],"grid":[" "," "," "," "," "," "," "," "," "," "," "," "," ","!! 0","!( *","!. $"]},"3801":{"keys":["",32,28],"grid":[" "," "," "," "," "," "," "," "," "," "," "," *!(","!$#.","#","#","#"]}},"2500":{"3812":{"keys":[28,24],"grid":[" "," "," "," "," "," "," "," "," "," "," ","!% -","!+ '","!","!","!"]},"3801":{"keys":["",32,28],"grid":[" "," "," "," "," "," "," "," "," "," "," "," "," "," ,!$##"," (!$#'"," %!##+"]},"3802":{"keys":["",32,28],"grid":[" #!!#.","!!#0","#","#","#","#","#","#","#","#","#","#","#","#","#","#"]}},"2464":{"3827":{"keys":[17,24],"grid":[" ,!&"," +!'"," )!)"," &!,"," $!.","!","!","!","!","!","!","!","!","!","!","!"]},"3826":{"keys":[17,24],"grid":[" "," "," "," "," "," "," "," "," "," "," "," "," "," "," 0!!"," -!%"]},"3671":{"keys":[25,22],"grid":[" "," ","!# /","!% -","!' +","!) )","05","!( *","07","04","04","!& ,","03","03","!$ .","14"]},"3654":{"keys":[22,25],"grid":[" !!0","!","!","!","!","!","!","!","!","!","!","!","!","!","!","!"]},"3649":{"keys":[25,22],"grid":[" ","!! 0","!# /","!$ .","!% -","04","04","!& ,","07","!( *","!) )","!+ '","!- %","!/ !!!","!","!"]},"3672":{"keys":[22,25],"grid":[" #!/","00"," !!0","!","!","!","!","!","!","!","!","!","!","!","!","!"]},"3646":{"keys":[22,25],"grid":[" (!*"," )!)","01"," *!(","03","03","03","03"," +!'"," !!# (!'","!% &!(","!' $!(","11","!","!","!"]},"3645":{"keys":[22,25],"grid":[" /!#"," .!$","01"," -!%","03"," ,!&","05"," +!'","05","05","07","07"," *!("," )!)","13","13"]},"3644":{"keys":[22,25],"grid":[" *!("," ,!&","01"," +!'","01","01"," -!%","06","06"," .!$"," /!#","10"," 0!!","10","10","10"]},"3643":{"keys":[22,25],"grid":[" (!*","00"," (!! !!! !!&"," ,!&","03","03","03"," +!'","07","07","07"," *!(","11","11","11","11"]},"3642":{"keys":[25,22],"grid":[" "," ","!! 0","!# /","03","03","03","03","03","03","!# #!# +","!' +","11","!& ,","11","!( *"]},"3652":{"keys":[22,25],"grid":[" "," "," "," "," "," "," "," "," "," "," "," .!# !"," /!#","12"," (!# %!$"," '!& #!$"]},"3653":{"keys":[22,25],"grid":[" &!,"," %!-","00"," (!*"," )!)","04","04"," $!."," #!/","08","00"," '!+","11","!$ !!-","!","!"]}},"2465":{"3649":{"keys":[25,22],"grid":[" "," "," "," "," "," "," "," "," "," "," "," "," ","!! 0","!$ .","!$ !!! !!# )"]},"3826":{"keys":[17,24],"grid":[" "," "," "," "," "," "," "," "," "," "," ,!&"," )!)"," &!,"," #!/","!","!"]},"3650":{"keys":[22,25],"grid":[" .!$"," /!#","01"," 0!!","03"," "," "," "," ","01","00","00","00","00","01"," "]},"3651":{"keys":[22,25],"grid":[" "," "," /!#"," ,!&"," -!%"," .!$"," 0!!"," -!! !!#"," +!'","03","03","04","03","03","04","04"]},"3652":{"keys":[22,25],"grid":[" *!("," (!*","00"," +!'","03","03","03","00","00"," )!)","09"," !!# $!+","!","!","!","!"]}},"2466":{"3826":{"keys":[17,24],"grid":[" "," "," "," "," "," "," .!$"," +!'"," '!+"," #!/","!","!","!","!","!","!"]},"3650":{"keys":[25,22],"grid":[" "," "," "," "," "," ","!! 0"," !!! /","!$ ."," "," "," "," "," "," "," "]},"3651":{"keys":[22,25],"grid":[" !!0","00","!","!","!","!","!","!","!","!","!","!","!","!","!","!"]}},"2467":{"3826":{"keys":[17,24],"grid":[" "," "," .!$"," *!("," &!,"," !!0","!","!","!","!","!","!","!","!","!","!"]}},"2460":{"3664":{"keys":[22,25],"grid":[" "," ","!# /","!$ '!! '","!% &!(","!& $!)","05","!","!","!","!","!","!","!","!","!"]},"3667":{"keys":[25,22],"grid":[" "," ","!! 0","!# /","!$ .","!% -","!& ,","06","06","06","06","06","02"," "," "," "]},"3634":{"keys":[22,25],"grid":[" /!#"," 0!!","01"," "," "," "," "," "," "," "," "," "," "," "," "," "]},"3669":{"keys":[22,25],"grid":[" -!%"," 0!!"," "," "," "," "," "," "," "," "," "," "," "," "," "," "]},"3668":{"keys":[25,22],"grid":[" "," "," "," "," "," "," "," "," "," ","!! 0","!$ .","!& ,","!( *","!* (","!+ '"]},"3633":{"keys":["",25,22],"grid":[" "," "," "," "," -!%","04","04","04","#) '!#","#) %!%","#-!%","10","10","#.!$","13","#/!#"]},"3655":{"keys":[22,25],"grid":[" "," "," "," "," "," "," "," "," "," "," "," 0!!"," ","11"," ,!! #!#"," *!# $!#"]},"3656":{"keys":[22,25],"grid":[" +!# #!#"," +!'"," )!)"," (!*","03","02"," (!& !!$"," $!! $!' !!#"," $!# !!' #!! !"," $!* %"," %!) %","10"," %!$ #!! '"," %!# +"," "," "]},"3828":{"keys":[17,24],"grid":[" "," "," "," /!#"," )!)"," $!.","!","!","!","!","!","!","!","!","!","!"]}},"2461":{"3664":{"keys":[22,25],"grid":[" "," "," "," "," 0!!","!! '!% #!$","!","!","!","!","!","!","!","!","!","!"]},"3680":{"keys":[22,25,""],"grid":[" 0!!","00"," /!#"," .!$"," -!%"," ,!&"," +!'"," *!(","#' $!(","#( !!)","#)!)","#*!(","10","10","10","10"]},"3663":{"keys":[22,25],"grid":[" "," "," "," "," "," "," "," "," "," 0!!","09","09","09","09","09"," "]},"3636":{"keys":[22,25],"grid":[" /!#","00"," 0!!","02"," "," "," "," "," "," "," "," "," "," "," "," "]},"3634":{"keys":[25,22],"grid":[" "," "," "," "," ","!! 0","05","!# /","07","!$ .","09","!% -","11","!& ,","13","!' +"]},"3635":{"keys":[22,25],"grid":[" '!+"," (!*","01"," )!)","03"," *!(","05"," +!'","07","07"," ,!&","10"," -!%","12"," .!$","14"]},"3669":{"keys":[25,22],"grid":[" "," ","!! 0","!# /","!$ .","!% -","05","!& ,","07","!' +","09","09","!( *","12","12","!- %"]},"3828":{"keys":[17,24],"grid":[" 0!!"," *!("," %!-","!","!","!","!","!","!","!","!","!","!","!","!","!"]},"3679":{"keys":[22],"grid":[" "," "," "," "," "," "," "," "," "," "," "," "," "," "," "," "]},"3655":{"keys":[22,25],"grid":[" "," "," "," "," "," "," '!# )","06"," $!& )"," $!& $!&"," $!.","!","!","!","!","!"]},"3656":{"keys":[25,22],"grid":[" "," "," "," &!! +"," %!# #!# '"," $!$ !!# (","!/ #","!# #!-","!# !!.","!","!","!","!","!","!","!"]},"3670":{"keys":[22,25],"grid":[" 0!!"," "," "," "," "," "," "," "," "," "," "," "," "," "," "," "]}},"2462":{"3827":{"keys":[17,24],"grid":[" "," "," "," "," "," "," "," "," "," "," "," "," "," "," +!'"," &!,"]},"3638":{"keys":[22,25],"grid":[" .!$"," /!#","01"," 0!!","03"," "," "," "," "," "," "," "," "," "," "," "]},"3663":{"keys":[22,25],"grid":[" !!0","00"," #!/","02","02","02","00","00","!","!","!","!","!","!","!","!"]},"3662":{"keys":[22,25],"grid":[" "," "," "," "," "," "," 0!!"," ,!&"," *!("," )!)","09","09","09","09"," (!*"," #!/"]},"3636":{"keys":[25,22],"grid":[" "," "," "," "," "," ","!! 0","06","!# /","08","!$ .","10","!% -","12","!& ,","14"]},"3637":{"keys":[22,25],"grid":[" '!+","00"," (!*","02"," )!)","04","04"," *!(","07"," +!'","09"," ,!&","11"," -!%","13"," .!$"]},"3828":{"keys":[24],"grid":[" "," "," "," "," "," "," "," "," "," "," "," "," "," "," "," "]},"3654":{"keys":[22,25],"grid":[" "," "," "," "," "," "," "," "," "," "," "," "," .!# !"," -!$ !"," ,!&"," +!'"]},"3678":{"keys":[22,25],"grid":[" "," "," "," "," "," "," "," "," "," "," "," "," "," "," 0!!"," /!#"]},"3679":{"keys":[22,25],"grid":[" .!$"," -!%","01"," ,!&"," +!'"," *!("," )!)"," (!*"," '!+","08"," &!,"," %!-"," $!."," #!/"," !!0","!"]},"3648":{"keys":[22,25],"grid":[" 0!!"," ","00"," "," "," "," "," "," "," "," "," "," "," "," "," "]},"3647":{"keys":[22,25],"grid":[" "," "," "," "," "," -!%"," +!'"," )!)","07","06"," ,!&","05"," /!#"," .!$","12"," 0!!"]},"3655":{"keys":[22,25],"grid":[" *!(","00"," ,!&","02"," '!+","04"," !!$ #!+","06","!% $!*","!$ %!*","!& #!*","!","!","!","!","!"]},"3670":{"keys":[25,22],"grid":[" ","!! 0"," ","01","!# /","!$ .","!% -","!' +","!* (","!, &","!/ #","!","!","!","!","!"]},"3657":{"keys":[22,25],"grid":[" +!'"," ,!&","01","01"," -!%","04","04"," .!$","07","07"," /!#","10"," "," "," "," "]},"3656":{"keys":[25,22],"grid":[" "," "," "," "," "," "," "," ","!! %!! +","!% !!% (","!* (","10","10","10","10","!+ '"]},"3674":{"keys":[22,25],"grid":[" "," "," "," /!#","03","03"," .!$","06","06"," -!%","09","09","09"," ,!&"," *!("," )!)"]},"3675":{"keys":[22,25],"grid":[" (!*","00","00","00"," )!)","04","04"," +!% !!!"," /!#","08","08"," 0!!"," "," "," "," "]}},"2463":{"3827":{"keys":[17,24],"grid":[" "," "," "," "," "," "," .!$"," ,!&"," *!("," (!*"," &!,"," $!."," #!/","!","!","!"]},"3638":{"keys":[25,22],"grid":[" "," "," "," "," "," "," ","!! 0","07","!# /","07","07","07","!$ .","09","13"]},"3639":{"keys":[22,25],"grid":[" #!/"," $!.","00"," %!-","03"," '!+","05"," *!("," +!'","08","08"," ,!&","11","11","11","08"]},"3654":{"keys":[22,25],"grid":[" "," 0!!","01"," /!#"," -!%"," *!("," %!$ #!("," $!."," #!/"," !!0","!","!","09","09","!","!"]},"3678":{"keys":[22,25],"grid":[" (!*","00","00","00"," '!+"," &!,"," %!-"," $!."," #!/","08","08","08"," !!0","!","!","!"]},"3658":{"keys":[22,25],"grid":[" '!+"," )!)"," *!(","02","02","02"," *!& !!!"," /!#","07","07","07"," .!$","11","11","11","11"]},"3659":{"keys":[22,25],"grid":[" .!$"," /!#","01","01","00","00","01"," 0!!","07","07","07","07","07","07","07","07"]},"3672":{"keys":[22,25],"grid":[" "," "," "," "," "," 0!!","05"," /!#"," .!$","08"," -!%","10"," ,!&"," +!'","13"," *!("]},"3673":{"keys":[22,25],"grid":[" *!("," )!)","01"," (!*"," '!+","04"," &!,","06"," %!-","08"," $!."," #!/","11"," !!0","11","11"]},"3670":{"keys":[25,22],"grid":[" "," "," "," "," "," "," "," "," "," "," "," ","!$ .","!& ,","!) )","!+ '"]},"3657":{"keys":[25,22],"grid":[" "," "," "," "," "," "," "," "," "," "," "," ","!! 0","!$ .","!% -","!& ,"]},"3676":{"keys":[22,25],"grid":[" $!! #!+"," '!+"," &!,","01","01"," (!*","01","01","01","01","01","01","02","02","02","01"]},"3677":{"keys":[22,25],"grid":[" '!+"," '!! #!("," *!("," +!'","02","02","02","02","03","03","02","02","02","02"," )!)"," (!*"]},"3674":{"keys":[22,25],"grid":[" #!/","!","!","!","!","!","!","!","!","!","!","!","!","!","!","!"]},"3675":{"keys":[25,22],"grid":[" "," "," "," "," "," "," "," "," "," "," "," ","!! 0","!# /","13","!$ #!! +"]},"3671":{"keys":[22,25],"grid":[" .!$"," 0!!"," "," "," "," "," "," "," "," "," "," "," "," "," "," "]},"3653":{"keys":[22,25],"grid":[" "," "," "," "," "," "," "," "," "," "," "," "," "," "," 0!!"," "]},"3661":{"keys":[22,25],"grid":[" -!%","00","00","00"," ,!&","04","04","04","04","04"," +!'","10","10","10","10","10"]},"3660":{"keys":[22,25],"grid":[" 0!!","00","00","00","00"," /!#","05","05","05","05"," .!$","10","10","10","10"," -!%"]},"3662":{"keys":[22,25],"grid":[" *!(","00","00"," (!*"," %!-"," #!/","!","!","!","!","!","!","!","!","!","!"]},"3649":{"keys":[22,25],"grid":[" *!$ #!#"," +!! &"," "," "," "," "," "," "," "," "," "," "," "," "," "," "]},"3648":{"keys":[25,22],"grid":[" "," "," ","!! 0","!# /","04","03","03","!$ .","08","08","08","!& ,","!& #!# %!! #","!) &!! #","!* $!$ !"]},"3647":{"keys":[22,25],"grid":[" &!,","00"," %!-","02","02","!","!","!","!","!","!","!","!","!","!","!"]},"3646":{"keys":[22,25],"grid":[" "," "," "," "," "," "," "," "," "," "," "," .!$"," -!%"," +!'"," (!*"," &!,"]},"3642":{"keys":[22,25],"grid":[" /!#"," "," "," "," "," "," "," "," "," "," "," "," "," "," "," "]},"3641":{"keys":[22,25],"grid":[" (!*","00","00","00","00","00","00"," )!)"," *!("," +!'"," ,!&"," -!%"," .!$"," /!#","13","13"]},"3640":{"keys":[22,25],"grid":[" *!("," )!)"," (!*"," '!+","03","03","03","03","03","03","03","03","03","02","02","02"]}},"2543":{"3813":{"keys":[29],"grid":[" "," "," "," "," "," "," "," "," "," "," "," "," "," "," "," "]},"3810":{"keys":[29,32,""],"grid":[" !!!#/"," #!!#."," $!##,"," &!!#+"," '!!#*"," (!!#)"," )!!#("," *!!#'"," +!!#&"," ,!!#%"," -!!#$"," .!!##"," /!!#!"," 0!!"," "," "]},"3824":{"keys":[29,32,""],"grid":[" "," "," "," "," "," "," "," "," "," "," "," "," "," "," /!#"," &!'#&"]}},"2468":{"3826":{"keys":[17,24],"grid":[" %!-","!","!","!","!","!","!","!","!","!","!","!","!","!","!","!"]},"3825":{"keys":[17,24],"grid":[" "," "," "," "," "," "," "," "," "," "," "," "," "," "," -!%"," )!)"]}},"2527":{"3813":{"keys":[27],"grid":[" "," "," "," "," "," "," "," "," "," "," "," "," "," "," "," "]},"3824":{"keys":["",33,27],"grid":[" ,!!#%"," .!!##"," 0!!"," "," "," "," "," "," "," "," "," "," "," "," "," "]},"3823":{"keys":[27,33,""],"grid":[" "," "," "," "," "," "," "," "," "," ","!# /","##!! .","#%!! ,","#'!! *","#(!# (","#*!! '"]},"3808":{"keys":["",33],"grid":[" "," "," "," "," "," "," "," "," "," "," "," "," "," "," ","!! 0"]},"3809":{"keys":[27,33,""],"grid":[" !!!#/"," #!!#."," %!!#,"," &!!#+"," '!!#*"," (!!#)"," )!!#("," *!!#'"," +!!#&"," ,!!#%"," -!!#$","10"," .!!##"," /!!#!"," 0!!"," "]}},"2469":{"3825":{"keys":[17,24],"grid":[" "," "," "," "," "," "," "," "," "," 0!!"," ,!&"," (!*"," %!-","!","!","!"]}},"2483":{"3821":{"keys":[17,"",24],"grid":[" 0!!"," /!#","01"," .!!##"," .#$"," -#%"," *#("," &#,"," ##/","#","#","#","#","#","#","#"]}},"2540":{"3813":{"keys":[29],"grid":[" "," "," "," "," "," "," "," "," "," "," "," "," "," "," "," "]},"3824":{"keys":["",32,29],"grid":[" !!!#/"," #!!#."," $!!#-"," &!!#+"," '!##)"," )!!#("," +!!#&"," ,!##$"," .!##!"," 0!!"," "," "," "," "," "," "]},"3823":{"keys":[29],"grid":[" "," "," "," "," "," "," "," "," "," "," "," "," "," "," "," "]},"3808":{"keys":["",32],"grid":[" "," "," "," "," "," "," "," "," "," "," "," "," "," "," ","!! 0"]},"3809":{"keys":[29,32,""],"grid":[" (!$#'"," -!$#!"," "," "," "," "," "," "," "," "," "," "," "," "," "," "]}},"2479":{"3822":{"keys":[17,24],"grid":[" "," "," "," "," "," "," 0!!"," -!%"," )!)"," %!-"," !!0","!","!","!","!","!"]}},"2547":{"3812":{"keys":["",32,29],"grid":[" ","!! 0","#!!! /","##!# -","#%!! ,","#&!! +","#'!! *","#(!! )","#)!! (","#*!! '","#+!! &","#, &","#,!! %","#-!! $","#.!! #","#/!! !"]},"3813":{"keys":[29,32,""],"grid":[" /!!#!"," 0!!"," "," "," "," "," "," "," "," "," "," "," "," "," "," "]},"3823":{"keys":[32,""],"grid":[" !!0","!","!","!","!","!","!","!","!","!","!","!","!","!","!","!"]},"3822":{"keys":[29,"",32],"grid":[" +!'"," *#!!'","01"," )#!!(","03"," (#!!)"," (!*"," '#!!*"," &#!!+","08"," %#!!,"," %!-"," $#!!-"," ##!!."," !#!!/","14"]},"3821":{"keys":[29,32,""],"grid":[" "," 0!!","01","01"," 0#!"," /!!#!","05"," /##"," .!!##"," .#$"," -!!#$","10"," -#%"," ,!!#%"," ,#&"," +!!#&"]},"3820":{"keys":[29],"grid":[" "," "," "," "," "," "," "," "," "," "," "," "," "," "," "," "]}},"2478":{"3822":{"keys":[17,24],"grid":[" "," "," "," "," "," "," "," "," "," "," "," .!$"," *!("," '!+"," #!/","!"]}},"2546":{"3812":{"keys":[29,32],"grid":[" 0!!"," "," "," "," "," "," "," "," "," "," "," "," "," "," "," "]},"3813":{"keys":[29],"grid":[" "," "," "," "," "," "," "," "," "," "," "," "," "," "," "," "]},"3824":{"keys":[32,""],"grid":[" !!0","!","!","!","!","!","!","!","!","!","!","!","!","!","!","!"]},"3823":{"keys":[29,32,""],"grid":[" "," 0!!"," /!!#!","02"," .!!##"," -!!#$"," ,!!#%"," +!!#&"," *!!#'"," )!!#("," (!!#)"," '!!#*"," &!!#+"," $!##,"," #!!#."," !!!#/"]},"3811":{"keys":["",32,29],"grid":[" "," "," "," "," "," "," ","!! 0","#!!# .","#$!# ,","#&!# *","#(!! )","#*!! '","#+!# %","#-!! $","#.!! #"]}},"2499":{"3812":{"keys":[28,32,"",24],"grid":[" "," "," "," "," "," "," ","!! 0","#!!! /","$) )","$/ #","$","$","$","$","$"]},"3802":{"keys":["",32,28],"grid":[" "," 0!!"," .!##!"," ,!!#%"," *!!#'"," (!##("," '!!#*"," %!!#,"," $!!#-"," !!!#/","!!#0","#","#","#","#","#"]}},"2498":{"3812":{"keys":["",32,28,24],"grid":[" *!!#'"," +!!#&"," ,!!#%"," -!!#$"," .!!##"," /!!#!"," 0!!"," "," )$)","08","08","08","$","$","$","$"]},"3811":{"keys":[28,32,""],"grid":[" "," "," "," ","!! 0","04","#!!! /","##!! .","07","#$!! -","#%!! ,","#&!! +","#' +","#'!! *","#(!! )","#)!! ("]},"3803":{"keys":["",32,28],"grid":[" *!!#'"," )!!#("," (!!#)"," '!!#*"," &!!#+"," %!!#,"," $!!#-"," #!!#.","07"," !!!#/","!!#0","#","#","#","#","#"]},"3802":{"keys":["",32,28],"grid":[" "," "," "," "," "," "," "," "," "," "," "," /!#"," .!!##"," -!!#$"," ,!!#%"," +!!#&"]}},"2517":{"3812":{"keys":["",27,33],"grid":[" )!)","00","00","00","00","00","00","00","00"," )#!!(","09","09","09"," *!(","13"," *#!!'"]},"3813":{"keys":["",33,27],"grid":[" *!!#'","00"," +#'","02"," +!!#&","04"," ,#&","04","04","04","04","04","04","02","02","02"]},"3810":{"keys":["",33,27],"grid":[" 0!!"," /!!#!","01"," .!!##","03"," .#$"," -!!#$","06"," -#%"," ,!!#%","09"," ,#&"," +!!#&","12"," +#'","14"]},"3811":{"keys":["",33,27],"grid":[" *!!#'","00","00"," *#(","03"," )!!#(","05","05","05","05"," )#)","10","10","10","10","10"]},"3809":{"keys":["",33],"grid":[" "," "," "," "," "," "," "," "," "," "," "," "," "," "," "," 0!!"]},"3814":{"keys":["",27,33],"grid":[" +!'","00","00","00"," +#!!&","04","04","04","04","04"," ,!&","10","10"," ,#!!%","13","13"]},"3815":{"keys":["",27,33],"grid":[" -!%","00"," -#!!$","02"," .!$","04"," .#!!#","06"," /!#"," /#!!!","09"," 0!!"," 0#!","12"," "," "]}},"2545":{"3813":{"keys":[29],"grid":[" "," "," "," "," "," "," "," "," "," "," "," "," "," "," "," "]},"3824":{"keys":[29,32,""],"grid":[" 0!!"," /!!#!"," .!!##"," ,!!#%"," *!##&"," (!##("," '!!#*"," %!!#,"," #!!#.","!!#0","#","#","#","#","#","#"]},"3811":{"keys":["",29,32],"grid":[" "," ","!!## .","!%## +","!(## (","!+## %","!.#! #","!0#!","!","!","!","!","!","!","!","!"]}},"2542":{"3813":{"keys":[29],"grid":[" "," "," "," "," "," "," "," "," "," "," "," "," "," "," "," "]},"3810":{"keys":[29],"grid":[" "," "," "," "," "," "," "," "," "," "," "," "," "," "," "," "]},"3824":{"keys":[29,32,""],"grid":[" "," "," "," "," "," "," "," "," "," "," "," "," "," ","!! 0","#%!& ("]},"3809":{"keys":["",32,29],"grid":[" "," "," "," "," "," "," ","!# /","##!# -","#&!! +","#(!! )","#*!! '","#+!# %","#-!! $","#/!! !","#0!!"]}},"2544":{"3813":{"keys":[29],"grid":[" "," "," "," "," "," "," "," "," "," "," "," "," "," "," "," "]},"3810":{"keys":["",32,29],"grid":[" "," "," "," "," "," "," "," "," "," "," "," "," "," ","!! 0","#!!! /"]},"3824":{"keys":[29,32,""],"grid":[" "," "," "," "," "," "," "," "," "," 0!!"," .!!##"," +!##%"," '!$#("," $!##,","!!#0","#"]},"3811":{"keys":[29,32,""],"grid":[" '!%#'"," .!##!"," "," "," "," "," "," "," "," "," "," "," "," "," "," "]}},"2497":{"3810":{"keys":["",32,28],"grid":[" %!!#,"," &#,"," &!!#+","02"," '!!#*","04"," (!!#)","06"," )!!#(","08"," *!!#'"," +#'"," +!!#&"," ,!!#%","13"," -!!#$"]},"3811":{"keys":["",32,28],"grid":[" .!!##","00"," /!!#!"," 0!!"," "," "," "," "," "," "," "," "," "," "," "," "]},"3809":{"keys":[32,28,""],"grid":[" !!0","00","00","00","#!!0","04","#! !!/","06","##!/","08","## !!.","10","#$!.","#$ !!-","13","#%!-"]},"3808":{"keys":[28],"grid":[" "," "," "," "," "," "," "," "," "," "," "," "," "," "," "," "]},"3805":{"keys":["",28,32],"grid":[" &!,"," %#!!,","01"," %!-","03"," $#!!-","05"," $!.","07"," ##!!.","09","09"," #!/","12","12"," !#!!/"]},"3804":{"keys":["",32,28],"grid":[" -!!#$"," -#%"," ,!!#%"," +!!#&","03"," *!!#'","05"," )!!#(","07"," (!!#)","09"," (#*"," '!!#*"," '#+"," &!!#+","14"]},"3807":{"keys":["",32,28],"grid":[" !!!#/","00","00","00"," !#0","04","!!#0","06","06","06","#","#","#","#","#","#"]},"3806":{"keys":["",32,28],"grid":[" !!!#/","00","00","00","00","00"," !#0","06","06","06","06","00","00","00","00","00"]},"3803":{"keys":["",32,28],"grid":[" "," "," "," "," "," "," "," "," "," "," "," 0!!","11"," /!!#!"," .!!##","14"]}},"2496":{"3807":{"keys":["",32],"grid":[" "," "," "," "," "," "," "," "," "," "," "," "," "," 0!!","13","13"]},"3808":{"keys":["",32],"grid":[" 0!!","00","00","00","00","00","00","00","00","00","00","00","00"," "," "," "]}},"2529":{"3812":{"keys":[27,33,""],"grid":[" !!!#/"," ##/"," #!(#("," -!%"," "," "," "," "," "," "," "," "," "," "," "," "]},"3813":{"keys":[27],"grid":[" "," "," "," "," "," "," "," "," "," "," "," "," "," "," "," "]},"3824":{"keys":[27,33,""],"grid":[" "," "," "," "," "," "," "," ","!! 0","##!$ ,","#(!$ '","#-!%","#","#","#","#"]},"3811":{"keys":["",33,27],"grid":[" "," "," "," "," "," "," "," "," "," "," "," ","!! 0","12","#! 0","#!!! /"]}},"2538":{"3809":{"keys":["",32,29],"grid":[" 0!!"," +!$#$"," (!##("," %!##+"," !!##.","#","#","#","#","#","#","#","#","#","#","#"]},"3823":{"keys":[27,"",33],"grid":[" (!*"," '#!!*","01"," &#!!+","03"," &!,"," %#!!,"," %!-"," $#!!-"," $!."," ##!!."," !#!!/","11","#!!0","!","!"]},"3822":{"keys":[27,29,33,"",32],"grid":[" &!,","00"," '!+"," (!*","03"," )!)","05"," *!("," *#!!'"," *$!%!!&"," *$#%!!%"," )#!$$%!!$"," )#!$%%!!#"," )$&%!!#"," (#!$'%!!!"," (#!$(%!"]},"3821":{"keys":[29,27],"grid":[" "," "," "," "," "," "," "," "," "," ","!! 0","!# /","11","!$ .","13","!% -"]},"3813":{"keys":[29],"grid":[" "," "," "," "," "," "," "," "," "," "," "," "," "," "," "," "]}},"2539":{"3813":{"keys":[29],"grid":[" "," "," "," "," "," "," "," "," "," "," "," "," "," "," "," "]},"3823":{"keys":[32,29,""],"grid":[" !!0","#!!0","#! !!/","## !!.","#$ !!-","#% !!,","#& !!+","#' !!*","#( !!)","#) !!(","#* !!'","#+ #!%","#- !!$","#. !!#","#/ !!!","#0 !"]},"3808":{"keys":["",32],"grid":[" "," "," "," "," "," "," "," "," "," "," "," "," "," "," "," *!("]},"3809":{"keys":[32,29],"grid":[" $!.","!","!","!","!","!","!","!","!","!","!","!","!","!","!","!"]},"3822":{"keys":[29],"grid":[" "," "," "," "," "," "," "," "," "," "," "," "," "," "," "," "]}},"2518":{"3813":{"keys":[27],"grid":[" "," "," "," "," "," "," "," "," "," "," "," "," "," "," "," "]},"3809":{"keys":["",33,27],"grid":[" )!!#(","00"," (!!#)"," '!!#*"," '#+"," &!!#+"," %!!#,","06"," $!!#-"," $#."," #!!#."," !!!#/","11","!!#0","13","#"]},"3808":{"keys":["",33,27],"grid":[" "," "," "," "," "," "," "," "," 0!!"," /!!#!"," .!!##"," -!!#$","11"," ,!!#%"," +!!#&"," *!!#'"]},"3815":{"keys":[27,33],"grid":[" "," "," "," "," "," "," "," "," "," "," "," "," "," ","!! 0","14"]},"3816":{"keys":["",27,33],"grid":[" !!0"," !#!!/"," #!/"," ##!!."," $!."," $#!!-"," %!-"," %#!!,"," &#!!+","08"," '#!!*","10"," (#!!)"," )!)"," )#!!("," *#!!'"]},"3817":{"keys":["",27,33],"grid":[" +!'"," +#!!&"," ,#!!%"," -#!!$"," .!$"," .#!!#"," /#!!!"," 0#!"," "," "," "," "," "," "," "," "]}},"2519":{"3813":{"keys":[27],"grid":[" "," "," "," "," "," "," "," "," "," "," "," "," "," "," "," "]},"3807":{"keys":["",33,27],"grid":[" "," "," "," "," "," "," "," "," "," "," "," "," /!#"," .!!##"," ,!!#%"," +!!#&"]},"3817":{"keys":[27,33,""],"grid":[" "," "," "," "," "," "," "," ","!! 0","#!!! /","##!! .","#$ .","#$!! -","#%!! ,","#&!! +","#'!! *"]},"3818":{"keys":["",33,27],"grid":[" (!!#)"," )!!#("," *!##&"," ,!!#%","03"," -!!#$","05"," .!!##"," /##"," /!!#!"," 0!!","10"," "," "," "," "]},"3808":{"keys":["",33,27],"grid":[" )!##'"," (!!#)"," '!!#*"," &!!#+"," $!##,"," #!!#."," !!!#/","!!#0","#","#","#","#","#","#","#","#"]}},"2510":{"3812":{"keys":[28,"",32],"grid":[" -!%","00"," ,#!!%","02","02"," ,!&"," +#!!&","06","06"," +!'"," *#!!'","10"," *!("," )#!!(","13"," (#!!)"]},"3813":{"keys":[28,32,""],"grid":[" (!!#)"," (#*"," '!!#*"," '#+"," &!!#+"," &#,"," %!!#,"," %#-"," $!!#-"," $#."," #!!#."," !!!#/","11","!!#0","#","#"]},"3810":{"keys":[28,"",32],"grid":[" ,!&"," ,#!!%","01"," -!%","03","03"," -#!!$","06","06"," .!$","09","09","09","09"," .#!!#","14"]},"3811":{"keys":[28,32,""],"grid":[" .!!##","00","00","00","00","00","00","00"," .#$","08","08","08","08"," -!!#$","13","13"]},"3809":{"keys":[28,32,""],"grid":[" '!!#*","00"," (#*"," (!!#)","03"," )#)"," )!!#(","06","06"," *#("," *!!#'","10"," +#'"," +!!#&","13"," ,#&"]},"3808":{"keys":[28,"",32],"grid":[" !!0"," !#!!/"," #!/"," ##!!.","03"," $!."," $#!!-","06"," %!-","08"," %#!!,","10"," &!,"," &#!!+","13"," '!+"]},"3807":{"keys":["",32],"grid":[" "," "," "," "," "," "," "," "," "," "," "," "," "," ","!! 0","14"]}},"2559":{"3670":{"keys":[3,34],"grid":[" !!0","00","00","!","!","!","00","00","00","00","00"," #!/","11","11"," $!."," %!-"]},"3671":{"keys":[3,34],"grid":[" %!-"," &!,"," '!+"," (!*"," )!)"," *!("," ,!&"," -!%"," /!#"," "," "," "," "," "," "," "]},"3669":{"keys":[3,34],"grid":[" "," 0!!"," .!$"," ,!&"," +!'"," )!)"," (!*"," '!+"," &!,"," %!-"," $!.","10"," #!/","12","12"," !!0"]}},"2532":{"3813":{"keys":["",33,27],"grid":[" ","!! 0","#!!! /","##!# -","#%!! ,","#&!# *","#(!! )","#)!# '","#+!! &","#,!! %","#-!# #","#/!! !","#0!!","#","#","#"]},"3825":{"keys":[27,"",33],"grid":[" "," "," "," "," "," "," "," "," "," "," ","!!#! /","!$## ,","!'## )","!*## &","!-## #"]}},"2533":{"3826":{"keys":[33,27,""],"grid":[" $!.","#' (!$","#","#","#","#","#","#","#","#","#","#","#","#","#","#"]},"3825":{"keys":[27],"grid":[" "," "," "," "," "," "," "," "," "," "," "," "," "," "," "," "]},"3814":{"keys":[27,33,""],"grid":[" $!!#-"," &!!#+"," '!!#*"," (!!#)","03"," )!!#("," *!!#'"," +!!#&"," ,!!#%"," -!!#$"," .!!##","10"," /!!#!"," 0!!"," "," "]},"3813":{"keys":["",33,27],"grid":[" "," "," "," "," "," "," "," "," "," "," "," "," ","!! 0","#!!! /","##!! ."]}},"2530":{"3812":{"keys":["",27,33],"grid":[" "," "," "," ","!##$ ,","!'#$ (","!+## %","!.#! #","!0#!","!","!","!","!","!","!","!"]},"3813":{"keys":[27],"grid":[" "," "," "," "," "," "," "," "," "," "," "," "," "," "," "," "]},"3825":{"keys":["",33],"grid":[" 0!!"," "," "," "," "," "," "," "," "," "," "," "," "," "," "," "]},"3824":{"keys":[27,"",33],"grid":[" "," "," "," "," "," "," "," "," "," "," "," ","!(#& %","!-#! $","!.#! #","!/#! !"]}},"2531":{"3812":{"keys":["",33,27],"grid":[" "," "," "," "," "," "," "," ","!! 0","#!!# .","#%!! ,","#'!! *","#(!# (","#*!! '","#,!! %","#-!# #"]},"3813":{"keys":[27,33,""],"grid":[" /!!#!"," 0!!"," "," "," "," "," "," "," "," "," "," "," "," "," "," "]},"3825":{"keys":[27,"",33],"grid":[" ","!!#! /","!##! .","!$#! -","!&#! +","!'#! *","!)#! (","!*#! '","!,#! %","!.#! #","!0#!","!","!","!","!","!"]}},"2536":{"3813":{"keys":[29],"grid":[" "," "," "," "," "," "," "," "," "," "," "," "," "," "," "," "]},"3810":{"keys":["",32,29],"grid":[" -!!#$"," ,!!#%"," +!!#&"," )!!#("," (!!#)"," '!!#*"," &!!#+"," %!!#,"," $!!#-"," #!!#."," !!!#/","!!#0","#","#","#","#"]},"3809":{"keys":["",32,29],"grid":[" "," "," "," "," "," "," "," "," "," "," "," "," "," "," 0!!"," .!!##"]},"3818":{"keys":[29,27],"grid":[" "," "," "," "," "," ","!! 0","!# /","07","!$ .","!% -","10","!& ,","12","!' +","!( *"]},"3819":{"keys":[27,29],"grid":[" (!*"," )!)","01"," *!("," +!'","04"," ,!&"," -!%","07"," .!$","09"," /!#"," 0!!","12"," "," "]},"3825":{"keys":[27,33,""],"grid":[" 0!!"," /!!#!"," .!!##"," -!!#$"," +!!#&"," *!!#'"," (!!#)"," &!##*"," %!!#,"," #!!#.","!!#0","#","#","#","#","#"]}},"2537":{"3813":{"keys":[29],"grid":[" "," "," "," "," "," "," "," "," "," "," "," "," "," "," "," "]},"3825":{"keys":[33,""],"grid":[" !!0","!","!","!","!","!","!","!","!","!","!","!","!","!","!","!"]},"3824":{"keys":[27,33,""],"grid":[" /!!#!"," /##"," .!!##"," -!!#$"," ,!!#%"," ,#&"," +!!#&"," *!!#'"," )!!#("," (!!#)"," '!!#*"," &!!#+"," %!!#,"," $!!#-"," #!!#."," !!!#/"]},"3823":{"keys":[27,33],"grid":[" "," "," "," "," "," "," "," "," "," "," "," "," "," "," "," 0!!"]},"3821":{"keys":[27,29],"grid":[" ,!&","00"," -!%"," .!$","03"," /!#"," 0!!","06"," "," "," "," "," "," "," "," "]},"3820":{"keys":[27,29],"grid":[" !!0"," #!/","01"," $!."," %!-","04"," &!,","06"," '!+"," (!*","09"," )!)","11"," *!("," +!'","14"]},"3819":{"keys":[29],"grid":[" "," "," "," "," "," "," "," "," "," "," "," "," "," "," "," "]},"3809":{"keys":["",32,29],"grid":[" "," "," "," "," "," /!#"," -!###"," +!##%"," )!##'"," '!##)"," &!!#+"," $!!#-"," !!##.","!!#0","#","#"]}},"2534":{"3812":{"keys":["",32,29],"grid":[" "," "," "," 0!!"," 0#!"," /!!#!","05"," .!!##","07"," .#$"," -!!#$","10"," -#%"," ,!!#%","13"," ,#&"]},"3813":{"keys":["",32,29],"grid":[" +!!#&","00","00"," +#'"," *!!#'","04","04"," *#(","07"," )!!#(","09","09"," )#)"," (!!#)","13","13"]},"3825":{"keys":[27],"grid":[" "," "," "," "," "," "," "," "," "," "," "," "," "," "," "," "]},"3816":{"keys":[27,29],"grid":[" +!'","00"," ,!&"," -!%","03"," .!$","05"," /!#"," 0!!","08"," "," "," "," "," "," "]},"3814":{"keys":["",29,32,33],"grid":[" (!*","00","00"," '#!!*","03","03","03","03"," '!+","08","08","08","08","08","08","$! &!+"]},"3815":{"keys":[27,33,"",29,32],"grid":[" !!!#%$+"," ##%$+"," #!!#$$+"," $!!##$+","03"," %!!#!%!$*","05"," &!!%!$*","07"," '!!$*","09"," ($*"," (!!$)"," )$)"," *$(","14"]},"3826":{"keys":[27,33,""],"grid":[" .!$"," $!(#'","#","#","#","#","#","#","#","#","#","#","#","#","#","#"]}},"2535":{"3812":{"keys":["",29,32],"grid":[" !!0","#!!0","!","!","!","!","!","!","!","!","!","!","!","!","!","!"]},"3813":{"keys":[29],"grid":[" "," "," "," "," "," "," "," "," "," "," "," "," "," "," "," "]},"3810":{"keys":["",32,29],"grid":[" "," "," "," "," "," "," "," "," "," "," "," "," 0!!"," /!!#!"," .!!##"," -!!#$"]},"3811":{"keys":["",32,29],"grid":[" ,!!#%"," +!!#&"," *!!#'"," *#("," )!!#("," (!!#)"," '!!#*","06"," &!!#+"," %!!#,","09"," $!!#-"," $#."," #!!#."," ##/"," !!!#/"]},"3816":{"keys":[29,27],"grid":[" "," "," "," "," "," "," "," "," "," "," ","!! 0","11","!# /","13","!$ ."]},"3817":{"keys":[27,29],"grid":[" %!-","00"," &!,","02"," '!+"," (!*","05"," )!)"," *!(","08"," +!'","10"," ,!&"," -!%","13"," .!$"]},"3818":{"keys":[27,29],"grid":[" .!$"," /!#"," 0!!","02"," "," "," "," "," "," "," "," "," "," "," "," "]},"3825":{"keys":[27,33,""],"grid":[" "," "," "," "," "," "," "," "," "," "," "," /!!#!"," ,!##$"," )!##'"," &!##*"," #!##-"]}}}}