{"9":{"159":{"287":{"keys":[1,36,37],"grid":[" !!0","00","00","00","00","00","00","00"," #!/","#! #!.","## !!.","## #!-","#$ !!-","12","12","12"]},"286":{"keys":[36,1],"grid":[" "," "," "," "," "," "," "," "," "," "," "," "," "," "," ","!! 0"]}},"158":{"273":{"keys":[36,1,20],"grid":[" "," "," ","!! 0","03","!# /","#!!! /","#!!# .","##!! .","##!# -","#$!! -","#$!# ,","#%!! ,","#%!# +","#&!! +","14"]},"274":{"keys":[20,1,36],"grid":[" %!##+"," $!##,","01","01"," #!##-"," !!##."," !!!#/","!##/","07","07","07","07","07","07","07","07"]},"275":{"keys":[20,1,36],"grid":[" !!!#/","!##/","!!#0","02","02","02","#","#","#","#","#","#","#","#","#","#"]},"276":{"keys":[36,1,20],"grid":[" "," ","!! 0","02","!# /","#!!! /","04"," "," "," "," "," "," "," "," "," "]},"279":{"keys":[36,1,20],"grid":[" "," "," "," "," "," ","!! 0","!# /","#!!# .","!$ .","06"," "," "," "," "," "]},"283":{"keys":[36,1,37],"grid":[" "," "," "," "," "," "," "," ","!! 0","!# /","#!!# .","##!# -","#$!$ +","#&!! +","#&!# *","#'!$ ("]},"285":{"keys":[37,1,36],"grid":[" )!!#("," &!%#("," $!$#+"," $!##,"," %!!#,","04","04"," %!##+"," &!!#+","02"," $!!#-","03","07"," &!##*"," '!$#("," )!$#&"]},"284":{"keys":[37,1,36],"grid":[" )!##'"," *!$#%"," +!##%"," +!!#&"," *!##&","00"," (!##("," '!##)","07"," &!##*"," %!##+","09"," '!$#("," )!!#(","13","13"]},"286":{"keys":[37,1,36],"grid":[" *!##&"," )!##'"," (!##("," )!!#(","03","02","03"," )!%#%"," ,!##$"," -!###"," .!!##"," .!##!"," /!!#!"," /!#"," 0!!","14"]}},"155":{"282":{"keys":[20,1,"",37],"grid":[" "," "," "," "," "," "," "," 0!!"," '!+"," %##$+"," %#$$*"," %#&$(","#)$)","12","12","12"]}},"157":{"279":{"keys":[20,1,36],"grid":[" (!!#)"," (!##("," )!!#(","02"," )!##'"," *!##!!%"," +!% !!!"," "," "," "," /!#"," .!##!"," .!!##","12"," -!###","12"]},"278":{"keys":[20,1,36],"grid":[" )!##'"," )!!#("," (!##(","02"," '!$#("," &!##*"," %!##+"," %!!#,","07","06"," &!!#+","10","05"," '!!#*","13"," '!##)"]},"272":{"keys":[20,1,36],"grid":[" %!!#,"," %!##+"," &!!#+"," &!##*"," '!##)"," (!!#)"," (!##("," )!##'"," *!!#'"," *!##&"," +!##%"," ,!!#%"," ,!##$"," -!!#$"," -!###"," .!!##"]},"273":{"keys":[20,1,36],"grid":[" .!##!"," /!#"," 0!!","02"," "," "," "," "," "," "," "," "," "," "," "," "]},"275":{"keys":[20,1,36],"grid":[" "," "," "," "," 0!!","04","04"," /!#"," .!##!"," -!$#!"," -!!#$","09","08","07","07"," /!!#!"]},"276":{"keys":[20,1,36],"grid":[" /!!#!"," /!#"," 0!!"," "," "," ","01","00"," .!##!"," .!!##","08"," -!###"," ,!##$"," +!##%"," +!!#&"," )!$#&"]},"277":{"keys":[20,1,36],"grid":[" )!!#("," (!##(","00"," '!$#("," &!##*"," &!!#+","04","05","04"," '!!#*"," '!##)","01"," (!$#'"," *!##&"," +!!#&"," *!$#%"]},"281":{"keys":[1,36,20,37],"grid":[" #!/","#! #!.","## #!-","#$ !!-","02","#! $!-"," #$! !!-","$$ #!,","$% #!+","$& #!*","$' !!*","10","$' #!)","12","12","$( #!("]},"280":{"keys":[20,1,36],"grid":[" .!!##"," +!%##"," *!##&"," *!!#'"," )!##'"," (!##("," '!##)"," '!!#*"," &!##*"," %!##+"," $!$#+"," #!$#,","!$#.","!!#0","13","13"]},"283":{"keys":[37,1,36],"grid":[" .!##!"," /!!#!","01"," /!#"," 0!!","04","04","04","04"," "," "," "," "," "," "," "]},"282":{"keys":[37,1,36],"grid":[" )!%#%"," ,!##$","01"," +!##%","03","01"," -!!#$","06","06","06","06"," -!###"," .!!##","12","12","12"]}},"156":{"281":{"keys":[20,1,37],"grid":[" "," "," "," "," "," "," 0!!"," /!#"," +!&#!"," +!!#&","09"," +!##%"," ,!!#%"," ,!##$"," -!!#$","14"]},"280":{"keys":[20,1],"grid":[" "," "," "," "," "," "," "," "," "," "," "," "," "," "," 0!!","14"]},"282":{"keys":[20,1,37],"grid":[" -!!#$"," ,!##$"," ,!!#%"," +!##%"," *!##&"," )!##'"," &!%#(","!# #!##+","#!!%#,","#","#","#","#","#","#","#"]}}},"13":{"2492":{"4520":{"keys":[20,37],"grid":[" "," "," "," "," "," "," "," "," "," "," "," "," "," ","!","!"]}},"2512":{"4496":{"keys":[20,36],"grid":[" .!$"," /!#"," 0!!"," "," "," "," "," "," "," "," "," "," "," "," "," "]},"4495":{"keys":[36,20],"grid":[" "," "," "," "," "," "," "," "," "," ","!' +","!( *","!* (","!+ '","!, &","!- %"]},"4494":{"keys":[20,36],"grid":[" #!/"," !!0","01","01","!","!","!","!","!","!","!","!","!","!","!","!"]},"4493":{"keys":[20,36],"grid":[" /!#"," .!$","00","00","00","01"," -!%","06"," ,!&","08"," '!+"," &!,"," %!-"," $!."," #!/","14"]},"4492":{"keys":[20,36],"grid":[" "," "," "," "," "," "," "," "," "," "," "," "," "," "," "," 0!!"]},"4502":{"keys":[20,37],"grid":[" "," 0!!"," /!#"," .!$"," -!%"," ,!&"," *!("," )!)"," (!*"," '!+"," &!,"," %!-"," $!."," #!/"," !!0","!"]}},"2513":{"4497":{"keys":[20,36],"grid":[" .!$"," /!#"," 0!!"," "," "," "," "," "," "," "," "," "," "," "," "," "]},"4496":{"keys":[36,20],"grid":[" "," "," "," ","!! 0","!# /","!$ .","!% -","!& ,","!' +","!( *","!) )","!* (","!+ '","!, &","!- %"]},"4501":{"keys":[20,37],"grid":[" "," "," "," "," "," /!#"," .!$"," ,!&"," *!("," )!)"," (!*"," '!+"," &!,"," $!."," #!/"," !!0"]},"4492":{"keys":[20,36],"grid":[" "," "," "," 0!!"," ,!&"," )!)"," &!,"," $!.","07"," #!/","09","09"," !!0","!","!","!"]},"4502":{"keys":[37],"grid":[" "," "," "," "," "," "," "," "," "," "," "," "," "," "," "," "]}},"2515":{"4503":{"keys":[37,36],"grid":[" $!."," %!-"," &!,"," '!+"," (!*"," )!)"," *!("," +!'"," -!%"," .!$"," /!#"," 0!!"," "," "," "," "]},"4502":{"keys":[37,36],"grid":[" !!0","00","00","00","00","00"," #!/","06","06","06","06","06","06","06","06","06"]},"4501":{"keys":[37,36],"grid":[" #!/","00","00","00"," !!0","04","04","04","04","04","04","04","04","04","04","04"]},"4500":{"keys":[20,36,37],"grid":[" $!.","00","00","00","00","00","00","00","00"," !##!.","#$!.","10","10","10","##!/","14"]},"4491":{"keys":[20,36],"grid":[" *!$ %"," )!& $"," (!( #"," '!* !"," &!,"," %!-"," $!."," !!0","!","!","!","!","!","!","!","!"]},"4490":{"keys":[20],"grid":[" "," "," "," "," "," "," "," "," "," "," "," "," "," "," "," "]},"4499":{"keys":[36,20],"grid":[" "," "," "," "," "," "," ","!! 0","07","07","!# /","10","!$ .","12","12","12"]},"4498":{"keys":[36],"grid":[" "," "," "," "," "," "," "," "," "," "," "," "," "," "," "," "]}},"2525":{"4367":{"keys":[20,36],"grid":[" '!+"," (!*"," )!)","02"," *!(","04"," +!'","06"," ,!&"," -!%","09"," .!$","11"," /!#","13"," 0!!"]},"4366":{"keys":[36,20],"grid":[" "," "," "," "," "," ","!! 0","06","!# /","08","!$ .","!% -","11","!& ,","13","!' +"]},"4523":{"keys":[36,37],"grid":[" "," ","!! 0","!$ .","!% -","03","03","04","!& ,","!' +","!( *","!) )","!* (","!, &","!- %","14"]},"4368":{"keys":[20,36],"grid":[" 0!!"," "," "," "," "," "," "," "," "," "," "," "," "," "," "," "]},"4479":{"keys":[20,36],"grid":[" #!/","00","00","00","00"," $!."," %!-"," &!,"," '!+","08","08","08","08","08"," (!*","14"]},"4478":{"keys":[36,20],"grid":[" "," "," ","!! 0","03"," "," "," "," "," ","03","03","03","03","03","03"]},"4470":{"keys":[20,36],"grid":[" &!' &"," '!& &"," )!% %"," *!! '"," "," "," "," "," "," "," "," "," "," "," "," "]},"4475":{"keys":[20,36],"grid":[" "," "," "," "," "," "," "," "," 0!!"," .!$"," /!#","10","09","09","09"," -!%"]},"4477":{"keys":[20,36],"grid":[" '!+","00"," &!,","02"," %!-","04","04"," $!.","07","07"," #!/","10"," !!0","12","12","!"]},"4476":{"keys":[20,36],"grid":[" -!%","00"," ,!&","02"," +!'","04","04"," *!(","07","07"," )!)","10"," (!*","12","12"," '!+"]},"4412":{"keys":[20],"grid":[" "," "," "," "," "," "," "," "," "," "," "," "," "," "," "," "]},"4411":{"keys":[36,20],"grid":[" "," ","!! 0","02","!# /","04","04","!$ .","07","!% -","09","!- %","!/ #","!","!","!"]},"4469":{"keys":[36,20],"grid":[" "," "," "," "," "," "," "," "," "," "," "," 0!!"," .!$"," -!%","!# +!%","!% (!&"]},"4408":{"keys":[20,36],"grid":[" "," "," "," "," "," "," "," "," "," "," "," "," "," /!! !"," /!#"," -!%"]},"4409":{"keys":[20,36],"grid":[" -!%"," .!$"," /!#"," "," "," 0!!","!# /","!! 0","07","07","!# #!! &!# #!#","!' #!)","!","!","!","!"]},"4528":{"keys":[37,36],"grid":[" -!%"," .!$","01"," /!#","03"," 0!!"," "," "," "," "," "," "," "," "," "," "]},"4527":{"keys":[37,36],"grid":[" $!.","00"," #!/"," !!0","03","03","03","02","02","02"," '!+"," *!("," +!'"," ,!&","13","13"]},"4526":{"keys":[37,36],"grid":[" )!)","00","00","00"," &!,"," $!.","05"," #!/"," !!0","08","07","05"," %!-","12","12","12"]},"4525":{"keys":[37,36],"grid":[" -!%","00"," ,!&"," +!'","03","03"," *!(","06","06","06","06","06","06","06","06"," )!)"]},"4524":{"keys":[37,36],"grid":[" .!$"," /!#"," ,!&","02","02","02","02","02","02","02","02","02","02","02","02"," -!%"]},"4426":{"keys":[20,36],"grid":[" /!#"," 0!!"," "," "," "," "," "," "," "," "," "," "," "," ","01"," .!$"]},"4427":{"keys":[20,36],"grid":[" -!%","00","00","00"," (!% !!%"," &!,"," %!-","06","06","06","06","06"," $!.","!","!","!"]},"4424":{"keys":[20,36],"grid":[" "," "," "," "," "," "," "," 0!!"," /!#"," .!$"," -!%","10"," ,!&","10","12","12"]},"4425":{"keys":[20,36],"grid":[" +!'","00"," )!)","02"," *!(","00","00","00"," ,!&","08"," -!%","10"," .!$","10","10"," 0!!"]},"4480":{"keys":[20,36],"grid":[" )!)","00"," *!("," +!'"," ,!&"," .!$"," /!#"," 0!!","07","05"," -!%","04","03"," &!,"," %!-"," $!."]},"4481":{"keys":[20,36],"grid":[" #!/","!","!","!","!","!","!","!","!","!","!","!","!","!","!","!"]}},"2524":{"4365":{"keys":[20,36],"grid":[" %!-"," &!,","01"," '!+"," (!*","04"," )!)","06"," *!(","08"," +!'"," ,!&","11"," -!%","13"," .!$"]},"4364":{"keys":[36,20],"grid":[" "," "," "," "," "," "," "," "," "," ","!! 0","!# /","11","!$ .","13","!% -"]},"4518":{"keys":[37,36],"grid":[" '!+"," (!*","01","00","00","00"," &!,","06"," %!-","08","08","08","08","08","08","08"]},"4366":{"keys":[20,36],"grid":[" .!$"," /!#","01"," 0!!"," "," "," "," "," "," "," "," "," "," "," "," "]},"4409":{"keys":[20,36],"grid":[" "," "," "," "," "," "," "," .!$"," -!%","08"," ,!&","10"," (!*","12","12","12"]},"4513":{"keys":[36,37],"grid":[" "," "," "," "," "," "," "," ","!& ,","!' +","09","!( *","11","!) )","!* (","14"]},"4469":{"keys":[36,20],"grid":[" "," "," "," "," "," "," "," "," "," "," "," +!! &"," *!$ %"," *!& #"," )!)"," (!*"]},"4523":{"keys":[37],"grid":[" "," "," "," "," "," "," "," "," "," "," "," "," "," "," "," "]},"4428":{"keys":[20,36],"grid":[" *!(","00"," )!)"," &!,","!","!","!","!","!","!","!","!","!","!","!","!"]},"4521":{"keys":[37,36],"grid":[" -!%","00","00","00","00","00"," ,!&"," +!'","07","07","06"," .!$","11","11","11","11"]},"4517":{"keys":[36,37],"grid":[" "," "," "," "," "," "," "," "," "," "," "," ","!# /","!$ .","!% -","!& ,"]},"4519":{"keys":[37,36],"grid":[" $!.","00","00","00","00","00"," %!-"," &!,","07"," '!+","09"," (!*","11"," )!)"," *!("," ,!&"]},"4478":{"keys":[20],"grid":[" "," "," "," "," "," "," "," "," "," "," "," "," "," "," "," "]},"4427":{"keys":[20,36],"grid":[" "," "," "," "," "," "," "," "," "," "," "," "," "," /!#"," ,!&"," +!'"]},"4514":{"keys":[37,36],"grid":[" )!)"," '!+"," &!,","02"," %!-"," $!.","05","05"," #!/"," !!0","09","!","!","!","!","!"]},"4522":{"keys":[37,36],"grid":[" .!$","00","00","00"," -!%","04","04","00","00","00","00","00","00"," 0!!","13"," "]},"4470":{"keys":[36,20],"grid":[" '!+"," %!-"," $!."," #!/","!","!","!","!","!","!","!","!","!","!","!","!"]},"4520":{"keys":[37,36],"grid":[" -!%"," .!$"," /!#"," 0!!","03","03","02","01","01"," ,!&","09","09","09","09","00","00"]},"4410":{"keys":[20,36],"grid":[" (!*","00"," '!+","02","02","02","02"," &!,","00"," *!("," +!'","10","10"," ,!&"," -!%","14"]},"4411":{"keys":[20,36],"grid":[" .!$"," 0!!","01"," "," "," "," "," "," "," "," "," "," "," "," "," "]},"4481":{"keys":[20,36],"grid":[" "," "," 0!!"," +!# #!#"," *!(","04"," &!,"," #!/"," !!0","!","!","!","!","!","!","!"]}},"2527":{"4407":{"keys":[20,36],"grid":[" $!.","00"," #!/","02","!","!"," !!0","02","02","02","02","06","!","!","!","!"]},"4422":{"keys":[20,36],"grid":[" "," "," "," "," "," "," "," "," "," "," "," "," "," "," ","!"]},"4418":{"keys":[20,36],"grid":[" !!0","00"," %!-","02"," $!.","02"," &!,"," *!# !!%"," -!%"," .!$"," 0!!","10"," "," "," "," "]},"4417":{"keys":[36,20],"grid":[" "," "," "," "," "," "," "," "," "," "," "," "," "," ","!! 0","14"]},"4535":{"keys":[37,36],"grid":[" )!)"," *!(","01","01","01","01","01"," +!'","07","07","07","07","07","07"," ,!&","14"]},"4536":{"keys":[37,36],"grid":[" ,!&"," -!%","01"," .!$","03","03"," /!#","06"," 0!!","08","08"," "," "," "," "," "]},"4414":{"keys":[20,36],"grid":[" $!.","00","00","00","00","00"," #!/","06","06","06","06","06"," !!0","12","!","!"]},"4413":{"keys":[36,20],"grid":[" "," ","!! 0","!$ .","!( *","!* (","!, &","!- %","06","06","06","!+ '","11","04","!& ,","!% -"]},"4531":{"keys":[36,37],"grid":[" "," "," "," "," "," "," "," "," "," "," ","!! 0","!# /","!% -","!& ,","!' +"]},"4369":{"keys":[36],"grid":[" "," "," "," "," "," "," "," "," "," "," "," "," "," "," "," "]},"4533":{"keys":[37,36],"grid":[" +!'","00","00"," ,!&","03","03","03","03","03","03","03","03"," -!%"," .!$","12","00"]},"4534":{"keys":[37,36],"grid":[" +!'","00"," *!(","02"," )!)","04"," (!*","06","06","06","06","06","04","04","04","04"]},"4470":{"keys":[20,36],"grid":[" %!-"," &!,"," '!+"," )!)"," *!("," +!'"," ,!&"," -!%"," .!$"," /!#"," 0!!"," "," "," "," "," "]},"4406":{"keys":[20,36],"grid":[" /!#"," .!$","00"," -!%"," ,!&"," +!# !!$","01","03"," )!$ !!%"," (!% !!%"," $!# !!% !!&"," $!# !!+"," $!."," %!-"," &!,","12"]},"4469":{"keys":[36,20],"grid":[" "," "," "," "," "," "," "," "," "," "," "," "," ","!! 0","!# /","!$ ."]},"4532":{"keys":[37,36],"grid":[" (!*"," )!)","01"," *!(","03"," +!'","05","05","03","03","03","03","03","03","03","05"]},"4404":{"keys":[20],"grid":[" "," "," "," "," "," "," "," "," "," "," "," "," "," "," "," "]},"4405":{"keys":[20,36],"grid":[" "," "," "," "," "," "," 0!!"," "," "," /!#"," .!$"," -!%"," -!! #!!","06","10","06"]},"4371":{"keys":[20,36],"grid":[" *!("," +!'","01"," ,!&","03"," -!%"," .!$","06"," /!#","08"," 0!!","10"," "," "," "," "]},"4370":{"keys":[20,36],"grid":[" !!0","00"," #!/"," $!.","03"," %!-","05"," &!,","07"," '!+","09"," (!*","11"," )!)","13"," *!("]},"4474":{"keys":[20,36],"grid":[" "," "," "," "," "," "," /!#"," -!%"," +!'"," *!("," (!*"," &!,"," $!."," #!/","!","!"]}},"2526":{"4530":{"keys":[37,36],"grid":[" (!*"," '!+","01","01","00","00","01","01","00","00"," )!)"," *!(","11","11"," +!'","14"]},"4369":{"keys":[20,36],"grid":[" )!)"," *!("," +!'","02"," ,!&","04"," -!%","06"," .!$","08"," /!#","10"," 0!!","12"," "," "]},"4368":{"keys":[36,20],"grid":[" "," "," ","!! 0","!# /","04","!$ .","06","!% -","08","!& ,","!' +","11","!( *","13","!) )"]},"4531":{"keys":[37,36],"grid":[" ,!&"," -!%"," .!$"," /!#","03"," 0!!","05","05"," "," "," "," "," "," "," "," "]},"4475":{"keys":[20,36],"grid":[" .!$"," ,!&"," *!("," )!)"," '!+"," %!-"," $!."," !!0","!","!","!","!","!","!","!","!"]},"4474":{"keys":[20,36],"grid":[" "," "," "," "," "," "," "," "," "," "," "," "," "," "," "," /!#"]},"4417":{"keys":[20,36],"grid":[" )!)"," '!+","01","01","01","00"," *!("," +!'"," ,!&","08","08"," -!%","11"," /!#","13"," "]},"4416":{"keys":[20,36],"grid":[" &!,"," %!-","01","00"," '!+"," (!*","05","05"," )!)"," *!! !!&"," ,!&"," *!(","08","08","08","08"]},"4415":{"keys":[20,36],"grid":[" -!%"," (!$ !!&"," '!+","02"," &!,"," %!-","05","05","05","05"," $!.","10","05","05","04","04"]},"4414":{"keys":[20,36],"grid":[" "," "," "," "," "," "," "," "," "," "," "," "," "," "," "," 0!!"]},"4413":{"keys":[20,36],"grid":[" 0!!"," "," "," "," "," "," "," "," "," "," "," "," "," "," "," "]},"4412":{"keys":[20,36],"grid":[" $!."," &!,"," '!+"," (!*","02","02","01","01","01","01","!! %!,","!# $!,","!"," !!0"," $!* !!$"," (!! (!!"]},"4411":{"keys":[36,20],"grid":[" "," "," "," "," "," "," "," "," "," "," "," "," "," ","!! 0","14"]},"4469":{"keys":[36,20],"grid":[" "," "," "," "," "," "," "," "," &!# *"," $!* %"," !!- $","!/ #","!","!","!","!"]},"4408":{"keys":[20,36],"grid":[" 0!!"," /!#"," .!$","02","01","01","00"," )!! '!!"," (!$ !!$ !!!"," (!*"," &!! #!)"," #!/","11"," !!0","!","!"]},"4409":{"keys":[36,20],"grid":[" "," "," ","!! 0"," "," "," "," "," "," "," "," "," "," "," "," "]},"4529":{"keys":[37,36],"grid":[" %!-","00","00","00","00"," $!.","05","05","05","00"," &!,"," '!+","11","11","11"," (!*"]},"4528":{"keys":[36,37],"grid":[" "," "," "," "," "," "," ","!! 0","07","!# /","09","!$ .","11","11","11","!% -"]},"4422":{"keys":[20,36],"grid":[" "," "," "," "," "," "," "," "," "," "," "," "," "," "," "," ,!&"]},"4423":{"keys":[20,36],"grid":[" +!'"," *!(","01","01"," '!! #!("," %!-"," $!."," #!/","07","07","07","07","06","06","06"," &!,"]},"4407":{"keys":[20,36],"grid":[" "," "," "," "," "," "," "," "," "," "," "," "," "," 0!!","13","13"]},"4426":{"keys":[36,20],"grid":[" "," "," "," "," ","!! 0","05","05","!$ .","08","!# /","10","05"," "," "," "]},"4424":{"keys":[20,36],"grid":[" &!,","00"," $!.","02","02"," !!0"," #!/","!","!","!","!","!","!","!","!","!"]}},"2521":{"4361":{"keys":[20,36],"grid":[" -!%","00"," .!$"," /!#","03"," 0!!"," "," "," "," "," "," "," "," "," "," "]},"4360":{"keys":[20,36],"grid":[" !!0"," #!/","01"," $!."," %!-","04"," &!,"," '!+","07"," (!*"," )!)","10"," *!("," +!'","13"," ,!&"]},"4483":{"keys":[20,36],"grid":[" -!%","00","00","00","00"," ,!&","05","05","05","05","05"," +!'","11","11"," '!+"," &!,"]},"4512":{"keys":[36,37],"grid":[" "," "," ","!# /","!( *","!, &","!/ #","!","!","!","!","!","!","!","!","!"]},"4468":{"keys":[36,20],"grid":[" "," "," "," "," "," "," "," "," "," "," ","!! 0","!# /","!$ .","!& ,","!' +"]},"4447":{"keys":[20,36],"grid":[" "," "," "," "," "," "," "," "," /!#"," .!$","09","09","09","09","09"," -!%"]},"4484":{"keys":[20,36],"grid":[" %!-","00"," $!."," #!/","03"," !!0","!","!","!","!","!","!","!","!","!","!"]},"4431":{"keys":[20,36],"grid":[" "," "," "," "," "," "," "," ","!$ .","!* (","!- !!$","!","!","!","!","!"]},"4445":{"keys":[20,36],"grid":[" (!*"," *!("," )!)","01"," +!'"," ,!&"," -!%"," .!$"," /!#"," 0!!","09"," "," "," "," "," "]},"4482":{"keys":[20,36],"grid":[" "," "," "," "," 0!!","04","04"," /!#","07"," .!$","09","09"," -!%","12","12","12"]},"4469":{"keys":[20,36],"grid":[" (!*"," )!)"," *!("," +!'"," ,!&"," -!%"," .!$"," /!#","07"," 0!!"," "," "," "," "," "," "]},"4448":{"keys":[20,36],"grid":[" ,!&"," +!'"," *!("," )!)"," (!*","04","04","04","04","04","04","04"," '!+","!! %!,","!# !!.","!"]},"4444":{"keys":[36,20],"grid":[" "," "," "," "," "," "," "," "," "," "," ","!! 0","!$ .","!% -","!& ,","!' +"]},"4359":{"keys":[36],"grid":[" "," "," "," "," "," "," "," "," "," "," "," "," "," "," "," "]}},"2520":{"4435":{"keys":[20,36],"grid":[" ,!&"," -!%","01","01","00"," +!'"," *!("," )!)","07"," (!*"," %!-","!","!","!","!","!"]},"4434":{"keys":[20,36],"grid":[" #!/","00","00"," !!0","00"," $!.","05"," &!,","07","07"," )!)","10"," *!(","12","12"," +!'"]},"4451":{"keys":[20,36],"grid":[" #!/","00","00","00"," $!.","04"," %!-"," &!,"," '!+"," (!*"," )!)"," *!(","11","10","10","10"]},"4450":{"keys":[20,36],"grid":[" $!."," !!0","!","!","!","!","!","!","!","01","01","01","01","01"," #!/","14"]},"4431":{"keys":[20,36],"grid":[" "," "," "," "," "," "," "," .!# !"," .!$","08","08","08"," ,!&","12"," +!'","14"]},"4433":{"keys":[20,36],"grid":[" ,!&","00","00"," *!("," (!*"," %!-","05","05","05"," #!/","09"," !!0","11","!","!","11"]},"4432":{"keys":[20,36],"grid":[" +!'","00","00","00","00","00"," ,!&","06"," -!%","08","06","06","06","06","06","06"]},"4449":{"keys":[20,36],"grid":[" -!%"," ,!&"," +!'","02"," *!(","04"," )!)","06"," (!*","08"," '!+","10"," &!,","12"," %!-","14"]},"4466":{"keys":[20,36],"grid":[" !!0","00"," #!/","02","02"," $!.","05","05"," %!-","08","08"," &!,","11"," '!+","13","13"]},"4512":{"keys":[37,36],"grid":[" $!."," %!( $!#"," &!& '"," (!$ '"," "," "," "," "," "," "," "," "," "," "," "," "]},"4511":{"keys":[36,37],"grid":[" "," "," "," "," "," "," ","!! 0","07","07","07","07","07","07","07","!# /"]},"4443":{"keys":[36,20],"grid":[" "," "," "," "," "," "," "," "," "," "," "," "," "," "," ","!$ !!! ,"]},"4358":{"keys":[36,20],"grid":[" "," "," "," "," "," "," ","!! 0","!# /","08","!$ .","10","!% -","!& ,","13","!' +"]},"4359":{"keys":[20,36],"grid":[" '!+"," (!*"," )!)","02"," *!("," +!'","05"," ,!&"," -!%","08"," .!$"," /!#","11"," 0!!"," "," "]},"4468":{"keys":[20,36],"grid":[" .!$","00"," /!#","02","02"," 0!!","05","05","05"," "," "," "," "," "," "," "]},"4448":{"keys":[20,36],"grid":[" "," "," "," "," "," "," "," "," "," "," "," "," "," 0!!"," /!#"," .!$"]},"4467":{"keys":[20,36],"grid":[" (!*","00"," )!)","02","02"," *!(","05"," +!'","07","07","07"," ,!&","11"," -!%","13","13"]},"4465":{"keys":[36],"grid":[" "," "," "," "," "," "," "," "," "," "," "," "," "," "," "," "]},"4452":{"keys":[20,36],"grid":[" (!*","00"," '!+"," &!,"," $!.","!! !!/","!","!","!","!","!","!","!","!","!","!"]},"4484":{"keys":[20,36],"grid":[" "," "," "," "," "," "," "," "," "," 0!!","09"," /!#"," .!$"," -!%"," ,!&"," *!("]},"4485":{"keys":[20,36],"grid":[" )!)"," (!*"," '!+"," %!-"," $!."," #!/"," !!0","!","!","!","!","!","!","!","!","!"]},"4444":{"keys":[20,36],"grid":[" '!+","00"," &!# !!)"," *!(","03"," +!'"," +!! !!%"," -!%"," 0!!","08"," "," "," "," "," "," "]}},"2488":{"4520":{"keys":[20,37],"grid":[" "," "," "," "," "," "," "," "," "," "," "," "," "," "," 0!!","!"]}},"2544":{"4592":{"keys":[37,36],"grid":[" '!+"," (!*","01"," )!)","03"," *!(","05","05","05","05","05","05","05","05","05","03"]},"4593":{"keys":[37,36],"grid":[" )!)","00","00","00","00","00","00","00","00","00","00","00","00","00","00","00"]},"4591":{"keys":[36,37],"grid":[" "," "," "," "," "," ","!! 0","06","!# /","08","!$ .","10","!% -","12","!& ,","14"]},"4596":{"keys":[37,36],"grid":[" )!)","00","00","00","00","00","00","00","00","00","00","00","00","00","00","00"]},"4597":{"keys":[37,36],"grid":[" )!)","00","00","00","00","00","00","00","00","00","00","00","00","00","00","00"]},"4594":{"keys":[37,36],"grid":[" )!)","00","00","00","00","00","00","00","00","00","00","00","00","00","00","00"]},"4595":{"keys":[37,36],"grid":[" )!)","00","00","00","00","00","00","00","00","00","00","00","00","00","00","00"]},"4598":{"keys":[37,36],"grid":[" )!)","00","00","00","00","00","00","00","00","00","00","00","00","00","00","00"]},"4599":{"keys":[37,36],"grid":[" )!)","00","00","00","00","00","00","00","00","00","00","00","00","00","00"," *!("]},"4600":{"keys":[37,36],"grid":[" +!'"," ,!&","01"," -!%"," .!$"," /!#"," 0!!"," "," "," "," "," "," "," "," "," "]}},"2486":{"4520":{"keys":[20,"",37],"grid":[" "," "," "," "," "," "," "," "," "," "," "," "," "," "," "," %!$#*"]}},"2487":{"4520":{"keys":[20,37],"grid":[" "," "," "," "," "," "," "," "," "," "," "," "," "," "," ","!"]}},"2529":{"4393":{"keys":[36,20],"grid":[" "," ","!! 0"," "," "," "," "," "," "," "," "," "," "," "," "," "]},"4394":{"keys":[36,20],"grid":[" "," "," "," "," "," "," "," "," "," "," "," !!# .","!$ .","!# /","!! 0","14"]},"4401":{"keys":[20,36],"grid":[" $!."," !!0","01"," #!/","03","!","!","!","!","!","01","!","!","!","!","!"]},"4471":{"keys":[36,20],"grid":[" "," "," "," "," "," "," "," "," "," ","!! 0","!# /","!% -","!& ,","!' +","!( *"]},"4473":{"keys":[20,36],"grid":[" "," "," "," "," /!#"," -!%"," +!'"," *!("," (!*"," &!,"," $!."," !!0","!","!","!","!"]},"4472":{"keys":[20,36],"grid":[" *!("," +!'"," ,!&"," -!%"," .!$"," 0!!"," "," "," "," "," "," "," "," "," "," "]},"4389":{"keys":[20,36],"grid":[" "," "," "," "," "," "," "," "," "," "," "," "," "," /!! !"," /!#"," ,!! #!#"]},"4538":{"keys":[37,36],"grid":[" !!0"," %!-"," '!+"," *!("," ,!&"," .!$"," "," "," "," "," "," "," "," "," "," "]},"4537":{"keys":[36],"grid":[" "," "," "," "," "," "," "," "," "," "," "," "," "," "," "," "]},"4373":{"keys":[36,20],"grid":[" "," "," "," "," "," "," "," "," "," "," "," ","!! 0","12","!# /","14"]},"4374":{"keys":[20,36],"grid":[" $!.","00"," %!-","02"," &!,","04"," '!+","06"," (!*","08"," )!)","10"," *!("," +!'","13"," ,!&"]},"4375":{"keys":[20,36],"grid":[" ,!&"," -!%","01"," .!$","03"," /!#","05"," 0!!","07"," "," "," "," "," "," "," "]},"4398":{"keys":[36,20],"grid":[" "," "," "," "," "," ","!# /"," "," "," ","!! 0"," "," "," ","10","10"]},"4399":{"keys":[20,36],"grid":[" !!0"," #!/"," $!.","02","02"," %!-","!# #!-","!","!","!! #!.","09","02","01","01"," #!! !!-"," &!,"]},"4422":{"keys":[20,36],"grid":[" %!-","00","00"," &!,"," '!+","04"," (!*"," )!)"," +!'","08"," -!%","10"," .!$","12","12","!"]},"4391":{"keys":[20,36],"grid":[" +!'"," '!$ !!'"," !!! %!+"," !!# #!,","!","!","!","!","!","!","!","!","!","!","!","!"]},"4392":{"keys":[36],"grid":[" "," "," "," "," "," "," "," "," "," "," "," "," "," "," "," "]},"4421":{"keys":[20,36],"grid":[" &!,"," )!)"," *!("," +!'","03"," ,!&","00"," %!-","07"," #!/","09","07"," $!.","12","12","07"]},"4400":{"keys":[20,36],"grid":[" &!,"," '!+","01"," %!-"," #!/"," !!0","05"," $!.","07","05","07","!# $!,","!$ !!-","05","05","04"]},"4395":{"keys":[20,36],"grid":[" !!0","!","!# #!-"," %!-","03"," $!.","05","!! $!-","!","!","!","!","05","05"," #!/","14"]},"4396":{"keys":[36,20],"grid":[" ","!! 0"," "," "," "," "," "," "," ","01","01"," "," "," "," "," "]},"4397":{"keys":[20,36],"grid":[" !!0","!","!","!","!","!","!","!","!","!","!","!","!","!","00","!"]},"4390":{"keys":[20,36],"grid":[" +!$ !!#"," +!'","01"," *!("," )!)"," ,!&"," )!! $!%","03","01","05","05"," )!! #!&","04","03","03","03"]},"4420":{"keys":[36,20],"grid":[" "," "," "," "," "," "," "," "," "," "," ","!! 0","11","!# /","!$ .","!% -"]}},"2528":{"4395":{"keys":[20,36],"grid":[" "," /!#"," 0!!"," "," "," "," "," "," "," "," "," "," "," "," "," "]},"4396":{"keys":[20,36],"grid":[" "," "," "," 0!!"," /!#","04","03","03"," "," "," "," "," "," ","03","04"]},"4471":{"keys":[20,36],"grid":[" %!-"," '!+"," (!*"," )!)"," *!("," ,!&"," -!%"," /!#"," 0!!"," "," "," "," "," "," "," "]},"4470":{"keys":[36,20],"grid":[" "," "," "," "," "," "," "," "," "," "," "," ","!! 0","!# /","!$ .","14"]},"4473":{"keys":[20,36],"grid":[" "," "," "," "," "," "," "," "," "," "," "," "," "," /!#"," -!%"," +!'"]},"4397":{"keys":[20,36],"grid":[" -!$ !"," -!%"," -!! #!!"," /!#"," .!$","04","01","01"," ,!# !!#"," +!# $!!"," ,!! #!#","03","03","04"," "," "]},"4474":{"keys":[20,36],"grid":[" *!("," (!*"," &!,"," $!."," !!0","!","!","!","!","!","!","!","!","!","!","!"]},"4419":{"keys":[20,36],"grid":[" '!+"," (!*"," )!)"," *!(","03"," +!'","03","03","05","03","02","02","02"," *!! !!&"," ,!&","14"]},"4418":{"keys":[36,20],"grid":[" "," "," "," "," "," "," "," "," "," "," "," !!! /","!% -","!& ,","!' +","13"]},"4536":{"keys":[36,37],"grid":[" "," "," "," "," "," "," "," "," "," "," "," "," ","!! 0","13","13"]},"4537":{"keys":[37,36],"grid":[" #!/","00"," $!.","02"," %!-","04"," &!,"," '!+"," (!*"," )!)","09"," *!("," +!'"," ,!&"," .!$"," 0!!"]},"4372":{"keys":[20,36],"grid":[" #!/","00"," $!.","02"," %!-"," &!,","05"," '!+","07"," (!*","09"," )!)","11"," *!(","13"," +!'"]},"4373":{"keys":[20,36],"grid":[" +!'"," ,!&","01"," -!%","03"," .!$"," /!#","06"," 0!!","08"," "," "," "," "," "," "]},"4371":{"keys":[36,20],"grid":[" "," "," "," "," "," "," "," "," "," "," "," "," "," ","!! 0","14"]},"4398":{"keys":[20,36],"grid":[" 0!!","00"," /!#","00","02","02"," "," "," "," .!! #"," .!# !","02","02","00"," "," "]},"4399":{"keys":[20],"grid":[" "," "," "," "," "," "," "," "," "," "," "," "," "," "," "," "]},"4404":{"keys":[20,36],"grid":[" $!."," %!-","01","01"," &!,"," '!+","04","04"," $!# !!+","!! !!$ !!+","!! #!.","10","!# #!-","!"," #!/","14"]},"4391":{"keys":[20,36],"grid":[" "," "," "," "," "," .!$","05"," 0!!","07"," /!#","09","05"," -!%","05","09","07"]},"4392":{"keys":[20,36],"grid":[" -!%"," .!$"," /!#","01","00","00","00"," ,!&","00"," 0!!"," -!! $"," ,!% !","02","02","00","00"]},"4393":{"keys":[20,36],"grid":[" +!! $!#"," ,!! %"," -!! $"," ,!&","03"," +!'"," *!(","03","03","03"," -!%","10"," ,!# #!!","12"," ,!# $"," "]},"4394":{"keys":[20,36],"grid":[" "," ,!&"," /!#","02","02","02"," .!$","06","06","02"," -!%","01"," -!$ !"," "," "," "]},"4401":{"keys":[20,36],"grid":[" "," "," "," "," "," /!#","05"," "," "," "," "," "," "," .!! #"," .!$","14"]},"4402":{"keys":[20,36],"grid":[" ,!&"," +!'"," +!! #!$"," /!#"," -!%","00","01","01","04","03"," ,!# !!#","04","03","04","01","01"]},"4403":{"keys":[20,36],"grid":[" +!'"," '!+"," (!*"," )!)"," '!! !!)"," &!,","04","03","03","03","03"," %!# !!*"," %!-","03","02","12"]},"4422":{"keys":[20,36],"grid":[" "," "," "," "," "," "," "," "," "," "," "," "," "," "," ","!"]},"4405":{"keys":[20,36],"grid":[" $!.","!# !!."," !!! #!-"," !!! !!."," !!0"," #!/","!! !!/","!","!","!","!","!","!","!","!","!"]},"4420":{"keys":[20,36],"grid":[" -!%","00"," ,!&","00","00"," .!$","05"," /!#"," 0!!","08"," "," "," "," "," "," "]}},"2509":{"4504":{"keys":[20,37],"grid":[" "," "," "," "," "," ","!+ '","!","!","!","!","!","!","!","!","!"]}},"2508":{"4512":{"keys":[20,37],"grid":[" -!%","00","00","00"," ,!&","04"," +!'","06","06"," *!(","09"," )!)","11"," (!*","13"," '!+"]},"4513":{"keys":[20,37],"grid":[" '!+","00"," &!,","02"," %!-","04"," $!.","06"," #!/","08"," !!0","10","!","!","!","!"]},"4510":{"keys":[20,37],"grid":[" !!0"," #!/","01"," $!.","03","03"," %!-","06"," &!,","08"," '!+"," (!*"," )!)"," *!("," +!'"," ,!&"]},"4511":{"keys":[20,37],"grid":[" -!%"," .!$"," /!#","02","02","02","02","01","01","01","01","01","01","00","00","00"]},"4504":{"keys":[20,37],"grid":[" "," "," "," ","!% -","!0 !","!","!","!","!","!","!","!","!","!","!"]},"4509":{"keys":[37,20],"grid":[" "," "," "," "," "," "," "," "," "," "," "," "," "," "," ","!! 0"]}},"2507":{"4513":{"keys":[20,37],"grid":[" "," "," "," "," "," "," "," "," "," "," "," "," "," "," 0!!","14"]},"4514":{"keys":[20,37],"grid":[" /!#","00"," .!$","02"," -!%","04"," ,!&","06"," +!'","08","08"," *!(","11"," )!)","13"," (!*"]},"4515":{"keys":[20,37],"grid":[" (!*"," '!+","01"," &!,","03"," %!-"," $!.","06"," #!/"," !!0","!","!","!","!","!","!"]},"4504":{"keys":[20,37],"grid":[" "," "," "," &!% ("," %!-","04"," $!."," #!/","07"," !!0","!","!","!","!","!","!"]},"4507":{"keys":[37,20],"grid":[" "," ","!! 0","!# /","03","!$ .","!% -","06","!& ,","!' +","09","!( *","!) )","12","!* (","!+ '"]},"4509":{"keys":[20,37],"grid":[" -!%","00"," ,!&","02","02","00","00"," .!$","07"," /!#","09"," 0!!","11"," "," "," "]},"4508":{"keys":[20,37],"grid":[" +!'"," ,!&","01","01","01","01","01","01","01","01","01","01","01","01","01"," -!%"]}},"2506":{"4516":{"keys":[20,37],"grid":[" ,!&","00"," +!'"," *!("," )!)"," (!*"," '!+"," %!-"," $!."," #!/"," !!0","!","!","!","!","!"]},"4515":{"keys":[20,37],"grid":[" "," "," "," "," "," "," "," "," "," "," "," "," 0!!"," /!#"," .!$"," -!%"]},"4505":{"keys":[20,37],"grid":[" .!$"," -!%","01"," ,!&","03","03"," +!'","06","06","06"," *!(","10","10","10","10","10"]},"4504":{"keys":[20,37],"grid":[" "," "," "," "," "," "," "," "," "," "," "," "," 0!!"," /!#","13"," .!$"]},"4507":{"keys":[20,37],"grid":[" /!#"," "," "," "," "," "," "," "," "," "," "," "," "," "," "," "]},"4506":{"keys":[20,37],"grid":[" )!)","00","00","00","00","00","00","00","00","00"," *!(","10"," +!'"," ,!&"," -!%"," .!$"]}},"2505":{"4516":{"keys":[20,37],"grid":[" "," "," "," "," "," "," "," "," "," "," "," "," 0!!"," /!#"," .!$"," -!%"]},"4517":{"keys":[20,37],"grid":[" +!'"," *!("," )!)"," (!*"," '!+"," &!,"," %!-"," $!."," #!/"," !!0","!","!","!","!","!","!"]}},"2504":{"4518":{"keys":[20,37],"grid":[" *!("," )!)","01"," (!*"," '!+"," &!,"," %!-","06"," $!."," #!/"," !!0","!","!","!","!","!"]},"4517":{"keys":[20,37],"grid":[" "," "," "," "," "," "," "," "," "," "," "," 0!!"," .!$"," -!%"," ,!&"," +!'"]}},"2503":{"4518":{"keys":[20,38,37],"grid":[" "," "," "," "," "," "," "," "," "," "," "," .!$"," )!'##","#(!$#'","#","#"]}},"2502":{"4518":{"keys":[20,37],"grid":[" "," "," "," "," "," "," "," "," "," "," "," "," "," *!("," #!/","!"]}},"2501":{"4518":{"keys":[20,37],"grid":[" "," "," "," "," "," "," "," "," "," "," "," "," "," "," "," 0!!"]},"4519":{"keys":[20,37],"grid":[" /!#"," -!%"," +!'"," *!("," (!*"," &!,"," $!."," #!/","!","!","!","!","!","!","!","!"]}},"2500":{"4519":{"keys":[20,37],"grid":[" "," "," "," "," "," "," "," "," "," /!#"," -!%"," +!'"," )!)"," '!+"," %!-"," #!/"]},"4520":{"keys":[37],"grid":[" "," "," "," "," "," "," "," "," "," "," "," "," "," "," "," "]}},"2543":{"4590":{"keys":[37,36],"grid":[" &!,"," '!+","01"," (!*","03"," )!)"," *!(","06"," +!'","08"," ,!&","10"," -!%","12"," .!$","14"]},"4591":{"keys":[37,36],"grid":[" /!#","00"," 0!!","02"," "," "," "," "," "," "," "," "," "," "," "," "]},"4589":{"keys":[36,37],"grid":[" "," "," "," "," "," "," ","!! 0","07","!# /","09","!$ .","11","!% -","13","!& ,"]}},"2542":{"4587":{"keys":[36,37],"grid":[" "," "," "," "," "," "," "," "," ","!! 0","09","!# /","!$ .","12","!% -","14"]},"4589":{"keys":[37,36],"grid":[" .!$"," /!#","01"," 0!!","03"," "," "," "," "," "," "," "," "," "," "," "]},"4588":{"keys":[37,36],"grid":[" &!,","00"," '!+","02"," (!*","04"," )!)","06"," *!(","08"," +!'","10"," ,!&","12"," -!%"," .!$"]}},"2541":{"4585":{"keys":[36],"grid":[" "," "," "," "," "," "," "," "," "," "," "," "," "," "," "," "]},"4587":{"keys":[37,36],"grid":[" ,!&"," -!%"," .!$","02"," /!#"," 0!!","05"," "," "," "," "," "," "," "," "," "]},"4586":{"keys":[37,36],"grid":[" !!0","00"," #!/"," $!.","03"," %!-"," &!,","06"," '!+"," (!*","09"," )!)"," *!(","12"," +!'"," ,!&"]}},"2514":{"4497":{"keys":[36,20],"grid":[" "," "," "," ","!! 0","!# /","!$ .","!% -","!& ,","!' +","!( *","!) )","!* (","!+ '","!, &","!- %"]},"4501":{"keys":[20,37],"grid":[" '!+"," &!,"," $!."," !!0","!","!","!","!","!","!","!","!","!","!","!","!"]},"4492":{"keys":[20,36],"grid":[" '!+"," %!-"," #!/","!","!","!","!","!","!","!","!","!","!","!","!","!"]},"4491":{"keys":[20,36],"grid":[" "," "," "," "," "," "," "," "," "," 0!!"," /!#"," -!%"," ,!&"," +!'"," )!)"," (!*"]},"4498":{"keys":[20,36],"grid":[" /!#"," 0!!"," "," "," "," "," "," "," "," "," "," "," "," "," "," "]},"4500":{"keys":[20,37],"grid":[" "," "," "," "," "," "," "," "," "," "," "," /!#"," .!$"," ,!&"," *!("," )!)"]}},"2540":{"4585":{"keys":[37,36],"grid":[" '!+","00"," (!*"," )!)","03"," *!("," +!'","06"," ,!&"," -!%"," .!$","10"," /!#"," 0!!","13"," "]},"4584":{"keys":[36,37],"grid":[" "," "," "," "," "," "," "," "," ","!! 0","09","!# /","!$ .","!& ,","13","!' +"]}},"2533":{"4542":{"keys":[37,36],"grid":[" 0!!"," "," "," "," "," "," "," "," "," "," "," "," "," "," "," "]},"4383":{"keys":[20,36],"grid":[" ,!&"," +!'","01","01"," $!! (!&"," #!( $!%"," %!& $!%","06"," &!% #!&"," &!,","09","09","09","09","09"," %!-"]},"4382":{"keys":[20,36],"grid":[" '!+"," (!*","01"," )!)","03"," *!(","05"," +!'","07"," ,!&","09"," -!%","11","11","11","11"]},"4381":{"keys":[36,20],"grid":[" "," "," "," "," "," ","!! 0","06","!# /","08","!$ .","10","!% -","12","!& ,","!' +"]},"4561":{"keys":[37,36],"grid":[" "," "," "," "," "," "," "," "," "," "," "," "," "," "," 0!!"," -!%"]},"4384":{"keys":[36],"grid":[" "," "," "," "," "," "," "," "," "," "," "," "," "," "," "," "]},"4553":{"keys":[37,36],"grid":[" "," "," "," "," "," "," "," "," "," -!%"," )!)"," &!,"," $!."," #!/"," !!0","14"]},"4562":{"keys":[37,36],"grid":[" *!("," '!+"," %!-"," !!0","!","!","!","!","!","!","!","!","!","!","!","!"]},"4572":{"keys":[36,37],"grid":[" "," "," "," "," "," "," "," "," "," "," "," ","!! 0","12","!# /","!% -"]},"4573":{"keys":[37,36],"grid":[" (!*"," )!)","00","01"," +!! !!%"," "," "," "," "," "," "," "," "," "," "," "]},"4567":{"keys":[36,37],"grid":[" "," "," "," "," "," "," "," "," "," "," "," "," #!! .","!$ .","13","13"]},"4555":{"keys":[37,36],"grid":[" ,!&"," .!$"," /!#"," "," "," "," "," "," "," "," "," "," "," "," "," "]},"4541":{"keys":[37,36],"grid":[" #!/"," $!."," %!-"," &!,"," '!+"," (!*"," )!)"," *!(","07"," +!'"," ,!&"," -!%","11"," .!$"," /!#"," 0!!"]},"4540":{"keys":[36,37],"grid":[" "," "," "," "," "," "," "," "," "," "," "," "," "," "," ","!! 0"]},"4569":{"keys":[37,36],"grid":[" *!(","00"," )!)"," (!*"," '!+"," $!.","!","!","!","!","!","!","!","!","!","!"]},"4568":{"keys":[37,36],"grid":[" %!-"," '!+","01","01"," (!*"," )!)"," *!(","06","05","05","05"," +!'","11","11","11","11"]},"4554":{"keys":[37,36],"grid":[" !!0","00","!","!","!","!","!","!","!"," &!,"," )!)"," *!("," ,!&","12","12","12"]}},"2547":{"4606":{"keys":[37,36],"grid":[" $!."," #!/","01","01","01","01","01","01","01","01","01","01","01","01","01","01"]},"4607":{"keys":[37,36],"grid":[" #!/","00","00","00"," !!0","04","04","04","04","04","04","04","04","04","04","04"]},"4604":{"keys":[37,36],"grid":[" %!-","00","00","00","00","00","00","00","00","00","00","00","00","00"," $!.","14"]},"4605":{"keys":[37,36],"grid":[" $!.","00","00","00","00","00","00","00","00","00","00","00","00","00","00","00"]},"4603":{"keys":[36,37],"grid":[" "," "," "," "," "," "," "," "," ","!! 0","!# /","10","!$ .","12","!% -","14"]}},"2523":{"4364":{"keys":[20,36],"grid":[" ,!&"," -!%","01"," .!$"," /!#","04"," 0!!","06"," "," "," "," "," "," "," "," "]},"4428":{"keys":[20,36],"grid":[" "," "," "," "," "," "," 0!!","06"," /!#","08"," .!$","10","10"," -!%","13"," ,!&"]},"4429":{"keys":[20,36],"grid":[" ,!&"," +!'","01"," &!,","03","03"," %!-","06","06","06","06"," $!."," #!/","!","!","!"]},"4363":{"keys":[20,36],"grid":[" !!0"," #!/"," $!.","02"," %!-","04"," &!,"," '!+"," (!*","08"," )!)"," *!(","11"," +!'","13"," ,!&"]},"4362":{"keys":[36,20],"grid":[" "," "," "," "," "," "," "," "," "," "," "," "," "," "," ","!! 0"]},"4512":{"keys":[36,37],"grid":[" "," "," "," "," "," "," "," "," "," ","!# /","!% -","!& ,","12","!' +","!( *"]},"4513":{"keys":[37,36],"grid":[" )!! #!&"," -!%","01"," .!$"," /!#","04","04"," 0!!"," "," "," "," "," "," "," "," "]},"4516":{"keys":[36],"grid":[" "," "," "," "," "," "," "," "," "," "," "," "," "," "," "," "]},"4517":{"keys":[37,36],"grid":[" !!0"," #!/"," $!."," %!-"," &!,"," '!+","05"," (!*"," *!("," .!$"," 0!!"," "," "," "," "," "]},"4514":{"keys":[37,36],"grid":[" "," "," "," "," "," "," "," "," "," "," "," "," 0!!"," /!#"," .!$"," -!%"]},"4515":{"keys":[37,36],"grid":[" +!'","00","00","00"," *!("," )!)"," &!,"," $!.","!","!","!","!","!","!","!","!"]},"4481":{"keys":[20,36],"grid":[" "," "," "," "," "," "," "," "," "," /!#"," -!%"," ,!&"," *!("," '!+","!","!"]},"4447":{"keys":[36,20],"grid":[" "," "," ","!! 0","!# /","04","04"," "," "," "," "," "," "," "," "," "]},"4470":{"keys":[36,20],"grid":[" "," "," "," ","!) )","!","!","!","!","!","!","!","!","!","!","!"]}},"2516":{"4503":{"keys":[36,37],"grid":[" "," "," "," "," "," "," "," "," "," "," "," "," ","!! 0","!# /","!$ ."]},"4454":{"keys":[20,36],"grid":[" "," "," "," "," "," "," "," "," "," "," "," "," 0!!","12"," /!#","14"]},"4504":{"keys":[37,36],"grid":[" %!-"," &!,"," '!+"," )!)"," *!("," +!'"," ,!&"," -!%"," .!$"," /!#"," 0!!"," "," "," "," "," "]},"4457":{"keys":[20,36],"grid":[" ,!&","00"," -!%","02","02"," .!$","05"," /!#","07","07"," 0!!","10","10"," "," "," "]},"4456":{"keys":[20,36],"grid":[" &!,","00"," '!+","02","02"," (!*","05"," )!)","07","07"," *!(","10"," +!'","12","12"," ,!&"]},"4455":{"keys":[20,36],"grid":[" .!$"," -!%"," ,!&","02"," +!'","04"," *!("," )!)","07"," (!*","09"," '!+"," &!,","12"," %!-","12"]},"4490":{"keys":[20,36],"grid":[" "," "," "," "," "," "," "," "," "," "," "," "," 0!!"," .!$"," -!%"," ,!&"]},"4353":{"keys":[20,36],"grid":[" ,!&"," -!%"," .!$","02"," /!#","04"," 0!!"," "," "," "," "," "," "," "," "," "]},"4489":{"keys":[20,36],"grid":[" "," 0!!","01"," /!#"," "," "," "," "," "," "," "," "," "," "," "," "]},"4352":{"keys":[20,36],"grid":[" !!0"," #!/"," $!.","02"," %!-"," &!,","05"," '!+","07"," (!*"," )!)","10"," *!(","12"," +!'"," ,!&"]},"4491":{"keys":[20,36],"grid":[" +!'"," (!*"," &!,"," #!/","!","!","!","!","!","!","!","!","!","!","!","!"]}},"2546":{"4602":{"keys":[37,36],"grid":[" #!/"," $!."," %!-","02","02"," &!,","05","05"," '!+","08","08"," (!*","11","11"," )!)","14"]},"4603":{"keys":[37,36],"grid":[" )!)"," *!("," +!'"," ,!&"," -!%"," .!$"," /!#"," 0!!"," "," "," "," "," "," "," "," "]},"4601":{"keys":[36,37],"grid":[" "," "," "," "," "," "," "," "," "," "," "," "," "," ","!! 0","14"]}},"2499":{"4520":{"keys":[20,37],"grid":[" "," /!#"," -!%","!","!","!","!","!","!","!","!","!","!","!","!","!"]}},"2498":{"4520":{"keys":[20,37],"grid":[" "," ","!$ .","!) '!#","!","!","!","!","!","!","!","!","!","!","!","!"]}},"2517":{"4440":{"keys":[20,36],"grid":[" ,!&"," +!'","01","00","00","00","00"," -!%"," .!$","08","08"," /!#"," 0!!"," "," "," "]},"4453":{"keys":[20,36],"grid":[" "," "," "," "," "," "," "," "," "," "," +!# %","10"," *!$ %"," *!' !"," )!)"," (!*"]},"4488":{"keys":[20,36],"grid":[" "," "," "," "," "," "," *!("," (!*"," '!+"," &!,","09"," %!-"," $!."," #!/","13"," !!0"]},"4454":{"keys":[20,36],"grid":[" (!*"," '!+"," &!,","02"," %!-","04"," $!."," #!/","07"," !!0","09","!","!","!","!","!"]},"4489":{"keys":[36,20],"grid":[" "," "," "," "," ","!! 0","!# /","06","!$ .","08","!% -","!& ,","!' +","12","12","11"]},"4505":{"keys":[37,36],"grid":[" '!+"," (!*"," )!)"," *!("," +!'"," ,!&"," -!%"," .!$"," 0!!"," "," "," "," "," "," "," "]},"4504":{"keys":[36,37],"grid":[" "," "," "," "," "," "," "," "," "," "," "," ","!! 0","!$ .","!% -","!& ,"]},"4437":{"keys":[20,36],"grid":[" .!$","00"," -!%","02","02","02","02","02","02","02","02","02","02","02","00","00"]},"4436":{"keys":[20,36],"grid":[" "," "," "," "," "," "," "," 0!!"," /!#"," .!$","09","09","09","09","09","09"]},"4457":{"keys":[36,20],"grid":[" "," "," "," "," "," "," "," "," "," "," "," "," "," "," ","!! 0"]},"4490":{"keys":[20,36],"grid":[" '!+","00","00","00","00","00"," &!,"," %!-"," $!."," #!/"," !!0","!","!","!","!","!"]},"4354":{"keys":[20,36],"grid":[" &!,"," '!+","01"," (!*"," )!)","04"," *!("," +!'","07"," ,!&","09"," -!%"," .!$","12"," /!#","14"]},"4355":{"keys":[20,36],"grid":[" 0!!"," "," "," "," "," "," "," "," "," "," "," "," "," "," "," "]},"4459":{"keys":[20,36],"grid":[" (!*","00"," )!)","02","02"," *!(","05","05"," +!'","08"," ,!&","10","10"," -!%","13"," .!$"]},"4458":{"keys":[20,36],"grid":[" !!0","00"," #!/","02","02"," $!.","05"," %!-","07","07"," &!,","10","10"," '!+","13"," (!*"]},"4439":{"keys":[20,36],"grid":[" 0!!","00"," /!#","02","02","02"," .!$","06","06"," -!%","09"," +!'"," ,!&","12","12","12"]},"4438":{"keys":[20,36],"grid":[" .!$"," /!#","01"," 0!!","03","03"," "," "," "," "," "," "," "," ","03","03"]},"4460":{"keys":[20,36],"grid":[" .!$","00"," /!#","02","02"," 0!!","05","05"," "," "," "," "," "," "," "," "]},"4353":{"keys":[36,20],"grid":[" "," "," "," "," "," "," "," "," ","!! 0","!# /","10","!$ .","12","!% -","!& ,"]}},"2511":{"4495":{"keys":[20,36],"grid":[" ,!&"," +!'"," '!! #!("," '!+"," &!,"," $!."," %!-","06","04","04"," &!& '"," "," "," "," "," "]},"4494":{"keys":[20,36],"grid":[" "," "," "," "," "," "," "," 0!!","07","07","07"," /!#","11","11"," .!$"," -!%"]},"4503":{"keys":[20,37],"grid":[" /!#"," .!$"," -!%"," ,!&"," +!'"," *!("," )!)"," (!*"," &!,"," %!-"," $!."," #!/"," !!0","!","!","!"]},"4502":{"keys":[20,37],"grid":[" "," "," "," "," "," "," "," "," "," "," "," "," "," "," "," 0!!"]}},"2545":{"4600":{"keys":[36,37],"grid":[" "," "," "," "," "," "," "," "," ","!! 0","!# /","!$ .","!% -","!& ,","!' +","!( *"]},"4601":{"keys":[37,36],"grid":[" (!*"," )!)"," *!("," +!'"," ,!&"," -!%"," .!$"," /!#","07"," 0!!","09"," "," "," "," "," "]}},"2491":{"4520":{"keys":[20,37],"grid":[" "," "," "," "," "," "," "," "," "," "," "," "," "," ","!","!"]}},"2490":{"4520":{"keys":[20,37],"grid":[" "," "," "," "," "," "," "," "," "," "," "," "," "," ","!","!"]}},"2493":{"4520":{"keys":[20,37],"grid":[" "," "," "," "," "," "," "," "," "," "," "," "," "," ","!","!"]}},"2522":{"4429":{"keys":[20,36],"grid":[" "," "," "," "," "," "," "," "," "," "," "," "," "," "," *!(","14"]},"4361":{"keys":[36,20],"grid":[" "," "," "," "," "," "," ","!! 0","07","!# /","!$ .","10","!% -","!& ,","13","!' +"]},"4482":{"keys":[20,36],"grid":[" )!)"," '!+"," !!0","!","!","!","!","!","!","!","!","!","!","!","!","!"]},"4362":{"keys":[20,36],"grid":[" (!*","00"," )!)"," *!(","03"," +!'"," ,!&","06"," -!%"," .!$","09"," /!#"," 0!!","12"," "," "]},"4512":{"keys":[36,37],"grid":[" "," "," "," "," "," "," "," ","!+ '","!","!","!","!","!","!","!"]},"4430":{"keys":[20,36],"grid":[" '!+"," (!*"," )!)"," *!(","03","03","03","02","02","02","02","02","03","03","02","01"]},"4469":{"keys":[36,20],"grid":[" "," "," "," "," "," "," "," "," "," "," "," ","!! 0","!# /","!$ .","!% -"]},"4516":{"keys":[37,36],"grid":[" +!'","00","00","00","00","00","00","00"," ,!&"," -!%","09"," .!$"," /!#","12"," 0!!"," "]},"4515":{"keys":[37,36],"grid":[" "," "," "," "," "," "," "," "," "," /!#"," .!$"," -!%","11"," ,!&"," +!'","14"]},"4431":{"keys":[20,36],"grid":[" )!)","00","00","00","00","00"," (!*"," '!+"," &!,"," $!.","!","!","!","!","!","!"]},"4445":{"keys":[36,20],"grid":[" "," "," "," "," "," "," "," "," "," "," "," "," ","!! 0","!# /","!$ ."]},"4446":{"keys":[20,36],"grid":[" $!."," %!-"," &!,","02","02"," '!+"," (!*"," *!("," +!'"," ,!&"," -!%"," .!$"," /!#","12","12","12"]},"4447":{"keys":[20,36],"grid":[" /!#"," 0!!"," "," "," "," ,!# $"," ,!% !"," *!(","!! (!)","!$ %!*","!","!","!","!","!","!"]},"4470":{"keys":[20,36],"grid":[" '!+"," (!*"," *!("," /!#"," "," "," "," "," "," "," "," "," "," "," "," "]},"4481":{"keys":[20,36],"grid":[" "," "," "," "," "," "," "," "," "," "," "," "," "," -!%"," +!'"," *!("]}},"2495":{"4519":{"keys":[20,37],"grid":[" "," "," "," "," "," "," "," "," "," "," "," "," "," "," "," .!$"]},"4520":{"keys":[20,37],"grid":[" +!'"," )!)"," &!,"," %!-"," #!/"," !!0","!","!","!","!","!","!","!","!","!","!"]}},"2494":{"4520":{"keys":[20,37],"grid":[" "," "," "," "," "," "," "," /!#"," .!$"," -!%"," ,!&","10"," +!'"," *!(","!","!"]}},"2497":{"4519":{"keys":[20,37],"grid":[" "," "," "," "," "," "," "," "," "," "," "," "," "," "," ","!! 0"]},"4520":{"keys":[37,20],"grid":[" (!*"," .!$"," "," "," "," "," "," "," "," "," "," "," "," "," "," "]}},"2496":{"4519":{"keys":[20,37],"grid":[" "," "," "," "," "," "," "," "," "," "," "," "," "," "," %!$ *","!"]}},"2538":{"4548":{"keys":[37,36],"grid":[" #!/"," !!0","!","!","!","!","!","!","!","!","!","!","!","!","!","!"]},"4547":{"keys":[37,36],"grid":[" "," 0!!"," /!#"," .!$"," -!%"," ,!&"," +!'","06"," *!("," )!)"," (!*"," '!+"," &!,"," %!-","13"," $!."]},"4576":{"keys":[37,36],"grid":[" %!-"," (!*"," +!'","02"," *!("," '!+"," &!,","00"," #!/","!","!","!","!","!","!","!"]},"4546":{"keys":[37],"grid":[" "," "," "," "," "," "," "," "," "," "," "," "," "," "," "," "]},"4545":{"keys":[36,37],"grid":[" "," ","!! 0","!# /","!$ .","!% -","!& ,","!( *","!) )","!* (","!+ '","!, &","!- %","!. $","!/ #","!0 !"]},"4583":{"keys":[36,37],"grid":[" "," "," "," "," "," "," "," "," ","!","!","!","!","!","!","!"]},"4575":{"keys":[36,37],"grid":[" "," "," "," "," "," "," "," "," "," "," ","!! 0","!# /","12","12","!$ ."]}},"2539":{"4584":{"keys":[37,36],"grid":[" )!)"," *!(","01"," +!'","03","03"," ,!&"," .!$"," 0!!"," "," "," "," "," "," "," "]},"4545":{"keys":[36],"grid":[" "," "," "," "," "," "," "," "," "," "," "," "," "," "," "," "]},"4583":{"keys":[36,37],"grid":[" "," "," "," "," "," "," "," "," !!% ,","!) )","09","09","!( *","12","12","09"]},"4546":{"keys":[37,36],"grid":[" !!0"," #!/"," $!."," %!-"," &!,"," '!+"," (!*","06","05","05","05","04","03","02","00","!"]}},"2518":{"4453":{"keys":[20,36],"grid":[" .!$","00","00","00"," -!%","04"," ,!&","06","06"," +!'","09"," *!("," )!)"," (!*","!# %!+","!"]},"4452":{"keys":[20,36],"grid":[" "," "," 0!!"," /!#"," .!$","04","04","04","04","03","02"," "," ","03"," -!%","14"]},"4436":{"keys":[20,36],"grid":[" *!("," )!)"," '!+"," &!,"," %!-"," $!.","05","!","!","!","!","!","!","!","!","!"]},"4438":{"keys":[36,20],"grid":[" "," "," "," "," "," "," "," ","!! 0"," "," "," "," "," "," "," "]},"4509":{"keys":[37,36],"grid":[" "," "," "," "," "," 0!!"," /!#","06","06","06","05","06","06","06","06","06"]},"4510":{"keys":[37,36],"grid":[" /!#"," .!$","01","00"," 0!!"," ","04"," "," "," "," "," "," "," "," "," "]},"4508":{"keys":[37,36],"grid":[" /!#","00","00","00","00","00","00","00"," 0!!","08","08","08","08"," "," "," "]},"4505":{"keys":[36,37],"grid":[" "," "," "," "," "," "," "," "," "," "," "," ","!! 0","12","12","!# /"]},"4441":{"keys":[20,36],"grid":[" $!.","00"," %!-"," '!+","03"," (!*","05"," )!)","07","07","07"," *!(","11","11","11","11"]},"4507":{"keys":[37,36],"grid":[" (!*","00"," )!)"," *!("," +!'","04"," ,!&"," -!%","07"," .!$","09","09","09"," /!#","13","13"]},"4506":{"keys":[37,36],"grid":[" #!/"," $!.","01","01","01","01","01","01","01","01"," %!-","10"," &!,","12"," '!+","14"]},"4355":{"keys":[36,20],"grid":[" "," "," ","!! 0","03","!# /","!$ .","06","!% -","!& ,","09","!' +","11","!( *","!) )","14"]},"4356":{"keys":[20,36],"grid":[" *!(","00"," +!'"," ,!&","03"," -!%"," .!$","06"," /!#","08"," 0!!"," "," "," "," "," "]},"4462":{"keys":[20,36],"grid":[" *!(","00"," +!'","02","02"," ,!&","05","05"," -!%","08"," .!$","10","10"," /!#","13","13"]},"4463":{"keys":[20,36],"grid":[" 0!!","00"," "," "," "," "," "," "," "," "," "," "," "," "," "," "]},"4460":{"keys":[36,20],"grid":[" "," "," "," "," "," "," "," "," "," ","!! 0","10","10","!# /","13","!$ ."]},"4461":{"keys":[20,36],"grid":[" $!.","00"," %!-","02","02"," &!,","05","05"," '!+","08"," (!*","10","10"," )!)","13"," *!("]},"4440":{"keys":[36,20],"grid":[" "," "," "," "," "," "," "," "," "," "," "," "," "," "," ","!# /"]},"4442":{"keys":[20,36],"grid":[" +!'","00"," ,!&","02"," .!! !!!"," 0!!"," "," "," ","05"," "," "," "," "," "," "]},"4486":{"keys":[20,36],"grid":[" "," "," "," "," "," "," "," "," "," "," 0!!"," /!#","11"," .!$","13"," -!%"]},"4487":{"keys":[20,36],"grid":[" -!%"," ,!&","01"," +!'","03"," *!("," )!)","06","06","06","05","05","05","06"," (!*"," '!+"]},"4488":{"keys":[20,36],"grid":[" '!+"," &!,"," %!-"," $!."," #!/","!","!","!","!","!","!","!","!","!","!","!"]},"4435":{"keys":[20,36],"grid":[" "," "," "," "," "," "," "," "," "," "," "," "," "," /!#"," .!$"," ,!&"]}},"2519":{"4465":{"keys":[20,36],"grid":[" ,!&","00"," -!%","02","02"," .!$","05","05"," /!#","08"," 0!!","10","10"," "," "," "]},"4452":{"keys":[36,20],"grid":[" -!%"," .!$"," /!#"," 0!!"," "," "," "," "," "," "," "," "," "," "," "," "]},"4509":{"keys":[37,36],"grid":[" !!0","00","00","!","!","!","!","!","!","!","!","!","!","!","!","!"]},"4510":{"keys":[36],"grid":[" "," "," "," "," "," "," "," "," "," "," "," "," "," "," "," "]},"4511":{"keys":[37,36],"grid":[" !!0","00","00"," #!/","03"," $!."," %!-","06"," &!+ !"," &!* #"," '!& &"," (!! )"," "," "," "," "]},"4486":{"keys":[20,36],"grid":[" )!)"," (!*"," '!+"," &!,"," %!-"," $!."," #!/"," !!0","07","!","!","!","!","!","!","!"]},"4508":{"keys":[36,37],"grid":[" "," "," "," "," "," "," "," "," "," "," "," "," "," ","!! 0","14"]},"4435":{"keys":[20,36],"grid":[" "," "," "," "," "," "," "," "," "," "," "," 0!!","!! &!# &!$","!+ #!%","!","!"]},"4485":{"keys":[20,36],"grid":[" "," "," "," "," "," "," "," "," 0!!"," /!#"," .!$"," -!%"," ,!&"," +!'"," *!(","14"]},"4442":{"keys":[36,20],"grid":[" "," "," "," "," "," ","!! 0","06"," "," "," ","06","06","06","!# /","14"]},"4443":{"keys":[20,36],"grid":[" #!! !!-"," %!-","01"," &!,"," $!! #!+","03"," '!+","06"," '!! !!)"," (!*"," )!)"," )!! !!'"," -!%"," *!! #!%"," *!# #!! #"," -!# #"]},"4358":{"keys":[20,36],"grid":[" .!$","00"," /!#","02"," 0!!"," "," "," "," "," "," "," "," "," "," "," "]},"4433":{"keys":[20],"grid":[" "," "," "," "," "," "," "," "," "," "," "," "," "," "," "," "]},"4356":{"keys":[36,20],"grid":[" "," "," "," "," "," "," "," "," "," "," "," "," ","!! 0","13","!# /"]},"4444":{"keys":[20,36],"grid":[" -!# #"," "," "," "," "," "," "," "," "," "," "," "," "," "," "," "]},"4464":{"keys":[20,36],"grid":[" &!,","00"," '!+","02","02"," (!*","05","05"," )!)","08"," *!(","10","10"," +!'","13","13"]},"4357":{"keys":[20,36],"grid":[" $!.","00"," %!-"," &!,","03"," '!+","05"," (!*"," )!)","08"," *!("," +!'","11"," ,!&","13"," -!%"]},"4450":{"keys":[20,36],"grid":[" "," "," 0!!","02"," "," "," "," "," "," "," "," "," "," "," "," "]},"4463":{"keys":[36,20],"grid":[" "," "," "," "," ","!! 0","05","05","!# /","08","!$ .","10","10","!% -","13","13"]},"4451":{"keys":[20,36],"grid":[" "," "," "," "," "," "," "," "," "," "," %!! ,"," $!$ +"," $!% *"," #!' )"," !!* '","!, &"]}},"2510":{"4504":{"keys":[20,37],"grid":[" .!$"," -!%"," +!'"," *!("," )!)"," (!*"," '!+","!","!","!","!","!","!","!","!","!"]},"4503":{"keys":[20,37],"grid":[" "," "," "," "," "," "," "," "," "," "," "," "," "," "," 0!!"," /!#"]}},"2532":{"4562":{"keys":[37,36],"grid":[" "," "," "," "," /!#"," )!)"," #!/","!","!","!","!","!","!","!","!","!"]},"4381":{"keys":[20,36],"grid":[" /!#","00"," 0!!","02"," "," "," "," "," "," "," "," "," "," "," "," "]},"4380":{"keys":[20,36],"grid":[" &!,"," '!+","01"," (!*","03"," )!)","05"," *!(","07"," +!'","09"," ,!&"," -!%","12"," .!$","14"]},"4387":{"keys":[20,36],"grid":[" &!,"," %!-","!"," #!/","03","03","!","!","!","!","!","!","!","!","!","!"]},"4386":{"keys":[36,20],"grid":[" "," "," "," "," "," "," "," ","!% -","!! 0","!! !!# -","10","10","!& ,","!' +","14"]},"4385":{"keys":[20,36],"grid":[" '!+"," (!*"," #!# #!+"," #!/","!","!","!","!","!","!","!","!","!","!","!","!"]},"4384":{"keys":[20,36],"grid":[" "," /!#","01","01"," .!$"," -!%"," ,!&","05","05"," +!! #!$"," +!! $!#"," +!# #!#"," *!$ !!$"," (!*","13","13"]},"4563":{"keys":[36,37],"grid":[" "," "," "," "," "," "," "," "," "," "," "," "," ","!* (","!, &","14"]},"4571":{"keys":[36,37],"grid":[" "," "," "," "," "," "," "," "," "," "," "," "," "," ","!! 0","!# /"]},"4572":{"keys":[37,36],"grid":[" $!."," %!-"," &!,"," (!*"," )!)"," *!("," +!'"," ,!&"," -!%"," /!#"," 0!!"," "," "," "," "," "]},"4379":{"keys":[36,20],"grid":[" "," "," "," "," "," "," "," ","!! 0","!# /","09","!$ .","11","!% -","13","!& ,"]},"4567":{"keys":[37,36],"grid":[" -!%"," .!$","01","01"," /!#","04","04","01","01","01","00","01","01"," "," "," "]},"4566":{"keys":[37,36],"grid":[" )!)"," (!*","01"," '!+","01","01","01","01","01","01","01"," ,!&","11"," -!%","13","13"]},"4565":{"keys":[37,36],"grid":[" *!("," )!)","01","01","01"," (!*"," '!+","06","06","05","05","01"," ,!&","12"," +!'","00"]},"4564":{"keys":[37,36],"grid":[" ,!&"," +!'"," *!("," )!)","03","03","02","02","02","00"," -!%"," .!$","11"," /!#","13","02"]},"4540":{"keys":[36,37],"grid":[" "," "," "," "," ","!# /","!$ .","!& ,","!' +","!) )","!* (","!, &","!. $","!/ #","!","!"]},"4554":{"keys":[37,36],"grid":[" "," "," "," "," "," "," /!#","06"," .!$"," .!# !"," "," "," "," "," "," "]},"4569":{"keys":[37,36],"grid":[" "," "," "," "," "," "," 0!!"," -!%"," '!+","!","!","!","!","!","!","!"]}},"2489":{"4520":{"keys":[20,37],"grid":[" "," "," "," "," "," "," "," "," "," "," "," "," "," ","!","!"]}},"2530":{"4389":{"keys":[20,36],"grid":[" &!,","00"," %!-","02","02","00"," #!/","!","!","!"," !!0"," $!.","11","!# #!-","13","!"]},"4388":{"keys":[20,36],"grid":[" "," "," "," /!! !"," .!$","04","04"," -!%","07","07"," ,!&"," &!# %!&"," &!% !!'"," &!,","13"," %!-"]},"4538":{"keys":[36,37],"grid":[" "," "," "," "," "," "," ","!# /","!$ .","!% -","!' +","!( *","!) )","!* (","!+ '","!, &"]},"4539":{"keys":[37,36],"grid":[" -!%"," .!$"," /!#"," 0!!"," "," "," "," "," "," "," "," "," "," "," "," "]},"4473":{"keys":[20,36],"grid":[" #!/","00","00","!","!","!","!","!","!","!","!","!","!","!","!","!"]},"4472":{"keys":[36,20],"grid":[" "," "," "," "," "," "," ","!! 0","!# /","08","08","08","08","08","08","08"]},"4376":{"keys":[20,36],"grid":[" %!-","00"," &!,","02"," '!+","04"," (!*","06"," )!)","08"," *!(","10"," +!'","12"," ,!&","14"]},"4377":{"keys":[20,36],"grid":[" -!%"," .!$","01"," /!#","03"," 0!!","05"," "," "," "," "," "," "," "," "," "]},"4375":{"keys":[36,20],"grid":[" "," "," "," "," "," "," "," "," "," "," ","!! 0","11","!# /","!$ .","14"]}},"2531":{"4570":{"keys":[37,36],"grid":[" -!%","00","00","00","00","00","00","00","00","00","00","00","00","00","00","00"]},"4388":{"keys":[20,36],"grid":[" ,!&"," +!'"," )!)"," '!+","!# $!,","!# #!-","!","!","!","!","!","!","!","!","!","!"]},"4539":{"keys":[36,37],"grid":[" "," "," "," "," "," ","!! 0","!# /","!$ .","!% -","!& ,","!' +","!( *","!) )","!* (","!+ '"]},"4562":{"keys":[37,36],"grid":[" "," "," "," "," "," "," "," ,!&"," &!,"," %!-","09","09","09"," $!.","13","13"]},"4387":{"keys":[20,36],"grid":[" "," "," "," /!#","03"," "," "," 0!!"," -!%","08"," -!! $"," ","03","08","08","08"]},"4386":{"keys":[20,36],"grid":[" 0!!","00","00"," "," ","00"," /!#","06","06","06","00"," "," "," "," "," "]},"4385":{"keys":[20,36],"grid":[" "," "," "," "," "," 0!!","05","05","05","05"," /!#","10"," .!$"," -!%","12","10"]},"4563":{"keys":[37,36],"grid":[" $!.","00","00"," #!/","03","03","03","03"," !!0","08","08","08","08"," $!& '!! !"," "," "]},"4571":{"keys":[37,36],"grid":[" -!%","00","00","00","00","00","00","00","00","00"," .!$"," /!#"," 0!!"," "," "," "]},"4378":{"keys":[20,36],"grid":[" %!-"," &!,","01"," '!+","03"," (!*","05"," )!)"," *!(","08"," +!'","10"," ,!&","12"," -!%","14"]},"4379":{"keys":[20,36],"grid":[" .!$","00"," /!#","02"," 0!!","04"," "," "," "," "," "," "," "," "," "," "]},"4540":{"keys":[37,36],"grid":[" ,!&"," -!%"," .!$"," 0!!"," "," "," "," "," "," "," "," "," "," "," "," "]},"4569":{"keys":[37,36],"grid":[" "," "," "," "," "," "," "," "," "," -!%","09","09","09","09","09","09"]},"4377":{"keys":[36,20],"grid":[" "," "," "," "," "," "," "," "," ","!! 0","09","!# /","11","!$ .","13","!% -"]}},"2536":{"4577":{"keys":[37,36],"grid":[" "," "," "," "," /!#","04"," .!$"," -!%"," ,!&"," +!'","09","09","09","09","09","09"]},"4579":{"keys":[37,36],"grid":[" #!/","00"," $!.","02"," %!-","04","04"," &!,","07","07","04","04","04","04","04","07"]},"4550":{"keys":[37,36],"grid":[" *!(","00"," )!)"," (!*"," '!+","04"," &!,"," %!-"," $!.","08"," #!/"," !!0","!","!","!","!"]},"4580":{"keys":[37,36],"grid":[" &!,","00","00","00","00"," %!-","05","05","05"," $!.","09","09","09","09","09","09"]},"4549":{"keys":[37,36],"grid":[" "," "," "," "," "," "," "," "," "," 0!!"," /!#"," .!$","11"," -!%"," ,!&"," +!'"]},"4578":{"keys":[37,36],"grid":[" +!'","00"," *!("," '!+"," #!/"," !!0","05","!","!","!","!","!","!","05","05","05"]},"4561":{"keys":[36],"grid":[" "," "," "," "," "," "," "," "," "," "," "," "," "," "," "," "]},"4560":{"keys":[37,36],"grid":[" '!+","00"," &!,","02","02"," %!-","05","05"," $!.","08"," #!/","10","10"," !!0","13","13"]},"4574":{"keys":[36,37],"grid":[" "," "," "," "," "," "," ","!! &!! *","!) )","!* (","!+ '","!, &","11","!- %","13","!. $"]},"4575":{"keys":[37,36],"grid":[" .!$","00","00"," /!#","03"," 0!!"," "," "," "," "," "," "," "," "," "," "]},"4558":{"keys":[37,36],"grid":[" &!,"," '!+","01"," (!*","03"," )!)","05"," *!("," +!'","08"," ,!&","10"," -!%"," .!$","13","12"]},"4559":{"keys":[37,36],"grid":[" -!%","00"," ,!&","02"," +!'","04","04"," *!(","07","07"," )!)","10","10"," (!*","13"," '!+"]},"4556":{"keys":[36,37],"grid":[" "," "," "," "," "," "," "," "," "," "," "," ","!# /","!' +","!+ '","!* ("]},"4557":{"keys":[37,36],"grid":[" *!(","00"," )!)","02","02"," (!*","05","05"," '!+","08","08"," &!,","11","11"," %!-","14"]},"4543":{"keys":[36,37],"grid":[" "," "," "," "," "," "," "," "," "," ","!% -","!& ,","!( *","!) )","!* (","!, &"]},"4581":{"keys":[37,36],"grid":[" $!.","00","00"," #!/","03","03","03","03"," !!0","!","!","!","!","08","08","08"]},"4544":{"keys":[37,36],"grid":[" -!%"," .!$"," /!#"," "," "," "," "," "," "," "," "," "," "," "," "," "]},"4583":{"keys":[37,36],"grid":[" -!%","00","00","00"," .!$"," /!#"," "," "," "," "," "," "," "," "," "," "]},"4582":{"keys":[37,36],"grid":[" #!/","00"," $!."," %!-"," &!,","04","04","04","03","03","03"," '!+"," *!("," +!'","13"," ,!&"]}},"2537":{"4549":{"keys":[37,36],"grid":[" '!+"," &!,"," %!-"," $!.","03"," #!/"," !!0","!","!","!","!","!","!","!","!","!"]},"4548":{"keys":[37,36],"grid":[" "," "," "," "," 0!!"," /!#"," .!$","06"," -!%"," ,!&"," +!'","10"," *!("," )!)"," (!*","14"]},"4575":{"keys":[36,37],"grid":[" "," "," "," "," "," #!% $!! '","!+ '","!, &","!- %","!. $","!/ #","!","!","!","!","!"]},"4576":{"keys":[37,36],"grid":[" "," "," "," "," "," "," "," "," "," "," 0!!"," /!#"," .!$"," (!*"," $!.","14"]},"4577":{"keys":[37,36],"grid":[" $!."," #!/"," !!0","!","!","!","!","!","!","!","!","!","!","!","!","!"]},"4545":{"keys":[37,36],"grid":[" 0!!"," "," "," "," "," "," "," "," "," "," "," "," "," "," "," "]},"4544":{"keys":[36,37],"grid":[" "," "," "," ","!! 0","!# /","!% -","!& ,","!' +","!( *","!) )","!* (","!+ '","!- %","!. $","!/ #"]},"4583":{"keys":[36,37],"grid":[" "," "," "," "," "," "," "," ","!! 0","!' )!#","!' (!$","!( #!(","!","!","!","!"]}},"2534":{"4555":{"keys":[36,37],"grid":[" "," "," "," ","!# /","!% -","!& ,","!( *","!) )","08","08","!* (","11","!+ '","13","!, &"]},"4561":{"keys":[37,36],"grid":[" "," "," "," "," "," "," "," "," "," "," "," "," "," #!/","!","!"]},"4573":{"keys":[36,37],"grid":[" "," "," "," "," ","!! 0","!$ .","!% -","!& ,","!) )","!* (","!+ '","!, &","!- %","!/ #","!0 !"]},"4574":{"keys":[37],"grid":[" "," "," "," "," "," "," "," "," "," "," "," "," "," "," "," "]},"4556":{"keys":[37,36],"grid":[" ,!&"," -!%","01"," .!$","03","03"," /!#"," "," "," "," "," "," "," "," "," "]},"4543":{"keys":[37,36],"grid":[" )!)"," *!(","01"," ,!&"," 0!!"," "," "," "," "," "," "," "," "," "," "," "]},"4542":{"keys":[36,37],"grid":[" "," ","!! 0","!# /","03","!$ .","!% -","06","!& ,","08","!' +","10","!( *","12","12","!) )"]},"4552":{"keys":[37,36],"grid":[" "," 0!!"," "," "," "," "," ","01"," /!#","08","08"," .!$"," *!("," )!)","13","13"]},"4553":{"keys":[37,36],"grid":[" (!*"," )!)"," *!(","02","01","00","00"," $!.","!","!","!","!","!","!","!","!"]},"4551":{"keys":[37],"grid":[" "," "," "," "," "," "," "," "," "," "," "," "," "," "," "," "]}},"2535":{"4552":{"keys":[36,37],"grid":[" "," "," "," ","!! 0","04"," "," "," "," "," "," "," "," "," "," "]},"4578":{"keys":[37],"grid":[" "," "," "," "," "," "," "," "," "," "," "," "," "," "," "," "]},"4561":{"keys":[37,36],"grid":[" "," "," "," 0!!","03"," /!#","05","05"," .!$","08","08"," -!%","11","!","!","!"]},"4574":{"keys":[36,37],"grid":[" ","!! 0","!% -","!' +","!( *","04","04","!( &!%","!( %!&","!","!","!","!","!","!","!"]},"4556":{"keys":[36,37],"grid":[" "," "," "," "," "," "," "," ","!$ .","!( *","!, &","!0 !","!","!","!","!"]},"4543":{"keys":[36,37],"grid":[" "," "," "," "," ","!# /","!' +","!* (","!. $","!","!","!","!","!","!","!"]},"4581":{"keys":[37],"grid":[" "," "," "," "," "," "," "," "," "," "," "," "," "," "," "," "]},"4550":{"keys":[37,36],"grid":[" "," "," "," "," "," "," "," "," "," "," "," "," "," "," /!#"," .!$"]},"4551":{"keys":[37,36],"grid":[" ,!&"," +!'"," *!("," )!)","03"," (!*"," '!+","06"," &!,"," %!-","09"," $!."," #!/","12"," !!0","!"]}}}}