{"9":{"159":{"289":{"keys":[37,1,36],"grid":[" (!##("," (!!#)","01","01","01","01"," (!$#'"," *!("," "," "," "," "," "," "," "," "]},"288":{"keys":[37,1,36],"grid":[" $!!#-"," $!##,"," %!##+"," &!!#+"," &!##*","04","04"," '!!#*","07","04","04","07"," '!##)"," (!!#)"," (!##("," )!!#("]},"291":{"keys":[37,1,39],"grid":[" "," "," "," "," "," /!#"," -!$#!"," +!$#$"," (!%#&"," &!$#)"," $!$#+","!%#-","!!#0","#","#","#"]}},"158":{"296":{"keys":[37,1,39],"grid":[" *!$#%"," #!% !!$#'"," !!###!$#)"," !!!#&!!#)","!##/","04","!$#.","!!#0","07","#","#","#","#","#","#","#"]},"294":{"keys":[37,1,39],"grid":[" +!!#&","00","00","00"," +!##%"," ,!!#%","05","05","05"," ,!##$","04"," )!$#&"," (!##("," (!!#)","13","13"]},"295":{"keys":[37,1,39],"grid":[" (!!#)","00"," (!##("," )!!#("," )!##'"," *!##&"," +!!#&"," +!##%"," ,!!#%"," ,!##$"," -!###"," .!##!","11","11"," .!!##"," *!! !!$##"]},"292":{"keys":[37,1,39],"grid":[" +!##%"," *!##&","01"," *!!#'"," )!##'"," (!##(","05"," )!!#(","04","01","00"," ,!!#%"," ,!##$"," -!!#$","13"," )!&#$"]},"293":{"keys":[37,1,39],"grid":[" )!##'","00"," )!!#(","02","02"," (!##("," (!!#)","06","05","02","02","02","00"," *!!#'","13"," *!##&"]},"291":{"keys":[37,1,39],"grid":[" "," "," "," "," "," "," "," "," "," "," "," "," /!#"," /!!#!"," ,!! !!##!"," ,!$##"]}},"155":{"302":{"keys":[37,1,39],"grid":[" "," "," "," "," 0!!","04"," ","04"," -!! #!!"," ,!&"," ,!!#!!##!","10"," ,!!#%","12"," +!##%","14"]},"303":{"keys":[37,1,39],"grid":[" +!##%"," +!!#&","01","01","01","01","01","00"," ,!##$"," -!!#$","09","09","09"," -!$#!"," /!#"," "]}},"157":{"296":{"keys":[37,1,39],"grid":[" "," "," "," "," "," "," "," "," 0!!"," /!#"," /!!#!","09","10"," -!$#!"," -!!#$","14"]},"297":{"keys":[37,1,39],"grid":[" ,!##$"," ,!!#%","01","01"," +!##%"," +!!#&","05"," )!$#&"," (!##("," (!!#)"," '!##)"," '!!#*"," $!! !!##*"," #!%#+"," #!##-"," #!!#."]},"298":{"keys":[37,1,39],"grid":[" !!##.","!##/","#","#","#","#","#","#","#","#","#","#","#","#","#","#"]}},"156":{"300":{"keys":[37,1,39],"grid":[" )!!#(","00","00","00"," )!##'"," *!!#'","05","05","05","05","05","04","00","00"," (!$#'"," )!%#%"]},"301":{"keys":[37,1,39],"grid":[" ,!!#%"," *!$#%"," *!!#'","02","02"," $!$ #!##'"," $!'#("," %!!#,"," #!$#,"," #!##-"," #!!#.","10"," !!##."," !!!#/","13","!##/"]},"302":{"keys":[1,39],"grid":[" !!0","00","00","00","00","00","00","00","!","!","!","!","!","!","!","!"]},"303":{"keys":[39,1,37],"grid":[" "," "," "," "," "," "," "," "," "," "," "," "," "," ","!# /","#!!# ."]},"298":{"keys":[37,1,39],"grid":[" "," 0!!"," /!#","02"," /!!#!","02","02"," .!##!"," .!!##","08","08","07","07","08"," -!###"," -!!#$"]},"299":{"keys":[37,1,39],"grid":[" -!!#$","00"," ,!##$"," ,!!#%","03"," *!$#%"," )!##'"," )!!#(","07"," (!##("," '!##)"," '!!#*","10"," (!!#)","09","07"]}}},"13":{"2492":{"4859":{"keys":[37,39],"grid":[" (!*","00","00"," )!)","03"," *!(","05","05"," +!'","08","08","08","08","08"," ,!&","14"]},"4858":{"keys":[37,39],"grid":[" +!'"," ,!&","01","00","00","00"," *!("," )!)"," (!*","08","08","08","08","08","08","08"]},"4857":{"keys":[37,39],"grid":[" &!,","00"," '!+"," (!*","03","03","03","03"," )!)"," *!(","08","08","08","09","09","09"]},"4856":{"keys":[39,37],"grid":[" "," "," "," "," "," "," "," "," "," "," "," ","!! 0","!# /","!$ .","!% -"]},"4860":{"keys":[37,39],"grid":[" +!'"," ,!&"," .!$","02","02"," -!%","05","05","05","01","01","01","00","00","00","00"]},"4861":{"keys":[37,39],"grid":[" +!'"," ,!&","01"," .!$"," 0!!"," "," "," "," "," "," "," "," "," "," "," "]},"4840":{"keys":[37,39],"grid":[" "," "," "," "," "," "," "," "," "," "," "," "," ,!# $","12"," ,!$ #"," +!& !"]},"4841":{"keys":[37,39],"grid":[" +!'","00","00"," *!(","03"," )!)"," (!*"," '!+","07"," &!,"," %!-","!","!","!","!","!"]}},"2512":{"4769":{"keys":[37,39],"grid":[" "," "," 0!!"," /!#","03","03"," *!# $!#"," (!& !!$"," (!*","08","08"," )!)","11","11","!% %!)","!"]}},"2513":{"4769":{"keys":[37,39],"grid":[" !!! $!,","!$ #!,","!% !!,","!","!","!","!","!","!","!","!","!","!","!","!","!"]},"4768":{"keys":[37,39],"grid":[" "," "," "," "," "," "," 0!!","06","06","06","06"," /!#"," *!("," )!)"," '!+","14"]}},"2517":{"4765":{"keys":[37,39],"grid":[" #!/","00"," $!.","02","02","02","02","00","00","00","00"," !!0","11","!","!","!"]},"4764":{"keys":[37,39],"grid":[" "," "," "," "," "," "," "," "," 0!!"," /!#"," .!$"," -!%"," +!'"," $!$ !!*"," #!/","14"]}},"2515":{"4765":{"keys":[37,39],"grid":[" '!( $"," &!* #"," &!+ !"," %!-"," $!."," #!/","05","05"," !!0","08","!","!","!","!","!","!"]},"4764":{"keys":[37,39],"grid":[" "," "," "," "," "," "," "," "," "," "," "," "," "," "," )!# '"," (!& %"]},"4766":{"keys":[37,39],"grid":[" !!0","!","!","!","!","!","!","!","!","!","!","!","!","!","!","!"]}},"2525":{"4749":{"keys":[37,39],"grid":[" "," "," "," "," "," 0!!"," .!$"," +!'"," &!,","08","08"," %!-","11"," #!/","!","!"]}},"2524":{"4750":{"keys":[37,39],"grid":[" .!$","00"," -!%"," ,!&","03"," +!'","05","05","03","03","05","05","05","05","05","05"]},"4751":{"keys":[37,39],"grid":[" +!'"," *!(","01","01","01"," )!)","05","05","05","05","01","01"," ,!&"," .!$"," /!#","14"]},"4752":{"keys":[37,39],"grid":[" /!#","00","00"," .!$","00","00","03"," ,!&"," *!("," (!*"," %!-"," $!."," !!0","!","!","!"]},"4749":{"keys":[37,39],"grid":[" "," "," "," "," "," "," "," "," "," "," "," "," "," "," /!#","14"]}},"2527":{"4747":{"keys":[39,37],"grid":[" "," "," "," "," ","!! 0","05","!# /","07","07","!$ .","07","07","05","05"," "]},"4745":{"keys":[37,39],"grid":[" )!)","00","00"," *!(","03","03","03","00","00","00"," (!*","!! &!+","!$ $!+","!% !!,","!","!"]},"4744":{"keys":[37,39],"grid":[" "," "," "," "," "," "," "," "," "," "," 0!!","10"," .!$"," -!%"," ,!&"," )!)"]}},"2526":{"4749":{"keys":[37,39],"grid":[" $!."," #!/"," !!0","!","!","!","!","!","!","!","!","!","!","!","!","!"]},"4748":{"keys":[37,39],"grid":[" .!$"," +!'"," *!(","02"," )!)","04","04","04","04","04","04"," (!*","11"," '!+"," &!,"," %!-"]},"4747":{"keys":[37,39],"grid":[" 0!!"," "," "," "," "," "," "," "," "," "," "," "," "," "," "," "]},"4746":{"keys":[37,39],"grid":[" #!/"," $!."," %!-"," &!,","03"," '!+"," (!*"," *!("," -!%","08","08","08","08"," .!$"," /!#"," 0!!"]},"4745":{"keys":[37,39],"grid":[" "," "," "," "," "," "," "," "," '!& &"," &!) $"," &!+ !"," &!,","11"," %!-"," $!."," #!/"]}},"2521":{"4759":{"keys":[37,39],"grid":[" "," "," "," 0!!","!% ,!!","!+ &!!","!, $!#","!","!","!","!","!","!","!","!","!"]}},"2520":{"4760":{"keys":[37,39],"grid":[" #!/","00","00","00","00"," !!0","!","!","!","!","!","!","!","!","!","!"]},"4759":{"keys":[37,39],"grid":[" "," "," "," "," "," (!$ &!!"," (!*","06"," )!)","06"," '!+"," %!-"," $!.","12"," #!/","14"]}},"2523":{"4752":{"keys":[37,39],"grid":[" "," "," "," "," "," "," "," "," "," "," "," "," "," "," -!%","14"]},"4753":{"keys":[37,39],"grid":[" -!%"," ,!&","01","01","00","00","00","01","00","01"," .!$","10","10","10","10","10"]},"4754":{"keys":[37,39],"grid":[" .!$","00"," -!%"," ,!&","03","02","03","03","02","03","02","02","03","03","03","03"]},"4755":{"keys":[37,39],"grid":[" +!'","00","00","00","00"," *!(","05","05"," )!)","08","08"," (!*","11","11"," '!+"," &!,"]},"4756":{"keys":[37,39],"grid":[" &!,","00"," '!+","02","00","00","00"," %!-"," $!."," #!/","!","!","!","!","!","!"]}},"2544":{"4667":{"keys":[37,39],"grid":[" "," "," "," "," "," "," "," "," "," "," "," "," "," "," /!#"," -!%"]},"4668":{"keys":[37,39],"grid":[" +!'"," )!)"," &!,"," $!."," !!0","!","!","!","!","!","!","!","!","!","!","!"]}},"2549":{"4665":{"keys":[37,39],"grid":[" "," "," "," "," "," "," "," "," "," "," "," "," 0!!"," -!%"," +!'"," )!)"]},"4666":{"keys":[37,39],"grid":[" '!+"," $!."," !!0","!","!","!","!","!","!","!","!","!","!","!","!","!"]},"4618":{"keys":[37,36],"grid":[" "," "," "," "," "," "," "," "," "," "," "," "," 0!!"," "," "," "]},"4611":{"keys":[37,36],"grid":[" (!*","00"," '!+","00","00","00"," *!("," +!'"," ,!&"," -!%","09"," .!$","11","11","11"," /!#"]},"4610":{"keys":[36,37],"grid":[" "," "," "," "," "," "," "," "," "," ","!# /","!$ .","!( *","12","12","12"]},"4613":{"keys":[37,36],"grid":[" ,!&"," +!'","01","01","01","01","01","01","01","01","00"," .!$"," /!#"," 0!!"," "," "]},"4612":{"keys":[37,36],"grid":[" 0!!"," "," "," ","00","00","00","00","00","00","00"," .!$","11"," -!%"," ,!&","14"]},"4614":{"keys":[37],"grid":[" "," "," "," "," "," "," "," "," "," "," "," "," "," "," "," "]},"4617":{"keys":[37],"grid":[" "," "," "," "," "," "," "," "," "," "," "," "," "," "," "," "]}},"2548":{"4610":{"keys":[37,36],"grid":[" &!,","00","00","00"," '!+"," (!*"," ,!&"," .!$"," 0!!"," "," "," "," "," "," "," "]},"4666":{"keys":[37,39],"grid":[" "," "," "," 0!!"," -!%"," +!'"," )!)"," &!,"," $!."," !!0","!","!","!","!","!","!"]},"4609":{"keys":[36,37],"grid":[" "," "," "," "," "," "," "," "," "," "," "," ","!! 0","!# /","!$ .","!% -"]}},"2529":{"4739":{"keys":[37,39],"grid":[" &!,","00"," %!-"," $!."," #!/","04","04","04","04","04","04","04","03","03","03","03"]},"4742":{"keys":[37,39],"grid":[" "," "," "," /!#"," -!%"," +!'"," )!)"," (!*"," &!,"," #!/","!","!","!","!","!","!"]},"4738":{"keys":[37,39],"grid":[" "," "," "," "," /!#"," ,!&"," *!("," )!)","07","07","07","07","07"," (!*"," '!+","14"]},"4740":{"keys":[37,39],"grid":[" $!.","00","00","00"," #!/","04","04"," !!0","!","!","!","!","!","!","!","!"]},"4741":{"keys":[39,37],"grid":[" "," "," "," "," ","!! 0","!# /","!% -","!' +","!( *","!) )","!* (","!, &","!- %","13","!. $"]}},"2528":{"4743":{"keys":[37,39],"grid":[" *!(","00"," +!'","02","00"," )!)"," (!*","06"," '!+"," &!,","09","09","09","09","08","08"]},"4742":{"keys":[37,39],"grid":[" "," "," "," "," "," "," "," "," "," "," .!$"," -!%","11"," ,!&"," +!'","14"]},"4741":{"keys":[37,39],"grid":[" .!$"," /!#","01"," 0!!"," "," "," "," "," "," "," "," "," "," "," "," "]},"4740":{"keys":[37,39],"grid":[" "," "," "," "," "," "," "," "," 0!!"," /!#"," .!$","10","10","10","10","10"]},"4744":{"keys":[37,39],"grid":[" &!,"," %!-","01"," $!.","03"," #!/","05"," !!0","07","!","!","!","!","!","!","!"]}},"2516":{"4765":{"keys":[37,39],"grid":[" "," "," "," "," ","!! 0","!$ .","!( *","!* (","!- %","!. $","10","10","!/ #","!0 !","!"]}},"2509":{"4776":{"keys":[37,39],"grid":[" 0!!","00","00","00","00","00","00","00"," /!#","08","08","08"," .!$"," -!%","13"," ,!&"]},"4777":{"keys":[37,39],"grid":[" +!'"," *!("," )!)","02"," (!*","04"," '!+","06"," &!,","08","08"," %!-","11","11","11","08"]},"4775":{"keys":[37],"grid":[" "," "," "," "," "," "," "," "," "," "," "," "," "," "," "," "]},"4778":{"keys":[37,39],"grid":[" &!,"," %!-","01","01","01","01","01","00","00","00","00","00","00","00","00"," '!+"]},"4780":{"keys":[37,39],"grid":[" "," "," "," "," "," .!$","05","05","05"," -!%","09","09","09","05","05","09"]},"4782":{"keys":[37,39],"grid":[" &!,"," !!0","!","!","!","!","!","!","!","!","!","!","!","!","!","!"]},"4781":{"keys":[37,39],"grid":[" -!%","00"," ,!&","02","02"," +!'","05","05","05","05","05"," (!*","11"," '!+","13","13"]},"4779":{"keys":[37,39],"grid":[" &!,","00"," %!-","02"," $!."," #!/"," #!$ $!)"," $!! )!%"," /!#"," 0!!"," "," "," "," "," "," "]}},"2508":{"4786":{"keys":[37,39],"grid":[" &!,"," %!-","01"," $!.","03"," #!/"," !!0","06","06","06","!","!","!","!","!","!"]},"4785":{"keys":[37,39],"grid":[" +!'"," *!("," )!)","02","02","02","02","01","00"," ,!&","00","02"," '!+","12"," &!,","14"]},"4784":{"keys":[37,39],"grid":[" (!*","00"," )!)"," +!'"," ,!&","04","04","04","04","04","04","04","04","04","04","04"]},"4783":{"keys":[37,39],"grid":[" .!$"," -!%"," ,!&"," *!("," )!)","04"," (!*","06","06","06","06","06"," '!+","12","12","12"]},"4782":{"keys":[37,39],"grid":[" "," "," "," 0!!","03"," "," "," "," ","03"," .!$","10","10"," /!#","13","13"]}},"2507":{"4817":{"keys":[37,39],"grid":[" %!-"," $!.","01"," #!/"," !!0","04","!","!","!","!","!","!","!","!","!","!"]},"4816":{"keys":[37,39],"grid":[" (!*","00","00","00"," '!+"," $!."," #!/"," !!0","07","07","06","06","05"," %!-","13","13"]},"4815":{"keys":[39,37],"grid":[" "," "," "," "," "," "," "," ","!# /","!$ .","09","!% -","!& ,","12","!' +","!( *"]},"4789":{"keys":[37,39],"grid":[" /!#","00"," 0!!","02","02","02","02","!","!","!","!","!","!","!","!","!"]},"4788":{"keys":[37,39],"grid":[" .!$","00"," -!%","00","00"," /!#","05"," 0!!","07"," "," "," "," ","07","07","05"]},"4787":{"keys":[37,39],"grid":[" 0!!","00","00"," /!#","03"," .!$","05","05","05","05","03","03","05","05","05","05"]},"4786":{"keys":[37,39],"grid":[" "," "," "," "," "," "," "," "," "," "," "," "," 0!!","12","12","12"]}},"2506":{"4817":{"keys":[37,39],"grid":[" "," "," "," "," "," "," "," "," "," "," 0!!"," #!# ,!!","!& +!!","!' *!!","!) '!#","!, #!$"]},"4789":{"keys":[37,39],"grid":[" "," "," "," "," "," "," -!! $"," ,!&"," &!% !!'"," $!.","!","!","!","!","!","!"]},"4815":{"keys":[39,37],"grid":[" "," ","!$ .","!% -","03","03","!& ,","!( *","!) '!#","!* #!&","!","!","!","!","!","!"]}},"2505":{"4811":{"keys":[37,39],"grid":[" '!+","00","00"," &!,","03"," %!-"," $!.","06","06"," #!/","09","09"," !!0","12","!","!"]},"4810":{"keys":[37,39],"grid":[" (!*"," '!+","01"," &!,","03","03"," %!-","06","06"," $!.","03","01","01","01","01","01"]},"4804":{"keys":[37,39],"grid":[" !!0"," #!/"," #!& !!)"," #!% %!'"," ,!&"," .!$"," 0!!","06","06"," -!%","09","04","04","04","09","05"]},"4805":{"keys":[37,39],"grid":[" /!#","00"," .!$","02"," -!%"," ,!&"," +!'","06","06"," *!("," )!)"," (!*","11","10","10","10"]},"4815":{"keys":[39,37],"grid":[" $!' ("," !!. #","!","!","!","!","!","!","!","!","!","!","!","!","!","!"]},"4807":{"keys":[37,39],"grid":[" !!0"," #!/"," $!."," '!+"," (!*"," )!)","05","05","05","05","05","05","05","04","03","03"]},"4808":{"keys":[37,39],"grid":[" '!+","00","00"," (!*"," )!)"," ,!&"," -!%"," .!$","07","07","07","06","06","05"," +!'"," *!("]},"4809":{"keys":[37,39],"grid":[" )!)","00"," *!("," +!'","03","02","02","02","03","03","03","03","02","00","00"," (!*"]},"4819":{"keys":[37,39],"grid":[" .!$","00","00"," -!%","03","03"," +!'"," *!("," )!)"," (!*"," '!+","10"," &!,","12","12","10"]},"4814":{"keys":[39,37],"grid":[" "," "," "," "," "," "," "," "," "," "," "," "," "," "," "," '!! *"]},"4820":{"keys":[37,39],"grid":[" '!+"," &!,","01","01"," %!-","04","04","04"," $!.","08","04","04","04","04","04","04"]},"4806":{"keys":[37,39],"grid":[" )!)","00"," (!*","02"," '!+","04","04"," &!,","07"," %!-"," $!."," #!/","11","11","11"," !!0"]},"4789":{"keys":[37,39],"grid":[" "," "," "," "," "," "," "," "," "," "," 0!!"," /!#"," .!$"," -!%"," ,!&","14"]},"4818":{"keys":[37,39],"grid":[" ,!&","00","00"," -!%","00","00","00","00","00","00","00","03","03"," .!$","13"," /!#"]},"4817":{"keys":[37,39],"grid":[" "," "," "," "," "," "," "," "," "," "," "," "," "," /!#"," -!%"," ,!&"]},"4821":{"keys":[37,39],"grid":[" %!-","00"," &!,","02"," '!+"," )!)"," *!(","!$ '!(","!","!","!","!","!","!","!","!"]},"4790":{"keys":[37,39],"grid":[" +!'","00"," (!*"," '!+"," &!,","04","04"," %!-"," $!."," #!/"," !!0","!","!","!","!","!"]}},"2504":{"4800":{"keys":[37,39],"grid":[" #!/","00"," $!."," %!-","03"," &!,","05"," '!+","07"," (!*","09"," )!)"," *!(","12","12"," +!'"]},"4801":{"keys":[37,39],"grid":[" +!'","00","00","00","00","00","00","00","00","00"," *!(","10","10"," )!)","13","13"]},"4802":{"keys":[37,39],"grid":[" )!)"," (!*","00","00","00","00","00","00","00","00","01","01","01","01","01","01"]},"4803":{"keys":[37,39],"grid":[" )!)","00","00"," *!(","03"," +!'"," ,!&"," -!%"," .!$","08"," /!#","10","10","10"," 0!!","14"]},"4804":{"keys":[37],"grid":[" "," "," "," "," "," "," "," "," "," "," "," "," "," "," "," "]},"4815":{"keys":[37,39],"grid":[" '!+","00"," '!* !"," '!) #"," (!' $"," *!! '"," "," "," "," "," "," "," "," "," "," "]},"4812":{"keys":[37,39],"grid":[" /!#","00"," .!$","02","02","02","02","00","00"," 0!!","09"," ","09","09","09","00"]},"4814":{"keys":[39,37],"grid":[" "," "," ","!! 0"," "," "," "," ","03","!$ .","!' +","10","10","10","!( *","14"]},"4822":{"keys":[37,39],"grid":[" '!+","00"," &!,"," %!-"," $!.","!","!","!","!","!","!","!","!","!","!","!"]},"4811":{"keys":[37,39],"grid":[" "," "," "," "," "," "," "," "," "," "," "," "," "," "," "," 0!!"]},"4821":{"keys":[37,39],"grid":[" "," "," "," "," "," "," 0!!"," /!#"," .!$"," ,!&"," +!'"," *!("," )!)","12"," (!*","14"]},"4798":{"keys":[39,37],"grid":[" "," "," ","!# /","!! 0","04","04","04","03","!$ .","!% -","10","10","!& ,","10","10"]},"4799":{"keys":[37,39],"grid":[" $!.","00"," %!-","02"," &!,","04","04","04","04","02","02","04","02","00"," #!/","14"]},"4813":{"keys":[37,39],"grid":[" /!#","00","00"," .!$"," -!%"," ,!&"," +!'","06"," *!("," (!*","09"," '!+","11"," &!,"," %!-"," !!0"]},"4790":{"keys":[37,39],"grid":[" "," "," "," "," "," "," "," "," "," "," "," "," 0!!"," /!#"," .!$"," $!."]},"4791":{"keys":[37,39],"grid":[" %!-","00","00"," &!,","03"," '!+","05","03","00","00"," $!.","00","00","00","00","03"]},"4792":{"keys":[37,39],"grid":[" '!+"," (!*"," )!)","02","02","02"," *!(","06","02","02","01","01","00","00"," &!,"," %!-"]},"4793":{"keys":[37,39],"grid":[" #!/","!","!","!","!","!","!","!","!","!","!","!","!","!","!","!"]}},"2503":{"4814":{"keys":[37,39],"grid":[" "," "," "," "," "," 0!!","05"," "," "," "," "," "," "," "," "," "]},"4822":{"keys":[37,39],"grid":[" "," "," "," $!( '"," #!, $"," !!0","!","!","!","!","!","!","!","!","!","!"]},"4798":{"keys":[37,39],"grid":[" .!$"," /!#"," "," "," "," "," "," "," "," "," "," "," "," "," "," "]},"4794":{"keys":[37,39],"grid":[" #!/"," !!0","!","!","!","!","!","!","!","!","!","!","!","!","!","!"]},"4796":{"keys":[39,37],"grid":[" "," "," "," ","!# /","!$ .","!% -","!& ,","!* (","!+ '","!, &","!. $","11","!/ #","13","13"]},"4797":{"keys":[37,39],"grid":[" .!$"," /!#","01","01","00"," -!%","05","05","05"," ,!&"," +!'","10"," *!(","12","09","05"]},"4793":{"keys":[37,39],"grid":[" "," /!#"," .!$"," )!)"," (!*"," '!+"," %!-"," $!.","07"," #!/","09","09","09","09","07","07"]}},"2502":{"4794":{"keys":[37,39],"grid":[" "," "," "," 0!!"," /!#"," .!$"," -!%"," ,!&"," +!'","08","08","07","06","06","05","05"]},"4795":{"keys":[37,39],"grid":[" .!$","00","00"," /!#","03","00"," -!%"," ,!&"," +!'","07","00","00","00","06","06","06"]},"4796":{"keys":[37,39],"grid":[" ,!&"," -!%"," 0!!"," "," "," "," "," "," "," "," "," "," "," "," "," "]},"4822":{"keys":[37,39],"grid":[" "," "," "," "," "," "," ","!% +!#","!( &!%","!* #!&","!","!","!","!","!","!"]}},"2501":{"4822":{"keys":[39,37],"grid":[" %!-","00","00"," &!,"," '!+","04","04"," )!& $"," *!$ %"," "," "," "," "," "," "," "]},"4821":{"keys":[37],"grid":[" "," "," "," "," "," "," "," "," "," "," "," "," "," "," "," "]}},"2500":{"4824":{"keys":[37,39],"grid":[" #!/","00","00"," !!0","!","!","!","!","!","!","!","!","!","!","!","!"]},"4822":{"keys":[39,37],"grid":[" "," "," "," "," "," "," "," "," ","!! 0","09","09","09","!# /","!% -","14"]},"4823":{"keys":[37,39],"grid":[" &!,","00","00"," '!+","03"," (!*","05","05","05","03","00"," %!-","11","11"," $!.","14"]},"4821":{"keys":[37,39],"grid":[" "," "," ","!$ .","!& ,","!( *","!* (","!, &","!- %","08","08","08","08","!. $","!/ #","!"]}},"2543":{"4668":{"keys":[37,39],"grid":[" "," "," "," "," "," 0!!"," -!%"," +!'"," )!)"," '!+"," $!."," !!0","!","!","!","!"]}},"2510":{"4774":{"keys":[37,39],"grid":[" "," /!#"," .!$","02","02"," -!%","05","05"," +!'","08","08","08","08","08","08","08"]},"4775":{"keys":[37,39],"grid":[" +!'"," ,!&","01","01","00"," *!("," )!)"," %!-"," #!/"," !!0","08"," $!.","11","09","!","!"]},"4772":{"keys":[37,39],"grid":[" *!(","00","00","00"," )!)"," '!+"," (!*","00"," +!'"," ,!&"," -!%","10","09","09","09","09"]},"4773":{"keys":[37,39],"grid":[" -!%"," .!$"," 0!!"," /!#","01","00","00","00","00","00","00","01","03"," "," "," "]},"4770":{"keys":[37,39],"grid":[" "," "," "," "," "," "," "," "," "," "," "," "," "," 0!!"," "," "]},"4771":{"keys":[37,39],"grid":[" "," "," "," "," "," "," "," "," "," "," /!#"," .!$"," -!%"," ,!&"," +!'"," *!("]},"4779":{"keys":[39,37],"grid":[" "," "," "," "," "," "," "," "," "," "," "," "," "," ","!! 0","14"]},"4780":{"keys":[37,39],"grid":[" $!.","00"," !!0","02","!","!","!","!","!","!","!","!","!","!","!","!"]}},"2542":{"4732":{"keys":[37,39],"grid":[" &!,"," (!*"," )!)"," *!(","03"," +!'","05","03","02"," #!/","!","!","!","!","!","!"]},"4733":{"keys":[39],"grid":[" "," "," "," "," "," "," "," "," "," "," "," "," "," "," "," "]},"4731":{"keys":[39,37],"grid":[" "," "," "," "," "," "," "," "," "," "," "," ","!! 0","!# /","!$ .","!% -"]},"4668":{"keys":[37,39],"grid":[" "," "," "," "," "," "," "," "," "," "," "," "," 0!!"," /!#"," .!$","14"]},"4669":{"keys":[37,39],"grid":[" -!%","00","00","00"," ,!&","04"," +!'","06","06"," *!(","09"," )!)"," (!*"," '!+"," &!,"," %!-"]},"4670":{"keys":[37,39],"grid":[" $!."," !!0","!","!","!","!","!","!","!","!","!","!","!","!","!","!"]}},"2511":{"4769":{"keys":[37,39],"grid":[" "," "," "," "," "," "," "," "," "," "," "," "," "," ,!% !"," +!'"," )!)"]},"4774":{"keys":[39],"grid":[" "," "," "," "," "," "," "," "," "," "," "," "," "," "," "," "]},"4773":{"keys":[39],"grid":[" "," "," "," "," "," "," "," "," "," "," "," "," "," "," "," "]},"4770":{"keys":[37,39],"grid":[" (!*","00"," '!+","02"," %!-"," $!."," !!0","06","06","06","06","06","!","!","06"," #!/"]},"4771":{"keys":[37,39],"grid":[" $!.","00"," &!,"," '!+"," (!*","04","03","02","02"," %!-","!","!","!","!","!","!"]}},"2541":{"4732":{"keys":[37,39],"grid":[" "," "," "," "," "," "," "," "," "," "," 0!!","10"," "," "," "," "]},"4733":{"keys":[37,39],"grid":[" "," "," "," "," "," 0!!","05","05"," /!#"," .!$"," -!%"," ,!&"," *!("," )!)"," (!*","14"]},"4730":{"keys":[39,37],"grid":[" ","!! 0","01","!# /","!$ .","!% -","05","!& ,","!' +","08","!( *","10","!) )","12","!* (","14"]},"4731":{"keys":[37,39],"grid":[" +!'"," ,!&"," -!%"," .!$","03","03","03","03"," /!#","08","08"," "," "," "," "," "]},"4734":{"keys":[37,39],"grid":[" '!+","00"," (!*","02"," )!)","04","04"," *!(","07","07"," +!'","10"," ,!&","12"," -!%"," .!$"]},"4735":{"keys":[37,39],"grid":[" .!$","00"," /!#","02","02","02","!& (!%","!","!","!","!","!","!","!","!","!"]},"4671":{"keys":[37,39],"grid":[" +!'"," !!( #!'","!","!","!","!","!","!","!","!","!","!","!","!","!","!"]},"4670":{"keys":[37,39],"grid":[" "," "," "," 0!!"," /!#","04","04","04"," .!$","08","08"," -!%","11","11","11"," ,!&"]}},"2514":{"4768":{"keys":[37,39],"grid":[" $!.","00"," #!/"," !!0","!","!","!","!","!","!","!","!","!","!","!","!"]},"4765":{"keys":[37,39],"grid":[" "," "," "," "," "," "," "," "," "," "," "," "," 0!!","12","12"," "]},"4767":{"keys":[37,39],"grid":[" '!+","00","00","00"," (!*","04","04","04","04","00"," &!,"," %!-","11","11","11"," $!."]},"4766":{"keys":[37,39],"grid":[" "," "," "," "," "," "," 0!!"," /!#"," .!$","08","08"," -!%"," ,!&"," *!("," (!*","14"]}},"2540":{"4686":{"keys":[37,39],"grid":[" (!*","00"," )!)","02","02","02"," *!("," +!'"," -!%"," .!$"," ,!&","06","00"," '!+"," %!-"," #!/"]},"4687":{"keys":[37,39],"grid":[" !!0","!","!","!","!","!","!","!","!","!","!","!","!","!","!","!"]},"4684":{"keys":[39,37],"grid":[" "," "," "," "," "," "," "," "," "," "," "," "," "," "," ","!! 0"]},"4685":{"keys":[37,39],"grid":[" !!0"," #!/"," $!."," %!-","03","02","02","02","02","02","03","03"," &!,","12"," '!+"," (!*"]},"4729":{"keys":[39,37],"grid":[" "," "," "," ","!! 0","04","!# /","!$ .","07","07","!( *","!* (","!, &","!. $","!/ #","!0 !"]},"4713":{"keys":[39,37],"grid":[" "," "," "," "," "," "," "," ","!! 0","08","08","08"," "," "," "," "]},"4735":{"keys":[37,39],"grid":[" "," "," "," "," "," "," ,!&"," *!("," '!+"," &!,"," $!.","!","!","!","!","!"]},"4730":{"keys":[37],"grid":[" "," "," "," "," "," "," "," "," "," "," "," "," "," "," "," "]},"4671":{"keys":[37,39],"grid":[" ","!% !!& '","!","!","!","!","!","!","!","!","!","!","!","!","!","!"]}},"2498":{"4828":{"keys":[39],"grid":[" "," "," "," "," "," "," "," "," "," "," "," "," "," "," "," "]},"4826":{"keys":[37,39],"grid":[" .!$","00","00"," -!%"," ,!&"," +!'","05","04","03","03","03","04"," *!("," )!)"," (!*"," '!+"]},"4827":{"keys":[37,39],"grid":[" '!+","00","00","00"," &!,","04"," %!-"," #!/"," !!0","08","08","08","08","07","08","08"]},"4824":{"keys":[37,39],"grid":[" "," "," "," "," "," "," "," "," "," "," "," "," "," "," "," 0!!"]},"4825":{"keys":[37,39],"grid":[" .!$"," -!%"," ,!&","01","01","01","00","00"," /!#"," 0!!"," "," "," ","09","09","08"]},"4863":{"keys":[39,37],"grid":[" "," "," "," "," "," "," "," "," "," "," "," "," ","!! 0","!# /","!% -"]}},"2547":{"4666":{"keys":[37,39],"grid":[" "," "," "," "," "," "," "," "," "," "," 0!!"," -!%"," +!'"," )!)"," &!,"," $!."]},"4667":{"keys":[39],"grid":[" "," "," "," "," "," "," "," "," "," "," "," "," "," "," "," "]},"4608":{"keys":[37,36],"grid":[" !!0","00","00","00","00","00","00","00","!","!","!","!","!","!","!","!"]},"4609":{"keys":[37,36],"grid":[" #!/"," $!."," %!-"," &!,"," '!+"," (!*"," *!("," +!'"," ,!&"," .!$"," /!#"," 0!!"," "," "," "," "]}},"2499":{"4824":{"keys":[37,39],"grid":[" "," "," "," "," 0!!"," .!$"," ,!&"," +!'"," *!("," (!*"," '!+"," %!-"," $!."," #!/","!","!"]},"4825":{"keys":[39],"grid":[" "," "," "," "," "," "," "," "," "," "," "," "," "," "," "," "]},"4822":{"keys":[37,39],"grid":[" /!#","00","00","00","00"," 0!!"," "," "," "," "," "," "," "," "," "," "]},"4821":{"keys":[37,39],"grid":[" "," "," -!$ !"," ,!&"," +!'"," *!(","04","04","04","05","05","05","04","03"," -!%"," .!$"]}},"2546":{"4667":{"keys":[37,39],"grid":[" "," /!#"," ,!&"," *!("," (!*"," %!-"," #!/","!","!","!","!","!","!","!","!","!"]}},"2550":{"4619":{"keys":[37,36],"grid":[" &!,"," '!+"," +!'"," ,!&"," -!%"," .!$"," /!#"," 0!!","07","07","07","07","07","07","06","07"]},"4665":{"keys":[37,39],"grid":[" "," "," "," "," "," 0!!"," .!$"," +!'"," )!)"," '!+"," $!."," !!0","!","!","!","!"]},"4620":{"keys":[37],"grid":[" "," "," "," "," "," "," "," "," "," "," "," "," "," "," "," "]},"4618":{"keys":[37,36],"grid":[" !!0","00","00","00","00"," #!/","05","05","05","05","00","00","!","00"," $!."," %!-"]},"4613":{"keys":[36,37],"grid":[" "," "," "," "," "," "," "," "," "," "," "," "," "," "," ","!! 0"]},"4612":{"keys":[36],"grid":[" "," "," "," "," "," "," "," "," "," "," "," "," "," "," "," "]},"4615":{"keys":[37,36],"grid":[" &!,","00","00"," '!+","03","03","03","03","03","03","03","03","03","03","03"," %!-"]},"4614":{"keys":[37,36],"grid":[" !!0","!","!","!","00"," #!/"," $!.","06"," %!-"," &!,","09","09","09"," '!+","13","09"]},"4617":{"keys":[37,36],"grid":[" !!0","00","!","!","!","!","!","!","!","!","!","!","00"," #!/","13","13"]},"4616":{"keys":[37,36],"grid":[" $!."," #!/"," !!0","02","01","01","01","01","02","02","!","!","02","02","01","02"]}},"2551":{"4664":{"keys":[37,39],"grid":[" "," "," "," "," "," "," "," "," "," "," "," "," "," "," 0!!"," .!$"]},"4665":{"keys":[37,39],"grid":[" ,!&"," )!)"," '!+"," %!-"," !!0","!","!","!","!","!","!","!","!","!","!","!"]},"4620":{"keys":[36,37],"grid":[" "," ","!$ .","!% -","03","03","02","!# /","!! 0","08","07","08","08","08","08","08"]},"4621":{"keys":[37,36],"grid":[" !!0","00","00","00","00","!","!","!","!","00"," #!/","10","10","10"," $!.","14"]},"4622":{"keys":[37,36],"grid":[" %!-"," &!,"," '!+","02"," (!*"," )!)"," *!("," +!% #"," ,!! %"," "," "," "," "," "," "," "]},"4630":{"keys":[37,36],"grid":[" +!'"," .!$"," "," "," "," "," "," "," "," "," "," "," "," "," "," "]},"4624":{"keys":[37,36],"grid":[" "," -!%","01","01","01"," .!$","05"," /!#"," 0!!","07","07","05","01"," &!,","13","13"]},"4625":{"keys":[37,36],"grid":[" '!+"," (!*","01","01","01","01","01","01","01","01","01","01","00","01","01","01"]},"4626":{"keys":[37,36],"grid":[" (!*"," )!)","00","00","01","01","01","00","00"," &!,"," $!.","10","10","10","10","10"]},"4627":{"keys":[37,36],"grid":[" #!/","00"," $!."," %!-"," &!,","04"," '!+","06","06","06","06","06","06","06"," (!*","14"]},"4628":{"keys":[37,36],"grid":[" (!*","00","00","00","00","00","00","00","00","00","00","00","00","00","00","00"]},"4629":{"keys":[37,36],"grid":[" (!*","00"," '!+","02","02","02","02","02","02"," &!,","09","09","09","09","09","00"]}},"2552":{"4664":{"keys":[37,39],"grid":[" "," "," "," "," "," "," "," "," .!$"," ,!&"," *!("," '!+"," %!-"," #!/","!","!"]},"4622":{"keys":[36,37],"grid":[" "," "," "," "," "," "," ","!# /","!% -","08","!$ .","07","07","10","07","07"]},"4630":{"keys":[36,37],"grid":[" "," "," ","!$ .","!' +","!) )","!* (","!+ '","!, &","!- %","!. $","!/ #","!0 !","!","!","!"]},"4624":{"keys":[37,36],"grid":[" !!0","!","!","!","!","!","!","!","!","!","!","!","!","!","!","!"]},"4623":{"keys":[37,36],"grid":[" #!/","00","00"," $!."," %!-","03","00","03","03"," &!,"," '!+","10","09","09","04","03"]}},"2553":{"4664":{"keys":[37,39],"grid":[" "," .!$"," ,!&"," *!("," '!+"," %!-"," #!/","!","!","!","!","!","!","!","!","!"]},"4631":{"keys":[37,36],"grid":[" '!+"," 0!!"," "," "," "," "," "," "," "," "," "," "," "," "," "," "]},"4630":{"keys":[36,37],"grid":[" "," "," "," "," "," "," "," "," "," "," "," "," "," ","!! 0","!# /"]}},"2554":{"4664":{"keys":[39],"grid":[" "," "," "," "," "," "," "," "," "," "," "," "," "," "," "," "]},"4631":{"keys":[36,37],"grid":[" "," ","!* (","!","!","!","!","!","!","!","!","!","!","!","!","!"]},"4663":{"keys":[37,39],"grid":[" "," "," "," "," "," "," "," "," "," "," /!#"," ,!&"," *!("," (!*"," %!-"," #!/"]}},"2555":{"4631":{"keys":[36,37],"grid":[" "," "," ","!$ .","!- %","!","!","!","!","!","!","!","!","!","!","!"]},"4663":{"keys":[37,39],"grid":[" "," "," "," /!#"," -!%"," *!("," (!*"," &!,"," #!/","!","!","!","!","!","!","!"]}},"2556":{"4631":{"keys":[36,37],"grid":[" "," "," "," "," ","!' +","!","!","!","!","!","!","!","!","!","!"]},"4662":{"keys":[37,39],"grid":[" "," "," "," "," "," "," "," "," "," "," "," "," /!#"," -!%"," *!("," (!*"]},"4663":{"keys":[37,39],"grid":[" &!,"," #!/","!","!","!","!","!","!","!","!","!","!","!","!","!","!"]}},"2557":{"4631":{"keys":[36,37],"grid":[" "," "," "," "," "," "," ","!* (","!","!","!","!","!","!","!","!"]},"4662":{"keys":[37,39],"grid":[" "," "," "," "," "," /!#"," -!%"," +!'"," (!*"," &!,"," $!.","!","!","!","!","!"]}},"2491":{"4841":{"keys":[37,39],"grid":[" "," "," "," "," "," "," "," "," "," "," "," 0!!"," /!#"," .!$","13","13"]},"4848":{"keys":[39,37],"grid":[" "," "," "," ","!# /","04","04","!! 0","07","07"," "," "," "," "," "," "]},"4845":{"keys":[37,39],"grid":[" !!0","00","!","00"," #!/"," $!.","05","04","04","04","04","04","00","00","00","04"]},"4844":{"keys":[37,39],"grid":[" '!+","00"," &!,","02","02","02","02","02","02","02","02","00","00"," %!-"," $!."," #!/"]},"4856":{"keys":[37,39],"grid":[" *!("," +!'","01","00"," )!)","04","04","04"," (!*","08"," (!! #!'"," -!%"," "," "," "," "]},"4855":{"keys":[39,37],"grid":[" "," "," "," "," "," "," "," "," "," ","!# /","!$ .","!& ,","!( *","!) )","!* ("]},"4847":{"keys":[39],"grid":[" "," "," "," "," "," "," "," "," "," "," "," "," "," "," "," "]},"4846":{"keys":[37,39],"grid":[" #!/"," !!0","01","01","!","!","!","!","!","!","!","!","!","!","!","!"]},"4842":{"keys":[37,39],"grid":[" .!$","00","00","00","00"," -!%"," +!'"," *!(","07","07","07"," )!)","11"," (!*"," '!+","14"]},"4843":{"keys":[37,39],"grid":[" '!+","00","00","00"," &!,"," %!-","05","05","05","05","04","00","00"," (!*","00","00"]}},"2490":{"4854":{"keys":[37,39],"grid":[" &!,"," %!-"," $!.","02","02","01","00","00","02","01"," '!+"," +!'"," ,!&","12"," -!%","14"]},"4852":{"keys":[37,39],"grid":[" &!,"," '!+"," )!)"," *!(","02"," (!*","05","05","05","05","05","05","05","05","05","01"]},"4848":{"keys":[37,39],"grid":[" "," "," "," "," "," "," "," "," "," "," "," 0!!"," /!#","12","12"," .!$"]},"4849":{"keys":[37,39],"grid":[" /!#","00","00"," 0!!","03"," "," "," *!("," )!)"," (!*","09"," '!+","11","11","09","09"]},"4855":{"keys":[37,39],"grid":[" -!%","00"," .!$","02"," /!#"," 0!!"," "," "," "," "," "," "," "," "," "," "]},"4847":{"keys":[37,39],"grid":[" ,!&"," -!%","01","01","01","01","01","01"," .!$","08","08","08","08"," /!#"," "," "]},"4853":{"keys":[37,39],"grid":[" '!+","00"," (!*","00","00","00","00"," &!,","07","07","07","00","00","00","00","07"]},"4846":{"keys":[37,39],"grid":[" "," "," "," "," "," 0!!"," /!#","06","06"," .!$"," -!%","10","10"," ,!&","13","13"]},"4851":{"keys":[37,39],"grid":[" %!-"," $!.","01","01","01","00"," &!,","06","06","00","00","00","00","00","01","00"]},"4850":{"keys":[37,39],"grid":[" *!("," +!'","01","01","00","00","00","01","01","01","00"," )!)"," '!+"," &!,","13"," %!-"]}},"2493":{"4861":{"keys":[39,37],"grid":[" "," "," "," "," !!! /","!% -","!( *","06","!) )","!+ '","!, &","!. $","!/ #","12","!0 !","!"]},"4841":{"keys":[37,39],"grid":[" ","!! 0","!# /","!$ .","!% -","04","!& ,","06","06","06","06","!' +","11","!( *","13","!) )"]},"4842":{"keys":[39,37],"grid":[" )!)"," *!("," +!'"," ,!&","03","03"," -!%","06","06","06","06","06","06","06"," .!$","14"]},"4843":{"keys":[39],"grid":[" "," "," "," "," "," "," "," "," "," "," "," "," "," "," "," "]}},"2522":{"4758":{"keys":[37,39],"grid":[" +!'"," *!(","01"," )!)"," (!*"," '!+"," &!,","06","06","05","06","06","06"," %!-"," $!."," #!/"]},"4759":{"keys":[37,39],"grid":[" !!0","00","!","!","!","!","!","!","!","!","!","!","!","!","!","!"]},"4756":{"keys":[37,39],"grid":[" "," "," "," "," "," "," "," "," "," "," "," 0!!"," /!#","12","12","11"]},"4757":{"keys":[37,39],"grid":[" 0!!","00","00","00"," /!#","04","04","04"," .!$","08","08","08","08"," -!%","13"," ,!&"]}},"2495":{"4839":{"keys":[37,39],"grid":[" "," "," "," "," "," "," "," "," "," "," "," "," -!%","12"," ,!&","14"]},"4837":{"keys":[37,39],"grid":[" 0!!","00","00","00","00","00"," "," "," "," "," "," "," "," "," "," "]},"4836":{"keys":[37,39],"grid":[" "," "," "," "," 0!!","04","04","04"," /!#"," .!$"," -!%","10","10","09","08","08"]},"4862":{"keys":[39,37],"grid":[" "," /!! !"," ,!&"," (!*","!! $!-","!","!","!","!","!","!","!","!","!","!","!"]},"4840":{"keys":[37,39],"grid":[" ,!&","00","00","00","00"," *!("," (!*"," '!+"," &!,","08"," %!-","10"," $!.","12"," #!/"," !!0"]},"4841":{"keys":[39],"grid":[" "," "," "," "," "," "," "," "," "," "," "," "," "," "," "," "]}},"2494":{"4862":{"keys":[37,39],"grid":[" $!."," )!& !!#"," *!! &!!"," "," "," "," "," "," "," "," "," "," "," "," "," "]},"4861":{"keys":[39,37],"grid":[" "," "," "," "," "," "," "," "," "," "," "," "," "," "," ","!! 0"]},"4841":{"keys":[37,39],"grid":[" "," "," 0!!"," /!#","03"," .!$"," -!%","06","06","06","06","05","03","03","05","05"]},"4842":{"keys":[37,39],"grid":[" .!$","00"," /!#","02","00"," -!%"," ,!&","06"," +!'"," *!("," (!*"," %!-"," $!."," #!/","13"," !!0"]},"4843":{"keys":[39],"grid":[" "," "," "," "," "," "," "," "," "," "," "," "," "," "," "," "]}},"2497":{"4828":{"keys":[37,39],"grid":[" "," 0!!","01"," /!#"," -!%"," ,!&","05"," +!'","05","05","07","07"," *!("," )!)","13","13"]},"4829":{"keys":[37,39],"grid":[" )!)","00"," (!*","02"," '!+","04","04","02","02","04","02"," +!'","11","11"," *!(","00"]},"4831":{"keys":[37,39],"grid":[" &!,","00"," '!+"," (!*","03"," )!)","05","02","00"," $!."," #!/"," !!0","11","!","!","!"]},"4830":{"keys":[37,39],"grid":[" '!+","00"," &!,","02","02","02","02"," %!-","07","07","07","07","07","07","07","02"]},"4862":{"keys":[39,37],"grid":[" "," "," "," "," "," "," "," "," "," "," ","!! 0","11","!# /","13","!& ,"]},"4863":{"keys":[37,39],"grid":[" )!)"," +!'"," ,!&","02"," .!$","04"," /!#","06"," 0!!","08","08"," "," "," "," "," "]}},"2496":{"4839":{"keys":[37,39],"grid":[" '!+","00"," (!$ $!$"," /!#","03"," 0!!","05","05","05"," "," ","05","!# (!# $!#","!","!","!"]},"4838":{"keys":[37,39],"grid":[" (!*"," '!+","01"," &!,","03"," %!-","05","05","03","01","01","01","00","00","00","01"]},"4831":{"keys":[37,39],"grid":[" "," "," "," "," "," "," "," "," "," "," "," "," "," "," 0!!","14"]},"4833":{"keys":[37,39],"grid":[" )!)","00","00","00","00"," +!'"," ,!&"," -!%","07"," .!$","09","07","07","07","07","07"]},"4832":{"keys":[37,39],"grid":[" 0!!"," /!#","01","01","01","01","01","01","01","01","01","01","01"," .!$"," *!(","14"]},"4835":{"keys":[37,39],"grid":[" %!-","00","00"," $!.","03","03","03","03"," #!/","08","08","08","08","08","08"," !!0"]},"4834":{"keys":[37,39],"grid":[" -!%","00"," ,!&","02"," +!'","04"," *!("," (!*"," '!+","08","08","08","08"," &!,","13","13"]},"4837":{"keys":[39,37],"grid":[" "," "," "," "," "," "," ","!! 0","!$ .","!& ,","!' +","10","!( *","12","12","12"]},"4836":{"keys":[37,39],"grid":[" !!0","!","!","!","!","!","!","!","!","!","!","!","!","!","!","!"]},"4862":{"keys":[39,37],"grid":[" "," ","!# '!# '","!- %","!/ #","!0 !","05","05","!","!","!","!","!","!","!","!"]}},"2558":{"4631":{"keys":[36,37],"grid":[" "," "," "," "," "," "," "," /!#","!$ )!&","!","!","!","!","!","!","!"]},"4661":{"keys":[37,39],"grid":[" "," "," "," "," "," "," "," "," "," "," "," "," "," "," 0!!"," -!%"]},"4662":{"keys":[37,39],"grid":[" +!'"," )!)"," &!,"," $!."," !!0","!","!","!","!","!","!","!","!","!","!","!"]}},"2538":{"4707":{"keys":[37,39],"grid":[" ,!&"," -!%","01","01","01","01"," .!$","06","06","06","06","06"," /!#","12","12","12"]},"4715":{"keys":[39],"grid":[" "," "," "," "," "," "," "," "," "," "," "," "," "," "," "," "]},"4705":{"keys":[37,39],"grid":[" '!+","00","00","00","00","00"," (!*","06","06","06","06"," )!)","11","11","11","11"]},"4674":{"keys":[37,39],"grid":[" &!,","00","00"," %!-","03"," #!/","!","!","!","!","!","!","!","!","!","!"]},"4682":{"keys":[37,39],"grid":[" -!%"," .!$","01","01","01","01"," /!#","06","06"," 0!!"," "," "," "," "," "," "]},"4714":{"keys":[37,39],"grid":[" "," "," "," "," "," "," 0!!"," /!#"," -!%"," ,!&"," *!("," (!*"," '!+"," %!-"," $!."," !!0"]},"4681":{"keys":[39,37],"grid":[" "," "," #!! ."," !!$ -","!& ,","!' +","!( *","!* (","!. $","08","08","!- %","!, &","!+ '","12","11"]},"4725":{"keys":[39],"grid":[" "," "," "," "," "," "," "," "," "," "," "," "," "," "," "," "]},"4727":{"keys":[37,39],"grid":[" ,!&","00"," -!%"," .!$","03"," /!#"," 0!!","06"," "," "," "," "," "," "," "," "]},"4726":{"keys":[39,37],"grid":[" ","!! 0","!# /","02","!$ .","!% -","05","!& ,","!' +","08","!( *","10","!) )","!* (","13","!+ '"]},"4673":{"keys":[37,39],"grid":[" /!#"," .!$","01","01","01","01"," -!%","06","06","01","01","06","06"," (!! $!&"," '!$ #!&"," '!& !!%"]},"4672":{"keys":[37],"grid":[" "," "," "," "," "," "," "," "," "," "," "," "," "," "," "," "]},"4687":{"keys":[37,39],"grid":[" "," )!% %"," &!* #"," $!- !","!","!","!","!","!","!","!","!","!","!","!","!"]},"4704":{"keys":[37,39],"grid":[" $!.","00","00","00","00"," %!-","05","05","05","05","05"," &!,","11","11","11","11"]},"4706":{"keys":[37,39],"grid":[" )!)"," *!(","01","01","01","01"," +!'","06","06","06","06","06"," ,!&","12","12","12"]},"4736":{"keys":[37,39],"grid":[" "," "," -!%"," .!$","03","02"," ,!&"," +!'"," *!("," )!)"," (!*","!! &!+","!# %!+","!$ $!+","!& !!+","!"]},"4703":{"keys":[39,37],"grid":[" "," "," "," "," ","!! 0","05","05","05","05","!# /","10","10","10","10","10"]},"4708":{"keys":[37,39],"grid":[" /!#"," 0!!","01","01","01","01"," "," "," "," "," "," "," "," "," "," "]}},"2539":{"4714":{"keys":[37,39],"grid":[" *!("," (!*"," '!+"," %!-"," #!/"," !!0","!","!","!","!","!","!","!","!","!","!"]},"4687":{"keys":[37,39],"grid":[" "," 0!!"," /!#"," -!%","!! +!&","!# )!'","!$ &!)","!% $!*","!","!","!","!","!","!","!","!"]},"4684":{"keys":[37,39],"grid":[" %!-","00","00","00"," &!,","04","04","04"," '!+"," (!*"," *!("," +!'"," ,!&"," .!$"," "," "]},"4710":{"keys":[37,39],"grid":[" &!,","00","00"," '!+","03","03","03","03"," (!*","08","08","08"," )!)","12","12","12"]},"4711":{"keys":[37,39],"grid":[" )!)"," *!(","01","01","01","01"," +!'","06","06","06","06"," ,!&","11","11","11","11"]},"4712":{"keys":[37,39],"grid":[" -!%","00","00","00"," .!$","04","04","04","04"," /!#","09","09","09","09"," 0!!","14"]},"4713":{"keys":[37,39],"grid":[" 0!!","00","00"," "," "," "," "," "," "," "," "," ","00"," .!$"," -!%"," +!'"]},"4727":{"keys":[39,37],"grid":[" "," "," "," "," "," "," "," "," ","!! 0","09","!# /","!$ .","12","!% -","!& ,"]},"4735":{"keys":[37,39],"grid":[" "," "," "," "," "," "," "," "," "," "," "," "," 0!!","12"," /!#"," -!%"]},"4672":{"keys":[37,39],"grid":[" (!*"," '!+","01"," &!,","03"," %!-","05"," $!.","07"," #!/"," !!0","10","!","!","!","!"]},"4709":{"keys":[37,39],"grid":[" #!/","00","00","00","00"," $!.","05","05","05"," %!-","09","09","09","09"," &!,","14"]},"4708":{"keys":[39,37],"grid":[" "," "," "," "," "," "," "," "," "," "," ","!! 0","11","11","11","11"]},"4729":{"keys":[37,39],"grid":[" 0!!","00"," "," "," "," "," "," "," "," "," "," "," "," "," "," "]},"4671":{"keys":[37,39],"grid":[" -!%","00"," ,!&","02","02"," +!'","05","05"," *!("," )!)"," (!*","10","10","10","10","10"]},"4736":{"keys":[37,39],"grid":[" +!'"," *!(","!! !!% !!*","!","!","!","!","!","!","!","!","!","!","!","!","!"]},"4683":{"keys":[37,39],"grid":[" $!."," %!-"," &!,","02","02","01","01","01","00","00","00"," #!/","00","00","00","00"]},"4682":{"keys":[39,37],"grid":[" "," "," "," "," "," "," "," "," "," "," "," ","!! 0","12","12","!# /"]},"4670":{"keys":[37,39],"grid":[" "," "," "," "," "," "," "," "," "," "," "," "," "," "," "," .!! #"]},"4728":{"keys":[37,39],"grid":[" &!,"," '!+"," (!*","02","02"," )!)","05"," *!("," +!'"," -!%"," .!$","10","10"," /!#","13","13"]}},"2518":{"4763":{"keys":[37,39],"grid":[" 0!!","00","00"," /!#","03","03","03"," .!$"," -!%","08"," ,!&"," +!'"," *!("," )!)","13","13"]},"4762":{"keys":[37],"grid":[" "," "," "," "," "," "," "," "," "," "," "," "," "," "," "," "]},"4764":{"keys":[37,39],"grid":[" (!*","00","00"," &!,"," %!-","04"," $!."," !!0","!","!","!","!","!","!","!","!"]}},"2519":{"4761":{"keys":[37,39],"grid":[" /!#","00"," 0!!","02","00","00"," -!%"," ,!&"," )!)"," (!*"," &!,"," %!-"," $!."," #!/"," !!0","14"]},"4760":{"keys":[37,39],"grid":[" "," "," "," "," "," "," .!# !"," .!$","07","07","07","07","07","07","07","07"]},"4762":{"keys":[37,39],"grid":[" !!0","00"," #!/","02","00","00","00","!","!","!","!","!","!","!","!","!"]}},"2535":{"4716":{"keys":[37,39],"grid":[" "," "," "," "," "," 0!!","05","05","05","05","05","05"," /!#","12","12","12"]},"4717":{"keys":[37,39],"grid":[" /!#","00","00","00","00","00","00","00","00"," .!$","09","09","09","09","09","09"]},"4695":{"keys":[37,39],"grid":[" /!#","00","00","00"," 0!!","04"," "," "," "," ","04","04","04","00","00"," .!$"]},"4737":{"keys":[37,39],"grid":[" "," "," "," "," "," "," "," 0!!","07"," /!#","09","07"," "," "," "," "]},"4678":{"keys":[37,39],"grid":[" /!#","00","00"," .!$","03","03","03","03"," -!%","08"," ,!&","10","10","03","00"," "]},"4677":{"keys":[37,39],"grid":[" "," "," "," "," "," "," "," "," "," "," "," "," "," "," 0!!","14"]},"4718":{"keys":[37,39],"grid":[" -!%","00","00","00","00","00","00"," ,!&","07","07","07","07","07","07","07"," +!'"]},"4738":{"keys":[37,39],"grid":[" 0!!"," .!$","01"," -!%","03","03"," ,!&","06","06","06","!! +!&","!$ (!'","!% '!'","!& '!&","!' %!'","!( $!'"]},"4739":{"keys":[39,37],"grid":[" *!! '"," "," "," "," "," "," "," "," "," "," "," "," "," "," "," "]},"4721":{"keys":[37,39],"grid":[" '!+","00","00"," &!,","03","03","03","03","03","03","03","00","00"," (!*","13"," )!)"]},"4719":{"keys":[37,39],"grid":[" +!'","00","00","00","00","00"," *!(","06","06","06","06","06","06"," )!)","13","13"]},"4720":{"keys":[37,39],"grid":[" )!)","00","00","00","00"," (!*","05","05","05","05","05","05"," '!+","12","12","12"]},"4696":{"keys":[37,39],"grid":[" -!%"," ,!&"," +!'","02","02","02","01","00"," .!$"," "," "," "," "," "," "," "]},"4722":{"keys":[37,39],"grid":[" )!)","00"," *!("," +!'"," ,!&","04"," -!%"," .!$","07"," /!#"," 0!!","10"," "," "," "," "]},"4693":{"keys":[37,39],"grid":[" "," "," "," "," "," "," "," "," "," "," "," "," "," 0!!","13","13"]},"4694":{"keys":[37,39],"grid":[" /!#"," .!$"," ,!&"," +!'","03"," *!(","05"," )!)","07","07","07","05","03"," -!%","01","01"]}},"2559":{"4631":{"keys":[36,37],"grid":[" "," "," "," .!$"," *!("," &!,"," !!0","!","!","!","!","!","!","!","!","!"]},"4661":{"keys":[37,39],"grid":[" "," "," "," "," "," "," "," 0!!"," -!%"," +!'"," )!)"," &!,"," $!."," !!0","!","!"]}},"2532":{"4737":{"keys":[37,39],"grid":[" "," )!& $","!$ $!+","!","!","!","!","!","!","!","!","!","!","!","!","!"]}},"2533":{"4738":{"keys":[39,37],"grid":[" -!%"," 0!!"," "," "," "," "," "," "," "," "," "," "," "," "," "," "]},"4737":{"keys":[37,39],"grid":[" "," "," &!# *","!( *","!) )","04","04","04","04","!* (","!, &","10","10","10","10","10"]}},"2530":{"4742":{"keys":[37,39],"grid":[" !!0"," $!."," %!-","!","!","!","!","!","!","!","!","!","!","!","!","!"]},"4738":{"keys":[37,39],"grid":[" &!,"," %!-","01"," !!0","!","!","!","!","!","!","!","!","!","!","!","!"]},"4737":{"keys":[37,39],"grid":[" /!! !"," .!$"," -!%"," ,!&"," +!'","04"," *!(","06"," )!)","08","08"," (!*","11"," '!+","13","13"]}},"2531":{"4737":{"keys":[37,39],"grid":[" ","!! 0","!$ )!&","!& &!'","!( #!(","!) !!(","!","!","!","!","!","!","!","!","!","!"]}},"2536":{"4698":{"keys":[37,39],"grid":[" ,!&","00","00"," -!%"," -!! !!#","00"," +!'"," )!)","07","07"," (!*","10"," '!+"," &!,","13","13"]},"4691":{"keys":[37,39],"grid":[" $!.","00","00","00","00","00"," %!-","06"," &!,"," '!+"," (!$ !!&"," -!%"," ,!&","12","12","12"]},"4690":{"keys":[37,39],"grid":[" )!)"," *!("," ,!&","02","01"," '!+","05"," &!,"," %!-","08","08"," $!.","11","11","11","11"]},"4693":{"keys":[37,39],"grid":[" ,!&","00"," -!%","02","02","00"," +!'"," &!,"," %!-"," $!.","09"," #!/","!","!","!","!"]},"4692":{"keys":[37,39],"grid":[" +!'"," *!(","00"," -!%"," .!$","04","03"," ,!&","03","03","03","03","07","07","07","07"]},"4679":{"keys":[37,39],"grid":[" #!/","00"," !!0","02","00"," %!-"," '!+"," (!*","07","07","07"," )!)","11","11","11","11"]},"4700":{"keys":[37,39],"grid":[" )!# $!$"," .!$","01","01","01","01"," /!#","06","06","06"," 0!!","10"," "," "," "," "]},"4677":{"keys":[37,39],"grid":[" %!-","00","00","00","00","00"," $!.","06"," #!/","08"," !!0","10","!","!","!","!"]},"4676":{"keys":[37,39],"grid":[" "," "," "," 0!!","03"," /!#","05"," .!$"," -!%"," +!'"," *!("," )!)"," '!+"," &!,"," %!-","14"]},"4723":{"keys":[37,39],"grid":[" $!.","00"," %!-"," &!,"," '!+","04"," (!*"," )!)","07"," *!("," +!'","10"," ,!&","12"," -!%"," .!$"]},"4722":{"keys":[39,37],"grid":[" "," "," "," "," "," "," "," "," "," "," "," "," ","!! 0","13","!# /"]},"4687":{"keys":[37,39],"grid":[" "," "," "," "," "," "," "," "," "," "," "," "," "," "," "," 0!!"]},"4696":{"keys":[39,37],"grid":[" "," "," "," "," "," "," "," "," ","!# /","!& ,","10","10","10","!% -","14"]},"4737":{"keys":[37,39],"grid":[" "," "," "," "," "," $!% *"," !!( )","!* (","!+ '","!, &","!- %","!/ #","!0 !","!","!","!"]},"4715":{"keys":[37,39],"grid":[" "," "," "," "," "," "," "," "," "," "," "," /!#"," .!$"," ,!&"," *!("," )!)"]},"4716":{"keys":[37,39],"grid":[" '!+"," &!,"," $!."," #!/","!","!","!","!","!","!","!","!","!","!","!","!"]},"4697":{"keys":[37,39],"grid":[" $!.","00","00"," %!-","03","03"," &!,","06"," '!+","06","03","06","08"," )!)"," ,!&"," +!'"]},"4680":{"keys":[37,39],"grid":[" )!)","00","00","00"," *!(","04"," +!'"," ,!&"," -!%"," .!$","09"," 0!!"," "," "," "," "]},"4678":{"keys":[39,37],"grid":[" "," "," "," "," "," "," "," "," "," "," "," "," "," "," ","!! 0"]},"4688":{"keys":[37,39],"grid":[" "," 0!!"," "," "," "," "," "," "," "," "," "," "," "," "," "," "]},"4689":{"keys":[37,39],"grid":[" "," "," "," "," "," "," "," /!#"," -!%"," +!'","09","09"," *!(","12","12","12"]},"4699":{"keys":[37,39],"grid":[" &!,","00","00"," '!+","03"," %!-"," $!.","06","06","06","06","06","05","05","00","03"]},"4724":{"keys":[37,39],"grid":[" .!$"," /!#","01"," 0!!","03"," "," "," "," "," "," "," "," "," "," "," "]}},"2537":{"4715":{"keys":[37,39],"grid":[" "," /!#"," -!%"," ,!&"," *!("," )!)"," '!+"," &!,"," $!."," !!0","!","!","!","!","!","!"]},"4736":{"keys":[37,39],"grid":[" "," "," +!! &","02"," ,!! %","04"," ,!# $"," ,!$ #","07"," ,!% !"," -!%","10","10","10","10"," .!$"]},"4737":{"keys":[37,39],"grid":[" .!$","00","00","00"," /!#","00"," -!%"," ,!&","06","06","07"," +!'"," *!(","!# (!(","!% %!)","!"]},"4680":{"keys":[39,37],"grid":[" "," "," "," "," "," "," "," "," "," "," "," ","!$ .","!% -","!& ,","!' +"]},"4681":{"keys":[37,39],"grid":[" (!*"," )!)"," *!("," +!'","03"," "," "," "," "," "," "," "," "," "," "," "]},"4725":{"keys":[37,39],"grid":[" '!+"," (!*","01"," )!)"," *!(","04"," +!'"," ,!&","07"," -!%"," .!$","10"," /!#","12"," 0!!"," "]},"4676":{"keys":[37,39],"grid":[" !!0","!","!","!","!","!","!","!","!","!","!","!","!","!","!","!"]},"4675":{"keys":[37,39],"grid":[" )!)"," (!*"," '!+","02","01","01","01","02","02","02"," &!,"," %!-"," $!."," #!/","13"," !!0"]},"4674":{"keys":[37,39],"grid":[" &!' &"," %!( &"," $!* %"," %!* $"," %!+ #"," %!, !"," &!,"," %!-","07","07","07"," '!+"," )!)"," *!(","13","13"]},"4673":{"keys":[37,39],"grid":[" "," "," "," "," "," "," "," "," "," "," "," "," '!# )"," '!$ ("," '!% '"," &!& '"]},"4700":{"keys":[39,37],"grid":[" "," "," "," "," "," "," "," "," "," "," "," ","!% -","12","12","12"]},"4688":{"keys":[39,37],"grid":[" "," "," "," "," "," "," "," ","!! 0","08","08","!# /","11","11","11","11"]},"4687":{"keys":[37,39],"grid":[" "," "," "," "," +!'"," )!)"," (!*"," '!+"," &!,"," %!-"," #!/"," !!0","!","!","!","!"]},"4689":{"keys":[37,39],"grid":[" $!."," #!/"," !!0","!","!","!","!","!","!","!","!","!","!","!","!","!"]},"4724":{"keys":[39,37],"grid":[" "," "," "," "," "," "," ","!! 0","07","!# /","09","!$ .","!% -","12","!& ,","14"]},"4703":{"keys":[37],"grid":[" "," "," "," "," "," "," "," "," "," "," "," "," "," "," "," "]},"4735":{"keys":[37],"grid":[" "," "," "," "," "," "," "," "," "," "," "," "," "," "," "," "]},"4701":{"keys":[37,39],"grid":[" %!-"," &!,"," '!+"," )!)"," *!(","04"," +!'","06"," ,!&","08"," -!%","10","10","10","10"," .!$"]},"4702":{"keys":[37,39],"grid":[" .!$","00","00","00"," /!#","04","04","04","04","04"," 0!!","10","10","10","10"," "]}},"2534":{"4738":{"keys":[37,39],"grid":[" "," ","!! 0","02","!# /","04","04","!$ .","07","!% )!%","!' '!%","!( %!&","!) #!'","!","!","!"]}},"2545":{"4667":{"keys":[37,39],"grid":[" "," "," "," "," "," "," "," "," .!$"," ,!&"," )!)"," '!+"," $!."," !!0","!","!"]}}}}