{"9":{"153":{"319":{"keys":[37,1,39],"grid":[" .!!##"," -!###","01","01","01","01"," ,!##$"," +!##%"," +!!#&","07"," ,!!#%","10","06"," -!!#$","13","06"]},"318":{"keys":[37,1,39],"grid":[" "," "," "," "," "," .!$"," .!##!"," .!!##","06","06"," /!#"," 0!!"," "," "," .!# !","05"]}},"155":{"309":{"keys":[37,1,39],"grid":[" 0!!","00","00"," /!#"," /!!#!","04","04","04"," +!&#!"," +!!#&"," *!##&"," *!&##"," ,!$##"," -!###","13","13"]},"312":{"keys":[39,1],"grid":[" ","!! 0","01"," "," "," "," "," "," "," "," "," "," "," "," "," "]},"311":{"keys":[37,1,39],"grid":[" .!##!"," .!!##"," *!# #!!##"," *!&##"," *!##&"," (!$#'"," (!!#)","06"," '!##)","06"," #!'#)"," #!!##!##*","!$#.","!##/","#","#"]},"310":{"keys":[37,1,39],"grid":[" .!!##"," .!##!","00","01","01","00","01"," /!!#!","07"," /!#","09","01","01","01","01","07"]},"304":{"keys":[37,1],"grid":[" "," /!#","01"," 0!!","03","03","03","03","03"," "," "," "," "," "," "," "]},"315":{"keys":[1,39,37],"grid":[" !!0","00","00","00"," #!/","#! !!/","#! $!-","#$ #!,","#% !!,","07","## #!-","## !!.","11","11"," $!.","!"]},"314":{"keys":[39,1],"grid":[" "," "," "," "," "," "," "," "," "," ","!! 0","10","10","10","10","10"]}},"154":{"318":{"keys":[37,1,39],"grid":[" #!!#."," !!##."," !!!#/","!##/","03","03","!!#0","#","#","#","06","03","02","03","06","06"]},"313":{"keys":[37,1,39],"grid":[" .!!##"," -!###"," -!!#$"," ,!##$"," ,!!#%","03","03","01","00","00","01","00","01","03","04","03"]},"312":{"keys":[37,1,39],"grid":[" 0!!","00"," .!$","02"," .!!##","04"," -!###","06","06"," -!$#!"," ,!%#!"," ,!##$","06","04"," .!##!","14"]},"311":{"keys":[37,1],"grid":[" "," "," "," "," "," "," "," "," "," "," "," "," 0!!","12","12","12"]},"317":{"keys":[37,1,39],"grid":[" &!##*"," '!!#*","00"," %!##+"," %!!#,","!# #!##+","!$ #!!#+","!!#!!%#+","!!#0","!##/","08","08","09","09","!$#."," !!##."]},"316":{"keys":[37,1,39],"grid":[" +!!#&"," )!$#&"," '!$#("," '!!#*","03","03","03"," '!##)","07","07"," (!!#)","10","10","10","10","07"]},"315":{"keys":[37,1,39],"grid":[" "," "," "," "," "," "," "," "," "," "," "," "," "," "," .!$"," +!%##"]},"314":{"keys":[37,1,39],"grid":[" -!!#$","00"," -!###","02","02"," .!##!","05"," /!#","07"," 0!!","09","09","09"," ","09","09"]}},"156":{"308":{"keys":[37,1,39],"grid":[" '!!#*","00","00"," &!##*"," %!##+"," $!##,"," $!!#-"," #!##-"," #!!#.","08"," !!##.","!##/","!!#0","11","11","12"]},"309":{"keys":[1,39],"grid":[" !!0","!","!","!","!","!","!","!","!","!","!","!","!","!","!","!"]},"310":{"keys":[39,1],"grid":[" "," "," "," "," "," "," "," "," ","!! 0"," "," "," "," "," "," "]},"304":{"keys":[37,1,39],"grid":[" !!##."," !!!#/","!##/","#","!!#0","04","04","04","04","!$#.","00","00","00"," #!##-"," $!##,"," %!!#,"]},"305":{"keys":[37,1,39],"grid":[" $!##,"," $!!#-","01","01","01","00"," %!##+"," &!!#+"," &!##*"," '!##)","09","09"," &!$#)","07","07","07"]},"306":{"keys":[37,1,39],"grid":[" &!!#+","00"," &!##*"," '!!#!!%#%"," '!$ #!##$"," (!! %!!#$"," ,!##$"," ,!!#%","07"," +!##%"," +!!#&"," *!##&","11","11","11","11"]},"307":{"keys":[37,1,39],"grid":[" *!##&"," *!!#'","01","00"," +!!#&","00","00"," +!##%","07","04","04","00","07"," ,!!#%"," '!'#%"," '!!#!!##'"]}}},"13":{"2477":{"5015":{"keys":[39,37],"grid":[" "," "," "," "," "," "," "," "," "," "," ","!! 0","11","!# /","13","13"]},"5016":{"keys":[37,39],"grid":[" #!/"," $!."," %!-"," (!*","03"," )!)"," *!("," +!'"," ,!&","08","07","07","07","07","07","07"]},"5017":{"keys":[37,39],"grid":[" +!'","00","00","00","00","00"," ,!&","00"," *!(","08","08","08","08","08"," )!)"," (!*"]},"5018":{"keys":[37,39],"grid":[" (!*","00","00"," '!+","03","03","03","03"," &!,"," %!-"," #!/"," !!0","!","!","!","10"]},"5019":{"keys":[37,39],"grid":[" %!-","00","00"," &!,"," '!+","03","03","03","03","03","04","04"," (!*","12","12","12"]},"5030":{"keys":[37,39],"grid":[" /!#","00","00","00","00","00","00"," .!$","07","07","07"," -!%","11","11","07"," "]},"5054":{"keys":[37,39],"grid":[" "," "," "," "," "," "," "," 0!!"," /!#","08"," .!$"," -!%"," +!'"," )!)"," '!+"," %!-"]},"5055":{"keys":[37,39],"grid":[" $!."," #!/"," !!0","!","!","!","!","!","!","!","!","!","!","!","!","!"]},"5002":{"keys":[37,39],"grid":[" "," "," "," "," "," 0!!"," /!#"," .!$"," ,!&"," *!("," )!)","10"," (!*"," %!-","!","!"]},"5029":{"keys":[37,39],"grid":[" /!#","00","00"," 0!!"," "," ","03","03","03","00","00"," .!$","11","11","11","00"]},"5028":{"keys":[37,39],"grid":[" #!/"," %!-"," &!,","02"," '!+"," (!*","05"," )!)","07","07"," *!(","10"," +!'"," -!%"," .!$"," /!#"]},"5001":{"keys":[39,37],"grid":[" ","!! 0","01","01","01","!! ,!# #","!! !!' %!%","!","!","!","!","!","!","!","!","!"]},"5000":{"keys":[37,39],"grid":[" &!,","00","00","00"," %!-"," $!.","05"," #!/"," !!0","!","!","!","!","!","!","!"]},"5007":{"keys":[37,39],"grid":[" "," "," "," .!$"," *!("," )!)","05"," %!-","07","07","07","07","07","07","07","07"]},"5006":{"keys":[37,39],"grid":[" +!'"," -!%"," .!$"," /!#","03"," 0!!","05"," "," "," "," "," "," "," "," "," "]},"5005":{"keys":[37,39],"grid":[" $!."," #!/"," !!0","01"," %!-"," &!,"," (!*"," *!(","07"," +!'","07","07","07","07","07","07"]},"5004":{"keys":[39,37],"grid":[" "," "," "," ","!! 0","04","04","!# /","07","07","07","!$ .","11","11","11","11"]},"5020":{"keys":[37,39],"grid":[" )!)","00"," (!*","02","02"," &!,","05"," %!-","07"," $!."," #!/"," !!0","11","!","!","!"]},"5009":{"keys":[37,39],"grid":[" +!'"," ,!&","01"," -!%","03","03","01"," *!("," )!)"," %!-"," $!."," !!0","!","!","!","!"]},"5008":{"keys":[37,39],"grid":[" %!-","00"," &!,","02"," '!+","04"," (!*","06","06"," )!)","09","09","09","09","09"," *!("]},"5027":{"keys":[37,39],"grid":[" -!%"," .!$"," *!("," '!+","03"," %!-"," !!0","!","!","!","!","!","!","!","!","!"]},"5026":{"keys":[39,37],"grid":[" "," "," "," "," "," "," "," "," "," "," ","!! 0","!# /","!& ,","!* (","!+ '"]},"4996":{"keys":[37,39],"grid":[" +!'","00","00","00"," ,!&","04","00","00"," *!("," )!)"," (!*","10","10","10","10","10"]},"4997":{"keys":[37,39],"grid":[" (!*","00","00","00","00","00","00","00","00"," '!+","09","09","09","09"," &!,","14"]},"4994":{"keys":[37,39],"grid":[" "," "," "," "," -!%","04","04","04","04","04","04"," ,!&","11"," +!'","13","11"]},"4995":{"keys":[37,39],"grid":[" ,!&"," -!%","01","01"," .!$","04","01","01","04","04","04","04","01","01","00"," +!'"]},"4998":{"keys":[37,39],"grid":[" &!,","00","00"," $!."," #!/"," !!0","05","!","!","!","!","!","!","!","!","!"]},"4999":{"keys":[39,37],"grid":[" "," "," "," "," !!$ -","!' +","!) )","06","!* (","08","08","08","!( *","05","05","05"]}},"2476":{"5010":{"keys":[37,39],"grid":[" .!$","00","00"," -!%","03"," ,!&","05"," +!'"," *!(","08"," )!)","10","10"," #!/","13","13"]},"5011":{"keys":[37,39],"grid":[" #!/","00"," !!0","02","!","!","!","!","!","!","!","!","!","!","!","!"]},"5013":{"keys":[39,37],"grid":[" "," "," "," "," "," "," "," "," ","!! 0","09"," "," "," "," "," "]},"5014":{"keys":[39,37],"grid":[" "," "," "," "," "," "," "," ","!! 0","08","!# /","!$ .","!' %!# %","!/ #","!0 !","14"]},"5015":{"keys":[37,39],"grid":[" 0!!","00","00","00","00","00","00"," "," "," "," "," "," "," "," "," "]},"5028":{"keys":[37],"grid":[" "," "," "," "," "," "," "," "," "," "," "," "," "," "," "," "]},"5018":{"keys":[37,39],"grid":[" "," "," "," "," "," "," "," "," "," "," "," "," "," 0!!"," "," "]},"5055":{"keys":[37,39],"grid":[" "," "," "," "," 0!!"," -!%"," $!."," #!/"," !!0","08","07","07","!","!","!","!"]},"5009":{"keys":[37,39],"grid":[" "," "," "," "," "," "," "," "," "," "," "," "," 0!!"," .!$","13","13"]},"5003":{"keys":[39,37],"grid":[" "," "," "," "," ","!) )","!* (","06","06","06","!, &","!- %","!. $","12","12","12"]},"5002":{"keys":[37,39],"grid":[" "," "," "," "," "," "," "," "," ","!( *","09","!) )","!* (","!. $","!","!"]},"5001":{"keys":[37],"grid":[" "," "," "," "," "," "," "," "," "," "," "," "," "," "," "," "]},"5000":{"keys":[37,39],"grid":[" "," "," "," "," "," "," "," "," "," 0!!","09","09","09"," "," "," "]},"5004":{"keys":[37,39],"grid":[" /!#"," 0!!"," "," "," "," "," "," "," "," "," "," "," "," "," "," "]},"5021":{"keys":[37,39],"grid":[" &!,"," %!-"," $!.","02"," #!/"," !!0","!","!","!","!","!","!","!","!","!","!"]},"5020":{"keys":[37,39],"grid":[" "," "," "," "," "," "," "," "," "," "," "," "," "," "," .!$"," '!+"]},"5023":{"keys":[39,37],"grid":[" "," "," "," "," "," "," "," "," "," "," "," "," ","!! 0","13","13"]},"5025":{"keys":[37,39],"grid":[" ,!&"," -!%"," .!$","02","01","01","01","01","01","00"," +!'"," )!)","11","11","11"," *!("]},"5024":{"keys":[37,39],"grid":[" !!0","00","00"," #!/","03","03","03","03"," $!."," %!-"," &!,"," '!+"," )!)"," *!("," +!'","14"]},"5027":{"keys":[37,39],"grid":[" "," "," "," "," "," "," "," /!#"," -!%"," ,!&","09"," +!'","11","11"," *!("," )!! $!%"]},"5026":{"keys":[37,39],"grid":[" +!'"," -!%","01","01"," .!$"," /!#","05","05","05"," 0!!"," "," "," "," "," "," "]},"4998":{"keys":[37,39],"grid":[" "," "," "," "," +!$ $"," *!% $","05"," )!& #!!"," )!)","08"," (!*"," '!+","11"," &!,","13","13"]},"4999":{"keys":[37,39],"grid":[" &!,"," '!+","01"," (!*","03"," )!)"," *!& #"," +!# %"," "," "," "," "," "," "," "," "]}},"2475":{"5003":{"keys":[37,39],"grid":[" -!%"," /!#"," 0!!","02"," "," "," "," "," "," "," "," "," "," "," "," "]},"5002":{"keys":[37,39],"grid":[" "," "," "," "," "," "," "," "," "," "," /!#"," &!,","11","11"," '!+"," (!*"]},"5012":{"keys":[37,39],"grid":[" (!*","00","00"," )!)"," *!(","04","04","04"," +!'","08","08","08","08"," ,!&","13","13"]},"5013":{"keys":[37,39],"grid":[" +!'","00"," .!$"," /!#","03","03"," 0!!","06"," "," "," "," "," "," -!%","02","02"]},"5014":{"keys":[37,39],"grid":[" .!$","00","00","00","00"," /!#","05"," "," "," "," "," "," "," "," "," "]},"5011":{"keys":[37,39],"grid":[" "," "," "," "," )!)","04","04","04","04"," (!*","09","09","09","09","09","09"]},"5021":{"keys":[37,39],"grid":[" "," "," "," "," "," "," "," 0!!","07","07","07","07"," /!#"," .!$","13"," -!%"]},"5023":{"keys":[37,39],"grid":[" *!(","00","00","00","00","00","00"," +!'","07"," -!%"," .!$"," /!#"," "," "," "," "]},"5022":{"keys":[37,39],"grid":[" -!%","00"," .!$","00","00","02","02","02","02","02","00","00"," ,!&","12"," +!'","14"]},"5055":{"keys":[37,39],"grid":[" "," "," "," "," "," "," ","!# /","07","07","07","!' +","!( '!$","!","!","!"]}},"2474":{"5055":{"keys":[37,39],"grid":[" "," "," "," "," "," "," "," "," /!#"," .!$"," ,!&"," +!'"," (!*","12","12","12"]},"5056":{"keys":[37,39],"grid":[" '!+"," &!,","01"," %!-","03","03","03","03","03","01","01","01","01","03"," $!."," !!0"]},"5057":{"keys":[39],"grid":[" "," "," "," "," "," "," "," "," "," "," "," "," "," "," "," "]}},"2473":{"5057":{"keys":[37,39],"grid":[" "," /!#","01"," .!$"," -!%"," ,!&"," +!'"," (!*"," '!+"," &!,","!","!","!","!","!","!"]}},"2458":{"5111":{"keys":[37,39],"grid":[" "," "," "," "," "," "," "," "," "," "," "," "," 0!!","12"," /!#"," .!$"]},"5113":{"keys":[37,39],"grid":[" *!("," +!'","01","01","00","00","01","01"," ,!&"," .!$"," 0!!"," "," "," "," "," "]},"5112":{"keys":[37,39],"grid":[" .!$","00"," *!("," (!*","03","03"," '!+","03","03","03","06","06","03","03","03","03"]}},"2471":{"5065":{"keys":[39,37],"grid":[" "," "," ","!! 0"," "," "," "," "," "," "," "," "," "," "," "," "]},"5064":{"keys":[39],"grid":[" "," "," "," "," "," "," "," "," "," "," "," "," "," "," "," "]},"5067":{"keys":[37,39],"grid":[" )!)"," *!("," +!'","02","02","02","02","02"," (!! !!("," (!*","09","00","00","00","01","01"]},"5066":{"keys":[37,39],"grid":[" $!."," %!-","01","01"," &!,","04","04","04","04","01","04"," '!+","11","11","11"," (!*"]},"5063":{"keys":[39,37],"grid":[" "," "," "," "," "," "," "," "," "," "," "," "," "," ","!! 0","14"]},"5069":{"keys":[37,39],"grid":[" ,!&"," .!$","01","01","01","01","01","01"," +!'"," *!("," )!)","10"," (!*","12","12"," '!+"]},"5068":{"keys":[37,39],"grid":[" )!)"," *!("," +!'","02","02","01","01","00","00"," (!*","09","09","09","00","00","01"]},"5058":{"keys":[37,39],"grid":[" "," "," "," "," 0!!"," /!#","05"," ,!&"," '!+","08"," &!,"," %!-"," #!/","!","!","!"]},"5070":{"keys":[37,39],"grid":[" '!+","00","00"," (!*","03","03","00","00","00","00","00","00","00","00","00","00"]},"5071":{"keys":[37,39],"grid":[" '!+","00","00","00"," &!,","04"," %!-","06"," !!0","!","!","!","!","!","!","!"]}},"2470":{"5065":{"keys":[37,39],"grid":[" "," "," "," "," "," "," 0!!"," /!#","07"," .!$","09","09","07","07","06","06"]},"5064":{"keys":[37,39],"grid":[" "," "," "," "," "," 0!!","05"," /!#","07","07","05","05"," "," "," "," "]},"5061":{"keys":[37,39],"grid":[" *!(","00"," +!'","02","02"," ,!&","05","05","05","05"," -!%","10","10","10","10","05"]},"5060":{"keys":[37,39],"grid":[" (!*"," )!)","01","01","01","01","01","01"," &!,","08"," '!+","00","00","01","01"," *!("]},"5063":{"keys":[37,39],"grid":[" /!#","00","00"," .!$","00","00"," 0!!","06","06","06"," "," "," "," "," "," "]},"5062":{"keys":[37,39],"grid":[" +!'","00","00","00"," ,!&"," -!%"," .!$","06"," /!#","08","08","08","08","08","08"," 0!!"]},"5058":{"keys":[37,39],"grid":[" "," "," "," "," "," "," "," "," "," "," "," "," "," "," +!# #!#"," *!("]},"5059":{"keys":[37,39],"grid":[" *!("," (!*"," )!)","02","02","01"," '!+","06","06","01","01","01","06","01","01","01"]},"5072":{"keys":[37,39],"grid":[" %!# #!)","!","!","!","!","!","!","!","!","!"," !!0"," #!/"," $!."," %!-","13","13"]},"5073":{"keys":[37,39],"grid":[" %!-","00"," $!.","02"," #!/","04"," !!0","06","06","06","06","06","06","04","04","04"]},"5071":{"keys":[37,39],"grid":[" "," "," "," "," "," "," "," "," "," "," 0!!","10"," .!$","12"," -!%"," *!("]},"5074":{"keys":[37,39],"grid":[" !!0","00","00"," #!/","03","03","00","!","!","!","!","!","!","!","!","!"]}},"2479":{"5038":{"keys":[37,39],"grid":[" "," "," "," "," 0!!","04","04","04","04"," "," "," "," "," ","04","04"]},"5039":{"keys":[37,39],"grid":[" 0!!","00"," /!#","00"," "," "," "," "," "," "," "," "," "," "," "," "]},"5036":{"keys":[37,39],"grid":[" ,!&","00"," -!%","02"," .!$","04","04"," 0!!"," "," "," "," "," "," "," "," "]},"5034":{"keys":[37,39],"grid":[" /!#"," 0!!","01"," "," "," "," "," "," "," "," "," "," "," "," "," "]},"5035":{"keys":[37,39],"grid":[" "," "," "," "," "," "," -!%"," +!'"," *!("," (!*"," '!+","09"," )!)","12","07"," ,!&"]},"5032":{"keys":[37,39],"grid":[" #!/","00"," !!0","02","!","02","!","!","!","02","02","00","00"," $!.","13","13"]},"5033":{"keys":[37,39],"grid":[" $!.","00","00","00","00","00"," #!/","00"," %!-"," &!,","09"," )!)"," +!'"," ,!&"," -!%"," .!$"]},"5031":{"keys":[39,37],"grid":[" "," "," "," "," "," "," "," "," "," "," "," "," "," "," #!! .","!$ ."]},"5054":{"keys":[37,39],"grid":[" "," "," )!& $"," '!+"," $!.","!","!","!","!","!","!","!","!","!","!","!"]},"4994":{"keys":[37,39],"grid":[" "," "," "," "," "," "," "," "," "," "," "," "," "," .!! #"," -!%"," ,!&"]},"4995":{"keys":[37,39],"grid":[" (!*"," #!/"," !!0","02","!","!","!","!","!","!","!","!","!","!","!","!"]},"4992":{"keys":[37,39],"grid":[" %!-","00","00","00","00","00"," #!/","06"," !!0","06"," $!.","00"," &!,"," '!+","13","13"]},"4993":{"keys":[37,39],"grid":[" '!+","00","00","00","00","00"," (!*"," )!)"," ,!&","08","08","08","08"," -!%"," "," "]},"4990":{"keys":[37,39],"grid":[" %!-","00"," &!,","02","02"," '!+","05","05","05"," (!*","05","05","05","02","00","00"]},"4991":{"keys":[37,39],"grid":[" $!."," #!/","01","01","01","01","00","00"," %!-","08"," &!,","10","08","10","10","08"]},"4989":{"keys":[37,39],"grid":[" *!("," )!)","01"," (!*","01","01","00","00","01","03"," '!+"," &!,","11"," %!-"," $!.","13"]},"4988":{"keys":[37,39],"grid":[" "," "," "," "," "," "," "," *!& #"," )!( !"," )!)","09","09","09","09","09","09"]}},"2478":{"5029":{"keys":[39,37],"grid":[" "," "," "," ","!! 0"," "," "," "," "," "," "," "," "," "," "," "]},"5002":{"keys":[37,39],"grid":[" $!."," #!/","01"," !!0","!","!","!","!","!","!","!","!","!","!","!","!"]},"5001":{"keys":[39,37],"grid":[" "," "," "," "," "," !!$ -","!& ,","!' +","07","07","06","06","06","!% -","13","!$ ."]},"5007":{"keys":[37,39],"grid":[" #!/"," !!0","!","!","!","!","!","!","!","!","!","!","!","!","!","!"]},"5006":{"keys":[39,37],"grid":[" "," "," "," "," "," "," ","!# /","!$ .","08","!% -","10","10","10","10","08"]},"5032":{"keys":[37],"grid":[" "," "," "," "," "," "," "," "," "," "," "," "," "," "," "," "]},"5030":{"keys":[39],"grid":[" "," "," "," "," "," "," "," "," "," "," "," "," "," "," "," "]},"5031":{"keys":[37,39],"grid":[" #!/"," &!,","01"," '!+","03","03"," (!*"," )!)","07"," *!("," -!%","10"," .!$","12"," 0!!"," "]},"4994":{"keys":[37,39],"grid":[" "," "," "," ","!% !!! +","!( *","05","!) )","07","!* (","09","09","09","09","09","09"]},"4995":{"keys":[39,37],"grid":[" +!'","00"," -!%"," .!$"," "," "," "," "," "," "," "," "," "," "," "," "]},"5054":{"keys":[37,39],"grid":[" "," "," "," "," %!% )"," !!) '!!","!, !!%","!","!","!","!","!","!","!","!","!"]}},"2459":{"5115":{"keys":[37,39],"grid":[" $!.","00","00"," #!/","03"," %!-"," &!,","06","06","06"," '!+"," (!*"," *!(","12","12"," ,!&"]},"5114":{"keys":[37,39],"grid":[" &!,","00"," '!+","00","00"," %!-","05","05","05","05","05","05","05","05","05"," $!."]},"5116":{"keys":[37,39],"grid":[" ,!&"," +!'","01","01","00","00"," -!%"," /!#","07"," "," "," "," "," "," "," "]},"5111":{"keys":[37,39],"grid":[" /!#"," ,!&"," +!'"," )!)"," '!+"," &!,","05","05"," $!."," #!/"," !!0","!","!","!","!","!"]},"5110":{"keys":[37,39],"grid":[" "," "," "," "," "," "," "," "," "," "," "," "," "," "," 0!!","14"]},"5113":{"keys":[39,37],"grid":[" "," "," "," "," "," "," "," "," "," "," "," ","!! 0","!# /","!$ .","!% -"]},"5119":{"keys":[37,39],"grid":[" "," "," "," "," "," "," /!! !"," -!%","07","07","07"," ,!&","11","07","07","07"]}},"2472":{"5057":{"keys":[37,39],"grid":[" "," "," "," "," "," "," "," "," .!! #"," ,!% !"," *!("," )!)"," (!*"," &!,"," %!-"," #!/"]},"5058":{"keys":[37,39],"grid":[" !!0","00","!","!","!","!","!","!","!","!","!","!","!","!","!","!"]}},"2488":{"4981":{"keys":[37,39],"grid":[" "," .!$","01"," -!%","03","01"," /!#","06","06","06","01","01","03","03"," $!# &!'","!"]}},"2489":{"4981":{"keys":[37,39],"grid":[" #!/","!","!","!","!","!","!","!","!","!","!","!","!","!","!","!"]},"4980":{"keys":[37,39],"grid":[" "," "," 0!!"," /!#"," .!$","04","04"," *!("," (!*","08"," '!+","10"," &!,","12","12"," $!."]},"4978":{"keys":[37],"grid":[" "," "," "," "," "," "," "," "," "," "," "," "," "," "," "," "]},"4979":{"keys":[37,39],"grid":[" 0!!"," /!#","01","01","01","01","01","00"," "," "," "," "," "," "," "," "]},"4954":{"keys":[37,39],"grid":[" "," "," "," "," "," 0!!","05","05","05"," /!#","09","09","09","09"," .!$","09"]},"4955":{"keys":[37,39],"grid":[" /!#"," 0!!"," "," "," "," "," "," "," "," "," "," "," "," "," "," "]}},"2486":{"4984":{"keys":[37,39],"grid":[" "," "," "," "," "," "," "," "," "," "," 0!!"," /!#","11","10","10","10"]},"4987":{"keys":[39,37],"grid":[" &!+ !","00"," %!+ #"," &!# *"," "," "," "," "," "," "," "," "," "," "," "," "]},"4986":{"keys":[37,39],"grid":[" "," "," "," "," "," "," "," "," ","!% -","!& ,","10","!' +","12","12","12"]}},"2487":{"4981":{"keys":[37,39],"grid":[" "," "," "," "," "," "," "," "," "," "," "," "," "," "," "," 0!!"]},"4983":{"keys":[37,39],"grid":[" '!+"," )!)","01","01","01","01","01"," (!*","07","07","01","01","01","01","00"," &!,"]},"4982":{"keys":[37,39],"grid":[" /!#"," .!$"," -!%"," ,!&"," +!'"," )!)"," '!+","06"," &!,"," %!-"," $!."," #!/"," !!0","12","12","12"]},"4985":{"keys":[37,39],"grid":[" !!0"," #!/","01","01"," &!,"," '!+","05"," (!*"," )!)"," *!("," +!'","10","10","10","10","10"]},"4984":{"keys":[37,39],"grid":[" %!-"," $!."," #!/","02","02","02"," !!0","06","06","!","!","!","!","!","!","!"]},"4986":{"keys":[37,39],"grid":[" +!'","00","00","00"," *!("," )!)"," (!*","06","06"," '!+"," $!."," #!/","11"," !!0","!","!"]}},"2484":{"5047":{"keys":[39,37],"grid":[" "," "," "," "," "," "," "," "," "," "," "," "," "," "," ","!! 0"]},"5048":{"keys":[37,39],"grid":[" !!0","00","00"," #!/","00","00","03","03","03","03","03","03","03","00","00","03"]},"5049":{"keys":[37,39],"grid":[" #!/","00"," $!."," %!-"," &!,","04","03","03","02","00","00","00","00","00","!","!"]},"4986":{"keys":[37,39],"grid":[" "," "," "," "," "," (!# ("," '!% '"," &!' &"," %!) %"," $!* %"," #!, $"," #!- #"," !!/ !","!0 !","!","!"]}},"2485":{"4987":{"keys":[39,37],"grid":[" !!+ &"," !!* '"," #!( ("," "," "," "," "," "," "," "," "," "," "," "," "," "]},"4986":{"keys":[37,39],"grid":[" "," "," "," "," "," "," "," "," "," "," 0!!"," /!#","11"," .!$","13","!! ,!%"]}},"2482":{"4986":{"keys":[37,39],"grid":[" "," "," "," "," "," 0!!"," /!#","06","06","06","06","06","06","06","06","06"]},"4987":{"keys":[37,39],"grid":[" .!$","00","00","00"," /!#","04"," 0!!","06","04","04","00","00"," -!%","12","12","00"]},"5046":{"keys":[39,37],"grid":[" "," "," ","!! 0","03","!# /","!% -","!& ,","!' +","08","08","!( *","!* (","!+ '","!","!"]},"5054":{"keys":[37,39],"grid":[" $!.","00"," #!/"," !!0","!","!","!","!","!","!","!","!","!","!","!","!"]},"4988":{"keys":[37,39],"grid":[" /!#","00"," 0!!","00","00"," .!$"," -!%"," #!% %!'","!","!","!","!","!","!","!","!"]},"5050":{"keys":[37,39],"grid":[" "," "," "," "," "," "," "," "," "," "," "," "," "," 0!!"," /!#","14"]},"5051":{"keys":[37,39],"grid":[" .!$"," -!%","01","01","01"," ,!&"," *!(","06"," )!)","08","08","06","06","06","06"," +!'"]},"5052":{"keys":[37,39],"grid":[" +!'","00"," ,!&","02"," -!%"," 0!!"," "," ","05","05","05","05","05"," /!#","13"," .!$"]},"5053":{"keys":[37,39],"grid":[" .!$"," -!%"," +!'"," *!("," )!)"," (!*","05","05"," '!+","08","08"," &!,","11","11"," %!-","14"]}},"2483":{"5047":{"keys":[37,39],"grid":[" (!*","00","00","00","00"," )!)"," *!("," +!'"," -!%"," .!$"," /!#"," 0!!"," "," "," "," "]},"5046":{"keys":[39,37],"grid":[" "," "," "," "," "," "," "," "," "," "," "," "," "," ","!! 0","!& ,"]},"5050":{"keys":[37,39],"grid":[" ,!&","00"," *!("," )!)","03"," (!*","05"," '!+","07"," &!,"," $!.","!","!","!","!","!"]},"5049":{"keys":[37,39],"grid":[" "," "," "," "," "," "," "," "," "," "," "," "," "," "," "," /!#"]},"4986":{"keys":[37,39],"grid":[" "," "," "," "," ","!' +","05","!& ,","07","07","07","05","!+ '","!, $!#","!","!"]}},"2480":{"5038":{"keys":[37,39],"grid":[" '!+","00","00","!","!","!","!","!","!","!","!","!","!","!","!","!"]},"5039":{"keys":[39,37],"grid":[" "," "," "," "," "," "," ","!! 0","07","!# /","09","!$ .","09","09","09","09"]},"5036":{"keys":[39,37],"grid":[" "," "," "," "," "," "," "," ","!# /","08","08","08","08","!$ .","!% -","!' +"]},"5037":{"keys":[37,39],"grid":[" (!*","00","00","00","00","00","00","00","00","00","00","00","00","00","00","00"]},"5034":{"keys":[39,37],"grid":[" "," "," "," ","!! 0","04","04","!( *","!* (","08","!+ '","10","10","10","10","!, &"]},"5035":{"keys":[37,39],"grid":[" ,!&"," -!%","00"," *!("," '!+"," $!.","!","!","!","!","!","!","!","!","!","!"]},"4989":{"keys":[39,37],"grid":[" *!# #!$"," /!#","01"," 0!!","03"," "," "," "," "," "," "," "," "," "," "," "]},"4994":{"keys":[37,39],"grid":[" !!0","00","00","00"," #!/","04"," $!.","06","04","04","04","04","00","!","!","!"]},"4993":{"keys":[39,37],"grid":[" "," "," "," "," "," "," "," "," "," "," "," "," "," ","!! 0","14"]},"5054":{"keys":[37,39],"grid":[" "," "," ","!# +!%","!$ &!)","!% #!+","!","!","!","!","!","!","!","!","!","!"]},"4988":{"keys":[37,39],"grid":[" "," "," "," "," "," "," "," "," "," ","!! 0","10","10","!# /","!) )","14"]},"5044":{"keys":[37,39],"grid":[" .!$","00","00","00","00"," -!%","05","05","05","05","05","00","00"," /!#","13"," "]},"5043":{"keys":[37,39],"grid":[" ,!&","00","00","00","00"," -!%","00","00","00","00","00","00","00","00","05","05"]},"5042":{"keys":[37,39],"grid":[" (!*","00","00","00","00","00","00"," )!)"," +!'"," ,!&"," -!%","10","10","09","09","09"]},"5041":{"keys":[37,39],"grid":[" &!,","00","00"," %!-","03","03","03","00","00","00"," '!+","10","10"," (!*","13","13"]},"5040":{"keys":[37,39],"grid":[" #!/","00","00","00"," $!.","04"," %!-"," &!,","07"," '!+","09","09","09","09","09","07"]}},"2481":{"4989":{"keys":[37,39],"grid":[" *!("," )!)"," (!*","02"," '!+","!% !!,","!","!","!","!","!","!","!","!","!","!"]},"5046":{"keys":[37],"grid":[" "," "," "," "," "," "," "," "," "," "," "," "," "," "," "," "]},"5054":{"keys":[37,39],"grid":[" "," "," "," '!! *","!0 !","!","!","!","!","!","!","!","!","!","!","!"]},"4988":{"keys":[37,39],"grid":[" "," "," "," "," "," "," "," "," "," "," "," "," "," /!#"," .!$"," +!'"]},"5045":{"keys":[37,39],"grid":[" '!+","00"," (!*"," )!)","03"," *!(","05"," +!'"," ,!&"," -!%"," .!$"," /!#"," 0!!"," "," "," "]},"5044":{"keys":[39,37],"grid":[" "," "," "," "," "," "," "," "," "," "," "," "," "," "," ","!& ,"]}},"2508":{"4901":{"keys":[37,39],"grid":[" #!/","00","00"," $!.","03","03"," %!-","06","06","06"," &!,","10","10","10","10","10"]},"4900":{"keys":[39,37],"grid":[" "," "," "," "," "," "," "," "," "," "," "," "," "," ","!! 0","14"]},"4902":{"keys":[37,39],"grid":[" &!,","00","00","00","00"," %!-","05"," $!.","07"," #!/"," !!0","!","!","!","!","!"]}},"2507":{"4899":{"keys":[39,37],"grid":[" "," "," "," "," "," "," "," "," "," "," "," "," "," ","!# /","!$ ."]},"4920":{"keys":[37,39],"grid":[" #!/","00"," !!0","!","!","!","!","!","!","!","!","!","!","!","!","!"]},"4926":{"keys":[37,39],"grid":[" -!%","00","00","00"," ,!&"," *!("," $!."," #!/"," !!0","!","!","!","!","!","!","!"]},"4925":{"keys":[37,39],"grid":[" .!$"," /!#","01","01","01","01","00","00","00"," -!%","09","09","09","09","09","09"]},"4919":{"keys":[39,37],"grid":[" "," "," "," "," "," "," "," "," "," "," "," "," ","!# /","13","13"]},"4900":{"keys":[37,39],"grid":[" %!-","00"," ,!&","02"," -!%","04","04"," .!$","07"," /!#","09"," 0!!"," "," "," "," "]},"4903":{"keys":[37,39],"grid":[" )!)"," *!(","01"," +!'"," ,!&","04","04","04"," -!%","08","08","08","08","00"," &!,"," %!-"]},"4902":{"keys":[37,39],"grid":[" "," "," "," "," "," "," "," "," "," "," "," "," "," 0!!"," .!$"," ,!&"]},"4905":{"keys":[37,39],"grid":[" %!-"," $!."," #!/"," !!0","03","03","!","!","!","!","!","!","!","!","!","!"]},"4904":{"keys":[37,39],"grid":[" $!."," %!-","01"," &!,","03","03","03","01","01","00","00","00","00","00","01","01"]},"4924":{"keys":[39,37],"grid":[" "," "," ","!! 0","!# /","!$ .","!% -","!& ,","!' +","08","!( *","!) )","!* (","!+ '","!, &","!- %"]}},"2506":{"4909":{"keys":[39],"grid":[" "," "," "," "," "," "," "," "," "," "," "," "," "," "," "," "]},"4908":{"keys":[37,39],"grid":[" $!.","00","00","00","00"," #!/","05","05"," !!0","!","!","!","!","!","!","!"]},"4899":{"keys":[39,37],"grid":[" "," "," "," "," "," "," "," "," "," "," "," +!& !"," *!' !","!# %!+","!% !!,","!"]},"4920":{"keys":[37,39],"grid":[" "," "," "," "," "," 0!!"," /!#"," .!$"," ,!&","08"," +!'","10"," *!(","12","12","12"]},"4926":{"keys":[37,39],"grid":[" "," "," "," "," "," "," "," "," "," /!#"," '!+"," &!,"," %!-"," #!/","!","!"]},"4918":{"keys":[39,37],"grid":[" "," "," "," "," "," "," "," "," %!$ *","!( *","09","09","09","09","!) )","!* ("]},"4919":{"keys":[37,39],"grid":[" *!("," +!'","01"," ,!&","03"," -!%","05","05","03","05","05","05"," /!#"," "," "," "]},"4916":{"keys":[37,39],"grid":[" !!0","00","00"," #!/","03"," %!-"," &!,"," '!+","07","07","07","06","05"," $!.","03","00"]},"4905":{"keys":[37],"grid":[" "," "," "," "," "," "," "," "," "," "," "," "," "," "," "," "]},"4915":{"keys":[39,37],"grid":[" "," "," "," "," "," "," "," "," "," "," "," "," ","!! 0","13","13"]},"4912":{"keys":[39],"grid":[" "," "," "," "," "," "," "," "," "," "," "," "," "," "," "," "]},"4921":{"keys":[37,39],"grid":[" )!)"," (!*","01","00","00","00"," *!("," +!'"," 0!!","08","08","08","08"," /!#","13","13"]},"4907":{"keys":[37,39],"grid":[" !!0","00","!","!","!","!","!","!","!","00","00","00"," #!/","12","12","12"]},"4906":{"keys":[37,39],"grid":[" 0!!","00","00","00"," /!#"," .!$"," ,!&"," )!)"," (!*"," '!+","09"," &!,"," %!-"," #!/"," !!0","14"]},"4922":{"keys":[37,39],"grid":[" .!$"," -!%","01"," +!'"," (!*"," '!+"," &!,","06","05","05","05","05","06"," %!-"," $!."," #!/"]},"4924":{"keys":[37,39],"grid":[" /!#","00"," 0!!"," "," "," "," "," "," "," "," "," "," "," "," "," "]},"4917":{"keys":[39],"grid":[" "," "," "," "," "," "," "," "," "," "," "," "," "," "," "," "]},"4910":{"keys":[39],"grid":[" "," "," "," "," "," "," "," "," "," "," "," "," "," "," "," "]},"4911":{"keys":[39,37],"grid":[" "," "," "," ","!! 0","04","!# /","06","06","06","06","!$ .","11","11","06","04"]},"4923":{"keys":[37,39],"grid":[" !!0","!","!","!","!","00","00"," %!-"," &!,"," (!*"," )!)"," *!("," ,!&"," -!%"," .!$","14"]}},"2505":{"4909":{"keys":[37,39],"grid":[" .!$","00"," /!#"," 0!!","03","03","03","03"," "," ","03","03","03","02","03"," "]},"4908":{"keys":[37,39],"grid":[" "," "," "," "," "," "," "," "," "," "," "," 0!!","11","11"," /!#","14"]},"4899":{"keys":[39,37],"grid":[" "," "," "," "," "," "," "," ","!# /","!$ .","!% -","!& ,","!","!","!","!"]},"4923":{"keys":[37],"grid":[" "," "," "," "," "," "," "," "," "," "," "," "," "," "," "," "]},"4927":{"keys":[37,39],"grid":[" '!+","00","00","00","00","00"," &!,","06","!","!","!","!","!","!","!","!"]},"4926":{"keys":[37,39],"grid":[" "," "," "," "," "," "," "," "," "," "," "," "," "," (!' $"," '!+","14"]},"4918":{"keys":[37,39],"grid":[" )!)"," (!*"," '!+","02","02","02"," &!,","06"," %!-"," %!, !"," &!* #"," '!( $"," (!& %"," +!! &"," "," "]},"4917":{"keys":[37,39],"grid":[" "," "," 0!!"," /!#"," -!%"," +!'","05"," *!(","07","07","07","07"," )!)","07","07","07"]},"4914":{"keys":[37,39],"grid":[" )!)","00","00","00","00","00","00","00","00","00"," (!*","10","10","10","10","10"]},"4915":{"keys":[37,39],"grid":[" )!)","00"," (!*","02","02","02"," (!! !!("," -!%","07","07"," .!$"," 0!!"," "," "," "," "]},"4912":{"keys":[37,39],"grid":[" "," "," 0!!","02"," /!#"," .!$"," -!%","06"," ,!&"," +!'","09"," *!(","11"," )!)"," (!*","14"]},"4913":{"keys":[37,39],"grid":[" (!*"," '!+","01"," &!,","03","03","03","03","03","01","01","01","00","00"," )!)","14"]},"4910":{"keys":[37,39],"grid":[" "," "," 0!!"," /!#"," .!$","04","04","04","04","04","04"," -!%","11","11","11","04"]},"4911":{"keys":[37,39],"grid":[" /!#"," 0!!"," "," "," "," "," "," "," "," "," "," "," "," "," "," "]},"4907":{"keys":[37],"grid":[" "," "," "," "," "," "," "," "," "," "," "," "," "," "," "," "]}},"2504":{"4900":{"keys":[39,37],"grid":[" !!0","!","!","!","!","!","!","!","!","!","!","!","!","!","!","!"]},"4899":{"keys":[39,37],"grid":[" "," "," "," "," "," "," "," "," .!$"," -!%","09"," +!'"," *!("," )!)"," &!,"," $!."]},"4927":{"keys":[39,37],"grid":[" (!*","00","00"," )!)"," +!'"," -!%"," /!#"," 0!!"," "," "," "," "," "," "," "," "]},"4926":{"keys":[37,39],"grid":[" "," "," "," "," "," "," "," "," ","!! 0","!# /","!$ .","!% -","12","!& ,","!' +"]}},"2503":{"4889":{"keys":[39,37],"grid":[" ","!! 0","!# /","!$ .","!% -","04","04","04","04","04","04","!& ,","11","11","04","03"]},"4926":{"keys":[37,39],"grid":[" "," "," "," "," "," "," "," +!% #"," *!' !"," )!)"," (!*"," #!# #!+","!","!","!","!"]},"4901":{"keys":[37],"grid":[" "," "," "," "," "," "," "," "," "," "," "," "," "," "," "," "]},"4900":{"keys":[39,37],"grid":[" "," "," 0!!","02"," /!#","04","04"," .!$","07"," -!%"," ,!&"," +!'"," )!)"," (!*"," '!+"," &!,"]},"4891":{"keys":[39,37],"grid":[" ","!! 0","!# /","!$ .","!' +","04","!& ,","06","04","!) )","!* (","10","10","10","10","09"]},"4890":{"keys":[37,39],"grid":[" #!/"," !!0","01","!","!","!","!","!","!","01","01","01","01","01","!","!"]},"4892":{"keys":[37,39],"grid":[" )!)","00"," !!# %!*","!","!","!","!","!","!","!","!","!","!","!","!","!"]}},"2502":{"4930":{"keys":[37,39],"grid":[" -!%","00","00"," .!$","03"," /!#","05","05","05","05","03","03","03","05","05"," +!'"]},"4931":{"keys":[37,39],"grid":[" *!(","00"," )!)"," %!-"," #!/","04"," !!0","06","!","!","!","!","!","!","!","!"]},"4899":{"keys":[37,39],"grid":[" (!*","00"," '!+","02"," &!,","04"," %!-","06","06","06","04","00"," *!("," ,!&"," -!%"," .!$"]},"4898":{"keys":[39,37],"grid":[" "," "," "," "," "," "," ","!! 0","!& ,","!( *","!) )","10","09","09","09","09"]},"4927":{"keys":[37,39],"grid":[" .!$","00"," -!%"," ,!&","03"," *!(","05"," )!)"," (!*"," '!+","09","08","08","07","05","05"]},"4926":{"keys":[37,39],"grid":[" "," "," "," "," "," "," "," "," "," "," "," "," "," 0!!"," /!#"," .!$"]},"4889":{"keys":[37,39],"grid":[" /!#"," "," "," "," "," "," "," "," "," "," "," "," "," "," "," "]},"4888":{"keys":[39,37],"grid":[" "," "," "," "," "," "," "," "," ","!! 0","09","!# /","!$ .","!& ,","!) )","!+ '"]},"4900":{"keys":[37,39],"grid":[" /!#"," 0!!","01","01","01","00","00","00","00","00","01","01","01","01","01"," "]},"4929":{"keys":[37,39],"grid":[" ,!&","00","00"," -!%","03","03","00","00","00","00"," +!'","10","10","10","10","00"]},"4890":{"keys":[37,39],"grid":[" "," "," "," "," "," 0!!"," "," "," "," "," "," "," "," "," "," "]},"4928":{"keys":[37,39],"grid":[" +!'","00","00","00"," ,!&","04","04","04","04"," -!%","09","09","09","09","09","09"]},"4892":{"keys":[37,39],"grid":[" "," "," "," "," 0!!","04"," /!#"," .!$"," )!)","08","08"," (!*"," '!+"," &!,"," #!/","!"]},"4891":{"keys":[37],"grid":[" "," "," "," "," "," "," "," "," "," "," "," "," "," "," "," "]}},"2501":{"4888":{"keys":[37,39],"grid":[" /!#","00","00","00","00","00","00","00"," 0!!"," "," "," "," "," "," "," "]},"4931":{"keys":[37,39],"grid":[" "," "," "," "," "," "," "," "," "," "," 0!!","10","10"," /!#","13"," ,!&"]},"4932":{"keys":[37,39],"grid":[" *!(","00"," )!)","02"," (!*"," '!+"," &!,","06"," %!-"," $!."," !!0","!","!","!","!","!"]},"4898":{"keys":[37,39],"grid":[" ,!&"," -!%","01"," .!$","03"," /!#","05"," "," "," "," "," "," "," "," "," "]},"4893":{"keys":[37,39],"grid":[" (!% #!$"," &!,"," $!.","02"," #!/","04","02","02","04","04"," !!0","10","02"," %!-","01"," '!+"]},"4892":{"keys":[37],"grid":[" "," "," "," "," "," "," "," "," "," "," "," "," "," "," "," "]},"4897":{"keys":[37,39],"grid":[" .!$"," -!%","01"," ,!&","03","03","03","03"," +!'","08"," *!(","10","10","08","08","03"]},"4896":{"keys":[37,39],"grid":[" "," 0!!","01"," /!#"," .!$","04"," -!%","06","06","06"," ,!&","06","06","06","06","04"]},"4886":{"keys":[39,37],"grid":[" "," "," "," "," "," "," "," "," "," "," "," "," "," ","!! 0","14"]},"4887":{"keys":[37,39],"grid":[" #!/"," $!.","01","01"," %!-","04"," &!,","06"," *!("," +!'"," -!%"," /!#","11","11","11","11"]},"4895":{"keys":[37,39],"grid":[" &!,"," '!+"," (!*","01","01","00","00","01","02","02"," *!("," +!'"," -!%"," /!#"," 0!!","14"]},"4894":{"keys":[37,39],"grid":[" (!*","00","00","00","00","00","00","00"," )!)","08","08","08","00"," '!+","13"," &!,"]}},"2500":{"4932":{"keys":[37,39],"grid":[" "," "," "," "," "," "," "," "," "," "," "," &!% '!!"," %!( $!#"," $!.","13"," #!/"]},"4933":{"keys":[37,39],"grid":[" #!/","00"," $!.","02","00","00","00"," !!0","07","07","!","!","!","!","!","!"]},"4880":{"keys":[37,39],"grid":[" %!-","00"," $!.","00","00","00","00","02","02","00","00"," &!,","11","!","!","!"]},"4879":{"keys":[37,39],"grid":[" !!0","00","00"," #!/","03","03","03"," $!.","07"," %!-","09"," &!,","11","11","09","09"]},"4878":{"keys":[39],"grid":[" "," "," "," "," "," "," "," "," "," "," "," "," "," "," "," "]},"4886":{"keys":[37,39],"grid":[" )!)"," *!(","01","01","01","01"," +!'","06","06","06"," ,!&","10","10","06"," "," "]},"4885":{"keys":[39,37],"grid":[" "," "," "," ","!! 0","04","!# /","06","06","06","06","!$ .","11","!& ,","!' +","!) )"]}},"2464":{"5098":{"keys":[39,37],"grid":[" "," "," "," "," "," "," "," "," "," "," "," "," "," "," ","!! 0"]},"5099":{"keys":[39,37],"grid":[" !!! /"," !!# $!! *","!( *","02","!) )","!+ '","!, &","!- %","!. $","!/ #","09","!0 !","11","!","!","!"]},"5093":{"keys":[37,39],"grid":[" "," "," "," "," "," "," "," "," "," "," "," "," ,!&","12","12","!$ )!&"]},"5083":{"keys":[37,39],"grid":[" &!,"," '!+","01"," (!*"," )!)"," +!'","05"," -!%","07","07"," .!$","10"," /!#","12","10","10"]},"5091":{"keys":[37,39],"grid":[" "," "," 0!!"," /!#"," .!$"," -!%","05","05","05"," ,!&","09","09","09","09","05","05"]},"5081":{"keys":[37,39],"grid":[" +!'"," ,!&"," -!%"," /!#"," "," "," "," "," ","01","00"," )!)"," (!*"," '!+","11","11"]},"5080":{"keys":[37,39],"grid":[" !!0","00","00","00","00"," #!/"," %!-"," '!+"," (!*"," *!(","09"," +!'","11","11","11","11"]},"5094":{"keys":[39,37],"grid":[" &!' &"," '!% '"," (!! )"," "," "," "," "," "," "," "," "," "," "," "," "," "]},"5086":{"keys":[37,39],"grid":[" +!'"," ,!&","01","01"," -!%","04"," .!$","06"," "," "," "," "," "," "," "," "]},"5085":{"keys":[37,39],"grid":[" "," /!#","01","01"," .!$"," -!%","05"," ,!&"," +!'","07","07","05","07","07","07","08"]},"5084":{"keys":[37,39],"grid":[" -!%","00"," .!$","02","02","02","02","02","02","02","02","02","00"," 0!!"," "," "]},"5078":{"keys":[37,39],"grid":[" ,!&","00","00"," +!'","03"," *!("," )!)","06","06","06","06","06","06","06","06","06"]},"5079":{"keys":[37,39],"grid":[" )!)","00","00","00","00","00","00","00","00","00"," (!*","10"," '!+"," #!/"," !!0","14"]},"5082":{"keys":[37,39],"grid":[" )!)"," (!*"," '!+","02","02"," &!,","05"," %!-"," #!/","08"," $!.","10","07","07","07","05"]},"5102":{"keys":[37,39],"grid":[" +!'"," ,!&","01","00","00","00","01"," -!%","01","00","00"," *!(","11"," )!)"," (!*"," '!+"]},"5103":{"keys":[37,39],"grid":[" &!,"," %!-","01","01","01"," #!/","!","!","!","!","!","!","!","!","!","!"]},"5101":{"keys":[37,39],"grid":[" "," "," "," "," "," "," "," "," "," "," "," /!#"," -!%"," *!(","13"," +!'"]},"5077":{"keys":[37,39],"grid":[" "," "," "," "," "," "," "," "," "," "," "," "," "," /!#"," -!%","14"]},"5092":{"keys":[37,39],"grid":[" .!$","00","00"," /!#"," 0!!","04"," "," "," "," "," "," "," "," "," "," "]}},"2465":{"5099":{"keys":[39,37],"grid":[" "," "," "," "," "," "," "," "," "," "," "," "," "," ","!! 0","14"]},"5089":{"keys":[37,39],"grid":[" "," "," "," "," "," "," "," "," "," "," "," "," ,!% !"," +!'","13"," *!("]},"5090":{"keys":[37,39],"grid":[" )!)","00"," (!*"," '!+","03"," &!,"," %!-"," $!.","07","07","07","07"," #!/","12"," !!0","14"]},"5091":{"keys":[39],"grid":[" "," "," "," "," "," "," "," "," "," "," "," "," "," "," "," "]},"5092":{"keys":[39,37],"grid":[" "," "," "," "," "," "," "," ","!! 0","08","!# /","10","!$ .","12","12","12"]},"5093":{"keys":[37,39],"grid":[" $!."," #!/","01","01","01","00","00","00","00","00","01","!","!","!","!","!"]},"5087":{"keys":[37],"grid":[" "," "," "," "," "," "," "," "," "," "," "," "," "," "," "," "]},"5086":{"keys":[39,37],"grid":[" "," "," "," "," "," )!$ &"," '!' %"," %!* $","!/ #","08","08","08","08","08","08","!0 !"]},"5085":{"keys":[37,39],"grid":[" !!0","!","!","!","!","!","!","!","!","!","!","!","!","!","!","!"]},"5084":{"keys":[39,37],"grid":[" "," "," "," "," "," "," "," "," "," "," "," "," "," ","!! 0","!$ ."]},"5078":{"keys":[39,37],"grid":[" $!."," %!-"," &!,"," '!+","03","03"," (!*"," 0!!"," "," "," "," "," "," "," "," "]},"5100":{"keys":[37,39],"grid":[" !!0","00","00","00"," #!/","04","04","00","00","04","04","04","04","00","00"," $!."]},"5101":{"keys":[37,39],"grid":[" &!,"," '!+","01"," (!*","03","03","03","03","01"," $!."," !!0","!","!","!","!","!"]},"5077":{"keys":[37,39],"grid":[" "," "," "," "," "," "," "," "," "," "," "," "," ","!! 0","13","13"]},"5081":{"keys":[39,37],"grid":[" "," "," "," ","!# /","04","!! 0","06","06"," "," "," "," "," "," "," "]}},"2466":{"5089":{"keys":[37,39],"grid":[" $!."," %!-","01"," &!,","03","03"," '!+","03","03","01","01","01","01","!! $!-","13","!"]},"5088":{"keys":[37,39],"grid":[" .!$"," -!%","01","01"," ,!&","04","04","04"," *!("," )!)"," (!*"," &!,"," $!."," #!/","13","12"]},"5087":{"keys":[39,37],"grid":[" '!! *","!# #!$ *","!) )","!* (","!+ '","!, &","05","!- %","07","!. $","09","!/ #","11","09","09","09"]},"5086":{"keys":[39,37],"grid":[" "," "," "," "," "," "," "," "," "," "," "," "," "," "," "," '!! *"]},"5078":{"keys":[37,39],"grid":[" "," "," "," "," "," "," "," ","!! 0","!# /","!$ .","!% -","!& ,","12","12","12"]},"5079":{"keys":[39,37],"grid":[" '!+","00","00"," (!*","03","00","00","00","00","03"," )!)"," -!%"," "," "," "," "]}},"2467":{"5079":{"keys":[37,39],"grid":[" "," "," "," "," "," "," "," "," "," "," "," ,!&","!# %!+","!","!","!"]}},"2460":{"5117":{"keys":[37,39],"grid":[" '!! !!)"," .!$"," -!%","02"," +!'"," *!(","05","04","04"," ,!&","09","09","09","09","09","09"]},"5116":{"keys":[39,37],"grid":[" "," "," "," "," "," "," "," "," "," "," ","!! 0","11","!$ .","!% -","14"]},"5110":{"keys":[37,39],"grid":[" ,!&"," +!'","01","01","01","01","01"," *!("," )!)"," $!.","09"," #!/"," !!0","!","!","!"]},"5119":{"keys":[37,39],"grid":[" 0!!","00"," /!#","02","02","02"," +!! $!#"," '!+","!! %!,","!# !!.","!","!","!","!","!","!"]},"5118":{"keys":[37,39],"grid":[" -!%","00"," .!$"," /!#","03","03","02","00","00"," ,!&","00","02","03","03","03"," 0!!"]},"5108":{"keys":[37,39],"grid":[" +!'"," ,!&","01"," -!%"," .!$"," "," "," "," "," "," "," "," "," "," "," "]},"5109":{"keys":[37,39],"grid":[" "," "," "," "," "," "," "," "," "," "," 0!!","10","10","10"," -!%"," ,!&"]},"5106":{"keys":[37,39],"grid":[" 0!!","00"," "," "," "," ","00","00","00"," /!#","09"," .!$","11","11","11"," -!%"]},"5107":{"keys":[37,39],"grid":[" -!%"," .!$"," #!! +!$"," #!& '!$"," #!( !!'"," $!.","05"," &!,"," '!+"," (!*"," )!)"," *!(","11"," +!'","13","13"]},"5105":{"keys":[37,39],"grid":[" "," "," "," "," "," "," "," "," "," "," "," 0!!","11"," /!#","13","11"]}},"2461":{"5093":{"keys":[37,39],"grid":[" "," .!$"," -!%","02"," +!'"," *!(","05","05","05"," )!)","09","09"," )!& !!#"," (!& $!!"," )!$ &"," )!! ("]},"5094":{"keys":[37,39],"grid":[" "," "," "," "," "," "," "," "," "," "," "," "," 0!!"," /!#","13"," .!$"]},"5095":{"keys":[37,39],"grid":[" /!#","00"," 0!!","02","00","00"," .!$"," -!%"," ,!&","08"," +!'"," *!(","11","11","10","08"]},"5096":{"keys":[37,39],"grid":[" -!%"," /!#"," "," "," "," "," "," "," 0!!","08","01"," .!$"," *!("," )!)","13","13"]},"5097":{"keys":[37,39],"grid":[" )!)","00","00","00"," *!(","04","04","04"," +!'"," +!$ $"," "," "," "," "," "," "]},"5108":{"keys":[39,37],"grid":[" "," (!! )"," !!# .","!( *","!' +","04","!& ,","!% -","07","!$ .","09","07","07","07","07","07"]},"5109":{"keys":[37,39],"grid":[" %!-","00"," $!.","02","02"," #!/","05","05"," !!0","!","!","!","!","!","!","!"]},"5102":{"keys":[37,39],"grid":[" "," "," "," "," "," "," "," "," "," "," "," "," "," 0!!"," /!#"," .!$"]},"5103":{"keys":[37,39],"grid":[" .!$"," -!%"," ,!&"," *!(","03"," +!'","05","02","02","02","02"," )!)","11"," (!*","13"," &!,"]},"5106":{"keys":[39,37],"grid":[" "," ","!! 0","!$ .","03"," "," "," "," "," "," "," "," "," "," "," "]},"5107":{"keys":[39],"grid":[" "," "," "," "," "," "," "," "," "," "," "," "," "," "," "," "]},"5104":{"keys":[37,39],"grid":[" &!,"," %!-"," $!.","02","01","01","01","00","01","01","02"," #!/","11","11","11","11"]},"5105":{"keys":[37,39],"grid":[" #!/","00"," $!.","02"," %!-","00","00","00"," !!0","!","!","!","!","!","!","!"]}},"2462":{"5098":{"keys":[37,39],"grid":[" $!.","00","00","00","00"," &!,"," *!("," +!'","07","06","06","07"," -!%"," 0!!"," "," "]},"5093":{"keys":[37,39],"grid":[" "," ","!! 0","!% -","!' +","!- %","!","!","!","!","!","!","!","!"," !!0","14"]},"5094":{"keys":[37,39],"grid":[" #!/","00","00"," !!0","03","03","03","03","00","00","00"," $!.","!","!","!","!"]},"5096":{"keys":[39,37],"grid":[" "," ","!! 0","!$ .","03","!# /"," "," "," "," "," "," "," "," "," "," "]},"5097":{"keys":[39,37],"grid":[" "," "," "," "," "," "," "," "," "," "," ","!! 0","11","11","11","!# /"]},"5102":{"keys":[37,39],"grid":[" "," "," "," "," "," "," "," "," "," "," "," ","!! 0","!' +","!* (","14"]},"5103":{"keys":[39,37],"grid":[" *!("," +!& !"," +!% #"," ,!# $","03"," "," "," "," "," "," "," "," "," "," "," "]}},"2463":{"5098":{"keys":[39],"grid":[" "," "," "," "," "," "," "," "," "," "," "," "," "," "," "," "]},"5099":{"keys":[37,39],"grid":[" !!0"," #!/","01"," $!."," $!- !"," $!+ $"," #!, $"," #!+ %","07"," #!* &","09"," %!' '"," &!% ("," "," "," "]},"5093":{"keys":[37,39],"grid":[" "," "," "," "," "," "," ","!$ .","!& ,","!( *","!+ '","!- %","!. $","!/ #","!0 !","!"]},"5103":{"keys":[37,39],"grid":[" ","!# /","!$ .","02","02","02","!$ ,!#","!$ +!$","!% )!%","!% (!&","!' $!(","!","!","!","!","!"]}},"2468":{"5079":{"keys":[37,39],"grid":[" "," "," "," "," "," "," "," "," "," "," !!& +","!* (","!, &","!- $!!","!/ !!!","!"]},"5076":{"keys":[37,39],"grid":[" *!(","00","00","00","00"," (!*"," '!+"," &!,","07"," %!-","09"," $!.","11","11","09","09"]},"5077":{"keys":[37,39],"grid":[" '!+"," (!*"," +!'","02"," ,!&"," 0!!"," "," "," "," "," "," "," "," "," "," "]},"5075":{"keys":[37,39],"grid":[" "," "," "," "," "," "," "," "," "," "," "," "," "," "," /!#"," +!'"]}},"2469":{"5078":{"keys":[37,39],"grid":[" *!(","00"," +!'"," -!%"," .!$","04","04","04","03","03"," ,!&","02","00"," )!)","13","13"]},"5079":{"keys":[37,39],"grid":[" (!*","00"," '!+"," &!,"," %!-"," $!.","05"," #!/","07"," !!0","09","!","!","!","!","!"]},"5072":{"keys":[37,39],"grid":[" "," 0!!","01","01","01"," "," "," "," "," "," "," "," "," "," "," "]},"5077":{"keys":[39,37],"grid":[" "," "," "," "," "," "," &!% (","!! #!) &","!, &","08","08","!+ '","!* (","12","12","12"]},"5074":{"keys":[37,39],"grid":[" "," "," "," "," "," "," "," 0!!"," /!#"," .!$"," -!%","10","10","09","09","09"]},"5075":{"keys":[37,39],"grid":[" .!$"," -!%","01"," ,!&","03","03"," +!'","03","03","06"," )!)","10"," $!."," !!0","!","!"]}},"2499":{"4877":{"keys":[39,37],"grid":[" "," "," "," "," "," "," ","!$ .","!& ,","!' +","!) )","!+ '","!, &","!- %","13","13"]},"4933":{"keys":[37,39],"grid":[" "," "," "," "," "," "," "," "," "," "," "," "," 0!!"," /!#","13"," .!$"]},"4934":{"keys":[37,39],"grid":[" .!$","00","00"," -!%","03"," ,!&","05"," +!'","07"," *!("," )!)"," (!*"," '!+"," &!,"," %!-","14"]},"4935":{"keys":[37,39],"grid":[" %!-","00"," #!/","02","02","02","02"," $!."," !!0","!","!","!","!","!","!","!"]},"4880":{"keys":[37,39],"grid":[" "," "," "," "," "," "," "," "," "," "," "," "," "," "," +!# !!$"," +!'"]},"4881":{"keys":[37,39],"grid":[" *!(","00","00"," )!)"," (!*","04"," '!+","06","06","06","06"," &!,","11","11","11"," %!-"]},"4882":{"keys":[37,39],"grid":[" $!.","00"," %!-"," )!)"," *!("," +!'","05"," ,!&","07","07","07","07"," -!%"," .!$","12","12"]},"4883":{"keys":[37,39],"grid":[" -!%","00","00","00"," .!$","04","00","04","04"," /!#","09","09","09","09","09","09"]},"4884":{"keys":[37,39],"grid":[" .!$","00","00","00"," -!%","00","00","00","00","00","00","00","00","04","04"," 0!!"]},"4878":{"keys":[37,39],"grid":[" .!$","00","00"," /!#","03"," 0!!"," "," "," ","05","03","05","05"," "," "," "]},"4885":{"keys":[37],"grid":[" "," "," "," "," "," "," "," "," "," "," "," "," "," "," "," "]}},"2498":{"4875":{"keys":[39,37],"grid":[" "," "," "," "," "," ","!! 0","06","!# /","08","06","06"," "," "," "," "]},"4874":{"keys":[37,39],"grid":[" !!0","00"," #!/","02","02","02","02","02","02","00","00","!","!","!","!","!"]},"4877":{"keys":[37,39],"grid":[" %!-"," &!,"," '!# !!("," +!'","03"," ,!&"," "," "," "," "," "," "," "," "," "," "]},"4876":{"keys":[39,37],"grid":[" "," "," "," "," "," "," "," "," "," "," "," "," ","!$ .","13","!% -"]},"4935":{"keys":[37,39],"grid":[" "," "," "," "," "," "," "," "," "," "," -!# !!!"," -!%","11"," +!'","13"," *!("]},"4873":{"keys":[39],"grid":[" "," "," "," "," "," "," "," "," "," "," "," "," "," "," "," "]},"4937":{"keys":[37,39],"grid":[" !!0","00","00","00","00","00"," #!/","06","06","06","06"," $!.","11"," %!-","13","13"]},"4938":{"keys":[37,39],"grid":[" %!-","00","00","00","00","!! #!.","!","!","!","!","!","!","!","!","!","!"]},"4936":{"keys":[37,39],"grid":[" *!(","00"," (!*"," '!+"," %!-"," $!.","05","05","05","05","05","05"," #!/","12","12"," !!0"]},"4864":{"keys":[37,39],"grid":[" %!-","00"," &!,"," '!+","02","02","02","02","02","03","03","02","!","!","!","!"]}},"2491":{"4952":{"keys":[37,39],"grid":[" "," "," "," "," "," "," "," "," "," "," ","!! 0","11","!# %!+","!","!"]},"4956":{"keys":[37,39],"grid":[" +!'","00"," "," "," "," "," "," "," "," "," "," "," "," "," "," "]},"4979":{"keys":[37,39],"grid":[" "," ","!! 0","!# /","!% -","!& ,","!' +","!( *","!) )","!* (","09","09","09","!+ '","!- $!!","!"]},"4955":{"keys":[39,37],"grid":[" "," "," "," "," "," "," "," "," "," "," "," ","!& ,","!) )","!* (","14"]}},"2490":{"4980":{"keys":[37,39],"grid":[" #!/"," !!0","!","!","!","!","!","!","!","!","!","!","!","!","!","!"]},"4978":{"keys":[37,39],"grid":[" "," "," "," "," "," "," "," "," "," "," "," "," "," "," #!$ ,"," !!% ,"]},"4979":{"keys":[39,37],"grid":[" *!("," ,!&"," "," "," "," "," "," "," ","!! 0","09","09","09","09","!# /","14"]},"4952":{"keys":[37,39],"grid":[" "," "," "," "," "," "," "," "," "," "," "," /!#"," .!$"," -!%"," ,!&"," +!'"]},"4953":{"keys":[37,39],"grid":[" *!(","00"," )!)"," (!*"," '!+"," &!,"," $!.","06"," %!-","08","08","08","08","08","08","08"]},"4954":{"keys":[37,39],"grid":[" $!."," #!/","01","01"," !!0","!","!","!","!","!","!","!","!","!","!","!"]},"4955":{"keys":[39,37],"grid":[" "," "," ","!! 0","!# /","04","!$ .","06","!) )","!, &","!- %","!0 !","!","!","!","!"]}},"2493":{"4962":{"keys":[37,39],"grid":[" -!%"," .!$","01","01","01","00","01","01","01","01","01","01","01"," /!#"," 0!!","14"]},"4964":{"keys":[37,39],"grid":[" "," "," "," "," "," "," "," "," "," "," 0!!"," ,!&"," *!(","12"," )!)","14"]},"4965":{"keys":[37,39],"grid":[" )!)"," *!("," ,!&"," .!$","03","03","03","03"," /!#","08"," 0!!","10","10","08","08","08"]},"4963":{"keys":[37,39],"grid":[" 0!!"," "," "," "," "," "," "," "," "," "," "," "," "," "," "," "]},"4973":{"keys":[37,39],"grid":[" "," "," "," "," "," "," "," "," "," "," "," "," "," /!#"," -!%"," +!'"]},"4957":{"keys":[37,39],"grid":[" *!(","00"," )!)","02"," (!*","04","04","02","04"," '!+","09"," %!-"," #!/"," !!0","!","!"]},"4961":{"keys":[37,39],"grid":[" "," "," "," "," "," "," "," "," "," "," "," "," "," -!%","13","13"]},"4974":{"keys":[37,39],"grid":[" +!'","00"," .!$"," 0!!","03"," "," "," "," "," "," "," "," "," "," "," "]},"4958":{"keys":[39,37],"grid":[" "," "," "," "," "," "," "," "," "," ","!# /","10","!! 0"," "," "," "]},"4959":{"keys":[39,37],"grid":[" "," "," "," ","!# /","!% -","05","05","05","05","04","04","04","04","04","04"]},"4978":{"keys":[37,39],"grid":[" +!'"," ,!&","01","01","00","00"," *!(","06","06"," )!)","09","06","06","06","06","00"]},"4979":{"keys":[37,39],"grid":[" *!(","00","00"," )!)","03","03","03","03"," (!*"," '!+"," %!-"," $!."," #!/","!","!","!"]},"4960":{"keys":[37,39],"grid":[" #!/","00"," $!."," %!-","03"," &!,","05"," '!+","07"," (!*"," )!)"," *!("," +!'"," ,!&"," .!$"," /!#"]},"4952":{"keys":[37,39],"grid":[" "," "," "," ,!&"," )!)"," (!*"," '!+"," &!,"," #!/","!","!","!","!","!","!","!"]},"4966":{"keys":[37,39],"grid":[" /!#"," 0!!"," "," "," "," "," "," "," "," "," "," "," "," "," "," "]},"4976":{"keys":[37,39],"grid":[" "," "," "," "," "," "," "," "," "," /!#"," .!$"," -!%","11","11"," ,!&","14"]},"4977":{"keys":[37,39],"grid":[" ,!&"," +!'","01","01","01","01","01"," *!(","07","07","07","07","07","01","01","01"]},"4956":{"keys":[37,39],"grid":[" %!-"," $!.","01","01","01","01","01","00","00"," &!,","09"," '!+","11","11"," *!(","14"]},"4971":{"keys":[37,39],"grid":[" "," "," "," "," "," "," .!$"," -!%"," ,!&"," )!)","09","09"," *!(","12","09","09"]},"4972":{"keys":[37,39],"grid":[" )!)","00","00","00"," (!*","04","04","04","04","04","04","00"," *!("," -!%","13"," "]},"4955":{"keys":[39,37],"grid":[" "," "," "," "," "," "," "," "," "," "," "," "," "," "," ","!# /"]}},"2492":{"4958":{"keys":[37,39],"grid":[" /!#","00"," .!$","02","02","00","00"," 0!!","07"," "," "," "," ","07","02","02"]},"4959":{"keys":[37,39],"grid":[" .!$","00"," 0!!","02"," "," "," "," "," "," "," "," "," "," "," "," "]},"4979":{"keys":[37,39],"grid":[" "," "," "," "," "," "," "," "," "," "," "," "," "," ","!! /!!","!# )!'"]},"4952":{"keys":[37,39],"grid":[" "," "," "," "," "," "," "," -!! $"," ,!# $"," +!'","09"," (!*","11","!","!","!"]},"4956":{"keys":[39,37],"grid":[" !!) $!%","!","!","!","!","!","!","!","!","!","!","!","!","!","!","!"]},"4957":{"keys":[37,39],"grid":[" "," "," "," "," "," "," "," "," "," "," "," "," "," "," 0!!","14"]},"4955":{"keys":[39,37],"grid":[" "," "," "," "," "," "," "," "," "," "," "," "," "," "," '!# )"," #!( %!$"]}},"2495":{"4945":{"keys":[37,39],"grid":[" 0!!","00"," /!#","02"," -!%"," +!'"," *!(","06","06","06","06","06","05","06","06","05"]},"4944":{"keys":[37],"grid":[" "," "," "," "," "," "," "," "," "," "," "," "," "," "," "," "]},"4947":{"keys":[37,39],"grid":[" #!/","!","!","!","!","!","!","!","!","!","!","!","!","!","!","!"]},"4946":{"keys":[37,39],"grid":[" +!'","00","00"," *!(","03","00","00","00","00","00","03","03","03"," )!)","13"," '!+"]},"4871":{"keys":[37,39],"grid":[" "," "," "," "," "," "," "," "," "," "," "," "," "," "," "," 0!!"]},"4870":{"keys":[37,39],"grid":[" /!#"," 0!!"," "," "," "," "," "," "," "," "," "," "," "," "," "," "]},"4872":{"keys":[37,39],"grid":[" /!#","00"," .!$","02","02","02"," -!%","06","02","02"," "," "," "," "," "," "]},"4866":{"keys":[39,37],"grid":[" #!/"," $!.","01","01","01"," %!-","05"," '!+"," +!'"," -!# #"," "," "," "," ","!! 0","!$ ."]},"4868":{"keys":[37,39],"grid":[" (!*"," '!+","01","01","01","00"," )!)","06"," *!("," +!'"," ,!&"," .!$","11"," "," "," "]},"4869":{"keys":[37,39],"grid":[" "," "," "," "," "," "," 0!!","06","06","06","06","06","06","06"," ","06"]},"4969":{"keys":[39,37],"grid":[" "," "," "," "," "," "," "," %!& (","!* (","!+ '","09","!, &","!- %","!/ #","!","!0 !"]},"4970":{"keys":[37,39],"grid":[" 0!!"," ,!&","01"," +!'"," *!("," )!)"," (!*"," &!,"," %!-"," !!0","!","!","!","!","!","!"]},"4867":{"keys":[37,39],"grid":[" %!-"," '!+"," (!*"," )!)","03","03","02","01","01","00"," $!.","10","00","00"," &!,","01"]},"4865":{"keys":[37],"grid":[" "," "," "," "," "," "," "," "," "," "," "," "," "," "," "," "]}},"2494":{"4947":{"keys":[37,39],"grid":[" "," "," "," "," 0!!"," .!$","05","05","05","05","05","05"," /!#","12","12","04"]},"4949":{"keys":[37,39],"grid":[" ,!&","00"," +!'","02","02","02","02","02","02","02","02","00"," .!$"," /!#"," 0!!","13"]},"4948":{"keys":[37,39],"grid":[" 0!!"," /!#","01"," -!%"," ,!&"," +!'","05"," *!(","07","07","07","07","05","05","05","04"]},"4969":{"keys":[37,39],"grid":[" *!("," )!)","01"," ,!&"," -!%"," /!#","05"," 0!!"," "," "," "," "," "," "," "," "]},"4968":{"keys":[37,39],"grid":[" 0!!","00"," /!#"," -!%"," +!'"," *!(","04","05","05"," )!)","09","09","09","05","05","05"]},"4967":{"keys":[37,39],"grid":[" ,!&","00","00","00","00","00","00","00","00","00","00","00"," -!%"," .!$"," /!#","14"]},"4966":{"keys":[39,37],"grid":[" "," "," "," "," ","!! 0","!% -","!& ,","!' +","08","!) )","!* (","11","11","!+ '","14"]},"4964":{"keys":[37,39],"grid":[" &!,","00"," $!.","02"," #!/","04"," !!0","06","06","!","!","!","!","!","!","!"]},"4866":{"keys":[37,39],"grid":[" (!*","00","00","00"," '!+"," &!,","05"," %!-","05","04","00"," *!("," -!%"," 0!!"," "," "]},"4961":{"keys":[39,37],"grid":[" ","!! 0","01","01","01","01","!# /","!$ .","07","06","06","01"," "," "," "," "]},"4865":{"keys":[37,39],"grid":[" "," "," "," "," "," "," "," "," "," "," "," "," "," "," "," )!! !!& !"]},"4952":{"keys":[37,39],"grid":[" !!0","!","!","!","!","!","!","!","!","!","!","!","!","!","!","!"]},"4976":{"keys":[37,39],"grid":[" *!(","00","00"," +!'","03","00"," (!*"," &!,","07","!! $!-","!","!","!","!","!","!"]},"4963":{"keys":[39,37],"grid":[" "," "," ","!! 0","03","03","03","03","03","03","!# /","10","!$ .","!% -","13","!& ,"]},"4974":{"keys":[39,37],"grid":[" "," "," "," "," "," "," ","!! 0","07","!# /","09","09","!$ .","!% -","!& ,","!' +"]},"4975":{"keys":[37,39],"grid":[" (!*","00","00","00","00","00","00","00","00","00","00","00"," )!)","12"," *!(","14"]},"4950":{"keys":[37,39],"grid":[" /!#"," .!$"," -!%"," ,!&","03","03","03","02","02","02","02","01","01","00","00","00"]},"4951":{"keys":[37,39],"grid":[" /!#"," .!$","01"," -!%"," ,!&","04","04","04"," +!'","08"," *!(","10","10","10","10"," $!% #!("]},"4970":{"keys":[37,39],"grid":[" "," "," "," "," "," "," "," "," "," "," -!%"," ,!&"," +!'"," *!("," )!)","14"]},"4971":{"keys":[37,39],"grid":[" (!*","00","00","00"," )!)","04","!! &!+","!","!","!","!","!","!","!","!","!"]},"4972":{"keys":[39,37],"grid":[" "," "," "," "," "," "," "," "," "," "," "," "," "," "," ","!- %"]},"4973":{"keys":[37,39],"grid":[" -!%"," ,!&"," *!("," )!)"," (!*"," '!+"," &!,","06"," %!-","08"," $!."," #!/","!","!","!","!"]}},"2497":{"4875":{"keys":[37,39],"grid":[" 0!!","00","00","00"," "," "," "," "," "," "," "," ","00"," .!$","13","13"]},"4874":{"keys":[37,39],"grid":[" "," "," "," "," "," "," "," "," "," "," "," "," "," "," 0!!","14"]},"4876":{"keys":[37,39],"grid":[" -!%"," ,!&","01","01","00","00","00","00","01","00","00","00","00","00"," "," "]},"4941":{"keys":[39,37],"grid":[" "," "," "," "," "," ","!$ .","!' +","!( *","08","08","07","!& ,","!% -","13","13"]},"4873":{"keys":[39,37],"grid":[" "," ","!# /","!$ .","03","03","!% -","!& ,","!( *","!) )","09","!* (","!+ '","!. $","!/ #","!"]},"4942":{"keys":[37,39],"grid":[" %!-","00","00","00"," $!.","04"," #!/","06","06"," !!0","!","!","!","!","!","!"]},"4938":{"keys":[37,39],"grid":[" "," "," "," "," "," "," 0!!"," .!$"," -!%"," *!("," )!)","10","10"," (!*","13"," '!+"]},"4939":{"keys":[37,39],"grid":[" &!,"," '!+","01","00","00","00"," $!."," #!/","07","07","06","07"," !!0","!","!","!"]},"4866":{"keys":[37,39],"grid":[" $!.","00","00","00","!! !!/","!","!","!","!","!","!","!","!","!","!","!"]},"4864":{"keys":[37,39],"grid":[" "," "," "," "," "," "," "," "," "," "," "," "," 0!!"," /!#"," .!$"," -!%"]},"4865":{"keys":[37,39],"grid":[" -!%"," (!*","01","01"," )!)","04","01","01","04","01","01","01","01"," '!+","13"," %!-"]}},"2496":{"4944":{"keys":[37,39],"grid":[" )!)","00"," (!*","02"," &!,","04"," %!-","06"," $!."," #!/","09"," !!0","11","!","!","!"]},"4871":{"keys":[37,39],"grid":[" #!/","00"," !!0","02","02","02","02","00","00","00","02","02","02","!","!","!"]},"4870":{"keys":[39,37],"grid":[" "," "," ","!! 0","03","03","03","03","03","03","!# /","!$ .","!% -","!& ,","12","11"]},"4873":{"keys":[37,39],"grid":[" )!)"," *!("," /!#"," "," "," "," "," "," "," "," "," "," "," "," "," "]},"4872":{"keys":[39,37],"grid":[" "," "," "," "," "," "," "," "," "," ","!! 0","!& ,","!' +","12","!( *","14"]},"4939":{"keys":[37,39],"grid":[" "," "," "," "," "," "," "," "," "," "," "," "," "," 0!!"," *!("," '!+"]},"4942":{"keys":[37,39],"grid":[" "," "," "," "," "," "," "," "," "," "," "," 0!!","11"," /!#","13"," .!$"]},"4869":{"keys":[37,39],"grid":[" $!.","00"," #!/"," !!0","!","!","!","!","!","!","!","!","!","!","!","!"]},"4868":{"keys":[39,37],"grid":[" "," "," "," "," "," "," "," "," "," "," "," "," ","!! 0","!$ .","14"]},"4943":{"keys":[37,39],"grid":[" .!$"," -!%","01","00","00","00","01","01"," ,!&"," +!'","09"," *!(","11","11","11"," )!)"]},"4969":{"keys":[39],"grid":[" "," "," "," "," "," "," "," "," "," "," "," "," "," "," "," "]},"4941":{"keys":[37,39],"grid":[" )!)"," ,!&"," -!%","02"," .!$"," 0!!"," "," "," "," "," "," "," "," "," "," "]},"4866":{"keys":[37,39],"grid":[" "," "," "," 0!!"," -!%"," ,!&"," +!'","06","06","!% '!'","!( #!(","!","!","!","!","!"]},"4940":{"keys":[37,39],"grid":[" &!,"," $!.","01"," #!/","03","03","03","03"," !!0","08","08","08","03"," %!-","00"," '!+"]}}}}