{"9":{"153":{"335":{"keys":[1,39],"grid":[" !!0","00","!","!","!","!","!","!","!","!","!","!","!","!","!","!"]},"334":{"keys":[1,39,37],"grid":[" !!0","00"," #!/","#! !!/","#! #!.","## !!.","05","05","05","05","05","## #!-","#! $!-","03","02","00"]},"331":{"keys":[37,1,39],"grid":[" "," "," "," "," "," 0!!"," /!#"," ,!%#!"," +!%##"," +!##%","09"," +!!#&","11","09"," ,!!#%"," *!$#%"]},"330":{"keys":[37,1,39],"grid":[" 0!!"," -!%"," ,!##$"," -!###"," .!$","00","00","00","00","00","00","00"," "," "," "," "]},"333":{"keys":[37,1,39],"grid":[" #!!#.","00","00"," !!##.","!##/","!!#0","05","#","#","#","#","#","#","#","#","#"]},"332":{"keys":[37,1,39],"grid":[" *!!#'"," *!$#%"," ,!##$"," -!!#$","03"," *!# !!!#$"," *!%#$","00"," )!##'"," (!##("," '!##)"," '!!#*"," #!&#*"," !!##."," !!!#/","13"]},"322":{"keys":[37,1,39],"grid":[" 0!!","00"," (!$ %!#"," &!' !!$#!"," &!##$!$#$"," &!##*","05","05"," '!!#*","08"," '!$#("," '!%#'"," )!!#(","12","12","12"]},"323":{"keys":[37,1,39],"grid":[" (!##("," (!!#)","01"," &!$#)"," &!##*"," '!!#*","05","05","05","05","05"," '!##)","00"," )!!#("," )!$#&"," *!$#%"]},"320":{"keys":[37,1,39],"grid":[" ,!##$"," -!###"," .!!##","01","02","01"," -!!#$","01"," ,!$##","00","00","00","06","01","02","02"]},"321":{"keys":[37,1,39],"grid":[" .!!##"," -!###","01"," -!!#$","01"," .!##!","05"," /!!#!"," /!#","08","07","07","07","07","07","08"]},"326":{"keys":[37,1,39],"grid":[" .!$"," -!$#!","00"," 0!!","00"," .!##!","05","05","05"," .!!#!!!","00"," "," "," "," "," "]},"327":{"keys":[37,1,39],"grid":[" "," "," "," "," "," (!% $!#"," (!!##!&#!"," (!##("," )!!#(","07"," )!%#!!$"," ,!$ !!!"," "," "," "," "]},"324":{"keys":[37,1,39],"grid":[" +!##%"," ,!##$"," -!$#!"," /!#"," 0!!","04","04"," ,!&"," ,!$##","01"," ,!!#%","01","08"," -!###","02"," -!%"]},"325":{"keys":[37,1],"grid":[" 0!!"," "," "," "," "," "," "," "," "," "," "," "," "," ","00","00"]},"328":{"keys":[37,1],"grid":[" "," "," "," "," "," "," "," "," "," "," "," "," "," "," 0!!","14"]},"329":{"keys":[37,1,39],"grid":[" 0!!"," /!#"," /!!#!","02","02","01","00","00","00","00"," "," "," "," "," ","00"]}},"152":{"335":{"keys":[37,1,39],"grid":[" -!# #"," -!%"," -!!#!!!#!"," -!!#$"," -!###"," .!!##","05","05","05","05","05","05","04"," +!$#$"," *!##&"," )!##'"]},"334":{"keys":[37,1],"grid":[" /!#"," "," 0!!"," "," "," "," "," "," "," "," "," "," "," "," "," "]},"333":{"keys":[37,1,39],"grid":[" "," "," "," "," "," "," 0!!","06","06"," /!#"," /!!#!","10"," .!##!"," .!!##","13","12"]}},"154":{"331":{"keys":[37,1,39],"grid":[" !!!#/","00","00","00","!##/","!!#0","#","#","#","#","#","#","#","#","#","#"]},"330":{"keys":[39,1,37],"grid":[" "," "," "," "," "," "," "," "," "," "," ","!! 0","11","11","!# /","#!!! /"]},"326":{"keys":[39,1,37],"grid":[" "," "," "," "," "," "," "," "," ","!! %!$ )","!'#!!' $","#-!# #","11","#-!$ !","#/!! !","14"]},"327":{"keys":[37,1,39],"grid":[" ,!%#!"," ,!##$"," ,!!#%","02"," %!# &!!#%","!) #!##%","#!!##%!%#&","#*!!#'","#","#","#","!!#0","!%#-"," $!##,"," %!!#,"," %!##+"]},"325":{"keys":[1,39,37],"grid":[" $!.","## $!,","#$ #!,","02","02","#$ !!-","#! $!-","#! !!/"," #!/"," !!0","08","07","08","09","09","!"]},"328":{"keys":[37,1,39],"grid":[" &!!#+","00"," &!$#)"," (!##("," )!##'"," *!!#'","05","04","03","02"," %!##+","10","00"," !!# !!##+","!&#,","#"]},"329":{"keys":[39,1,37],"grid":[" "," "," "," "," "," "," "," "," ","!# /","#!!! /","#!!# .","##!! .","11","09","!! 0"]}}},"13":{"2477":{"5232":{"keys":[37,39],"grid":[" 0!!"," .!$","!$ )!&","!( !!)","!","!","!","!","!","!","!","!","!","!","!","!"]},"5228":{"keys":[39],"grid":[" "," "," "," "," "," "," "," "," "," "," "," "," "," "," "," "]},"5227":{"keys":[39],"grid":[" "," "," "," "," "," "," "," "," "," "," "," "," "," "," "," "]},"5229":{"keys":[39,37],"grid":[" "," "," "," ","!& ,","!' +","!( *","!) )","!* (","!, &","!. $","!/ #","!0 !","12","!","!"]}},"2476":{"5229":{"keys":[37,39],"grid":[" ,!&"," -!%"," .!$"," "," "," "," "," "," "," "," "," "," "," "," "," "]},"5228":{"keys":[37,39],"grid":[" "," "," "," "," "," "," "," "," 0!!","08"," /!#","10"," .!$","12"," -!%","14"]},"5232":{"keys":[37,39],"grid":[" ","!","!","!","!","!","!","!","!","!","!","!","!","!","!"," !!0"]},"5233":{"keys":[37,39],"grid":[" $!."," &!,"," '!+","02","01"," %!-","00"," #!/","!","!","!","!","!","!","!","!"]},"5227":{"keys":[37,39],"grid":[" #!/"," %!-"," &!,"," '!+"," )!)","04"," +!'"," ,!&"," -!%"," .!$"," /!#","10"," 0!!","12"," "," "]},"5226":{"keys":[39],"grid":[" "," "," "," "," "," "," "," "," "," "," "," "," "," "," "," "]}},"2475":{"5232":{"keys":[37,39],"grid":[" "," "," 0!!"," /!#"," .!$","04","04","04","04","04","04","04","03","02"," "," "]},"5233":{"keys":[37,39],"grid":[" "," "," "," "," "," "," "," "," "," 0!!"," .!$"," ,!&","11"," +!'","13"," *!("]},"5234":{"keys":[37,39],"grid":[" *!(","00","00","00","00","00","00","00"," +!'"," ,!&","09"," -!%","11"," .!$"," /!#","14"]},"5226":{"keys":[39,37],"grid":[" "," "," "," "," "," "," "," "," "," "," "," ","!, &","!. $","!0 !","!"]},"5236":{"keys":[37,39],"grid":[" ,!&"," -!%","01","01","01","01","01","01","01","01","01","01","00","00"," +!'","14"]},"5235":{"keys":[37,39],"grid":[" /!#","00"," .!$"," -!%"," ,!&","04"," +!'"," *!(","07","07","07"," )!)","11","11","11","07"]},"5237":{"keys":[37,39],"grid":[" ,!&"," +!'","01"," *!("," )!)"," '!+"," &!,"," %!-"," $!."," #!/"," !!0","!","!","!","!","!"]}},"2474":{"5238":{"keys":[37,39],"grid":[" 0!!","00","00","00","00","00","00"," /!#"," .!$","08"," ,!&"," +!'"," )!)"," (!*"," &!,"," #!/"]},"5226":{"keys":[39,37],"grid":[" "," "," "," "," "," "," "," "," "," "," ","!% -","!","!","!","!"]},"5237":{"keys":[37,39],"grid":[" "," "," "," "," "," "," "," "," "," "," "," "," "," 0!!","13","13"]}},"2459":{"5196":{"keys":[37,39],"grid":[" $!+ $"," $!& !!$ %"," $!! -"," "," "," "," "," "," "," "," "," "," "," "," "," "]},"5156":{"keys":[37,39],"grid":[" "," "," "," "," "," "," "," ","!! /!!","!# +!%","!# *!&","!$ (!'","!% %!)","!","!","!"]},"5306":{"keys":[37,39],"grid":[" $!."," #!/"," !!0","!","!","!","!","!","!","!","!","!","!","!","!","!"]},"5192":{"keys":[37,39],"grid":[" /!#"," .!$","01","01","00"," 0!!","05","05","00","00","00","05"," "," "," "," "]},"5131":{"keys":[37,39],"grid":[" ,!&","00","00","00","00","00"," +!'","06","06"," /!#"," 0!!"," "," "," "," "," "]},"5130":{"keys":[37,39],"grid":[" "," "," "," "," "," "," "," "," "," 0!!"," /!#"," .!$","11"," -!%"," ,!&"," +!'"]},"5238":{"keys":[37,39],"grid":[" /!! !"," +!'"," '!+","!","!","!","!","!","!","!","!","!","!","!","!","!"]},"5318":{"keys":[37,39],"grid":[" "," "," "," "," "," ","!$ .","!' +","!","!","!","!","!","!","!","!"]},"5313":{"keys":[39,37],"grid":[" "," "," "," "," "," "," "," "," "," "," "," ","!! 0","!$ .","!% -","!& ,"]},"5194":{"keys":[37,39],"grid":[" $!.","00","00","00","00","00"," %!-","06"," &!,"," '!+"," (!*"," )!)"," *!(","12","11","10"]},"5311":{"keys":[37,39],"grid":[" ,!&"," +!'"," *!("," )!)"," '!+"," &!,"," $!."," !!0","!","!","!","!","!","!","!","!"]},"5310":{"keys":[37,39],"grid":[" (!*"," )!)"," *!("," +!'","03"," ,!&","05","05"," -!%","08","08","08","08","08","08","05"]},"5191":{"keys":[37,39],"grid":[" "," "," "," "," "," "," "," "," "," "," "," "," "," /!! !"," /!#","14"]},"5193":{"keys":[37,39],"grid":[" "," "," "," "," 0!!","04","04"," "," "," "," "," /!! !"," -!%","12"," $!."," #!/"]},"5314":{"keys":[37,39],"grid":[" (!*"," *!("," +!'"," ,!&"," -!%"," .!$"," 0!!"," "," "," "," "," "," "," "," "," "]},"5309":{"keys":[39,37],"grid":[" "," "," "," "," "," "," "," "," "," ","!! 0","!# /","!$ .","!% -","!& ,","!' +"]},"5282":{"keys":[37,39],"grid":[" "," "," "," 0!!"," /!#"," .!$"," -!%","06","06","06","06","05","04","03"," "," "]},"5128":{"keys":[37,39],"grid":[" "," "," "," "," "," "," "," "," "," "," "," "," "," 0!!","13","13"]},"5129":{"keys":[37],"grid":[" "," "," "," "," "," "," "," "," "," "," "," "," "," "," "," "]},"5120":{"keys":[37,39],"grid":[" -!%","00"," "," "," "," "," "," "," "," "," "," "," "," "," "," "]},"5183":{"keys":[39,37],"grid":[" "," "," "," "," "," "," "," ","!! 0","08","08","08","08","08","08","08"]},"5184":{"keys":[39,37],"grid":[" ","!! 0","01","01","01","01","01"," "," "," "," "," "," ","01","!# /","!% -"]},"5185":{"keys":[37,39],"grid":[" )!)"," ,!&"," 0!!"," "," "," "," "," "," "," "," "," "," "," "," "," "]},"5303":{"keys":[37,39],"grid":[" "," "," "," "," "," "," "," "," "," "," "," "," "," "," "," *!% $"]},"5304":{"keys":[37,39],"grid":[" (!*"," &!,"," $!."," !!0","!","!","!","!","!","!","!","!","!","!","!","!"]},"5305":{"keys":[39,37],"grid":[" ","!! 0","01","!# /","!$ .","!% -","05","05","!& ,","08","08","08","08","08","05","04"]},"5243":{"keys":[37,39],"grid":[" *!(","00"," +!'"," -!%"," .!$"," /!#"," "," "," "," "," "," "," "," "," "," "]},"5242":{"keys":[39,37],"grid":[" "," "," "," "," "," "," "," "," "," ","!# /","!$ .","!& ,","!' +","!( *","!) )"]},"5195":{"keys":[37,39],"grid":[" (!*","00","00"," '!+"," &!,","04","04"," %!-","07","07","07"," $!."," #!/"," !!0","12"," #!. !"]}},"2458":{"5238":{"keys":[39,37],"grid":[" '!+"," )!)"," ,!&"," "," "," "," "," "," "," "," "," "," "," "," "," "]},"5309":{"keys":[37,39],"grid":[" )!)"," *!("," +!'","02"," ,!&"," -!%","05"," /!#"," 0!!"," "," "," "," "," "," "," "]},"5318":{"keys":[39,37],"grid":[" *!("," ,!&"," -!%"," .!$"," 0!!"," "," "," "," "," "," "," "," "," "," "," "]},"5184":{"keys":[37,39],"grid":[" "," "," "," "," "," "," "," "," "," "," 0!!","10"," "," "," "," "]},"5183":{"keys":[39,37],"grid":[" ","!! 0","!! %!& '","!! $!) %","!/ #","!0 !","05","!","!","!","!","!","!","!","!","!"]},"5313":{"keys":[39,37],"grid":[" "," "," ","!! 0","!# /","!% -","!' +","!) )","!+ '","!- %","!/ #","!","!","!","!","!"]},"5317":{"keys":[37,39],"grid":[" "," "," "," "," "," "," "," "," ","!! 0","!# /","!$ .","!& ,","!' +","!( *","!) )"]},"5311":{"keys":[37,39],"grid":[" "," "," "," "," "," "," "," "," .!$"," *!("," '!+"," %!-"," $!."," #!/","!","!"]},"5155":{"keys":[37,39],"grid":[" "," "," "," "," '!# )","!! %!% (","!+ '","06","06","!* (","09","06","!, &","12","12","06"]},"5305":{"keys":[37],"grid":[" "," "," "," "," "," "," "," "," "," "," "," "," "," "," "," "]},"5306":{"keys":[37,39],"grid":[" "," "," "," "," "," 0!!","05"," /!#","07","07","07","07","07","07","07","07"]},"5307":{"keys":[37,39],"grid":[" /!#","00","00","00","00","00","00","00","00","00"," .!$","10","10"," -!%","13","13"]},"5304":{"keys":[37,39],"grid":[" "," "," "," "," "," /!#"," -!%"," ,!&","06"," .!$","09","05","05","05","05"," 0!!"]},"5242":{"keys":[39,37],"grid":[" "," "," ","!# /","!& ,","!( *","!* (","!- %","!/ #","!","!","!","!","!","!","!"]},"5237":{"keys":[37,39],"grid":[" "," "," "," "," "," "," "," "," "," "," "," "," "," ","!# /","!% -"]},"5156":{"keys":[39,37],"grid":[" +!'"," -!%"," .!$"," /!#"," 0!!","04"," "," "," "," "," "," "," "," "," "," "]},"5182":{"keys":[39],"grid":[" "," "," "," "," "," "," "," "," "," "," "," "," "," "," "," "]},"5308":{"keys":[37,39],"grid":[" ,!&","00","00"," +!'","03"," *!(","05"," )!)","07","07","07","07","07","07","07","07"]}},"2471":{"5238":{"keys":[39,37],"grid":[" !!0"," #!/"," $!."," %!-","03"," &!,"," '!+"," ,!&"," -!$ !"," "," "," "," "," "," "," "]},"5250":{"keys":[39,37],"grid":[" "," "," "," "," "," "," "," "," "," "," ","!# /","!% -","!& ,","!' +","!) )"]},"5251":{"keys":[37,39],"grid":[" *!(","00"," +!'"," ,!&"," -!%"," .!$"," /!#","06"," 0!!"," "," "," "," "," "," "," "]},"5256":{"keys":[37],"grid":[" "," "," "," "," "," "," "," "," "," "," "," "," "," "," "," "]},"5257":{"keys":[37,39],"grid":[" /!#"," .!$"," ,!&"," *!("," '!+"," $!.","!","!","!","!","!","!","!","!","!","!"]},"5226":{"keys":[37,39],"grid":[" +!'"," .!$"," 0!!"," "," "," "," "," "," "," "," "," "," "," "," "," "]},"5225":{"keys":[39,37],"grid":[" "," "," "," "," "," "," "," "," "," "," "," "," "," "," ","!( *"]},"5237":{"keys":[37],"grid":[" "," "," "," "," "," "," "," "," "," "," "," "," "," "," "," "]}},"2443":{"5373":{"keys":[37,39],"grid":[" "," "," "," /!#"," -!%"," +!'"," *!("," )!)"," '!+"," &!,"," $!."," !!0","!","!","!","!"]}},"2455":{"5238":{"keys":[37,39],"grid":[" -!%","00","00","00","00","00","00","00","00","00"," .!$","10","10","10","10"," /!#"]},"5239":{"keys":[37,39],"grid":[" /!#"," 0!!","01","01"," "," "," "," "," "," "," "," "," "," "," "," "]},"5162":{"keys":[39,37],"grid":[" "," "," "," "," "," "," "," "," "," "," "," "," "," "," .!# !"," -!%"]},"5163":{"keys":[39,37],"grid":[" ,!&"," +!'"," )!)","!","!","!","!","!","!","!","!","!","!","!","!","!"]},"5168":{"keys":[37,39],"grid":[" "," "," "," "," "," "," "," "," "," "," /!#"," -!%"," ,!&"," +!'"," *!(","14"]},"5169":{"keys":[37,39],"grid":[" *!(","00"," )!)","02","02"," (!*","05"," '!+","07"," &!,","09"," %!-"," $!.","12"," #!/","14"]},"5179":{"keys":[39,37],"grid":[" "," "," "," "," "," "," "," "," "," "," "," "," "," "," ","!# /"]},"5155":{"keys":[37,39],"grid":[" -!%"," .!$"," "," "," "," "," "," *!' !","!! )!(","!# (!(","!& %!(","!","!","!","!","!"]},"5180":{"keys":[37,39],"grid":[" $!."," &!,"," '!+"," (!*"," )!)"," +!'"," -!%"," /!#"," 0!!"," "," "," "," "," "," "," "]},"5154":{"keys":[37,39],"grid":[" "," "," "," "," "," "," "," "," "," "," "," "," "," 0!!"," .!$","14"]},"5171":{"keys":[37,39],"grid":[" #!/","00","00"," !!0","03","!","!","!","!","!","!","!","!","!","!","!"]},"5170":{"keys":[37,39],"grid":[" #!/","00","00","00","00","00","00","00","00","00"," $!.","10","10","10","10","00"]},"5322":{"keys":[37,39],"grid":[" 0!!"," /!#","01","01"," .!$","04","04"," -!%"," ,!&"," +!'"," )!)"," (!*"," '!+"," &!,"," #!/","!"]},"5241":{"keys":[37],"grid":[" "," "," "," "," "," "," "," "," "," "," "," "," "," "," "," "]},"5321":{"keys":[37,39],"grid":[" "," "," "," "," "," "," "," "," "," "," "," "," "," "," 0!!","14"]},"5237":{"keys":[37,39],"grid":[" "," "," "," "," "," "," "," 0!!","07"," /!#","09"," .!$","11"," -!%","13","13"]}},"2454":{"5159":{"keys":[39,37],"grid":[" "," "," "," "," ","!# /","05","!$ .","!% -","08","!& ,","10","!' +","!( *","13","!) )"]},"5158":{"keys":[39,37],"grid":[" "," ","!! 0","02","02","!# /","05","02","02"," "," "," "," "," "," "," "]},"5162":{"keys":[37,39],"grid":[" )!)","00"," *!(","02","02","02","02","02","02","02","02","02","02"," +!'"," -!%"," .!$"]},"5163":{"keys":[37,39],"grid":[" /!#","00"," "," "," "," "," "," "," "," "," "," "," "," "," "," "]},"5160":{"keys":[37,39],"grid":[" *!("," +!'","01"," ,!&","03","03"," -!%","06"," .!$","08"," /!#","10"," 0!!","12","10","10"]},"5176":{"keys":[37,39],"grid":[" !!0","00","00"," #!/","03","03","03","03","03","03","03"," $!.","11","11","11"," %!-"]},"5175":{"keys":[37,39],"grid":[" *!(","00"," )!)"," (!*","03","03","03"," '!+","07"," &!,"," #!/","!","!"," !!0","13","13"]},"5161":{"keys":[37,39],"grid":[" .!$"," *!("," )!)"," (!*","03","03","03","03","03","03","03","03","03","03","03","02"]},"5179":{"keys":[37,39],"grid":[" ,!&","00"," -!%","02","02"," .!$","05"," /!#","07","07","07"," 0!!","11"," "," "," "]},"5174":{"keys":[37,39],"grid":[" (!*","00","00"," )!)","03","03","03"," *!(","07","07","07"," +!'","11","11","11","11"]},"5155":{"keys":[37,39],"grid":[" "," "," "," "," "," "," ","!& ,","!( )!!","!* '!!","!+ %!#","!","!","!","!","!"]},"5171":{"keys":[37,39],"grid":[" "," "," "," "," "," "," 0!!","06"," /!#","08"," .!$","10","10","!! +!&","!! *!'","!# '!)"]},"5157":{"keys":[37,39],"grid":[" !!0","00","00","00","!","!","!","!","!","!","!","!","!","!","!","!"]},"5156":{"keys":[39],"grid":[" "," "," "," "," "," "," "," "," "," "," "," "," "," "," "," "]},"5324":{"keys":[37,39],"grid":[" $!.","00","00"," #!/","03"," !!0","!","!","!","!","!","!","!","!","!","!"]},"5172":{"keys":[39,37],"grid":[" "," "," "," "," "," "," "," "," "," "," "," ","!# /","!$ .","!& ,","14"]},"5323":{"keys":[37,39],"grid":[" 0!!"," .!$"," -!%"," ,!&"," +!'"," *!("," )!)"," (!*"," '!+","08"," &!,","10","10"," %!-","13","13"]},"5173":{"keys":[37,39],"grid":[" '!+"," (!*","01"," )!)","03"," *!("," +!'","06","06","06","06","05","03","01","01","01"]},"5177":{"keys":[37,39],"grid":[" %!-","00"," &!,","02"," (!*"," )!)"," *!("," +!'","07","07","07","07","07","07"," ,!&"," .!$"]},"5322":{"keys":[37],"grid":[" "," "," "," "," "," "," "," "," "," "," "," "," "," "," "," "]},"5178":{"keys":[37,39],"grid":[" /!#"," 0!!","01","01","01"," .!$"," ,!&","06"," +!'","08"," *!(","10","10","08","08","08"]}},"2457":{"5182":{"keys":[39,37],"grid":[" "," "," "," "," "," ","!# /","!$ .","07","07","!% -","10","!& ,","!' +","!( *","!) %!%"]},"5183":{"keys":[37,39],"grid":[" +!! &"," "," "," "," "," "," "," "," "," "," "," "," "," "," "," "]},"5319":{"keys":[37,39],"grid":[" #!/","00"," $!.","02","02"," %!-"," &!,"," '!+","07","07"," (!*"," )!)","11","11"," *!(","14"]},"5318":{"keys":[37,39],"grid":[" )!)"," (!*","00","00","00","00","00","01","01"," '!+"," &!,"," %!-","11","11"," $!.","14"]},"5313":{"keys":[37,39],"grid":[" /!#","00"," "," "," "," "," "," "," "," "," "," "," "," "," "," "]},"5312":{"keys":[37,39],"grid":[" /!#"," .!$"," -!%","02"," ,!&","04","04","04","04","04","04","04","04","02","02","01"]},"5311":{"keys":[37,39],"grid":[" "," "," "," "," "," "," "," "," "," "," "," "," "," "," "," 0!!"]},"5155":{"keys":[39,37],"grid":[" &!,"," '!+","01"," (!*"," *!% #!!"," "," "," "," "," "," "," "," "," "," "," "]},"5154":{"keys":[37,39],"grid":[" "," "," "," "," "," "," "," "," "," "," "," "," ","!! 0","13","!$ ."]},"5237":{"keys":[37,39],"grid":[" "," "," "," "," "," ","!$ .","!& ,","!( *","!) )","!+ '","!- %","!/ #","!","!","!"]},"5163":{"keys":[39,37],"grid":[" "," "," "," "," "," "," "," "," "," ","!! 0","10","10","10","10"," "]},"5320":{"keys":[37,39],"grid":[" *!(","00"," +!'"," (!*"," &!,"," #!/","!","!","!","!","!","!","!","!","!","!"]},"5242":{"keys":[39,37],"grid":[" "," ","!/ #","!","!","!","!","!","!","!","!","!","!","!","!","!"]},"5317":{"keys":[37,39],"grid":[" "," "," "," "," "," $!( '"," $!+ $"," $!, #"," %!, !"," %!-","09"," &!,"," '!+"," (!*"," )!)","14"]}},"2456":{"5182":{"keys":[37,39],"grid":[" ,!&","00"," -!%","02"," /!#"," "," "," "," "," "," "," "," "," "," "," "]},"5239":{"keys":[39,37],"grid":[" "," "," "," "," "," "," ","!! 0","07","07","07","!# /","11","11","11","11"]},"5162":{"keys":[39],"grid":[" "," "," "," "," "," "," "," "," "," "," "," "," "," "," "," "]},"5163":{"keys":[37,39],"grid":[" !!0"," %!-"," *!("," ,!&"," .!$","04"," /!#"," 0!!","07"," "," "," "," "," "," "," "]},"5164":{"keys":[37,39],"grid":[" "," 0!!","01","01"," /!#","04"," .!$","06","06"," -!%","09","09","09"," ,!&","13","13"]},"5165":{"keys":[37,39],"grid":[" ,!&","00","00"," -!%","03"," .!$"," /!#","06"," 0!!","08","08"," "," "," "," "," "]},"5166":{"keys":[37,39],"grid":[" "," "," "," "," "," "," "," 0!!","07","07","07","07","07","07","07","07"]},"5167":{"keys":[37,39],"grid":[" 0!!"," /!#","01","01"," .!$","04"," -!%","06"," ,!&"," +!'","09"," *!("," )!)"," (!*","13","13"]},"5168":{"keys":[37,39],"grid":[" '!+","00","00","00","00","00","00","00","00"," &!,","!","!","!","!","!","!"]},"5155":{"keys":[39,37],"grid":[" "," ","!! 0","!# /","03","03","03","03"," !!! /"," "," "," "," "," "," "," "]},"5241":{"keys":[37,39],"grid":[" !!0","00","00","!","!","!","!","!","!","!","!","!","!","!","!","00"]},"5180":{"keys":[39,37],"grid":[" "," "," "," "," "," "," "," "," "," ","!! 0","10","!# /","12","!$ .","14"]},"5154":{"keys":[37,39],"grid":[" "," "," "," "," "," "," "," "," $!% *"," #!' )"," #!( ("," #!( &!! !"," #!) #!%","!+ !!&","!","!"]},"5181":{"keys":[37,39],"grid":[" $!."," %!-","01"," &!,","03"," '!+","05"," (!*","07"," )!)","09"," *!("," +!'","12"," ,!&","14"]},"5320":{"keys":[37,39],"grid":[" "," "," "," "," "," "," 0!!"," .!$"," -!%","08"," ,!&"," +!'"," *!(","12","12"," )!)"]},"5321":{"keys":[37,39],"grid":[" (!*","00"," '!+"," %!-","03"," $!."," #!/","06","06"," !!0","09","09","!","!","!","!"]},"5242":{"keys":[37,39],"grid":[" #!/"," $!."," "," "," "," "," "," "," "," "," "," "," "," "," "," "]},"5237":{"keys":[37,39],"grid":[" "," "," "," "," $!* %"," !!0","!","!","!","!","!","!","!","!","!","!"]},"5240":{"keys":[37,39],"grid":[" #!/"," $!.","01","01","01","01","00","00","00","00","00","00","00"," !!0","13","13"]}},"2451":{"5356":{"keys":[37,39],"grid":[" !!0"," #!/","01","01","00","!","!","!","!","!","!","!","!","!","!","!"]},"5355":{"keys":[39],"grid":[" "," "," "," "," "," "," "," "," "," "," "," "," "," "," "," "]},"5324":{"keys":[37,39],"grid":[" "," "," "," "," "," "," /!#"," ,!&"," )!)"," &!,"," #!/","!","!","!","!","!"]}},"2450":{"5356":{"keys":[37,39],"grid":[" "," "," ","!% -","!' +","!) (!!","!, !!%","!","!","!","!","!","!","!","!","!"]},"5355":{"keys":[37,39],"grid":[" +!'"," ,!&","01","01"," -!%","04"," .!$"," /!#"," 0!!","08","08","08","08","08"," "," "]},"5354":{"keys":[37,39],"grid":[" )!)","00","00","00","00","00","00","00","00","00","00"," *!(","11","11"," +!'","14"]},"5353":{"keys":[37,39],"grid":[" ,!&"," -!%","00"," +!'","03"," *!("," )!)","06"," (!*","08","08","08","08","06","06","06"]},"5352":{"keys":[37,39],"grid":[" (!*"," )!)","01","01","01"," *!(","05","05","05"," +!'","09","09","09"," ,!&","13","13"]},"5351":{"keys":[37,39],"grid":[" )!)","00"," (!*","02","02"," '!+","05"," &!,","07","05","05","05","05","02","02","02"]},"5350":{"keys":[37,39],"grid":[" (!*","00"," '!+","02","02"," &!,","05","05"," %!-","08","02","00"," *!("," +!'","12","12"]},"5348":{"keys":[39,37],"grid":[" "," "," "," ","!! 0","!# /","05","!$ .","07","07","07","!% -","11","11","11","!' +"]},"5349":{"keys":[37,39],"grid":[" )!)"," +!'","01","01","01"," ,!&","01","01","01"," *!(","09","09","00","00","00"," (!*"]},"5331":{"keys":[39],"grid":[" "," "," "," "," "," "," "," "," "," "," "," "," "," "," "," "]},"5327":{"keys":[39,37],"grid":[" "," ","!! 0","!$ .","!& ,","!( *","!) )","!* (","!+ '","08","08","08","08","08","08","07"]},"5324":{"keys":[37,39],"grid":[" "," "," "," "," "," "," "," "," "," "," "," 0!!"," .!$"," ,!&"," *!("," '!+"]},"5325":{"keys":[37,39],"grid":[" &!,"," $!."," #!/","!","!","!","!","!","!","!","!","!","!","!","!","!"]},"5330":{"keys":[37,39],"grid":[" #!/","00","00","00","00","00","00","00","00","00"," !!0","10","10","10","10","!"]},"5328":{"keys":[37,39],"grid":[" *!(","00"," )!)"," (!*","03"," '!+","05"," &!,","07"," %!-","09"," $!.","11","11","11","11"]},"5329":{"keys":[37,39],"grid":[" $!.","00","00","00","00","00","00"," #!/","07","07","07","07","07","07","07","07"]}},"2453":{"5159":{"keys":[37,39],"grid":[" -!%"," .!$"," /!#"," 0!!"," "," "," "," "," "," "," "," "," "," "," "," "]},"5158":{"keys":[37,39],"grid":[" "," "," "," "," "," "," "," "," "," "," /!#"," .!$"," -!%","12","12","12"]},"5171":{"keys":[37,39],"grid":[" "," "," "," "," "," "," "," "," "," "," -!! $"," -!$ !"," -!%","12"," ,!&","14"]},"5172":{"keys":[37,39],"grid":[" ,!&","00"," +!'","02","02","02","02","00","00"," -!%"," .!$"," 0!!"," "," "," "," "]},"5155":{"keys":[37,39],"grid":[" "," "," "," "," ,!% !","04"," +!'","06"," *!(","08","08"," )!)"," (!*"," '!+","13"," &!,"]},"5157":{"keys":[37,39],"grid":[" "," "," "," "," "," 0!!"," /!#"," .!$","07","07","06","06","05","05","05"," "]},"5156":{"keys":[37,39],"grid":[" &!,","00","00","00"," '!+","04","04"," (!*","07"," *!("," +!'"," ,!&"," -!%"," /!#"," 0!!"," "]},"5324":{"keys":[37,39],"grid":[" "," "," "," "," "," "," "," 0!!"," .!$"," -!%","!! *!'","!% %!)","!","!","!","!"]}},"2452":{"5324":{"keys":[37,39],"grid":[" "," "," "," "," "," ","!& ,","!+ '","!- %","!/ #","!","!","!","!","!","!"]}},"2441":{"5375":{"keys":[37,39],"grid":[" /!#","00"," -!%"," +!'"," (!*"," $!.","!","!","!","!","!","!","!","!","!","!"]},"5374":{"keys":[37,39],"grid":[" "," "," "," "," "," "," "," "," "," "," "," "," "," "," "," 0!!"]}},"2446":{"5344":{"keys":[37,39],"grid":[" /!#"," "," "," "," "," "," "," "," "," "," "," "," "," "," "," "]},"5362":{"keys":[39,37],"grid":[" %!% )"," "," "," "," "," "," "," "," "," "," "," "," "," "," "," "]},"5361":{"keys":[37,39],"grid":[" "," "," "," "," "," "," "," "," "," "," "," "," "," ","!! 0","!# .!!"]},"5340":{"keys":[37,39],"grid":[" #!/","00"," !!0","!","!","!","!","!","!","!","!","!","!","!","!","!"]},"5343":{"keys":[39,37],"grid":[" "," "," ","!! 0","!# /","!$ .","!% -","06","!& ,","!' +","!( *","!) )","!* (","!+ '","!, &","!- %"]},"5337":{"keys":[37,39],"grid":[" "," "," "," "," "," "," "," 0!!","07","07","07"," /!#","11","11"," .!$","14"]},"5339":{"keys":[37,39],"grid":[" +!'"," *!(","01","01"," )!)","04","04"," (!*","07"," '!+","09"," &!,","11"," %!-"," $!.","14"]},"5338":{"keys":[37,39],"grid":[" .!$","00"," -!%","02","02","02","02"," ,!&","07","07","07","07","07"," +!'","13","13"]}},"2472":{"5252":{"keys":[37,39],"grid":[" (!*"," )!)"," *!("," +!'"," ,!&","04"," -!%"," .!$"," /!#","08","08"," 0!!","11"," "," "," "]},"5238":{"keys":[37,39],"grid":[" "," "," "," "," "," "," ","!# /","!) )","!* (","!+ '","!, &","!- %","!. $","!/ #","!"]},"5251":{"keys":[39,37],"grid":[" "," "," "," "," "," "," "," "," "," ","!! 0","!# /","!$ .","!% -","!& ,","!' +"]},"5256":{"keys":[37,39],"grid":[" (!*"," '!+","01"," &!,","03","03","03","03"," %!-","08"," $!."," #!/","11","11"," !!0","!"]},"5255":{"keys":[37,39],"grid":[" "," "," "," "," "," "," "," "," "," "," /!#"," -!%"," ,!&"," +!'"," *!("," )!)"]},"5226":{"keys":[39,37],"grid":[" "," "," ","!! 0","!$ .","!& ,","!( *","!+ '","!. $","!","!","!","!","!","!","!"]}},"2447":{"5344":{"keys":[39,37],"grid":[" ","!# /","!( *","!+ '","!. $","!0 !","!","!","!","!","!","!","!","!","!","!"]},"5346":{"keys":[37,39],"grid":[" "," /!#","01"," .!$"," ,!&"," +!'"," *!("," )!)","07","06","05"," -!%","01"," 0!!"," "," "]},"5361":{"keys":[37,39],"grid":[" "," "," "," "," /!#","04"," .!$","06"," -!%"," ,!&"," +!'"," *!("," )!)"," '!+"," $!.","!"]},"5335":{"keys":[37,39],"grid":[" .!$"," -!%"," ,!&","02","02"," +!'","05"," *!(","07","07"," )!)","10"," (!*","12","12"," '!+"]},"5334":{"keys":[37,39],"grid":[" "," "," "," "," "," "," "," "," "," "," 0!!","10"," /!#","12","12"," .!$"]},"5337":{"keys":[37,39],"grid":[" !!0","!","!","!","!","!","!","!","!","!","!","!","!","!","!","!"]},"5336":{"keys":[37,39],"grid":[" '!+"," &!,","01"," %!-","03","03"," $!.","06"," #!/","08","08","08"," !!0","12","12","12"]}},"2444":{"5362":{"keys":[37,39],"grid":[" ,!&"," -!%","01","01"," .!$","04"," /!#","06","06","06","06","06","06"," 0!!","13","13"]},"5363":{"keys":[37,39],"grid":[" 0!!","00","00","00","00","00","00","00","00","00","00","00","00","00","00"," "]},"5360":{"keys":[37,39],"grid":[" "," "," "," "," "," "," "," "," "," "," "," "," "," .!$"," ,!&"," +!'"]},"5361":{"keys":[37,39],"grid":[" +!'","00","00","00","00","00","00","00","00","00","00"," ,!&","11","11","11","11"]},"5364":{"keys":[37],"grid":[" "," "," "," "," "," "," "," "," "," "," "," "," "," "," "," "]},"5373":{"keys":[37,39],"grid":[" $!."," #!/","!","!","!","!","!","!","!","!","!","!","!","!","!","!"]},"5372":{"keys":[37,39],"grid":[" "," "," "," "," "," "," 0!!"," /!#"," .!$"," -!%"," ,!&"," *!("," )!)"," (!*"," &!,"," %!-"]}},"2445":{"5360":{"keys":[37,39],"grid":[" "," "," "," "," "," "," "," "," "," "," "," "," !!$ -","!% -","!& ,","14"]},"5361":{"keys":[39,37],"grid":[" '!+","00"," (!*","02"," )!)"," *!("," +!'","06"," ,!&"," -!%","09"," .!$"," /!#"," 0!!"," "," "]},"5366":{"keys":[37,39],"grid":[" '!+","00","00","00","00","00","00","00","00"," (!*","09","09","09","09"," )!)","14"]},"5367":{"keys":[37,39],"grid":[" )!)","00","00","00","00"," (!*","05","05","05","05","05","05","05","05","05","05"]},"5364":{"keys":[39,37],"grid":[" "," "," "," "," ","!! 0","05","05","05","05","!# /","10","10","10","10","10"]},"5365":{"keys":[37,39],"grid":[" #!/"," $!.","01","01"," %!-","04","04"," &!,","07","07","07","07","07","07"," '!+","14"]},"5368":{"keys":[37,39],"grid":[" (!*"," '!+","01","01","01","01","01","01","01","01","01","01","01","01","01","01"]},"5369":{"keys":[37,39],"grid":[" &!,","00","00","00","00","00","00","00","00","00","00","00"," '!+","12","12","12"]},"5371":{"keys":[37,39],"grid":[" )!)","00"," *!(","02","02","02","02","02","02","02","00","00","00"," (!*"," '!+"," &!,"]},"5370":{"keys":[37,39],"grid":[" '!+","00","00"," (!*","03","03","03","03","03","03","03","03","03","03"," )!)","14"]},"5372":{"keys":[37,39],"grid":[" %!-","00"," $!."," #!/"," !!0","!","!","!","!","!","!","!","!","!","!","!"]},"5343":{"keys":[37,39],"grid":[" /!#"," 0!!"," "," "," "," "," "," "," "," "," "," "," "," "," "," "]},"5342":{"keys":[37,39],"grid":[" (!*","00","00","00"," )!)","04","04"," *!("," +!'","08"," ,!&","10"," -!%","12"," .!$"," /!#"]},"5340":{"keys":[37,39],"grid":[" "," "," "," "," "," 0!!"," /!#","06"," .!$"," -!%","09"," ,!&"," +!'","12"," *!("," )!)"]},"5341":{"keys":[37,39],"grid":[" )!)"," (!*","01","01","01","01","01","01"," '!+","08","08","08","08","08","01","01"]}},"2464":{"5294":{"keys":[37,39],"grid":[" -!%","00","00"," .!$","03"," /!#","05","05"," 0!!","08","08"," "," "," "," "," "]},"5292":{"keys":[37,39],"grid":[" !!0","00"," #!/","02","02","02"," $!.","06","06","06"," %!-","10","10"," &!,","13","13"]},"5293":{"keys":[37,39],"grid":[" '!+","00"," (!*","02","02"," )!)","05","05"," *!(","08","08"," +!'","11"," ,!&","13","13"]},"5291":{"keys":[39,37],"grid":[" "," "," "," "," "," "," "," "," "," "," "," "," "," "," ","!! 0"]},"5214":{"keys":[37,39],"grid":[" !!0","00","00","00","00","00","00","!","!","!","!","!","!","!","!","!"]},"5212":{"keys":[37,39],"grid":[" "," "," "," "," "," /!#","05"," .!$","07","07","07","07"," -!%","12","12"," ,!&"]},"5213":{"keys":[37,39],"grid":[" ,!&"," +!'"," *!(","02"," )!)","04","04"," (!*","07","07"," '!+"," &!,"," %!-"," $!."," #!/","14"]},"5210":{"keys":[37,39],"grid":[" )!)"," *!(","01"," /!#"," "," "," "," "," "," "," "," "," "," "," "," "]},"5273":{"keys":[39,37],"grid":[" "," "," ","!% -","!( *","!+ '","!- %","!0 !","!","!","!","!","!","!","!","!"]},"5278":{"keys":[37,39],"grid":[" "," "," "," "," "," 0!!","05"," /!#"," .!$"," -!%","09"," ,!&"," +!'","12"," *!("," )!)"]},"5279":{"keys":[37,39],"grid":[" (!*","00"," '!+","02"," &!,"," %!-"," $!.","06"," #!/"," !!0","09","!","!","!","!","!"]},"5237":{"keys":[37,39],"grid":[" "," "," "," "," "," "," "," "," "," ","!! 0","!( *","!+ '","!- %","!/ #","!"]},"5200":{"keys":[39,37],"grid":[" "," "," "," ","!# '!! (","!% #!( $","!","!","!","!","!","!","!","!","!","!"]},"5209":{"keys":[37,39],"grid":[" &!,","00","00","00","00"," '!+","00"," %!-","00","00","07","07","00","07","00"," (!*"]},"5208":{"keys":[37,39],"grid":[" "," "," "," /!! !"," .!$"," -!%","05"," ,!&"," *!("," &!,"," %!-","10","10","10","10","09"]},"5262":{"keys":[37,39],"grid":[" "," "," "," "," .!$"," ,!&"," )!)"," &!,"," $!."," #!/"," !!0","!","!","!","!","!"]},"5300":{"keys":[37,39],"grid":[" "," "," "," "," "," "," "," "," "," /!#"," -!%"," +!'","11","11","11"," *!("]},"5244":{"keys":[37,39],"grid":[" #!/"," $!."," &!,"," (!*"," )!)"," +!'"," .!$"," 0!!"," "," "," "," "," "," "," "," "]},"5226":{"keys":[37,39],"grid":[" /!#"," 0!!"," "," "," "," "," "," "," "," "," "," "," "," "," "," "]},"5243":{"keys":[39,37],"grid":[" "," "," "," "," "," "," "," "," "," "," "," "," "," "," ","!! 0"]},"5225":{"keys":[39,37],"grid":[" "," "," "," "," #!! ."," !!% ,","!* (","!) )","07","07","07","07","06","06","!, &","!. $"]},"5301":{"keys":[37,39],"grid":[" )!)"," '!+"," %!-"," $!."," #!/"," !!0","05","!","!","!","!","!","!","!","!","!"]}},"2465":{"5298":{"keys":[37,39],"grid":[" %!-"," &!,"," '!+","02"," )!)","04"," *!(","06","06"," +!'","09","09","09","09","06","06"]},"5299":{"keys":[37,39],"grid":[" *!(","00","00","00","00","00","00","00"," +!'","08","08","08","08","08"," ,!&","14"]},"5296":{"keys":[37,39],"grid":[" $!.","00","00","00","00","00","00","00","00","00","00","00"," #!/","12","12","12"]},"5297":{"keys":[37,39],"grid":[" #!/","00","00","00"," $!.","04"," %!-","04","04","04","04","04","00","00","04","04"]},"5294":{"keys":[39,37],"grid":[" "," "," "," "," "," "," "," "," "," "," "," "," "," ","!! 0","14"]},"5295":{"keys":[37,39],"grid":[" !!0","00","00","!","!","!","00","00","00","00","00"," #!/","11","11"," $!.","14"]},"5212":{"keys":[37,39],"grid":[" &!,"," %!-"," $!."," #!/"," !!0","!","!","!","!","!","!","!","!","!","!","!"]},"5210":{"keys":[39,37],"grid":[" "," "," !!$ -","!% -","!& ,","!' +","05","!( *","07","!) )","09","!* (","11","11","11","!+ '"]},"5211":{"keys":[37,39],"grid":[" +!'","00","00","00","00","00","00","00","00"," *!("," (!*","10"," '!+","12","12"," &!,"]},"5274":{"keys":[37,39],"grid":[" (!*"," )!)","01","01"," *!(","04","04"," +!'","07","07"," ,!&","10","10","10","10","10"]},"5275":{"keys":[37,39],"grid":[" -!%","00"," .!$"," 0!!"," "," "," "," "," "," "," "," "," "," "," "," "]},"5277":{"keys":[37,39],"grid":[" "," "," "," "," "," "," 0!!"," /!#"," -!%"," ,!&"," +!'"," )!)"," (!*"," '!+"," &!,"," %!-"]},"5273":{"keys":[39,37],"grid":[" "," "," "," "," "," "," "," ","!! 0","!$ .","!% -","10","!& ,","!' +","13","!( *"]},"5278":{"keys":[37,39],"grid":[" $!."," #!/","01"," !!0","!","!","!","!","!","!","!","!","!","!","!","!"]},"5237":{"keys":[37],"grid":[" "," "," "," "," "," "," "," "," "," "," "," "," "," "," "," "]},"5238":{"keys":[39,37],"grid":[" $!."," &!) $"," "," "," "," "," "," "," "," "," "," "," "," "," "," "]},"5200":{"keys":[39,37],"grid":[" "," "," "," "," "," ","!! 0","!% -","!, &","!/ #","!","!","!","!","!","!"]},"5207":{"keys":[37,39],"grid":[" )!)","00","00","00"," *!("," +!'"," ,!&","05","04","00","00","00","00"," (!*"," '!+","14"]},"5206":{"keys":[37,39],"grid":[" "," "," "," "," "," "," "," "," "," "," "," "," *!("," )!)","13","13"]},"5208":{"keys":[37,39],"grid":[" &!,"," %!-"," $!.","02","!! !!/","!","!","!","!","!","!","!","!","!","!","!"]},"5262":{"keys":[37,39],"grid":[" -!%"," )!)"," %!-","!","!","!","!","!","!","!","!","!","!","!","!","!"]},"5261":{"keys":[37],"grid":[" "," "," "," "," "," "," "," "," "," "," "," "," "," "," "," "]},"5300":{"keys":[37,39],"grid":[" ,!&","00","00"," +!'"," *!("," )!)"," &!,"," %!-"," #!/","!","!","!","!","!","!","!"]},"5244":{"keys":[39,37],"grid":[" "," "," "," "," "," 0!!"," .!$"," ,!&","!% &!(","!","!","!","!","!","!","!"]},"5226":{"keys":[39,37],"grid":[" "," +!$ $","!! )!& #","!( !!)","!","!","!","!","!","!","!","!","!","!","!","!"]}},"2466":{"5238":{"keys":[39,37],"grid":[" ,!# $"," "," "," "," "," "," "," "," "," "," "," "," "," "," "," "]},"5275":{"keys":[39,37],"grid":[" "," "," "," "," ","!! 0","05","!# /","!$ .","08","08","08","!% -","!& ,","13","13"]},"5276":{"keys":[37,39],"grid":[" '!+"," (!*","01","01"," )!)","04"," *!(","06"," +!'","08","08","08"," ,!&","08","08","08"]},"5277":{"keys":[37,39],"grid":[" )!)"," (!*"," &!,"," %!-"," #!/","!","!","!","!","!","!","!","!","!","!","!"]},"5262":{"keys":[39,37],"grid":[" +!'"," /!#"," "," "," "," "," "," "," "," "," "," "," "," "," "," "]},"5261":{"keys":[37],"grid":[" "," "," "," "," "," "," "," "," "," "," "," "," "," "," "," "]},"5244":{"keys":[39,37],"grid":[" "," "," "," %!+ #"," !!0","!","!","!","!","!","!","!","!","!","!","!"]},"5226":{"keys":[39,37],"grid":[" "," "," "," ","!! .!#","!$ %!*","!","!","!","!","!","!","!","!","!","!"]},"5237":{"keys":[37,39],"grid":[" "," "," "," "," "," "," "," "," 0!!","08"," /!#","10","10","10","10"," .!$"]},"5201":{"keys":[37,39],"grid":[" 0!!"," "," "," "," "," "," "," "," "," "," "," "," "," "," "," "]},"5200":{"keys":[39,37],"grid":[" "," "," "," "," "," "," "," "," "," +!# %","!& $!% %","!- %","!. $","12","12","12"]},"5206":{"keys":[37,39],"grid":[" "," "," "," "," "," 0!!"," .!$"," -!%"," *!("," (!*"," %!-"," !!0","!","!","!","!"]}},"2467":{"5262":{"keys":[37,39],"grid":[" "," "," ","!$ .","!' %!'","!","!","!","!","!","!","!","!","!","!","!"]},"5245":{"keys":[37,39],"grid":[" .!$"," /!#","01"," 0!!","03","03","03"," "," "," "," "," "," "," "," "," "]},"5244":{"keys":[39,37],"grid":[" "," "," "," "," ","!# /","!$ .","!& ,","!' +","!( *","!) )","!* (","!+ '","!, &","!- %","14"]},"5226":{"keys":[39,37],"grid":[" "," "," "," $!$ +","!","!","!","!","!","!","!","!","!","!","!","!"]},"5237":{"keys":[37,39],"grid":[" "," "," 0!!"," .!$"," !!% %!("," !!& #!)","!","!","!","!","!","!","!","!","!","!"]},"5201":{"keys":[39,37],"grid":[" ","!! 0","!# /","!$ .","03","!% -","!( *","!+ '","!- %","!. $","!/ #","!","!","!","!","!"]},"5203":{"keys":[37,39],"grid":[" /!#"," 0!!"," "," "," "," "," "," "," "," "," "," "," "," "," "," "]},"5202":{"keys":[37,39],"grid":[" "," "," "," "," "," "," "," "," 0!!"," /!#"," .!$","10","10","10","10","09"]},"5205":{"keys":[37,39],"grid":[" 0!!","00","00"," /!#","03","03","03","03"," .!$","08"," -!%","10"," ,!&"," +!'"," *!("," )!)"]},"5204":{"keys":[37,39],"grid":[" "," "," "," "," "," "," "," "," "," "," "," "," "," "," "," 0!!"]},"5206":{"keys":[37,39],"grid":[" (!*"," $!."," !!0","02","!","!","!","!","!","!","!","!","!","!","!","!"]}},"2460":{"5317":{"keys":[37,39],"grid":[" /!#","00","00","00"," .!$","04","04","04","04"," -!%","09","09"," ,!&","12","12"," +!'"]},"5155":{"keys":[37,39],"grid":[" "," "," "," "," "," "," "," "," "," "," "," "," (!$ &!!"," '!' #!#"," &!,","14"]},"5156":{"keys":[37,39],"grid":[" &!,","00","00"," %!-"," $!."," #!/"," !!0","!","!","!","!","!","!","!","!","!"]},"5217":{"keys":[37],"grid":[" "," "," "," "," "," "," "," "," "," "," "," "," "," "," "," "]},"5315":{"keys":[37,39],"grid":[" )!)"," *!("," +!'","02"," ,!&"," -!%","05"," .!$","07","07"," /!#","10"," 0!!","12","12","12"]},"5139":{"keys":[37,39],"grid":[" %!-","00"," &!,"," '!+"," )!)"," *!(","05"," +!'","07","07"," ,!&","10","10"," -!%","13"," .!$"]},"5138":{"keys":[37,39],"grid":[" .!$"," -!%","01"," ,!&","03"," *!("," )!)","06","06"," (!*","09","09","09"," '!+"," %!-"," $!."]},"5137":{"keys":[37],"grid":[" "," "," "," "," "," "," "," "," "," "," "," "," "," "," "," "]},"5192":{"keys":[39,37],"grid":[" $!."," '!+"," )!)"," +!'"," -!%"," "," "," "," "," "," "," "," "," "," ","!! 0"]},"5133":{"keys":[37,39],"grid":[" *!(","00"," +!'","02","02"," ,!&"," -!%"," /!#"," "," "," "," "," "," "," "," "]},"5132":{"keys":[37,39],"grid":[" #!/"," $!."," %!-"," '!+","03"," (!*","05"," )!)"," *!(","08"," +!'","10","10","08","08","08"]},"5131":{"keys":[39,37],"grid":[" "," "," "," "," "," "," "," "," "," "," ","!! 0","!# /","12","12","12"]},"5130":{"keys":[37,39],"grid":[" %!-"," $!.","01","00","00"," &!,","05","00"," !!0","!","!","!","!","!","!","!"]},"5238":{"keys":[37,39],"grid":[" ","!# /","!% -","!& ,","!( *","!* (","!, &","!0 !","!","!","!","!","!","!","!","!"]},"5318":{"keys":[37,39],"grid":[" +!'"," *!("," )!)","02"," (!*"," '!+"," &!,"," #!/","!","!","!","!","!","!","!","!"]},"5199":{"keys":[37,39],"grid":[" (!*"," (!# ("," "," "," "," "," "," "," "," "," "," "," "," "," "," "]},"5198":{"keys":[37,39],"grid":[" *!(","00","00"," )!)"," (!*","04"," '!+","06","06","06","06","06","06","06","06","06"]},"5195":{"keys":[39,37],"grid":[" "," "," "," "," "," "," "," "," "," "," "," "," "," "," ","!& ,"]},"5197":{"keys":[37,39],"grid":[" "," "," "," "," 0!!","04","04","04"," /!#","08","08"," .!$"," -!%"," ,!&","13"," +!'"]},"5196":{"keys":[37,39],"grid":[" &!,","00","00","00"," '!+"," *!("," +!'"," ,!&","07"," -!%"," .!$"," /!#"," "," "," "," "]},"5191":{"keys":[37,39],"grid":[" "," "," "," "," "," "," "," "," "," "," "," "," "," "," ","!! 0"]},"5316":{"keys":[37,39],"grid":[" 0!!","00"," "," "," "," "," "," "," ","00","00","00","00","00","00"," /!#"]},"5193":{"keys":[37,39],"grid":[" #!/"," !!0","01","!","!","!","!","!","!","!","!","!","!","!","!","!"]},"5314":{"keys":[39,37],"grid":[" "," "," "," "," "," "," "," ","!! 0","!# /","!$ .","10","!% -","!& ,","!' +","!( *"]},"5281":{"keys":[37,39],"grid":[" "," "," "," "," "," "," "," "," "," "," "," "," "," "," "," /!#"]},"5283":{"keys":[37,39],"grid":[" )!)"," +!'"," -!%"," .!$","03"," /!#"," 0!!","06"," "," "," "," "," "," "," "," "]},"5282":{"keys":[37,39],"grid":[" *!("," $!.","!","!","!","!","!","!","!","!","!","!","!","!"," !!0","01"]},"5140":{"keys":[37,39],"grid":[" .!$"," /!#"," "," "," "," "," "," "," "," "," "," "," "," "," "," "]},"5128":{"keys":[37,39],"grid":[" 0!!"," /!#","00","00"," "," ","!# '!( !","!$ $!+"," !!0"," #!/","09","08","!","!","!","!"]},"5129":{"keys":[37,39],"grid":[" !!0","00","00","00","00"," #!/","05"," %!-"," '!+"," (!*","09","08","08","08","09"," &!,"]},"5125":{"keys":[37,39],"grid":[" "," "," "," /!#"," -!%"," +!'"," *!("," &!,","07","07"," %!-"," $!.","10","10","07","10"]},"5126":{"keys":[37,39],"grid":[" &!,","00","00"," '!+","03","03"," (!*"," )!)","07","07","07","07","07","07"," *!("," ,!&"]},"5127":{"keys":[37,39],"grid":[" /!#","00","00","00","00"," .!$","05","00","00","05","05","00"," "," "," "," "]},"5120":{"keys":[39,37],"grid":[" "," "," ","!! 0","!# /","!$ .","!% -","!& ,","!' +","!( *","!) )","09","09","09","09","!* ("]},"5121":{"keys":[37,39],"grid":[" +!'"," ,!&","01","01","01"," -!%","05","05","05"," .!! #"," "," "," "," "," "," "]},"5123":{"keys":[37],"grid":[" "," "," "," "," "," "," "," "," "," "," "," "," "," "," "," "]},"5186":{"keys":[37,39],"grid":[" +!'"," ,!&","01"," -!%"," .!$"," "," "," "," "," "," "," "," "," "," "," "]},"5185":{"keys":[39,37],"grid":[" "," "," ","!! 0","03","03","03","03","!# /","08","!$ .","!% -","!& ,","!' +","!) )","!* ("]},"5303":{"keys":[37,39],"grid":[" "," "," "," "," "," "," "," "," "," "," "," "," "," "," "," !!! /"]},"5304":{"keys":[39,37],"grid":[" &!+ !"," +!$ $"," "," "," "," "," "," "," "," "," "," "," "," "," "," "]},"5243":{"keys":[39,37],"grid":[" "," "," "," "," "," "," ","!$ -!!","!","!","!","!","!","!","!","!"]}},"2461":{"5303":{"keys":[37,39],"grid":[" "," "," "," "," "," "," "," /!#"," .!$"," ,!&"," +!'"," *!("," )!)"," (!*"," &!,"," #!/"]},"5155":{"keys":[37,39],"grid":[" "," "," "," "," "," "," "," "," "," 0!!"," /!#"," .!$","!$ *!%","!$ )!&","!% %!)","!"]},"5216":{"keys":[37,39],"grid":[" "," "," "," "," "," "," "," "," "," "," $!$ +"," #!& *"," !!) (","!, &","!. $","!0 !"]},"5217":{"keys":[39,37],"grid":[" ","!! 0"," "," "," "," "," ","01","!# /","08","!$ .","10","10","!% $!# (","!+ '","14"]},"5225":{"keys":[37,39],"grid":[" *!("," +!'"," ,!&"," -!%","02","02","02","01","02","02","03"," .!$"," /!#","12"," 0!!"," "]},"5138":{"keys":[39,37],"grid":[" ,!! %"," "," "," "," "," "," "," "," "," "," "," "," "," "," "," "]},"5137":{"keys":[37,39],"grid":[" %!-","00","00"," &!,"," )!)","04"," (!*","06","06","06","06","06"," $!# $!)"," $!$ $!("," #!% %!'","!) $!&"]},"5136":{"keys":[37,39],"grid":[" #!/","00","00","00"," !!0","04","04","04","04","04","04","04","00","00"," $!."," %!-"]},"5135":{"keys":[37,39],"grid":[" '!+"," (!*"," )!)","01","00"," &!,","05","05"," %!-","08"," $!.","10"," #!/","12","12","12"]},"5134":{"keys":[37,39],"grid":[" '!+"," &!,"," %!-","02"," $!.","04","04","04","04","04","02","01","01","01","01","01"]},"5133":{"keys":[39,37],"grid":[" "," "," "," "," "," "," "," "," ","!$ .","!& ,","10","10","10","10","!' +"]},"5218":{"keys":[37,39],"grid":[" +!'","00"," "," "," "," "," "," "," "," "," "," "," "," "," "," "]},"5238":{"keys":[37,39],"grid":[" "," 0!!","01"," /!#"," .!$"," -!%"," *!("," $!.","!","!","!","!","!","!","!","!"]},"5199":{"keys":[37,39],"grid":[" '!$ ("," "," "," "," "," "," "," "," "," "," "," "," "," "," "," "]},"5198":{"keys":[39,37],"grid":[" "," "," "," "," "," "," "," "," "," "," "," "," "," "," /!#"," ,!&"]},"5197":{"keys":[37,39],"grid":[" !!0","!","!","!","!","!","!","!","!","!","!","!","!","!","!","!"]},"5196":{"keys":[39,37],"grid":[" "," "," "," "," "," "," "," "," "," "," "," "," "," ","!! 0","14"]},"5191":{"keys":[37,39],"grid":[" "," "," "," "," "," "," "," "," "," "," "," /!#"," .!$"," -!%"," ,!&"," +!'"]},"5192":{"keys":[37,39],"grid":[" *!("," )!)"," '!+"," &!,"," %!-","!","!","!","!","!","!","!","!","!","!","!"]},"5281":{"keys":[37,39],"grid":[" "," "," "," "," "," "," "," "," "," "," "," "," "," ,!&"," (!*","!"]},"5283":{"keys":[39,37],"grid":[" "," "," "," "," "," "," "," "," "," "," ","!! 0","11","11","!# /","14"]},"5142":{"keys":[37,39],"grid":[" "," "," "," "," "," 0!!","05","05"," "," "," "," "," "," "," "," "]},"5284":{"keys":[37,39],"grid":[" $!.","00"," &!,"," '!+"," )!)"," ,!&"," 0!!"," "," "," "," "," "," "," "," "," "]},"5140":{"keys":[39,37],"grid":[" "," ","!& ,","02","02","02","!' +","06","06","06","06","02","02","02","06","!' %!# %"]},"5141":{"keys":[37,39],"grid":[" (!# %!$"," .!$","01"," -!%","03","03","03","01","01"," "," "," "," "," "," "," "]},"5128":{"keys":[39,37],"grid":[" "," "," "," "," "," "," ","!! 0"," "," "," !!! /"," "," "," "," "," "]},"5124":{"keys":[37,39],"grid":[" $!."," &!,","01","01","01"," %!-","05","05","05","05","05","05","05","05","05","05"]},"5125":{"keys":[37,39],"grid":[" %!-","00"," !!0","!","!","!","!","!","!","!","!","!","!","!","!","!"]},"5127":{"keys":[39,37],"grid":[" "," "," "," "," "," "," "," "," "," "," "," "," ","!! 0","!# /","14"]},"5121":{"keys":[39,37],"grid":[" "," "," "," "," "," "," "," "," ","!# /","09","!% -","!& ,","12","!' +","14"]},"5122":{"keys":[37,39],"grid":[" '!+","00","00"," (!*"," )!)"," +!'"," ,!&","06","05"," *!(","09","04","03","03","00"," $!."]},"5123":{"keys":[37,39],"grid":[" #!/"," !!0","01","01","01","01","01","!","!","!","01","00","00","00","00","00"]},"5186":{"keys":[39,37],"grid":[" "," "," "," "," !!! /","!' +","05","!) $!% !","!* !!'","!","!","!","!","!","!","!"]},"5223":{"keys":[37],"grid":[" "," "," "," "," "," "," "," "," "," "," "," "," "," "," "," "]},"5222":{"keys":[37],"grid":[" "," "," "," "," "," "," "," "," "," "," "," "," "," "," "," "]},"5221":{"keys":[37,39],"grid":[" "," "," "," "," "," "," 0!!","06","06","06","06","06"," "," "," "," "]},"5220":{"keys":[37],"grid":[" "," "," "," "," "," "," "," "," "," "," "," "," "," "," "," "]},"5304":{"keys":[39],"grid":[" "," "," "," "," "," "," "," "," "," "," "," "," "," "," "," "]},"5226":{"keys":[37,39],"grid":[" "," "," 0!!"," /!#"," .!$","04","04","04","03"," "," "," "," "," "," "," "]},"5243":{"keys":[39,37],"grid":[" .!$"," ,!&"," *!("," )!)"," '!+"," %!-"," $!.","!","!","!","!","!","!","!","!","!"]},"5224":{"keys":[37,39],"grid":[" .!$","00"," -!%"," *!("," %!-","04","04","04"," &!,","08"," '!+","10","10","10","10","10"]},"5242":{"keys":[39,37],"grid":[" "," "," "," "," "," "," "," "," "," "," "," "," "," "," "," /!#"]}},"2462":{"5303":{"keys":[37,39],"grid":[" )!)","00"," %!-"," $!.","03"," !!0","!","!","!","!","!","!","!","!","!","!"]},"5151":{"keys":[37,39],"grid":[" -!%","00","00","00"," .!$"," 0!!"," "," "," "," "," "," "," "," "," "," "]},"5150":{"keys":[37,39],"grid":[" '!+","00"," (!*"," )!)","03"," *!(","05"," +!'","07","07","07","07"," ,!&","12","12"," -!%"]},"5155":{"keys":[37,39],"grid":[" ,!&","00","00","00"," +!'","00","00"," !!# (!'","!& %!(","!","!","!","!","!","!","!"]},"5154":{"keys":[37,39],"grid":[" "," "," "," "," "," "," "," "," "," "," "," "," "," "," "," ,!&"]},"5216":{"keys":[37,39],"grid":[" "," "," "," "," "," "," "," "," 0!!"," /!#"," -!%"," ,!&"," +!'","12"," *!("," )!)"]},"5217":{"keys":[39],"grid":[" "," "," "," "," "," "," "," "," "," "," "," "," "," "," "," "]},"5224":{"keys":[39,37],"grid":[" !!! /"," "," "," "," "," "," "," "," "," "," "," "," "," "," "," "]},"5218":{"keys":[39,37],"grid":[" "," "," ","!! 0","!# /","!$ .","!( *","!+ '","!- %","!/ #","!","!","!","!","!","!"]},"5238":{"keys":[39],"grid":[" "," "," "," "," "," "," "," "," "," "," "," "," "," "," "," "]},"5199":{"keys":[37,39],"grid":[" /!#","00","00"," 0!!","03","03","03","03","03"," "," "," "," "," "," "," "]},"5198":{"keys":[39,37],"grid":[" "," "," "," "," "," "," "," "," "," "," "," "," $!% !!$ &"," !!+ &","!- %","!. $"]},"5191":{"keys":[37,39],"grid":[" "," "," &!' &"," %!) %"," $!- !"," #!/"," !!0","06","05","05","!","!","!","!","!","!"]},"5237":{"keys":[37,39],"grid":[" "," "," "," &!& '"," &!) $"," &!* #"," &!+ !"," %!-","07"," $!.","09"," #!/","11"," !!0","13","!"]},"5146":{"keys":[37,39],"grid":[" %!-","00","00","00","00"," &!,","05"," '!+","07","07","07","07","07","07","07","05"]},"5148":{"keys":[37,39],"grid":[" +!'"," ,!&"," -!%","02","02","02","02","02","01","01","02","02","02","02","02","02"]},"5149":{"keys":[37,39],"grid":[" -!%","00","00","00"," '!# &!$"," &!& $!$"," &!' !!%"," &!,","07","07","07","07","07","07"," '!+","14"]},"5281":{"keys":[37,39],"grid":[" "," "," "," "," "," "," 0!!"," /!#"," .!$"," +!'"," (!*"," &!,","!","!","!","!"]},"5147":{"keys":[37,39],"grid":[" &!,","00"," '!+","02","02","02"," (!*","06","06","02","02","06"," )!)"," *!(","13","13"]},"5144":{"keys":[37,39],"grid":[" .!$"," /!#","01"," 0!!","03"," "," "," ","01","00"," -!%","10","10","00","01","01"]},"5145":{"keys":[37,39],"grid":[" /!#","00","00","00","00"," 0!!"," "," "," "," "," ","05"," ,!&"," '!+"," &!,"," %!-"]},"5142":{"keys":[37,39],"grid":[" %!-"," $!."," #!/"," !!0","!","!","!","!","!","02","00","00"," &!,"," (!*"," )!)","14"]},"5284":{"keys":[39,37],"grid":[" "," "," "," "," "," "," ","!! 0","!% -","!' +","!* (","!, &","!- %","!/ #","!0 !","!"]},"5143":{"keys":[37,39],"grid":[" )!)","00","00","00","00","00","00"," *!("," +!'"," ,!&","09","09","09","09","09"," -!%"]},"5268":{"keys":[37,39],"grid":[" +!'"," *!(","01"," )!)","03"," (!*","05"," '!+","07","07"," &!,","10","10","10","10","07"]},"5141":{"keys":[39,37],"grid":[" "," "," "," "," "," "," "," "," ","!$ .","!% -","!& ,","11","11","11","10"]},"5267":{"keys":[37,39],"grid":[" -!%","00"," .!$","02","02","02","02","02","02","02","02","02","00","00"," ,!&"," +!'"]},"5266":{"keys":[37,39],"grid":[" +!'","00"," *!(","02","02","02","02","02"," )!)","02","02","00","00","00"," ,!&","14"]},"5265":{"keys":[37,39],"grid":[" "," "," "," "," "," "," "," 0!!"," /!#","08"," .!$"," -!%","11"," ,!&","13"," +!'"]},"5186":{"keys":[39,37],"grid":[" "," "," "," "," "," "," "," "," "," ","!! 0","!$ .","!% -","!' +","!( *","!* ("]},"5187":{"keys":[37,39],"grid":[" ,!&"," /!#"," "," "," "," "," "," "," "," "," "," "," "," "," "," "]},"5223":{"keys":[37,39],"grid":[" '!+","00","00","00"," (!*","00","00","00","00"," &!,","09","09","09","09"," %!-"," $!."]},"5222":{"keys":[39,37],"grid":[" "," "," "," "," "," "," ","!! 0","07","!# /","09","09","!$ .","12","!% -","!& ,"]},"5302":{"keys":[37,39],"grid":[" "," "," "," "," "," "," "," "," "," "," 0!!"," /!#","11"," .!$"," ,!&"," *!("]},"5220":{"keys":[37,39],"grid":[" "," "," "," "," "," "," 0!!"," +!'"," '!+"," #!/","!","!","!","!","!"," !!0"]},"5226":{"keys":[39,37],"grid":[" "," 0!!","01"," -!! #!!"," *!("," (!*"," '!+"," $!."," #!/","!","!","!","!","!","!","!"]},"5269":{"keys":[37,39],"grid":[" '!+","00","00"," (!*","03"," )!)","05"," *!("," +!'"," ,!&"," -!%"," .!$"," /!#"," 0!!"," "," "]},"5242":{"keys":[39,37],"grid":[" "," "," "," "," "," "," "," "," "," "," "," "," "," "," !!& +","!"]},"5221":{"keys":[37,39],"grid":[" !!0","00","00","!","!","!","!","!","!","!","!","!","!","00","00","00"]}},"2463":{"5189":{"keys":[37,39],"grid":[" #!/","00"," $!.","02","02","02"," %!-","06"," &!,","08"," '!+","10","08","08","10"," (!*"]},"5151":{"keys":[39,37],"grid":[" "," "," "," "," "," "," ","!! 0","!# /","08","08","!$ .","11","11","11","11"]},"5153":{"keys":[37,39],"grid":[" /!#","00","00","00","00","00","00","00","00","00","00","00","00"," .!$","00","00"]},"5152":{"keys":[37,39],"grid":[" $!."," %!-"," '!+"," )!)"," *!("," ,!&"," .!$","06","06","06","06","06","06"," /!#","13"," 0!!"]},"5154":{"keys":[37,39],"grid":[" /!#","00","00"," .!$","03","03","03","03","03","03","03"," -!%","11"," ,!&"," '!+","!"]},"5290":{"keys":[37,39],"grid":[" )!)"," *!(","01","01","01"," +!'","05","05"," ,!&","08","08","08"," -!%","12","12","12"]},"5291":{"keys":[37,39],"grid":[" .!$","00","00","00"," /!#","04","04"," 0!!","07","07","07"," "," "," "," "," "]},"5216":{"keys":[37,39],"grid":[" &!,","00"," %!-"," $!."," #!/"," !!0","!","!","!","!","!","!","!","!","!","!"]},"5214":{"keys":[37,39],"grid":[" "," "," "," "," "," "," "," "," "," "," 0!!","10","10"," /!#"," .!$","14"]},"5215":{"keys":[37,39],"grid":[" -!%","00"," ,!&","02"," +!'","04"," *!(","06","06"," )!)"," '!+","10"," &!,","12","12","12"]},"5225":{"keys":[39,37],"grid":[" "," "," "," "," "," "," "," "," "," "," 0!!"," .!$"," -!%"," ,!&"," %!# %!'"," $!% #!("]},"5218":{"keys":[39,37],"grid":[" "," "," "," "," "," "," "," "," "," ","!( *","!+ '","11","11","!, &","14"]},"5219":{"keys":[37,39],"grid":[" ,!&"," -!%"," .!$","02","02","01","01","01","01","02","02","02","02","01","01"," +!'"]},"5270":{"keys":[37,39],"grid":[" $!."," %!-","01"," &!,"," '!+","04"," (!*","06"," )!)","08","08"," *!(","11","11","11","11"]},"5271":{"keys":[37,39],"grid":[" *!(","00","00","00","00","00","00","00","00","00"," )!)"," (!*","11"," '!+"," &!,"," %!-"]},"5272":{"keys":[37,39],"grid":[" %!-"," $!.","01"," #!/","03","03"," !!0","06","03","03","01","00"," &!,"," (!*"," *!("," ,!&"]},"5273":{"keys":[37,39],"grid":[" .!$"," 0!!"," "," "," "," "," "," "," "," "," "," "," "," "," "," "]},"5191":{"keys":[37,39],"grid":[" +!'"," ,!&","01","01","01","01","01","01","01","00","!! *!'","!# (!(","!$ %!*","!","!","!"]},"5279":{"keys":[37,39],"grid":[" "," "," "," "," "," "," "," "," "," "," "," "," "," 0!!","13"," /!#"]},"5237":{"keys":[37,39],"grid":[" "," "," "," "," "," "," "," ","!$ .","!& ,","!) %!%","!","!","!","!","!"]},"5289":{"keys":[37,39],"grid":[" %!-","00"," &!,","02","02","02"," '!+","06","06"," (!*","09","09","09"," )!)","13","13"]},"5288":{"keys":[37,39],"grid":[" %!-","00"," $!.","02","02","02","02","02","02","00","00","00","00","00","00","00"]},"5269":{"keys":[39,37],"grid":[" "," "," "," "," "," "," "," "," "," "," "," "," "," "," ","!! 0"]},"5281":{"keys":[37,39],"grid":[" &!,"," %!-"," $!."," #!/","03"," !!0","!","!","!","!","!","!","!","!","!","!"]},"5280":{"keys":[37,39],"grid":[" /!#"," .!$","01"," -!%","03","03"," ,!&","06"," +!'","08"," *!("," )!)","11"," (!*","13"," '!+"]},"5144":{"keys":[39],"grid":[" "," "," "," "," "," "," "," "," "," "," "," "," "," "," "," "]},"5145":{"keys":[39,37],"grid":[" "," "," "," "," "," "," ","!% -","07","07","!! 0"," "," "," "," "," "]},"5285":{"keys":[37,39],"grid":[" !!0"," #!/","01"," $!.","03"," %!-","05"," &!,","07"," '!+","09","09","09"," (!*","13","13"]},"5284":{"keys":[39,37],"grid":[" "," "," "," "," "," "," "," "," "," "," "," "," "," "," ","!! 0"]},"5287":{"keys":[37,39],"grid":[" (!*"," '!+","01","01","01"," &!,","05","05","05","05"," %!-","10","10","10","10","10"]},"5286":{"keys":[37,39],"grid":[" (!*"," )!)","01","01","01","01","01","01","01","01","01","00","00","00","00","00"]},"5200":{"keys":[37,39],"grid":[" #!/"," !!% %!("," !!# )!&"," .!$"," "," "," "," "," "," "," "," "," "," "," "," "]},"5199":{"keys":[39,37],"grid":[" "," "," "," "," "," "," "," "," "," ","!! 0","10","10","10","10","!# /"]},"5262":{"keys":[37,39],"grid":[" "," "," "," "," "," "," "," "," "," "," "," 0!!"," .!$"," -!%","13"," ,!&"]},"5265":{"keys":[37,39],"grid":[" %!-"," $!.","01"," #!/"," !!0","!","!","!","!","!","!","!","!","!","!","!"]},"5264":{"keys":[37,39],"grid":[" ,!&","00","00","00"," +!'","04"," *!(","06"," )!)","08","08"," (!*","11"," '!+"," &!,","14"]},"5263":{"keys":[37,39],"grid":[" ,!&","00","00"," +!'","03","03"," *!(","03","03","03","00","00","00","00","00","00"]},"5187":{"keys":[39,37],"grid":[" "," "," ","!! 0","!# /","!$ .","!+ '","!- %","!. $","!/ #","!0 !","10","!","!","!","10"]},"5190":{"keys":[37,39],"grid":[" *!(","00","00","00","00","00","00"," +!'"," ,!&","08","08","08","07","07","07","07"]},"5302":{"keys":[37,39],"grid":[" &!,","00"," %!-","02"," $!.","04","04"," #!/"," !!0","!","!","!","!","!","!","!"]},"5220":{"keys":[37,39],"grid":[" *!("," )!)"," '!+"," %!-"," $!."," #!/","!","!","!","!","!","!","!","!","!","!"]},"5226":{"keys":[39,37],"grid":[" !!0","!","!","!","!","!","!","!","!","!","!","!","!","!","!","!"]},"5243":{"keys":[37,39],"grid":[" '!+"," (!*"," )!)"," *!("," +!'","04"," ,!&"," -!%","07"," .!$"," /!#","10","10"," 0!!"," "," "]},"5242":{"keys":[39,37],"grid":[" "," "," "," "," "," "," "," "," "," "," "," "," "," "," ","!% -"]},"5301":{"keys":[37,39],"grid":[" "," "," "," "," "," "," "," 0!!"," /!#"," .!$"," -!%"," *!("," )!)","12","12"," (!*"]},"5188":{"keys":[37,39],"grid":[" /!#"," .!$"," -!%"," ,!&","03","03","03"," +!'","07"," *!("," )!)","10"," (!*"," %!-"," $!."," #!/"]}},"2440":{"5375":{"keys":[37,39],"grid":[" "," "," "," "," "," "," 0!!"," .!$","07"," -!%"," ,!&","10","10"," +!'","13"," *!("]}},"2448":{"5344":{"keys":[39,37],"grid":[" "," "," "," "," "," ","!& ,","!( *","!) )","08","!* (","!+ '","!, &","12","12","12"]},"5345":{"keys":[37,39],"grid":[" ,!&","00","00"," +!'","03","03","03","03","03"," *!(","09"," )!)","11"," (!*"," &!,"," #!/"]},"5346":{"keys":[39,37],"grid":[" "," "," "," "," "," "," "," "," "," "," "," "," .!# !"," -!%"," +!'","!! &!+"]},"5361":{"keys":[37,39],"grid":[" '!+"," &!,"," $!."," !!0","!","!","!","!","!","!","!","!","!","!","!","!"]},"5360":{"keys":[37,39],"grid":[" )!)","00","00"," *!(","03"," +!'"," ,!&","06","06","06","06","05","05","03","00"," (!*"]},"5359":{"keys":[37,39],"grid":[" %!-","00"," '!+"," )!)"," +!'"," ,!&"," -!%","06","06"," .!$","06","05","05","04"," *!(","03"]},"5358":{"keys":[37,39],"grid":[" "," 0!!"," .!$"," -!%"," ,!&"," +!'"," )!)"," '!+","07"," &!,","09","09","09","09","09"," %!-"]},"5333":{"keys":[37,39],"grid":[" 0!!"," /!#","01"," .!$"," -!%"," ,!&","05"," +!'"," *!(","08"," )!)","10"," (!*","12"," '!+","14"]},"5332":{"keys":[37],"grid":[" "," "," "," "," "," "," "," "," "," "," "," "," "," "," "," "]},"5334":{"keys":[37,39],"grid":[" &!,"," %!-","01"," $!.","03"," #!/","05"," !!0","!","!","!","!","!","!","!","!"]}},"2449":{"5357":{"keys":[37,39],"grid":[" &!,"," '!+"," (!*","02"," )!)"," *!(","05","05","05","04","04","02","01"," %!-"," $!."," !!0"]},"5356":{"keys":[37,39],"grid":[" "," "," -!%"," +!'"," )!)"," '!+"," &!,","06"," %!-","08","08","08","08","08","08","06"]},"5346":{"keys":[39,37],"grid":[" "," "," "," "," "," "," "," "," "," "," "," "," "," &!! +","!( *","14"]},"5347":{"keys":[37,39],"grid":[" (!*"," '!+","01"," &!,","03","03","01","01","01","01","00","00","00"," )!)"," +!'"," ,!&"]},"5348":{"keys":[37,39],"grid":[" .!$"," /!#"," 0!!"," "," "," "," "," "," "," "," "," "," "," "," "," "]},"5358":{"keys":[39],"grid":[" "," "," "," "," "," "," "," "," "," "," "," "," "," "," "," "]},"5326":{"keys":[37,39],"grid":[" )!)","00","00"," (!*","03","03"," '!+","06","06","06","06","06","03","03","00"," *!("]},"5327":{"keys":[37,39],"grid":[" +!'"," /!#"," "," "," "," "," "," "," "," "," "," "," "," "," "," "]},"5325":{"keys":[37,39],"grid":[" "," "," "," "," 0!!"," /!#"," .!$"," -!%","07"," ,!&","09"," +!'","11","11"," *!(","14"]},"5332":{"keys":[37,39],"grid":[" *!("," )!)"," (!*","02"," '!+","04"," &!,"," %!-","07","07"," $!."," #!/"," !!0","12","!","!"]},"5331":{"keys":[37,39],"grid":[" "," "," 0!!","02","02"," /!#","05"," .!$","07"," -!%","09","09"," ,!&"," +!'","13","13"]}},"2468":{"5259":{"keys":[37],"grid":[" "," "," "," "," "," "," "," "," "," "," "," "," "," "," "," "]},"5262":{"keys":[37,39],"grid":[" *!("," '!+"," %!-"," !!0","!","!","!","!","!","!","!","!","!","!","!","!"]},"5261":{"keys":[37,39],"grid":[" "," "," "," "," "," "," "," "," "," "," "," "," 0!!"," /!#"," -!%"," +!'"]},"5245":{"keys":[39,37],"grid":[" "," "," "," "," "," "," "," "," "," "," ","!! 0","11","11","11","!# /"]},"5258":{"keys":[37,39],"grid":[" "," "," "," "," "," 0!!"," /!#"," .!$","07","07","07","07","06","06","05"," "]},"5246":{"keys":[37,39],"grid":[" #!/","00"," $!.","02"," %!-","04"," &!,","06"," '!+","08"," (!*"," )!)","11"," *!(","13"," +!'"]},"5226":{"keys":[39,37],"grid":[" "," 0!!"," )!)"," $!.","!","!","!","!","!","!","!","!","!","!","!","!"]},"5236":{"keys":[37,39],"grid":[" "," "," "," "," "," "," "," "," "," "," "," "," 0!!"," /!#"," $!% #!("," #!/"]},"5237":{"keys":[37,39],"grid":[" !!0","!","!","!","!","!","!","!","!","!","!","!","!","!","!","!"]},"5201":{"keys":[39,37],"grid":[" "," "," "," "," "," "," "," "," "," "," "," ","!! 0","12","12","12"]},"5203":{"keys":[39,37],"grid":[" "," "," "," "," "," "," "," "," "," ","!! 0","!# /","11","11","11","!$ ."]},"5202":{"keys":[37,39],"grid":[" !!0","!","00","00","00","00","!","!","!","!","!","!","!","!","!","!"]},"5204":{"keys":[37,39],"grid":[" #!/"," !!0","01","01","00","00","00","00","00","00","00","00","01","01","!","!"]},"5247":{"keys":[37,39],"grid":[" ,!&","00"," -!%"," .!$","03"," /!#"," 0!!","06"," "," "," "," "," "," "," "," "]}},"2469":{"5250":{"keys":[37,39],"grid":[" 0!!","00"," "," "," "," "," "," "," "," "," "," "," "," "," "," "]},"5249":{"keys":[37,39],"grid":[" '!+"," (!*"," )!)"," *!("," +!'"," ,!&","05"," -!%"," .!$","08"," /!#","10"," 0!!","12","12","12"]},"5248":{"keys":[37,39],"grid":[" $!.","00","00","00","00","00","00","00","00","00","00","00"," %!-","12"," &!,","14"]},"5261":{"keys":[37,39],"grid":[" +!'"," *!(","01"," )!)"," (!*","04"," '!+"," &!,"," %!-"," #!/"," !!0","!","!","!","!","!"]},"5260":{"keys":[37,39],"grid":[" *!(","00"," +!'","02","02"," ,!&","05","05","05","05","05","05","05","05","05","02"]},"5258":{"keys":[37,39],"grid":[" .!$"," )!)"," &!,"," #!/","!","!","!","!","!","!","!","!","!","!","!","!"]},"5259":{"keys":[39,37],"grid":[" ","!! 0","01","01","!# /","!$ .","05","!% -","07","!& ,","!' +","10","!( *","12","!) )","14"]},"5226":{"keys":[39,37],"grid":[" %!-","!","!","!","!","!","!","!","!","!","!","!","!","!","!","!"]},"5225":{"keys":[39,37],"grid":[" "," "," "," "," "," "," "," "," "," "," "," "," "," "," "," /!#"]},"5237":{"keys":[39,37],"grid":[" 0!!"," "," "," "," "," "," "," "," "," "," "," "," "," "," "," "]},"5236":{"keys":[37,39],"grid":[" "," "," "," "," "," "," "," "," "," "," "," !!* '","!- %","12","!. $","!/ #"]},"5247":{"keys":[39,37],"grid":[" "," "," "," "," "," "," "," "," ","!! 0","09","09","!# /","12","12","12"]},"5257":{"keys":[37,39],"grid":[" "," "," "," "," "," "," "," "," "," "," "," "," "," "," "," 0!!"]}},"2470":{"5250":{"keys":[39,37],"grid":[" "," "," "," ","!! 0","!# /","!$ .","!% -","!' +","!+ '","!","!","!","!","!","!"]},"5257":{"keys":[37,39],"grid":[" "," "," "," "," "," "," /!#"," ,!&"," +!'"," *!("," (!*"," '!+"," &!,"," $!."," #!/","!"]},"5225":{"keys":[39,37],"grid":[" "," "," "," "," "," "," "," "," "," "," "," "," "," "," ","!"]},"5237":{"keys":[37,39],"grid":[" "," ","!# /","!' +","!) )","04","04","!* (","07","07","!+ '","!- %","!. $","12","!/ #","!"]}},"2478":{"5230":{"keys":[37,39],"grid":[" #!/"," $!."," %!-","02","02","02","01","01","01","01","01","01","01","01","01","00"]},"5231":{"keys":[37,39],"grid":[" #!/","00","00","00","00","00","00"," $!.","07","07","07","07","07","00","00"," !!0"]},"5232":{"keys":[39],"grid":[" "," "," "," "," "," "," "," "," "," "," "," "," "," "," "," "]},"5229":{"keys":[39,37],"grid":[" "," "," "," "," "," "," "," "," "," "," "," "," "," "," ","!! 0"]}},"2442":{"5374":{"keys":[37,39],"grid":[" -!%","00"," ,!&"," +!'"," *!("," )!)"," (!*","06"," '!+"," &!,"," %!-"," $!."," #!/"," !!0","!","!"]},"5373":{"keys":[37,39],"grid":[" "," "," "," "," "," "," "," "," "," "," "," "," "," 0!!"," /!#"," .!$"]}},"2473":{"5252":{"keys":[39],"grid":[" "," "," "," "," "," "," "," "," "," "," "," "," "," "," "," "]},"5253":{"keys":[39,37],"grid":[" ","!! 0","01","01","!# /","04","04","!$ .","07","07","!% -","10","10","!& ,","13","13"]},"5254":{"keys":[37,39],"grid":[" '!+","00"," (!*","02","02"," )!)","05","05"," *!(","08","08","08","08","08"," +!'","14"]},"5239":{"keys":[39,37],"grid":[" +!# %"," "," "," "," "," "," "," "," "," "," "," "," "," "," "," "]},"5255":{"keys":[37,39],"grid":[" *!(","00"," )!)"," (!*"," '!+"," &!,"," %!-"," $!."," !!0","!","!","!","!","!","!","!"]},"5226":{"keys":[39,37],"grid":[" "," "," "," "," "," "," "," "," "," ","!( *","!","!","!","!","!"]},"5238":{"keys":[37,39],"grid":[" "," "," "," "," "," "," "," "," "," "," "," "," "," "," &!! +","!) )"]}}}}