{"9":{"151":{"339":{"keys":[37,1,39],"grid":[" +!!#&"," )!$#&","01"," *!##&","03","00","00","00","00"," +!##%"," ,!$##"," .!##!"," /!#"," 0!!","12"," /!!#!"]},"337":{"keys":[37,"",39,1],"grid":[" )!)","00","00","00","00","00","00","00","00","00","00","00"," &!(#%","12"," ($##("," ($!#)"]},"340":{"keys":[37,1],"grid":[" /!#"," 0!!"," "," "," "," "," "," "," "," "," "," "," "," "," "," "]},"338":{"keys":[37,1,39],"grid":[" (!!#)"," '!##)"," '!!#*","02"," '!$#("," )!!#(","05"," (!##(","07","00","01","01"," (!$#'"," )!##'","13"," *!##&"]}},"153":{"339":{"keys":[39,1,37],"grid":[" "," "," "," "," "," "," "," "," "," "," ","!# /","!$ .","##!# -","##!! .","#!!# ."]},"340":{"keys":[37,1,39],"grid":[" !!##."," #!##-"," $!##,"," %!!#,","03","02"," $!!#-","06","06","06","01","00","!##/","!!#0","13","12"]},"341":{"keys":[37,1,39],"grid":[" !!##."," #!##-"," $!##,","01"," #!!#.","04","04","04","00"," !!!#/","00","!##/","!!#0","12","!$#.","!! !!!#."]},"342":{"keys":[37,1,39],"grid":[" #!!#.","00"," #!##-"," $!$#+"," &!$#)"," (!##("," )!!#("," )!##'"," *!##&"," +!!#&","09","09","09"," +!##%"," ,!&"," "]}},"152":{"339":{"keys":[39,1,37],"grid":[" "," "," "," "," "," "," "," "," "," "," "," )!# $!$"," '!& !!###"," &!##$!$#$"," %!##'!!#$"," $!##,"]},"336":{"keys":[37,1,39,""],"grid":[" %!$ !!!#("," $!##!!$#("," $!!#-"," #!##-"," #!!#."," !!##."," !!!#/","!##/","!!#0","$$#.","09","09","#","#","#","#"]},"340":{"keys":[39,1,37],"grid":[" !!$#-","!##/","#","#","#","#","#","#","#","#","#","#","#","#","#","#"]},"341":{"keys":[37,1],"grid":[" "," "," "," "," "," "," "," "," "," "," "," "," "," 0!!","13"," "]}},"155":{"342":{"keys":[39,1,37],"grid":[" "," "," "," "," "," "," "," "," "," "," "," "," "," ","!","#"]}},"154":{"342":{"keys":[39,1,37],"grid":[" "," "," "," "," "," "," "," "," "," "," "," "," "," ","!","#"]}},"157":{"343":{"keys":[39,1,37],"grid":[" "," ","!# /","#!!+ &","#+!$ $","#-!$ !","#/!#","#0!!","#","#","#","#","#","#","#","#"]}},"156":{"342":{"keys":[39,1,37],"grid":[" "," "," "," "," "," "," "," "," "," "," "," "," "," ","!+ '","#*!$ %"]},"343":{"keys":[37,1,39],"grid":[" ,!$##"," .!$"," 0!!"," "," "," "," "," "," "," "," "," "," "," "," "," "]}},"159":{"349":{"keys":[39,1,37],"grid":[" "," "," "," "," "," "," "," "," "," "," "," ","!- !!# !","#,!&","#","#"]}},"158":{"344":{"keys":[37,1,39],"grid":[" *!!#'"," )!##'"," )!!#("," (!##("," (!!#)","04"," '!##)"," '!!#*","07","07","07","07","07","07","07","07"]},"345":{"keys":[37,1,39],"grid":[" '!!#*","00","00","00","00","00","00","00","00","00","00","00","00","00","00","00"]},"346":{"keys":[37,1,39],"grid":[" '!!#*","00","00","00","00","00","00","00","00","00","00","00","00","00","00","00"]},"347":{"keys":[37,1,39],"grid":[" '!!#*","00","00","00","00","00","00","00","00","00","00","00","00","00","00","00"]},"343":{"keys":[39,"",1,37],"grid":[" -!%","00","00","00"," "," "," ","## /","$!#& +","$&#$ )","$(#& %","$,#! %","$+## %","$+#! &","$*## &","$*#! '"]},"348":{"keys":[37,1,39],"grid":[" '!!#*","00","00","00","00","00","00","00","00","00","00","00","00","00","00","00"]},"349":{"keys":[37,1,39],"grid":[" '!!#*","00","00","00","00","00","00","00","00","00","00","00"," '!!##!("," '!% '"," "," "]}}},"13":{"2525":{"5493":{"keys":[39,37],"grid":[" "," "," "," ","!$ .","!' +","!* (","!- %","!0 !","!","!","!","!","!","!","!"]}},"2524":{"5492":{"keys":[39,37],"grid":[" "," "," "," "," "," "," "," "," "," "," "," "," "," ","!! 0","!% -"]},"5493":{"keys":[37,39],"grid":[" (!*"," +!'"," .!$"," "," "," "," "," "," "," "," "," "," "," "," "," "]}},"2527":{"5494":{"keys":[39,37],"grid":[" "," "," "," "," ","!! 0","!# /","!% -","!& ,","!' +","!( *","!* (","!+ '","!, &","!- %","!. $"]},"5495":{"keys":[37,39],"grid":[" 0!!"," "," "," "," "," "," "," "," "," "," "," "," "," "," "," "]}},"2526":{"5494":{"keys":[37,39],"grid":[" ,!&"," -!%"," /!#"," 0!!"," "," "," "," "," "," "," "," "," "," "," "," "]},"5493":{"keys":[39,37],"grid":[" "," "," "," "," "," "," "," "," ","!# /","!% -","!& ,","!' +","!( *","!* (","!+ '"]}},"2521":{"5491":{"keys":[39,37],"grid":[" "," "," "," "," "," "," "," "," "," ","!* (","!, &","!. $","!0 !","!","!"]}},"2520":{"5491":{"keys":[39,37],"grid":[" "," "," "," "," "," "," "," "," "," ","!","!","!","!","!","!"]}},"2488":{"5486":{"keys":[39,37],"grid":[" "," ","!","!","!","!","!","!","!","!","!","!","!","!","!","!"]}},"2522":{"5491":{"keys":[39,37],"grid":[" "," "," "," "," "," "," "," "," "," "," "," "," "," ","!! 0","!$ ."]},"5492":{"keys":[37,39],"grid":[" &!,"," (!*"," *!("," ,!&"," .!$"," 0!!"," "," "," "," "," "," "," "," "," "," "]}},"2486":{"5486":{"keys":[39,37],"grid":[" "," ","!","!","!","!","!","!","!","!","!","!","!","!","!","!"]}},"2487":{"5486":{"keys":[39,37],"grid":[" "," ","!","!","!","!","!","!","!","!","!","!","!","!","!","!"]}},"2484":{"5486":{"keys":[39,37],"grid":[" "," ","!","!","!","!","!","!","!","!","!","!","!","!","!","!"]}},"2485":{"5486":{"keys":[39,37],"grid":[" "," ","!","!","!","!","!","!","!","!","!","!","!","!","!","!"]}},"2529":{"5495":{"keys":[39,37],"grid":[" "," "," "," "," "," "," "," "," "," "," "," "," "," "," ","!! 0"]},"5496":{"keys":[37,39],"grid":[" #!/"," %!-"," &!,"," '!+"," (!*"," *!("," "," "," "," "," "," "," "," "," "," "]}},"2483":{"5486":{"keys":[39,37],"grid":[" "," ","!","!","!","!","!","!","!","!","!","!","!","!","!","!"]}},"2480":{"5486":{"keys":[39,37],"grid":[" "," ","!","!","!","!","!","!","!","!","!","!","!","!","!","!"]}},"2481":{"5486":{"keys":[39,37],"grid":[" "," ","!","!","!","!","!","!","!","!","!","!","!","!","!","!"]}},"2454":{"5476":{"keys":[39,37],"grid":[" "," ","!! 0","!$ .","!% -","!& ,","!( *","!) )","!* (","!, &","!- %","!. $","!/ #","!0 !","!","!"]}},"2464":{"5486":{"keys":[39,37],"grid":[" ","!","!","!","!","!","!","!","!","!","!","!","!","!","!","!"]}},"2465":{"5486":{"keys":[39,37],"grid":[" ","!","!","!","!","!","!","!","!","!","!","!","!","!","!","!"]}},"2466":{"5486":{"keys":[39,37],"grid":[" ","!","!","!","!","!","!","!","!","!","!","!","!","!","!","!"]}},"2467":{"5486":{"keys":[39,37],"grid":[" ","!","!","!","!","!","!","!","!","!","!","!","!","!","!","!"]}},"2460":{"5486":{"keys":[39,37],"grid":[" ","!","!","!","!","!","!","!","!","!","!","!","!","!","!","!"]}},"2461":{"5486":{"keys":[39,37],"grid":[" ","!","!","!","!","!","!","!","!","!","!","!","!","!","!","!"]}},"2462":{"5486":{"keys":[39,37],"grid":[" ","!","!","!","!","!","!","!","!","!","!","!","!","!","!","!"]}},"2463":{"5486":{"keys":[39,37],"grid":[" ","!","!","!","!","!","!","!","!","!","!","!","!","!","!","!"]}},"2468":{"5486":{"keys":[39,37],"grid":[" ","!","!","!","!","!","!","!","!","!","!","!","!","!","!","!"]}},"2469":{"5486":{"keys":[39,37],"grid":[" ","!","!","!","!","!","!","!","!","!","!","!","!","!","!","!"]}},"2506":{"5487":{"keys":[39,37],"grid":[" "," "," "," "," "," "," ","!! 0","!$ .","!& ,","!( *","!* (","!, &","!. $","!0 !","!"]}},"2499":{"5486":{"keys":[39,37],"grid":[" ","!","!","!","!","!","!","!","!","!","!","!","!","!","!","!"]}},"2498":{"5486":{"keys":[39,37],"grid":[" ","!","!","!","!","!","!","!","!","!","!","!","!","!","!","!"]}},"2552":{"5596":{"keys":[39,37],"grid":[" "," "," "," "," "," "," "," ","!' +","!/ #","!","!","!","!","!","!"]}},"2553":{"5596":{"keys":[39,37],"grid":[" "," "," "," "," "," "," "," "," "," ","!& ,","!. $","!","!","!","!"]}},"2554":{"5596":{"keys":[39,37],"grid":[" "," "," "," "," "," "," "," "," "," "," "," ","!% -","!* (","!/ #","!"]}},"2555":{"5597":{"keys":[37,39],"grid":[" )!)"," -!%"," "," "," "," "," "," "," "," "," "," "," "," "," "," "]},"5596":{"keys":[39,37],"grid":[" "," "," "," "," "," "," "," "," "," "," "," "," "," "," ","!$ ."]}},"2556":{"5597":{"keys":[39,37],"grid":[" "," 0!!","!# )!'","!","!","!","!","!","!","!","!","!","!","!","!","!"]}},"2557":{"5597":{"keys":[39,37],"grid":[" $!.","!","!","!","!","!","!","!","!","!","!","!","!","!","!","!"]},"5596":{"keys":[39,37],"grid":[" "," "," "," "," "," "," "," "," "," "," "," "," "," "," "," )!)"]}},"2491":{"5486":{"keys":[39,37],"grid":[" "," ","!","!","!","!","!","!","!","!","!","!","!","!","!","!"]}},"2490":{"5486":{"keys":[39,37],"grid":[" "," ","!","!","!","!","!","!","!","!","!","!","!","!","!","!"]}},"2493":{"5486":{"keys":[39,37],"grid":[" "," .!$","!","!","!","!","!","!","!","!","!","!","!","!","!","!"]}},"2492":{"5486":{"keys":[39,37],"grid":[" "," ","!","!","!","!","!","!","!","!","!","!","!","!","!","!"]}},"2495":{"5486":{"keys":[39,37],"grid":[" ","!","!","!","!","!","!","!","!","!","!","!","!","!","!","!"]}},"2494":{"5486":{"keys":[39,37],"grid":[" ","!","!","!","!","!","!","!","!","!","!","!","!","!","!","!"]}},"2497":{"5486":{"keys":[39,37],"grid":[" ","!","!","!","!","!","!","!","!","!","!","!","!","!","!","!"]}},"2496":{"5486":{"keys":[39,37],"grid":[" ","!","!","!","!","!","!","!","!","!","!","!","!","!","!","!"]}},"2558":{"5597":{"keys":[37,39],"grid":[" '!+"," *!("," -!%"," /!#"," "," "," "," "," "," "," "," "," "," "," "," "]},"5596":{"keys":[39,37],"grid":[" "," "," "," "," "," "," "," "," "," "," "," "," "," "," ","!$ ."]}},"2559":{"5597":{"keys":[39,37],"grid":[" "," "," "," "," ","!# /","!% -","!& ,","!( *","!) )","!+ '","!- %","!0 !","!","!","!"]}},"2477":{"5486":{"keys":[39,37],"grid":[" ","!","!","!","!","!","!","!","!","!","!","!","!","!","!","!"]}},"2476":{"5486":{"keys":[39,37],"grid":[" ","!","!","!","!","!","!","!","!","!","!","!","!","!","!","!"]}},"2475":{"5486":{"keys":[39,37],"grid":[" ","!","!","!","!","!","!","!","!","!","!","!","!","!","!","!"]}},"2474":{"5486":{"keys":[39,37],"grid":[" ","!","!","!","!","!","!","!","!","!","!","!","!","!","!","!"]}},"2473":{"5486":{"keys":[39,37],"grid":[" ","!","!","!","!","!","!","!","!","!","!","!","!","!","!","!"]}},"2472":{"5486":{"keys":[39,37],"grid":[" ","!","!","!","!","!","!","!","!","!","!","!","!","!","!","!"]}},"2471":{"5486":{"keys":[39,37],"grid":[" ","!","!","!","!","!","!","!","!","!","!","!","!","!","!","!"]}},"2470":{"5486":{"keys":[39,37],"grid":[" ","!","!","!","!","!","!","!","!","!","!","!","!","!","!","!"]}},"2479":{"5486":{"keys":[39,37],"grid":[" ","!& ,","!","!","!","!","!","!","!","!","!","!","!","!","!","!"]}},"2478":{"5486":{"keys":[39,37],"grid":[" ","!","!","!","!","!","!","!","!","!","!","!","!","!","!","!"]}},"2543":{"5596":{"keys":[39,37],"grid":[" "," "," "," "," "," "," "," +!'","!","!","!","!","!","!","!","!"]}},"2542":{"5596":{"keys":[39,37],"grid":[" "," "," "," "," "," "," "," "," +!'","!","!","!","!","!","!","!"]}},"2541":{"5596":{"keys":[39,37],"grid":[" "," "," "," "," "," "," "," "," ","!","!","!","!","!","!","!"]}},"2540":{"5596":{"keys":[39,37],"grid":[" "," "," "," "," "," "," "," "," "," -!%","!","!","!","!","!","!"]}},"2547":{"5596":{"keys":[39,37],"grid":[" ","!","!","!","!","!","!","!","!","!","!","!","!","!","!","!"]}},"2546":{"5596":{"keys":[39,37],"grid":[" "," *!(","!","!","!","!","!","!","!","!","!","!","!","!","!","!"]}},"2545":{"5596":{"keys":[39,37],"grid":[" "," "," *!("," #!/","!","!","!","!","!","!","!","!","!","!","!","!"]}},"2544":{"5596":{"keys":[39,37],"grid":[" "," "," "," "," .!$"," *!("," $!.","!","!","!","!","!","!","!","!","!"]}},"2549":{"5596":{"keys":[37,39],"grid":[" %!-"," "," "," "," "," "," "," "," "," "," "," "," "," "," "," "]}},"2548":{"5596":{"keys":[39,37],"grid":[" %!-","!","!","!","!","!","!","!","!","!","!","!","!","!","!","!"]}},"2442":{"5436":{"keys":[39,37],"grid":[" "," "," "," "," "," "," "," "," "," "," "," !!! /","!$ .","12","!% -","14"]},"5437":{"keys":[37,39],"grid":[" %!-"," &!+ !"," '!) #"," (!' $"," )!% %"," "," "," "," "," "," "," "," "," "," "," "]}},"2443":{"5437":{"keys":[39,37],"grid":[" ","!! 0","!% -","!( *","!) )","!+ '","05","05","05","05","05","05","!- %","!/ #","!0 !","!"]}},"2440":{"5377":{"keys":[37,39],"grid":[" %!-","00","00"," $!.","03","03"," #!/","06","06"," !!0","!","!","!","!","!","!"]},"5376":{"keys":[37,39],"grid":[" *!(","00"," )!)","02","02"," (!*","05","05"," '!+","08","08","08"," &!,","12","12","12"]},"5436":{"keys":[39,37],"grid":[" -!%","!# '!)","!","!","!","!","!","!","!","!","!","!","!","!","!","!"]},"5435":{"keys":[39,37],"grid":[" "," "," "," "," "," "," "," "," "," "," /!#","10"," .!$","12","12","12"]}},"2441":{"5436":{"keys":[37,39],"grid":[" $!."," %!-","01"," &!,"," '!+","04"," (!*"," )!)","07"," *!("," +!'"," ,!&"," .!$"," "," "," "]},"5435":{"keys":[39,37],"grid":[" "," "," "," "," "," "," "," "," "," ","!! 0","!# /","11","11","!$ .","14"]}},"2446":{"5435":{"keys":[39,37],"grid":[" "," "," '!$ ("," &!( %"," %!* $"," $!, #"," $!- !"," $!."," #!/","!","!","!","!","!","!","!"]}},"2447":{"5469":{"keys":[37,39],"grid":[" "," "," "," "," "," 0!!","05"," /!#","07","07"," .!$","10","10","10"," -!%","14"]},"5470":{"keys":[37,39],"grid":[" -!%","00","00","00","00"," ,!&","05","05"," +!'","08","08","08","05"," "," "," "]},"5435":{"keys":[39,37],"grid":[" "," "," "," "," "," "," "," ","!! 0","!# /","!$ .","!+ #!# #","!","!","!","!"]}},"2444":{"5438":{"keys":[37],"grid":[" "," "," "," "," "," "," "," "," "," "," "," "," "," "," "," "]},"5436":{"keys":[39,37],"grid":[" "," "," "," "," "," "," "," 0!!"," /!#","08"," .!$","10"," -!%"," *!("," )!)","14"]},"5437":{"keys":[39,37],"grid":[" (!*","00"," '!+","02","02","02","02","02","02","02","00","00","00","00","00","!! &!+"]}},"2445":{"5436":{"keys":[39,37],"grid":[" #!/","00"," !!0","02","02","!","!","!","!","!","!","!","!","!","!","!"]},"5435":{"keys":[39,37],"grid":[" "," "," "," "," "," "," "," "," "," "," /!#"," -!%"," &!$ #!'"," $!.","13","13"]}},"2448":{"5436":{"keys":[37,39],"grid":[" #!- #"," #!, $"," #!+ %"," $!( '"," $!' ("," %!% )"," '!! *"," "," "," "," "," "," "," "," "," "]},"5467":{"keys":[37,39],"grid":[" "," "," "," "," "," "," ,!$ #"," *!("," )!)"," (!*","09"," '!+","11","11","11"," &!,"]},"5435":{"keys":[39,37],"grid":[" "," "," "," "," "," "," "," "," "," "," "," "," ","!$ .","13","!# /"]},"5452":{"keys":[37,39],"grid":[" "," "," "," "," "," "," "," 0!!"," .!$"," -!%"," +!'"," *!("," )!)"," (!*","13"," '!+"]},"5453":{"keys":[37,39],"grid":[" '!+","00","00","00","00"," &!,","05","05","05","00","00","00","00","00"," (!*","14"]},"5454":{"keys":[37,39],"grid":[" (!*","00","00"," )!)","03","03","03"," *!(","07","07"," +!'","10"," ,!&"," -!%","13"," .!$"]},"5455":{"keys":[37,39],"grid":[" /!#","00"," 0!!"," "," "," "," "," "," "," "," "," "," "," "," "," "]},"5470":{"keys":[39,37],"grid":[" "," "," "," "," "," "," "," "," "," "," "," "," ","!% ,!!","!) (!!","!+ %!#"]},"5471":{"keys":[37,39],"grid":[" ,!$ #"," "," "," "," "," "," "," "," "," "," "," "," "," "," "," "]},"5469":{"keys":[37,39],"grid":[" $!.","00"," #!/"," !!0","!","!","!","!","!","!","!","!","!","!","!","!"]},"5468":{"keys":[37,39],"grid":[" &!,","00","00","00","00","00"," '!+"," (!*"," )!)","08","08","08","07","06","00"," %!-"]}},"2449":{"5440":{"keys":[37,39],"grid":[" ,!&","00"," +!'","02","02","00","00","02","02","00","00","00"," "," "," "," "]},"5436":{"keys":[37,39],"grid":[" ,!&"," -!%","01","01"," .!$","04","04","04","04","04","04"," /!#","11","11"," "," "]},"5467":{"keys":[37,39],"grid":[" ,!&","00"," +!'","02","02"," *!(","05","!! )!(","!$ &!)","!","!","!","!","!","!","!"]},"5435":{"keys":[39,37],"grid":[" "," "," "," "," "," "," "," "," "," "," "," &!$ )"," %!' '"," $!( '"," !!+ &","!, &"]},"5451":{"keys":[37,39],"grid":[" "," "," "," 0!!","03","03","03"," /!#","07","07","07"," .!$","11","11"," -!%","14"]},"5452":{"keys":[37,39],"grid":[" ,!&","00"," +!'"," *!("," )!)"," '!+"," $!.","!","!","!","!","!","!","!","!","!"]},"5439":{"keys":[37,39],"grid":[" "," "," "," "," "," 0!!","05"," /!#","07"," .!$","09"," -!%"," ,!&","12","12","12"]},"5455":{"keys":[39,37],"grid":[" "," "," "," "," ","!# /","!% -","!& ,","!' +","!( *","09","09","09","09","09","09"]},"5456":{"keys":[37,39],"grid":[" )!)"," *!(","01"," +!'","03"," ,!&","05","05"," "," "," "," "," "," "," "," "]},"5465":{"keys":[37,39],"grid":[" 0!!","00","00","00","00"," /!#","05","05","05","05","05","05","05","05","05","05"]},"5464":{"keys":[37,39],"grid":[" "," "," "," "," "," "," "," "," "," "," "," "," "," 0!!","13","13"]},"5470":{"keys":[39,37],"grid":[" "," "," "," "," "," "," "," "," "," "," "," ","!& *!#","!","!","!"]},"5466":{"keys":[37,39],"grid":[" 0!!","00","00"," "," "," "," "," "," "," "," "," "," ","00"," -!%"," ,!&"]}},"2523":{"5492":{"keys":[39,37],"grid":[" "," "," "," "," "," ","!! 0","!$ .","!& ,","!( *","!* (","!, &","!. $","!0 !","!","!"]}},"2489":{"5486":{"keys":[39,37],"grid":[" "," ","!","!","!","!","!","!","!","!","!","!","!","!","!","!"]}},"2459":{"5486":{"keys":[37,39],"grid":[" (!*"," "," "," "," "," "," "," "," "," "," "," "," "," "," "," "]},"5485":{"keys":[39,37],"grid":[" "," "," "," "," "," "," "," ","!! 0","!# /","!$ .","!% -","!& ,","!' +","13","!( *"]}},"2458":{"5485":{"keys":[37,39],"grid":[" +!'"," ,!&"," -!%"," .!$","03"," /!#"," 0!!"," "," "," "," "," "," "," "," "," "]},"5484":{"keys":[37,39],"grid":[" )!)"," (!*","01","01","01","01","01","01","01","01","00","00","00"," *!(","13"," +!'"]},"5483":{"keys":[37,39],"grid":[" 0!!"," /!#","01","01"," .!$","04"," -!%","06"," ,!&","08"," +!'","10"," *!(","12"," )!)","14"]},"5482":{"keys":[37,39],"grid":[" 0!!","00","00"," "," "," "," "," ","00","00","00","00","00","00","00","00"]},"5481":{"keys":[37,39],"grid":[" ,!&"," -!%","01"," .!$","03","03"," /!#","06","06","06","06"," 0!!","11","11","11","11"]},"5480":{"keys":[39,37],"grid":[" "," ","!! 0","02","!$ .","!% -","!& ,","!' +","07","!( *","!) )","!* (","11","!+ '","!, &","14"]}},"2455":{"5476":{"keys":[39,37],"grid":[" "," "," "," "," "," "," "," "," "," "," "," "," "," ","!! 0","!# /"]},"5477":{"keys":[37,39],"grid":[" $!."," %!-"," &!,"," '!+"," )!)"," *!("," +!'"," ,!&"," -!%"," .!$"," /!#"," 0!!","11"," "," "," "]}},"2482":{"5486":{"keys":[39,37],"grid":[" "," ","!","!","!","!","!","!","!","!","!","!","!","!","!","!"]}},"2457":{"5480":{"keys":[37,39],"grid":[" /!#"," "," "," "," "," "," "," "," "," "," "," "," "," "," "," "]},"5479":{"keys":[39,37],"grid":[" ","!! 0","!# /","!$ .","!% -","!& ,","05","!' +","!( *","!) )","09","!* (","!+ '","12","!- %","!. $"]}},"2456":{"5477":{"keys":[39,37],"grid":[" "," "," "," "," "," "," "," "," "," "," "," "," "," ","!! 0","!# /"]},"5478":{"keys":[37,39],"grid":[" $!."," %!-"," &!,","02"," '!+"," (!*"," )!)"," *!("," +!'","08"," ,!&"," -!%"," .!$"," /!#","13"," 0!!"]},"5479":{"keys":[37],"grid":[" "," "," "," "," "," "," "," "," "," "," "," "," "," "," "," "]}},"2451":{"5458":{"keys":[37,39],"grid":[" "," "," "," "," "," "," "," "," 0!!","08"," /!#","10"," .!$","12"," -!%","14"]},"5459":{"keys":[37,39],"grid":[" ,!&"," +!'","01"," *!("," )!)"," (!*"," '!+"," &!,"," %!-"," $!."," #!/"," !!0","!","!","!","!"]},"5449":{"keys":[37,39],"grid":[" +!'","00","00","00","00"," *!(","05","05","05","05","05","05","05","05","05","05"]},"5448":{"keys":[37,39],"grid":[" ,!&","00","00","00"," +!'","04","04","04","04","04","04","04","04","04","04","04"]},"5437":{"keys":[39,37],"grid":[" "," "," ","!! 0","03"," "," "," "," "," "," "," "," "," "," "," "]},"5450":{"keys":[37,39],"grid":[" )!)","00","00","00","00"," (!*","05","05"," '!+"," %!-","!","!","!","!","!","!"]},"5442":{"keys":[37,39],"grid":[" 0!!"," "," "," "," "," "," "," "," "," "," "," "," "," "," "," "]},"5441":{"keys":[39,37],"grid":[" "," ","!$ .","!% -","!& ,","04","!' +","!) )","!* (","!+ '","!, &","!- %","!. $","12","!/ #","14"]},"5447":{"keys":[37,39],"grid":[" -!%","00","00","00","00"," ,!&","05","05","05","05","05","05","05","05","05","05"]},"5446":{"keys":[37,39],"grid":[" "," 0!!","01","01","01","01"," /!#","06","06","06","06"," .!$","11","11","11","11"]},"5445":{"keys":[37],"grid":[" "," "," "," "," "," "," "," "," "," "," "," "," "," "," "," "]},"5457":{"keys":[39,37],"grid":[" "," "," "," ","!# /","!& ,","!* (","!+ '","!, &","!- %","!. $","10","!/ #","!0 !","13","!"]},"5474":{"keys":[39,37],"grid":[" "," "," "," "," "," "," "," "," "," "," "," "," "," ","!! 0","!# /"]},"5475":{"keys":[37,39],"grid":[" %!-"," '!+"," (!*"," *!("," .!$"," "," "," "," "," "," "," "," "," "," "," "]}},"2450":{"5474":{"keys":[37,39],"grid":[" ,!&","00","00"," -!%","03","03"," .!$","06","06"," /!#","09"," 0!!","11"," "," "," "]},"5472":{"keys":[37,39],"grid":[" &!,","00","00"," '!+","03","03","03","03"," (!*","08","08","08"," )!)","12","12","12"]},"5473":{"keys":[37,39],"grid":[" )!)"," *!(","01","01","01","01","01"," +!'","07","07","07","07","07","07","07"," ,!&"]},"5470":{"keys":[39,37],"grid":[" "," "," "," "," "," "," "," "," "," "," "," "," ","!# /","!$ .","14"]},"5471":{"keys":[37,39],"grid":[" %!-","00","00"," &!,","03","03","03","03","03","03","03","03","03"," '!+","13","13"]},"5459":{"keys":[37,39],"grid":[" "," "," "," "," "," "," "," "," "," "," "," "," "," 0!!"," .!$","14"]},"5436":{"keys":[39,37],"grid":[" "," "," "," "," "," "," "," "," "," "," "," "," "," ","!! 0","!% %!& $"]},"5437":{"keys":[37,39],"grid":[" /!#"," 0!!"," "," "," "," "," "," "," "," "," ","01","00","00"," .!$","14"]},"5450":{"keys":[37,39],"grid":[" "," "," "," "," "," "," "," "," "," "," *!("," %!-"," #!/","12"," !!0","14"]},"5451":{"keys":[39],"grid":[" "," "," "," "," "," "," "," "," "," "," "," "," "," "," "," "]},"5438":{"keys":[37,39],"grid":[" .!$","00","00","00"," -!%","04","00","00","00","00","00","04","04","04"," ,!&"," *!("]},"5439":{"keys":[37,39],"grid":[" )!)"," (!*","01"," '!+"," !!0","!","!","!","!","!","!","!","!","!","!","!"]},"5456":{"keys":[39,37],"grid":[" "," "," "," "," "," "," "," "," ","!% -","!' +","!* (","!, &","!- %","13","!. $"]},"5457":{"keys":[37,39],"grid":[" .!$"," /!#"," 0!!"," "," "," "," "," "," "," "," "," "," "," "," "," "]},"5461":{"keys":[37,39],"grid":[" -!%","00","00"," ,!&","03","03"," +!'","06"," *!(","08","08"," )!)","11"," (!*","13","13"]},"5460":{"keys":[37,39],"grid":[" -!%","00"," ,!&"," +!'","03"," *!(","03","03","03","03","03","03","02","02","02","00"]},"5463":{"keys":[37,39],"grid":[" *!("," +!'","01","00","00","00","00","00","00","00","00","00","00","00","00","00"]},"5462":{"keys":[37,39],"grid":[" '!+","00"," &!,","02","00","00"," (!*","06","06"," )!)","09","09","09"," *!(","13","13"]},"5464":{"keys":[37,39],"grid":[" *!(","00"," )!)"," '!+"," &!,","04"," %!-"," $!."," #!/","08"," !!0","!","!","!","!","!"]},"5466":{"keys":[39,37],"grid":[" "," "," "," "," ","!! 0","05","!# /","07","!$ .","09","09","09"," "," "," "]},"5441":{"keys":[37,39],"grid":[" +!'"," -!%"," "," "," "," "," "," "," "," "," "," "," "," "," "," "]},"5440":{"keys":[39,37],"grid":[" "," "," "," "," "," "," "," "," "," "," "," ","!$ .","!' +","!) )","!* ("]}},"2453":{"5476":{"keys":[37,39],"grid":[" /!#"," "," "," "," "," "," "," "," "," "," "," "," "," "," "," "]},"5475":{"keys":[39,37],"grid":[" "," "," "," "," "," "," "," ","!! 0","!$ .","!& ,","!( *","!) )","!+ '","!, &","!. $"]}},"2452":{"5458":{"keys":[39],"grid":[" "," "," "," "," "," "," "," "," "," "," "," "," "," "," "," "]},"5443":{"keys":[37,39],"grid":[" '!+","00"," &!,","02"," %!-"," $!."," #!/","06"," !!0","08","08","08","08","08","08","08"]},"5442":{"keys":[39,37],"grid":[" "," ","!! 0","!# /","!$ .","04","04","!% -","07","!' +","!( *","10","10","10","10","10"]},"5445":{"keys":[37,39],"grid":[" $!.","00"," #!/","02","02","02","02"," !!0","07","07","07","07","!","!","!","!"]},"5444":{"keys":[37,39],"grid":[" #!/","00","00","00","00","00","00"," $!.","07","07","07","07","07","07","07","07"]},"5475":{"keys":[39,37],"grid":[" "," "," "," "," ","!# /","!) )","!/ #","!","!","!","!","!","!","!","!"]}},"2428":{"5434":{"keys":[39,37],"grid":[" "," "," "," ","!! 0","04","!# /","!$ .","07","!% -","!& ,","!( *","!+ '","!0 !","!","!"]}},"2429":{"5434":{"keys":[39,37],"grid":[" "," "," "," "," "," "," "," "," "," "," "," "," "," ","!& ,","!' +"]},"5435":{"keys":[37,39],"grid":[" (!*","00"," )!)","02","02","02"," )!% %"," "," "," "," "," "," "," "," "," "]}},"2422":{"5410":{"keys":[37,39],"grid":[" ,!&"," +!'"," *!("," )!)"," (!*"," '!+"," &!,"," %!-","07","07"," $!.","10","10","10","10","10"]},"5411":{"keys":[37,39],"grid":[" $!.","00","00","00","00","00","00","00","00","00"," #!/","10","00","00"," %!-"," )!)"]},"5412":{"keys":[37,39],"grid":[" -!%"," /!#","01"," "," "," "," "," "," "," "," "," "," "," "," "," "]},"5418":{"keys":[37,39],"grid":[" "," "," "," "," "," "," "," "," "," "," "," 0!!","11"," /!#"," .!$","14"]},"5419":{"keys":[37,39],"grid":[" -!%","00"," .!$"," "," "," "," "," "," "," "," "," "," "," "," "," "]},"5409":{"keys":[37,39],"grid":[" "," "," "," "," "," "," "," "," "," "," "," "," "," 0!!"," /!#"," -!%"]}},"2423":{"5407":{"keys":[37,39],"grid":[" 0!!","00"," /!#"," .!$","03","03"," -!%","06","06","06","06","06","06","06","06","03"]},"5415":{"keys":[37,39],"grid":[" "," "," "," "," "," "," "," "," *!% $"," )!)"," (!*"," '!+","11","10","09"," *!("]},"5416":{"keys":[37,39],"grid":[" +!'"," ,!&"," -!%"," .!$"," /!#","04","04","04"," 0!!","08"," "," "," "," ","08","03"]},"5417":{"keys":[37,39],"grid":[" *!("," (!*"," '!+"," &!,"," %!-"," $!.","05"," #!/","07","07","07","07"," !!0","12","12","!"]},"5412":{"keys":[39,37],"grid":[" "," "," "," ","!# /","!$ .","!& ,","!( *","07","07","07","!+ &!!","!","!","!","!"]},"5406":{"keys":["",37],"grid":[" "," "," "," ","!","!","!","!","!","!","!","!","!","!","!","!"]},"5418":{"keys":[39,37],"grid":[" "," "," ","!! 0","03","03","03","03","03","03"," "," "," "," "," "," "]},"5420":{"keys":[37],"grid":[" "," "," "," "," "," "," "," "," "," "," "," "," "," "," "," "]},"5409":{"keys":[37,39],"grid":[" )!)"," (!*","01"," '!+"," &!,"," %!-"," $!.","06","06"," #!/","09"," !!0","!","!","!","!"]},"5419":{"keys":[39,37],"grid":[" "," "," ","!# %!! *","!) )","!* (","!+ '","!, &","!- %","!. $","!0 !","10","10","10","10","10"]},"5408":{"keys":[37,39],"grid":[" .!$","00","00"," -!%","03","03"," ,!&","06","06"," +!'"," *!("," )!)","11"," (!*","13","11"]}},"2424":{"5414":{"keys":[37,39],"grid":[" 0!!","00"," .!$"," -!%","03","03","03","03","02","03","03","03"," ,!&","12"," +!'","14"]},"5415":{"keys":[37,39],"grid":[" *!(","00","00"," )!)","03","03"," (!*","06","06"," '!+","!","!","!","!","!","!"]},"5416":{"keys":[39,37],"grid":[" "," "," "," "," "," "," "," "," "," "," ","!! 0","11"," "," "," "]},"5412":{"keys":[39,37],"grid":[" "," "," "," "," "," "," "," "," "," #!! ."," !!' *","!* (","!, &","12","!- %","12"]},"5413":{"keys":[37,39],"grid":[" ,!&","00","00","00","00","00"," -!%","06","06","06","06","06"," .!$","12"," /!#","14"]},"5425":{"keys":[37,39],"grid":[" "," "," "," "," "," "," "," "," "," "," "," "," "," "," 0!!"," /!#"]},"5426":{"keys":[37,39],"grid":[" 0!!","00"," "," "," "," "," "," "," ","00","00"," "," "," "," "," "]},"5421":{"keys":[37,39],"grid":[" "," "," "," 0!!"," /!#"," .!$"," -!%"," ,!&"," +!'","08","08","08"," *!(","12","12"," )!)"]},"5420":{"keys":[39,37],"grid":[" ","!! 0","!# *!# $","!' #!' #","!0 !","!","!","!","!","!","!","!","!","!","!","!"]},"5422":{"keys":[37,39],"grid":[" )!)","00"," *!(","02","02","02"," +!'"," ,!&"," -!%"," .!$"," "," "," "," "," "," "]},"5406":{"keys":["",37,39],"grid":[" "," "," "," ","!*#(","04","04","!+#'","07","04","!(#*","!&#,","!$#.","!##/","!!#0","#"]}},"2425":{"5428":{"keys":[37,39],"grid":[" *!("," )!)"," (!*","02"," '!+","04","02","01"," "," "," "," "," "," "," "," "]},"5425":{"keys":[37,39],"grid":[" "," "," "," "," 0!!"," /!#"," .!$","06"," -!%"," ,!&"," +!'"," #!/"," !!0","!","!","!"]},"5427":{"keys":[37,39],"grid":[" $!) &"," %!( &"," %!' '"," &!& '"," "," "," "," "," "," "," "," 0!!"," /!#"," .!$"," -!%"," +!'"]},"5426":{"keys":[39,37],"grid":[" "," "," ","!! 0","03","!# /","03"," "," "," "," "," "," ","03","!# ,!! #","!# +!%"]},"5421":{"keys":[37,39],"grid":[" $!."," !!0","!","!","!","!","!","!","!","!","!","!","!","!","!","!"]},"5420":{"keys":[39,37],"grid":[" "," "," "," "," "," "," ","!! 0","!# /","!$ .","!% -","10","10","!& ,","10","10"]},"5423":{"keys":[37,39],"grid":[" (!*"," )!)"," *!(","02"," +!'"," ,!&"," -!%"," .!$"," /!#"," 0!!","09"," "," "," "," "," "]},"5422":{"keys":[39,37],"grid":[" "," "," "," "," "," "," "," "," "," ","!! 0","!$ .","11","!% -","!& ,","!' +"]}},"2426":{"5432":{"keys":[37,39],"grid":[" ,!&","00","00","00","00","00","00","00"," -!%","08","08","08","08","08"," .!$","14"]},"5433":{"keys":[37,39],"grid":[" /!#","00"," 0!!","02"," "," "," "," "," "," "," "," "," "," "," "," "]},"5430":{"keys":[37,39],"grid":[" +!'","00"," ,!&","02"," -!%"," .!$","05","05","05","05","04","04","04","02","02","02"]},"5431":{"keys":[37,39],"grid":[" +!'","00","00","00","00","00","00"," ,!&","07","07","07","07","07","07","07","07"]},"5429":{"keys":[37,39],"grid":[" ,!&","00","00","00","00"," +!'","05","05"," *!(","08","08","08","08","08","08","08"]},"5428":{"keys":[39,37],"grid":[" "," "," "," "," "," "," "," ","!& ,","!' +","!( *","!) )","!* (","12","!+ '","!, &"]},"5425":{"keys":[37,39],"grid":[" #!/"," !!0","01","!","!","!","!","!","!","!","!","!","!","!","!","!"]},"5424":{"keys":[37,39],"grid":[" %!-"," &!,"," '!+"," (!*"," )!)"," *!("," +!'","05","05","04","03","02","01","01","00"," $!."]},"5427":{"keys":[37,39],"grid":[" '!+"," &!,"," $!.","02","02"," #!/","05","05"," !!0","08","!","!","!","!","!","!"]},"5426":{"keys":[39,37],"grid":[" "," "," "," "," "," "," "," "," "," "," "," "," "," "," ","!( *"]},"5423":{"keys":[39,37],"grid":[" "," "," "," "," "," "," "," "," "," "," "," ","!! 0","!# /","!$ .","!% -"]}},"2427":{"5433":{"keys":[39,37],"grid":[" "," "," "," "," ","!! 0","05","!# /","!$ .","08","!% -","10","!& ,","12","12","12"]},"5434":{"keys":[37,39],"grid":[" &!,"," (!*"," "," "," "," "," "," "," "," "," "," "," "," "," "," "]}},"2518":{"5491":{"keys":[39,37],"grid":[" "," "," "," "," "," "," "," "," "," ","!","!","!","!","!","!"]}},"2519":{"5491":{"keys":[39,37],"grid":[" "," "," "," "," "," "," "," "," "," ","!","!","!","!","!","!"]}},"2514":{"5491":{"keys":[39,37],"grid":[" "," "," "," "," ","!# /","!% -","!' +","!) )","!+ '","!. $","!","!","!","!","!"]}},"2515":{"5491":{"keys":[39,37],"grid":[" "," "," "," "," "," "," "," "," "," "," ","!","!","!","!","!"]}},"2516":{"5491":{"keys":[39,37],"grid":[" "," "," "," "," "," "," "," "," "," "," '!+","!","!","!","!","!"]}},"2517":{"5491":{"keys":[39,37],"grid":[" "," "," "," "," "," "," "," "," "," ","!","!","!","!","!","!"]}},"2510":{"5489":{"keys":[39,37],"grid":[" "," "," "," "," "," ","!# /","!% -","!' +","!) )","!+ '","!- %","!/ #","!","!","!"]}},"2511":{"5490":{"keys":[37,39],"grid":[" '!+"," )!)"," ,!&"," .!$"," 0!!"," "," "," "," "," "," "," "," "," "," "," "]},"5489":{"keys":[39,37],"grid":[" "," "," "," "," "," "," "," "," "," "," "," "," "," ","!# /","!% -"]}},"2512":{"5490":{"keys":[39,37],"grid":[" "," "," "," "," ","!! 0","!$ .","!& ,","!( *","!* (","!, &","!. $","!0 !","!","!","!"]}},"2513":{"5490":{"keys":[39,37],"grid":[" "," "," "," "," "," "," "," "," "," "," "," "," ","!! 0","!% -","!' +"]},"5491":{"keys":[37,39],"grid":[" )!)"," +!'"," -!%"," /!#"," "," "," "," "," "," "," "," "," "," "," "," "]}},"2439":{"5377":{"keys":[37,39],"grid":[" "," "," "," "," "," "," "," ","!! 0","!% -","!( &!# #","!","!","!","!","!"]},"5436":{"keys":[39,37],"grid":[" "," 0!!"," .!$"," -!%"," +!'"," *!("," )!)"," '!+"," &!,"," %!-"," $!."," !!0","!","!","!","!"]}},"2438":{"5377":{"keys":[39,37],"grid":[" !!0","00","00","00"," #!/","04"," %!-"," /!#"," "," "," "," "," "," "," "," "]},"5376":{"keys":[37,39],"grid":[" "," "," "," "," "," "," "," "," "," "," "," "," "," "," ","!! 0"]},"5436":{"keys":[39,37],"grid":[" "," "," "," "," "," "," "," "," "," "," "," "," "," 0!!"," .!$"," &!# %!&"]},"5437":{"keys":[39,37],"grid":[" $!."," #!/"," !!0","!","!","!","!","!","!","!","!","!","!","!","!","!"]}},"2433":{"5381":{"keys":[37,39],"grid":[" "," "," "," "," "," "," 0!!"," /!#"," .!$","08"," -!%","10","10"," ,!&","13","13"]},"5441":{"keys":[39,37],"grid":[" -!%","00"," ,!&"," +!'","03"," *!(","05"," )!)"," (!*","08"," '!+","!! &!+","!# %!+","!% !!,","!","!"]},"5383":{"keys":[37,39],"grid":[" &!,"," %!-"," $!."," !!0","!","!","!","!","!","!","!","!","!","!","!","!"]},"5382":{"keys":[37,39],"grid":[" +!'","00"," *!(","00","00","00","02","02","02","02"," )!)","10"," (!*"," '!+","13"," &!,"]},"5440":{"keys":[39,37],"grid":[" "," "," "," "," "," "," "," "," "," "," "," "," "," "," /!#"," .!$"]}},"2432":{"5441":{"keys":[39,37],"grid":[" "," "," ","!# /","!% -","!( *","!- %","06","!/ #","08","!0 !","!","!","!","!","!"]},"5383":{"keys":[37,39],"grid":[" "," "," "," "," "," 0!!","05"," "," "," "," "," ","05"," .!$"," -!%"," ,!&"]},"5384":{"keys":[37,39,""],"grid":[" +!'","00","00","00","#","#","#","#","#","#","#","#","#","#","#","#"]}},"2431":{"5441":{"keys":[37,39],"grid":[" ,!&"," .!$"," "," "," "," "," "," "," "," "," "," "," "," "," "," "]},"5440":{"keys":[39,37],"grid":[" "," "," "," "," "," ","!! 0","06","06","!# /","09","!$ .","11","!% -","!& ,","!) )"]},"5436":{"keys":[39,37],"grid":[" "," "," "," "," "," "," "," "," ","!! 0","!# /","!$ .","!& ,","!( *","!) )","!* ("]},"5437":{"keys":[37,39],"grid":[" )!)"," (!*"," '!+","02","02","02","02","02","02"," &!,"," %!-"," $!.","11"," #!/","13"," !!0"]},"5438":{"keys":[37,39],"grid":[" !!0","00","00","00","!","!","!","!","!","!","!","!","!","!","!","!"]}},"2430":{"5435":{"keys":[39,37],"grid":[" "," "," "," "," "," "," ","!# /","!% -","!& ,","!( *","!) )","11","!* (","!+ '","!, &"]},"5438":{"keys":[37,39],"grid":[" "," "," "," "," "," 0!!","05","05"," /!#","05","05","05","08"," -!%","13"," ,!&"]},"5439":{"keys":[37,39],"grid":[" ,!&","00","00","00","00"," +!'","05","05","05","05","05"," *!(","11"," )!)","13"," (!*"]},"5436":{"keys":[37,39],"grid":[" ,!&"," -!%"," .!$","02"," /!#"," 0!!","05"," "," "," "," "," "," "," "," "," "]},"5440":{"keys":[37,39],"grid":[" '!+","00","00"," (!*"," +!'"," 0!!"," "," "," "," "," "," "," "," "," "," "]}},"2437":{"5438":{"keys":[39,37],"grid":[" #!/","00","00"," !!0","03","03","!","!","!","!","!","!","!","!","!","!"]},"5376":{"keys":[37,39],"grid":[" "," "," "," "," "," "," "," "," "," "," ","!# /","!' +","!+ '","!0 !","!"]},"5437":{"keys":[39,37],"grid":[" "," "," "," "," "," 0!!","05"," /!#"," -!%"," '!+"," &!,"," %!-","11"," $!.","13","13"]}},"2436":{"5376":{"keys":[37,39],"grid":[" "," "," "," "," "," "," "," *!# &"," )!% %"," (!' $"," &!* #"," %!-"," $!."," #!/"," !!0","!"]},"5377":{"keys":[39],"grid":[" "," "," "," "," "," "," "," "," "," "," "," "," "," "," "," "]},"5439":{"keys":[39,37],"grid":[" $!.","00","00"," #!/","03","03","03","03","03","03"," !!0","!","!","!","!","!"]},"5438":{"keys":[39,37],"grid":[" "," "," "," "," "," "," "," "," "," 0!!"," /!#"," .!$"," -!%"," &!,"," %!-"," $!."]}},"2435":{"5377":{"keys":[37,39],"grid":[" "," 0!!","01","01","01"," /!#","05","05","05","05","05","05"," .!$","12","12","12"]},"5439":{"keys":[39],"grid":[" "," "," "," "," "," "," "," "," "," "," "," "," "," "," "," "]},"5379":{"keys":[37,39],"grid":[" #!/","00","00","00"," $!.","04","04","04","04"," %!-","09","!# #!-","!","!","!","!"]},"5378":{"keys":[37,39],"grid":[" -!%"," ,!&"," +!'"," (!*"," %!-"," #!/","05","05","05"," !!0","09","09","09","09","09","09"]},"5440":{"keys":[39,37],"grid":[" 0!!","00"," *!("," (!*"," &!,","04"," %!-"," $!."," #!/"," !!0","!","!","!","!","!","!"]}},"2434":{"5380":{"keys":[37,39],"grid":[" +!'","00","00"," ,!&","03"," -!%","05","05","05","05","05","05","05","03"," '!+"," &!,"]},"5381":{"keys":[37,39],"grid":[" $!.","00"," #!/","02"," !!0","!","!","!","!","!","!","!","!","!","!","!"]},"5440":{"keys":[39,37],"grid":[" "," "," "," "," "," "," "," "," "," "," /!#","10"," .!$","!$ +!$","!' $!(","!"]},"5379":{"keys":[37,39],"grid":[" "," "," "," "," "," "," "," "," "," "," "," -!%"," +!'","12"," *!(","12"]}},"2528":{"5495":{"keys":[39,37],"grid":[" "," ","!! 0","!# /","!% -","!& ,","!' +","!( *","!* (","!+ '","!, &","!- %","!. $","!0 !","!","!"]}},"2509":{"5489":{"keys":[37,39],"grid":[" &!,"," (!*"," *!("," ,!&"," .!$"," 0!!"," "," "," "," "," "," "," "," "," "," "]},"5488":{"keys":[39,37],"grid":[" "," "," "," "," "," "," "," "," "," "," "," "," "," ","!! 0","!$ ."]}},"2508":{"5488":{"keys":[39,37],"grid":[" "," "," "," "," "," "," ","!# /","!% -","!' +","!) )","!, &","!. $","!0 !","!","!"]}},"2507":{"5487":{"keys":[39,37],"grid":[" "," "," "," "," "," "," "," "," "," "," "," "," "," "," ","!# /"]},"5488":{"keys":[37,39],"grid":[" %!-"," '!+"," )!)"," +!'"," -!%"," /!#"," "," "," "," "," "," "," "," "," "," "]}},"2550":{"5596":{"keys":[39,37],"grid":[" "," ","!& ,","!+ '","!0 !","!","!","!","!","!","!","!","!","!","!","!"]}},"2505":{"5487":{"keys":[37,39],"grid":[" #!/"," %!-"," '!+"," *!("," ,!&"," .!$"," 0!!"," "," "," "," "," "," "," "," "," "]},"5486":{"keys":[39],"grid":[" "," "," "," "," "," "," "," "," "," "," "," "," "," "," "," "]}},"2504":{"5486":{"keys":[39,37],"grid":[" "," "," "," "," "," "," "," ","!# /","!% -","!' +","!) )","!+ '","!- %","!/ #","!"]}},"2503":{"5486":{"keys":[39,37],"grid":[" ","!$ .","!& ,","!( *","!* (","!, &","!. $","!0 !","!","!","!","!","!","!","!","!"]}},"2502":{"5486":{"keys":[39,37],"grid":[" ","!","!","!","!","!","!","!","!","!","!","!","!","!","!","!"]}},"2501":{"5486":{"keys":[39,37],"grid":[" ","!","!","!","!","!","!","!","!","!","!","!","!","!","!","!"]}},"2500":{"5486":{"keys":[39,37],"grid":[" ","!","!","!","!","!","!","!","!","!","!","!","!","!","!","!"]}},"2551":{"5596":{"keys":[39,37],"grid":[" "," "," "," "," ","!% -","!+ '","!0 !","!","!","!","!","!","!","!","!"]}},"2538":{"5498":{"keys":[39,37],"grid":[" "," "," "," "," ","!# /","!","!","!","!","!","!","!","!","!","!"]},"5596":{"keys":[39,37],"grid":[" "," "," "," "," "," "," "," "," "," "," "," ,!&"," $!.","!","!","!"]},"5502":{"keys":[37,39],"grid":[" %!-","00","00"," $!.","03"," #!/","05","05"," !!0","08","!","!","!","!","!","!"]},"5500":{"keys":[37,39],"grid":[" "," "," "," "," "," "," "," "," "," 0!!"," /!#"," .!$","11"," -!%","13"," ,!&"]},"5501":{"keys":[37,39],"grid":[" ,!&","00"," +!'","02"," *!(","04","04"," )!)","07"," (!*","09","09"," '!+","12"," &!,","14"]}},"2539":{"5498":{"keys":[39,37],"grid":[" "," "," "," "," "," ","!# /","06","06","06","06","06","06","06","06","06"]},"5499":{"keys":[37,39],"grid":[" #!/","00","00","00","00","00","00","00","00","00","00","00","00","00","00","00"]},"5500":{"keys":[37,39],"grid":[" #!/","00","00","00","00","00","00"," !!0","!","!","!","!","!","!","!","!"]},"5596":{"keys":[39,37],"grid":[" "," "," "," "," "," "," "," "," "," "," )!)","!","!","!","!","!"]}},"2532":{"5496":{"keys":[39,37],"grid":[" "," "," "," "," "," "," "," "," "," ","!) )","!- %","!0 !","!","!","!"]}},"2533":{"5496":{"keys":[39,37],"grid":[" "," "," "," "," "," "," "," "," "," "," "," "," ","!$ .","!' +","!+ '"]},"5497":{"keys":[37,39],"grid":[" /!#"," "," "," "," "," "," "," "," "," "," "," "," "," "," "," "]}},"2530":{"5496":{"keys":[39,37],"grid":[" "," "," "," "," "," ","!! 0","!, &","!","!","!","!","!","!","!","!"]}},"2531":{"5496":{"keys":[39,37],"grid":[" "," "," "," "," "," "," "," ","!& ,","!0 !","!","!","!","!","!","!"]}},"2536":{"5506":{"keys":[37,39],"grid":[" ,!&"," +!'","01"," *!(","03"," )!)","05","05"," (!*","08"," '!+","10","10"," &!,","13"," %!-"]},"5507":{"keys":[37,39],"grid":[" %!-","00"," $!.","02"," #!/","04","04"," !!0","07","!","!","!","!","!","!","!"]},"5505":{"keys":[37,39],"grid":[" "," "," "," "," 0!!","04","04"," /!#","07"," .!$","09","09"," -!%","12"," ,!&","14"]},"5498":{"keys":[39,37],"grid":[" "," "," ","!( *","!0 !","!","!","!","!","!","!","!","!","!","!","!"]},"5597":{"keys":[39,37],"grid":[" "," -!%"," )!)"," %!-","!","!","!","!","!","!","!","!","!","!","!","!"]}},"2537":{"5597":{"keys":[37],"grid":[" "," "," "," "," "," "," "," "," "," "," "," "," "," "," "," "]},"5596":{"keys":[39,37],"grid":[" "," "," "," "," "," "," "," "," "," "," "," "," "," .!$"," )!)"," %!-"]},"5498":{"keys":[39,37],"grid":[" "," "," "," "," ","!","!","!","!","!","!","!","!","!","!","!"]},"5504":{"keys":[37,39],"grid":[" )!)"," (!*","01"," '!+","03"," &!,","05","05"," %!-","08"," $!.","10","10"," #!/","13"," !!0"]},"5505":{"keys":[37,39],"grid":[" !!0","00","!","!","!","!","!","!","!","!","!","!","!","!","!","!"]},"5502":{"keys":[37,39],"grid":[" "," "," "," "," "," "," "," "," "," "," "," "," "," 0!!","13"," /!#"]},"5503":{"keys":[37,39],"grid":[" /!#","00"," .!$","02"," -!%","04","04"," ,!&","07"," +!'","09","09"," *!(","12"," )!)","14"]}},"2534":{"5586":{"keys":[37,39],"grid":[" 0!!","00","00","00","00","00","00","00","00","00","00","00","00","00","00","00"]},"5587":{"keys":[37,39],"grid":[" 0!!","00","00","00","00","00","00","00","00","00","00","00","00","00","00","00"]},"5584":{"keys":[37,39],"grid":[" 0!!","00","00","00","00","00","00","00","00","00","00","00","00","00","00","00"]},"5585":{"keys":[37,39],"grid":[" 0!!","00","00","00","00","00","00","00","00","00","00","00","00","00","00","00"]},"5582":{"keys":[37,39],"grid":[" 0!!","00","00","00","00","00","00","00","00","00","00","00","00","00","00","00"]},"5583":{"keys":[37,39],"grid":[" 0!!","00","00","00","00","00","00","00","00","00","00","00","00","00","00","00"]},"5580":{"keys":[37,39],"grid":[" 0!!","00","00","00","00","00","00","00","00","00","00","00","00","00","00","00"]},"5581":{"keys":[37,39],"grid":[" 0!!","00","00","00","00","00","00","00","00","00","00","00","00","00","00","00"]},"5588":{"keys":[37,39],"grid":[" 0!!","00","00","00","00","00","00","00","00","00","00","00","00","00","00","00"]},"5589":{"keys":[37,39],"grid":[" 0!!","00","00","00","00","00","00","00","00","00","00","00","00","00","00","00"]},"5519":{"keys":[37,39],"grid":[" /!#","00","00","00","00","00","00","00","00","00","00","00","00","00","00","00"]},"5518":{"keys":[37,39],"grid":[" /!#","00","00","00","00","00","00","00","00","00","00","00","00","00","00","00"]},"5511":{"keys":[37,39],"grid":[" /!#","00","00","00","00","00","00","00","00","00","00","00","00","00","00","00"]},"5510":{"keys":[37,39],"grid":[" "," "," "," 0!!","03"," /!#","05","05","05","05","05","05","05","05","05","05"]},"5513":{"keys":[37,39],"grid":[" /!#","00","00","00","00","00","00","00","00","00","00","00","00","00","00","00"]},"5512":{"keys":[37,39],"grid":[" /!#","00","00","00","00","00","00","00","00","00","00","00","00","00","00","00"]},"5515":{"keys":[37,39],"grid":[" /!#","00","00","00","00","00","00","00","00","00","00","00","00","00","00","00"]},"5514":{"keys":[37,39],"grid":[" /!#","00","00","00","00","00","00","00","00","00","00","00","00","00","00","00"]},"5517":{"keys":[37,39],"grid":[" /!#","00","00","00","00","00","00","00","00","00","00","00","00","00","00","00"]},"5516":{"keys":[37,39],"grid":[" /!#","00","00","00","00","00","00","00","00","00","00","00","00","00","00","00"]},"5591":{"keys":[37,39],"grid":[" 0!!","00","00","00","00","00","00","00","00","00","00","00","00","00","00","00"]},"5590":{"keys":[37,39],"grid":[" 0!!","00","00","00","00","00","00","00","00","00","00","00","00","00","00","00"]},"5593":{"keys":[37,39],"grid":[" 0!!","00","00","00","00","00","00","00","00","00","00","00","00","00","00","00"]},"5592":{"keys":[37,39],"grid":[" 0!!","00","00","00","00","00","00","00","00","00","00","00","00","00","00","00"]},"5595":{"keys":[37,39],"grid":[" 0!!","00","00","00","00","00","00","00","00","00","00","00","00","00","00","00"]},"5594":{"keys":[37,39],"grid":[" 0!!","00","00","00","00","00","00","00","00","00","00","00","00","00","00","00"]},"5597":{"keys":[37,39],"grid":[" 0!!","00","00","00","00","00","00","00","00"," "," "," "," "," "," "," "]},"5596":{"keys":[37,39],"grid":[" 0!!","00","00","00","00","00","00","00","00","00","00","00","00","00","00","00"]},"5497":{"keys":[39,37],"grid":[" ","!! 0","!& ,","!) )","!- %","!0 !","!","!","!","!","!","!","!","!","!","!"]},"5568":{"keys":[37,39],"grid":[" 0!!","00","00","00","00","00","00","00","00","00","00","00","00","00","00","00"]},"5569":{"keys":[37,39],"grid":[" 0!!","00","00","00","00","00","00","00","00","00","00","00","00","00","00","00"]},"5564":{"keys":[37,39],"grid":[" 0!!","00","00","00","00","00","00","00","00","00","00","00","00","00","00","00"]},"5565":{"keys":[37,39],"grid":[" 0!!","00","00","00","00","00","00","00","00","00","00","00","00","00","00","00"]},"5566":{"keys":[37,39],"grid":[" 0!!","00","00","00","00","00","00","00","00","00","00","00","00","00","00","00"]},"5567":{"keys":[37,39],"grid":[" 0!!","00","00","00","00","00","00","00","00","00","00","00","00","00","00","00"]},"5560":{"keys":[37,39],"grid":[" 0!!","00","00","00","00","00","00","00","00","00","00","00","00","00","00","00"]},"5561":{"keys":[37,39],"grid":[" 0!!","00","00","00","00","00","00","00","00","00","00","00","00","00","00","00"]},"5562":{"keys":[37,39],"grid":[" 0!!","00","00","00","00","00","00","00","00","00","00","00","00","00","00","00"]},"5563":{"keys":[37,39],"grid":[" 0!!","00","00","00","00","00","00","00","00","00","00","00","00","00","00","00"]},"5579":{"keys":[37,39],"grid":[" 0!!","00","00","00","00","00","00","00","00","00","00","00","00","00","00","00"]},"5578":{"keys":[37,39],"grid":[" 0!!","00","00","00","00","00","00","00","00","00","00","00","00","00","00","00"]},"5577":{"keys":[37,39],"grid":[" 0!!","00","00","00","00","00","00","00","00","00","00","00","00","00","00","00"]},"5576":{"keys":[37,39],"grid":[" 0!!","00","00","00","00","00","00","00","00","00","00","00","00","00","00","00"]},"5575":{"keys":[37,39],"grid":[" 0!!","00","00","00","00","00","00","00","00","00","00","00","00","00","00","00"]},"5574":{"keys":[37,39],"grid":[" 0!!","00","00","00","00","00","00","00","00","00","00","00","00","00","00","00"]},"5573":{"keys":[37,39],"grid":[" 0!!","00","00","00","00","00","00","00","00","00","00","00","00","00","00","00"]},"5572":{"keys":[37,39],"grid":[" 0!!","00","00","00","00","00","00","00","00","00","00","00","00","00","00","00"]},"5571":{"keys":[37,39],"grid":[" 0!!","00","00","00","00","00","00","00","00","00","00","00","00","00","00","00"]},"5570":{"keys":[37,39],"grid":[" 0!!","00","00","00","00","00","00","00","00","00","00","00","00","00","00","00"]},"5548":{"keys":[37,39],"grid":[" /!#","00","00","00","00","00","00","00","00","00","00","00","00","00","00","00"]},"5549":{"keys":[37,39],"grid":[" /!#","00","00","00","00","00","00","00","00","00","00","00","00","00","00","00"]},"5542":{"keys":[37,39],"grid":[" /!#","00","00","00","00","00","00","00","00","00","00","00","00","00","00","00"]},"5543":{"keys":[37,39],"grid":[" /!#","00","00","00","00","00","00","00","00","00","00","00","00","00","00","00"]},"5540":{"keys":[37,39],"grid":[" /!#","00","00","00","00","00","00","00","00","00","00","00","00","00","00","00"]},"5541":{"keys":[37,39],"grid":[" /!#","00","00","00","00","00","00","00","00","00","00","00","00","00","00","00"]},"5546":{"keys":[37,39],"grid":[" /!#","00","00","00","00","00","00","00","00","00","00","00","00","00","00","00"]},"5547":{"keys":[37,39],"grid":[" /!#","00","00","00","00","00","00","00","00","00","00","00","00","00","00","00"]},"5544":{"keys":[37,39],"grid":[" /!#","00","00","00","00","00","00","00","00","00","00","00","00","00","00","00"]},"5545":{"keys":[37,39],"grid":[" /!#","00","00","00","00","00","00","00","00","00","00","00","00","00","00","00"]},"5555":{"keys":[37,39],"grid":[" /!#","00","00","00","00","00","00","00","00","00","00","00","00","00","00","00"]},"5554":{"keys":[37,39],"grid":[" /!#","00","00","00","00","00","00","00","00","00","00","00","00","00","00","00"]},"5557":{"keys":[37,39],"grid":[" /!#","00","00","00","00","00","00","00","00","00","00","00","00","00","00","00"]},"5556":{"keys":[37,39],"grid":[" /!#","00","00","00","00","00","00","00","00","00","00","00","00","00","00","00"]},"5551":{"keys":[37,39],"grid":[" /!#","00","00","00","00","00","00","00","00","00","00","00","00","00","00","00"]},"5550":{"keys":[37,39],"grid":[" /!#","00","00","00","00","00","00","00","00","00","00","00","00","00","00","00"]},"5553":{"keys":[37,39],"grid":[" /!#","00","00","00","00","00","00","00","00","00","00","00","00","00","00","00"]},"5552":{"keys":[37,39],"grid":[" /!#","00","00","00","00","00","00","00","00","00","00","00","00","00","00","00"]},"5559":{"keys":[37,39],"grid":[" /!#","00","00","00","00","00","00","00","00"," 0!!","09","09","09","09","09","09"]},"5558":{"keys":[37,39],"grid":[" /!#","00","00","00","00","00","00","00","00","00","00","00","00","00","00","00"]},"5520":{"keys":[37,39],"grid":[" /!#","00","00","00","00","00","00","00","00","00","00","00","00","00","00","00"]},"5521":{"keys":[37,39],"grid":[" /!#","00","00","00","00","00","00","00","00","00","00","00","00","00","00","00"]},"5522":{"keys":[37,39],"grid":[" /!#","00","00","00","00","00","00","00","00","00","00","00","00","00","00","00"]},"5523":{"keys":[37,39],"grid":[" /!#","00","00","00","00","00","00","00","00","00","00","00","00","00","00","00"]},"5524":{"keys":[37,39],"grid":[" /!#","00","00","00","00","00","00","00","00","00","00","00","00","00","00","00"]},"5525":{"keys":[37,39],"grid":[" /!#","00","00","00","00","00","00","00","00","00","00","00","00","00","00","00"]},"5526":{"keys":[37,39],"grid":[" /!#","00","00","00","00","00","00","00","00","00","00","00","00","00","00","00"]},"5527":{"keys":[37,39],"grid":[" /!#","00","00","00","00","00","00","00","00","00","00","00","00","00","00","00"]},"5528":{"keys":[37,39],"grid":[" /!#","00","00","00","00","00","00","00","00","00","00","00","00","00","00","00"]},"5529":{"keys":[37,39],"grid":[" /!#","00","00","00","00","00","00","00","00","00","00","00","00","00","00","00"]},"5533":{"keys":[37,39],"grid":[" /!#","00","00","00","00","00","00","00","00","00","00","00","00","00","00","00"]},"5532":{"keys":[37,39],"grid":[" /!#","00","00","00","00","00","00","00","00","00","00","00","00","00","00","00"]},"5531":{"keys":[37,39],"grid":[" /!#","00","00","00","00","00","00","00","00","00","00","00","00","00","00","00"]},"5530":{"keys":[37,39],"grid":[" /!#","00","00","00","00","00","00","00","00","00","00","00","00","00","00","00"]},"5537":{"keys":[37,39],"grid":[" /!#","00","00","00","00","00","00","00","00","00","00","00","00","00","00","00"]},"5536":{"keys":[37,39],"grid":[" /!#","00","00","00","00","00","00","00","00","00","00","00","00","00","00","00"]},"5535":{"keys":[37,39],"grid":[" /!#","00","00","00","00","00","00","00","00","00","00","00","00","00","00","00"]},"5534":{"keys":[37,39],"grid":[" /!#","00","00","00","00","00","00","00","00","00","00","00","00","00","00","00"]},"5539":{"keys":[37,39],"grid":[" /!#","00","00","00","00","00","00","00","00","00","00","00","00","00","00","00"]},"5538":{"keys":[37,39],"grid":[" /!#","00","00","00","00","00","00","00","00","00","00","00","00","00","00","00"]}},"2535":{"5597":{"keys":[39,37],"grid":[" "," "," "," "," "," .!$"," *!("," '!+"," #!/","!","!","!","!","!","!","!"]},"5509":{"keys":[37,39],"grid":[" (!*","00"," '!+","02"," &!,","04","04"," %!-","07"," $!.","09","09"," #!/","12"," !!0","14"]},"5498":{"keys":[37,39],"grid":[" *!(","00"," /!#"," "," "," "," "," "," "," "," "," "," "," "," "," "]},"5508":{"keys":[37,39],"grid":[" /!#"," .!$","01"," -!%","03"," ,!&","05","05"," +!'","08"," *!(","10","10"," )!)","13"," (!*"]},"5507":{"keys":[37,39],"grid":[" "," "," "," "," "," "," "," "," "," "," "," "," 0!!","12"," /!#","14"]},"5510":{"keys":[37,39],"grid":[" !!0","!","!","!","!","!","!","!","!","!","!","!","!","!","!","!"]},"5497":{"keys":[39,37],"grid":[" "," "," "," "," "," ","!$ .","!& ,","07","!' +","09","09","!( *","12","!) )","14"]}}}}