{"9":{"151":{"63":{"keys":[7,1,21],"grid":[" "," "," "," "," "," "," "," "," "," "," 0!!","10"," /!#"," .!##!"," -!###"," -!!#$"]}},"153":{"61":{"keys":[7,1,21],"grid":[" "," "," "," "," "," "," "," "," "," "," 0!!"," /!#"," -!$#!"," ,!##$"," *!$#%"," )!##'"]},"62":{"keys":[7,1,21],"grid":[" (!##("," &!$#)"," %!##+"," $!##,"," !!$#-","!##/","!!#0","#","#","#","#","#","#","#","#","#"]}},"152":{"62":{"keys":[7,1,21],"grid":[" "," "," "," "," "," "," 0!!","06"," /!#"," .!##!"," -!###"," ,!##$"," ,!!#%"," +!##%"," *!##&"," )!##'"]},"63":{"keys":[7,1,21],"grid":[" (!##("," (!!#)"," '!##)"," &!##*"," %!##+"," $!##,"," $!!#-"," #!##-"," !!##.","!##/","!!#0","#","#","#","#","#"]}},"155":{"60":{"keys":[7,1,21],"grid":[" "," "," "," "," "," "," 0!!"," /!#"," -!$#!"," ,!##$"," +!##%"," *!##&"," )!##'"," (!##("," '!##)"," &!##*"]},"61":{"keys":[7,1,21],"grid":[" %!##+"," #!$#,"," !!##.","!##/","#","#","#","#","#","#","#","#","#","#","#","#"]}},"154":{"61":{"keys":[7,1,21],"grid":[" "," "," "," 0!!"," .!$"," +!%##"," %!(#&"," $!##,"," #!##-","!$#.","!!#0","#","#","#","#","#"]}},"157":{"57":{"keys":[7,1,21],"grid":[" ,!!#%"," +!##%"," +!!#&"," *!##&"," *!!#'"," )!##'"," )!!#("," (!##("," (!!#)"," '!##)"," '!!#*"," &!##*"," &!!#+"," %!##+"," %!!#,"," $!##,"]},"56":{"keys":[7,1,21],"grid":[" "," "," "," "," "," "," "," 0!!","07"," /!#"," /!!#!"," .!##!"," .!!##"," -!###"," -!!#$"," ,!##$"]},"58":{"keys":[7,1,21],"grid":[" $!!#-"," #!##-"," #!!#."," !!##."," !!!#/","!##/","!!#0","06","#","#","#","#","#","#","#","#"]}},"156":{"60":{"keys":[7,1,21],"grid":[" %!!#,"," $!##,"," #!##-"," #!!#."," !!##.","!##/","!!#0","#","#","#","#","#","#","#","#","#"]},"59":{"keys":[7,1,21],"grid":[" ,!!#%"," +!##%"," +!!#&"," *!##&"," *!!#'","04"," )!##'"," )!!#(","07"," (!##("," (!!#)"," '!##)"," '!!#*"," &!##*"," &!!#+"," %!##+"]},"58":{"keys":[7,1,21],"grid":[" "," "," "," "," "," "," "," 0!!","07"," /!#"," /!!#!"," .!##!"," .!!##"," -!###"," -!!#$"," ,!##$"]}},"159":{"53":{"keys":[7,1,21],"grid":[" '!!#*"," &!##*"," %!##+"," %!!#,"," $!##,"," $!!#-"," #!##-"," !!##."," !!!#/","!##/","!!#0","#","#","#","#","#"]},"52":{"keys":[7,1,21],"grid":[" 0!!"," /!#"," /!!#!"," .!##!"," .!!##"," -!###"," ,!##$"," ,!!#%"," +!##%"," +!!#&"," *!##&"," *!!#'"," )!##'"," (!##("," (!!#)"," '!##)"]}},"158":{"55":{"keys":[7,1,21],"grid":[" )!!#(","00"," (!##("," (!!#)","03"," '!##)"," '!!#*","06","06"," &!##*"," &!!#+","10","10"," %!##+"," %!!#,","14"]},"54":{"keys":[7,1,21],"grid":[" -!###"," -!!#$","01"," ,!##$"," ,!!#%","04","04"," +!##%"," +!!#&","08"," *!##&"," *!!#'","11","11"," )!##'"," )!!#("]},"56":{"keys":[7,1,21],"grid":[" $!##,"," $!!#-"," #!##-"," #!!#."," !!##."," !!!#/","!##/","!!#0","#","#","#","#","#","#","#","#"]},"53":{"keys":[7,1,21],"grid":[" "," "," "," "," "," "," "," "," "," "," 0!!","10"," /!#"," /!!#!"," .!##!"," .!!##"]}}},"13":{"2525":{"908":{"keys":[7,21],"grid":[" /!#","00"," .!$","02"," -!%","04"," ,!&","06"," +!'","08"," *!(","10"," )!)","12"," (!*"," '!+"]},"909":{"keys":[7,21],"grid":[" '!+"," &!,","01"," %!-","03"," $!.","05"," #!/","07"," !!0","09","!","!","!","!","!"]},"907":{"keys":[7,21],"grid":[" "," "," "," "," "," "," "," "," "," "," "," "," "," "," 0!!","14"]}},"2524":{"909":{"keys":[7,21],"grid":[" "," "," "," "," "," "," "," "," "," "," "," "," "," 0!!","13"," /!#"]},"911":{"keys":[7,21],"grid":[" &!,","00"," %!-","02"," $!.","04"," #!/","06"," !!0","08","!","!","!","!","!","!"]},"910":{"keys":[7,21],"grid":[" /!#"," .!$","01"," -!%","03"," ,!&","05"," +!'","07"," *!(","09"," )!)","11"," (!*","13"," '!+"]}},"2527":{"903":{"keys":[7],"grid":[" "," "," "," "," "," "," "," "," "," "," "," "," "," "," "," "]},"904":{"keys":[7,21],"grid":[" 0!!","00"," /!#","02"," .!$","04"," -!%","06"," ,!&","08"," +!'","10"," *!(","12"," )!)","14"]},"905":{"keys":[7,21],"grid":[" (!*","00"," '!+"," &!,","03"," %!-","05"," $!.","07"," #!/","09"," !!0","11","!","!","!"]}},"2526":{"906":{"keys":[7,21],"grid":[" 0!!"," /!#","01"," .!$","03"," -!%","05"," ,!&","07"," +!'","09"," *!(","11"," )!)","13"," (!*"]},"907":{"keys":[7,21],"grid":[" '!+","00"," &!,","02"," %!-","04"," $!.","06"," #!/","08"," !!0","10","!","!","!","!"]},"905":{"keys":[7,21],"grid":[" "," "," "," "," "," "," "," "," "," "," "," "," "," "," "," 0!!"]}},"2521":{"915":{"keys":[7,21],"grid":[" "," "," "," "," "," "," "," "," "," "," 0!!","10"," /!#","12"," .!$","14"]},"917":{"keys":[7,21],"grid":[" %!-","00"," $!.","02"," #!/","04"," !!0","06","!","!","!","!","!","!","!","!"]},"916":{"keys":[7,21],"grid":[" -!%","00"," ,!&","02"," +!'","04"," *!(","06"," )!)","08"," (!*","10"," '!+","12"," &!,","14"]}},"2520":{"917":{"keys":[7,21],"grid":[" "," "," "," "," "," "," "," "," "," "," 0!!","10"," /!#","12"," .!$","14"]},"919":{"keys":[7,21],"grid":[" %!-"," $!.","01"," #!/","03"," !!0","05","!","!","!","!","!","!","!","!","!"]},"918":{"keys":[7,21],"grid":[" -!%","00"," ,!&"," +!'","03"," *!(","05"," )!)","07"," (!*","09"," '!+","11"," &!,","13"," %!-"]}},"2488":{"973":{"keys":[7,21],"grid":[" (!*"," '!+","01"," &!,"," %!-"," $!."," #!/"," !!0","!","!","!","!","!","!","!","!"]},"972":{"keys":[7,21],"grid":[" "," "," "," "," "," "," "," 0!!","07"," /!#"," .!$"," -!%"," ,!&"," +!'"," *!("," )!)"]}},"2522":{"915":{"keys":[7,21],"grid":[" &!,"," %!-","01"," $!.","03"," #!/","05"," !!0","07","!","!","!","!","!","!","!"]},"914":{"keys":[7,21],"grid":[" .!$"," -!%","01"," ,!&","03"," +!'","05"," *!(","07"," )!)","09"," (!*","11"," '!+","13"," &!,"]},"913":{"keys":[7,21],"grid":[" "," "," "," "," "," "," "," "," "," "," "," 0!!","11"," /!#","13"," .!$"]}},"2486":{"975":{"keys":[7,21],"grid":[" '!+"," &!,"," %!-"," $!."," #!/"," !!0","!","!","!","!","!","!","!","!","!","!"]},"974":{"keys":[7,21],"grid":[" "," "," "," "," "," "," "," "," 0!!"," /!#"," .!$"," -!%"," ,!&"," +!'"," *!("," )!)"]}},"2487":{"974":{"keys":[7,21],"grid":[" )!)"," (!*"," '!+"," &!,"," %!-"," $!."," #!/"," !!0","!","!","!","!","!","!","!","!"]},"973":{"keys":[7,21],"grid":[" "," "," "," "," "," "," "," "," "," 0!!"," /!#"," .!$"," -!%"," ,!&"," +!'"," *!("]}},"2484":{"977":{"keys":[7,21],"grid":[" $!."," #!/"," !!0","!","!","!","!","!","!","!","!","!","!","!","!","!"]},"976":{"keys":[7,21],"grid":[" "," "," "," "," "," "," 0!!"," /!#"," -!%"," ,!&"," +!'"," *!("," )!)"," (!*"," '!+"," %!-"]}},"2485":{"976":{"keys":[7,21],"grid":[" &!,"," %!-"," $!."," #!/"," !!0","!","!","!","!","!","!","!","!","!","!","!"]},"975":{"keys":[7,21],"grid":[" "," "," "," "," "," "," 0!!"," /!#"," .!$"," -!%"," ,!&"," +!'"," *!("," )!)"," (!*"," '!+"]}},"2529":{"902":{"keys":[21],"grid":[" "," "," "," "," "," "," "," "," "," "," "," "," "," "," "," "]},"900":{"keys":[7,21],"grid":[" "," "," "," 0!!"," /!#","04"," .!$","06"," -!%","08"," ,!&","10"," +!'","12"," *!(","14"]},"901":{"keys":[7,21],"grid":[" )!)","00"," (!*","02"," '!+","04"," &!,","06"," %!-","08"," $!.","10"," #!/"," !!0","13","!"]}},"2483":{"977":{"keys":[7,21],"grid":[" "," "," "," "," /!#"," .!$"," -!%"," ,!&"," *!("," )!)"," (!*"," '!+"," %!-"," $!."," #!/","!"]}},"2480":{"979":{"keys":[7,21],"grid":[" "," "," "," "," "," "," /!#"," -!%"," ,!&"," *!("," (!*"," '!+"," %!-"," #!/","!","!"]}},"2481":{"979":{"keys":[7,21],"grid":[" )!)"," '!+"," &!,"," $!."," !!0","!","!","!","!","!","!","!","!","!","!","!"]},"978":{"keys":[7,21],"grid":[" "," "," "," "," "," "," "," "," "," "," "," 0!!"," /!#"," -!%"," ,!&"," *!("]}},"2454":{"993":{"keys":[7,21],"grid":[" "," "," "," 0!!"," .!$"," -!%"," ,!&"," *!("," )!)"," (!*"," &!,"," %!-"," #!/"," !!0","!","!"]}},"2464":{"986":{"keys":[7,21],"grid":[" -!%"," +!'"," *!("," (!*"," '!+"," &!,"," $!."," #!/"," !!0","!","!","!","!","!","!","!"]},"985":{"keys":[7,21],"grid":[" "," "," "," "," "," "," "," "," "," "," "," "," "," "," /!#"," .!$"]}},"2465":{"985":{"keys":[7,21],"grid":[" "," "," 0!!"," /!#"," -!%"," ,!&"," *!("," )!)"," (!*"," &!,"," %!-"," #!/"," !!0","!","!","!"]}},"2466":{"984":{"keys":[7,21],"grid":[" "," "," "," "," "," "," 0!!"," /!#"," .!$"," ,!&"," +!'"," *!("," (!*"," '!+"," %!-"," $!."]},"985":{"keys":[7,21],"grid":[" #!/","!","!","!","!","!","!","!","!","!","!","!","!","!","!","!"]}},"2467":{"983":{"keys":[7,21],"grid":[" "," "," "," "," "," "," "," "," "," "," 0!!"," .!$"," -!%"," ,!&"," *!("," )!)"]},"984":{"keys":[7,21],"grid":[" (!*"," '!+"," %!-"," $!."," #!/"," !!0","!","!","!","!","!","!","!","!","!","!"]}},"2460":{"988":{"keys":[7,21],"grid":[" "," "," "," "," "," "," "," "," "," "," "," "," 0!!"," /!#"," .!$"," ,!&"]},"989":{"keys":[7,21],"grid":[" +!'"," )!)"," (!*"," '!+"," %!-"," $!."," #!/","!","!","!","!","!","!","!","!","!"]}},"2461":{"988":{"keys":[7,21],"grid":[" "," /!#"," .!$"," -!%"," +!'"," *!("," (!*"," '!+"," &!,"," $!."," #!/"," !!0","!","!","!","!"]}},"2462":{"988":{"keys":[21],"grid":[" "," "," "," "," "," "," "," "," "," "," "," "," "," "," "," "]},"987":{"keys":[7,21],"grid":[" "," "," "," "," "," 0!!"," .!$"," -!%"," ,!&"," *!("," )!)"," (!*"," &!,"," %!-"," #!/"," !!0"]}},"2463":{"986":{"keys":[7,21],"grid":[" "," "," "," "," "," "," "," "," "," 0!!"," /!#"," -!%"," ,!&"," +!'"," )!)"," (!*"]},"987":{"keys":[7,21],"grid":[" '!+"," %!-"," $!."," #!/","!","!","!","!","!","!","!","!","!","!","!","!"]}},"2468":{"982":{"keys":[7],"grid":[" "," "," "," "," "," "," "," "," "," "," "," "," "," "," "," "]},"983":{"keys":[7,21],"grid":[" .!$"," -!%"," +!'"," *!("," )!)"," '!+"," &!,"," $!."," #!/","!","!","!","!","!","!","!"]}},"2469":{"982":{"keys":[7,21],"grid":[" "," "," "," "," "," "," "," "," "," "," "," "," "," "," "," &!,"]}},"2506":{"946":{"keys":[7,21],"grid":[" -!%","00"," ,!&","02","02"," +!'","05"," *!(","07"," )!)","09"," (!*","11"," '!+","13","13"]},"947":{"keys":[7,21],"grid":[" &!,","00"," %!-","02"," $!.","04"," #!/","06"," !!0","08","08","!","!","!","!","!"]},"945":{"keys":[7,21],"grid":[" "," "," "," "," "," "," "," "," "," 0!!","09"," /!#","11","11"," .!$","14"]}},"2499":{"961":{"keys":[7,21],"grid":[" "," "," "," "," "," "," "," 0!!"," /!#","08"," .!$"," -!%","11"," ,!&"," +!'"," *!("]},"962":{"keys":[7,21],"grid":[" *!("," )!)"," (!*","02"," '!+"," &!,","05"," %!-"," $!."," #!/","09"," !!0","!","!","!","!"]}},"2498":{"964":{"keys":[7,21],"grid":[" !!0","!","!","!","!","!","!","!","!","!","!","!","!","!","!","!"]},"962":{"keys":[7,21],"grid":[" "," "," "," "," "," "," "," "," "," "," "," "," "," 0!!","13"," /!#"]},"963":{"keys":[7,21],"grid":[" .!$"," -!%","01"," ,!&"," +!'"," *!("," )!)","06"," (!*"," '!+","09"," &!,"," %!-"," $!."," #!/","14"]}},"2552":{"845":{"keys":[7,21],"grid":[" '!+","00"," &!,"," %!-","03"," $!.","05"," #!/"," !!0","08","!","!","!","!","!","!"]},"844":{"keys":[7,21],"grid":[" "," 0!!","01"," /!#"," .!$","04"," -!%","06"," ,!&"," +!'","09"," *!(","11"," )!)"," (!*","14"]}},"2553":{"844":{"keys":[21],"grid":[" "," "," "," "," "," "," "," "," "," "," "," "," "," "," "," "]},"843":{"keys":[7,21],"grid":[" *!(","00"," )!)"," (!*","03"," '!+","05"," &!,"," %!-","08"," $!.","10"," #!/","12"," !!0","!"]},"842":{"keys":[7,21],"grid":[" "," "," "," "," "," "," 0!!","06"," /!#"," .!$","09"," -!%","11"," ,!&"," +!'","14"]}},"2554":{"842":{"keys":[7,21],"grid":[" $!."," #!/","01"," !!0","!","!","!","!","!","!","!","!","!","!","!","!"]},"841":{"keys":[7,21],"grid":[" -!%","00"," ,!&","02"," +!'"," *!(","05"," )!)","07"," (!*"," '!+","10"," &!,","12"," %!-"," $!."]},"840":{"keys":[7,21],"grid":[" "," "," "," "," "," "," "," "," "," "," "," 0!!","11"," /!#","13"," .!$"]}},"2555":{"838":{"keys":[7],"grid":[" "," "," "," "," "," "," "," "," "," "," "," "," "," "," "," "]},"839":{"keys":[7,21],"grid":[" 0!!","00"," /!#","02"," .!$"," -!%","05"," ,!&","07"," +!'"," *!(","10"," )!)","12"," (!*","14"]},"840":{"keys":[7,21],"grid":[" '!+"," &!,","01"," %!-","03"," $!."," #!/","06"," !!0","08","!","!","!","!","!","!"]}},"2556":{"838":{"keys":[7,21],"grid":[" *!("," )!)","01"," (!*","03"," '!+"," &!,","06"," %!-","08"," $!."," #!/","11"," !!0","13","!"]},"837":{"keys":[7,21],"grid":[" "," "," "," "," "," "," 0!!"," /!#","07"," .!$","09"," -!%"," ,!&","12"," +!'","14"]}},"2557":{"836":{"keys":[7,21],"grid":[" -!%"," ,!&","01"," +!'","03"," *!("," )!)","06"," (!*","08"," '!+"," &!,","11"," %!-","13"," $!."]},"837":{"keys":[7,21],"grid":[" #!/","00"," !!0","02","!","!","!","!","!","!","!","!","!","!","!","!"]},"835":{"keys":[7,21],"grid":[" "," "," "," "," "," "," "," "," "," "," "," 0!!"," /!#","12"," .!$","14"]}},"2491":{"969":{"keys":[7,21],"grid":[" "," "," "," "," "," "," "," "," "," "," "," /!#"," .!$"," ,!&"," +!'"," )!)"]},"970":{"keys":[7,21],"grid":[" '!+"," &!,"," $!."," #!/","!","!","!","!","!","!","!","!","!","!","!","!"]}},"2490":{"971":{"keys":[7,21],"grid":[" #!/"," !!0","!","!","!","!","!","!","!","!","!","!","!","!","!","!"]},"970":{"keys":[7,21],"grid":[" "," "," "," "," "," /!#"," -!%"," ,!&"," *!("," (!*"," '!+","10"," &!,"," %!-"," $!.","14"]}},"2493":{"968":{"keys":[7,21],"grid":[" "," "," "," 0!!"," /!#"," .!$"," ,!&"," +!'"," *!("," )!)"," '!+"," &!,"," %!-"," #!/"," !!0","!"]}},"2492":{"968":{"keys":[7],"grid":[" "," "," "," "," "," "," "," "," "," "," "," "," "," "," "," "]},"969":{"keys":[7,21],"grid":[" /!#"," .!$"," ,!&"," +!'"," *!("," (!*"," '!+"," %!-"," $!."," !!0","!","!","!","!","!","!"]}},"2495":{"966":{"keys":[7,21],"grid":[" "," "," "," "," "," "," 0!!"," /!#"," .!$"," -!%"," ,!&"," +!'"," *!("," )!)"," (!*"," '!+"]},"967":{"keys":[7,21],"grid":[" &!,"," %!-"," $!."," #!/"," !!0","!","!","!","!","!","!","!","!","!","!","!"]}},"2494":{"967":{"keys":[7,21],"grid":[" "," "," "," "," "," "," /!#"," .!$"," -!%"," ,!&"," +!'"," *!("," )!)"," '!+"," &!,"," %!-"]},"968":{"keys":[7,21],"grid":[" $!."," #!/","!","!","!","!","!","!","!","!","!","!","!","!","!","!"]}},"2497":{"964":{"keys":[7,21],"grid":[" "," "," 0!!","02"," /!#"," .!$"," -!%"," ,!&","07"," +!'"," *!("," )!)"," (!*"," '!+","13"," &!,"]},"965":{"keys":[7,21],"grid":[" %!-"," $!."," #!/"," !!0","!","!","!","!","!","!","!","!","!","!","!","!"]}},"2496":{"965":{"keys":[7,21],"grid":[" "," "," "," "," "," 0!!","05"," /!#"," .!$"," -!%"," ,!&"," +!'"," *!("," )!)"," (!*"," '!+"]},"966":{"keys":[7,21],"grid":[" &!,"," %!-"," $!."," #!/"," !!0","!","!","!","!","!","!","!","!","!","!","!"]}},"2558":{"833":{"keys":[7],"grid":[" "," "," "," "," "," "," "," "," "," "," "," "," "," "," "," "]},"834":{"keys":[7,21],"grid":[" 0!!"," /!#","01"," .!$","03"," -!%"," ,!&","06"," +!'","08"," *!("," )!)","11"," (!*","13"," '!+"]},"835":{"keys":[7,21],"grid":[" &!,","00"," %!-","02"," $!.","04"," #!/"," !!0","07","!","!","!","!","!","!","!"]}},"2559":{"832":{"keys":[7,21],"grid":[" "," "," "," "," "," 0!!"," /!#","06"," .!$","08"," -!%"," ,!&","11"," +!'","13"," *!("]},"833":{"keys":[7,21],"grid":[" )!)","00"," (!*","02"," '!+","04"," &!,"," %!-","07"," $!.","09"," #!/"," !!0","12","!","!"]}},"2477":{"980":{"keys":[7,21],"grid":[" "," "," "," "," "," "," "," "," "," "," "," "," "," "," 0!!"," .!$"]},"981":{"keys":[7,21],"grid":[" ,!&"," )!)"," '!+"," $!."," !!0","!","!","!","!","!","!","!","!","!","!","!"]}},"2476":{"981":{"keys":[7,21],"grid":[" "," "," "," "," "," /!#"," -!%"," *!("," '!+"," $!.","!","!","!","!","!","!"]}},"2475":{"981":{"keys":[7,21],"grid":[" "," "," "," "," "," "," "," "," "," "," "," .!$"," +!'"," (!*"," %!-"," !!0"]}},"2474":{"982":{"keys":[7,21],"grid":[" .!$"," +!'"," '!+"," #!/","!","!","!","!","!","!","!","!","!","!","!","!"]},"981":{"keys":[7],"grid":[" "," "," "," "," "," "," "," "," "," "," "," "," "," "," "," "]}},"2473":{"982":{"keys":[7,21],"grid":[" "," "," "," "," /!#"," +!'"," '!+"," !!0","!","!","!","!","!","!","!","!"]}},"2472":{"982":{"keys":[7,21],"grid":[" "," "," "," "," "," "," "," "," -!%"," (!*"," !!0","!","!","!","!","!"]}},"2471":{"982":{"keys":[7,21],"grid":[" "," "," "," "," "," "," "," "," "," "," "," ,!&"," %!-","!","!","!"]}},"2470":{"982":{"keys":[7,21],"grid":[" "," "," "," "," "," "," "," "," "," "," "," "," "," -!%"," #!/","!"]}},"2479":{"980":{"keys":[7,21],"grid":[" -!%"," ,!&"," *!("," (!*"," &!,"," $!."," !!0","!","!","!","!","!","!","!","!","!"]},"979":{"keys":[7,21],"grid":[" "," "," "," "," "," "," "," "," "," "," "," "," "," "," "," /!#"]}},"2478":{"980":{"keys":[7,21],"grid":[" "," "," "," "," "," "," "," 0!!"," .!$"," +!'"," )!)"," '!+"," %!-"," #!/","!","!"]}},"2543":{"860":{"keys":[7,21],"grid":[" '!+"," &!,","01"," %!-"," $!.","04"," #!/","06"," !!0","!","!","!","!","!","!","!"]},"858":{"keys":[7],"grid":[" "," "," "," "," "," "," "," "," "," "," "," "," "," "," "," "]},"859":{"keys":[7,21],"grid":[" 0!!","00"," /!#","02"," .!$"," -!%","05"," ,!&","07"," +!'"," *!(","10"," )!)","12"," (!*"," '!+"]}},"2542":{"861":{"keys":[7,21],"grid":[" -!%","00"," ,!&"," +!'","03"," *!("," )!)","06"," (!*","08"," '!+"," &!,","11"," %!-","13"," $!."]},"860":{"keys":[7,21],"grid":[" "," "," "," "," "," "," "," "," "," "," "," 0!!","11"," /!#"," .!$","14"]},"862":{"keys":[7,21],"grid":[" #!/","00"," !!0","02","!","!","!","!","!","!","!","!","!","!","!","!"]}},"2541":{"863":{"keys":[7,21],"grid":[" *!("," )!)","01"," (!*"," '!+","04"," &!,"," %!-","07"," $!.","09"," #!/"," !!0","12","!","!"]},"862":{"keys":[7,21],"grid":[" "," "," "," "," "," 0!!","05"," /!#","07"," .!$"," -!%","10"," ,!&","12"," +!'"," *!("]},"864":{"keys":[21],"grid":[" "," "," "," "," "," "," "," "," "," "," "," "," "," "," "," "]}},"2540":{"865":{"keys":[7,21],"grid":[" -!%"," ,!&","01","01"," +!'","04","04","04"," *!(","08","08","08"," )!)","12","12"," (!*"]},"864":{"keys":[7,21],"grid":[" "," "," 0!!","02","02","02"," /!#","06","06"," .!$","09","09","09"," -!%","13","13"]},"867":{"keys":[7,21],"grid":[" $!."," #!/","01","01","01"," !!0","05","05","05","!","!","!","!","!","!","!"]},"866":{"keys":[7,21],"grid":[" (!*","00","00"," '!+","03","03"," &!,","06","06","06"," %!-","10","10","10"," $!.","14"]}},"2547":{"854":{"keys":[21],"grid":[" "," "," "," "," "," "," "," "," "," "," "," "," "," "," "," "]},"852":{"keys":[7,21],"grid":[" "," "," "," "," "," "," 0!!","06"," /!#","08"," .!$"," -!%","11"," ,!&","13"," +!'"]},"853":{"keys":[7,21],"grid":[" *!(","00"," )!)","02"," (!*"," '!+","05"," &!,","07"," %!-"," $!.","10"," #!/","12"," !!0","!"]}},"2546":{"854":{"keys":[7,21],"grid":[" "," 0!!","01"," /!#"," .!$","04"," -!%","06"," ,!&"," +!'","09"," *!(","11"," )!)"," (!*","14"]},"855":{"keys":[7,21],"grid":[" '!+"," &!,","01"," %!-","03"," $!."," #!/","06"," !!0","08","!","!","!","!","!","!"]}},"2545":{"855":{"keys":[7,21],"grid":[" "," "," "," "," "," "," "," "," "," "," "," 0!!","11"," /!#","13"," .!$"]},"856":{"keys":[7,21],"grid":[" -!%","00"," ,!&","02"," +!'"," *!(","05"," )!)","07"," (!*"," '!+","10"," &!,","12"," %!-"," $!."]},"857":{"keys":[7,21],"grid":[" $!."," #!/","01"," !!0","!","!","!","!","!","!","!","!","!","!","!","!"]}},"2544":{"857":{"keys":[7,21],"grid":[" "," "," "," "," "," "," 0!!","06"," /!#"," .!$","09"," -!%","11"," ,!&"," +!'","14"]},"858":{"keys":[7,21],"grid":[" *!(","00"," )!)"," (!*","03"," '!+","05"," &!,"," %!-","08"," $!."," #!/","11"," !!0","13","!"]}},"2549":{"850":{"keys":[7,21],"grid":[" '!+","00"," &!,"," %!-","03"," $!.","05"," #!/"," !!0","08","!","!","!","!","!","!"]},"849":{"keys":[7,21],"grid":[" "," 0!!","01"," /!#"," .!$","04"," -!%","06"," ,!&"," +!'","09"," *!(","11"," )!)"," (!*","14"]}},"2548":{"850":{"keys":[7,21],"grid":[" "," "," "," "," "," "," "," "," "," "," "," "," 0!!"," /!#","13"," .!$"]},"851":{"keys":[7,21],"grid":[" .!$"," -!%"," ,!&","02"," +!'","04"," *!("," )!)","07"," (!*","09"," '!+"," &!,","12"," %!-","14"]},"852":{"keys":[7,21],"grid":[" $!."," #!/","01"," !!0","03","!","!","!","!","!","!","!","!","!","!","!"]}},"2442":{"1006":{"keys":[7,21],"grid":[" %!-"," $!.","01"," #!/"," !!0","!","!","!","!","!","!","!","!","!","!","!"]},"1005":{"keys":[7,21],"grid":[" "," "," 0!!","02"," /!#"," .!$"," -!%"," ,!&","07"," +!'"," *!("," )!)"," (!*","12"," '!+"," &!,"]}},"2443":{"1005":{"keys":[7,21],"grid":[" !!0","!","!","!","!","!","!","!","!","!","!","!","!","!","!","!"]},"1004":{"keys":[7,21],"grid":[" /!#"," .!$"," -!%"," ,!&","03"," +!'"," *!("," )!)"," (!*","08"," '!+"," &!,"," %!-"," $!.","13"," #!/"]},"1003":{"keys":[7,21],"grid":[" "," "," "," "," "," "," "," "," "," "," "," "," "," "," "," 0!!"]}},"2440":{"1007":{"keys":[7,21],"grid":[" "," "," "," "," "," "," "," "," "," "," 0!!","10"," /!#"," .!$"," -!%"," ,!&"]},"1008":{"keys":[7,21],"grid":[" ,!&"," +!'"," *!("," )!)"," (!*","04"," '!+"," &!,"," %!-"," $!.","09"," #!/"," !!0","!","!","!"]}},"2441":{"1007":{"keys":[7,21],"grid":[" (!*","00"," '!+"," &!,"," %!-"," $!.","05"," #!/"," !!0","!","!","!","!","!","!","!"]},"1006":{"keys":[7,21],"grid":[" "," "," "," "," "," "," 0!!","06"," /!#"," .!$"," -!%"," ,!&","11"," +!'"," *!("," )!)"]}},"2446":{"1001":{"keys":[7,21],"grid":[" &!,"," %!-"," $!."," #!/"," !!0","04","!","!","!","!","!","!","!","!","!","!"]},"1000":{"keys":[7,21],"grid":[" "," "," "," 0!!"," /!#"," .!$","05"," -!%"," ,!&"," +!'"," *!(","10"," )!)"," (!*"," '!+"," &!,"]}},"2447":{"999":{"keys":[7,21],"grid":[" /!#","00"," .!$"," -!%"," ,!&"," +!'","05"," *!("," )!)"," (!*"," '!+"," &!,","11"," %!-"," $!."," #!/"]},"998":{"keys":[7,21],"grid":[" "," "," "," "," "," "," "," "," "," "," "," "," "," "," "," 0!!"]},"1000":{"keys":[7,21],"grid":[" !!0","00","!","!","!","!","!","!","!","!","!","!","!","!","!","!"]}},"2444":{"1003":{"keys":[7,21],"grid":[" ,!&"," +!'"," *!("," )!)","03"," (!*"," '!+"," &!,"," %!-","08"," $!."," #!/"," !!0","!","!","!"]},"1002":{"keys":[7,21],"grid":[" "," "," "," "," "," "," "," "," "," "," "," 0!!"," /!#"," .!$"," -!%","14"]}},"2445":{"1002":{"keys":[7,21],"grid":[" )!)"," (!*"," '!+"," &!,"," %!-","04"," $!."," #!/"," !!0","!","!","!","!","!","!","!"]},"1001":{"keys":[7,21],"grid":[" "," "," "," "," "," "," "," 0!!"," /!#"," .!$"," -!%","10"," ,!&"," +!'"," *!("," )!)"]}},"2448":{"997":{"keys":[7,21],"grid":[" "," "," "," "," "," "," "," "," "," "," "," 0!!","11"," /!#"," .!$"," -!%"]},"998":{"keys":[7,21],"grid":[" ,!&","00"," +!'"," *!("," )!)"," (!*"," '!+","06"," &!,"," %!-"," $!."," #!/","11"," !!0","!","!"]}},"2449":{"997":{"keys":[7,21],"grid":[" -!%"," ,!&"," +!'"," )!)"," (!*"," '!+"," %!-"," $!."," #!/"," !!0","!","!","!","!","!","!"]},"996":{"keys":[7,21],"grid":[" "," "," "," "," "," "," "," "," "," "," "," "," "," "," 0!!"," /!#"]}},"2523":{"911":{"keys":[7,21],"grid":[" "," "," "," "," "," "," "," "," "," "," "," "," 0!!","12"," /!#","14"]},"913":{"keys":[7,21],"grid":[" &!,","00"," %!-"," $!.","03"," #!/","05"," !!0","07","!","!","!","!","!","!","!"]},"912":{"keys":[7,21],"grid":[" .!$","00"," -!%","02"," ,!&","04"," +!'","06"," *!(","08"," )!)","10"," (!*","12"," '!+","14"]}},"2489":{"972":{"keys":[7,21],"grid":[" &!,","00"," %!-"," $!."," #!/"," !!0","!","!","!","!","!","!","!","!","!","!"]},"971":{"keys":[7,21],"grid":[" "," "," "," "," 0!!"," /!#"," .!$","06"," -!%"," ,!&"," +!'"," *!(","11"," )!)"," (!*"," '!+"]}},"2459":{"989":{"keys":[7,21],"grid":[" "," "," "," "," "," "," "," "," 0!!"," /!#"," -!%"," ,!&"," *!("," )!)"," (!*"," &!,"]},"990":{"keys":[7,21],"grid":[" %!-"," $!."," !!0","!","!","!","!","!","!","!","!","!","!","!","!","!"]}},"2458":{"990":{"keys":[7,21],"grid":[" "," "," "," "," 0!!"," .!$"," -!%"," +!'"," *!("," )!)"," '!+"," &!,"," %!-"," #!/"," !!0","!"]}},"2455":{"993":{"keys":[7,21],"grid":[" $!."," !!0","!","!","!","!","!","!","!","!","!","!","!","!","!","!"]},"992":{"keys":[7,21],"grid":[" "," "," "," "," "," "," "," 0!!"," /!#"," -!%"," ,!&"," *!("," )!)"," (!*"," &!,"," %!-"]}},"2482":{"977":{"keys":[7],"grid":[" "," "," "," "," "," "," "," "," "," "," "," "," "," "," "," "]},"978":{"keys":[7,21],"grid":[" 0!!"," /!#"," -!%"," ,!&"," +!'"," )!)"," (!*"," &!,"," %!-"," #!/"," !!0","!","!","!","!","!"]}},"2457":{"991":{"keys":[7,21],"grid":[" /!#"," .!$"," ,!&"," +!'"," *!("," (!*"," '!+"," &!,"," $!."," #!/"," !!0","!","!","!","!","!"]},"990":{"keys":[7],"grid":[" "," "," "," "," "," "," "," "," "," "," "," "," "," "," "," "]}},"2456":{"991":{"keys":[7,21],"grid":[" "," "," "," "," "," "," "," "," "," "," "," 0!!"," /!#"," -!%"," ,!&"," +!'"]},"992":{"keys":[7,21],"grid":[" )!)"," (!*"," '!+"," %!-"," $!."," #!/","!","!","!","!","!","!","!","!","!","!"]}},"2451":{"995":{"keys":[7,21],"grid":[" "," "," "," "," "," "," 0!!"," /!#"," .!$"," ,!&"," +!'"," *!("," (!*"," '!+"," &!,"," $!."]},"996":{"keys":[7,21],"grid":[" #!/"," !!0","!","!","!","!","!","!","!","!","!","!","!","!","!","!"]}},"2450":{"996":{"keys":[7,21],"grid":[" "," "," 0!!"," /!#"," .!$"," ,!&"," +!'"," )!)"," (!*"," '!+"," %!-"," $!."," #!/","!","!","!"]}},"2453":{"994":{"keys":[7,21],"grid":[" .!$"," -!%"," +!'"," *!("," )!)"," '!+"," &!,"," %!-"," #!/"," !!0","!","!","!","!","!","!"]},"993":{"keys":[7,21],"grid":[" "," "," "," "," "," "," "," "," "," "," "," "," "," "," "," /!#"]}},"2452":{"995":{"keys":[7,21],"grid":[" (!*"," '!+"," &!,"," $!."," #!/"," !!0","!","!","!","!","!","!","!","!","!","!"]},"994":{"keys":[7,21],"grid":[" "," "," "," "," "," "," "," "," "," "," "," /!#"," .!$"," ,!&"," +!'"," *!("]}},"2428":{"1023":{"keys":[7,21],"grid":[" -!%","00"," ,!&"," +!'"," *!(","04"," )!)"," (!*"," '!+"," &!,","09"," %!-"," $!."," #!/"," !!0","14"]},"1022":{"keys":[7,21],"grid":[" "," "," "," "," "," "," "," "," "," "," "," "," "," 0!!"," /!#"," .!$"]}},"2429":{"1021":{"keys":[7,21],"grid":[" "," "," "," "," "," "," "," "," 0!!","08"," /!#"," .!$"," -!%"," ,!&","13"," +!'"]},"1022":{"keys":[7,21],"grid":[" *!("," )!)"," (!*","02"," '!+"," &!,"," %!-","06"," $!."," #!/"," !!0","!","!","!","!","!"]}},"2518":{"921":{"keys":[7,21],"grid":[" "," "," "," "," "," "," "," "," 0!!","08"," /!#","10"," .!$","12"," -!%","14"]},"922":{"keys":[7,21],"grid":[" ,!&","00"," +!'","02"," *!(","04"," )!)","06"," (!*","08"," '!+","10"," &!,","12"," %!-","14"]},"923":{"keys":[7,21],"grid":[" $!.","00"," #!/","02"," !!0","04","!","!","!","!","!","!","!","!","!","!"]}},"2519":{"920":{"keys":[7,21],"grid":[" -!%"," ,!&","01"," +!'","03"," *!(","05"," )!)","07"," (!*","09"," '!+","11"," &!,","13"," %!-"]},"921":{"keys":[7,21],"grid":[" %!-"," $!.","01"," #!/"," !!0","04","!","!","!","!","!","!","!","!","!","!"]},"919":{"keys":[7,21],"grid":[" "," "," "," "," "," "," "," "," "," 0!!","09"," /!#","11"," .!$","13"," -!%"]}},"2514":{"929":{"keys":[7,21],"grid":[" "," "," "," "," "," "," 0!!","06"," /!#","08"," .!$","10"," -!%","12"," ,!&","14"]},"931":{"keys":[7,21],"grid":[" #!/","00"," !!0","02","!","!","!","!","!","!","!","!","!","!","!","!"]},"930":{"keys":[7,21],"grid":[" +!'","00"," *!(","02"," )!)","04"," (!*","06"," '!+","08"," &!,","10"," %!-","12"," $!.","14"]}},"2515":{"928":{"keys":[7,21],"grid":[" ,!&"," +!'","01"," *!(","03"," )!)","05"," (!*","07"," '!+","09"," &!,","11"," %!-","13"," $!."]},"929":{"keys":[7,21],"grid":[" $!."," #!/","01"," !!0","03","!","!","!","!","!","!","!","!","!","!","!"]},"927":{"keys":[7,21],"grid":[" "," "," "," "," "," "," "," 0!!","07"," /!#","09"," .!$","11"," -!%","13"," ,!&"]}},"2516":{"925":{"keys":[7,21],"grid":[" "," "," "," "," "," "," "," 0!!","07"," /!#","09"," .!$","11"," -!%","13"," ,!&"]},"926":{"keys":[7,21],"grid":[" ,!&"," +!'","01"," *!(","03"," )!)","05"," (!*","07"," '!+","09"," &!,","11"," %!-","13"," $!."]},"927":{"keys":[7,21],"grid":[" $!."," #!/","01"," !!0","03","!","!","!","!","!","!","!","!","!","!","!"]}},"2517":{"923":{"keys":[7,21],"grid":[" "," "," "," "," "," "," "," "," 0!!","08"," /!#","10"," .!$","12"," -!%","14"]},"924":{"keys":[7,21],"grid":[" ,!&","00"," +!'","02"," *!(","04"," )!)","06"," (!*","08"," '!+","10"," &!,"," %!-","13"," $!."]},"925":{"keys":[7,21],"grid":[" $!."," #!/","01"," !!0","03","!","!","!","!","!","!","!","!","!","!","!"]}},"2510":{"939":{"keys":[7,21],"grid":[" #!/"," !!0","01","!","!","!","!","!","!","!","!","!","!","!","!","!"]},"938":{"keys":[7,21],"grid":[" +!'"," *!(","01"," )!)","03"," (!*","05"," '!+","07"," &!,","09"," %!-","11"," $!.","13"," #!/"]},"937":{"keys":[7,21],"grid":[" "," "," "," "," "," "," 0!!"," /!#","07"," .!$","09"," -!%","11"," ,!&","13"," +!'"]}},"2511":{"937":{"keys":[7,21],"grid":[" #!/","00"," !!0","02","!","!","!","!","!","!","!","!","!","!","!","!"]},"936":{"keys":[7,21],"grid":[" +!'","00"," *!(","02"," )!)","04"," (!*","06"," '!+","08"," &!,","10"," %!-","12"," $!.","14"]},"935":{"keys":[7,21],"grid":[" "," "," "," "," "," "," 0!!","06"," /!#","08"," .!$","10"," -!%","12"," ,!&","14"]}},"2512":{"933":{"keys":[7,21],"grid":[" "," "," "," "," "," "," 0!!","06"," /!#","08"," .!$","10"," -!%","12"," ,!&","14"]},"935":{"keys":[7,21],"grid":[" #!/","00"," !!0","02","!","!","!","!","!","!","!","!","!","!","!","!"]},"934":{"keys":[7,21],"grid":[" +!'","00"," *!(","02"," )!)","04"," (!*","06"," '!+","08"," &!,","10"," %!-","12"," $!.","14"]}},"2513":{"933":{"keys":[7,21],"grid":[" #!/","00"," !!0","02","!","!","!","!","!","!","!","!","!","!","!","!"]},"932":{"keys":[7,21],"grid":[" +!'","00"," *!(","02"," )!)","04"," (!*","06"," '!+","08"," &!,","10"," %!-","12"," $!.","14"]},"931":{"keys":[7,21],"grid":[" "," "," "," "," "," "," 0!!","06"," /!#","08"," .!$","10"," -!%","12"," ,!&","14"]}},"2439":{"1010":{"keys":[7,21],"grid":[" !!0","!","!","!","!","!","!","!","!","!","!","!","!","!","!","!"]},"1009":{"keys":[7,21],"grid":[" /!#"," .!$"," -!%"," ,!&","03"," +!'"," *!("," )!)"," (!*","08"," '!+"," &!,"," %!-"," $!.","13"," #!/"]},"1008":{"keys":[7,21],"grid":[" "," "," "," "," "," "," "," "," "," "," "," "," "," "," 0!!","14"]}},"2438":{"1010":{"keys":[7,21],"grid":[" "," "," 0!!","02"," /!#"," .!$"," -!%"," ,!&","07"," +!'"," *!("," )!)"," (!*","12"," '!+"," &!,"]},"1011":{"keys":[7,21],"grid":[" %!-"," $!.","01"," #!/"," !!0","!","!","!","!","!","!","!","!","!","!","!"]}},"2433":{"1016":{"keys":[7,21],"grid":[" "," "," "," "," "," "," "," 0!!"," /!#","08"," .!$"," -!%"," ,!&"," +!'","13"," *!("]},"1017":{"keys":[7,21],"grid":[" )!)"," (!*"," '!+","02"," &!,"," %!-"," $!.","06"," #!/"," !!0","!","!","!","!","!","!"]}},"2432":{"1017":{"keys":[7,21],"grid":[" "," "," "," "," "," "," "," "," "," "," "," 0!!","11"," /!#"," .!$"," -!%"]},"1018":{"keys":[7,21],"grid":[" ,!&","00"," +!'"," *!("," )!)"," (!*","05"," '!+"," &!,"," %!-","09"," $!."," #!/"," !!0","!","!"]}},"2431":{"1018":{"keys":[7],"grid":[" "," "," "," "," "," "," "," "," "," "," "," "," "," "," "," "]},"1019":{"keys":[7,21],"grid":[" 0!!"," /!#"," .!$"," -!%","03"," ,!&"," +!'"," *!("," )!)","08"," (!*"," '!+"," &!,","12"," %!-"," $!."]},"1020":{"keys":[7,21],"grid":[" #!/"," !!0","01","!","!","!","!","!","!","!","!","!","!","!","!","!"]}},"2430":{"1021":{"keys":[7,21],"grid":[" '!+"," &!,"," %!-"," $!."," #!/","04"," !!0","!","!","!","!","!","!","!","!","!"]},"1020":{"keys":[7,21],"grid":[" "," "," "," "," 0!!"," /!#"," .!$","06"," -!%"," ,!&"," +!'","10"," *!("," )!)"," (!*"," '!+"]}},"2437":{"1011":{"keys":[7,21],"grid":[" "," "," "," "," "," "," "," 0!!"," /!#"," .!$"," -!%","10"," ,!&"," +!'"," *!("," )!)"]},"1012":{"keys":[7,21],"grid":[" )!)"," (!*"," '!+"," &!,"," %!-","04"," $!."," #!/"," !!0","!","!","!","!","!","!","!"]}},"2436":{"1012":{"keys":[7,21],"grid":[" "," "," "," "," "," "," "," "," "," "," "," 0!!"," /!#"," .!$"," -!%","14"]},"1013":{"keys":[7,21],"grid":[" ,!&"," +!'"," *!("," )!)","03"," (!*"," '!+"," &!,"," %!-","08"," $!."," #!/"," !!0","!","!","!"]}},"2435":{"1014":{"keys":[7,21],"grid":[" /!#"," .!$","01"," -!%"," ,!&"," +!'"," *!(","06"," )!)"," (!*"," '!+"," &!,","11"," %!-"," $!."," #!/"]},"1015":{"keys":[7,21],"grid":[" !!0","00","!","!","!","!","!","!","!","!","!","!","!","!","!","!"]},"1013":{"keys":[7,21],"grid":[" "," "," "," "," "," "," "," "," "," "," "," "," "," "," "," 0!!"]}},"2434":{"1015":{"keys":[7,21],"grid":[" "," "," "," 0!!"," /!#"," .!$","05"," -!%"," ,!&"," +!'"," *!(","10"," )!)"," (!*"," '!+","14"]},"1016":{"keys":[7,21],"grid":[" &!,"," %!-"," $!."," #!/","03"," !!0","!","!","!","!","!","!","!","!","!","!"]}},"2528":{"902":{"keys":[7,21],"grid":[" "," 0!!","01"," /!#","03"," .!$","05"," -!%","07"," ,!&","09"," +!'","11"," *!(","13"," )!)"]},"903":{"keys":[7,21],"grid":[" )!)"," (!*","01"," '!+","03"," &!,","05"," %!-"," $!.","08"," #!/","10"," !!0","12","!","!"]}},"2509":{"939":{"keys":[7,21],"grid":[" "," "," "," "," "," 0!!","05"," /!#","07"," .!$","09"," -!%","11"," ,!&","13"," +!'"]},"940":{"keys":[7,21],"grid":[" +!'"," *!(","01"," )!)","03"," (!*","05"," '!+","07"," &!,","09"," %!-","11"," $!.","13"," #!/"]},"941":{"keys":[7,21],"grid":[" #!/"," !!0","01","!","!","!","!","!","!","!","!","!","!","!","!","!"]}},"2508":{"942":{"keys":[7,21],"grid":[" +!'"," *!(","01"," )!)","03"," (!*","05"," '!+","07"," &!,","09"," %!-","11"," $!.","13"," #!/"]},"943":{"keys":[7,21],"grid":[" #!/"," !!0","01","!","!","!","!","!","!","!","!","!","!","!","!","!"]},"941":{"keys":[7,21],"grid":[" "," "," "," "," "," 0!!","05"," /!#","07"," .!$","09"," -!%","11"," ,!&","13"," +!'"]}},"2507":{"944":{"keys":[7,21],"grid":[" +!'"," *!(","01"," )!)","03"," (!*","05"," '!+","07"," &!,","09","09"," %!-","12","12"," $!."]},"945":{"keys":[7,21],"grid":[" $!."," #!/","01","01"," !!0","04","!","!","!","!","!","!","!","!","!","!"]},"943":{"keys":[7,21],"grid":[" "," "," "," "," "," 0!!","05"," /!#","07"," .!$","09"," -!%","11"," ,!&","13"," +!'"]}},"2550":{"847":{"keys":[7,21],"grid":[" "," "," "," "," "," "," 0!!","06"," /!#","08"," .!$"," -!%","11"," ,!&","13"," +!'"]},"849":{"keys":[21],"grid":[" "," "," "," "," "," "," "," "," "," "," "," "," "," "," "," "]},"848":{"keys":[7,21],"grid":[" *!(","00"," )!)","02"," (!*"," '!+","05"," &!,","07"," %!-"," $!.","10"," #!/","12"," !!0","!"]}},"2505":{"947":{"keys":[7,21],"grid":[" "," "," "," "," "," "," "," "," "," "," "," "," "," "," 0!!","14"]},"949":{"keys":[7,21],"grid":[" )!)"," (!*","01","01"," '!+","04"," &!,","06"," %!-","08","08"," $!.","11","11","11"," #!/"]},"948":{"keys":[7,21],"grid":[" /!#","00","00"," .!$","03"," -!%","05","05"," ,!&","08"," +!'","10","10"," *!(","13"," )!)"]},"950":{"keys":[7,21],"grid":[" #!/","00","00"," !!0","03","03","!","!","!","!","!","!","!","!","!","!"]}},"2504":{"951":{"keys":[7,21],"grid":[" /!#"," .!$","01","01"," -!%","04","04"," ,!&","07","07"," +!'","10","10"," *!(","13","13"]},"950":{"keys":[7,21],"grid":[" "," "," "," "," "," "," "," "," "," "," 0!!","10","10"," /!#","13","13"]},"953":{"keys":[7,21],"grid":[" #!/","00"," !!0","02","!","!","!","!","!","!","!","!","!","!","!","!"]},"952":{"keys":[7,21],"grid":[" )!)","00"," (!*","02","02"," '!+","05","05"," &!,","08","08"," %!-","11"," $!.","13","13"]}},"2503":{"953":{"keys":[7,21],"grid":[" "," "," "," "," "," "," "," 0!!","07"," /!#","09"," .!$","11","11"," -!%","14"]},"955":{"keys":[7,21],"grid":[" %!-"," $!.","01"," #!/","03"," !!0","!","!","!","!","!","!","!","!","!","!"]},"954":{"keys":[7,21],"grid":[" ,!&","00"," +!'","02"," *!(","04"," )!)","06","06"," (!*","09"," '!+","11"," &!,","13"," %!-"]}},"2502":{"955":{"keys":[7,21],"grid":[" "," "," "," "," "," "," "," "," 0!!","08"," /!#","10"," .!$","12"," -!%","14"]},"957":{"keys":[7,21],"grid":[" %!-","00"," $!.","02"," #!/","04","04"," !!0","07","!","!","!","!","!","!","!"]},"956":{"keys":[7,21],"grid":[" ,!&"," +!'","01"," *!(","03"," )!)","05"," (!*","07","07"," '!+","10","10"," &!,","13"," %!-"]}},"2501":{"959":{"keys":[7,21],"grid":[" &!,","00"," %!-","02"," $!.","04"," #!/","06"," !!0","08","!","!","!","!","!","!"]},"958":{"keys":[7,21],"grid":[" .!$","00"," -!%","02"," ,!&","04"," +!'","06"," *!(","08"," )!)","10"," (!*","12"," '!+","14"]},"957":{"keys":[7,21],"grid":[" "," "," "," "," "," "," "," "," "," "," "," 0!!","11"," /!#","13","13"]}},"2500":{"959":{"keys":[7,21],"grid":[" "," "," "," "," "," "," "," "," "," "," "," "," 0!!","12"," /!#"," .!$"]},"960":{"keys":[7,21],"grid":[" .!$"," -!%","01"," ,!&","03"," +!'"," *!(","06"," )!)","08"," (!*"," '!+","11"," &!,","13"," %!-"]},"961":{"keys":[7,21],"grid":[" $!.","00"," #!/"," !!0","03","!","!","!","!","!","!","!","!","!","!","!"]}},"2551":{"847":{"keys":[7,21],"grid":[" $!."," #!/","01"," !!0","03","!","!","!","!","!","!","!","!","!","!","!"]},"846":{"keys":[7,21],"grid":[" .!$"," -!%"," ,!&","02"," +!'","04"," *!("," )!)","07"," (!*","09"," '!+"," &!,","12"," %!-","14"]},"845":{"keys":[7,21],"grid":[" "," "," "," "," "," "," "," "," "," "," "," "," 0!!"," /!#","13"," .!$"]}},"2538":{"874":{"keys":[7,21],"grid":[" %!-","00"," $!.","02","02","02"," #!/","06","06"," !!0","09","09","09","!","!","!"]},"872":{"keys":[7,21],"grid":[" .!$","00"," -!%","02","02"," ,!&","05","05","05"," +!'","09","09"," *!(","12","12","12"]},"873":{"keys":[7,21],"grid":[" )!)","00","00","00"," (!*","04","04"," '!+","07","07","07"," &!,","11","11","11"," %!-"]},"871":{"keys":[7,21],"grid":[" "," "," "," "," "," "," "," 0!!","07","07"," /!#","10","10","10"," .!$","14"]}},"2539":{"869":{"keys":[7,21],"grid":[" +!'","00"," *!(","02","02","02"," )!)","06","06","06"," (!*","10","10"," '!+","13","13"]},"868":{"keys":[7,21],"grid":[" /!#","00","00","00"," .!$","04","04"," -!%","07","07","07"," ,!&","11","11","11"," +!'"]},"867":{"keys":[7,21],"grid":[" "," "," "," "," "," "," "," "," "," "," "," "," 0!!","12","12","12"]},"870":{"keys":[7,21],"grid":[" '!+"," &!,","01","01","01"," %!-","05","05"," $!.","08","08","08"," #!/","12","12"," !!0"]},"871":{"keys":[7,21],"grid":[" !!0","00","00","!","!","!","!","!","!","!","!","!","!","!","!","!"]}},"2532":{"893":{"keys":[7,21],"grid":[" "," "," "," "," "," 0!!","05","05","05"," /!#","09","09"," .!$","12","12","12"]},"894":{"keys":[7,21],"grid":[" -!%","00","00","00"," ,!&","04","04"," +!'","07","07","07"," *!(","11","11","11"," )!)"]},"895":{"keys":[7,21],"grid":[" )!)","00"," (!*","02","02","02"," '!+","06"," &!,","08"," %!-","10"," $!.","12"," #!/","14"]},"896":{"keys":[7,21],"grid":[" !!0","00","00","!","!","!","!","!","!","!","!","!","!","!","!","!"]}},"2533":{"890":{"keys":[7,21],"grid":[" /!#","00"," .!$","02","02"," -!%","05","05","05"," ,!&","09","09","09"," +!'","13","13"]},"891":{"keys":[7,21],"grid":[" *!(","00","00","00"," )!)","04","04","04"," (!*","08","08"," '!+","11","11","11"," &!,"]},"889":{"keys":[7,21],"grid":[" "," "," "," "," "," "," "," "," "," "," 0!!","10","10","10"," /!#","14"]},"893":{"keys":[7,21],"grid":[" !!0","!","!","!","!","!","!","!","!","!","!","!","!","!","!","!"]},"892":{"keys":[7,21],"grid":[" &!,","00","00"," %!-","03","03"," $!.","06","06","06"," #!/","10","10","10"," !!0","14"]}},"2530":{"898":{"keys":[7,21],"grid":[" "," "," "," "," 0!!","04"," /!#","06"," .!$","08"," -!%"," ,!&","11"," +!'","13"," *!("]},"899":{"keys":[7,21],"grid":[" *!("," )!)","01"," (!*","03"," '!+","05"," &!,","07"," %!-","09"," $!.","11"," #!/","13"," !!0"]},"900":{"keys":[7,21],"grid":[" !!0","!","!","!","!","!","!","!","!","!","!","!","!","!","!","!"]}},"2531":{"898":{"keys":[7,21],"grid":[" !!0","00","!","!","!","!","!","!","!","!","!","!","!","!","!","!"]},"896":{"keys":[7,21],"grid":[" "," "," "," "," "," 0!!","05"," /!#","07"," .!$","09"," -!%","11"," ,!&","13"," +!'"]},"897":{"keys":[7,21],"grid":[" +!'"," *!("," )!)","02"," (!*","04"," '!+","06"," &!,","08"," %!-","10"," $!.","12"," #!/","14"]}},"2536":{"882":{"keys":[7,21],"grid":[" !!0","!","!","!","!","!","!","!","!","!","!","!","!","!","!","!"]},"881":{"keys":[7,21],"grid":[" &!,","00","00"," %!-","03","03"," $!.","06","06","06"," #!/","10","10","10"," !!0","14"]},"880":{"keys":[7,21],"grid":[" +!'"," *!(","01","01"," )!)","04","04","04"," (!*","08","08","08"," '!+","12","12"," &!,"]},"878":{"keys":[7,21],"grid":[" "," "," "," "," "," "," "," "," "," "," "," 0!!","11","11"," /!#","14"]},"879":{"keys":[7,21],"grid":[" /!#","00"," .!$","02","02","02"," -!%","06","06"," ,!&","09","09","09"," +!'","13","13"]}},"2537":{"876":{"keys":[7,21],"grid":[" ,!&","00","00"," +!'","03","03"," *!(","06","06","06"," )!)","10","10","10"," (!*","14"]},"877":{"keys":[7,21],"grid":[" (!*"," '!+","01","01","01"," &!,","05","05","05"," %!-","09","09"," $!.","12","12","12"]},"874":{"keys":[7],"grid":[" "," "," "," "," "," "," "," "," "," "," "," "," "," "," "," "]},"875":{"keys":[7,21],"grid":[" "," 0!!","01","01"," /!#","04","04","04"," .!$","08","08","08"," -!%","12","12"," ,!&"]},"878":{"keys":[7,21],"grid":[" #!/","00","00","00"," !!0","04","04","!","!","!","!","!","!","!","!","!"]}},"2534":{"889":{"keys":[7,21],"grid":[" #!/","00","00"," !!0","03","03","03","!","!","!","!","!","!","!","!","!"]},"888":{"keys":[7,21],"grid":[" '!+","00","00","00"," &!,","04","04","04"," %!-","08","08"," $!.","11","11","11"," #!/"]},"887":{"keys":[7,21],"grid":[" ,!&","00"," +!'","02","02","02"," *!(","06","06"," )!)","09","09","09"," (!*","13","13"]},"886":{"keys":[7,21],"grid":[" 0!!","00","00"," /!#","03","03","03"," .!$","07","07","07"," -!%","11","11"," ,!&","14"]},"885":{"keys":[7],"grid":[" "," "," "," "," "," "," "," "," "," "," "," "," "," "," "," "]}},"2535":{"883":{"keys":[7,21],"grid":[" -!%","00","00","00"," ,!&","04","04"," +!'","07","07","07"," *!(","11","11","11"," )!)"]},"882":{"keys":[7,21],"grid":[" "," "," "," "," "," 0!!","05","05","05"," /!#","09","09"," .!$","12","12","12"]},"885":{"keys":[7,21],"grid":[" %!-"," $!.","01","01","01"," #!/","05","05"," !!0","08","08","08","!","!","!","!"]},"884":{"keys":[7,21],"grid":[" )!)","00"," (!*","02","02","02"," '!+","06","06","06"," &!,","10","10"," %!-","13","13"]}}}}