{"9":{"151":{"64":{"keys":[7,1,21],"grid":[" ,!##$"," +!##%"," *!##&"," )!##'"," )!!#(","03"," *!!#'","06","02"," +!!#&","09","09","09","01"," ,!!#%","14"]},"65":{"keys":[7,1,21],"grid":[" ,!!#%","00","00","00"," ,!##$"," -!!#$","05","05","05","05"," -!###"," .!!##","11","11","11","11"]},"66":{"keys":[7,1,21],"grid":[" .!!##"," .!##!"," /!!#!","02","02","02","02","02"," /!#"," 0!!","09","09","09","09","09","09"]},"67":{"keys":[7,1,21],"grid":[" "," "," 0!!","02","02"," /!#"," /!!#!"," .!##!"," .!!##","08"," -!###"," -!!#$"," ,!##$"," ,!!#%","13"," +!##%"]},"68":{"keys":[7,1,21],"grid":[" +!!#&"," *!##&"," *!!#'","02"," )!##'"," )!!#(","05"," (!##("," (!!#)"," '!##)"," '!!#*","10"," &!##*"," &!!#+"," %!##+"," %!!#,"]},"69":{"keys":[7,1,21],"grid":[" $!##,"," #!##-"," #!!#."," !!##."," !!!#/","!##/","!!#0","06","06","#","#","#","#","#","#","#"]}},"150":{"69":{"keys":[7,1,21],"grid":[" "," "," "," "," "," "," "," "," 0!!","08","08"," /!#"," /!!#!"," .!##!"," .!!##","14"]},"71":{"keys":[7,21,""],"grid":["  !!","00"," #!!","02"]},"70":{"keys":[7,1,21,""],"grid":[" -!###"," -!!#$","01"," ,!##$"," ,!!#%","04"," +!##%"," +!!#&"," *!##&"," *!!#'","09","09"," *#(","12"," )$!#(","14"]}},"152":{"66":{"keys":[21,1],"grid":[" "," "," "," "," "," "," "," "," "," "," "," "," "," "," ","!! 0"]},"67":{"keys":[1,21],"grid":[" !!0","00","00","!","!","!","!","!","!","!","!","!","!","!","!","!"]}}},"13":{"2432":{"1074":{"keys":[7,21],"grid":[" $!.","00"," #!/","02"," !!0","04","04","!","!","!","!","!","!","!","!","!"]},"1072":{"keys":[7,21],"grid":[" #!/","00","00","00","00","00"," $!.","06","06","06","06","06","06"," %!-","13","13"]},"1073":{"keys":[7,21],"grid":[" %!-","00","00"," &!,","03","03","03","03","03","03","03","03","03","00","00"," $!."]},"1071":{"keys":[21,7],"grid":[" "," "," "," "," "," "," "," ","!! 0","08","08","08","08","08","08","!# /"]}},"2431":{"1069":{"keys":[7,21],"grid":[" ,!&","00","00","00","00","00"," -!%","06","06","06","06","06","06"," .!$","13","13"]},"1068":{"keys":[7,21],"grid":[" )!)"," *!(","01","01","01","01","01","01"," +!'","08","08","08","08","08","08"," ,!&"]},"1076":{"keys":[7,21],"grid":[" '!+","00","00"," &!,","03","03"," %!-","06"," $!.","08","08"," #!/","11"," !!0","13","13"]},"1077":{"keys":[21],"grid":[" "," "," "," "," "," "," "," "," "," "," "," "," "," "," "," "]},"1074":{"keys":[7,21],"grid":[" "," "," "," "," "," "," "," "," "," 0!!","09","09"," /!#","12","12"," .!$"]},"1075":{"keys":[7,21],"grid":[" .!$"," -!%","01","01"," ,!&","04"," +!'","06","06"," *!(","09"," )!)","11","11"," (!*","14"]},"1065":{"keys":[7,21],"grid":[" !!0","00"," #!/","02","02","02","02","02"," $!.","08","08","08","08","08","08"," %!-"]},"1064":{"keys":[21,7],"grid":[" "," "," "," "," "," "," "," "," "," "," ","!! 0","11","11","11","11"]},"1067":{"keys":[7,21],"grid":[" '!+","00","00","00"," (!*","04","04","04","04","04"," )!)","10","10","10","10","10"]},"1066":{"keys":[7,21],"grid":[" %!-","00","00","00","00","00"," &!,","06","06","06","06","06","06"," '!+","13","13"]},"1070":{"keys":[7,21],"grid":[" .!$","00","00"," /!#","03","03","03","03","03","03"," 0!!","10","10","10","10","10"]},"1071":{"keys":[7,21],"grid":[" 0!!"," "," "," "," "," "," "," "," "," "," "," "," "," "," "," "]}},"2430":{"1078":{"keys":[7,21],"grid":[" +!'","00"," *!(","02"," )!)","04","04"," (!*","07"," '!+","09","09"," &!,","12"," %!-","14"]},"1057":{"keys":[21,7],"grid":[" "," "," "," "," "," "," "," "," "," "," "," "," "," ","!! 0","14"]},"1058":{"keys":[7,21],"grid":[" !!0","00","00","00","00"," #!/","05","05","05","05","05","05"," $!.","12","12","12"]},"1077":{"keys":[7,21],"grid":[" "," "," 0!!","02","02"," /!#","05"," .!$","07","07"," -!%","10","10"," ,!&","13"," +!'"]},"1063":{"keys":[7,21],"grid":[" .!$","00","00","00","00","00"," /!#","06","06","06","06","06","06"," 0!!","13","13"]},"1062":{"keys":[7,21],"grid":[" +!'","00"," ,!&","02","02","02","02","02","02"," -!%","09","09","09","09","09","09"]},"1064":{"keys":[7,21],"grid":[" 0!!","00","00","00"," "," "," "," "," "," "," "," "," "," "," "," "]},"1061":{"keys":[7,21],"grid":[" )!)","00","00","00"," *!(","04","04","04","04","04","04"," +!'","11","11","11","11"]},"1060":{"keys":[7,21],"grid":[" '!+","00","00","00","00","00","00"," (!*","07","07","07","07","07","07"," )!)","14"]},"1059":{"keys":[7,21],"grid":[" $!.","00"," %!-","02","02","02","02","02","02"," &!,","09","09","09","09","09","09"]},"1079":{"keys":[7,21],"grid":[" %!-"," $!.","01","01"," #!/","04"," !!0","06","06","!","!","!","!","!","!","!"]}},"2409":{"1128":{"keys":[7,21],"grid":[" "," "," "," "," "," "," "," "," "," "," "," "," "," "," "," 0!!"]},"1129":{"keys":[7,21],"grid":[" 0!!","00"," /!#","02"," .!$","04","04"," -!%","07","07"," ,!&","10","10"," +!'","13"," *!("]},"1131":{"keys":[7,21,""],"grid":[" !!!","00","#!!!","02"]},"1130":{"keys":[7,21,""],"grid":[" *!(","00"," )!)","02","02"," (!*","05"," '!+","07","07"," &!,","10","10","10"," %#!!,","14"]}},"2428":{"1050":{"keys":[7,21],"grid":[" /!#","00","00","00","00"," 0!!","05","05","05","05","05"," "," "," "," "," "]},"1024":{"keys":[21],"grid":[" "," "," "," "," "," "," "," "," "," "," "," "," "," "," "," "]},"1084":{"keys":[7,21],"grid":[" &!,"," %!-","01"," $!.","03","03"," #!/","06"," !!0","08","08","!","!","!","!","!"]},"1047":{"keys":[7,21],"grid":[" (!*","00","00","00","00","00"," )!)","06","06","06","06","06"," *!(","12","12","12"]},"1046":{"keys":[7,21],"grid":[" %!-"," &!,","01","01","01","01","01","01"," '!+","08","08","08","08","08","08"," (!*"]},"1045":{"keys":[7,21],"grid":[" #!/","00","00","00"," $!.","04","04","04","04","04","04"," %!-","11","11","11","11"]},"1044":{"keys":[21,7],"grid":[" "," "," "," "," "," "," ","!! 0","07","07","07","07","07","!# /","13","13"]},"1049":{"keys":[7,21],"grid":[" -!%","00","00","00","00","00","00"," .!$","07","07","07","07","07","07"," /!#","14"]},"1048":{"keys":[7,21],"grid":[" *!(","00","00"," +!'","03","03","03","03","03","03"," ,!&","10","10","10","10","10"]},"1083":{"keys":[7,21],"grid":[" ,!&"," +!'","01","01"," *!(","04"," )!)","06","06"," (!*","09","09"," '!+","12"," &!,","14"]},"1082":{"keys":[7,21],"grid":[" "," "," "," "," 0!!","04","04"," /!#","07","07"," .!$","10"," -!%","12","12"," ,!&"]}},"2429":{"1050":{"keys":[21],"grid":[" "," "," "," "," "," "," "," "," "," "," "," "," "," "," "," "]},"1051":{"keys":[21,7],"grid":[" "," ","!! 0","02","02","02","02","02","02","!# /","09","09","09","09","09","09"]},"1052":{"keys":[7,21],"grid":[" $!.","00","00","00","00","00"," %!-","06","06","06","06","06","06"," &!,","13","13"]},"1053":{"keys":[7,21],"grid":[" &!,","00","00","00"," '!+","04","04","04","04","04","04"," (!*","11","11","11","11"]},"1054":{"keys":[7,21],"grid":[" (!*"," )!)","01","01","01","01","01","01"," *!(","08","08","08","08","08","08"," +!'"]},"1082":{"keys":[7,21],"grid":[" !!0","00","!","!","!","!","!","!","!","!","!","!","!","!","!","!"]},"1081":{"keys":[7,21],"grid":[" (!*","00"," '!+","02","02"," &!,","05","05"," %!-","08"," $!.","10","10"," #!/","13"," !!0"]},"1079":{"keys":[7,21],"grid":[" "," "," "," "," "," "," "," "," "," "," "," 0!!","11","11"," /!#","14"]},"1057":{"keys":[7,21],"grid":[" /!#"," 0!!","01","01","01","01","01"," "," "," "," "," "," "," "," "," "]},"1056":{"keys":[7,21],"grid":[" -!%","00","00"," .!$","03","03","03","03","03","03"," /!#","10","10","10","10","10"]},"1080":{"keys":[7,21],"grid":[" .!$","00","00"," -!%","03","03"," ,!&","06"," +!'","08","08"," *!(","11"," )!)","13","13"]},"1055":{"keys":[7,21],"grid":[" +!'","00","00","00","00","00"," ,!&","06","06","06","06","06"," -!%","12","12","12"]}},"2420":{"1104":{"keys":[7,21],"grid":[" #!/"," !!0","!","!","!","!","!","!","!","!","!","!","!","!","!","!"]},"1102":{"keys":[7],"grid":[" "," "," "," "," "," "," "," "," "," "," "," "," "," "," "," "]},"1103":{"keys":[7,21],"grid":[" 0!!","00","00"," /!#","03"," .!$"," -!%"," ,!&"," +!'"," *!("," )!)"," (!*"," '!+"," &!,"," %!-"," $!."]}},"2421":{"1102":{"keys":[7,21],"grid":[" '!+"," &!,","01"," %!-","03","03"," $!.","06","06"," #!/","09"," !!0","11","11","!","!"]},"1100":{"keys":[7,21],"grid":[" "," "," "," "," "," "," "," 0!!","07"," /!#","09","09"," .!$","12"," -!%","14"]},"1101":{"keys":[7,21],"grid":[" -!%"," ,!&","01","01"," +!'","04"," *!(","06","06"," )!)","09"," (!*","11","11"," '!+","14"]}},"2422":{"1097":{"keys":[7,21],"grid":[" "," "," "," "," "," "," "," "," "," "," "," "," "," 0!!","13"," /!#"]},"1098":{"keys":[7,21],"grid":[" /!#","00"," .!$","02","02"," -!%","05"," ,!&","07","07"," +!'","10"," *!(","12","12"," )!)"]},"1099":{"keys":[7,21],"grid":[" )!)","00"," (!*","02"," '!+","04","04"," &!,","07","07"," %!-","10"," $!.","12","12"," #!/"]},"1100":{"keys":[7,21],"grid":[" #!/"," !!0","01","01","!","!","!","!","!","!","!","!","!","!","!","!"]}},"2423":{"1095":{"keys":[7,21],"grid":[" "," "," "," 0!!","03","03"," /!#","06"," .!$","08","08"," -!%","11","11"," ,!&","14"]},"1096":{"keys":[7,21],"grid":[" +!'","00","00"," *!(","03"," )!)","05","05"," (!*","08","08"," '!+","11"," &!,","13","13"]},"1097":{"keys":[7,21],"grid":[" %!-","00"," $!.","02","02"," #!/","05","05"," !!0","08","!","!","!","!","!","!"]}},"2424":{"1094":{"keys":[7,21],"grid":[" (!*"," '!+","01","01"," &!,","04"," %!-","06","06"," $!.","09"," #!/","11","11"," !!0","14"]},"1095":{"keys":[7,21],"grid":[" !!0","!","!","!","!","!","!","!","!","!","!","!","!","!","!","!"]},"1027":{"keys":[7,21],"grid":[" "," "," "," "," "," "," "," "," "," "," "," "," "," "," 0!!","14"]},"1092":{"keys":[7,21],"grid":[" "," "," "," "," "," "," "," "," "," "," 0!!","10"," /!#","12","12"," .!$"]},"1093":{"keys":[7,21],"grid":[" .!$"," -!%","01","01"," ,!&","04","04"," +!'","07"," *!(","09","09"," )!)","12"," (!*","14"]},"1029":{"keys":[7,21],"grid":[" 0!!","00"," "," "," "," "," "," "," "," "," "," "," "," "," "," "]},"1028":{"keys":[7,21],"grid":[" /!#"," .!$"," -!%"," ,!&","03"," +!'","03","03","03","02","02","01","01","00","00"," 0!!"]}},"2425":{"1027":{"keys":[7,21],"grid":[" +!'","00"," *!("," )!)"," (!*"," '!+","05"," &!,"," %!-"," $!.","09"," #!/"," !!0","!","!","!"]},"1026":{"keys":[7,21],"grid":[" "," "," "," "," "," "," "," "," "," "," 0!!"," /!#"," .!$","12"," -!%"," ,!&"]},"1090":{"keys":[7,21],"grid":[" 0!!","00","00"," /!#","03"," .!$","05","05"," -!%","08","08"," ,!&","11"," +!'","13","13"]},"1091":{"keys":[7,21],"grid":[" *!(","00"," )!)","02","02"," (!*","05","05"," '!+","08"," &!,","10","10"," %!-","13"," $!."]},"1092":{"keys":[7,21],"grid":[" $!.","00"," #!/","02"," !!0","04","04","!","!","!","!","!","!","!","!","!"]},"1029":{"keys":[21,7],"grid":[" "," "," "," ","!! 0","04","!# /","06","06","!$ .","09","!% -","11","11","!& ,","14"]},"1089":{"keys":[7],"grid":[" "," "," "," "," "," "," "," "," "," "," "," "," "," "," "," "]},"1032":{"keys":[7],"grid":[" "," "," "," "," "," "," "," "," "," "," "," "," "," "," "," "]},"1030":{"keys":[7,21],"grid":[" &!,"," '!+","01"," (!*","03","03"," )!)","06","06"," *!(","09","09"," +!'","12","12"," ,!&"]},"1031":{"keys":[7,21],"grid":[" ,!&","00"," -!%","02","02"," .!$","05","05"," /!#","08","08","08"," 0!!","12","12"," "]}},"2426":{"1025":{"keys":[7,21],"grid":[" "," "," "," "," "," 0!!","05"," /!#"," .!$"," -!%","09"," ,!&"," +!'"," *!("," )!)","14"]},"1087":{"keys":[7,21],"grid":[" "," "," "," "," "," "," "," 0!!","07"," /!#","09","09"," .!$","12","12"," -!%"]},"1026":{"keys":[7,21],"grid":[" (!*"," '!+"," &!,"," %!-","03"," $!."," #!/"," !!0","07","!","!","!","!","!","!","!"]},"1089":{"keys":[7,21],"grid":[" '!+"," &!,","01"," %!-","03","03"," $!.","06"," #!/","08","08"," !!0","11","11","!","!"]},"1088":{"keys":[7,21],"grid":[" -!%"," ,!&","01","01"," +!'","04"," *!(","06","06"," )!)","09","09"," (!*","12"," '!+","14"]},"1032":{"keys":[21,7],"grid":[" "," "," ","!! 0","03","03","!# /","06","06","06","!$ .","10","10","10","!% -","14"]},"1033":{"keys":[7,21],"grid":[" %!-","00","00"," &!,","03","03","03"," '!+","07","07","07","07"," (!*","12","12","12"]},"1036":{"keys":[7,21],"grid":[" -!%"," .!$","01","01","01","01","01","01"," /!#","08","08","08","08","08"," 0!!","14"]},"1037":{"keys":[7,21],"grid":[" 0!!","00","00","00","00"," "," "," "," "," "," "," "," "," "," "," "]},"1034":{"keys":[7,21],"grid":[" (!*"," )!)","01","01","01","01","01"," *!(","07","07","07","07","07"," +!'","13","13"]},"1035":{"keys":[7,21],"grid":[" +!'","00","00","00"," ,!&","04","04","04","04","04"," -!%","10","10","10","10","10"]}},"2427":{"1025":{"keys":[7,21],"grid":[" $!.","00"," #!/"," !!0","!","!","!","!","!","!","!","!","!","!","!","!"]},"1024":{"keys":[7,21],"grid":[" "," 0!!"," /!#","02"," .!$"," -!%"," ,!&"," +!'","07"," *!("," )!)"," (!*"," '!+","12"," &!,"," %!-"]},"1041":{"keys":[7,21],"grid":[" )!)"," *!(","01","01","01","01","01","01"," +!'","08","08","08","08","08"," ,!&","14"]},"1040":{"keys":[7,21],"grid":[" '!+","00","00","00"," (!*","04","04","04","04","04"," )!)","10","10","10","10","10"]},"1043":{"keys":[7,21],"grid":[" .!$","00"," /!#","02","02","02","02","02","02"," 0!!","09","09","09","09","09","09"]},"1042":{"keys":[7,21],"grid":[" ,!&","00","00","00","00"," -!%","05","05","05","05","05","05"," .!$","12","12","12"]},"1086":{"keys":[7,21],"grid":[" )!)","00"," (!*","02","02"," '!+","05"," &!,","07","07"," %!-","10","10"," $!.","13"," #!/"]},"1039":{"keys":[7,21],"grid":[" %!-","00","00","00","00","00"," &!,","06","06","06","06","06","06"," '!+","13","13"]},"1087":{"keys":[7,21],"grid":[" #!/","00"," !!0","02","!","!","!","!","!","!","!","!","!","!","!","!"]},"1044":{"keys":[7],"grid":[" "," "," "," "," "," "," "," "," "," "," "," "," "," "," "," "]},"1085":{"keys":[7,21],"grid":[" /!#","00","00"," .!$","03"," -!%","05","05"," ,!&","08"," +!'","10","10"," *!(","13","13"]},"1038":{"keys":[7,21],"grid":[" !!0","00"," #!/","02","02","02","02","02","02"," $!.","09","09","09","09","09","09"]},"1084":{"keys":[7,21],"grid":[" "," "," "," "," "," "," "," "," "," "," "," "," "," "," 0!!","14"]},"1037":{"keys":[21,7],"grid":[" "," "," "," "," "," "," "," "," "," "," "," ","!! 0","12","12","12"]}},"2411":{"1123":{"keys":[7,21],"grid":[" "," "," "," "," "," "," "," 0!!","07","07"," /!#","10","10"," .!$","13"," -!%"]},"1124":{"keys":[7,21],"grid":[" -!%","00"," ,!&","02","02"," +!'","05","05"," *!(","08"," )!)","10","10"," (!*","13","13"]},"1125":{"keys":[7,21],"grid":[" '!+","00","00"," &!,","03"," %!-","05","05"," $!.","08","08"," #!/","11"," !!0","13","13"]},"1126":{"keys":[21],"grid":[" "," "," "," "," "," "," "," "," "," "," "," "," "," "," "," "]}},"2410":{"1128":{"keys":[7,21],"grid":[" &!,"," %!-","01","01"," $!.","04","04"," #!/","07"," !!0","09","09","!","!","!","!"]},"1126":{"keys":[7,21],"grid":[" "," "," "," 0!!","03","03"," /!#","06"," .!$","08","08"," -!%","11","11"," ,!&","14"]},"1127":{"keys":[7,21],"grid":[" ,!&"," +!'","01"," *!(","03","03"," )!)","06","06"," (!*","09","09"," '!+","12"," &!,","14"]}},"2413":{"1120":{"keys":[7,21],"grid":[" %!-"," $!.","01"," #!/","03","03"," !!0","06","06","!","!","!","!","!","!","!"]},"1118":{"keys":[7,21],"grid":[" 0!!","00","00"," /!#","03"," .!$","05","05"," -!%","08","08"," ,!&","11"," +!'","13","13"]},"1119":{"keys":[7,21],"grid":[" *!(","00","00"," )!)","03","03"," (!*","06"," '!+","08","08"," &!,","11","11"," %!-","14"]},"1117":{"keys":[7],"grid":[" "," "," "," "," "," "," "," "," "," "," "," "," "," "," "," "]}},"2412":{"1120":{"keys":[7,21],"grid":[" "," "," "," "," "," "," "," "," "," "," "," 0!!","11","11"," /!#","14"]},"1121":{"keys":[7,21],"grid":[" /!#"," .!$","01","01"," -!%","04"," ,!&","06","06"," +!'","09","09"," *!(","12","12"," )!)"]},"1122":{"keys":[7,21],"grid":[" )!)"," (!*","01","01"," '!+","04","04"," &!,","07"," %!-","09","09"," $!.","12","12"," #!/"]},"1123":{"keys":[7,21],"grid":[" #!/","00"," !!0","02","!","!","!","!","!","!","!","!","!","!","!","!"]}},"2415":{"1113":{"keys":[7,21],"grid":[" .!$"," -!%","01","01"," ,!&","04"," +!'","06","06"," *!(","09","09"," )!)","12","12"," (!*"]},"1112":{"keys":[7,21],"grid":[" "," "," "," "," "," "," "," "," "," 0!!","09","09"," /!#","12"," .!$","14"]},"1115":{"keys":[7,21],"grid":[" !!0","00","!","!","!","!","!","!","!","!","!","!","!","!","!","!"]},"1114":{"keys":[7,21],"grid":[" (!*"," '!+","01","01"," &!,","04","04"," %!-","07"," $!.","09","09"," #!/","12","12"," !!0"]}},"2414":{"1115":{"keys":[7,21],"grid":[" "," "," "," "," 0!!","04","04"," /!#","07","07"," .!$","10"," -!%","12","12"," ,!&"]},"1117":{"keys":[7,21],"grid":[" &!,","00"," %!-","02","02"," $!.","05","05"," #!/","08"," !!0","10","10","!","!","!"]},"1116":{"keys":[7,21],"grid":[" ,!&","00"," +!'","02","02"," *!(","05"," )!)","07","07"," (!*","10","10"," '!+","13"," &!,"]}},"2417":{"1107":{"keys":[7,21],"grid":[" "," "," 0!!","02","02"," /!#","05","05"," .!$","08"," -!%","10","10"," ,!&","13","13"]},"1108":{"keys":[7,21],"grid":[" +!'","00","00"," *!(","03"," )!)","05","05"," (!*","08","08"," '!+","11"," &!,","13","13"]},"1109":{"keys":[7,21],"grid":[" %!-","00","00"," $!.","03"," #!/","05","05"," !!0","08","08","!","!","!","!","!"]}},"2416":{"1111":{"keys":[7,21],"grid":[" )!)","00","00"," (!*","03","03"," '!+","06","06"," &!,","09"," %!-","11","11"," $!.","14"]},"1110":{"keys":[7,21],"grid":[" /!#","00","00"," .!$","03","03"," -!%","06"," ,!&","08","08"," +!'","11","11"," *!(","14"]},"1112":{"keys":[7,21],"grid":[" $!."," #!/","01"," !!0","03","03","!","!","!","!","!","!","!","!","!","!"]},"1109":{"keys":[7,21],"grid":[" "," "," "," "," "," "," "," "," "," "," "," "," "," "," 0!!","14"]}},"2419":{"1104":{"keys":[7,21],"grid":[" "," "," "," 0!!"," /!#"," .!$"," -!%"," ,!&"," +!'"," *!("," )!)"," (!*"," '!+"," &!,"," %!-"," $!."]},"1105":{"keys":[7,21],"grid":[" #!/"," !!0","!","!","!","!","!","!","!","!","!","!","!","!","!","!"]}},"2418":{"1106":{"keys":[7,21],"grid":[" '!+","00"," &!,","02","02"," %!-","05","05"," $!.","08"," #!/","10","10"," !!0","13","13"]},"1107":{"keys":[21],"grid":[" "," "," "," "," "," "," "," "," "," "," "," "," "," "," "," "]},"1105":{"keys":[7,21],"grid":[" "," "," "," 0!!"," /!#"," .!$"," -!%"," ,!&"," +!'"," *!("," )!)","10","10"," (!*","13"," '!+"]}}}}