{"9":{"270":{"216":{"keys":[1,102,84],"grid":[" !!0","00","00"," #!/","#! !!/","04","04","04","04","04","04","04","03","00","!","!"]},"214":{"keys":[102,1,84],"grid":[" ","!! 0","01","01","!# /","#!!! /","05","05","#!!# .","##!! .","09","09","09","09","09","08"]},"215":{"keys":[84,1,102],"grid":[" !!!#/","!##/","!!#0","02","02","#","#","#","#","#","#","#","#","#","#","#"]},"212":{"keys":[102,1],"grid":[" "," "," "," "," "," "," "," "," "," ","!! 0","10","10","10","10","10"]},"213":{"keys":[1,102,84],"grid":[" #!/","#! !!/","01","01","01","01","00"," !!0","07","07","07","07","07","07","07","!"]},"210":{"keys":[103,1,102],"grid":[" (!##("," '!##)"," '!!#*"," &!##*"," %!##+"," %!!#,"," $!##,"," #!##-"," #!!#."," !!##.","!##/","#","#","#","#","#"]},"209":{"keys":[103,1,102],"grid":[" (!!#)","00"," (!##("," )!!#(","03","03"," )!##'"," *!!#'","07","07","07"," *!##&","11","07","06","03"]},"208":{"keys":[103,1,102],"grid":[" "," "," "," "," 0!!"," ,!# !!#"," +!&#!"," *!##&"," *!!#'"," )!##'"," (!##("," '!##)"," '!!#*","12","12","11"]},"218":{"keys":[102,1,84],"grid":[" "," "," "," ","!! 0","04","!# /","#!!# .","##!! .","##!# -","#$!# ,","#%!! ,","11","11","11","11"]},"219":{"keys":[84,1,102],"grid":[" %!!#,","00","00","00","00"," %!##+"," &!!#+","06"," &!##*"," '!##)"," (!!#)"," (!##("," )!!#("," )!$#&"," +!##%"," ,!&"]},"223":{"keys":[84,1,104],"grid":[" ,!##$"," *!$#%"," )!##'"," '!$#("," %!$#*"," $!##,"," !!$#-","!##/","!!#0","#","#","#","#","#","#","#"]},"222":{"keys":[84,1,104],"grid":[" "," "," "," "," "," "," "," "," "," "," "," "," "," "," /!#"," -!$#!"]}},"271":{"208":{"keys":[103,1,102],"grid":[" !!!#/","00","00","!##/","!!#0","#","#","#","#","#","#","#","#","#","#","#"]},"219":{"keys":[102,1,84],"grid":[" "," "," "," "," "," "," "," "," "," "," "," "," "," "," !!% !!! *","!###!' '"]},"222":{"keys":[84,1,104],"grid":[" "," "," "," 0!!"," /!#"," -!$#!"," ,!##$"," *!$#%"," )!##'"," '!$#("," %!$#*"," $!##,"," !!$#-","!##/","!!#0","#"]},"220":{"keys":[84,1,102],"grid":[" %!# $!!#'"," *!$#%"," ,!##$"," -!$#!"," /!#"," 0!!"," "," "," "," "," "," "," "," "," "," "]}},"269":{"216":{"keys":[84,1,102],"grid":[" 0!!"," "," "," "," "," "," "," "," "," "," "," "," ","00"," .!$"," ,!$##"]},"217":{"keys":[84,1,102],"grid":[" )!%#%"," )!!#("," (!##("," (!!#)"," '!##)"," &!##*","05","04","03","02"," )!##'"," *!!#'"," *!##&"," +!##%"," ,!!#%"," ,!##$"]},"214":{"keys":[84,1],"grid":[" 0!!","00"," "," "," "," "," "," "," "," "," "," "," "," "," "," "]},"215":{"keys":[84,1,102],"grid":[" "," "," 0!!","02","02","02","02"," /!#"," /!!#!","08","08","08","08","07","02","02"]},"212":{"keys":[84,1,102],"grid":[" .!!##"," .!##!"," /!!#!","02","02"," /!#"," 0!!","06","06","06","06"," "," "," "," "," "]},"213":{"keys":[84,1],"grid":[" "," "," "," "," "," "," "," "," "," "," "," "," "," "," 0!!","14"]},"210":{"keys":[84,1,103,102],"grid":[" '!!#*","00"," '!##)"," (!!#)","03","03"," (!##("," )!!#(","07","07"," )!!#%!$"," )!###!$$!"," *!%$$"," )!$$&"," '!$$("," &!#$*"]},"211":{"keys":[84,1,102],"grid":[" &!!#+"," &!##*"," '!!#*"," '!##)"," (!##("," )!!#("," )!##'"," *!!#'"," *!##&"," +!!#&"," +!##%"," ,!!#%","11"," ,!##$"," -!!#$"," -!###"]},"209":{"keys":[84,1,103],"grid":[" #!##-"," $!!#-","01","01"," $!##,"," %!!#,","05","05","05"," %!##+"," &!!#+","10","10"," &!##*"," '!!#*","14"]},"208":{"keys":[103,1,84],"grid":[" "," ","!! 0","02","02","02","02","!# /","#!!! /","08","08","#!!# .","##!! .","12","12","12"]},"218":{"keys":[84,1,102],"grid":[" -!###"," .!!##"," .!##!"," /!#"," 0!!"," "," "," "," "," "," "," "," "," "," "," "]},"223":{"keys":[84,1,104],"grid":[" "," "," "," "," "," "," "," "," /!#"," .!##!"," ,!$##"," *!$#%"," )!##'"," '!$#("," &!##*"," $!$#+"]}},"268":{"208":{"keys":[84,1],"grid":[" 0!!","00","00"," "," "," "," "," "," "," "," "," "," "," "," "," "]}}},"13":{"4303":{"3328":{"keys":[84,103],"grid":[" &!,"," '!+","01","01","01"," (!*","05","05","05","05"," )!)","10","10","10"," *!(","14"]},"3329":{"keys":[84,103],"grid":[" *!(","00","00"," +!'","03","03","03"," ,!&","07","07","07"," -!%","11","11","11","11"]},"3330":{"keys":[84,103],"grid":[" .!$","00","00","00"," /!#","04","04","04","04"," 0!!","09","09","09"," "," "," "]}},"4328":{"3348":{"keys":[103,102],"grid":[" *!(","00","00"," +!'","03","03","03"," ,!&","07","07","07"," -!%","11","11","11","11"]},"3349":{"keys":[103,102],"grid":[" -!%","00","00","00","00","00","00","00"," .!$","08","08","08","08"," /!#","13","13"]},"3360":{"keys":[103,102],"grid":[" +!'","00"," *!(","02"," )!)","04"," (!*","06","06"," '!+","09"," %!-"," $!.","12"," #!/"," !!0"]},"3346":{"keys":[102,103],"grid":[" "," "," "," "," "," "," "," "," "," ","!! 0","10","10","!# /","13","13"]},"3516":{"keys":[102,84],"grid":[" ","!! 0","01","!# /","!$ .","!% -","05","!& ,","07","07","!' +","10","!( *","12","!) )","!+ '"]},"3515":{"keys":[102,84],"grid":[" "," "," "," "," "," "," "," "," "," ","!! 0","10","10","10","10"," "]},"3570":{"keys":[84,104],"grid":[" "," "," "," "," "," "," "," 0!!"," .!$"," ,!&"," +!'"," )!)"," '!+"," &!,"," $!."," #!/"]},"3571":{"keys":[104],"grid":[" "," "," "," "," "," "," "," "," "," "," "," "," "," "," "," "]},"3337":{"keys":[103,102],"grid":[" "," 0!!","01"," /!#"," .!$"," -!%","05"," ,!&","07"," +!'"," *!("," )!)"," (!*","12"," '!+"," &!,"]},"3350":{"keys":[103,102],"grid":[" 0!!","00","00"," "," "," "," "," "," "," "," "," "," "," "," "," "]},"3517":{"keys":[84,102],"grid":[" -!%"," .!$"," /!#"," 0!!"," "," "," "," "," "," "," "," "," "," "," "," "]},"3347":{"keys":[103,102],"grid":[" $!.","00","00"," %!-","03"," &!,","05","05"," '!+","08","08"," (!*","11"," )!)","13","13"]},"3338":{"keys":[103,102],"grid":[" %!-"," $!."," #!/","02"," !!0","!","!","!","!","!","!","!","!","!","!","!"]},"3359":{"keys":[103,102],"grid":[" 0!!","00","00"," /!#","03","03"," .!$","06","06"," -!%","09","09","09"," ,!&","13"," +!'"]},"3358":{"keys":[103],"grid":[" "," "," "," "," "," "," "," "," "," "," "," "," "," "," "," "]}},"4307":{"3348":{"keys":[84,103],"grid":[" .!$","00","00"," /!#","03","03","03"," 0!!","07","07","07","07"," "," "," "," "]},"3583":{"keys":[84,104],"grid":[" "," "," "," "," "," "," "," "," "," "," "," 0!!"," /!#"," -!%"," ,!&"," *!("]},"3346":{"keys":[84,103],"grid":[" '!+","00","00"," (!*","03","03","03"," )!)","07","07","07","07"," *!(","12","12","12"]},"3347":{"keys":[84,103],"grid":[" +!'","00","00","00","00"," ,!&","05","05","05","05"," -!%","10","10","10"," .!$","14"]},"3344":{"keys":[103,84],"grid":[" "," "," "," "," "," "," ","!! 0","07","07","07","07","!# /","12","12","12"]},"3345":{"keys":[84,103],"grid":[" $!.","00","00","00","00"," %!-","05","05","05"," &!,","09","09","09","09"," '!+","14"]}},"4306":{"3342":{"keys":[84,103],"grid":[" )!)","00"," *!(","02","02","02","02"," +!'","07","07","07"," ,!&","11","11","11","11"]},"3343":{"keys":[84,103],"grid":[" -!%","00","00","00","00"," .!$","05","05","05"," /!#","09","09","09","09"," 0!!","14"]},"3340":{"keys":[84,103],"grid":[" !!0","00"," #!/","02","02","02","02"," $!.","07","07","07"," %!-","11","11","11","11"]},"3341":{"keys":[84,103],"grid":[" &!,","00","00","00"," '!+","04","04","04","04"," (!*","09","09","09","09"," )!)","14"]},"3344":{"keys":[84,103],"grid":[" 0!!","00"," "," "," "," "," "," "," "," "," "," "," "," "," "," "]},"3339":{"keys":[103,84],"grid":[" "," "," "," "," "," "," "," "," "," "," "," "," "," ","!! 0","14"]}},"4305":{"3339":{"keys":[84,103],"grid":[" /!#","00","00","00","00"," 0!!","05","05","05"," "," "," "," "," "," "," "]},"3338":{"keys":[84,103],"grid":[" +!'","00","00"," ,!&","03","03","03","03"," -!%","08","08","08"," .!$","12","12","12"]},"3337":{"keys":[84,103],"grid":[" '!+","00"," (!*","02","02","02"," )!)","06","06","06","06"," *!(","11","11","11"," +!'"]},"3336":{"keys":[84,103],"grid":[" $!.","00","00","00","00"," %!-","05","05","05"," &!,","09","09","09"," '!+","13","13"]},"3335":{"keys":[103,84],"grid":[" "," "," "," "," "," "," "," ","!! 0","08","08","08","!# /","12","12","12"]}},"4304":{"3333":{"keys":[84,103],"grid":[" )!)","00","00","00"," *!(","04","04","04","04"," +!'","09","09","09"," ,!&","13","13"]},"3332":{"keys":[84,103],"grid":[" %!-","00","00"," &!,","03","03","03"," '!+","07","07","07","07"," (!*","12","12","12"]},"3331":{"keys":[103,84],"grid":[" ","!! 0","01","01","01","01","!# /","06","06","06","!$ .","10","10","10","10","!% -"]},"3330":{"keys":[103],"grid":[" "," "," "," "," "," "," "," "," "," "," "," "," "," "," "," "]},"3335":{"keys":[84,103],"grid":[" 0!!","00","00"," "," "," "," "," "," "," "," "," "," "," "," "," "]},"3334":{"keys":[84,103],"grid":[" ,!&","00"," -!%","02","02","02"," .!$","06","06","06"," /!#","10","10","10","10"," 0!!"]}},"4321":{"3494":{"keys":[102,84],"grid":[" "," "," "," "," "," "," ","!! 0","!# /","08","!$ .","!% -","!& ,","12","!' +","!( *"]},"3495":{"keys":[84,102],"grid":[" (!*"," )!)"," *!(","02"," +!'"," ,!&","05"," -!%"," .!$"," /!#","09"," 0!!"," "," "," "," "]},"3414":{"keys":[84,102],"grid":[" #!/"," !!0","01","01","01","01","01","01","!","!","!","!","!","!","!","!"]},"3412":{"keys":[84,102],"grid":[" &!,","00","00","00","00","00","00","00","00","00"," %!-","10","10","10","10","10"]},"3413":{"keys":[84,102],"grid":[" %!-","00"," $!.","02","02","02","02","02","02"," #!/","09","09","09","09","09","09"]},"3410":{"keys":[84,102],"grid":[" #!/","00","00","00","00","00","00"," $!.","07","07","07","07","07","07","07","07"]},"3411":{"keys":[84,102],"grid":[" $!."," %!-","01","01","01","01","01","01","01","01","01"," &!,","11","11","11","11"]},"3468":{"keys":[84,102],"grid":[" !!0","!","!","!","!","!","!","!","!","!","!","!","!","!","!","!"]},"3439":{"keys":[84,102],"grid":[" "," "," "," "," "," "," 0!!","06"," /!#","08","08","08","08"," .!$","13","13"]},"3369":{"keys":[103,102],"grid":[" "," "," 0!!"," /!#","03"," .!$","05"," -!%"," ,!&"," +!'","09"," *!("," )!)","12"," (!*","14"]},"3430":{"keys":[84,102],"grid":[" &!,"," '!+","01","01"," (!*","04","04","04"," )!)","08","08"," *!(","11","11","11"," +!'"]},"3431":{"keys":[84,102],"grid":[" +!'","00"," ,!&","02","02","02"," -!%","06","06","06"," .!$","10","10","10"," /!#","14"]},"3432":{"keys":[84,102],"grid":[" /!#"," 0!!","01","01","01"," "," "," "," "," "," "," "," "," "," "," "]},"3459":{"keys":[102],"grid":[" "," "," "," "," "," "," "," "," "," "," "," "," "," "," "," "]},"3465":{"keys":[84,102],"grid":[" (!*","00","00","00","00","00","00"," )!)","07","07","07","07","07","07","07","07"]},"3428":{"keys":[102,84],"grid":[" "," "," "," "," "," "," "," "," "," "," "," "," "," "," ","!! 0"]},"3409":{"keys":[102,84],"grid":[" "," "," "," ","!! 0","04","04","04","04","04","04","04","04","!# /","13","13"]},"3408":{"keys":[102],"grid":[" "," "," "," "," "," "," "," "," "," "," "," "," "," "," "," "]},"3467":{"keys":[84,102],"grid":[" '!+","00","00"," &!,","03","03"," %!-","06","06"," $!.","09","09"," #!/","12"," !!0","14"]},"3466":{"keys":[84,102],"grid":[" *!(","00","00","00","00","00","00","00","00","00","00"," )!)","11"," (!*","13","13"]},"3429":{"keys":[84,102],"grid":[" !!0","00","00"," #!/","03","03"," $!.","06","06","06"," %!-","10","10"," &!,","13","13"]},"3464":{"keys":[84,102],"grid":[" &!,","00","00"," '!+","03","03","03","03","03","03","03","03","03"," (!*","13","13"]},"3463":{"keys":[84,102],"grid":[" )!)","00","00","00"," (!*","04","04","04","04","04"," '!+","10","10","10","10","10"]},"3462":{"keys":[84,102],"grid":[" ,!&","00","00"," +!'","03","03","03","03","03"," *!(","09","09","09","09"," )!)","14"]},"3461":{"keys":[84,102],"grid":[" /!#","00"," .!$","02","02","02","02"," -!%","07","07","07","07","07"," ,!&","13","13"]},"3460":{"keys":[84,102],"grid":[" !!0"," $!.","01","01","01","01"," %!-"," &!,","07"," '!+","09"," (!*"," *!("," +!'"," ,!&"," -!%"]},"3441":{"keys":[84,102],"grid":[" '!+","00"," &!,","02"," %!-","04"," $!.","06","06"," #!/","09"," !!0","11","11","!","!"]},"3440":{"keys":[84,102],"grid":[" .!$","00","00"," -!%","03"," ,!&","05"," +!'","07"," *!(","09","09"," )!)","12"," (!*","14"]},"3370":{"keys":[103,102],"grid":[" '!+"," &!,","01"," %!-","03"," $!."," #!/","06","!","!","!","!","!","!","!","!"]},"3575":{"keys":[84,104],"grid":[" -!%"," +!'"," *!("," (!*"," '!+"," %!-"," $!."," !!0","!","!","!","!","!","!","!","!"]},"3574":{"keys":[84,104],"grid":[" "," "," "," "," "," "," "," "," "," "," "," "," "," "," 0!!"," /!#"]}},"4320":{"3576":{"keys":[84,104],"grid":[" $!."," !!0","!","!","!","!","!","!","!","!","!","!","!","!","!","!"]},"3427":{"keys":[84,102],"grid":[" )!)","00","00"," *!(","03","03"," +!'","06","06","06"," ,!&","10","10"," -!%","13","13"]},"3494":{"keys":[84,102],"grid":[" -!%"," .!$"," /!#","02"," 0!!"," "," "," "," "," "," "," "," "," "," "," "]},"3492":{"keys":[102],"grid":[" "," "," "," "," "," "," "," "," "," "," "," "," "," "," "," "]},"3493":{"keys":[84,102],"grid":[" !!0"," #!/","01"," $!."," %!-"," &!,","05"," '!+"," (!*","08"," )!)"," *!(","11"," +!'"," ,!&","14"]},"3416":{"keys":[84,102],"grid":[" .!$","00","00","00","00","00","00"," -!%","07","07","07","07","07","07"," ,!&","14"]},"3417":{"keys":[84,102],"grid":[" ,!&","00","00","00","00","00"," +!'","06","06","06","06","06","06"," *!(","13","13"]},"3414":{"keys":[84],"grid":[" "," "," "," "," "," "," "," "," "," "," "," "," "," "," "," "]},"3415":{"keys":[84,102],"grid":[" 0!!","00","00","00","00","00","00","00"," /!#","08","08","08","08","08","08"," .!$"]},"3425":{"keys":[102,84],"grid":[" "," "," "," "," "," "," ","!! 0","07","07","07","!# /","11","11","!$ .","14"]},"3442":{"keys":[84,102],"grid":[" /!#"," .!$"," -!%"," ,!&"," *!(","04"," )!)","06"," &!,","!","!","!","!","!","!","!"]},"3418":{"keys":[84,102],"grid":[" *!(","00","00","00","00"," )!)","05","05","05","05","05","05"," (!*","12","12","12"]},"3419":{"keys":[84,102],"grid":[" (!*","00","00","00"," '!+","04","04","04","04","04","04"," &!,","11","11","11","11"]},"3456":{"keys":[102],"grid":[" "," "," "," "," "," "," "," "," "," "," "," "," "," "," "," "]},"3457":{"keys":[102,84],"grid":[" ","!! 0","01","01","01","!# /","05","05","05","05","05","05","05","!$ .","13","13"]},"3575":{"keys":[84,104],"grid":[" "," "," "," "," "," "," "," "," 0!!"," /!#"," -!%"," ,!&"," *!("," )!)"," '!+"," %!-"]},"3458":{"keys":[84,102],"grid":[" %!-","00","00","00","00","00","00"," &!,","07","07","07","07"," '!+","12","12"," (!*"]},"3459":{"keys":[84,102],"grid":[" (!*"," )!)","01"," *!(","03"," +!'"," ,!&","06"," -!%"," .!$","09"," /!#","11"," 0!!"," "," "]},"3403":{"keys":[84,102],"grid":[" $!.","00"," %!-","02","02","02","02"," &!,","07","07","07","07"," '!+","12","12","12"]},"3402":{"keys":[102,84],"grid":[" "," "," ","!! 0","03","03","03","03","!# /","08","08","08","08","!$ .","13","13"]},"3405":{"keys":[84,102],"grid":[" *!("," +!'","01","01","01","01","01"," ,!&","07","07","07","07","07","07","07","07"]},"3404":{"keys":[84,102],"grid":[" '!+"," (!*","01","01","01","01"," )!)","06","06","06","06"," *!(","11","11","11","11"]},"3407":{"keys":[84,102],"grid":[" .!$","00","00","00","00","00","00"," /!#","07","07","07","07","07","07","07","07"]},"3406":{"keys":[84,102],"grid":[" ,!&","00"," -!%","02","02","02","02","02","02","02","02","02","02"," .!$","13","13"]},"3408":{"keys":[84,102],"grid":[" /!#"," 0!!","01","01","01","01","01","01","01","01"," "," "," "," "," "," "]},"3469":{"keys":[84,102],"grid":[" ,!&","00"," +!'","02","02"," *!(","05","05"," )!)","08","08"," (!*"," '!+"," $!."," !!0","!"]},"3428":{"keys":[84,102],"grid":[" -!%"," .!$","01","01"," /!#","04","04","04"," 0!!","08","08","08"," "," "," "," "]},"3422":{"keys":[84,102],"grid":[" !!0","!","!","!","!","!","!","!","!","!","!","!","!","!","!","!"]},"3421":{"keys":[84,102],"grid":[" $!.","00"," #!/","02","02","02","02","02","02"," !!0","09","09","09","09","09","09"]},"3420":{"keys":[84,102],"grid":[" &!,","00","00"," %!-","03","03","03","03","03","03"," $!.","10","10","10","10","10"]},"3441":{"keys":[84],"grid":[" "," "," "," "," "," "," "," "," "," "," "," "," "," "," "," "]},"3426":{"keys":[84,102],"grid":[" $!."," %!-","01","01","01"," &!,","05","05"," '!+","08","08","08"," (!*","12","12"," )!)"]},"3443":{"keys":[102,84],"grid":[" "," ","!- %","02","!, &","!+ '","05","!* (","07","!) )","09","09","09","09","09","07"]},"3370":{"keys":[103,102],"grid":[" "," "," "," "," "," "," "," "," "," 0!!"," /!#"," -!%"," ,!&"," )!)","!","!"]},"3444":{"keys":[84,102],"grid":[" *!(","00","00","00","00","00"," )!)","06"," (!*","08"," &!,"," #!/","!","!","!","!"]},"3468":{"keys":[84,102],"grid":[" "," "," "," "," 0!!","04","04"," /!#","07","07"," .!$","10","10"," -!%","13"," ,!&"]}},"4309":{"3582":{"keys":[84,104],"grid":[" "," "," "," "," "," "," "," 0!!"," .!$"," -!%"," +!'"," *!("," (!*"," '!+"," %!-"," #!/"]},"3477":{"keys":[84,102],"grid":[" "," "," "," "," "," "," "," "," "," "," "," "," "," "," 0!!"," /!#"]},"3377":{"keys":[84,102],"grid":[" /!#","00","00"," 0!!","03","03","03","03"," "," "," "," "," "," "," "," "]},"3376":{"keys":[84,102],"grid":[" ,!&"," -!%","01","01","01","01"," .!$","06","06","06","06"," /!#","11","11","11","11"]},"3375":{"keys":[84,102],"grid":[" "," 0!!"," /!#"," .!$"," -!%","04"," ,!&","06","06","06","06","06","06","06","06","06"]},"3478":{"keys":[84,102],"grid":[" 0!!","00"," "," "," "," "," "," "," "," "," "," "," "," "," "," "]},"3355":{"keys":[84,103],"grid":[" '!+","00"," (!*","02","02","02"," )!)","06","06","06","06"," *!(","11","11","11","11"]},"3354":{"keys":[84,103],"grid":[" $!.","00","00","00"," %!-","04","04","04","04"," &!,","09","09","09"," '!+","13","13"]},"3357":{"keys":[84,103],"grid":[" .!$","00"," /!#","02","02","02","02"," 0!!","07","07","07"," "," "," "," "," "]},"3583":{"keys":[84,104],"grid":[" !!0","!","!","!","!","!","!","!","!","!","!","!","!","!","!","!"]},"3353":{"keys":[103,84],"grid":[" "," "," "," "," "," "," "," ","!! 0","08","08","!# /","11","11","11","11"]},"3356":{"keys":[84,103],"grid":[" +!'","00","00","00"," ,!&","04","04","04","04"," -!%","09","09","09"," .!$","13","13"]}},"4322":{"3438":{"keys":[84,102],"grid":[" $!.","00","00","00","00","00","00"," %!-","07","07","07","07","07","00","00"," #!/"]},"3439":{"keys":[84,102],"grid":[" #!/"," !!0","01","!","!","!","!","!","!","!","!","!","!","!","!","!"]},"3495":{"keys":[102,84],"grid":[" "," "," "," "," "," "," "," "," "," "," "," "," "," ","!! 0","!# /"]},"3368":{"keys":[103,102],"grid":[" 0!!","00"," /!#","02"," .!$"," -!%"," ,!&","06"," *!("," )!)"," (!*"," '!+"," %!-"," $!."," #!/"," !!0"]},"3369":{"keys":[103,102],"grid":[" !!0","!","!","!","!","!","!","!","!","!","!","!","!","!","!","!"]},"3496":{"keys":[84,102],"grid":[" #!/"," $!."," %!-","02"," &!,"," '!+"," (!*","06"," )!)"," *!(","09"," +!'"," ,!&","12"," -!%"," .!$"]},"3497":{"keys":[84,102],"grid":[" .!$"," /!#"," 0!!"," "," "," "," "," "," "," "," "," "," "," "," "," "]},"3432":{"keys":[102,84],"grid":[" "," "," "," "," "," "," "," ","!! 0","08","08","08","!# /","12","12","!$ ."]},"3367":{"keys":[103],"grid":[" "," "," "," "," "," "," "," "," "," "," "," "," "," "," "," "]},"3434":{"keys":[84,102],"grid":[" )!)","00","00","00"," *!(","04","04"," +!'","07","07","07"," ,!&","11","11","11","11"]},"3435":{"keys":[84,102],"grid":[" ,!&","00","00","00","00"," +!'"," *!("," )!)"," (!*"," '!+","09"," &!,","11"," %!-","13","13"]},"3436":{"keys":[84,102],"grid":[" %!-","00","00","00","00","00"," &!,","06","06","06","06","06","06","06","06","06"]},"3437":{"keys":[84,102],"grid":[" &!,","00","00"," %!-","03","03","03"," $!.","07","07","07","07","07","07","07","07"]},"3574":{"keys":[84,104],"grid":[" "," "," "," "," 0!!"," .!$"," -!%"," +!'"," *!("," (!*"," &!,"," %!-"," #!/"," !!0","!","!"]},"3433":{"keys":[84,102],"grid":[" $!.","00","00"," %!-","03","03"," &!,","06","06"," '!+","09","09","09"," (!*","13","13"]}},"4325":{"3509":{"keys":[102,84],"grid":[" "," "," "," "," "," "," "," "," "," "," "," "," "," ","!! 0","14"]},"3364":{"keys":[103,102],"grid":[" *!(","00"," )!)","02","02"," (!*"," '!+","06"," &!,"," %!-"," $!.","10"," #!/"," !!0","13","!"]},"3512":{"keys":[84],"grid":[" "," "," "," "," "," "," "," "," "," "," "," "," "," "," "," "]},"3511":{"keys":[84,102],"grid":[" -!%","00"," .!$","02","02","02"," /!#","06","06","06","06"," 0!!","11","11","11","11"]},"3510":{"keys":[84,102],"grid":[" !!0"," #!/","01"," $!."," %!-"," &!,","05"," '!+"," (!*"," )!)","09"," *!("," +!'","12"," ,!&","14"]},"3572":{"keys":[84,104],"grid":[" "," "," "," "," "," /!#"," .!$"," ,!&"," *!("," )!)"," '!+"," &!,"," $!."," #!/","!","!"]},"3363":{"keys":[103,102],"grid":[" "," "," "," "," 0!!","04"," /!#","06"," .!$","08"," -!%","10","10"," ,!&","13"," +!'"]}},"4324":{"3508":{"keys":[84,102],"grid":[" &!,","00","00"," %!-","03","00","00","00","00","00","00","00","00","00","00"," '!+"]},"3509":{"keys":[84,102],"grid":[" '!+"," (!*"," )!)","02"," *!("," +!'"," ,!&"," -!%"," .!$","08"," /!#"," 0!!"," "," "," "," "]},"3498":{"keys":[102,84],"grid":[" "," "," "," "," "," "," "," "," "," "," "," ","!! 0","!# /","13","!$ ."]},"3499":{"keys":[84,102],"grid":[" %!-","00"," &!,","02","02","02","02","02","02","02","02","02","02","02","02","02"]},"3364":{"keys":[103],"grid":[" "," "," "," "," "," "," "," "," "," "," "," "," "," "," "," "]},"3365":{"keys":[103,102],"grid":[" 0!!","00"," /!#"," .!$"," -!%","04"," ,!&"," +!'"," *!(","08"," )!)","10"," (!*"," '!+"," &!,","14"]},"3366":{"keys":[103,102],"grid":[" %!-","00"," $!."," #!/"," !!0","04","!","!","!","!","!","!","!","!","!","!"]},"3503":{"keys":[84,102],"grid":[" '!+","00","00","00","00","00","00","00","00","00","00","00","00","00","00","00"]},"3504":{"keys":[84,102],"grid":[" '!+","00","00","00","00","00","00","00","00","00","00","00","00","00","00","00"]},"3505":{"keys":[84,102],"grid":[" '!+","00","00","00","00","00","00","00","00","00","00","00","00","00","00","00"]},"3506":{"keys":[84,102],"grid":[" '!+","00","00","00","00","00","00","00","00","00","00","00","00","00","00","00"]},"3507":{"keys":[84,102],"grid":[" '!+","00","00","00","00","00","00","00","00","00","00","00","00","00","00","00"]},"3500":{"keys":[84,102],"grid":[" &!,","00","00","00","00","00","00","00","00","00","00","00","00","00","00","00"]},"3573":{"keys":[84,104],"grid":[" .!$"," -!%"," +!'"," *!("," (!*"," '!+"," %!-"," $!."," !!0","!","!","!","!","!","!","!"]},"3501":{"keys":[84,102],"grid":[" &!,","00","00","00","00","00","00","00","00","00","00","00","00","00","00","00"]},"3572":{"keys":[84,104],"grid":[" "," "," "," "," "," "," "," "," "," "," "," "," "," "," "," 0!!"]},"3502":{"keys":[84,102],"grid":[" &!,","00","00","00","00","00","00","00","00","00","00"," '!+","11","11","11","11"]}},"4327":{"3338":{"keys":[103,102],"grid":[" "," "," "," "," "," "," 0!!"," /!#","07"," .!$"," -!%"," ,!&"," +!'"," *!("," )!)","14"]},"3513":{"keys":[102,84],"grid":[" "," "," "," "," "," "," "," "," ","!! 0","09","!# /","11","11","!$ .","14"]},"3343":{"keys":[102,103],"grid":[" "," "," "," "," "," "," "," "," "," "," "," "," "," "," ","!! 0"]},"3360":{"keys":[103],"grid":[" "," "," "," "," "," "," "," "," "," "," "," "," "," "," "," "]},"3361":{"keys":[103,102],"grid":[" 0!!"," /!#","01"," .!$"," ,!&"," +!'"," )!)"," (!*"," &!,"," %!-"," $!."," #!/"," !!0","!","!","!"]},"3344":{"keys":[103,102],"grid":[" !!0","00"," #!/","02","02"," $!.","05","05"," %!-","08"," &!,","10","10"," '!+","13"," (!*"]},"3345":{"keys":[103,102],"grid":[" (!*","00"," )!)","02","02"," *!(","05","05"," +!'","08"," ,!&","10","10"," -!%","13","13"]},"3514":{"keys":[84,102],"grid":[" %!-","00","00"," &!,","03"," '!+","05"," (!*","07"," )!)","09","09","09"," *!(","13","13"]},"3571":{"keys":[84,104],"grid":[" "," /!#"," .!$"," ,!&"," *!("," )!)"," '!+"," &!,"," $!."," !!0","!","!","!","!","!","!"]},"3515":{"keys":[84,102],"grid":[" +!'","00"," ,!&"," -!%"," .!$"," /!#","05"," 0!!"," "," "," "," "," "," "," "," "]},"3339":{"keys":[103,102],"grid":[" '!+"," &!,","01"," %!-"," $!."," #!/"," !!0","!","!","!","!","!","!","!","!","!"]},"3346":{"keys":[103,102],"grid":[" .!$","00"," /!#","02","02"," 0!!","05","05"," "," "," "," "," "," "," "," "]}},"4326":{"3342":{"keys":[103,102],"grid":[" '!+","00","00","00","00"," (!*","05"," )!)","07","07"," *!(","10","10"," +!'","13"," ,!&"]},"3343":{"keys":[103,102],"grid":[" ,!&","00"," -!%","02","02"," .!$","05"," /!#","07","07"," 0!!","10","10"," "," "," "]},"3340":{"keys":[103,102],"grid":[" +!'","00","00"," *!(","03","03","03","03","03","03","03","03","03","03","03","03"]},"3341":{"keys":[103,102],"grid":[" *!(","00","00","00","00"," )!)","05","05"," (!*","08","08","08","08","08"," '!+","14"]},"3571":{"keys":[84,104],"grid":[" "," "," "," "," "," "," "," "," "," "," "," /!#"," .!$"," ,!&"," *!("," )!)"]},"3361":{"keys":[103,102],"grid":[" "," "," "," "," "," "," "," "," "," "," "," "," "," 0!!","13"," /!#"]},"3362":{"keys":[103,102],"grid":[" .!$"," -!%"," ,!&"," +!'"," *!(","04"," )!)"," (!*"," '!+"," &!,","09"," %!-","11"," $!.","13"," #!/"]},"3363":{"keys":[103,102],"grid":[" !!0","00","!","!","!","!","!","!","!","!","!","!","!","!","!","!"]},"3513":{"keys":[84,102],"grid":[" -!%"," .!$","01"," /!#","03"," 0!!","05"," "," "," "," "," "," "," "," "," "]},"3512":{"keys":[102,84],"grid":[" "," ","!! 0","!# /","03","!$ .","!% -","!& ,","!' +","!( *","!) )","!* (","!+ '","12","!, &","!- %"]},"3339":{"keys":[103,102],"grid":[" "," "," "," "," "," "," "," "," 0!!"," /!#"," .!$","10"," -!%","12"," ,!&","14"]},"3572":{"keys":[84,104],"grid":[" '!+"," &!,"," $!."," !!0","!","!","!","!","!","!","!","!","!","!","!","!"]}},"4313":{"3580":{"keys":[84,104],"grid":[" .!$"," ,!&"," +!'"," )!)"," (!*"," &!,"," %!-"," #!/","!","!","!","!","!","!","!","!"]},"3384":{"keys":[84,102],"grid":[" -!%"," .!$","01"," /!#","03"," 0!!","05","05"," "," "," "," "," "," "," "," "]},"3579":{"keys":[84,104],"grid":[" "," "," "," "," "," "," "," "," "," "," "," "," "," "," "," 0!!"]},"3383":{"keys":[84,102],"grid":[" &!,"," '!+","01"," (!*","03"," )!)","05","05"," *!(","08"," +!'","10"," ,!&","12"," -!%","14"]},"3472":{"keys":[84,102],"grid":[" "," "," "," "," "," "," "," "," 0!!"," .!$"," ,!&"," )!)"," '!+"," %!-"," !!0","!"]},"3483":{"keys":[84,102],"grid":[" #!/"," $!."," %!-","02"," &!,"," '!+","05"," (!*"," )!)"," *!(","09"," +!'"," ,!&","12"," -!%"," .!$"]},"3482":{"keys":[102,84],"grid":[" "," "," "," "," "," "," "," "," "," "," "," "," "," ","!! 0","!# /"]},"3373":{"keys":[84,103,102],"grid":[" '!+","00","00"," '!*#!"," '!(#$"," (!%#&"," (!!#)"," (#*","07"," )#)","09","09","07"," %#-"," !#0","#"]},"3372":{"keys":[84,103],"grid":[" #!/","00","00"," $!.","03","03","03"," %!-","07","07","07","07"," &!,","12","12","12"]},"3371":{"keys":[103,84],"grid":[" "," "," "," "," "," "," "," "," "," ","!! 0","10","10","10","!# /","14"]},"3484":{"keys":[84,102],"grid":[" .!$"," /!#"," 0!!","02"," "," "," "," "," "," "," "," "," "," "," "," "]},"3382":{"keys":[102,84],"grid":[" "," "," "," "," "," ","!! 0","06","!# /","08","!$ .","10","!% -","12","12","!& ,"]}},"4349":{"3557":{"keys":[84,104],"grid":[" "," "," /!#"," .!$"," ,!&"," +!'"," )!)"," (!*"," &!,"," %!-"," #!/"," !!0","!","!","!","!"]},"3523":{"keys":[102,84],"grid":[" "," "," ","!# /","!% -","!' +","!( *","!* (","!+ '","!- %","!. $","!/ #","!","!","!","!"]}},"4348":{"3557":{"keys":[84,104],"grid":[" "," "," "," "," "," "," "," "," "," "," "," "," 0!!"," /!#"," -!%"," ,!&"]},"3522":{"keys":[102,84],"grid":[" "," "," "," "," "," "," "," "," "," "," "," "," "," ","!! 0","!( *"]},"3523":{"keys":[84,102],"grid":[" +!'"," .!$"," 0!!"," "," "," "," "," "," "," "," "," "," "," "," "," "]},"3558":{"keys":[84,104],"grid":[" *!("," )!)"," (!*"," &!,"," %!-"," #!/"," !!0","!","!","!","!","!","!","!","!","!"]}},"4347":{"3521":{"keys":[102,84],"grid":[" "," "," "," "," "," "," "," "," "," "," "," "," "," "," ","!! 0"]},"3522":{"keys":[84,102],"grid":[" !!0"," #!/","01"," $!.","03"," %!-"," &!,"," '!+"," (!*"," ,!&"," /!#"," 0!!","11"," "," "," "]},"3559":{"keys":[84,104],"grid":[" $!."," !!0","!","!","!","!","!","!","!","!","!","!","!","!","!","!"]},"3558":{"keys":[84,104],"grid":[" "," "," "," "," "," "," "," "," /!#"," .!$"," ,!&"," +!'"," *!("," (!*"," '!+"," %!-"]}},"4346":{"3559":{"keys":[84,104],"grid":[" "," "," "," 0!!"," .!$"," -!%"," +!'"," *!("," )!)"," '!+"," &!,"," $!."," !!0","!","!","!"]},"3521":{"keys":[102,84],"grid":[" ","!! 0","!$ .","!% -","!& ,","!( *","!* (","!+ '","!, &","!- %","!. $","!/ #","!0 !","12","!","!"]}},"4345":{"3560":{"keys":[84,104],"grid":[" ,!&"," *!("," (!*"," '!+"," %!-"," $!."," !!0","!","!","!","!","!","!","!","!","!"]},"3520":{"keys":[84,102],"grid":[" &!,"," '!+","01"," (!*"," )!)","04"," *!("," +!'","07"," ,!&"," -!%","10"," .!$"," /!#","13"," 0!!"]},"3519":{"keys":[102,84],"grid":[" "," "," "," "," "," "," "," "," "," "," "," "," ","!# /","!% -","14"]},"3559":{"keys":[84,104],"grid":[" "," "," "," "," "," "," "," "," "," "," "," "," "," "," /!#"," -!%"]},"3521":{"keys":[84],"grid":[" "," "," "," "," "," "," "," "," "," "," "," "," "," "," "," "]}},"4344":{"3560":{"keys":[84,104],"grid":[" "," "," "," "," "," "," "," 0!!"," /!#"," -!%"," ,!&"," *!("," (!*"," '!+"," %!-"," #!/"]},"3561":{"keys":[84,104],"grid":[" !!0","!","!","!","!","!","!","!","!","!","!","!","!","!","!","!"]},"3519":{"keys":[102,84],"grid":[" "," "," "," "," ","!# /","!% -","!' +","!) )","!+ '","!- %","!/ #","!","!","!","!"]}},"4343":{"3519":{"keys":[102,84],"grid":[" ","!# /","!% -","!' +","!* (","!","!","!","!","!","!","!","!","!","!","!"]},"3561":{"keys":[84,104],"grid":[" "," 0!!"," /!#"," -!%"," +!'"," *!("," (!*"," '!+"," %!-"," #!/"," !!0","!","!","!","!","!"]}},"4342":{"3562":{"keys":[84,104],"grid":[" (!*"," &!,"," %!-"," #!/"," !!0","!","!","!","!","!","!","!","!","!","!","!"]},"3519":{"keys":[102,84],"grid":[" $!."," #!/","!","!","!","!","!","!","!","!","!","!","!","!","!","!"]},"3518":{"keys":[102,84],"grid":[" "," "," "," "," "," "," "," "," "," "," "," "," "," "," "," &!* #"]},"3561":{"keys":[84,104],"grid":[" "," "," "," "," "," "," "," "," "," "," "," 0!!"," /!#"," -!%"," +!'"," *!("]}},"4341":{"3562":{"keys":[84,104],"grid":[" "," "," "," "," "," 0!!"," .!$"," -!%"," +!'"," )!)"," (!*"," &!,"," %!-"," #!/","!","!"]},"3519":{"keys":[102,84],"grid":[" "," "," "," 0!!"," /!#"," .!$"," -!%"," ,!&"," +!'","08","08","08","08","08","07","06"]},"3520":{"keys":[102,84],"grid":[" ,!&"," +!'"," (!*"," &!,"," %!-"," #!/","!","!","!","!","!","!","!","!","!","!"]}},"4340":{"3562":{"keys":[84,104],"grid":[" "," "," "," "," "," "," "," "," "," "," "," "," "," "," "," 0!!"]},"3563":{"keys":[84,104],"grid":[" .!$"," ,!&"," +!'"," )!)"," (!*"," &!,"," $!."," #!/","!","!","!","!","!","!","!","!"]},"3519":{"keys":[84,102],"grid":[" #!/","00","00","00","00"," $!.","05"," %!-","07"," &!,"," '!+","10"," (!*"," *!("," +!'"," -!%"]},"3518":{"keys":[102],"grid":[" "," "," "," "," "," "," "," "," "," "," "," "," "," "," "," "]},"3520":{"keys":[84,102],"grid":[" .!$"," /!#","01"," 0!!","03"," "," "," "," "," "," "," "," "," "," "," "]}},"4316":{"3391":{"keys":[84,102],"grid":[" /!#","00"," 0!!","02"," "," "," "," "," "," "," "," "," "," "," "," "]},"3488":{"keys":[84,102],"grid":[" +!'","00"," ,!&"," -!%","03"," .!$"," /!#"," 0!!","07"," "," "," "," "," "," "," "]},"3578":{"keys":[84,104],"grid":[" "," 0!!"," .!$"," -!%"," +!'"," )!)"," (!*"," &!,"," %!-"," #!/","!","!","!","!","!","!"]},"3390":{"keys":[84,102],"grid":[" (!*","00"," )!)","02","02"," *!(","05"," +!'","07"," ,!&","09"," -!%","11","11"," .!$","14"]},"3372":{"keys":[103,102],"grid":[" (!*"," &!,"," #!/","!","!","!","!","!","!","!","!","!","!","!","!","!"]},"3487":{"keys":[102,84],"grid":[" "," "," ","!! 0","03","!# /","!$ .","06","!% -","!& ,","!' +","10","!( *","!) )","13","!* ("]},"3389":{"keys":[102,84],"grid":[" "," ","!! 0","02","02","!# /","05","!$ .","07","!% -","09","09","!& ,","12","!' +","14"]},"3371":{"keys":[103,102],"grid":[" "," "," "," "," "," "," "," "," "," "," "," "," "," /!#"," -!%"," *!("]},"3471":{"keys":[84,102],"grid":[" "," "," "," "," /!#"," -!%"," *!("," (!*"," &!,"," #!/","!","!","!","!","!","!"]}},"4317":{"3489":{"keys":[84,102],"grid":[" &!,","00"," '!+"," (!*"," )!)","04"," *!("," +!'","07"," ,!&"," -!%","10"," .!$"," /!#","13"," 0!!"]},"3488":{"keys":[102,84],"grid":[" "," "," "," "," "," "," "," "," "," ","!! 0","10","!# /","!$ .","13","!% -"]},"3393":{"keys":[84,102],"grid":[" -!%","00"," .!$","02","02"," /!#","05"," 0!!","07"," "," "," "," "," "," "," "]},"3392":{"keys":[84,102],"grid":[" &!,","00"," '!+","02","02"," (!*","05"," )!)","07"," *!(","09"," +!'","11","11"," ,!&","14"]},"3470":{"keys":[84,102],"grid":[" "," "," "," "," "," "," "," "," "," "," "," "," "," /!#"," -!%"," +!'"]},"3471":{"keys":[84,102],"grid":[" (!*"," &!,"," $!.","!","!","!","!","!","!","!","!","!","!","!","!","!"]},"3577":{"keys":[84,104],"grid":[" "," "," "," "," "," "," "," 0!!"," .!$"," -!%"," +!'"," )!)"," (!*"," &!,"," %!-"," #!/"]},"3371":{"keys":[103,102],"grid":[" "," "," "," 0!!"," +!'"," )!)","05","05","05"," (!*"," %!-"," #!/","!","!","!","!"]},"3370":{"keys":[103],"grid":[" "," "," "," "," "," "," "," "," "," "," "," "," "," "," "," "]},"3490":{"keys":[84],"grid":[" "," "," "," "," "," "," "," "," "," "," "," "," "," "," "," "]},"3391":{"keys":[102,84],"grid":[" "," "," "," "," "," "," ","!! 0","07","!# /","09","!$ .","11","11","!% -","14"]},"3578":{"keys":[104],"grid":[" "," "," "," "," "," "," "," "," "," "," "," "," "," "," "," "]}},"4318":{"3452":{"keys":[84,102],"grid":[" /!#","00","00","00","00","00","00","00"," 0!!","08","08","08","08","08","08","08"]},"3453":{"keys":[84,102],"grid":[" 0!!"," "," "," "," "," "," "," "," "," "," "," "," "," "," "," "]},"3393":{"keys":[102,84],"grid":[" "," "," "," "," "," "," "," "," "," "," ","!! 0","11","11","!# /","14"]},"3451":{"keys":[84,102],"grid":[" +!'","00"," ,!&","02"," -!%","04","04"," .!$","07","07","07","07","07","07","07"," /!#"]},"3395":{"keys":[84,102],"grid":[" *!(","00"," +!'","02","02","02","02"," ,!&","07","07","07"," -!%","11","11","11","11"]},"3394":{"keys":[84,102],"grid":[" $!.","00"," %!-","02","02"," &!,","05"," '!+","07"," (!*","09"," )!)","11","11"," *!(","14"]},"3397":{"keys":[84],"grid":[" "," "," "," "," "," "," "," "," "," "," "," "," "," "," "," "]},"3396":{"keys":[84,102],"grid":[" .!$","00","00","00","00"," /!#","05","05","05","05"," 0!!","10","10","10","10"," "]},"3577":{"keys":[84,104],"grid":[" +!'"," )!)"," (!*"," &!,"," %!-"," #!/","!","!","!","!","!","!","!","!","!","!"]},"3576":{"keys":[84,104],"grid":[" "," "," "," "," "," "," "," "," "," "," "," "," "," 0!!"," .!$"," ,!&"]},"3450":{"keys":[84,102],"grid":[" +!'","00","00","00","00","00","00","00","00","00","00","00","00","00","00","00"]},"3371":{"keys":[102],"grid":[" "," "," "," "," "," "," "," "," "," "," "," "," "," "," "," "]},"3370":{"keys":[103,102],"grid":[" "," "," "," "," "," "," "," "," "," "," "," "," !!0","!","!","!"]},"3470":{"keys":[84,102],"grid":[" "," "," "," "," "," "," /!#"," -!%"," +!'"," )!)"," &!,"," $!."," !!0","!","!","!"]},"3490":{"keys":[102,84],"grid":[" ","!! 0","01","!# /","!$ .","04","!% -","!& ,","07","!' +","!( *","10","!) )","!* (","!+ '","14"]},"3449":{"keys":[84,102],"grid":[" .!$","00","00","00"," -!%","04","04"," ,!&","07","07","07","07","07"," +!'","13","13"]},"3491":{"keys":[84,102],"grid":[" ,!&"," -!%","01"," .!$"," /!#","04"," 0!!"," "," "," "," "," "," "," "," "," "]},"3447":{"keys":[84,102],"grid":[" "," "," "," 0!!","03"," /!#","05","05"," .!$","08","08","08","08"," -!%","13","13"]},"3448":{"keys":[84,102],"grid":[" ,!&","00","00","00","00"," +!'","05"," /!#","07","07","07","07","07"," .!$","13","13"]}},"4319":{"3492":{"keys":[84,102],"grid":[" '!+"," (!*","01"," )!)"," *!(","04"," +!'"," ,!&"," -!%","08"," .!$"," /!#","11"," 0!!"," "," "]},"3398":{"keys":[84,102],"grid":[" $!.","00","00"," %!-","03","03","03","03"," &!,","08","08","08","08"," '!+","13","13"]},"3491":{"keys":[102,84],"grid":[" "," "," "," "," "," "," "," "," ","!! 0","!# /","!$ .","11","!% -","!& ,","14"]},"3469":{"keys":[84,102],"grid":[" "," "," "," "," "," "," "," "," "," "," "," "," "," "," "," 0!!"]},"3442":{"keys":[84,102],"grid":[" "," "," "," "," "," "," "," "," "," "," +!'"," (!*"," '!+","12","12","12"]},"3453":{"keys":[102,84],"grid":[" "," "," ","!! 0","03","!# /","!$ .","06","!% -","!& ,","!' +","!( *","11","10","10","10"]},"3470":{"keys":[84,102],"grid":[" -!%"," +!'"," )!)"," &!,"," $!."," !!0","!","!","!","!","!","!","!","!","!","!"]},"3454":{"keys":[84,102],"grid":[" (!*","00"," )!)","02","02","02","02"," *!(","07","07"," +!'","10"," ,!&","12","12","12"]},"3455":{"keys":[84,102],"grid":[" -!%","00","00","00","00","00","00","00","00"," ,!&","00","00","00"," .!$","13","13"]},"3425":{"keys":[84,102],"grid":[" 0!!","00","00","00"," "," "," "," "," "," "," "," "," "," "," "," "]},"3576":{"keys":[84,104],"grid":[" "," "," "," /!#"," .!$"," ,!&"," +!'"," )!)"," '!+"," &!,"," $!."," #!/","!","!","!","!"]},"3424":{"keys":[84,102],"grid":[" .!$","00","00","00"," -!%","04","04","04","04","00","00","00","00"," /!#","13","13"]},"3401":{"keys":[84,102],"grid":[" .!$","00","00","00"," /!#","04","04","04","04"," 0!!","09","09","09","09"," "," "]},"3400":{"keys":[84,102],"grid":[" *!("," +!'","01","01","01","01"," ,!&","06","06","06","06"," -!%","11","11","11","11"]},"3402":{"keys":[84],"grid":[" "," "," "," "," "," "," "," "," "," "," "," "," "," "," "," "]},"3456":{"keys":[84,102],"grid":[" /!#","00","00","00","00","00","00","00"," 0!!","08","08","08","08"," "," "," "]},"3397":{"keys":[102,84],"grid":[" "," "," "," ","!! 0","04","04","04","04","!# /","09","09","09","09","!$ .","14"]},"3399":{"keys":[84,102],"grid":[" '!+","00"," (!*","02","02","02","02"," )!)","07","07","07","07"," *!(","12","12","12"]},"3422":{"keys":[84,102],"grid":[" "," "," "," "," "," "," "," "," "," "," 0!!","10","10","10","10","10"]},"3447":{"keys":[84,102],"grid":[" !!0","!","!","!","!","!","!","!","!","!","!","!","!","!","!","!"]},"3446":{"keys":[84,102],"grid":[" '!+"," &!,","01"," %!-","03"," $!.","05","05","05","03","03","03","03","05"," #!/","14"]},"3443":{"keys":[84,102],"grid":[" '!+"," )!)"," "," "," "," "," "," "," "," "," "," "," "," "," "," "]},"3370":{"keys":[103,102],"grid":[" "," "," "," "," "," "," "," "," "," "," "," ","!- %","!","!","!"]},"3445":{"keys":[84,102],"grid":[" +!'","00","00"," *!(","03","03"," )!)"," (!*"," '!+","08"," &!,","10","10","10","08","08"]},"3423":{"keys":[84,102],"grid":[" 0!!","00"," /!#","02","02","02","02","02","02","02","02"," .!$","11","11","11","11"]},"3444":{"keys":[84,102],"grid":[" "," "," "," "," "," "," "," "," "," "," "," "," "," /!#"," .!$"," ,!&"]}},"4323":{"3498":{"keys":[84,102],"grid":[" *!(","00"," +!'"," ,!&","03"," -!%"," .!$","06"," /!#"," 0!!"," "," "," "," "," "," "]},"3497":{"keys":[102,84],"grid":[" "," "," "," "," ","!! 0","!# /","06","!$ .","!% -","09","!& ,","!' +","!( *","13","!) )"]},"3366":{"keys":[103,102],"grid":[" "," "," "," "," "," "," "," "," 0!!"," /!#","09"," .!$"," -!%"," ,!&"," +!'","14"]},"3367":{"keys":[103,102],"grid":[" *!("," )!)"," (!*"," '!+","03"," &!,","05"," %!-"," $!.","08"," #!/","10","10"," !!0","13","!"]},"3573":{"keys":[84,104],"grid":[" "," "," "," "," "," "," "," "," "," "," /!#"," .!$"," ,!&"," +!'"," )!)"," (!*"]},"3574":{"keys":[84,104],"grid":[" &!,"," $!."," #!/","!","!","!","!","!","!","!","!","!","!","!","!","!"]}},"4310":{"3581":{"keys":[84,104],"grid":[" "," "," "," "," "," "," "," "," "," "," "," "," "," 0!!"," .!$"," -!%"]},"3476":{"keys":[84,102],"grid":[" "," "," "," "," "," "," "," "," "," "," "," "," "," /!#","13"," .!$"]},"3477":{"keys":[84,102],"grid":[" -!%"," ,!&"," +!'"," *!("," )!)"," (!*"," '!+"," &!,","07"," %!-"," $!."," #!/"," !!0","!","!","!"]},"3379":{"keys":[84,102],"grid":[" )!)"," *!("," +!'","02"," ,!&"," -!%"," .!$","06"," /!#"," 0!!"," "," "," "," "," "," "]},"3378":{"keys":[84,102],"grid":[" !!0","00","00"," #!/","03","03"," $!.","06","06","06"," %!-","10"," &!,"," '!+"," (!*","14"]},"3377":{"keys":[102,84],"grid":[" "," "," "," "," "," "," "," "," "," "," "," "," ","!! 0","13","13"]},"3360":{"keys":[84,103],"grid":[" )!)","00","00","00"," *!(","04","04","04","04"," +!'","09","09","09","09"," ,!&","14"]},"3375":{"keys":[102],"grid":[" "," "," "," "," "," "," "," "," "," "," "," "," "," "," "," "]},"3374":{"keys":[84,102],"grid":[" "," "," "," "," "," "," "," "," "," "," "," "," "," 0!!"," $!$ '!%"," #!( !!'"]},"3478":{"keys":[102,84],"grid":[" "," "," ","!! 0","03","!# /","05","!$ .","!% -","08","!& ,","!' +","11","!( *","!) )","14"]},"3361":{"keys":[84,103],"grid":[" ,!&","00"," -!%","02","02","02","02"," .!$","07","07","07"," /!#","11","11","11","11"]},"3362":{"keys":[84,103],"grid":[" 0!!","00","00","00"," "," "," "," "," "," "," "," "," "," "," "," "]},"3479":{"keys":[84,102],"grid":[" *!("," +!'","01"," ,!&","03"," -!%"," .!$","06"," /!#"," 0!!","09"," "," "," "," "," "]},"3357":{"keys":[103],"grid":[" "," "," "," "," "," "," "," "," "," "," "," "," "," "," "," "]},"3582":{"keys":[84,104],"grid":[" +!'"," *!("," (!*"," &!,"," %!-"," #!/"," !!0","!","!","!","!","!","!","!","!","!"]},"3359":{"keys":[84,103],"grid":[" %!-","00"," &!,","02","02","02","02"," '!+","07","07","07"," (!*","11","11","11","11"]},"3358":{"keys":[84,103],"grid":[" !!0","00","00","00"," #!/","04","04","04","04"," $!.","09","09","09","09"," %!-","14"]}},"4311":{"3474":{"keys":[84,102],"grid":[" "," "," "," "," "," "," 0!!","06","06"," /!#","09"," .!$","11"," -!%","13"," ,!&"]},"3475":{"keys":[84,102],"grid":[" ,!&","00"," +!'","02"," *!(","04"," )!)"," (!*","07"," '!+","09","09"," &!,","12","12","12"]},"3476":{"keys":[84,102],"grid":[" %!-","00","00","00","00","00"," $!.","06","06"," #!/"," !!0","!","!","!","!","!"]},"3380":{"keys":[84,102],"grid":[" &!,","00"," '!+"," (!*"," )!)","04"," *!("," +!'"," ,!&","08"," -!%"," .!$"," /!#","12"," 0!!"," "]},"3379":{"keys":[102,84],"grid":[" "," "," "," "," "," "," "," "," "," "," ","!! 0","!# /","12","!$ .","!% -"]},"3581":{"keys":[84,104],"grid":[" "," "," "," 0!!"," .!$"," -!%"," +!'"," *!("," (!*"," &!,"," %!-"," #!/"," !!0","!","!","!"]},"3481":{"keys":[84,102],"grid":[" /!#","00"," 0!!","02"," "," "," "," "," "," "," "," "," "," "," "," "]},"3365":{"keys":[84,103],"grid":[" *!(","00"," +!'","02","02","02","02"," ,!&","07","07","07"," -!%","11","11","11","11"]},"3366":{"keys":[84,103],"grid":[" .!$","00","00","00"," /!#","04","04","04","04"," 0!!","09","09","09"," "," "," "]},"3374":{"keys":[84,102],"grid":[" "," "," "," "," 0!!"," .!$"," ,!&"," +!'"," )!)"," (!*"," &!,"," $!."," !!0","!","!","!"]},"3479":{"keys":[102,84],"grid":[" "," "," "," "," "," "," "," "," "," "," "," ","!! 0","12","!# /","!$ ."]},"3362":{"keys":[103,84],"grid":[" "," "," "," "," "," "," "," "," ","!! 0","09","09","09","09","!# /","14"]},"3363":{"keys":[84,103],"grid":[" #!/","00"," $!.","02","02","02","02"," %!-","07","07","07"," &!,","11","11","11","11"]},"3364":{"keys":[84,103],"grid":[" '!+","00","00","00","00"," (!*","05","05","05"," )!)","09","09","09","09"," *!(","14"]},"3480":{"keys":[84,102],"grid":[" $!."," %!-"," &!,","02"," '!+","04"," (!*"," )!)","07"," *!("," +!'","10"," ,!&"," -!%","13"," .!$"]}},"4312":{"3474":{"keys":[84,102],"grid":[" #!/","00"," !!0","02","!","!","!","!","!","!","!","!","!","!","!","!"]},"3580":{"keys":[84,104],"grid":[" "," "," "," "," "," "," "," "," "," 0!!"," .!$"," -!%"," +!'"," )!)"," (!*"," &!,"]},"3374":{"keys":[84,102],"grid":[" ,!&"," (!*"," %!-"," !!0","!","!","!","!","!","!","!","!","!","!","!","!"]},"3368":{"keys":[84,103],"grid":[" %!-","00","00","00"," &!,","04","04","04"," '!+","08","08","08","08"," (!*","13","13"]},"3369":{"keys":[84,103],"grid":[" (!*"," )!)","01","01","01","01"," *!(","06","06","06"," +!'","10","10","10","10"," ,!&"]},"3472":{"keys":[84,102],"grid":[" "," "," "," "," "," "," "," "," "," "," "," "," "," "," "," 0!!"]},"3473":{"keys":[84,102],"grid":[" .!$"," +!'"," )!)"," (!*","03"," '!+","05","05"," &!,","08"," %!-","10"," $!.","12","12"," #!/"]},"3481":{"keys":[102,84],"grid":[" "," "," "," "," ","!! 0","05","!# /","!$ .","08","!% -","!& ,","11","!' +","!( *","14"]},"3366":{"keys":[103],"grid":[" "," "," "," "," "," "," "," "," "," "," "," "," "," "," "," "]},"3482":{"keys":[84,102],"grid":[" )!)"," *!(","01"," +!'","03"," ,!&"," -!%","06"," .!$"," /!#","09"," 0!!"," "," "," "," "]},"3373":{"keys":[84,102],"grid":[" "," "," "," "," "," "," "," "," "," "," "," "," "," "," "," /!#"]},"3371":{"keys":[84,103],"grid":[" /!#"," 0!!","01","01","01"," "," "," "," "," "," "," "," "," "," "," "]},"3370":{"keys":[84,103],"grid":[" ,!&","00","00"," -!%","03","03","03","03"," .!$","08","08","08"," /!#","12","12","12"]},"3581":{"keys":[84,104],"grid":[" %!-"," #!/","!","!","!","!","!","!","!","!","!","!","!","!","!","!"]},"3367":{"keys":[103,84],"grid":[" "," ","!! 0","02","02","02","!# /","06","06","06","06","!$ .","11","11","11","!% -"]},"3382":{"keys":[84,102],"grid":[" -!%"," .!$"," /!#"," 0!!","03"," "," "," "," "," "," "," "," "," "," "," "]},"3381":{"keys":[84,102],"grid":[" !!0","00"," #!/"," $!."," %!-","04"," &!,"," '!+"," (!*","08"," )!)"," *!("," +!'","12"," ,!&"," -!%"]},"3380":{"keys":[102],"grid":[" "," "," "," "," "," "," "," "," "," "," "," "," "," "," "," "]}},"4308":{"3348":{"keys":[103],"grid":[" "," "," "," "," "," "," "," "," "," "," "," "," "," "," "," "]},"3349":{"keys":[103,84],"grid":[" ","!! 0","01","01","01","!# /","05","05","05","05","!$ .","10","10","10","!% -","14"]},"3583":{"keys":[84,104],"grid":[" "," 0!!"," /!#"," -!%"," +!'"," *!("," (!*"," '!+"," %!-"," $!."," !!0","!","!","!","!","!"]},"3351":{"keys":[84,103],"grid":[" (!*"," )!)","01","01","01"," *!(","05","05","05","05"," +!'","10","10","10"," ,!&","14"]},"3350":{"keys":[84,103],"grid":[" %!-","00","00"," &!,","03","03","03","03"," '!+","08","08","08"," (!*","12","12","12"]},"3353":{"keys":[84,103],"grid":[" /!#"," 0!!","01","01","01"," "," "," "," "," "," "," "," "," "," "," "]},"3352":{"keys":[84,103],"grid":[" ,!&","00","00"," -!%","03","03","03","03"," .!$","08","08","08"," /!#","12","12","12"]}},"4314":{"3386":{"keys":[84,102],"grid":[" ,!&","00","00"," -!%","03"," .!$","05"," /!#","07"," 0!!","09","09"," "," "," "," "]},"3384":{"keys":[102,84],"grid":[" "," "," "," "," "," "," "," "," "," ","!! 0","10","!# /","12","!$ .","14"]},"3385":{"keys":[84,102],"grid":[" $!."," %!-","01"," &!,","03"," '!+","05"," (!*","07","07"," )!)","10"," *!(","12"," +!'","14"]},"3579":{"keys":[84,104],"grid":[" "," "," "," "," "," 0!!"," .!$"," -!%"," +!'"," )!)"," (!*"," &!,"," %!-"," #!/","!","!"]},"3472":{"keys":[84,102],"grid":[" "," "," .!$"," ,!&"," *!("," '!+"," %!-"," #!/","!","!","!","!","!","!","!","!"]},"3373":{"keys":[103,102],"grid":[" '!+"," %!-"," !!0","!","!","!","!","!","!","!","!","!","!","!","!","!"]},"3485":{"keys":[84,102],"grid":[" )!)"," *!("," +!'"," ,!&","03"," -!%"," .!$","06"," /!#"," 0!!","09"," "," "," "," "," "]},"3372":{"keys":[103,102],"grid":[" "," "," "," "," "," "," "," "," "," "," "," "," /!#"," -!%"," +!'"," )!)"]},"3484":{"keys":[102,84],"grid":[" "," "," "," "," ","!! 0","!# /","06","!$ .","!% -","09","!& ,","!' +","12","!( *","!) )"]}},"4315":{"3386":{"keys":[102,84],"grid":[" "," "," "," "," "," "," "," "," "," "," "," "," "," ","!! 0","14"]},"3387":{"keys":[84,102],"grid":[" #!/","00","00"," $!.","03"," %!-","05"," &!,","07"," '!+","09","09"," (!*","12"," )!)","14"]},"3579":{"keys":[84,104],"grid":[" (!*"," &!,"," %!-"," #!/","!","!","!","!","!","!","!","!","!","!","!","!"]},"3471":{"keys":[84,102],"grid":[" "," "," "," "," "," "," "," "," "," "," "," /!#"," ,!&"," *!("," (!*"," %!-"]},"3472":{"keys":[84,102],"grid":[" #!/","!","!","!","!","!","!","!","!","!","!","!","!","!","!","!"]},"3485":{"keys":[102,84],"grid":[" "," "," "," "," "," "," "," "," "," "," "," ","!! 0","12","!# /","!$ ."]},"3372":{"keys":[103,102],"grid":[" "," "," "," 0!!"," -!%"," +!'"," )!)"," '!+"," %!-"," $!."," !!0","!","!","!","!","!"]},"3388":{"keys":[84,102],"grid":[" *!(","00"," +!'","02","02"," ,!&","05"," -!%","07"," .!$","09","09"," /!#","12"," 0!!","14"]},"3389":{"keys":[84],"grid":[" "," "," "," "," "," "," "," "," "," "," "," "," "," "," "," "]},"3487":{"keys":[84,102],"grid":[" 0!!","00"," "," "," "," "," "," "," "," "," "," "," "," "," "," "]},"3486":{"keys":[84,102],"grid":[" %!-","00"," &!,"," '!+","03"," (!*"," )!)","06"," *!("," +!'","09"," ,!&"," -!%"," .!$","13"," /!#"]},"3578":{"keys":[84,104],"grid":[" "," "," "," "," "," "," "," "," "," "," "," 0!!"," .!$"," -!%"," +!'"," )!)"]}},"4338":{"3518":{"keys":[102,84],"grid":[" "," "," "," "," "," "," "," "," "," "," "," "," "," "," ,!&"," !!0"]},"3564":{"keys":[84,104],"grid":[" "," "," "," /!#"," .!$"," ,!&"," *!("," )!)"," '!+"," &!,"," $!."," !!0","!","!","!","!"]}},"4339":{"3563":{"keys":[84,104],"grid":[" "," "," "," "," "," "," "," "," "," 0!!"," .!$"," ,!&"," +!'"," )!)"," '!+"," &!,"]},"3518":{"keys":[102,84],"grid":[" "," "," "," "," "," "," "," "," "," "," "," "," "," ","!0 !","!"]},"3564":{"keys":[84,104],"grid":[" $!."," #!/","!","!","!","!","!","!","!","!","!","!","!","!","!","!"]}},"4336":{"3332":{"keys":[103,102],"grid":[" $!."," #!/","01"," !!0","03","03","03","!","!","!","!","!","!","!","!","!"]},"3331":{"keys":[103,102],"grid":[" "," "," 0!!"," .!$"," -!%"," ,!&"," *!("," )!)"," (!*"," '!+","09"," &!,","11"," %!-"," $!.","14"]},"3566":{"keys":[104],"grid":[" "," "," "," "," "," "," "," "," "," "," "," "," "," "," "," "]},"3519":{"keys":[102,84],"grid":[" "," "," "," "," "," 0!!","05","05","05","05"," (!& $!!"," &!,"," #!/","!","!","!"]},"3565":{"keys":[84,104],"grid":[" "," "," "," "," "," "," "," /!#"," .!$"," ,!&"," *!("," )!)"," '!+"," &!,"," $!."," !!0"]}},"4337":{"3519":{"keys":[102,84],"grid":[" '!+"," &!,"," %!-"," #!/","!","!","!","!","!","!","!","!","!","!","!","!"]},"3518":{"keys":[102,84],"grid":[" "," "," "," "," "," "," "," "," "," "," "," "," "," "," )!% %"," (!( #"]},"3564":{"keys":[84,104],"grid":[" "," "," "," "," "," "," "," "," "," "," "," "," "," /!#"," .!$"," ,!&"]},"3565":{"keys":[84,104],"grid":[" *!("," )!)"," '!+"," &!,"," $!."," !!0","!","!","!","!","!","!","!","!","!","!"]},"3331":{"keys":[103,102],"grid":[" !!0","!","!","!","!","!","!","!","!","!","!","!","!","!","!","!"]},"3330":{"keys":[103,102],"grid":[" ,!&","00"," +!'","02","02","02"," *!(","06"," )!)","08"," (!*"," '!+"," &!,"," %!-"," $!."," #!/"]},"3328":{"keys":[103,102],"grid":[" -!%","00","00","00","00","00","00"," ,!&","07"," +!'","09","09","09"," *!(","13","13"]},"3329":{"keys":[103,102],"grid":[" *!(","00","00"," +!'","03","03","03"," ,!&","07","07","07","07","07","07","07","07"]}},"4329":{"3335":{"keys":[103,102],"grid":[" "," "," 0!!"," /!#","03"," .!$"," -!%","06"," ,!&","08"," +!'"," *!(","11"," )!)","13","13"]},"3569":{"keys":[84,104],"grid":[" "," "," "," "," "," "," "," "," "," "," "," "," "," /!#"," -!%"," ,!&"]},"3517":{"keys":[102,84],"grid":[" "," "," "," ","!! 0","!# /","!% -","!' +","!* (","!+ '","!, &","!- %","!. $","!/ #","!0 !","!"]},"3570":{"keys":[84,104],"grid":[" *!("," )!)"," '!+"," %!-"," $!."," !!0","!","!","!","!","!","!","!","!","!","!"]},"3355":{"keys":[103,102],"grid":[" 0!!","00","00"," "," "," "," "," "," "," "," "," "," "," "," "," "]},"3354":{"keys":[103,102],"grid":[" +!'","00","00"," ,!&","03","03","03","03"," -!%","08"," .!$","10","10"," /!#","13","13"]},"3357":{"keys":[103,102],"grid":[" .!$"," -!%","01","01"," ,!&","04"," +!'","06","06","06"," *!(","10"," )!)","12"," (!*","14"]},"3356":{"keys":[103,102],"grid":[" "," "," "," "," "," "," "," "," 0!!","08","08","08"," /!#","12","12"," .!$"]},"3337":{"keys":[102],"grid":[" "," "," "," "," "," "," "," "," "," "," "," "," "," "," "," "]},"3336":{"keys":[103,102],"grid":[" (!*","00"," '!+","02"," &!,","04","04"," %!-","07"," $!.","09"," #!/","11","11"," !!0","!"]},"3353":{"keys":[103,102],"grid":[" '!+","00"," (!*","02","02","02","02","02","02"," )!)","09","09"," *!(","12","12","12"]},"3352":{"keys":[103,102],"grid":[" (!*","00","00","00","00","00","00"," '!+","07","07","07","07","07","07","00","07"]},"3351":{"keys":[103,102],"grid":[" (!*"," )!)","01"," *!(","03","03","03","03","03","03","03","03","01","01","01","00"]},"3358":{"keys":[103,102],"grid":[" '!+","00"," &!,","02"," %!-","04"," $!.","06","06"," #!/","09"," !!0","11","11","!","!"]},"3350":{"keys":[102,103],"grid":[" "," "," "," "," ","!! 0","05","!# /","07","!$ .","!% -","10","!& ,","12","!' +","!( *"]}},"4335":{"3333":{"keys":[103,102],"grid":[" ,!&"," +!'"," *!("," )!)"," (!*"," '!+"," &!,"," %!-"," $!."," #!/","!","!","!","!","!","!"]},"3332":{"keys":[103,102],"grid":[" "," "," "," "," "," "," "," "," "," "," 0!!"," /!#","11"," .!$"," -!%","14"]},"3519":{"keys":[102,84],"grid":[" "," "," "," "," "," "," "," "," "," "," ","!* (","!. $","!","!","!"]},"3566":{"keys":[84,104],"grid":[" "," /!#"," .!$"," ,!&"," *!("," )!)"," '!+"," &!,"," $!."," !!0","!","!","!","!","!","!"]}},"4332":{"3333":{"keys":[103,102],"grid":[" "," "," "," "," "," "," "," "," "," "," "," "," "," "," ","!( *"]},"3568":{"keys":[84,104],"grid":[" .!$"," ,!&"," *!("," )!)"," '!+"," &!,"," $!."," !!0","!","!","!","!","!","!","!","!"]},"3334":{"keys":[102,103],"grid":[" /!#"," "," "," "," "," "," "," "," "," "," "," "," "," "," "," "]},"3519":{"keys":[102,84],"grid":[" "," "," "," "," "," "," "," "," "," "," "," ","!, &","!. $","!","!"]},"3567":{"keys":[84,104],"grid":[" "," "," "," "," "," "," "," "," "," "," "," "," "," "," "," /!#"]}},"4333":{"3519":{"keys":[102,84],"grid":[" "," "," "," "," "," "," "," "," "," "," "," "," "," +!! $!#","!","!"]},"3567":{"keys":[84,104],"grid":[" "," "," "," "," "," /!#"," .!$"," ,!&"," *!("," )!)"," '!+"," &!,"," $!."," !!0","!","!"]},"3334":{"keys":[103,102],"grid":[" ","!# /","!( *","!","!","!","!","!","!","!","!","!","!","!","!","!"]}},"4330":{"3518":{"keys":[102,84],"grid":[" ","!! 0","!# /","!( *","!) )","!* (","!+ '","!, &","07","!- %","!. $","10","!/ #","!0 !","!","!"]},"3569":{"keys":[84,104],"grid":[" "," "," "," /!#"," -!%"," ,!&"," *!("," )!)"," '!+"," %!-"," $!."," !!0","!","!","!","!"]},"3517":{"keys":[102],"grid":[" "," "," "," "," "," "," "," "," "," "," "," "," "," "," "," "]},"3355":{"keys":[102,103],"grid":[" "," "," "," "," "," ","!! 0","06","!# /","08","!$ .","10","10","10","10","08"]},"3356":{"keys":[103,102],"grid":[" #!/","00"," !!0","02","02","!","!","!","!","!","!","!","!","!","!","!"]},"3335":{"keys":[102],"grid":[" "," "," "," "," "," "," "," "," "," "," "," "," "," "," "," "]},"3334":{"keys":[103,102],"grid":[" "," "," .!$"," -!%"," ,!&"," +!'","05","05"," *!(","08","08"," )!)"," (!*"," '!+"," &!,"," #!/"]}},"4331":{"3519":{"keys":[84,102],"grid":[" #!/"," $!."," %!-"," &!,"," '!+"," (!*"," )!)","06"," *!(","08"," +!'","10"," "," "," "," "]},"3518":{"keys":[102],"grid":[" "," "," "," "," "," "," "," "," "," "," "," "," "," "," "," "]},"3568":{"keys":[84,104],"grid":[" "," "," "," "," "," "," "," "," "," /!#"," -!%"," ,!&"," *!("," )!)"," '!+"," %!-"]},"3569":{"keys":[84,104],"grid":[" $!."," !!0","!","!","!","!","!","!","!","!","!","!","!","!","!","!"]},"3333":{"keys":[103,102],"grid":[" "," "," "," "," "," "," "," "," "," "," "," "," "," "," "," &!,"]},"3334":{"keys":[103,102],"grid":[" #!/","!","!","!","!","!","!","!","!","!","!","!","!","!","!","!"]}},"4350":{"3557":{"keys":[84,104],"grid":[" !!0","!","!","!","!","!","!","!","!","!","!","!","!","!","!","!"]},"3556":{"keys":[84,104],"grid":[" "," "," "," "," "," "," "," 0!!"," .!$"," -!%"," +!'"," *!("," (!*"," '!+"," %!-"," $!."]},"3524":{"keys":[84,102],"grid":[" &!,"," '!+"," )!)"," *!("," +!'"," -!%"," .!$"," 0!!"," "," "," "," "," "," "," "," "]},"3523":{"keys":[102,84],"grid":[" "," "," "," "," "," "," "," "," "," "," "," "," ","!! 0","!# /","!% -"]}},"4351":{"3556":{"keys":[84,104],"grid":[" *!("," )!)"," '!+"," &!,"," $!."," #!/","!","!","!","!","!","!","!","!","!","!"]},"3555":{"keys":[84,104],"grid":[" "," "," "," "," "," "," "," "," "," "," "," "," 0!!"," /!#"," -!%"," ,!&"]},"3525":{"keys":[84,102],"grid":[" ,!&"," -!%"," .!$"," 0!!"," "," "," "," "," "," "," "," "," "," "," "," "]},"3524":{"keys":[102,84],"grid":[" "," "," "," "," "," "," "," "," ","!! 0","!$ .","!% -","!& ,","!( *","!) )","!* ("]}},"4334":{"3333":{"keys":[103,102],"grid":[" "," "," "," "," "," "," "," "," "," "," "," 0!!"," /!#"," .!$"," ,!&"," *!("]},"3519":{"keys":[102,84],"grid":[" "," "," "," "," "," "," "," "," "," *!! '"," '!) #"," $!."," !!0","!","!","!"]},"3566":{"keys":[84,104],"grid":[" "," "," "," "," "," "," "," "," "," "," "," /!#"," .!$"," ,!&"," *!("," )!)"]},"3567":{"keys":[84,104],"grid":[" '!+"," &!,"," $!."," !!0","!","!","!","!","!","!","!","!","!","!","!","!"]},"3334":{"keys":[103,102],"grid":[" )!)"," '!+"," &!,","!","!","!","!","!","!","!","!","!","!","!","!","!"]}}}}