{"9":{"271":{"261":{"keys":[110,1,111,""],"grid":[" "," "," "," 0!!","03"," /!#"," /!!#!","06","$% *!##!","$% *!!##","$% )!###","$% (!##$","$+ !!!#%","$,#&","$-#%","14"]}}},"13":{"4347":{"4188":{"keys":[110,111],"grid":[" )!)"," (!*"," '!+","02"," &!,"," %!-"," $!.","06"," #!/"," !!0","!","!","!","!","!","!"]},"4187":{"keys":[110,111],"grid":[" "," "," "," "," "," "," 0!!","06"," /!#"," .!$"," -!%","10"," ,!&"," +!'"," *!(","14"]}},"4350":{"4181":{"keys":[110,111],"grid":[" "," "," "," "," "," "," "," "," 0!!","08"," /!#","10","10","10"," .!$","14"]},"4183":{"keys":[110,111],"grid":[" (!*"," '!+"," &!,"," %!-","03"," $!.","05"," #!/","07","07"," !!0","10","10","10","!","!"]},"4182":{"keys":[110,111],"grid":[" .!$","00"," -!%","02","02"," ,!&","05"," +!'","07","07","07"," *!(","11","11"," )!)","14"]},"4184":{"keys":[111],"grid":[" "," "," "," "," "," "," "," "," "," "," "," "," "," "," "," "]}},"4351":{"4181":{"keys":[110,111],"grid":[" %!-"," $!.","01"," #!/","03"," !!0","!","!","!","!","!","!","!","!","!","!"]},"4180":{"keys":[110,111],"grid":[" )!)"," (!*","01"," '!+","03","03"," &!,","06","06","06","06","06","06","06"," %!-","14"]},"4179":{"keys":[110,111],"grid":[" "," "," "," "," "," "," "," "," "," "," "," "," /!#"," -!%"," ,!&"," +!'"]}},"4349":{"4185":{"keys":[110,111],"grid":[" +!'","00"," *!(","02"," )!)","04"," (!*"," '!+","07"," &!,"," %!-"," $!.","11"," #!/"," !!0","!"]},"4184":{"keys":[110,111],"grid":[" "," 0!!","01","01"," /!#","04","04"," .!$","07"," -!%","09","09"," ,!&","12","12"," +!'"]},"4186":{"keys":[111],"grid":[" "," "," "," "," "," "," "," "," "," "," "," "," "," "," "," "]}},"4348":{"4187":{"keys":[110,111],"grid":[" %!-"," $!."," #!/"," !!0","03","!","!","!","!","!","!","!","!","!","!","!"]},"4186":{"keys":[110,111],"grid":[" "," 0!!"," /!#"," .!$","03"," -!%"," ,!&"," +!'","07"," *!("," )!)"," (!*","11"," '!+"," &!,"," %!-"]}}}}