{"9":{"271":{"151":{"keys":[91,1,90],"grid":[" "," "," "," /!#"," .!##!"," .!!##","05"," -!###"," ,!##$"," *!$#%"," '!%#'"," $!%#*"," #!##-"," !!##."," !!!#/","14"]},"152":{"keys":[91,1,90,""],"grid":[" !!!#/","00","00","$!#0","#","#","#","#","#","#","#","#","#","#","#","#"]},"155":{"keys":[92,90,""],"grid":[" -!%","00","00","00"," -#$!!"," -#%"," /##"," "," "," "," "," "," "," "," "," "]},"154":{"keys":["",90,92],"grid":[" )!)","00","00","00","#)!)","04","04","04","#) #!'","08","#* #!&","#+ !!&","11","#, !!%","13","13"]}}},"13":{"4343":{"2426":{"keys":[91,90],"grid":[" "," "," "," "," "," "," "," "," /!#"," ,!&"," *!("," '!+"," $!.","!","!","!"]}},"4338":{"2428":{"keys":[91,90],"grid":[" "," "," "," "," /!#"," ,!&"," )!)"," &!,"," #!/"," !!0","09","09","09","09","!","!"]},"2429":{"keys":[90],"grid":[" "," "," "," "," "," "," "," "," "," "," "," "," "," "," "," "]}},"4339":{"2428":{"keys":[91,90],"grid":[" *!("," '!+"," $!.","!","!","!","!","!","!","!","!","!","!","!","!","!"]},"2427":{"keys":[91,90],"grid":[" "," "," "," "," "," "," "," "," "," "," "," "," "," "," 0!!"," -!%"]}},"4337":{"2429":{"keys":[91,90],"grid":[" "," "," "," 0!!","03","03","03","03"," /!#","08","08","08","08","08"," .!$","14"]},"2433":{"keys":[91,90],"grid":[" %!-","00","00","00"," $!.","04","04","04","04","04"," #!/","10","10","10","10"," !!0"]},"2432":{"keys":[91,90],"grid":[" (!*","00","00","00"," '!+","04","04","04","04"," &!,","09","09","09","09","09"," %!-"]},"2431":{"keys":[91,90],"grid":[" +!'","00","00"," *!(","03","03","03","03","03"," )!)","09","09","09","09"," (!*","14"]},"2430":{"keys":[91,90],"grid":[" .!$","00","00"," -!%","03","03","03","03"," ,!&","08","08","08","08","08"," +!'","14"]},"2434":{"keys":[91,90],"grid":[" !!0","00","00","00","00","!","!","!","!","!","!","!","!","!","!","!"]}},"4342":{"2426":{"keys":[91,90],"grid":[" "," "," "," "," "," "," "," "," "," "," "," "," "," "," .!$"," +!'"]},"2427":{"keys":[91,90],"grid":[" (!*"," %!-"," !!0","!","!","!","!","!","!","!","!","!","!","!","!","!"]}},"4349":{"2420":{"keys":[91,90],"grid":[" "," "," "," "," "," .!$"," -!%","06","06"," ,!&","09","09"," +!'","12","12","12"]},"2421":{"keys":[91,90],"grid":[" *!(","00","00"," )!)","03","03","03"," (!*","07","07"," '!+","10","10","10"," &!,","14"]},"2422":{"keys":[91,90],"grid":[" &!,"," %!-","01","01","01"," $!.","05","05"," #!/","08","08","08"," !!0","12","12","!"]},"2423":{"keys":[90],"grid":[" "," "," "," "," "," "," "," "," "," "," "," "," "," "," "," "]}},"4348":{"2423":{"keys":[91,90],"grid":[" "," "," 0!!","02"," /!#","04"," .!$","06"," -!%","08"," ,!&"," +!'","11"," *!(","13"," )!)"]},"2424":{"keys":[91,90],"grid":[" )!)"," (!*","01"," '!+"," &!,"," %!-"," $!."," #!/"," !!0","!","!","!","!","!","!","!"]}},"4347":{"2424":{"keys":[91,90],"grid":[" "," "," "," "," "," "," "," "," "," "," 0!!"," /!#"," .!$"," ,!&"," *!("," '!+"]},"2425":{"keys":[91,90],"grid":[" %!-"," !!0","!","!","!","!","!","!","!","!","!","!","!","!","!","!"]}},"4346":{"2425":{"keys":[91,90],"grid":[" "," "," /!#"," -!%"," *!("," (!*"," %!-"," #!/","!","!","!","!","!","!","!","!"]}},"4345":{"2425":{"keys":[91,90],"grid":[" "," "," "," "," "," "," "," "," 0!!"," .!$"," ,!&"," +!'"," )!)"," '!+"," %!-"," #!/"]},"2426":{"keys":[90],"grid":[" "," "," "," "," "," "," "," "," "," "," "," "," "," "," "," "]}},"4344":{"2426":{"keys":[91,90],"grid":[" "," /!#"," .!$"," ,!&"," *!("," (!*"," %!-"," !!0","!","!","!","!","!","!","!","!"]}},"4350":{"2419":{"keys":[91],"grid":[" "," "," "," "," "," "," "," "," "," "," "," "," "," "," "," "]},"2420":{"keys":[91,90],"grid":[" /!#"," +!'"," )!)"," '!+"," #!/","!","!","!","!","!","!","!","!","!","!","!"]}},"4351":{"2419":{"keys":[91,90],"grid":[" "," "," "," "," "," "," "," "," "," "," "," /!#"," -!%"," +!'"," *!("," #!/"]}},"4341":{"2427":{"keys":[91,90],"grid":[" "," "," "," /!#"," -!%"," *!("," '!+"," $!.","!","!","!","!","!","!","!","!"]}},"4340":{"2427":{"keys":[91,90],"grid":[" "," "," "," "," "," "," "," "," "," .!$"," +!'"," (!*"," &!,"," #!/","!","!"]}}}}