{"9":{"386":{"183":{"keys":[202,1,196],"grid":[" "," "," "," "," "," "," "," "," "," "," "," "," ","!! 0","!# /","#!!# ."]},"184":{"keys":[196,1],"grid":[" #!/"," "," "," "," "," "," "," "," "," "," "," "," "," "," "," "]}},"387":{"184":{"keys":[1,202,196],"grid":[" !!0"," $!+ $","## -##","#","#","#","#","#","#","#","#","#","#","#","#","#"]}},"397":{"188":{"keys":[202,1,196],"grid":[" "," "," "," "," "," "," "," "," "," "," "," "," "," 0!!","!$ )!&","##!+#%"]}},"393":{"188":{"keys":[202,1,196],"grid":[" "," "," "," ","!! 0","04","04","!# /","#!!! /","#!!! %!+","#!!'#*","#","#","#","#","#"]}},"392":{"188":{"keys":[196,1,202],"grid":[" ,!##$"," -!###"," .!##!"," /!#"," 0!!"," "," "," "," "," "," "," "," "," "," "," "]},"186":{"keys":[202,1,196],"grid":[" "," "," "," "," "," "," ","!! 0","07","07","07","!# /","#!!! /","#!!# .","##!! .","14"]},"187":{"keys":[196,1,202],"grid":[" #!##-"," $!!#-"," $!##,"," %!!#,"," %!##+"," &!!#+","05","05","05"," &!##*"," '!!#*"," '!##)"," (!##("," )!##'"," *!##&"," +!##%"]}},"391":{"186":{"keys":[196,1,202],"grid":[" *!!#'","00"," *!&##"," .!##!"," /!!#!"," /!#"," 0!!","06"," "," "," "," "," "," "," "," "]},"185":{"keys":[202,1,196],"grid":[" "," "," "," "," "," "," "," "," ","!! '!& %","!)#$!! %","#+!# %","#*!# &","#*!! '","13","13"]}},"390":{"184":{"keys":[202,1],"grid":[" "," "," "," "," "," "," "," "," "," "," "," "," ","!! 0","13","!# /"]},"185":{"keys":[196,1,202],"grid":[" !!##."," #!!#."," #!&#*"," '!##)"," (!$#'"," *!!#'"," *!##&"," +!##%"," ,!%#!"," /!#"," "," "," "," "," "," "]}},"384":{"182":{"keys":[196,1],"grid":[" "," "," "," "," "," "," "," "," "," "," "," "," 0!!","12","12","12"]},"183":{"keys":[196,1],"grid":[" 0!!","00","00","00"," "," "," "," "," "," "," "," "," "," "," "," "]},"179":{"keys":[196,1,202],"grid":[" +!!#&","00","00"," +!##%","03"," ,!!#%","03","05"," ,!##$"," -!!#$"," -!###"," .!!##"," .!##!"," /!!#!"," /!#"," 0!!"]},"178":{"keys":[202,1,196],"grid":[" "," "," ","!# /","03","#!!! /","05","#!!# .","##!# -","#$!% *","#'!$ (","#(!# (","11","#)!! (","#)!# '","#*!# &"]}},"385":{"182":{"keys":[196,1,202],"grid":[" (!!#)"," '!##)"," '!!#*"," &!##*"," %!##+"," $!##,"," #!##-"," #!!#."," !!##.","!##/","!!#0","10","10","#","#","#"]},"183":{"keys":[202,1,196],"grid":[" "," "," ","!! 0","!# /","#!!! /","05","#!!# .","##!! .","##!# -","#$!# ,","#$!# !!# )","#$!) &","#+!# %","#,!&","#/!#"]},"180":{"keys":[1,202,196],"grid":[" #!/","#! $!-","#$ #!,","#% !!,","#% #!+","#& !!+","05","05","#& #!*","#' #!)","#( !!)","10","10","10","10","#( #!("]},"181":{"keys":[196,1,202],"grid":[" (!##("," (!!#)","01"," '!##)"," '!!#*","04"," &!##*"," %!##+"," %!!#,","07"," &!!#+","10","06","04","03","03"]},"179":{"keys":[202,1],"grid":[" "," "," "," "," "," "," "," "," "," "," "," "," "," "," ","!! 0"]}},"395":{"188":{"keys":[202,1,196],"grid":[" "," "," "," "," "," "," "," "," "," ","!! 0","!' +","#&!) $","#-!%","#","#"]}},"394":{"188":{"keys":[202,1,196],"grid":[" "," "," "," "," "," "," "," "," !!& +","!##$!( %","#,!&","#","#","#","#","#"]}},"388":{"184":{"keys":[202,1,196],"grid":[" ","!$ .","##!) '","#*!& !!!","#.!$","#","#","#","#","#","#","#","#","#","#","#"]}},"389":{"184":{"keys":[202,1,196],"grid":[" "," "," "," ","!# /","#!!$ -","#$!# ,","#%!$ *","#'!# )","#(!$ '","#*!$ %","#,!$ #","#.!# !","#/!#","#","#"]}},"399":{"188":{"keys":[202,1,196],"grid":[" "," "," "," "," "," "," "," "," "," "," ","!! 0","!+ '","#*!& #","#.!$","#"]}},"398":{"188":{"keys":[202,1,196],"grid":[" "," "," "," "," "," "," "," "," "," "," "," +!'"," *!##&","!+#'","#","#"]}},"396":{"188":{"keys":[202,1,196],"grid":[" "," "," "," "," "," "," "," "," "," "," "," "," ","!* (","#)!)","#"]}}},"13":{"6207":{"2945":{"keys":[202,196],"grid":[" "," "," "," "," "," "," "," !!) (","!","!","!","!","!","!","!","!"]}},"6261":{"2970":{"keys":[202,196],"grid":[" "," "," "," "," "," '!+","!","!","!","!","!","!","!","!","!","!"]}},"6227":{"2950":{"keys":[196],"grid":[" "," "," "," "," "," "," "," "," "," "," "," "," "," "," "," "]},"2949":{"keys":[202,196],"grid":[" "," "," "," "," "," "," "," ","!# /","!$ .","!& ,","!( *","!* (","!, &","!- %","!/ #"]}},"6222":{"2948":{"keys":[202,196],"grid":[" "," "," 0!!"," -!%","!! %!,","!","!","!","!","!","!","!","!","!","!","!"]}},"6186":{"2944":{"keys":[202,196],"grid":[" "," "," "," "," ","!% -","!","!","!","!","!","!","!","!","!","!"]}},"6220":{"2947":{"keys":[202,196],"grid":[" "," "," ","!$ .","!, &","!- %","05","05","!. $","08","!","!","!","!","!","!"]}},"6248":{"2964":{"keys":[202,196],"grid":[" "," "," "," "," "," ","!! 0","!$ .","!' +","!) )","!, &","!. $","!/ #","!","!","!"]}},"6249":{"2965":{"keys":[196,202],"grid":[" %!-"," &!,"," '!+"," (!*"," )!)","04"," *!("," +!'"," ,!&","08"," -!%"," .!$","11"," /!#"," 0!!","14"]},"2964":{"keys":[202,196],"grid":[" "," "," "," "," "," "," "," "," "," "," "," "," "," ","!! 0","!# /"]},"2966":{"keys":[196],"grid":[" "," "," "," "," "," "," "," "," "," "," "," "," "," "," "," "]}},"6325":{"3019":{"keys":[202,196],"grid":[" "," "," "," "," "," "," "," "," "," "," "," "," "," ","!% -","!( *"]},"3020":{"keys":[196,202],"grid":[" ,!&"," 0!!"," "," "," "," "," "," "," "," "," "," "," "," "," "," "]}},"6324":{"3019":{"keys":[202,196],"grid":[" "," "," "," "," "," "," "," "," "," "," ","!# /","!( *","!0 !","!","!"]}},"6323":{"3019":{"keys":[202,196],"grid":[" "," "," "," "," "," "," ","!# /","!& ,","!+ '","!/ #","!","!","!","!","!"]}},"6322":{"3019":{"keys":[202,196],"grid":[" "," "," "," ","!! 0","!& ,","!- %","!","!","!","!","!","!","!","!","!"]}},"6321":{"3019":{"keys":[202,196],"grid":[" ","!! 0","!& ,","!+ '","!","!","!","!","!","!","!","!","!","!","!","!"]}},"6320":{"3018":{"keys":[202,196],"grid":[" "," "," "," "," "," "," "," "," "," "," "," "," "," "," ","!# /"]},"3019":{"keys":[196,202],"grid":[" +!'"," "," "," "," "," "," "," "," "," "," "," "," "," "," "," "]}},"6240":{"2957":{"keys":[202,196],"grid":[" "," "," "," "," "," "," "," "," "," "," "," ","!! 0","12","12","12"]},"2958":{"keys":[196,202],"grid":[" #!/","00","00","00"," $!.","04"," %!-"," &!,"," '!+"," (!*"," )!)","10"," *!("," +!'"," ,!&"," -!%"]},"2959":{"keys":[196,202],"grid":[" .!$","00"," /!#"," 0!!"," "," "," "," "," "," "," "," "," "," "," "," "]}},"6241":{"2960":{"keys":[196],"grid":[" "," "," "," "," "," "," "," "," "," "," "," "," "," "," "," "]},"2959":{"keys":[202,196],"grid":[" "," "," "," "," ","!! 0","!$ .","!% -","!& ,","!' +","!) )","!* (","!, &","!- %","!. $","!0 !"]}},"6242":{"2961":{"keys":[196,202],"grid":[" /!#","00","00"," 0!!","03","03","03","03","03","03","03","03","03","03"," "," "]},"2960":{"keys":[196,202],"grid":[" !!0"," #!/"," %!-"," &!,"," '!+"," (!*"," )!)"," *!("," +!'"," ,!&"," -!%"," .!$","11","11"," /!#","14"]},"2962":{"keys":[196],"grid":[" "," "," "," "," "," "," "," "," "," "," "," "," "," "," "," "]}},"6243":{"2962":{"keys":[202,196],"grid":[" "," "," ","!! -!$","!! +!&","!! )!(","!' #!)","!","!","!","!","!","!","!","!","!"]}},"6244":{"2962":{"keys":[202,196],"grid":[" "," "," ","!! 0","!% -","!) )","!- %","!","!","!","!","!","!","!","!","!"]}},"6245":{"2962":{"keys":[202,196],"grid":[" "," "," "," "," "," "," "," ","!% -","!( *","!* (","!, &","!. $","!0 !","!","!"]}},"6246":{"2963":{"keys":[196,202],"grid":[" $!."," %!-"," &!,"," '!+"," (!*"," )!)"," *!("," +!'"," ,!&"," -!%"," .!$"," /!#"," 0!!"," "," "," "]},"2962":{"keys":[202,196],"grid":[" "," "," "," "," "," "," "," "," "," "," "," "," "," ","!! 0","!# /"]}},"6328":{"3020":{"keys":[202,196],"grid":[" "," "," "," "," "," "," "," ","!) )","!+ '","!. $","!","!","!","!","!"]}},"6290":{"3018":{"keys":[202,196],"grid":[" "," "," "," "," "," "," "," ,!&"," (!*","!","!","!","!","!","!","!"]}},"6225":{"2949":{"keys":[196,202],"grid":[" 0!!"," "," "," "," "," "," "," "," "," "," "," "," "," "," "," "]},"2948":{"keys":[202,196],"grid":[" "," "," "," "," "," "," "," "," "," "," ","!$ .","!' +","!+ '","!- %","!. $"]}},"6150":{"2858":{"keys":[196,202],"grid":[" ,!&"," /!#"," "," "," "," "," "," "," "," "," "," "," "," "," "," "]},"2857":{"keys":[202,196],"grid":[" "," "," "," "," "," "," "," "," "," "," "," "," ","!! 0","!% -","!) )"]}},"6151":{"2859":{"keys":[196,202],"grid":[" "," "," "," "," "," "," "," "," "," "," "," "," 0!!","12"," /!#","14"]},"2858":{"keys":[202,196],"grid":[" "," ","!! 0","!$ .","!' +","!( *","!* (","!+ '","!- %","!. $","!0 !","!","!","!","!","!"]},"2860":{"keys":[196,202],"grid":[" .!$"," /!#","01","01"," 0!!","04"," "," "," "," "," "," "," "," "," "," "]}},"6152":{"2859":{"keys":[196,202],"grid":[" '!+"," )!)"," *!(","02","02","02","02"," +!'","02"," &!,"," #!/","!","!","!","!","!"]},"2858":{"keys":[202,196],"grid":[" "," "," "," "," "," "," "," "," "," "," "," ","!! 0","!# /","!% -","!& ,"]},"2860":{"keys":[202,196],"grid":[" "," "," "," "," "," "," "," ","!! 0","08","!# /","!$ .","11","!% -","13","!& ,"]},"2862":{"keys":[196,202],"grid":[" /!#","00"," 0!!","02","02","02","02"," "," "," "," "," "," "," "," "," "]},"2861":{"keys":[196,202],"grid":[" &!,"," '!+"," (!*","02"," )!)"," *!(","05"," +!'","07","07","07"," ,!&","11"," -!%"," .!$","14"]}},"6153":{"2862":{"keys":[202,196],"grid":[" "," "," "," "," "," "," "," "," "," "," "," "," ","!! 0","13","13"]},"2863":{"keys":[196,202],"grid":[" !!0"," #!/","01"," $!.","03"," &!,"," '!+"," )!)"," *!("," ,!&"," -!%"," .!$"," /!#"," 0!!"," "," "]}},"6154":{"2863":{"keys":[202,196],"grid":[" "," "," "," "," "," "," "," "," "," "," "," "," "," "," ","!! 0"]},"2864":{"keys":[196,202],"grid":[" #!/","00"," $!.","02"," %!-","04"," &!,"," '!+"," (!*"," )!)","09"," *!("," +!'","12"," ,!&","14"]},"2865":{"keys":[196,202],"grid":[" ,!&","00","00","00","00","00","00","00","00","00","00","00","00","00"," +!'","14"]},"2866":{"keys":[196,202],"grid":[" +!'","00"," *!(","02","02","02","02","02","02"," )!)","09","09"," (!*","12"," '!+","14"]},"2867":{"keys":[196,202],"grid":[" '!+","00"," &!,","02","02","02","00","00"," (!*","08"," )!)"," *!("," +!'"," ,!&"," -!%"," .!$"]},"2868":{"keys":[196],"grid":[" "," "," "," "," "," "," "," "," "," "," "," "," "," "," "," "]},"2870":{"keys":[196],"grid":[" "," "," "," "," "," "," "," "," "," "," "," "," "," "," "," "]}},"6155":{"2872":{"keys":[196,202],"grid":[" .!$"," /!#","01","01"," 0!!","04","04"," "," "," "," "," "," "," "," "," "]},"2871":{"keys":[196,202],"grid":[" &!,","00"," '!+"," (!*"," )!)"," *!("," ,!&"," -!%"," .!$","08","08","08","08","08","08","08"]},"2870":{"keys":[196,202],"grid":[" '!+","00"," &!,"," %!-"," $!."," #!/"," !!0","!","!","06","06","05","05","04","03","03"]},"2867":{"keys":[202,196],"grid":[" "," "," "," "," "," "," "," "," "," "," "," "," "," "," )!! ("," $!( '"]},"2868":{"keys":[196,202],"grid":[" +!'","00"," ,!&","02"," -!%","04"," .!$","06","06","06","06","04","04","02","00","00"]},"2869":{"keys":[196,202],"grid":[" *!("," )!)"," (!*","02"," '!+"," &!,","04","04","04","04","02","02","02","02","02","02"]}},"6156":{"2873":{"keys":[196,202],"grid":[" %!-","00"," &!,","02"," '!+","04"," (!*","06"," )!)","08"," *!(","10"," +!'","12","12"," ,!&"]},"2872":{"keys":[202,196],"grid":[" "," "," "," "," "," "," "," "," ","!! 0","09","!# /","11","11","!$ .","14"]},"2874":{"keys":[196,202],"grid":[" ,!&","00","00"," -!%","03"," .!$"," /!#","06"," 0!!"," "," "," "," "," "," "," "]}},"6157":{"2876":{"keys":[196,202],"grid":[" 0!!"," "," "," "," "," "," "," "," "," "," "," "," "," "," "," "]},"2875":{"keys":[196,202],"grid":[" %!-"," &!,","01"," '!+","03"," (!*","05"," )!)","07"," *!(","09"," +!'"," ,!&"," -!%"," .!$"," /!#"]},"2874":{"keys":[202,196],"grid":[" "," "," "," "," "," "," "," "," "," "," ","!! 0","!# /","!$ .","13","!% -"]}},"6158":{"2878":{"keys":[196],"grid":[" "," "," "," "," "," "," "," "," "," "," "," "," "," "," "," "]},"2877":{"keys":[196,202],"grid":[" .!$"," /!#","01","01","01","01","01","01","00","00","00","00","00","01"," 0!!"," "]},"2876":{"keys":[202,196],"grid":[" "," ","!! 0","!# /","03","!$ .","05","!% -","07","!& ,","09","!' +","11","!) )","!- %","!. $"]}},"6159":{"2929":{"keys":[196,202],"grid":[" !!0","00","00","00","00","00","00","00","00","00"," #!/","10","10","10","10","10"]},"2928":{"keys":[196,202],"grid":[" %!-","00","00","00","00"," $!.","05","05","05"," #!/","09","09","09","09"," !!0","14"]},"2879":{"keys":[196,202],"grid":[" /!#","00"," 0!!","02"," "," "," "," "," "," "," "," "," "," "," "," "]},"2878":{"keys":[202,196],"grid":[" ","!! 0","!# /","!$ .","!% -","!& ,","!' +","!( *","!) )","!* (","!+ '","!, &","11","!- %","!. $","14"]},"2925":{"keys":[196,202],"grid":[" .!$","00","00","00"," -!%","04","04","04"," ,!&","08","08","08"," +!'","12","12","12"]},"2924":{"keys":[196,202],"grid":[" "," "," "," "," "," "," "," 0!!","07","07","07","07"," /!#","12","12","12"]},"2927":{"keys":[196,202],"grid":[" (!*","00","00","00"," '!+","04","04","04","04","04"," &!,","10","10","10","10","10"]},"2926":{"keys":[196,202],"grid":[" +!'"," *!(","01","01","01","01","01","01"," )!)","08","08","08","08","08"," (!*","14"]},"2930":{"keys":[196,202],"grid":[" #!/","00","00","00","00","00","00","00","00","00","00"," $!.","11","11","11","11"]},"2931":{"keys":[196,202],"grid":[" %!-","00"," &!,","02","02"," '!+","05"," (!*"," )!)"," *!("," +!'"," ,!&"," .!$"," /!#"," "," "]}},"6398":{"3022":{"keys":[202,196],"grid":[" "," "," "," ","!$ .","!' +","!+ '","!0 !","!","!","!","!","!","!","!","!"]}},"6399":{"3022":{"keys":[202,196],"grid":[" "," "," "," "," "," "," "," ","!# /","!' +","!* (","!. $","!","!","!","!"]}},"6299":{"3017":{"keys":[202,196],"grid":[" "," "," "," "," "," "," "," "," "," "," "," ","!","!","!","!"]}},"6392":{"3020":{"keys":[202,196],"grid":[" "," "," "," "," "," "," "," "," ","!! 0","!% -","!) )","!+ '","!/ #","!","!"]}},"6393":{"3021":{"keys":[196,202],"grid":[" +!'"," -!%"," 0!!"," "," "," "," "," "," "," "," "," "," "," "," "," "]},"3020":{"keys":[202,196],"grid":[" "," "," "," "," "," "," "," "," "," "," "," "," "," ","!# /","!' +"]}},"6390":{"3020":{"keys":[202,196],"grid":[" "," "," ","!% -","!/ #","!","!","!","!","!","!","!","!","!","!","!"]}},"6391":{"3020":{"keys":[202,196],"grid":[" "," "," "," "," ","!% -","!( *","!, &","!/ #","!","!","!","!","!","!","!"]}},"6396":{"3021":{"keys":[202,196],"grid":[" "," "," "," "," "," "," "," "," "," "," "," ","!$ .","!) )","!. $","!"]}},"6397":{"3022":{"keys":[196,202],"grid":[" $!."," (!*"," ,!&"," 0!!"," "," "," "," "," "," "," "," "," "," "," "," "]},"3021":{"keys":[202],"grid":[" "," "," "," "," "," "," "," "," "," "," "," "," "," "," "," "]}},"6394":{"3021":{"keys":[202,196],"grid":[" "," "," ","!$ .","!* (","!- %","!/ #","!","!","!","!","!","!","!","!","!"]}},"6395":{"3021":{"keys":[202,196],"grid":[" "," "," "," "," "," "," ","!# /","!' +","!, &","!/ #","!","!","!","!","!"]}},"6312":{"3017":{"keys":[202,196],"grid":[" "," "," "," "," "," "," ","!% -","!+ '","!","!","!","!","!","!","!"]}},"6313":{"3017":{"keys":[202,196],"grid":[" "," "," "," "," "," "," "," "," ","!! 0","!$ .","!* (","!0 !","!","!","!"]}},"6259":{"2970":{"keys":[202,196],"grid":[" "," "," "," "," "," "," "," "," /!#"," *!("," $!.","!","!","!","!","!"]}},"6258":{"2970":{"keys":[202,196],"grid":[" "," "," "," "," "," "," "," "," "," "," "," +!'","!# $!,","!","!","!"]}},"6316":{"3018":{"keys":[202,196],"grid":[" "," ","!# /","!' +","!* (","!. $","!","!","!","!","!","!","!","!","!","!"]}},"6317":{"3018":{"keys":[202,196],"grid":[" "," "," "," "," "," ","!% -","!- %","!","!","!","!","!","!","!","!"]}},"6314":{"3017":{"keys":[202,196],"grid":[" "," "," "," "," "," "," "," "," "," "," "," "," ","!% -","!) )","!0 !"]}},"6315":{"3018":{"keys":[196,202],"grid":[" &!,"," )!)"," "," "," "," "," "," "," "," "," "," "," "," "," "," "]},"3017":{"keys":[202],"grid":[" "," "," "," "," "," "," "," "," "," "," "," "," "," "," "," "]}},"6253":{"2968":{"keys":[202,196],"grid":[" ","!! 0","01","01","!# /","04","!$ .","!& ,","!( *","!* (","!+ '","!- %","!/ #","!","!","!"]}},"6252":{"2968":{"keys":[202,196],"grid":[" &!,","!","!","!","!","!","!","!","!","!","!","!","!","!","!","!"]}},"6251":{"2967":{"keys":[202,196],"grid":[" "," "," "," "," "," "," "," ","!! 0","!# /","09","!$ .","!% -","!& ,","!' +","!( *"]},"2968":{"keys":[196,202],"grid":[" (!*"," "," "," "," "," "," "," "," "," "," "," "," "," "," "," "]}},"6250":{"2967":{"keys":[196,202],"grid":[" ,!&"," -!%"," .!$","02"," /!#"," 0!!","05"," "," "," "," "," "," "," "," "," "]},"2966":{"keys":[202,196],"grid":[" ","!! 0","01","!# /","!$ .","!% -","!& ,","!' +","!( *","08","!) )","!* (","11","!+ '","13","!, &"]}},"6257":{"2970":{"keys":[202,196],"grid":[" "," "," ","!! 0","!# /","!$ .","!% -","!& ,","!' +","!( *","!+ '","!/ #","!","!","!","!"]}},"6256":{"2970":{"keys":[196,202],"grid":[" /!#"," 0!!"," "," "," "," "," "," "," "," "," "," "," "," "," "," "]},"2969":{"keys":[202,196],"grid":[" "," "," "," "," "," "," ","!& ,","!' +","!( *","!) )","!* (","!+ '","!, &","!- %","!. $"]}},"6255":{"2969":{"keys":[202,196],"grid":[" ","!! 0","!% -","!' +","!) )","!* (","!/ #","!","!","!","!","!","!","!","!","!"]}},"6254":{"2969":{"keys":[196,202],"grid":[" /!#"," "," "," "," "," "," "," "," "," "," "," "," "," "," "," "]},"2968":{"keys":[202,196],"grid":[" "," "," "," "," "," "," "," "," "," "," "," "," ","!$ .","!( *","!+ '"]}},"6239":{"2957":{"keys":[202,196],"grid":[" "," "," "," ","!! 0","!& ,","!* (","!, &","!. $","!/ #","!0 !","!","!","!","!","!"]}},"6385":{"3020":{"keys":[202,196],"grid":[" ","!, &","!","!","!","!","!","!","!","!","!","!","!","!","!","!"]}},"6384":{"3019":{"keys":[202],"grid":[" "," "," "," "," "," "," "," "," "," "," "," "," "," "," "," "]},"3020":{"keys":[196,202],"grid":[" +!'"," "," "," "," "," "," "," "," "," "," "," "," "," "," "," "]}},"6387":{"3020":{"keys":[202,196],"grid":[" "," "," ","!","!","!","!","!","!","!","!","!","!","!","!","!"]}},"6386":{"3020":{"keys":[202,196],"grid":[" "," ","!","!","!","!","!","!","!","!","!","!","!","!","!","!"]}},"6147":{"2857":{"keys":[196,202],"grid":[" %!# +"," "," "," "," "," "," "," "," "," "," "," "," "," "," "," "]},"2856":{"keys":[202,196],"grid":[" "," "," "," "," "," "," "," "," "," "," "," "," "," ","!! 0","!# /"]}},"6146":{"2855":{"keys":[202,196],"grid":[" "," "," "," "," "," "," "," "," "," "," ","!# /","!$ .","!% -","!& ,","!' +"]},"2856":{"keys":[196,202],"grid":[" '!+"," (!*"," )!)"," *!("," +!'"," ,!&","05"," -!%"," .!$","08","08"," /!#","11"," 0!!"," "," "]}},"6145":{"2851":{"keys":[202,196],"grid":[" "," "," "," "," "," "," "," "," '!! *"," &!$ )"," &!% ("," %!& ("," $!( '","12"," #!) '"," !!+ &"]},"2853":{"keys":[196,202],"grid":[" -!%"," ,!&","01","01","01","01"," +!'","06","06","06"," *!(","10"," )!)","12","12","12"]},"2852":{"keys":[196,202],"grid":[" ,!&"," -!%"," /!#"," 0!!"," ","03","03","03","03","02"," .!$","10","01","01","01","01"]},"2855":{"keys":[196,202],"grid":[" ,!&","00","00"," -!%","03"," .!$","05"," /!#"," 0!!","08"," "," "," "," "," "," "]},"2854":{"keys":[196,202],"grid":[" )!)","00","00","00","00","00"," *!(","06","06","06"," +!'","10","10","10","10"," ,!&"]}},"6144":{"2851":{"keys":[202,196],"grid":[" "," "," "," "," "," "," "," "," "," "," ","!& ,","!( *","!) )","!* (","!, &"]},"2852":{"keys":[196],"grid":[" "," "," "," "," "," "," "," "," "," "," "," "," "," "," "," "]}},"6149":{"2857":{"keys":[202,196],"grid":[" "," "," "," "," "," "," "," "," (!# ("," &!& '"," $!) &"," !!, %","!/ #","!","!","!"]}},"6148":{"2857":{"keys":[202,196],"grid":[" ","!' +","!( *","!* (","!+ '","!, &","05","!- %","!. $","08","!/ #","!0 !","!","!","!","!"]}},"6389":{"3020":{"keys":[202,196],"grid":[" "," "," ","!","!","!","!","!","!","!","!","!","!","!","!","!"]}},"6388":{"3020":{"keys":[202,196],"grid":[" "," "," ","!","!","!","!","!","!","!","!","!","!","!","!","!"]}},"6266":{"2972":{"keys":[196,202],"grid":[" $!."," #!/","01","01"," !!0","04","04","01","01","04","!","!","!","!","!","!"]},"2978":{"keys":[202,196],"grid":[" "," ","!( *","!* (","!, &","!/ #","!","!","!","!","!","!","!","!","!","!"]},"2971":{"keys":[196,202],"grid":[" "," "," 0!!"," /!#"," .!$"," ,!&"," *!("," )!)"," '!+"," &!,","09"," %!-","11","11"," $!.","14"]},"2969":{"keys":[202,196],"grid":[" "," "," "," "," "," "," "," "," "," "," +!'","!","!","!","!","!"]}},"6217":{"2947":{"keys":[196,202],"grid":[" )!)"," -!%"," 0!!"," "," "," "," "," "," "," "," "," "," "," "," "," "]},"2946":{"keys":[202,196],"grid":[" "," "," "," "," "," "," "," "," "," "," "," "," ","!! 0","!$ .","!& ,"]}},"6264":{"2969":{"keys":[202,196],"grid":[" "," "," "," "," "," "," "," "," "," "," "," "," "," %!-","!","!"]}},"6265":{"2969":{"keys":[202,196],"grid":[" "," "," "," "," "," "," "," "," "," "," "," "," '!+","!","!","!"]},"2978":{"keys":[196,202],"grid":[" %!% !!("," "," "," "," "," "," "," "," "," "," "," "," "," "," "," "]},"2972":{"keys":[196,202],"grid":[" "," "," "," "," "," "," "," "," "," "," "," "," "," 0!!","13","13"]},"2973":{"keys":[196,202],"grid":[" 0!!"," /!#","01","01","01"," .!$","05","05","05","05","05","05"," -!%","12","12","12"]},"2976":{"keys":[196,202],"grid":[" ,!&","00","00","00","00","00"," +!'","06","06"," *!(","09","09"," )!)","12","12","12"]},"2977":{"keys":[196,202],"grid":[" )!)"," (!*","01"," '!+","03"," &!,","05","05"," %!-","08","08","08"," $!.","12","12","12"]},"2974":{"keys":[196,202],"grid":[" -!%","00","00","00","00","00","00","00","00","00"," ,!&","00","00","00","00","00"]},"2975":{"keys":[196,202],"grid":[" -!%","00","00","00","00","00","00","00","00","00","00","00","00","00","00","00"]}},"6262":{"2970":{"keys":[202,196],"grid":[" "," "," /!#"," +!'"," $!.","!","!","!","!","!","!","!","!","!","!","!"]}},"6263":{"2970":{"keys":[202,196],"grid":[" (!*"," $!.","!","!","!","!","!","!","!","!","!","!","!","!","!","!"]},"2969":{"keys":[202,196],"grid":[" "," "," "," "," "," "," "," "," "," "," "," "," "," "," "," ,!&"]}},"6260":{"2970":{"keys":[202,196],"grid":[" "," "," "," "," "," "," .!$"," &!,","!","!","!","!","!","!","!","!"]}},"6216":{"2946":{"keys":[202,196],"grid":[" "," "," "," "," "," "," ","!& ,","!) )","!+ '","!. $","!/ #","!","!","!","!"]}},"6310":{"3017":{"keys":[196,202],"grid":[" #!/"," ,!&"," .!$"," "," "," "," "," "," "," "," "," "," "," "," "," "]}},"6268":{"2978":{"keys":[202,196],"grid":[" "," "," "," "," "," "," "," "," ","!","!","!","!","!","!","!"]}},"6269":{"2978":{"keys":[202,196],"grid":[" "," "," "," "," "," "," "," "," ","!+ '","!- %","!, &","11","10","10","!. $"]},"2979":{"keys":[196,202],"grid":[" .!$"," /!#","01"," 0!!","03"," "," "," "," "," "," "," "," "," "," "," "]}},"6311":{"3017":{"keys":[202,196],"grid":[" "," "," "," ","!& ,","!. $","!","!","!","!","!","!","!","!","!","!"]}},"6309":{"3016":{"keys":[202,196],"grid":[" "," "," "," "," "," "," "," "," "," "," "," "," "," ","!( *","!, &"]},"3017":{"keys":[196],"grid":[" "," "," "," "," "," "," "," "," "," "," "," "," "," "," "," "]}},"6308":{"3016":{"keys":[202,196],"grid":[" "," "," "," "," "," "," "," "," "," "," ","!' +","!, &","!","!","!"]}},"6305":{"3016":{"keys":[202,196],"grid":[" "," "," "," "," "," "," "," "," "," "," "," "," "," 0!!"," ,!&"," (!*"]},"3017":{"keys":[202,196],"grid":[" %!-"," !!0","!","!","!","!","!","!","!","!","!","!","!","!","!","!"]}},"6304":{"3017":{"keys":[202,196],"grid":[" "," "," .!$"," *!("," &!,"," #!/","!","!","!","!","!","!","!","!","!","!"]}},"6307":{"3016":{"keys":[202,196],"grid":[" "," "," "," "," "," "," "," "," !!$ -","!* (","!","!","!","!","!","!"]}},"6306":{"3016":{"keys":[202,196],"grid":[" "," "," "," "," "," "," "," "," "," -!%"," +!'"," (!*"," $!.","!","!","!"]}},"6301":{"3017":{"keys":[202,196],"grid":[" "," "," "," "," "," "," "," "," "," "," ","!","!","!","!","!"]}},"6300":{"3017":{"keys":[202,196],"grid":[" "," "," "," "," "," "," "," "," "," "," "," (!*","!","!","!","!"]}},"6303":{"3017":{"keys":[202,196],"grid":[" "," "," "," "," "," "," 0!!"," -!%"," (!*"," $!.","!","!","!","!","!","!"]}},"6191":{"2944":{"keys":[202,196],"grid":[" "," "," "," ","!( *","!* (","!+ '","!, &","!- %","!/ #","!0 !","!","!","!","!","!"]}},"6296":{"3017":{"keys":[202,196],"grid":[" "," "," "," "," "," "," "," "," "," "," "," "," "," &!,","!","!"]}},"6298":{"3017":{"keys":[202,196],"grid":[" "," "," "," "," "," "," "," "," "," "," "," %!' '","!","!","!","!"]}},"6211":{"2946":{"keys":[202,196],"grid":[" "," "," "," "," "," "," ","!% -","!+ '","08","!, &","!- %","!. $","12","!/ #","!"]}},"6210":{"2946":{"keys":[196,202],"grid":[" *!("," +!'","01"," ,!&","03"," -!%"," "," "," "," "," "," "," "," "," "," "]},"2945":{"keys":[202,196],"grid":[" "," "," "," "," "," "," "," "," "," ","!# /","!% -","!& ,","!( *","!) )","!* ("]}},"6178":{"2944":{"keys":[196,202],"grid":[" .!$"," "," "," "," "," "," "," "," "," "," "," "," "," "," "," "]},"2943":{"keys":[202,196],"grid":[" "," "," "," "," "," "," "," "," ","!! 0","09","!# /","11","!& ,","!) )","!+ '"]}},"6179":{"2944":{"keys":[202,196],"grid":[" "," "," ","!! 0","!# /","!$ .","!$ '!(","!% #!+","!","!","!","!","!","!","!","!"]}},"6176":{"2942":{"keys":[202,196],"grid":[" '!+"," &!,","01"," %!-"," $!.","04"," !!0","!","!","!","!","!","!","!","!","!"]},"2941":{"keys":[202,196],"grid":[" "," "," "," "," "," "," "," "," "," "," "," "," "," "," (!$ '"," (!' $"]}},"6177":{"2943":{"keys":[196,202],"grid":[" .!$"," /!#","01"," 0!!","03","03"," "," "," "," "," "," "," "," "," "," "]},"2942":{"keys":[202,196],"grid":[" ","!# /","!$ .","02","!% -","!& ,","05","!' +","!( *","!) )","!* (","!+ '","!, &","12","!- %","!. $"]}},"6174":{"2943":{"keys":[196,202],"grid":[" *!("," ,!&"," .!$"," /!#"," "," "," "," "," "," "," "," "," "," "," "," "]},"2942":{"keys":[202,196],"grid":[" "," "," "," "," "," "," "," "," "," "," "," ","!& ,","!' +","!( *","!) )"]}},"6175":{"2943":{"keys":[202,196],"grid":[" )!)","00"," (!*","02"," '!+","!# %!+","!","!","!","!","!","!","!","!","!","!"]},"2942":{"keys":[202,196],"grid":[" "," "," "," "," "," "," "," "," 0!!"," /!#"," .!$"," -!%"," +!'","12"," *!(","14"]}},"6172":{"2942":{"keys":[202,196],"grid":[" "," "," "," "," "," "," "," ","!& ,","!. $","!","!","!","!","!","!"]}},"6173":{"2942":{"keys":[202,196],"grid":[" "," "," "," "," "," "," "," "," "," ","!# /","!- %","!","!","!","!"]}},"6170":{"2941":{"keys":[196,202],"grid":[" +!'"," ,!&"," -!%","02"," .!$","04"," /!#","06"," 0!!"," "," "," "," "," "," "," "]},"2940":{"keys":[202,196],"grid":[" "," "," "," ","!! 0","!% -","!& ,","!' +","!( *","08","!) )","10","10","!* (","13","!+ '"]}},"6171":{"2942":{"keys":[196,202],"grid":[" .!$"," /!#"," 0!!","02"," "," "," "," "," "," "," "," "," "," "," "," "]},"2941":{"keys":[202,196],"grid":[" "," "," "," "," "," "," "," "," "," "," ","!! 0","!# /","12","!( *","!- %"]}},"6271":{"2983":{"keys":[196,202],"grid":[" ,!&"," -!%","01"," .!$","03"," /!#","05","05"," 0!!","08","08"," "," "," "," "," "]},"2982":{"keys":[196,202],"grid":[" %!-","00"," &!,"," '!+","03"," (!*","05","05"," )!)","08"," *!(","10","10"," +!'","13"," ,!&"]},"2981":{"keys":[202,196],"grid":[" "," "," "," "," "," "," ","!! 0","07","07","!# /","10","10","!$ .","13","!% -"]}},"6270":{"2981":{"keys":[196,202],"grid":[" .!$","00","00"," /!#"," 0!!","04"," "," "," "," "," "," "," "," "," "," "]},"2979":{"keys":[202,196],"grid":[" "," "," "," "," "," ","!! 0","06","!# /","08","!$ .","10","!% -","12","!& ,","14"]},"2980":{"keys":[196,202],"grid":[" '!+","00"," (!*","02"," )!)","04","04"," *!(","07"," +!'","09"," ,!&","11","11"," -!%","14"]}},"6273":{"2989":{"keys":[196,202],"grid":[" ,!&"," -!%","01","01"," .!$","04"," /!#","06"," 0!!","08","08"," "," "," "," "," "]},"2988":{"keys":[196,202],"grid":[" &!,"," '!+","01"," (!*","03"," )!)","05","05"," *!(","08","08","08"," +!'","12"," ,!&","14"]},"2987":{"keys":[202,196],"grid":[" "," "," ","!! 0","03","03","!# /","06","!$ .","08","08","!% -","11","11","!& ,","14"]}},"6272":{"2983":{"keys":[202,196],"grid":[" "," "," "," "," "," "," "," "," "," "," "," "," "," ","!! 0","14"]},"2987":{"keys":[196],"grid":[" "," "," "," "," "," "," "," "," "," "," "," "," "," "," "," "]},"2986":{"keys":[196,202],"grid":[" +!'"," ,!&","01","01","01"," -!%","05"," .!$","07","07"," /!#","10","10"," 0!!","13","13"]},"2985":{"keys":[196,202],"grid":[" '!+"," (!*","01","01","01"," )!)","05","05","05","05","05"," *!(","11","11"," +!'","14"]},"2984":{"keys":[196,202],"grid":[" #!/","00","00"," $!.","03","03"," %!-","06","06"," &!,","09","09","09"," '!+","13","13"]}},"6275":{"2992":{"keys":[202,196],"grid":[" "," "," "," "," "," "," "," "," "," ","!! 0","!# /","11","11","!$ .","14"]},"2993":{"keys":[196,202],"grid":[" %!-"," &!,","01"," '!+","03"," (!*","05"," )!)","07"," *!(","09"," +!'","11","11"," ,!&","14"]},"2994":{"keys":[196,202],"grid":[" -!%","00"," .!$","02"," /!#","04"," 0!!"," "," "," "," "," "," "," "," "," "]}},"6274":{"2990":{"keys":[196,202],"grid":[" !!0","00"," #!/","02","02"," $!.","05"," %!-","07"," &!,","09","09","09","09"," '!+","14"]},"2991":{"keys":[196,202],"grid":[" '!+"," (!*","01","01"," )!)","04","04"," *!(","07","07"," +!'","10","10","10"," ,!&","14"]},"2992":{"keys":[196,202],"grid":[" -!%","00","00"," .!$","03"," /!#","05"," 0!!","07"," "," "," "," "," "," "," "]},"2989":{"keys":[202,196],"grid":[" "," "," "," "," "," "," "," "," "," "," "," "," "," "," ","!! 0"]}},"6277":{"2998":{"keys":[196,202],"grid":[" (!*"," )!)","01","01","01","01","01","01"," *!(","08","08","08","08","08","08","08"]},"2999":{"keys":[196,202],"grid":[" *!(","00","00","00","00","00","00","00","00","00"," +!'","10","10","10","10"," ,!&"]},"2996":{"keys":[202,196],"grid":[" "," "," "," "," "," "," "," "," "," ","!! 0","!# /","11","!$ .","13","13"]},"2997":{"keys":[196,202],"grid":[" %!-","00","00"," &!,","03","03"," '!+","06","06","06"," (!*","10","10","10","10","10"]},"3001":{"keys":[196,202],"grid":[" -!%"," .!$","01","00","00","00","01","01","01"," /!#","09","09"," 0!!"," "," "," "]},"3000":{"keys":[196,202],"grid":[" ,!&","00","00","00","00","00","00","00"," -!%","08","08","08","08","08","08","08"]}},"6276":{"2994":{"keys":[202,196],"grid":[" "," "," "," "," "," "," "," "," "," ","!! 0","10","!# /","12","!$ .","14"]},"2995":{"keys":[196,202],"grid":[" %!-","00"," &!,","02"," '!+","04"," (!*","06"," )!)","08"," *!(","10","10"," +!'","13"," ,!&"]},"2996":{"keys":[196,202],"grid":[" ,!&","00"," -!%"," .!$"," /!#","04"," 0!!","06"," "," "," "," "," "," "," "," "]}},"6279":{"3004":{"keys":[196,202],"grid":[" ,!&"," -!%"," .!$"," /!#"," 0!!"," "," "," "," "," "," "," "," "," "," "," "]},"3003":{"keys":[202,196],"grid":[" "," "," "," "," "," ","!! 0","!# /","!$ .","!% -","!& ,","!' +","!( *","!) )","!* (","!+ '"]}},"6278":{"3001":{"keys":[202,196],"grid":[" "," "," "," "," "," "," "," "," "," "," "," "," "," ","!! 0","!# /"]},"3003":{"keys":[196,202],"grid":[" -!%","00"," .!$"," /!#"," 0!!"," "," "," "," "," "," "," "," "," "," "," "]},"3002":{"keys":[196,202],"grid":[" #!/","00"," $!.","02"," %!-"," &!,","05"," '!+","07"," (!*","09","09","09"," *!("," +!'"," ,!&"]}},"6199":{"2946":{"keys":[202,196],"grid":[" "," "," "," "," "," ","!& ,","!) )","!, &","!/ #","!","!","!","!","!","!"]}},"6378":{"3019":{"keys":[202,196],"grid":[" "," "," "," "," "," "," "," "," "," "," "," "," "," "," 0!!"," .!$"]},"3020":{"keys":[202,196],"grid":[" -!%"," ,!&"," +!'"," *!(","03"," )!)"," (!*"," '!+"," &!,","08"," %!-"," $!."," #!/"," !!0","13","!"]}},"6379":{"3019":{"keys":[202,196],"grid":[" "," "," "," "," "," "," "," "," "," "," "," "," "," ","!","!"]}},"6370":{"3021":{"keys":[202,196],"grid":[" "," "," .!$"," *!("," &!,","!","!","!","!","!","!","!","!","!","!","!"]}},"6371":{"3021":{"keys":[202,196],"grid":[" "," ","!","!","!","!","!","!","!","!","!","!","!","!","!","!"]}},"6372":{"3021":{"keys":[202,196],"grid":[" "," ","!, &","!","!","!","!","!","!","!","!","!","!","!","!","!"]}},"6218":{"2947":{"keys":[202,196],"grid":[" "," "," ","!# /","!& ,","!( *","!, &","!","!","!","!","!","!","!","!","!"]}},"6374":{"3021":{"keys":[202,196],"grid":[" "," "," "," ","!- %","!","!","!","!","!","!","!","!","!","!","!"]}},"6375":{"3021":{"keys":[202,196],"grid":[" "," "," "," "," ","!* (","!","!","!","!","!","!","!","!","!","!"]}},"6376":{"3021":{"keys":[202,196],"grid":[" "," "," "," "," "," ","!, &","!","!","!","!","!","!","!","!","!"]}},"6377":{"3021":{"keys":[202,196],"grid":[" /!#"," .!$"," -!%"," ,!&"," +!'","04"," )!)","!","!","!","!","!","!","!","!","!"]},"3020":{"keys":[202,196],"grid":[" "," "," "," "," "," "," "," "," "," "," "," "," "," "," "," 0!!"]}},"6169":{"2940":{"keys":[202,196],"grid":[" ","!$ .","!) )","!- %","!","!","!","!","!","!","!","!","!","!","!","!"]}},"6168":{"2895":{"keys":[202,196],"grid":[" "," "," "," "," "," "," ","!$ .","!& ,","08","08","08","08","08","08","08"]},"2896":{"keys":[196,202],"grid":[" %!-","00","00"," $!.","03"," #!/"," !!0","!","!","!","!","!","!","!","!","!"]},"2940":{"keys":[202,196],"grid":[" +!% #"," #!/","!","!","!","!","!","!","!","!","!","!","!","!","!","!"]}},"6161":{"2880":{"keys":[202,196],"grid":[" "," "," "," "," "," "," "," "," "," "," "," ","!! 0","12","!# /","14"]},"2881":{"keys":[196,202],"grid":[" #!/"," $!.","01"," %!-","03","03"," '!+"," )!)"," ,!! %"," "," "," "," "," "," "," "]},"2921":{"keys":[196,202],"grid":[" (!*","00"," '!+"," &!,","03"," %!-","05"," $!.","07"," #!/"," !!0","10","!","!","!","!"]},"2920":{"keys":[196,202],"grid":[" "," "," 0!!","02"," /!#","04"," .!$"," -!%","07"," ,!&","09"," +!'","11"," *!("," )!)","14"]},"2934":{"keys":[196,202],"grid":[" *!(","00","00"," +!'","03","03"," ,!&","06"," -!%","08"," .!$","10"," /!#","12","12"," 0!!"]},"2935":{"keys":[196,202],"grid":[" 0!!"," "," "," "," "," "," "," "," "," "," "," "," "," "," "," "]},"2932":{"keys":[202,196],"grid":[" "," "," "," "," "," "," ","!! 0","!$ .","!% -","!' +","10","!( *","12","12","12"]},"2933":{"keys":[196,202],"grid":[" )!)","00","00","00","00","00","00","00","00","00","00","00","00","00","00"," *!("]}},"6160":{"2880":{"keys":[196,202],"grid":[" (!*"," )!)","01"," *!("," +!'","04"," ,!&"," -!%"," .!$"," /!#"," 0!!"," "," "," "," "," "]},"2921":{"keys":[196,202],"grid":[" "," "," "," "," "," "," "," "," "," "," "," "," "," "," 0!!"," /!#"]},"2923":{"keys":[196,202],"grid":[" '!+"," &!,","01","01"," %!-","04"," $!.","06","06"," #!/","09","09","09","09"," !!0","14"]},"2922":{"keys":[196,202],"grid":[" /!#"," .!$","01"," -!%","03"," ,!&","05"," +!'","07"," *!(","09"," )!)","11"," (!*","13"," '!+"]},"2932":{"keys":[196,202],"grid":[" %!-"," '!+"," )!)"," +!'"," .!$"," /!#"," "," "," "," "," "," "," "," "," "," "]},"2924":{"keys":[196,202],"grid":[" !!0","00","00","!","!","!","!","!","!","!","!","!","!","!","!","!"]},"2931":{"keys":[202,196],"grid":[" "," "," "," "," "," "," "," "," "," "," "," "," "," "," ","!# /"]},"2879":{"keys":[202,196],"grid":[" "," "," "," "," "," ","!! 0","!# /","07","!$ .","!% -","10","!& ,","12","!' +","!( *"]}},"6163":{"2882":{"keys":[196,202],"grid":[" *!("," +!'"," ,!&"," -!%"," /!#"," 0!!"," "," "," "," "," "," "," "," "," "," "]},"2881":{"keys":[202,196],"grid":[" "," "," "," "," "," "," "," "," ","!# /","!$ .","!& ,","!' +","!( *","!) )","14"]},"2938":{"keys":[196],"grid":[" "," "," "," "," "," "," "," "," "," "," "," "," "," "," "," "]},"2917":{"keys":[196,202],"grid":[" "," "," "," 0!!","03"," /!#"," .!$"," -!%"," ,!&"," +!'"," *!("," )!)"," (!*"," '!+"," &!,"," %!-"]},"2918":{"keys":[196,202],"grid":[" $!.","00"," #!/"," !!0","03","!","!","!","!","!","!","!","!","!","!","!"]},"2937":{"keys":[202,196],"grid":[" "," "," "," "," ","!# /","!$ .","!& ,","!' +","!) )","!* (","!+ '","!, &","!. $","!/ #","!0 !"]},"2939":{"keys":[196,202],"grid":[" "," "," "," "," "," "," "," "," "," 0!!","09"," /!#"," .!$","12"," -!%","14"]},"2940":{"keys":[196,202],"grid":[" ,!&","00","00"," +!'","03","00"," -!%"," .!$"," /!#"," 0!!"," "," "," "," "," "," "]}},"6162":{"2881":{"keys":[202,196],"grid":[" "," "," "," "," "," "," '!( $"," !!/ !","!","!","!","!","!","!","!","!"]},"2918":{"keys":[196,202],"grid":[" "," "," "," "," "," "," "," 0!!"," /!#","08"," .!$"," -!%","11"," ,!&"," +!'","14"]},"2919":{"keys":[196,202],"grid":[" *!("," )!)","01"," (!*","03"," '!+","05"," &!,","07"," %!-","09"," $!."," #!/","12"," !!0","14"]},"2935":{"keys":[202,196],"grid":[" "," "," ","!! 0","03","!# /","05","05","!$ .","08","08","08","!% -","12","12","12"]},"2936":{"keys":[196,202],"grid":[" &!,","00","00","00","00"," '!+","05","05","05","05","05","00","00","00","00","00"]},"2920":{"keys":[202],"grid":[" "," "," "," "," "," "," "," "," "," "," "," "," "," "," "," "]},"2937":{"keys":[196,202],"grid":[" %!-","00","00","00","00"," %!' '"," %!$ *"," $!! -"," "," "," "," "," "," "," "," "]}},"6165":{"2903":{"keys":[196,202],"grid":[" &!,","00"," %!-","02"," $!."," #!/","05"," !!0","!","!","!","!","!","!","!","!"]},"2902":{"keys":[196,202],"grid":[" "," "," "," 0!!","03","03"," /!#"," .!$"," -!%"," ,!&"," +!'"," *!("," )!)"," (!*","13"," '!+"]},"2886":{"keys":[196,202],"grid":[" +!'","00","00","00"," *!(","04"," )!)","06"," (!*","08"," '!+","10"," &!,"," %!-","13"," $!."]},"2887":{"keys":[196,202],"grid":[" %!-"," &!,","01"," '!+","03"," (!*"," )!)"," *!("," +!'"," ,!&","09"," -!%"," .!$"," /!#"," 0!!","14"]},"2884":{"keys":[202,196],"grid":[" "," "," "," "," "," "," "," "," "," ","!! 0","10","!# /","12","!$ .","14"]},"2885":{"keys":[196,202],"grid":[" %!-"," &!,"," '!+"," )!)"," +!'"," ,!&","05","05","05","04","04","04","04","04","04","04"]},"2888":{"keys":[196],"grid":[" "," "," "," "," "," "," "," "," "," "," "," "," "," "," "," "]},"2908":{"keys":[196,202],"grid":[" -!%","00","00","00"," .!$","04"," /!#","06"," 0!!","08","08"," "," "," "," "," "]},"2905":{"keys":[202,196],"grid":[" "," "," "," "," "," "," "," "," "," "," "," "," "," ","!! 0","14"]},"2907":{"keys":[196,202],"grid":[" *!(","00","00","00","00","00","00"," +!'","07","07","07","07"," ,!&","12","12","12"]},"2940":{"keys":[202,196],"grid":[" "," "," "," "," 0!!"," /!#"," .!$"," ,!&"," )!)"," '!+"," !!0","!","!","!","!","!"]},"2916":{"keys":[196,202],"grid":[" !!0","!","!","!","!","!","!","!","!","!","!","!","!","!","!","!"]},"2915":{"keys":[196,202],"grid":[" "," 0!!"," /!#"," .!$"," -!%"," ,!&"," +!'","06"," *!("," )!)"," (!*"," '!+"," &!,"," %!-"," $!."," #!/"]},"2906":{"keys":[196,202],"grid":[" #!/"," $!.","01"," %!-","03"," &!,","05"," '!+","07"," (!*","09","09"," )!)","12","12","12"]}},"6164":{"2882":{"keys":[202,196],"grid":[" "," "," "," "," "," ","!! 0","!# /","!% -","!& ,","!' +","10","!( *","!) )","!* (","!+ '"]},"2883":{"keys":[196,202],"grid":[" +!'"," ,!&"," -!%","02"," .!$"," /!#","05","05","04","04","04","04","04","04","04","04"]},"2916":{"keys":[196,202],"grid":[" "," "," 0!!"," /!#","03"," .!$"," -!%"," ,!&"," +!'"," *!("," )!)"," (!*"," '!+"," &!,"," %!-"," $!."]},"2884":{"keys":[196,202],"grid":[" .!$","00","00","00"," /!#","04","04"," 0!!","07"," "," "," "," "," "," "," "]},"2904":{"keys":[196,202],"grid":[" (!*","00","00","00","00","00","00","00","00","00"," )!)","10","10"," *!(","13","13"]},"2917":{"keys":[196,202],"grid":[" #!/"," !!0","!","!","!","!","!","!","!","!","!","!","!","!","!","!"]},"2905":{"keys":[196,202],"grid":[" +!'","00","00"," ,!&","03"," -!%","05"," .!$","07"," /!#","09"," 0!!","11"," "," "," "]},"2938":{"keys":[202,196],"grid":[" "," ","!! 0","!# /","03","!$ .","!% -","06","!& ,","!' +","09","09","08","08","08","06"]},"2903":{"keys":[196,202],"grid":[" "," "," "," "," "," "," "," "," "," 0!!"," /!#"," .!$","11"," -!%"," +!'"," (!*"]},"2939":{"keys":[196,202],"grid":[" %!-","00"," $!.","02"," #!/","04"," !!0","!","!","!","!","!","!","!","!","!"]},"2940":{"keys":[202,196],"grid":[" "," "," "," "," "," "," "," "," "," "," ","!","!","!","!","!"]}},"6167":{"2910":{"keys":[202,196],"grid":[" "," "," "," "," "," "," "," "," "," "," ","!! 0","11","11","!# /","14"]},"2911":{"keys":[196,202],"grid":[" $!.","00"," #!/","02","02","02","02","02"," !!0","08","!","!","!","!","!","!"]},"2912":{"keys":[202,196],"grid":[" "," "," ","!! 0","03","03","03","03","!# /","08","08","08","08","!$ .","13","13"]},"2913":{"keys":[196,202],"grid":[" $!.","00","00","00"," #!/","04","04","04","04","04","04"," !!0","11","11","!","!"]},"2899":{"keys":[196,202],"grid":[" $!.","00"," #!/","02"," !!0","04","!","!","!","!","!","!","!","!","!","!"]},"2898":{"keys":[196,202],"grid":[" )!)"," (!*","01"," '!+","03","03","03","03","03","03","03","03"," &!,","12","12"," %!-"]},"2939":{"keys":[202,196],"grid":[" "," "," "," "," "," "," "," "," "," "," "," "," "," "," ","!! 0"]},"2895":{"keys":[196,202],"grid":[" #!/","00","00","00"," $!."," %!-"," +!'"," "," "," "," "," "," "," "," "," "]},"2894":{"keys":[196,202],"grid":[" !!0","00","00","00","00","00","00","00","00","00","00","00","00","00"," #!/","14"]},"2897":{"keys":[196,202],"grid":[" /!#","00","00"," .!$","03","03"," -!%","06","06"," ,!&","09"," +!'","11","11"," *!(","14"]},"2889":{"keys":[202,196],"grid":[" "," "," "," ","!! 0","04","!# /","06","!$ .","08","!% -","10","!& ,","12","!' +","14"]},"2891":{"keys":[196,202],"grid":[" ,!&","00","00","00","00"," +!'","05","05","05","05","05"," *!(","11","11","11","11"]},"2890":{"keys":[196,202],"grid":[" (!*","00","00"," )!)","03"," *!(","05"," +!'"," ,!&"," -!%","09","09","08","08","08","08"]},"2893":{"keys":[196,202],"grid":[" &!,","00"," %!-","02","02"," $!.","05","05","05"," #!/","09","09","09","09","09"," !!0"]},"2892":{"keys":[196,202],"grid":[" *!("," )!)","01","01","01"," (!*","05","05","05","05"," '!+","10","10","10","10"," &!,"]},"2896":{"keys":[196,202],"grid":[" "," "," "," "," "," "," "," "," 0!!"," /!#","09","09","09","09","09","09"]},"2940":{"keys":[196,202],"grid":[" #!/"," $!."," &!,"," '!) #"," *!# &"," "," "," "," "," "," "," "," "," "," "," "]}},"6166":{"2910":{"keys":[196,202],"grid":[" .!$"," /!#","01"," 0!!","03","03"," "," "," "," "," "," "," "," "," "," "]},"2902":{"keys":[202],"grid":[" "," "," "," "," "," "," "," "," "," "," "," "," "," "," "," "]},"2901":{"keys":[196,202],"grid":[" '!+","00"," &!,","02","02"," %!-","05","05"," $!.","08","08"," #!/","11","11"," !!0","14"]},"2913":{"keys":[196],"grid":[" "," "," "," "," "," "," "," "," "," "," "," "," "," "," "," "]},"2914":{"keys":[196,202],"grid":[" "," 0!!"," /!#"," .!$"," -!%"," ,!&"," +!'"," *!("," )!)"," (!*"," '!+"," &!,"," %!-"," $!."," #!/"," !!0"]},"2915":{"keys":[202],"grid":[" "," "," "," "," "," "," "," "," "," "," "," "," "," "," "," "]},"2911":{"keys":[196],"grid":[" "," "," "," "," "," "," "," "," "," "," "," "," "," "," "," "]},"2889":{"keys":[196,202],"grid":[" +!'"," .!$"," "," "," "," "," "," "," "," "," "," "," "," "," "," "]},"2888":{"keys":[202,196],"grid":[" ","!# /","!$ .","!& ,","!' +","!( *","!) )","06","06","06","06","06","06","06","06","06"]},"2939":{"keys":[202,196],"grid":[" "," "," "," "," "," "," "," "," "," "," "," "," "," *!! '"," (!) !"," '!+"]},"2900":{"keys":[196,202],"grid":[" /!#","00"," .!$"," -!%"," ,!&","04"," +!'"," *!(","07","07"," )!)","10","10"," (!*","13"," '!+"]},"2908":{"keys":[202,196],"grid":[" "," "," "," "," "," "," "," "," "," "," "," "," ","!! 0","13","!# /"]},"2899":{"keys":[196,202],"grid":[" "," "," "," "," "," "," "," "," 0!!","08","08","08"," "," "," ","08"]},"2909":{"keys":[196,202],"grid":[" #!/"," $!.","01"," %!-","03","03"," &!,"," '!+","07"," (!*"," )!)"," *!("," +!'"," ,!&"," -!%","14"]},"2940":{"keys":[202,196],"grid":[" &!,"," $!."," #!/"," !!0","!","!","!","!","!","!","!","!","!","!","!","!"]}},"6327":{"3020":{"keys":[202,196],"grid":[" "," "," "," ","!! 0","!) )","!, &","!0 !","!","!","!","!","!","!","!","!"]}},"6288":{"3012":{"keys":[202,196],"grid":[" "," "," "," "," "," "," "," "," ","!! 0","!# /","!$ .","!% -","!& ,","!' +","!( *"]},"3013":{"keys":[196,202],"grid":[" )!)"," *!("," +!'"," ,!&"," -!%","04"," .!$","06","06","06"," /!#","10","10","10","10","10"]},"3014":{"keys":[196,202],"grid":[" /!#","00","00","00","00"," 0!!","05","05","05","05","05","05","05","05","05","05"]},"3015":{"keys":[196,202],"grid":[" 0!!","00","00"," "," "," "," "," "," "," "," "," "," "," "," "," "]}},"6289":{"3018":{"keys":[196,202],"grid":[" $!."," %!-","01","01","01","01","01","01","01"," %!* $"," %!! ,"," "," "," "," "," "]},"3016":{"keys":[196,202],"grid":[" !!0","00","00","00","00","00","00","00","00","00","00","00"," #!/","12","12","12"]},"3017":{"keys":[196,202],"grid":[" #!/","00","00","00","00","00","00","00","00"," $!.","09","09","09","09","09","09"]},"3015":{"keys":[202,196],"grid":[" "," "," "," "," "," "," "," "," "," "," ","!! 0","11","11","11","11"]}},"6326":{"3020":{"keys":[202,196],"grid":[" "," ","!( *","!, &","!","!","!","!","!","!","!","!","!","!","!","!"]}},"6284":{"3009":{"keys":[196,202],"grid":[" *!("," +!'"," ,!&"," -!%","03"," .!$"," /!#"," 0!!"," "," "," "," "," "," "," "," "]},"3008":{"keys":[202,196],"grid":[" "," "," "," "," "," "," "," ","!! 0","!# /","!$ .","!% -","!& ,","!' +","!( *","!) )"]}},"6285":{"3010":{"keys":[196,202],"grid":[" *!("," +!'"," ,!&"," -!%"," .!$"," /!#"," 0!!"," "," "," "," "," "," "," "," "," "]},"3009":{"keys":[202,196],"grid":[" "," "," "," "," "," "," "," "," ","!! 0","!$ .","!% -","!& ,","!' +","!( *","!) )"]}},"6286":{"3010":{"keys":[202,196],"grid":[" "," "," "," "," "," "," "," ","!! 0","!# /","!$ .","!% -","!& ,","!' +","!( *","!) )"]},"3011":{"keys":[196,202],"grid":[" *!("," +!'"," ,!&"," -!%"," .!$","04"," /!#"," 0!!"," "," "," "," "," "," "," "," "]}},"6287":{"3012":{"keys":[196,202],"grid":[" *!("," +!'"," ,!&"," -!%"," .!$","04"," /!#"," 0!!"," "," "," "," "," "," "," "," "]},"3011":{"keys":[202,196],"grid":[" "," "," "," "," "," "," "," "," ","!# /","!$ .","!% -","!& ,","!' +","!( *","!) )"]}},"6280":{"3005":{"keys":[196,202],"grid":[" ,!&","00"," -!%"," .!$","03"," /!#"," 0!!"," "," "," "," "," "," "," "," "," "]},"3004":{"keys":[202,196],"grid":[" "," "," "," "," "," ","!! 0","!# /","!$ .","!% -","!& ,","!' +","!( *","!) )","!* (","!+ '"]}},"6281":{"3005":{"keys":[202,196],"grid":[" "," "," "," "," "," "," "," ","!! 0","!# /","!$ .","!% -","!& ,","!' +","!) )","!* ("]},"3006":{"keys":[196,202],"grid":[" +!'"," ,!&"," -!%","02"," .!$"," /!#"," 0!!"," "," "," "," "," "," "," "," "," "]}},"6282":{"3007":{"keys":[196,202],"grid":[" *!("," +!'"," ,!&"," -!%"," .!$"," /!#"," 0!!"," "," "," "," "," "," "," "," "," "]},"3006":{"keys":[202,196],"grid":[" "," "," "," "," "," "," "," ","!# /","!$ .","!% -","!& ,","!' +","!( *","!) )","!* ("]}},"6283":{"3007":{"keys":[202,196],"grid":[" "," "," "," "," "," "," ","!! 0","!# /","!$ .","!% -","!& ,","!' +","!( *","!) )","14"]},"3008":{"keys":[196,202],"grid":[" *!("," +!'"," ,!&"," -!%"," .!$"," /!#"," 0!!"," "," "," "," "," "," "," "," "," "]}},"6204":{"2946":{"keys":[202,196],"grid":[" "," "," "," .!$"," )!)","!","!","!","!","!","!","!","!","!","!","!"]}},"6205":{"2946":{"keys":[202,196],"grid":[" (!*"," %!-","!","!","!","!","!","!","!","!","!","!","!","!","!","!"]},"2945":{"keys":[202,196],"grid":[" "," "," "," "," "," "," "," "," "," "," "," "," "," "," .!$"," +!'"]}},"6369":{"3021":{"keys":[202,196],"grid":[" "," "," "," "," "," "," -!%"," )!)"," $!.","!","!","!","!","!","!","!"]}},"6368":{"3021":{"keys":[202,196],"grid":[" "," "," "," "," "," "," "," "," "," /!#"," ,!&"," )!)"," %!-","!","!","!"]}},"6200":{"2946":{"keys":[202,196],"grid":[" "," "," "," "," "," "," "," "," "," "," ","!# /","!& '!&","!","!","!"]}},"6201":{"2946":{"keys":[202,196],"grid":[" "," "," "," "," "," "," /!#"," ,!&"," *!("," (!*"," %!-"," !!0","!","!","!","!"]}},"6202":{"2946":{"keys":[202,196],"grid":[" "," "," "," "," ","!+ '","!, &","!","!","!","!","!","!","!","!","!"]}},"6203":{"2946":{"keys":[202,196],"grid":[" "," "," "," "," "," %!-","!","!","!","!","!","!","!","!","!","!"]}},"6363":{"3023":{"keys":[196],"grid":[" "," "," "," "," "," "," "," "," "," "," "," "," "," "," "," "]},"3022":{"keys":[202,196],"grid":[" "," "," "," "," "," "," "," "," "," "," "," "," 0!!"," +!'"," '!+"," $!."]}},"6362":{"3023":{"keys":[202,196],"grid":[" 0!!"," +!'"," &!,"," !!0","!","!","!","!","!","!","!","!","!","!","!","!"]}},"6361":{"3023":{"keys":[202,196],"grid":[" "," "," "," "," .!$"," (!*"," %!-","!","!","!","!","!","!","!","!","!"]}},"6360":{"3023":{"keys":[202,196],"grid":[" "," "," "," "," "," "," "," "," ,!&","!","!","!","!","!","!","!"]}},"6367":{"3022":{"keys":[196],"grid":[" "," "," "," "," "," "," "," "," "," "," "," "," "," "," "," "]},"3021":{"keys":[202,196],"grid":[" "," "," "," "," "," "," "," "," "," "," "," "," "," /!#"," )!)"," %!-"]}},"6366":{"3022":{"keys":[202,196],"grid":[" "," ,!&"," '!+","!","!","!","!","!","!","!","!","!","!","!","!","!"]}},"6365":{"3022":{"keys":[202,196],"grid":[" "," "," "," "," .!$"," +!'"," '!+"," !!0","!","!","!","!","!","!","!","!"]}},"6364":{"3022":{"keys":[202,196],"grid":[" "," "," "," "," "," "," "," "," .!$"," +!'"," (!*"," $!.","!","!","!","!"]}},"6319":{"3018":{"keys":[202,196],"grid":[" "," "," "," "," "," "," "," "," "," "," "," ","!& ,","!+ '","!/ #","!"]}},"6183":{"2944":{"keys":[202,196],"grid":[" "," "," "," "," "," "," "," "," .!$"," )!)"," '!+"," &!,"," $!."," !!0","!","!"]}},"6302":{"3017":{"keys":[202,196],"grid":[" "," "," "," "," "," "," "," "," "," "," 0!!","!","!","!","!","!"]}},"6356":{"3023":{"keys":[202,196],"grid":[" "," "," ","!% -","!- %","!","!","!","!","!","!","!","!","!","!","!"]}},"6357":{"3023":{"keys":[202,196],"grid":[" "," "," "," "," ","!( *","!","!","!","!","!","!","!","!","!","!"]}},"6354":{"3023":{"keys":[196,202],"grid":[" )!)"," 0!!"," "," "," "," "," "," "," "," "," "," "," "," "," "," "]},"3022":{"keys":[202],"grid":[" "," "," "," "," "," "," "," "," "," "," "," "," "," "," "," "]}},"6355":{"3023":{"keys":[202,196],"grid":[" "," ","!0 !","!","!","!","!","!","!","!","!","!","!","!","!","!"]}},"6352":{"3022":{"keys":[202,196],"grid":[" "," "," "," "," "," "," "," "," "," "," "," ","!$ .","!/ #","!","!"]}},"6353":{"3022":{"keys":[202,196],"grid":[" "," "," "," "," "," "," "," "," "," "," "," "," "," ","!* (","!"]}},"6350":{"3022":{"keys":[202,196],"grid":[" "," "," "," "," "," "," "," "," ","!# /","!","!","!","!","!","!"]}},"6351":{"3022":{"keys":[202,196],"grid":[" "," "," "," "," "," "," "," "," "," "," ","!* (","!","!","!","!"]}},"6297":{"3017":{"keys":[202,196],"grid":[" "," "," "," "," "," "," "," "," "," "," "," ","!","!","!","!"]}},"6208":{"2945":{"keys":[202,196],"grid":[" "," "," "," "," "," "," "," "," ","!$ .","!' +","!+ '","!","!","!","!"]}},"6295":{"3017":{"keys":[202,196],"grid":[" "," "," "," "," "," "," "," "," "," "," "," "," "," "," ,!&","!"]}},"6294":{"3018":{"keys":[202,196],"grid":[" -!%","!","!","!","!","!","!","!","!","!","!","!","!","!","!","!"]},"3017":{"keys":[202],"grid":[" "," "," "," "," "," "," "," "," "," "," "," "," "," "," "," "]}},"6293":{"3018":{"keys":[202,196],"grid":[" "," /!#"," '!+","!","!","!","!","!","!","!","!","!","!","!","!","!"]}},"6292":{"3018":{"keys":[202,196],"grid":[" "," "," "," -!%"," &!,","!","!","!","!","!","!","!","!","!","!","!"]}},"6358":{"3023":{"keys":[202,196],"grid":[" "," "," "," "," "," ","!$ .","!/ #","!","!","!","!","!","!","!","!"]}},"6359":{"3023":{"keys":[202,196],"grid":[" "," "," "," "," "," "," "," ","!( *","!","!","!","!","!","!","!"]}},"6194":{"2946":{"keys":[196,202],"grid":[" %!-"," '!+"," (!*"," *!("," ,!&"," -!%"," .!$"," 0!!"," "," "," "," "," "," "," "," "]},"2945":{"keys":[202,196],"grid":[" "," "," "," "," "," "," "," "," "," "," "," "," "," ","!! 0","!# /"]}},"6195":{"2946":{"keys":[202,196],"grid":[" "," "," "," "," "," /!#"," '!+"," %!-"," $!.","!","!","!","!","!","!","!"]}},"6196":{"2946":{"keys":[202,196],"grid":[" "," "," "," $!+ $"," !!. #","!","!","!","!","!","!","!","!","!","!","!"]}},"6197":{"2946":{"keys":[202,196],"grid":[" "," "," "," "," "," ","!! 0","!# /","!% #!+","!","!","!","!","!","!","!"]}},"6190":{"2944":{"keys":[202,196],"grid":[" "," "," "," +!'","!","!","!","!","!","!","!","!","!","!","!","!"]}},"6329":{"3020":{"keys":[202,196],"grid":[" "," "," "," "," "," "," "," "," "," "," ","!$ .","!* (","!","!","!"]}},"6192":{"2945":{"keys":[196,202],"grid":[" )!)"," *!("," ,!&"," .!$"," /!#"," "," "," "," "," "," "," "," "," "," "," "]},"2944":{"keys":[202,196],"grid":[" "," "," "," "," "," "," "," "," "," "," ","!! 0","!# /","!$ .","!& ,","!' +"]}},"6193":{"2945":{"keys":[202,196],"grid":[" "," "," "," "," "," ","!# /","!$ .","!& ,","!( *","!* (","!, &","!. $","!0 !","!","!"]}},"6381":{"3019":{"keys":[202,196],"grid":[" "," "," "," "," "," "," "," "," "," "," "," "," "," ","!$ .","!"]}},"6209":{"2945":{"keys":[202,196],"grid":[" "," "," "," "," "," "," "," "," '!' %"," $!- !"," !!0","!","!","!","!","!"]}},"6247":{"2964":{"keys":[196,202],"grid":[" %!-"," '!+"," (!*"," *!("," -!%"," /!#"," "," "," "," "," "," "," "," "," "," "]},"2963":{"keys":[202,196],"grid":[" "," "," "," "," "," "," "," "," "," "," "," "," "," "," ","!# /"]}},"6198":{"2946":{"keys":[202,196],"grid":[" "," "," "," "," "," "," +!'"," %!-","!","!","!","!","!","!","!","!"]}},"6215":{"2946":{"keys":[202,196],"grid":[" "," "," "," "," "," "," "," *!("," %!-","!","!","!","!","!","!","!"]}},"6219":{"2947":{"keys":[202,196],"grid":[" "," -!! $"," ,!&","02"," +!'","04"," *!("," )!)","!' #!)","!","!","!","!","!","!","!"]}},"6380":{"3019":{"keys":[202,196],"grid":[" "," "," "," "," "," "," "," "," "," "," "," "," "," ","!","!"]}},"6383":{"3019":{"keys":[202],"grid":[" "," "," "," "," "," "," "," "," "," "," "," "," "," "," "," "]}},"6224":{"2948":{"keys":[202,196],"grid":[" ","!! 0","!$ .","!& ,","!' +","!( *","!* (","!+ '","!- %","!/ #","!","!","!","!","!","!"]}},"6382":{"3019":{"keys":[202,196],"grid":[" "," "," "," "," "," "," "," "," "," "," "," "," "," "," ","!0 !"]}},"6184":{"2944":{"keys":[202,196],"grid":[" "," "," "," "," "," ,!&"," (!*"," #!/","!","!","!","!","!","!","!","!"]}},"6291":{"3018":{"keys":[202,196],"grid":[" "," "," "," "," "," -!%"," '!+","!","!","!","!","!","!","!","!","!"]}},"6214":{"2946":{"keys":[202,196],"grid":[" "," "," "," "," "," "," "," "," ","!# /","!","!","!","!","!","!"]}},"6341":{"3021":{"keys":[202,196],"grid":[" "," "," "," "," "," "," "," "," "," "," ","!# /","!. $","!","!","!"]}},"6340":{"3021":{"keys":[202,196],"grid":[" "," "," "," "," "," "," "," "," "," ","!) )","!","!","!","!","!"]}},"6343":{"3021":{"keys":[202,196],"grid":[" "," "," "," "," "," "," "," "," "," "," "," "," "," ","!$ .","!0 !"]}},"6342":{"3021":{"keys":[202,196],"grid":[" "," "," "," "," "," "," "," "," "," "," "," "," ","!, &","!","!"]}},"6345":{"3022":{"keys":[202,196],"grid":[" ","!' +","!","!","!","!","!","!","!","!","!","!","!","!","!","!"]}},"6344":{"3022":{"keys":[196,202],"grid":[" +!'"," "," "," "," "," "," "," "," "," "," "," "," "," "," "," "]},"3021":{"keys":[202],"grid":[" "," "," "," "," "," "," "," "," "," "," "," "," "," "," "," "]}},"6347":{"3022":{"keys":[202,196],"grid":[" "," "," "," ","!& ,","!. $","!","!","!","!","!","!","!","!","!","!"]}},"6346":{"3022":{"keys":[202,196],"grid":[" "," "," ","!* (","!","!","!","!","!","!","!","!","!","!","!","!"]}},"6349":{"3022":{"keys":[202,196],"grid":[" "," "," "," "," "," "," "," ","!( *","!","!","!","!","!","!","!"]}},"6348":{"3022":{"keys":[202,196],"grid":[" "," "," "," "," "," ","!% -","!. $","!","!","!","!","!","!","!","!"]}},"6187":{"2944":{"keys":[202,196],"grid":[" "," "," "," "," "," ","!","!","!","!","!","!","!","!","!","!"]}},"6223":{"2947":{"keys":[202,196],"grid":[" "," "," "," "," "," "," "," "," "," "," "," "," "," "," "," .!! #"]},"2948":{"keys":[202,196],"grid":[" -!$ !"," !!% '!&","!) #!'","!","!","!","!","!","!","!","!","!","!","!","!","!"]}},"6185":{"2944":{"keys":[202,196],"grid":[" "," "," "," "," ","!","!","!","!","!","!","!","!","!","!","!"]}},"6221":{"2947":{"keys":[202,196],"grid":[" "," "," "," "," "," "," "," "," "," ","!% -","!' +","!) )","!* (","13","!+ '"]},"2948":{"keys":[196,202],"grid":[" ,!&","00"," .!$"," 0!!"," "," "," "," "," "," "," "," "," "," "," "," "]}},"6226":{"2949":{"keys":[202,196],"grid":[" "," ","!# /","!& ,","!* (","!. $","!0 !","!","!","!","!","!","!","!","!","!"]}},"6182":{"2944":{"keys":[202,196],"grid":[" "," "," "," "," "," "," "," "," "," "," "," "," "," "," ,!&","!"]}},"6181":{"2944":{"keys":[202,196],"grid":[" "," "," "," "," "," "," "," "," "," "," "," ","!! 0","!( *","!. $","!"]}},"6180":{"2944":{"keys":[202,196],"grid":[" "," "," "," "," "," ","!! 0","!$ .","!& ,","!( *","!* (","!+ '","!, &","!","!","!"]}},"6213":{"2946":{"keys":[202,196],"grid":[" "," "," "," "," "," "," "," "," $!, #","!","!","!","!","!","!","!"]}},"6228":{"2950":{"keys":[202,196],"grid":[" ","!! 0","01","!# /","!$ .","!( *","!) )","06","06","06","06","06","06","06","06","!* ("]},"2951":{"keys":[196,202],"grid":[" +!'"," ,!&"," .!$"," /!#"," 0!!"," "," "," "," "," "," "," "," "," "," "," "]}},"6229":{"2951":{"keys":[202,196],"grid":[" "," "," "," "," "," ","!! 0","!$ .","!& ,","!( *","!) )","!+ '","!- %","!/ #","!","!"]}},"6189":{"2944":{"keys":[202,196],"grid":[" "," "," "," "," *!(","!","!","!","!","!","!","!","!","!","!","!"]}},"6188":{"2944":{"keys":[202,196],"grid":[" "," "," "," "," "," (!*","!","!","!","!","!","!","!","!","!","!"]}},"6267":{"2970":{"keys":[196,202],"grid":[" )!)","00","00","00","00","00","00"," (!*","07","07"," '!+","10"," &!,"," %!-"," $!."," #!/"]},"2971":{"keys":[196,202],"grid":[" !!0","!","!","!","!","!","!","!","!","!","!","!","!","!","!","!"]},"2969":{"keys":[202,196],"grid":[" "," "," "," "," "," "," "," "," "," ","!' +","10","!( *","!) )","13","13"]},"2978":{"keys":[202,196],"grid":[" "," "," "," "," "," "," ","!' +","!. $","!","!","!","!","!","!","!"]}},"6238":{"2956":{"keys":[202,196],"grid":[" "," "," "," "," "," "," "," "," "," "," ","!! 0","!# /","!$ .","!% -","!& ,"]},"2957":{"keys":[196,202],"grid":[" (!*"," *!("," -!%"," /!#"," "," "," "," "," "," "," "," "," "," "," "," "]}},"6318":{"3018":{"keys":[202,196],"grid":[" "," "," "," "," "," "," "," ","!! 0","!' +","!, &","!0 !","!","!","!","!"]}},"6212":{"2946":{"keys":[202,196],"grid":[" "," "," "," "," "," "," "," "," "," -!%"," +!'"," )!)"," '!+"," %!-"," #!/","!"]}},"6373":{"3021":{"keys":[202,196],"grid":[" "," "," ","!. $","!","!","!","!","!","!","!","!","!","!","!","!"]}},"6231":{"2952":{"keys":[202,196],"grid":[" "," "," "," "," "," "," "," "," ","!# /","!% -","!' +","!) )","!+ '","!- %","!/ #"]},"2953":{"keys":[196],"grid":[" "," "," "," "," "," "," "," "," "," "," "," "," "," "," "," "]}},"6206":{"2945":{"keys":[202,196],"grid":[" "," "," "," "," "," "," "," "," 0!!"," -!%"," +!'"," (!*"," %!-"," !!0","!","!"]}},"6230":{"2951":{"keys":[202,196],"grid":[" "," "," "," "," "," "," "," "," "," "," "," "," "," "," ","!! 0"]},"2952":{"keys":[196,202],"grid":[" $!."," &!,"," '!+"," )!)"," *!("," ,!&"," .!$"," 0!!"," "," "," "," "," "," "," "," "]}},"6334":{"3021":{"keys":[202,196],"grid":[" "," ","!$ .","!","!","!","!","!","!","!","!","!","!","!","!","!"]}},"6335":{"3021":{"keys":[202,196],"grid":[" "," "," ","!& ,","!","!","!","!","!","!","!","!","!","!","!","!"]}},"6336":{"3021":{"keys":[202,196],"grid":[" "," "," "," "," ","!","!","!","!","!","!","!","!","!","!","!"]}},"6337":{"3021":{"keys":[202,196],"grid":[" "," "," "," "," ","!& ,","!/ #","!","!","!","!","!","!","!","!","!"]}},"6330":{"3020":{"keys":[202,196],"grid":[" "," "," "," "," "," "," "," "," "," "," "," "," ","!$ .","!/ #","!"]}},"6331":{"3020":{"keys":[202,196],"grid":[" "," "," "," "," "," "," "," "," "," "," "," "," "," "," ","!/ #"]}},"6332":{"3021":{"keys":[196,202],"grid":[" ,!&"," "," "," "," "," "," "," "," "," "," "," "," "," "," "," "]},"3020":{"keys":[202],"grid":[" "," "," "," "," "," "," "," "," "," "," "," "," "," "," "," "]}},"6333":{"3021":{"keys":[202,196],"grid":[" ","!& ,","!","!","!","!","!","!","!","!","!","!","!","!","!","!"]}},"6235":{"2954":{"keys":[202,196],"grid":[" "," "," "," "," "," "," "," "," "," "," "," ","!# /","!$ .","!& ,","!( *"]},"2955":{"keys":[196,202],"grid":[" )!)"," +!'"," ,!&"," .!$"," "," "," "," "," "," "," "," "," "," "," "," "]}},"6234":{"2954":{"keys":[202,196],"grid":[" "," ","!# /","!% -","!& ,","!( *","!* (","!, &","!- %","!/ #","!0 !","!","!","!","!","!"]}},"6237":{"2955":{"keys":[202,196],"grid":[" "," "," "," "," "," "," "," "," "," "," "," "," "," "," ","!! 0"]},"2956":{"keys":[196,202],"grid":[" $!."," %!-"," &!,"," '!+"," )!)"," *!("," +!'"," -!%"," .!$"," /!#"," "," "," "," "," "," "]}},"6236":{"2955":{"keys":[202,196],"grid":[" "," "," "," "," ","!$ .","!' +","!( *","!) )","!+ '","!, &","!- %","!/ #","!0 !","!","!"]}},"6338":{"3021":{"keys":[202,196],"grid":[" "," "," "," "," "," "," ","!' +","!","!","!","!","!","!","!","!"]}},"6339":{"3021":{"keys":[202,196],"grid":[" "," "," "," "," "," "," "," ","!& ,","!. $","!","!","!","!","!","!"]}},"6233":{"2954":{"keys":[196,202],"grid":[" /!#"," "," "," "," "," "," "," "," "," "," "," "," "," "," "," "]},"2953":{"keys":[202,196],"grid":[" "," "," "," "," "," "," "," "," "," ","!! 0","!$ .","!& ,","!( *","!* (","!- %"]}},"6232":{"2953":{"keys":[202,196],"grid":[" ","!# /","!% -","!& ,","!( *","!) )","!+ '","!- %","!/ #","!0 !","!","!","!","!","!","!"]}}}}