{"9":{"399":{"252":{"keys":[210,1,211],"grid":[" ,!$##"," .!##!"," /!#"," 0!!"," "," "," "," "," "," "," "," "," "," "," "," "]},"247":{"keys":[211,1,208],"grid":[" '!!##!##&"," '!(#$"," -!###"," ,!$##","03","02"," -!!#$","02","06"," +!$#$"," +!!#&","10","10","09"," -!%"," .!# !"]},"251":{"keys":[211,1,210],"grid":[" "," "," "," "," ","!! 0","!# /","#!!# .","##!# -","#$!# ,","#%!# +","#&!$ )","#(!# (","#)!# '","#*!# &","#+!# %"]},"246":{"keys":[208,1,211],"grid":[" "," "," "," "," "," "," "," "," "," "," "," %!! ,","!' +","#&!# *","#'!! *","#'!# )"]}},"398":{"250":{"keys":[211,1,210],"grid":[" "," "," "," "," "," "," "," ","!! 0","!# /","#!!$ -","#$!# ,","#%!# +","#&!# *","#'!# )","#(!# ("]},"251":{"keys":[210,1,211],"grid":[" )!$#&"," +!##%"," ,!##$"," -!###"," .!##!"," /!#"," "," "," "," "," "," "," "," "," "," "]},"246":{"keys":[208,1,211],"grid":[" "," "," "," "," "," "," )!! ("," (!% &"," (!!##!# %"," (!!#$!! %"," (!!#$!# $","!$ %!!#%!%","##!# #!##(!!","#$!%#*","#","#"]}},"397":{"247":{"keys":[208,1,211],"grid":[" $!&#)","!%#-","#","#","#","#","#","#","#","#","#","#","#","#","#","#"]},"246":{"keys":["",208,1,211],"grid":[" %!-","00","00","00","!","!","!","!","!","!","!","!.#$","!)#'$#","!(##$(","!(#!$)","14"]},"249":{"keys":[211,1,210],"grid":[" "," "," "," "," "," "," "," ","!! 0","!# /","#!!# .","##!# -","#$!# ,","#%!# +","#&!# *","#'!# )"]},"250":{"keys":[210,1,211],"grid":[" (!##("," )!##'"," *!##&"," +!##%"," ,!##$"," -!$#!"," /!!#!"," /!#"," 0!!"," "," "," "," "," "," "," "]},"240":{"keys":[207,1,208,""],"grid":[" #!!#."," !!##.","!##/","!!#0","#","#","#","#","#-$%","08","08","08","08","08","08","08"]}},"396":{"241":{"keys":[207,1,208],"grid":[" (!##("," (!!#)","01"," '!##)"," '!!#*","04"," &!##*"," &!!#+"," %!##+"," %!!#,"," $!##,"," #!##-"," #!!#."," !!##.","!##/","#"]},"247":{"keys":["",211,208,1],"grid":[" %!) !#$"," %!) !##$!"," %!+$#"," %!-","!","!","!","!","!","!","!","!","!","!","!","!"]},"249":{"keys":[210,1,211],"grid":[" '!##)"," (!##("," )!##'"," *!##&"," +!##%"," ,!##$"," -!###"," .!$"," 0!!"," "," "," "," "," "," "," "]},"240":{"keys":[207,1,208],"grid":[" "," "," "," 0!!"," .!$"," -!$#!"," -!###","06"," +!$#$"," *!##&"," )!##'"," (!##("," (!!#)","11"," )!!#(","14"]},"248":{"keys":[211,1,210],"grid":[" "," "," "," "," "," "," ","!! 0","!# /","#!!# .","##!! .","##!# -","#$!# ,","#%!! ,","#%!# +","#&!# *"]}},"395":{"247":{"keys":["",210,211,1],"grid":[" "," "," "," ","!% %#)","04","04","!($!#)","07","!($##(","!)$!#(","!)$##'","!*$!#'","!*$##&","!+$!#&","!+$##%"]},"241":{"keys":[207,"",1],"grid":[" "," "," "," "," "," "," "," "," "," "," "," ","!% -","12","!% ,#!","!% +##"]},"248":{"keys":[210,1,211],"grid":[" ,!!#%"," ,!##$"," -!!#$"," -!###"," .!##!"," /!#"," 0!!","06"," "," "," "," "," "," "," "," "]},"242":{"keys":[207,1,208,""],"grid":[" /!!#!"," -!$#!"," ,!##$"," +!##%","$$ '!##&","!$ &!##'","##!$ !!$#(","#%!$#*","#","#","#","#","#","#","#","#"]}}},"13":{"6364":{"3948":{"keys":[208,211],"grid":[" "," "," "," "," 0!!"," -!%"," *!(","!","!","!","!","!","!","!","!","!"]},"4004":{"keys":[211,210],"grid":[" "," "," ","!! 0","!$ .","!% -","!& ,","!' +","!( *","!) )","!* (","!+ '","!- %","!. $","!/ #","!0 !"]},"4005":{"keys":[210],"grid":[" "," "," "," "," "," "," "," "," "," "," "," "," "," "," "," "]}},"6335":{"3870":{"keys":[207,208],"grid":[" )!)"," (!*","01","01"," '!+","04"," &!,","06"," %!-","08"," $!.","10","10"," #!/","13"," !!0"]},"3871":{"keys":[207,208],"grid":[" !!0","!","!","!","!","!","!","!","!","!","!","!","!","!","!","!"]},"3973":{"keys":[211,210],"grid":[" "," "," "," "," "," "," "," "," "," "," "," "," "," "," ","!! 0"]},"3975":{"keys":[210,211],"grid":[" .!$"," /!#"," 0!!","02"," "," "," "," "," "," "," "," "," "," "," "," "]},"3974":{"keys":[210,211],"grid":[" !!0"," #!/"," $!.","02"," %!-"," &!,"," '!+","06"," (!*"," )!)"," *!(","10"," +!'"," ,!&"," -!%","14"]}},"6337":{"3870":{"keys":[208],"grid":[" "," "," "," "," "," "," "," "," "," "," "," "," "," "," "," "]},"3869":{"keys":[207,208],"grid":[" "," "," "," "," "," "," "," "," "," "," 0!!"," /!#"," .!$"," -!%"," ,!&"," +!'"]},"3977":{"keys":[210,211],"grid":[" &!,","00"," '!+"," (!*"," )!)","04"," *!("," +!'"," ,!&","08"," -!%"," .!$"," /!#","12"," 0!!"," "]},"3976":{"keys":[211,210],"grid":[" "," "," "," "," "," "," "," "," "," "," ","!! 0","!# /","12","!$ .","!% -"]}},"6331":{"3967":{"keys":[211,210],"grid":[" "," "," "," "," ","!! 0","05","!# /","07","!$ .","09","!% -","11","!& ,","13","!' +"]},"3874":{"keys":[207,208],"grid":[" "," "," "," "," "," "," "," "," "," "," "," "," "," "," 0!!"," /!#"]},"3875":{"keys":[207,208],"grid":[" .!$"," -!%"," ,!&"," +!'"," *!("," )!)"," (!*"," &!,"," %!-"," $!."," #!/"," !!0","!","!","!","!"]},"3968":{"keys":[210,211],"grid":[" '!+"," (!*","01"," )!)","03"," *!(","05"," +!'","07"," ,!&"," -!%","10"," .!$","12"," /!#","14"]},"3969":{"keys":[210,211],"grid":[" 0!!","00"," "," "," "," "," "," "," "," "," "," "," "," "," "," "]}},"6385":{"3948":{"keys":[208,211],"grid":[" "," "," "," "," "," "," ","!# /","!& ,","!( *","!+ '","!- %","!0 !","!","!","!"]},"4022":{"keys":[211,210],"grid":[" "," "," "," "," "," "," "," "," "," "," "," "," "," ","!# /","!$ ."]},"4023":{"keys":[210,211],"grid":[" %!-"," &!,"," '!+"," (!*"," *!("," +!'"," ,!&"," -!%"," .!$"," 0!!"," "," "," "," "," "," "]}},"6384":{"3948":{"keys":[208,211],"grid":[" "," ","!( *","!* (","!- %","!/ #","!","!","!","!","!","!","!","!","!","!"]},"4022":{"keys":[210,211],"grid":[" !!0"," #!/"," $!."," &!,"," '!+"," (!*"," )!)"," *!("," ,!&"," -!%"," .!$"," /!#"," 0!!"," "," "," "]},"4021":{"keys":[211],"grid":[" "," "," "," "," "," "," "," "," "," "," "," "," "," "," "," "]}},"6387":{"3948":{"keys":[208,211],"grid":[" "," "," "," /!#"," -!%"," ,!&"," *!("," )!)"," (!*"," &!,"," %!-"," $!."," #!/"," !!0","!","!"]},"4024":{"keys":[211,210],"grid":[" "," "," "," "," "," "," "," "," ","!! 0","!$ .","!% -","!& ,","!' +","!( *","!) )"]},"4025":{"keys":[210,211],"grid":[" +!'"," ,!&"," -!%"," .!$"," /!#"," "," "," "," "," "," "," "," "," "," "," "]}},"6386":{"3948":{"keys":[208,211],"grid":[" "," "," "," "," "," "," "," "," "," "," "," "," ","!! 0","!& *!#","!* $!%"]},"4024":{"keys":[210,211],"grid":[" (!*"," )!)"," *!("," +!'"," -!%"," .!$"," /!#"," 0!!"," "," "," "," "," "," "," "," "]},"4023":{"keys":[211,210],"grid":[" "," "," "," "," "," "," "," "," "," "," ","!! 0","!# /","!$ .","!% -","!' +"]}},"6381":{"4019":{"keys":[211,210],"grid":[" "," "," "," "," "," "," ","!! 0","!# /","!$ .","!% -","!' +","!( *","!) )","!* (","!+ '"]},"4020":{"keys":[210,211],"grid":[" ,!&"," .!$"," /!#"," 0!!"," "," "," "," "," "," "," "," "," "," "," "," "]},"3947":{"keys":[208,211],"grid":[" ","!! 0","!# /","!$ .","!% -","!' *!!","!) $!&","!","!","!","!","!","!","!","!","!"]}},"6380":{"4019":{"keys":[210,211],"grid":[" *!("," +!'"," ,!&"," -!%"," .!$"," 0!!"," "," "," "," "," "," "," "," "," "," "]},"4018":{"keys":[211,210],"grid":[" "," "," "," "," "," "," "," "," "," ","!# /","!$ .","!% -","!& ,","!' +","!( *"]},"3946":{"keys":[208,211],"grid":[" "," "," "," "," "," "," "," "," "," "," ","!! 0","!# /","!$ .","!& ,","!* ("]},"3947":{"keys":[211,208],"grid":[" 0!!"," "," "," "," "," "," "," "," "," "," "," "," "," "," "," "]}},"6383":{"3948":{"keys":[211,208],"grid":[" -!%"," "," "," "," "," "," "," "," "," "," "," "," "," "," "," "]},"3947":{"keys":[208,211],"grid":[" "," "," "," "," ","!! 0","!# /","!$ .","!% -","08","08","!& ,","!' +","12","!) )","!+ '"]},"4021":{"keys":[211,210],"grid":[" "," ","!! 0","!# /","!$ .","!% -","!& ,","!( *","!) )","!* (","!+ '","!, &","!- %","!/ #","!0 !","!"]}},"6382":{"3947":{"keys":[208,211],"grid":[" "," "," "," "," #!$ '!% !","!","!","!","!","!","!","!","!","!","!","!"]},"4020":{"keys":[211,210],"grid":[" "," "," "," "," ","!! 0","!$ .","!% -","!& ,","!' +","!( *","!) )","!+ '","!, &","!- %","!. $"]},"4021":{"keys":[210,211],"grid":[" /!#"," 0!!"," "," "," "," "," "," "," "," "," "," "," "," "," "," "]}},"6359":{"3949":{"keys":[208,211],"grid":[" "," "," "," "," "," "," "," 0!!"," /!#","08"," .!$"," -!%"," ,!&","12"," +!'","14"]},"4000":{"keys":[210,211],"grid":[" (!*"," )!)"," *!("," +!'"," -!%"," .!$"," /!#"," 0!!"," "," "," "," "," "," "," "," "]},"3952":{"keys":[208,211],"grid":[" %!-","00","!","!","!","!","!","!","!","!","!","!","!","!","!","!"]},"3951":{"keys":[208,211],"grid":[" (!*","00","00"," '!+","03","03","03","03"," &!,","08","08","08","08","08"," %!-","14"]},"3950":{"keys":[208,211],"grid":[" +!'","00","00","00"," *!(","04","04","04","04"," )!)","09","09","09","09"," (!*","14"]},"3999":{"keys":[211,210],"grid":[" "," "," "," "," "," "," "," "," "," ","!! 0","!# /","!$ .","!% -","!& ,","!' +"]}},"6389":{"4026":{"keys":[211,210],"grid":[" "," "," "," ","!! 0","!# /","!% -","!& ,","!' +","!( *","!) )","!* (","!, &","!- %","!. $","!/ #"]},"4027":{"keys":[210,211],"grid":[" 0!!"," "," "," "," "," "," "," "," "," "," "," "," "," "," "," "]},"3948":{"keys":[208,211],"grid":[" "," "," "," "," "," "," "," "," "," "," "," "," "," ","!- %","!/ #"]},"3949":{"keys":[211],"grid":[" "," "," "," "," "," "," "," "," "," "," "," "," "," "," "," "]}},"6388":{"4026":{"keys":[210,211],"grid":[" -!%"," /!#"," 0!!"," "," "," "," "," "," "," "," "," "," "," "," "," "]},"3948":{"keys":[208,211],"grid":[" $!* %"," !!, %","!- %","02","02","02","02","02","02","!. $","09","!/ #","11","!0 !","!","!"]},"4025":{"keys":[211,210],"grid":[" "," "," "," "," "," ","!! 0","!# /","!$ .","!% -","!& ,","!( *","!) )","!* (","!+ '","!, &"]},"3947":{"keys":[208,211],"grid":[" "," "," "," "," "," "," "," "," "," "," "," *!# &"," (!& %"," '!' %"," &!( %"," %!) %"]}},"6334":{"3871":{"keys":[207,208],"grid":[" "," "," "," 0!!","03","03"," /!#","06"," .!$","08"," -!%","10"," ,!&","12","12"," +!'"]},"3872":{"keys":[207,208],"grid":[" +!'"," *!(","01"," )!)","03"," (!*","05","05"," '!+","08"," &!,","10"," %!-","12"," $!."," #!/"]},"3873":{"keys":[207,208],"grid":[" !!0","!","!","!","!","!","!","!","!","!","!","!","!","!","!","!"]},"3972":{"keys":[211,210],"grid":[" "," "," "," "," "," "," "," "," "," ","!! 0","!# /","11","!$ .","!% -","!& ,"]},"3973":{"keys":[210,211],"grid":[" &!,"," '!+"," (!*"," )!)","03"," *!("," +!'"," ,!&","07"," -!%"," .!$"," /!#","11"," 0!!"," "," "]}},"6341":{"3863":{"keys":[207,208],"grid":[" )!)"," (!*"," '!+","02"," &!,","04"," %!-","06","06","06","06","06","06","06","06"," $!."]},"3862":{"keys":[207,208],"grid":[" "," "," "," "," "," 0!!","05"," /!#","07"," .!$"," -!%"," ,!&","11"," +!'"," *!("," )!)"]},"3864":{"keys":[207,208],"grid":[" $!."," #!/","01"," !!0","!","!","!","!","!","!","!","!","!","!","!","!"]},"3982":{"keys":[211,210],"grid":[" ","!! 0","01","!# /","!$ .","04","!% -","!& ,","!' +","08","!( *","!) )","!* (","12","!+ '","!, &"]},"3983":{"keys":[210,211],"grid":[" -!%","00"," .!$"," /!#"," 0!!","04"," "," "," "," "," "," "," "," "," "," "]}},"6340":{"3866":{"keys":[208],"grid":[" "," "," "," "," "," "," "," "," "," "," "," "," "," "," "," "]},"3865":{"keys":[207,208],"grid":[" )!)","00","00"," (!*","03"," '!+","05"," &!,","07"," %!-","09"," $!."," #!/","12"," !!0","14"]},"3864":{"keys":[207,208],"grid":[" "," "," "," "," "," "," 0!!"," /!#"," .!$"," -!%"," ,!&"," +!'","11","11"," *!(","14"]},"3980":{"keys":[211,210],"grid":[" "," "," "," "," "," "," "," "," "," "," "," ","!! 0","!# /","!$ .","14"]},"3981":{"keys":[210,211],"grid":[" %!-"," &!,","01"," '!+"," (!*"," )!)","05"," *!("," +!'"," ,!&","09"," -!%"," .!$"," /!#","13"," 0!!"]},"3982":{"keys":[210],"grid":[" "," "," "," "," "," "," "," "," "," "," "," "," "," "," "," "]}},"6343":{"3856":{"keys":[207],"grid":[" "," "," "," "," "," "," "," "," "," "," "," "," "," "," "," "]},"3857":{"keys":[207,208],"grid":[" /!#"," .!$","01"," -!%"," ,!&","04","04"," +!'","07"," *!(","09","09","09","09"," )!)"," (!*"]},"3852":{"keys":[207,208],"grid":[" /!#","00","00","00","00","00"," -!%","06"," ,!&","06","08","08","08","08"," *!("," +!'"]},"3853":{"keys":[207,208],"grid":[" .!$","00","00","00"," .!! #","04"," "," "," "," "," "," "," "," "," "," "]},"3851":{"keys":[207,208],"grid":[" "," "," "," "," "," "," "," "," .!! !!!"," .!$","09","09","09"," /!#","13","13"]},"3984":{"keys":[211,210],"grid":[" "," "," "," "," "," ","!! 0","!# /","!$ .","!% -","!& ,","!' +","!( *","!* (","!+ '","!, &"]},"3985":{"keys":[210,211],"grid":[" -!%"," .!$"," /!#"," 0!!"," "," "," "," "," "," "," "," "," "," "," "," "]},"3858":{"keys":[207,208],"grid":[" '!+"," &!,"," %!-","02"," $!.","04","04","04"," #!/","08","08","08","08"," !!0","13","13"]},"3859":{"keys":[207,208],"grid":[" !!0","00","!","!","!","!","!","!","!","!","!","!","!","!","!","!"]}},"6342":{"3862":{"keys":[207,208],"grid":[" !!0","00","00","!","!","!","!","!","!","!","!","!","!","!","!","!"]},"3861":{"keys":[207,208],"grid":[" (!*","00","00"," '!+","03","03"," &!,","06","06"," %!-","09"," $!.","11","11"," #!/","14"]},"3860":{"keys":[207,208],"grid":[" .!$"," -!%","01"," ,!&","03","03"," +!'","06","06"," *!(","09","09"," )!)","12","12","12"]},"3984":{"keys":[210,211],"grid":[" ,!&"," -!%"," .!$"," /!#"," 0!!"," "," "," "," "," "," "," "," "," "," "," "]},"3983":{"keys":[211,210],"grid":[" "," "," "," "," "," "," ","!! 0","!$ .","!% -","!& ,","!' +","!( *","!) )","!* (","!+ '"]},"3859":{"keys":[207,208],"grid":[" "," "," "," "," "," "," "," "," "," "," 0!!","10","10","10"," /!#","14"]}},"6345":{"3849":{"keys":[207,208],"grid":[" "," "," "," 0!!"," +!! $!#"," +!'"," *!("," )!)","07"," (!*"," '!+"," &!,","11"," %!-"," #!/","14"]},"3986":{"keys":[211,210],"grid":[" "," "," "," ","!! 0","!# /","!$ .","!% -","!& ,","!' +","!( *","!) )","!* (","!+ '","!, &","!- %"]},"3987":{"keys":[210,211],"grid":[" .!$"," /!#"," 0!!"," "," "," "," "," "," "," "," "," "," "," "," "," "]},"3850":{"keys":[207,208],"grid":[" !!0","00","!","!","!","!","!","!","!","!","!","!","!","!","!","!"]}},"6344":{"3856":{"keys":[207,208],"grid":[" &!,"," %!! !!+"," %!-","00"," '!+"," (!*","05","05","04","00","02"," $!.","11","11","02","11"]},"3854":{"keys":[207,208],"grid":[" (!*"," '!+","01","01"," %!-"," %!! !!+","01"," (!! !!("," *!(","08"," +!'","08"," )!)","10","08","08"]},"3855":{"keys":[207,208],"grid":[" -!%"," ,!&","01","01","01"," +!'","05","01","01","01","05","05","05"," *!(","13"," )!)"]},"3853":{"keys":[208,207],"grid":[" "," "," "," "," ","!& ,","!% -","!$ .","06","!& !!# )","!& !!! *","!( *","11","11","11","11"]},"3850":{"keys":[207,208],"grid":[" "," "," "," "," 0!!"," .!$","05","05"," ,!&","08","08"," )!)"," *!(","11"," (!*"," &!,"]},"3851":{"keys":[207,208],"grid":[" &!,","00"," $!."," #!/","03"," !!0","05","05","!","!","!","!","!","!","!","!"]},"3985":{"keys":[211,210],"grid":[" "," "," "," "," ","!! 0","!# /","!$ .","!% -","!& ,","!' +","!( *","!) )","!* (","!+ '","!, &"]},"3986":{"keys":[210,211],"grid":[" -!%"," .!$"," 0!!"," "," "," "," "," "," "," "," "," "," "," "," "," "]}},"6347":{"3848":{"keys":[207,208],"grid":[" "," "," "," "," &!$ )"," $!' ("," #!* &","!- $!!","!","!","!","!","!","!","!","!"]},"3988":{"keys":[211,210],"grid":[" "," "," ","!! 0","!# /","!$ .","!% -","!& ,","!' +","!( *","!) )","!* (","!, &","!- %","!. $","!/ #"]},"3989":{"keys":[210,211],"grid":[" 0!!"," "," "," "," "," "," "," "," "," "," "," "," "," "," "," "]}},"6346":{"3849":{"keys":[207,208],"grid":[" *!(","!! )!(","!# (!(","02","!# !!# $!)","!% !!,","!","!","!","!","!","!","!","!","!","!"]},"3848":{"keys":[207,208],"grid":[" "," "," "," "," "," "," "," "," /!#"," -!%","09"," ,!&"," +!'","12","12"," *!("]},"3987":{"keys":[211,210],"grid":[" "," "," "," ","!! 0","!# /","!$ .","!& ,","!' +","!( *","!) )","!* (","!+ '","!, &","!- %","!. $"]},"3988":{"keys":[210,211],"grid":[" /!#"," 0!!"," "," "," "," "," "," "," "," "," "," "," "," "," "," "]}},"6349":{"3845":{"keys":[207,208],"grid":[" %!* $"," %!+ #"," $!.","02","02","02","02"," #!/","07"," !!0","09","!","!","!","!","!"]},"3844":{"keys":[207,208],"grid":[" "," "," "," "," "," "," "," "," "," "," "," "," "," "," (!$ '"," &!' &"]},"3847":{"keys":[207,208],"grid":[" $!.","00","00"," #!/","03","03","03","03","03","00","03","03"," !!0","12","!","!"]},"3846":{"keys":[208,207],"grid":[" "," "," "," "," "," ","!! 0","!# /","!$ .","08","!% -","10","10","10","!& ,","10"]},"3991":{"keys":[210],"grid":[" "," "," "," "," "," "," "," "," "," "," "," "," "," "," "," "]},"3990":{"keys":[211,210],"grid":[" ","!! 0","!# /","!$ .","!% -","!& ,","!' +","!( *","!) )","!* (","!+ '","!, &","!- %","!. $","!/ #","!0 !"]}},"6348":{"3845":{"keys":[207,208],"grid":[" "," "," "," "," "," "," "," "," "," "," "," "," 0!!","12"," /!#","14"]},"3989":{"keys":[211,210],"grid":[" "," ","!! 0","!# /","!$ .","!% -","!& ,","!' +","!( *","!) )","!* (","!+ '","!, &","!- %","!. $","!/ #"]},"3847":{"keys":[207],"grid":[" "," "," "," "," "," "," "," "," "," "," "," "," "," "," "," "]},"3846":{"keys":[207,208],"grid":[" /!#","00"," 0!!","02"," "," "," "," "," "," "," "," "," "," "," "," "]},"3848":{"keys":[207,208],"grid":[" 0!!"," '!& $!#"," %!-"," $!."," #!/"," !!0","!","!","!","!","!","!","!","!","!","!"]},"3990":{"keys":[210],"grid":[" "," "," "," "," "," "," "," "," "," "," "," "," "," "," "," "]}},"6338":{"3869":{"keys":[207,208],"grid":[" (!*"," '!+"," &!,","02"," %!-"," $!."," #!/"," !!0","!","!","!","!","!","!","!","!"]},"3868":{"keys":[207,208],"grid":[" "," 0!!","01"," /!#","03"," .!$","05"," -!%","07"," ,!&","09"," +!'","11"," *!(","13"," )!)"]},"3867":{"keys":[207],"grid":[" "," "," "," "," "," "," "," "," "," "," "," "," "," "," "," "]},"3977":{"keys":[211],"grid":[" "," "," "," "," "," "," "," "," "," "," "," "," "," "," "," "]},"3979":{"keys":[210,211],"grid":[" -!%"," .!$"," /!#"," 0!!","03"," "," "," "," "," "," "," "," "," "," "," "]},"3978":{"keys":[210,211],"grid":[" !!0","00"," #!/"," $!.","03"," %!-"," &!,"," '!+","07"," (!*"," )!)"," *!(","11"," +!'"," ,!&"," -!%"]}},"6325":{"3879":{"keys":[207,208],"grid":[" "," "," "," ","!# /","!% -","!( *","!* (","!, &","!/ #","!","!","!","!","!","!"]}},"6339":{"3979":{"keys":[211,210],"grid":[" "," "," "," "," "," ","!! 0","!# /","07","!$ .","!% -","10","!& ,","!' +","!( *","14"]},"3980":{"keys":[210,211],"grid":[" )!)"," *!("," +!'","02"," ,!&"," -!%"," .!$","06"," /!#"," 0!!"," "," "," "," "," "," "]},"3867":{"keys":[207,208],"grid":[" (!*","00"," '!+","02","02"," &!,","05"," %!-","07"," $!.","09"," #!/","11"," !!0","13","!"]},"3866":{"keys":[207,208],"grid":[" "," "," 0!!","02"," /!#"," .!$","05"," -!%","07"," ,!&","09"," +!'","11"," *!(","13"," )!)"]}},"6327":{"3878":{"keys":[207,208],"grid":[" "," "," 0!!"," .!$"," -!%"," ,!&"," *!("," )!)"," (!*"," &!,"," %!-"," $!."," #!/","!","!","!"]},"3959":{"keys":["",211,210],"grid":[" "," "," "," "," "," "," "," "," )!)","08","08","08"," %!-","##!/","#$!.","14"]},"3960":{"keys":[210,211],"grid":[" %!-","00"," &!,","02"," '!+","04"," (!*","06"," )!)","08"," *!(","10"," +!'","12"," ,!&"," -!%"]},"3961":{"keys":[210,211],"grid":[" -!%"," .!$","01"," /!#","03"," 0!!","05"," "," "," "," "," "," "," "," "," "]}},"6326":{"3878":{"keys":[207,208],"grid":[" "," "," "," "," "," "," "," "," "," "," "," "," "," "," 0!!"," /!#"]},"3879":{"keys":[207,208],"grid":[" -!%"," ,!&"," +!'"," )!)"," (!*"," '!+"," %!-"," $!."," #!/"," !!0","!","!","!","!","!","!"]}},"6369":{"4009":{"keys":[211,210],"grid":[" "," ","!! 0","!# /","!$ .","!% -","!& ,","!' +","!( *","!) )","!* (","!+ '","!, &","!- %","!. $","!/ #"]},"4010":{"keys":[210,211],"grid":[" 0!!"," "," "," "," "," "," "," "," "," "," "," "," "," "," "," "]},"3947":{"keys":[208,211],"grid":[" "," "," "," "," %!( &","!. $","!/ #","!0 !","!","!","!","!","!","!","!","!"]}},"6368":{"4008":{"keys":[211,210],"grid":[" ","!! 0","!# /","!$ .","!% -","!& ,","!' +","!( *","!) )","!* (","!+ '","!, &","!- %","!. $","13","!/ #"]},"4009":{"keys":[210,211],"grid":[" 0!!"," "," "," "," "," "," "," "," "," "," "," "," "," "," "," "]},"3947":{"keys":[208,211],"grid":[" "," "," "," "," "," +!'"," !!0","!","!","!","!","!","!","!","!","!"]}},"6323":{"3878":{"keys":[207,208],"grid":[" "," "," "," "," "," ","!# /","!% -","!( *","!* (","!, &","!. $","!","!","!","!"]}},"6322":{"3878":{"keys":[208,207],"grid":[" %!-"," (!*"," *!("," ,!&"," .!$"," "," "," "," "," "," "," "," "," "," "," "]},"3877":{"keys":[207,208],"grid":[" "," "," "," "," "," "," "," "," "," "," "," "," "," "," ","!# /"]}},"6321":{"3877":{"keys":["",207,208],"grid":[" "," "," "," "," %!-"," #!/","!","!","##!/","#%!-","#'!+","#*!(","#,!&","#.!$","#","#"]}},"6320":{"3877":{"keys":["",207,208],"grid":[" "," "," "," "," "," "," .!$"," .#$"," -#%","08","08","08","08","08","08","08"]}},"6363":{"3948":{"keys":[208,211],"grid":[" "," "," "," "," "," "," "," &!,","!","!","!","!","!","!","!","!"]},"4003":{"keys":[211,210],"grid":[" "," "," "," ","!! 0","!# /","!$ .","!% -","!& ,","!' +","!( *","!) )","!+ '","!, &","!- %","!. $"]},"4004":{"keys":[210,211],"grid":[" /!#"," 0!!"," "," "," "," "," "," "," "," "," "," "," "," "," "," "]}},"6362":{"3948":{"keys":[208,211],"grid":[" "," "," "," "," "," "," "," ","!","!","!","!","!","!","!","!"]},"4002":{"keys":[211,210],"grid":[" "," "," "," "," "," ","!! 0","!# /","!$ .","!% -","!& ,","!' +","!( *","!* (","!+ '","!, &"]},"4003":{"keys":[210,211],"grid":[" -!%"," .!$"," /!#"," 0!!"," "," "," "," "," "," "," "," "," "," "," "," "]}},"6361":{"3948":{"keys":[208,211],"grid":[" "," "," "," "," "," "," "," "," +!'","!","!","!","!","!","!","!"]},"4001":{"keys":[211,210],"grid":[" "," "," "," "," "," "," "," ","!! 0","!# /","!$ .","!% -","!& ,","!( *","!) )","!* ("]},"4002":{"keys":[210,211],"grid":[" +!'"," ,!&"," -!%"," .!$"," /!#"," "," "," "," "," "," "," "," "," "," "," "]}},"6360":{"4000":{"keys":[211,210],"grid":[" "," "," "," "," "," "," "," "," ","!! 0","!# /","!$ .","!% -","!& ,","!' +","!( *"]},"4001":{"keys":[210,211],"grid":[" )!)"," *!("," +!'"," ,!&"," -!%"," .!$"," 0!!"," "," "," "," "," "," "," "," "," "]},"3948":{"keys":[208,211],"grid":[" "," "," "," "," "," "," "," "," "," -!%"," ,!&"," +!'"," *!(","12"," )!)"," (!*"]},"3949":{"keys":[208,211],"grid":[" '!+"," &!,"," %!-"," $!."," #!/"," !!0","!","!","!","!","!","!","!","!","!","!"]}},"6367":{"4008":{"keys":[210],"grid":[" "," "," "," "," "," "," "," "," "," "," "," "," "," "," "," "]},"3947":{"keys":[208,211],"grid":[" "," "," "," "," "," "," "," )!)"," #!/","!","!","!","!","!","!","!"]},"4007":{"keys":[211,210],"grid":[" ","!! 0","!# /","!$ .","!% -","!& ,","!' +","!( *","!) )","!* (","!+ '","!, &","!- %","!. $","!/ #","!0 !"]}},"6366":{"3947":{"keys":[208,211],"grid":[" "," "," "," "," "," "," "," "," "," 0!!"," -!%"," *!("," '!+"," $!.","!","!"]},"4005":{"keys":[211],"grid":[" "," "," "," "," "," "," "," "," "," "," "," "," "," "," "," "]},"4006":{"keys":[210,211],"grid":[" !!0"," #!/"," $!."," %!-"," &!,","04"," '!+"," (!*"," )!)"," *!("," +!'"," ,!&"," -!%"," .!$"," /!#"," 0!!"]},"4007":{"keys":[210],"grid":[" "," "," "," "," "," "," "," "," "," "," "," "," "," "," "," "]}},"6365":{"3948":{"keys":[208,211],"grid":[" ,!&"," )!)"," &!,"," #!/","!","!","!","!","!","!","!","!","!","!","!","!"]},"4005":{"keys":[211,210],"grid":[" ","!! 0","!# /","!% -","!& ,","!' +","!( *","!) )","!* (","!+ '","!, &","!- %","!. $","!/ #","!0 !","!"]},"3947":{"keys":[208,211],"grid":[" "," "," "," "," "," "," "," "," "," "," "," "," "," "," "," .!$"]}},"6328":{"3878":{"keys":[207,208],"grid":[" !!0","!","!","!","!","!","!","!","!","!","!","!","!","!","!","!"]},"3961":{"keys":[211,210],"grid":[" "," "," "," "," "," "," "," "," ","!! 0","09","!# /","11","!$ .","13","!% -"]},"3962":{"keys":[210,211],"grid":[" %!-"," &!,","01"," '!+","03"," (!*","05"," )!)"," *!(","08"," +!'","10"," ,!&","12"," -!%","14"]},"3963":{"keys":[210,211],"grid":[" .!$","00"," /!#","02"," 0!!","04"," "," "," "," "," "," "," "," "," "," "]},"3877":{"keys":[207,208],"grid":[" "," "," "," "," "," "," /!#"," .!$"," -!%"," +!'"," *!("," )!)"," (!*"," &!,"," %!-"," $!."]}},"6354":{"3841":{"keys":[207,208],"grid":[" %!-","00","00","00","00","00","00","00","00"," $!.","09"," #!/","!","!","!","!"]},"3840":{"keys":[207,208],"grid":[" /!#"," .!$","01"," -!%"," ,!&","04"," +!'"," *!("," )!)"," (!*"," '!+"," &!,","11"," %!-","13","13"]},"3995":{"keys":[210,211],"grid":[" $!."," %!-"," &!,"," (!*"," )!)"," *!("," +!'"," ,!&"," -!%"," .!$"," /!#"," 0!!"," "," "," "," "]},"3994":{"keys":[211,210],"grid":[" "," "," "," "," "," "," "," "," "," "," "," "," "," ","!! 0","!# /"]},"3953":{"keys":[208,211],"grid":[" "," "," /!#"," *!("," &!,"," !!0","!","!","!","!","!","!","!","!","!","!"]}},"6324":{"3878":{"keys":[207,208],"grid":[" "," "," "," "," "," "," "," "," "," "," "," "," ","!# /","!% -","!( *"]},"3879":{"keys":[208,207],"grid":[" *!("," ,!&"," /!#"," "," "," "," "," "," "," "," "," "," "," "," "," "]}},"6355":{"3953":{"keys":[208,211],"grid":[" '!+"," #!/","!","!","!","!","!","!","!","!","!","!","!","!","!","!"]},"3952":{"keys":[208,211],"grid":[" "," "," "," "," "," "," "," "," "," "," "," "," "," "," /!#"," +!'"]},"3995":{"keys":[211,210],"grid":[" "," "," "," "," "," "," "," "," "," "," "," "," ","!! 0","!# /","!$ ."]},"3996":{"keys":[210,211],"grid":[" %!-"," &!,"," '!+"," (!*"," )!)"," *!("," +!'"," -!%"," .!$"," /!#"," 0!!"," "," "," "," "," "]}},"6356":{"3997":{"keys":[210,211],"grid":[" &!,"," '!+"," (!*"," )!)"," *!("," +!'"," ,!&"," -!%"," .!$"," /!#"," 0!!"," "," "," "," "," "]},"3952":{"keys":[208,211],"grid":[" "," "," "," "," "," "," "," "," "," "," 0!!"," ,!&"," '!+"," #!/","!","!"]},"3996":{"keys":[211,210],"grid":[" "," "," "," "," "," "," "," "," "," "," "," ","!! 0","!# /","!$ .","!% -"]}},"6357":{"3997":{"keys":[211,210],"grid":[" "," "," "," "," "," "," "," "," "," "," "," ","!# /","!$ .","!% -","!& ,"]},"3952":{"keys":[208,211],"grid":[" "," "," "," "," "," "," 0!!"," ,!&"," (!*"," $!.","!","!","!","!","!","!"]},"3998":{"keys":[210,211],"grid":[" '!+"," (!*"," )!)"," *!("," +!'"," ,!&"," -!%"," .!$"," /!#"," 0!!"," "," "," "," "," "," "]}},"6398":{"3966":{"keys":[208],"grid":[" "," "," "," "," "," "," "," "," "," "," "," "," "," "," "," "]},"3967":{"keys":[208,211],"grid":[" 0!!"," .!$"," ,!&"," *!("," )!)"," &!,"," $!."," #!/","!","!","!","!","!","!","!","!"]},"4033":{"keys":[211,210],"grid":[" "," "," "," "," "," "," "," "," "," "," "," ","!! 0","!# /","!$ .","!& ,"]},"4034":{"keys":[210,211],"grid":[" '!+"," (!*"," )!)"," *!("," ,!&"," -!%"," .!$"," /!#"," "," "," "," "," "," "," "," "]}},"6399":{"3966":{"keys":[208,211],"grid":[" "," "," /!#"," -!%"," +!'"," *!(","05"," )!)","07","07"," (!*","10"," '!+"," %!-"," #!/","!"]},"4035":{"keys":[210,211],"grid":[" +!'"," ,!&"," .!$"," /!#"," 0!!"," "," "," "," "," "," "," "," "," "," "," "]},"4034":{"keys":[211,210],"grid":[" "," "," "," "," "," "," "," "," ","!! 0","!# /","!% -","!& ,","!' +","!( *","!* ("]}},"6352":{"3953":{"keys":[208,211],"grid":[" "," "," "," "," "," "," "," "," "," "," -!%"," )!)"," %!-","!","!","!"]},"3843":{"keys":[207,208],"grid":[" -!%"," ,!&"," +!'"," )!)"," (!*"," &!,"," $!.","!","!","!","!","!","!","!","!","!"]},"3842":{"keys":[207,208],"grid":[" "," "," "," "," "," "," "," "," "," "," "," "," 0!!"," /!#","13"," .!$"]},"3993":{"keys":[210,211],"grid":[" #!/"," $!."," %!-"," &!,"," '!+"," (!*"," )!)"," *!("," +!'"," ,!&"," -!%"," .!$"," /!#"," 0!!"," "," "]},"3992":{"keys":[211,210],"grid":[" "," "," "," "," "," "," "," "," "," "," "," "," "," "," ","!! 0"]}},"6353":{"3841":{"keys":[207,208],"grid":[" "," "," "," "," "," "," "," "," "," "," "," "," "," +!'"," *!("," (!*"]},"3953":{"keys":[208,211],"grid":[" "," "," "," "," "," "," .!$"," *!("," &!,"," !!0","!","!","!","!","!","!"]},"3994":{"keys":[210,211],"grid":[" $!."," %!-"," &!,"," '!+"," (!*"," )!)"," *!("," +!'"," ,!&"," -!%"," .!$"," /!#"," 0!!"," "," "," "]},"3842":{"keys":[207,208],"grid":[" '!+"," %!-"," $!.","02"," #!/","04"," !!0","06","!","!","!","!","!","!","!","!"]},"3993":{"keys":[211,210],"grid":[" "," "," "," "," "," "," "," "," "," "," "," "," "," ","!! 0","!# /"]}},"6350":{"3845":{"keys":[207,208],"grid":[" .!$","00"," -!%","!$ )!&","!% '!'","!& $!)","!","!","!","!","!","!","!","!","!","!"]},"3844":{"keys":[207,208],"grid":[" "," "," "," "," "," "," "," "," "," "," 0!!","10","10","10"," /!#","14"]},"3991":{"keys":[211,210],"grid":[" ","!! 0","!# /","!$ .","!% -","!' +","!( *","!) )","!* (","!+ '","!, &","!- %","!. $","!/ #","!0 !","!"]},"3954":{"keys":[208,211],"grid":[" "," 0!!"," ,!&"," (!*","!","!","!","!","!","!","!","!","!","!","!","!"]}},"6351":{"3953":{"keys":[208,211],"grid":[" "," "," "," "," "," "," "," "," "," "," "," "," "," "," -!%"," )!)"]},"3954":{"keys":[208,211],"grid":[" %!-","!","!","!","!","!","!","!","!","!","!","!","!","!","!","!"]},"3843":{"keys":[207,208],"grid":[" "," "," "," "," "," "," "," "," .!$"," ,!&"," *!("," )!)"," '!+"," &!,"," %!-"," $!."]},"3844":{"keys":[207,208],"grid":[" $!."," #!/","01","01"," !!0","04","04","!","!","!","!","!","!","!","!","!"]},"3992":{"keys":[210,211],"grid":[" !!0"," #!/"," $!."," %!-"," &!,"," '!+"," (!*"," )!)"," *!("," ,!&"," -!%"," .!$"," /!#"," 0!!"," "," "]},"3991":{"keys":[211],"grid":[" "," "," "," "," "," "," "," "," "," "," "," "," "," "," "," "]}},"6392":{"3953":{"keys":[208,211],"grid":[" "," "," "," "," "," "," "," "," ","!! 0","!& ,","!+ '","!","!","!","!"]},"4028":{"keys":[211,210],"grid":[" "," "," "," "," "," "," "," "," "," "," "," "," ","!! 0","!$ .","!% -"]},"4029":{"keys":[210,211],"grid":[" &!,"," '!+"," (!*"," *!("," +!'"," ,!&"," -!%"," .!$"," /!#"," "," "," "," "," "," "," "]}},"6393":{"3953":{"keys":[208,211],"grid":[" .!$"," -!%"," ,!&"," +!'"," *!("," )!)","05"," (!*"," '!+","08"," &!,"," %!-","!","!","!","!"]},"3952":{"keys":[208,211],"grid":[" "," "," "," "," "," "," "," "," "," "," "," "," "," "," "," /!#"]},"4029":{"keys":[211,210],"grid":[" "," "," "," "," "," "," "," "," "," ","!! 0","!# /","!$ .","!% -","!& ,","!( *"]},"4030":{"keys":[210,211],"grid":[" )!)"," *!("," +!'"," ,!&"," .!$"," /!#"," 0!!"," "," "," "," "," "," "," "," "," "]}},"6390":{"3949":{"keys":[208,211],"grid":[" ","!! 0","!$ .","!% -","!& ,","!' +","05","!( *","!) )","08","!* (","10","10","10","10","10"]},"3953":{"keys":[211,208],"grid":[" /!#","00","00","00","00","00"," 0!!","06","06","06","06"," "," "," "," "," "]},"3952":{"keys":[211,208],"grid":[" "," 0!!","01"," /!#","03"," .!$","05","05","05","05","05","05","05","05","03","03"]},"3951":{"keys":[211,208],"grid":[" *!("," +!'","01"," ,!&","03"," -!%"," .!$","06"," /!#","08"," 0!!","10"," "," "," "," "]},"3950":{"keys":[211,208],"grid":[" *!(","00","00","00","00","00","00","00"," )!)","08","08","00","00","00","00","00"]},"4027":{"keys":[211,210],"grid":[" "," ","!# /","!$ .","!% -","!& ,","!' +","!) )","!* (","!+ '","!, &","!- %","!. $","!0 !","!","!"]}},"6391":{"3953":{"keys":[208,211],"grid":[" "," "," "," "," "," "," "," "," (!& %"," (!*"," '!+"," &!,"," %!-","!! !!/","!","!"]},"4027":{"keys":[211,210],"grid":[" "," "," "," "," "," "," "," "," "," "," "," "," "," "," ","!! 0"]},"3951":{"keys":[208],"grid":[" "," "," "," "," "," "," "," "," "," "," "," "," "," "," "," "]},"4028":{"keys":[210,211],"grid":[" #!/"," $!."," &!,"," '!+"," (!*"," )!)"," *!("," +!'"," -!%"," .!$"," /!#"," 0!!"," "," "," "," "]}},"6396":{"3959":{"keys":[211,208],"grid":[" 0!!","00"," "," "," "," "," "," "," "," ","00","00"," /!#"," .!$"," -!%","14"]},"3958":{"keys":[211,208],"grid":[" -!%","00","00"," ,!&","03","03","03","03","00","00","00"," .!$","11","11"," /!#"," 0!!"]},"3953":{"keys":[208,211],"grid":[" "," "," "," "," "," "," "," !!. #","!0 !","08","08","08","08","08","08","08"]},"3957":{"keys":[211,208],"grid":[" "," "," "," "," "," "," "," 0!!","07"," /!#","09","09"," .!$","12"," -!%","14"]},"3956":{"keys":[208,211],"grid":[" "," "," ","!! 0","!# /","!$ .","!& ,","!( *","!* (","!, &","!. $","!/ #","!0 !","!","!","!"]},"3955":{"keys":[211,208],"grid":[" "," /!#"," %!-"," #!/"," !!0","!","!","!","!","!","!","!","!","!","!","!"]},"3954":{"keys":[211,208],"grid":[" 0!!"," "," ","00","00"," "," "," "," "," "," "," "," "," "," "," "]},"3966":{"keys":[211,208],"grid":[" (!*","00","00"," )!)"," *!(","04"," ,!&"," -!%"," .!$"," /!#","09"," 0!!"," "," "," "," "]},"4032":{"keys":[211,210],"grid":[" "," ","!! 0","!# /","!$ .","!& ,","!' +","!( *","!) )","!* (","!, &","!- %","!. $","!/ #","!","!"]},"3965":{"keys":[208,211],"grid":[" "," "," "," "," "," "," "," "," ","!! 0","!# /","10","10","10","!$ .","!& ,"]},"3960":{"keys":[211,208],"grid":[" ,!&","00","00","00","00","00","00","00","00","00","00","00","00"," +!'","13"," )!)"]},"3961":{"keys":[211,208],"grid":[" (!*"," %!-","!","!","!","!","!","!","!","!","!","!","!","!","!","!"]}},"6397":{"3959":{"keys":[208,211],"grid":[" "," "," "," "," "," ","!! 0","06","06"," "," "," "," "," "," "," "]},"3957":{"keys":[211,208],"grid":[" !!0","00","00","00","!","!","!","!","!","!","!","!","!","!","!","!"]},"3956":{"keys":[208,211],"grid":[" "," "," "," "," "," "," "," "," "," "," "," "," "," "," ","!! 0"]},"3955":{"keys":[208],"grid":[" "," "," "," "," "," "," "," "," "," "," "," "," "," "," "," "]},"3954":{"keys":[208,211],"grid":[" "," "," "," "," "," "," "," "," "," ","!! 0","10","10","10","10","10"]},"3966":{"keys":[208,211],"grid":[" "," "," "," "," "," "," "," "," "," "," "," "," "," "," ","!! 0"]},"3967":{"keys":[211,208],"grid":[" #!/","00"," $!.","02"," %!-","04"," &!,","06"," '!* !"," (!' $"," "," "," "," "," "," "]},"4033":{"keys":[210,211],"grid":[" #!/"," $!."," &!,"," '!+"," (!*"," )!)"," *!("," ,!&"," -!%"," .!$"," /!#"," "," "," "," "," "]},"4032":{"keys":[211,210],"grid":[" "," "," "," "," "," "," "," "," "," "," "," "," "," "," ","!! 0"]}},"6394":{"3953":{"keys":[211,208],"grid":[" )!)"," *!("," +!'"," ,!&"," -!%","04"," .!$","06"," /!#"," "," "," "," "," "," "," "]},"3952":{"keys":[208,211],"grid":[" "," "," "," "," "," "," "," "," "," "," "," "," "," ","!& ,","!( *"]},"4031":{"keys":[210,211],"grid":[" ,!&"," -!%"," .!$"," /!#"," "," "," "," "," "," "," "," "," "," "," "," "]},"4030":{"keys":[211,210],"grid":[" "," "," "," "," "," "," "," ","!! 0","!# /","!% -","!& ,","!' +","!( *","!) )","!* ("]},"3964":{"keys":[211,208],"grid":[" !!0"," #!/","01"," $!.","03"," %!-"," &!,"," '!+"," (!*"," )!)","09"," *!("," +!'","12","12"," 0!!"]},"3965":{"keys":[211,208],"grid":[" "," 0!!","01","01"," /!#","04","01"," "," "," "," "," "," "," "," "," "]},"3962":{"keys":[211,208],"grid":[" .!$"," /!#","01"," 0!!","01","01","01","00","00","00"," -!%","10"," ,!&"," +!'","13"," *!("]},"3963":{"keys":[211,208],"grid":[" )!)","00"," (!*"," '!+","03"," &!,","05"," %!-","07"," $!.","09"," #!/","11","11","11"," !!0"]},"3961":{"keys":[211,208],"grid":[" "," "," "," "," "," "," "," "," "," "," .!$"," -!%","11","11","11","11"]}},"6395":{"3953":{"keys":[208,211],"grid":[" "," "," "," "," "," "," "," "," 0!!"," ,!&","!","!","!","!","!","!"]},"3965":{"keys":[208,211],"grid":[" "," "," "," "," "," "," ","!, &","!0 !","!","!","!","!","!","!","!"]},"3956":{"keys":[211,208],"grid":[" /!#"," 0!!"," "," "," "," "," "," "," "," "," "," "," "," "," "," "]},"3955":{"keys":[211,208],"grid":[" "," "," "," "," "," "," 0!!","06"," /!#","08","08"," .!$","11","08","08","08"]},"4031":{"keys":[211,210],"grid":[" "," "," "," "," ","!! 0","!# /","!$ .","!& ,","!' +","!( *","!) )","!* (","!, &","!- %","!. $"]},"4032":{"keys":[210,211],"grid":[" /!#"," "," "," "," "," "," "," "," "," "," "," "," "," "," "," "]},"3961":{"keys":[211,208],"grid":[" "," "," "," +!'"," )!)"," '!+"," &!,"," %!-"," $!."," #!/","!","!","!","!","!","!"]}},"6378":{"3944":{"keys":[211,208],"grid":[" -!%","00"," .!$","02"," /!#","04"," 0!!","06"," "," "," "," "," "," "," "," "]},"3943":{"keys":[208,211],"grid":[" "," "," !!& +","!( *","!) )","04","!* (","06","06","!+ '","09","09","09","!, &","13","!- %"]},"4017":{"keys":[210,211],"grid":[" $!."," %!-"," &!,"," '!+"," )!)"," *!("," +!'"," ,!&"," -!%"," /!#"," 0!!"," "," "," "," "," "]},"4016":{"keys":[211,210],"grid":[" "," "," "," "," "," "," "," "," "," "," "," "," "," ","!! 0","!# /"]}},"6379":{"3944":{"keys":[208,211],"grid":[" "," "," "," "," "," "," "," "," "," "," ","!! 0","11","11","11","!# /"]},"4018":{"keys":[210,211],"grid":[" '!+"," (!*"," )!)"," *!("," +!'"," -!%"," .!$"," /!#"," 0!!"," "," "," "," "," "," "," "]},"4017":{"keys":[211,210],"grid":[" "," "," "," "," "," "," "," "," "," "," "," ","!! 0","!# /","!$ .","!& ,"]},"3945":{"keys":[211,208],"grid":[" #!/","00","00","00","00","00","00","00","00","00","00","00"," $!.","12"," %!-"," &!,"]},"3946":{"keys":[211,208],"grid":[" (!*"," *!("," +!'"," ,!&"," -!%"," .!$","05"," /!#","07"," 0!!"," "," "," "," "," "," "]}},"6336":{"3870":{"keys":[208],"grid":[" "," "," "," "," "," "," "," "," "," "," "," "," "," "," "," "]},"3975":{"keys":[211,210],"grid":[" "," "," "," "," ","!! 0","05","!# /","!$ .","!% -","09","!& ,","!' +","!( *","13","!) )"]},"3976":{"keys":[210,211],"grid":[" *!("," +!'","01"," ,!&"," -!%"," .!$","05"," /!#"," 0!!"," "," "," "," "," "," "," "]}},"6358":{"3952":{"keys":[208,211],"grid":[" "," "," "," -!%"," )!)"," $!.","!","!","!","!","!","!","!","!","!","!"]},"3999":{"keys":[210,211],"grid":[" (!*"," )!)"," *!("," +!'"," ,!&"," -!%"," .!$"," /!#"," 0!!"," "," "," "," "," "," "," "]},"3998":{"keys":[211,210],"grid":[" "," "," "," "," "," "," "," "," "," "," ","!! 0","!# /","!$ .","!% -","!& ,"]}},"6330":{"3966":{"keys":[210,211],"grid":[" '!+","00"," (!*","02"," )!)","04"," *!(","06"," +!'","08"," ,!&","10"," -!%","12"," .!$","14"]},"3967":{"keys":[210,211],"grid":[" /!#"," 0!!","01"," "," "," "," "," "," "," "," "," "," "," "," "," "]},"3965":{"keys":[211,210],"grid":[" "," "," "," "," "," "," ","!! 0","!# /","08","!$ .","10","!% -","12","!& ,","14"]},"3875":{"keys":[207,208],"grid":[" "," "," "," "," "," "," "," "," "," "," "," "," "," 0!!"," /!#"," -!%"]},"3876":{"keys":[207,208],"grid":[" ,!&"," +!'"," *!("," (!*"," '!+"," &!,"," $!."," #!/"," !!0","!","!","!","!","!","!","!"]}},"6329":{"3964":{"keys":[210,211],"grid":[" &!,"," '!+","01"," (!*","03"," )!)","05"," *!(","07"," +!'","09"," ,!&","11"," -!%","13"," .!$"]},"3965":{"keys":[210,211],"grid":[" .!$"," /!#","01"," 0!!","03"," "," "," "," "," "," "," "," "," "," "," "]},"3963":{"keys":[211,210],"grid":[" "," "," "," "," "," "," "," ","!! 0","08","!# /","10","!$ .","12","!% -","14"]},"3876":{"keys":[207,208],"grid":[" "," "," "," "," "," "," "," "," "," 0!!"," /!#"," .!$"," ,!&"," +!'"," *!("," )!)"]},"3877":{"keys":[207,208],"grid":[" '!+"," &!,"," %!-"," #!/"," !!0","!","!","!","!","!","!","!","!","!","!","!"]}},"6332":{"3971":{"keys":[210,211],"grid":[" 0!!"," "," "," "," "," "," "," "," "," "," "," "," "," "," "," "]},"3970":{"keys":[210,211],"grid":[" (!*"," )!)","01"," *!(","03"," +!'","05"," ,!&","07"," -!%","09"," .!$","11"," /!#","13"," 0!!"]},"3873":{"keys":[207],"grid":[" "," "," "," "," "," "," "," "," "," "," "," "," "," "," "," "]},"3874":{"keys":[207,208],"grid":[" 0!!"," /!#"," .!$"," -!%"," ,!&"," *!("," )!)"," (!*"," '!+"," &!,"," %!-"," $!."," #!/"," !!0","!","!"]},"3969":{"keys":[211,210],"grid":[" "," "," "," ","!! 0","04","!# /","06","!$ .","08","!% -","10","!& ,","12","!' +","14"]}},"6333":{"3971":{"keys":[211,210],"grid":[" "," "," ","!! 0","03","!# /","05","!$ .","!% -","08","!& ,","!' +","!( *","12","!) )","!* ("]},"3873":{"keys":[207,208],"grid":[" "," "," 0!!"," .!$"," -!%"," ,!&"," +!'"," *!("," )!)"," (!*"," '!+"," &!,"," $!."," #!/"," !!0","!"]},"3972":{"keys":[210,211],"grid":[" +!'","00"," ,!&"," -!%"," .!$","04"," /!#"," 0!!"," "," "," "," "," "," "," "," "]}},"6370":{"3948":{"keys":[211,208],"grid":[" +!'"," ,!&"," -!%"," .!$"," /!#"," "," "," "," "," "," "," "," "," "," "," "]},"4010":{"keys":[211,210],"grid":[" "," ","!! 0","!# /","!% -","!& ,","!' +","!( *","!) )","!+ '","!, &","!- %","!. $","!/ #","!","!"]},"3947":{"keys":[208,211],"grid":[" "," "," "," "," "," "," "," "," ","!! 0","!$ .","!% -","!& ,","!' +","!( *","!* ("]}},"6371":{"3948":{"keys":[208,211],"grid":[" "," "," "," "," "," ","!! 0","!# /","!$ .","!% -","!' +","!( *","!) )","!* (","!+ '","!, &"]},"3949":{"keys":[211,208],"grid":[" .!$"," /!#"," 0!!"," "," "," "," "," "," "," "," "," "," "," "," "," "]},"4011":{"keys":[210,211],"grid":[" #!/"," $!."," %!-"," &!,"," (!*"," )!)"," *!("," +!'"," ,!&"," .!$"," /!#"," 0!!"," "," "," "," "]},"4010":{"keys":[211,210],"grid":[" "," "," "," "," "," "," "," "," "," "," "," "," "," "," ","!! 0"]}},"6372":{"4012":{"keys":[210,211],"grid":[" &!,"," '!+"," (!*"," )!)"," +!'"," ,!&"," -!%"," .!$"," /!#"," 0!!"," "," "," "," "," "," "]},"4011":{"keys":[211,210],"grid":[" "," "," "," "," "," "," "," "," "," "," "," "," ","!! 0","!# /","!% -"]},"3949":{"keys":[208,211],"grid":[" "," "," ","!! 0","!$ .","!& ,","!' +","!) )","!+ '","!- %","!. $","!0 !","!","!","!","!"]}},"6373":{"4013":{"keys":[210,211],"grid":[" )!)"," *!("," +!'"," ,!&"," -!%"," /!#"," 0!!"," "," "," "," "," "," "," "," "," "]},"4012":{"keys":[211,210],"grid":[" "," "," "," "," "," "," "," "," "," ","!! 0","!# /","!$ .","!% -","!& ,","!' +"]},"3949":{"keys":[208,211],"grid":[" "," "," "," "," "," "," "," "," "," "," "," ","!! .!#","!# )!'","!% !!,","!"]}},"6374":{"3948":{"keys":[208],"grid":[" "," "," "," "," "," "," "," "," "," "," "," "," "," "," "," "]},"3949":{"keys":[208,211],"grid":[" 0!!"," /!#"," .!$","02"," -!%"," +!'"," *!("," )!)"," (!*"," '!+"," &!,"," !!0","!","!","!","!"]},"4013":{"keys":[211,210],"grid":[" "," "," "," "," "," "," "," ","!! 0","!# /","!$ .","!& ,","!' +","!( *","!) )","!* ("]},"4014":{"keys":[210,211],"grid":[" +!'"," -!%"," .!$"," /!#"," 0!!"," "," "," "," "," "," "," "," "," "," "," "]}},"6375":{"3948":{"keys":[208,211],"grid":[" )!)","00","00","00"," (!*","04","04"," '!+","07"," &!,"," %!-"," $!."," #!/"," !!0","13","!"]},"3943":{"keys":[208,211],"grid":[" "," "," "," "," 0!!","04"," /!#","06","06","06","06","06","06","06","06","06"]},"3944":{"keys":[208,211],"grid":[" .!$","00","00","00","00","00"," -!%","06"," ,!&","08","08"," +!'","11"," *!("," )!)","14"]},"3945":{"keys":[208,211],"grid":[" )!)"," *!(","01"," +!'","03","03"," ,!&","06"," -!%","08"," .!$","10"," /!#","12"," 0!!","14"]},"3946":{"keys":[208,211],"grid":[" 0!!","00","00","00","00","00"," /!#"," .!$"," -!%"," +!'"," *!("," )!)"," (!*","12","12","12"]},"3947":{"keys":[208,211],"grid":[" (!*","00","00","00","00","00"," )!)","06","06","06","06","06","06","06","06","06"]},"4015":{"keys":[210,211],"grid":[" .!$"," /!#"," "," "," "," "," "," "," "," "," "," "," "," "," "," "]},"4014":{"keys":[211,210],"grid":[" "," "," "," "," "," ","!# /","!$ .","!% -","!& ,","!' +","!( *","!* (","!+ '","!, &","!- %"]}},"6376":{"3942":{"keys":[208,211],"grid":[" "," "," "," "," "," "," "," "," "," "," "," "," "," "," "," $!( '"]},"3943":{"keys":[208,211],"grid":[" !!, %"," !!- $","!/ #","02","!0 !","04","!","!","!","!","!","!","!","!","!","!"]},"4016":{"keys":[210],"grid":[" "," "," "," "," "," "," "," "," "," "," "," "," "," "," "," "]},"4015":{"keys":[211,210],"grid":[" "," "," ","!! 0","!# /","!$ .","!% -","!' +","!( *","!) )","!* (","!+ '","!, &","!. $","!/ #","!0 !"]}},"6377":{"3943":{"keys":[208,211],"grid":[" "," (!$ '"," '!& &"," '!+","03"," &!,","05","!! %!,","!! $!-","!","!","!","!","!","!","!"]},"4016":{"keys":[211,210],"grid":[" ","!! 0","!# /","!% -","!& ,","!' +","!( *","!) )","!+ '","!, &","!- %","!. $","!/ #","!0 !","!","!"]}}}}