{"9":{"393":{"272":{"keys":["",1,212],"grid":[" "," "," "," "," "," "," "," "," "," "," *!& #"," (!$#$!# !"," (!!#'!#"," '!##(!!"," '!!#)!!"," '!!#*"]},"273":{"keys":["",1,212],"grid":[" '!!#)!!","00"," '!!#*","02","02","02","02","02","02"," '!##)"," (!##("," )!##&!!"," *!("," "," "," "]}},"394":{"272":{"keys":["",1],"grid":[" "," "," "," "," "," "," "," "," "," "," "," "," "," ","!! 0","14"]},"273":{"keys":[1,"",212],"grid":[" !!0","00","00"," #!/","#! !!/","#! #!.","## !!.","06","06","05","03","00","!","!","!","!"]}}},"13":{"6299":{"4380":{"keys":[212,214,213,""],"grid":[" "," "," "," "," "," "," ","!!#* '","$*!(","$","$","$","$","$","$","$"]},"4362":{"keys":["",214,212,213],"grid":[" "," "," "," ","!+ '","#*$$!$ !","#/$#","#","#","#","#","#","#","#","#","#"]}},"6298":{"4380":{"keys":[212,213,214,""],"grid":[" "," ","!! 0","#!!# .","$###!# +","$&##!# (","$)#$!$ #","$.#$","$","$","$","$","$","$","$","$"]},"4362":{"keys":["",214,213,212],"grid":[" "," "," "," "," .!$"," '!%#%$#"," #!##$$*","!!##$.","$","$","$","$","$","$","$","$"]}},"6297":{"4379":{"keys":[212,213,214,""],"grid":[" "," "," "," "," "," "," "," "," "," ","!! 0","#!!# .","$##!!# ,","$%#!!! +","$&##!! )","$(##!! '"]},"4380":{"keys":["",214,213,212],"grid":[" *!##!$%"," ,!###$!"," /!!#!"," "," "," "," "," "," "," "," "," "," "," "," "," "]},"4363":{"keys":[213,212],"grid":[" !!0","!","!","!","!","!","!","!","!","!","!","!","!","!","!","!"]},"4362":{"keys":["",214,213,212],"grid":[" "," "," "," "," "," "," "," 0!!"," -!###"," +!##!$$"," )!!##$&"," '!##!$("," &!!#!$*"," $!!##$+"," #!!#!$-","!!##$."]}},"6296":{"4378":{"keys":[212,213,214,""],"grid":[" "," "," "," "," "," "," "," "," "," ","!! 0","#!!! /","$!!! /","$!#!!! .","$##!!! -","$$#!!! ,"]},"4379":{"keys":["",214,212,213],"grid":[" %!!#,"," %!!$!#+"," &!!$!#*"," '!!$!#)"," (!!$!#("," )!!$##&"," +!!$!#%"," ,!!$!#$"," -!!$!##"," .!!$!#!"," /!#"," "," "," "," "," "]},"4363":{"keys":["",214,213,212],"grid":[" 0!!"," .!##!"," -!!#!$#"," ,!!#!$$"," *!##!$%"," )!!#!$'"," (!!#!$("," '!!#!$)"," &!!#!$*"," %!!#!$+"," #!!##$,"," !!!#!$.","!!#!$/","#!$0","$","$"]}},"6295":{"4365":{"keys":[214,213,212],"grid":[" !!!#/"," !#0","!!#0","#","#","#","#","#","#","#","#","#","#","#","#","#"]},"4364":{"keys":["",214,213,212],"grid":[" -!!#!$#"," ,!!#!$$"," +!!#!$%"," *!!#!$&"," *!!$'"," )!!#!$'"," (!!#!$("," '!!#!$)"," &!!#!$*"," %!!#!$+"," %!!$,"," $!!#!$,"," #!!#!$-"," #!!$."," !!!#!$."," !!!$/"]},"4378":{"keys":["",214,213,212],"grid":[" )!!#!$'"," *!!$'"," *!!#!$&"," +!!#!$%"," ,!!$%"," ,!!#!$$"," -!!#!$#"," .!!#!$!"," /#!$!"," /!!#!"," 0!!"," "," "," "," "," "]},"4377":{"keys":[212,213,214,""],"grid":[" "," "," ","!! 0","#! 0","#!!! /","$!#!!! .","$##! .","$##!!! -","$$#!!! ,","$%#!!! +","$&#!!! *","$'#! *","$'#!!! )","$(#!!! (","$)!! ("]},"4363":{"keys":["",214,213,212],"grid":[" "," "," "," "," "," "," "," "," "," "," "," "," "," 0!!"," /!!#!"," .!!#!$!"]}},"6294":{"4365":{"keys":["",214,213,212],"grid":[" "," "," 0!!","02"," 0#!"," /!!#!"," /!!$!"," .!!#!$!"," .!!$#"," .#!$#"," -!!#!$#"," -!!$$"," -#!$$"," ,!!#!$$"," ,!!$%"," ,#!$%"]},"4367":{"keys":["",213,212,214],"grid":[" )!!#(","00","00","00","00","00","00","00","00"," )$!#(","09","09","09","09"," )$!!!#'"," *!!#'"]},"4366":{"keys":["",214,213,212],"grid":[" +!!#!$%"," +!!$&","01"," +#!$&","03"," *!!#!$&"," *!!$'","06"," *#!$'","08"," )!!#!$'"," )!!$(","11"," )#!$(","13","13"]},"4369":{"keys":["",214,212,213],"grid":[" +!!#&"," +!!$!#%"," ,$!#%","02","02"," ,!!#%","05","05"," ,!!$!#$"," -$!#$","09","09","09","09","09","09"]},"4368":{"keys":["",213,212,214],"grid":[" *!!#'","00","00","00"," *$!#'","04","04","04"," *$!!!#&"," +!!#&","09","09","09"," +$!#&","13","13"]},"4372":{"keys":["",213,212,214],"grid":[" *!!#'"," )$!!!#'"," )$!#(","02","02","02","02","02"," )!!#(","08","08","08","08","08","08","08"]},"4373":{"keys":["",214,213,212],"grid":[" (!!#!$("," (!!$)","01","01","01","01","01","01","01","01","01","01","01","01","01","01"]},"4370":{"keys":["",213,212,214],"grid":[" -!!#$","00","00","00","00","00","00"," ,$!!!#$"," ,$!#%","08","08"," ,!!#%","11","11"," +$!!!#%"," +$!#&"]},"4371":{"keys":["",214,212,213],"grid":[" +!!#&"," +$!#&","01","01"," *!!$!#&"," *!!#'","05","05","05","05","05"," *$!#'","11","11","11","11"]},"4376":{"keys":["",213,212,214],"grid":[" *!!#'","00","00","00"," *$!#'","04"," *$!!!#&"," +!!#&"," +$!#&"," +$!!!#%"," ,!!#%"," ,$!#%"," ,$!!!#$"," -!!#$"," -$!!!##"," .$!##"]},"4377":{"keys":["",214,213,212],"grid":[" .!!#!$!"," /!!#!"," 0#!"," 0!!"," "," "," "," "," "," "," "," "," "," "," "," "]},"4374":{"keys":["",214,212,213],"grid":[" (!!#)","00","00","00","00","00","00","00"," (!!$!#("," )$!#(","09","09","09","09","09","09"]},"4375":{"keys":["",213,212,214],"grid":[" )!!#(","00","00","00","00","00","00","00","00","00","00"," )$!#(","11","11","11"," )$!!!#'"]}},"6305":{"4372":{"keys":[212,214,"",213],"grid":[" #!!#."," #$!!!#-"," $!!#-"," $$!#-"," $$!!!#,"," %$!#,"," %$!!!#+"," &$!#+"," &$!!!#*"," '$!#*"," '$!!!#)"," ($!!!#("," )$!#("," )$!!!#'"," *$!!!#&"," +!!#&"]},"4373":{"keys":[212,213,214,""],"grid":[" +!!#!$%"," ,!!$%"," ,!!#!$$"," -!!$$"," -!!#!$#"," .!!$#"," .!!#!$!"," /!!$!"," /!!#!"," 0!!","09"," "," "," "," "," "]},"4378":{"keys":[212,213,214,""],"grid":[" (!!#!$("," '!!#!$)"," '!!$*"," &!!#!$*"," %!!#!$+"," $!!#!$,"," #!!#!$-"," ##!$."," !!!#!$.","!!#!$/","#!$0","$","$","$","$","$"]},"4371":{"keys":["",214,213,212],"grid":[" "," "," "," "," "," "," "," "," "," "," ","!! 0","11","#!!! /","$!!! /","$!#!!! ."]},"4377":{"keys":[212,213,214,""],"grid":[" "," "," "," "," "," "," 0!!"," /!!#!"," /#!$!"," .!!#!$!"," -!!#!$#"," ,!!#!$$"," +!!#!$%"," +!!$&"," *!!#!$&"," )!!#!$'"]}},"6304":{"4367":{"keys":[213,"",214,212],"grid":[" !!0","00","00"," !#!!/","$!#!!/","04","03","00","00","00","00","00","00","00","#!!0","14"]},"4366":{"keys":["",214],"grid":[" "," "," "," "," "," "," "," "," "," "," ","!! 0","11","11","11","11"]},"4369":{"keys":["",214,213,212],"grid":[" "," "," "," ","!! 0","04","04","04","04","#! 0","#!!! /","$!!! /","$!#! /","$!#!!! .","$#!! .","$##! ."]},"4368":{"keys":[214,""],"grid":[" !!0","00","00","00","00","00","!","!","!","!","!","!","!","!","!","!"]},"4378":{"keys":[212,213,214,""],"grid":[" "," "," "," "," "," "," "," "," "," "," 0!!","10"," /!!#!"," .!!#!$!"," .!!$#"," -!!#!$#"]},"4379":{"keys":[212,213,214,""],"grid":[" ,!!#!$$"," +!#$%"," *!!#!$&"," )!!#!$'"," '!!##$("," &!!#!$*"," %!!#!$+"," #!##!$,"," !!!#!$.","!!#!$/","#!$0","$","$","$","$","$"]},"4370":{"keys":[212,213,214,""],"grid":[" #!!#!$-"," $!!$-"," $!!#!$,"," %#!$,"," %!!$,"," %!!#!$+"," &#!$+"," &!!$+"," &!!#!$*"," '!!$*"," '!!#!$)"," (#!$)"," (!!#!$("," )#!$("," )!!#!$'"," *!!$'"]},"4371":{"keys":[212,213,214,""],"grid":[" *!!#!$&"," +!!$&"," +!!#!$%"," ,!!$%"," ,!!#!$$"," -!!#!$#"," .#!$#"," .!!#!$!"," /#!$!"," /!!#!"," 0!!","10"," "," "," "," "]}},"6306":{"4373":{"keys":["",214,213,212],"grid":[" "," "," "," "," "," "," "," "," "," ","!! 0","#! 0","#!!! /","$!!! /","$!#! /","14"]},"4376":{"keys":[212,214,"",213],"grid":[" &!!#+","00","00","00"," %$!!!#+"," %$!#,","05"," %!!#,","07"," $$!!!#,"," $$!#-"," $!!#-","11"," #$!!!#-"," #$!#.","14"]},"4377":{"keys":[212,213,214,""],"grid":[" !!!#!$."," !!!$/"," !#!$/","!!#!$/","!!$0","#!$0","05","$","$","$","$","$","$","$","$","$"]},"4374":{"keys":[212,213,214,""],"grid":[" !!!#!$."," ##!$.","01"," #!!$.","03"," #!!#!$-"," $#!$-","06"," $!!$-","08"," $!!#!$,"," %#!$,","11","11"," %!!$,","14"]},"4375":{"keys":[212,213,"",214],"grid":[" %!!#,"," %!!$!#+"," &$!#+","02"," &!!#+","04","04"," &!!$!#*","07","04","04","04","04","04","04","04"]}},"6301":{"4380":{"keys":[212,213,214,""],"grid":[" "," "," "," "," "," "," "," .!$","#/$#","$","$","$","$","$","$","$"]},"4363":{"keys":[212,213,214,""],"grid":[" ,!!##$#"," .!!#!$!"," /!!#!"," 0!!"," "," "," "," "," "," "," "," "," "," "," "," "]},"4362":{"keys":["",213,214,212],"grid":[" "," "," "," "," "," "," "," "," "," "," ","!!## .","$#!!## ,","$%!##! *","$'!### '","$*!!## %"]}},"6300":{"4380":{"keys":[212,214,""],"grid":[" "," "," "," "," "," "," "," ","!","#","#","#","#","#","#","#"]},"4362":{"keys":["",213,214,212],"grid":[" "," "," "," "," "," ","!!## .","$#!$## *","$'!$## &","$+!### #","$.!!##","$0!!","$","$","$","$"]}},"6303":{"4365":{"keys":[212,213,214,""],"grid":[" *!!#!$&"," +#!$&"," +!!$&"," +!!#!$%"," ,#!$%","04"," ,!!$%"," ,!!#!$$"," -#!$$","08"," -!!$$"," -!!#!$#"," .#!$#","12"," .!!$#","14"]},"4364":{"keys":[214,"",213,212],"grid":[" !!0","#! !!/","$!#! !!.","$##! !!-","$$#!!-","$$#! !!,","$%#! !!+","$&#! !!*","$'#! !!)","$( !!)","$(#! !!(","$)#!!(","$)#! !!'","$* !!'","13","$*#!!'"]},"4366":{"keys":[212,213,214,""],"grid":[" .!!#!$!"," /#!$!","01"," /!!$!","03"," /!!#!"," 0#!","06"," 0!!","08","08","08"," "," "," "," "]},"4380":{"keys":[212,213,214,""],"grid":[" $!!##$+"," !!!##$-","##$/","$","$","$","$","$","$","$","$","$","$","$","$","$"]},"4369":{"keys":[212,213],"grid":[" 0!!","00","00","00","00"," "," "," "," "," "," "," "," "," "," "," "]},"4368":{"keys":[212,213],"grid":[" "," "," "," "," "," 0!!","05","05","05","05","05","05","05","05","05","05"]},"4379":{"keys":[212,213,214,""],"grid":[" "," "," "," "," "," "," "," "," "," "," 0!!"," .!##!"," ,!##!$#"," *!##!$%"," (!##!$'"," &!##!$)"]}},"6302":{"4364":{"keys":[212,213],"grid":[" 0!!"," "," "," "," "," "," "," "," "," "," "," "," "," "," "," "]},"4380":{"keys":[212,213,214,""],"grid":[" "," "," /!#"," -!##!$!"," *!###$$"," (!!##$'"," $!$##$)","!!#$$-","$","$","$","$","$","$","$","$"]},"4363":{"keys":["",213,214,212],"grid":[" "," "," ","!!#! /","$!!!#! .","$#!!#! -","$$!##! +","$&!!#! *","$'!!#! )","$(!##! '","$*!!#! &","$+!!#! %","$,!!#! $","$-!!#! #","$.!!#! !","$/!!#!"]}}}}