{"9":{"28":{"256":{"keys":["",1,4],"grid":[" "," "," "," &!% ("," $!$##!$ &"," $!!#'!# %"," #!##(!! %"," #!!#)!! %"," #!!#)!# $","08","07"," #!##'!# %","04","03"," "," "]}}},"13":{"458":{"4101":{"keys":[4,3,""],"grid":[" *!!#'"," +!!#&"," ,!!#%"," -!!#$"," .!!##"," /!!#!"," 0!!"," "," "," "," "," "," "," "," "," "]},"4108":{"keys":[4,3,""],"grid":[" )!!#("," (!!#)"," '!!#*"," &!!#+"," %!!#,"," #!!#."," !!!#/","!!#0","#","#","#","#","#","#","#","#"]},"4107":{"keys":[4,3,""],"grid":[" "," "," "," "," "," "," "," "," "," 0!!"," /!!#!"," .!!##"," -!!#$"," ,!!#%"," +!!#&"," *!!#'"]},"4100":{"keys":["",3,4],"grid":[" "," "," "," "," "," "," "," ","!! 0","#!!! /","##!# -","#%!! ,","#&!! +","#'!! *","#(!! )","#)!! ("]}},"459":{"4101":{"keys":["",3,4],"grid":[" "," "," "," "," "," "," ","!! 0","#!!! /","08","##!! .","#$!! -","#% -","#%!! ,","#&!! +","14"]},"4103":{"keys":[4,3,""],"grid":[" .!!##","00"," /##","02"," /!!#!","04"," 0#!","06"," 0!!","08","08","08"," "," "," "," "]},"4102":{"keys":[4,3,""],"grid":[" '!!#*"," (#*"," (!!#)"," )#)"," )!!#("," *#("," *!!#'"," +#'"," +!!#&"," ,#&"," ,!!#%","10"," -#%"," -!!#$","13"," .#$"]},"4105":{"keys":[4,3,""],"grid":[" "," "," "," "," 0!!","04","04","04"," 0#!","08"," /!!#!","10","10"," /##"," .!!##","14"]},"4104":{"keys":[4],"grid":[" "," "," "," "," "," "," "," "," "," "," "," "," "," "," "," "]},"4107":{"keys":[4,3,""],"grid":[" &!!#+","00"," %!!#,"," %#-"," $!!#-"," #!!#."," !!!#/"," !#0","!!#0","#","#","#","#","#","#","#"]},"4106":{"keys":[4,"",3],"grid":[" .!$"," -#!!$","01"," -!%"," ,#!!%","04"," ,!&"," +#!!&"," +!'"," *#!!'"," *!("," )#!!("," )!)"," (#!!)"," (!*"," '#!!*"]}},"450":{"4103":{"keys":["",4,3],"grid":[" )!)"," (#!!)","01"," (!*"," '#!!*","04","04"," '!+"," &#!!+","08","08"," &!,","11"," %#!!,","13","13"]},"4102":{"keys":["",3,4],"grid":[" "," 0!!"," /!!#!","02"," .!!##"," .#$"," -!!#$"," -#%"," ,!!#%"," ,#&"," +!!#&"," +#'"," *!!#'","12"," )!!#(","14"]},"4105":{"keys":["",4,3],"grid":[" %!-","00"," %#!!,","02","02","02"," &!,","06","06"," &#!!+","09"," '!+","11"," '#!!*","13"," (!*"]},"4104":{"keys":["",3,4],"grid":[" %!!#,"," %#-","01","01","01","01","01","01","01"," $!!#-","09","01","01","01","01","01"]},"4107":{"keys":["",3,4],"grid":[" /!!#!"," 0!!","01"," "," "," "," "," "," "," "," "," "," "," "," "," "]},"4106":{"keys":["",3,4],"grid":[" (!!#)","00"," )#)"," )!!#(","03"," *#("," *!!#'","06"," +!!#&","08"," ,!!#%","10"," -!!#$","12"," .!!##"," /##"]}},"451":{"4101":{"keys":["",3,4],"grid":[" -!!#$"," ,!!#%"," +!!#&"," *!!#'"," )!!#("," )#)"," (!!#)"," '!!#*"," &!!#+"," %!!#,","09"," $!!#-"," #!!#."," !!!#/","13","!!#0"]},"4108":{"keys":["",3,4],"grid":[" ,!!#%"," -!!#$"," .!!##"," 0!!"," "," "," "," "," "," "," "," "," "," "," "," "]},"4102":{"keys":[4],"grid":[" "," "," "," "," "," "," "," "," "," "," "," "," "," "," "," "]},"4107":{"keys":[4,3,""],"grid":[" "," "," ","!! 0","#!!! /","04","##!! .","#$!! -","#%!! ,","08","#&!! +","#'!! *","#(!! )","#)!! (","#*!! '","#+!! &"]},"4100":{"keys":["",3,4],"grid":[" "," "," "," "," "," "," "," "," "," "," "," "," "," 0!!"," /!!#!"," .!!##"]}},"452":{"4108":{"keys":[4,3,""],"grid":[" "," "," "," ","!! 0","#!!! /","##!# -","#%!! ,","#&!# *","#(!! )","#*!! '","#,!! %","#-!# #","#0!!","#","#"]},"4100":{"keys":["",3,4],"grid":[" "," "," 0!!"," .!##!"," -!!#$"," +!!#&"," )!##'"," (!!#)"," &!##*"," %!!#,"," $!!#-"," !!##.","!!#0","#","#","#"]}},"453":{"4109":{"keys":["",3,4],"grid":[" '!##)"," +!##%"," /!#"," "," "," "," "," "," "," "," "," "," "," "," "," "]},"4108":{"keys":[4,"",3],"grid":[" "," "," "," "," "," "," "," "," "," "," "," "," "," ","!!## .","!$## ,"]},"4099":{"keys":["",3,4],"grid":[" "," "," "," "," "," "," "," "," "," "," "," "," "," -!###"," *!##&"," '!##)"]},"4100":{"keys":["",3,4],"grid":[" %!!#,"," !!##.","!!#0","#","#","#","#","#","#","#","#","#","#","#","#","#"]}},"454":{"4109":{"keys":[4,3,""],"grid":[" "," ","!! 0","#$!& )","#","#","#","#","#","#","#","#","#","#","#","#"]},"4099":{"keys":["",3,4],"grid":[" "," "," "," "," "," "," "," "," "," "," "," &!%#(","!$#.","#","#","#"]}},"455":{"4109":{"keys":[4,3,""],"grid":[" "," "," "," /!#","#","#","#","#","#","#","#","#","#","#","#","#"]},"4099":{"keys":["",4,3],"grid":[" "," "," "," "," "," "," "," "," "," "," ","!+#& !","!","!","!","!"]}},"456":{"4109":{"keys":[4,3,""],"grid":[" .!##!"," *!##&"," &!##*","!##/","#","#","#","#","#","#","#","#","#","#","#","#"]},"4108":{"keys":[4,3],"grid":[" "," "," "," "," "," "," "," "," "," "," "," "," "," "," "," 0!!"]},"4099":{"keys":["",4,3],"grid":[" "," "," "," "," "," "," "," "," "," "," "," ","!##$ ,","!(## (","!,## $","!/##"]},"4100":{"keys":[4],"grid":[" "," "," "," "," "," "," "," "," "," "," "," "," "," "," "," "]}},"457":{"4108":{"keys":[4,3,""],"grid":[" "," "," "," "," "," "," "," 0!!"," /!!#!"," -!###"," +!##%"," *!!#'"," (!!#)"," %!##+"," #!##-","!!#0"]},"4100":{"keys":[3,"",4],"grid":[" #!/","#$ #!,","#& #!*","#( #!(","#* !!'","#, !!%","#. !!#","#/ !!!","#","#","#","#","#","#","#","#"]}},"460":{"4105":{"keys":[3,""],"grid":[" !!0","!","!","!","!","!","!","!","!","!","!","!","!","!","!","!"]},"4104":{"keys":["",3],"grid":[" ","!! 0","01","01","01","01","01","01","01","01","01","01","01","01","01","01"]}}}}