{"9":{"182":{"250":{"keys":[65,1,35],"grid":[" *!!#'","00"," )!##'"," )!!#("," '!$#("," &!##*"," &!!#+"," %!##+"," $!##,"," #!##-"," #!!#."," !!##.","!##/","!!#0","13","#"]},"249":{"keys":[65,"",35,1],"grid":[" -!%","00","00","00"," +!##%"," ,#&"," +$!#&","06"," *$##&"," )$##'"," )$!#(","10","10","09"," *$!#'","14"]}},"180":{"252":{"keys":[65,1,35],"grid":[" "," "," "," "," "," "," "," "," "," "," #!! -!!","!& )!$","!!#$!# '!###","#$!' #!##$","#$!##$!&#$","#"]}},"181":{"252":{"keys":[65,1,35],"grid":[" &!##*"," &!!#+"," %!##+"," $!##,","03","03"," $!!#-"," #!##-"," !!##."," !!!#/","!##/","#","#","#","#","#"]},"250":{"keys":[65,1],"grid":[" "," "," "," "," "," "," "," "," "," "," "," "," "," "," 0!!"," /!#"]},"251":{"keys":[65,1,35],"grid":[" /!!#!","00"," .!##!"," -!###"," -!!#$"," ,!##$"," *!$#%"," *!!#'"," )!##'","08","08"," )!!#("," (!##("," (!!#)"," '!##)"," '!!#*"]}},"179":{"252":{"keys":[65,1,35],"grid":[" "," "," "," "," "," "," "," "," "," )!# '"," (!$ '"," &!$#!!$ %"," %!##&!&"," $!##,"," !!$#-","!##/"]},"247":{"keys":["",59,1,65],"grid":[" "," "," "," ","!% -","04","!' +","!'#!$! )","!'#!$*","!&##$*","!%##$+","!%#!$,","!$##$,","!$#!$-","!###$-","!##!$."]},"251":{"keys":[59,1,65],"grid":[" #!##-","00"," !!##."," !!!#/","!##/","!!#0","05","#","#","#","#","#","#","#","#","#"]},"250":{"keys":[65,1,59],"grid":[" "," "," "," "," "," "," "," "," ","!! 0","!# /","#!!! /","#!!$ -","##!# -","#$!! -","14"]},"248":{"keys":[59,1,65],"grid":[" #!##-","00"," !!##."," !!!#/","!##/","!!#0","#","#","#","#","#","#","#","#","#","#"]}},"178":{"252":{"keys":[59,1,65,35],"grid":[" /!!#!"," .!##!"," -!###"," -!!#$"," ,!##$"," ,!!#%"," +!##%"," !!$ '!!#&","!#$!!! %!$#&","$#!# $!##(","$$!! !!$#)","$$!&#)","$'!##)","$(!&#%","$,!&","$.!$"]},"250":{"keys":[59,1,65],"grid":[" *!##&"," +!##%"," ,!!#%","01"," +!$#$"," -!!#$"," -!###"," .!##!"," /!!#!"," /!#"," "," "," "," "," "," "]},"251":{"keys":[59,1],"grid":[" "," "," "," "," "," "," 0!!"," /!#","07","06","07","06","06","07","07","07"]},"249":{"keys":[59,1,65],"grid":[" )!!#(","00","00","00"," )!##'"," *!!#'","05","05","04","04","05","05","05"," *!##&"," +!!#&","13"]},"248":{"keys":[59,1,65],"grid":[" "," "," "," "," "," 0!!"," /!#"," .!##!"," -!###"," ,!##$"," +!##%"," +!!#&"," *!##&"," *!!#'","13"," )!##'"]}},"177":{"252":{"keys":[59,1,35],"grid":[" "," "," "," "," "," )!' #"," %!(##!# !"," %!!##!!#'!#","!&#+!!","#","#","#","#","#","#","#"]}},"176":{"252":{"keys":[59,1,35],"grid":[" "," "," "," "," "," "," &!% ("," &!##!!$ &"," &!###!("," $!$#&!$##"," $!$#+"," #!##-"," #!$#,"," $!##,"," %!##+"," &!##*"]},"253":{"keys":[59,1,35],"grid":[" '!##)"," (!!#)","01","01","!$ %!!#)","!& !!##)","#$!%#*","#","#","#","#","#","#","#","#","#"]}}},"13":{"2848":{"4040":{"keys":[59,35],"grid":[" "," "," "," "," "," "," "," "," 0!!","!","!","!","!","!","!","!"]}},"2849":{"4039":{"keys":[59,35],"grid":[" "," "," "," "," "," "," "," "," "," "," "," "," .!$"," -!%"," ,!&","14"]},"4040":{"keys":[59,35],"grid":[" +!'"," *!("," )!)"," '!+"," &!,"," %!-"," $!.","!","!","!","!","!","!","!","!","!"]}},"2846":{"4039":{"keys":[35,59],"grid":[" $!."," %!-"," &!,"," '!+"," (!*"," )!)"," *!(","06"," +!'"," ,!&"," -!%"," .!$"," /!#"," 0!!","13"," "]},"4038":{"keys":[59,35],"grid":[" "," "," "," "," "," "," "," "," "," "," "," "," ","!! 0","!# /","!$ ."]}},"2847":{"4039":{"keys":[59],"grid":[" "," "," "," "," "," "," "," "," "," "," "," "," "," "," "," "]},"4040":{"keys":[35,59],"grid":[" !!0"," #!/"," $!."," %!-"," &!,","04"," '!+"," )!)"," /!#"," "," "," "," "," "," "," "]}},"2844":{"4037":{"keys":[59,35],"grid":[" '!! *"," %!+ #"," $!."," !!0","!","!","!","!","!","!","!","!","!","!","!","!"]}},"2845":{"4038":{"keys":[35,59],"grid":[" -!%","00","00"," .!$","03","03","03"," /!#","07","07"," 0!!","10"," "," "," "," "]},"4037":{"keys":[59,35],"grid":[" "," ","!% -","!) )","03","03","!* (","06","06","!+ '","09","09","!, &","12","12","12"]}},"2842":{"4038":{"keys":[59,35],"grid":[" 0!!"," .!$"," ,!&"," *!("," )!)"," '!+","!! $!-","!! #!.","!","!","!","!","!","!","!","!"]},"4037":{"keys":[59],"grid":[" "," "," "," "," "," "," "," "," "," "," "," "," "," "," "," "]}},"2843":{"4037":{"keys":[59,35],"grid":[" "," "," "," "," "," 0!!"," .!$"," -!%"," +!'"," *!("," )!)"," '!+"," &!,"," %!-"," #!/","!"]}},"2840":{"4038":{"keys":[59,35],"grid":[" %!-"," $!."," #!/"," !!0","!","!","!","!","!","!","!","!","!","!","!","!"]},"4037":{"keys":[59,35],"grid":[" "," "," "," "," "," "," "," "," "," "," "," +!'"," )!)"," (!*"," '!+"," &!,"]}},"2841":{"4038":{"keys":[35,59],"grid":[" /!#","00"," 0!!","02"," "," "," "," "," "," "," "," "," "," "," "," "]},"4037":{"keys":[59,35],"grid":[" "," "," "," "," "," "," "," "," "," '!% '","!, &","10","!- %","12","!. $","14"]}},"2859":{"4045":{"keys":[65,35],"grid":[" "," "," "," "," "," "," "," "," "," "," "," "," ","!! 0","!# /","14"]},"4046":{"keys":[35,65],"grid":[" $!."," %!-","01"," &!,"," '!+","04"," (!*","06"," )!)"," *!("," +!'"," ,!&"," .!$"," "," "," "]},"4037":{"keys":[59,65],"grid":[" .!$","00"," -!%","02"," ,!&","04"," +!'"," *!(","07"," )!)"," (!*","10"," '!+","12"," &!,","14"]},"4038":{"keys":[59,65],"grid":[" &!,","00","00"," %!-","03","03","03"," $!.","07","07"," #!/","10"," !!0","12","12","!"]},"4001":{"keys":[65,59],"grid":[" "," "," ","!! 0","!# /","!& ,","!' +","!) )","!* (","!+ '","09","09","09","09","09","08"]},"4002":{"keys":[59,65],"grid":[" *!("," )!)","01","01"," (!*","04"," '!+","06","06"," &!,","09","09","09","09","09","09"]},"4003":{"keys":[59,65],"grid":[" &!,","00","00"," %!-","03"," $!.","05"," #!/"," !!0","08","!","!","!","!","!","!"]},"4004":{"keys":[65,59],"grid":[" "," "," ","!! 0","!# /","!$ .","!& ,","!' +","!) )","!* (","!, &","!. $","!/ #","!0 !","!","!"]},"3977":{"keys":[59,65],"grid":[" "," "," "," "," "," 0!!","05"," /!#","07"," .!$","09"," -!%","11"," ,!&"," +!'","14"]},"4036":{"keys":[59,65],"grid":[" "," "," "," "," "," 0!!","05","05","05","05","05","05"," /!#","12","12","12"]},"3978":{"keys":[59,65],"grid":[" *!(","00"," )!)"," (!*"," '!+","04"," &!,","06","06","06","06"," %!-"," $!."," #!/","!","!"]}},"2858":{"4045":{"keys":[65,35],"grid":[" "," "," "," "," "," "," "," "," "," "," "," "," ,!&"," *!("," '!+"," !!0"]},"4040":{"keys":[65],"grid":[" "," "," "," "," "," "," "," "," "," "," "," "," "," "," "," "]},"4038":{"keys":[59],"grid":[" "," "," "," "," "," "," "," "," "," "," "," "," "," "," "," "]},"4000":{"keys":[65,59],"grid":[" "," "," "," "," "," "," "," "," "," "," "," ","!! 0","!$ .","!% -","!' +"]},"4001":{"keys":[59,65],"grid":[" )!)"," ,!&"," /!#"," "," "," "," "," "," "," "," "," "," "," "," "," "]},"4003":{"keys":[59,65],"grid":[" "," "," "," "," "," "," "," "," "," "," "," "," "," 0!!","13"," "]},"4004":{"keys":[59],"grid":[" "," "," "," "," "," "," "," "," "," "," "," "," "," "," "," "]},"4039":{"keys":[59,65],"grid":[" "," 0!!"," /!#","02"," .!$"," -!%"," ,!&"," +!'"," *!("," )!)"," (!*"," &!,"," %!-"," $!."," #!/"," !!0"]},"3999":{"keys":[59,65],"grid":[" $!.","00","00"," %!-","03","03","03","03","00","00"," #!/","10"," !!0","12","!","!"]},"3998":{"keys":[59,65],"grid":[" #!/","00"," $!.","02","02","02","02","02","02","02","02","02","02","02","02","02"]},"3979":{"keys":[59,65],"grid":[" /!#","00","00"," .!$","03","03"," -!%","06"," ,!&","08"," +!'"," )!)"," (!*"," &!,"," %!-"," $!."]},"3978":{"keys":[59,65],"grid":[" "," "," "," "," "," "," "," "," "," "," "," "," "," "," "," /!#"]},"3980":{"keys":[59,65],"grid":[" !!0","!","!","!","!","!","!","!","!","!","!","!","!","!","!","!"]},"3997":{"keys":[65,59],"grid":[" "," "," "," "," "," "," "," "," "," "," "," ","!! 0","12","12","!# /"]}},"2912":{"4013":{"keys":[65,35],"grid":[" /!#","00","00","00","00","00"," .!$","06"," -!%","08"," ,!&"," +!'"," *!("," )!)"," (!*"," '!+"]},"4012":{"keys":[65,35],"grid":[" "," "," "," "," "," "," "," "," "," "," 0!!","10","10","10","10","10"]},"4014":{"keys":[65,35],"grid":[" &!,"," %!-","01"," $!."," #!/"," !!0","05","!","!","!","!","!","!","!","!","!"]}},"2913":{"4012":{"keys":[65,35],"grid":[" !!0","00","00","!","!","!","!","!","!","!","!","!","!","!","!","!"]},"4011":{"keys":[65,35],"grid":[" "," "," "," *!("," (!*"," '!+"," &!,","06"," %!-"," $!.","09"," #!/","11","11"," !!0","14"]}},"2914":{"4009":{"keys":[65,35],"grid":[" "," "," "," "," "," "," "," "," "," "," 0!!"," -!%"," +!'"," *!("," (!*"," '!+"]},"4011":{"keys":[65,35],"grid":[" &!,","00"," %!-","!","!","!","!","!","!","!","!","!","!","!","!","!"]},"4010":{"keys":[65,35],"grid":[" &!,","00"," %!-","02","02","02","02","00","00","00","00","00","00","00","00","00"]}},"2915":{"4008":{"keys":[65,35],"grid":[" "," "," "," "," "," "," "," "," "," "," "," "," 0!!"," /!#","13"," .!$"]},"4009":{"keys":[65,35],"grid":[" .!$"," -!%","01"," ,!&","03"," +!'"," )!)"," &!,"," %!-"," !!0","!","!","!","!","!","!"]}},"2916":{"4008":{"keys":[65,35],"grid":[" -!%"," ,!&","01"," +!'"," )!)"," '!+"," &!,"," %!-","07"," #!/"," !!0","!","!","!","!","!"]},"4007":{"keys":[65,35],"grid":[" "," "," "," "," "," "," "," "," "," "," "," "," 0!!"," /!#"," .!$"," -!%"]}},"2917":{"4005":{"keys":[65,35],"grid":[" "," "," "," 0!!","03"," /!#"," .!$","06"," -!%"," ,!&","09","09"," +!'","12","12","12"]},"4006":{"keys":[65,35],"grid":[" +!'","00"," ,!&","02","02","02","02","02","02","02","02","02","00","00"," *!(","14"]},"4007":{"keys":[65,35],"grid":[" )!)","00"," (!*","02"," '!+","04","04"," &!,"," %!-"," $!."," #!/"," !!0","!","!","!","!"]}},"2851":{"4039":{"keys":[59],"grid":[" "," "," "," "," "," "," "," "," "," "," "," "," "," "," "," "]},"4040":{"keys":[35,59],"grid":[" &!,"," (!*"," )!)"," *!(","03","03","03","03","03","03","02","02","01","01","02","02"]},"4041":{"keys":[35,59],"grid":[" *!(","00"," +!'","02","02","02"," )!)"," $!."," !!0","08","!","!","!","!","!","08"]},"4042":{"keys":[35,59],"grid":[" #!/"," $!."," %!-"," &!,","03"," '!+","05","05","05","05","05","05","05","05","05","05"]},"4043":{"keys":[35,59],"grid":[" (!*"," *!("," -!%"," "," "," "," "," "," "," "," "," "," "," "," "," "]}},"2850":{"4039":{"keys":[59,35],"grid":[" "," "," "," "," "," "," "," "," "," "," "," ","!' +","!* (","!. $","!"]},"4041":{"keys":[35],"grid":[" "," "," "," "," "," "," "," "," "," "," "," "," "," "," "," "]}},"2853":{"4042":{"keys":[59,65,35],"grid":[" "," "," "," "," "," "," "," "," /!#"," .!$"," -!%"," ,!&"," +!'"," *!("," )!)"," )!!##!&"]},"4043":{"keys":[59,35],"grid":[" &!,"," #!/","!","!","!","!","!","!","!","!","!","!","!","!","!","!"]}},"2852":{"4043":{"keys":[59,35],"grid":[" "," "," 0!!","!' $!(","!","!","!","!","!","!","!","!","!","!","!","!"]}},"2855":{"4044":{"keys":[35,65],"grid":[" !!# $!+","!","!","!","!","!","!","!"," #!/"," '!+"," (!*"," *!("," ,!&"," .!$"," /!#"," 0!!"]},"4045":{"keys":[35],"grid":[" "," "," "," "," "," "," "," "," "," "," "," "," "," "," "," "]},"4041":{"keys":[59,65],"grid":[" "," "," "," "," "," "," "," "," "," "," "," 0!!","11","11"," /!#","14"]},"4042":{"keys":[59,65],"grid":[" /!#","00","00"," .!$"," -!%","04"," ,!&","06"," +!'"," *!("," )!)"," (!*"," &!,","!","!","!"]},"4043":{"keys":[65,35],"grid":[" "," "," "," "," "," "," "," ","!! 0","!# /","!$ .","!% -","!& ,","!( *","!) )","14"]}},"2854":{"4044":{"keys":[35,65],"grid":[" "," 0!!"," /!#","02","02","02","01"," "," "," "," "," "," "," "," "," "]},"4042":{"keys":[59,65],"grid":[" "," "," "," "," "," "," #!% +","!+ '","!, &","!- %","!/ #","!0 !","!","!","!","!"]},"4043":{"keys":[65,35],"grid":[" ","!$ .","!& ,","!, &","!/ #","!0 !","!","!","!","!","!","!","!","!","!","!"]}},"2857":{"4045":{"keys":[65,35],"grid":[" "," "," "," "," "," "," "," "," "," "," &!& '"," !!+ &","!- %","12","!/ #","!"]},"4040":{"keys":[59,65],"grid":[" "," 0!!","01"," /!#"," .!$","04"," -!%"," ,!&","07"," +!'"," *!("," )!)"," (!*","!","!","!"]},"3982":{"keys":[59,65],"grid":[" %!-","00","00","00","00","00","00"," $!."," #!/","07","07","07","07","07","07","07"]},"4000":{"keys":[59,65],"grid":[" 0!!","00","00","00","00","00","00","00","00","00"," "," "," "," "," "," "]},"3980":{"keys":[59,65],"grid":[" "," "," "," 0!!","03","03"," /!#","06"," .!$"," -!%","09"," ,!&","11","11","11"," +!'"]},"3981":{"keys":[59,65],"grid":[" +!'"," *!(","01","01"," )!)","04"," (!*"," '!+"," &!,","08"," %!-","10","10","10","10","10"]},"3988":{"keys":[65,59],"grid":[" "," "," "," "," "," "," ","!# /","!$ .","!% -","!& ,","10","10","!' +","13","13"]},"3989":{"keys":[59,65],"grid":[" '!+"," &!,","01","01","01"," %!-","05","05"," $!.","08","08","08","08","08","08","08"]},"3999":{"keys":[59],"grid":[" "," "," "," "," "," "," "," "," "," "," "," "," "," "," "," "]},"3983":{"keys":[59,65],"grid":[" $!.","00","00","00","00"," #!/","05"," !!0","07","!","!","!","!","!","!","!"]},"3997":{"keys":[59,65],"grid":[" ,!&"," -!%"," .!$","02"," /!#"," 0!!","05","05","05"," "," "," "," "," "," "," "]},"3996":{"keys":[59,65],"grid":[" %!-","00"," &!,","02","02","02"," '!+","06"," (!*","08"," )!)","10","10"," *!("," +!'","14"]},"3995":{"keys":[59,65],"grid":[" #!/","00"," $!.","02","02","02","02","02","02","02","02","02","02"," %!-","13","13"]},"3994":{"keys":[65,59],"grid":[" ","!! 0","01","01","01","01","01","01","01","01","!# /","10","10","10","10","10"]},"3993":{"keys":[65],"grid":[" "," "," "," "," "," "," "," "," "," "," "," "," "," "," "," "]},"3992":{"keys":[59,65],"grid":[" +!'"," *!(","01"," )!)","03"," (!*","05"," '!+"," &!,","08"," %!-"," $!."," #!/"," !!0","!","!"]},"3991":{"keys":[59,65],"grid":[" *!(","00"," +!'","02","02","02","02","02","02","02","02","02","02","02","02","02"]},"3990":{"keys":[59,65],"grid":[" $!."," %!-","01","01","01"," &!,","05","05"," '!+","08"," (!*","10","10"," )!)","13"," *!("]}},"2856":{"4045":{"keys":[65,35],"grid":[" "," ","!! 0","!# /","03","!$ .","!% -","!& ,","!' +","!) )","!+ '","!- %","!","!","!","!"]},"4040":{"keys":[59,65],"grid":[" "," "," "," "," "," "," "," "," "," "," "," "," $!- !"," #!/","13","13"]},"4041":{"keys":[59,65],"grid":[" #!/"," !!0","01","01","01","01","01","01","!","!","!","!","!","!","!","!"]},"3988":{"keys":[59,65],"grid":[" '!+","00"," (!*"," )!)"," +!'"," /!#"," "," "," "," "," "," "," "," "," "," "]},"3984":{"keys":[59,65],"grid":[" '!+"," &!,"," %!-"," $!.","03"," #!/","05","05","05","03","03","03","03","02","01","01"]},"3985":{"keys":[59,65],"grid":[" &!,"," '!+","01","01"," (!*","04","04","04","04","04","04","04","04","01","01","01"]},"3986":{"keys":[59,65],"grid":[" '!+","00","00","00","00","00","00","00","00","00","00","00","00","00","00","00"]},"3987":{"keys":[59,65],"grid":[" '!+","00","00","00","00","00","00"," &!,","07","07","07","07","07","07","00","00"]},"3993":{"keys":[59,65],"grid":[" 0!!","00","00","00","00","00","00","00","00","00"," "," "," "," "," "," "]},"3992":{"keys":[59],"grid":[" "," "," "," "," "," "," "," "," "," "," "," "," "," "," "," "]},"3983":{"keys":[59,65],"grid":[" "," "," "," "," "," "," "," "," "," "," 0!!"," /!#"," -!%"," ,!&"," )!)"," (!*"]}},"2903":{"4030":{"keys":[65,35],"grid":[" +!'"," )!)"," %!-"," !!0","!","!","!","!","!","!","!","!","!","!","!","!"]},"4028":{"keys":[65,35],"grid":[" "," "," "," "," "," "," "," "," 0!!"," /!#"," .!$","10"," -!%"," ,!&"," +!'"," *!("]},"4029":{"keys":[65,35],"grid":[" )!)"," (!*"," '!+","02","02","02","02","01","01","00"," *!("," +!'"," ,!&","12","12","12"]}},"2902":{"4031":{"keys":[65,35],"grid":[" )!)","00"," (!*","02","02"," '!+","05","05"," &!,","08"," %!-","10","10"," $!.","13"," #!/"]},"4030":{"keys":[65,35],"grid":[" "," "," "," "," 0!!"," /!#"," .!$"," -!%"," ,!&","08"," +!'","10"," *!(","12","12"," )!)"]},"4032":{"keys":[65,35],"grid":[" #!/"," !!0","01","!","!","!","!","!","!","!","!","!","!","!","!","!"]}},"2901":{"4033":{"keys":[65,35],"grid":[" ,!&","00"," +!'","02","02"," *!(","05","05","05","05"," )!)","10"," (!*","12"," '!+"," &!,"]},"4032":{"keys":[65,35],"grid":[" "," "," "," "," 0!!","04"," /!#","06"," .!$","08"," -!%","10","10","10","10"," ,!&"]},"4034":{"keys":[65,35],"grid":[" %!-"," $!."," #!/","02"," !!0","!","!","!","!","!","!","!","!","!","!","!"]}},"2900":{"4035":{"keys":[65,35],"grid":[" -!%"," ,!&","01","01","01","01"," +!'","06","06","06"," *!(","10"," )!)","!& #!*","!","!"]},"4034":{"keys":[65,35],"grid":[" "," "," "," "," "," "," "," 0!!","07"," /!#","09"," .!$","11","11"," -!%","14"]},"4037":{"keys":[65,35],"grid":[" '!+"," (!*","01","01","01","01","01","01","00","00","00"," &!,"," $!."," !!0","!","!"]},"4036":{"keys":[35,65],"grid":[" "," "," ","!! 0","!# /","04","!$ .","06","06","06","06","06","!% -","12","!& ,","!' +"]}},"2907":{"4022":{"keys":[65,35],"grid":[" )!)"," (!*","!! &!+","!# #!-","!","!","!","!","!","!","!","!","!","!","!","!"]},"4021":{"keys":[65,35],"grid":[" "," "," "," "," "," "," 0!!"," /!#","07"," .!$"," -!%","10"," ,!&"," +!'"," *!(","14"]}},"2906":{"4022":{"keys":[65,35],"grid":[" "," ,!&"," )!)"," (!*"," '!+"," &!,"," %!-"," $!."," #!/","08"," !!0","10","!","!","!","!"]}},"2905":{"4026":{"keys":[65,35],"grid":[" #!/","00","00"," !!0","03","!","!","!","!","!","!","!","!","!","!","!"]},"4024":{"keys":[65,35],"grid":[" #!/","00","00","00"," !!0","!","!","!","04","04","!","!","!","!","!","!"]},"4025":{"keys":[35,65],"grid":[" "," "," "," "," "," "," "," "," "," "," "," "," "," ","!! 0","14"]},"4022":{"keys":[65,35],"grid":[" "," "," "," "," "," "," "," "," "," "," "," "," "," 0!!","13","13"]},"4023":{"keys":[65,35],"grid":[" /!#"," .!$","01","01"," -!%","04","04","04","04","04"," ,!&","10"," )!)"," $!.","13","13"]}},"2904":{"4026":{"keys":[65,35],"grid":[" "," "," "," "," "," "," 0!!","06"," /!#"," .!$","09"," -!%"," ,!&","12","12"," +!'"]},"4027":{"keys":[65,35],"grid":[" +!'"," *!("," )!)","02","02"," (!*","05"," '!+","07"," &!,","09","09"," %!-","12","12"," $!."]},"4024":{"keys":[65,35],"grid":[" "," "," "," "," "," "," "," "," "," "," /!#"," ,!&"," +!'","12","12","11"]},"4025":{"keys":[65,35],"grid":[" -!%","00"," .!$","02","02","02","02","02","02"," /!#","09","09"," 0!!"," "," "," "]},"4028":{"keys":[65,35],"grid":[" $!.","00"," #!/","02"," !!0","04","!","!","!","!","!","!","!","!","!","!"]}},"2909":{"4019":{"keys":[65,35],"grid":[" '!+"," &!,","01"," %!-","03"," $!.","05","05"," #!/","08"," !!0","10","!","!","!","!"]},"4018":{"keys":[65,35],"grid":[" "," "," "," 0!!"," /!#","04"," .!$"," -!%"," ,!&"," +!'","09"," *!("," )!)"," (!*"," '!+","14"]}},"2908":{"4019":{"keys":[65,35],"grid":[" "," "," "," "," "," "," "," "," "," "," "," "," "," "," 0!!"," /!#"]},"4020":{"keys":[65,35],"grid":[" /!#"," .!$"," -!%"," +!'"," *!("," )!)"," (!*"," '!+","07"," &!,","09","09","09"," %!-","13","13"]},"4021":{"keys":[65,35],"grid":[" $!."," #!/","01"," !!0","!","!","!","!","!","!","!","!","!","!","!","!"]}},"2828":{"4040":{"keys":[59,35],"grid":[" "," "," "," "," "," "," "," "," "," "," "," "," "," "," *!! '"," )!& $"]},"4041":{"keys":[59,35],"grid":[" )!)","00","00"," (!*","03","03","!","!","!","!","!","!","!","!","!","!"]}},"2829":{"4040":{"keys":[59,35],"grid":[" "," "," "," "," "," "," "," "," "," "," "," "," "," "," "," &!' &"]},"4041":{"keys":[59,35],"grid":[" $!.","!","!","!","!","!","!","!","!","!","!","!","!","!","!","!"]}},"2824":{"4039":{"keys":[35,59],"grid":[" &!,","00","00"," '!+","03","03"," +!'"," ,!&"," 0!!"," "," "," "," "," "," "," "]},"4038":{"keys":[59,35],"grid":[" "," "," "," "," "," "," "," "," "," "," "," "," "," "," ","!! 0"]}},"2825":{"4039":{"keys":[59,35],"grid":[" "," "," "," "," "," "," "," "," "," ","!! 0","10","10","!$ .","!% -","!' +"]},"4040":{"keys":[35,59],"grid":[" ,!&"," "," "," "," "," "," "," "," "," "," "," "," "," "," "," "]}},"2826":{"4039":{"keys":[59],"grid":[" "," "," "," "," "," "," "," "," "," "," "," "," "," "," "," "]},"4040":{"keys":[59,35],"grid":[" +!$ $","!0 !","!","!","!","!","!","!","!","!","!","!","!","!","!","!"]}},"2827":{"4040":{"keys":[59,35],"grid":[" "," "," ","!! 0","03","03","!# /","03"," ","06","!$ .","!% -","11","!& ,","13","!' +"]},"4041":{"keys":[35,59],"grid":[" '!+"," (!*"," )!)"," ,!&"," .!$"," "," "," "," "," "," "," "," "," "," "," "]}},"2820":{"4044":{"keys":[35],"grid":[" "," "," "," "," "," "," "," "," "," "," "," "," "," "," "," "]},"4045":{"keys":[59,35],"grid":[" $!."," &!,"," '!+"," )!)"," ,!&","04","04"," .!$","07"," /!#","07","07"," -!%","12","04"," +!'"]},"4046":{"keys":[59,35],"grid":[" +!'"," )!)"," (!*","02"," *!(","04","00"," ,!&"," -!%"," .!$"," "," "," "," "," "," "]},"4054":{"keys":[35],"grid":[" "," "," "," "," "," "," "," "," "," "," "," "," "," "," "," "]},"4053":{"keys":[59,35],"grid":[" "," "," "," "," "," "," "," "," "," "," "," "," "," ","!+ $!! #","!0 !"]},"4041":{"keys":[59,35],"grid":[" "," "," "," "," "," "," "," "," "," "," "," "," "," "," 0!!"," /!#"]},"4042":{"keys":[59,35],"grid":[" .!$","!! -!$","!# ,!$","!# .!!","!$ .","!% -","!& ,","06","06","06","06","!' +","!( *","!) )","!","!"]}},"2821":{"4046":{"keys":[35,59],"grid":[" "," "," "," "," "," "," "," "," "," "," ","!, &","11","!- %","!. $","!/ #"]},"4047":{"keys":[59,35],"grid":[" /!#"," 0!!"," ","01","00"," .!$","00","00"," "," "," "," "," "," "," "," "]},"4040":{"keys":[59,35],"grid":[" +!'"," )!)"," (!*","02","02"," )!! !!'"," ,!&"," -!%"," -!! #!!"," 0!!"," "," ","09","09"," ","09"]},"4041":{"keys":[59,35],"grid":[" -!%"," +!'","01"," *!(","03"," )!)"," &!,"," %!-"," $!.","08"," #!/","10","10","!","!","!"]},"4042":{"keys":[35,59],"grid":[" "," "," "," "," ","!! 0","05","05","05","!$ .","09","05"," "," "," "," "]},"4054":{"keys":[59,35],"grid":[" ","!$ .","!' +","!) )","!+ #!%","!","!","!","!","!","!","!","!","!","!","!"]},"4039":{"keys":[59,35],"grid":[" /!#"," "," "," "," "," "," "," "," "," 0!!","09","09","09","00"," -!%"," ,!&"]},"4038":{"keys":[59,35],"grid":[" "," "," "," "," "," "," "," "," "," "," "," 0!!","11"," /!#","13","13"]}},"2822":{"4047":{"keys":[35,59],"grid":[" "," "," "," "," "," "," "," ","!# /","!% -","09","09","!$ .","!$ !!! ,","!' +","14"]},"4053":{"keys":[59,35],"grid":[" "," "," "," "," "," "," "," "," "," "," "," 0!!"," /!#"," .!$"," -!%"," '!# $!&"]},"4048":{"keys":[59,35],"grid":[" &!,","00","00","00"," '!+","04"," (!& #!#"," 0!!","07"," "," "," "," "," "," "," "]},"4054":{"keys":[59,35],"grid":[" &!,"," #!! !!-"," #!/"," !!0","!","!","!","!","!","!","!","!","!","!","!","!"]},"4038":{"keys":[59,35],"grid":[" "," "," "," "," "," "," )!)"," &!,"," $!.","08"," #!/","!","!","!","!","!"]},"4039":{"keys":[35,59],"grid":[" "," ","!# /","!$ .","03","03","02","!! 0"," "," "," "," "," "," "," "," "]},"4040":{"keys":[35],"grid":[" "," "," "," "," "," "," "," "," "," "," "," "," "," "," "," "]}},"2823":{"4053":{"keys":[59,35],"grid":[" /!#"," ,!&"," *!("," (!*"," '!+"," %!-"," $!."," #!/"," !!0","!","!","!","!","!","!","!"]},"4052":{"keys":[59,35],"grid":[" (!*"," )!)","01","01","01","01"," +!'"," -!%"," .!$"," 0!!","09","09"," /!#","12","12","12"]},"4051":{"keys":[59,35],"grid":[" %!-","00","00"," &!,","03"," '!+","05","05"," (!*","08","08","05","05","03","05","08"]},"4050":{"keys":[59,35],"grid":[" -!%","00","00"," .!$","03","03","03","00","00"," $!$ &!&"," #!& %!&"," #!/","11"," $!.","13","13"]},"4048":{"keys":[35,59],"grid":[" "," "," "," "," "," "," "," "," "," ","!! 0","!& ,","!' +","11","11","11"]},"4049":{"keys":[59,35],"grid":[" %!-","00","00"," &!,"," )!)"," +!'"," -!%"," .!$"," /!#","08","08"," 0!!","11","08","07","06"]},"4038":{"keys":[59,35],"grid":[" "," "," "," "," "," !!$ -","!( *","06","06","06","!( #!% $","!0 !","11","!","!","!"]}},"2839":{"4039":{"keys":[35],"grid":[" "," "," "," "," "," "," "," "," "," "," "," "," "," "," "," "]},"4038":{"keys":[59,35],"grid":[" "," "," "," "," "," 0!!"," /!#"," .!$"," -!%"," ,!&"," +!'"," )!)"," (!*"," '!+"," %!-"," $!."]}},"2838":{"4038":{"keys":[59,35],"grid":[" "," "," "," "," "," "," "," "," "," "," "," "," ","!& ,","!* (","!/ #"]}},"2837":{"4038":{"keys":[59,35],"grid":[" "," "," "," "," "," "," "," "," "," "," "," "," #!* &"," !!0","!","!"]}},"2836":{"4039":{"keys":[59,35],"grid":[" /!#"," .!$","01"," -!%"," ,!&"," +!'"," *!("," )!)"," (!*"," '!+"," &!,","09","09","08","08","08"]},"4038":{"keys":[59,35],"grid":[" "," "," "," "," "," "," "," "," "," "," "," "," "," "," "," 0!!"]},"4040":{"keys":[59,35],"grid":[" )!)","00"," *!(","02","02","00"," (!*"," &!,"," %!-"," $!."," !!0","!","!","!","!","!"]}},"2835":{"4040":{"keys":[59,35],"grid":[" "," "," "," "," "," "," "," "," "," ","!! 0","!$ .","!& *!#","!( '!$","!* $!%","!"]}},"2834":{"4040":{"keys":[59,35],"grid":[" "," "," "," "," "," "," "," ","!- %","!0 !","!","!","!","!","!","!"]}},"2833":{"4040":{"keys":[59,35],"grid":[" "," "," "," "," "," "," !!! /","!' +","!","!","!","!","!","!","!","!"]}},"2832":{"4040":{"keys":[59,35],"grid":[" "," "," "," "," "," "," "," "," +!'"," )!)"," (!*","!","!","!","!","!"]}},"2831":{"4040":{"keys":[59,35],"grid":[" "," "," "," "," "," "," "," "," &!! +"," $!$ +","!( *","!( '!$","!( $!'","!","!","!"]}},"2830":{"4040":{"keys":[59,35],"grid":[" "," "," "," "," "," "," "," "," "," "," .!$"," +!'"," )!)"," (!*","13"," #!/"]}},"2867":{"4045":{"keys":[65,35],"grid":[" "," "," "," "," "," "," "," "," "," "," "," "," /!#"," ,!&"," )!)"," '!+"]},"4046":{"keys":[65,35],"grid":[" %!-"," $!."," #!/"," !!0","!","!","!","!","!","!","!","!","!","!","!","!"]},"4013":{"keys":[59,65],"grid":[" #!/"," $!."," %!-","02"," &!,","04"," '!+","06","06","06"," (!*"," )!)"," *!("," +!'","13","13"]},"4012":{"keys":[65,59],"grid":[" "," "," "," "," "," "," "," "," "," "," "," "," "," "," ","!# /"]},"4017":{"keys":[65,59],"grid":[" ","!! 0","!# /","02","02","!$ .","05","05","05","02","02","01"," "," "," "," "]},"4016":{"keys":[59,65],"grid":[" !!0","00","!","!","!","!","!","!","!","!","!","!","!","!","!","!"]},"4015":{"keys":[59,65],"grid":[" !!0","00","00","00","00","00","!","!","00","00"," #!/"," $!.","11","10","10","00"]},"4014":{"keys":[59,65],"grid":[" *!(","00","00","00","00","00"," )!)","06"," (!*"," &!,"," %!-"," !!0","11","!","11","11"]},"3966":{"keys":[59,65],"grid":[" #!/"," !!0","01","01","!","!","!","!","!","!","!","!","!","!","!","!"]},"3964":{"keys":[59,65],"grid":[" "," "," "," "," "," "," "," "," "," "," 0!!","10"," /!#","12"," .!$","14"]},"3965":{"keys":[59,65],"grid":[" -!%"," ,!&","01"," +!'","03"," *!("," )!)","06"," (!*"," '!+","09"," &!,"," %!-"," $!.","13"," #!/"]},"3968":{"keys":[65,59],"grid":[" "," "," "," "," "," "," "," "," "," "," "," ","!! 0","12","12","12"]},"3969":{"keys":[59,65],"grid":[" !!0","00","00","00","00","00","00","!","!","!","!","!","!","!","!","!"]}},"2861":{"4046":{"keys":[65],"grid":[" "," "," "," "," "," "," "," "," "," "," "," "," "," "," "," "]},"4047":{"keys":[35,65],"grid":[" #!. !"," '!( $"," "," "," "," "," "," "," "," "," "," "," "," "," "," "]},"4006":{"keys":[65,59],"grid":[" "," "," "," "," "," "," "," "," "," "," "," ","!! 0","!$ .","!% -","!& ,"]},"4007":{"keys":[59,65],"grid":[" &!,","00"," '!+","02","02"," (!*","05"," )!)"," *!("," +!'"," ,!&"," -!%","11"," .!$"," /!#"," "]},"4033":{"keys":[59,65],"grid":[" "," "," "," "," "," "," "," 0!!"," /!#"," .!$"," -!%"," ,!&"," +!'"," *!("," )!)"," (!*"]},"3975":{"keys":[59,65],"grid":[" "," "," "," "," "," 0!!"," /!#"," -!%"," ,!&"," *!("," )!)"," (!*"," &!,"," %!-"," #!/"," !!0"]},"4034":{"keys":[59,65],"grid":[" (!*"," '!+"," &!,"," %!-","03"," $!.","05","05"," #!/","08"," !!0","10","!","!","!","!"]},"3976":{"keys":[65],"grid":[" "," "," "," "," "," "," "," "," "," "," "," "," "," "," "," "]}},"2921":{"4000":{"keys":[65,35],"grid":[" (!*","00","00","00","00","00"," )!)","06","06","06","06","06","06","06","06","06"]},"4001":{"keys":[65,35],"grid":[" )!)"," (!*","01","01"," '!+","04"," &!,","06"," %!-","08"," $!.","10"," #!/","12"," !!0","14"]},"4002":{"keys":[35],"grid":[" "," "," "," "," "," "," "," "," "," "," "," "," "," "," "," "]},"3999":{"keys":[65,35],"grid":[" %!-"," &!,","01"," '!+","03","03"," (!*","06"," )!)","08","08","08","08","08","06","06"]},"3998":{"keys":[65,35],"grid":[" !!0","00"," #!/","02","02","02","02","02","02","02","02"," $!.","11","11","11"," %!-"]},"3997":{"keys":[35,65],"grid":[" "," "," "," "," "," "," "," "," ","!! 0","09","09","09","09","09","09"]},"3993":{"keys":[65,35],"grid":[" $!."," #!/","01"," !!0","!","!","!","!","!","!","!","!","!","!","!","!"]},"3992":{"keys":[65,35],"grid":[" "," "," "," 0!!"," /!#"," .!$"," -!%"," ,!&"," +!'"," *!(","09"," )!)"," (!*"," '!+"," &!,"," %!-"]}},"2920":{"4002":{"keys":[65,35],"grid":[" "," "," 0!!","02","02","02"," /!#","06","06","06","06","06"," .!$","12","12","12"]},"4003":{"keys":[65,35],"grid":[" .!$"," -!%","01"," ,!&","03"," +!'","05","05"," *!(","08"," )!)"," (!*"," '!+"," &!,"," $!."," #!/"]},"4004":{"keys":[65,35],"grid":[" !!0","!","!","!","!","!","!","!","!","!","!","!","!","!","!","!"]},"3997":{"keys":[65,35],"grid":[" 0!!","00","00"," "," "," "," "," "," "," "," "," "," "," "," "," "]},"3996":{"keys":[65,35],"grid":[" .!$","00","00","00","00","00"," /!#","06","06","06","06","06"," 0!!","12","12","12"]},"3995":{"keys":[65,35],"grid":[" .!$","00","00","00","00","00","00","00","00","00","00","00","00"," -!%","13","00"]},"3994":{"keys":[65,35],"grid":[" 0!!","00"," /!#","02","02","02","02","02","02","02","02","02","02","02","02"," .!$"]},"3993":{"keys":[65,35],"grid":[" "," "," "," "," "," 0!!","05","05","05","05","05","05","05","05","05","05"]}},"2922":{"3992":{"keys":[65,35],"grid":[" !!0","00","!","!","!","!","!","!","!","!","!","!","!","!","!","!"]},"3991":{"keys":[65,"",35],"grid":[" )!%#%","00","00","00"," )!$#&"," )!##'"," )!!#("," *#("," )#)","08"," (#*"," '#+"," &#,"," %#-"," $#."," ##/"]},"3990":{"keys":[65,"",35],"grid":[" !!!","  !!","01","  !#"]}},"2882":{"4042":{"keys":[65,35],"grid":[" "," "," "," "," "," "," "," $!' ("," #!* &"," #!+ %"," #!, $","10"," #!- #"," !!. #"," !!/ !"," !!0"]},"4043":{"keys":[65,35],"grid":[" !!0","00","00","!","!","!","!","!","!","!","!","!","!","!","!","!"]}},"2883":{"4045":{"keys":[35,65],"grid":[" "," "," "," "," "," "," "," "," "," 0!!"," .!$"," -!%","11"," ,!&","11","11"]},"4046":{"keys":[35,65],"grid":[" /!#"," .!! #"," "," "," "," "," "," "," "," "," "," "," "," "," "," "]},"4043":{"keys":[65,35],"grid":[" ","!! 0","!# /","!$ .","!% -","!& ,","05","!( *","!) )","!+ '","!- %","!0 !","!","!","!","!"]}},"2880":{"4044":{"keys":[65,35],"grid":[" %!-"," #!/","!","!","!","!","!","!","!","!","!","!","!","!","!","!"]},"4043":{"keys":[65,35],"grid":[" "," "," "," "," "," "," "," "," "," "," "," "," "," -!%"," )!)"," '!+"]}},"2881":{"4043":{"keys":[65,35],"grid":[" "," "," "," "," 0!!"," .!$"," ,!&"," *!("," (!*"," '!+"," $!."," #!/","!","!","!","!"]}},"2886":{"4045":{"keys":[65,35],"grid":[" "," "," "," "," "," "," "," 0!!"," )!)"," #!/","!","!","!","!","!","!"]}},"2887":{"4045":{"keys":[65,35],"grid":[" "," "," "," "," "," "," ","!0 !","!","!","!","!","!","!","!","!"]}},"2884":{"4044":{"keys":[35,65],"grid":[" %!-","00"," &!,"," '!+"," (!*"," *!("," ,!&"," .!$"," 0!!","08"," "," "," "," ","08","04"]},"4045":{"keys":[35,65],"grid":[" '!+","00","00","00","00"," &!,"," %!-"," $!."," !!0","!","!","!","!' (!$","!% -","!$ .","!! 0"]},"4046":{"keys":[35],"grid":[" "," "," "," "," "," "," "," "," "," "," "," "," "," "," "," "]},"4043":{"keys":[65,35],"grid":[" "," "," "," "," "," "," "," "," "," "," "," ","!! 0","!# /","!$ .","14"]}},"2885":{"4044":{"keys":[65],"grid":[" "," "," "," "," "," "," "," "," "," "," "," "," "," "," "," "]},"4045":{"keys":[65,35],"grid":[" "," "," "," "," "," "," "," "," "," "," '!+"," $!."," !!0","!","!","!"]}},"2888":{"4045":{"keys":[65,35],"grid":[" "," "," "," "," "," "," "," ","!# /","08","!$ .","!% -","!& ,","!' +","!( *","14"]},"4046":{"keys":[35,65],"grid":[" )!)"," *!("," +!'"," ,!&"," /!#"," "," "," "," "," "," "," "," "," "," "," "]}},"2889":{"4046":{"keys":[65,35],"grid":[" "," "," "," "," $!( '","!- %","!. $","!0 !","!","!","!","!","!","!","!","!"]}},"2817":{"4053":{"keys":[35],"grid":[" "," "," "," "," "," "," "," "," "," "," "," "," "," "," "," "]},"4052":{"keys":[59,35],"grid":[" "," "," "," "," "," "," "," "," "," "," "," "," -!! $"," +!$ $","!# (!% $","!. $"]}},"2816":{"4053":{"keys":[59,35],"grid":[" %!-"," $!.","01","!! !!/","!","!","!","!","!","!","!","!","!","!","!","!"]},"4052":{"keys":[59,35],"grid":[" "," "," "," "," "," "," "," "," "," "," "," -!! $"," '!) #"," &!* #"," &!,"," %!-"]}},"2819":{"4044":{"keys":[35,59],"grid":[" "," "," "," "," "," "," "," "," "," "," "," "," ","!! )!$ %","!$ &!& $","!( !!& $"]},"4045":{"keys":[59,35],"grid":[" /!#"," "," "," "," "," "," "," "," "," "," "," "," "," "," "," "]},"4054":{"keys":[35],"grid":[" "," "," "," "," "," "," "," "," "," "," "," "," "," "," "," "]},"4053":{"keys":[59,35],"grid":[" "," "," "," "," "," "," "," "," "," "," "," "," "," !!$ '!# %","!& $!& $","!. #!!"]},"4041":{"keys":[59,35],"grid":[" "," "," "," "," "," "," "," "," "," "," "," "," "," "," "," ,!# $"]},"4042":{"keys":[59,35],"grid":[" +!% #"," +!'"," ,!&","01"," *!(","01","01","02","01","01","04","04"," )!)","04","04","01"]},"4043":{"keys":[59,35],"grid":[" *!(","00","00"," &!,"," $!."," #!/","05","05","05"," !!0","09","09","!","!","!","!"]}},"2818":{"4044":{"keys":[59,35],"grid":[" .!$","00","00"," -!%"," +!'"," *!(","05","04","03"," /!#"," 0!!","10","10"," "," "," "]},"4053":{"keys":[35,59],"grid":[" %!-"," &!,"," '!+","02"," (!*"," )!)"," +!'"," ,!&","07","07"," -!%"," /!#"," "," "," "," "]},"4052":{"keys":[59,35],"grid":[" "," "," "," "," "," "," "," "," "," "," "," "," "," "," ","!$ ."]},"4043":{"keys":[59,35],"grid":[" "," "," "," "," "," "," "," "," "," "," "," "," "," /!#"," .!$"," -!%"]}},"2899":{"4039":{"keys":[65,35],"grid":[" *!("," )!)"," (!*","02"," '!+","04"," &!,","06"," %!-","08"," $!."," #!/"," !!0","!","!","!"]},"4038":{"keys":[65,35],"grid":[" "," "," "," "," "," "," "," 0!!","07"," /!#","09"," .!$"," -!%"," ,!&","13"," +!'"]},"4035":{"keys":[65,35],"grid":[" "," "," "," "," "," "," "," "," "," "," "," "," "," 0!!"," /!#","14"]},"4037":{"keys":[65],"grid":[" "," "," "," "," "," "," "," "," "," "," "," "," "," "," "," "]},"4036":{"keys":[65,35],"grid":[" /!#"," 0!!"," "," "," "," "," "," "," "," "," "," "," "," "," "," "]}},"2898":{"4039":{"keys":[65,35],"grid":[" "," "," "," "," "," "," "," "," "," "," "," "," "," 0!!"," *!("," )!)"]},"4040":{"keys":[65,35],"grid":[" )!)","00","00","00","00","00"," (!*","!","!","!","!","!","!","!","!","!"]}},"2895":{"4042":{"keys":[65,35],"grid":[" "," "," "," "," "," "," "," "," "," "," "," "," "," /!#"," +!'"," )!)"]},"4043":{"keys":[65,35],"grid":[" '!+"," %!-"," $!."," #!/"," !!0","!","!","!","!","!","!","!","!","!","!","!"]}},"2894":{"4043":{"keys":[65,35],"grid":[" "," "," "," "," "," "," 0!!"," /!#"," .!$"," ,!&"," +!'"," (!*"," %!-","!","!","!"]}},"2897":{"4040":{"keys":[65,35],"grid":[" "," "," "," "," "," "," "," "," "," 0!!","09","09"," /!#","12","12"," .!$"]},"4041":{"keys":[65,35],"grid":[" .!$"," -!%","01","01","01"," ,!&","05","05"," +!'","08"," *!(","10"," )!)"," (!*"," '!+"," &!,"]},"4042":{"keys":[65,35],"grid":[" %!-"," $!.","!","!","!","!","!","!","!","!","!","!","!","!","!","!"]}},"2896":{"4042":{"keys":[65,35],"grid":[" "," "," "," 0!!"," .!$"," +!'"," )!)"," (!*"," '!+"," &!,"," $!."," #!/","!","!","!","!"]}},"2891":{"4045":{"keys":[65,35],"grid":[" "," "," "," "," "," "," "," "," "," "," "," "," "," "," "," *!# &"]},"4046":{"keys":[65,35],"grid":[" )!)"," (!*","01"," '!+"," &!,"," %!-"," $!.","!","!","!","!","!","!","!","!","!"]}},"2890":{"4046":{"keys":[65,35],"grid":[" "," "," "," "," "," "," "," '!$ (","!","!","!","!","!","!","!","!"]}},"2893":{"4044":{"keys":[65,35],"grid":[" '!+","00"," &!,","02","02"," %!-"," #!/"," !!0","!","!","!","!","!","!","!","!"]},"4043":{"keys":[65,35],"grid":[" "," "," "," "," "," "," "," "," "," "," "," "," "," ,!&"," *!("," (!*"]}},"2892":{"4044":{"keys":[65,35],"grid":[" "," "," "," "," "," "," "," "," "," 0!!"," .!$"," /!#","11","11"," -!%"," ,!&"]},"4045":{"keys":[65,35],"grid":[" ,!&"," +!'","01","01","01","01","01"," *!("," )!)","08"," (!*"," '!+"," &!,"," %!-"," $!."," !!0"]},"4046":{"keys":[35],"grid":[" "," "," "," "," "," "," "," "," "," "," "," "," "," "," "," "]}},"2860":{"4046":{"keys":[65,35],"grid":[" "," "," "," "," "," "," "," "," "," "," "," "," ","!$ .","!, &","!/ #"]},"3976":{"keys":[59,65],"grid":[" "," 0!!"," /!#"," .!$"," -!%"," ,!&"," +!'"," *!("," )!)"," (!*"," '!+","10"," &!,"," %!-","13"," $!."]},"4004":{"keys":[65,59],"grid":[" "," "," "," "," "," "," "," "," "," "," "," "," "," "," ","!! 0"]},"4005":{"keys":[59,65],"grid":[" #!/","00"," $!."," %!-","03"," &!,","05"," '!+","07","07","07"," (!*","11","11","11","11"]},"4006":{"keys":[59,65],"grid":[" )!)","00","00","00"," *!(","04","04"," +!'"," ,!&"," -!%"," .!$"," 0!!"," "," "," "," "]},"4035":{"keys":[59,65],"grid":[" /!#","00"," .!$"," -!%"," ,!&","04"," +!'"," *!("," )!)"," (!*","09"," '!+"," &!,"," %!-"," $!."," #!/"]},"4034":{"keys":[59,65],"grid":[" "," "," "," "," "," "," "," "," "," "," "," "," "," "," 0!!","14"]},"3977":{"keys":[59,65],"grid":[" #!/","00"," !!0","!","!","!","!","!","!","!","!","!","!","!","!","!"]},"4036":{"keys":[59,65],"grid":[" !!0","00","!","!","!","!","!","!","!","!","!","!","!","!","!","!"]}},"2910":{"4018":{"keys":[65,35],"grid":[" !!0","!","!","!","!","!","!","!","!","!","!","!","!","!","!","!"]},"4017":{"keys":[65,35],"grid":[" +!'","00"," *!(","02"," )!)","04"," (!*","06"," '!+"," &!,","09"," %!-"," $!.","12"," #!/","14"]},"4016":{"keys":[65,35],"grid":[" /!#"," .!$","01","01","00","00","00"," 0!!","07","00","00","01","01"," -!%","13"," ,!&"]},"4015":{"keys":[65],"grid":[" "," "," "," "," "," "," "," "," "," "," "," "," "," "," "," "]}},"2862":{"4008":{"keys":[59,65],"grid":[" !!0"," #!/"," $!."," &!,"," '!+"," )!)"," +!'"," -!%","07","07","07","07","07","07"," ,!&","14"]},"4009":{"keys":[59,65],"grid":[" -!%","00","00"," .!$"," /!#"," "," "," "," "," "," "," "," "," "," "," "]},"4046":{"keys":[65,35],"grid":[" "," "," "," "," "," "," "," "," "," /!#"," .!$"," ,!&"," +!'"," )!)"," '!+"," !!0"]},"4047":{"keys":[35],"grid":[" "," "," "," "," "," "," "," "," "," "," "," "," "," "," "," "]},"4033":{"keys":[59,65],"grid":[" '!+"," &!,"," %!-"," $!."," #!/"," !!0","!","!","!","!","!","!","!","!","!","!"]},"4007":{"keys":[65],"grid":[" "," "," "," "," "," "," "," "," "," "," "," "," "," "," "," "]},"4026":{"keys":[59,65],"grid":[" "," "," "," "," /!#","04","04"," 0!!"," "," "," "," "," "," "," "," "]},"4030":{"keys":[59,65],"grid":[" 0!!","00","00","00","00"," /!#","05"," .!$","07"," -!%","07","07","05","00"," "," "]},"4024":{"keys":[59,65],"grid":[" -!%"," ,!&","01"," +!'"," *!(","04"," )!)","06","06","06","06","06"," )!$ &"," (!$ '"," (!# ("," "]},"4032":{"keys":[59,65],"grid":[" -!%","00","00"," .!$","00","00","00","00"," ,!&","08"," +!'","10"," *!("," )!)","13"," (!*"]},"3975":{"keys":[59,65],"grid":[" ,!&"," *!("," )!)"," &!,"," !!0","!","!","!","!","!","!","!","!","!","!","!"]},"3974":{"keys":[59,65],"grid":[" "," "," "," "," "," "," "," "," "," "," "," 0!!"," /!#"," .!$"," -!%","14"]},"4031":{"keys":[59,65],"grid":[" "," "," "," "," "," "," "," /!#"," .!$"," -!%"," ,!&","10","10","10","10","09"]},"4023":{"keys":[59,65],"grid":[" "," "," "," 0!!","03"," /!#","05","05","05"," .!$","09","09","09","09","09","09"]},"4029":{"keys":[59,65],"grid":[" "," "," "," "," "," "," "," "," "," "," "," "," "," "," 0!!","14"]}},"2863":{"4009":{"keys":[65,59],"grid":[" "," "," "," "," "," ","!# /","!* (","!0 !","!","!","!","!","!","!","!"]},"4046":{"keys":[65,35],"grid":[" "," "," "," "," "," "," "," "," ","!# /","!% -","10","!& ,","12","!' +","!( *"]},"4047":{"keys":[35,65],"grid":[" (!*"," )!)","01"," *!(","03"," +!'","05"," ,!&","07"," -!%"," .!$"," /!#"," "," "," "," "]},"4027":{"keys":[59,65],"grid":[" %!-","00","00"," &!,","03","03","03","03","03","03","00","00"," $!."," #!/","13","13"]},"3973":{"keys":[59,65],"grid":[" "," "," "," "," "," "," "," "," "," 0!!"," /!#"," .!$"," -!%"," ,!&","13"," +!'"]},"4026":{"keys":[59,65],"grid":[" %!-","00"," #!/","!","!","!","!","!","!","02"," $!.","10","10","10","00","00"]},"4030":{"keys":[65,59],"grid":[" "," "," "," "," "," "," "," "," "," "," "," "," "," ","!# /","!% -"]},"4024":{"keys":[65,59],"grid":[" "," "," "," "," "," "," "," "," "," "," "," "," ","!! 0","!# /","!$ ."]},"4025":{"keys":[59,65],"grid":[" $!."," %!-","01","01","01","01","01","01"," &!,","08"," '!+","10","10","10","08","08"]},"4022":{"keys":[59,65],"grid":[" "," "," 0!!"," /!#","03"," .!$","05"," -!%","07"," ,!&","09"," +!'"," )!)"," (!*"," &!,"," $!."]},"3974":{"keys":[59,65],"grid":[" )!)"," (!*"," '!+","02"," &!,"," %!-"," $!."," #!/","07"," !!0","!","!","!","!","!","!"]},"4031":{"keys":[59,65],"grid":[" %!-","00","00"," $!."," #!/"," !!0","!","!","!","!","!","!","!","!","!","!"]},"4023":{"keys":[59,65],"grid":[" #!/"," !!0","!","!","!","!","!","!","!","!","!","!","!","!","!","!"]},"4028":{"keys":[59,65],"grid":[" !!0","00"," #!/","02","02"," $!."," %!-"," '!+"," (!*"," )!)","09"," *!(","11","11","09","09"]},"4029":{"keys":[59,65],"grid":[" )!)"," (!*","01"," '!+","03"," &!,","05"," %!-"," $!.","08"," #!/"," !!0","!","!","!","!"]}},"2864":{"4009":{"keys":[65,59],"grid":[" "," "," "," "," "," "," "," "," ","!# /","!$ .","!& ,","!' +","!( *","13","!) )"]},"4047":{"keys":[65,35],"grid":[" "," "," "," "," "," "," "," "," "," "," "," ","!! 0","!% ,!!","!* %!$","!"]},"4010":{"keys":[59,65],"grid":[" *!(","00"," +!'"," ,!&"," -!%","04"," .!$","06"," /!#","08"," 0!!","10","10"," "," "," "]},"3973":{"keys":[59,65],"grid":[" $!.","00","00"," #!/","03"," !!0","05","!","!","!","!","!","!","!","!","!"]},"3972":{"keys":[59,65],"grid":[" "," 0!!"," /!#"," .!$"," -!%"," ,!&"," +!'"," *!("," )!)"," (!*"," '!+"," &!,","11"," %!-","13"," $!."]},"4022":{"keys":[65],"grid":[" "," "," "," "," "," "," "," "," "," "," "," "," "," "," "," "]},"4020":{"keys":[59],"grid":[" "," "," "," "," "," "," "," "," "," "," "," "," "," "," "," "]},"4021":{"keys":[59,65],"grid":[" 0!!"," .!$"," -!%"," +!'","03"," *!("," )!)"," (!*"," '!+"," &!,"," %!-","10"," $!."," #!/","13"," !!0"]}},"2865":{"4019":{"keys":[59,65],"grid":[" .!$"," /!#"," 0!!","02","01","00","00"," -!%","07","07"," ,!&","10","10","10","10","10"]},"4047":{"keys":[65,35],"grid":[" '!+","00","00"," (!*","03","00","00"," %!-"," $!."," #!/"," !!0","10","!","!","!","!"]},"4012":{"keys":[59,65],"grid":[" %!-","00","00"," &!,","03","03"," '!+"," *!("," ,!&"," .!$"," 0!!"," "," "," "," "," "]},"4011":{"keys":[59,65],"grid":[" !!0"," #!/"," $!."," %!-"," &!,"," '!+","05"," (!*","07","07","05","05","04","04","03","03"]},"4010":{"keys":[65],"grid":[" "," "," "," "," "," "," "," "," "," "," "," "," "," "," "," "]},"4046":{"keys":[65,35],"grid":[" 0!!"," .!$"," -!%","02"," ,!&"," +!'","05"," *!(","07","07"," )!)","10"," (!*","12","12"," '!+"]},"3971":{"keys":[59,65],"grid":[" .!$"," -!%"," ,!&"," +!'"," *!("," )!)"," (!*","06"," '!+"," &!,"," %!-"," $!."," #!/","12","12"," !!0"]},"3970":{"keys":[59,65],"grid":[" "," "," "," "," "," "," "," "," "," "," "," "," "," "," "," /!#"]},"4018":{"keys":[59,65],"grid":[" "," "," "," "," "," "," "," "," "," "," "," "," "," "," "," .!$"]},"4020":{"keys":[59,65],"grid":[" ,!&"," +!'","01","01","01","01","01","01"," *!(","08","08"," )!)"," '!+"," &!,"," $!."," !!0"]},"3972":{"keys":[65],"grid":[" "," "," "," "," "," "," "," "," "," "," "," "," "," "," "," "]}},"2866":{"4046":{"keys":[35,65],"grid":[" $!."," &!,"," (!*"," *!("," +!'"," -!$ !"," "," "," "," "," "," "," "," "," "," "]},"4018":{"keys":[59,65],"grid":[" /!#"," .!$","01"," -!%","03"," +!'"," *!("," (!*"," '!+"," &!,"," %!-"," $!.","11"," #!/"," !!0","!"]},"3970":{"keys":[59,65],"grid":[" ,!&"," +!'"," *!("," )!)","03"," (!*"," '!+","06"," &!,"," %!-"," $!."," #!/","11"," !!0","!","!"]},"4013":{"keys":[65,59],"grid":[" +!'","00","00","!! *!'","!% &!(","!","!","!","!","!","!","!","!","!","!","!"]},"4012":{"keys":[65,59],"grid":[" "," "," "," "," "," "," "," "," "," "," "," "," ","!! 0","!! -!$","!! +!&"]},"4017":{"keys":[59,65],"grid":[" "," "," "," "," "," "," "," "," "," "," "," "," "," 0!!","13"," /!#"]},"4016":{"keys":[59],"grid":[" "," "," "," "," "," "," "," "," "," "," "," "," "," "," "," "]},"3966":{"keys":[59,65],"grid":[" "," "," "," "," "," "," 0!!","06","06"," /!#","09"," .!$","11","11","11"," -!%"]},"3967":{"keys":[59,65],"grid":[" -!%"," ,!&","01","01","01","01","01"," +!'","07","07","07","07","07","01","01","01"]},"3968":{"keys":[59,65],"grid":[" ,!&","00","00"," -!%","03","03"," .!$","06"," /!#","08"," 0!!"," "," "," "," "," "]},"3969":{"keys":[59,65],"grid":[" "," "," "," "," "," "," "," "," "," 0!!","09"," /!#"," .!$","12"," -!%"," ,!&"]}},"2911":{"4015":{"keys":[65,35],"grid":[" ,!&","00"," +!'","02","02"," *!(","05"," )!)","07"," (!*","09"," '!+"," &!,","12"," %!-"," #!/"]},"4014":{"keys":[65,35],"grid":[" "," "," "," "," "," "," "," "," 0!!","08"," /!#"," .!$","11"," -!%","13","13"]}},"2868":{"4044":{"keys":[65,35],"grid":[" "," "," "," 0!!"," -!%","04"," ,!&","04","04"," .!$","09","09"," /!#","12","12","12"]},"4045":{"keys":[65,35],"grid":[" /!#"," .!$","01","01","01"," -!%"," ,!&"," *!("," (!*"," &!,"," $!."," !!0","!","!","!","!"]},"3964":{"keys":[59,65],"grid":[" &!,","00"," %!-"," $!.","03"," #!/","05"," !!0","07","!","!","!","!","!","!","!"]},"3962":{"keys":[59,65],"grid":[" "," "," "," "," "," "," "," "," "," "," "," "," "," "," 0!!","14"]},"3963":{"keys":[59,65],"grid":[" /!#","00"," .!$","02"," -!%"," ,!&","05"," +!'","07"," *!(","09"," )!)"," (!*","12"," '!+","14"]}},"2869":{"4044":{"keys":[65,35],"grid":[" "," 0!!","01","!( )!!","!) '!#","!* %!$","!","!","!","!","!","!","!","!","!","!"]},"3961":{"keys":[59,65],"grid":[" "," "," 0!!","02"," /!#","04"," .!$"," -!%","07"," ,!&","09"," +!'","11"," *!("," )!)","14"]},"3962":{"keys":[59,65],"grid":[" (!*","00"," '!+","02"," &!,"," %!-","05"," $!.","07"," #!/","09"," !!0","!","!","!","!"]},"4043":{"keys":[65],"grid":[" "," "," "," "," "," "," "," "," "," "," "," "," "," "," "," "]}},"2918":{"4004":{"keys":[65,35],"grid":[" "," "," "," "," "," "," "," "," 0!!"," .!$"," ,!&"," *!("," (!*"," '!+"," &!,"," $!."]},"4005":{"keys":[65,35],"grid":[" #!/"," !!0","!","!","!","!","!","!","!","!","!","!","!","!","!","!"]}},"2919":{"4004":{"keys":[65,35],"grid":[" "," 0!!"," /!#"," ,!&"," *!("," '!+"," $!."," !!0","!","!","!","!","!","!","!","!"]}},"2873":{"4041":{"keys":[65],"grid":[" "," "," "," "," "," "," "," "," "," "," "," "," "," "," "," "]},"4042":{"keys":[35,65],"grid":[" #!/"," $!.","01","01","01"," %!-"," &!,"," (!*"," )!)"," *!(","09","09","09","08","07","06"]},"4043":{"keys":[35,65],"grid":[" %!-","00"," $!.","02","02","00"," /!#"," "," "," "," "," "," "," "," "," "]}},"2872":{"4041":{"keys":[65],"grid":[" "," "," "," "," "," "," "," "," "," "," "," "," "," "," "," "]},"4042":{"keys":[65,35],"grid":[" ,!&"," )!)"," &!,"," $!."," #!/","!","!","!","!","!","!","!","!","!","!","!"]}},"2871":{"4042":{"keys":[65,35],"grid":[" "," "," "," "," "," "," /!#"," -!%"," ,!&"," +!'"," *!("," )!)","11","11","11","11"]},"4043":{"keys":[65,35],"grid":[" )!)","00","00","00","00"," (!*"," '!+","!","!","!","!","!","!","!","!","!"]}},"2870":{"3959":{"keys":[59,"",65],"grid":[" %!-","00","00","00"," -!%","04","04","04"," +!'"," ,!&","04"," .#!!#"," -#%"," ,#&","13"," +#'"]},"3961":{"keys":[65],"grid":[" "," "," "," "," "," "," "," "," "," "," "," "," "," "," "," "]},"3960":{"keys":[59,65],"grid":[" *!(","00"," )!)","02"," (!*","04"," '!+"," &!,","07"," %!-","09"," $!.","11"," #!/"," !!0","14"]},"4043":{"keys":[65,35],"grid":[" "," "," "," "," "," "," -!# #"," (!*"," &!,"," %!-"," $!."," #!/"," !!0","!","!","!"]}},"2877":{"4044":{"keys":[65,35],"grid":[" "," "," "," ","!# /","!' +","!( *","!) )","!* (","08","!+ '","!, &","!. $","!","!","!"]}},"2876":{"4044":{"keys":[65,35],"grid":[" "," "," ","!/ #","!","!","!","!","!","!","!","!","!","!","!","!"]}},"2875":{"4044":{"keys":[35,65],"grid":[" (!*"," +!'"," "," "," "," "," "," "," "," "," "," "," "," "," "," "]},"4043":{"keys":[65,35],"grid":[" "," "," "," "," "," "," "," "," "," "," "," ","!! 0","!$ .","13","!& ,"]}},"2874":{"4043":{"keys":[65,35],"grid":[" "," "," "," "," "," "," ","!% -","!( *","!+ '","!. $","!0 !","!","!","!","!"]}},"2879":{"4044":{"keys":[65,35],"grid":[" "," "," "," 0!!"," /!#"," .!$"," -!%"," ,!&"," +!'"," *!(","!","!","!","!","!","!"]}},"2878":{"4044":{"keys":[65,35],"grid":[" "," "," "," "," "," "," "," "," "," "," +!'"," (!*"," #!/","!","!","!"]}}}}