{"9":{"177":{"302":{"keys":[35,1,62],"grid":[" "," "," ","!! 0","!# /","#!!# .","##!# -","##!$ ,","#%!# +","#%!! ,","08","#&!# *","#'!! *","#'!$ #!# $","#)!& $","#+!% #"]},"303":{"keys":[62,1],"grid":[" .!$"," 0!!","01"," "," "," "," "," "," "," "," "," "," "," "," "," "]},"289":{"keys":[35,1],"grid":[" "," "," "," "," "," "," "," "," "," "," "," "," ","!! 0","13","13"]},"296":{"keys":[61,1,39,35],"grid":[" #!!#.","!$#.","#","#","#","#","#","#","#","#","#","#","#","#","#/!#","#/!!$!"]},"297":{"keys":[39,1,35],"grid":[" /!!#!","00"," +!&#!"," +!##%"," (!&#%"," '!%#'"," %!$#*"," $!##,","07"," #!##-","!$#.","!!#0","11","#","#","#"]},"295":{"keys":[61,1,39],"grid":[" "," "," "," "," "," /!#"," .!##!"," .!!##","07"," +!%##"," *!##&"," *!!#'"," '!! #!!#'"," $!(#'"," #!##-"," #!!#."]},"290":{"keys":[1,35,61],"grid":[" !!0","!","00","00","00","00","00","00","00"," #!/","#! #!.","## !!.","11","11","11","11"]},"291":{"keys":[61,1,35],"grid":[" #!!#-!!"," #!##!!!#)!#"," $!%##!' !"," '!% '"," "," "," "," "," "," "," "," "," "," "," "," "]}},"176":{"301":{"keys":[35,1,62],"grid":[" "," "," "," "," "," "," "," "," "," "," ","!! 0","!# /","#!!# .","##!! .","##!$ ,"]},"302":{"keys":[62,1,35],"grid":[" $!$#+"," &!!#+"," &!!#(!$"," &!!#(!! !!!"," &!!#(!! #"," &!!#&!$ #"," &!!#$!$ %"," &!!##!$ &"," &!% ("," "," "," "," "," "," "," "]},"289":{"keys":[61,1,35],"grid":[" .!##!"," /!!#!","01","01","00"," .!!##","05","05","05","00","00","01","01"," /!#"," "," "]},"288":{"keys":[35,1,61],"grid":[" "," "," "," "," "," "," ","!! 0","!+ '","#*!! '","#*!$ %","#,!! %","11","11","#,!# $","#-!# #"]},"298":{"keys":[39,1,35],"grid":[" -!###"," )!'##"," (!###!##$"," (!##$!!#$"," '!$#("," &!##*"," &!!#+","06"," $!$#+"," #!##-"," #!!#."," !!##.","!##/","#","#","#"]},"296":{"keys":[61,1,39],"grid":[" "," 0!!"," /!#"," /!!#!","02","02","!) '!!#!","!!#%!% %!##!","#)!# #!###","#*!%#$","#","#","#","#","#","#"]},"297":{"keys":[39,1,35],"grid":[" "," "," "," "," "," "," "," "," "," "," "," /!#"," .!$"," -!###"," +!$#$","14"]},"290":{"keys":[61,1],"grid":[" 0!!","00","00"," "," "," ","00"," "," "," "," "," "," "," "," "," "]}},"179":{"296":{"keys":[39,1,35],"grid":[" (!##("," &!%#("," %!%#)"," #!$#,"," #!!#."," !!##.","!##/","#","#","#","#","#","#","#","#","#"]},"294":{"keys":[39,1,35],"grid":[" '!##)","00","00","00","00"," (!##("," )!##'"," *!!#'"," *!##&"," +!##%"," ,!!#%","10","09"," +!!#&","08","08"]},"303":{"keys":[35,1,62],"grid":[" "," "," "," "," "," "," "," "," "," "," "," "," "," ","!% -","!##!!# ,"]},"295":{"keys":[39,1,35],"grid":[" *!##&","00"," *!!#'","02","02"," )!##'","02","05","00","00"," +!!#&","10","00","00","05"," (!##("]},"293":{"keys":[35,1,39],"grid":[" "," "," "," "," "," "," "," ","!# /","08","!% -","!##!!$ +","#%!$ *","#&!# *","#'!! *","#'!# )"]}},"178":{"303":{"keys":[35,1,62],"grid":[" "," !!# .","!( *","#'!# )","#(!! )","#(!# (","#)!! (","06","#)!$ &","#+!# %","#,!# $","#-!# #","#.!# !","#/!#","#0!!","#"]},"296":{"keys":[39,1,35],"grid":[" "," "," "," "," 0!!"," /!#","05"," /!!#!"," *!$ !!##!"," )!'##"," &!(#%"," $!&#)","!'#+","!%#-","!!#0","#"]},"294":{"keys":[61,1,39],"grid":[" &!!#+","00","00","00"," $!$#+"," $!##,"," %!!#,","06","05","05"," %!##+","05","05","05"," $!!#-","14"]},"295":{"keys":[61,1,39],"grid":[" #!##-"," !!##.","!##/","02"," !!!#/","02","!!#0","#","#","#","#","#","#","#","#","#"]},"292":{"keys":[61,1,35],"grid":[" ,!!#%"," ,!##$","01","00","00"," +!##%"," +!!#&"," *!##&"," *!!#'","08","08","08"," )!##'"," )!!#(","12","08"]},"293":{"keys":[61,1,35,39],"grid":[" )!##'"," )!!#("," (!##("," (!!#)"," '!##)"," &!##*"," &!!#+","06"," &!!#*!!"," &!!#'!%"," &!$##!'"," &!%#!!#$%"," %!#$#!$$&"," %!!$%!!$'"," %!!$,"," %!#$+"]},"290":{"keys":[35,1,61],"grid":[" "," "," "," "," "," "," "," "," "," "," "," "," "," %!# +"," $!$ +","!%#!!% ("]},"291":{"keys":[1,61,35],"grid":[" !!' %#&","!+ !#&","!+ ##%","!, ##$","!- !#$","03","!, !#%","06","06","03","!- ###","!. !##","10","04","03","06"]}}},"13":{"2860":{"4858":{"keys":[35,62],"grid":[" "," "," "," "," "," "," "," "," "," "," "," ","!! 0","!# /","!$ .","!% -"]},"4668":{"keys":[61],"grid":[" "," "," "," "," "," "," "," "," "," "," "," "," "," "," "," "]},"4669":{"keys":[61,35],"grid":[" 0!!","00"," /!#","02"," .!$"," -!%"," ,!&"," *!("," )!)"," (!*"," '!+","10"," &!,"," %!-"," $!."," #!/"]},"4697":{"keys":[35,39],"grid":[" "," "," "," "," "," "," "," "," "," "," "," "," "," "," )!' #"," &!* #"]},"4665":{"keys":[35,61],"grid":[" "," "," "," ","!# /","!$ .","!% -","!& ,","!' +","!( *","!) )","!* (","!+ '","!, &","!- %","14"]},"4666":{"keys":[61,35],"grid":[" .!$","00"," /!#"," 0!!","03"," "," "," "," "," "," "," "," "," "," "," "]},"4674":{"keys":[61,35],"grid":[" !!0","00","00","00","!","!","!","!","!","!","!","!","!","!","!","!"]},"4673":{"keys":[35,61],"grid":[" "," "," "," "," "," "," "," "," "," ","!! 0","10","10","10","10","10"]},"4661":{"keys":[61,35],"grid":[" (!*"," '!+"," &!,"," %!-"," $!."," #!/"," !!0","!","!","!","!","!","!","!","!","!"]},"4745":{"keys":[39,35],"grid":[" "," "," ","!! 0","!# /","!$ .","!% -","06","!& ,","!' +","09","!( *","11","!( )!!","!* %!$","!"]},"4670":{"keys":[61,35],"grid":[" !!0","00","!","!","!","!","!","!","!","!","!","!","!","!","!","!"]},"4859":{"keys":[62,35],"grid":[" &!,"," '!+"," )!)"," *!("," +!'"," ,!&"," -!%"," .!$"," /!#"," "," "," "," "," "," "," "]},"4698":{"keys":[35,39],"grid":[" $!- !"," !!0","!","!","!","!","!","!","!","!","!","!","!","!","!","!"]},"4659":{"keys":[35,61],"grid":[" "," "," "," "," "," "," "," "," "," "," "," ","!! 0","12","!# /","14"]},"4660":{"keys":[61,35],"grid":[" $!."," %!-"," &!,"," '!+"," (!*"," )!)"," *!("," +!'"," ,!&","08"," -!%","10","08","06","06","05"]}},"2861":{"4668":{"keys":[61,35],"grid":[" &!,","00","00"," %!-","03"," $!."," #!/","06","06"," !!0","09","09","!","!","!","!"]},"4697":{"keys":[35],"grid":[" "," "," "," "," "," "," "," "," "," "," "," "," "," "," "," "]},"4698":{"keys":[35,39],"grid":[" 0!!"," /!#"," .!$","!! -!$","03","!# ,!$","05","!$ +!$","!% *!$","08","!& )!$","!' )!#","!( (!#","!) %!%","!","!"]},"4666":{"keys":[35,61],"grid":[" "," "," "," "," "," "," ","!! 0","07","07","!# /","10","10","10","!$ .","14"]},"4667":{"keys":[61,35],"grid":[" $!."," %!-","01","01"," &!,","04","04","04","04"," '!+","09","09","09","09","09","09"]},"4745":{"keys":[39,35],"grid":[" #!/","00","00","00","00","00","00","00","00","00"," !!0","10","!","!","!","!"]},"4744":{"keys":[39,35],"grid":[" "," "," "," "," "," "," "," "," -!%"," '!+"," %!-"," $!."," #!/","12","12","12"]},"4859":{"keys":[35,62],"grid":[" "," "," "," "," "," "," "," "," "," ","!! 0","!# /","!$ .","!% -","!& ,","!' +"]},"4860":{"keys":[62,35],"grid":[" (!*"," *!("," +!'"," ,!&"," -!%"," .!$"," /!#"," "," "," "," "," "," "," "," "," "]}},"2862":{"4697":{"keys":[35,39],"grid":[" "," "," "," "," "," +!'"," *!("," )!)","07","07","07","07","07","07","05"," .!$"]},"4743":{"keys":[39,35],"grid":[" )!)"," (!*","01"," '!+","03","03","03","03","03"," &!,","09","09","09","09","03","03"]},"4742":{"keys":[39,35],"grid":[" .!$","00","00","00","00","00"," -!%","06"," ,!&","08"," +!'","10"," *!(","12"," )!)","14"]},"4741":{"keys":[39,35],"grid":[" "," "," "," "," 0!!","04"," /!#","06","06","06","06"," .!$","11","11","11"," -!%"]},"4744":{"keys":[39,35],"grid":[" '!+"," &!,","01","01","01"," %!-"," $!."," !!0","!","!","!","!","!","!","!","!"]},"4698":{"keys":[39,35],"grid":[" !!0"," $!."," %!-"," &!,"," (!*"," )!)"," *!("," +!'"," -!%"," "," "," "," "," "," "," "]},"4860":{"keys":[35,62],"grid":[" "," "," "," "," "," "," "," ","!! 0","!# /","!$ .","!% -","!& ,","!( *","!) )","!* ("]},"4861":{"keys":[62,35],"grid":[" +!'"," ,!&"," -!%"," /!#"," 0!!"," "," "," "," "," "," "," "," "," "," "," "]}},"2863":{"4697":{"keys":[35,39],"grid":[" /!#"," .!$"," -!%"," ,!&","03"," +!'","!# (!(","!","!","!","!","!","!","!","!","!"]},"4696":{"keys":[35,39],"grid":[" "," "," "," "," "," "," "," "," "," "," "," "," "," "," 0!!"," /!#"]},"4698":{"keys":[39,35],"grid":[" ","!# /","!$ .","02","!% -","04","04","04","02"," "," "," "," "," "," "," "]},"4741":{"keys":[39,35],"grid":[" %!% )"," $!' ("," !!) (","!+ '","03","03","!, &","06","06","03","03","03","!* (","12","12","12"]},"4740":{"keys":[39],"grid":[" "," "," "," "," "," "," "," "," "," "," "," "," "," "," "," "]},"4742":{"keys":[35,39],"grid":[" +!'"," -!%"," "," "," "," "," "," "," "," "," "," "," "," "," "," "]},"4862":{"keys":[62,35],"grid":[" ,!&"," /!#"," 0!!","02","02","02"," "," "," "," "," "," "," "," "," "," "]},"4861":{"keys":[35,62],"grid":[" "," "," "," "," "," ","!! 0","!# /","!$ .","!% -","!& ,","!( *","!) )","!* (","!+ '","!, &"]}},"2864":{"4697":{"keys":[39,35],"grid":[" 0!!","00"," /!#"," .!$","03"," -!%"," ,!&","06"," +!'"," *!(","09"," )!)","11"," (!*","13","13"]},"4696":{"keys":[35,39],"grid":[" "," "," "," "," "," ,!&"," +!'"," )!)"," (!*"," '!+"," &!,"," $!."," #!/"," !!0","!","!"]},"4699":{"keys":[39,35],"grid":[" ,!&"," -!%"," .!$","02"," /!#"," 0!!","05"," "," "," "," "," "," "," "," "," "]},"4742":{"keys":[39,35],"grid":[" "," "," ","!) )","!","!","!","!","!","!","!","!","!","!","!","!"]},"4698":{"keys":[39,35],"grid":[" '!+","00","00"," (!*","03","03"," )!)","06","06"," *!(","09","09"," +!'","12","12"," ,!&"]},"4862":{"keys":[35,62],"grid":[" "," "," "," "," "," "," "," ","!% -","!' +","!( *","!) )","!* (","!, &","!- %","!. $"]},"4863":{"keys":[62,35],"grid":[" -!%","00"," .!$"," /!#","03"," 0!!"," "," "," "," "," "," "," "," "," "," "]}},"2865":{"4697":{"keys":[35,39],"grid":[" "," "," "," "," "," "," "," "," "," "," "," "," "," "," (!! )"," &!& '"]},"4696":{"keys":[35,39],"grid":[" "," "," "," "," "," ","!! 0","06","06","06","06","06"," "," "," "," "]},"4699":{"keys":[35,39],"grid":[" $!.","00","00","00"," #!/","04"," !!0","!","!","!","!","!","!","!","!","!"]},"4742":{"keys":[39,35],"grid":[" (!*"," '!+"," &!,","!","!","!","!","!","!","!","!","!","!","!","!","!"]},"4741":{"keys":[39,35],"grid":[" "," "," "," 0!!"," /!#","04"," .!$"," -!%","07"," ,!&","09"," +!'","11"," *!(","13"," )!)"]},"4698":{"keys":[35,39],"grid":[" &!& '"," &!' &"," %!) %","02"," %!* $","04"," $!, #"," $!- !"," $!.","08","08","08","08","08","08","08"]},"4862":{"keys":[35,62],"grid":[" "," "," "," "," "," "," "," "," "," "," "," "," 0!!","12","12"," /!#"]},"4863":{"keys":[35,62],"grid":[" -!%","00"," (!# #!&"," '!+","03","03"," %!-","!# !!.","!# #!-","!","!","!","!","!","!","!"]}},"2848":{"4749":{"keys":[39,35],"grid":[" &!,","00"," %!-","02","02","02","02"," $!.","07","07","07","07"," #!/","12","12","12"]},"4748":{"keys":[39,35],"grid":[" "," -!# #"," ,!&"," +!'","03"," *!(","05","05"," )!)","08","08"," (!*","11"," '!+","13","13"]},"4750":{"keys":[39,35],"grid":[" !!0","00","!","!","!","!","!","!","!","!","!","!","!","!","!","!"]},"4726":{"keys":[39,61],"grid":[" !!+ &"," #!* &"," $!& )"," "," "," "," "," "," "," "," "," "," "," "," "," "]},"4723":{"keys":[61,39],"grid":[" /!#","00","00"," .!$","03","00","00","00"," 0!!"," "," "," "," "," "," "," "]},"4722":{"keys":[61,39],"grid":[" "," "," "," "," "," "," "," "," "," "," 0!!","10","10","10"," /!#","14"]},"4655":{"keys":[35,61],"grid":[" "," "," "," "," "," "," "," "," "," "," "," "," "," /!#"," -!%"," #!$ (!%"]},"4725":{"keys":[61,39],"grid":[" "," "," "," "," "," "," "," "," "," 0!!"," /!#","10"," .!$"," -!%","13"," ,!&"]},"4656":{"keys":[35,61],"grid":[" !!) #!&","!","!","!","!","!","!","!","!","!","!","!","!","!","!","!"]},"4850":{"keys":[35,62],"grid":[" "," -!%"," ,!&","!! &!+","!# $!,","!","!","!","!","!","!","!","!","!","!","!"]}},"2849":{"4749":{"keys":[35,39],"grid":[" %!-"," &!,","01","01"," '!+"," (!) !"," )!' #"," *!% $"," "," "," "," "," "," "," "," "]},"4748":{"keys":[39,35],"grid":[" "," "," ","!# /","03","03","!$ .","06","06","06","06","!% -","11","11","11","11"]},"4725":{"keys":[61,39],"grid":[" &!,","00"," %!-"," $!.","03"," #!/"," !!0","!","!","!","!","!","!","!","!","!"]},"4724":{"keys":[61,39],"grid":[" $!."," %!-","01"," &!,","03","03","03","03","03","03","03","03","03","03","03","03"]},"4721":{"keys":[61,39],"grid":[" "," "," "," "," "," "," "," "," "," "," /!#"," .!$"," -!%"," +!'"," *!("," (!*"]},"4723":{"keys":[39,61],"grid":[" "," "," "," "," "," "," "," "," "," ","!! 0","10","!# /","12","12","!$ ."]},"4722":{"keys":[61,39],"grid":[" '!+","00"," &!,"," %!-","03"," $!."," #!/"," !!0","07","!","!","!","!","!","!","!"]},"4655":{"keys":[35,61],"grid":[" "," "," "," "," 0!!"," /!#","05"," .!$"," *!("," #!$ #!*"," #!/"," !!0","!","!","!","!"]},"4849":{"keys":[35,62],"grid":[" "," "," "," "," "," "," "," "," "," "," "," "," "," "," 0!!"," +!'"]},"4850":{"keys":[35,62],"grid":[" )!)"," !!! %!+","!$ !!-","!","!","!","!","!","!","!","!","!","!","!","!","!"]}},"2846":{"4753":{"keys":[39,35],"grid":[" +!'","00","00"," *!("," )!)"," (!*"," '!+"," &!,"," %!-","08"," $!."," #!/"," !!0","12","12","12"]},"4750":{"keys":[39,35],"grid":[" "," "," "," "," "," "," "," "," "," 0!!"," .!$"," -!%"," +!'"," *!(","13","13"]},"4751":{"keys":[39,35],"grid":[" *!(","00","00","00","00","00"," +!'","06","06","06","06","06","06","06","06","06"]},"4752":{"keys":[39,35],"grid":[" +!'","00"," ,!&","02","02","02","02","02","02","02","02","02","02","02","02","00"]},"4726":{"keys":[61,39],"grid":[" &!,"," %!-"," #!/"," !!0","!","!","!","!","!","!","!","!","!","!","!","!"]},"4754":{"keys":[35],"grid":[" "," "," "," "," "," "," "," "," "," "," "," "," "," "," "," "]},"4725":{"keys":[61,39],"grid":[" "," "," "," "," "," "," "," "," "," "," "," "," "," /!#"," ,!&"," )!)"]},"4657":{"keys":[35,61],"grid":[" "," 0!!","01"," /!#","03"," .!$"," -!%","06"," ,!&"," +!'","09"," *!("," )!)"," '!+"," &!,"," $!."]},"4848":{"keys":[35,62],"grid":[" "," "," "," "," "," "," "," "," "," .!# !"," -!%"," $!$ '!%"," #!( #!&","!","!","!"]},"4658":{"keys":[35,61],"grid":[" !!0","!","!","!","!","!","!","!","!","!","!","!","!","!","!","!"]}},"2847":{"4750":{"keys":[39,35],"grid":[" "," "," "," "," 0!!","04"," /!#","06"," !!! +!%","!+ !!&","!","!","!","!","!","!"]},"4725":{"keys":[61,39],"grid":[" "," "," "," "," "," "," "," "," "," "," "," &!& '","!. $","!/ #","!0 !","!"]},"4657":{"keys":[61],"grid":[" "," "," "," "," "," "," "," "," "," "," "," "," "," "," "," "]},"4656":{"keys":[35,61],"grid":[" "," "," 0!!","02"," /!#","04","04","04","04"," -!%"," *!("," (!*"," %!-"," $!."," #!/"," !!0"]},"4848":{"keys":[35,62],"grid":[" "," "," "," "," "," "," "," "," "," "," ","!! 0","11","11","11","!# /"]},"4849":{"keys":[62,35],"grid":[" #!/"," $!.","01"," %!-"," '!+"," (!*"," *!("," +!'","07","07","07","07"," ,!&"," -!%","13"," /!#"]},"4850":{"keys":[62,35],"grid":[" 0!!","00"," "," "," "," "," "," "," "," "," "," "," "," "," "," "]}},"2844":{"4729":{"keys":[61,39],"grid":[" "," (!! )","!","!","!","!","!","!","!","!","!","!","!","!","!","!"]},"4754":{"keys":[39,35],"grid":[" "," "," "," "," .!$"," +!'"," *!(","06","06"," )!)","09","09"," (!*"," '!+"," &!,","!"]},"4845":{"keys":[35,62],"grid":[" "," "," "," "," "," "," "," "," "," "," ","!! $!! ,","!' +","12","!( *","14"]},"4846":{"keys":[62,35],"grid":[" (!*"," )!)"," *!(","02","02"," ,!&"," -!%"," /!#","07","07","07","07","07","07","07","07"]},"4847":{"keys":[62,35],"grid":[" 0!!"," "," "," "," "," "," "," "," "," "," "," "," "," "," "," "]},"4658":{"keys":[35,61],"grid":[" "," "," .!$"," ,!&"," *!("," (!*"," &!,"," $!."," !!0","!","!","!","!","!","!","!"]}},"2845":{"4729":{"keys":[61,39],"grid":[" &!,"," $!.","!","!","!","!","!","!","!","!","!","!","!","!","!","!"]},"4728":{"keys":[61,39],"grid":[" ,!&","00","00","00","00"," +!'","05","05","05","05"," *!(","10"," )!)","12"," (!*"," '!+"]},"4727":{"keys":[61,39],"grid":[" +!'","00","00","00"," ,!&","04","04","04","04","04","04","04","04","04","04","04"]},"4726":{"keys":[61,39],"grid":[" "," "," "," "," 0!!"," /!#"," -!%","06"," ,!&","08"," +!'","10","10","10","10","10"]},"4754":{"keys":[39,35],"grid":[" "," "," 0!!","02","!! .!#","!$ *!%","!& &!'","!","!","!","!","!","!","!","!","!"]},"4848":{"keys":[62,35],"grid":[" ,!&"," 0!!","01","01"," /!#","01","01","04"," .!$","08","08","08","04"," "," "," "]},"4847":{"keys":[35,62],"grid":[" ","!! 0","!% -","!' +","!( *","!) )","05","!* (","07","07","05","03","03","03","03","04"]},"4658":{"keys":[35,61],"grid":[" ","!( (!#","!","!","!","!","!","!","!","!","!","!","!","!","!","!"]}},"2842":{"4730":{"keys":[61,39],"grid":[" *!("," )!)","01"," (!*"," '!+"," %!-"," #!/","!","!","!","!","!","!","!","!","!"]},"4729":{"keys":[61,39],"grid":[" "," "," "," "," "," "," "," "," "," /!#","09"," .!$"," -!%"," ,!&","13"," +!'"]},"4754":{"keys":[39,35],"grid":[" "," "," "," "," .!$"," -!%"," ,!&"," +!'"," *!(","08","08"," )!)","11","11","08","07"]},"4755":{"keys":[39,35],"grid":[" ,!&"," .!$"," /!#"," "," "," "," "," "," "," "," "," "," "," "," "," "]},"4756":{"keys":[39,35],"grid":[" "," "," ","!, &","!/ #","!","!","!","!","!","!","!","!","!","!","!"]},"4846":{"keys":[35,62],"grid":[" "," "," "," "," "," "," "," "," "," "," "," "," "," ","!! 0","!# /"]},"4847":{"keys":[62,35],"grid":[" %!-"," '!+"," )!)"," *!("," ,!&"," -!%"," .!! #"," "," "," "," "," "," "," "," "," "]},"4658":{"keys":[35,61],"grid":[" "," "," "," "," "," "," "," "," $!% *"," !!+ &","!/ #","!","!","!","!","!"]}},"2843":{"4729":{"keys":[61,39],"grid":[" "," "," .!$"," *!("," '!+"," %!-"," #!/"," !!0","!","!","!","!","!","!","!","!"]},"4754":{"keys":[39,35],"grid":[" "," "," "," $!# ,","!( *","04","!) )","!* (","07","!+ '","!, &","!- %","!. $","!/ #","!0 !","!"]},"4755":{"keys":[35,39],"grid":[" "," "," "," ","!! 0","!$ .","!% -","!' +","!* (","!+ '","!, &","!- %","!. $","!/ #","13","13"]},"4756":{"keys":[39,35],"grid":[" /!#","00","00","00","00","!# ,!$","!& (!%","!* #!&","!","!","!","!","!","!","!","!"]},"4845":{"keys":[35,62],"grid":[" "," "," "," "," "," "," "," "," "," "," "," "," -!%"," ,!&"," +!'","13"]},"4846":{"keys":[35,62],"grid":[" -!%"," ,!&"," +!'","01","01","01","01","02","02"," *!(","09"," )!)"," '!+"," &!,","13"," #!/"]},"4847":{"keys":[35,62],"grid":[" #!/","00","00"," !!0","03","00","00","!","!","!","!","!","!","!","!","!"]},"4658":{"keys":[35,61],"grid":[" "," "," "," "," "," "," "," "," "," "," .!$","!","!","!","!","!"]}},"2840":{"4733":{"keys":[61,39],"grid":[" "," "," "," "," "," "," .!$"," +!'"," (!*"," &!,"," #!/","!","!","!","!","!"]},"4756":{"keys":[39,35],"grid":[" "," "," "," "," "," "," ","!' +","!) )","!+ '","09","!, &","!- %","12","!. $","!/ #"]},"4757":{"keys":[35,39],"grid":[" /!#"," 0!!"," "," "," "," "," "," "," "," "," "," "," "," "," "," "]},"4845":{"keys":[35,62],"grid":[" "," "," "," "," "," "," "," "," "," ","!& ,","10","!+ '","12","!, &","!- %"]},"4846":{"keys":[62,35],"grid":[" -!%"," ,!&","00"," 0!!","03"," "," "," "," "," "," "," "," "," "," "," "]},"4659":{"keys":[35,61],"grid":[" "," "," "," "," 0!!","!# (!(","!","!","!","!","!","!","!","!","!","!"]}},"2841":{"4732":{"keys":[61,39],"grid":[" !!0"," #!/","01"," $!.","03","03"," %!-","06","06"," &!,","09"," '!+"," (!*","12","12","12"]},"4733":{"keys":[61,39],"grid":[" (!*"," '!+","01"," &!,"," $!.","!","!","!","!","!","!","!","!","!","!","!"]},"4730":{"keys":[61,39],"grid":[" "," "," "," "," "," "," "," "," /!#"," -!%"," +!'"," *!("," )!)"," (!*"," '!+"," &!,"]},"4731":{"keys":[61,39],"grid":[" %!-"," $!.","01","01"," #!/","04","04"," !!0","07","07","07","07","07","!","07","07"]},"4756":{"keys":[39,35],"grid":[" "," "," "," 0!!"," .!$"," ,!&","05"," +!'"," *!(","08","07","07","07","07","07","07"]},"4757":{"keys":[39,35],"grid":[" +!'"," ,!&","01","!! *!'","!# )!'","!$ '!(","!& $!)","!' !!*","!","!","!","!","!","!","!","!"]},"4846":{"keys":[35,62],"grid":[" "," "," "," "," "," ","!! 0","!# /","!% -","!& ,","!+ '","10","10","!, $!#","!","!"]},"4659":{"keys":[35,61],"grid":[" )!)"," &!,"," $!."," !!0","!","!","!","!","!","!","!","!","!","!","!","!"]},"4658":{"keys":[35,61],"grid":[" "," "," "," "," "," "," "," "," "," "," 0!!"," /!#"," .!$"," -!%"," +!'"," *!("]}},"2816":{"4828":{"keys":[62,35],"grid":[" +!'","00"," ,!&"," "," "," "," "," "," "," "," "," "," "," "," "," "]},"4743":{"keys":[61,39],"grid":[" ,!&"," *!("," (!*","02"," '!+"," &!,"," %!-"," $!.","07"," #!/"," !!0","!","!","!","!","!"]},"4742":{"keys":[61,39],"grid":[" "," "," "," "," "," "," "," "," "," "," "," "," "," "," 0!!"," .!$"]},"4827":{"keys":[35,62],"grid":[" "," "," "," "," "," !!& +"," !!( )","!* (","07","07","!( *","!& ,","11","10","!) )","!+ '"]},"4780":{"keys":[39,35],"grid":[" "," "," 0!!"," +!'","!","!","!","!","!","!","!","!","!","!","!","!"]},"4615":{"keys":[35,61],"grid":[" "," "," "," !!$ -","!& ,","04","!' +","06","06","06","06","06","!( *","!* (","!, &","14"]},"4616":{"keys":[61,35],"grid":[" .!$","00","00"," /!! !"," "," "," "," "," "," "," "," "," "," "," "," "]}},"2828":{"4770":{"keys":[39,35],"grid":[" .!$","00","00"," -!%","03","03","03","03","03","03","03","03","03","03","!! +!&","14"]},"4771":{"keys":[35,39],"grid":[" !!* '"," #!) '"," %!& ("," "," "," "," "," "," "," "," "," "," "," "," "," "]},"4837":{"keys":[35,62],"grid":[" ","!$ (!! &"," !!# (!$ $","!% &!% $","!% %!& $","!& $!' #","!","!","!","!","!","!","!","!","!","!"]},"4744":{"keys":[61,39],"grid":[" "," "," 0!!"," /!#"," .!$"," -!%"," ,!&","06"," +!'"," *!("," )!)"," (!*"," '!+"," &!,","13"," %!-"]},"4622":{"keys":[35],"grid":[" "," "," "," "," "," "," "," "," "," "," "," "," "," "," "," "]},"4623":{"keys":[61,35],"grid":[" #!/"," $!."," &!,"," )!)"," *!(","04"," +!'","06"," ,!&","08"," -!%"," .!$"," /!#","12"," 0!!"," "]},"4765":{"keys":[39,35],"grid":[" "," "," "," "," "," "," "," "," 0!!"," .!$"," -!%"," ,!&"," +!'"," *!("," )!)"," &!,"]},"4745":{"keys":[61,39],"grid":[" $!.","00"," #!/","02","02"," !!0","05","!","!","!","!","!","!","!","!","!"]},"4767":{"keys":[35,39],"grid":[" "," "," "," "," "," "," "," "," "," "," "," ","!! 0","!# /","!$ .","!% -"]},"4766":{"keys":[35],"grid":[" "," "," "," "," "," "," "," "," "," "," "," "," "," "," "," "]},"4769":{"keys":[39,35],"grid":[" "," "," "," "," "," "," "," "," "," "," "," "," 0!!","12"," /!#","14"]},"4768":{"keys":[39,35],"grid":[" &!,"," '!+"," (!*"," )!)"," +!'"," -!%"," /!#"," 0!!"," "," "," "," "," "," "," "," "]}},"2829":{"4768":{"keys":[35,39],"grid":[" "," "," "," "," "," "," "," "," ","!! 0","!# /","!$ .","11","!% -","13","13"]},"4743":{"keys":[61,39],"grid":[" "," "," "," "," "," "," "," "," "," "," "," 0!!"," /!#"," ,!&"," )!)"," &!,"]},"4629":{"keys":[61,35],"grid":[" +!'"," ,!&","00","00"," *!(","04","04","04","04"," )!)","09"," (!*","11","11","11","11"]},"4835":{"keys":[35,62],"grid":[" (!$ !!&"," (!*"," '!+","01","01","01"," )!)"," *!(","07","07","07","07","07","07"," +!'"," ,!&"]},"4834":{"keys":[35,62],"grid":[" "," "," "," "," "," "," "," "," "," /!#","09"," .!$"," -!%","11","12","12"]},"4837":{"keys":[35,62],"grid":[" (!*","00","00"," &!,","03","03"," $!.","!","!","!","!","!","!","!","!","!"]},"4836":{"keys":[35,62],"grid":[" ,!&"," -!%"," .!$","02","02","02","01","00","00"," )!)","09"," (!*"," '!+","12","11","11"]},"4633":{"keys":[61,35],"grid":[" 0!!","00","00"," "," "," "," "," "," "," "," "," "," "," "," "," "]},"4632":{"keys":[61,35],"grid":[" ,!&","00"," -!%","00"," +!'","04","04","00","02"," .!$","02","02","00"," 0!!"," ","13"]},"4631":{"keys":[61,35],"grid":[" '!+","00"," (!*"," +!'","03"," ,!&","05","05","05","03","03","03","03","03","05","05"]},"4623":{"keys":[35,61],"grid":[" "," "," "," "," "," "," "," "," "," "," "," "," "," "," ","!! 0"]},"4765":{"keys":[39,35],"grid":[" '!+"," &!,","01"," %!-"," $!."," #!/"," !!0","!","!","!","!","!","!","!","!","!"]},"4764":{"keys":[39,35],"grid":[" "," "," "," "," "," "," "," "," "," "," "," "," 0!!"," +!'"," )!)"," (!*"]},"4634":{"keys":[61,35],"grid":[" "," "," "," "," "," "," "," 0!!","07","07"," /!#"," "," "," "," "," "]},"4628":{"keys":[61,35],"grid":[" "," "," "," "," "," "," 0!!","06","06","06"," /!#"," .!$","11"," ,!&"," +!'","14"]},"4624":{"keys":[61,35],"grid":[" $!."," %!-"," '!+"," (!*"," *!("," +!'"," -!%"," /!#","07"," 0!!"," "," "," "," "," "," "]},"4630":{"keys":[61,35],"grid":[" (!*","00","00"," '!+"," &!,","04","04","04","03","03","00","00","00","00","03","03"]},"4744":{"keys":[61,39],"grid":[" #!/","!","!","!","!","!","!","!","!","!","!","!","!","!","!","!"]},"4769":{"keys":[39,35],"grid":[" $!.","00"," #!/","02","02","02","02"," !!0","07","!","!","!","!","!","!","!"]}},"2824":{"4839":{"keys":[35,62],"grid":[" "," "," "," "," "," "," "," "," "," "," "," "," "," 0!!","13"," /!#"]},"4743":{"keys":[61,39],"grid":[" ","!! 0","!$ .","!% -","!& ,","!' +","!( *","!) )","07","!* (","09","!+ '","!, &","12","!- %","14"]},"4744":{"keys":[39,61],"grid":[" .!$","00","00","00","00"," /!#","05","05"," 0!!","08"," "," "," "," "," "," "]},"4772":{"keys":[39,35],"grid":[" &!,"," '!+","01","01","01","01","01","01","00","!","!","!","!","!","!","!"]},"4770":{"keys":[39,35],"grid":[" $!."," #!/"," !!0","!","!","!","!","!","!","!","!","!","!","!","!","!"]},"4771":{"keys":[35,39],"grid":[" "," "," ","!! 0","03","!# /","05","!$ .","07","07","07","!% -","11","11","!& ,","14"]},"4769":{"keys":[39,35],"grid":[" "," "," "," "," "," -!%"," *!("," )!)"," (!*","08"," '!+","10"," &!,","12"," %!-"," $!."]},"4840":{"keys":[35,62],"grid":[" /!#"," .!$","01"," -!%","03"," ,!&","!! +!&","!! *!'","!! '!*","!$ %!*","!","!","!","!","!","!"]},"4616":{"keys":[35,61],"grid":[" "," "," "," "," "," /!#"," *!(","06","06"," (!*"," %!-","!","!","!","!","!"]}},"2825":{"4839":{"keys":[35,62],"grid":[" 0!!"," "," ","00","00"," /!#"," .!$"," -!%","07"," ,!&"," +!'"," #!# '!'","!","!","!","!"]},"4838":{"keys":[35],"grid":[" "," "," "," "," "," "," "," "," "," "," "," "," "," "," "," "]},"4745":{"keys":[39,61],"grid":[" )!)"," +!'"," -!%"," .!$"," 0!!"," "," "," "," "," "," "," "," "," "," "," "]},"4744":{"keys":[61,39],"grid":[" "," "," "," "," "," "," "," "," "," "," ","!! 0","!# /","!$ .","!% -","!( *"]},"4618":{"keys":[61],"grid":[" "," "," "," "," "," "," "," "," "," "," "," "," "," "," "," "]},"4769":{"keys":[39,35],"grid":[" "," "," "," "," ","!# /","!& ,","!) )","!, &","!0 !","!","!","!","!","!","!"]},"4617":{"keys":[61,35],"grid":[" (!*","00"," )!)","02","02"," *!(","05","05","05","05"," +!'"," ,!&","11"," -!%"," /!#"," 0!!"]},"4616":{"keys":[35,61],"grid":[" "," "," "," "," ","!! 0","!# /","!% -","07","!& ,","09","!' +","11","11","!( *","14"]}},"2826":{"4839":{"keys":[62],"grid":[" "," "," "," "," "," "," "," "," "," "," "," "," "," "," "," "]},"4838":{"keys":[35,62],"grid":[" "," "," "," "," "," "," "," "," /!#"," .!$"," 0!!"," "," "," ","10","09"]},"4745":{"keys":[61,39],"grid":[" "," "," "," "," "," ","!# /","!% -","!& ,","!( *","!) )","!, &","!. $","!","!","!"]},"4618":{"keys":[35,61],"grid":[" ","!! 0","!# /","02","!$ .","04","!% -","06","!& ,","08","!' +","!( *","11","!) &!$","!","!"]},"4767":{"keys":[39,35],"grid":[" -!%","00"," .!$","02"," 0!!"," "," "," "," "," "," "," "," "," "," "," "]},"4766":{"keys":[39,35],"grid":[" "," "," "," "," "," "," /!#"," .!$"," -!%"," ,!&","09"," +!'","11","11","09","09"]},"4769":{"keys":[39,35],"grid":[" "," "," "," "," "," "," "," "," "," ","!0 !","!","!","!","!","!"]}},"2827":{"4838":{"keys":[35,62],"grid":[" /!#"," )!)","01","01"," (!*","04"," '!+","06","!# $!,","!","!","!","!","!","!","!"]},"4770":{"keys":[35,39],"grid":[" -!%"," .!$","01"," /!#","03","03"," 0!!","06","06","06"," "," "," "," "," "," "]},"4621":{"keys":[61,35],"grid":[" '!+"," &!,","01","01"," (!*","04","04","04","04","04","04","04","04","04"," )!)","14"]},"4745":{"keys":[61,39],"grid":[" "," "," "," "," "," "," "," "," "," 0!!","09"," .!$"," -!%"," )!)","!","!"]},"4619":{"keys":[61,35],"grid":[" )!)"," *!(","01","00","00","00","01"," +!'"," ,!&","08","07","07","07","07","08","08"]},"4618":{"keys":[35,61],"grid":[" "," "," "," "," "," "," "," "," "," "," "," "," "," '!! *","!( *","!) )"]},"4622":{"keys":[61,35],"grid":[" *!(","00","00"," +!'","03","03"," ,!&","06"," -!%"," .!$","09"," /!#","11"," 0!!","13"," "]},"4837":{"keys":[35,62],"grid":[" "," "," "," "," "," "," "," "," "," "," "," 0!!"," /!#","12"," .!$","12"]},"4767":{"keys":[35,39],"grid":[" "," "," "," "," ","!$ .","!( *","!+ '","!- %","!. $","!/ #","!","!","!","!","!"]},"4766":{"keys":[39,35],"grid":[" 0!!"," ,!&"," )!)"," &!,"," #!/","!","!","!","!","!","!","!","!","!","!","!"]},"4769":{"keys":[39,35],"grid":[" "," "," "," "," "," "," "," "," "," ","!# /","!& ,","!( *","!* (","!+ '","!, &"]},"4620":{"keys":[61,35],"grid":[" ,!&","00","00"," -!%","00","00","00","00"," +!'","00","00","08"," *!("," (!*","13","13"]}},"2820":{"4776":{"keys":[39,35],"grid":[" "," "," 0!!"," .!$"," ,!&"," )!)"," (!*"," '!+"," %!-"," $!.","09"," #!/"," !!0","!","!","!"]},"4742":{"keys":[61,39],"grid":[" "," "," "," "," "," ","!( *","!+ '","!. $","!","!","!","!","!","!","!"]},"4832":{"keys":[62,35],"grid":[" $!."," %!-","01","01","00","00","00","00","00","01"," )!! %!$"," .!$","11"," /!#"," "," "]},"4616":{"keys":[35,61],"grid":[" "," "," "," %!$ #!! '"," $!( '"," $!* !!# !"," #!/","!","!","!","!","!","!","!","!","!"]},"4831":{"keys":[35,62],"grid":[" "," "," "," "," "," "," "," "," "," "," "," "," ","!! 0","!# /","!$ ."]}},"2821":{"4839":{"keys":[62,35],"grid":[" &!,","00"," '!+","00","00","00","00","00"," %!-","08","08","08","08","08","00","00"]},"4838":{"keys":[62,35],"grid":[" (!*","00"," )!)","02","00"," '!+","05","05","05"," &!,","09","09","09"," %!-","13","09"]},"4743":{"keys":[39,61],"grid":[" 0!!"," "," "," "," "," "," "," "," "," "," "," "," "," "," "," "]},"4742":{"keys":[61,39],"grid":[" "," "," "," "," "," "," "," "," "," ","!# /","!% -","!' +","!) )","!+ '","!- %"]},"4833":{"keys":[62,35],"grid":[" $!.","00"," #!/","02","02"," &!,"," '!+","06","06","05","05","05"," (!*"," )!)","13"," *!("]},"4832":{"keys":[35,62],"grid":[" "," "," "," "," "," "," "," "," "," "," "," "," "," ","!! 0","!$ ."]},"4835":{"keys":[62,35],"grid":[" /!#"," .!$","01"," -!%"," ,!&","04","04","04"," +!'","08"," *!(","10"," )!)","12","12","12"]},"4834":{"keys":[62,35],"grid":[" *!(","00","00","00","00"," +!'"," ,!&"," -!%"," /!#","08","08","08","08","08","08","08"]},"4837":{"keys":[62,35],"grid":[" '!+"," &!,","00"," )!)"," (!*","00","04","03","03","04","04","04","04","03"," *!(","03"]},"4836":{"keys":[62,35],"grid":[" )!)","00"," (!*","02","02","00","00"," *!(","07","00","02","02","02","02","02","02"]},"4776":{"keys":[39,35],"grid":[" %!-"," #!/","!","!","!","!","!","!","!","!","!","!","!","!","!","!"]},"4774":{"keys":[39,35],"grid":[" !!0","00"," #!/","02","02","02"," $!.","06"," %!-"," &!,"," '!+","10"," (!*"," )!)","13"," *!("]},"4775":{"keys":[39,35],"grid":[" *!("," +!'","01"," ,!&","03","03","03","03","01","01","01","00"," )!)"," (!*"," '!+"," &!,"]},"4773":{"keys":[39,35],"grid":[" 0!!"," -!%"," +!'"," )!)"," (!*"," '!+"," &!,"," %!-","07"," $!.","09"," #!/","11","11","11"," !!0"]},"4840":{"keys":[62,35],"grid":[" '!+","00","00","00"," (!*","04","04"," )!)","07","07","07"," )!( !"," (!) !"," "," "," "]},"4616":{"keys":[35,61],"grid":[" "," "," .!$","02","02"," -!%"," ,!&","!( $!'","07","!' #!)","!","!","!","!","!","!"]}},"2822":{"4743":{"keys":[61,39],"grid":[" *!(","!# %!+","!","!","!","!","!","!","!","!","!","!","!","!","!","!"]},"4742":{"keys":[61,39],"grid":[" "," "," "," "," "," "," "," "," "," "," "," "," "," "," "," ,!&"]},"4772":{"keys":[39,35],"grid":[" "," "," "," "," "," "," "," "," "," "," "," "," "," "," 0!!"," &!,"]},"4773":{"keys":[35],"grid":[" "," "," "," "," "," "," "," "," "," "," "," "," "," "," "," "]},"4840":{"keys":[35,62],"grid":[" "," "," "," "," "," "," "," "," "," !!& +","!+ '","!- %","!0 !","!","!","!"]},"4616":{"keys":[35,61],"grid":[" "," "," ","!# /","!$ .","!% -","!& ,","!' +","!( *","!* (","!+ '","!- %","!0 !","!","!","!"]}},"2823":{"4743":{"keys":[39,61],"grid":[" .!$"," "," "," "," "," "," "," "," "," "," "," "," "," "," "," "]},"4742":{"keys":[61,39],"grid":[" "," "," "," "," "," "," "," "," "," "," "," "," "," "," ","!) )"]},"4772":{"keys":[39,35],"grid":[" "," "," "," "," "," "," "," "," "," ,!&"," )!)"," '!+"," %!-"," !!0","!","!"]},"4770":{"keys":[39,35],"grid":[" "," "," "," "," "," 0!!","05","05","05","05"," /!#","10","10","10","05","05"]},"4771":{"keys":[39,35],"grid":[" 0!!"," "," "," "," "," "," "," "," "," "," "," "," "," "," "," "]},"4840":{"keys":[35,62],"grid":[" "," "," "," "," "," "," 0!!"," /!#"," -!%"," (!*"," '!+","10"," &!,","!! %!,","!# #!-","!"]},"4616":{"keys":[35,61],"grid":[" "," "," "," "," "," "," "," "," "," "," *!' !"," )!)","11","!","!","!"]}},"2854":{"4693":{"keys":[61,35],"grid":[" (!*"," '!+"," &!,"," %!-"," $!.","04"," #!/"," !!0","!","!","!","!","!","!","!","!"]},"4692":{"keys":[61,35],"grid":[" "," "," "," "," "," "," "," "," 0!!","08"," /!#"," .!$"," ,!&"," +!'"," *!("," )!)"]},"4699":{"keys":[39,35],"grid":[" "," "," "," "," "," 0!!","05"," "," "," "," "," "," "," "," "," "]},"4698":{"keys":[35,39],"grid":[" "," "," "," "," "," "," "," "," "," "," (!$ '"," '!& &","!. $","!/ #","!","!"]},"4747":{"keys":[35,39],"grid":[" /!#","00","00"," 0!!","03","03"," "," "," "," "," "," "," "," "," "," "]},"4746":{"keys":[39,35],"grid":[" ","!# /","!% -","!& ,","!' +","!( *","!) )","!* (","!+ '","08","!, &","!- %","11","!. $","13","13"]},"4655":{"keys":[35,61],"grid":[" ","!! 0","!# /","!% -","!& ,","03","03","!$ .","07","07","!$ '!% $","!0 !","!","!","!","!"]},"4851":{"keys":[35,62],"grid":[" ","!! 0","01","01","!# /","04","04","!% -","!( *","!) )","09","!) !!! '","!, &","!- %","!/ #","!"]},"4850":{"keys":[35],"grid":[" "," "," "," "," "," "," "," "," "," "," "," "," "," "," "," "]}},"2866":{"4862":{"keys":[35,62],"grid":[" "," "," "," "," "," "," "," "," %!! !!# !!! '"," %!( &"," $!, #","!! !!, !!! !","!. !!! !","!","!","!"]},"4698":{"keys":[35,39],"grid":[" "," +!% #"," *!("," )!)"," (!*"," '!+","05"," &!,","!! $!-","!","!","!","!","!","!","!"]},"4741":{"keys":[39,35],"grid":[" (!*"," %!-"," !!0","!","!","!","!","!","!","!","!","!","!","!","!","!"]},"4739":{"keys":[39,35],"grid":[" "," "," "," "," "," "," "," "," "," "," 0!!"," /!#","11","11","11"," .!$"]},"4740":{"keys":[39,35],"grid":[" .!$","00","00"," /!#","03","03","00","00","00","00","00"," -!%","11"," ,!&","13"," +!'"]}},"2867":{"4699":{"keys":[39,35],"grid":[" /!#"," ,!&","01","01"," ,!$ #"," "," "," "," "," "," "," "," "," "," "," "]},"4698":{"keys":[35,39],"grid":[" "," "," ","!! 0","03","!# /","!$ .","!% -","!& ,","!' +","!( *","!) )","!, &","!- %","!. $","!/ #"]},"4862":{"keys":[35,62],"grid":[" "," "," "," "," "," "," "," "," "," "," "," "," ","!! 0","13","!! !!! ."]},"4739":{"keys":[39,35],"grid":[" "," "," "," "," "," "," "," "," #!* &","!","!","!","!","!","!","!"]},"4863":{"keys":[62,35],"grid":[" '!+"," /!#","01"," "," "," "," "," "," ","01","01"," .!$","01"," 0!!","13"," "]}},"2868":{"4699":{"keys":[35,39],"grid":[" "," "," "," "," '!# )","04"," '!# (!!"," '!$ &!#"," %!-","!! $!-","!! %!,","!! &!+","!! '!*"," '!+","13","13"]},"4863":{"keys":[35,62],"grid":[" "," "," ","!! 0","03","03","03"," "," "," "," "," "," "," "," "," "]},"4738":{"keys":[39,35],"grid":[" "," "," "," "," "," "," %!& ("," $!) &"," #!, $","08"," #!- #"," #!. !","11"," #!/","13","13"]},"4739":{"keys":[39,35],"grid":[" #!/"," $!.","01","01","01","00","00","00"," !!0","!","!","!","!","!","!","!"]},"4700":{"keys":[39,35],"grid":[" !!& +"," $!# ,"," "," "," "," "," "," "," "," "," "," "," "," "," "," "]}},"2869":{"4699":{"keys":[35,39],"grid":[" "," "," "," "," "," ","!# /","06","!# (!# &","!! (!% %","!! '!% &"," !!! $!& '","!# #!' '","!$ !!' '","!+ '","!* ("]},"4738":{"keys":[39,35],"grid":[" .!$","00"," -!%","02","02","02","02"," ,!&","07"," +!'","09"," *!(","11"," )!)","!! '!*","!# %!+"]},"4737":{"keys":[39,35],"grid":[" "," "," "," "," "," "," "," "," "," "," "," "," 0!!"," /!#","13"," .!$"]},"4701":{"keys":[39,35],"grid":[" "," "," "," "," "," "," "," "," "," "," 0!!"," "," "," "," "," "]},"4700":{"keys":[39,35],"grid":[" *!& #"," "," /!#"," .!$","03"," -!$ !"," ,!$ #"," ,!# $"," "," "," "," "," "," "," "," "]}},"2851":{"4715":{"keys":[61,39],"grid":[" "," "," "," "," "," "," "," "," 0!!"," /!#"," .!$"," -!%","11","11","11","11"]},"4749":{"keys":[35,39],"grid":[" !!. #"," %!+ #"," (!& %"," "," "," "," "," "," "," "," "," "," "," "," "," "]},"4748":{"keys":[39,35],"grid":[" -!%","00","00"," .!$","03","03","03"," /!#","07","07","07"," 0!!","11","11","11","07"]},"4712":{"keys":[61,39],"grid":[" "," "," "," "," "," "," "," "," "," 0!!"," /!#","10","10","10","10","10"]},"4713":{"keys":[61,39],"grid":[" /!#"," 0!!","01","01"," "," "," "," "," "," "," "," "," "," "," "," "]},"4747":{"keys":[39,35],"grid":[" "," "," "," "," "," "," "," .!$","07"," -!%","09","09","09","09","09","09"]},"4718":{"keys":[61,39],"grid":[" ,!&","00"," +!'","02"," *!("," )!)","05"," (!*","07"," '!+","09"," &!,","11","11","11","11"]},"4719":{"keys":[61,39],"grid":[" &!,","00","00","00","00","00","00","00","00","00","00","00","00","00","00","00"]},"4709":{"keys":[61,39],"grid":[" -!%","00","00","00","00","00","00"," .!$","07"," /!#","09"," 0!!","11"," "," "," "]},"4708":{"keys":[61,39],"grid":[" "," "," "," "," "," "," "," "," "," "," 0!!"," /!#"," .!$"," -!%","13","13"]},"4655":{"keys":[35,61],"grid":[" &!,","00","00","00","00"," %!-"," $!.","!","!","!","!","!","!","!","!","!"]},"4654":{"keys":[35,61],"grid":[" "," "," "," "," /!#"," .!$","05"," -!%"," ,!&"," +!'"," *!("," )!)"," (!*"," &!,","13","13"]},"4717":{"keys":[61,39],"grid":[" "," "," "," "," "," "," "," "," "," "," 0!!","10"," /!#"," .!$"," -!%","14"]},"4716":{"keys":[61,39],"grid":[" -!%"," .!$"," /!#","02"," "," "," "," "," "," "," "," "," "," "," "," "]},"4720":{"keys":[61,39],"grid":[" &!,"," %!-","01"," $!.","03"," #!/","05"," !!0","!","!","!","!","!","!","!","!"]},"4850":{"keys":[35,62],"grid":[" "," "," "," %!! ,"," $!$ +","!' +","05","!, &","!- %","!/ #","!0 !","!","!","!","!","!"]}},"2873":{"4732":{"keys":[39,35],"grid":[" "," "," "," "," "," "," "," "," "," "," "," "," "," .!$","13","13"]},"4733":{"keys":[39,35],"grid":[" /!#","00"," 0!!","02"," "," "," "," '!$ '!!"," '!% %!#"," '!& #!$"," '!+","10"," &!,"," $!.","13","12"]},"4710":{"keys":[35,39],"grid":[" ","!! 0","!% -","02","02","02","!& ,","06","06","06","!' +","10","06","02","02","02"]},"4711":{"keys":[39,35],"grid":[" $!.","00","00"," #!/","03","03","00","00","00","00","03","03"," !!0","03","03","00"]},"4712":{"keys":[39,35],"grid":[" $!."," %!-"," &!,"," '!+"," (!$ !!&"," ,!&"," -!%"," .!$","07"," /!#"," 0!!","10"," "," "," "," "]},"4725":{"keys":[39,35],"grid":[" %!-"," #!! #!,"," #!/","02","02","02","02","!$ !!-"," %!$ !!)"," %!$ #!("," %!% !!("," &!$ !!("," (!! !!("," *!(","13"," +!'"]},"4718":{"keys":[39,35],"grid":[" "," "," "," "," "," "," "," "," "," "," "," "," "," "," .!# !"," .!$"]},"4727":{"keys":[39,35],"grid":[" %!-","00","00","00","00","!","!","!","!"," !!0"," !!$ !!,","!% #!+","11","11"," !!! &!*"," )!)"]},"4726":{"keys":[39,35],"grid":[" '!+"," (!*","01","00"," &!,"," !!! )!'"," !!# (!'"," !!# '!("," !!$ %!)","08"," #!/"," $!."," %!-","12","12","12"]},"4721":{"keys":[39,35],"grid":[" ,!&"," .!# !","01","01"," "," "," "," "," 0!!","08","08"," /!#"," '!# &!$"," '!# $!! $!!"," &!% !!% !!!"," &!* !!!"]},"4720":{"keys":[39,35],"grid":[" "," "," "," "," 0!!","04","04","04"," "," "," "," "," "," /!! !"," -!%","14"]},"4723":{"keys":[39,35],"grid":[" '!+"," (!*","01"," (!# %!$"," $!& '!#"," $!% !!% !!$"," $!$ #!)"," *!(","07","07","07","07"," )!)","12","12"," &!! !!*"]},"4719":{"keys":[39,35],"grid":[" .!$"," /!#"," "," "," "," "," 0!!","01","06","01"," "," "," "," "," "," "]},"4724":{"keys":[39,35],"grid":[" &!,"," '!+","01","01","01","00","01","01"," %!-","08","08","00","01","01","00","08"]},"4729":{"keys":[39,35],"grid":[" +!'"," ,!&"," -!%","02"," .!$"," .!! #"," "," "," "," "," -!! $","05"," /!#"," "," "," "]},"4722":{"keys":[39,35],"grid":[" '!+","00","00","00","00","00"," (!# !!'"," +!'"," )!)"," (!*","08"," *!("," %!# $!("," #!/"," !!0","13"]},"4734":{"keys":[39,35],"grid":[" )!)"," +!'","01","01"," !!% %!("," !!0"," #!/"," $!."," %!-"," &!,","09","08","07","!! !!/","!","!"]},"4728":{"keys":[39,35],"grid":[" )!)"," ,!&","01","01"," +!'","04"," !!! '!)","!$ %!*"," $!) $!#"," $!) &"," %!( &"," &!# '!$"," -!%","01","04","04"]}},"2872":{"4710":{"keys":[39,35],"grid":[" ,!# !!#"," ,!# #!!"," 0!!"," "," "," "," "," "," "," "," "," "," "," "," "," "]},"4737":{"keys":[39,35],"grid":[" $!."," &!,","00","!","!","!","!","!","!","!","!","!","!","!","!","!"]},"4734":{"keys":[39,35],"grid":[" "," "," "," "," "," "," "," "," "," "," +!% #"," *!' !"," +!'","12"," ,!&"," -!%"]},"4735":{"keys":[39,35],"grid":[" /!#"," 0!!"," !!# -!!"," !!$ ,!!"," #!$ +!!"," #!% )!#"," $!% $!'"," %!$ $!'"," %!% #!'","08"," %!-","10","!! %!,","!! &!+","!# &!*","!$ &!)"]},"4725":{"keys":[39,35],"grid":[" "," "," "," .!! #"," ,!% !"," ,!&"," -!%"," 0!!"," "," "," "," "," "," "," "," "]},"4727":{"keys":[39,35],"grid":[" "," -!! $"," -!# #"," ,!$ #","03"," ,!&"," -!%"," /!#"," 0!!"," "," "," ","07","07"," "," "]},"4709":{"keys":[35,39],"grid":[" "," "," "," ","!$ .","!# /","05","!% -","07","04","!& ,","!' +","11","11","!) #!# %","!* !!# %"]},"4736":{"keys":[35,39],"grid":[" %!( &"," &!' &"," '!% '"," ","!! 0","!' +","05"," !!% ,"," "," "," "," "," "," "," ","!# /"]}},"2817":{"4828":{"keys":[35,62],"grid":[" "," ","!( *","!* (","!+ '","!- %","!. $","05","!, &","04","03","03","03","03","04","05"]},"4829":{"keys":[62,35],"grid":[" /!#","00","00","00","00"," .!$","05","05","00","00","00"," 0!!","11"," "," "," "]},"4742":{"keys":[61,39],"grid":[" "," "," "," "," "," "," "," -!%"," +!'"," )!)"," (!*"," &!,"," $!."," !!0","!","!"]},"4616":{"keys":[35,61],"grid":[" "," %!! ,"," $!$ +","!' +","!' !!& %","!, &","05","!/ !!!","!","!","!","!","!","!","!","!"]},"4779":{"keys":[39,35],"grid":[" "," "," "," "," "," "," 0!!"," /!#","07"," .!$"," -!%"," ,!&"," +!'"," )!)"," (!*"," &!,"]},"4780":{"keys":[39,35],"grid":[" $!."," !!0","!","!","!","!","!","!","!","!","!","!","!","!","!","!"]}},"2870":{"4707":{"keys":[39,35],"grid":[" "," "," "," "," "," .!# !"," -!%"," .!$","07","07","07","07","07","07","07"," 0!!"]},"4706":{"keys":[39,35],"grid":[" /!#"," .!$"," +!'"," ,!$ !!!"," 0!!","04","04"," "," "," "," "," "," ","04"," "," "]},"4705":{"keys":[39,35],"grid":[" +!! #!$"," .!$"," /!#"," 0!!","03","03","02"," -!%"," .!! #"," ","03","03"," "," "," "," /!! !"]},"4704":{"keys":[39,35],"grid":[" "," "," "," "," "," "," /!#","06"," 0!!","08","06"," -!%","11"," ,!&"," +!'","14"]},"4703":{"keys":[39,35],"grid":[" +!'"," *!("," (!*"," *!! !!&"," .!$"," 0!!","05"," "," "," "," ","04","04"," "," "," "]},"4737":{"keys":[39,35],"grid":[" "," "," "," "," "," "," "," "," "," "," "," !!$ -","!' +","12","!( *","14"]},"4701":{"keys":[39,35],"grid":[" (!*"," +!'"," -!%"," ,!&"," )!)"," !!! '!)"," #!# %!)"," $!$ $!("," %!$ $!'"," %!$ #!(","!( !!)","!","!"," %!-"," $!# !!+"," $!! #!+"]},"4700":{"keys":[35,39],"grid":[" "," "," "," "," ","!! 0","!# /","!& ,","!' +","08","08","!( *","!) )","11","08","08"]},"4738":{"keys":[35,39],"grid":[" (!*"," )!)","01"," *!(","03"," +!'"," +!& !"," ,!$ #"," ,!% !","08"," -!%"," .!$"," /!! !"," "," "," "]},"4708":{"keys":[39,35],"grid":[" 0!!"," "," ","00","00","00"," "," "," "," "," "," "," "," "," "," "]},"4702":{"keys":[39,35],"grid":[" '!+"," (!*","00"," &!,","03","03","03"," %!-"," %!& !!'"," %!$ %!&"," -!%"," 0!!"," "," .!$","13"," +!# !!$"]}},"2875":{"4714":{"keys":[39,35],"grid":[" #!/","00","00","00","00"," $!."," %!-"," &!,"," '!+","07","07","06","05","05","00","00"]},"4715":{"keys":[39,35],"grid":[" #!/"," $!."," &!,","02"," '!+"," (!*"," &!! !!*","02","02","02","04","02","02","02","02","02"]},"4716":{"keys":[39,35],"grid":[" %!-","00","00"," &!,","00","00"," $!."," #!/"," !!0","!","!","!","!","!","!","!"]},"4713":{"keys":[35,39],"grid":[" "," "," "," "," "," "," "," "," "," "," "," "," "," "," ","!# /"]}},"2874":{"4732":{"keys":[39,35],"grid":[" )!)","00","00"," +!'","03"," (!*"," '!+"," &!,"," $!."," #!/","09","09","08","!! %!,","!$ %!*","!% '!'"]},"4733":{"keys":[35,39],"grid":[" '!& &"," )!# '"," "," "," "," "," "," "," "," "," "," "," "," "," "," "]},"4716":{"keys":[39,35],"grid":[" "," "," "," "," "," "," "," "," "," "," "," "," 0!!","12"," /!#","14"]},"4717":{"keys":[39,35],"grid":[" /!#"," .!$"," ,!! !!$"," ,!&","03"," +!'","03"," )!)","07"," '!+"," &!,","10","10"," %!-","13","13"]},"4729":{"keys":[35,39],"grid":[" "," "," "," "," "," "," "," ","!! 0","08","08","08"," "," "," ","08"]},"4728":{"keys":[35,39],"grid":[" "," "," "," "," "," "," "," "," ","!! 0","09"," "," "," "," "," "]},"4712":{"keys":[35,39],"grid":[" "," "," "," "," "," "," "," "," "," "," "," "," "," ","!! 0","!# /"]},"4713":{"keys":[39,35],"grid":[" $!."," &!,"," (!*"," )!)"," *!(","04"," +!'","06"," ,!&"," -!%","09"," .!$"," /!#"," 0!!","13"," "]},"4718":{"keys":[39,35],"grid":[" #!! !!-"," $!."," %!-","02","!! !!/","!","!","!","!"," !!0","09","09","09","!","!","!"]},"4721":{"keys":[35,39],"grid":[" ","!# /","!! 0","02","02","02","02","01"," "," "," "," "," "," "," "," "]},"4730":{"keys":[39,35],"grid":[" !!0","00","00"," #!/"," $!."," &!,"," %!-"," #!& !!)"," #!% $!("," #!$ &!'"," +!'"," ,!&"," -!%"," 0!!"," #!# ,!!"," #!* %!!"]},"4719":{"keys":[35,39],"grid":[" "," "," ","!! 0","!# /","03"," "," "," "," ","03","03","03","!$ .","13","!& ,"]},"4731":{"keys":[39,35],"grid":[" $!."," '!+"," )!)"," &!,"," %!-","04","00","00"," #!/","08","00","01"," ,!&","12"," *!(","02"]},"4720":{"keys":[39,35],"grid":[" &!,","00","00","00","!# $!,","!","!","!","!"," !!0","09","09","09","09","09","09"]}},"2859":{"4672":{"keys":[61,35],"grid":[" +!'","00","00"," ,!&","03","03"," -!%","06"," .!$","08"," /!#","10","10"," 0!!","13","13"]},"4671":{"keys":[61,35],"grid":[" ,!&"," +!'","01","01","01","01"," *!(","06","06","06","06","06","06","06","06","06"]},"4744":{"keys":[39,35],"grid":[" "," "," "," "," "," "," "," "," "," "," "," "," "," (!% &"," '!' %"," '!( $"]},"4659":{"keys":[61,35],"grid":[" /!#"," .!$","01","01","01","01","01","01","00"," 0!!","09"," "," "," "," "," "]},"4658":{"keys":[35,61],"grid":[" "," "," "," "," "," "," ","!! 0","!# /","!$ .","!& ,","!' +","!) )","!+ '","!- %","!. $"]},"4677":{"keys":[61,35],"grid":[" $!."," #!/","01","01","01"," !!0","05","!","!","!","!","!","!","!","!","!"]},"4698":{"keys":[35,39],"grid":[" "," "," 0!!"," .!$"," -!%"," ,!&","05"," +!'","07"," *!(","09"," )!)","11","11"," (!*","14"]},"4675":{"keys":[61,35],"grid":[" /!#"," .!$","01","01","01"," -!%","05","05"," ,!&","08","08"," +!'","11","11"," *!(","14"]},"4674":{"keys":[61,35],"grid":[" "," "," "," "," "," "," "," "," "," 0!!","09","09"," /!#","12","12","12"]},"4673":{"keys":[61,35],"grid":[" 0!!","00","00","00"," "," "," "," "," "," "," "," "," "," "," "," "]},"4746":{"keys":[39,35],"grid":[" *!(","00"," )!)","02","02","!! '!*","!$ $!+","!","!","!","!","!","!","!","!","!"]},"4745":{"keys":[39,35],"grid":[" '!) #"," '!* !"," '!+"," &!,","03","03","02","02","02"," (!*","09"," )!)","11"," *!(","13","13"]},"4670":{"keys":[61,35],"grid":[" "," "," "," "," 0!!","04"," /!#"," .!$","07","07"," -!%","10","10"," ,!&","13","13"]},"4676":{"keys":[61,35],"grid":[" *!("," )!)","01"," (!*","03"," '!+","05","05"," &!,","08"," %!-","10","10"," $!.","13","13"]},"4664":{"keys":[61,35],"grid":[" .!$","00","00","00"," /!#","00","00","00","00","00","00","00","04","04","04","04"]},"4665":{"keys":[61,35],"grid":[" 0!!","00"," "," "," "," "," "," "," "," "," "," "," "," "," "," "]},"4661":{"keys":[61,35],"grid":[" "," "," "," "," "," "," "," "," 0!!"," /!#"," .!$"," -!%"," ,!&"," +!'"," *!(","14"]},"4662":{"keys":[61,35],"grid":[" )!)","00"," (!*","02","02","02","02","02","02","02"," '!+","10","10","02","02","02"]},"4663":{"keys":[61,35],"grid":[" )!)","00"," *!(","02","02"," +!'","05"," ,!&","07"," -!%","09","09","09","09","09","09"]},"4699":{"keys":[39,35],"grid":[" !!& +"," #!% +"," "," "," "," "," "," "," "," "," "," "," "," "," "," "]},"4858":{"keys":[62,35],"grid":[" $!."," %!-"," &!,"," '!+"," )!)"," *!("," +!'"," ,!&"," -!%"," .!$"," /!#"," "," "," "," "," "]},"4857":{"keys":[35,62],"grid":[" "," "," "," "," "," "," "," "," "," "," "," "," "," ","!! 0","!# /"]}},"2850":{"4749":{"keys":[39,35],"grid":[" #!/","00"," !!0","02","!","!","!","!","!","!","!","!","!","!","!","!"]},"4748":{"keys":[39,35],"grid":[" "," "," "," "," "," "," "," "," "," "," "," "," "," "," %!) %"," #!. !"]},"4721":{"keys":[61,39],"grid":[" +!'"," *!("," )!)"," '!+"," &!,"," %!-"," $!."," #!/"," !!0","!","!","!","!","!","!","!"]},"4720":{"keys":[61,39],"grid":[" "," "," "," "," "," "," "," "," "," "," 0!!"," /!#"," .!$","12"," -!%"," ,!&"]},"4655":{"keys":[35,61],"grid":[" "," "," "," "," ","!$ .","05","!% +!#","!% !!,","!","!","!","!","!","!","!"]},"4849":{"keys":[35,62],"grid":[" "," "," "," "," "," "," "," "," "," "," "," "," "," ","!! 0","!# #!$ *"]},"4850":{"keys":[62,35],"grid":[" )!! !!'"," -!%","01","01"," "," "," "," "," "," "," "," "," "," "," "," "]}},"2853":{"4655":{"keys":[61,35],"grid":[" 0!!"," "," "," "," "," "," "," "," "," "," "," "," "," "," "," "]},"4654":{"keys":[61,35],"grid":[" #!/"," %!-"," &!,"," (!*"," )!)"," +!'"," ,!&"," .!$"," /!#"," 0!!","09","08","08","08","09","09"]},"4653":{"keys":[35],"grid":[" "," "," "," "," "," "," "," "," "," "," "," "," "," "," "," "]},"4707":{"keys":[61,39],"grid":[" !!0","00","00","00","00","00","00","00","00"," #!/","09"," $!."," %!-"," &!,","13"," '!+"]},"4706":{"keys":[61,39],"grid":[" '!+"," &!,","01","01"," %!-","04"," $!.","06","06"," #!/","09"," !!0","11","11","11","11"]},"4693":{"keys":[61,35],"grid":[" "," "," "," "," "," "," "," "," "," "," 0!!","10"," /!#"," .!$","13","13"]},"4748":{"keys":[39,35],"grid":[" %!-","00"," $!.","02"," #!/"," !!0","!","!","!","!","!","!","!","!","!","!"]},"4695":{"keys":[61,35],"grid":[" (!*"," '!+"," %!-"," $!."," #!/","04","04","04","04","04","03","02"," &!,","01","00"," )!)"]},"4694":{"keys":[61,35],"grid":[" .!$"," -!%","01","01","01"," ,!&","05","05"," +!'","08","08"," *!(","11"," )!)","13"," (!*"]},"4697":{"keys":[61,35],"grid":[" *!(","00"," +!'","02","02","02"," ,!&","06","06","06","06","06","06","06","06","06"]},"4696":{"keys":[61,35],"grid":[" *!(","00","00","00","00","00","00","00","00","00","00","00","00","00","00","00"]},"4699":{"keys":[61,39],"grid":[" +!'","00","00","00","00","00","00","00"," *!(","00","00","00"," ,!&","12"," -!%","14"]},"4698":{"keys":[61,35,39],"grid":[" ,!&","00","00","00","00","00","00","00","00","00","00","00"," ,#&","12","12","12"]},"4747":{"keys":[39,35],"grid":[" +!'","00"," *!(","02"," )!)","04"," (!*","06"," '!+","08"," &!,","10","10","10"," %!-","14"]},"4746":{"keys":[39,35],"grid":[" "," "," /!#"," .!$","03","03"," -!%","06","06","06","06","06","06"," ,!&","13","13"]},"4708":{"keys":[61,39],"grid":[" '!+","00","00","00","00","00"," &!,","06","06"," %!-"," $!.","!","!","!","!","!"]},"4705":{"keys":[61,39],"grid":[" .!$"," -!%","01"," ,!&","03","03","03","03"," +!'"," *!(","09"," )!)","11"," (!*","13"," '!+"]},"4704":{"keys":[61,39],"grid":[" '!+"," (!*"," )!)"," *!(","03"," +!'"," ,!&"," -!%","07"," .!$","09","09","09","09","09","09"]},"4703":{"keys":[39,61],"grid":[" "," "," "," "," "," "," "," "," ","!! 0","09","!# /","!$ .","!% -","!& ,","14"]},"4714":{"keys":[39,61],"grid":[" "," "," ","!! 0","03","!# /","05","05","05","05","03"," "," "," "," "," "]},"4700":{"keys":[61,39],"grid":[" -!%"," .!$"," /!#","02"," 0!!","04"," "," "," ","!$ -!!","!& )!$","!","!","!","!","!"]},"4850":{"keys":[35,62],"grid":[" "," "," "," "," "," "," "," "," "," "," "," ","!/ #","12","!0 !","!"]}},"2852":{"4714":{"keys":[61,39],"grid":[" /!#"," 0!!"," "," "," "," "," "," "," "," "," "," "," ","00"," -!%"," ,!&"]},"4715":{"keys":[61,39],"grid":[" *!("," )!)"," '!+"," %!-"," $!."," #!/"," !!0","!","!","!","!","!","!","!","!","!"]},"4716":{"keys":[39,61],"grid":[" "," "," "," "," ","!! 0","!# /","!$ .","!% -","!& ,","09","!' +","11","!( *","13","13"]},"4748":{"keys":[35,39],"grid":[" '!+","00"," (!*","02","02"," )!)"," *!' !"," -!! $"," "," "," "," "," "," "," "," "]},"4710":{"keys":[61,39],"grid":[" !!0","00"," #!/","02"," $!.","04"," %!-","06"," &!,","08"," '!+","10"," (!*","12","12"," )!)"]},"4711":{"keys":[61,39],"grid":[" )!)","00","00","00","00"," *!(","05","05","05","05","00","00","00","00"," (!*","14"]},"4712":{"keys":[61,39],"grid":[" '!+","00"," &!,"," %!-"," $!."," #!/"," !!0","06","!","!","!","!","!","!","!","!"]},"4713":{"keys":[39,61],"grid":[" "," "," "," "," ","!! 0","05","!# /","!$ .","!% -","!& ,","!( *","!) )","!+ '","!, &","!. $"]},"4700":{"keys":[61,39],"grid":[" "," "," "," "," "," "," "," -!# #"," )!)"," '!+","09"," &!,"," %!-","12","12","12"]},"4747":{"keys":[39,35],"grid":[" "," "," "," "," "," "," ","!# /","!$ .","!% -","09","!& ,","11","11","!' +","14"]},"4709":{"keys":[39,61],"grid":[" "," "," "," "," "," "," "," "," "," "," "," "," "," "," ","!! 0"]},"4708":{"keys":[61,39],"grid":[" "," "," "," "," "," "," "," "," "," !!) (","!. $","!","!","!","!","!"]},"4654":{"keys":[35,61],"grid":[" -!%"," +!'"," *!("," )!)"," (!*","!! '!*","!& !!+","!","!","!","!","!","!","!","!","!"]},"4717":{"keys":[61,39],"grid":[" '!+","00","00"," &!,"," %!-"," $!.","05"," #!/"," !!0","!","!","!","!","!","!","!"]},"4653":{"keys":[35,61],"grid":[" "," "," "," "," "," "," "," "," "," "," "," "," "," "," "," /!! !"]},"4701":{"keys":[61,39],"grid":[" %!-","00","00"," &!,","03","03"," '!+","06"," (!*","08"," )!)","10"," *!(","12","12"," +!'"]},"4703":{"keys":[61,39],"grid":[" .!$","00"," /!#","02","02"," 0!!","05"," "," "," "," "," "," "," "," "," "]},"4850":{"keys":[35,62],"grid":[" "," "," "," "," "," "," "," "," "," "," ","!","!","!","!","!"]},"4702":{"keys":[61,39],"grid":[" +!'","00"," ,!&","02","02"," -!%","05","05","05","05","05","05","05","05"," .!$","14"]}},"2855":{"4691":{"keys":[61,35],"grid":[" 0!!","00"," /!#","02","02"," .!$"," -!%"," ,!&"," +!'"," *!("," )!)"," (!*"," '!+","12"," &!,","14"]},"4690":{"keys":[61,35],"grid":[" "," "," "," "," "," "," "," "," "," "," "," "," "," "," "," 0!!"]},"4692":{"keys":[61,35],"grid":[" %!-"," $!.","01"," #!/","03"," !!0","!","!","!","!","!","!","!","!","!","!"]},"4699":{"keys":[39,35],"grid":[" !!0","!","!","!","!","!- #!#","!+ &!!","!) )"," !!( )"," #!& *"," $!# ,"," "," "," "," "," "]},"4698":{"keys":[35],"grid":[" "," "," "," "," "," "," "," "," "," "," "," "," "," "," "," "]},"4747":{"keys":[39,35],"grid":[" *!("," )!)"," (!*","02"," '!+","04"," &!,","!","!","!","!","!","!","!","!","!"]},"4746":{"keys":[39,35],"grid":[" "," "," "," "," "," "," "," "," "," "," "," "," "," ,!&"," +!'"," *!("]},"4655":{"keys":[35,61],"grid":[" "," "," "," "," "," "," "," "," "," "," "," ","!% -","!& *!#","!& '!&","!' #!)"]},"4656":{"keys":[61],"grid":[" "," "," "," "," "," "," "," "," "," "," "," "," "," "," "," "]},"4853":{"keys":[62,35],"grid":[" 0!!","00"," "," "," "," "," "," "," "," "," "," "," "," "," "," "]},"4852":{"keys":[62,35],"grid":[" %!-","00","00"," )!)","03","03"," *!("," +!'"," ,!&"," -!%","09","09","09","09"," .!$"," /!#"]},"4851":{"keys":[35,62],"grid":[" "," "," "," "," "," "," "," "," "," "," "," "," "," "," ","!# /"]}},"2818":{"4829":{"keys":[35,62],"grid":[" "," "," "," "," "," "," "," "," "," "," "," "," "," ","!! 0","!# /"]},"4831":{"keys":[62,35],"grid":[" ,!&"," -!%","01","01","00","00","00","00","00","01"," .!# !"," "," "," "," "," "]},"4742":{"keys":[61,39],"grid":[" "," "," "," "," "," "," ","!","!","!","!","!","!","!","!","!"]},"4777":{"keys":[39,35],"grid":[" "," "," "," "," "," "," "," "," "," "," "," "," "," /!#"," .!$"," -!%"]},"4830":{"keys":[62,35],"grid":[" $!.","00"," )!)","02","02"," (!*"," '!+"," &!,","07","07","07"," %!-","11","06"," *!("," +!'"]},"4779":{"keys":[39,35],"grid":[" #!/","00"," !!0","02","!","!","!","!","!","!","!","!","!","!","!","!"]},"4778":{"keys":[39,35],"grid":[" -!%"," ,!&"," +!'","02"," *!("," )!)","05"," (!*"," '!+"," &!,","09","09"," %!-","12"," $!.","14"]},"4616":{"keys":[35,61],"grid":[" "," .!$"," -!%","02","02","!! #!# (!%","!! !!' #!'","!","!","!","!","!","!","!","!","!"]}},"2857":{"4686":{"keys":[35,61],"grid":[" "," "," "," "," "," "," "," "," "," "," "," ","!! 0","!# /","!$ .","14"]},"4687":{"keys":[61,35],"grid":[" %!-"," &!,"," '!+","02","02","02","02","02"," (!*","08","08","08","08","08","02","01"]},"4684":{"keys":[35],"grid":[" "," "," "," "," "," "," "," "," "," "," "," "," "," "," "," "]},"4682":{"keys":[61,35],"grid":[" '!+","00"," &!,","02"," %!-","04","04"," $!.","07","07","07","07","07","07","07"," #!/"]},"4680":{"keys":[61,35],"grid":[" /!#","00","00"," .!$","03","03","03","03","03","03"," -!%","10","10","10","10","10"]},"4679":{"keys":[61,35],"grid":[" "," "," "," "," "," "," "," "," "," "," 0!!","10","10"," /!#","13","13"]},"4681":{"keys":[61,35],"grid":[" ,!&","00","00","00"," +!'","04","04"," *!(","07","07"," )!)","10","10"," (!*","13","13"]},"4700":{"keys":[35,39],"grid":[" "," "," /!#"," .!$"," -!%"," ,!&"," +!'"," *!("," )!)","!! (!)","09","!# '!)","11","11","11","11"]},"4746":{"keys":[35,39],"grid":[" "," "," ","!! 0","!# /","04","04","04","04","03"," "," "," "," "," "," "]},"4688":{"keys":[61,35],"grid":[" &!,"," %!-"," #!/","!","!","!","!","!","!","!","!","!","!","!","!","!"]},"4744":{"keys":[39,35],"grid":[" "," "," "," "," "," "," "," "," "," "," "," "," "," "," -!%"," +!'"]},"4656":{"keys":[35,61],"grid":[" "," "," ","!# /","!% -","!' +","!) )","!+ '","!, &","!- %","!. $","!/ #","!0 !","!","!","!"]},"4745":{"keys":[39,35],"grid":[" +!'"," *!("," )!)"," (!*"," '!+"," $!.","!","!","!","!","!","!","!","!","!","!"]},"4701":{"keys":[39,35],"grid":[" #!' )"," $!& )","01","01"," %!$ *","04"," "," "," "," "," "," "," "," "," "," "]},"4856":{"keys":[35,62],"grid":[" "," ","!! 0","!# /","!$ .","!% -","!& ,","!( *","!) )","!* (","!+ '","!, &","!- %","!. $","!0 !","!"]},"4683":{"keys":[61,35],"grid":[" #!/","00","00","00","00","00","00","00","00","00","00","00"," !!0","12","12","!"]}},"2856":{"4686":{"keys":[61,35],"grid":[" -!%","00","00","00","00","00"," .!$","06"," /!#"," 0!!"," "," "," "," "," "," "]},"4690":{"keys":[61,35],"grid":[" $!.","00","00"," #!/","03","03","03","03","03"," !!0","09","09","09","!","!","!"]},"4684":{"keys":[61,35],"grid":[" "," "," 0!!","02","02","02"," /!#","06","06"," .!$","09","09"," -!%","12","12","12"]},"4685":{"keys":[61,35],"grid":[" -!%","00"," ,!&","02","02","02","02","02","00","00","00","00","00","00","00","00"]},"4700":{"keys":[39,35],"grid":[" +!'"," ,!&"," -!%","02"," .!$"," /!#"," 0!!"," "," "," "," "," "," "," "," "," "]},"4699":{"keys":[35,39],"grid":[" "," "," "," "," "," "," ","!! 0","!# /","!$ .","!% -","!& ,","!' +","!( *","!* (","14"]},"4746":{"keys":[39,35],"grid":[" /!#"," 0!!"," "," "," "," "," "," "," "," ","01","00"," *!(","!","!","!"]},"4745":{"keys":[39,35],"grid":[" "," "," "," "," "," *!("," )!)","06"," (!*","06","06","05"," +!'","12"," ,!&"," -!%"]},"4689":{"keys":[61,35],"grid":[" *!(","00"," )!)","02"," (!*","04"," '!+","06"," &!,","08"," %!-","10","10","10"," $!.","14"]},"4655":{"keys":[35,61],"grid":[" "," "," "," "," "," "," "," "," "," "," "," "," ","!& ,","!( *","!* ("]},"4656":{"keys":[61,35],"grid":[" -!%"," /!#"," "," "," "," "," "," "," "," "," "," "," "," "," "," "]},"4688":{"keys":[61,35],"grid":[" "," "," "," "," 0!!","04"," /!#"," .!$","07"," -!%"," ,!&","10"," +!'","12","12"," *!("]},"4856":{"keys":[62,35],"grid":[" 0!!"," "," "," "," "," "," "," "," "," "," "," "," "," "," "," "]},"4855":{"keys":[62,35],"grid":[" +!'","00"," ,!&","02"," -!%"," .!$"," /!#","06","06"," 0!!","09","09","09","06","06","06"]},"4854":{"keys":[62,35],"grid":[" )!)","00","00","00","00"," )!# !!&"," -!%","06"," .!$"," /!#"," .!! !!!","08"," ,!&"," +!'"," *!(","13"]},"4853":{"keys":[35,62],"grid":[" "," "," "," ","!! 0"," "," "," "," ","04","!$ .","!% -","!& !!! *","!( *","13","!) )"]}},"2839":{"4845":{"keys":[35,62],"grid":[" "," "," "," "," "," "," "," #!! .","!+ '","!","!","!","!","!","!","!"]},"4659":{"keys":[35,61],"grid":[" ","!$ .","!& ,","!* (","!- %","!","!","!","!","!","!","!","!","!","!","!"]},"4733":{"keys":[61,39],"grid":[" ","!! 0","!# /","!$ .","!% -","!& ,","!' +","!( *","!) )","!* (","!+ '","!/ !!!","!","!","!","!"]},"4756":{"keys":[39,35],"grid":[" "," "," "," "," "," "," "," 0!!"," /!#"," .!$"," -!%"," ,!&"," +!'"," *!("," )!)"," '!+"]},"4757":{"keys":[39,35],"grid":[" &!,"," %!-"," $!."," #!/","03"," !!0","!","!","!","!","!","!","!","!","!","!"]}},"2838":{"4758":{"keys":[39,35],"grid":[" ,!&"," +!'"," *!("," )!)"," (!*"," '!+","!! #!.","!","!","!","!","!","!","!","!","!"]},"4732":{"keys":[61,39],"grid":[" "," "," "," "," "," "," "," "," "," "," "," "," "," "," (!' $"," &!+ !"]},"4733":{"keys":[61,39],"grid":[" $!."," !!0","!","!","!","!","!","!","!","!","!","!","!","!","!","!"]},"4757":{"keys":[39,35],"grid":[" "," "," "," "," "," "," "," "," 0!!","08"," /!#","10"," .!$"," -!%","13"," ,!&"]},"4844":{"keys":[62,35],"grid":[" -!%","00"," ,!&","02","00"," .!$","05","05","05","05","05","05","05","05","05","05"]},"4845":{"keys":[62,35],"grid":[" .!$","00","00","00","00"," "," "," "," "," "," "," "," "," "," "," "]},"4659":{"keys":[61],"grid":[" "," "," "," "," "," "," "," "," "," "," "," "," "," "," "," "]},"4658":{"keys":[35,61],"grid":[" "," "," "," "," ","!! 0","05","!% -","!& ,","!( *","!) )","!* (","!, &","!/ #","13","!0 !"]},"4843":{"keys":[35,62],"grid":[" ","!$ .","!% -","02","!& ,","02","!# /"," "," "," "," "," ","!) )","!* (","!+ '","!, &"]}},"2837":{"4758":{"keys":[39,35],"grid":[" "," "," $!$ +"," !!) (","!, &","!. $","!","!","!","!","!","!","!","!","!","!"]},"4733":{"keys":[61,39],"grid":[" "," "," "," 0!!"," /!#"," .!$"," -!%"," +!'"," )!)","!","!","!","!","!","!","!"]},"4657":{"keys":[35,61],"grid":[" "," "," "," "," "," "," "," "," "," "," "," "," "," "," "," $!# ,"]},"4840":{"keys":[35],"grid":[" "," "," "," "," "," "," "," "," "," "," "," "," "," "," "," "]},"4658":{"keys":[35,61],"grid":[" #!( ("," #!) '"," !!, %"," !!. #","!","!","!","!","!","!","!","!","!","!","!","!"]},"4842":{"keys":[35,62],"grid":[" "," "," "," ","!$ .","04","!$ %!# (","!% #!( $","!. $","08","!/ #","!0 !","11","10","10","10"]},"4843":{"keys":[62,35],"grid":[" "," "," "," "," "," "," "," "," 0!!"," "," "," "," "," "," "," "]}},"2836":{"4839":{"keys":[35,62],"grid":[" "," "," "," "," "," "," "," ","!! 0","!$ .","!% #!# )","!) )","11","11","!( *","14"]},"4758":{"keys":[39,35],"grid":[" "," "," "," "," "," 0!!","05"," /!#","07","07"," .!$","10","10","10","10","10"]},"4733":{"keys":[61,39],"grid":[" "," "," "," "," "," "," "," "," ","!","!","!","!","!","!","!"]},"4759":{"keys":[39,35],"grid":[" .!$","00","00"," -!%","03"," ,!&"," +!'"," %!-","!","!","!","!","!","!","!","!"]},"4841":{"keys":[62,35],"grid":[" 0!!","00"," /!#","02","02","02","02","00"," "," ","00","00"," .!$","12","12"," -!%"]},"4760":{"keys":[35,39],"grid":[" "," "," "," "," "," "," ","!! 0","07","07","07","07","07","07","07"," "]},"4840":{"keys":[62,35],"grid":[" (!*","00"," '!+"," &!,"," %!-","03"," )!)","06"," *!(","08"," +!'","10"," ,!&"," -!%"," 0!!"," "]},"4658":{"keys":[35,61],"grid":[" "," "," "," "," ","!! 0","!$ -!!","!$ ,!#","!% +!#","!( '!$","!) &!$","!","!","!","!","!"]},"4842":{"keys":[62,35],"grid":[" -!%","00"," /!#"," 0!!"," "," "," "," "," "," "," "," "," "," "," "," "]}},"2835":{"4839":{"keys":[62,35],"grid":[" #!/"," $!.","01"," %!& $!! $"," %!% )"," &!! *!!"," "," "," "," "," "," "," "," "," "," "]},"4838":{"keys":[35],"grid":[" "," "," "," "," "," "," "," "," "," "," "," "," "," "," "," "]},"4734":{"keys":[61,39],"grid":[" %!-"," $!."," !!0","!","!","!","!","!","!","!","!","!","!","!","!","!"]},"4759":{"keys":[39,35],"grid":[" "," "," "," "," "," "," "," "," /!#"," -!%"," ,!&","10"," +!'","10","10","09"]},"4761":{"keys":[39,35],"grid":[" 0!!"," /!#"," -!%"," +!'"," *!("," (!*"," &!,"," $!."," !!0","!","!","!","!","!","!","!"]},"4760":{"keys":[39,35],"grid":[" -!%"," .!$"," 0!!","02"," "," "," "," "," "," "," "," "," "," "," "," "]},"4657":{"keys":[35,61],"grid":[" "," "," "," "," "," "," "," "," "," "," "," "," "," "," "," $!! -"]},"4733":{"keys":[61,39],"grid":[" "," "," "," "," "," "," "," "," "," "," .!$"," ,!&"," +!'"," )!)"," (!*"," &!,"]},"4658":{"keys":[61,35],"grid":[" %!-"," &!% %!$"," &!$ &!$"," .!$"," /!#"," "," "," "," "," "," "," "," "," "," "," "]}},"2834":{"4839":{"keys":[62],"grid":[" "," "," "," "," "," "," "," "," "," "," "," "," "," "," "," "]},"4838":{"keys":[62,35],"grid":[" ,!&"," -!%","01"," .!$","00","00"," *!(","06","06","06"," )!)","10"," +!'","00","03","03"]},"4736":{"keys":[61,39],"grid":[" !!0","00","00","00","00","00"," #!/","06","06","06","06"," $!.","11","11","11","11"]},"4737":{"keys":[61,39],"grid":[" $!."," #!/","01","!","!","!","!","!","!","!","!","!","!","!","!","!"]},"4734":{"keys":[61,39],"grid":[" "," "," "," "," 0!!"," /!#"," .!$"," -!%"," ,!&"," +!'","09"," *!("," )!)"," (!*","13"," '!+"]},"4735":{"keys":[61,39],"grid":[" '!+"," &!,","01"," %!-","03","03"," $!.","06","06"," #!/","09","09","09"," !!0","13","13"]},"4655":{"keys":[61,35],"grid":[" (!*","00","00","00","00","00","00","00","00"," )!)","09","09","09","09","09","09"]},"4837":{"keys":[35,62],"grid":[" "," "," "," "," ","!! 0","!# /","06","!$ .","!( *","09","!) )","11","11","!+ '","!, &"]},"4761":{"keys":[39,35],"grid":[" "," "," "," "," "," "," "," "," "," "," 0!!"," .!$","11"," -!%","13"," ,!&"]},"4654":{"keys":[61,35],"grid":[" '!+"," &!,","01"," %!-"," $!."," #!/","04","01","00","00","00"," (!*","11","11","11","11"]},"4657":{"keys":[61,35],"grid":[" ,!&","00","00"," +!'","03"," +!! !!%"," /!#"," 0!!","07","07","07","07","06","07"," "," "]},"4656":{"keys":[61,35],"grid":[" )!)","00","00","00"," (!*","04","04","04"," '!+"," &!,","09","09","09","00"," *!("," +!'"]},"4651":{"keys":[61,35],"grid":[" %!-","00"," &!,","02","02"," '!+","05","05"," (!*","08","08","08"," )!)","08","08","05"]},"4650":{"keys":[35,61],"grid":[" "," "," "," "," "," "," "," "," "," ","!! 0","10","!# /","12","!$ .","14"]},"4653":{"keys":[61,35],"grid":[" '!+"," )!)"," *!(","02","02"," +!'","05","05","05","05","05","02","01","01"," (!*","00"]},"4652":{"keys":[61,35],"grid":[" '!+","00","00"," &!,","03","03"," %!-","06","06","03","03","00","00","03","03","03"]},"4762":{"keys":[39,35],"grid":[" ,!&"," +!'","01"," *!(","03"," )!)"," (!*","06"," '!+","08"," &!,","!","!","!","!","!"]}},"2833":{"4649":{"keys":[35,61],"grid":[" "," "," "," "," "," "," "," "," "," "," "," "," ","!! 0","!% #!! *","!( *"]},"4737":{"keys":[61,39],"grid":[" "," "," ","!# /","!( '!$","!","!","!","!","!","!","!","!","!","!","!"]},"4837":{"keys":[62,35],"grid":[" &!,"," '!+","01","01"," (!( #"," )!! #!# $"," "," "," "," "," "," "," "," "," "," "]},"4836":{"keys":[35,62],"grid":[" "," "," "," "," "," "," "," "," "," ","!' +","10","!& ,","12","12","12"]},"4762":{"keys":[39,35],"grid":[" "," "," #!% +"," #!' )"," !!) ("," !!* '","!, &","!- %","!. $","!/ #","!0 !","!","!","!","!","!"]},"4650":{"keys":[61,35],"grid":[" *!("," ,!&"," -!%","02"," .!$"," /!#"," 0!!","06"," "," "," "," "," "," "," "," "]}},"2832":{"4836":{"keys":[62,35],"grid":[" /!#"," .!$","01","01","00","00","00"," 0!!","07"," "," "," "," "," "," "," "]},"4648":{"keys":[61,35],"grid":[" (!*","00"," '!+","02","02","02","02","02","02"," &!,"," %!-"," $!.","11","11","11","11"]},"4649":{"keys":[61,35],"grid":[" $!."," %!-","01","01","01","01","00","00"," $!( $!$"," %!# (!$"," .!$"," /!#"," "," "," "," "]},"4737":{"keys":[61,39],"grid":[" ","!& ,","!. $","!","!","!","!","!","!","!","!","!","!","!","!","!"]},"4642":{"keys":[35,61],"grid":[" ","!! 0","!$ .","!% -","03","!& ,","05","!' +","!( *","!) )","09","!* (","!+ '","12","12","12"]},"4643":{"keys":[61,35],"grid":[" +!'"," -!%"," /!#"," 0!!","03","03","03","03","03","02","02","02","02"," .!$","01","01"]},"4640":{"keys":[61,35],"grid":[" $!."," #!/","00","00"," '!+"," (!*"," )!)"," *!(","06","05","04"," %!-","00","!","!","!"]},"4646":{"keys":[35],"grid":[" "," "," "," "," "," "," "," "," "," "," "," "," "," "," "," "]},"4647":{"keys":[61,35],"grid":[" #!/","00","00","00"," $!.","04"," %!-","04","06","06","06","06","06"," &!,","13"," '!+"]},"4644":{"keys":[61,35],"grid":[" -!%","00"," ,!&","02"," +!'","04"," *!(","06"," )!)"," (!*","09"," '!+"," &!,"," %!-"," $!."," #!/"]},"4645":{"keys":[61,35],"grid":[" #!/"," !!0","01","01","00","00","00","00","00","00","00","01","01","01","!","!"]},"4763":{"keys":[39,35],"grid":[" .!$"," -!%"," '!+"," %!-"," $!.","04"," #!/","06","06","06","06","06","06"," !!0","13","13"]},"4762":{"keys":[39,35],"grid":[" "," "," "," "," "," "," "," "," "," 0!!","09","09","09"," /!#","13","13"]},"4637":{"keys":[35,61],"grid":[" "," "," "," "," "," "," "," "," "," "," "," "," "," ","!# /","14"]},"4764":{"keys":[39,35],"grid":[" !!0","!","!","!","!","!","!","!","!","!","!","!","!","!","!","!"]},"4835":{"keys":[35,62],"grid":[" "," "," "," "," "," "," "," "," "," "," ","!! 0","!$ .","!% -","!& $!! !!! &","!& !!( $"]},"4639":{"keys":[61,35],"grid":[" )!)","00","00"," (!*"," '!+","04"," &!,"," !!! #!-"," !!0","08"," #!/","10","10"," $!.","13","13"]},"4638":{"keys":[61,35],"grid":[" #!/","00"," !!0","00","00","00","02","02","00"," $!."," %!-"," &!,"," '!+"," )!)","13","13"]}},"2831":{"4641":{"keys":[61,35],"grid":[" .!$","00","00","00"," /!#","04","04"," 0!!","07","07","04","04","00","00","00","04"]},"4737":{"keys":[61,39],"grid":[" "," "," .!$"," -!%"," +!'","04"," *!(","06","06","06","06","06","06","06","04","04"]},"4642":{"keys":[61],"grid":[" "," "," "," "," "," "," "," "," "," "," "," "," "," "," "," "]},"4835":{"keys":[62,35],"grid":[" +!'","00"," -!%"," .!$"," /!#","04","04","04"," 0!!","08"," "," "," "," "," "," "]},"4640":{"keys":[61,35],"grid":[" "," "," "," "," "," "," "," "," "," "," "," "," "," "," 0!!"," /!#"]},"4740":{"keys":[39,61],"grid":[" "," "," "," "," ","!! 0","!# /","!$ .","!% -","08","!& ,","10","10","10","!' +","10"]},"4646":{"keys":[61,35],"grid":[" "," "," "," 0!!","03","03","03","03"," "," "," ","03","03","03"," "," "]},"4834":{"keys":[35,62],"grid":[" "," "," "," $!# ,","03"," #!$ ,"," !!% ,","!' +","!* (","08","08","!+ '","11","11","11","11"]},"4763":{"keys":[39,35],"grid":[" "," "," ","!! 0","!# /","04","04","04","04","03","03","03"," "," ","03","03"]},"4637":{"keys":[35,61],"grid":[" "," "," "," "," "," "," "," "," "," '!$ ("," %!' '"," !!+ &","!. $","!/ #","!","!"]},"4764":{"keys":[35,39],"grid":[" #!/"," %!-"," '!+"," (!) !"," )!' #"," *!% $"," "," "," "," "," "," "," "," "," "," "]},"4741":{"keys":[61,39],"grid":[" &!,","00","00"," %!-","03"," $!."," !!0","!","!","!","!","!","!","!","!","!"]},"4738":{"keys":[61,39],"grid":[" +!'","00","00","00"," ,!&","04","04","04","04","00","!! *!'","!# '!)","!","!","!","!"]}},"2830":{"4740":{"keys":[61,39],"grid":[" ,!&"," -!%"," .!$"," /!#"," "," "," "," "," "," "," "," "," "," "," "," "]},"4626":{"keys":[61,35],"grid":[" '!+"," (!*","01"," )!)"," *!(","04","03","03","01","01","01","03","03","03","03","03"]},"4743":{"keys":[61,39],"grid":[" /!#"," .!$"," -!%"," ,!&"," +!'"," )!)"," (!*"," '!+"," %!-"," $!."," !!0","!","!","!","!","!"]},"4742":{"keys":[61,39],"grid":[" /!#","00","00","00","00"," 0!!","05","05","05","05"," ","05","05","05","00","00"]},"4738":{"keys":[61,39],"grid":[" "," "," "," "," "," "," "," "," "," "," +!'"," *!("," )!)"," (!*","13"," '!+"]},"4739":{"keys":[61,39],"grid":[" '!+"," &!,","01","01","01","01"," %!-","01","01","01","00","00"," (!*","12"," )!)"," *!("]},"4834":{"keys":[35,62],"grid":[" "," "," "," "," "," "," &!! +"," %!% (!!"," %!& &!#","!+ #!%","!","!","!","!","!","!"]},"4627":{"keys":[61,35],"grid":[" )!)"," (!*","01","01"," '!+","01","01","01","01","01","04"," &!,","11","04","11","11"]},"4633":{"keys":[35,61],"grid":[" "," "," "," ","!! 0","04","!# /","!$ .","!% -","08","!& ,","08","04"," "," ","04"]},"4763":{"keys":[39,35],"grid":[" "," "," *!& #"," )!)"," (!*","04"," '!+","06"," &!,","08","08","08","08","08","08","08"]},"4624":{"keys":[35,61],"grid":[" "," "," "," "," "," "," "," "," "," ","!! 0","!# /","!$ .","12","!% -","14"]},"4636":{"keys":[61,35],"grid":[" (!*","00"," )!)","02","02"," *!("," +!'"," ,!&"," -!%"," .!$","09","09","09"," /!#","13","13"]},"4635":{"keys":[61,35],"grid":[" (!*"," )!)","01","01","01","01","01","01","01"," *!(","09","09","09","09","09","01"]},"4634":{"keys":[61,35],"grid":[" !!0","00","00","00","00","!","!","!","!","!","!","00","00"," %!-"," &!,"," '!+"]},"4628":{"keys":[61,35],"grid":[" $!.","00"," %!-"," &!,"," !!% !!+","!","!","!","!","!","!","!","!","!","!","!"]},"4637":{"keys":[61,35],"grid":[" .!$"," /!#","01","01","01","01","01","01","01","01","01","01"," "," "," "," "]},"4625":{"keys":[61,35],"grid":[" %!-","00","00","00","00","00"," &!,"," '!+"," (!*"," )!)","08","08","07","07","07","07"]},"4741":{"keys":[61,39],"grid":[" "," "," "," "," "," "," "," "," /!#"," .!$","09","09","09","09","09","09"]},"4764":{"keys":[39,35],"grid":[" &!,","00","00","00"," %!-","04","04"," $!.","07","07"," #!/"," !!0","!","!","!","!"]}},"2871":{"4707":{"keys":[39,35],"grid":[" %!-"," &!,","!! %!,","!# $!,","!","!","!","!","!","!","!","!","!","!","!","!"]},"4706":{"keys":[35,39],"grid":[" "," "," "," "," "," "," ","!& ,","07","!% -","!$ ."," "," "," !!% ,","09","10"]},"4705":{"keys":[35,39],"grid":[" "," "," "," "," "," "," "," "," "," "," "," ","!# /","!$ .","12","!! 0"]},"4704":{"keys":[39,35],"grid":[" $!."," #!/","01","01"," %!-","!# $!,","!% !!,","!","!","!","!","!","!","!","!","!"]},"4736":{"keys":[39,35],"grid":[" .!$"," /!#"," 0!!"," -!# #","03"," ,!% !"," ,!&"," +!'","07","07","06"," -!%","01","02"," "," "]},"4737":{"keys":[39,35],"grid":[" '!$ ("," &!% (","00"," (!$ '"," *!$ $!!"," +!'","05","05","05","05","05"," *!("," $!# #!*"," $!.","13"," %!-"]},"4735":{"keys":[39,35],"grid":[" "," "," "," "," "," "," "," "," ,!$ #"," ,!% !"," -!%","10","10"," .!$","13","13"]},"4738":{"keys":[39,35],"grid":[" &!% %!$"," .!$","01"," #!( %!$"," !!0","!","!","!","!","!","!","!","!","!","!","!"]},"4709":{"keys":[39,35],"grid":[" ,!&"," -!! #!!"," 0!!"," /!#"," "," "," "," "," "," "," "," "," "," "," "," "]},"4708":{"keys":[35,39],"grid":[" ","!! 0"," "," "," "," "," ","!& ,","!' +","!( *","07","!& %!# &","!& %!$ %","!, &","!+ '","13"]},"4703":{"keys":[35,39],"grid":[" "," "," "," "," "," "," "," ","!! 0"," "," "," "," !!# .","!% -","13","13"]}},"2858":{"4679":{"keys":[61,35],"grid":[" #!/","00","00","00"," !!0","04","04","!","!","!","!","!","!","!","!","!"]},"4700":{"keys":[35,39],"grid":[" #!/","!","!","!","!","!","!","!","!","!","!","!","!","!","!","!"]},"4677":{"keys":[61,35],"grid":[" "," "," "," "," "," "," "," "," "," 0!!"," /!#","10"," .!$"," -!%"," +!'"," *!("]},"4698":{"keys":[35,39],"grid":[" "," "," "," "," "," "," "," "," "," "," "," "," "," +!# %"," (!( #"," '!* !"]},"4678":{"keys":[61,35],"grid":[" )!)","00"," (!*","02"," '!+","04","04"," &!,","07","07"," %!-","10","10"," $!.","13","13"]},"4746":{"keys":[35,39],"grid":[" .!$","00"," /!#"," 0!!"," "," "," "," "," "," "," "," "," "," "," "," "]},"4745":{"keys":[35,39],"grid":[" $!."," %!-","01"," &!,"," '!+"," (!*","05"," )!)","07"," *!(","09"," +!'","11"," ,!&","13"," -!%"]},"4744":{"keys":[39,35],"grid":[" "," "," "," "," "," "," "," "," "," "," "," "," "," "," ","!# /"]},"4699":{"keys":[35,39],"grid":[" &!,"," %!-","01","01","00","00","00","00","00","00","00","00","01"," $!.","13","13"]},"4657":{"keys":[61,35],"grid":[" !!0"," #!/"," $!.","02"," %!-"," &!,","05"," '!+"," (!*"," )!)","09"," *!(","11"," +!'","13"," ,!&"]},"4656":{"keys":[35,61],"grid":[" "," "," "," "," "," "," "," "," "," "," "," "," "," "," ","!! 0"]},"4857":{"keys":[62,35],"grid":[" !!0"," #!/"," $!."," %!-"," &!,"," (!*"," )!)"," *!("," +!'"," ,!&"," -!%"," .!$"," 0!!"," "," "," "]},"4856":{"keys":[35],"grid":[" "," "," "," "," "," "," "," "," "," "," "," "," "," "," "," "]},"4658":{"keys":[61,35],"grid":[" -!%","00"," .!$"," /!#"," 0!!","04"," "," "," "," "," "," "," "," "," "," "]}},"2819":{"4831":{"keys":[35,62],"grid":[" "," "," "," "," "," "," "," ","!% -","08","!& ,","10","!' +","12","!( )!!","!) '!#"]},"4742":{"keys":[61,39],"grid":[" "," "," "," "," "," "," -!%","!","!","!","!","!","!","!","!","!"]},"4832":{"keys":[62,35],"grid":[" )!& $"," *!$ %"," "," "," "," "," "," "," "," "," "," "," "," "," "," "]},"4776":{"keys":[39,35],"grid":[" "," "," "," "," "," "," "," "," "," "," "," "," "," "," 0!!"," /!#"]},"4777":{"keys":[39,35],"grid":[" .!$"," -!%"," ,!&"," +!'"," *!("," )!)"," (!*"," '!+"," &!,"," %!-"," #!/"," !!0","!","!","!","!"]},"4616":{"keys":[35,61],"grid":[" ","!! 0","!$ .","!& ,","!( *","04","!* !!! !!$ !","!","!","!","!","!","!","!","!","!"]}}}}