{"9":{"176":{"309":{"keys":[62,1],"grid":[" "," "," "," "," "," "," "," "," "," "," "," "," "," "," ","!# /"]},"310":{"keys":[39,1,62,""],"grid":[" !!##."," #!$#,"," %!##+"," &!$#)"," (!##("," )!!#("," )$!#("," ($$#'"," )#)","08","08","08"," %$-","12","12","12"]}},"180":{"305":{"keys":[1,35,62],"grid":[" #!/"," &!,","#$ $!+","#& $!)","#( !!)","#' #!)","#' !!*","#& #!*","02","#$ !!-","09","## #!-"," $!."," !!0","!","!"]},"306":{"keys":[35,1],"grid":[" "," "," "," "," "," "," "," "," "," "," "," "," "," "," ","!! 0"]},"307":{"keys":[1,35,"",62],"grid":[" $!*#%","$# #!)#%","$$ #!(#%","$% #!!#!!%#%","$)#)","04","04","04","04","04","04","04","$%#-","12","12","12"]}},"179":{"304":{"keys":[62,1,35],"grid":[" %!##+"," &!##*"," '!##)"," (!$#'"," *!!#'","04"," *!##&"," +!!#&"," +!##%"," ,!!#%","09","09"," ,!##$"," -!###"," .!$"," 0!!"]},"305":{"keys":[62,1,35],"grid":[" 0!!"," "," "," "," "," "," "," "," "," "," "," "," ","00"," /!#"," /!!#!"]},"306":{"keys":[62,1,35],"grid":[" .!##!"," .!!##","00"," /!!#!","03","03","03","03","03","03","03","03","00","01","00"," .!$"]}}},"13":{"2868":{"4864":{"keys":[62,35],"grid":[" !!0"," #!/"," )!)"," +!'"," ,!&"," 0!!"," "," "," "," "," "," "," "," "," "," "]}},"2869":{"4864":{"keys":[35,62],"grid":[" "," "," "," "," "," ","!$ .","!% -","07","!& ,","!' +","!) )","!* (","12","12","!+ '"]},"4865":{"keys":[62,35],"grid":[" +!'","00"," +!$ #!!"," "," "," "," "," "," "," "," "," "," "," "," "," "]}},"2871":{"4866":{"keys":[35,62],"grid":[" "," "," "," "," "," "," "," "," "," "," "," ","!! 0","!# /","!( *","14"]},"4867":{"keys":[62,35],"grid":[" )!)"," *!("," +!$ #!!"," "," "," "," "," "," "," "," "," "," "," "," "," "]}},"2816":{"4959":{"keys":[62,39],"grid":[" "," "," ","!! 0","!# /","!% -","!& ,","!( *","!) )","!+ '","!- %","!. $","!0 !","!","!","!"]}},"2824":{"4965":{"keys":[39,62,""],"grid":["   !"," ###","#","#"]},"4964":{"keys":[62,39,""],"grid":[" "," "," "," "," "," ","!! 0","!# /","!% -","!' +","!( *","!* (","!+ '","!, &","!,#! %","!+## %"]}},"2820":{"4962":{"keys":[39,62],"grid":[" '!+"," )!)"," *!("," ,!&"," -!%"," /!#"," "," "," "," "," "," "," "," "," "," "]},"4961":{"keys":[62,39],"grid":[" "," "," "," "," "," "," "," "," "," "," "," "," ","!# /","!$ .","!& ,"]}},"2821":{"4963":{"keys":[39,62],"grid":[" 0!!"," "," "," "," "," "," "," "," "," "," "," "," "," "," "," "]},"4962":{"keys":[62,39],"grid":[" "," "," "," "," "," "," ","!! 0","!$ .","!% -","!' +","!( *","!* (","!+ '","!- %","!. $"]}},"2822":{"4963":{"keys":[62,39],"grid":[" ","!! 0","!# /","!% -","!& ,","!( *","!) )","!+ '","!, &","!. $","!/ #","!","!","!","!","!"]}},"2823":{"4964":{"keys":[39,62],"grid":[" )!)"," *!("," ,!&"," -!%"," /!#"," 0!!"," "," "," "," "," "," "," "," "," "," "]},"4963":{"keys":[62,39],"grid":[" "," "," "," "," "," "," "," "," "," "," "," ","!! 0","!$ .","!& ,","!' +"]}},"2882":{"4881":{"keys":[35,62],"grid":[" %!# +"," $!% *"," #!' )"," !!) (","!+ '","!, &","!- %","!/ #","!","!","!","!","!","!","!","!"]},"4891":{"keys":[62,35],"grid":[" "," "," "," "," "," 0!!"," /!#"," .!$"," -!%"," +!'"," *!("," )!)"," '!+"," &!,"," $!."," #!/"]},"4912":{"keys":[35,62],"grid":[" "," "," "," "," "," "," "," "," "," "," "," "," "," "," ","!! 0"]},"4913":{"keys":[62,35],"grid":[" $!."," %!-"," &!,"," '!+"," )!)"," *!("," +!'"," -!%"," .!$"," /!#"," 0!!"," "," "," "," "," "]},"4892":{"keys":[62,35],"grid":[" !!0","!","!","!","!","!","!","!","!","!","!","!","!","!","!","!"]}},"2883":{"4888":{"keys":[62,35],"grid":[" "," "," "," "," "," "," "," "," "," "," "," "," "," "," /!#"," .!$"]},"4889":{"keys":[62,35],"grid":[" -!%"," +!'"," *!("," )!)"," (!*"," '!+"," &!,","06"," %!-","08"," $!.","10","10","10","10","10"]},"4881":{"keys":[35,62],"grid":[" "," "," "," "," "," "," "," "," ","!! ,!%","!# *!&","10","!$ (!'","12","!% '!'","!& %!("]},"4891":{"keys":[62,35],"grid":[" #!/","00"," !!0","02","!","!","!","!","!","!","!","!","!","!","!","!"]},"4890":{"keys":[62,35],"grid":[" $!.","00","00","00","00","00","00","00","00","00","00","00","00","00","00"," #!/"]},"4913":{"keys":[35,62],"grid":[" "," "," "," "," "," "," "," "," "," "," ","!! 0","!# /","!$ .","!% -","!' +"]},"4882":{"keys":[62],"grid":[" "," "," "," "," "," "," "," "," "," "," "," "," "," "," "," "]},"4914":{"keys":[62,35],"grid":[" (!*"," )!)"," +!'"," ,!&"," -!%"," .!$"," 0!!"," "," "," "," "," "," "," "," "," "]}},"2880":{"4880":{"keys":[35,62],"grid":[" ","!! 0","01","01","01","!! $!$ *","!# #!$ *","06","!) )","08","!* (","10","!+ '","!, &","!. $","!/ #"]},"4881":{"keys":[62],"grid":[" "," "," "," "," "," "," "," "," "," "," "," "," "," "," "," "]},"4912":{"keys":[62,35],"grid":[" !!0"," #!/","01","01","01","01"," #!! !!-"," &!,"," '!+"," (!*"," )!)"," 0!!"," "," "," "," "]},"4911":{"keys":[35,62],"grid":[" "," "," "," "," "," "," "," "," "," "," "," ","!! 0","12","12","12"]},"4893":{"keys":[62,35],"grid":[" *!("," )!)"," '!+"," %!-"," $!."," #!/","!","!","!","!","!","!","!","!","!","!"]},"4892":{"keys":[62,35],"grid":[" "," "," "," "," "," "," "," "," "," "," "," "," 0!!"," /!#"," .!$"," ,!&"]}},"2881":{"4880":{"keys":[35,62],"grid":[" "," "," "," "," "," "," "," "," "," "," '!$ ("," &!% ("," &!& '"," &!' &"," %!) %","14"]},"4881":{"keys":[35,62],"grid":[" $!+ $","!. $","!/ #","!0 !","!","!","!","!","!","!","!","!","!","!","!","!"]},"4912":{"keys":[35,62],"grid":[" "," "," "," "," "," "," "," "," (!! )"," '!% '"," #!* &"," !!, %","!/ #","!0 !","!","!"]},"4892":{"keys":[62,35],"grid":[" "," 0!!"," /!#"," .!$"," ,!&"," +!'"," *!("," (!*"," &!,"," %!-"," $!."," !!0","!","!","!","!"]}},"2886":{"4883":{"keys":[35,62],"grid":[" ","!! 0","!# /","!$ .","!% -","!' +","!( *","!) )","!* (","!+ '","!- %","!. $","!/ #","!0 !","!","!"]},"4885":{"keys":[62,35],"grid":[" "," "," "," "," "," "," "," "," "," "," "," "," "," /!#"," .!$"," -!%"]},"4886":{"keys":[62,35],"grid":[" ,!&"," +!'"," *!("," )!)"," (!*","04"," '!+"," &!,","07"," %!-"," $!.","10"," #!/","12"," !!0","14"]},"4887":{"keys":[35],"grid":[" "," "," "," "," "," "," "," "," "," "," "," "," "," "," "," "]}},"2887":{"4883":{"keys":[35,62],"grid":[" "," "," "," "," "," "," "," "," "," "," "," "," "," ","!! 0","!# /"]},"4884":{"keys":[62,35],"grid":[" $!."," %!-","01"," &!,"," '!+"," (!*"," )!)"," *!("," +!'"," ,!&"," -!%","10"," .!$","12","12","12"]},"4885":{"keys":[62,35],"grid":[" .!$"," -!%","01"," ,!&"," +!'"," )!)"," (!*"," '!+","07"," &!,"," $!."," #!/","!","!","!","!"]}},"2884":{"4888":{"keys":[62,35],"grid":[" 0!!"," /!#"," .!$"," -!%"," +!'"," *!("," )!)"," (!*"," '!+"," &!,"," %!-"," $!."," !!0","!","!","!"]},"4881":{"keys":[35,62],"grid":[" "," "," "," "," "," "," "," "," !!$ -","!& ,","!' +","10","10","10","10","10"]},"4882":{"keys":[62,35],"grid":[" (!*","00"," )!)"," *!("," +!'"," -!%"," /!#"," "," "," "," "," "," "," "," "," "]},"4915":{"keys":[62,35],"grid":[" ,!&"," .!$"," /!#"," 0!!"," "," "," "," "," "," "," "," "," "," "," "," "]},"4914":{"keys":[35,62],"grid":[" "," "," "," "," "," "," "," ","!! 0","!# /","!% -","!& ,","!' +","!( *","!* (","!+ '"]}},"2885":{"4888":{"keys":[35],"grid":[" "," "," "," "," "," "," "," "," "," "," "," "," "," "," "," "]},"4882":{"keys":[35,62],"grid":[" "," "," "," "," "," "," ","!! 0","!% -","!+ '","!- %","10","!. $","12","12","!/ #"]},"4915":{"keys":[35,62,""],"grid":[" "," "," "," "," ","!# /","!$ .","!% -","!& ,","!( *","!) )","!* (","!, &","!- $#!","!. ##!","!/##"]},"4883":{"keys":[62],"grid":[" "," "," "," "," "," "," "," "," "," "," "," "," "," "," "," "]},"4887":{"keys":[62,35],"grid":[" "," "," 0!!"," /!#","03"," .!$"," ,!&"," +!'"," )!)"," (!*"," '!+"," &!,"," %!-"," $!."," #!/"," !!0"]}},"2873":{"4868":{"keys":[62,35],"grid":[" '!+"," $!! !!,"," $!."," #!/","03"," !!0","!","05","03","02","02"," %!-"," &!,","12","00"," (!*"]},"4869":{"keys":[62,35],"grid":[" (!*","00","00","00"," '!+"," &!,"," *!("," +!'","07","06","06","06","06"," )!)","13","06"]},"4867":{"keys":[35,62],"grid":[" "," "," "," "," "," "," "," "," "," "," "," ","!# /","!% -","!( *","14"]},"4870":{"keys":[62,35],"grid":[" ,!&"," -!%","01","01","01","01"," 0!!","06"," /!#"," .!$","09","08","06"," "," "," "]}},"2872":{"4867":{"keys":[35,62],"grid":[" "," "," ","!& ,","!) )","!) $!! %","!","!","!","!","!","!","!","!","!","!"]}},"2817":{"4959":{"keys":[62,39],"grid":[" "," "," "," "," "," "," "," "," "," "," "," "," "," ","!# /","!$ ."]},"4960":{"keys":[39,62],"grid":[" &!,"," '!+"," )!)"," *!("," ,!&"," .!$"," /!#"," "," "," "," "," "," "," "," "," "]}},"2870":{"4866":{"keys":[62,35],"grid":[" *!("," *!! #!%"," /!#"," .!$","03","03"," 0!!"," "," ","06","06","06"," "," "," "," "]},"4865":{"keys":[35,62],"grid":[" "," %!! ,"," $!# ,","!! !!& *","!* (","!+ '","04","04","!) )","08","04","04","04","04","04","04"]}},"2877":{"4909":{"keys":[62,35],"grid":[" .!$","00"," /!#"," 0!!"," ","03","03","03","03","03","03","02","02","02","02"," -!%"]},"4908":{"keys":[62,35],"grid":[" "," "," "," "," "," "," "," "," 0!!"," /!#","09"," .!$","11","11","11"," -!%"]},"4877":{"keys":[35,62],"grid":[" "," "," "," "," "," "," "," "," "," ","!! 0","!# /","!$ .","12","!% -","!& ,"]},"4898":{"keys":[62,35],"grid":[" /!#"," 0!!","01","01","01","01","01","01"," "," "," "," "," "," "," "," "]},"4897":{"keys":[62,35],"grid":[" "," 0!!","01","01","01","01","01","01","01","01","01","01"," /!#","12","12","12"]},"4896":{"keys":[62],"grid":[" "," "," "," "," "," "," "," "," "," "," "," "," "," "," "," "]},"4910":{"keys":[62,35],"grid":[" .!$","00"," /!#","00","02","00","02"," 0!!","07","07"," ","07","02","02","02","07"]},"4878":{"keys":[62,35],"grid":[" '!! $!'"," +!'"," *!("," -!%"," /!#"," 0!!","05"," "," "," "," "," "," "," "," "," "]},"4911":{"keys":[62,35],"grid":[" /!#"," "," "," "," "," "," "," "," "," "," "," "," "," "," "," "]}},"2876":{"4877":{"keys":[62,35],"grid":[" *!("," +!'","01","01","01"," ,!&","05"," -!%"," /!#"," "," "," "," "," "," "," "]},"4876":{"keys":[35,62],"grid":[" ","!! 0","01","01","01","01","01","01","01","01","!# /","!$ .","!% -","12","!' +","!) )"]}},"2875":{"4875":{"keys":[62,35],"grid":[" '!+","00"," &!,","02","02","02"," %!-","06","06","06","00"," *!("," -!%"," .!$"," /!#"," 0!!"]},"4874":{"keys":[62,35],"grid":[" %!-"," &!,","01","01","01","01"," '!+","06"," (!*"," )!)","09"," *!(","11","11","09","08"]},"4876":{"keys":[62],"grid":[" "," "," "," "," "," "," "," "," "," "," "," "," "," "," "," "]},"4873":{"keys":[35,62],"grid":[" ","!! 0","!# /","!% -","!& ,","04","04","03","03","03","03"," "," ","01","02","03"]},"4872":{"keys":[35,62],"grid":[" "," "," "," "," "," "," "," "," "," "," "," "," ","!! 0"," "," "]}},"2874":{"4871":{"keys":[62,35],"grid":[" $!."," %!-"," &!,"," '!+","03"," (!*","05"," )!)","07"," *!(","09","09","07","07","07","07"]},"4870":{"keys":[35,62],"grid":[" "," "," "," "," "," "," "," "," "," "," "," "," ","!$ .","13","13"]},"4872":{"keys":[62,35],"grid":[" *!(","00","00","00","00"," +!'","05"," ,!&"," .!$","08","08"," "," "," "," "," "]}},"2879":{"4880":{"keys":[62],"grid":[" "," "," "," "," "," "," "," "," "," "," "," "," "," "," "," "]},"4879":{"keys":[62,35],"grid":[" )!)"," *!(","01","01","01","01"," +!'"," ,!&"," -!%","08"," .!$"," /!#","11"," 0!!","13"," "]},"4878":{"keys":[35,62],"grid":[" "," "," "," $!! -"," !!& +","!( *","!' +","06","06","06","05","05","05","05","05","!) )"]},"4911":{"keys":[35,62],"grid":[" "," ","!0 !","!/ #","03","!","!","!","!","!","!","!","!","!","!","!"]},"4893":{"keys":[62,35],"grid":[" "," "," "," "," "," "," "," 0!!"," /!#"," .!$"," -!%"," ,!&"," *!("," )!)"," (!*"," '!+"]},"4894":{"keys":[62,35],"grid":[" &!,"," $!."," #!/","02"," !!0","!","!","!","!","!","!","!","!","!","!","!"]}},"2878":{"4908":{"keys":[62,35],"grid":[" !!0","00","00","00","00","00","00","!","!","!","!","!","!","!","!","!"]},"4899":{"keys":[62,35],"grid":[" !!0","00","00","00","00","00"," #!/","06","06","06","06","06","06"," $!.","13","13"]},"4898":{"keys":[35,62],"grid":[" "," "," "," "," "," "," "," "," "," "," "," "," ","!! 0","13","13"]},"4901":{"keys":[62,35],"grid":[" '!+","00","00","00","00"," (!*","05","05","05","05","05","05","05","05","05","05"]},"4900":{"keys":[62,35],"grid":[" $!.","00","00","00"," %!-","04","04"," &!,","07","07","07","07","07"," '!+","13","13"]},"4903":{"keys":[62,35],"grid":[" )!)"," *!(","01","01","01","01","01","01","01","01","01","01","01","01","01","01"]},"4902":{"keys":[62,35],"grid":[" (!*","00","00","00","00","00","00","00"," )!)","08","08","08","08","08","08","08"]},"4905":{"keys":[62,35],"grid":[" (!*","00","00","00","00"," '!+","05","05","05","05","05","05","05"," &!,","13","13"]},"4878":{"keys":[35,62],"grid":[" "," "," "," "," !!$ #!) #"," !!# $!+"," !!# #!,","!","!","!","!","!","!","!","!","!"]},"4907":{"keys":[62,35],"grid":[" $!.","00","00","00","00"," #!/","05","05","05","05","05","05"," !!0","12","12","12"]},"4896":{"keys":[62,35],"grid":[" #!/","00","00"," !!0","03","03","03","03","03","!","!","!","!","!","!","!"]},"4904":{"keys":[62,35],"grid":[" )!)","00","00","00","00","00","00","00","00","00","00","00"," (!*","12","12","12"]},"4910":{"keys":[35],"grid":[" "," "," "," "," "," "," "," "," "," "," "," "," "," "," "," "]},"4911":{"keys":[35,62],"grid":[" ","!0 !","!","!","!","!","!","!","!","!","!","!","!","!","!","!"]},"4894":{"keys":[62,35],"grid":[" "," "," "," "," "," "," 0!!","06"," /!#"," .!$"," -!%","10"," ,!&"," +!'","13"," *!("]},"4906":{"keys":[62,35],"grid":[" &!,","00","00","00","00","00","00"," %!-","07","07","07","07","07","07","07"," $!."]},"4895":{"keys":[62,35],"grid":[" *!(","00"," )!)"," (!*","03"," '!+","05","05"," &!,","08"," %!-","10","10"," $!.","13"," #!/"]}},"2819":{"4961":{"keys":[62,39],"grid":[" "," ","!! 0","!# /","!% -","!& ,","!( *","!) )","!+ '","!, &","!. $","!0 !","!","!","!","!"]}},"2818":{"4961":{"keys":[39,62],"grid":[" /!#"," 0!!"," "," "," "," "," "," "," "," "," "," "," "," "," "," "]},"4960":{"keys":[62,39],"grid":[" "," "," "," "," "," "," "," ","!! 0","!$ .","!% -","!' +","!( *","!* (","!+ '","!- %"]}}}}