{"9":{"175":{"179":{"keys":[7,"",40],"grid":[" "," ","!!! ","!!!#"]}},"160":{"182":{"keys":[7,1],"grid":[" "," "," "," "," "," "," "," "," "," "," "," "," "," "," ","!# /"]},"183":{"keys":[3,1,7],"grid":[" !!!#/","00","!##/","!!#0","03","02","00","00","02","03","03","02"," !!##!!##+"," #!!#!!%#)"," #!$ #!##("," )!##'"]},"184":{"keys":[3,1,7],"grid":[" *!!#'","00"," *!##&"," +!!#&"," +!##%"," ,!##$","05"," ,!!#%"," ,!$##"," .#$"," -!!#$","10","05"," +!$#$","04"," )!%#%"]},"185":{"keys":[3,1,8,7,""],"grid":[" (!###!!$%"," '!###!#$%"," &!##$!!$&"," &!!#%!!$&"," %!##%!!$&"," %!!#&!!$&"," %!(%!$%"," %!##$!!%#$%"," &!$#!!!%'"," %%$!$%'"," %%-","10","%","%","%","%"]}}},"13":{"2569":{"2967":{"keys":[8,"",3],"grid":[" .!$","00"," -#!!$","02"," -!%","04"," ,#!!%","06","06"," ,!&"," +#!!&","10","10"," +!'","13"," *#!!'"]},"2966":{"keys":[8,3,""],"grid":[" "," "," "," "," 0!!","04","04"," 0#!","07"," /!!#!","09"," /##","11"," .!!##","13","13"]},"2969":{"keys":[8,"",3],"grid":[" '!+"," &#!!+","01"," &!,","#&!,","!","!","!","!","!","!","!","!","!","!","!"]},"2968":{"keys":[8,3,""],"grid":[" *!!#'","00"," *#("," )!!#(","03","03"," )#)","06"," (!!#)","08"," (#*","10"," '!!#*","12","12"," '#+"]},"2959":{"keys":[3,8],"grid":[" "," "," /!#"," ,!&"," )!)"," &!,"," $!.","!","!","!","!","!","!","!","!","!"]},"2946":{"keys":[3,7],"grid":[" /!#"," 0!!","01"," "," "," "," "," "," "," "," "," "," "," "," "," "]},"2945":{"keys":[3,7],"grid":[" (!*"," )!)","01"," *!(","03"," +!'","05","05"," ,!&","08"," -!%","10"," .!$","12","12"," /!#"]},"2944":{"keys":[3,7],"grid":[" !!0"," #!/","01","01"," $!.","04","04"," %!-","07","07"," &!,","10"," '!+","12"," (!*","14"]},"2943":{"keys":[7,3],"grid":[" "," "," "," "," "," "," "," "," "," "," "," "," "," ","!! 0","14"]}},"2568":{"2966":{"keys":[8],"grid":[" "," "," "," "," "," "," "," "," "," "," "," "," "," "," "," "]},"2960":{"keys":[3,8],"grid":[" #!/"," !!0","!","!","!","!","!","!","!","!","!","!","!","!","!","!"]},"2969":{"keys":[8,"",3],"grid":[" "," "," ","!!#% ,","!*#(","!","!","!","!","!","!","!","!","!","!","!"]},"2959":{"keys":[3,8],"grid":[" "," "," "," "," "," "," "," "," /!#"," .!$"," ,!&"," +!'"," )!)"," (!*"," &!,"," %!-"]},"2943":{"keys":[3,7],"grid":[" ,!&"," -!%","01"," .!$","03"," /!#","05","05"," 0!!","08","08"," "," "," "," "," "]},"2942":{"keys":[7,3],"grid":[" ","!! 0","01","!# /","!$ .","!% -","05","!& ,","!' +","!( *","!) )","10","!* (","12","!+ '","!, &"]}},"2561":{"2929":{"keys":[3,7],"grid":[" .!$","00"," -!%","02","02"," ,!&"," *!("," )!)","07","07","07","07","07","07","07","06"]},"2928":{"keys":[3,7],"grid":[" +!'","00"," ,!&","02"," -!%","04","02","00","00","00","02","02","02","04","04","04"]},"2939":{"keys":[7,3],"grid":[" ","!! 0","!# /","02","!$ .","04","!% -","!& ,","!' +","08","!( *","10","10","10","!) )","14"]},"2936":{"keys":[3,7],"grid":[" '!+"," &!,","01"," %!-"," !!0","!","!","!","04","04","04","04","04","!","!","!"]},"2934":{"keys":[3,7],"grid":[" (!*"," )!)"," *!("," +!'"," ,!&","04","04","04"," -!%","08"," .!$","10","10","03","02","02"]},"2935":{"keys":[3,7],"grid":[" *!("," )!)","01","01"," +!'"," ,!&","04","04","00","00","00","04","04","00","01"," (!*"]},"2933":{"keys":[7,3],"grid":[" "," "," "," "," "," "," "," "," ","!! 0","!# /","!$ .","!% -","!& ,","!' +","14"]},"2930":{"keys":[3,7],"grid":[" *!("," +!'"," ,!&","02"," -!%"," .!$"," !!# +!$"," !!$ +!#"," #!$ *!#"," #!( #!# !!#"," $!' #!&","!! !!/","!","!","!","!"]},"2927":{"keys":[7,3],"grid":[" "," "," "," "," ","!! 0","!# /","!$ .","07","!% -","!& ,","!' +","11","!( *","!) )","!* ("]},"2940":{"keys":[3,7],"grid":[" )!)"," *!(","01","01"," +!'","04","04","04","04","04","04"," -!%"," /!#"," 0!!"," "," "]}},"2560":{"2938":{"keys":[3,7],"grid":[" )!)"," *!(","01","01","01","01"," +!'","06","06","06"," ,!&","10","10"," -!%"," .!$","14"]},"2939":{"keys":[3,7],"grid":[" /!#"," "," "," "," "," "," "," "," "," "," "," "," "," "," "," "]},"2936":{"keys":[3,7],"grid":[" "," "," "," "," "," "," "," "," "," "," "," "," "," "," 0!!","14"]},"2937":{"keys":[3,7],"grid":[" 0!!","00","00"," -!%","03","03"," ,!&"," *!("," &!$ !!("," &!,","09"," %!-","11"," '!+","13","13"]},"2932":{"keys":[3,7],"grid":[" '!+","00"," &!,","02","00","00"," (!*"," )!)","07","07","06","07","07","07","07","07"]},"2933":{"keys":[3,7],"grid":[" *!(","00"," +!'"," .!$"," /!#","04"," 0!!","06"," "," "," "," "," "," "," "," "]},"2930":{"keys":[3,7],"grid":[" "," "," "," "," "," "," "," .!! #"," ,!% !","08"," ,!&","10"," .!$"," (!% !!%"," %!-","14"]},"2931":{"keys":[7,3],"grid":[" !!$ -"," "," "," "," "," "," ","!! 0","07","!# /","!$ .","!% -","!& ,","12","!' +","14"]},"2927":{"keys":[7,3],"grid":[" "," "," "," "," "," )!! %!$"," &!% $!%"," #!/"," $!."," %!-","09","08","08"," !!0","!","!"]}},"2563":{"2942":{"keys":[7,3],"grid":[" "," "," "," "," "," ","!! 0","!# /","!$ .","!% -","!& )!$","!( &!%","!) $!&","!","!","!"]}},"2562":{"2942":{"keys":[3,7],"grid":[" -!%"," .!$"," /!#","02"," 0!!"," "," "," "," "," "," "," "," "," "," "," "]},"2941":{"keys":[3,7],"grid":[" !!0"," #!/"," %!-"," &!,","03","03","03"," $!.","07","01","01","07","03"," '!+"," )!)"," +!'"]},"2940":{"keys":[7],"grid":[" "," "," "," "," "," "," "," "," "," "," "," "," "," "," "," "]}},"2572":{"2949":{"keys":[7,3],"grid":[" "," "," "," "," "," "," "," "," "," "," ","!! 0","11","11","11","11"]},"2954":{"keys":[3,"",7],"grid":["   !","00","00","   #"]},"2955":{"keys":[3,"",7,8],"grid":[" *!##&","00"," )!##'","02"," )#)","04"," (!!#)"," (#*","07","07"," '#+","10"," &#,","12"," %$!#,","14"]},"2956":{"keys":[3,8,7],"grid":[" $!##,"," $!!#-"," #!##-"," !!$#-","!%#-","!$#.","05","05","05","05","!##/","10","10","10","!!#0","14"]},"2957":{"keys":[8,7],"grid":[" !!0","00","00","!","!","!","!","!","!","!","!","!","!","!","!","!"]},"2950":{"keys":[3,7],"grid":[" !!0","00","!","!","!","!","!","!","!","!","!","!","!","!","!","!"]},"2952":{"keys":[7,3],"grid":[" "," ","!! 0","02","!# /","04","!( *","!/ #","!","!","!","!","!","!","!","!"]}},"2573":{"2952":{"keys":[7,8,3,""],"grid":[" "," "," "," "," "," "," "," ","!! 0","#! 0","09","#!$! /","#!$# .","#!$$ -","$% -","14"]}},"2567":{"2966":{"keys":[8],"grid":[" "," "," "," "," "," "," "," "," "," "," "," "," "," "," "," "]},"2961":{"keys":[3,8],"grid":[" %!-"," $!."," #!/"," !!0","03","!","!","!","!","!","!","!","!","!","!","!"]},"2960":{"keys":[3,8],"grid":[" "," "," 0!!"," /!#"," .!$"," -!%"," ,!&"," +!'","07"," *!("," )!)"," (!*","11"," '!+"," &!,"," %!-"]},"2969":{"keys":["",3,8],"grid":[" %!##+"," (!$#'"," ,!%#!"," "," "," "," "," "," "," "," "," "," "," "," "," "]},"2968":{"keys":[8,3],"grid":[" "," "," "," "," "," "," "," "," "," "," "," "," "," "," ","!# /"]},"2942":{"keys":[3],"grid":[" "," "," "," "," "," "," "," "," "," "," "," "," "," "," "," "]},"2941":{"keys":[7,3],"grid":[" "," "," "," "," "," "," "," ","!! 0","!+ '","!- %","!. $","!/ #","12","!0 !","14"]}},"2564":{"2965":{"keys":[3,8],"grid":[" /!#","00","00"," .!$","03","03"," -!%","06","06"," ,!&","09","09"," +!'","12","12"," *!("]},"2964":{"keys":[3,8],"grid":[" "," "," "," "," "," "," "," "," "," "," "," "," "," "," 0!!","14"]},"2967":{"keys":[3,8,""],"grid":[" )!)","00","00","00","00","00"," *!("," )#! !!'"," )## !!&"," )#$ !!%"," )#% !!$"," )#& #!!"," %#, !"," %#-","13","13"]},"2966":{"keys":[3,8],"grid":[" *!("," )!)","01","01"," (!*","04","04","04","04","04","04","04","04","01","01","01"]},"2942":{"keys":[7,3],"grid":[" ,!&"," +!'"," *!("," '!+"," #!/","04","04","04","04"," !!0","!","!","!","!","!","!"]},"2941":{"keys":[7,3],"grid":[" -!%","00"," ,!&","00","00","00"," *!(","06","06"," )!)","09","09","09","06","02","02"]},"2940":{"keys":[7,3],"grid":[" "," "," "," "," "," "," "," "," "," "," "," /!#"," .!$"," -!%","13","13"]}},"2570":{"2965":{"keys":[8,7,3,""],"grid":[" %!-","00","00"," $!."," $#!!-"," $$!!-","05"," ##!$!!-"," ##!$&!)","08"," #$'!)","10"," !#!$/","12"," !$0","14"]},"2964":{"keys":[8,7],"grid":[" )!)"," (!*","01","01","01"," '!+","05","05","05","05"," &!,","10","10","10"," %!-","14"]},"2966":{"keys":[3,""],"grid":[" !!0","00","00","!","!","!","!","!","!","!","!","!","!","!","!","!"]},"2961":{"keys":[8,7],"grid":[" "," "," "," "," "," "," "," "," "," "," "," "," "," "," 0!!","14"]},"2963":{"keys":[8,7],"grid":[" ,!&","00","00","00"," +!'","04","04","04"," *!(","08","08","08","08"," )!)","13","13"]},"2962":{"keys":[8,7],"grid":[" 0!!","00"," /!#","02","02","02","02"," .!$","07","07","07"," -!%","11","11","11"," ,!&"]},"2958":{"keys":[3,8],"grid":[" 0!!"," /!#","01"," .!$","03"," -!%","05"," ,!&","07"," +!'","09"," *!(","11"," )!)","13"," '!+"]},"2959":{"keys":[3,8],"grid":[" $!.","!","!","!","!","!","!","!","!","!","!","!","!","!","!","!"]},"2948":{"keys":[3,7],"grid":[" -!%","00"," .!$","02"," /!#","04"," 0!!"," "," "," "," "," "," "," "," "," "]},"2947":{"keys":[3,7],"grid":[" &!,"," '!+","01","01"," (!*","04"," )!)","06"," *!(","08","08"," +!'","11"," ,!&","13"," -!%"]},"2946":{"keys":[7,3],"grid":[" "," "," "," "," "," ","!! 0","06","!# /","08","!$ .","10","10","!% -","13","!& ,"]},"2957":{"keys":[3,8],"grid":[" "," "," "," "," "," "," "," "," "," "," "," "," "," "," "," 0!!"]}},"2565":{"2964":{"keys":[3,8],"grid":[" %!-","00"," $!.","02","02"," #!/","05","05"," !!0","08","08","!","!","!","!","!"]},"2967":{"keys":[8,3,""],"grid":[" "," "," "," "," "," "," "," "," "," "," "," "," ","!! 0","#!!! /","##!! ."]},"2966":{"keys":[8],"grid":[" "," "," "," "," "," "," "," "," "," "," "," "," "," "," "," "]},"2963":{"keys":[3,8],"grid":[" +!'","00"," *!(","02"," )!)","04","04"," (!*","07","07"," '!+","10","10"," &!,","13"," %!-"]},"2962":{"keys":[3,8],"grid":[" "," "," "," "," "," "," "," "," "," "," 0!!"," /!#"," .!$"," -!%"," ,!&","14"]},"2968":{"keys":["",3,8],"grid":[" %!!#,"," &!!#+"," '!##)"," )!!#("," *!##&"," ,!!#%"," .!!##"," /!#"," "," "," "," "," "," "," "," "]},"2941":{"keys":[3,7],"grid":[" ,!&"," .!$","01","01"," /!#","04"," "," "," "," "," "," "," "," "," "," "]},"2940":{"keys":[7,3],"grid":[" "," "," "," "," "," "," "," "," "," "," ","!% -","!' +","!( *","!) )","!* ("]}},"2566":{"2966":{"keys":[8],"grid":[" "," "," "," "," "," "," "," "," "," "," "," "," "," "," "," "]},"2961":{"keys":[3,8],"grid":[" "," "," "," "," "," "," "," 0!!","07"," /!#"," .!$"," -!%"," ,!&"," +!'"," *!(","14"]},"2968":{"keys":[8,3,""],"grid":[" "," "," "," "," "," "," "," ","!# /","##!# -","#%!# +","#'!# )","#)!# '","#,!# $","#/!! !","#"]},"2941":{"keys":[7,3],"grid":[" "," "," "," "," "," ,!! %"," +!% #","!# '!( !","!# %!+","!$ #!,","!","!","!","!","!","!"]},"2962":{"keys":[3,8],"grid":[" )!)"," (!*"," '!+"," &!,"," %!-"," $!."," #!/","06"," !!0","!","!","!","!","!","!","!"]}},"2571":{"2961":{"keys":[8,7],"grid":[" #!/","00","00","00","00"," !!0","05","05","05","!","!","!","!","!","!","!"]},"2960":{"keys":[8,7],"grid":[" '!+","00","00"," &!,","03","03","03","03"," %!-","08","08","08"," $!.","12","12","12"]},"2958":{"keys":[8,7],"grid":[" .!$","00","00","00"," -!%","04","04","04","04"," ,!&","09","09","09"," +!'","13","13"]},"2959":{"keys":[8,7],"grid":[" +!'","00"," *!(","02","02","02"," )!)","06","06","06"," (!*","10","10","10","10"," '!+"]},"2949":{"keys":[3,7],"grid":[" '!+","00"," (!*"," )!)"," *!("," +!'"," ,!&"," -!%"," /!#"," 0!!"," "," "," "," "," "," "]},"2948":{"keys":[7,3],"grid":[" "," "," "," "," "," "," "," ","!! 0","!# /","!$ .","10","!% -","12","!& ,","14"]},"2956":{"keys":[3,8],"grid":[" "," "," "," "," "," "," 0!!"," /!#"," .!$"," -!%"," ,!&"," +!'"," *!(","12"," )!)","14"]},"2957":{"keys":[3,8,7],"grid":[" (!*"," '!+","01"," &!,"," %!-","04","04"," $!-#!","07","07"," #!.#!"," #!-##"," !!.##","12","!/##","14"]},"2950":{"keys":[3,7],"grid":[" "," "," "," "," "," "," 0!!","06","06"," /!#","09","09"," .!$","12","12","12"]},"2951":{"keys":[3,7],"grid":[" .!$","00","00","00","00","00","00"," /!#","07"," 0!!","09","09","09","09","09","09"]},"2952":{"keys":[3],"grid":[" "," "," "," "," "," "," "," "," "," "," "," "," "," "," "," "]}}}}