{"9":{"168":{"238":{"keys":[41,1,""],"grid":[" )!)"," "," "," "," "," "," "," "," "," "," "," "," -#%","12","12","12"]},"234":{"keys":[42,1,43,""],"grid":[" "," "," "," "," 0!!"," .!$"," ,!$##"," +!!#&"," )#)","08","08","08","$)#)","12","12","12"]},"235":{"keys":["",43,44],"grid":["  !!","   !","   #","02"]},"236":{"keys":["",44,1,45],"grid":[" -!%","00","00","00"," .!$"," /!#","05"," 0#!"," )$)","08","08","08","08","08","08","08"]},"237":{"keys":["",45,1],"grid":[" )!)","00","00","00","00","00","00","00"," %!-","08","08","08"," &!,","08","08"," %#&!("]},"233":{"keys":[46,"",42],"grid":["  ! ","#","#","#"]}},"169":{"234":{"keys":[42,1,43,""],"grid":[" "," "," "," ","!# ##)$%","#-$%","05","05","05","05","05","05","#","#","#","#"]},"235":{"keys":[43,1,"",44],"grid":[" "," "," "," "," "," "," "," $!# ,"," !!* !#&","$*!!$!#&","$,#&","$-#%","11","11","11","11"]},"236":{"keys":[44,"",1,45],"grid":[" -!%","00","00","00","00","00","00","#! ,!%","#$ *!%","$##$ (!%","$'!# %!%","10","$)!)","12","12","12"]}},"164":{"230":{"keys":[3,"",1,47],"grid":[" )!)","00","00","#$ &!)","#% %!)","$$#! %!)","$### %!)","03","00","00","00","00","!","!","!","!"]},"229":{"keys":[48,"",1,3],"grid":[" -!%","00","00","00","00","00","## +!%","06","## #!-","#! #!.","$!!0","10","$%!-","12","12","12"]}},"165":{"230":{"keys":["",1,29],"grid":[" /!#"," 0!!"," "," .!$"," -!###"," -!!#$"," ,!##$"," ,!!#%","07","07","06","04"," .!##!","00"," "," "]},"229":{"keys":["",49,1,50],"grid":[" "," "," "," "," )!)","04","04","04","04","04","04","04"," -!%"," .!!##"," /#!$!"," /$!#!"]}},"166":{"230":{"keys":[52,1,51,29,53,""],"grid":[" '!##)","!! &!!#*","!# $!##*","!'#+","$%!##+","$&!!#+","$&!&#'","$*!##&","$+!#%%","08","$*!#%&","$)!#%'","$)!!%(","!$$%!#%(","&#!!$$!#%)","&#!#$!!#%*"]},"231":{"keys":["",1,53],"grid":[" $!$#+"," &#,"," '#+"," (#*"," )#)","04","04","04","04","04","04","04"," "," "," "," "]},"229":{"keys":["",49,1,50,51,52],"grid":[" "," "," "," ","!","!","!","!","!","!","!)##!'","!&#(!%","!##%$%##%%","#$$!##$$##%&","$!#*%'","##&&#!%)"]}},"167":{"230":{"keys":["",54,53],"grid":["  !!","00","# !!","## !"]},"231":{"keys":[53,"",54,1,55],"grid":[" '!##)","00","00"," &$!#!!!#)"," %$##$!!#'"," $$##,"," #$##&$##&"," #$!#&$%#%"," !$##%$#%#$##$","$##%$#%%$###","#&$#%'$!##","#%$#%($##!","!!##$#%,","!#$#%-","!#%/","!$%."]}},"160":{"230":{"keys":[3,1,34,""],"grid":[" &!!#+"," &!##!!##%!#"," '!* !"," "," "," "," "," ","$","$","$","$","$","$","$","$"]},"229":{"keys":[3,1,34],"grid":[" "," )!$ &"," '!$#!!'"," '!!#(!!#!","!! &!!#(!!#!","!# #!-","#!!! #!!#*!!#!","!# #!!#*!!#!"," %!##)!!#!"," &!##(!!#!"," '!+","09","09"," &!,"," &!!#+","14"]}},"161":{"230":{"keys":[34,1,3,""],"grid":[" !!! #!! ,","!' *!!","#%!-","#%!%#)","#","#","#","#","$","$","$","$","$","$","$","$"]},"229":{"keys":[3,1,34],"grid":[" "," ","!","#%!!#+!!","#%!!#,","!","04","04","04","04","!","04","04","!","#!!!##!!#,","14"]}},"162":{"230":{"keys":[34,1,3,""],"grid":[" !!! #!$#*","!&#,","#!!!#/","#","#)$)","04","04","04","$","$","$","$","$","$","$","$"]},"229":{"keys":[3,1,34],"grid":[" "," "," ","!( *","#!!!#%!$ !!# %","!##'!)","#!!0","#!!!#/","#!!!#-!#","#!!!#,!# !","!","#!!!#)!!#!!!#$","#!!!#'!$#&","!* !!'","#!!!#&!# !!'","#!!!#%!# )"]}},"163":{"230":{"keys":[3,"",1,47],"grid":[" )!! ("," "," "," ,#&","!% '#'","!% '#!$&","!% &##$&","!% &##$%#!","04","!% -","09","09","!) )","12","12","12"]},"229":{"keys":[3,"",48,1,47,34],"grid":[" +!##%"," ,!!#%","01"," ,$!#%"," '$'#%","$$ $  $%%%%$$$##","$","&!$!&#$#%+","$#&#$#%+","$'%!$%%#$$","$% !$$ #$% #","&!$!&!$! ($# $","&!$!&!$! -","$% -","$# /"," "]}}},"13":{"2712":{"3768":{"keys":[43,44],"grid":[" "," "," "," "," "," "," "," "," "," "," "," ","!$ .","!* (","!0 !","!"]}},"2594":{"3667":{"keys":[3,34],"grid":[" "," ","!) )","!- %","!0 !","!","!","!","!","!","!","!","!","!","!","!"]},"3681":{"keys":[34,3],"grid":[" "," "," "," "," "," -!# #"," ,!&"," +!'"," *!("," )!)"," (!*"," '!+"," %!-"," $!."," #!/","!"]},"3670":{"keys":[34],"grid":[" "," "," "," "," "," "," "," "," "," "," "," "," "," "," "," "]},"3674":{"keys":[34],"grid":[" "," "," "," "," "," "," "," "," "," "," "," "," "," "," "," "]},"3677":{"keys":[34],"grid":[" "," "," "," "," "," "," "," "," "," "," "," "," "," "," "," "]}},"2659":{"3683":{"keys":[52,29],"grid":[" "," "," "," "," "," "," "," "," ","!# /","!& ,","!( *","!+ '","!- %","!0 !","!"]},"3678":{"keys":[50,52],"grid":[" "," "," "," %!+ #"," #!/","!","!","!","!","!","!","!","!","!","!","!"]},"3676":{"keys":[49,50],"grid":[" "," "," "," "," "," "," /!#"," ,!&"," )!)"," &!,"," #!/","!","!","!","!","!"]},"3695":{"keys":[29,56,""],"grid":[" ","!! 0","#!!! /","##!! .","03","#$!! -","#%!! ,","#&!! +","#'!! *","#(!! )","#)!! (","#*!! '","#+!! &","#,!# $","#.!! #","#/!! !"]},"3696":{"keys":["",56],"grid":[" 0!!"," "," "," "," "," "," "," "," "," "," "," "," "," "," "," "]}},"2658":{"3683":{"keys":[52,29],"grid":[" "," "," ","!$ .","!& ,","!) )","!, &","!. $","!","!","!","!","!","!","!","!"]},"3693":{"keys":[29,56,""],"grid":[" "," "," "," "," "," "," "," ","!! 0","#! 0","#!!! /","## /","##!! .","#$ .","#$!! -","#% -"]},"3694":{"keys":["",56,29],"grid":[" %!!#,"," &!!#+","01"," '!!#*"," (#*"," (!!#)"," )!!#("," *!!#'","07"," +!!#&"," ,!!#%"," -#%"," -!!#$"," .!!##"," /!!#!","14"]},"3695":{"keys":["",56],"grid":[" 0!!"," "," "," "," "," "," "," "," "," "," "," "," "," "," "," "]},"3678":{"keys":[50,52],"grid":[" "," "," "," "," "," "," /!#"," -!%"," ,!&"," *!("," (!*"," &!,"," $!."," !!0","!","!"]},"3676":{"keys":[49,50],"grid":[" "," "," "," "," "," "," "," "," "," "," "," 0!!"," -!%"," *!("," '!+"," $!."]},"3677":{"keys":[50],"grid":[" "," "," "," "," "," "," "," "," "," "," "," "," "," "," "," "]}},"2595":{"3667":{"keys":[3,34],"grid":[" "," "," "," "," ","!# /","!% ,!!","!* #!&","!","!","!","!","!","!","!","!"]},"3681":{"keys":[34,3],"grid":[" "," "," "," "," "," /!#","!","!","!","!","!","!","!","!","!","!"]},"3670":{"keys":[34],"grid":[" "," "," "," "," "," "," "," "," "," "," "," "," "," "," "," "]},"3674":{"keys":[34],"grid":[" "," "," "," "," "," "," "," "," "," "," "," "," "," "," "," "]},"3677":{"keys":[34],"grid":[" "," "," "," "," "," "," "," "," "," "," "," "," "," "," "," "]}},"2653":{"3683":{"keys":["",56],"grid":[" "," "," "," "," "," "," "," "," "," "," "," "," "," "," "," 0!!"]},"3691":{"keys":[29,56,""],"grid":[" "," "," "," "," "," "," "," "," "," "," "," "," "," ","!! 0","#!!! /"]},"3692":{"keys":["",56,29],"grid":[" #!!#."," $!!#-"," %!!#,"," '!!#*"," (!!#)"," )!!#("," *!!#'"," +!##%"," -!!#$"," .!!##"," 0!!"," "," "," "," "," "]},"3684":{"keys":["",56,29],"grid":[" /!!#!"," .!!##"," ,!!#%"," +!!#&"," *!!#'"," )!!#("," '!##)"," &!!#+"," %!!#,"," $!!#-"," #!!#."," !!!#/"," !#0","!!#0","#","#"]}},"2652":{"3690":{"keys":[29,56,""],"grid":[" "," "," "," ","!! 0","04","#!!! /","06","## /","##!! .","#$ .","#$!! -","#% -","#%!! ,","#& ,","#&!! +"]},"3691":{"keys":["",56,29],"grid":[" '!!#*","00"," (!!#)"," )!!#(","03"," *!!#'"," +!!#&"," ,#&"," ,!!#%"," -!!#$"," .!!##"," /!!#!"," 0!!","12"," "," "]},"3686":{"keys":["",29,56],"grid":[" %!-"," $#!!-"," $!."," ##!!."," #!/"," !#!!/","05","#!!0","07","!","!","!","!","!","!","!"]},"3685":{"keys":["",56,29],"grid":[" .!!##"," -!!#$","01"," ,!!#%"," +!!#&","04"," *!!#'"," )!!#(","07"," (!!#)","09"," '!!#*"," '#+"," &!!#+"," &#,"," %!!#,"]},"3684":{"keys":["",56,29],"grid":[" "," "," "," "," "," "," "," "," "," "," "," "," "," "," 0!!"," /!!#!"]}},"2651":{"3690":{"keys":["",29,56],"grid":[" 0!!"," 0#!","01"," "," "," "," "," "," "," "," "," "," "," "," "," "]},"3689":{"keys":["",29,56],"grid":[" -!%","00","00","00"," -#!!$","04","04","04"," .!$","08"," .#!!#","10"," /!#","12"," /#!!!","14"]},"3688":{"keys":["",56,29],"grid":[" ,!!#%","00","00","00","00","00","00","00","00","00","00","00","00","00","00","00"]},"3687":{"keys":["",29,56],"grid":[" /!#"," .#!!#","01","01"," .!$","04"," -#!!$","06","06"," -!%","09","09","09"," ,#!!%","13","13"]},"3686":{"keys":["",56,29],"grid":[" "," "," "," "," "," "," "," "," "," "," 0!!","10"," 0#!"," /!!#!","13","13"]}},"2657":{"3683":{"keys":["",57,52,29,56],"grid":[" +!##%","$%%( !!###","$","$","$","$","$","$","$","$","$","$","$","$","$","$"]},"3682":{"keys":[52,57,""],"grid":[" "," "," "," "," "," "," "," "," "," ","!! 0","#!!# .","#$!! -","#&!! +","#'!# )","#)!# '"]},"3693":{"keys":[29,56,""],"grid":[" "," "," "," "," "," "," 0!!"," (!&#%","#","#","#","#","#","#","#","#"]},"3678":{"keys":[50,52],"grid":[" "," "," "," "," "," "," "," "," "," "," "," "," "," "," 0!!"," .!$"]},"3679":{"keys":[50,52],"grid":[" ,!&"," +!'"," )!)"," '!+"," %!-"," #!/","!","!","!","!","!","!","!","!","!","!"]},"3677":{"keys":[49,50],"grid":[" "," .!$"," *!("," &!,"," #!/","!","!","!","!","!","!","!","!","!","!","!"]}},"2710":{"3768":{"keys":[43,44],"grid":[" "," "," "," "," "," ","!! 0","!% -","!+ '","!","!","!","!","!","!","!"]}},"2655":{"3680":{"keys":[50,52,57,""],"grid":[" .!$"," ,!&"," *!("," )!)"," '!+"," %!-"," #!/","!","!","!","!","!","!","#!!0","$!#!!/","$#!/"]},"3683":{"keys":["",56,29],"grid":[" "," "," /!#"," +!##%"," '!##)"," $!##,"," !!##.","#","#","#","#","#","#","#","#","#"]},"3681":{"keys":["",57,52],"grid":[" #!!#."," $!!#-"," %!!#,"," &!!#+"," '!!#*"," (!!#)"," )!!#("," *!!#'"," +!!#&"," ,!!#%"," -!!#$"," .!!##"," /!#"," "," "," "]},"3693":{"keys":[29,"",56],"grid":[" "," "," ","!### -","!&## *","!)#$ &","!-#%","!","!","!","!","!","!","!","!","!"]},"3679":{"keys":[50,52],"grid":[" "," "," "," "," "," "," "," "," "," "," "," "," "," "," "," 0!!"]},"3677":{"keys":[49,50],"grid":[" "," "," "," "," "," "," "," "," "," /!#"," +!'"," '!+"," #!/","!","!","!"]}},"2654":{"3680":{"keys":["",50,57,52],"grid":[" )!)","00","00","00","00","00","00","00"," .#!$#","08"," /#!$!"," 0#!","11"," "," "," "]},"3683":{"keys":["",56,29],"grid":[" "," "," "," "," "," "," "," 0!!"," -!###"," +!##%"," )!##'"," '!##)"," %!##+"," $!!#-"," !!!#/","!!#0"]},"3692":{"keys":[29,56,""],"grid":[" "," "," "," "," "," "," "," "," "," "," ","!# /","##!! .","#%!! ,","#'!! *","#)!! ("]},"3693":{"keys":["",56,29],"grid":[" +!!#&"," -!###"," 0!!"," "," "," "," "," "," "," "," "," "," "," "," "," "]},"3678":{"keys":["",49,50],"grid":[" !!!#/"," ##/","01","01","#","#","#","#","#","#","#","#","#","#","#","#"]},"3677":{"keys":[49,50],"grid":[" "," "," "," "," "," "," "," "," "," "," "," "," "," /!#"," +!'"," '!+"]}},"2597":{"3667":{"keys":[3,34],"grid":[" "," "," "," "," "," "," "," "," ","!! 0","!# /","!% -","!& ,","!0 !","!","!"]},"3680":{"keys":[34,3],"grid":[" "," "," "," "," "," "," "," "," 0!!"," /!#"," .!$"," -!%"," ,!&"," *!("," (!*"," #!/"]},"3677":{"keys":[34],"grid":[" "," "," "," "," "," "," "," "," "," "," "," "," "," "," "," "]},"3674":{"keys":[34],"grid":[" "," "," "," "," "," "," "," "," "," "," "," "," "," "," "," "]},"3670":{"keys":[34],"grid":[" "," "," "," "," "," "," "," "," "," "," "," "," "," "," "," "]}},"2590":{"3682":{"keys":[34,3],"grid":[" "," "," "," "," ","!$ .","!, &","!","!","!","!","!","!","!","!","!"]},"3666":{"keys":[3,34],"grid":[" "," "," "," "," "," "," "," "," "," "," "," "," "," ","!# !!$ $!# &","!"]},"3669":{"keys":[34],"grid":[" "," "," "," "," "," "," "," "," "," "," "," "," "," "," "," "]},"3677":{"keys":[34],"grid":[" "," "," "," "," "," "," "," "," "," "," "," "," "," "," "," "]},"3674":{"keys":[34],"grid":[" "," "," "," "," "," "," "," "," "," "," "," "," "," "," "," "]}},"2591":{"3667":{"keys":[34,3],"grid":[" +!'"," "," "," "," "," "," "," "," "," "," "," "," "," "," "," "]},"3666":{"keys":[3,34],"grid":[" "," "," "," "," "," "," "," "," "," "," "," "," "," "," ","!& ,"]},"3682":{"keys":[34,3],"grid":[" 0!!"," .!$"," -!%"," ,!&"," *!("," (!*"," $!.","!","!","!","!","!","!","!","!","!"]},"3681":{"keys":[34],"grid":[" "," "," "," "," "," "," "," "," "," "," "," "," "," "," "," "]},"3669":{"keys":[34],"grid":[" "," "," "," "," "," "," "," "," "," "," "," "," "," "," "," "]},"3677":{"keys":[34],"grid":[" "," "," "," "," "," "," "," "," "," "," "," "," "," "," "," "]},"3674":{"keys":[34],"grid":[" "," "," "," "," "," "," "," "," "," "," "," "," "," "," "," "]}},"2592":{"3681":{"keys":[34,3],"grid":[" "," "," "," "," "," "," "," "," "," "," '!! *"," &!% ("," $!) &"," #!, $"," !!/ !","!"]},"3669":{"keys":[34],"grid":[" "," "," "," "," "," "," "," "," "," "," "," "," "," "," "," "]},"3667":{"keys":[3,34],"grid":[" ","!","!","!","!","!","!","!","!","!","!","!","!","!","!","!"]},"3674":{"keys":[34],"grid":[" "," "," "," "," "," "," "," "," "," "," "," "," "," "," "," "]},"3677":{"keys":[34],"grid":[" "," "," "," "," "," "," "," "," "," "," "," "," "," "," "," "]}},"2593":{"3667":{"keys":[3,34],"grid":[" ","!# /","!& +!!","!* $!%","!","!","!","!","!","!","!","!","!","!","!","!"]},"3682":{"keys":[3],"grid":[" "," "," "," "," "," "," "," "," "," "," "," "," "," "," "," "]},"3681":{"keys":[34,3],"grid":[" "," "," "," "," "," "," "," "," "," "," "," "," "," "," ","!# /"]},"3680":{"keys":[34],"grid":[" "," "," "," "," "," "," "," "," "," "," "," "," "," "," "," "]},"3669":{"keys":[34],"grid":[" "," "," "," "," "," "," "," "," "," "," "," "," "," "," "," "]},"3668":{"keys":[34],"grid":[" "," "," "," "," "," "," "," "," "," "," "," "," "," "," "," "]},"3678":{"keys":[34],"grid":[" "," "," "," "," "," "," "," "," "," "," "," "," "," "," "," "]},"3679":{"keys":[34],"grid":[" "," "," "," "," "," "," "," "," "," "," "," "," "," "," "," "]},"3672":{"keys":[34],"grid":[" "," "," "," "," "," "," "," "," "," "," "," "," "," "," "," "]},"3673":{"keys":[34],"grid":[" "," "," "," "," "," "," "," "," "," "," "," "," "," "," "," "]},"3670":{"keys":[34],"grid":[" "," "," "," "," "," "," "," "," "," "," "," "," "," "," "," "]},"3671":{"keys":[34],"grid":[" "," "," "," "," "," "," "," "," "," "," "," "," "," "," "," "]},"3676":{"keys":[34],"grid":[" "," "," "," "," "," "," "," "," "," "," "," "," "," "," "," "]},"3677":{"keys":[34],"grid":[" "," "," "," "," "," "," "," "," "," "," "," "," "," "," "," "]},"3674":{"keys":[34],"grid":[" "," "," "," "," "," "," "," "," "," "," "," "," "," "," "," "]},"3675":{"keys":[34],"grid":[" "," "," "," "," "," "," "," "," "," "," "," "," "," "," "," "]}},"2709":{"3768":{"keys":[43,44],"grid":[" "," ","!# /","!' +","!* (","!. $","!","!","!","!","!","!","!","!","!","!"]}},"2708":{"3768":{"keys":[44,43],"grid":[" +!'"," /!#"," "," "," "," "," "," "," "," "," "," "," "," "," "," "]},"3785":{"keys":[44,45,""],"grid":[" "," "," "," "," "," "," "," "," ","!# /","!% -","!&## *","!-#%","12","12","12"]},"3767":{"keys":[43,44],"grid":[" "," "," "," "," "," "," "," "," "," "," "," "," "," ","!$ .","!( *"]}},"2705":{"3768":{"keys":[43,"",44],"grid":[" "," "," "," ","!% -","!% *#$","!% %!##'","!% %#)","!%#-","08","08","08","#","#","#","#"]},"3784":{"keys":[44,45],"grid":[" ","!! 0","!$ .","!& ,","!( *","!* (","!, &","!. $","!0 !","!","!","!","!","!","!","!"]},"3748":{"keys":[42,"",43],"grid":[" "," ","  !!","#"]}},"2704":{"3783":{"keys":[44,45,""],"grid":[" "," "," "," "," "," "," "," "," "," "," "," ","!%#$ *","!%#& (","!%#' '","!,#! %"]},"3784":{"keys":[45,44],"grid":[" 0!!"," "," "," "," "," "," "," "," "," "," "," "," "," "," "," "]},"3748":{"keys":[42,"",43],"grid":[" "," "," "," "," "," "," "," "," "," "," "," "," *!$#%"," %#-"," ##/","#"]}},"2707":{"3768":{"keys":[43,44],"grid":[" !!0","!","!","!","!","!","!","!","!","!","!","!","!","!","!","!"]},"3785":{"keys":[44,45],"grid":[" ","!! 0","!$ .","!& ,","!( *","!* (","!, &","!. $","!","!","!","!","!","!","!","!"]},"3767":{"keys":[43,44],"grid":[" "," "," "," "," "," "," "," "," "," "," "," "," "," ,!% !"," )!)"," %!-"]}},"2706":{"3768":{"keys":[43,44],"grid":[" "," .!$"," *!("," '!+"," #!/","!","!","!","!","!","!","!","!","!","!","!"]},"3784":{"keys":[44,45],"grid":[" "," "," "," "," "," "," "," "," ","!! 0","!$ .","!& ,","!( *","!* (","!, &","!. $"]},"3785":{"keys":[45,44],"grid":[" 0!!"," "," "," "," "," "," "," "," "," "," "," "," "," "," "," "]}},"2701":{"3750":{"keys":[42,43],"grid":[" &!,"," #!/","!","!","!","!","!","!","!","!","!","!","!","!","!","!"]},"3808":{"keys":[45,41],"grid":[" "," "," "," "," "," "," "," "," "," "," ","!( *","!","!","!","!"]},"3749":{"keys":[42,43],"grid":[" "," "," "," "," "," "," "," "," "," "," "," "," 0!!"," .!$"," +!'"," )!)"]}},"2700":{"3750":{"keys":[42,43],"grid":[" "," "," "," .!$"," +!'"," (!*"," &!,"," #!/","!","!","!","!","!","!","!","!"]},"3808":{"keys":[45,41],"grid":[" "," "," "," "," "," "," "," "," "," ","!) )","!","!","!","!","!"]}},"2703":{"3783":{"keys":["",44,45],"grid":["  !!","   !"," ","  ##"]},"3808":{"keys":[45,41],"grid":[" "," "," "," "," "," "," "," "," "," "," "," "," ","!' +","!","!"]},"3748":{"keys":[42,43],"grid":[" "," "," "," "," "," "," "," "," "," "," "," "," "," "," "," 0!!"]},"3749":{"keys":[42,43],"grid":[" .!$"," +!'"," )!)"," &!,"," $!.","!","!","!","!","!","!","!","!","!","!","!"]}},"2656":{"3683":{"keys":["",56,29],"grid":[" "," $!'#(","!!#0","#","#","#","#","#","#","#","#","#","#","#","#","#"]},"3682":{"keys":["",57,52],"grid":[" %!!#,"," &!!#+"," '!!#*"," (!!#)"," )!!#("," +!!#&"," ,!!#%"," -!!#$"," .!!##"," 0!!"," "," "," "," "," "," "]},"3681":{"keys":[52,57,""],"grid":[" "," "," "," "," "," "," "," "," "," "," "," "," ","!! 0","#!!! /","##!# -"]},"3693":{"keys":[29,"",56],"grid":[" "," "," "," "," "," "," ","!$#& )","!","!","!","!","!","!","!","!"]},"3679":{"keys":[50,52],"grid":[" "," "," "," "," "," "," "," /!#"," -!%"," +!'"," *!("," (!*"," &!,"," $!."," !!0","!"]},"3677":{"keys":[49,50],"grid":[" "," "," "," "," "," /!#"," +!'"," '!+"," #!/","!","!","!","!","!","!","!"]}},"2711":{"3768":{"keys":[43,44],"grid":[" "," "," "," "," "," "," "," "," "," ","!' +","!- %","!","!","!","!"]}},"2713":{"3768":{"keys":[43,44,""],"grid":[" "," "," "," "," "," "," "," "," "," "," "," "," "," "," ","!& '#! %"]},"3769":{"keys":[44,""],"grid":[" +!'","00"," ,!&"," -!%"," "," "," "," "," "," "," "," "," "," "," "," "]}},"2666":{"3689":{"keys":[29,53],"grid":[" "," 0!!"," /!#","02"," .!$"," -!%"," ,!&","06"," +!'"," *!("," )!)","10"," (!*"," '!+"," &!,","14"]},"3688":{"keys":[29,56,""],"grid":[" +!!#&"," ,!!#%"," -!!#$"," .!!##"," /!!#!"," 0!!"," "," "," "," "," "," "," "," "," "," "]},"3690":{"keys":[29,53],"grid":[" %!-"," $!."," #!/","02"," !!0","!","!","!","!","!","!","!","!","!","!","!"]},"3687":{"keys":[51,"",56,29],"grid":[" "," "," "," "," "," ","!% -","#!!$ -","$!#!!/","$##!!.","$$#!!-","$%#!!,","$&#!!+","$'##!)","$)#!!(","$*#!!'"]},"3676":{"keys":[50,51],"grid":[" "," "," "," "," "," "," "," "," "," "," "," "," 0!!"," /!#"," -!%"," +!'"]},"3677":{"keys":[50,51],"grid":[" *!("," (!*"," '!+"," %!-"," $!."," !!0","!","!","!","!","!","!","!","!","!","!"]},"3675":{"keys":[49,50],"grid":[" "," ","!! 0","!% -","!) )","!- %","!","!","!","!","!","!","!","!","!","!"]}},"2667":{"3689":{"keys":[53],"grid":[" "," "," "," "," "," "," "," "," "," "," "," "," "," "," "," "]},"3688":{"keys":["",56,29,53],"grid":[" "," "," "," "," "," ","!! 0","#!!! /","##!! &$% %","#$!! %$% %","#%$$ !$% %","#%$) %","#$$.","##$/","#!$0","14"]},"3676":{"keys":[50,"",51],"grid":[" /!#","00","00"," .#$"," -#%"," +#'"," *#("," (#*"," '#+"," %#-"," ##/"," !#0","#","#","#","#"]},"3675":{"keys":[49,50,""],"grid":[" "," "," "," "," "," "," ","!% -","!( (##","!, ##$","!.#$","10","!","!","!","!"]}},"2664":{"3691":{"keys":[29,53],"grid":[" "," "," "," "," "," "," "," "," "," "," "," "," 0!!"," /!#"," .!$","14"]},"3692":{"keys":[29,53],"grid":[" -!%"," ,!&"," +!'","02"," *!("," )!)"," (!*","06"," '!+"," &!,"," %!-","10"," $!."," #!/"," !!0","14"]},"3693":{"keys":[53],"grid":[" "," "," "," "," "," "," "," "," "," "," "," "," "," "," "," "]},"3686":{"keys":[51,29],"grid":[" "," "," "," "," "," "," "," "," ","!! 0","!% -","!' +","!* (","!, &","!/ #","!"]},"3678":{"keys":[50,51],"grid":[" "," /!#"," .!$"," ,!&"," *!("," )!)"," '!+"," &!,"," $!."," #!/","!","!","!","!","!","!"]},"3674":{"keys":[49],"grid":[" "," "," "," "," "," "," "," "," "," "," "," "," "," "," "," "]},"3675":{"keys":[49,50],"grid":[" )!)"," !!0","!","!","!","!","!","!","!","!","!","!","!","!","!","!"]}},"2665":{"3690":{"keys":[29,53],"grid":[" "," "," "," "," "," "," 0!!","06"," /!#"," .!$"," -!%","10"," ,!&"," +!'"," *!(","14"]},"3691":{"keys":[29,53],"grid":[" )!)"," (!*"," '!+","02"," &!,"," %!-"," $!.","06"," #!/"," !!0","!","!","!","!","!","!"]},"3687":{"keys":[29,51,56,""],"grid":[" $!."," &!,"," )!)"," +!'"," -!%"," /#!$!"," 0#!"," "," "," "," "," "," "," "," "," "]},"3686":{"keys":[51],"grid":[" "," "," "," "," "," "," "," "," "," "," "," "," "," "," "," "]},"3678":{"keys":[51],"grid":[" "," "," "," "," "," "," "," "," "," "," "," "," "," "," "," "]},"3677":{"keys":[50,51],"grid":[" "," "," "," "," "," "," 0!!"," /!#"," -!%"," ,!&"," *!("," )!)"," '!+"," %!-"," $!."," !!0"]},"3674":{"keys":[49,50],"grid":[" "," "," "," "," "," "," "," "," "," "," "," "," "," "," ","!& ,"]},"3675":{"keys":[50,49],"grid":[" *!("," .!$"," "," "," "," "," "," "," "," "," "," "," "," "," "," "]}},"2662":{"3682":{"keys":[52,51],"grid":[" !!0","!","!","!","!","!","!","!","!","!","!","!","!","!","!","!"]},"3681":{"keys":[52,51],"grid":[" *!(","00"," )!)","02"," (!*","04"," '!+","06"," &!,"," %!-","09"," $!.","11"," #!/","13"," !!0"]},"3680":{"keys":[52,51],"grid":[" "," "," "," "," "," 0!!","05"," /!#","07"," .!$","09"," -!%"," ,!&","12"," +!'","14"]},"3694":{"keys":[29,53],"grid":[" "," "," "," "," "," "," 0!!","06"," /!#"," .!$"," -!%","10"," ,!&"," +!'"," *!(","14"]},"3686":{"keys":["",51,29],"grid":[" +!'","#.!$","#","#","#","#","#","#","#","#","#","#","#","#","#","#"]},"3695":{"keys":[29,53],"grid":[" )!)"," (!*"," '!+","02"," &!,"," %!-"," $!.","06"," #!/"," !!0","!","!","!","!","!","!"]},"3678":{"keys":[50,52],"grid":[" "," "," ","!# /","!$ .","!' +","!+ '","!. $","!","!","!","!","!","!","!","!"]},"3675":{"keys":[49,50],"grid":[" "," "," "," "," "," "," .!$"," +!'"," (!*"," %!-"," !!0","!","!","!","!","!"]}},"2663":{"3680":{"keys":[52,51],"grid":[" #!/"," !!0","01","!","!","!","!","!","!","!","!","!","!","!","!","!"]},"3693":{"keys":[29,53],"grid":[" "," 0!!"," /!#","02"," .!$"," -!%"," ,!&","06"," +!'"," *!("," )!)","10"," (!*"," '!+"," &!,","14"]},"3694":{"keys":[29,53],"grid":[" %!-"," $!."," #!/","02"," !!0","!","!","!","!","!","!","!","!","!","!","!"]},"3686":{"keys":[51,29],"grid":[" "," "," ","!# /","!& ,","!( *","!+ '","!- %","!0 !","!","!","!","!","!","!","!"]},"3678":{"keys":[50,52,51],"grid":[" "," "," "," "," "," "," "," "," ","!$ .","!' +","!* &##","!- !#$","!-#%","13","!,#&"]},"3679":{"keys":[52,51],"grid":[" ,!&"," +!'"," *!(","02"," )!)","04"," (!*","06"," '!+","08"," &!,","10"," %!-","12"," $!."," #!/"]},"3675":{"keys":[49,50],"grid":[" "," "," +!'"," '!+"," $!.","!","!","!","!","!","!","!","!","!","!","!"]}},"2660":{"3683":{"keys":[52,29,57],"grid":[" "," "," "," "," "," "," "," "," "," "," "," "," "," "," ","!!## ."]},"3696":{"keys":[29,"",56],"grid":[" ","!!#! /","!##! .","!$## ,","!&#! +","!(#! )","!)## '","!+#! &","!-#! $","!/##","!","!","!","!","!","!"]},"3684":{"keys":[29,56,57,52,51,""],"grid":[" #!##$$)%!"," %!!&%#%$#%!"," &!!&)%#"," '!#&(%!"," )!!&("," *!!&'"," +!!&&"," ,!!&%"," -!!&$"," .!!&#"," /!!&!"," 0!!"," "," "," "," "]},"3678":{"keys":[50,52],"grid":[" 0!!"," /!#"," -!%"," ,!&"," +!'","!! (!)","!","!","!","!","!","!","!","!","!","!"]},"3676":{"keys":[49,50],"grid":[" 0!!"," -!%"," *!("," '!+"," %!-"," !!0","!","!","!","!","!","!","!","!","!","!"]},"3677":{"keys":[50,52],"grid":[" "," "," "," "," "," "," "," "," "," "," "," "," "," "," "," 0!!"]}},"2661":{"3683":{"keys":[52,51],"grid":[" )!)","00"," (!*"," '!+","03"," &!,","05"," %!-","07"," $!.","09"," #!/","11"," !!0","13","!"]},"3682":{"keys":[52,51],"grid":[" "," "," "," 0!!","03"," /!#"," .!$","06"," -!%","08"," ,!&","10"," +!'","12"," *!(","14"]},"3695":{"keys":[29,53],"grid":[" "," "," "," "," "," "," "," "," "," "," "," "," 0!!"," /!#"," .!$","14"]},"3685":{"keys":[29,56,"",51],"grid":[" $!!#%$)"," %!!#$$)"," &!!##$)","02"," '!!#%$&"," (!!#%$%","05"," )!!#$$%"," *#$$%"," *!!##$%"," +!!#!$%","10"," ,!!#%","12"," -!!#$","14"]},"3686":{"keys":[29,56,""],"grid":[" .!!##"," .!# !"," "," "," "," "," "," "," "," "," "," "," "," "," "," "]},"3678":{"keys":[52,50],"grid":[" &!,"," '!+"," +!$ #!!"," "," "," "," "," "," "," "," "," "," "," "," "," "]},"3696":{"keys":[29,53,56,""],"grid":[" -!%"," ,!&"," +!'","02"," *!("," )!)"," (!*","06"," '!+"," &!,","## #!-","$$!.","$%!-","12","12","12"]},"3684":{"keys":[51,56,"",29],"grid":[" "," "," "," "," "," "," "," "," "," "," "," ","!!#$ -","$!!!## -","$#!!#! -","14"]},"3676":{"keys":[50],"grid":[" "," "," "," "," "," "," "," "," "," "," "," "," "," "," "," "]},"3677":{"keys":[50],"grid":[" "," "," "," "," "," "," "," "," "," "," "," "," "," "," "," "]},"3675":{"keys":[49,50],"grid":[" "," "," "," "," "," "," "," "," "," "," "," /!#"," ,!&"," )!)"," &!,"," #!/"]}},"2604":{"3669":{"keys":[3,34],"grid":[" ","!# /","!% -","!' +","!* (","!, &","!. $","!0 !","!","!","!","!","!","!","!","!"]},"3678":{"keys":[34,3],"grid":[" "," "," "," "," "," "," "," "," "," "," ","!# /","!% ,!!","!","!","!"]},"3670":{"keys":[34],"grid":[" "," "," "," "," "," "," "," "," "," "," "," "," "," "," "," "]},"3677":{"keys":[34],"grid":[" "," "," "," "," "," "," "," "," "," "," "," "," "," "," "," "]},"3674":{"keys":[34,3],"grid":[" "," "," "," "," -!%"," ,!&"," +!'"," *!("," )!( !"," )!& $"," (!& %"," (!% &"," '!% '"," '!$ ("," &!# *"," &!! +"]},"3675":{"keys":[34],"grid":[" "," "," "," "," "," "," "," "," "," "," "," "," "," "," "," "]}},"2605":{"3669":{"keys":[3,34],"grid":[" "," "," "," "," "," "," "," ","!! 0","!% -","!' +","!) )","!+ '","!. $","!0 !","!"]},"3678":{"keys":[34,3],"grid":[" "," "," "," "," "," "," "," "," )!$ &"," (!) !"," &!,"," $!.","!","!","!","!"]},"3673":{"keys":[34],"grid":[" "," "," "," "," "," "," "," "," "," "," "," "," "," "," "," "]},"3670":{"keys":[34],"grid":[" "," "," "," "," "," "," "," "," "," "," "," "," "," "," "," "]},"3677":{"keys":[34],"grid":[" "," "," "," "," "," "," "," "," "," "," "," "," "," "," "," "]},"3674":{"keys":[34,3],"grid":[" /!#"," -!%"," %!% !!("," !!0","!- %","!( *","!$ .","!! 0"," "," "," "," "," "," "," "," "]}},"2606":{"3669":{"keys":[3,34],"grid":[" "," "," "," "," "," "," "," "," "," "," "," "," "," "," ","!$ ."]},"3678":{"keys":[34,3],"grid":[" "," "," "," "," "," "," "," "," "," /!#","!","!","!","!","!","!"]},"3672":{"keys":[34,3],"grid":[" "," "," "," "," "," "," "," "," (!( #"," (!*","09"," )!)","11","11","11","11"]},"3673":{"keys":[34,3],"grid":[" )!)","00","00"," (!*","03","03","03"," '!+","07"," &!,","09"," %!-"," $!."," #!/"," !!0","!"]},"3670":{"keys":[34,3],"grid":[" %!-"," "," "," "," "," "," "," "," "," "," "," "," "," "," "," "]},"3677":{"keys":[34],"grid":[" "," "," "," "," "," "," "," "," "," "," "," "," "," "," "," "]},"3674":{"keys":[3,34],"grid":[" "," "," ","!* (","!- %","!/ #","!0 !","!","!","!","!","!","!","!","!","!"]}},"2607":{"3669":{"keys":[3,34],"grid":[" "," "," "," "," "," "," "," 0!!"," .!$"," ,!&"," *!("," )!)"," (!*"," '!+","13"," &!,"]},"3678":{"keys":[34,3],"grid":[" "," "," "," /!#"," .!$"," ,!&"," *!("," $!."," #!/","!","!","!","!","!","!","!"]},"3672":{"keys":[34,3],"grid":[" "," "," "," "," "," "," "," "," #!# -","!' +","!( *","!) )","!* (","!, &","!. $","!0 !"]},"3670":{"keys":[3,34],"grid":[" &!,"," %!-","!","!","!","!","!","!","!","!","!","!","!","!","!","!"]},"3677":{"keys":[34],"grid":[" "," "," "," "," "," "," "," "," "," "," "," "," "," "," "," "]},"3674":{"keys":[3,34],"grid":[" "," "," "," "," "," "," ","!! '!*","!","!","!","!","!","!","!","!"]}},"2600":{"3669":{"keys":[34,3],"grid":[" /!#"," "," "," "," "," "," "," "," "," "," "," "," "," "," "," "]},"3668":{"keys":[3,34],"grid":[" "," "," "," "," "," ","!! 0","!$ .","!& ,","!' +","!) )","!* (","!+ '","12","!, &","!- %"]},"3678":{"keys":[34,3],"grid":[" !!0","!","!","!","!","!","!","!","!","!","!","!","!","!","!","!"]},"3670":{"keys":[34],"grid":[" "," "," "," "," "," "," "," "," "," "," "," "," "," "," "," "]},"3676":{"keys":[34,3],"grid":[" "," "," "," "," "," "," "," "," "," "," "," 0!!"," /!#"," .!$"," ,!&"," *!("]},"3677":{"keys":[34,3],"grid":[" *!(","00","00"," )!)","03","03"," (!*","06"," '!+"," &!,"," %!-"," $!."," #!/"," !!0","13","13"]},"3674":{"keys":[34],"grid":[" "," "," "," "," "," "," "," "," "," "," "," "," "," "," "," "]}},"2601":{"3676":{"keys":[34,3],"grid":[" "," "," "," "," "," /!#"," .!$"," $!! %!)"," $!."," !!0","!","!","!","!","!","!"]},"3670":{"keys":[34],"grid":[" "," "," "," "," "," "," "," "," "," "," "," "," "," "," "," "]},"3669":{"keys":[3,34],"grid":[" "," ","!# .!!","!$ ,!#","!& (!%","!' %!'","!' #!)","!","!","!","!","!","!","!","!","!"]},"3674":{"keys":[34],"grid":[" "," "," "," "," "," "," "," "," "," "," "," "," "," "," "," "]}},"2602":{"3669":{"keys":[3,34],"grid":[" !!0","!","!","!","!","!","!","!","!","!","!","!","!","!","!","!"]},"3668":{"keys":[3,34],"grid":[" "," "," "," "," "," "," "," "," "," "," "," )!' #"," '!+"," %!-"," $!."," #!/"]},"3678":{"keys":[3,34],"grid":[" 0!!"," "," "," "," "," "," "," "," "," "," "," "," "," "," "," "]},"3670":{"keys":[34],"grid":[" "," "," "," "," "," "," "," "," "," "," "," "," "," "," "," "]},"3676":{"keys":[34,3],"grid":[" (!% &"," &!' &"," %!' '"," #!) '","!* (","04","04","04","04","!) )","09","09","09","04","04","04"]},"3677":{"keys":[3,34],"grid":[" *!(","00","00","00","00","00","00"," +!'","07","07"," ,!&"," -!%","11"," .!$","13"," /!#"]},"3674":{"keys":[34],"grid":[" "," "," "," "," "," "," "," "," "," "," "," "," "," "," "," "]},"3675":{"keys":[34,3],"grid":[" "," "," "," "," "," "," "," "," "," "," "," "," "," -!! $"," +!# %"," *!$ %"]}},"2603":{"3669":{"keys":[34,3],"grid":[" 0!!"," "," "," "," "," "," "," "," "," "," "," "," "," "," "," "]},"3668":{"keys":[3,34],"grid":[" "," "," "," "," "," "," "," "," "," "," "," ","!$ .","!( *","!+ '","!. $"]},"3678":{"keys":[34,3],"grid":[" "," ","!! 0","!# /","!$ .","!% -","!' +","!( *","!* (","!- %","!0 !","!","!","!","!","!"]},"3670":{"keys":[34],"grid":[" "," "," "," "," "," "," "," "," "," "," "," "," "," "," "," "]},"3677":{"keys":[34],"grid":[" "," "," "," "," "," "," "," "," "," "," "," "," "," "," "," "]},"3674":{"keys":[34],"grid":[" "," "," "," "," "," "," "," "," "," "," "," "," "," "," "," "]}},"2608":{"3669":{"keys":[3,34],"grid":[" "," "," "," "," "," "," #!& *","!, &","!/ #","!","!","!","!","!","!","!"]},"3678":{"keys":[34,3],"grid":[" /!#"," ,!&","!! &!+","!","!","!","!","!","!","!","!","!","!","!","!","!"]},"3672":{"keys":[34],"grid":[" "," "," "," "," "," "," "," "," "," "," "," "," "," "," "," "]},"3673":{"keys":[3,34],"grid":[" !!0"," &!,"," '!+"," (!*"," )!)"," *!("," ,!&"," -!%"," /!#"," "," "," "," "," "," "," "]},"3670":{"keys":[34],"grid":[" "," "," "," "," "," "," "," "," "," "," "," "," "," "," "," "]},"3677":{"keys":[34],"grid":[" "," "," "," "," "," "," "," "," "," "," "," "," "," "," "," "]},"3674":{"keys":[3,34],"grid":[" "," "," "," "," "," "," ","!& ,","!. $","!","!","!","!","!","!","!"]}},"2609":{"3669":{"keys":[3,34],"grid":[" "," "," "," "," "," "," "," "," "," ","!# /","!% -","!( *","!* (","!, &","!- %"]},"3678":{"keys":[3],"grid":[" "," "," "," "," "," "," "," "," "," "," "," "," "," "," "," "]},"3672":{"keys":[34],"grid":[" "," "," "," "," "," "," "," "," "," "," "," "," "," "," "," "]},"3673":{"keys":[34,3],"grid":[" "," "," "," "," "," "," "," "," ","!! 0","!) )","!* (","!+ '","!, &","!- %","!/ #"]},"3670":{"keys":[34,3],"grid":[" .!$"," /!#"," 0!!"," "," "," "," "," "," "," "," "," "," "," "," "," "]},"3671":{"keys":[34],"grid":[" "," "," "," "," "," "," "," "," "," "," "," "," "," "," "," "]},"3676":{"keys":[34],"grid":[" "," "," "," "," "," "," "," "," "," "," "," "," "," "," "," "]},"3677":{"keys":[34,3],"grid":[" "," "," "," "," "," "," "," "," "," "," "," "," "," ,!&"," *!("," (!*"]},"3674":{"keys":[3,34],"grid":[" "," "," "," "," "," "," "," "," ","!# /","!& ,","!+ $!$","!","!","!","!"]},"3675":{"keys":[34],"grid":[" "," "," "," "," "," "," "," "," "," "," "," "," "," "," "," "]}},"2578":{"3681":{"keys":[34,3],"grid":[" "," "," "," "," "," "," "," "," "," "," ","!! 0","!$ .","!& ,","!) )","!"]},"3666":{"keys":[3,34],"grid":[" "," "," "," "," "," "," "," "," "," (!*"," $!."," #!/","!","!","!","!"]},"3669":{"keys":[34],"grid":[" "," "," "," "," "," "," "," "," "," "," "," "," "," "," "," "]},"3677":{"keys":[34],"grid":[" "," "," "," "," "," "," "," "," "," "," "," "," "," "," "," "]},"3674":{"keys":[34],"grid":[" "," "," "," "," "," "," "," "," "," "," "," "," "," "," "," "]}},"2579":{"3681":{"keys":[34,3],"grid":[" "," "," "," "," "," "," "," "," "," +!'"," (!*"," '!+"," %!-"," #!/","!","!"]},"3666":{"keys":[3,34],"grid":[" "," "," "," "," "," "," "," )!)"," $!.","!","!","!","!","!","!","!"]},"3669":{"keys":[34],"grid":[" "," "," "," "," "," "," "," "," "," "," "," "," "," "," "," "]},"3677":{"keys":[34],"grid":[" "," "," "," "," "," "," "," "," "," "," "," "," "," "," "," "]},"3674":{"keys":[34],"grid":[" "," "," "," "," "," "," "," "," "," "," "," "," "," "," "," "]}},"2576":{"3681":{"keys":[34,3],"grid":[" "," "," "," "," "," "," "," -!# #"," #!/"," !!0","!","!","!","!","!","!"]},"3666":{"keys":[3,34],"grid":[" "," "," "," "," "," "," "," ","!) )","!- %","!/ #","!","!","!","!","!"]},"3669":{"keys":[34],"grid":[" "," "," "," "," "," "," "," "," "," "," "," "," "," "," "," "]},"3677":{"keys":[34],"grid":[" "," "," "," "," "," "," "," "," "," "," "," "," "," "," "," "]},"3674":{"keys":[34],"grid":[" "," "," "," "," "," "," "," "," "," "," "," "," "," "," "," "]}},"2577":{"3666":{"keys":[3,34],"grid":[" "," "," "," "," "," "," "," "," "," "," ","!! 0","!# -!#","!& %!(","!","!"]},"3681":{"keys":[34,3],"grid":[" "," "," "," "," "," "," "," ","!( *","!0 !","!","!","!","!","!","!"]},"3680":{"keys":[34],"grid":[" "," "," "," "," "," "," "," "," "," "," "," "," "," "," "," "]},"3669":{"keys":[34],"grid":[" "," "," "," "," "," "," "," "," "," "," "," "," "," "," "," "]},"3678":{"keys":[34],"grid":[" "," "," "," "," "," "," "," "," "," "," "," "," "," "," "," "]},"3679":{"keys":[34],"grid":[" "," "," "," "," "," "," "," "," "," "," "," "," "," "," "," "]},"3677":{"keys":[34],"grid":[" "," "," "," "," "," "," "," "," "," "," "," "," "," "," "," "]},"3674":{"keys":[34],"grid":[" "," "," "," "," "," "," "," "," "," "," "," "," "," "," "," "]}},"2574":{"3667":{"keys":[34],"grid":[" "," "," "," "," "," "," "," "," "," "," "," "," "," "," "," "]},"3666":{"keys":[3,34],"grid":[" "," "," "," "," "," "," "," ","!","!","!","!","!","!","!","!"]},"3682":{"keys":[34,3],"grid":[" +!'","!# !!.","!","!","!","!","!","!","!","!","!","!","!","!","!","!"]},"3681":{"keys":[34,3],"grid":[" "," "," "," "," "," "," "," "," "," "," "," "," "," "," "," .!$"]},"3669":{"keys":[34],"grid":[" "," "," "," "," "," "," "," "," "," "," "," "," "," "," "," "]},"3668":{"keys":[34],"grid":[" "," "," "," "," "," "," "," "," "," "," "," "," "," "," "," "]},"3672":{"keys":[34],"grid":[" "," "," "," "," "," "," "," "," "," "," "," "," "," "," "," "]},"3673":{"keys":[34],"grid":[" "," "," "," "," "," "," "," "," "," "," "," "," "," "," "," "]},"3670":{"keys":[34],"grid":[" "," "," "," "," "," "," "," "," "," "," "," "," "," "," "," "]},"3671":{"keys":[34],"grid":[" "," "," "," "," "," "," "," "," "," "," "," "," "," "," "," "]},"3676":{"keys":[34],"grid":[" "," "," "," "," "," "," "," "," "," "," "," "," "," "," "," "]},"3677":{"keys":[34],"grid":[" "," "," "," "," "," "," "," "," "," "," "," "," "," "," "," "]},"3674":{"keys":[34],"grid":[" "," "," "," "," "," "," "," "," "," "," "," "," "," "," "," "]},"3675":{"keys":[34],"grid":[" "," "," "," "," "," "," "," "," "," "," "," "," "," "," "," "]}},"2575":{"3681":{"keys":[34,3],"grid":[" "," "," "," "," "," "," "," "," "," "," 0!!"," .!$"," ,!&"," (!*"," !!0","!"]},"3666":{"keys":[3,34],"grid":[" "," "," "," "," "," "," "," )!)"," #!/","!","!","!","!","!","!","!"]},"3669":{"keys":[34],"grid":[" "," "," "," "," "," "," "," "," "," "," "," "," "," "," "," "]},"3677":{"keys":[34],"grid":[" "," "," "," "," "," "," "," "," "," "," "," "," "," "," "," "]},"3674":{"keys":[34],"grid":[" "," "," "," "," "," "," "," "," "," "," "," "," "," "," "," "]}},"2572":{"3682":{"keys":[34,3],"grid":[" "," "," "," "," "," ","!# +!! $","!","!","!","!","!","!","!","!","!"]},"3666":{"keys":[3,34],"grid":[" "," "," "," "," "," "," ","!! 0","!( *","!","!","!","!","!","!","!"]},"3669":{"keys":[34],"grid":[" "," "," "," "," "," "," "," "," "," "," "," "," "," "," "," "]},"3677":{"keys":[34],"grid":[" "," "," "," "," "," "," "," "," "," "," "," "," "," "," "," "]},"3674":{"keys":[34],"grid":[" "," "," "," "," "," "," "," "," "," "," "," "," "," "," "," "]}},"2573":{"3682":{"keys":[34,3],"grid":[" "," .!$","01"," -!%"," +!'"," *!("," (!*","!! $!-","!","!","!","!","!","!","!","!"]},"3666":{"keys":[3,34],"grid":[" "," "," "," "," "," "," "," "," /!#"," +!'","!$ (!'","!","!","!","!","!"]},"3669":{"keys":[34],"grid":[" "," "," "," "," "," "," "," "," "," "," "," "," "," "," "," "]},"3677":{"keys":[34],"grid":[" "," "," "," "," "," "," "," "," "," "," "," "," "," "," "," "]},"3674":{"keys":[34],"grid":[" "," "," "," "," "," "," "," "," "," "," "," "," "," "," "," "]}},"2570":{"3665":{"keys":[3,34],"grid":[" "," "," "," "," "," "," "," "," "," "," "," "," "," "," ","!+ '"]},"3666":{"keys":[34],"grid":[" "," "," "," "," "," "," "," "," "," "," "," "," "," "," "," "]},"3682":{"keys":[34,3],"grid":[" ","!! 0","!% -","!- %","!","!","!","!","!","!","!","!","!","!","!","!"]},"3669":{"keys":[34],"grid":[" "," "," "," "," "," "," "," "," "," "," "," "," "," "," "," "]},"3677":{"keys":[34],"grid":[" "," "," "," "," "," "," "," "," "," "," "," "," "," "," "," "]},"3674":{"keys":[34],"grid":[" "," "," "," "," "," "," "," "," "," "," "," "," "," "," "," "]}},"2571":{"3682":{"keys":[34,3],"grid":[" "," "," "," ","!) )","!- %","!","!","!","!","!","!","!","!","!","!"]},"3666":{"keys":[34,3],"grid":[" #!/"," &!,"," '!+"," *!("," ,!&"," .!$"," 0!!"," "," "," "," "," "," "," "," "," "]},"3669":{"keys":[34],"grid":[" "," "," "," "," "," "," "," "," "," "," "," "," "," "," "," "]},"3677":{"keys":[34],"grid":[" "," "," "," "," "," "," "," "," "," "," "," "," "," "," "," "]},"3674":{"keys":[34],"grid":[" "," "," "," "," "," "," "," "," "," "," "," "," "," "," "," "]}},"2673":{"3704":{"keys":[53,54],"grid":[" "," "," 0!!"," /!#"," .!$"," -!%"," ,!&","06"," +!'"," *!("," )!)"," (!*"," '!+"," &!,","13"," %!-"]},"3705":{"keys":[53,54],"grid":[" $!."," #!/"," !!0","!","!","!","!","!","!","!","!","!","!","!","!","!"]}},"2672":{"3705":{"keys":[53,54,""],"grid":[" "," "," "," "," 0!!"," /!#","05"," .!$"," -!%"," ,!&"," +!'"," *!("," )!)"," )#!!(","13","13"]}},"2675":{"3702":{"keys":[53,54],"grid":[" -!%"," ,!&"," +!'","02"," *!("," )!)"," (!*"," '!+"," &!,"," %!-","09"," $!."," #!/"," !!0","!","!"]},"3708":{"keys":[54,55],"grid":[" "," "," "," "," 0!!"," /!#"," .!$"," ,!&"," +!'"," *!("," )!)"," (!*"," '!+"," &!,"," $!."," #!/"]},"3701":{"keys":[53,54],"grid":[" "," "," "," "," "," "," "," "," "," "," "," "," "," 0!!"," /!#"," .!$"]},"3709":{"keys":[54,55],"grid":[" !!0","!","!","!","!","!","!","!","!","!","!","!","!","!","!","!"]}},"2674":{"3702":{"keys":[53,54],"grid":[" "," "," "," "," "," "," "," "," "," "," "," "," "," "," "," 0!!"]},"3703":{"keys":[53,54],"grid":[" /!#","00"," .!$"," -!%"," ,!&"," +!'"," *!("," )!)","07"," (!*"," '!+"," &!,"," %!-"," $!."," #!/"," !!0"]},"3709":{"keys":["",54,55],"grid":[" -!%"," .!$"," 0#!","02"," -#%","04","04","04","04","04","04","04","04","04","04","04"]},"3704":{"keys":[53,54],"grid":[" !!0","!","!","!","!","!","!","!","!","!","!","!","!","!","!","!"]}},"2677":{"3699":{"keys":[53,"",54],"grid":[" -!%","00","00","00","00","00","00","00","00","00","00","00"," ,!!#%"," +#'","13"," *#("]},"3700":{"keys":[53,54],"grid":[" )!)"," (!*"," '!+"," &!,"," %!-"," $!.","05"," #!/"," !!0","!","!","!","!","!","!","!"]},"3706":{"keys":[54,55],"grid":[" "," "," "," "," "," "," "," "," 0!!"," /!#"," .!$"," ,!&"," +!'"," *!("," )!)"," (!*"]},"3707":{"keys":[54,55],"grid":[" '!+"," &!,"," $!."," #!/"," !!0","!","!","!","!","!","!","!","!","!","!","!"]}},"2676":{"3700":{"keys":[53,54],"grid":[" "," "," "," "," "," "," "," "," "," "," 0!!"," /!#"," .!$","12"," -!%"," ,!&"]},"3701":{"keys":[53,54],"grid":[" +!'"," *!("," )!)"," (!*","03"," '!+"," &!,"," %!-"," $!."," #!/"," !!0","10","!","!","!","!"]},"3708":{"keys":[54,55],"grid":[" $!."," #!/"," !!0","!","!","!","!","!","!","!","!","!","!","!","!","!"]},"3707":{"keys":[54,55],"grid":[" "," "," "," "," "," "," 0!!"," /!#"," .!$"," ,!&"," +!'"," *!("," )!)"," (!*"," '!+"," &!,"]}},"2679":{"3704":{"keys":[54,55],"grid":[" "," "," "," "," "," "," "," "," "," "," "," "," 0!!"," /!#"," -!%"," ,!&"]},"3705":{"keys":[54,55],"grid":[" +!'"," *!("," )!)"," (!*"," '!+"," %!-"," $!."," #!/"," !!0","!","!","!","!","!","!","!"]}},"2678":{"3706":{"keys":[54,55],"grid":[" )!)"," (!*"," '!+"," &!,"," $!."," #!/"," !!0","!","!","!","!","!","!","!","!","!"]},"3705":{"keys":[54,55],"grid":[" "," "," "," "," "," "," "," "," "," "," 0!!"," /!#"," .!$"," ,!&"," +!'"," *!("]}},"2617":{"3673":{"keys":[47,3],"grid":[" "," "," "," "," "," &!! +"," !!0","!","!","!","!","!","!","!","!","!"]},"3670":{"keys":[47],"grid":[" "," "," "," "," "," "," "," "," "," "," "," "," "," "," "," "]},"3687":{"keys":[3,47],"grid":[" /!#","00","00","00","00","00","00"," 0!!","07","07"," "," "," "," "," "," "]},"3668":{"keys":[3,47],"grid":[" "," "," "," "," "," "," "," "," "," "," "," $!* %","!0 !","!","!","!"]},"3686":{"keys":[3,47],"grid":[" "," "," "," "," "," "," "," "," "," "," "," "," 0!!","12","12"," /!#"]}},"2616":{"3673":{"keys":[47,3],"grid":[" "," "," "," ","!! 0","!# /","!& ,","!","!","!","!","!","!","!","!","!"]},"3670":{"keys":[47],"grid":[" "," "," "," "," "," "," "," "," "," "," "," "," "," "," "," "]},"3668":{"keys":[3,47],"grid":[" "," "," "," "," "," "," "," ","!! 0","!% -","!' +","!) )","!* (","!+ %!#","!, !!%","!"]}},"2615":{"3673":{"keys":[47,3],"grid":[" "," ,!! %"," ,!$ #"," +!'","03"," *!(","05"," )!)"," (!*","08"," '!+","10"," &!,"," %!-"," $!."," !!0"]},"3670":{"keys":[47],"grid":[" "," "," "," "," "," "," "," "," "," "," "," "," "," "," "," "]},"3668":{"keys":[3,47],"grid":[" "," "," "," "," "," "," "," "," '!+"," $!.","!","!","!","!","!","!"]},"3674":{"keys":[3],"grid":[" "," "," "," "," "," "," "," "," "," "," "," "," "," "," "," "]}},"2614":{"3670":{"keys":[3,47],"grid":[" &!,","00"," %!-","02","02","02"," $!."," #!/","07"," !!0","09","!","!","!","!","!"]},"3669":{"keys":[3,47],"grid":[" *!("," )!)","01"," (!*","03"," '!+","05"," &!,","07","07","07","07","07","07","07","07"]},"3668":{"keys":[3,47],"grid":[" "," "," "," "," "," "," "," "," "," "," "," 0!!"," .!$"," -!%"," ,!&"," +!'"]},"3674":{"keys":[47,3],"grid":[" 0!!","!","!","!","!","!","!","!","!","!","!","!","!","!","!","!"]}},"2613":{"3672":{"keys":[34,3,47],"grid":[" !!,#%","00"," !!+#&","02","!+#'","!*#(","05","!)#)","07","07","!(#*","10","!'#+","12","12","12"]},"3673":{"keys":[3,47],"grid":[" &!,","00","00","00","00"," %!-","05","05","05","05","05","00"," '!+","12"," (!*"," )!)"]},"3670":{"keys":[3,47],"grid":[" "," "," "," "," "," "," "," "," "," "," "," "," 0!!","12"," /!#","14"]},"3671":{"keys":[3,47,34],"grid":[" .!$","00","00"," -!%","03","03"," ,!&","06","06","06","06","06","06","#! ,!%","13","13"]},"3674":{"keys":[3,47],"grid":[" ,!&"," "," "," "," "," "," "," "," "," "," "," "," "," "," "," "]}},"2612":{"3672":{"keys":[34,3],"grid":[" "," "," "," "," "," "," "," "," 0!!","08"," /!#"," .!$","11"," -!%","13"," ,!&"]},"3673":{"keys":[34,3],"grid":[" +!'","00","00"," *!(","03"," )!)"," (!*"," '!+","07"," %!-"," $!."," !!0","!","!","!","!"]},"3670":{"keys":[3,34],"grid":[" "," ","!# /","!$ .","!& ,","!' +","!( *","06","!) )","!* (","09","!+ '","!, &","12","!- %","14"]},"3671":{"keys":[34,3],"grid":[" .!$","00","00"," /!#","03"," 0!!","05","05"," "," "," "," "," "," "," "," "]}},"2611":{"3669":{"keys":[3,34],"grid":[" "," "," "," "," "," "," "," "," "," "," "," "," "," "," "," '!$ ("]},"3673":{"keys":[34,3],"grid":[" "," "," "," "," "," "," "," "," "," "," "," "," /!#"," !!% '!&","!","!"]},"3670":{"keys":[3,34],"grid":[" #!- #","!","!","!","!","!","!","!","!","!","!","!","!","!","!","!"]},"3676":{"keys":[34,3],"grid":[" 0!!"," "," "," "," "," "," "," "," ","00","00","00"," /!#","12"," .!$","14"]},"3677":{"keys":[34,3],"grid":[" -!%"," ,!&"," +!'"," *!("," )!)"," (!*"," &!,"," $!.","!","!","!","!","!","!","!","!"]},"3674":{"keys":[3,34],"grid":[" "," "," "," "," "," "," "," "," "," "," "," "," "," "," ","!! 0"]},"3675":{"keys":[34,3],"grid":[" $!."," %!-"," &!,"," '!+"," (!*"," *!("," +!'"," ,!&"," -!%","08"," .!$"," /!#","11"," 0!!","13","13"]}},"2610":{"3673":{"keys":[34,3],"grid":[" "," "," "," "," "," "," "," "," "," "," "," "," "," "," "," /!#"]},"3670":{"keys":[3,34],"grid":[" "," 0!!"," *!(","!","!","!","!","!","!","!","!","!","!","!","!","!"]},"3677":{"keys":[34,3],"grid":[" "," "," "," "," "," "," "," "," "," +!'"," )!)"," '!+"," !!0","!","!","!"]},"3674":{"keys":[3,34],"grid":[" !!* '"," "," "," "," "," "," "," "," "," "," "," ","!, &","!. $","!0 !","!"]}},"2598":{"3667":{"keys":[3,34],"grid":[" "," "," "," "," "," "," "," "," "," "," "," "," "," ","!$ .","!' +"]},"3680":{"keys":[34,3],"grid":[" -!%"," ,!&"," +!'"," )!)"," '!+"," %!-"," !!0","!","!","!","!","!","!","!","!","!"]},"3668":{"keys":[34,3],"grid":[" *!("," "," "," "," "," "," "," "," "," "," "," "," "," "," "," "]},"3679":{"keys":[34,3],"grid":[" "," "," "," "," "," "," "," "," "," "," "," 0!!","11"," /!#"," .!$","14"]},"3670":{"keys":[34],"grid":[" "," "," "," "," "," "," "," "," "," "," "," "," "," "," "," "]},"3677":{"keys":[34],"grid":[" "," "," "," "," "," "," "," "," "," "," "," "," "," "," "," "]},"3674":{"keys":[34],"grid":[" "," "," "," "," "," "," "," "," "," "," "," "," "," "," "," "]}},"2599":{"3668":{"keys":[3,34],"grid":[" ","!& ,","!, &","!. $","03","03","!","!","!","!","!","!","!","!","!","!"]},"3678":{"keys":[34,3],"grid":[" "," "," "," 0!!","03"," /!#","05","05","05"," .!$"," -!%"," ,!&"," +!'"," *!("," (!*"," &!,"]},"3679":{"keys":[34,3],"grid":[" #!/","00","00","00","00","00"," !!0","06","06","!","!","!","!","!","!","!"]},"3670":{"keys":[34],"grid":[" "," "," "," "," "," "," "," "," "," "," "," "," "," "," "," "]},"3677":{"keys":[34],"grid":[" "," "," "," "," "," "," "," "," "," "," "," "," "," "," "," "]},"3674":{"keys":[34],"grid":[" "," "," "," "," "," "," "," "," "," "," "," "," "," "," "," "]}},"2619":{"3667":{"keys":["",3,48],"grid":[" "," ","!   ","!  #"]},"3688":{"keys":[47,3],"grid":[" "," "," "," 0!!"," .!$"," ,!&"," *!("," '!+","!","!","!","!","!","!","!","!"]},"3683":{"keys":[3,47],"grid":[" "," "," "," "," "," "," "," "," "," "," "," "," +!'"," '!+"," $!."," !!0"]},"3669":{"keys":[47,48],"grid":[" *!(","00","00"," +!'","03","03"," ,!&","06","06"," -!%","09","09","09"," .!$"," /!#"," 0!!"]},"3668":{"keys":[3,48,"",47],"grid":[" )!)","00","00","00"," '#!!*"," '!+","$& !!+","$'!+","07","$(!*","09","09","$)!)","12","12","$*!("]},"3684":{"keys":[47],"grid":[" "," "," "," "," "," "," "," "," "," "," "," "," "," "," "," "]},"3670":{"keys":[47],"grid":[" "," "," "," "," "," "," "," "," "," "," "," "," "," "," "," "]},"3674":{"keys":[47,3],"grid":[" "," "," ","!! 0","03","03","!# /","06","!$ .","08","!% -","!& ,","!' +","12","!) )","!* ("]},"3675":{"keys":[3,47],"grid":[" ,!&"," -!%"," 0!!"," "," "," "," "," "," "," "," "," "," "," "," "," "]}},"2618":{"3688":{"keys":[3,47],"grid":[" $!."," %!-"," &!,"," '!+"," (!*"," *!("," ,!&"," 0!!"," "," "," "," "," "," "," "," "]},"3687":{"keys":[47,3],"grid":[" "," "," "," "," "," "," "," "," "," "," "," ","!! 0","12","!# /","14"]},"3668":{"keys":[3,47],"grid":[" "," "," "," "," "," "," +!'"," (!*"," &!,"," $!."," #!/"," !!0","!","!","!","!"]},"3685":{"keys":[3,47],"grid":[" %!-"," $!.","01","01"," #!/","04","04","04","04","04","04","04","04","04","01","01"]},"3686":{"keys":[3,47],"grid":[" $!.","00"," %!-","02","02","00"," #!/","06"," !!0","!","!","!","!","!","!","!"]},"3673":{"keys":[47,3],"grid":[" "," "," "," "," "," !!! /","!# /","!$ .","07","!% -","09","!& ,","!' +","!( *","!* (","!+ '"]},"3670":{"keys":[47],"grid":[" "," "," "," "," "," "," "," "," "," "," "," "," "," "," "," "]},"3684":{"keys":[3,47],"grid":[" 0!!"," /!#"," .!$"," -!%"," ,!&"," +!'"," *!("," )!)"," (!*","08"," '!+","10"," &!,","12"," %!-","14"]},"3674":{"keys":[3,47],"grid":[" -!%"," /!#"," "," "," "," "," "," "," "," "," "," "," "," "," "," "]}},"2569":{"3665":{"keys":[3,34],"grid":[" "," "," "," "," "," "," "," "," "," "," "," "," "," "," !!. #","!"]},"3682":{"keys":[3,34],"grid":[" )!)"," "," "," "," "," "," "," "," "," "," "," "," "," "," "," "]},"3681":{"keys":[34],"grid":[" "," "," "," "," "," "," "," "," "," "," "," "," "," "," "," "]},"3669":{"keys":[34],"grid":[" "," "," "," "," "," "," "," "," "," "," "," "," "," "," "," "]},"3677":{"keys":[34],"grid":[" "," "," "," "," "," "," "," "," "," "," "," "," "," "," "," "]},"3674":{"keys":[34],"grid":[" "," "," "," "," "," "," "," "," "," "," "," "," "," "," "," "]}},"2568":{"3665":{"keys":[3,34],"grid":[" "," "," "," "," "," "," "," "," "," "," "," "," "," "," "," -!%"]},"3666":{"keys":[3,34],"grid":[" )!)"," %!-"," !!0","!","!","!","!","!","!","!","!","!","!","!","!","!"]},"3682":{"keys":[3],"grid":[" "," "," "," "," "," "," "," "," "," "," "," "," "," "," "," "]},"3681":{"keys":[34,3],"grid":[" "," "," "," "," "," "," "," "," "," "," "," "," "," "," #!# -"," !!* '"]},"3669":{"keys":[34],"grid":[" "," "," "," "," "," "," "," "," "," "," "," "," "," "," "," "]},"3677":{"keys":[34],"grid":[" "," "," "," "," "," "," "," "," "," "," "," "," "," "," "," "]},"3674":{"keys":[34],"grid":[" "," "," "," "," "," "," "," "," "," "," "," "," "," "," "," "]}},"2561":{"3670":{"keys":[34,3],"grid":[" .!$","00"," /!#","02","02","02","02","02","02","02","00","00","00"," -!%","13"," ,!&"]},"3671":{"keys":[34,3],"grid":[" ,!&"," +!'"," *!("," )!)"," (!*"," '!+"," &!,"," $!."," !!0","!","!","!","!","!","!","!"]},"3669":{"keys":[3,34],"grid":[" "," ","!! 0","!$ .","!% -","!& ,","!' +","!( *","!) )","!* (","!+ '","!, &","!- %","12","12","!. $"]}},"2560":{"3671":{"keys":[34,3],"grid":[" "," "," "," "," "," "," "," "," "," 0!!","!$ *!%","!","!","!","!","!"]},"3669":{"keys":[3,34],"grid":[" #!+ %","!0 !","!","!","!","!","!","!","!","!","!","!","!","!","!","!"]},"3668":{"keys":[3],"grid":[" "," "," "," "," "," "," "," "," "," "," "," "," "," "," "," "]}},"2565":{"3681":{"keys":[3,34],"grid":[" '!+","00"," (!*","02"," )!)"," *!(","05"," +!'"," ,!&"," -!%"," /!#"," 0!!"," "," "," "," "]},"3680":{"keys":[3,34],"grid":[" &!,","00","00","00","00","00","00","00","00","00","00","00","00","00"," '!+","14"]},"3669":{"keys":[3,34],"grid":[" "," "," "," "," "," /!#"," .!$"," ,!&"," '!+"," #!/","!","!","!","!","!","!"]},"3678":{"keys":[3,34],"grid":[" *!(","00","00"," )!)","03","03"," (!*","06","06","06","06","06","06","06","06","06"]},"3679":{"keys":[3,34],"grid":[" (!*","00","00","00","00"," '!+","05","05","05"," &!,","09","09","09","09","09","09"]},"3672":{"keys":[34],"grid":[" "," "," "," "," "," "," "," "," "," "," "," "," "," "," "," "]},"3673":{"keys":[3,34],"grid":[" !!0"," #!/"," $!."," %!-"," &!,"," '!+"," )!)"," +!'"," /!#"," "," "," "," "," "," "," "]},"3676":{"keys":[3,34],"grid":[" 0!!","00","00","00","00"," "," "," "," "," "," "," /!#"," -!%"," ,!&","13"," +!'"]},"3677":{"keys":[3,34],"grid":[" *!(","00","00"," )!)","03","03","03"," (!*","07","07","07","07","07","03","03","03"]},"3675":{"keys":[3,34],"grid":[" "," "," "," "," "," "," "," "," "," "," "," "," "," "," "," 0!!"]}},"2564":{"3672":{"keys":[3,34],"grid":[" )!)"," *!(","01"," +!'","03"," ,!&","05"," -!%","07"," .!$","09"," /!#","11"," 0!!"," "," "]},"3670":{"keys":[3,34],"grid":[" &!,","00"," %!-"," $!.","03"," #!/","05"," !!0","07","07","07","07","!","!","!","!"]},"3671":{"keys":[3,34],"grid":[" !!0","00","00","00"," #!/","04","04"," $!.","07"," %!-"," &!,","10"," '!+","12"," (!*"," )!)"]},"3669":{"keys":[3,34],"grid":[" "," "," "," "," "," "," "," "," "," "," 0!!"," .!$"," ,!&"," *!("," (!*"," '!+"]}},"2567":{"3682":{"keys":[34,3],"grid":[" 0!!"," /!#"," -!%"," ,!&"," )!)","!","!","!","!","!","!","!","!","!","!","!"]},"3666":{"keys":[3,34],"grid":[" "," "," "," .!$"," ,!&"," *!("," (!*"," '!+"," &!,"," %!-"," $!."," #!/","!","!","!","!"]},"3669":{"keys":[34],"grid":[" "," "," "," "," "," "," "," "," "," "," "," "," "," "," "," "]},"3677":{"keys":[34],"grid":[" "," "," "," "," "," "," "," "," "," "," "," "," "," "," "," "]},"3674":{"keys":[34],"grid":[" "," "," "," "," "," "," "," "," "," "," "," "," "," "," "," "]}},"2566":{"3667":{"keys":[3,34],"grid":[" -!%"," ,!&","01"," +!'"," *!(","04"," )!)","06"," (!*"," &!,","09","09","09","09","09","09"]},"3666":{"keys":[3,34],"grid":[" "," "," "," "," "," "," "," "," "," "," "," "," "," 0!!"," /!#"," .!$"]},"3682":{"keys":[3,34],"grid":[" %!-"," &!,"," (!*"," *!("," -!%"," "," "," "," "," "," "," "," "," "," "," "]},"3681":{"keys":[34,3],"grid":[" "," "," "," "," "," "," "," "," "," "," "," "," "," ","!! 0","!# /"]},"3669":{"keys":[3,34],"grid":[" (!*"," &!,"," %!-"," #!/","!","!","!","!","!","!","!","!","!","!","!","!"]},"3668":{"keys":[3,34],"grid":[" &!,","00"," '!+","02","02"," (!*","05","05"," )!)","08","08"," *!(","11"," +!'","13","08"]},"3673":{"keys":[34,3],"grid":[" "," "," "," "," "," "," "," "," ","!# /","09","!$ .","11","11","!% -","14"]},"3676":{"keys":[34],"grid":[" "," "," "," "," "," "," "," "," "," "," "," "," "," "," "," "]},"3677":{"keys":[34],"grid":[" "," "," "," "," "," "," "," "," "," "," "," "," "," "," "," "]},"3674":{"keys":[3,34],"grid":[" %!-"," &!,","01"," '!+","03"," (!*"," )!)","05","05","03","01","01","00"," $!.","13"," #!/"]},"3675":{"keys":[3,34],"grid":[" #!/"," !!0","01","!","!","!","!","!","!","!","!","!","!","!","!","!"]}},"2684":{"3704":{"keys":[54,55],"grid":[" "," "," "," "," "," "," "," "," "," "," "," "," ","!! 0","13","!# /"]},"3705":{"keys":[55,54],"grid":[" $!."," %!-"," &!,"," '!+"," (!*","04"," )!)"," *!("," +!'"," ,!&"," -!%","10"," .!$"," /!#"," 0!!"," "]}},"2685":{"3706":{"keys":[55,54],"grid":[" !!0","00"," #!/"," $!."," %!-"," &!,"," '!+"," (!*","07"," )!)"," *!("," +!'"," ,!&"," -!%","13"," .!$"]},"3707":{"keys":[55,54],"grid":[" /!#"," 0!!"," "," "," "," "," "," "," "," "," "," "," "," "," "," "]},"3705":{"keys":[54],"grid":[" "," "," "," "," "," "," "," "," "," "," "," "," "," "," "," "]}},"2686":{"3707":{"keys":[54,55,""],"grid":[" "," "," ","!! 0","!# /","!### -","05","!$#! -","!%#) %","08","08","08","!)#)","12","12","12"]}},"2680":{"3703":{"keys":[54,55],"grid":[" "," "," "," "," "," "," "," "," "," "," "," "," "," "," 0!!"," /!#"]},"3704":{"keys":[54,55],"grid":[" -!%"," ,!&"," +!'"," *!("," )!)"," (!*"," '!+"," %!-"," $!."," #!/"," !!0","!","!","!","!","!"]}},"2681":{"3702":{"keys":[54,""],"grid":[" -!%","00","00","00"," "," "," "," "," "," "," "," "," 0!!","12"," "," "]},"3703":{"keys":[54,55],"grid":[" 0!!"," /!#"," -!%"," ,!&"," +!'"," *!("," )!)"," (!*"," '!+"," %!-"," $!."," #!/"," !!0","!","!","!"]}},"2682":{"3702":{"keys":["",54,55],"grid":[" !!!","00","00","# !!"]},"3703":{"keys":[55,"",54],"grid":[" )!!#(","00"," +#'"," ,#&"," -#%","04"," .#$"," /##"," 0#!"," "," "," "," "," "," "," "]}},"2683":{"3703":{"keys":[54,55],"grid":[" "," "," "," "," "," "," "," "," "," ","!! 0","!# /","11","!$ .","!% -","!& ,"]},"3704":{"keys":[55,54],"grid":[" '!+"," (!*","01"," )!)"," *!("," +!'"," ,!&"," -!%","07"," .!$"," /!#"," 0!!"," "," "," "," "]}},"2587":{"3682":{"keys":[34,3],"grid":[" "," "," "," "," "," $!$ +","!, &","!. $","!/ #","!","!","!","!","!","!","!"]},"3666":{"keys":[3,34],"grid":[" "," "," "," "," "," "," "," "," "," "," "," ","!! 0","!* !!'","!","!"]},"3669":{"keys":[34],"grid":[" "," "," "," "," "," "," "," "," "," "," "," "," "," "," "," "]},"3677":{"keys":[34],"grid":[" "," "," "," "," "," "," "," "," "," "," "," "," "," "," "," "]},"3674":{"keys":[34],"grid":[" "," "," "," "," "," "," "," "," "," "," "," "," "," "," "," "]}},"2623":{"3688":{"keys":[47,3],"grid":[" &!,"," #!/","!","!","!","!","!","!","!","!","!","!","!","!","!","!"]},"3683":{"keys":[3,47],"grid":[" "," "," "," "," "," "," "," ","!! 0","!$ .","!& ,","!' +","!( *","!) )","!* (","!+ &!!"]},"3687":{"keys":[47,3],"grid":[" "," "," "," "," "," "," "," "," "," "," "," "," "," 0!!"," +!'"," (!*"]},"3684":{"keys":[47,3],"grid":[" ,!# $"," "," "," "," "," "," "," "," "," "," "," "," "," "," "," "]},"3673":{"keys":[47,3],"grid":[" "," "," "," "," "," ","!! 0","!$ .","!) '!#","!","!","!","!","!","!","!"]},"3670":{"keys":[48,47],"grid":[" "," "," "," "," "," "," "," ","!& ,","!, &","!","!","!","!","!","!"]}},"2585":{"3682":{"keys":[34,3],"grid":[" "," "," "," "," "," "," "," 0!!"," /!#","!! +!&","!","!","!","!","!","!"]},"3666":{"keys":[3,34],"grid":[" "," "," "," "," "," "," ","!# /","!) !!! &!!","!","!","!","!","!","!","!"]},"3669":{"keys":[34],"grid":[" "," "," "," "," "," "," "," "," "," "," "," "," "," "," "," "]},"3677":{"keys":[34],"grid":[" "," "," "," "," "," "," "," "," "," "," "," "," "," "," "," "]},"3674":{"keys":[34],"grid":[" "," "," "," "," "," "," "," "," "," "," "," "," "," "," "," "]}},"2584":{"3682":{"keys":[34,3],"grid":[" "," "," "," "," "," (!! )"," &!% ("," %!( &"," $!+ $","!","!","!","!","!","!","!"]},"3666":{"keys":[3,34],"grid":[" "," "," "," "," "," "," "," +!'"," &!,","!","!","!","!","!","!","!"]},"3669":{"keys":[34],"grid":[" "," "," "," "," "," "," "," "," "," "," "," "," "," "," "," "]},"3677":{"keys":[34],"grid":[" "," "," "," "," "," "," "," "," "," "," "," "," "," "," "," "]},"3674":{"keys":[34],"grid":[" "," "," "," "," "," "," "," "," "," "," "," "," "," "," "," "]}},"2626":{"3683":{"keys":[3,47],"grid":[" "," "," "," "," ","!! 0","!$ .","!& ,","!( *","!* (","!+ '","!- %","!. $","!/ #","!0 !","14"]},"3687":{"keys":[47,3],"grid":[" $!.","!","!","!","!","!","!","!","!","!","!","!","!","!","!","!"]},"3686":{"keys":[47,3],"grid":[" "," "," "," "," "," "," "," "," "," "," "," /!#"," -!%"," *!("," (!*"," &!,"]},"3684":{"keys":[47],"grid":[" "," "," "," "," "," "," "," "," "," "," "," "," "," "," "," "]}},"2627":{"3686":{"keys":[47,3],"grid":[" -!%","00"," ,!&"," +!'"," *!("," )!)"," (!*"," &!,"," %!-"," #!/","!","!","!","!","!","!"]},"3685":{"keys":[47,3],"grid":[" 0!!","00","00","00"," "," "," ","00","00","00","00"," /!#","11","11"," .!$","14"]},"3684":{"keys":[3,47],"grid":[" ","!# /","!$ .","!& ,","!' +","!( *","!* (","!+ '","!, &","08","!- %","!. $","11","!/ #","13","13"]}},"2581":{"3666":{"keys":[3,34],"grid":[" "," "," "," "," "," "," "," ","!$ !!# +","!, &","!","!","!","!","!","!"]},"3683":{"keys":[34,3],"grid":[" ","!! 0","!# /","!$ .","!% -","!' +","!( *","!+ '","!","!","!","!","!","!","!","!"]},"3682":{"keys":[34],"grid":[" "," "," "," "," "," "," "," "," "," "," "," "," "," "," "," "]},"3681":{"keys":[34,3],"grid":[" "," "," "," "," "," "," "," "," ","!! 0"," "," "," "," "," "," "]},"3669":{"keys":[34],"grid":[" "," "," "," "," "," "," "," "," "," "," "," "," "," "," "," "]},"3677":{"keys":[34],"grid":[" "," "," "," "," "," "," "," "," "," "," "," "," "," "," "," "]},"3674":{"keys":[34],"grid":[" "," "," "," "," "," "," "," "," "," "," "," "," "," "," "," "]}},"2580":{"3667":{"keys":[34],"grid":[" "," "," "," "," "," "," "," "," "," "," "," "," "," "," "," "]},"3666":{"keys":[3,34],"grid":[" "," "," "," "," "," "," ","!! $!$ *","!- #!#","!","!","!","!","!","!","!"]},"3683":{"keys":[3],"grid":[" "," "," "," "," "," "," "," "," "," "," "," "," "," "," "," "]},"3682":{"keys":[3,34],"grid":[" .!$","00","00","00","00","00"," -!%","06","00","00","00","00"," /!#","12"," 0!!"," "]},"3681":{"keys":[34,3],"grid":[" "," "," "," "," "," "," "," "," #!! .","!& ,","!) &!$","!","!0 !","!/ #","13","13"]},"3680":{"keys":[34],"grid":[" "," "," "," "," "," "," "," "," "," "," "," "," "," "," "," "]},"3669":{"keys":[34],"grid":[" "," "," "," "," "," "," "," "," "," "," "," "," "," "," "," "]},"3668":{"keys":[34],"grid":[" "," "," "," "," "," "," "," "," "," "," "," "," "," "," "," "]},"3678":{"keys":[34],"grid":[" "," "," "," "," "," "," "," "," "," "," "," "," "," "," "," "]},"3679":{"keys":[34],"grid":[" "," "," "," "," "," "," "," "," "," "," "," "," "," "," "," "]},"3672":{"keys":[34],"grid":[" "," "," "," "," "," "," "," "," "," "," "," "," "," "," "," "]},"3673":{"keys":[34],"grid":[" "," "," "," "," "," "," "," "," "," "," "," "," "," "," "," "]},"3670":{"keys":[34],"grid":[" "," "," "," "," "," "," "," "," "," "," "," "," "," "," "," "]},"3671":{"keys":[34],"grid":[" "," "," "," "," "," "," "," "," "," "," "," "," "," "," "," "]},"3676":{"keys":[34],"grid":[" "," "," "," "," "," "," "," "," "," "," "," "," "," "," "," "]},"3677":{"keys":[34],"grid":[" "," "," "," "," "," "," "," "," "," "," "," "," "," "," "," "]},"3674":{"keys":[34],"grid":[" "," "," "," "," "," "," "," "," "," "," "," "," "," "," "," "]},"3675":{"keys":[34],"grid":[" "," "," "," "," "," "," "," "," "," "," "," "," "," "," "," "]}},"2589":{"3682":{"keys":[34,3],"grid":[" "," "," "," "," "," "," 0!!"," .!$"," ,!&"," *!("," (!*"," &!,","!","!","!","!"]},"3666":{"keys":[3,34],"grid":[" "," "," "," "," "," "," "," "," "," "," "," "," "," "," *!(","!$ $!+"]},"3669":{"keys":[34],"grid":[" "," "," "," "," "," "," "," "," "," "," "," "," "," "," "," "]},"3677":{"keys":[34],"grid":[" "," "," "," "," "," "," "," "," "," "," "," "," "," "," "," "]},"3674":{"keys":[34],"grid":[" "," "," "," "," "," "," "," "," "," "," "," "," "," "," "," "]}},"2588":{"3682":{"keys":[34,3],"grid":[" "," "," "," "," "," "," "," "," "," ","!# /","!& ,","!, &","!","!","!"]},"3666":{"keys":[3,34],"grid":[" "," "," "," "," "," "," "," "," "," "," "," "," ","!( *","!, &","!"]},"3669":{"keys":[34],"grid":[" "," "," "," "," "," "," "," "," "," "," "," "," "," "," "," "]},"3677":{"keys":[34],"grid":[" "," "," "," "," "," "," "," "," "," "," "," "," "," "," "," "]},"3674":{"keys":[34],"grid":[" "," "," "," "," "," "," "," "," "," "," "," "," "," "," "," "]}},"2699":{"3750":{"keys":[42,43,""],"grid":[" "," "," "," "," "," "," "," "," 0!!"," .!$"," -!%"," *##!&"," )!)","12","12","12"]},"3808":{"keys":[45,41],"grid":[" "," "," "," "," "," "," "," ","!! 0","!* (","!","!","!","!","!","!"]}},"2698":{"3751":{"keys":[42,"",43],"grid":["   !","!","!!!#","02"]},"3808":{"keys":[45,41],"grid":[" "," "," "," "," ","!% -","!) )","!. $","!","!","!","!","!","!","!","!"]}},"2697":{"3808":{"keys":[45,41],"grid":[" ","!% -","!) )","!- %","!","!","!","!","!","!","!","!","!","!","!","!"]}},"2696":{"3807":{"keys":[45,41],"grid":[" "," "," "," "," "," "," "," "," "," "," "," "," ","!$ .","!( *","!, &"]},"3808":{"keys":[41,45],"grid":[" 0!!"," "," "," "," "," "," "," "," "," "," "," "," "," "," "," "]}},"2695":{"3807":{"keys":[45,41],"grid":[" "," "," "," "," "," "," "," "," ","!# /","!( *","!, &","!0 !","!","!","!"]}},"2694":{"3807":{"keys":[45,41],"grid":[" "," "," "," "," ","!# /","!' +","!+ '","!/ #","!","!","!","!","!","!","!"]}},"2693":{"3807":{"keys":[45,41],"grid":[" ","!! 0","!& ,","!* (","!/ #","!","!","!","!","!","!","!","!","!","!","!"]}},"2692":{"3807":{"keys":["",41,45],"grid":[" )!&#$"," )!)","01","01"," %!-","04","04","04","04","04","04","04","04","04","04","04"]}},"2622":{"3683":{"keys":[3,47],"grid":[" "," "," "," "," "," "," ","!! &!) #","!","!","!","!","!","!","!","!"]},"3673":{"keys":[47,3],"grid":[" "," "," "," )!$ &","!. $","!0 !","!","!","!","!","!","!","!","!","!","!"]},"3670":{"keys":[48,47],"grid":[" "," "," "," "," ","!$ .","!) )","!0 !","!","!","!","!","!","!","!","!"]},"3688":{"keys":[47,3],"grid":[" "," "," .!$"," ,!&"," )!)","!","!","!","!","!","!","!","!","!","!","!"]},"3684":{"keys":[47],"grid":[" "," "," "," "," "," "," "," "," "," "," "," "," "," "," "," "]}},"2586":{"3682":{"keys":[34,3],"grid":[" "," "," "," "," "," "," /!#","!","!","!","!","!","!","!","!","!"]},"3666":{"keys":[3,34],"grid":[" "," "," "," "," "," "," "," ","!& ,","!* (","!, &","!/ #","!","!","!","!"]},"3669":{"keys":[34],"grid":[" "," "," "," "," "," "," "," "," "," "," "," "," "," "," "," "]},"3677":{"keys":[34],"grid":[" "," "," "," "," "," "," "," "," "," "," "," "," "," "," "," "]},"3674":{"keys":[34],"grid":[" "," "," "," "," "," "," "," "," "," "," "," "," "," "," "," "]}},"2620":{"3688":{"keys":[47,3],"grid":[" "," "," "," ","!$ .","!0 !","!","!","!","!","!","!","!","!","!","!"]},"3683":{"keys":[3,47],"grid":[" "," "," "," "," "," "," "," "," "," "," /!#"," -!%","!! +!&","!% &!(","!( !!)","!"]},"3669":{"keys":[48,47],"grid":[" "," "," "," "," "," "," "," "," "," "," "," "," "," "," 0!!"," .!$"]},"3684":{"keys":[47],"grid":[" "," "," "," "," "," "," "," "," "," "," "," "," "," "," "," "]},"3670":{"keys":[48,47],"grid":[" ,!&","!","!","!","!","!","!","!","!","!","!","!","!","!","!","!"]},"3674":{"keys":[47,3],"grid":[" "," "," "," "," "," "," "," "," "," "," "," "," "," "," "," 0!!"]},"3675":{"keys":[47,3],"grid":[" .!$"," ,!&"," )!)","!","!","!","!","!","!","!","!","!","!","!","!","!"]}},"2621":{"3688":{"keys":[47,3],"grid":[" "," "," "," "," "," ","!! -!$","!","!","!","!","!","!","!","!","!"]},"3683":{"keys":[3,47],"grid":[" "," "," "," "," "," "," "," *!("," &!,"," !!0","!","!","!","!","!","!"]},"3669":{"keys":[48,47],"grid":[" "," "," "," "," "," "," "," "," "," "," "," "," %!' '"," !!- $","!. $","14"]},"3684":{"keys":[47],"grid":[" "," "," "," "," "," "," "," "," "," "," "," "," "," "," "," "]},"3673":{"keys":[47,3],"grid":[" "," "," "," "," "," 0!!"," /!#"," -!%"," +!'"," )!)"," (!*","10","10","10","10","10"]},"3670":{"keys":[47,48],"grid":[" /!#","00"," 0!!","02"," "," "," "," "," "," "," "," "," "," "," "," "]},"3674":{"keys":[47,3],"grid":[" (!*","00","00","00","00"," '!+","05"," &!,","07"," %!-","09"," $!."," #!/"," !!0","!","!"]}},"2583":{"3666":{"keys":[3,34],"grid":[" "," "," "," "," "," "," "," "," "," -!%"," +!'"," )!)"," (!*"," &!,","!$ !!-","!"]},"3683":{"keys":[34,3],"grid":[" %!-"," #!/","!","!","!","!","!","!","!","!","!","!","!","!","!","!"]},"3682":{"keys":[34,3],"grid":[" "," "," "," "," "," "," "," "," "," 0!!"," +!'"," *!("," )!)"," (!*"," '!+"," &!,"]},"3669":{"keys":[34],"grid":[" "," "," "," "," "," "," "," "," "," "," "," "," "," "," "," "]},"3677":{"keys":[34],"grid":[" "," "," "," "," "," "," "," "," "," "," "," "," "," "," "," "]},"3674":{"keys":[34],"grid":[" "," "," "," "," "," "," "," "," "," "," "," "," "," "," "," "]}},"2582":{"3666":{"keys":[3,34],"grid":[" "," "," "," "," "," "," "," "," "," "," ","!) )","!, &","!/ #","!","!"]},"3683":{"keys":[34,3],"grid":[" "," "," 0!!"," /!#"," -!%"," +!'"," )!)"," &!,","!","!","!","!","!","!","!","!"]},"3682":{"keys":[34],"grid":[" "," "," "," "," "," "," "," "," "," "," "," "," "," "," "," "]},"3669":{"keys":[34],"grid":[" "," "," "," "," "," "," "," "," "," "," "," "," "," "," "," "]},"3677":{"keys":[34],"grid":[" "," "," "," "," "," "," "," "," "," "," "," "," "," "," "," "]},"3674":{"keys":[34],"grid":[" "," "," "," "," "," "," "," "," "," "," "," "," "," "," "," "]}},"2624":{"3683":{"keys":[3,47],"grid":[" "," "," "," "," -!%"," +!'"," )!)"," '!+"," &!,"," %!-"," $!."," #!/"," !!0","12","12","!"]},"3687":{"keys":[47,3],"grid":[" "," "," "," "," "," "," "," "," "," "," )!)"," &!,"," $!.","!","!","!"]},"3684":{"keys":[47],"grid":[" "," "," "," "," "," "," "," "," "," "," "," "," "," "," "," "]},"3672":{"keys":[47,48],"grid":[" "," 0!!","01"," /!#"," .!$"," -!%","05"," ,!&"," +!'"," *!(","09","09","09","09","09","09"]},"3673":{"keys":[47,48,3,""],"grid":[" *!("," +!'"," *#!$#!%","02"," )#$$&"," '#&$&"," &#'$&"," ##*$&","#-$%","08","08","08","08","08","08","08"]},"3670":{"keys":[48,47],"grid":[" "," "," "," "," "," "," "," "," "," ","!! 0","!( *","!","!","!","!"]},"3671":{"keys":[47],"grid":[" "," "," "," "," "," "," "," "," "," "," "," "," "," "," "," "]}},"2625":{"3683":{"keys":[3,47],"grid":[" "," "," ","!* (","!/ #","!","!","!","!","!","!","!","!","!","!","!"]},"3687":{"keys":[47,3],"grid":[" "," "," 0!!"," .!$"," +!'"," )!)"," (!*"," &!,"," $!.","!","!","!","!","!","!","!"]},"3684":{"keys":[47],"grid":[" "," "," "," "," "," "," "," "," "," "," "," "," "," "," "," "]},"3672":{"keys":[48],"grid":[" "," "," "," "," "," "," "," "," "," "," "," "," "," "," "," "]},"3670":{"keys":[48,47],"grid":[" "," "," "," "," "," "," "," "," "," "," "," ","!! 0","12","12","!# /"]},"3671":{"keys":[47,48],"grid":[" !!0","00","00","!","!","!","!","00","00","00","00","00"," #!/","12","00","00"]}},"2596":{"3667":{"keys":[3,34],"grid":[" "," "," "," "," "," ","!) )","!- %","!0 !","!","!","!","!","!","!","!"]},"3681":{"keys":[34,3],"grid":[" .!$"," ,!&"," *!("," (!*"," $!.","!","!","!","!","!","!","!","!","!","!","!"]},"3680":{"keys":[34],"grid":[" "," "," "," "," "," "," "," "," "," "," "," "," "," "," "," "]},"3670":{"keys":[34],"grid":[" "," "," "," "," "," "," "," "," "," "," "," "," "," "," "," "]},"3677":{"keys":[34],"grid":[" "," "," "," "," "," "," "," "," "," "," "," "," "," "," "," "]},"3674":{"keys":[34],"grid":[" "," "," "," "," "," "," "," "," "," "," "," "," "," "," "," "]}},"2702":{"3808":{"keys":[45,41],"grid":[" "," "," "," "," "," "," "," "," "," "," "," ","!( *","!","!","!"]},"3749":{"keys":[42,43],"grid":[" "," "," "," "," "," "," /!#"," ,!&"," *!("," (!*"," %!-"," #!/","!","!","!","!"]}}}}