{"9":{"160":{"270":{"keys":[35,1,36],"grid":[" "," "," "," "," "," 0!!"," /!#"," .!##!"," -!###"," ,!##$"," +!##%"," )!$#&"," $!'#("," !!%#,"," !!##.","!##/"]}},"161":{"270":{"keys":[35,1,36],"grid":[" +!'"," &!(#%"," $!%#!!!#("," #!##-","!$#.","!!#0","#","#","#","#","#","#","#","#","#","#"]},"269":{"keys":[35,1],"grid":[" "," "," "," "," "," "," "," "," "," "," "," "," "," "," "," /!#"]}},"162":{"270":{"keys":[1,36],"grid":[" $!& &!$","!, #!$","!","!","!","!","!","!","!","!","!","!","!","!0 !","!","13"]},"271":{"keys":[36,1],"grid":[" 0!!","00","00","00"," "," "," "," "," "," "," "," "," "," "," "," "]},"269":{"keys":[35,1,36],"grid":[" "," "," "," "," "," "," "," "," "," "," "," "," "," .!$"," %!! #!$ $!##!","!, !!###"]}},"163":{"270":{"keys":[36,1,35],"grid":[" !!##."," #!!#.","00"," !!!#/","03","03","00","01","00","01","00","03","!##/","!!#0","13","13"]},"271":{"keys":[35,1,36],"grid":[" "," ","!! 0","02","!# /","04","04","04","#!!# .","##!! .","09","##!# -","09","09","!$ .","02"]},"269":{"keys":[35,1,36],"grid":[" "," "," "," "," "," "," "," "," "," "," "," "," ","!! 0","!# /","#!!! /"]}}},"13":{"2594":{"4320":{"keys":[35,36],"grid":[" !!# *!%","!$ ,!#","!$ $!! #!$ $!!","!) !!(","!","!","!","!","!","!","!","!","!","!","!","!"]},"4319":{"keys":[35,36],"grid":[" "," "," "," "," "," "," /!#"," .!$"," -!%","08","08","08","08","08","08"," #!! *!%"]}},"2595":{"4319":{"keys":[35,36],"grid":[" 0!!"," /!#"," .!$"," '!# '!#"," &!% $!%"," %!& #!&","!","!","!","!","!","!","!","!","!","!"]}},"2596":{"4318":{"keys":[35],"grid":[" "," "," "," "," "," "," "," "," "," "," "," "," "," "," "," "]},"4319":{"keys":[36,35],"grid":[" !!+ &"," !!) ("," !!' *"," !!& +"," %!# +"," "," "," "," "," "," "," "," "," "," "," "]}},"2597":{"4319":{"keys":[36,35],"grid":[" !!0"," #!/","01","01"," $!."," &!,","04"," #!. !","07"," #!- #"," #!+ %"," #!* &"," !!, %","12"," $!' ("," &!! +"]}},"2590":{"4320":{"keys":[35,36],"grid":[" $!.","00"," #!/","!","!","!","!","!","!","!","!","!","!","!","!","!"]},"4319":{"keys":[35,36],"grid":[" "," "," "," "," "," "," "," "," "," "," "," "," +!# %"," (!' #!!"," &!,"," $!."]}},"2591":{"4320":{"keys":[36,35],"grid":[" /!#","00","00","00","00"," 0!!"," "," "," "," "," "," "," "," "," "," "]},"4319":{"keys":[35,36],"grid":[" "," "," "," "," "," "," "," "," "," "," "," ,!# $"," +!% #","!! #!# &!% #","!0 !","14"]}},"2592":{"4320":{"keys":[35,36],"grid":[" &!,"," %!-"," $!."," #!/","03"," !!0","!","!","!","!","!","!","!","!","!","!"]},"4319":{"keys":[35,36],"grid":[" "," "," "," "," "," "," "," "," "," "," "," "," '!+"," %!-"," $!."," &!,"]}},"2593":{"4320":{"keys":[36,35],"grid":[" (!*"," )!)"," )!( !"," )!' #"," *!% $"," *!# &"," "," "," "," "," "," "," "," "," "," "]},"4319":{"keys":[35,36],"grid":[" "," "," "," "," "," "," "," "," "," "," "," ","!# /","!' +","13","!( *"]}},"2572":{"4329":{"keys":[35,36],"grid":[" $!$ #!)"," $!# #!*","!","!","!","!","!","!","!","!","!","!","!","!","!","!"]},"4328":{"keys":[35,36],"grid":[" "," "," /!#","02"," 0!!"," +!'","05","05","05","05"," *!(","10"," )!)","12","12"," %!! $!)"]}},"2598":{"4319":{"keys":[35,36],"grid":[" "," %!# +"," %!$ $!! &"," %!( &","03","!* (","!( *","!' +","06","06","!) )","10","05","!+ !!# #!!","!","!"]}},"2599":{"4318":{"keys":[35,36],"grid":[" "," "," "," "," "," "," "," "," "," "," $!% *","10","10"," $!$ +","13","13"]},"4319":{"keys":[35,36],"grid":[" $!$ +"," $!# ,","00"," %!% )"," %!' '"," %!( &"," $!* %"," #!+ %"," #!, $","08"," #!. !"," !!0","11","!","!","!"]}},"2584":{"4321":{"keys":[35,36],"grid":[" "," "," "," "," "," "," "," "," "," "," $!# ,"," !!& *!!","!) '!#","!( &!%","13","13"]},"4322":{"keys":[36,35],"grid":[" '!% '"," '!$ ("," &!% ("," &!$ )"," '!$ #!! %","01"," "," "," "," "," "," "," "," "," "," "]}},"2580":{"4322":{"keys":[35,36],"grid":[" "," "," "," ","!# /","!( )!!","!- $!!","!. #!!","!","!","!","!","!","!","!","!"]}},"2583":{"4321":{"keys":[35,36],"grid":[" "," "," "," "," "," "," "," "," "," "," ","!) )","!* %!$","!+ #!%","!","!"]}},"2582":{"4321":{"keys":[35,36],"grid":[" "," "," "," "," "," "," "," "," "," "," "," "," "," +!# %"," (!& %"," (!& $!!"]},"4322":{"keys":[35,36],"grid":[" &!,","!","!","!","!","!","!","!","!","!","!","!","!","!","!","!"]}},"2569":{"4331":{"keys":[35,36],"grid":[" "," "," "," "," #!# *!$","!' %!'","!' !!*","!","!","!","!","!","!","!","!","!"]}},"2568":{"4332":{"keys":[35,36],"grid":[" $!! $!*"," $!.","01","!! !!/","!","!","!","!","!","!","!","!","!","!","!","!"]},"4331":{"keys":[35,36],"grid":[" "," "," "," "," "," "," /!#"," (!# %!$"," '!+"," &!,"," %!-","10","10"," $!.","08"," (!*"]}},"2611":{"4347":{"keys":[35,36],"grid":[" "," "," "," ","!! 0","!# /","05","!$ .","07","07","05","04"," "," "," "," "]}},"2561":{"4334":{"keys":[35,36],"grid":[" "," "," "," "," "," "," "," "," 0!!"," "," +!# #!#"," *!(","11"," )!)"," (!*","14"]},"4335":{"keys":[35,36],"grid":[" )!)"," (!*"," '!+"," &!,"," $!.","!","!","!","!","!","!","!","!","!","!","!"]},"4333":{"keys":[35,36],"grid":[" "," "," "," "," "," "," "," "," "," "," /!#"," .!$","11"," -!%","11"," 0!!"]}},"2560":{"4335":{"keys":[35,36],"grid":[" "," "," "," "," "," 0!!"," ,!&"," +!'"," *!("," '!+","!$ !!-","!","!","!","!","!"]}},"2563":{"4332":{"keys":[35,36],"grid":[" "," "," "," "," "," "," 0!!","06"," "," "," "," "," "," "," "," "]},"4333":{"keys":[35,36],"grid":[" "," "," "," "," "," "," ","!! (!$ &","!# %!( $","!# $!,","!$ #!,","!% #!+","!& !!+","!","!","!"]}},"2562":{"4334":{"keys":[36],"grid":[" "," "," "," "," "," "," "," "," "," "," "," "," "," "," "," "]},"4333":{"keys":[35,36],"grid":[" "," "," "," "," "," %!! ,"," !!& +"," !!( )","!, $!#","!","!","!","!","!","!","!"]}},"2565":{"4332":{"keys":[35,36],"grid":[" "," ","!! .!#","!# ,!$","!% (!&","!& $!)","!& #!*","!","!","!","!","!","!","!","!","!"]}},"2564":{"4332":{"keys":[35,36],"grid":[" "," "," !!% %!! $!$"," !!0","!","!","!","!","!","03"," #!/"," $!.","11","11","11","11"]},"4333":{"keys":[35,36],"grid":[" #!/"," $!.","01","01"," %!-"," &!,","05","00"," !!0","!","!","!","!","!","!","!"]}},"2567":{"4332":{"keys":[35,36],"grid":[" "," "," "," "," 0!!"," ,!&","!! *!'","06","!# &!*","!","!","!","!","!","!","!"]}},"2566":{"4332":{"keys":[35,36],"grid":[" %!! ,","!& ,","!' +","!0 !","03","!","!","!","!","!","!","!","!","!","!","!"]}},"2587":{"4321":{"keys":[36,35],"grid":[" (!% &"," *!! '"," "," "," "," "," "," "," "," "," "," "," "," "," "," "]},"4320":{"keys":[35,36],"grid":[" "," "," "," "," "," "," "," "," "," "," "," "," -!# #"," ,!$ #","!! +!&","!! #!# '!&"]}},"2605":{"4318":{"keys":[35,36],"grid":[" .!! #"," -!$ !"," -!%"," .!$"," /!#","04"," 0!!"," )!)","07","07","07","07","07","07"," (!*","14"]},"4319":{"keys":[35,36],"grid":[" (!*","00","00","00","00","00","00"," )!)","07"," *!(","07","07","00","!! %!,","!$ !!-","!"]},"4317":{"keys":[35],"grid":[" "," "," "," "," "," "," "," "," "," "," "," "," "," "," "," "]}},"2606":{"4318":{"keys":[35,36],"grid":[" %!-"," #!/","!","!","!","!","!","!","!","!","!","!","!","!","!","!"]},"4317":{"keys":[35,36],"grid":[" "," -!# #"," -!%","02"," .!$","04"," /!#","06","04","04","02"," ,!&"," +!'"," *!("," (!*"," '!+"]}},"2607":{"4338":{"keys":[36,35],"grid":[" 0!!"," "," "," "," "," "," ","00"," /!#"," +!'","09"," *!(","11","11","11","11"]},"4339":{"keys":[36,35],"grid":[" *!("," +!'"," ,!&","02","02","02","02","02","02"," -!%"," 0!!"," "," "," "," "," "]},"4336":{"keys":[36,35],"grid":[" #!/"," $!."," &!,"," '!+"," )!)"," *!(","05","05","05","05","04","04"," (!*","03","02","02"]},"4337":{"keys":[36,35],"grid":[" &!,","00","00"," '!+"," (!*"," )!)"," *!("," +!'"," ,!&","08"," -!%","10","10"," .!$","13"," /!#"]},"4335":{"keys":[36,35],"grid":[" "," .!$","01","01","01","01"," -!%"," &!$ #!'"," &!,"," %!-","09"," $!.","11"," #!/","13","13"]},"4333":{"keys":[36],"grid":[" "," "," "," "," "," "," "," "," "," "," "," "," "," "," "," "]},"4317":{"keys":[35,36],"grid":[" "," ","!! 0","!% -","!( *","!+ '","!. $","!0 !","!","!","!","!","!","!","!","!"]}},"2600":{"4318":{"keys":[35],"grid":[" "," "," "," "," "," "," "," "," "," "," "," "," "," "," "," "]},"4320":{"keys":[36,35],"grid":[" /!#"," .!$","01"," -!%","01"," "," "," "," "," "," "," "," "," "," "," "]},"4319":{"keys":[35,36],"grid":[" 0!!"," )!$ #!$"," &!,"," %!-"," $!+ $"," $!* %"," #!+ %","06"," #!, $","08","!/ #","!0 !","11","!","11","10"]}},"2601":{"4318":{"keys":[35,36],"grid":[" "," "," "," "," "," "," "," "," "," "," "," "," "," "," ","!& ,"]},"4320":{"keys":[35,36],"grid":[" %!-"," $!.","01","01","01","!! #!.","!","!","!","!","!","!","!","!","!","!"]},"4319":{"keys":[36,35],"grid":[" &!,","00","00"," (!*","03","!$ $!+","!","!","!","!","!","!+ #!%","!* $!%","!) &!$","!( (!#","!& ,"]}},"2602":{"4320":{"keys":[36,35],"grid":[" $!."," #!/","01"," !!0"," !!% #!*"," !!$ $!*"," !!# &!)"," )!)","07","07","07","07"," *!' !"," *!% $"," *!$ %"," "]},"4319":{"keys":[35,36],"grid":[" "," "," "," "," "," "," "," "," "," "," "," "," "," "," !!# .","!% -"]}},"2603":{"4321":{"keys":[36,35],"grid":[" &!% ("," "," "," "," "," "," "," "," "," "," "," "," "," "," "," "]},"4320":{"keys":[35,36],"grid":[" "," "," "," "," "," "," "," "," "," "," "," !!% ,","!& ,","12","12","12"]}},"2608":{"4338":{"keys":[35],"grid":[" "," "," "," "," "," "," "," "," "," "," "," "," "," "," "," "]},"4339":{"keys":[35,36],"grid":[" "," "," "," "," "," "," "," "," "," "," !!% ,","!( *","!* (","!+ '","!, &","!- %"]},"4318":{"keys":[36,35],"grid":[" +!'"," ,!&","01"," -!%"," .!$","04"," /!#","06"," 0!!","08","08"," "," "," "," "," "]},"4350":{"keys":[36,35],"grid":[" "," "," "," "," "," "," "," "," "," "," 0!!"," /!#"," .!$","12"," -!%","14"]},"4334":{"keys":[36,35],"grid":[" %!-","00","00"," &!,","03","00","00","00","00","00"," $!.","10","10"," #!/","13"," !!0"]},"4335":{"keys":[35],"grid":[" "," "," "," "," "," "," "," "," "," "," "," "," "," "," "," "]},"4332":{"keys":[36,35],"grid":[" "," "," "," 0!!"," /!#","04"," .!$"," -!%"," ,!&","08"," +!'"," *!("," (!*"," '!+"," &!,"," %!-"]},"4333":{"keys":[36,35],"grid":[" %!-"," $!."," #!/","02"," !!0","04","!","!","!","!","!","04","02","01","01","00"]},"4342":{"keys":[36,35],"grid":[" "," "," "," "," "," "," "," "," "," "," "," 0!!"," /!#","12","12","12"]},"4317":{"keys":[35,36],"grid":[" "," "," "," "," "," "," "," "," ","!# /","!$ .","!% -","!& ,","!' +","!( *","!* ("]},"4343":{"keys":[36,35],"grid":[" /!#"," 0!!"," "," "," "," "," "," "," "," "," "," "," "," "," "," "]},"4351":{"keys":[36,35],"grid":[" ,!&","00","00","00","00","00","00","00"," -!%","08","08"," .!$","11","11","11","11"]},"4341":{"keys":[36,35],"grid":[" "," "," "," "," "," "," "," "," "," "," "," "," "," 0!!","13"," "]},"4340":{"keys":[36,35],"grid":[" .!$"," /!#","01","01"," 0!!","04"," "," "," "," "," "," "," "," "," "," "]}},"2609":{"4328":{"keys":[36,35],"grid":[" "," "," "," "," "," 0!!","05","05","05","05","05"," "," "," "," "," "]},"4318":{"keys":[35,36],"grid":[" "," "," "," "," "," "," "," "," "," "," "," "," "," ","!! 0","14"]},"4320":{"keys":[36,35],"grid":[" )!)","00"," *!(","02","02","02"," +!'"," ,!&"," -!%"," /!#"," 0!!"," "," "," "," "," "]},"4323":{"keys":[36,35],"grid":[" '!+","00","00","00","00"," &!,","05","05","05","05","05","05","05","05","05","00"]},"4322":{"keys":[36,35],"grid":[" "," 0!!","01"," /!#"," .!$"," -!%"," ,!&"," +!'","07"," *!(","09"," )!)","11"," (!*","13","13"]},"4332":{"keys":[36,35],"grid":[" #!/"," !!0","!","!","!","!","!","!","!","!","!","!","!","!","!","!"]},"4324":{"keys":[36,35],"grid":[" (!*"," )!)"," *!(","02","02","02","02","02","02"," +!'","09","09","09","02","02","02"]},"4330":{"keys":[36,35],"grid":[" "," "," "," "," "," "," "," 0!!"," /!#","08","08"," .!$","11","11"," -!%","14"]},"4326":{"keys":[36,35],"grid":[" (!*","00","00"," )!)","03"," *!(","05"," +!'","07","07"," ,!&"," -!%","11"," .!$"," 0!!"," "]},"4325":{"keys":[36,35],"grid":[" *!(","00"," )!)","02","02","02","02"," (!*","07","07","07","07"," '!+","07","07","07"]},"4350":{"keys":[36,35],"grid":[" "," "," "," -!%"," *!("," (!*"," &!,"," $!."," #!/"," !!0","!","!","!","!","!","!"]},"4319":{"keys":[36,35],"grid":[" !!0"," #!/"," $!.","02"," %!-","04"," &!,","06"," '!+","08"," (!*","10","10"," )!)","13","13"]},"4331":{"keys":[36,35],"grid":[" -!%"," ,!&","01","01"," +!'","04","04"," *!(","07","07"," )!)","10"," '!+"," &!,"," %!-"," $!."]},"4344":{"keys":[36,35],"grid":[" .!$"," /!#"," 0!!"," "," "," "," "," "," "," "," "," "," "," "," "," "]},"4343":{"keys":[35,36],"grid":[" "," "," "," ","!! 0","04","!# /","!$ .","!% -","!' +","!( *","!* (","!+ '","!, &","13","!- %"]},"4342":{"keys":[35,36],"grid":[" "," "," ","!! 0","03","03","03","03","03","03"," "," "," "," "," "," "]},"4341":{"keys":[36,35],"grid":[" !!0","00","00","00","00","00","00","!","!","!","!","!","!","!","!","!"]},"4340":{"keys":[35],"grid":[" "," "," "," "," "," "," "," "," "," "," "," "," "," "," "," "]}},"2586":{"4321":{"keys":[35,36],"grid":[" $!.","00"," #!/"," !!0","03","!","!","!","!","!","!","!","!","!","!","!"]},"4320":{"keys":[35,36],"grid":[" "," "," "," "," "," "," "," "," "," "," "," "," "," 0!!"," /!#"," -!%"]}},"2588":{"4320":{"keys":[35,36],"grid":[" "," "," "," "," "," "," "," -!! $"," ,!$ #"," ,!% !"," )!! #!&"," (!*","11","!& !!+","!","!"]}},"2589":{"4320":{"keys":[35,36],"grid":[" "," "," "," .!$"," ,!&","04","04"," -!%","03"," ,!! #!#","!! *!'","!# *!&","!$ )!&","!% &!(","!","!"]}},"2610":{"4329":{"keys":[36,35],"grid":[" !!0","00"," #!/","02"," $!.","04"," %!-","06"," &!,","08","08","08","08","08","06","06"]},"4328":{"keys":[36,35],"grid":[" !!0","!","!","!","!","!","!","!","!","!","!","!","!","!","!","!"]},"4321":{"keys":[36,35],"grid":[" &!,"," '!+","01","01","01","00","00","00","00","00","00"," %!-","11"," $!."," #!/"," !!0"]},"4320":{"keys":[35,36],"grid":[" "," "," "," "," "," "," "," "," "," "," ","!! 0","!# /","!$ .","!% -","!& ,"]},"4322":{"keys":[35],"grid":[" "," "," "," "," "," "," "," "," "," "," "," "," "," "," "," "]},"4327":{"keys":[36,35],"grid":[" !!0","00","00","00","00","!","!","!","!","!","!","!","!","00","00","00"]},"4326":{"keys":[35],"grid":[" "," "," "," "," "," "," "," "," "," "," "," "," "," "," "," "]},"4330":{"keys":[36,35],"grid":[" $!.","00","00","00"," #!/"," !!0","!","!","!","!","!","!","!","!","!","!"]},"4349":{"keys":[36,35],"grid":[" &!,"," '!+"," (!*","02"," )!)","04"," *!(","06","06","06","06","06","06","04","02","02"]},"4348":{"keys":[36,35],"grid":[" *!("," )!)"," (!*"," '!+"," &!,"," %!-"," $!."," !!0","07","07","07","07","07"," #!/","06","05"]},"4347":{"keys":[36,35],"grid":[" .!$"," /!#"," 0!!"," "," "," "," "," "," "," "," "," ","02","01"," -!%"," ,!&"]},"4346":{"keys":[36,35],"grid":[" .!$","00","00","00"," -!%","04","04"," ,!&","07","07","07","07","07","07","04","04"]},"4345":{"keys":[36,35],"grid":[" +!'"," ,!&","01","01"," -!%","04","04","04","04","04"," .!$","10","10","10","10","10"]},"4344":{"keys":[35,36],"grid":[" "," "," "," ","!! 0","!# /","!$ .","!% -","!& ,","!' +","!( *","!) )","11","!* (","13","!+ '"]},"4350":{"keys":[36,35],"grid":[" '!+"," $!.","!","!","!","!","!","!","!","!","!","!","!","!","!","!"]}},"2581":{"4321":{"keys":[35,36],"grid":[" "," "," "," "," "," "," "," "," "," "," "," "," "," "," -!! $"," -!$ !"]},"4322":{"keys":[35,36],"grid":[" &!$ $!&"," &!& !!&"," '!+"," !!! $!,","!","!","!","!","!","!","!","!","!","!","!","!"]}},"2578":{"4323":{"keys":[35,36],"grid":[" "," "," "," "," "," "," "," 0!!"," "," ","07"," /!#"," -!%","12","12"," &!' !!%"]},"4324":{"keys":[35,36],"grid":[" &!,"," $!."," !!0","!","!","!","!","!","!","!","!","!","!","!","!","!"]}},"2579":{"4323":{"keys":[35,36],"grid":[" ,!&"," -!%"," /!#","02"," #!! !!! )!$","!$ !!! '!&","!& &!'","!' %!'","!) #!'","!* !!'","!","!","!","!","!","!"]},"4322":{"keys":[35,36],"grid":[" "," "," "," "," "," "," /!#","06"," 0!!"," .!$"," -!%"," ,!&","09","06","09","11"]}},"2576":{"4325":{"keys":[35,36],"grid":[" *!(","00"," &!$ !!("," $!."," #!/","04","!","!","!","!","!","!","!","!","!","!"]},"4324":{"keys":[35,36],"grid":[" "," "," "," "," "," "," "," "," "," "," "," -!%","11","11"," ,!&"," *!("]}},"2577":{"4324":{"keys":[35,36],"grid":[" "," "," -!! $"," ,!&"," -!%"," (!*","05","05"," '!+"," &!,","!","!","!","!","!","!"]}},"2574":{"4327":{"keys":[35,36],"grid":[" !!# !!-"," #!/"," !!0","!","!","!","!","!","!","!","!","!","!","!","!","!"]},"4326":{"keys":[35,36],"grid":[" "," "," "," "," "," "," "," "," "," %!# +"," %!) %"," %!-","11","11"," &!,","14"]}},"2575":{"4325":{"keys":[35,36],"grid":[" "," "," "," "," "," "," "," 0!!"," /!#"," .!$","09","08"," -!%"," ,!&"," *!("," )!)"]},"4326":{"keys":[35,36],"grid":[" (!*"," '!+"," #!/","02","02"," !!0","05","05","05","05","!","!","!","!","!","!"]}},"2585":{"4321":{"keys":[35,36],"grid":[" "," "," "," "," "," "," "," "," ","!$ .","!","!","!","!","!","!"]}},"2573":{"4328":{"keys":[35,36],"grid":[" (!*"," !!% #!*","!","!","!","!","!","!","!","!","!","!","!","!","!","!"]},"4327":{"keys":[35,36],"grid":[" 0!!","00"," /!#","00"," ,!# #!!"," ,!$ !!!"," -!%","06","06"," +!'"," (!*","10"," %!-"," &!,"," '!+","10"]}},"2570":{"4330":{"keys":[35,36],"grid":[" "," "," "," "," "," "," "," "," "," "," /!#"," ,!&"," +!'"," (!*"," %!-"," $!."]},"4331":{"keys":[35,36],"grid":[" %!-"," &!,"," $!.","!","!","!","!","!","!","!","!","!","!","!","!","!"]}},"2571":{"4329":{"keys":[35,36],"grid":[" 0!!"," /!! !"," /!#","00"," -!%"," )!! #!&"," )!! !!'"," *!("," )!)","08"," (!*"," '!+"," +!'","12","08","08"]},"4330":{"keys":[35,36],"grid":[" )!)"," %!-","01","01"," &!,","01","01"," $!.","07"," #!/"," !!0","!","!","!","!","!"]}},"2604":{"4321":{"keys":[35,36],"grid":[" &!,","!# !!.","!","!","!","!","!","!","!","!","!","!","!","!","!","!"]},"4320":{"keys":[35,36],"grid":[" ,!&"," +!'"," *!("," %!-"," $!."," !!0","05","05","05"," #!/","09","04","03","03"," &!,","14"]},"4319":{"keys":[35,36],"grid":[" "," "," "," "," "," "," "," "," "," "," "," -!# #"," -!$ !"," -!%"," ,!&","14"]}}}}