{"9":{"167":{"274":{"keys":[35,1,36],"grid":[" "," "," "," "," "," "," "," "," "," "," ","!$ .","!% %!! (","#$!) &","#'!!##!# &","#+!! &"]},"275":{"keys":[36,1,35],"grid":[" +!##%"," ,!##$"," -!###"," .!##!"," /!#"," 0!!","05"," "," "," "," "," "," "," "," "," "]},"285":{"keys":[36,1,61],"grid":[" 0!!","00"," /!#"," /!!#!"," .!##!"," -!###"," -!!#$"," ,!##$"," +!##%"," +!!#&"," *!##&"," )!##'"," )!!#("," (!##("," '!##)","14"]},"284":{"keys":[36,1],"grid":[" "," "," "," "," "," "," "," "," "," "," "," "," "," "," "," 0!!"]},"287":{"keys":[36,1,61],"grid":[" &!!#+"," %!##+"," %!!#,","02"," $!##,"," $!!#-","05"," #!##-"," #!!#.","08"," !!##."," !!!#/","11","11","!##/","!!#0"]},"286":{"keys":[36,1,61],"grid":[" (!!#)","00","00","00","00","00","00","00","00","00","00"," '!##)"," '!!#*","12"," &!##*"," &!!#+"]}},"161":{"287":{"keys":[36,1,39],"grid":[" "," "," "," "," "," "," "," "," "," "," "," "," -!%"," -!!##!!"," -!!#$","14"]}},"163":{"272":{"keys":[1,35,36],"grid":[" #!/"," !!0","00","#! #!.","#! !!/","04","04","#! $!-","#$ #!,","#$ !!-","09","09","## '!)","#$ ### !!)","#( !!)","14"]},"273":{"keys":[36,1,35],"grid":[" (!##("," )!!#("," (!%#&"," )!'##"," .!!##"," .!$"," /!#"," 0!!"," "," "," "," "," "," "," "," "]}},"168":{"275":{"keys":[35,1,36],"grid":[" "," "," "," "," "," '!! &!$ !","!* !!'","##!!#&!$#&","#","#","#","#","#","#","#","#"]},"284":{"keys":[36,1,61],"grid":[" "," "," "," "," "," 0!!"," *!("," #!)#'"," #!!#.","08"," !!##."," !!!#/","11","!##/","!!#0","14"]}},"169":{"275":{"keys":[35,1,36],"grid":[" "," "," "," "," "," !!% ,","!' +","#$!$ +","#&!$ )","#(!$ '","#*!$ %","#+!% #","#.!$","#0!!","13","13"]},"284":{"keys":[36,1,61],"grid":[" "," "," 0!!"," +!'"," %!(#&","!&#,","#","#","#","#","#","#","#","#","#","#"]},"276":{"keys":[36,1],"grid":[" "," "," "," 0!!","03","03","03"," "," "," "," "," "," "," "," "," "]},"277":{"keys":[36,1,35],"grid":[" "," "," "," "," "," "," "," "," "," "," "," .!$"," .!##!"," /!#"," 0!!"," "]}},"162":{"287":{"keys":[36,1,39],"grid":[" "," "," "," "," "," "," "," "," "," "," "," "," ","!# /","#!!! /","#!!% ,"]}},"164":{"273":{"keys":[35,1,36],"grid":[" "," "," "," "," "," "," ","!# /","#!!% ,","#%!! ,","#$!# ,","10","#%!# +","#&!( %","#)!)","#,!##!!#"]}},"165":{"273":{"keys":[35,1,36],"grid":[" "," "," "," "," "," "," "," "," "," "," "," "," "," #!' )","!$#%!$ '","!##(!# &"]},"274":{"keys":[36,1,35],"grid":[" +!$#$"," -!###"," .!$"," 0!!"," "," "," "," "," "," "," "," "," "," "," "," "]}},"166":{"274":{"keys":[35,1,36],"grid":[" "," !!$ -","!& ,","!###!# +","#%!# +","#&!# *","#'!$ (","#'!% '","#*!# &","#*!# #!# !","#+!'","#0!!","#","#","#","#"]}},"174":{"281":{"keys":[35,1],"grid":[" "," "," "," "," "," "," "," "," "," "," "," "," "," "," ","!! 0"]},"282":{"keys":[1,35,36],"grid":[" !!0"," #!/","#! !!/","#! #!.","## #!-","#$ #!,","## $!,","03","02","02","01","00","00","00","!","!"]}},"173":{"279":{"keys":[35,1,36],"grid":[" "," "," "," "," "," "," ","!# /","#!!! /","07","!! 0","10","10","10"," "," "]},"281":{"keys":[36,1,35],"grid":[" !!##."," #!$#,"," %!##+"," &!$#!!$#%"," (!$ !!##$"," -!###","05"," .!!##","07"," .!##!"," /!!#!"," /!#","11","11"," 0!!","14"]},"280":{"keys":[35,1],"grid":[" "," "," "," "," "," "," "," "," "," "," "," "," ","!! 0","!# /","14"]},"283":{"keys":[36,1,35],"grid":[" 0!!"," /!#"," /!!#!","02"," .!##!"," .!!##","04","02","01"," -!$#!"," -!!#$"," ,!##$"," ,!!#%"," +!##%"," +!!#&","14"]},"282":{"keys":[36,1],"grid":[" "," "," "," "," "," "," "," "," "," "," "," "," "," 0!!","13","13"]},"285":{"keys":[61,1,36,35],"grid":[" $!##&!#$%"," %!!#$!$$&"," %!!##!#$("," %!%$)"," %!#$+","04"," %!$$*","06"," &!#$*"," '!!$*"," '!$$("," )!!$("," (!#$(","12","11","12"]},"284":{"keys":[36,1,35,61],"grid":[" *!##&"," *!!#'"," )!##'"," )!!#("," (!##("," (!!#)"," '!##)"," '!!#*","07","!! %!##*","!$ #!!#+","$#!# !!##*","$$!# !!##)","$$!# #!$#'","$$!! &!##&","$$!! '!##%"]},"287":{"keys":[61,1,35],"grid":[" +!##%","00"," +!!#&"," *!##&"," *!!#'"," )!##'","05","03","04","03","03","03","03","05","03","04"]},"286":{"keys":[61,1,35],"grid":[" )!$#&","00"," *!$#%"," *!##&","02"," +!##%","03"," +!$#$"," ,!##$"," ,!!#%","09","09","09","09","05","03"]}},"172":{"280":{"keys":[36,1,35],"grid":[" .!!##","00","00","00","00","00","00"," .!##!"," /!!#!","08","08"," /!#"," 0!!","12"," "," "]},"284":{"keys":[36,1,61],"grid":[" ","!! 0","!$ .","##!$ ,","#%!$ *","#'!$ (","#)!$ &","#+!$ $","#-!$ !","#/!#","#","#","#","#","#","#"]},"279":{"keys":[35,1,36],"grid":[" "," "," "," "," "," "," ","!# .!!","#!!0","#","#","#","#","#0!!","#/!#","#.!# !"]}},"171":{"279":{"keys":[35,1,36],"grid":[" "," "," "," "," "," "," ","!","#","#","#","#","#","#","#","#"]},"284":{"keys":[1,36,61],"grid":[" 0!!","#/ #","#","#","#","#","#","#","#","#","#","#","#","#","#","#"]}},"170":{"275":{"keys":[35,1],"grid":[" "," "," "," "," "," "," "," "," "," "," "," ","!! 0","12","12","12"]},"276":{"keys":[1,35,36],"grid":[" #!/","#! !!/","00"," !!0","03","!","03","03","03","00","01","01","#! #!.","## !!.","## #!-","#$ !!-"]},"277":{"keys":[36,1,35],"grid":[" $!##,"," %!!#,","01","01","01","01","01","01","01"," %!##+"," &!!#+","!'#+","#","#","!!#0","!##/"]},"278":{"keys":[36,1,35],"grid":[" !!##."," #!##-"," $!!#-"," $!##,"," %!##+"," &!!#+","05","05","05","05","05","05","05"," &!##*"," '!!#*","14"]},"279":{"keys":[36,1,35],"grid":[" '!!#*","00","00","00","00","00","00"," '!+"," "," "," "," "," "," "," "," "]},"283":{"keys":[36,1],"grid":[" "," "," "," "," "," "," "," "," "," "," "," "," "," "," "," +!& !"]},"284":{"keys":[36,1,61],"grid":[" '!&#$!#"," #!&#*","!$#.","#","#","#","#","#","#","#","#","#","#","#","#","#"]}}},"13":{"2712":{"4548":{"keys":[36,61],"grid":[" "," "," "," "," "," ,!&"," &!,","!","!","!","!","!","!","!","!","!"]},"4409":{"keys":[35,36],"grid":[" "," "," "," ","!! 0","04","!# /","!$ .","07","07","07","!( !!& $","!0 !","!","!","!"]}},"2713":{"4548":{"keys":[36,61],"grid":[" "," "," -!%"," '!+"," !!0","!","!","!","!","!","!","!","!","!","!","!"]},"4409":{"keys":[35,36],"grid":[" "," "," "," "," "," "," "," "," "," "," "," "," ","!# /","13","13"]},"4410":{"keys":[36,35],"grid":[" #!/","00","00","00","00"," $!."," &!% ("," "," "," "," "," "," "," "," "," "]}},"2659":{"4386":{"keys":[36,35],"grid":[" &!,"," %!-"," %!# $!("," *!("," +!'","04"," -!$ !"," "," "," "," "," "," "," "," "," "]},"4385":{"keys":[35,36],"grid":[" "," "," "," "," "," "," "," "," "," "," "," "," "," "," ","!% -"]}},"2658":{"4386":{"keys":[35,36],"grid":[" !!' $!'"," !!0","01","01","!","!","!","!","!","!","!","!","!","!","!","!"]},"4385":{"keys":[35,36],"grid":[" "," "," "," "," "," "," ,!# $"," +!% #","07","!! )!' !","!$ (!& !","!% '!% #","!& &!% #","!& '!% !","!& '!&","!' &!&"]}},"2716":{"4411":{"keys":[35,36],"grid":[" "," "," "," (!$ '"," (!# ("," '!( $"," #!, $"," !!- $"," !!, %","08","!- !!! #","!0 !","!/ #","12","!","!"]},"4547":{"keys":[36,61],"grid":[" "," "," "," "," "," "," "," "," "," "," ,!&"," &!,","!","!","!","!"]}},"2717":{"4443":{"keys":[36,35],"grid":[" "," "," "," "," "," "," "," "," "," *!("," +!'"," ,!&"," -!%"," .!$"," /!#"," 0!!"]},"4444":{"keys":[36,35],"grid":[" 0!!"," "," "," "," "," "," "," "," "," "," "," "," "," "," "," "]},"4412":{"keys":[36,35],"grid":[" )!)"," *!# !!%"," .!$"," -!%"," ,!&","03"," "," "," "," "," "," "," "," "," "," "]},"4547":{"keys":[36,61],"grid":[" "," "," "," "," "," 0!!"," ,!&"," )!)"," %!-","!","!","!","!","!","!","!"]},"4411":{"keys":[35,36],"grid":[" "," "," "," "," "," "," "," "," "," "," "," "," $!# ,"," !!% !!% '","!+ '","!* ("]}},"2714":{"4548":{"keys":[36,61],"grid":[" )!)"," #!/","!","!","!","!","!","!","!","!","!","!","!","!","!","!"]},"4411":{"keys":[36,35],"grid":[" .!! #"," "," "," "," "," "," "," "," "," "," "," "," "," "," "," "]},"4547":{"keys":[36,61],"grid":[" "," "," "," "," "," "," "," "," "," "," "," "," "," "," "," /!#"]},"4410":{"keys":[35,36],"grid":[" "," "," "," "," "," "," ","!# /","!% -","!+ '","09","!+ %!#","11","11","!, $!#","!- #!#"]}},"2595":{"4607":{"keys":[36,39],"grid":[" "," "," "," "," "," "," "," "," ","!! 0","!) )","!/ #","!0 !","!","!","!"]}},"2653":{"4386":{"keys":[36,35],"grid":[" (!*","00"," )!)"," *!("," ,!&"," -!%"," .!$"," "," "," "," "," "," "," "," "," "]},"4385":{"keys":[35,36],"grid":[" "," "," "," "," ","!! 0","05","!# /","07","!$ .","09","09","!% -","!& ,","!' +","!( *"]}},"2652":{"4385":{"keys":[36,35],"grid":[" (!*"," '!+"," &!,","01"," "," "," "," "," "," "," "," "," "," "," "," "]},"4384":{"keys":[35,36],"grid":[" "," "," ","!% -","!) )","!( *","05","05","05","05","05","05","04","!+ '","!, &","14"]}},"2651":{"4384":{"keys":[35,36],"grid":[" "," "," "," (!*"," $!.","!","!","!","!","!","!","!","!","!","!","!"]}},"2650":{"4383":{"keys":[35,36],"grid":[" "," ","!! 0","02","02","!# /","05","!$ .","07","!% -","09","!& ,","!' +","!( *","!) )","!* ("]},"4384":{"keys":[36,35],"grid":[" +!'"," ,!&"," -!%"," .!$"," "," "," "," "," "," "," "," "," "," "," "," "]}},"2657":{"4387":{"keys":[35,36],"grid":[" #!/"," !!0","!","!","!","!","!","!","!","!","!","!","!","!","!","!"]},"4386":{"keys":[35,36],"grid":[" "," "," "," "," "," /!#"," '!+"," &!,"," %!-","!","!","!","!","!","!"," #!/"]},"4385":{"keys":[35,36],"grid":[" "," "," "," "," "," "," "," "," "," "," 0!!"," /!#","10","10"," "," "]}},"2710":{"4548":{"keys":[36,61],"grid":[" "," "," "," "," "," "," "," "," "," "," /!#"," )!)"," #!/","!","!","!"]},"4408":{"keys":[35,36],"grid":[" "," ","!# /","!$ .","!& ,","!' +","!( *","!) )","07","!* (","09","!+ '","11","!, &","!- %","!"]}},"2655":{"4387":{"keys":[36,35],"grid":[" /!#"," "," "," "," "," "," "," "," "," "," "," "," "," "," "," "]},"4386":{"keys":[35,36],"grid":[" "," "," "," "," "," "," "," "," "," "," "," ","!! 0","!% -","!( *","!+ '"]}},"2654":{"4386":{"keys":[35,36],"grid":[" "," "," "," "," "," "," $!% *","!* (","!, &","!- %","!. $","!0 !","!","!","!","!"]}},"2711":{"4548":{"keys":[36,61],"grid":[" "," "," "," "," "," "," "," 0!!"," *!("," %!-","!","!","!","!","!","!"]},"4408":{"keys":[35],"grid":[" "," "," "," "," "," "," "," "," "," "," "," "," "," "," "," "]},"4409":{"keys":[36,35],"grid":[" #!) !!&"," $!& &!$"," %!$ (!#"," 0!!"," "," "," "," "," "," "," "," "," "," "," "," "]}},"2590":{"4604":{"keys":[36,39],"grid":[" "," "," "," "," "," "," "," ","!! 0","!% -","!' +","!* (","!- %","!","!","!"]}},"2591":{"4604":{"keys":[36,39],"grid":[" "," "," "," "," "," "," "," "," "," "," "," ","!' +","12","!) )","!, &"]},"4605":{"keys":[39,36],"grid":[" /!#"," "," "," "," "," "," "," "," "," "," "," "," "," "," "," "]}},"2592":{"4605":{"keys":[36,39],"grid":[" ","!! 0","!$ .","!' +","!( *","!) )","!* (","!+ '","07","!, &","!- %","!. $","!/ #","!0 !","!","!"]}},"2593":{"4606":{"keys":[39,36],"grid":[" #!/","00"," $!."," %!-"," &!,","04","04","03","03","03","03","03","03","02","02","02"]},"4607":{"keys":[39,36],"grid":[" $!.","00","00","00","00"," )!)"," /!#"," "," "," "," "," "," "," "," "," "]},"4605":{"keys":[36,39],"grid":[" "," "," "," "," "," "," "," "," "," "," "," "," "," "," ","!! 0"]}},"2630":{"4381":{"keys":[35,36],"grid":[" "," "," "," ","!# /","!$ .","!% -","!' +","!+ '","!/ #","!","!","!","!","!","!"]}},"2718":{"4443":{"keys":[36,35],"grid":[" "," "," "," "," "," "," "," "," ","!","!","!","!","!","!","!"]},"4444":{"keys":[35,36],"grid":[" "," ","!! 0","!# /","!$ .","!% -","!& ,","06","!' +","!( *","!) )","!* (","!+ '","!, &","!- %","14"]},"4412":{"keys":[35,36],"grid":[" "," "," "," "," "," %!! ,"," $!% $!% #","!! #!, #","07","!# #!+ #","09","!. $","!- %","!, &","!+ &!!","!"]},"4547":{"keys":[36,61],"grid":[" "," .!$"," +!'"," '!+"," #!/","!","!","!","!","!","!","!","!","!","!","!"]},"4445":{"keys":[36,35],"grid":[" .!$"," /!#"," 0!!"," "," "," "," "," "," "," "," "," "," "," "," "," "]}},"2719":{"4421":{"keys":[36,35],"grid":[" -!%","00"," .!$","02"," /!#","04","04","04","04","00"," ,!&"," +!'"," *!(","12","12","12"]},"4419":{"keys":[36,35],"grid":[" "," "," "," "," "," "," "," "," "," "," "," "," "," "," 0!!"," /!#"]},"4422":{"keys":[36,35],"grid":[" *!(","00"," )!)","02","00"," 0!!"," "," "," "," "," "," "," "," "," "," "]},"4420":{"keys":[36,35],"grid":[" .!$"," -!%","00","00"," /!#","04","00","01"," ,!&","08","01","00","04","00","01","08"]},"4414":{"keys":[36,35],"grid":[" .!$"," -!%"," ,!&","02"," +!'"," )!% $!!"," (!% &"," "," "," "," "," "," "," "," "," /!#"]},"4413":{"keys":[36,35],"grid":[" "," "," .!$","02","02"," /!#"," "," "," "," *!$ %"," )!)"," *!("," +!% #"," ,!# $"," ","05"]},"4412":{"keys":[35,36],"grid":[" "," "," "," "," "," "," "," "," "," "," "," "," "," %!# +","!# #!$ *","!$ !!% %!%"]},"4443":{"keys":[36,35],"grid":[" "," "," "," "," "," "," "," "," ","!","!","!","!","!","!","!"]},"4445":{"keys":[35,36],"grid":[" "," "," "," ","!! 0","!# /","05","!$ .","!% -","!& ,","!' +","!( *","!) )","!* (","13","!+ '"]},"4446":{"keys":[36,35],"grid":[" ,!&"," -!%"," .!$"," /!#"," 0!!","04"," "," "," "," "," "," "," "," "," "," "]},"4415":{"keys":[36,35],"grid":[" /!#","00","00"," 0!!"," "," "," "," "," "," "," "," "," "," "," "," "]},"4547":{"keys":[36,61],"grid":[" !!0","!","!","!","!","!","!","!","!","!","!","!","!","!","!","!"]},"4546":{"keys":[36,61],"grid":[" "," "," "," "," "," "," "," "," "," "," "," "," "," -!%"," )!)"," &!,"]}},"2709":{"4548":{"keys":[36,61],"grid":[" "," "," "," "," "," "," "," "," "," "," "," "," "," -!%"," (!*"," !!0"]},"4406":{"keys":[35],"grid":[" "," "," "," "," "," "," "," "," "," "," "," "," "," "," "," "]},"4407":{"keys":[35,36],"grid":[" '!% '"," &!( %"," %!* $"," $!* %"," !!+ &","!+ '","05","05","05","!, &","09","!- %","11","!. $","!/ #","!0 !"]},"4408":{"keys":[36,35],"grid":[" 0!!"," "," "," "," "," "," "," "," "," "," "," "," "," "," "," "]}},"2708":{"4549":{"keys":[36,61],"grid":[" ,!&"," &!,","!","!","!","!","!","!","!","!","!","!","!","!","!","!"]},"4548":{"keys":[36],"grid":[" "," "," "," "," "," "," "," "," "," "," "," "," "," "," "," "]},"4406":{"keys":[36,35],"grid":[" #!/"," $!.","!! #!.","!","!","!","!","!","!","!","!","!","!","!","!* #!&","!) %!%"]},"4407":{"keys":[35,36],"grid":[" %!) %"," %!* $","01"," #!, $","!/ #","!","!","!","!","!","!","!","!","!","!","!"]},"4405":{"keys":[35],"grid":[" "," "," "," "," "," "," "," "," "," "," "," "," "," "," "," "]}},"2705":{"4549":{"keys":[36,61],"grid":[" "," "," "," "," "," "," "," "," -!%"," '!+","!","!","!","!","!","!"]},"4405":{"keys":[35,36],"grid":[" "," "," "," "," "," "," "," "," "," "," "," "," "," "," ,!&","14"]},"4406":{"keys":[35,36],"grid":[" -!%","00","00","00"," ,!&"," +!'"," *!(","06"," )!)","!$ '!(","!& &!'","!' %!'","!( $!'","!","!","!"]}},"2704":{"4549":{"keys":[36,61],"grid":[" "," "," "," "," "," "," "," "," "," "," "," +!'"," %!-","!","!","!"]},"4406":{"keys":[35,36],"grid":[" "," "," "," "," ","!# /","!% -","!' +","!( *","!( )!!","!( $!! $!#","10","!) #!'","!","!","!"]}},"2707":{"4549":{"keys":[36,61],"grid":[" "," "," 0!!"," *!("," $!.","!","!","!","!","!","!","!","!","!","!","!"]},"4405":{"keys":[35,36],"grid":[" "," "," "," "," "," "," "," "," "," "," "," ","!% -","!+ '","!, &","!"]},"4406":{"keys":[36,35],"grid":[" ","!! .!! !","!! -!$"," -!%"," ,!&","04","04","03"," .!$"," /!#"," +!$ #!!","10","10","04","04","04"]},"4407":{"keys":[36,35],"grid":[" -!%","00","00"," ,!&"," .!! #"," "," "," "," "," "," "," "," "," "," "," "]}},"2706":{"4549":{"keys":[36,61],"grid":[" "," "," "," "," "," /!#"," )!)"," #!/","!","!","!","!","!","!","!","!"]},"4405":{"keys":[35,36],"grid":[" "," "," "," "," "," "," "," "," "," "," "," /!! !"," -!%","12","12","!! ,!! #!!"]},"4406":{"keys":[36,35],"grid":[" #!/"," (!*"," )!)","02"," )!' #"," *!# &"," "," "," "," "," "," "," "," "," "," "]}},"2701":{"4405":{"keys":[35,36],"grid":[" "," "," "," "," "," "," "," "," ","!% -","!& ,","!' +","11","11"," !!& +","14"]},"4406":{"keys":[35,36],"grid":[" !!& )!#","!' '!%","!) $!&","!* !!'","!","!","!","!","!","!","!","!","!","!","!","!"]},"4550":{"keys":[36,61],"grid":[" "," "," "," .!$"," +!'"," (!*","!% !!,","!","!","!","!","!","!","!","!","!"]}},"2700":{"4405":{"keys":[35,36],"grid":[" "," "," "," "," "," "," "," "," "," "," 0!!","10"," "," "," "," "]},"4406":{"keys":[35,36],"grid":[" "," "," 0!!"," %!-"," $!.","04","04","04"," !!0","!","!","!","!","!","!","!"]},"4550":{"keys":[36,61],"grid":[" "," "," "," "," "," "," +!'"," &!,","!","!","!","!","!","!","!","!"]}},"2703":{"4549":{"keys":[36,61],"grid":[" "," "," "," "," "," "," "," "," "," "," "," "," "," 0!!"," *!("," %!-"]},"4406":{"keys":[35,36],"grid":[" "," "," "," "," ,!# $"," ,!! $!!"," +!# #!#"," +!'","07"," ,!&"," -!%"," !!$ )!%","!& '!&","!' %!'","!( #!(","!"]},"4550":{"keys":[61],"grid":[" "," "," "," "," "," "," "," "," "," "," "," "," "," "," "," "]}},"2656":{"4387":{"keys":[35,36],"grid":[" ","!, &","!. $","!","!","!","!","!","!","!","!","!","!","!","!","!"]},"4386":{"keys":[35,36],"grid":[" "," "," "," "," "," "," "," "," .!$"," -!%","08"," 0!!","11","11"," "," "]}},"2778":{"4576":{"keys":[35,61],"grid":[" "," "," "," "," "," "," "," "," "," "," "," "," ","!! 0","!# /","!$ ."]},"4577":{"keys":[61,35],"grid":[" $!."," %!-"," &!,","02"," '!+","04"," (!*"," )!)"," +!'"," ,!&"," -!%","10"," .!$"," /!#"," 0!!"," "]},"4606":{"keys":[35,61],"grid":[" "," "," "," "," ","!! 0","!# /","06","!$ .","06","06"," "," "," "," "," "]},"4558":{"keys":[35,36],"grid":[" "," "," "," "," "," "," "," "," "," "," "," "," ","!! 0","!$ .","!% -"]},"4559":{"keys":[36,35],"grid":[" &!,"," '!+"," (!*"," *!("," +!'"," ,!&"," -!%"," .!$"," 0!!"," "," "," "," "," "," "," "]},"4578":{"keys":[61,35],"grid":[" "," "," "," "," "," "," "," "," "," "," ","!$ .","!( *","!/ #","!","!"]},"4579":{"keys":[35,61],"grid":[" "," "," "," "," "," "," "," "," "," "," "," "," &!# *"," #!) '","!, &","!- %"]},"4604":{"keys":[61,35],"grid":[" %!-"," $!.","01","01"," #!/","04","04"," !!0","!","!","!","!","!","!","!","!"]},"4544":{"keys":[36,35],"grid":[" !!0","00","!","!","!","!","!","!","!","!","!","!","!","!","!","!"]},"4592":{"keys":[61,35],"grid":[" #!/"," $!."," %!-"," &!,"," '!+"," (!*"," )!)"," .!$"," "," "," "," "," "," "," "," "]},"4593":{"keys":[61,35],"grid":[" "," "," "," "," "," "," "," "," "," "," "," "," "," "," 0!!"," /!#"]},"4590":{"keys":[61],"grid":[" "," "," "," "," "," "," "," "," "," "," "," "," "," "," "," "]},"4591":{"keys":[61,35],"grid":[" 0!!"," .!$"," -!%"," +!'"," )!)"," (!*"," '!+"," &!,"," %!-"," $!."," !!0","!","!","!","!","10"]},"4594":{"keys":[61,35],"grid":[" .!$"," -!%"," ,!&"," +!'"," *!("," )!)","05"," (!*","07"," '!+","09","09"," &!,","12","12"," %!-"]},"4595":{"keys":[61,35],"grid":[" %!-","00","00","00"," $!.","04"," #!/","06"," !!0","08","08","!","!","!","!","!"]},"4599":{"keys":[35,61],"grid":[" "," "," ","!! 0","!# /","04","!$ .","04","04"," "," "," "," "," "," "," "]},"4499":{"keys":[35,36],"grid":[" "," "," "," "," "," "," -!# #"," +!'"," *!("," (!*"," '!+"," %!-"," $!."," !!0","!","!"]},"4561":{"keys":[36,35],"grid":[" -!%"," ,!&","01"," +!'","03"," *!(","!! )!(","!# '!)","!$ &!)","!% $!*","!& #!*","!","!","!","!","!"]},"4560":{"keys":[36,35],"grid":[" "," "," "," "," "," "," "," "," "," "," "," "," 0!!"," /!#"," .!$"," -!%"]},"4541":{"keys":[36],"grid":[" "," "," "," "," "," "," "," "," "," "," "," "," "," "," "," "]},"4543":{"keys":[36,35],"grid":[" )!)","00"," (!*","02"," '!+","04","04"," &!,","07"," %!-","09"," $!.","11"," #!/","13"," !!0"]},"4542":{"keys":[36,35],"grid":[" 0!!","00"," /!#","02","02"," .!$","05"," -!%","07"," ,!&","09"," +!'","11","11"," *!(","14"]},"4602":{"keys":[61,35],"grid":[" +!'"," *!("," )!)"," (!*"," '!+"," &!,"," $!."," #!/","!","!","!","!","!","!","!","!"]},"4603":{"keys":[35,61],"grid":[" "," "," "," "," "," "," "," "," "," "," "," ","!$ .","!% -","13","13"]},"4601":{"keys":[35,61],"grid":[" "," "," "," ","!# /","!% -","!' +","!) )","!+ '","!- %","!. $","10","10","10","09","!, &"]},"4581":{"keys":[61,35],"grid":[" "," "," "," "," "," "," "," 0!!"," /!#"," .!$"," +!'"," )!)"," '!+"," &!,"," %!-"," $!."]},"4580":{"keys":[61,35],"grid":[" .!$"," /!#"," 0!!"," "," "," "," "," "," "," "," "," "," "," "," "," "]},"4583":{"keys":[61,35],"grid":[" 0!!","00","00","00"," "," "," "," "," "," "," "," "," "," "," "," "]},"4582":{"keys":[61,35],"grid":[" #!/"," !!0","!","!","!","!","!","!","!","!# (!("," ,!&"," -!%"," .!$"," /!#","13"," 0!!"]}},"2779":{"4539":{"keys":[36,35],"grid":[" "," "," "," "," "," "," "," "," "," "," "," "," "," 0!!","13"," /!#"]},"4583":{"keys":[35,61],"grid":[" "," "," "," "," "," "," 0!!","!! .!#","!! -!$","!# +!%","!% (!&","!","!","!","!","!"]},"4500":{"keys":[36,35],"grid":[" *!("," +!'"," -!%"," .!$"," /!#"," 0!!"," "," "," "," "," "," "," "," "," "," "]},"4580":{"keys":[35,61],"grid":[" "," "," "," ","!! 0","!# /","!$ .","!% -","!& ,","08","!' +","10","!( *","12","!) )","14"]},"4592":{"keys":[35,61],"grid":[" "," "," "," "," "," "," "," "," ","!# /","!( *","!) )","!* (","11","11","11"]},"4593":{"keys":[61,35],"grid":[" )!)","00","00"," (!*","03","03"," '!+","06"," &!,"," %!-"," $!."," #!/"," !!0","!","!","!"]},"4590":{"keys":[61,35],"grid":[" +!'","00","00","00"," *!(","04","04","04"," )!)"," (!*"," '!+"," &!,"," $!."," #!/"," !!0","!"]},"4560":{"keys":[36,35],"grid":[" '!+","00"," &!,","02","02"," %!-","05"," $!."," #!/"," !!0","!","!","!","!","!","!"]},"4589":{"keys":[61,35],"grid":[" (!*"," )!)","01"," *!(","03","03"," +!'","06","06","06","06","06","06","06","06","06"]},"4585":{"keys":[61,35],"grid":[" /!#"," .!$"," -!%","02","02"," ,!&"," +!'","06"," *!("," )!)"," (!*"," '!+"," &!,"," %!-"," $!.","14"]},"4578":{"keys":[35,61],"grid":[" ","!! 0","01","!# /","03","!$ .","05","05","!% -","08","!& ,","08","08","05"," "," "]},"4559":{"keys":[35,36],"grid":[" "," "," "," "," "," "," "," "," "," ","!! 0","!# /","!% -","!& ,","!' +","14"]},"4541":{"keys":[36,35],"grid":[" (!*"," '!+","01"," &!,","03"," %!-","05"," $!.","07","07"," #!/","10"," !!0","12","!","!"]},"4540":{"keys":[36,35],"grid":[" /!#"," .!$","01"," -!%","03","03"," ,!&","06"," +!'","08"," *!(","10"," )!)","12"," (!*","14"]},"4584":{"keys":[61,35],"grid":[" "," "," "," "," "," "," "," "," "," "," "," "," "," "," 0!!"," /!#"]},"4586":{"keys":[61,35],"grid":[" $!.","00","00","00","00","00","00","00"," %!-","08"," &!,"," '!+","11"," (!*","13"," )!)"]},"4581":{"keys":[61,35],"grid":[" )!)","00","00"," (!*","03"," '!+"," !!0","!","!","!","!","!","!","!","!","!"]},"4587":{"keys":[61,35],"grid":[" )!)"," *!(","01"," +!'","03"," ,!&","03","03","01","01","00","00"," (!*","12","12"," '!+"]},"4499":{"keys":[35,36],"grid":[" "," "," "," "," "," "," "," ","!! 0","!# /","!$ .","!% -","!& ,","!' +","!( *","!) )"]},"4588":{"keys":[61,35],"grid":[" '!+"," &!,","01","01","01","01","01","01","01","01","01","00","00","00"," (!*","14"]}},"2649":{"4383":{"keys":[36,35],"grid":[" /!#"," 0!!"," "," "," "," "," "," "," "," "," "," "," "," "," "," "]},"4382":{"keys":[35,36],"grid":[" "," "," "," "," "," "," "," "," ","!! 0","!# /","10","!) )","!+ '","!. $","!/ #"]}},"2770":{"4497":{"keys":[36,35],"grid":[" '!% '"," "," "," "," "," "," "," "," "," "," "," "," "," "," "," "]},"4496":{"keys":[35,36],"grid":[" "," "," "," "," "," "," ","!# /","!$ .","08","08","08","08","08","!' +","!' &!! $!!"]},"4554":{"keys":[36,61],"grid":[" "," "," "," "," "," "," "," "," "," "," "," "," ","!! 0","!$ .","!& ,"]},"4555":{"keys":[61,36],"grid":[" (!*"," )!)"," +!'"," -!%"," .!$"," 0!!"," "," "," "," "," "," "," "," "," "," "]}},"2771":{"4497":{"keys":[35,36],"grid":[" "," ","!! 0","!+ '","03","!, &","!- %","06","05","05","05","03","03","06","!/ #","!"]},"4560":{"keys":[61,36],"grid":[" .!$"," /!#"," 0!!"," "," "," "," "," "," "," "," "," "," "," "," "," "]},"4558":{"keys":[61,36],"grid":[" +!'","00","00","00"," ,!&","04","04","04","04","04","04"," -!%"," .!$","12","12","12"]},"4559":{"keys":[61,36],"grid":[" .!$","00","00"," -!%","03"," ,!&"," +!'"," *!(","07","07"," )!)","10","10","10","07","06"]},"4556":{"keys":[61,36],"grid":[" 0!!"," "," "," "," "," "," "," "," "," "," "," "," "," "," "," "]},"4557":{"keys":[61,36],"grid":[" "," "," "," "," "," 0!!"," /!#"," .!$","07"," -!%","09","09","09","09","09"," ,!&"]},"4555":{"keys":[36,61],"grid":[" "," "," "," "," "," ","!! 0","!$ .","!% -","!' +","!) )","!+ '","!, &","!- %","!. $","!/ #"]}},"2772":{"4497":{"keys":[35,36],"grid":[" "," "," "," "," "," "," "," "," "," "," "," "," "," )!% %"," %!) %","!- %"]},"4563":{"keys":[61,36],"grid":[" .!$","00"," /!#","02"," 0!!"," "," "," "," "," "," ","04","02","04","04","02"]},"4562":{"keys":[61,36],"grid":[" +!'"," *!("," )!)","01","01","00","00","01","01","01","00"," ,!&"," -!%","12","12"," .!$"]},"4561":{"keys":[61,36],"grid":[" %!-","00"," $!.","02","02","00","00","00"," &!,"," '!+"," (!*"," )!)"," *!(","12"," +!'","14"]},"4560":{"keys":[36,61],"grid":[" "," "," "," ","!! 0","04","04","04","04","!# /","09","09","!$ .","12","12","!% -"]},"4567":{"keys":[61,35],"grid":[" *!("," +!'"," ,!&"," /!! !"," "," "," "," "," "," "," "," "," "," "," "," "]},"4566":{"keys":[61,35],"grid":[" *!("," )!)"," (!*","02","02","02","02","02","02","02","02","02","01","01","01","00"]},"4565":{"keys":[61,35],"grid":[" *!$ %"," "," "," "," "," "," "," "," "," "," "," "," /!#"," ,!&"," +!'"," *!("]},"4564":{"keys":[61,36,35],"grid":[" .!$"," +!'"," )!)","02"," (!*"," '!&#&"," '!%#'"," &!&#'"," &!%#("," &!$#)"," &!##*"," '#+","11","11","11"," (#*"]},"4556":{"keys":[36,61],"grid":[" "," ","!! 0","!# /","!$ .","!% -","!& ,","06","!' +","!( *","!) )","10","10","!* (","13","13"]},"4557":{"keys":[61,36],"grid":[" *!(","00"," %!-"," #!/","!","!","!","!","!","!","!","!","!","!","!","!"]},"4498":{"keys":[36,35],"grid":[" -!%","00","00","00","00"," .!$","05"," /!#"," "," "," "," "," "," "," "," "]}},"2773":{"4555":{"keys":[36,35],"grid":[" )!)"," *!("," +!'"," ,!&"," .!$"," /!#"," 0!!"," "," "," "," "," "," "," "," "," "]},"4563":{"keys":[36,61,35],"grid":[" "," "," "," "," "," "," "," ","!! /#!","!! .##"," .#$"," -#%","11"," ,#&","13"," +#'"]},"4567":{"keys":[35,61],"grid":[" #!/"," !!0","01","!","!","!","!","!","!","!","!","!","!","!","!","!"]},"4566":{"keys":[35,61],"grid":[" "," "," "," "," "," "," "," "," "," "," "," (!) !"," &!,"," %!-"," $!."," #!/"]},"4565":{"keys":[61,35],"grid":[" #!/"," %!-"," &!,"," '!+","03"," (!*","03","03","03","02","01"," !!0","!","!","!","!"]},"4564":{"keys":[36,35],"grid":[" +!'"," *!("," (!*"," &!,"," #!/","!","!","!","!","!","!","!","!","!","!","!"]},"4554":{"keys":[36,35],"grid":[" *!("," )!)","01"," (!*","03"," '!+","05"," &!,","07","07"," %!-","10"," $!.","10","07","03"]},"4568":{"keys":[61,35],"grid":[" "," 0!!","01"," /!#","03","03","03","03","03","03","03","01","01"," "," "," "]},"4553":{"keys":[36,35],"grid":[" "," 0!!","01","01"," /!#","04"," .!$","06"," -!%","08"," ,!&","10"," +!'","12","12"," *!("]},"4499":{"keys":[36,35],"grid":[" )!)","00"," (!*","02","02","00"," *!("," -!%"," /!#"," "," "," "," "," "," "," "]},"4498":{"keys":[35,36],"grid":[" "," "," "," "," "," "," "," $!# ,","!' +","!( *","09","09","09","09","!) )","14"]}},"2774":{"4563":{"keys":[36,35],"grid":[" "," "," "," )!)"," #!/"," !!0","!","!","!","!","!","!","!","!","!","!"]},"4555":{"keys":[35,36],"grid":[" "," "," "," "," "," "," "," ","!! 0","!$ .","!% -","!& ,","!' +","!) )","!* (","!+ '"]},"4550":{"keys":[36,35],"grid":[" "," "," "," "," "," "," "," "," "," "," "," "," "," "," 0!!","14"]},"4570":{"keys":[61,35],"grid":[" *!("," +!'"," ,!&"," "," "," "," "," "," "," "," "," "," "," "," "," "]},"4567":{"keys":[61,35],"grid":[" #!/","00","00","00","00","00","00","00","00","00","00","00","00"," !!0","13","!"]},"4566":{"keys":[35,61],"grid":[" "," "," "," "," "," "," "," "," "," "," "," "," "," ","!! 0","!# /"]},"4556":{"keys":[36,35],"grid":[" ,!&"," -!%"," /!#"," 0!!"," "," "," "," "," "," "," "," "," "," "," "," "]},"4569":{"keys":[35,61],"grid":[" ","!! 0","01","01","01","!# /","05","!$ .","07","!% -","09","!& ,","!' +","12","!( *","!) )"]},"4568":{"keys":[35],"grid":[" "," "," "," "," "," "," "," "," "," "," "," "," "," "," "," "]},"4552":{"keys":[36,35],"grid":[" (!*","00"," '!+","02"," &!,","04"," %!-","06"," $!.","08","08"," #!/","11"," !!0","13","!"]},"4553":{"keys":[35],"grid":[" "," "," "," "," "," "," "," "," "," "," "," "," "," "," "," "]},"4499":{"keys":[35,36],"grid":[" "," "," "," "," "," "," +!$ $"," (!( #"," &!+ !","!! $!-","!","!","!","!","!","!"]},"4551":{"keys":[36,35],"grid":[" /!#","00"," .!$","02","02"," -!%","05"," ,!&","07"," +!'","09"," *!(","11"," )!)","13","13"]}},"2775":{"4570":{"keys":[35,61],"grid":[" "," "," "," ","!# /","!+ '","!, &","!- %","07","!. $","!/ #","10","!0 !","!","!","!"]},"4562":{"keys":[36,35],"grid":[" -!%"," +!'"," *!("," (!*","03"," '!+","05","05"," &!,","08","08","08"," %!-","12","12"," $!."]},"4550":{"keys":[36,35],"grid":[" '!+"," &!,","01"," %!-","03"," $!.","05"," #!/","07","07"," !!0","10","!","!","!","!"]},"4563":{"keys":[36,35],"grid":[" $!."," #!/"," !!0","!","!","!","!","!","!","!","!","!","!","!","!","!"]},"4548":{"keys":[36,35],"grid":[" "," "," "," "," "," "," "," "," "," "," "," 0!!","11"," /!#","13"," .!$"]},"4572":{"keys":[61,35],"grid":[" "," "," 0!!"," /!#","03"," .!$","05","05","05","05","05","05","05"," -!%","13","13"]},"4573":{"keys":[61,35],"grid":[" -!%","00","00","00","00"," .!$","05","05"," /!#","08"," 0!!","10"," "," "," "," "]},"4575":{"keys":[61,35],"grid":[" "," "," "," 0!!","03","03","03"," /!#","03","03"," "," "," "," "," "," "]},"4556":{"keys":[35,36],"grid":[" "," "," "," "," ","!! 0","!# /","!% -","!& ,","!' +","!( *","!) )","!+ '","!, &","!- %","!. $"]},"4557":{"keys":[36,35],"grid":[" /!#"," "," "," "," "," "," "," "," "," "," "," "," "," "," "," "]},"4549":{"keys":[36,35],"grid":[" .!$"," -!%","01","01"," ,!&","04"," +!'","06"," *!(","08"," )!)","10"," (!*","12","12"," '!+"]},"4499":{"keys":[35,36],"grid":[" "," "," "," "," "," "," "," "," "," ","!! 0","10","10","!# /","13","13"]},"4500":{"keys":[36,35],"grid":[" #!/","00"," $!.","02","02","02"," &!,"," -!%"," .!$"," "," "," "," "," "," "," "]}},"2776":{"4546":{"keys":[36,35],"grid":[" "," "," "," "," "," "," "," "," 0!!","08"," /!#","10"," .!$","12"," -!%","14"]},"4576":{"keys":[61,35],"grid":[" (!*"," +!'"," -!%"," .!$"," /!#","03","03","03","03","02","02","02"," ,!&","12","01","01"]},"4548":{"keys":[36,35],"grid":[" %!-","00"," $!.","02"," #!/","04"," !!0","06","06","!","!","!","!","!","!","!"]},"4561":{"keys":[36,35],"grid":[" "," "," "," "," "," "," "," "," 0!!","08"," /!#","10"," .!$"," -!%"," ,!&"," +!'"]},"4570":{"keys":[35,61],"grid":[" "," "," "," "," "," "," "," "," "," "," "," "," "," ","!! 0","14"]},"4571":{"keys":[61,35],"grid":[" #!/","00"," $!.","02"," %!-","04","04"," &!,","04","04","04","02","02","00","00"," !!0"]},"4572":{"keys":[35],"grid":[" "," "," "," "," "," "," "," "," "," "," "," "," "," "," "," "]},"4573":{"keys":[35,61],"grid":[" "," "," "," "," "," "," "," "," "," "," "," "," "," ","!! 0","14"]},"4574":{"keys":[61,35],"grid":[" #!/"," $!."," %!-"," &!,","03","03","03","03","02","02","02","01","01","00"," !!0","14"]},"4597":{"keys":[61,35],"grid":[" "," "," "," "," "," "," "," "," "," "," 0!!","10","10","10","10","10"]},"4562":{"keys":[35,36],"grid":[" '!# )"," "," "," "," "," "," "," "," "," "," "," "," "," "," "," "]},"4577":{"keys":[61,35],"grid":[" *!(","00"," )!)"," (!*","03","03","03","03","03","03","02","00"," ,!# $"," "," "," "]},"4557":{"keys":[35,36],"grid":[" "," ","!! 0","!# /","!$ .","!% -","!' +","!( *","!) )","!* (","!, &","!- %","!. $","!/ #","!0 !","!"]},"4598":{"keys":[61,35],"grid":[" 0!!","00","00","00"," "," "," "," "," "," "," "," "," "," "," "," "]},"4605":{"keys":[61,35],"grid":[" "," "," "," "," "," "," "," "," "," /!#","09","09"," "," "," "," "]},"4575":{"keys":[35,61],"grid":[" "," "," "," "," "," "," "," "," "," "," ","!! 0","!# /","!$ .","!% -","!& ,"]},"4547":{"keys":[36,35],"grid":[" ,!&","00","00"," +!'","03"," *!(","05"," )!)","07"," (!*","09"," '!+","11","11"," &!,","14"]},"4500":{"keys":[35,36],"grid":[" "," "," "," "," "," "," "," "," "," 0!!"," /!#","!$ *!%","!$ )!&","!$ &!)","!% !!,","!"]}},"2777":{"4576":{"keys":[35,61],"grid":[" "," "," "," "," "," "," "," "," "," "," "," "," .!# !"," ,!&"," +!'","14"]},"4558":{"keys":[36,35],"grid":[" #!/"," $!."," %!-"," &!,"," (!*"," )!)"," *!("," +!'"," ,!&"," .!$"," /!#"," 0!!"," "," "," "," "]},"4577":{"keys":[35,61],"grid":[" +!'"," *!(","01"," )!)","03"," (!*","05"," '!+","07"," &!,","09"," %!-","!","!","!","!"]},"4578":{"keys":[61,35],"grid":[" "," "," "," "," "," "," "," "," "," "," "," -!%"," +!'"," *!(","13"," )!)"]},"4579":{"keys":[61,35],"grid":[" (!*","00"," '!+","02"," &!,","04"," %!-","06"," $!.","08","08"," #!/","11"," !!0","13"," !!. #"]},"4602":{"keys":[61,35],"grid":[" "," "," "," "," "," "," "," "," "," 0!!"," .!$"," ,!&"," +!'"," *!("," )!)","14"]},"4544":{"keys":[36,35],"grid":[" "," "," "," "," 0!!","04"," /!#","06"," .!$","08","08"," -!%","11"," ,!&","13"," +!'"]},"4591":{"keys":[61],"grid":[" "," "," "," "," "," "," "," "," "," "," "," "," "," "," "," "]},"4596":{"keys":[61,35],"grid":[" /!#","00","00","00","00","00","00"," .!$","07","07"," -!%","10"," ,!&"," +!'","13"," *!("]},"4597":{"keys":[61,35],"grid":[" )!)","00"," (!*"," &!,"," $!."," #!/"," !!0","!","!","!","!","!","!","!","!","!"]},"4595":{"keys":[61,35],"grid":[" "," "," "," "," "," "," "," "," "," "," "," "," 0!!","12"," /!#","14"]},"4598":{"keys":[35,61],"grid":[" "," "," "," "," "," "," ","!! 0","07","07","!# /","10","!$ .","!& ,","!) )","!+ '"]},"4599":{"keys":[61,35],"grid":[" -!%"," /!#"," "," "," "," "," "," "," "," "," 0!!","01"," .!$","00"," ,!&"," *!("]},"4499":{"keys":[35,36],"grid":[" "," "," "," "," "," "," "," "," "," "," "," "," "," "," "," /!#"]},"4561":{"keys":[36,35],"grid":[" "," '!# )"," $!* %"," !!. #"," !!/ !"," !!0","!","!","!","!","!","!","!","!","!","!"]},"4500":{"keys":[35,36],"grid":[" .!$"," ,!&"," +!'"," )!)"," (!*"," &!,"," %!-"," #!/"," !!0","!","!","!","!","!","!","!"]},"4606":{"keys":[61,35],"grid":[" *!("," ,!&"," .!$"," /!#"," 0!!"," "," "," "," "," "," "," +!'","00"," )!)"," (!*"," '!+"]},"4607":{"keys":[61,35],"grid":[" '!+","00","00"," )!)"," *!("," +!'","05","05","05","05","05","05","04","04","03","03"]},"4604":{"keys":[61,35],"grid":[" "," "," "," "," "," "," "," "," "," "," 0!!","10","10"," /!#","13","13"]},"4605":{"keys":[61,35],"grid":[" .!$"," -!%"," ,!&","02"," +!'"," *!("," '!+"," %!-"," !!0","!","!","!","08","07"," &!,"," (!*"]},"4545":{"keys":[36,35],"grid":[" +!'"," *!(","01"," )!)","03","03"," (!*","06"," '!+","08"," &!,","10"," %!-","12","12"," $!."]},"4603":{"keys":[61,35],"grid":[" (!*","00","00","00","00","00"," )!)"," *!("," +!'"," ,!&"," .!$"," "," "," "," "," "]},"4600":{"keys":[61,35],"grid":[" *!("," )!)","01","01","01","01","01","00","00","00"," +!'","10"," ,!&","12","12"," -!%"]},"4546":{"keys":[36,35],"grid":[" $!."," #!/","01"," !!0","03","!","!","!","!","!","!","!","!","!","!","!"]},"4601":{"keys":[61,35],"grid":[" .!$"," /!#"," 0!!"," "," "," "," "," "," "," "," "," "," "," "," "," "]},"4557":{"keys":[35,36],"grid":[" "," "," "," "," "," "," "," "," "," "," "," "," "," "," ","!! 0"]},"4580":{"keys":[61,35],"grid":[" #!* &"," "," "," "," "," "," "," "," "," "," "," "," "," "," "," "]},"4582":{"keys":[61,35],"grid":[" "," "," "," 0!!"," /!#"," .!$","05","05","05","04"," "," "," "," "," "," "]}},"2766":{"4552":{"keys":[36,61],"grid":[" "," "," "," "," "," "," "," "," "," "," ","!# /","!% -","!' +","!) )","!+ '"]},"4489":{"keys":[36,35],"grid":[" &!,","00","00","00","00"," +!'"," ,!&","06"," '!# $!&","00","00","00"," '!+"," )!)"," *!("," (!*"]},"4479":{"keys":[36,35],"grid":[" %!-"," $!.","01"," #!/","03"," !!0","05","05","!","!","!","!","!","!","!","!"]},"4478":{"keys":[36,35],"grid":[" "," "," "," "," "," "," .!$"," ,!&"," *!(","08"," )!)","10"," (!*"," '!+"," &!,"," %!-"]},"4487":{"keys":[35],"grid":[" "," "," "," "," "," "," "," "," "," "," "," "," "," "," "," "]},"4491":{"keys":[36,35],"grid":[" (!*","00","00","00"," )!% %"," "," "," "," "," "," "," "," "," "," "," "]},"4490":{"keys":[36,35],"grid":[" '!+","00","00","00","00","00","00"," &!,","07","07","07","00"," )!)","12","12","12"]},"4472":{"keys":[35,36],"grid":[" "," "," "," 0!!"," .!$"," -!%"," +!'"," )!)"," (!*","!","!","!","!","!","!","!"]},"4488":{"keys":[35,36],"grid":[" "," ","!! 0","!# /","!$ .","!& ,","!* (","!) )","07","!( *","!' +","10","05","05","05","05"]},"4553":{"keys":[61,36],"grid":[" ,!&"," .!$"," 0!!"," "," "," "," "," "," "," "," "," "," "," "," "," "]}},"2785":{"4519":{"keys":[36,35],"grid":[" "," "," "," 0!!","03","03","03"," /!#","07","07"," .!$","10","10"," -!%","13","13"]},"4513":{"keys":[35,36],"grid":[" "," ","!! 0","02","!# /","04","!$ .","06","!% -","08","!& ,","10","10","!' +","13","13"]},"4522":{"keys":[36,35],"grid":[" #!/","00"," !!0","02","02","!","!","!","!","!","!","!","!","!","!","!"]},"4514":{"keys":[36,35],"grid":[" '!+"," (!*","01","01"," )!)","04","04","04"," *!(","08","08"," +!'","11","11"," ,!&","14"]},"4520":{"keys":[36,35],"grid":[" -!%"," ,!&","01","01"," +!'","04","04"," *!(","07","07","07"," )!)","11","11"," (!*","14"]},"4521":{"keys":[36,35],"grid":[" (!*"," '!+","01","01","01"," &!,","05","05"," %!-","08","08"," $!.","11","11","11"," #!/"]},"4515":{"keys":[36,35],"grid":[" ,!&","00"," -!%","02","02"," .!$","05","05","05"," /!#","09"," 0!!"," "," "," "," "]}},"2784":{"4524":{"keys":[36,35],"grid":[" )!)","00","00"," (!*","03","03","03"," '!+","07","07"," &!,","10","10"," %!-","13","13"]},"4512":{"keys":[36,35],"grid":[" (!*"," )!)","01"," *!(","03"," +!'","05"," ,!&","07"," -!%"," .!$","10"," /!#","12"," 0!!","14"]},"4513":{"keys":[36],"grid":[" "," "," "," "," "," "," "," "," "," "," "," "," "," "," "," "]},"4525":{"keys":[36,35],"grid":[" %!-"," $!.","01","01"," #!/","04","04"," !!0","07","07","07","!","!","!","!","!"]},"4511":{"keys":[35,36],"grid":[" "," "," ","!! 0","03","!# /","05","!$ .","07","!% -","09","!& ,","11","!' +","13","!( *"]},"4523":{"keys":[36,35],"grid":[" .!$","00","00"," -!%","03","03"," ,!&","06","06"," +!'","09","09","09"," *!(","13","13"]},"4522":{"keys":[36,35],"grid":[" "," "," "," "," "," "," "," "," "," 0!!","09","09"," /!#","12","12"," .!$"]}},"2787":{"4518":{"keys":[36,35],"grid":[" "," "," &!,","!","!","!","!","!","!","!","!","!","!","!","!","!"]},"4516":{"keys":[35,36],"grid":[" "," "," "," "," "," "," "," "," "," "," "," "," "," ","!! 0","!# /"]},"4517":{"keys":[36,35],"grid":[" $!."," %!-"," &!,"," '!+"," ,!$ #"," "," "," "," "," "," "," "," "," "," "," "]}},"2786":{"4518":{"keys":[36,35],"grid":[" "," "," "," ,!&"," %!-","04"," $!.","06","06","06"," #!/","10","10"," !!0","13","13"]},"4519":{"keys":[35],"grid":[" "," "," "," "," "," "," "," "," "," "," "," "," "," "," "," "]},"4516":{"keys":[36,35],"grid":[" %!-"," &!,"," '!+"," (!*"," )!)"," *!("," +!'","06"," ,!&"," -!%"," .!$"," /!#"," 0!!"," "," "," "]},"4515":{"keys":[35,36],"grid":[" "," "," "," "," "," "," "," "," "," "," "," "," ","!! 0","!# /","!$ ."]}},"2781":{"4534":{"keys":[36,35],"grid":[" )!)"," "," "," "," "," "," "," "," "," "," "," "," "," "," "," "]},"4537":{"keys":[36,35],"grid":[" "," "," "," "," "," !!0","05","!","!","!","!","!","!","!","!","!"]},"4532":{"keys":[36,35],"grid":[" "," "," "," "," "," "," "," "," 0!!","08","08","08"," /!#","12","12"," .!$"]},"4533":{"keys":[36,35],"grid":[" .!$","00"," -!%","02","02","02"," ,!&","06","06"," +!'","09","09"," *!(","12","12","12"]},"4505":{"keys":[36,35],"grid":[" .!$"," /!#","01"," "," "," "," "," "," "," "," "," "," "," "," "," "]},"4504":{"keys":[36,35],"grid":[" $!.","00"," %!-","02"," &!,"," )!)"," +!'","06"," ,!&","08","08"," -!%","11","11"," .!$","14"]},"4501":{"keys":[35,36],"grid":[" "," "," "," "," "," ","!! 0","!# /","!$ .","!& ,","!' +","!( *","!) )","!* ("," $!( '"," '!& &"]},"4503":{"keys":[36,35],"grid":[" $!."," #!/","01","01"," $!! #!+"," '!+","05"," &!,","07","07"," %!-","10","00","01","01","01"]},"4502":{"keys":[35,36],"grid":[" +!# %"," "," ","!! 0","03","03","!# /","06","03"," !!$ -","!$ .","10","03","10","!& ,","!% -"]}},"2780":{"4538":{"keys":[36,35],"grid":[" -!%","00"," ,!&","02"," +!'","04","04"," *!(","07"," )!)","09"," (!*","11"," '!+","13"," &!,"]},"4539":{"keys":[36,35],"grid":[" &!,","00"," %!-","02"," $!.","04"," #!/","06"," !!0","08","08","!","!","!","!","!"]},"4537":{"keys":[36,35],"grid":[" "," "," "," "," "," "," "," "," "," 0!!","09"," /!#","11","11"," .!$","14"]},"4501":{"keys":[36,35],"grid":[" ,!&"," -!%"," .!$"," /!#"," 0!!"," "," "," "," "," "," "," "," "," ","03","03"]},"4500":{"keys":[35,36],"grid":[" "," "," "," "," "," "," ","!! 0","!# /","!$ .","!% -","!& ,","!' +","!( *","!* (","!+ '"]},"4502":{"keys":[36,35],"grid":[" /!#","00"," 0!!"," "," "," "," "," "," "," "," "," "," "," "," "," "]},"4584":{"keys":[61,35],"grid":[" $!.","00","00"," %!-"," &!,","04"," '!+","04","03","00"," #!/","10"," !!0","!","!","!"]},"4583":{"keys":[35,61],"grid":[" "," "," "," "," ","!$ .","!% -","!& ,","07","07","07","07","06","06","05","05"]}},"2783":{"4536":{"keys":[35,36],"grid":[" "," "," "," "," ","!! 0","05","05","05","05","05","05","!# /","05","05"," "]},"4529":{"keys":[35],"grid":[" "," "," "," "," "," "," "," "," "," "," "," "," "," "," "," "]},"4528":{"keys":[36,35],"grid":[" &!,","00","00"," %!-","03","03"," $!.","06","06"," #!/","09","09","09"," !!0","13","13"]},"4527":{"keys":[36,35],"grid":[" +!'","00"," *!(","02","02"," )!)","05","05","05"," (!*","09","09"," '!+","12","12"," &!,"]},"4526":{"keys":[36,35],"grid":[" 0!!"," /!#","01","01","01"," .!$","05","05"," -!%","08","08"," ,!&","11","11","11"," +!'"]},"4525":{"keys":[36,35],"grid":[" "," "," "," "," "," "," "," "," "," "," "," "," "," "," 0!!","14"]},"4511":{"keys":[36,35],"grid":[" 0!!","00"," "," "," "," "," "," "," "," "," "," "," "," "," "," "]},"4510":{"keys":[36,35],"grid":[" (!*","00"," )!)","02"," *!(","04"," +!'","06"," ,!&","08"," -!%","10"," .!$","12"," /!#","14"]},"4507":{"keys":[35,36],"grid":[" "," "," "," "," "," "," "," "," ","!! 0","!# /","!$ .","!% -","!& ,","!' +","14"]},"4509":{"keys":[35,36],"grid":[" "," "," "," "," ","!! 0","05","!# /","07","!$ .","!% -","10","!& ,","12","!' +","14"]},"4508":{"keys":[36,35],"grid":[" '!+","00","00","00","00","00","!","!","!","!","!","!","!","!","!","!"]}},"2782":{"4529":{"keys":[36,35],"grid":[" "," "," "," 0!!","03","03"," /!#","06","06","06"," .!$","10","10"," -!%","13","13"]},"4534":{"keys":[35,36],"grid":[" ","!* (","01","01","01","01","01","01","01","01","01","01","01","01","01","01"]},"4535":{"keys":[36,35],"grid":[" *!(","00","00","00","00","00","00","00","00","00","00","00","00","00","00"," +!'"]},"4536":{"keys":[36,35],"grid":[" .!$"," /!#","01"," 0!!"," "," "," "," "," "," "," "," "," "," "," "," "]},"4537":{"keys":[36,35],"grid":[" 0!!","00"," /!#"," .!$"," $!.","!","!","!","!","!","!","!","!","!","!","!"]},"4530":{"keys":[36,35],"grid":[" ,!&","00","00","00"," +!'","04","04"," *!(","07","07"," )!)","10","10","10"," (!*","14"]},"4531":{"keys":[36,35],"grid":[" (!*"," '!+","01","01"," &!,","04","04","04"," %!-","08","08"," $!.","11","11"," #!/","14"]},"4532":{"keys":[36,35],"grid":[" #!/","00"," !!0","02","02","!","!","!","!","!","!","!","!","!","!","!"]},"4505":{"keys":[35,36],"grid":[" "," "," ","!# /","03","!$ .","05","05","!% -","08","08","!& ,","!' +","!* (","!+ '","!- %"]},"4507":{"keys":[36,35],"grid":[" *!("," +!'"," ,!&"," -!%"," .!$"," /!#","05"," 0!!"," "," "," "," "," "," "," "," "]},"4506":{"keys":[36,35],"grid":[" .!$","00"," -!%","02","02","02"," ,!&","06","06","06"," +!'","10","10","10"," *!(","14"]},"4509":{"keys":[36,35],"grid":[" /!#"," 0!!","01"," "," "," "," "," "," "," "," "," "," "," "," "," "]},"4508":{"keys":[36,35],"grid":[" "," "," "," "," "," "," *!("," +!'","07"," ,!&","09"," -!%","11"," .!$","13"," /!#"]}},"2788":{"4518":{"keys":[36,35],"grid":[" +!'","!","!","!","!","!","!","!","!","!","!","!","!","!","!","!"]},"4517":{"keys":[35,36],"grid":[" "," "," "," "," ","!! 0","05","05","!# /","!$ .","09","09","!% -","!' +","!* (","14"]}},"2666":{"4392":{"keys":[35,36],"grid":[" "," "," "," "," "," "," "," "," "," "," "," "," "," '!! *"," $!( '"," $!+ $"]},"4393":{"keys":[35,36],"grid":[" #!, $"," !!. #","01","!. $","03","!- %","05","05","05","03","03","!/ #","11","11","!0 !","14"]},"4394":{"keys":[36],"grid":[" "," "," "," "," "," "," "," "," "," "," "," "," "," "," "," "]}},"2667":{"4394":{"keys":[35,36],"grid":[" "," "," ","!! 0","03","!# /","!& ,","!( *","!* (","!+ '","!, %!!","10","!. #!!","!","!","!"]}},"2664":{"4390":{"keys":[35,36],"grid":[" "," "," "," "," "," "," "," "," "," ","!$ .","!& ,","11","!' +","!( *","!) )"]},"4391":{"keys":[36,35],"grid":[" .!$"," /!#","01","01","00","00","00","00","01"," 0!!"," "," "," "," "," "," "]}},"2665":{"4391":{"keys":[35,36],"grid":[" "," "," "," "," "," "," "," "," "," "," ","!! 0","!# /","!$ .","13","!% -"]},"4392":{"keys":[36,35],"grid":[" %!-","00","00"," &!,","03"," *!("," +!'"," ,!&"," .!$"," 0!!"," "," ","09"," /!#","08","08"]},"4393":{"keys":[36,35],"grid":[" .!$","00"," /!#"," 0!!"," "," "," "," "," "," "," "," "," "," "," "," "]}},"2662":{"4390":{"keys":[36,35],"grid":[" $!.","00"," #!/","02"," !!0","04","02","02","02"," $!( #!%"," %!' #!%"," .!$","11","11"," -!%","11"]},"4391":{"keys":[36],"grid":[" "," "," "," "," "," "," "," "," "," "," "," "," "," "," "," "]},"4389":{"keys":[35,36],"grid":[" "," "," "," "," "," "," "," "," "," "," "," "," "," ","!# /","!$ ."]}},"2663":{"4390":{"keys":[35,36],"grid":[" "," "," "," "," "," "," "," "," "," "," 0!!"," .!$"," &!! '!%"," %!% $!&"," $!& $!&"," #!' $!&"]},"4391":{"keys":[36,35],"grid":[" )!$ &"," *!! '"," "," "," "," "," "," "," "," "," "," "," "," "," "," "]}},"2660":{"4388":{"keys":[36,35],"grid":[" *!("," ,!$ #"," "," "," "," "," "," "," "," "," "," "," "," "," "," "]},"4387":{"keys":[36,35],"grid":[" (!& $!!"," "," "," "," 0!!"," .!$"," -!%"," +!'"," *!("," )!)","09","09","09","09","08","08"]},"4386":{"keys":[35,36],"grid":[" "," "," "," "," "," ","!% -","06","!& ,","08","08","06","06","!$ .","!# /","13"]}},"2661":{"4389":{"keys":[36,35],"grid":[" -!%","00"," .!$","02","00","02"," /!#"," 0!!","07","07","07","06","06","06"," "," "]},"4388":{"keys":[35,36],"grid":[" ","!# /","!$ .","!% -","!& ,","04","!' +","!( *","07","07","!) )","10","10","!* (","!, &","14"]},"4387":{"keys":[35],"grid":[" "," "," "," "," "," "," "," "," "," "," "," "," "," "," "," "]}},"2668":{"4394":{"keys":[35,36],"grid":[" "," "," "," "," "," !!# .","05","!% &!% #!!","!& %!(","!' $!(","!( #!(","!","!","!","!","!"]}},"2669":{"4393":{"keys":[35],"grid":[" "," "," "," "," "," "," "," "," "," "," "," "," "," "," "," "]},"4394":{"keys":[35,36],"grid":[" 0!!"," /!#"," .!$"," &!,"," %!-","04","!! $!-","!","!","!","!","!","!","!","!","!"]}},"2769":{"4496":{"keys":[36,35],"grid":[" /!#","00","00","00","00","00"," "," "," "," "," "," "," "," "," "," "]},"4495":{"keys":[36,35],"grid":[" $!."," &!,","01","01","01"," '!+"," (!*"," )!)","07","06","06","05","06"," /!#","13","13"]},"4494":{"keys":[35],"grid":[" "," "," "," "," "," "," "," "," "," "," "," "," "," "," "," "]},"4471":{"keys":[35,36],"grid":[" "," "," "," "," "," "," "," "," "," "," "," "," "," "," ","!! 0"]},"4554":{"keys":[36,61],"grid":[" "," "," "," "," "," ","!# /","!& ,","!) )","!+ '","!- %","!/ #","!","!","!","!"]},"4472":{"keys":[36,35],"grid":[" #!/","00"," $!."," %!-","03","03","03","03","03","03","03","03","03","03","02","02"]},"4473":{"keys":[36,35],"grid":[" $!.","00","00","00","00"," #!/","05","05","05","05","00","00"," !!0","!","!","!"]}},"2768":{"4553":{"keys":[36,61],"grid":[" "," "," "," "," "," "," "," "," "," "," "," ","!! 0","!# /","!% -","!' +"]},"4495":{"keys":[36],"grid":[" "," "," "," "," "," "," "," "," "," "," "," "," "," "," "," "]},"4494":{"keys":[36,35],"grid":[" %!-"," &!,","01"," (!*"," )!)","04"," *!("," +!'"," ,!&"," .!$"," /!#"," 0!!","10","10","10","11"]},"4493":{"keys":[35,36],"grid":[" "," "," "," "," "," "," "," "," "," "," ","!! 0","!# /","12","!$ .","!% -"]},"4554":{"keys":[61,36],"grid":[" (!*"," *!("," ,!&"," -!%"," /!#"," "," "," "," "," "," "," "," "," "," "," "]},"4471":{"keys":[35,36],"grid":[" "," "," "," .!! #"," -!# #"," !!! *!$ #","!% $!( #","!/ #","07","!0 !","09","09","09","09","!","!"]},"4473":{"keys":[36,35],"grid":[" "," "," "," "," "," "," "," "," "," "," "," "," "," 0!!"," .!$"," ,!&"]},"4475":{"keys":[36,35],"grid":[" !!0","00"," #!/","02","02"," $!.","05","05"," %!-","08","08"," &!,","11"," '!+","13"," (!*"]},"4474":{"keys":[36,35],"grid":[" +!'"," (!*"," '!+","02","02","02","02"," &!,","07"," %!-","09","09"," $!.","12"," #!/","14"]},"4477":{"keys":[36,35],"grid":[" (!*"," '!+","01"," &!,"," %!-"," $!."," #!/","!","!","!","!","!","!","!","!","!"]},"4476":{"keys":[36,35],"grid":[" (!*"," )!)"," *!(","02","02","02","02"," +!'","07","02","02","02","01","01","00","00"]}},"2699":{"4406":{"keys":[35,36],"grid":[" "," "," "," "," "," "," "," "," !!$ -","!","!","!","!","!","!","!"]},"4550":{"keys":[36,61],"grid":[" "," "," "," "," "," "," "," "," 0!!"," *!("," %!-","!","!","!","!","!"]}},"2763":{"4472":{"keys":[35,36],"grid":[" "," "," "," "," "," ","!% -","!","!","!","!","!","!","!","!","!"]},"4551":{"keys":[36,61],"grid":[" "," "," ","!! 0","!$ .","!& ,","!( *","!+ '","!- %","!/ #","!0 !","!","!","!","!","!"]}},"2762":{"4472":{"keys":[35,36],"grid":[" "," "," "," "," "," ","!","!","!","!","!","!","!","!","!","!"]},"4550":{"keys":[36,61],"grid":[" "," "," "," "," "," "," "," "," "," "," "," ","!$ .","!& ,","!( *","!* ("]},"4551":{"keys":[61,36],"grid":[" ,!&"," .!$"," 0!!"," "," "," "," "," "," "," "," "," "," "," "," "," "]}},"2761":{"4472":{"keys":[35,36],"grid":[" "," "," "," "," ","!","!","!","!","!","!","!","!","!","!","!"]},"4550":{"keys":[36,61],"grid":[" "," "," "," ","!# /","!$ .","!& ,","!( *","!) )","!+ '","!. $","!","!","!","!","!"]}},"2760":{"4549":{"keys":[36,61],"grid":[" "," "," "," "," "," "," "," "," "," ","!! 0","!$ .","!& ,","!' +","!) )","!+ '"]},"4472":{"keys":[35,36],"grid":[" "," "," "," ","!, &","!","!","!","!","!","!","!","!","!","!","!"]},"4550":{"keys":[61,36],"grid":[" ,!&"," .!$"," 0!!"," "," "," "," "," "," "," "," "," "," "," "," "," "]}},"2767":{"4478":{"keys":[36,35],"grid":[" &!,","00"," %!-","02"," #!/","!","!","!","!","!","!","!","!","!","!","!"]},"4493":{"keys":[36,35],"grid":[" %!-"," '!+"," (!*"," )!)"," +!'"," ,!&"," -!! !!#"," /!#","07","07","07","07"," "," "," "," "]},"4492":{"keys":[36,35],"grid":[" #!/","00","00","00","00","00","00","00"," $!.","08","08","08","08","08","08","08"]},"4491":{"keys":[35,36],"grid":[" "," "," !!$ -","!' +","03","03","03","!& ,","07","!% -","09","!$ .","11","11","!# /","14"]},"4471":{"keys":[35,36],"grid":[" "," "," &!# *"," &!$ )"," &!& '"," &!' &"," &!) !!#"," &!,"," %!-","08","08","08","08","08"," $!.","14"]},"4472":{"keys":[35,36],"grid":[" #!/"," !!0","!","!","!","!","!","!","!","!","!","!","!","!","!","!"]},"4553":{"keys":[36,61],"grid":[" "," "," ","!! 0","!$ .","!& ,","!' +","!) )","!+ '","!- %","!. $","!0 !","!","!","!","!"]},"4477":{"keys":[36,35],"grid":[" "," "," "," "," "," "," "," "," /!#"," -!%"," +!'"," )!)"," '!+","12","12"," &!,"]}},"2609":{"4358":{"keys":[36,35],"grid":[" +!'","00","00"," ,!&","03","03","03"," -!%","07","07","07"," .!$","11","11","11","11"]},"4359":{"keys":[36,35],"grid":[" .!$","00","00","00"," /!#","04","04"," 0!!"," "," "," "," "," "," "," "," "]},"4354":{"keys":[35,36],"grid":[" "," "," "," "," "," "," "," "," "," "," "," "," "," "," ","!! 0"]},"4355":{"keys":[36,35],"grid":[" #!/"," %!-"," +!'"," "," "," "," "," "," "," "," '!) #"," &!,","11","11","11","11"]},"4356":{"keys":[36,35],"grid":[" &!,","00","00","00","00"," '!+","05","05","05","05","05"," (!*","11","11","11","11"]},"4357":{"keys":[36,35],"grid":[" (!*","00"," )!)","02","02","02","02","02"," *!(","08","08","08","08","08","08"," +!'"]},"4352":{"keys":[35,36],"grid":[" "," &!# *"," #!( (","!+ '","!, &","04","!- %","04","04","03","03","!) )"," "," "," "," "]}},"2765":{"4484":{"keys":[36,35],"grid":[" '!+","00","00","00"," &!,","04","04","04","00"," (!*"," )!)"," *!("," +!'"," ,!&","12","11"]},"4479":{"keys":[36,35],"grid":[" "," "," "," "," "," "," "," "," "," "," 0!!","10"," /!#","12","12"," .!$"]},"4485":{"keys":[36,35],"grid":[" )!)"," ,!&"," +!'","02"," *!(","01","01","02","04","02","02","02","02","02","04","04"]},"4486":{"keys":[36,35],"grid":[" *!(","00","00","00"," ,!&","04"," +!'","06","00"," )!)"," '!+"," (!*","09","09","09","11"]},"4487":{"keys":[36,35],"grid":[" (!*"," '!+","00"," )!! %!$"," .!$"," -!%","05","05"," ,!&","08","08","08","08","05"," "," "]},"4480":{"keys":[36,35],"grid":[" .!$"," -!%","01"," ,!&","03"," +!'","05","03","03","03","03","03","03","03","03","05"]},"4481":{"keys":[36,35],"grid":[" +!'","00","00"," *!(","03","03"," )!)","06","06","06","06","06","06","03","03","03"]},"4482":{"keys":[36,35],"grid":[" *!(","00"," )!)","02","02","02"," (!*","06","06","06","06","02","00","00","00","00"]},"4483":{"keys":[36,35],"grid":[" +!'","00","00","00","00","00","00"," ,!&"," -!%","08","07"," (!*","11","11","11"," '!+"]},"4472":{"keys":[35,36],"grid":[" "," "," "," "," "," "," "," ","!. $","!","!","!","!","!","!","!"]},"4552":{"keys":[36,61],"grid":[" "," "," "," "," ","!# /","!& ,","!( *","!+ '","!- %","!0 !","!","!","!","!","!"]}},"2764":{"4472":{"keys":[35,36],"grid":[" "," "," "," "," "," "," ","!) )","!","!","!","!","!","!","!","!"]},"4552":{"keys":[61,36],"grid":[" *!("," ,!&"," -!%"," /!#"," "," "," "," "," "," "," "," "," "," "," "," "]},"4551":{"keys":[36,61],"grid":[" "," "," "," "," "," "," "," "," "," "," ","!! 0","!$ .","!% -","!' +","!( *"]}},"2646":{"4381":{"keys":[35,36],"grid":[" "," "," "," "," "," "," ","!& ,","!+ '","!- %","!. $","!/ #","!0 !","!","!","!"]}},"2647":{"4382":{"keys":[36,35],"grid":[" /!#"," 0!!","01","01","01","01","01"," "," "," "," "," "," "," "," "," "]},"4381":{"keys":[35,36],"grid":[" "," "," "," "," "," "," "," "," "," "," "," "," "," ","!$ .","!, &"]}},"2691":{"4406":{"keys":[35,36],"grid":[" "," "," "," "," "," /!#","05"," $!! *!$"," $!# %!("," $!."," &!,","!$ !!-","!","!","!","!"]},"4551":{"keys":[36,61],"grid":[" "," "," "," "," "," "," "," "," "," "," "," "," "," !!' *","!- $!!","!"]}},"2671":{"4394":{"keys":[35,36],"grid":[" "," "," "," "," "," "," "," "," "," "," $!% *"," #!' )"," !!( )","!' +","!% -","!$ ."]},"4395":{"keys":[36,35],"grid":[" $!."," #!/","01","01","00"," %!-"," &!,"," (!*"," ,!&"," .!$"," 0!!"," "," "," "," "," "]}},"2670":{"4393":{"keys":[35,36],"grid":[" "," "," "," "," "," "," "," "," "," $!% *"," #!' )"," !!( )","11"," !!' *","!' +","!& ,"]},"4394":{"keys":[36,35],"grid":[" &!,"," %!-"," &!$ &!$"," .!$","03","03","03"," -!%","07","07","07","03"," /!#"," "," "," "]}},"2673":{"4395":{"keys":[35,36],"grid":[" "," "," "," "," "," "," "," "," "," "," "," "," "," "," "," #!$ ,"]},"4396":{"keys":[35,36],"grid":[" !!% ,","!' +","!) )","!* (","!+ %!#","!","!","!","!","!","!","!","!","!","!","!"]},"4606":{"keys":[36,61],"grid":[" #!/","00"," !!0","02","02","02","!","!","!","!","!","!","!","!","!","!"]},"4604":{"keys":[36,61],"grid":[" ,!&","00"," +!'","02","02"," *!(","05","05","05"," )!)","09","09"," (!*","12","12","12"]},"4605":{"keys":[36,61],"grid":[" '!+","00","00","00"," &!,","04","04","04"," %!-","08","08"," $!.","11","11","11"," #!/"]},"4602":{"keys":[36],"grid":[" "," "," "," "," "," "," "," "," "," "," "," "," "," "," "," "]},"4603":{"keys":[36,61],"grid":[" "," 0!!","01","01"," /!#","04","04"," .!$","07","07","07"," -!%","11","11"," ,!&","14"]}},"2672":{"4606":{"keys":[36,61],"grid":[" "," "," "," "," "," "," "," "," "," 0!!","09","09"," /!#","12","12","12"]},"4607":{"keys":[36,61],"grid":[" .!$","00","00"," -!%","03","03"," ,!&","06","06"," +!'","09","09"," *!(","12","12","12"]},"4395":{"keys":[35,36],"grid":[" "," "," "," "," "," "," "," "," "," "," ","!! 0","!$ .","!& ,","!) )","!* ("]},"4396":{"keys":[36,35],"grid":[" +!'"," ,!&"," "," "," "," "," "," "," "," "," "," "," "," "," "," "]}},"2675":{"4396":{"keys":[35,36],"grid":[" "," "," "," ","!% -","04","04","04","04","04","04","04","!& ,","!' +","!( *","!) )"]},"4397":{"keys":[36,35],"grid":[" *!("," +!'"," +!& !","02"," ,!$ #"," ,!# $"," "," "," "," "," "," "," "," "," "," "]},"4596":{"keys":[36,61],"grid":[" "," "," "," "," "," "," "," "," "," "," "," "," "," "," 0!!","14"]},"4597":{"keys":[36,61],"grid":[" 0!!","00"," /!#","02","02"," .!$","05","05"," -!%","08","08"," ,!&","11","11"," +!'","14"]},"4598":{"keys":[36,61],"grid":[" +!'"," *!(","01","01"," )!)","04","04"," (!*","07","07"," '!+","10","10"," &!,","13","13"]},"4599":{"keys":[36,61],"grid":[" %!-","00","00"," $!.","03","03"," #!/","06","06"," !!0","09","09","!","!","!","!"]}},"2674":{"4395":{"keys":[35,36],"grid":[" "," "," "," "," "," "," "," "," "," "," "," %!! ,"," #!% +"," #!% %!# %"," #!% #!& $"," #!- #"]},"4396":{"keys":[35,36],"grid":[" $!+ $","00"," #!+ %"," !!+ &","!, &","04","!- $!!","!","!","!","!","!","!","!","!","!"]},"4599":{"keys":[36,61],"grid":[" "," "," "," "," "," "," "," "," "," "," "," "," "," "," "," 0!!"]},"4602":{"keys":[36,61],"grid":[" &!,"," %!-","01","01"," $!.","04","04"," #!/","07","07"," !!0","10","10","10","!","!"]},"4600":{"keys":[36,61],"grid":[" 0!!","00"," /!#","02","02","02"," .!$","06","06"," -!%","09","09"," ,!&","12","12"," +!'"]},"4601":{"keys":[36,61],"grid":[" +!'","00"," *!(","02","02"," )!)","05","05"," (!*","08","08"," '!+","11","11"," &!,","14"]}},"2677":{"4592":{"keys":[36,61],"grid":[" )!)","00","00"," (!*","03","03"," '!+","06","06","06"," &!,","10"," %!-","12","12","12"]},"4593":{"keys":[36,61],"grid":[" $!.","00","00"," #!/","03","03"," !!0","06","06","!","!","!","!","!","!","!"]},"4590":{"keys":[36,61],"grid":[" "," "," "," "," "," "," "," "," "," "," 0!!","10","10","10"," /!#","14"]},"4591":{"keys":[36,61],"grid":[" /!#"," .!$","01"," -!%","03","03","03"," ,!&","07","07"," +!'","10","10"," *!(","13","13"]},"4397":{"keys":[35,36],"grid":[" "," "," "," "," "," "," "," "," 0!!"," %!$ (!#"," $!& #!! $!#","!! #!% #!$ #!#","!' #!% #!#","12","!- #!#","!"]}},"2676":{"4593":{"keys":[36,61],"grid":[" "," "," "," "," "," "," "," "," "," "," "," "," 0!!","12","12"," /!#"]},"4595":{"keys":[36,61],"grid":[" *!(","00"," )!)","02","02"," (!*","05","05"," '!+","08","08","08"," &!,","12","12"," %!-"]},"4596":{"keys":[36,61],"grid":[" %!-","00"," $!.","02","02"," #!/","05","05"," !!0","08","08","!","!","!","!","!"]},"4594":{"keys":[36,61],"grid":[" /!#","00","00"," .!$","03","03"," -!%","06","06"," ,!&","09","09"," +!'","12","12"," *!("]},"4397":{"keys":[36,35],"grid":[" #!/"," $!.","01","00","00","00","00"," #!% #!)"," *!(","08"," ,!! $!!"," "," "," "," "," "]}},"2679":{"4397":{"keys":[35,36],"grid":[" "," ,!! %"," +!$ $"," *!& !!!"," *!("," +!'","05","05","05","05","05","05"," &!,","!! !!/","!! #!.","!"]},"4579":{"keys":[36,61],"grid":[" #!/","00","00","00","00","00","00","00","00","00","00","00","00","00","00","00"]},"4578":{"keys":[36,61],"grid":[" !!0","00","00","00","00","00","00","00","00"," #!/","09","09","09","09","09","09"]},"4573":{"keys":[36,61],"grid":[" "," 0!!","01"," /!#"," .!$","04"," -!%"," ,!&","07"," +!'"," *!(","10"," )!)"," (!*","13"," '!+"]},"4574":{"keys":[36,61],"grid":[" &!,","00"," %!-"," $!.","03"," #!/"," !!0","06","!","!","!","!","!","!","!","!"]},"4575":{"keys":[61],"grid":[" "," "," "," "," "," "," "," "," "," "," "," "," "," "," "," "]},"4576":{"keys":[61,36],"grid":[" "," "," ","!! 0","03","03","03","03","03","03","03","03","03","03","03","03"]},"4577":{"keys":[36,61],"grid":[" !!0","00","00","00","00","00","00","00","00","00","00","00","00","00","00","00"]},"4585":{"keys":[36,61],"grid":[" %!-","00","00","00","00","00","00","00","00","00","00","00","00","00","00","00"]},"4584":{"keys":[36,61],"grid":[" $!.","00","00"," %!-","03","03","00","00","00","03","03","03","03","03","03","03"]},"4587":{"keys":[36,61],"grid":[" #!/","00"," !!0","02","02","!","!","!","!","!","!","!","!","!","!","!"]},"4586":{"keys":[36,61],"grid":[" %!-","00","00","00","00","00","00","00","00","00","00"," $!.","11","11"," #!/","14"]},"4581":{"keys":[36,61],"grid":[" #!/","00","00","00"," $!.","04","04","04","04","04","04","04","04","04","04","04"]},"4580":{"keys":[36,61],"grid":[" #!/","00","00","00","00","00","00","00","00","00","00","00","00","00","00","00"]},"4583":{"keys":[36,61],"grid":[" $!.","00","00","00","00","00","00","00","00","00","00","00","00","00","00","00"]},"4582":{"keys":[36,61],"grid":[" $!.","00","00","00","00","00","00","00","00","00","00","00","00","00","00","00"]}},"2678":{"4398":{"keys":[36,35],"grid":[" /!! !"," "," "," "," "," "," "," "," "," "," "," "," "," "," "," "]},"4397":{"keys":[35,36],"grid":[" "," "," "," "," "," "," "," ","!! 0","!# /","!% &!! '","!% %!$ &","!% %!$ $!! !","!& $!% #!#","!- #!#","!. #!!"]},"4590":{"keys":[36,61],"grid":[" $!."," #!/","01","01"," !!0","04","04","!","!","!","!","!","!","!","!","!"]},"4574":{"keys":[36],"grid":[" "," "," "," "," "," "," "," "," "," "," "," "," "," "," "," "]},"4588":{"keys":[36,61],"grid":[" .!$"," -!%","01","01"," ,!&","04","04","04"," +!'","08","08"," *!(","11","11"," )!)","14"]},"4589":{"keys":[36,61],"grid":[" )!)"," (!*","01","01"," '!+","04","04"," &!,","07","07"," %!-","10","10","10"," $!.","14"]},"4587":{"keys":[36,61],"grid":[" "," "," "," "," "," "," "," "," 0!!","08","08"," /!#","11","11"," .!$","14"]},"4575":{"keys":[36],"grid":[" "," "," "," "," "," "," "," "," "," "," "," "," "," "," "," "]}},"2690":{"4406":{"keys":[35,36],"grid":[" "," "," "," "," "," "," "," %!# +"," $!% &!# #"," %!$ %!% !"," %!% $!&","10"," %!% %!%"," $!& %!%"," #!' %!%","!) %!%"]},"4407":{"keys":[36,35],"grid":[" *!! '"," "," "," "," "," "," "," "," "," "," "," "," "," "," "," "]},"4554":{"keys":[36,61],"grid":[" #!/","00"," !!0","02","02","!","!","!","!","!","!","!","!","!","!","!"]},"4552":{"keys":[36,61],"grid":[" /!#","00"," .!$","02","02"," -!%","05"," ,!&","07"," +!'","09","09"," *!(","12"," )!)","14"]},"4553":{"keys":[36,61],"grid":[" (!*","00","00"," '!+","03","03"," &!,","06","06"," %!-","09","09"," $!.","12","12"," #!/"]},"4551":{"keys":[36,61],"grid":[" "," "," "," "," "," "," "," "," "," "," "," "," "," "," "," 0!!"]}},"2617":{"4370":{"keys":[35,36],"grid":[" "," "," "," "," "," "," "," "," "," "," "," "," "," "," "," /!#"]},"4371":{"keys":[35,36],"grid":[" -!%"," ,!&","!! *!'","02","!# )!'","!# (!(","!$ '!(","!& $!)","!","!","!","!","!","!","!","!"]}},"2616":{"4370":{"keys":[36,35],"grid":[" !!0","!","!","!","!"," %!-"," &!,","06","05"," $!."," #!/","00","00","00","00"," #!( %!$"]},"4371":{"keys":[36,35],"grid":[" $!% )!!"," "," "," "," "," "," "," "," "," "," "," "," "," "," "," "]},"4369":{"keys":[36,35],"grid":[" *!("," )!)","01","01","01"," (!*","05"," '!+","07"," &!,","09","09"," %!-","12"," $!."," #!/"]},"4368":{"keys":[35,36],"grid":[" "," "," "," "," "," "," ","!# /","!( *","!) )","09","!* (","11","11","11","11"]}},"2615":{"4365":{"keys":[36,35],"grid":[" !!0","00"," #!/","02","02"," $!."," %!-","06"," &!,","08"," '!+","10"," (!*","12","12"," )!)"]},"4364":{"keys":[35,36],"grid":[" "," "," "," "," "," "," "," "," "," "," "," "," "," "," ","!! 0"]},"4367":{"keys":[36,35],"grid":[" )!)","00"," (!*","02","02"," '!+","05","05"," &!,","08"," %!-","10","10","10","10","10"]},"4366":{"keys":[36,35],"grid":[" )!)","00","00"," *!(","03","00","00","00","00","00","00","00","00","00","00","00"]},"4368":{"keys":[36,35],"grid":[" %!-"," &!,","01","01"," '!+"," (!*"," )!)"," "," "," "," "," "," "," "," "," "]},"4370":{"keys":[36,35],"grid":[" "," "," "," 0!!","03"," "," "," "," "," "," "," "," "," "," "," "]}},"2614":{"4364":{"keys":[35,36],"grid":[" "," "," "," *!# &"," (!' $"," '!) #"," &!+ !"," $!."," #!/"," !!0","!","!","!","!","!","!"]}},"2613":{"4364":{"keys":[35,36],"grid":[" "," "," "," "," "," "," "," "," ","!+ '","!. #!!","!","!","!","!","!"]}},"2612":{"4365":{"keys":[35,36],"grid":[" +!'"," ,!&"," .!$","!# .!!","!% ,!!","!' )!#","!, !!%","!","!","!","!","!","!","!","!","!"]},"4364":{"keys":[35,36],"grid":[" "," "," "," "," "," "," "," "," "," .!$"," *!(","10"," )!)","12","12","12"]},"4360":{"keys":[35,36],"grid":[" "," ","!! 0","02","02","02","02","02"," "," "," "," "," "," "," "," "]}},"2611":{"4365":{"keys":[36,35],"grid":[" -!%"," /!#"," "," "," "," "," "," "," "," "," "," "," "," "," "," "]},"4364":{"keys":[36,35],"grid":[" !!0","!","!","!","!","!","00","00"," #!/"," $!."," %!-"," &!,"," (!*"," )!)"," +!'"," ,!&"]},"4361":{"keys":[36,35],"grid":[" +!'","00","00","00","00"," ,!&","05","05","05","05","00","00","00","00","00","00"]},"4360":{"keys":[36,35],"grid":[" "," "," "," "," "," "," "," "," "," 0!!"," .!$"," -!%"," ,!&","12"," +!'","14"]},"4363":{"keys":[36,35],"grid":[" 0!!","00","00"," /!#","03"," .!$"," -!%"," ,!&","07"," +!'"," )!)"," (!*"," '!+"," &!,"," %!-"," #!/"]},"4362":{"keys":[36,35],"grid":[" +!'"," *!(","00","00"," ,!&"," -!%"," .!$"," /!#"," 0!!","08","08","08"," "," "," ","08"]},"4359":{"keys":[35,36],"grid":[" "," "," "," "," "," "," "," "," "," "," "," "," ","!, &","!/ #","!0 !"]}},"2610":{"4355":{"keys":[35,36],"grid":[" "," "," ","!% -","03","03","03","03","03","!$ .","!# /"," "," "," "," "," "]},"4359":{"keys":[35,36],"grid":[" "," "," "," "," "," "," "," ","!$ .","!' +","!* (","!. $","!","!","!","!"]},"4364":{"keys":[36,35],"grid":[" "," "," 0!!"," "," "," "," "," "," "," "," "," "," "," "," "," "]}},"2619":{"4371":{"keys":[35,36],"grid":[" "," "," "," "," "," "," *!("," &!,"," $!."," !!0","!","!","!","!","!","!"]}},"2618":{"4370":{"keys":[35,36],"grid":[" "," "," "," "," "," "," "," "," "," "," "," "," "," "," ","!$ ."]},"4371":{"keys":[36,35],"grid":[" $!."," %!-","01"," &!,","03"," '!+","05"," (!*","07"," )!)"," *!' !"," ,!! %"," "," "," "," "]}},"2639":{"4383":{"keys":[36,35],"grid":[" %!& ("," &!% ("," '!# )"," "," "," "," "," "," "," "," "," "," "," "," "," "]},"4382":{"keys":[35,36],"grid":[" "," "," "," "," "," "," "," "," "," "," "," "," +!# %"," *!' !","13"," !!# '!("]}},"2638":{"4383":{"keys":[36,35],"grid":[" +!'"," ,!% !"," "," "," "," "," "," "," "," "," "," "," "," "," "," "]},"4382":{"keys":[35,36],"grid":[" "," "," "," "," "," "," "," "," "," !!& +","!( *","10","!) )","12","!* (","14"]}},"2715":{"4411":{"keys":[36,35],"grid":[" !!0"," #!/"," $!."," %!-"," &!,"," '!+"," )!)"," +!# #!#"," ,!! #!#"," -!! #!!"," "," "," "," "," "," "]},"4547":{"keys":[36,61],"grid":[" "," "," "," "," "," "," "," "," "," "," "," "," 0!!"," *!("," $!.","!"]},"4410":{"keys":[35,36],"grid":[" "," "," "," "," "," "," "," "," "," "," "," ","!! 0","12","12","12"]}},"2648":{"4382":{"keys":[35,36],"grid":[" "," "," "," "," "," "," "," *!$ %","!! '!*","!","!","!","!","!","!","!"]}},"2688":{"4557":{"keys":[36,61],"grid":[" "," "," "," "," "," "," "," 0!!","07","07"," /!#","10","10","10"," .!$","14"]},"4406":{"keys":[35,36],"grid":[" "," "," "," "," ","!! 0","05","05","!# /","08","08","!# )!$ $","!$ (!$ $","!% &!(","!& %!(","!( !!)"]},"4558":{"keys":[36,61],"grid":[" .!$"," -!%","01","01","01"," ,!&","05","05"," +!'","08","08","08"," *!(","12","12"," )!)"]},"4559":{"keys":[36,61],"grid":[" )!)","00"," (!*","02"," '!+","04"," &!,"," %!-","07"," $!.","09"," #!/","11"," !!0","!","!"]}},"2689":{"4556":{"keys":[36,61],"grid":[" (!*","00"," '!+","02","02"," &!,","05","05"," %!-","08","08"," $!.","11","11"," #!/","14"]},"4557":{"keys":[36,61],"grid":[" #!/"," !!0","01","01","!","!","!","!","!","!","!","!","!","!","!","!"]},"4554":{"keys":[36,61],"grid":[" "," "," "," "," "," "," "," "," 0!!","08","08"," /!#","11","11"," .!$","14"]},"4555":{"keys":[36,61],"grid":[" .!$"," -!%","01","01"," ,!&","04"," +!'","06","06"," *!(","09","09"," )!)","12","12"," (!*"]},"4406":{"keys":[35,36],"grid":[" "," "," "," "," "," "," "," "," "," "," !!$ -"," !!' *","!+ '","!- %","!. $","!"]}},"2684":{"4402":{"keys":[36,35],"grid":[" &!& #!%"," '!# &!$"," .!$","02","02","02","02","02","02"," -!%","02","02"," /!#"," 0!!"," "," "]},"4567":{"keys":[36,61],"grid":[" !!0","00","!","!","!","!","!","!","!","!","!","!","!","!","!","!"]},"4401":{"keys":[35,36],"grid":[" "," "," "," "," "," "," "," "," "," "," "," ","!! 0","!# /","!$ .","!% -"]},"4565":{"keys":[36,61],"grid":[" "," "," "," "," "," "," "," "," "," "," "," "," 0!!","12"," /!#"," .!$"]},"4566":{"keys":[36,61],"grid":[" .!$"," -!%"," ,!&","02"," +!'"," *!("," )!)","06"," (!*"," '!+","09"," &!,"," %!-"," $!.","13"," #!/"]}},"2685":{"4403":{"keys":[36,35],"grid":[" #!$ (!%"," #!# *!$"," .!$","02"," -!%"," ,!&","05"," ,!! %"," "," "," 0!!","10"," /!#","02","12"," "]},"4402":{"keys":[35,36],"grid":[" "," "," "," "," "," "," "," "," "," "," "," "," "," "," $!# ,","!# !!) &"]},"4565":{"keys":[36,61],"grid":[" (!*","00"," '!+","02"," &!,","04"," %!-"," $!."," #!/"," !!0","09","!","!","!","!","!"]},"4564":{"keys":[36,61],"grid":[" "," "," 0!!","02"," /!#"," .!$","05"," -!%"," ,!&","08"," +!'","10"," *!(","12"," )!)","14"]}},"2686":{"4404":{"keys":[36,35],"grid":[" %!$ %!&"," &!! &!&"," ,!&"," -!%","03"," .!$"," /!#"," 0!!"," "," "," "," "," "," "," "," "]},"4562":{"keys":[36,61],"grid":[" "," "," "," "," "," "," "," 0!!","07","07"," /!#","10","10"," .!$","13","13"]},"4564":{"keys":[36,61],"grid":[" !!0","!","!","!","!","!","!","!","!","!","!","!","!","!","!","!"]},"4563":{"keys":[36,61],"grid":[" .!$"," -!%","01"," ,!&"," +!'"," *!(","05"," )!)"," (!*"," '!+","09"," &!,"," %!-"," $!.","13"," #!/"]},"4403":{"keys":[35,36],"grid":[" "," "," "," "," "," "," "," "," "," "," "," "," "," "," ","!% $!$ '"]}},"2687":{"4404":{"keys":[35,36],"grid":[" "," "," "," "," "," "," &!% (","06","!+ '","08","!, &","10","10","!- %","13","13"]},"4405":{"keys":[36,35],"grid":[" -!%"," .!$","01","01","01","01","01"," /!#","07","07","07","07","01","01","01","01"]},"4406":{"keys":[36,35],"grid":[" .!$"," /!#"," 0!!"," "," "," "," "," "," "," "," "," "," "," "," "," "]},"4562":{"keys":[36,61],"grid":[" #!/","00"," !!0","02","02","!","!","!","!","!","!","!","!","!","!","!"]},"4561":{"keys":[36,61],"grid":[" *!("," )!)","01"," (!*","03","03"," '!+","06"," &!,","08","08"," %!-","11"," $!.","13","13"]},"4560":{"keys":[36,61],"grid":[" "," 0!!","01"," /!#","03"," .!$","05","05"," -!%","08"," ,!&","10"," +!'","12","12"," *!("]},"4559":{"keys":[36],"grid":[" "," "," "," "," "," "," "," "," "," "," "," "," "," "," "," "]}},"2680":{"4571":{"keys":[36,61],"grid":[" "," "," "," "," "," "," "," "," "," "," 0!!","10"," /!#"," .!$"," -!%","14"]},"4572":{"keys":[36,61],"grid":[" ,!&"," +!'","01"," *!("," )!)","04"," (!*"," '!+","07"," &!,"," %!-","10"," $!."," #!/","13"," !!0"]},"4573":{"keys":[61],"grid":[" "," "," "," "," "," "," "," "," "," "," "," "," "," "," "," "]},"4396":{"keys":[35],"grid":[" "," "," "," "," "," "," "," "," "," "," "," "," "," "," "," "]},"4397":{"keys":[35,36],"grid":[" !!& +"," !!' *","!) )","!* (","03","!+ '","05","05","05","03","03","03","03","!+ &!!","!+ %!#","!"]}},"2681":{"4570":{"keys":[36,61],"grid":[" "," "," 0!!","02"," /!#"," .!$","05"," -!%"," ,!&","08"," +!'"," *!(","11"," )!)"," (!*","14"]},"4571":{"keys":[36,61],"grid":[" '!+"," &!,","01"," %!-"," $!.","04"," #!/"," !!0","07","!","!","!","!","!","!","!"]},"4398":{"keys":[36,35],"grid":[" ,!&"," ,!% !","01"," "," "," "," "," "," "," "," "," "," "," "," "," "]},"4397":{"keys":[35,36],"grid":[" #!$ ,"," !!& +","!' +","02","02","!& ,","05"," !!% ,","00"," #!& *","09"," #!' )"," !!* '","!, &","!- %","13"]}},"2682":{"4398":{"keys":[36,35],"grid":[" )!)","00","00","00","00","00","00","00","00","00","00","00"," *!(","12","12","12"]},"4399":{"keys":[36,35],"grid":[" *!(","00","00","00","00"," +!'","05"," ,!&","07","07"," -!%","10","07","07","07","07"]},"4400":{"keys":[36,35],"grid":[" +!'"," ,!&","01","01","00"," *!(","05","05","00","01"," .!$"," 0!!"," "," "," "," "]},"4397":{"keys":[35,36],"grid":[" "," "," "," "," "," "," "," "," "," "," "," "," "," "," !!& +","!( *"]},"4570":{"keys":[36,61],"grid":[" !!0","!","!","!","!","!","!","!","!","!","!","!","!","!","!","!"]},"4569":{"keys":[36,61],"grid":[" -!%"," ,!&"," +!'","02"," *!("," )!)","05"," (!*"," '!+"," &!,","09"," %!-"," $!.","12"," #!/"," !!0"]},"4568":{"keys":[36,61],"grid":[" "," "," "," "," "," "," "," "," "," "," "," 0!!"," /!#","12"," .!$"," -!%"]}},"2683":{"4400":{"keys":[35,36],"grid":[" "," "," "," "," "," "," "," "," "," "," ","!% -","!& ,","12","12","!) )"]},"4568":{"keys":[36,61],"grid":[" '!+","00"," &!,"," %!-","03"," $!."," #!/","06"," !!0","!","!","!","!","!","!","!"]},"4567":{"keys":[36,61],"grid":[" "," "," "," 0!!","03"," /!#"," .!$","06"," -!%"," ,!&"," +!'","10"," *!("," )!)","13"," (!*"]},"4401":{"keys":[36,35],"grid":[" *!("," )!)"," )!$ $!#"," (!$ %!#"," (!$ $!$"," .!$","05","05","05","05","05"," /!#"," "," "," "," "]}},"2622":{"4373":{"keys":[35,36],"grid":[" "," "," ","!! 0","!$ -!!","!% +!#","!& )!$","06","06","!' )!#","09","09","09","!& *!#","13","05"]},"4374":{"keys":[36,35],"grid":[" %!+ #"," $!, #","01"," $!+ $"," #!, $","04","04"," #!+ %"," $!* %"," $!) &"," &!' &"," '!% '"," "," "," "," "]}},"2623":{"4373":{"keys":[35,36],"grid":[" "," &!$ )"," $!( '"," !!+ &","!, &","!- %","05","04","04","!+ '","!* (","!) )","11","!( *","13","!' +"]},"4374":{"keys":[36,35],"grid":[" '!+"," &!,","01","01","01","01","01","01","01","01","01","01","01","00","00","00"]},"4375":{"keys":[36,35],"grid":[" '!+"," (!*","01"," )!)"," *!("," +!'"," -!%"," .!$"," "," "," "," "," "," "," "," "]}},"2620":{"4371":{"keys":[35,36],"grid":[" "," "," "," "," "," #!( (","!+ '","!, &","!. $","08","!/ #","10","!0 !","12","!","!"]}},"2621":{"4372":{"keys":[36,35],"grid":[" #!/","00"," $!.","02","02","02"," %!-"," '!+","07"," &!,","09","09","09","09","09","09"]},"4373":{"keys":[36,35],"grid":[" &!,"," )!)"," /!#"," "," "," "," "," "," "," "," "," "," "," "," "," "]},"4371":{"keys":[35,36],"grid":[" "," "," "," "," "," "," "," "," "," "," "," "," "," "," ","!! 0"]}},"2626":{"4376":{"keys":[35,36],"grid":[" &!# *"," #!' )","!* (","!+ '","!, &","!- %","!. $","06","!/ #","08","!","!","!","!","!","!"]}},"2627":{"4378":{"keys":[36],"grid":[" "," "," "," "," "," "," "," "," "," "," "," "," "," "," "," "]},"4379":{"keys":[36,35],"grid":[" "," 0!!","01","01","01"," "," "," "," "," "," "," "," "," "," "," "]},"4376":{"keys":[35,36],"grid":[" "," "," "," "," "," ,!&"," *!("," )!)"," (!*"," '!+"," %!-","!","!","!","!","!"]}},"2624":{"4375":{"keys":[35,36],"grid":[" "," "," "," "," "," "," "," ","!$ .","!) )","!* (","!, &","!. $","!","!","!"]}},"2625":{"4376":{"keys":[36,35],"grid":[" (!*"," +!'"," "," "," "," "," "," "," "," "," "," "," "," "," "," "]},"4375":{"keys":[35,36],"grid":[" "," "," "," "," "," "," "," "," "," "," "," "," "," ","!# /","!& ,"]}},"2631":{"4381":{"keys":[35,36],"grid":[" "," "," "," "," "," "," "," "," "," ","!# /","!% -","!% %!)","!","!","!"]}},"2628":{"4378":{"keys":[36,35],"grid":[" '!+","00","00","00","00","00"," &!,","06","06","06","06"," %!-"," $!."," #!/"," !!0","!"]},"4380":{"keys":[36],"grid":[" "," "," "," "," "," "," "," "," "," "," "," "," "," "," "," "]},"4376":{"keys":[35,36],"grid":[" "," "," "," "," "," ","!! 0","06","!# /","08","08","!$ .","11","!% -","13","13"]},"4377":{"keys":[36,35],"grid":[" &!,","00","00"," '!+","03","03","03","03","03","03"," (!*","10","10","10","10","03"]},"4379":{"keys":[35,36],"grid":[" "," "," "," "," "," "," ","!! 0","!# /","!$ .","!' +","!* (","!+ '","!, &","!- %","!. $"]}},"2629":{"4381":{"keys":[36,35],"grid":[" 0!!","00","00"," "," "," "," "," "," "," "," "," "," "," "," "," "]},"4380":{"keys":[36,35],"grid":[" !!0"," #!/"," $!.","02"," %!-","04"," &!,"," '!+"," (!*","08"," )!)"," *!("," +!'"," .!$"," /!#","14"]}},"2589":{"4604":{"keys":[36,39],"grid":[" "," "," ","!% -","!' +","!* (","!- %","!/ #","!","!","!","!","!","!","!","!"]}},"2588":{"4606":{"keys":[36,39],"grid":[" ,!&","00"," +!'","02","02"," *!(","05"," )!)","07","07","07","07"," (!*"," '!+","13","13"]},"4607":{"keys":[36,39],"grid":[" '!+","00","00"," &!,"," $!."," #!/","05","05","05","05","05","05","05","05"," !!0","14"]},"4604":{"keys":[36,39],"grid":[" "," "," "," 0!!"," /!#"," +!'"," *!(","06"," )!)","08","08","06","05","05","05","05"]},"4605":{"keys":[36,39],"grid":[" +!'"," ,!&","00","00","00"," *!(","00","00","00","00","01","01","01"," -!%","13","01"]}},"2698":{"4406":{"keys":[35,36],"grid":[" "," "," "," "," "," "," "," "," "," .!$"," -!%"," ,!&","11","11","10"," (!# $!%"]},"4407":{"keys":[35,36],"grid":[" &!,"," $!.","!","!","!","!","!","!","!","!","!","!","!","!","!","!"]},"4550":{"keys":[36,61],"grid":[" "," "," "," "," "," "," "," "," "," "," "," /!#"," )!)"," $!.","!","!"]}},"2608":{"4354":{"keys":[36,35],"grid":[" -!%","00","00","00"," .!$","04","04"," /!#","07","07"," 0!!","10","10"," "," "," "]},"4352":{"keys":[36,35],"grid":[" .!$","00"," /!#"," "," "," "," "," "," "," "," "," "," 0!!","00"," -!%","14"]},"4353":{"keys":[36,35],"grid":[" ,!&","00","00","00","00","00","00","00","00","00","00","00","00","00","00"," -!%"]}},"2756":{"4548":{"keys":[61,36],"grid":[" -!%"," /!#"," "," "," "," "," "," "," "," "," "," "," "," "," "," "]},"4472":{"keys":[35,36],"grid":[" "," ","!","!","!","!","!","!","!","!","!","!","!","!","!","!"]},"4547":{"keys":[36,61],"grid":[" "," "," "," "," "," "," "," "," "," "," ","!# /","!% -","!' +","!) )","!+ '"]}},"2757":{"4548":{"keys":[36,61],"grid":[" "," "," ","!# /","!% -","!' +","!) )","!+ '","!- %","!/ #","!","!","!","!","!","!"]},"4472":{"keys":[35,36],"grid":[" "," ","!/ #","!","!","!","!","!","!","!","!","!","!","!","!","!"]}},"2754":{"4472":{"keys":[35,36],"grid":[" ","!","!","!","!","!","!","!","!","!","!","!","!","!","!","!"]},"4547":{"keys":[61,36],"grid":[" .!$"," 0!!"," "," "," "," "," "," "," "," "," "," "," "," "," "," "]},"4546":{"keys":[36,61],"grid":[" "," "," "," "," "," "," "," "," "," ","!# /","!% -","!& ,","!( *","!* (","!, &"]}},"2755":{"4472":{"keys":[35,36],"grid":[" "," ","!","!","!","!","!","!","!","!","!","!","!","!","!","!"]},"4547":{"keys":[36,61],"grid":[" "," ","!! 0","!$ .","!& ,","!( *","!* (","!+ '","!- %","!/ #","!","!","!","!","!","!"]}},"2752":{"4471":{"keys":[35,36],"grid":[" "," "," "," "," "," "," "," "," "," "," "," "," "," "," ","!. $"]},"4545":{"keys":[36,61],"grid":[" "," "," "," "," "," "," "," "," ","!! 0","!$ .","!& ,","!( *","!* (","!, &","!. $"]},"4546":{"keys":[61,36],"grid":[" 0!!"," "," "," "," "," "," "," "," "," "," "," "," "," "," "," "]}},"2753":{"4471":{"keys":[35],"grid":[" "," "," "," "," "," "," "," "," "," "," "," "," "," "," "," "]},"4472":{"keys":[36,35],"grid":[" 0!!"," "," "," "," "," "," "," "," "," "," "," "," "," "," "," "]},"4546":{"keys":[36,61],"grid":[" ","!! 0","!$ .","!% -","!' +","!) )","!+ '","!- %","!/ #","!","!","!","!","!","!","!"]}},"2750":{"4471":{"keys":[35,36],"grid":[" "," "," "," "," "," "," "," "," "," "," "," "," ","!) )","!","!"]},"4545":{"keys":[61,36],"grid":[" -!%"," /!#"," "," "," "," "," "," "," "," "," "," "," "," "," "," "]},"4544":{"keys":[36,61],"grid":[" "," "," "," "," "," "," "," "," "," "," "," "," "," "," ","!! 0"]}},"2751":{"4471":{"keys":[35,36],"grid":[" "," "," "," "," "," "," "," "," "," "," "," "," "," ","!, &","!"]},"4545":{"keys":[36,61],"grid":[" "," "," ","!# /","!% -","!& ,","!) )","!, &","!0 !","!","!","!","!","!","!","!"]}},"2697":{"4407":{"keys":[35,36],"grid":[" "," "," "," +!'"," (!*","!","!","!","!","!","!","!","!","!","!","!"]},"4550":{"keys":[36,61],"grid":[" "," "," "," "," "," "," "," "," "," "," "," "," "," "," .!$"," (!*"]},"4551":{"keys":[36,61],"grid":[" !!0","!","!","!","!","!","!","!","!","!","!","!","!","!","!","!"]}},"2696":{"4406":{"keys":[35,36],"grid":[" "," "," "," "," "," "," "," "," "," "," "," "," ","!# /","!$ .","14"]},"4407":{"keys":[36,35],"grid":[" $!.","00"," %!-"," '!# '!#"," "," "," "," "," "," "," "," "," "," "," "," "]},"4551":{"keys":[36,61],"grid":[" "," -!%"," '!+","!","!","!","!","!","!","!","!","!","!","!","!","!"]}},"2695":{"4406":{"keys":[35,36],"grid":[" "," "," "," "," "," "," "," "," $!# ,","!( %!# $","!* !!$ $","!. $","!/ #","!","!","!"]},"4551":{"keys":[36,61],"grid":[" "," "," "," "," +!'"," &!,","!","!","!","!","!","!","!","!","!","!"]}},"2694":{"4405":{"keys":[35,36],"grid":[" "," "," "," "," "," "," "," "," "," "," "," "," "," +!% #"," *!& #","13"]},"4406":{"keys":[35,36],"grid":[" +!$ $"," *!% $"," #!+ %","02","02"," !!, %","!. $","!/ #","!0 !","!","!","!","!","!","!","!"]},"4551":{"keys":[36,61],"grid":[" "," "," "," "," "," "," 0!!"," *!("," %!-","!","!","!","!","!","!","!"]}},"2693":{"4406":{"keys":[35,36],"grid":[" "," "," "," %!! ,"," $!% &!# #"," $!& %!$ !"," %!& $!%","!! $!-","!","!","!","!","!","!","!","!"]},"4551":{"keys":[36,61],"grid":[" "," "," "," "," "," "," "," "," "," /!#"," )!)"," #!/","!","!","!","!"]}},"2692":{"4406":{"keys":[35,36],"grid":[" "," !!' *"," #!& &!! $"," #!, $","03","!. $","!0 !","!","!","!","!","!","!","!","!","!"]},"4551":{"keys":[36,61],"grid":[" "," "," "," "," "," "," "," "," "," "," "," "," -!%"," (!*","!","!"]}},"2758":{"4549":{"keys":[61,36],"grid":[" -!%"," /!#"," "," "," "," "," "," "," "," "," "," "," "," "," "," "]},"4548":{"keys":[36,61],"grid":[" "," "," "," "," "," "," "," "," "," "," ","!# /","!% -","!' +","!) )","!+ '"]},"4472":{"keys":[35,36],"grid":[" "," "," ","!","!","!","!","!","!","!","!","!","!","!","!","!"]}},"2759":{"4549":{"keys":[36,61],"grid":[" "," "," ","!# /","!$ .","!& ,","!) )","!+ '","!- %","!/ #","!","!","!","!","!","!"]},"4472":{"keys":[35,36],"grid":[" "," "," ","!( *","!","!","!","!","!","!","!","!","!","!","!","!"]}},"2734":{"4471":{"keys":[35,36],"grid":[" "," "," "," "," "," ","!","!","!","!","!","!","!","!","!","!"]},"4543":{"keys":[36,61],"grid":[" "," "," "," "," "," "," "," "," "," "," "," "," "," "," ","!) )"]},"4544":{"keys":[61],"grid":[" "," "," "," "," "," "," "," "," "," "," "," "," "," "," "," "]}},"2735":{"4471":{"keys":[35,36],"grid":[" "," "," "," "," "," ","!) )","!","!","!","!","!","!","!","!","!"]},"4544":{"keys":[61,36],"grid":[" (!*"," "," "," "," "," "," "," "," "," "," "," "," "," "," "," "]}},"2736":{"4471":{"keys":[35,36],"grid":[" "," "," "," "," "," "," ","!","!","!","!","!","!","!","!","!"]},"4544":{"keys":[36,61],"grid":[" ","!& ,","!","!","!","!","!","!","!","!","!","!","!","!","!","!"]}},"2737":{"4471":{"keys":[35,36],"grid":[" "," "," "," "," "," "," ","!","!","!","!","!","!","!","!","!"]},"4544":{"keys":[36,61],"grid":[" "," ","!% -","!","!","!","!","!","!","!","!","!","!","!","!","!"]}},"2730":{"4471":{"keys":[35,36],"grid":[" "," "," "," "," ","!","!","!","!","!","!","!","!","!","!","!"]},"4543":{"keys":[36,61],"grid":[" "," "," "," "," "," "," "," "," "," "," "," "," .!$"," *!("," '!+"," #!/"]},"4544":{"keys":[61],"grid":[" "," "," "," "," "," "," "," "," "," "," "," "," "," "," "," "]}},"2731":{"4471":{"keys":[35,36],"grid":[" "," "," "," "," ","!","!","!","!","!","!","!","!","!","!","!"]},"4543":{"keys":[36,61],"grid":[" "," "," "," "," "," "," "," "," "," "," "," ","!. $","!","!","!"]}},"2732":{"4471":{"keys":[35,36],"grid":[" "," "," "," "," ","!& ,","!","!","!","!","!","!","!","!","!","!"]},"4543":{"keys":[36,61],"grid":[" "," "," "," "," "," "," "," "," "," "," "," "," ","!, &","!","!"]}},"2733":{"4471":{"keys":[35,36],"grid":[" "," "," "," "," "," ","!","!","!","!","!","!","!","!","!","!"]},"4543":{"keys":[36,61],"grid":[" "," "," "," "," "," "," "," "," "," "," "," "," "," ","!+ '","!"]}},"2635":{"4383":{"keys":[36,35],"grid":[" -!%"," "," "," "," "," "," "," "," "," "," "," "," "," "," "," "]},"4382":{"keys":[36,35],"grid":[" !!& &!&"," ,!&","01"," -!%","03","03","03","03","03","01","01","01","01","01","01","01"]},"4381":{"keys":[35,36],"grid":[" "," "," "," "," "," "," "," "," "," "," "," "," "," "," "," (!% &"]}},"2634":{"4382":{"keys":[35,36],"grid":[" !!0","!","!","!","!","!","!","!","!","!","!","!","!","!","!","!"]},"4381":{"keys":[35,36],"grid":[" "," "," "," "," "," "," "," "," "," "," "," %!% )"," $!& )"," $!( !!$ #"," #!. !"," #!/"]}},"2637":{"4382":{"keys":[35,36],"grid":[" "," "," "," "," "," "," '!$ ("," &!% (","07"," &!& '"," #!) '","!, &","!","!","!","!"]}},"2636":{"4383":{"keys":[35,36],"grid":[" !!0","!","!","!","!","!","!","!","!","!","!","!","!","!","!","!"]},"4382":{"keys":[35,36],"grid":[" "," "," "," (!$ '"," '!' %"," '!( $"," &!* #","06"," '!) #","08","05"," (!' $"," (!' #!!"," '!( #!!"," &!,"," %!-"]}},"2738":{"4471":{"keys":[35,36],"grid":[" "," "," "," "," "," "," ","!","!","!","!","!","!","!","!","!"]},"4544":{"keys":[36,61],"grid":[" "," "," ","!$ .","!","!","!","!","!","!","!","!","!","!","!","!"]}},"2739":{"4471":{"keys":[35,36],"grid":[" "," "," "," "," "," "," ","!% -","!","!","!","!","!","!","!","!"]},"4544":{"keys":[36,61],"grid":[" "," "," "," ","!! 0","!","!","!","!","!","!","!","!","!","!","!"]}},"2633":{"4382":{"keys":[35,36],"grid":[" "," "," 0!!"," .!$"," -!%"," +!'"," *!("," )!)","07"," (!*"," '!+"," &!,"," %!-","!","!","!"]},"4381":{"keys":[35],"grid":[" "," "," "," "," "," "," "," "," "," "," "," "," "," "," "," "]}},"2632":{"4382":{"keys":[36,35],"grid":[" "," 0!!","01","01"," /!#","04"," .!$","06","06","06","06","04"," "," "," "," "]},"4381":{"keys":[35,36],"grid":[" "," "," "," "," "," "," "," "," "," "," "," #!) '","!","!","!","!"]}},"2594":{"4607":{"keys":[36,39],"grid":[" "," "," "," "," "," "," ","!% -","!, &","!","!","!","!","!","!","!"]}},"2741":{"4471":{"keys":[35,36],"grid":[" "," "," "," "," "," "," "," ","!","!","!","!","!","!","!","!"]},"4544":{"keys":[36,61],"grid":[" "," "," "," "," "," "," ","!/ #","!","!","!","!","!","!","!","!"]}},"2740":{"4471":{"keys":[35,36],"grid":[" "," "," "," "," "," "," "," ","!","!","!","!","!","!","!","!"]},"4544":{"keys":[36,61],"grid":[" "," "," "," "," "," ","!0 !","!","!","!","!","!","!","!","!","!"]}},"2743":{"4471":{"keys":[35,36],"grid":[" "," "," "," "," "," "," "," "," ","!","!","!","!","!","!","!"]},"4544":{"keys":[36,61],"grid":[" "," "," "," "," "," "," "," "," ","!. $","!","!","!","!","!","!"]}},"2742":{"4471":{"keys":[35,36],"grid":[" "," "," "," "," "," "," "," ","!/ #","!","!","!","!","!","!","!"]},"4544":{"keys":[36,61],"grid":[" "," "," "," "," "," "," "," ","!. $","!","!","!","!","!","!","!"]}},"2745":{"4471":{"keys":[35,36],"grid":[" "," "," "," "," "," "," "," "," "," ","!0 !","!","!","!","!","!"]},"4544":{"keys":[36,61],"grid":[" "," "," "," "," "," "," "," "," "," "," ","!/ #","!","!","!","!"]}},"2744":{"4471":{"keys":[35,36],"grid":[" "," "," "," "," "," "," "," "," ","!( *","!","!","!","!","!","!"]},"4544":{"keys":[36,61],"grid":[" "," "," "," "," "," "," "," "," "," ","!/ #","!","!","!","!","!"]}},"2747":{"4471":{"keys":[35,36],"grid":[" "," "," "," "," "," "," "," "," "," "," ","!( *","!","!","!","!"]},"4544":{"keys":[36,61],"grid":[" "," "," "," "," "," "," "," "," "," "," "," "," ","!0 !","!","!"]}},"2746":{"4471":{"keys":[35,36],"grid":[" "," "," "," "," "," "," "," "," "," "," ","!","!","!","!","!"]},"4544":{"keys":[36,61],"grid":[" "," "," "," "," "," "," "," "," "," "," "," ","!0 !","!","!","!"]}},"2749":{"4471":{"keys":[35,36],"grid":[" "," "," "," "," "," "," "," "," "," "," "," "," ","!","!","!"]},"4544":{"keys":[36,61],"grid":[" "," "," "," "," "," "," "," "," "," "," "," "," "," "," ","!"]}},"2748":{"4471":{"keys":[35,36],"grid":[" "," "," "," "," "," "," "," "," "," "," "," ","!","!","!","!"]},"4544":{"keys":[36,61],"grid":[" "," "," "," "," "," "," "," "," "," "," "," "," "," ","!","!"]}},"2727":{"4471":{"keys":[35,36],"grid":[" "," "," "," ","!","!","!","!","!","!","!","!","!","!","!","!"]},"4544":{"keys":[36,61],"grid":[" "," "," "," "," "," "," "," "," "," /!#"," ,!&"," (!*"," $!.","!","!","!"]}},"2726":{"4467":{"keys":[36,35],"grid":[" (!*","00","00","00","00","00","00","00","00","00","00","00","00"," )!)","13","13"]},"4462":{"keys":[36,35],"grid":[" !!0","00","00","00","00","00","00","00","00","00","00","00","00"," #!/","13","13"]},"4463":{"keys":[36,35],"grid":[" #!/","00","00","00","00","00","00","00","00","00"," $!.","10","10","10","10","10"]},"4466":{"keys":[36,35],"grid":[" &!,","00"," '!+","02","02","02","02","02","02","02","02","02","02","02","02","02"]},"4468":{"keys":[36,35],"grid":[" )!)","00","00","00","00","00","00","00","00","00","00"," *!(","11","11","11","11"]},"4469":{"keys":[36,35],"grid":[" *!(","00","00","00","00","00","00","00"," +!'","08","08","08","08","08","08","08"]},"4471":{"keys":[36,35],"grid":[" ,!&","00","00"," -!%"," "," "," "," "," "," "," "," "," "," "," "," "]},"4470":{"keys":[36,35],"grid":[" +!'","00","00","00","00","00"," ,!&","06","06","06","06","06","06","06","06","06"]},"4464":{"keys":[36,35],"grid":[" $!.","00","00","00","00","00","00"," %!-","07","07","07","07","07","07","07","07"]},"4465":{"keys":[36,35],"grid":[" %!-","00","00","00","00"," &!,","05","05","05","05","05","05","05","05","05","05"]},"4545":{"keys":[36,61],"grid":[" &!,"," !!0","!","!","!","!","!","!","!","!","!","!","!","!","!","!"]},"4544":{"keys":[36,61],"grid":[" "," "," "," "," "," "," "," "," "," "," "," "," "," "," -!%"," *!("]},"4461":{"keys":[35],"grid":[" "," "," "," "," "," "," "," "," "," "," "," "," "," "," "," "]}},"2725":{"4452":{"keys":[35,36],"grid":[" "," "," ","!! 0","!# /","04","!$ .","!% -","07","07","07","07","07","!& ,","13","13"]},"4453":{"keys":[36,35],"grid":[" &!,","00","00","00","00","00","00","00","00"," '!+","09","09","09","09","09","09"]},"4441":{"keys":[35],"grid":[" "," "," "," "," "," "," "," "," "," "," "," "," "," "," "," "]},"4442":{"keys":[35,36],"grid":[" "," ","!! 0","02","02","02","02","02","02","02","02","02","02","02","02","02"]},"4443":{"keys":[36,35],"grid":[" !!0","00","00"," #!/","03","03","03","03","03","!","!","!","!","!","!","!"]},"4457":{"keys":[36,35],"grid":[" +!'","00","00","00","00","00","00"," ,!&","07","07","07","07","07","07","07","07"]},"4456":{"keys":[36,35],"grid":[" *!(","00","00","00","00","00","00","00","00","00"," +!'","10","10","10","10","10"]},"4455":{"keys":[36,35],"grid":[" (!*","00"," )!)","02","02","02","02","02","02","02","02","02","02","02"," *!(","14"]},"4454":{"keys":[36,35],"grid":[" '!+","00","00","00","00","00"," (!*","06","06","06","06","06","06","06","06","06"]},"4459":{"keys":[36,35],"grid":[" .!$","00","00","00","00","00","00","00","00","00","00"," /!#","11","11","11","11"]},"4458":{"keys":[36,35],"grid":[" ,!&","00","00"," -!%","03","03","03","03","03","03","03","03","03","03","03"," .!$"]},"4545":{"keys":[36,61],"grid":[" "," "," /!#"," +!'"," (!*"," $!.","!","!","!","!","!","!","!","!","!","!"]},"4460":{"keys":[36,35],"grid":[" /!#","00","00","00","00","00","00"," 0!!","07","07","07","07","07","07","07","07"]},"4461":{"keys":[36,35],"grid":[" 0!!","00","00","00"," "," "," "," "," "," "," "," "," "," "," "," "]}},"2724":{"4452":{"keys":[36,35],"grid":[" /!#"," 0!!"," "," "," "," "," "," "," "," "," "," "," "," "," "," "]},"4435":{"keys":[36,35],"grid":[" +!'","00","00","00","00","00","00"," ,!&","07","07","07","07","07","07","07","07"]},"4441":{"keys":[36],"grid":[" "," "," "," "," "," "," "," "," "," "," "," "," "," "," "," "]},"4545":{"keys":[36,61],"grid":[" "," "," "," "," "," "," 0!!"," -!%"," )!)"," %!-"," !!0","!","!","!","!","!"]},"4451":{"keys":[35,36],"grid":[" ","!! 0","!# /","!$ .","!% -","!& ,","05","!' +","!( *","!) )","!* (","!+ '","!, &","!- %","13","!. $"]},"4440":{"keys":[36,35],"grid":[" 0!!","00","00","00","00","00","00","00","00","00","00","00","00","00","00","00"]},"4434":{"keys":[36,35],"grid":[" *!(","00","00","00","00","00"," +!'","06","06","06","06","06","06","06","06","06"]},"4437":{"keys":[36,35],"grid":[" -!%","00","00","00","00","00","00","00","00"," .!$","09","09","09","09","09","09"]},"4443":{"keys":[36,35],"grid":[" "," "," "," "," "," "," "," "," ","!","!","!","!","!","!","!"]},"4433":{"keys":[36,35],"grid":[" )!)","00","00","00","00"," *!(","05","05","05","05","05","05","05","05","05","05"]},"4432":{"keys":[35,36],"grid":[" "," "," "," "," "," "," %!% )","!) )","07","07","07","07","07","07","07","07"]},"4436":{"keys":[36,35],"grid":[" ,!&","00","00","00","00","00","00","00"," -!%","08","08","08","08","08","08","08"]},"4439":{"keys":[36,35],"grid":[" /!#","00","00","00","00","00","00","00","00","00","00","00","00","00"," 0!!","14"]},"4438":{"keys":[36,35],"grid":[" .!$","00","00","00","00","00","00","00","00","00","00"," /!#","11","11","11","11"]}},"2723":{"4545":{"keys":[36,61],"grid":[" "," "," "," "," "," "," "," "," "," "," "," .!$"," +!'"," '!+"," #!/","!"]},"4451":{"keys":[36],"grid":[" "," "," "," "," "," "," "," "," "," "," "," "," "," "," "," "]},"4443":{"keys":[36,35],"grid":[" "," "," "," "," "," "," "," "," ","!","!","!","!","!","!","!"]},"4431":{"keys":[36,35],"grid":[" $!."," #!/","01","00","00"," %!-","05","05","05"," &!,","09","09","09","09","09"," '!+"]},"4430":{"keys":[35,36],"grid":[" "," "," "," "," "," "," "," ","!! 0","08","08","08","08","!# /","!$ .","!% -"]},"4432":{"keys":[36,35],"grid":[" '!+","00"," )!)"," *!("," ,!&"," .!$"," /!#"," "," "," "," "," "," "," "," "," "]},"4449":{"keys":[35,36],"grid":[" "," "," "," "," "," "," "," "," "," "," "," "," "," ","!! 0","!# /"]},"4450":{"keys":[36,35],"grid":[" #!/"," $!."," %!-"," &!,"," '!+"," (!*"," )!)"," *!(","07"," +!'"," ,!&"," -!%"," .!$"," /!#"," 0!!","14"]}},"2722":{"4428":{"keys":[35,36],"grid":[" "," "," "," "," "," "," ","!! 0","07","07","07","!$ .","!& ,","!( *","13","13"]},"4429":{"keys":[36,35],"grid":[" (!*","00"," &!! #!)"," &!,","00"," *!("," ,!&"," -!%","07","07"," .!$"," /!#"," 0!!","12","12","12"]},"4443":{"keys":[36,35],"grid":[" "," "," "," "," "," "," "," "," ","!","!","!","!","!","!","!"]},"4430":{"keys":[36,35],"grid":[" /!#","00"," 0!!"," ","02","02"," "," "," "," "," "," "," "," "," "," "]},"4448":{"keys":[35,36],"grid":[" "," "," "," "," "," "," "," "," "," "," "," ","!! 0","!# /","!$ .","!% -"]},"4449":{"keys":[36,35],"grid":[" &!,","00"," '!+"," (!*"," )!)"," *!("," +!'"," ,!&"," -!%","08"," .!$"," /!#"," 0!!"," "," "," "]},"4545":{"keys":[36,61],"grid":[" "," "," "," "," "," "," "," "," "," "," "," "," "," "," "," 0!!"]},"4546":{"keys":[36,61],"grid":[" ,!&"," (!*"," %!-","!","!","!","!","!","!","!","!","!","!","!","!","!"]}},"2721":{"4428":{"keys":[36,35],"grid":[" /!#"," 0!!","01","01","01"," "," "," "," "," "," "," "," "," "," "," "]},"4418":{"keys":[36,35],"grid":[" *!(","00"," )!)"," (!*","03","03","03","03"," '!+"," &!,"," %!-"," $!."," #!/"," !!0","!","!"]},"4417":{"keys":[35,36],"grid":[" ","!! 0","!# /","!$ .","!$ %!' $","!/ #","!0 !","!","!","!","!, &","!* (","!) )","12","11","11"]},"4416":{"keys":[35],"grid":[" "," "," "," "," "," "," "," "," "," "," "," "," "," "," "," "]},"4426":{"keys":[35,36],"grid":[" #!# -","!! !!# -","!% !!# *","!' +","!& ,","04","!, &","06","!+ '","08","08","06","!) !!# &","!( $!! &","!) )","!* ("]},"4427":{"keys":[36,35],"grid":[" *!("," )!)","01","01","00","00","01"," (!*","01","00"," *!! !!&"," ,!&"," +!'","11","12","12"]},"4425":{"keys":[35,36],"grid":[" "," "," "," "," "," "," "," "," "," "," "," "," "," "," "," #!! ."]},"4443":{"keys":[36,35],"grid":[" "," "," "," "," "," "," "," "," ","!","!","!","!","!","!","!"]},"4447":{"keys":[35,36],"grid":[" "," "," "," "," "," "," "," "," ","!! 0","!# /","10","!$ .","!% -","!& ,","!' +"]},"4448":{"keys":[36,35],"grid":[" (!*"," )!)"," *!(","02"," +!'"," ,!&"," -!%"," .!$"," /!#"," 0!!","09"," "," "," "," "," "]},"4546":{"keys":[36,61],"grid":[" "," "," "," "," .!$"," *!("," &!,"," #!/","!","!","!","!","!","!","!","!"]}},"2720":{"4419":{"keys":[36,35],"grid":[" 0!!","00","00","00","00"," /!#"," .!$"," -!%"," ,!&","08"," +!'"," *!("," )!)"," '!+"," &!,","!! #!."]},"4418":{"keys":[36,35],"grid":[" "," "," "," "," "," "," "," "," "," "," "," "," "," "," "," 0!!"]},"4422":{"keys":[35,36],"grid":[" "," "," "," "," "," "," "," "," ","!! 0"," "," "," "," ","09","!# /"]},"4416":{"keys":[36,35],"grid":[" (!*","00","00"," (!! $!&"," (!! %!%"," (!# %!$"," .!$","06","06","06"," -!%","06","06"," /!#"," 0!!"," "]},"4420":{"keys":[35],"grid":[" "," "," "," "," "," "," "," "," "," "," "," "," "," "," "," "]},"4414":{"keys":[35,36],"grid":[" "," "," "," "," "," $!! -"," #!$ ,","!& ,","!$ .","!# /","09","09","09","!! 0"," "," "]},"4413":{"keys":[36,35],"grid":[" !!0"," #!/","!","!","!","!","00","01","00","!","!","!","!","!","!","!"]},"4412":{"keys":[35,36],"grid":[" "," "," "," "," "," "," "," "," "," "," "," "," "," "," ","!! 0"]},"4424":{"keys":[36,35],"grid":[" #!/","00"," $!.","02","02","02","02","02"," %!-","08"," &!,","10","08","08","08"," '!+"]},"4425":{"keys":[36,35],"grid":[" (!*"," '!+","01"," )!)"," +!'"," ,!&","05","05"," -!%","08"," .!$"," /!#"," 0!!"," ","12"," "]},"4443":{"keys":[36,35],"grid":[" "," "," "," "," "," "," "," "," ","!","!","!","!","!","!","!"]},"4446":{"keys":[35,36],"grid":[" "," "," "," "," "," "," ","!! 0","!# /","!$ .","!% -","!& ,","11","!' +","!( *","!) )"]},"4447":{"keys":[36,35],"grid":[" *!("," +!'"," ,!&"," -!%","03"," .!$"," /!#"," 0!!"," "," "," "," "," "," "," "," "]},"4423":{"keys":[36,35],"grid":[" $!.","00"," #!/","02","02"," %!-"," '!+"," (!*","07","07","07","06","05","00","02","02"]},"4415":{"keys":[35,36],"grid":[" #!& *"," !!' *","01"," !!% ,","!& ,","!% -","04","04","!' +","08","08","08","08","08","!( *","14"]},"4546":{"keys":[36,61],"grid":[" "," "," "," "," "," "," "," "," /!#"," +!'"," (!*"," $!.","!","!","!","!"]}},"2640":{"4383":{"keys":[36,35],"grid":[" !!0","00"," $!."," %!-"," &!,"," '!+"," (!( #"," "," "," "," "," "," "," "," "," "]},"4382":{"keys":[35],"grid":[" "," "," "," "," "," "," "," "," "," "," "," "," "," "," "," "]}},"2641":{"4383":{"keys":[35,36],"grid":[" &!,"," %!-"," $!."," #!/"," !!0","!","!","!","!","!","!","!","!","!","!","!"]},"4382":{"keys":[35,36],"grid":[" "," "," "," 0!!"," /!#","04","03","03","03","03","03","03","03","04"," .!$"," '!+"]}},"2642":{"4382":{"keys":[35,36],"grid":[" !!0","!","!","!","!","!","!","!","!","!","!","!","!","!","!","!"]},"4381":{"keys":[35,36],"grid":[" "," "," "," "," "," "," "," %!# +"," #!) '"," #!+ %"," #!, $"," #!- #"," #!. !"," $!."," #!/","14"]}},"2643":{"4381":{"keys":[35,36],"grid":[" "," "," "," "," "," "," "," "," -!%"," ,!&"," +!'"," *!(","11","!% %!)","!","!"]}},"2644":{"4381":{"keys":[35,36],"grid":[" "," (!$ '"," '!& &"," &!( %"," &!) $"," %!+ #"," %!-"," $!.","!","!","!","!","!","!","!","!"]}},"2645":{"4381":{"keys":[35,36],"grid":[" "," "," "," "," "," &!* #","!","!","!","!","!","!","!","!","!","!"]}},"2729":{"4471":{"keys":[35,36],"grid":[" "," "," "," ","!# /","!","!","!","!","!","!","!","!","!","!","!"]},"4544":{"keys":[36,61],"grid":[" 0!!"," ,!&"," (!*"," %!-","!","!","!","!","!","!","!","!","!","!","!","!"]}},"2728":{"4471":{"keys":[35,36],"grid":[" "," "," "," ","!","!","!","!","!","!","!","!","!","!","!","!"]},"4544":{"keys":[36,61],"grid":[" "," "," "," "," "," .!$"," *!("," &!,"," #!/","!","!","!","!","!","!","!"]}},"2596":{"4607":{"keys":[36,39],"grid":[" "," "," "," "," "," "," "," "," "," "," "," "," "," ","!! 0","!# /"]}},"2702":{"4405":{"keys":[35],"grid":[" "," "," "," "," "," "," "," "," "," "," "," "," "," "," "," "]},"4406":{"keys":[36,35],"grid":[" '!+"," (!*","01","01"," )!)"," *!("," ,!&"," -!%"," .!$","08","08","08"," "," "," "," "]},"4550":{"keys":[36,61],"grid":[" 0!!"," +!'"," %!-","!","!","!","!","!","!","!","!","!","!","!","!","!"]}}}}