{"9":{"175":{"309":{"keys":[62,1,39],"grid":[" "," "," "," "," "," "," "," ","!( *","#'!# )","#(!$ '","#*!$ %","#,!# $","#-!$ !","#/!#","#0!!"]}},"174":{"308":{"keys":[62,1,39],"grid":[" "," "," "," "," "," "," "," "," "," "," "," ","!$ .","##!$ ,","#%!$ *","#'!# )"]},"309":{"keys":[39,1,62],"grid":[" (!##("," )!##'"," *!##&"," +!##%"," ,!##$"," -!!#$"," -!###"," .!##!"," /!#"," "," "," "," "," "," "," "]}},"173":{"308":{"keys":[39,1,62],"grid":[" &!##*"," '!##)"," (!##("," )!##'"," *!!#'","04","04","04","04","04"," *!%#$"," -!%"," 0!!"," "," "," "]},"304":{"keys":[39,1,62],"grid":[" %!!#,"," %!##+","01","00","00","00","01"," &!!#+","07","07","01"," $!##,"," $!!#-","12","12","11"]},"305":{"keys":[39,1,62],"grid":[" %!!#,","00","00","00","00"," %!##+"," &!!#+","06","06","06"," &!##*"," '!!#*","10","05"," #!$#,","!$#."]},"307":{"keys":[62,1,39],"grid":[" "," "," "," "," "," "," "," ","!! 0","08","08","!# /","#!!# .","##!# -","#$!$ +","#&!# *"]}},"172":{"305":{"keys":[39,1],"grid":[" "," "," "," "," "," "," "," "," "," "," "," "," "," "," "," 0!!"]},"306":{"keys":[39,1,62],"grid":[" 0!!","00","00","00"," /!#"," /!!#!"," .!##!"," .!!##","07","07","07","07","07","07","07","07"]},"307":{"keys":[39,1,62],"grid":[" .!!##","00"," .!##!"," /!!#!","03","03"," /!#","06"," 0!!"," "," "," "," "," "," "," "]}}},"13":{"2778":{"4938":{"keys":[62,39],"grid":[" "," "," ","!$ .","!& ,","!) )","!, &","!/ #","!","!","!","!","!","!","!","!"]}},"2779":{"4938":{"keys":[62,39],"grid":[" "," "," "," "," "," "," "," ","!! 0","!% -","!( *","!+ '","!. $","!","!","!"]}},"2770":{"4924":{"keys":[62,64,39],"grid":[" "," "," "," "," "," "," &!& '"," %!' '","06","06","06","#! %!& '","#$ $!# )","#% -","#& ,","#' +"]},"4925":{"keys":[39,62],"grid":[" (!*"," )!)"," +!'"," -!%"," .!$"," 0!!"," "," "," "," "," "," "," "," "," "," "]},"4895":{"keys":[39,62],"grid":[" &!,"," #!/"," !!0","!","!","!","!","!","!","!","!","!","!","!","!","!"]},"4894":{"keys":[39,62],"grid":[" "," "," "," "," "," "," "," "," "," "," "," "," "," "," /!#"," )!)"]}},"2771":{"4875":{"keys":[39,62],"grid":[" "," "," "," "," "," "," "," "," 0!!","08","08","08"," "," ","08","08"]},"4877":{"keys":[39,62],"grid":[" -!%"," ,!&","01","01","01"," +!'","05","05","05"," *!(","09","09","09","09","09","09"]},"4876":{"keys":[39,62],"grid":[" /!#","00","00"," .!$","03","03","03","03","03","03","03","03"," -!%","12","12","12"]},"4926":{"keys":[39,62],"grid":[" /!#"," 0!!"," "," "," "," "," "," "," "," "," "," "," "," "," "," "]},"4925":{"keys":[62,39],"grid":[" "," "," "," "," "," ","!! 0","!# /","!% -","!' +","!( *","!) )","!* (","!+ '","!- %","!. $"]},"4879":{"keys":[39,62],"grid":[" .!$"," /!#","01","01"," 0!!","04","04"," "," "," "," "," "," "," "," "," "]},"4878":{"keys":[39,62],"grid":[" *!(","00"," +!'","02","02","02","02"," ,!&","07","07"," -!%","10","10","10"," .!$","14"]},"4894":{"keys":[39,62],"grid":[" "," "," "," "," "," "," "," "," *!("," (!*"," &!,"," $!."," !!0","!","!","!"]}},"2772":{"4875":{"keys":[39,62],"grid":[" &!,"," %!-"," $!."," #!/"," !!0","04","!","!","!","!","!","!","!","!","!","!"]},"4874":{"keys":[39,62],"grid":[" "," "," "," "," "," "," "," "," "," "," "," 0!!"," /!#"," .!$"," ,!&"," '!+"]},"4870":{"keys":[39,62],"grid":[" '!+"," (!*"," )!)"," *!("," +!'","04"," ,!&"," -!%"," .!$"," /!#","09"," 0!!"," "," "," "," "]},"4880":{"keys":[39,62],"grid":[" %!-","00"," &!,","02"," '!+","04","04"," (!*","07","07"," )!)","10","10","10","10","10"]},"4881":{"keys":[39,62],"grid":[" )!)","00"," *!(","02","02","02","02","02","02","02","02"," +!'","11","11"," ,!&","14"]},"4882":{"keys":[39,62],"grid":[" ,!&","00","00","00","00","00","00","00","00","00"," -!%","10","10","10"," .!$","14"]},"4883":{"keys":[39,62],"grid":[" .!$"," /!#","01","01"," 0!!","04","04","01","01","01","01","01","00","00","00","00"]},"4879":{"keys":[62,39],"grid":[" "," "," "," "," "," "," "," "," "," ","!! 0","10","!# /","12","!$ .","14"]},"4885":{"keys":[39,62],"grid":[" .!$","00","00"," /!#","03","03"," 0!!","06","06","06","06"," "," "," "," "," "]},"4894":{"keys":[39,62],"grid":[" )!)"," (!*"," '!+","02"," &!,"," %!-"," $!.","!","!","!","!","!","!","!","!","!"]},"4884":{"keys":[39,62],"grid":[" .!$","00","00","00","00","00","00","00","00","00","00","00","00","00","00","00"]},"4893":{"keys":[39,62],"grid":[" "," "," "," "," "," 0!!","05"," /!#"," .!$","08"," -!%"," ,!&","11"," +!'"," *!("," )!)"]},"4868":{"keys":[39,62],"grid":[" '!+"," &!,","01","01","01","01"," %!-","06","06","06","06","06"," $!.","12","12","12"]},"4869":{"keys":[39,62],"grid":[" #!/","00","00","00","00"," !!0","05","05","05","05","00","00"," $!."," %!-","13"," &!,"]},"4865":{"keys":[39,62],"grid":[" .!$","00"," /!#","02","02","02","02","02"," 0!!","08"," "," "," "," "," "," "]},"4866":{"keys":[39,62],"grid":[" "," "," "," "," "," "," 0!!","06","06","06"," /!#","10","10","10","10"," .!$"]},"4867":{"keys":[39,62],"grid":[" .!$","00"," -!%","02"," ,!&"," +!'"," *!("," )!)"," (!*","08","08","08","08"," '!+","13","13"]},"4864":{"keys":[39,62],"grid":[" *!("," +!'","01","01","01","01","01","01","01"," ,!&","09","09"," -!%","12"," .!$","14"]},"4926":{"keys":[62,39],"grid":[" "," "," ","!! 0","!# /","!$ .","!% -","!& ,","!( *","!) )","!+ '","!, &","!. $","!/ #","!","!"]}},"2773":{"4888":{"keys":[39,62],"grid":[" (!*","00","00"," )!)","03","03","03","03"," *!(","08","08","08","08","08","08","08"]},"4874":{"keys":[39,62],"grid":[" ,!&"," +!'","01"," *!("," )!)"," (!*"," '!+"," %!-"," $!."," !!0","!","!","!","!","!","!"]},"4928":{"keys":[39,62],"grid":[" "," "," "," "," "," "," "," 0!!","07","07","07","07"," "," "," "," "]},"4871":{"keys":[39,62],"grid":[" $!."," %!-","01"," &!,"," '!+","04"," (!*","06"," )!)"," *!(","09"," +!'"," ,!&"," -!%","13"," .!$"]},"4870":{"keys":[62,39],"grid":[" "," "," "," "," "," "," "," "," "," "," "," "," ","!! 0","!# /","14"]},"4873":{"keys":[39,62],"grid":[" .!$","00","00","00","00","00","00"," -!%","07","07","07","07","07","07"," ,!&","14"]},"4889":{"keys":[39,62],"grid":[" *!(","00","00","00","00","00","00"," )!)","07","07","07","07","07","07","00","00"]},"4893":{"keys":[39,62],"grid":[" ,!&"," *!("," (!*"," %!-"," !!0","!","!","!","!","!","!","!","!","!","!","!"]},"4892":{"keys":[39,62],"grid":[" "," "," "," "," "," "," "," "," "," "," "," "," "," 0!!"," /!#"," -!%"]},"4890":{"keys":[39,62],"grid":[" *!(","00"," +!'","02","02","02"," ,!&","06"," -!%","08"," .!$","10"," /!#"," 0!!"," "," "]},"4885":{"keys":[62],"grid":[" "," "," "," "," "," "," "," "," "," "," "," "," "," "," "," "]},"4886":{"keys":[62,39],"grid":[" ","!! 0","01","01","01","01","!# /","06","06","06","!$ .","10","10","!% -","13","13"]},"4887":{"keys":[39,62],"grid":[" %!-"," &!,","01","01","01"," '!+","05","05","05","05","05","05","05","05","05","05"]},"4865":{"keys":[62],"grid":[" "," "," "," "," "," "," "," "," "," "," "," "," "," "," "," "]},"4927":{"keys":[39,62],"grid":[" $!."," %!-"," &!,"," (!*"," )!)"," +!'"," ,!&"," .!$"," /!#"," "," "," "," "," "," "," "]},"4872":{"keys":[39,62],"grid":[" .!$"," /!#","01","01","01","01","01","01","01","01","01","01","01","01","01","01"]},"4866":{"keys":[62],"grid":[" "," "," "," "," "," "," "," "," "," "," "," "," "," "," "," "]},"4926":{"keys":[62,39],"grid":[" "," "," "," "," "," "," "," "," "," "," "," "," "," "," ","!! 0"]}},"2774":{"4928":{"keys":[62,39],"grid":[" "," "," "," "," "," "," "," "," "," "," "," ","!! 0","!$ .","!& ,","!' +"]},"4927":{"keys":[62,39],"grid":[" "," "," "," "," "," "," "," "," "," ","!! 0","10","10","10","10","10"]},"4892":{"keys":[39,62],"grid":[" &!,"," '!+","01","01","01","01","00"," %!-"," $!."," #!/","09"," !!0","!","!","!","!"]},"4929":{"keys":[39,62],"grid":[" )!)"," +!'"," -!%"," /!#"," 0!!"," "," "," "," "," "," "," "," "," "," "," "]},"4890":{"keys":[62,39],"grid":[" "," "," "," "," "," "," "," "," "," "," "," "," "," "," ","!! 0"]},"4891":{"keys":[39,62],"grid":[" #!/"," $!.","01","01","01","01","01","00","00","01","01","01","01"," %!-","13"," &!,"]}},"2775":{"4930":{"keys":[39,62],"grid":[" 0!!"," "," "," "," "," "," "," "," "," "," "," "," "," "," "," "]},"4929":{"keys":[62,39],"grid":[" "," "," "," "," ","!! 0","!$ .","!& ,","!' +","!( *","!) )","!+ '","!, &","!- %","!. $","!/ #"]}},"2776":{"4930":{"keys":[62,39],"grid":[" "," ","!! 0","!# /","!$ .","!% -","!& ,","!' +","!( *","!) )","!* (","!+ '","11","!, &","!- %","!. $"]},"4931":{"keys":[39,62],"grid":[" /!#"," 0!!"," "," "," "," "," "," "," "," "," "," "," "," "," "," "]}},"2777":{"4931":{"keys":[62,39],"grid":[" "," "," ","!! 0","!# /","!$ .","!% -","!& ,","07","!' +","!( *","!) )","!* (","12","12","12"]},"4932":{"keys":[39,62],"grid":[" *!(","00","00","00","00","00","00","00","00","00","00","00","00","00","00","00"]},"4933":{"keys":[39,62],"grid":[" *!(","00","00","00","00","00"," +!'","06","06","06","06","06","06","06","06","06"]},"4934":{"keys":[39,62],"grid":[" +!'","00","00","00","00","00","00","00","00","00","00","00","00","00","00","00"]},"4935":{"keys":[39,62],"grid":[" +!'","00"," *!(","02","02","02","02","02","02","02"," )!)","10","10","10","10","10"]},"4936":{"keys":[39,62],"grid":[" )!)","00","00"," (!*","03","03","03","03","03","03","03"," '!+","11","11","11","11"]},"4937":{"keys":[39,62],"grid":[" '!+","00","00","00"," &!,","04","04","04","04","04","04","04"," %!-","12","12"," (!*"]},"4938":{"keys":[39,62],"grid":[" +!'"," .!$"," "," "," "," "," "," "," "," "," "," "," "," "," "," "]}},"2808":{"4954":{"keys":[62,39],"grid":[" ","!# /","!$ .","!& ,","!' +","!) )","!* (","!, &","!. $","!/ #","!","!","!","!","!","!"]}},"2809":{"4954":{"keys":[62,39],"grid":[" "," "," "," "," "," "," "," "," "," "," ","!! 0","!$ .","!% -","!' +","!( *"]},"4955":{"keys":[39,62],"grid":[" *!("," +!'"," -!%"," /!#"," 0!!"," "," "," "," "," "," "," "," "," "," "," "]}},"2802":{"4952":{"keys":[62,39],"grid":[" "," "," ","!","!","!","!","!","!","!","!","!","!","!","!","!"]}},"2803":{"4952":{"keys":[62,39],"grid":[" "," "," '!+","!","!","!","!","!","!","!","!","!","!","!","!","!"]}},"2800":{"4952":{"keys":[62,39],"grid":[" "," "," "," ","!","!","!","!","!","!","!","!","!","!","!","!"]}},"2801":{"4952":{"keys":[62,39],"grid":[" "," "," "," '!+","!","!","!","!","!","!","!","!","!","!","!","!"]}},"2806":{"4952":{"keys":[62,39],"grid":[" "," "," "," "," "," "," "," "," "," "," "," ","!! 0","!$ .","!% -","!' +"]},"4953":{"keys":[39,62],"grid":[" (!*"," *!("," +!'"," -!%"," /!#"," 0!!"," "," "," "," "," "," "," "," "," "," "]}},"2807":{"4953":{"keys":[62,39],"grid":[" "," "," "," "," "," ","!! 0","!# /","!% -","!& ,","!( *","!) )","!+ '","!, &","!. $","!0 !"]},"4954":{"keys":[39],"grid":[" "," "," "," "," "," "," "," "," "," "," "," "," "," "," "," "]}},"2804":{"4952":{"keys":[62,39],"grid":[" "," ","!","!","!","!","!","!","!","!","!","!","!","!","!","!"]}},"2805":{"4952":{"keys":[62,39],"grid":[" "," ","!# /","!$ .","!& ,","!' +","!) )","!* (","!, &","!- %","!/ #","!","!","!","!","!"]}},"2785":{"4940":{"keys":[62,39],"grid":[" "," "," "," "," "," "," "," "," ","!$ .","!' +","!* (","!- %","!/ #","!","!"]}},"2784":{"4940":{"keys":[62,39],"grid":[" "," "," ","!! 0","!% -","!( *","!+ '","!. $","!","!","!","!","!","!","!","!"]}},"2787":{"4941":{"keys":[62,39],"grid":[" "," "," "," ","!! 0","!$ .","!& ,","!( *","!* (","!, &","!. $","!0 !","!","!","!","!"]}},"2786":{"4941":{"keys":[39,62],"grid":[" (!*"," +!'"," .!$"," 0!!"," "," "," "," "," "," "," "," "," "," "," "," "]},"4940":{"keys":[62,39],"grid":[" "," "," "," "," "," "," "," "," "," "," "," "," "," ","!! 0","!% -"]}},"2781":{"4939":{"keys":[62,39],"grid":[" "," "," ","!# /","!& ,","!) )","!, &","!/ #","!","!","!","!","!","!","!","!"]}},"2780":{"4938":{"keys":[62,39],"grid":[" "," "," "," "," "," "," "," "," "," "," "," "," "," ","!$ .","!' +"]},"4939":{"keys":[39,62],"grid":[" *!("," -!%"," 0!!"," "," "," "," "," "," "," "," "," "," "," "," "," "]}},"2783":{"4939":{"keys":[62,39],"grid":[" "," "," "," "," "," "," "," "," "," "," "," "," "," ","!# /","!& ,"]},"4940":{"keys":[39,62],"grid":[" )!)"," ,!&"," /!#"," "," "," "," "," "," "," "," "," "," "," "," "," "]}},"2782":{"4939":{"keys":[62,39],"grid":[" "," "," "," "," "," "," "," ","!! 0","!$ .","!' +","!* (","!- %","!0 !","!","!"]}},"2789":{"4942":{"keys":[62,39],"grid":[" "," "," "," "," ","!# /","!% -","!' +","!) )","!+ '","!- %","!/ #","!","!","!","!"]}},"2788":{"4941":{"keys":[62,39],"grid":[" "," "," "," "," "," "," "," "," "," "," "," ","!! 0","!$ .","!& ,","!( *"]},"4942":{"keys":[39,62],"grid":[" *!("," ,!&"," .!$"," 0!!"," "," "," "," "," "," "," "," "," "," "," "," "]}},"2815":{"4958":{"keys":[62,39],"grid":[" "," "," "," "," "," "," "," "," ","!! 0","!$ .","!% -","!' +","!( *","!* (","!+ '"]},"4959":{"keys":[39,62],"grid":[" -!%"," /!#"," 0!!"," "," "," "," "," "," "," "," "," "," "," "," "," "]}},"2814":{"4958":{"keys":[39,62],"grid":[" $!."," &!,"," '!+"," )!)"," *!("," ,!&"," .!$"," /!#"," "," "," "," "," "," "," "," "]},"4957":{"keys":[62,39],"grid":[" "," "," "," "," "," "," "," "," "," "," "," "," "," "," ","!# /"]}},"2769":{"4923":{"keys":[62,39],"grid":[" "," "," "," "," "," "," "," "," "," "," "," ","!! 0","!# /","!$ .","!& ,"]},"4895":{"keys":[39,62],"grid":[" "," !!( )","!, &","!","!","!","!","!","!","!","!","!","!","!","!","!"]},"4924":{"keys":[39,62],"grid":[" '!+"," (!*"," )!)"," *!("," +!'"," ,!&"," -!%"," .!$"," /!#"," 0!!"," "," "," "," "," "," "]}},"2768":{"4923":{"keys":[39,62],"grid":[" .!$","00"," /!#","02","02","02","02","02"," 0!!","08","08"," "," "," "," "," "]},"4922":{"keys":[39,62],"grid":[" )!)"," *!(","01","01","01","01","01"," +!'","07"," ,!&","09","09"," -!%","12"," .!$","14"]},"4921":{"keys":[39,62],"grid":[" '!+","00","00"," (!*","03","03","03","03","03","03"," )!)","10","10","10","10","10"]},"4920":{"keys":[62,39],"grid":[" "," "," "," "," ","!! 0","!# /","!$ .","!% -","!& ,","09","09","!' +","12","12","12"]},"4895":{"keys":[39,62],"grid":[" "," "," /!#"," .!$"," +!'"," (!*"," $!.","!","!","!","!","!","!","!","!","!"]}},"2811":{"4956":{"keys":[39,62],"grid":[" #!/"," $!."," &!,"," '!+"," )!)"," *!("," ,!&"," .!$"," /!#"," "," "," "," "," "," "," "]},"4955":{"keys":[62],"grid":[" "," "," "," "," "," "," "," "," "," "," "," "," "," "," "," "]}},"2810":{"4955":{"keys":[62,39],"grid":[" "," "," "," "," ","!! 0","!# /","!% -","!& ,","!( *","!) )","!+ '","!- %","!. $","!0 !","!"]}},"2813":{"4957":{"keys":[62,39],"grid":[" "," "," "," ","!! 0","!# /","!% -","!& ,","!( *","!) )","!+ '","!- %","!. $","!0 !","!","!"]}},"2812":{"4956":{"keys":[62,39],"grid":[" "," "," "," "," "," "," "," "," "," ","!! 0","!$ .","!% -","!' +","!( *","!* ("]},"4957":{"keys":[39,62],"grid":[" ,!&"," -!%"," /!#"," 0!!"," "," "," "," "," "," "," "," "," "," "," "," "]}},"2767":{"4899":{"keys":[39,62],"grid":[" '!+","00","00","00","00","00","00","00","00","00","00","00","00","00","00","00"]},"4898":{"keys":[39,62],"grid":[" '!+","00","00","00","00","00","00","00","00","00","00","00","00","00","00","00"]},"4918":{"keys":[62,39],"grid":[" "," "," "," "," ","!! 0","05","05","05","05","05","05","05","05","05","05"]},"4919":{"keys":[39,62],"grid":[" !!0","00","00","00","00","!","!","!","!","00"," '!+"," (!*"," )!)"," *!("," +!'"," ,!&"]},"4900":{"keys":[39,62],"grid":[" '!+","00"," &!,","02","02","02"," %!-","06","06"," $!.","09"," #!/","11"," !!0","!","!"]},"4897":{"keys":[39,62],"grid":[" %!-","00","00","00"," &!,","04","04","04","04","04","04"," '!+","11","11","11","11"]},"4896":{"keys":[39,62],"grid":[" )!)"," (!*","01"," '!+","03","03"," &!,","06","06"," %!-","09","09","09","09","09","09"]},"4895":{"keys":[39,62],"grid":[" "," "," "," "," "," "," "," "," /!#"," .!$"," -!%"," ,!&"," +!'","12"," *!("," )!)"]},"4920":{"keys":[39,62],"grid":[" -!%"," .!$"," /!#"," 0!!"," "," "," "," "," "," "," "," "," "," "," "," "]}},"2766":{"4902":{"keys":[39,62],"grid":[" #!/","00"," !!0","02","02","!","!","!","!","!","!","!","!","!","!","!"]},"4918":{"keys":[39,62],"grid":[" 0!!","00"," "," "," "," "," "," "," "," "," "," "," "," "," "," "]},"4919":{"keys":[39,62],"grid":[" "," "," "," "," "," "," "," 0!!"," /!#"," "," "," "," "," "," "," "]},"4901":{"keys":[39,62],"grid":[" .!$"," -!%"," ,!&","02"," +!'"," *!("," )!)"," (!*","07"," '!+","09"," &!,"," %!-","12"," $!.","14"]},"4900":{"keys":[39,62],"grid":[" "," "," "," "," "," "," "," "," "," "," "," "," "," "," "," /!#"]},"4914":{"keys":[62,39],"grid":[" "," "," "," "," "," "," "," "," "," "," ","!! 0","11","11","!# /","14"]},"4915":{"keys":[39,62],"grid":[" $!."," %!-","01","01","01","01","01","01","01","01","01","01","01","01","01"," &!,"]},"4916":{"keys":[39,62],"grid":[" &!,","00","00","00","00"," '!+","05","05"," (!*","08","08","08","08"," )!)","13","13"]},"4917":{"keys":[39,62],"grid":[" )!)","00"," *!(","02","02"," +!'","05"," ,!&","07"," -!%","09","09"," .!$","12"," /!#","14"]}},"2765":{"4909":{"keys":[39,62],"grid":[" #!/","00","00","00"," $!.","04","04","04","04","04","04","04","04","04"," %!-","14"]},"4908":{"keys":[39,62],"grid":[" #!/","00","00","00","00","00","00","00","00","00","00","00","00","00","00","00"]},"4905":{"keys":[39,62],"grid":[" '!+","00","00","00"," &!,","04","04","04","04"," %!-","09","09","09"," $!.","13","13"]},"4903":{"keys":[39,62],"grid":[" .!$","00","00"," -!%","03","03","03"," ,!&","07","07","07","07","07","07","07","07"]},"4902":{"keys":[39,62],"grid":[" "," "," "," "," "," "," "," "," "," "," 0!!","10","10"," /!#","13","13"]},"4912":{"keys":[39,62],"grid":[" )!)","00","00"," *!(","03","03","03"," +!'","07","07","07"," ,!&","11","11","11","11"]},"4913":{"keys":[39,62],"grid":[" ,!&"," -!%","01","01","01","01","01","01","01","01","01","01","01","01","01","01"]},"4907":{"keys":[39,62],"grid":[" !!0","00","00","00","00","00"," #!/","06","06","06","06","06","06","06","06","06"]},"4904":{"keys":[39,62],"grid":[" +!'","00","00"," *!(","03","03","03"," )!)","07","07","07"," (!*","11","11","11"," '!+"]},"4910":{"keys":[39,62],"grid":[" %!-","00","00","00","00","00","00","00","00"," &!,","09","09","09","09","09","09"]},"4911":{"keys":[39,62],"grid":[" &!,","00","00","00","00"," '!+","05","05","05","05","05"," (!*","11","11","11"," )!)"]},"4906":{"keys":[39,62],"grid":[" $!."," #!/","01","01","01","01"," !!0","06","06","06","06","06","06","06","06","06"]},"4914":{"keys":[39,62],"grid":[" -!%","00","00","00","00"," ,!&","05","05","00"," /!#"," "," "," "," "," "," "]}},"2798":{"4952":{"keys":[39,62],"grid":[" ,!&"," -!%"," .!$"," /!#"," 0!!"," "," "," "," "," "," "," "," "," "," "," "]},"4951":{"keys":[62,39],"grid":[" "," "," "," ","!! 0","!# /","!$ .","!% -","07","!& ,","!' +","!( *","!) )","!* (","!+ '","14"]}},"2799":{"4952":{"keys":[62,39],"grid":[" "," "," "," "," '!+","!","!","!","!","!","!","!","!","!","!","!"]}},"2792":{"4945":{"keys":[39,62],"grid":[" ,!&"," -!%"," .!$"," /!#"," 0!!","04"," "," "," "," "," "," "," "," "," "," "]},"4944":{"keys":[62,39],"grid":[" "," "," "," ","!! 0","!# /","05","!$ .","!% -","!& ,","!' +","!( *","!) )","12","!* (","!+ '"]}},"2793":{"4945":{"keys":[62,39],"grid":[" "," "," "," "," "," "," ","!! 0","!# /","!$ .","!% -","!& ,","11","!' +","!( *","!) )"]},"4946":{"keys":[39,62],"grid":[" *!("," +!'"," ,!&","02"," -!%"," .!$"," /!#"," 0!!"," "," "," "," "," "," "," "," "]}},"2790":{"4943":{"keys":[39,62],"grid":[" )!)"," +!'"," -!%"," /!#"," "," "," "," "," "," "," "," "," "," "," "," "]},"4942":{"keys":[62,39],"grid":[" "," "," "," "," "," "," "," "," "," "," "," "," ","!# /","!% -","!' +"]}},"2791":{"4944":{"keys":[39,62],"grid":[" .!$"," /!#"," 0!!"," "," "," "," "," "," "," "," "," "," "," "," "," "]},"4943":{"keys":[62,39],"grid":[" "," "," "," "," ","!# /","!% -","!' +","07","!( *","!) )","!* (","!+ '","!, &","!- %","14"]}},"2796":{"4950":{"keys":[39],"grid":[" "," "," "," "," "," "," "," "," "," "," "," "," "," "," "," "]},"4949":{"keys":[39,62],"grid":[" #!/"," $!."," %!-"," &!,"," '!+","04"," (!*"," )!)"," *!("," +!'"," ,!&"," -!%","11"," .!$"," /!#"," 0!!"]},"4948":{"keys":[62,39],"grid":[" "," "," "," "," "," "," "," "," "," "," "," "," "," "," ","!! 0"]}},"2797":{"4950":{"keys":[62,39],"grid":[" ","!! 0","!# /","02","!$ .","!% -","!& ,","!' +","!( *","!) )","09","!* (","!+ '","!, &","!- %","!. $"]},"4951":{"keys":[39,62],"grid":[" /!#","00"," 0!!"," "," "," "," "," "," "," "," "," "," "," "," "," "]}},"2794":{"4947":{"keys":[39,62],"grid":[" (!*","00"," )!)"," *!("," +!'"," ,!&"," -!%"," .!$","07"," /!#"," 0!!"," "," "," "," "," "]},"4946":{"keys":[62,39],"grid":[" "," "," "," "," "," "," "," "," ","!! 0","09","!# /","!$ .","!% -","!& ,","!' +"]}},"2795":{"4947":{"keys":[62,39],"grid":[" "," "," "," "," "," "," "," "," "," "," "," ","!! 0","!# /","!$ .","!% -"]},"4948":{"keys":[39,62],"grid":[" %!-"," &!,"," '!+"," (!*"," )!)"," *!("," +!'","06"," ,!&"," -!%"," .!$"," /!#"," 0!!"," "," "," "]}}}}