{"9":{"163":{"47":{"keys":[7,1,21],"grid":[" 0!!","00"," /!#"," .!##!"," -!###"," -!!#$"," ,!##$"," +!##%"," +!!#&"," *!##&"," )!##'"," (!##("," (!!#)"," '!##)"," &!##*"," &!!#+"]}},"168":{"39":{"keys":[7,1,21],"grid":[" .!##!"," -!###"," ,!##$"," ,!!#%"," +!##%"," *!##&"," )!##'"," (!##("," '!##)"," &!##*"," &!!#+"," %!##+"," $!##,"," #!##-"," !!##.","!##/"]},"38":{"keys":[7,1],"grid":[" "," "," "," "," "," "," "," "," "," "," "," "," "," "," 0!!"," /!#"]},"40":{"keys":[1,21],"grid":[" !!0","00","!","!","!","!","!","!","!","!","!","!","!","!","!","!"]}},"169":{"38":{"keys":[7,1,21],"grid":[" ,!##$"," +!##%"," *!##&"," )!##'"," (!##("," '!##)"," '!!#*"," &!##*"," %!##+"," $!##,"," #!##-"," !!##.","!##/","!!#0","13","#"]},"37":{"keys":[7,1,21],"grid":[" "," "," "," "," "," "," "," "," "," "," "," 0!!"," /!#"," .!##!"," .!!##"," -!###"]}},"164":{"46":{"keys":[7,1,21],"grid":[" ,!!#%"," +!##%"," *!##&"," *!!#'"," )!##'"," (!##("," '!##)"," '!!#*"," &!##*"," %!##+"," %!!#,"," $!##,"," #!##-"," !!##."," !!!#/","!##/"]},"47":{"keys":[1,21],"grid":[" !!0","!","!","!","!","!","!","!","!","!","!","!","!","!","!","!"]},"45":{"keys":[7,1,21],"grid":[" "," "," "," "," "," "," "," 0!!","07"," /!#"," /!!#!"," .!##!"," .!!##"," -!###"," -!!#$"," ,!##$"]}},"165":{"44":{"keys":[7,1,21],"grid":[" ,!##$"," ,!!#%"," +!##%"," +!!#&"," *!##&"," *!!#'"," )!##'"," )!!#("," (!##("," (!!#)"," '!##)"," '!!#*"," &!##*"," %!##+"," %!!#,"," $!##,"]},"45":{"keys":[7,1,21],"grid":[" $!!#-"," #!##-"," #!!#."," !!##."," !!!#/","!##/","!!#0","06","#","#","#","#","#","#","#","#"]},"43":{"keys":[7,1,21],"grid":[" "," "," "," "," "," "," "," "," 0!!","08"," /!#"," /!!#!"," .!##!"," .!!##"," -!###"," -!!#$"]}},"166":{"42":{"keys":[7,1,21],"grid":[" -!###"," ,!##$"," ,!!#%"," +!##%"," +!!#&"," *!##&"," *!!#'"," )!##'"," )!!#("," (!##("," (!!#)"," '!##)"," '!!#*"," &!##*"," &!!#+"," %!##+"]},"43":{"keys":[7,1,21],"grid":[" %!!#,"," $!##,"," #!##-"," #!!#."," !!##."," !!!#/","!##/","!!#0","07","#","#","#","#","#","#","#"]},"41":{"keys":[7,1,21],"grid":[" "," "," "," "," "," "," "," "," "," "," 0!!","10"," /!#"," /!!#!"," .!##!"," .!!##"]}},"167":{"40":{"keys":[7,1,21],"grid":[" "," 0!!"," /!#"," .!##!"," -!###"," ,!##$"," ,!!#%"," +!##%"," *!##&"," )!##'"," )!!#("," (!##("," (!!#)"," '!##)"," '!!#*"," &!##*"]},"41":{"keys":[7,1,21],"grid":[" &!!#+"," %!##+"," %!!#,"," $!##,"," #!##-"," #!!#."," !!##."," !!!#/","!##/","!!#0","09","#","#","#","#","#"]}},"171":{"36":{"keys":[7,"",21],"grid":[" !!!"," !##","#","#"]}},"170":{"37":{"keys":[7,1,21],"grid":[" *!##&"," )!##'"," (!##("," '!##)"," &!##*"," %!##+"," %!!#,"," $!##,"," #!##-"," !!##.","!##/","!!#0","#","#","#","#"]},"36":{"keys":[7,"",21,1],"grid":[" "," "," "," "," "," "," "," "," "," "," "," "," .!!##"," -#%"," +$##%"," +$!#&"]}}},"13":{"2712":{"612":{"keys":[7,21],"grid":[" ,!&"," +!'"," *!("," )!)","03"," (!*"," '!+"," &!,"," %!-"," $!."," #!/","10"," !!0","!","!","!"]},"611":{"keys":[7,21],"grid":[" "," "," "," "," "," "," "," "," "," "," "," 0!!","11"," /!#"," .!$"," -!%"]}},"2713":{"610":{"keys":[7,21],"grid":[" "," "," "," "," "," "," "," "," "," 0!!"," /!#"," .!$"," -!%","12"," ,!&"," +!'"]},"611":{"keys":[7,21],"grid":[" *!("," )!)"," (!*"," '!+"," &!,","04"," %!-"," $!."," #!/"," !!0","!","!","!","!","!","!"]}},"2659":{"690":{"keys":[7,21],"grid":[" (!*","00"," '!+","02"," &!,","04"," %!-","06"," $!.","08"," #!/","10"," !!0","12","!","!"]},"689":{"keys":[7,21],"grid":[" "," 0!!","01"," /!#","03"," .!$","05"," -!%","07"," ,!&","09"," +!'","11"," *!(","13"," )!)"]}},"2658":{"692":{"keys":[7,21],"grid":[" (!*"," '!+","01"," &!,","03"," %!-","05"," $!.","07"," #!/"," !!0","10","!","!","!","!"]},"690":{"keys":[7],"grid":[" "," "," "," "," "," "," "," "," "," "," "," "," "," "," "," "]},"691":{"keys":[7,21],"grid":[" 0!!","00"," /!#","02"," .!$"," -!%","05"," ,!&","07"," +!'","09"," *!(","11"," )!)","13"," (!*"]}},"2716":{"607":{"keys":[7,21],"grid":[" "," "," 0!!"," /!#"," .!$"," -!%"," ,!&"," +!'","07"," *!("," )!)"," (!*"," '!+"," &!,"," %!-"," $!."]},"608":{"keys":[7,21],"grid":[" $!."," #!/"," !!0","!","!","!","!","!","!","!","!","!","!","!","!","!"]}},"2717":{"605":{"keys":[7,21],"grid":[" "," "," "," "," "," "," "," "," "," "," "," "," "," "," "," 0!!"]},"607":{"keys":[7,21],"grid":[" !!0","!","!","!","!","!","!","!","!","!","!","!","!","!","!","!"]},"606":{"keys":[7,21],"grid":[" 0!!"," /!#"," .!$"," -!%"," ,!&"," +!'"," *!("," )!)","07"," (!*"," '!+"," &!,"," %!-"," $!."," #!/"," !!0"]}},"2714":{"610":{"keys":[7,21],"grid":[" (!*"," '!+"," &!,"," %!-"," $!."," #!/","05"," !!0","!","!","!","!","!","!","!","!"]},"609":{"keys":[7,21],"grid":[" "," "," "," "," "," "," 0!!","06"," /!#"," .!$"," -!%"," ,!&"," +!'"," *!(","13"," )!)"]}},"2715":{"609":{"keys":[7,21],"grid":[" &!,"," %!-"," $!."," #!/"," !!0","!","!","!","!","!","!","!","!","!","!","!"]},"608":{"keys":[7,21],"grid":[" "," "," "," "," 0!!"," /!#"," .!$","06"," -!%"," ,!&"," +!'"," *!("," )!)"," (!*"," '!+","14"]}},"2653":{"700":{"keys":[7,21],"grid":[" "," "," "," "," "," "," "," "," "," 0!!","09"," /!#","11"," .!$","13"," -!%"]},"701":{"keys":[7,21],"grid":[" -!%"," ,!&","01"," +!'"," *!(","04"," )!)","06"," (!*","08"," '!+","10"," &!,","12"," %!-","14"]},"702":{"keys":[7,21],"grid":[" $!.","00"," #!/","02"," !!0","04","!","!","!","!","!","!","!","!","!","!"]}},"2652":{"704":{"keys":[7,21],"grid":[" $!."," #!/","01"," !!0","03","!","!","!","!","!","!","!","!","!","!","!"]},"702":{"keys":[7,21],"grid":[" "," "," "," "," "," "," "," "," 0!!","08"," /!#","10"," .!$","12"," -!%"," ,!&"]},"703":{"keys":[7,21],"grid":[" ,!&"," +!'","01"," *!(","03"," )!)","05"," (!*","07"," '!+","09"," &!,","11"," %!-","13"," $!."]}},"2651":{"704":{"keys":[7,21],"grid":[" "," "," "," "," "," "," "," 0!!","07"," /!#"," .!$","10"," -!%","12"," ,!&","14"]},"705":{"keys":[7,21],"grid":[" +!'","00"," *!(","02"," )!)","04"," (!*","06"," '!+","08"," &!,","10"," %!-","12"," $!.","14"]},"706":{"keys":[7,21],"grid":[" #!/","00"," !!0","02","!","!","!","!","!","!","!","!","!","!","!","!"]}},"2650":{"706":{"keys":[7,21],"grid":[" "," "," "," "," "," "," 0!!"," /!#","07"," .!$","09"," -!%","11"," ,!&","13"," +!'"]},"707":{"keys":[7,21],"grid":[" +!'"," *!(","01"," )!)","03"," (!*","05"," '!+","07"," &!,","09"," %!-","11"," $!.","13"," #!/"]},"708":{"keys":[7,21],"grid":[" #!/"," !!0","01","!","!","!","!","!","!","!","!","!","!","!","!","!"]}},"2657":{"692":{"keys":[7,21],"grid":[" "," "," "," "," "," "," "," "," "," "," "," "," "," "," 0!!","14"]},"693":{"keys":[7,21],"grid":[" /!#","00"," .!$","02"," -!%","04"," ,!&","06"," +!'","08"," *!(","10"," )!)","12"," (!*"," '!+"]},"694":{"keys":[7,21],"grid":[" '!+"," &!,","01"," %!-","03"," $!.","05"," #!/","07"," !!0","09","!","!","!","!","!"]}},"2656":{"696":{"keys":[7,21],"grid":[" &!,","00"," %!-","02"," $!.","04"," #!/","06"," !!0","08","!","!","!","!","!","!"]},"694":{"keys":[7,21],"grid":[" "," "," "," "," "," "," "," "," "," "," "," "," "," 0!!","13"," /!#"]},"695":{"keys":[7,21],"grid":[" /!#"," .!$","01"," -!%"," ,!&","04"," +!'","06"," *!(","08"," )!)","10"," (!*","12"," '!+","14"]}},"2655":{"698":{"keys":[7,21],"grid":[" &!,"," %!-"," $!.","02"," #!/","04"," !!0","06","!","!","!","!","!","!","!","!"]},"696":{"keys":[7,21],"grid":[" "," "," "," "," "," "," "," "," "," "," "," 0!!","11"," /!#","13"," .!$"]},"697":{"keys":[7,21],"grid":[" .!$"," -!%","01"," ,!&","03"," +!'","05"," *!(","07"," )!)","09"," (!*","11"," '!+","13"," &!,"]}},"2654":{"698":{"keys":[7,21],"grid":[" "," "," "," "," "," "," "," "," "," "," 0!!","10"," /!#","12"," .!$","14"]},"699":{"keys":[7,21],"grid":[" -!%","00"," ,!&","02"," +!'","04"," *!(","06"," )!)","08"," (!*"," '!+","11"," &!,","13"," %!-"]},"700":{"keys":[7,21],"grid":[" %!-"," $!.","01"," #!/","03"," !!0","05","!","!","!","!","!","!","!","!","!"]}},"2711":{"612":{"keys":[7,21],"grid":[" "," "," "," "," "," "," "," "," "," "," "," "," "," "," 0!!"," /!#"]},"613":{"keys":[7,21],"grid":[" .!$"," -!%"," ,!&","02"," +!'"," *!("," )!)"," (!*"," '!+"," &!,","09"," %!-"," $!."," #!/"," !!0","!"]}},"2718":{"605":{"keys":[7,21],"grid":[" .!$"," -!%"," ,!&"," +!'"," *!("," )!)"," (!*"," '!+","07"," &!,"," %!-"," $!."," #!/"," !!0","!","!"]},"604":{"keys":[7,21],"grid":[" "," "," "," "," "," "," "," "," "," "," "," "," "," 0!!"," /!#"," .!$"]}},"2719":{"604":{"keys":[7,21],"grid":[" ,!&"," +!'"," *!("," )!)"," (!*"," '!+"," &!,"," %!-","07"," $!."," #!/"," !!0","!","!","!","!"]},"603":{"keys":[7,21],"grid":[" "," "," "," "," "," "," "," "," "," "," "," 0!!"," /!#"," .!$"," -!%"," ,!&"]}},"2709":{"616":{"keys":[7,21],"grid":[" %!-"," $!."," #!/"," !!0","!","!","!","!","!","!","!","!","!","!","!","!"]},"615":{"keys":[7,21],"grid":[" "," "," "," 0!!"," /!#"," .!$"," -!%","06"," ,!&"," +!'"," *!("," )!)"," (!*"," '!+"," &!,","14"]}},"2708":{"616":{"keys":[7,21],"grid":[" "," "," "," "," "," 0!!","05"," /!#"," .!$"," -!%"," ,!&"," +!'"," *!(","12"," )!)"," (!*"]},"617":{"keys":[7,21],"grid":[" '!+"," &!,"," %!-"," $!.","03"," #!/"," !!0","!","!","!","!","!","!","!","!","!"]}},"2705":{"620":{"keys":[7,21],"grid":[" .!$"," -!%"," ,!&"," +!'"," *!("," )!)","05"," (!*"," '!+"," &!,"," %!-"," $!.","11"," #!/"," !!0","!"]},"619":{"keys":[7,21],"grid":[" "," "," "," "," "," "," "," "," "," "," "," "," "," 0!!"," /!#","14"]}},"2704":{"622":{"keys":[7,21],"grid":[" !!0","00","!","!","!","!","!","!","!","!","!","!","!","!","!","!"]},"621":{"keys":[7,21],"grid":[" 0!!"," /!#"," .!$","02"," -!%"," ,!&"," +!'"," *!("," )!)"," (!*","09"," '!+"," &!,"," %!-"," $!."," #!/"]},"620":{"keys":[7],"grid":[" "," "," "," "," "," "," "," "," "," "," "," "," "," "," "," "]}},"2707":{"618":{"keys":[7,21],"grid":[" )!)"," (!*","01"," '!+"," &!,"," %!-"," $!."," #!/"," !!0","08","!","!","!","!","!","!"]},"617":{"keys":[7,21],"grid":[" "," "," "," "," "," "," "," "," 0!!"," /!#"," .!$","10"," -!%"," ,!&"," +!'"," *!("]}},"2706":{"618":{"keys":[7,21],"grid":[" "," "," "," "," "," "," "," "," "," "," "," 0!!"," /!#"," .!$"," -!%"," ,!&"]},"619":{"keys":[7,21],"grid":[" ,!&"," +!'"," *!("," )!)"," (!*"," '!+"," &!,","06"," %!-"," $!."," #!/"," !!0","!","!","!","!"]}},"2701":{"625":{"keys":[7,21],"grid":[" )!)","00"," (!*"," '!+"," &!,"," %!-"," $!."," #!/","07"," !!0","!","!","!","!","!","!"]},"624":{"keys":[7,21],"grid":[" "," "," "," "," "," "," "," "," 0!!"," /!#","09"," .!$"," -!%"," ,!&"," +!'"," *!("]}},"2700":{"626":{"keys":[7,21],"grid":[" ,!&"," +!'"," *!("," )!)"," (!*","04"," '!+"," &!,"," %!-"," $!."," #!/"," !!0","11","!","!","!"]},"625":{"keys":[7,21],"grid":[" "," "," "," "," "," "," "," "," "," "," "," 0!!"," /!#"," .!$","13"," -!%"]}},"2703":{"623":{"keys":[7,21],"grid":[" %!-"," $!."," #!/"," !!0","!","!","!","!","!","!","!","!","!","!","!","!"]},"622":{"keys":[7,21],"grid":[" "," "," "," 0!!"," /!#"," .!$"," -!%"," ,!&","07"," +!'"," *!("," )!)"," (!*"," '!+"," &!,","14"]}},"2702":{"623":{"keys":[7,21],"grid":[" "," "," "," "," "," 0!!","05"," /!#"," .!$"," -!%"," ,!&"," +!'"," *!(","12"," )!)"," (!*"]},"624":{"keys":[7,21],"grid":[" '!+"," &!,"," %!-","02"," $!."," #!/"," !!0","!","!","!","!","!","!","!","!","!"]}},"2648":{"712":{"keys":[7,21],"grid":[" !!0","!","!","!","!","!","!","!","!","!","!","!","!","!","!","!"]},"711":{"keys":[7,21],"grid":[" *!("," )!)","01"," (!*","03"," '!+","05"," &!,","07"," %!-","09"," $!.","11"," #!/","13"," !!0"]},"710":{"keys":[7,21],"grid":[" "," "," "," "," 0!!","04"," /!#"," .!$","07"," -!%","09"," ,!&","11"," +!'","13"," *!("]}},"2649":{"708":{"keys":[7,21],"grid":[" "," "," "," "," "," 0!!"," /!#","06"," .!$","08"," -!%","10"," ,!&","12"," +!'","14"]},"709":{"keys":[7,21],"grid":[" *!(","00"," )!)","02"," (!*","04"," '!+","06"," &!,","08"," %!-","10"," $!.","12"," #!/","14"]},"710":{"keys":[7,21],"grid":[" !!0","00","!","!","!","!","!","!","!","!","!","!","!","!","!","!"]}},"2710":{"613":{"keys":[7],"grid":[" "," "," "," "," "," "," "," "," "," "," "," "," "," "," "," "]},"614":{"keys":[7,21],"grid":[" 0!!","00"," /!#"," .!$"," -!%"," ,!&"," +!'"," *!("," )!)","08"," (!*"," '!+"," &!,"," %!-"," $!."," #!/"]},"615":{"keys":[7,21],"grid":[" #!/"," !!0","!","!","!","!","!","!","!","!","!","!","!","!","!","!"]}},"2666":{"675":{"keys":[7,21],"grid":[" "," "," "," "," "," "," "," "," "," "," "," "," "," 0!!","13"," /!#"]},"676":{"keys":[7,21],"grid":[" /!#"," .!$","01"," -!%","03"," ,!&","05"," +!'","07"," *!(","09"," )!)","11"," (!*"," '!+","14"]},"677":{"keys":[7,21],"grid":[" &!,","00"," %!-","02"," $!.","04"," #!/","06"," !!0","08","!","!","!","!","!","!"]}},"2667":{"674":{"keys":[7,21],"grid":[" 0!!"," /!#","01"," .!$","03"," -!%","05"," ,!&","07"," +!'","09"," *!(","11"," )!)"," (!*","14"]},"675":{"keys":[7,21],"grid":[" '!+","00"," &!,","02"," %!-","04"," $!.","06"," #!/","08"," !!0","10","!","!","!","!"]},"673":{"keys":[7,21],"grid":[" "," "," "," "," "," "," "," "," "," "," "," "," "," "," "," 0!!"]}},"2664":{"681":{"keys":[7,21],"grid":[" $!.","00"," #!/","02"," !!0","04","!","!","!","!","!","!","!","!","!","!"]},"680":{"keys":[7,21],"grid":[" -!%"," ,!&","01"," +!'","03"," *!(","05"," )!)","07"," (!*","09"," '!+","11"," &!,"," %!-","14"]},"679":{"keys":[7,21],"grid":[" "," "," "," "," "," "," "," "," "," "," 0!!","10"," /!#"," .!$","13"," -!%"]}},"2665":{"677":{"keys":[7,21],"grid":[" "," "," "," "," "," "," "," "," "," "," "," "," 0!!"," /!#","13"," .!$"]},"678":{"keys":[7,21],"grid":[" .!$"," -!%","01"," ,!&","03"," +!'","05"," *!(","07"," )!)","09"," (!*","11"," '!+"," &!,","14"]},"679":{"keys":[7,21],"grid":[" %!-","00"," $!.","02"," #!/","04"," !!0","06","!","!","!","!","!","!","!","!"]}},"2662":{"685":{"keys":[7,21],"grid":[" #!/"," !!0","01","!","!","!","!","!","!","!","!","!","!","!","!","!"]},"684":{"keys":[7,21],"grid":[" +!'","00"," *!("," )!)","03"," (!*","05"," '!+","07"," &!,","09"," %!-","11"," $!.","13"," #!/"]},"683":{"keys":[7,21],"grid":[" "," "," "," "," "," "," 0!!","06"," /!#","08"," .!$","10"," -!%","12"," ,!&","14"]}},"2663":{"681":{"keys":[7,21],"grid":[" "," "," "," "," "," "," "," "," 0!!","08"," /!#","10"," .!$","12"," -!%"," ,!&"]},"683":{"keys":[7,21],"grid":[" #!/","00"," !!0","02","!","!","!","!","!","!","!","!","!","!","!","!"]},"682":{"keys":[7,21],"grid":[" ,!&"," +!'","01"," *!(","03"," )!)","05"," (!*","07"," '!+","09"," &!,","11"," %!-","13"," $!."]}},"2660":{"687":{"keys":[7,21],"grid":[" "," "," "," 0!!","03"," /!#","05"," .!$","07"," -!%"," ,!&","10"," +!'","12"," *!(","14"]},"689":{"keys":[21],"grid":[" "," "," "," "," "," "," "," "," "," "," "," "," "," "," "," "]},"688":{"keys":[7,21],"grid":[" )!)","00"," (!*","02"," '!+","04"," &!,","06"," %!-","08"," $!.","10"," #!/"," !!0","13","!"]}},"2661":{"685":{"keys":[7,21],"grid":[" "," "," "," "," 0!!","04"," /!#","06"," .!$","08"," -!%","10"," ,!&","12"," +!'","14"]},"687":{"keys":[7,21],"grid":[" !!0","!","!","!","!","!","!","!","!","!","!","!","!","!","!","!"]},"686":{"keys":[7,21],"grid":[" *!(","00"," )!)","02"," (!*","04"," '!+"," &!,","07"," %!-","09"," $!.","11"," #!/","13"," !!0"]}},"2668":{"672":{"keys":[7,21],"grid":[" "," 0!!","01"," /!#","03"," .!$","05"," -!%","07"," ,!&","09"," +!'","11"," *!(","13"," )!)"]},"673":{"keys":[7,21],"grid":[" (!*","00"," '!+","02"," &!,","04"," %!-","06"," $!.","08"," #!/","10"," !!0","12","!","!"]}},"2669":{"670":{"keys":[7,21],"grid":[" "," "," "," "," 0!!"," /!#","05"," .!$","07"," -!%","09"," ,!&","11"," +!'","13"," *!("]},"671":{"keys":[7,21],"grid":[" *!("," )!)"," (!*","02"," '!+","04"," &!,","06"," %!-","08"," $!.","10"," #!/","12"," !!0","14"]},"672":{"keys":[21],"grid":[" "," "," "," "," "," "," "," "," "," "," "," "," "," "," "," "]}},"2646":{"716":{"keys":[21],"grid":[" "," "," "," "," "," "," "," "," "," "," "," "," "," "," "," "]},"715":{"keys":[7,21],"grid":[" )!)"," (!*","01"," '!+","03"," &!,","05"," %!-","07"," $!.","09"," #!/","11"," !!0","13","!"]},"714":{"keys":[7,21],"grid":[" "," "," 0!!","02"," /!#","04"," .!$","06"," -!%","08"," ,!&","10"," +!'","12"," *!("," )!)"]}},"2647":{"714":{"keys":[21],"grid":[" "," "," "," "," "," "," "," "," "," "," "," "," "," "," "," "]},"713":{"keys":[7,21],"grid":[" )!)","00"," (!*","02"," '!+","04"," &!,","06"," %!-","08"," $!.","10"," #!/","12"," !!0","14"]},"712":{"keys":[7,21],"grid":[" "," "," "," 0!!","03"," /!#","05"," .!$","07"," -!%"," ,!&","10"," +!'","12"," *!(","14"]}},"2671":{"667":{"keys":[7,21],"grid":[" ,!&"," +!'","01"," *!(","03"," )!)","05"," (!*","07"," '!+"," &!,","10"," %!-","12"," $!.","14"]},"666":{"keys":[7,21],"grid":[" "," "," "," "," "," "," "," "," 0!!","08"," /!#","10"," .!$"," -!%","13"," ,!&"]},"668":{"keys":[7,21],"grid":[" #!/","00"," !!0","02","!","!","!","!","!","!","!","!","!","!","!","!"]}},"2670":{"670":{"keys":[7,21],"grid":[" !!0","00","!","!","!","!","!","!","!","!","!","!","!","!","!","!"]},"669":{"keys":[7,21],"grid":[" +!'"," *!(","01"," )!)","03"," (!*"," '!+","06"," &!,","08"," %!-","10"," $!.","12"," #!/","14"]},"668":{"keys":[7,21],"grid":[" "," "," "," "," "," "," 0!!","06"," /!#"," .!$","09"," -!%","11"," ,!&","13"," +!'"]}},"2673":{"664":{"keys":[7,21],"grid":[" &!,"," %!-","01"," $!.","03"," #!/"," !!0","06","!","!","!","!","!","!","!","!"]},"663":{"keys":[7,21],"grid":[" .!$","00"," -!%","02"," ,!&","04"," +!'","06"," *!("," )!)","09"," (!*","11"," '!+","13"," &!,"]},"662":{"keys":[7,21],"grid":[" "," "," "," "," "," "," "," "," "," "," "," "," 0!!","12"," /!#","14"]}},"2672":{"666":{"keys":[7,21],"grid":[" $!.","00"," #!/","02"," !!0","04","!","!","!","!","!","!","!","!","!","!"]},"665":{"keys":[7,21],"grid":[" -!%","00"," ,!&"," +!'","03"," *!(","05"," )!)","07"," (!*","09"," '!+","11"," &!,","13"," %!-"]},"664":{"keys":[7,21],"grid":[" "," "," "," "," "," "," "," "," "," "," 0!!","10"," /!#","12"," .!$","14"]}},"2675":{"659":{"keys":[7,21],"grid":[" "," 0!!","01"," /!#","03"," .!$","05"," -!%","07"," ,!&"," +!'","10"," *!(","12"," )!)","14"]},"660":{"keys":[7,21],"grid":[" (!*","00"," '!+","02"," &!,","04"," %!-"," $!.","07"," #!/","09"," !!0","11","!","!","!"]}},"2674":{"662":{"keys":[7,21],"grid":[" '!+"," &!,","01"," %!-","03"," $!.","05"," #!/","07"," !!0","09","!","!","!","!","!"]},"661":{"keys":[7,21],"grid":[" 0!!"," /!#"," .!$","02"," -!%","04"," ,!&","06"," +!'","08"," *!(","10"," )!)","12"," (!*"," '!+"]},"660":{"keys":[7,21],"grid":[" "," "," "," "," "," "," "," "," "," "," "," "," "," "," "," 0!!"]}},"2677":{"656":{"keys":[7,21],"grid":[" +!'"," *!(","01"," )!)","03"," (!*","05"," '!+","07"," &!,"," %!-","10"," $!.","12"," #!/","14"]},"657":{"keys":[7,21],"grid":[" !!0","00","!","!","!","!","!","!","!","!","!","!","!","!","!","!"]},"655":{"keys":[7,21],"grid":[" "," "," "," "," "," "," 0!!","06"," /!#","08"," .!$","10"," -!%"," ,!&","13"," +!'"]}},"2676":{"657":{"keys":[7,21],"grid":[" "," "," "," "," 0!!"," /!#","05"," .!$","07"," -!%","09"," ,!&","11"," +!'","13"," *!("]},"658":{"keys":[7,21],"grid":[" *!("," )!)"," (!*","02"," '!+","04"," &!,","06"," %!-","08"," $!.","10"," #!/"," !!0","13","!"]},"659":{"keys":[21],"grid":[" "," "," "," "," "," "," "," "," "," "," "," "," "," "," "," "]}},"2679":{"652":{"keys":[7,21],"grid":[" .!$"," -!%","01"," ,!&"," +!'","04"," *!(","06"," )!)","08"," (!*","10"," '!+","12"," &!,","14"]},"653":{"keys":[7,21],"grid":[" %!-"," $!.","01"," #!/","03"," !!0","05","!","!","!","!","!","!","!","!","!"]},"651":{"keys":[7,21],"grid":[" "," "," "," "," "," "," "," "," "," "," "," 0!!","11"," /!#","13"," .!$"]}},"2678":{"654":{"keys":[7,21],"grid":[" ,!&","00"," +!'","02"," *!(","04"," )!)"," (!*","07"," '!+","09"," &!,","11"," %!-","13"," $!."]},"655":{"keys":[7,21],"grid":[" $!."," #!/"," !!0","02","!","!","!","!","!","!","!","!","!","!","!","!"]},"653":{"keys":[7,21],"grid":[" "," "," "," "," "," "," "," "," "," 0!!","09"," /!#"," .!$","12"," -!%","14"]}},"2617":{"762":{"keys":[7,21],"grid":[" &!,"," %!-","01"," $!."," #!/","04"," !!0","!","!","!","!","!","!","!","!","!"]},"761":{"keys":[7,21],"grid":[" "," "," 0!!"," /!#","03"," .!$"," -!%","06"," ,!&"," +!'"," *!(","10"," )!)"," (!*","13"," '!+"]}},"2616":{"762":{"keys":[7,21],"grid":[" "," "," "," "," "," "," "," "," "," 0!!"," /!#"," .!$","11"," -!%"," ,!&","14"]},"763":{"keys":[7,21],"grid":[" +!'"," *!("," )!)","02"," (!*"," '!+","05"," &!,"," %!-","08"," $!."," #!/"," !!0","12","!","!"]}},"2615":{"763":{"keys":[7,21],"grid":[" "," "," "," "," "," "," "," "," "," "," "," "," "," "," "," 0!!"]},"764":{"keys":[7,21],"grid":[" 0!!"," /!#"," .!$"," -!%","03"," ,!&"," +!'","06"," *!("," )!)","09"," (!*"," '!+"," &!,","13"," %!-"]},"765":{"keys":[7,21],"grid":[" $!.","00"," #!/"," !!0","03","!","!","!","!","!","!","!","!","!","!","!"]}},"2614":{"766":{"keys":[7,21],"grid":[" )!)"," (!*","01"," '!+"," &!,","04"," %!-"," $!."," #!/","08"," !!0","!","!","!","!","!"]},"765":{"keys":[7,21],"grid":[" "," "," "," "," "," "," 0!!"," /!#","07"," .!$"," -!%","10"," ,!&"," +!'"," *!(","14"]}},"2613":{"766":{"keys":[7,21],"grid":[" "," "," "," "," "," "," "," "," "," "," "," "," "," 0!!"," /!#","14"]},"767":{"keys":[7,21],"grid":[" .!$"," -!%"," ,!&","02"," +!'"," *!(","05"," )!)"," (!*"," '!+","09"," &!,"," %!-","12"," $!."," #!/"]}},"2619":{"759":{"keys":[7,21],"grid":[" (!*"," '!+","01"," &!,"," %!-","04"," $!."," #!/"," !!0","08","!","!","!","!","!","!"]},"758":{"keys":[7,21],"grid":[" "," "," "," "," "," 0!!"," /!#","06"," .!$"," -!%"," ,!&","10"," +!'"," *!(","13"," )!)"]}},"2618":{"760":{"keys":[7,21],"grid":[" -!%"," ,!&"," +!'","02"," *!("," )!)","05"," (!*"," '!+"," &!,","09"," %!-"," $!.","12"," #!/"," !!0"]},"761":{"keys":[21],"grid":[" "," "," "," "," "," "," "," "," "," "," "," "," "," "," "," "]},"759":{"keys":[7,21],"grid":[" "," "," "," "," "," "," "," "," "," "," "," 0!!","11"," /!#"," .!$","14"]}},"2639":{"727":{"keys":[7,21],"grid":[" "," "," "," "," "," "," "," "," "," "," "," "," "," "," 0!!","14"]},"728":{"keys":[7,21],"grid":[" /!#","00"," .!$","02"," -!%","04"," ,!&","06"," +!'"," *!(","09"," )!)","11"," (!*","13"," '!+"]},"729":{"keys":[7,21],"grid":[" '!+"," &!,","01"," %!-","03"," $!.","05"," #!/","07"," !!0","09","!","!","!","!","!"]}},"2638":{"731":{"keys":[7,21],"grid":[" '!+"," &!,","01"," %!-","03"," $!.","05"," #!/","07"," !!0","09","!","!","!","!","!"]},"730":{"keys":[7,21],"grid":[" /!#"," .!$","01"," -!%","03"," ,!&","05"," +!'","07"," *!(","09"," )!)","11"," (!*","13"," '!+"]},"729":{"keys":[7,21],"grid":[" "," "," "," "," "," "," "," "," "," "," "," "," "," 0!!","13"," /!#"]}},"2688":{"641":{"keys":[7,21],"grid":[" !!0","!","!","!","!","!","!","!","!","!","!","!","!","!","!","!"]},"640":{"keys":[7,21],"grid":[" /!#"," .!$"," -!%","02"," ,!&"," +!'"," *!("," )!)"," (!*","08"," '!+"," &!,"," %!-"," $!."," #!/","14"]},"639":{"keys":[7,21],"grid":[" "," "," "," "," "," "," "," "," "," "," "," "," "," "," "," 0!!"]}},"2689":{"638":{"keys":[7,21],"grid":[" "," "," "," "," "," "," "," "," "," "," "," "," 0!!"," /!#"," .!$"," -!%"]},"639":{"keys":[7,21],"grid":[" ,!&","00"," +!'"," *!("," )!)"," (!*"," '!+","06"," &!,"," %!-"," $!."," #!/"," !!0","12","!","!"]}},"2684":{"645":{"keys":[7,21],"grid":[" -!%"," ,!&"," +!'"," *!("," )!)"," (!*","05"," '!+"," &!,"," %!-"," $!."," #!/","11"," !!0","!","!"]},"644":{"keys":[7,21],"grid":[" "," "," "," "," "," "," "," "," "," "," "," "," 0!!"," /!#"," .!$"," -!%"]}},"2685":{"643":{"keys":[7,21],"grid":[" "," "," "," "," "," "," "," "," 0!!","08"," /!#"," .!$"," -!%"," ,!&"," +!'","14"]},"644":{"keys":[7,21],"grid":[" *!("," )!)"," (!*"," '!+","03"," &!,"," %!-"," $!."," #!/"," !!0","09","!","!","!","!","!"]}},"2686":{"643":{"keys":[7,21],"grid":[" '!+"," &!,"," %!-","02"," $!."," #!/"," !!0","!","!","!","!","!","!","!","!","!"]},"642":{"keys":[7,21],"grid":[" "," "," "," "," "," 0!!"," /!#","06"," .!$"," -!%"," ,!&"," +!'"," *!(","12"," )!)"," (!*"]}},"2687":{"641":{"keys":[7,21],"grid":[" "," "," 0!!"," /!#"," .!$","04"," -!%"," ,!&"," +!'"," *!("," )!)","10"," (!*"," '!+"," &!,"," %!-"]},"642":{"keys":[7,21],"grid":[" $!.","00"," #!/"," !!0","!","!","!","!","!","!","!","!","!","!","!","!"]}},"2680":{"649":{"keys":[7,21],"grid":[" "," "," "," "," "," "," "," "," "," "," "," "," "," "," 0!!","14"]},"650":{"keys":[7,21],"grid":[" /!#","00"," .!$"," -!%","03"," ,!&","05"," +!'","07"," *!(","09"," )!)","11"," (!*"," '!+","14"]},"651":{"keys":[7,21],"grid":[" &!,","00"," %!-","02"," $!.","04"," #!/","06"," !!0","!","!","!","!","!","!","!"]}},"2681":{"649":{"keys":[7,21],"grid":[" (!*"," '!+","01"," &!,","03"," %!-","05"," $!."," #!/","08"," !!0","10","!","!","!","!"]},"648":{"keys":[7,21],"grid":[" "," "," "," "," "," "," 0!!"," /!#"," .!$"," -!%","09"," ,!&"," +!'"," *!("," )!)"," (!*"]}},"2682":{"648":{"keys":[7,21],"grid":[" %!-"," $!."," #!/"," !!0","!","!","!","!","!","!","!","!","!","!","!","!"]},"647":{"keys":[7,21],"grid":[" "," "," 0!!","02"," /!#"," .!$"," -!%"," ,!&"," +!'","08"," *!("," )!)"," (!*"," '!+"," &!,","14"]}},"2683":{"645":{"keys":[7,21],"grid":[" "," "," "," "," "," "," "," "," "," "," "," "," "," "," "," 0!!"]},"647":{"keys":[7,21],"grid":[" !!0","!","!","!","!","!","!","!","!","!","!","!","!","!","!","!"]},"646":{"keys":[7,21],"grid":[" /!#"," .!$","01"," -!%"," ,!&"," +!'"," *!("," )!)","07"," (!*"," '!+"," &!,"," %!-","12"," $!."," #!/"]}},"2622":{"755":{"keys":[7,21],"grid":[" &!,"," %!-"," $!.","02"," #!/"," !!0","!","!","!","!","!","!","!","!","!","!"]},"754":{"keys":[7,21],"grid":[" "," 0!!","01"," /!#"," .!$"," -!%","05"," ,!&"," +!'","08"," *!("," )!)"," (!*","12"," '!+"," &!,"]}},"2623":{"753":{"keys":[7,21],"grid":[" ,!&","00"," +!'"," *!(","03"," )!)"," (!*"," '!+","07"," &!,"," %!-","10"," $!."," #!/"," !!0","14"]},"752":{"keys":[7,21],"grid":[" "," "," "," "," "," "," "," "," "," "," "," 0!!"," /!#","12"," .!$"," -!%"]},"754":{"keys":[21],"grid":[" "," "," "," "," "," "," "," "," "," "," "," "," "," "," "," "]}},"2620":{"758":{"keys":[7,21],"grid":[" $!."," #!/"," !!0","!","!","!","!","!","!","!","!","!","!","!","!","!"]},"757":{"keys":[7,21],"grid":[" /!#"," .!$"," -!%","02"," ,!&"," +!'","05"," *!("," )!)"," (!*","09"," '!+"," &!,","12"," %!-"," $!."]},"756":{"keys":[7,21],"grid":[" "," "," "," "," "," "," "," "," "," "," "," "," "," "," 0!!","14"]}},"2621":{"756":{"keys":[7,21],"grid":[" *!(","00"," )!)"," (!*"," '!+","04"," &!,"," %!-","07"," $!."," #!/"," !!0","11","!","!","!"]},"755":{"keys":[7,21],"grid":[" "," "," "," "," "," "," "," "," 0!!"," /!#","09"," .!$"," -!%"," ,!&","13"," +!'"]}},"2626":{"748":{"keys":[7,21],"grid":[" "," "," "," "," "," "," "," "," 0!!"," /!#","09"," .!$"," -!%"," ,!&","13"," +!'"]},"749":{"keys":[7,21],"grid":[" *!(","00"," )!)"," (!*"," '!+","04"," &!,"," %!-","07"," $!."," #!/"," !!0","11","!","!","!"]}},"2627":{"748":{"keys":[7,21],"grid":[" &!,"," %!-"," $!.","02"," #!/"," !!0","!","!","!","!","!","!","!","!","!","!"]},"747":{"keys":[7,21],"grid":[" "," "," 0!!"," /!#"," .!$","04"," -!%"," ,!&"," +!'","08"," *!("," )!)","11"," (!*"," '!+"," &!,"]}},"2624":{"752":{"keys":[7,21],"grid":[" (!*"," '!+"," &!,","02"," %!-"," $!.","05"," #!/"," !!0","!","!","!","!","!","!","!"]},"751":{"keys":[7,21],"grid":[" "," "," "," "," 0!!","04"," /!#"," .!$","07"," -!%"," ,!&"," +!'","11"," *!("," )!)","14"]}},"2625":{"749":{"keys":[7,21],"grid":[" "," "," "," "," "," "," "," "," "," "," "," "," "," "," 0!!","14"]},"751":{"keys":[7,21],"grid":[" #!/","00"," !!0","!","!","!","!","!","!","!","!","!","!","!","!","!"]},"750":{"keys":[7,21],"grid":[" /!#"," .!$"," -!%","02"," ,!&"," +!'"," *!(","06"," )!)"," (!*","09"," '!+"," &!,"," %!-","13"," $!."]}},"2628":{"745":{"keys":[7,21],"grid":[" "," "," "," "," "," "," "," "," "," "," "," 0!!","11"," /!#"," .!$"," -!%"]},"746":{"keys":[7,21],"grid":[" -!%"," ,!&"," +!'","02"," *!("," )!)"," (!*","06"," '!+"," &!,","09"," %!-"," $!."," #!/","13"," !!0"]},"747":{"keys":[21],"grid":[" "," "," "," "," "," "," "," "," "," "," "," "," "," "," "," "]}},"2629":{"744":{"keys":[7,21],"grid":[" "," "," "," "," "," 0!!"," /!#","06"," .!$"," -!%","09"," ,!&"," +!'"," *!(","13"," )!)"]},"745":{"keys":[7,21],"grid":[" (!*","00"," '!+"," &!,"," %!-","04"," $!."," #!/","07"," !!0","!","!","!","!","!","!"]}},"2699":{"628":{"keys":[21],"grid":[" "," "," "," "," "," "," "," "," "," "," "," "," "," "," "," "]},"627":{"keys":[7,21],"grid":[" .!$"," -!%","01"," ,!&"," +!'"," *!("," )!)"," (!*"," '!+","08"," &!,"," %!-"," $!."," #!/"," !!0","14"]},"626":{"keys":[7,21],"grid":[" "," "," "," "," "," "," "," "," "," "," "," "," "," "," 0!!"," /!#"]}},"2698":{"629":{"keys":[7,21],"grid":[" #!/"," !!0","!","!","!","!","!","!","!","!","!","!","!","!","!","!"]},"628":{"keys":[7,21],"grid":[" "," 0!!"," /!#"," .!$"," -!%"," ,!&","05"," +!'"," *!("," )!)"," (!*"," '!+"," &!,","12"," %!-"," $!."]}},"2697":{"630":{"keys":[7,21],"grid":[" &!,"," %!-"," $!."," #!/"," !!0","!","!","!","!","!","!","!","!","!","!","!"]},"629":{"keys":[7,21],"grid":[" "," "," "," "," 0!!"," /!#"," .!$"," -!%"," ,!&"," +!'","09"," *!("," )!)"," (!*"," '!+"," &!,"]}},"2696":{"630":{"keys":[7,21],"grid":[" "," "," "," "," "," "," 0!!","06"," /!#"," .!$"," -!%"," ,!&"," +!'","12"," *!("," )!)"]},"631":{"keys":[7,21],"grid":[" (!*"," '!+"," &!,","02"," %!-"," $!."," #!/"," !!0","!","!","!","!","!","!","!","!"]}},"2695":{"631":{"keys":[7,21],"grid":[" "," "," "," "," "," "," "," "," "," 0!!","09"," /!#"," .!$"," -!%"," ,!&"," +!'"]},"632":{"keys":[7,21],"grid":[" +!'"," *!("," )!)"," (!*"," '!+"," &!,"," %!-","06"," $!."," #!/"," !!0","!","!","!","!","!"]}},"2694":{"632":{"keys":[7,21],"grid":[" "," "," "," "," "," "," "," "," "," "," "," "," 0!!","12"," /!#"," .!$"]},"633":{"keys":[7,21],"grid":[" -!%"," ,!&"," +!'","02"," *!("," )!)"," (!*"," '!+"," &!,"," %!-","09"," $!."," #!/"," !!0","!","!"]}},"2693":{"633":{"keys":[7,21],"grid":[" "," "," "," "," "," "," "," "," "," "," "," "," "," "," "," 0!!"]},"634":{"keys":[7,21],"grid":[" 0!!"," /!#"," .!$"," -!%"," ,!&"," +!'","05"," *!("," )!)"," (!*"," '!+"," &!,"," %!-","12"," $!."," #!/"]},"635":{"keys":[7,21],"grid":[" !!0","!","!","!","!","!","!","!","!","!","!","!","!","!","!","!"]}},"2692":{"635":{"keys":[7,21],"grid":[" "," "," 0!!","02"," /!#"," .!$"," -!%"," ,!&"," +!'","08"," *!("," )!)"," (!*"," '!+"," &!,","14"]},"636":{"keys":[7,21],"grid":[" %!-"," $!."," #!/"," !!0","!","!","!","!","!","!","!","!","!","!","!","!"]}},"2691":{"636":{"keys":[7,21],"grid":[" "," "," "," "," "," 0!!","05"," /!#"," .!$"," -!%"," ,!&"," +!'","11"," *!("," )!)"," (!*"]},"637":{"keys":[7,21],"grid":[" '!+"," &!,","01"," %!-"," $!."," #!/"," !!0","!","!","!","!","!","!","!","!","!"]}},"2690":{"638":{"keys":[7,21],"grid":[" *!("," )!)"," (!*"," '!+","03"," &!,"," %!-"," $!."," #!/"," !!0","09","!","!","!","!","!"]},"637":{"keys":[7,21],"grid":[" "," "," "," "," "," "," "," "," "," 0!!"," /!#"," .!$"," -!%"," ,!&","13"," +!'"]}},"2730":{"591":{"keys":[7,21],"grid":[" 0!!","00"," /!#","02","02"," .!$","05"," -!%"," ,!&"," +!'"," *!("," )!)","11"," (!*"," '!+"," &!,"]},"590":{"keys":[7],"grid":[" "," "," "," "," "," "," "," "," "," "," "," "," "," "," "," "]},"592":{"keys":[7,21],"grid":[" %!-"," $!."," #!/"," !!0","!","!","!","!","!","!","!","!","!","!","!","!"]}},"2731":{"590":{"keys":[7,"",21],"grid":[" )!)","00","00","00"," )#)","04","04","04"," %#-"," $!!#-","09"," #!!#."," !#0","12","#","#"]}},"2635":{"735":{"keys":[7,21],"grid":[" "," "," "," "," "," "," "," "," "," "," "," "," "," 0!!","13"," /!#"]},"737":{"keys":[7,21],"grid":[" %!-"," $!."," #!/","02"," !!0","!","!","!","!","!","!","!","!","!","!","!"]},"736":{"keys":[7,21],"grid":[" .!$","00"," -!%","02"," ,!&","04"," +!'","06"," *!(","08"," )!)","10"," (!*"," '!+"," &!,","14"]}},"2634":{"738":{"keys":[7,21],"grid":[" )!)","00"," (!*"," '!+"," &!,","04"," %!-"," $!."," #!/","08"," !!0","!","!","!","!","!"]},"737":{"keys":[7,21],"grid":[" "," "," "," "," "," "," "," 0!!"," /!#"," .!$","09"," -!%"," ,!&"," +!'","13"," *!("]}},"2637":{"731":{"keys":[7,21],"grid":[" "," "," "," "," "," "," "," "," "," "," "," "," "," 0!!","13"," /!#"]},"733":{"keys":[7,21],"grid":[" '!+"," &!,","01"," %!-","03"," $!.","05"," #!/","07"," !!0","09","!","!","!","!","!"]},"732":{"keys":[7,21],"grid":[" /!#"," .!$","01"," -!%","03"," ,!&","05"," +!'","07"," *!(","09"," )!)","11"," (!*","13"," '!+"]}},"2636":{"733":{"keys":[7,21],"grid":[" "," "," "," "," "," "," "," "," "," "," "," "," "," 0!!","13"," /!#"]},"735":{"keys":[7,21],"grid":[" '!+"," &!,","01"," %!-","03"," $!.","05"," #!/","07"," !!0","09","!","!","!","!","!"]},"734":{"keys":[7,21],"grid":[" /!#"," .!$","01"," -!%","03"," ,!&","05"," +!'","07"," *!(","09"," )!)","11"," (!*","13"," '!+"]}},"2631":{"741":{"keys":[7,21],"grid":[" "," "," "," "," "," "," "," "," "," 0!!"," /!#","10"," .!$"," -!%"," ,!&","14"]},"742":{"keys":[7,21],"grid":[" +!'"," *!("," )!)","02"," (!*"," '!+","05"," &!,"," %!-"," $!.","09"," #!/"," !!0","12","!","!"]}},"2630":{"742":{"keys":[7,21],"grid":[" "," "," "," "," "," "," "," "," "," "," "," "," "," "," "," 0!!"]},"743":{"keys":[7,21],"grid":[" /!#","00"," .!$"," -!%"," ,!&","04"," +!'"," *!(","07"," )!)"," (!*"," '!+","11"," &!,"," %!-","14"]},"744":{"keys":[7,21],"grid":[" $!."," #!/"," !!0","02","!","!","!","!","!","!","!","!","!","!","!","!"]}},"2633":{"739":{"keys":[7,21],"grid":[" .!$"," -!%"," ,!&","02"," +!'"," *!("," )!)","06"," (!*"," '!+"," &!,","10"," %!-"," $!.","13"," #!/"]},"738":{"keys":[7,21],"grid":[" "," "," "," "," "," "," "," "," "," "," "," "," "," 0!!"," /!#"," .!$"]},"740":{"keys":[7,21],"grid":[" !!0","!","!","!","!","!","!","!","!","!","!","!","!","!","!","!"]}},"2632":{"740":{"keys":[7,21],"grid":[" "," "," "," 0!!"," /!#"," .!$","05"," -!%"," ,!&","08"," +!'"," *!("," )!)","12"," (!*"," '!+"]},"741":{"keys":[7,21],"grid":[" &!,","00"," %!-"," $!.","03"," #!/"," !!0","!","!","!","!","!","!","!","!","!"]}},"2727":{"595":{"keys":[7,21],"grid":[" *!("," )!)","01"," (!*"," '!+"," &!,"," %!-"," $!."," #!/"," !!0","!","!","!","!","!","!"]},"594":{"keys":[7,21],"grid":[" "," "," "," "," "," "," "," "," "," "," 0!!"," /!#"," .!$"," -!%"," ,!&"," +!'"]}},"2726":{"595":{"keys":[7,21],"grid":[" "," "," "," "," "," "," "," "," "," "," "," "," 0!!"," /!#"," .!$"," -!%"]},"596":{"keys":[7,21],"grid":[" ,!&"," +!'"," *!("," )!)","03"," (!*"," '!+"," &!,"," %!-"," $!."," #!/"," !!0","11","!","!","!"]}},"2725":{"597":{"keys":[7,21],"grid":[" .!$"," -!%"," ,!&"," +!'"," *!(","04"," )!)"," (!*"," '!+"," &!,"," %!-"," $!."," #!/","12"," !!0","!"]},"596":{"keys":[7,21],"grid":[" "," "," "," "," "," "," "," "," "," "," "," "," "," "," 0!!"," /!#"]}},"2724":{"599":{"keys":[7,21],"grid":[" !!0","!","!","!","!","!","!","!","!","!","!","!","!","!","!","!"]},"598":{"keys":[7,21],"grid":[" 0!!"," /!#"," .!$"," -!%"," ,!&"," +!'","05"," *!("," )!)"," (!*"," '!+"," &!,"," %!-"," $!.","13"," #!/"]},"597":{"keys":[7],"grid":[" "," "," "," "," "," "," "," "," "," "," "," "," "," "," "," "]}},"2723":{"599":{"keys":[7,21],"grid":[" "," "," 0!!"," /!#"," .!$"," -!%"," ,!&","06"," +!'"," *!("," )!)"," (!*"," '!+"," &!,"," %!-","14"]},"600":{"keys":[7,21],"grid":[" $!."," #!/"," !!0","!","!","!","!","!","!","!","!","!","!","!","!","!"]}},"2722":{"601":{"keys":[7,21],"grid":[" &!,"," %!-"," $!."," #!/"," !!0","!","!","!","!","!","!","!","!","!","!","!"]},"600":{"keys":[7,21],"grid":[" "," "," "," "," 0!!"," /!#"," .!$","06"," -!%"," ,!&"," +!'"," *!("," )!)"," (!*"," '!+"," &!,"]}},"2721":{"601":{"keys":[7,21],"grid":[" "," "," "," "," "," "," 0!!"," /!#","07"," .!$"," -!%"," ,!&"," +!'"," *!("," )!)"," (!*"]},"602":{"keys":[7,21],"grid":[" (!*"," '!+"," &!,"," %!-"," $!."," #!/"," !!0","!","!","!","!","!","!","!","!","!"]}},"2720":{"603":{"keys":[7,21],"grid":[" *!("," )!)"," (!*"," '!+"," &!,"," %!-"," $!."," #!/","07"," !!0","!","!","!","!","!","!"]},"602":{"keys":[7,21],"grid":[" "," "," "," "," "," "," "," "," "," 0!!"," /!#"," .!$"," -!%"," ,!&"," +!'"," *!("]}},"2640":{"726":{"keys":[7,21],"grid":[" /!#","00"," .!$","02"," -!%","04"," ,!&","06"," +!'","08"," *!(","10"," )!)","12"," (!*","14"]},"727":{"keys":[7,21],"grid":[" '!+","00"," &!,","02"," %!-","04"," $!.","06"," #!/","08"," !!0","10","!","!","!","!"]},"725":{"keys":[7,21],"grid":[" "," "," "," "," "," "," "," "," "," "," "," "," "," "," 0!!","14"]}},"2641":{"724":{"keys":[7,21],"grid":[" 0!!"," /!#"," .!$","02"," -!%","04"," ,!&","06"," +!'","08"," *!(","10"," )!)","12"," (!*","14"]},"725":{"keys":[7,21],"grid":[" '!+","00"," &!,","02"," %!-","04"," $!.","06"," #!/","08"," !!0","10","!","!","!","!"]},"723":{"keys":[7,21],"grid":[" "," "," "," "," "," "," "," "," "," "," "," "," "," "," "," 0!!"]}},"2642":{"722":{"keys":[7,21],"grid":[" 0!!"," /!#","01"," .!$","03"," -!%","05"," ,!&","07"," +!'","09"," *!(","11"," )!)","13"," (!*"]},"723":{"keys":[7,21],"grid":[" (!*"," '!+","01"," &!,","03"," %!-","05"," $!.","07"," #!/","09"," !!0","11","!","!","!"]},"721":{"keys":[7,21],"grid":[" "," "," "," "," "," "," "," "," "," "," "," "," "," "," "," 0!!"]}},"2643":{"720":{"keys":[7,21],"grid":[" 0!!","00"," /!#","02"," .!$","04"," -!%","06"," ,!&"," +!'","09"," *!(","11"," )!)","13"," (!*"]},"719":{"keys":[7],"grid":[" "," "," "," "," "," "," "," "," "," "," "," "," "," "," "," "]},"721":{"keys":[7,21],"grid":[" (!*"," '!+","01"," &!,","03"," %!-","05"," $!.","07"," #!/","09"," !!0","11","!","!","!"]}},"2644":{"717":{"keys":[7],"grid":[" "," "," "," "," "," "," "," "," "," "," "," "," "," "," "," "]},"719":{"keys":[7,21],"grid":[" (!*","00"," '!+","02"," &!,","04"," %!-","06"," $!.","08"," #!/","10"," !!0","12","!","!"]},"718":{"keys":[7,21],"grid":[" 0!!","00"," /!#","02"," .!$","04"," -!%","06"," ,!&","08"," +!'","10"," *!(","12"," )!)","14"]}},"2645":{"717":{"keys":[7,21],"grid":[" )!)"," (!*","01"," '!+","03"," &!,","05"," %!-","07"," $!."," #!/","10"," !!0","12","!","!"]},"716":{"keys":[7,21],"grid":[" "," 0!!","01"," /!#","03"," .!$","05"," -!%","07"," ,!&","09"," +!'","11"," *!(","13"," )!)"]}},"2729":{"593":{"keys":[7,21],"grid":[" '!+"," &!,"," %!-"," $!."," #!/"," !!0","!","!","!","!","!","!","!","!","!","!"]},"592":{"keys":[7,21],"grid":[" "," "," "," "," "," "," 0!!"," /!#"," .!$"," -!%"," ,!&"," +!'"," *!("," )!)","13"," (!*"]}},"2728":{"593":{"keys":[7,21],"grid":[" "," "," "," "," "," "," "," 0!!","07"," /!#"," .!$"," -!%"," ,!&"," +!'"," *!("," )!)"]},"594":{"keys":[7,21],"grid":[" )!)"," (!*"," '!+"," &!,"," %!-"," $!."," #!/"," !!0","!","!","!","!","!","!","!","!"]}}}}