{"9":{"160":{"349":{"keys":[39,1,37],"grid":[" "," "," "," "," "," "," "," "," "," "," "," "," ","!) )","#(!$ '","#*!% $"]},"350":{"keys":[37,1],"grid":[" -!%"," 0!!"," "," "," "," "," "," "," "," "," "," "," "," "," "," "]}},"161":{"350":{"keys":[39,1,37],"grid":[" ","!! 0","!# /","#!!$ -","#$!$ +","#&!& '","#*!% $","#-!%","#0!!","#","#","#","#","#","#","#"]}},"162":{"350":{"keys":[39,1,37,""],"grid":[" "," "," "," "," "," "," "," ","!! 0","#!$$ -","09","09","#%$-","12","12","12"]}}},"13":{"2590":{"5607":{"keys":[39,37],"grid":[" "," "," "," "," "," "," ","!! 0","!% -","!( *","!* (","!- %","!0 !","!","!","!"]}},"2591":{"5607":{"keys":[39,37],"grid":[" "," "," "," "," "," "," "," "," "," "," "," "," ","!# /","!& ,","!) )"]},"5608":{"keys":[37,39],"grid":[" +!'"," .!$"," "," "," "," "," "," "," "," "," "," "," "," "," "," "]}},"2592":{"5608":{"keys":[39,37,""],"grid":[" "," "," ","!$ .","!' +","!* (","!, &","!/ #","!-#%","08","08","08","08","08","08","08"]}},"2569":{"5599":{"keys":[37,39],"grid":[" /!#"," 0!!"," "," "," "," "," "," "," "," "," "," "," "," "," "," "]},"5598":{"keys":[39,37],"grid":[" "," "," "," "," "," "," "," "," ","!# /","!% -","!' +","!) )","!* (","!, &","!- %"]}},"2568":{"5598":{"keys":[39,37],"grid":[" "," "," ","!# /","!& ,","!) )","!, &","!. $","!0 !","!","!","!","!","!","!","!"]}},"2561":{"5597":{"keys":[39,37],"grid":[" "," "," "," "," "," "," "," "," #!( (","!. $","!","!","!","!","!","!"]}},"2560":{"5597":{"keys":[39,37],"grid":[" "," "," "," "," "," "," "," "," "," /!#"," -!%"," ,!&"," *!(","!# &!*","!","!"]}},"2563":{"5597":{"keys":[39,37],"grid":[" "," "," "," "," "," "," /!#"," ,!&"," (!*"," $!.","!","!","!","!","!","!"]}},"2562":{"5597":{"keys":[39,37],"grid":[" "," "," "," "," "," "," "," "," "," ","!$ -!!","!","!","!","!","!"]}},"2565":{"5597":{"keys":[39,37],"grid":[" "," "," ","!& ,","!* (","!- %","!0 !","!","!","!","!","!","!","!","!","!"]}},"2564":{"5597":{"keys":[39,37],"grid":[" "," "," "," +!'"," '!+"," #!/","!","!","!","!","!","!","!","!","!","!"]}},"2567":{"5598":{"keys":[37,39],"grid":[" +!'"," .!$"," "," "," "," "," "," "," "," "," "," "," "," "," "," "]},"5597":{"keys":[39,37],"grid":[" "," "," "," "," "," "," "," "," "," "," "," "," ","!# /","!& ,","!( *"]}},"2566":{"5597":{"keys":[39,37],"grid":[" "," "," "," "," "," "," ","!! 0","!% -","!( *","!+ '","!- %","!0 !","!","!","!"]}},"2587":{"5606":{"keys":[39,37],"grid":[" "," "," "," "," "," ","!! 0","!% -","!( *","!* (","!- %","!0 !","!","!","!","!"]}},"2586":{"5606":{"keys":[39,37],"grid":[" ","!$ .","!' +","!) )","!, &","!/ #","!","!","!","!","!","!","!","!","!","!"]}},"2585":{"5605":{"keys":[39,37],"grid":[" "," "," "," "," "," "," "," "," "," "," ","!# /","!& ,","!( *","!+ '","!. $"]},"5606":{"keys":[37],"grid":[" "," "," "," "," "," "," "," "," "," "," "," "," "," "," "," "]}},"2584":{"5605":{"keys":[39,37],"grid":[" "," "," "," "," "," "," ","!! 0","!( *","!- %","!0 !","!","!","!","!","!"]}},"2583":{"5605":{"keys":[39,37],"grid":[" "," "," "," "," ","!$ .","!+ '","!","!","!","!","!","!","!","!","!"]}},"2582":{"5605":{"keys":[39,37],"grid":[" "," ","!$ .","!( *","!. $","!","!","!","!","!","!","!","!","!","!","!"]}},"2581":{"5605":{"keys":[37,39],"grid":[" ,!&"," 0!!"," "," "," "," "," "," "," "," "," "," "," "," "," "," "]},"5604":{"keys":[39,37],"grid":[" "," "," "," "," "," "," "," "," "," "," "," ","!! 0","!% -","!' +","!) )"]}},"2580":{"5604":{"keys":[39,37],"grid":[" "," "," "," ","!# /","!% -","!' +","!( *","!* (","!, &","!. $","!0 !","!","!","!","!"]}},"2589":{"5607":{"keys":[39,37],"grid":[" "," ","!$ .","!' +","!) )","!, &","!/ #","!","!","!","!","!","!","!","!","!"]}},"2588":{"5607":{"keys":[37,39],"grid":[" .!$"," "," "," "," "," "," "," "," "," "," "," "," "," "," "," "]},"5606":{"keys":[39,37],"grid":[" "," "," "," "," "," "," "," "," "," "," "," ","!# /","!& ,","!( *","!+ '"]}},"2578":{"5603":{"keys":[39,37],"grid":[" "," ","!# /","!% -","!& ,","!( *","!) )","!+ '","!- %","!. $","!0 !","!","!","!","!","!"]}},"2579":{"5604":{"keys":[37,39],"grid":[" +!'"," -!%"," /!#"," "," "," "," "," "," "," "," "," "," "," "," "," "]},"5603":{"keys":[39,37],"grid":[" "," "," "," "," "," "," "," "," "," "," ","!! 0","!$ .","!& ,","!' +","!) )"]}},"2576":{"5601":{"keys":[39,37],"grid":[" "," "," "," "," "," "," "," "," "," "," ","!! 0","!# /","!$ .","!& ,","!' +"]},"5602":{"keys":[37,39],"grid":[" )!)"," *!("," ,!&"," -!%"," .!$"," 0!!"," "," "," "," "," "," "," "," "," "," "]}},"2577":{"5603":{"keys":[37,39],"grid":[" 0!!"," "," "," "," "," "," "," "," "," "," "," "," "," "," "," "]},"5602":{"keys":[39,37],"grid":[" "," "," "," "," "," "," ","!# /","!$ .","!% -","!' +","!( *","!* (","!+ '","!- %","!. $"]}},"2574":{"5600":{"keys":[39,37],"grid":[" "," "," "," "," "," ","!! 0","!$ .","!& ,","!' +","!) )","!+ '","!, &","!. $","!/ #","!"]}},"2575":{"5601":{"keys":[37,39],"grid":[" !!0"," #!/"," %!-"," &!,"," (!*"," )!)"," *!("," ,!&"," -!%"," /!#"," 0!!"," "," "," "," "," "]},"5600":{"keys":[39],"grid":[" "," "," "," "," "," "," "," "," "," "," "," "," "," "," "," "]}},"2572":{"5599":{"keys":[39,37],"grid":[" "," "," "," "," "," "," "," "," "," "," "," "," "," "," ","!& ,"]},"5600":{"keys":[37,39],"grid":[" +!'"," 0!!"," "," "," "," "," "," "," "," "," "," "," "," "," "," "]}},"2573":{"5600":{"keys":[39,37],"grid":[" "," ","!% -","!( *","!, &","!/ #","!","!","!","!","!","!","!","!","!","!"]}},"2570":{"5599":{"keys":[39,37],"grid":[" "," ","!! 0","!# /","!% -","!& ,","!( *","!* (","!+ '","!- %","!/ #","!","!","!","!","!"]}},"2571":{"5599":{"keys":[39,37],"grid":[" "," "," "," "," "," "," "," "," "," "," ","!! 0","!$ .","!) )","!/ #","!"]}}}}