{"9":{"160":{"51":{"keys":[7,1,21],"grid":[" *!##&"," )!##'"," (!##("," (!!#)"," '!##)"," '!!#*"," &!##*"," %!##+"," %!!#,"," $!##,"," $!!#-"," #!##-"," !!##."," !!!#/","!##/","!!#0"]},"50":{"keys":[7,1,21],"grid":[" "," "," "," "," "," "," "," "," "," "," "," "," 0!!"," .!$"," -!###"," +!$#$"]},"52":{"keys":[1,21],"grid":[" !!0","!","!","!","!","!","!","!","!","!","!","!","!","!","!","!"]}},"161":{"50":{"keys":[7,1,21],"grid":[" /!#"," /!!#!"," .!##!"," .!!##"," -!###"," +!$#$"," )!$#&"," '!##)"," &!##*"," $!$#+"," #!##-","!$#.","!!#0","#","#","#"]},"49":{"keys":[7,1],"grid":[" "," "," "," "," "," "," "," "," "," "," "," "," "," "," "," 0!!"]}},"162":{"48":{"keys":[7,1,21],"grid":[" "," "," "," "," "," "," "," 0!!"," /!#"," /!!#!"," .!##!"," -!###"," -!!#$"," ,!##$"," +!##%"," *!##&"]},"49":{"keys":[7,1,21],"grid":[" *!!#'"," )!##'"," (!##("," (!!#)"," '!##)"," '!!#*"," &!##*"," %!##+"," %!!#,"," $!##,"," #!##-"," #!!#."," !!##.","!##/","!!#0","14"]}},"163":{"48":{"keys":[7,1,21],"grid":[" %!##+"," $!##,"," $!!#-"," #!##-"," !!##.","!##/","!!#0","06","#","#","#","#","#","#","#","#"]}}},"13":{"2594":{"796":{"keys":[7,21],"grid":[" $!."," #!/"," !!0","02","!","!","!","!","!","!","!","!","!","!","!","!"]},"795":{"keys":[7,21],"grid":[" .!$"," -!%","01"," ,!&"," +!'","04"," *!("," )!)","07"," (!*"," '!+","10"," &!,","12"," %!-"," $!."]},"794":{"keys":[7,21],"grid":[" "," "," "," "," "," "," "," "," "," "," "," "," 0!!","12"," /!#","14"]}},"2595":{"794":{"keys":[7,21],"grid":[" (!*","00"," '!+"," &!,","03"," %!-"," $!.","06"," #!/"," !!0","09","!","!","!","!","!"]},"793":{"keys":[7,21],"grid":[" "," "," "," "," 0!!"," /!#","05"," .!$"," -!%","08"," ,!&"," +!'","11"," *!("," )!)","14"]}},"2596":{"793":{"keys":[7,21],"grid":[" !!0","00","!","!","!","!","!","!","!","!","!","!","!","!","!","!"]},"792":{"keys":[7,21],"grid":[" -!%"," ,!&"," +!'","02"," *!(","04"," )!)"," (!*","07"," '!+"," &!,","10"," %!-"," $!.","13"," #!/"]},"791":{"keys":[7,21],"grid":[" "," "," "," "," "," "," "," "," "," "," "," 0!!"," /!#","12"," .!$"," -!%"]}},"2597":{"791":{"keys":[7,21],"grid":[" '!+"," &!,","01"," %!-"," $!.","04"," #!/","06"," !!0","!","!","!","!","!","!","!"]},"790":{"keys":[7,21],"grid":[" "," "," 0!!"," /!#","03"," .!$"," -!%","06"," ,!&","08"," +!'"," *!(","11"," )!)"," (!*","14"]}},"2590":{"802":{"keys":[7,21],"grid":[" &!,"," %!-"," $!.","02"," #!/"," !!0","05","!","!","!","!","!","!","!","!","!"]},"801":{"keys":[7,21],"grid":[" 0!!"," /!#","01"," .!$"," -!%","04"," ,!&"," +!'","07"," *!("," )!)","10"," (!*","12","12"," &!,"]},"800":{"keys":[7],"grid":[" "," "," "," "," "," "," "," "," "," "," "," "," "," "," "," "]}},"2591":{"800":{"keys":[7,21],"grid":[" *!(","00"," )!)"," (!*","03"," '!+"," &!,","06"," %!-"," $!.","09"," #!/","11"," !!0","!","!"]},"799":{"keys":[7,21],"grid":[" "," "," "," "," "," "," "," 0!!"," /!#","08"," .!$"," -!%","11"," ,!&","13"," +!'"]}},"2592":{"797":{"keys":[7,21],"grid":[" "," "," "," "," "," "," "," "," "," "," "," "," "," "," 0!!","14"]},"799":{"keys":[7,21],"grid":[" %!-"," $!."," #!/","02"," !!0","!","!","!","!","!","!","!","!","!","!","!"]},"798":{"keys":[7,21],"grid":[" /!#"," .!$","01"," -!%"," ,!&","04"," +!'"," *!(","07"," )!)"," (!*","10"," '!+","12"," &!,"," %!-"]}},"2593":{"797":{"keys":[7,21],"grid":[" )!)","00"," (!*"," '!+","03"," &!,"," %!-","06"," $!."," #!/","09"," !!0","11","!","!","!"]},"796":{"keys":[7,21],"grid":[" "," "," "," "," "," 0!!","05"," /!#"," .!$","08"," -!%"," ,!&","11"," +!'","13"," *!("]}},"2572":{"814":{"keys":[7,21],"grid":[" "," "," "," "," "," "," "," "," "," 0!!"," /!#"," -!%"," ,!&"," *!("," )!)"," '!+"]},"815":{"keys":[7,21],"grid":[" &!,"," $!."," #!/"," !!0","!","!","!","!","!","!","!","!","!","!","!","!"]}},"2598":{"788":{"keys":[7,21],"grid":[" "," "," "," "," "," "," "," "," "," 0!!"," /!#","10"," .!$","12"," -!%"," ,!&"]},"789":{"keys":[7,21],"grid":[" ,!&"," +!'"," *!(","02"," )!)"," (!*","05"," '!+"," &!,","08"," %!-","10"," $!."," #!/","13"," !!0"]},"790":{"keys":[21],"grid":[" "," "," "," "," "," "," "," "," "," "," "," "," "," "," "," "]}},"2599":{"786":{"keys":[7],"grid":[" "," "," "," "," "," "," "," "," "," "," "," "," "," "," "," "]},"787":{"keys":[7,21],"grid":[" 0!!"," /!#","01"," .!$","03"," -!%"," ,!&","06"," +!'"," *!(","09"," )!)"," (!*","12"," '!+"," &!,"]},"788":{"keys":[7,21],"grid":[" &!,"," %!-","01"," $!."," #!/","04"," !!0","!","!","!","!","!","!","!","!","!"]}},"2584":{"806":{"keys":["",7,21],"grid":[" !!!","   !","01","   #"]}},"2580":{"809":{"keys":[7,21],"grid":[" "," "," /!#"," .!$"," -!%"," +!'"," *!("," (!*"," '!+"," %!-"," $!."," !!0","!","!","!","!"]}},"2613":{"768":{"keys":[7,21],"grid":[" #!/"," !!0","!","!","!","!","!","!","!","!","!","!","!","!","!","!"]}},"2612":{"768":{"keys":[7,21],"grid":[" "," "," "," 0!!","03"," /!#"," .!$","06"," -!%"," ,!&","09"," +!'"," *!("," )!)","13"," (!*"]},"769":{"keys":[7,21],"grid":[" '!+","00"," &!,"," %!-","03"," $!."," #!/"," !!0","07","!","!","!","!","!","!","!"]}},"2569":{"816":{"keys":[7,21],"grid":[" "," "," "," "," "," "," "," "," "," "," 0!!"," .!$"," -!%"," +!'"," *!("," (!*"]},"817":{"keys":[7,21],"grid":[" '!+"," %!-"," $!."," #!/","!","!","!","!","!","!","!","!","!","!","!","!"]}},"2568":{"818":{"keys":[7,21],"grid":[" '!+"," &!,","01"," %!-","03"," $!."," #!/","06"," !!0","08","!","!","!","!","!","!"]},"817":{"keys":[7,21],"grid":[" "," "," "," "," "," 0!!"," .!$"," -!%"," ,!&"," +!'"," *!(","10"," )!)","12"," (!*"," '!+"]}},"2611":{"769":{"keys":[7,21],"grid":[" "," "," "," "," "," "," "," "," "," "," 0!!","10"," /!#"," .!$","13"," -!%"]},"771":{"keys":[21],"grid":[" "," "," "," "," "," "," "," "," "," "," "," "," "," "," "," "]},"770":{"keys":[7,21],"grid":[" ,!&"," +!'","01"," *!("," )!)","04"," (!*"," '!+","07"," &!,"," %!-"," $!.","11"," #!/"," !!0","14"]}},"2561":{"830":{"keys":[7,21],"grid":[" &!,"," %!-","01"," $!.","03"," #!/"," !!0","06","!","!","!","!","!","!","!","!"]},"829":{"keys":[7,21],"grid":[" /!#","00"," .!$","02"," -!%"," ,!&","05"," +!'","07"," *!("," )!)","10"," (!*","12"," '!+"," &!,"]},"828":{"keys":[7,21],"grid":[" "," "," "," "," "," "," "," "," "," "," "," "," "," "," "," 0!!"]}},"2560":{"832":{"keys":[7,21],"grid":[" #!/"," !!0","01","!","!","!","!","!","!","!","!","!","!","!","!","!"]},"830":{"keys":[7,21],"grid":[" "," "," "," "," "," "," "," "," "," "," 0!!"," /!#","11"," .!$","13"," -!%"]},"831":{"keys":[7,21],"grid":[" ,!&","00"," +!'","02"," *!("," )!)","05"," (!*","07"," '!+","09"," &!,"," %!-","12"," $!.","14"]}},"2563":{"825":{"keys":[7,21],"grid":[" "," "," "," "," "," "," "," "," 0!!","08"," /!#","10"," .!$"," -!%","13"," ,!&"]},"827":{"keys":[7,21],"grid":[" !!0","00","!","!","!","!","!","!","!","!","!","!","!","!","!","!"]},"826":{"keys":[7,21],"grid":[" ,!&"," +!'"," *!(","02"," )!)","04"," (!*","06"," '!+"," &!,","09"," %!-","11"," $!."," #!/","14"]}},"2562":{"827":{"keys":[7,21],"grid":[" "," "," "," 0!!","03"," /!#","05"," .!$","07"," -!%"," ,!&","10"," +!'","12"," *!("," )!)"]},"828":{"keys":[7,21],"grid":[" )!)"," (!*","01"," '!+"," &!,","04"," %!-","06"," $!."," #!/","09"," !!0","11","!","!","!"]}},"2565":{"823":{"keys":[7,21],"grid":[" (!*"," '!+","01"," &!,","03"," %!-"," $!.","06"," #!/","08"," !!0","!","!","!","!","!"]},"822":{"keys":[7,21],"grid":[" "," "," 0!!","02"," /!#"," .!$","05"," -!%","07"," ,!&"," +!'","10"," *!(","12"," )!)","14"]}},"2564":{"825":{"keys":[7,21],"grid":[" %!-","00"," $!."," #!/","03"," !!0","05","!","!","!","!","!","!","!","!","!"]},"824":{"keys":[7,21],"grid":[" /!#"," .!$"," -!%","02"," ,!&","04"," +!'"," *!(","07"," )!)","09"," (!*"," '!+","12"," &!,","14"]},"823":{"keys":[7,21],"grid":[" "," "," "," "," "," "," "," "," "," "," "," "," "," 0!!","13"," /!#"]}},"2567":{"818":{"keys":[7,21],"grid":[" "," "," "," "," "," "," "," "," "," "," "," 0!!","11"," /!#","13"," .!$"]},"819":{"keys":[7,21],"grid":[" .!$"," -!%"," ,!&","02"," +!'","04"," *!("," )!)","07"," (!*","09"," '!+"," &!,","12"," %!-","14"]},"820":{"keys":[7,21],"grid":[" $!.","00"," #!/"," !!0","03","!","!","!","!","!","!","!","!","!","!","!"]}},"2566":{"821":{"keys":[7,21],"grid":[" +!'"," *!(","01"," )!)"," (!*","04"," '!+","06"," &!,"," %!-","09"," $!.","11"," #!/","13"," !!0"]},"820":{"keys":[7,21],"grid":[" "," "," "," "," "," "," "," 0!!"," /!#","08"," .!$","10"," -!%","12"," ,!&"," +!'"]},"822":{"keys":[21],"grid":[" "," "," "," "," "," "," "," "," "," "," "," "," "," "," "," "]}},"2587":{"805":{"keys":[7,21],"grid":[" "," "," "," "," "," "," "," "," /!#"," -!%"," +!'"," (!*"," &!,"," $!.","!","!"]}},"2605":{"779":{"keys":[7,21],"grid":[" (!*"," '!+"," &!,","02"," %!-"," $!.","05"," #!/"," !!0","08","!","!","!","!","!","!"]},"778":{"keys":[7,21],"grid":[" "," "," "," "," 0!!"," /!#","05"," .!$"," -!%","08"," ,!&"," +!'","11"," *!("," )!)","14"]}},"2606":{"777":{"keys":[7,21],"grid":[" .!$"," -!%","01"," ,!&"," +!'","04"," *!("," )!)"," (!*","08"," '!+"," &!,","11"," %!-"," $!.","14"]},"776":{"keys":[7,21],"grid":[" "," "," "," "," "," "," "," "," "," "," "," "," "," 0!!"," /!#","14"]},"778":{"keys":[7,21],"grid":[" #!/"," !!0","01","!","!","!","!","!","!","!","!","!","!","!","!","!"]}},"2607":{"775":{"keys":[7,21],"grid":[" "," "," "," "," "," "," 0!!"," /!#","07"," .!$"," -!%","10"," ,!&"," +!'","13"," *!("]},"776":{"keys":[7,21],"grid":[" )!)"," (!*","01"," '!+"," &!,","04"," %!-"," $!.","07"," #!/"," !!0","10","!","!","!","!"]}},"2600":{"785":{"keys":[7,21],"grid":[" "," "," "," "," "," "," "," "," 0!!"," /!#","09"," .!$"," -!%","12"," ,!&"," +!'"]},"786":{"keys":[7,21],"grid":[" *!(","00"," )!)"," (!*","03"," '!+"," &!,","06"," %!-","08"," $!."," #!/","11"," !!0","!","!"]}},"2601":{"784":{"keys":[7,21],"grid":[" "," 0!!"," /!#"," .!$","03"," -!%"," ,!&","06"," +!'"," *!(","09"," )!)"," (!*","12"," '!+"," &!,"]},"785":{"keys":[7,21],"grid":[" %!-","00"," $!."," #!/","03"," !!0","!","!","!","!","!","!","!","!","!","!"]},"783":{"keys":[7],"grid":[" "," "," "," "," "," "," "," "," "," "," "," "," "," "," "," "]}},"2602":{"782":{"keys":[7,21],"grid":[" "," "," "," "," "," "," "," "," "," 0!!","09"," /!#"," .!$","12"," -!%"," ,!&"]},"783":{"keys":[7,21],"grid":[" ,!&"," +!'"," *!("," )!)","03"," (!*"," '!+","06"," &!,"," %!-","09"," $!."," #!/","12"," !!0","!"]}},"2603":{"781":{"keys":[7,21],"grid":[" "," "," 0!!","02"," /!#"," .!$","05"," -!%"," ,!&"," +!'","09"," *!("," )!)","12"," (!*"," '!+"]},"782":{"keys":[7,21],"grid":[" '!+"," &!,"," %!-","02"," $!."," #!/"," !!0","06","!","!","!","!","!","!","!","!"]}},"2608":{"775":{"keys":[7,21],"grid":[" $!.","00"," #!/"," !!0","!","!","!","!","!","!","!","!","!","!","!","!"]},"774":{"keys":[7,21],"grid":[" /!#","00"," .!$"," -!%","03"," ,!&"," +!'","06"," *!("," )!)"," (!*","10"," '!+"," &!,","13"," %!-"]},"773":{"keys":[7,21],"grid":[" "," "," "," "," "," "," "," "," "," "," "," "," "," "," "," 0!!"]}},"2609":{"773":{"keys":[7,21],"grid":[" +!'"," *!("," )!)"," (!*","03"," '!+"," &!,","06"," %!-"," $!.","09"," #!/"," !!0","12","!","!"]},"772":{"keys":[7,21],"grid":[" "," "," "," "," "," "," "," "," 0!!"," /!#","09"," .!$"," -!%","12"," ,!&"," +!'"]}},"2586":{"806":{"keys":[7,21],"grid":[" -!%"," +!'"," (!*"," &!,"," $!.","!","!","!","!","!","!","!","!","!","!","!"]},"805":{"keys":[7,21],"grid":[" "," "," "," "," "," "," "," "," "," "," "," "," "," "," "," /!#"]}},"2588":{"805":{"keys":[7,21],"grid":[" &!,","00"," %!-"," $!.","03"," #!/","05"," !!0","!","!","!","!","!","!","!","!"]},"804":{"keys":[7,21],"grid":[" "," 0!!","01"," /!#"," .!$","04"," -!%"," ,!&","07"," +!'"," *!(","10"," )!)"," (!*","13"," '!+"]}},"2589":{"803":{"keys":[7,21],"grid":[" +!'","00"," *!("," )!)","03"," (!*"," '!+","06"," &!,"," %!-","09"," $!."," #!/","12"," !!0","!"]},"802":{"keys":[7,21],"grid":[" "," "," "," "," "," "," "," "," 0!!","08"," /!#"," .!$","11"," -!%"," ,!&","14"]},"804":{"keys":[21],"grid":[" "," "," "," "," "," "," "," "," "," "," "," "," "," "," "," "]}},"2583":{"807":{"keys":[7,"",21],"grid":[" %!-","00","00","00"," )!)","04","04","04"," %##!##%!%"," $#%!!#%!%"," !#,!%","#-!%","#","#","#","#"]}},"2610":{"771":{"keys":[7,21],"grid":[" "," 0!!","01"," /!#"," .!$"," -!%","05"," ,!&"," +!'","08"," *!("," )!)","11"," (!*"," '!+"," &!,"]},"772":{"keys":[7,21],"grid":[" &!,"," %!-"," $!.","02"," #!/"," !!0","05","!","!","!","!","!","!","!","!","!"]}},"2582":{"808":{"keys":[7,21],"grid":[" *!("," (!*"," '!+"," %!-"," $!."," !!0","!","!","!","!","!","!","!","!","!","!"]},"807":{"keys":[7,21],"grid":[" "," "," "," "," "," "," "," "," "," "," "," "," 0!!"," .!$"," -!%"," +!'"]}},"2581":{"809":{"keys":[7,21],"grid":[" !!0","!","!","!","!","!","!","!","!","!","!","!","!","!","!","!"]},"808":{"keys":[7,21],"grid":[" "," "," "," "," "," "," "," /!#"," .!$"," -!%"," +!'"," *!("," (!*"," '!+"," %!-"," $!."]}},"2578":{"810":{"keys":[7,21],"grid":[" "," "," "," "," "," "," "," "," /!#"," .!$"," ,!&"," +!'"," )!)"," (!*"," '!+"," %!-"]},"811":{"keys":[7,21],"grid":[" $!."," !!0","!","!","!","!","!","!","!","!","!","!","!","!","!","!"]}},"2579":{"810":{"keys":[7,21],"grid":[" +!'"," *!("," (!*"," '!+"," %!-"," $!."," !!0","!","!","!","!","!","!","!","!","!"]},"809":{"keys":[7,21],"grid":[" "," "," "," "," "," "," "," "," "," "," "," "," "," /!#"," .!$"," ,!&"]}},"2576":{"811":{"keys":[7,21],"grid":[" "," "," "," "," "," "," "," "," "," "," "," "," "," "," /!#"," .!$"]},"812":{"keys":[7,21],"grid":[" ,!&"," +!'"," )!)"," (!*"," &!,"," %!-"," #!/"," !!0","!","!","!","!","!","!","!","!"]}},"2577":{"811":{"keys":[7,21],"grid":[" "," "," "," /!#"," .!$"," ,!&"," +!'"," )!)"," (!*"," &!,"," %!-"," $!."," !!0","!","!","!"]}},"2574":{"813":{"keys":[7,21],"grid":[" "," "," "," 0!!"," /!#"," -!%"," ,!&"," +!'"," )!)"," (!*"," &!,"," %!-"," #!/"," !!0","!","!"]}},"2575":{"812":{"keys":[7,21],"grid":[" "," "," "," "," "," "," "," "," "," /!#"," .!$"," ,!&"," +!'"," )!)"," (!*"," &!,"]},"813":{"keys":[7,21],"grid":[" %!-"," #!/"," !!0","!","!","!","!","!","!","!","!","!","!","!","!","!"]}},"2585":{"806":{"keys":[7,21],"grid":[" "," "," "," "," "," "," /!#"," -!%"," *!("," (!*"," &!,"," $!."," !!0","!","!","!"]}},"2573":{"813":{"keys":[7,21],"grid":[" "," "," "," "," "," "," "," "," "," "," "," "," "," "," 0!!"," /!#"]},"814":{"keys":[7,21],"grid":[" -!%"," ,!&"," *!("," )!)"," (!*"," &!,"," %!-"," #!/"," !!0","!","!","!","!","!","!","!"]}},"2570":{"815":{"keys":[7,21],"grid":[" "," "," "," "," "," "," "," "," "," "," "," "," "," "," "," 0!!"]},"816":{"keys":[7,21],"grid":[" .!$"," -!%"," ,!&"," *!("," )!)"," '!+"," &!,"," $!."," #!/","!","!","!","!","!","!","!"]}},"2571":{"815":{"keys":[7,21],"grid":[" "," "," "," "," 0!!"," /!#"," -!%"," ,!&"," *!("," )!)"," '!+"," &!,"," $!."," #!/","!","!"]}},"2604":{"779":{"keys":[7,21],"grid":[" "," "," "," "," "," "," "," "," "," "," "," 0!!"," /!#","12"," .!$"," -!%"]},"780":{"keys":[7,21],"grid":[" -!%"," ,!&"," +!'","02"," *!("," )!)","05"," (!*"," '!+","08"," &!,"," %!-"," $!.","12"," #!/"," !!0"]},"781":{"keys":[7,21],"grid":[" !!0","!","!","!","!","!","!","!","!","!","!","!","!","!","!","!"]}}}}