{"9":{"55":{"115":{"keys":[3,"",1,8,7],"grid":[" *!$ %"," ,!! %"," "," (#% &"," (#!$##%%!!!"," (#'%$"," (#!$$##%$"," (#!$$#!%%","07"," (#!$###%%"," (#!$##!%&"," (#!$!##%&"," (#!$!#!%'"," (#$%'"," (##%(","14"]},"117":{"keys":[3,1,7],"grid":[" (!!#)","00","00","00","00","00","00","00","00","00","00","00","00","00","00","00"]},"120":{"keys":[3,1,7],"grid":[" (!!#)","00","00","00","00","00","00","00","00","00","00","00","00","00","00","00"]},"121":{"keys":[3,1,7],"grid":[" (!!#)","00","00","00","00","00","00","00","00","00","00","00","00","00","00","00"]},"122":{"keys":[3,1,7],"grid":[" (!!#)","00","00","00","00","00","00","00","00","00","00","00","00","00","00","00"]},"123":{"keys":[3,1,7],"grid":[" (!!#)","00","00","00","00","00","00","00","00","00","00","00","00","00","00","00"]},"116":{"keys":[3,1,7],"grid":[" (!!#)","00","00","00","00","00","00","00","00","00","00","00","00","00","00","00"]},"125":{"keys":[3,1,7],"grid":[" (!!#)","00","00","00","00","00","00","00","00","00","00","00","00","00","00","00"]},"126":{"keys":[3,1,7],"grid":[" (!!#)","00","00","00","00","00","00","00","00","00","00","00","00","00","00","00"]},"127":{"keys":[3,1,7],"grid":[" (!!#)","00","00","00","00","00","00","00","00","00","00","00","00","00","00","00"]},"124":{"keys":[3,1,7],"grid":[" (!!#)","00","00","00","00","00","00","00","00","00","00","00","00","00","00","00"]},"119":{"keys":[3,1,7],"grid":[" (!!#)","00","00","00","00","00","00","00","00","00","00","00","00","00","00","00"]},"118":{"keys":[3,1,7],"grid":[" (!!#)","00","00","00","00","00","00","00","00","00","00","00","00","00","00","00"]}}},"13":{"890":{"1849":{"keys":[8,7],"grid":[" "," "," 0!!","02"," /!#","04"," .!$","06"," -!%","08"," ,!&","10","10"," +!'","13"," *!("]},"1843":{"keys":[3,8],"grid":[" "," "," "," "," "," "," "," "," "," "," "," "," "," ","!% -","!* ("]},"1851":{"keys":[8,7],"grid":[" !!0","00","!","!","!","!","!","!","!","!","!","!","!","!","!","!"]},"1845":{"keys":[8],"grid":[" "," "," "," "," "," "," "," "," "," "," "," "," "," "," "," "]},"1844":{"keys":[8,3],"grid":[" -!%"," "," "," "," "," "," "," "," "," "," "," "," "," "," "," "]},"1850":{"keys":[8,7],"grid":[" *!("," )!)","01"," (!*","03"," '!+","05"," &!,","07"," %!-","09","09"," $!.","12"," #!/","14"]}},"891":{"1849":{"keys":[7],"grid":[" "," "," "," "," "," "," "," "," "," "," "," "," "," "," "," "]},"1848":{"keys":[8,7],"grid":[" )!)"," (!*","01"," '!+","03"," &!,","05"," %!-","07"," $!.","09"," #!/","11","11"," !!0","14"]},"1847":{"keys":[8,7],"grid":[" 0!!","00"," /!#","02"," .!$","04"," -!%","06"," ,!&","08"," +!'","10"," *!(","12","12"," )!)"]},"1846":{"keys":[8],"grid":[" "," "," "," "," "," "," "," "," "," "," "," "," "," "," "," "]},"1845":{"keys":[8],"grid":[" "," "," "," "," "," "," "," "," "," "," "," "," "," "," "," "]},"1844":{"keys":[3,8],"grid":[" "," ","!$ .","!( *","!+ '","!. $","!","!","!","!","!","!","!","!","!","!"]}},"892":{"1846":{"keys":[8,7],"grid":[" '!+","00","00"," &!,","03"," %!-","05"," $!.","07"," #!/","09"," !!0","11","!","!","!"]},"1845":{"keys":[8,7],"grid":[" /!#"," .!$","01","01"," -!%","04"," ,!&","06"," +!'","08"," *!(","10"," )!)","12"," (!*","14"]},"1844":{"keys":[3,8,7],"grid":[" "," "," "," "," "," "," ","!$ .","!' +","!* (","!- %","!0 !","!","!0#!","13","!/##"]}},"893":{"1844":{"keys":[3,"",7],"grid":[" )!)","00","00","00"," %!-","04","04","04"," #!/","08"," !!0","10","#","#","#","#"]}},"887":{"1869":{"keys":[3,7],"grid":[" (!*","00","00","00","00","00","00","00","00","00","00","00","00","00","00","00"]},"1910":{"keys":[3,7],"grid":[" (!*","00","00","00","00","00","00","00","00","00","00","00","00","00","00","00"]},"1948":{"keys":[3,7],"grid":[" (!*","00","00","00","00","00","00","00","00","00","00","00","00","00","00","00"]},"1949":{"keys":[3,7],"grid":[" (!*","00","00","00","00","00","00","00","00","00","00","00","00","00","00","00"]},"1942":{"keys":[3,7],"grid":[" (!*","00","00","00","00","00","00","00","00","00","00","00","00","00","00","00"]},"1943":{"keys":[3,7],"grid":[" (!*","00","00","00","00","00","00","00","00","00","00","00","00","00","00","00"]},"1940":{"keys":[3,7],"grid":[" (!*","00","00","00","00","00","00","00","00","00","00","00","00","00","00","00"]},"1941":{"keys":[3,7],"grid":[" (!*","00","00","00","00","00","00","00","00","00","00","00","00","00","00","00"]},"1946":{"keys":[3,7],"grid":[" (!*","00","00","00","00","00","00","00","00","00","00","00","00","00","00","00"]},"1947":{"keys":[3,7],"grid":[" (!*","00","00","00","00","00","00","00","00","00","00","00","00","00","00","00"]},"1944":{"keys":[3,7],"grid":[" (!*","00","00","00","00","00","00","00","00","00","00","00","00","00","00","00"]},"1945":{"keys":[3,7],"grid":[" (!*","00","00","00","00","00","00","00","00","00","00","00","00","00","00","00"]},"2019":{"keys":[3,7],"grid":[" (!*","00","00","00","00","00","00","00","00","00","00","00","00","00","00","00"]},"2018":{"keys":[3,7],"grid":[" (!*","00","00","00","00","00","00","00","00","00","00","00","00","00","00","00"]},"2015":{"keys":[3,7],"grid":[" (!*","00","00","00","00","00","00","00","00","00","00","00","00","00","00","00"]},"2014":{"keys":[3,7],"grid":[" (!*","00","00","00","00","00","00","00","00","00","00","00","00","00","00","00"]},"2017":{"keys":[3,7],"grid":[" (!*","00","00","00","00","00","00","00","00","00","00","00","00","00","00","00"]},"2016":{"keys":[3,7],"grid":[" (!*","00","00","00","00","00","00","00","00","00","00","00","00","00","00","00"]},"2011":{"keys":[3,7],"grid":[" (!*","00","00","00","00","00","00","00","00","00","00","00","00","00","00","00"]},"2010":{"keys":[3,7],"grid":[" (!*","00","00","00","00","00","00","00","00","00","00","00","00","00","00","00"]},"2013":{"keys":[3,7],"grid":[" (!*","00","00","00","00","00","00","00","00","00","00","00","00","00","00","00"]},"2012":{"keys":[3,7],"grid":[" (!*","00","00","00","00","00","00","00","00","00","00","00","00","00","00","00"]},"1918":{"keys":[3,7],"grid":[" (!*","00","00","00","00","00","00","00","00","00","00","00","00","00","00","00"]},"1955":{"keys":[3,7],"grid":[" (!*","00","00","00","00","00","00","00","00","00","00","00","00","00","00","00"]},"1954":{"keys":[3,7],"grid":[" (!*","00","00","00","00","00","00","00","00","00","00","00","00","00","00","00"]},"1957":{"keys":[3,7],"grid":[" (!*","00","00","00","00","00","00","00","00","00","00","00","00","00","00","00"]},"1956":{"keys":[3,7],"grid":[" (!*","00","00","00","00","00","00","00","00","00","00","00","00","00","00","00"]},"1951":{"keys":[3,7],"grid":[" (!*","00","00","00","00","00","00","00","00","00","00","00","00","00","00","00"]},"1950":{"keys":[3,7],"grid":[" (!*","00","00","00","00","00","00","00","00","00","00","00","00","00","00","00"]},"1953":{"keys":[3,7],"grid":[" (!*","00","00","00","00","00","00","00","00","00","00","00","00","00","00","00"]},"1952":{"keys":[3,7],"grid":[" (!*","00","00","00","00","00","00","00","00","00","00","00","00","00","00","00"]},"1959":{"keys":[3,7],"grid":[" (!*","00","00","00","00","00","00","00","00","00","00","00","00","00","00","00"]},"1958":{"keys":[3,7],"grid":[" (!*","00","00","00","00","00","00","00","00","00","00","00","00","00","00","00"]},"1870":{"keys":[3,7],"grid":[" (!*","00","00","00","00","00","00","00","00","00","00","00","00","00","00","00"]},"1871":{"keys":[3,7],"grid":[" (!*","00","00","00","00","00","00","00","00","00","00","00","00","00","00","00"]},"1920":{"keys":[3,7],"grid":[" (!*","00","00","00","00","00","00","00","00","00","00","00","00","00","00","00"]},"1921":{"keys":[3,7],"grid":[" (!*","00","00","00","00","00","00","00","00","00","00","00","00","00","00","00"]},"1922":{"keys":[3,7],"grid":[" (!*","00","00","00","00","00","00","00","00","00","00","00","00","00","00","00"]},"1923":{"keys":[3,7],"grid":[" (!*","00","00","00","00","00","00","00","00","00","00","00","00","00","00","00"]},"1924":{"keys":[3,7],"grid":[" (!*","00","00","00","00","00","00","00","00","00","00","00","00","00","00","00"]},"1925":{"keys":[3,7],"grid":[" (!*","00","00","00","00","00","00","00","00","00","00","00","00","00","00","00"]},"1926":{"keys":[3,7],"grid":[" (!*","00","00","00","00","00","00","00","00","00","00","00","00","00","00","00"]},"1927":{"keys":[3,7],"grid":[" (!*","00","00","00","00","00","00","00","00","00","00","00","00","00","00","00"]},"1928":{"keys":[3,7],"grid":[" (!*","00","00","00","00","00","00","00","00","00","00","00","00","00","00","00"]},"1929":{"keys":[3,7],"grid":[" (!*","00","00","00","00","00","00","00","00","00","00","00","00","00","00","00"]},"1858":{"keys":[3,7],"grid":[" (!*","00","00","00","00","00","00","00","00","00","00","00","00","00","00","00"]},"1859":{"keys":[3,7],"grid":[" (!*","00","00","00","00","00","00","00","00","00","00","00","00","00","00","00"]},"1850":{"keys":[3,8],"grid":[" '!+","00","00","00","00","00","00","00","00","00","00","00","00","00","00","00"]},"1851":{"keys":[3,8],"grid":[" '!+","00","00","00","00","00","00","00","00","00","00","00","00","00","00","00"]},"1852":{"keys":[3,8],"grid":[" '!+","00","00","00","00","00","00","00","00","00","00","00","00","00","00","00"]},"1853":{"keys":[3,8],"grid":[" '!+","00","00","00","00","00","00","00","00","00","00","00","00","00","00","00"]},"1854":{"keys":[3,8],"grid":[" '!+","00","00","00","00","00","00","00","00","00","00","00","00","00","00","00"]},"1855":{"keys":[3,8,7],"grid":[" '!+","00","00","00","00","00","00","00","00"," '!*#!","09"," '!)##","11"," '!(#$","13"," '!'#%"]},"1856":{"keys":[3,8,7],"grid":[" '!'#%"," '!&#&","01"," '!%#'","03"," '!$#(","05"," '!##)","07","07"," '!!#*","10"," '#+","12","12","12"]},"1857":{"keys":[3,7],"grid":[" '!+","00","00","00","00","00","00"," (!*","07","07","07","07","07","07","07","07"]},"1878":{"keys":[3,7],"grid":[" (!*","00","00","00","00","00","00","00","00","00","00","00","00","00","00","00"]},"1879":{"keys":[3,7],"grid":[" (!*","00","00","00","00","00","00","00","00","00","00","00","00","00","00","00"]},"1933":{"keys":[3,7],"grid":[" (!*","00","00","00","00","00","00","00","00","00","00","00","00","00","00","00"]},"1932":{"keys":[3,7],"grid":[" (!*","00","00","00","00","00","00","00","00","00","00","00","00","00","00","00"]},"1931":{"keys":[3,7],"grid":[" (!*","00","00","00","00","00","00","00","00","00","00","00","00","00","00","00"]},"1930":{"keys":[3,7],"grid":[" (!*","00","00","00","00","00","00","00","00","00","00","00","00","00","00","00"]},"1937":{"keys":[3,7],"grid":[" (!*","00","00","00","00","00","00","00","00","00","00","00","00","00","00","00"]},"1936":{"keys":[3,7],"grid":[" (!*","00","00","00","00","00","00","00","00","00","00","00","00","00","00","00"]},"1935":{"keys":[3,7],"grid":[" (!*","00","00","00","00","00","00","00","00","00","00","00","00","00","00","00"]},"1934":{"keys":[3,7],"grid":[" (!*","00","00","00","00","00","00","00","00","00","00","00","00","00","00","00"]},"1939":{"keys":[3,7],"grid":[" (!*","00","00","00","00","00","00","00","00","00","00","00","00","00","00","00"]},"1938":{"keys":[3,7],"grid":[" (!*","00","00","00","00","00","00","00","00","00","00","00","00","00","00","00"]},"2046":{"keys":[3,7],"grid":[" (!*","00","00","00","00","00","00","00","00","00","00","00","00","00","00","00"]},"2047":{"keys":[3,7],"grid":[" (!*","00","00","00","00","00","00","00","00","00","00","00","00","00","00","00"]},"1849":{"keys":[3,8],"grid":[" '!+","00","00","00","00","00","00","00","00","00","00","00","00","00","00","00"]},"1848":{"keys":[3,8],"grid":[" '!+","00","00","00","00","00","00","00","00","00","00","00","00","00","00","00"]},"2042":{"keys":[3,7],"grid":[" (!*","00","00","00","00","00","00","00","00","00","00","00","00","00","00","00"]},"2043":{"keys":[3,7],"grid":[" (!*","00","00","00","00","00","00","00","00","00","00","00","00","00","00","00"]},"2040":{"keys":[3,7],"grid":[" (!*","00","00","00","00","00","00","00","00","00","00","00","00","00","00","00"]},"2041":{"keys":[3,7],"grid":[" (!*","00","00","00","00","00","00","00","00","00","00","00","00","00","00","00"]},"1843":{"keys":[3,8],"grid":[" "," "," "," "," "," "," "," "," "," '!( $"," '!+","10","10","10","10","10"]},"1847":{"keys":[3,8],"grid":[" '!+","00","00","00","00","00","00","00","00","00","00","00","00","00","00","00"]},"1846":{"keys":[3,8],"grid":[" '!+","00","00","00","00","00","00","00","00","00","00","00","00","00","00","00"]},"1845":{"keys":[3,8],"grid":[" '!+","00","00","00","00","00","00","00","00","00","00","00","00","00","00","00"]},"1844":{"keys":[3,8],"grid":[" '!+","00","00","00","00","00","00","00","00","00","00","00","00","00","00","00"]},"1876":{"keys":[3,7],"grid":[" (!*","00","00","00","00","00","00","00","00","00","00","00","00","00","00","00"]},"1877":{"keys":[3,7],"grid":[" (!*","00","00","00","00","00","00","00","00","00","00","00","00","00","00","00"]},"1874":{"keys":[3,7],"grid":[" (!*","00","00","00","00","00","00","00","00","00","00","00","00","00","00","00"]},"1875":{"keys":[3,7],"grid":[" (!*","00","00","00","00","00","00","00","00","00","00","00","00","00","00","00"]},"1872":{"keys":[3,7],"grid":[" (!*","00","00","00","00","00","00","00","00","00","00","00","00","00","00","00"]},"1873":{"keys":[3,7],"grid":[" (!*","00","00","00","00","00","00","00","00","00","00","00","00","00","00","00"]},"1908":{"keys":[3,7],"grid":[" (!*","00","00","00","00","00","00","00","00","00","00","00","00","00","00","00"]},"1909":{"keys":[3,7],"grid":[" (!*","00","00","00","00","00","00","00","00","00","00","00","00","00","00","00"]},"1906":{"keys":[3,7],"grid":[" (!*","00","00","00","00","00","00","00","00","00","00","00","00","00","00","00"]},"1907":{"keys":[3,7],"grid":[" (!*","00","00","00","00","00","00","00","00","00","00","00","00","00","00","00"]},"1904":{"keys":[3,7],"grid":[" (!*","00","00","00","00","00","00","00","00","00","00","00","00","00","00","00"]},"1905":{"keys":[3,7],"grid":[" (!*","00","00","00","00","00","00","00","00","00","00","00","00","00","00","00"]},"1902":{"keys":[3,7],"grid":[" (!*","00","00","00","00","00","00","00","00","00","00","00","00","00","00","00"]},"1903":{"keys":[3,7],"grid":[" (!*","00","00","00","00","00","00","00","00","00","00","00","00","00","00","00"]},"1900":{"keys":[3,7],"grid":[" (!*","00","00","00","00","00","00","00","00","00","00","00","00","00","00","00"]},"1901":{"keys":[3,7],"grid":[" (!*","00","00","00","00","00","00","00","00","00","00","00","00","00","00","00"]},"1986":{"keys":[3,7],"grid":[" (!*","00","00","00","00","00","00","00","00","00","00","00","00","00","00","00"]},"1987":{"keys":[3,7],"grid":[" (!*","00","00","00","00","00","00","00","00","00","00","00","00","00","00","00"]},"1984":{"keys":[3,7],"grid":[" (!*","00","00","00","00","00","00","00","00","00","00","00","00","00","00","00"]},"1985":{"keys":[3,7],"grid":[" (!*","00","00","00","00","00","00","00","00","00","00","00","00","00","00","00"]},"1982":{"keys":[3,7],"grid":[" (!*","00","00","00","00","00","00","00","00","00","00","00","00","00","00","00"]},"1983":{"keys":[3,7],"grid":[" (!*","00","00","00","00","00","00","00","00","00","00","00","00","00","00","00"]},"1980":{"keys":[3,7],"grid":[" (!*","00","00","00","00","00","00","00","00","00","00","00","00","00","00","00"]},"1981":{"keys":[3,7],"grid":[" (!*","00","00","00","00","00","00","00","00","00","00","00","00","00","00","00"]},"1988":{"keys":[3,7],"grid":[" (!*","00","00","00","00","00","00","00","00","00","00","00","00","00","00","00"]},"1989":{"keys":[3,7],"grid":[" (!*","00","00","00","00","00","00","00","00","00","00","00","00","00","00","00"]},"2044":{"keys":[3,7],"grid":[" (!*","00","00","00","00","00","00","00","00","00","00","00","00","00","00","00"]},"1861":{"keys":[3,7],"grid":[" (!*","00","00","00","00","00","00","00","00","00","00","00","00","00","00","00"]},"1860":{"keys":[3,7],"grid":[" (!*","00","00","00","00","00","00","00","00","00","00","00","00","00","00","00"]},"1863":{"keys":[3,7],"grid":[" (!*","00","00","00","00","00","00","00","00","00","00","00","00","00","00","00"]},"1862":{"keys":[3,7],"grid":[" (!*","00","00","00","00","00","00","00","00","00","00","00","00","00","00","00"]},"1865":{"keys":[3,7],"grid":[" (!*","00","00","00","00","00","00","00","00","00","00","00","00","00","00","00"]},"1864":{"keys":[3,7],"grid":[" (!*","00","00","00","00","00","00","00","00","00","00","00","00","00","00","00"]},"1867":{"keys":[3,7],"grid":[" (!*","00","00","00","00","00","00","00","00","00","00","00","00","00","00","00"]},"1866":{"keys":[3,7],"grid":[" (!*","00","00","00","00","00","00","00","00","00","00","00","00","00","00","00"]},"1911":{"keys":[3,7],"grid":[" (!*","00","00","00","00","00","00","00","00","00","00","00","00","00","00","00"]},"1868":{"keys":[3,7],"grid":[" (!*","00","00","00","00","00","00","00","00","00","00","00","00","00","00","00"]},"1913":{"keys":[3,7],"grid":[" (!*","00","00","00","00","00","00","00","00","00","00","00","00","00","00","00"]},"1912":{"keys":[3,7],"grid":[" (!*","00","00","00","00","00","00","00","00","00","00","00","00","00","00","00"]},"1915":{"keys":[3,7],"grid":[" (!*","00","00","00","00","00","00","00","00","00","00","00","00","00","00","00"]},"1914":{"keys":[3,7],"grid":[" (!*","00","00","00","00","00","00","00","00","00","00","00","00","00","00","00"]},"1917":{"keys":[3,7],"grid":[" (!*","00","00","00","00","00","00","00","00","00","00","00","00","00","00","00"]},"1916":{"keys":[3,7],"grid":[" (!*","00","00","00","00","00","00","00","00","00","00","00","00","00","00","00"]},"1991":{"keys":[3,7],"grid":[" (!*","00","00","00","00","00","00","00","00","00","00","00","00","00","00","00"]},"1990":{"keys":[3,7],"grid":[" (!*","00","00","00","00","00","00","00","00","00","00","00","00","00","00","00"]},"1993":{"keys":[3,7],"grid":[" (!*","00","00","00","00","00","00","00","00","00","00","00","00","00","00","00"]},"1992":{"keys":[3,7],"grid":[" (!*","00","00","00","00","00","00","00","00","00","00","00","00","00","00","00"]},"1995":{"keys":[3,7],"grid":[" (!*","00","00","00","00","00","00","00","00","00","00","00","00","00","00","00"]},"1994":{"keys":[3,7],"grid":[" (!*","00","00","00","00","00","00","00","00","00","00","00","00","00","00","00"]},"1997":{"keys":[3,7],"grid":[" (!*","00","00","00","00","00","00","00","00","00","00","00","00","00","00","00"]},"1996":{"keys":[3,7],"grid":[" (!*","00","00","00","00","00","00","00","00","00","00","00","00","00","00","00"]},"1999":{"keys":[3,7],"grid":[" (!*","00","00","00","00","00","00","00","00","00","00","00","00","00","00","00"]},"1998":{"keys":[3,7],"grid":[" (!*","00","00","00","00","00","00","00","00","00","00","00","00","00","00","00"]},"2024":{"keys":[3,7],"grid":[" (!*","00","00","00","00","00","00","00","00","00","00","00","00","00","00","00"]},"2025":{"keys":[3,7],"grid":[" (!*","00","00","00","00","00","00","00","00","00","00","00","00","00","00","00"]},"2026":{"keys":[3,7],"grid":[" (!*","00","00","00","00","00","00","00","00","00","00","00","00","00","00","00"]},"2027":{"keys":[3,7],"grid":[" (!*","00","00","00","00","00","00","00","00","00","00","00","00","00","00","00"]},"2020":{"keys":[3,7],"grid":[" (!*","00","00","00","00","00","00","00","00","00","00","00","00","00","00","00"]},"2021":{"keys":[3,7],"grid":[" (!*","00","00","00","00","00","00","00","00","00","00","00","00","00","00","00"]},"2022":{"keys":[3,7],"grid":[" (!*","00","00","00","00","00","00","00","00","00","00","00","00","00","00","00"]},"2023":{"keys":[3,7],"grid":[" (!*","00","00","00","00","00","00","00","00","00","00","00","00","00","00","00"]},"2028":{"keys":[3,7],"grid":[" (!*","00","00","00","00","00","00","00","00","00","00","00","00","00","00","00"]},"2029":{"keys":[3,7],"grid":[" (!*","00","00","00","00","00","00","00","00","00","00","00","00","00","00","00"]},"1898":{"keys":[3,7],"grid":[" (!*","00","00","00","00","00","00","00","00","00","00","00","00","00","00","00"]},"1899":{"keys":[3,7],"grid":[" (!*","00","00","00","00","00","00","00","00","00","00","00","00","00","00","00"]},"1894":{"keys":[3,7],"grid":[" (!*","00","00","00","00","00","00","00","00","00","00","00","00","00","00","00"]},"1895":{"keys":[3,7],"grid":[" (!*","00","00","00","00","00","00","00","00","00","00","00","00","00","00","00"]},"1896":{"keys":[3,7],"grid":[" (!*","00","00","00","00","00","00","00","00","00","00","00","00","00","00","00"]},"1897":{"keys":[3,7],"grid":[" (!*","00","00","00","00","00","00","00","00","00","00","00","00","00","00","00"]},"1890":{"keys":[3,7],"grid":[" (!*","00","00","00","00","00","00","00","00","00","00","00","00","00","00","00"]},"1891":{"keys":[3,7],"grid":[" (!*","00","00","00","00","00","00","00","00","00","00","00","00","00","00","00"]},"1892":{"keys":[3,7],"grid":[" (!*","00","00","00","00","00","00","00","00","00","00","00","00","00","00","00"]},"1893":{"keys":[3,7],"grid":[" (!*","00","00","00","00","00","00","00","00","00","00","00","00","00","00","00"]},"1968":{"keys":[3,7],"grid":[" (!*","00","00","00","00","00","00","00","00","00","00","00","00","00","00","00"]},"1969":{"keys":[3,7],"grid":[" (!*","00","00","00","00","00","00","00","00","00","00","00","00","00","00","00"]},"2045":{"keys":[3,7],"grid":[" (!*","00","00","00","00","00","00","00","00","00","00","00","00","00","00","00"]},"1964":{"keys":[3,7],"grid":[" (!*","00","00","00","00","00","00","00","00","00","00","00","00","00","00","00"]},"1965":{"keys":[3,7],"grid":[" (!*","00","00","00","00","00","00","00","00","00","00","00","00","00","00","00"]},"1966":{"keys":[3,7],"grid":[" (!*","00","00","00","00","00","00","00","00","00","00","00","00","00","00","00"]},"1967":{"keys":[3,7],"grid":[" (!*","00","00","00","00","00","00","00","00","00","00","00","00","00","00","00"]},"1960":{"keys":[3,7],"grid":[" (!*","00","00","00","00","00","00","00","00","00","00","00","00","00","00","00"]},"1961":{"keys":[3,7],"grid":[" (!*","00","00","00","00","00","00","00","00","00","00","00","00","00","00","00"]},"1962":{"keys":[3,7],"grid":[" (!*","00","00","00","00","00","00","00","00","00","00","00","00","00","00","00"]},"1963":{"keys":[3,7],"grid":[" (!*","00","00","00","00","00","00","00","00","00","00","00","00","00","00","00"]},"2037":{"keys":[3,7],"grid":[" (!*","00","00","00","00","00","00","00","00","00","00","00","00","00","00","00"]},"2036":{"keys":[3,7],"grid":[" (!*","00","00","00","00","00","00","00","00","00","00","00","00","00","00","00"]},"2035":{"keys":[3,7],"grid":[" (!*","00","00","00","00","00","00","00","00","00","00","00","00","00","00","00"]},"2034":{"keys":[3,7],"grid":[" (!*","00","00","00","00","00","00","00","00","00","00","00","00","00","00","00"]},"2033":{"keys":[3,7],"grid":[" (!*","00","00","00","00","00","00","00","00","00","00","00","00","00","00","00"]},"2032":{"keys":[3,7],"grid":[" (!*","00","00","00","00","00","00","00","00","00","00","00","00","00","00","00"]},"2031":{"keys":[3,7],"grid":[" (!*","00","00","00","00","00","00","00","00","00","00","00","00","00","00","00"]},"2030":{"keys":[3,7],"grid":[" (!*","00","00","00","00","00","00","00","00","00","00","00","00","00","00","00"]},"2039":{"keys":[3,7],"grid":[" (!*","00","00","00","00","00","00","00","00","00","00","00","00","00","00","00"]},"2038":{"keys":[3,7],"grid":[" (!*","00","00","00","00","00","00","00","00","00","00","00","00","00","00","00"]},"1889":{"keys":[3,7],"grid":[" (!*","00","00","00","00","00","00","00","00","00","00","00","00","00","00","00"]},"1888":{"keys":[3,7],"grid":[" (!*","00","00","00","00","00","00","00","00","00","00","00","00","00","00","00"]},"1887":{"keys":[3,7],"grid":[" (!*","00","00","00","00","00","00","00","00","00","00","00","00","00","00","00"]},"1886":{"keys":[3,7],"grid":[" (!*","00","00","00","00","00","00","00","00","00","00","00","00","00","00","00"]},"1885":{"keys":[3,7],"grid":[" (!*","00","00","00","00","00","00","00","00","00","00","00","00","00","00","00"]},"1884":{"keys":[3,7],"grid":[" (!*","00","00","00","00","00","00","00","00","00","00","00","00","00","00","00"]},"1883":{"keys":[3,7],"grid":[" (!*","00","00","00","00","00","00","00","00","00","00","00","00","00","00","00"]},"1882":{"keys":[3,7],"grid":[" (!*","00","00","00","00","00","00","00","00","00","00","00","00","00","00","00"]},"1881":{"keys":[3,7],"grid":[" (!*","00","00","00","00","00","00","00","00","00","00","00","00","00","00","00"]},"1880":{"keys":[3,7],"grid":[" (!*","00","00","00","00","00","00","00","00","00","00","00","00","00","00","00"]},"1919":{"keys":[3,7],"grid":[" (!*","00","00","00","00","00","00","00","00","00","00","00","00","00","00","00"]},"1979":{"keys":[3,7],"grid":[" (!*","00","00","00","00","00","00","00","00","00","00","00","00","00","00","00"]},"1978":{"keys":[3,7],"grid":[" (!*","00","00","00","00","00","00","00","00","00","00","00","00","00","00","00"]},"1977":{"keys":[3,7],"grid":[" (!*","00","00","00","00","00","00","00","00","00","00","00","00","00","00","00"]},"1976":{"keys":[3,7],"grid":[" (!*","00","00","00","00","00","00","00","00","00","00","00","00","00","00","00"]},"1975":{"keys":[3,7],"grid":[" (!*","00","00","00","00","00","00","00","00","00","00","00","00","00","00","00"]},"1974":{"keys":[3,7],"grid":[" (!*","00","00","00","00","00","00","00","00","00","00","00","00","00","00","00"]},"1973":{"keys":[3,7],"grid":[" (!*","00","00","00","00","00","00","00","00","00","00","00","00","00","00","00"]},"1972":{"keys":[3,7],"grid":[" (!*","00","00","00","00","00","00","00","00","00","00","00","00","00","00","00"]},"1971":{"keys":[3,7],"grid":[" (!*","00","00","00","00","00","00","00","00","00","00","00","00","00","00","00"]},"1970":{"keys":[3,7],"grid":[" (!*","00","00","00","00","00","00","00","00","00","00","00","00","00","00","00"]},"2002":{"keys":[3,7],"grid":[" (!*","00","00","00","00","00","00","00","00","00","00","00","00","00","00","00"]},"2003":{"keys":[3,7],"grid":[" (!*","00","00","00","00","00","00","00","00","00","00","00","00","00","00","00"]},"2000":{"keys":[3,7],"grid":[" (!*","00","00","00","00","00","00","00","00","00","00","00","00","00","00","00"]},"2001":{"keys":[3,7],"grid":[" (!*","00","00","00","00","00","00","00","00","00","00","00","00","00","00","00"]},"2006":{"keys":[3,7],"grid":[" (!*","00","00","00","00","00","00","00","00","00","00","00","00","00","00","00"]},"2007":{"keys":[3,7],"grid":[" (!*","00","00","00","00","00","00","00","00","00","00","00","00","00","00","00"]},"2004":{"keys":[3,7],"grid":[" (!*","00","00","00","00","00","00","00","00","00","00","00","00","00","00","00"]},"2005":{"keys":[3,7],"grid":[" (!*","00","00","00","00","00","00","00","00","00","00","00","00","00","00","00"]},"2008":{"keys":[3,7],"grid":[" (!*","00","00","00","00","00","00","00","00","00","00","00","00","00","00","00"]},"2009":{"keys":[3,7],"grid":[" (!*","00","00","00","00","00","00","00","00","00","00","00","00","00","00","00"]}},"889":{"1843":{"keys":[3,8],"grid":[" "," "," "," "," "," "," "," "," "," "," ","!% -","!+ '","!","!","!"]},"1851":{"keys":[8,7],"grid":[" "," "," "," "," 0!!","04"," /!#","06"," .!$","08","08"," -!%","11"," ,!&","13"," +!'"]},"1852":{"keys":[8,7],"grid":[" +!'"," *!(","01"," )!)","03"," (!*","05"," '!+","07","07"," &!,","10"," %!-","12"," $!.","14"]},"1853":{"keys":[8,7],"grid":[" #!/","00"," !!0","02","!","!","!","!","!","!","!","!","!","!","!","!"]},"1845":{"keys":[8],"grid":[" "," "," "," "," "," "," "," "," "," "," "," "," "," "," "," "]}},"888":{"1843":{"keys":[3,8],"grid":[" "," "," "," "," "," "," "," "," "," ","!- %","!","!","!","!","!"]},"1853":{"keys":[8,7],"grid":[" "," "," "," "," "," "," 0!!","06","06"," /!#","09"," .!$","11"," -!%","13"," ,!&"]},"1854":{"keys":[8,7],"grid":[" ,!&"," +!'","01"," *!(","03"," )!)","05"," (!*","07","07"," '!+","10"," &!,","12"," %!-","14"]},"1855":{"keys":[8,7],"grid":[" $!.","00"," #!/","02"," !!0","04","!","!","!","!","!","!","!","!","!","!"]},"1845":{"keys":[8],"grid":[" "," "," "," "," "," "," "," "," "," "," "," "," "," "," "," "]}}}}