{"9":{"55":{"142":{"keys":[3,1,7],"grid":[" (!!#)","00","00","00","00","00","00","00","00","00","00","00","00","00","00","00"]},"143":{"keys":[3,1,7],"grid":[" (!!#)","00","00","00","00","00","00","00","00","00","00","00","00","00","00","00"]},"140":{"keys":[3,1,7],"grid":[" (!!#)","00","00","00","00","00","00","00","00","00","00","00","00","00","00","00"]},"141":{"keys":[3,1,7],"grid":[" (!!#)","00","00","00","00","00","00","00","00","00","00","00","00","00","00","00"]},"133":{"keys":[3,1,7],"grid":[" (!!#)","00","00","00","00","00","00","00","00","00","00","00","00","00","00","00"]},"132":{"keys":[3,1,7],"grid":[" (!!#)","00","00","00","00","00","00","00","00","00","00","00","00","00","00","00"]},"131":{"keys":[3,1,7],"grid":[" (!!#)","00","00","00","00","00","00","00","00","00","00","00","00","00","00","00"]},"130":{"keys":[3,1,7],"grid":[" (!!#)","00","00","00","00","00","00","00","00","00","00","00","00","00","00","00"]},"137":{"keys":[3,1,7],"grid":[" (!!#)","00","00","00","00","00","00","00","00","00","00","00","00","00","00","00"]},"136":{"keys":[3,1,7],"grid":[" (!!#)","00","00","00","00","00","00","00","00","00","00","00","00","00","00","00"]},"135":{"keys":[3,1,7],"grid":[" (!!#)","00","00","00","00","00","00","00","00","00","00","00","00","00","00","00"]},"134":{"keys":[3,1,7],"grid":[" (!!#)","00","00","00","00","00","00","00","00","00","00","00","00","00","00","00"]},"128":{"keys":[3,1,7],"grid":[" (!!#)","00","00","00","00","00","00","00","00","00","00","00","00","00","00","00"]},"129":{"keys":[3,1,7],"grid":[" (!!#)","00","00","00","00","00","00","00","00","00","00","00","00","00","00","00"]},"139":{"keys":[3,1,7],"grid":[" (!!#)","00","00","00","00","00","00","00","00","00","00","00","00","00","00","00"]},"138":{"keys":[3,1,7],"grid":[" (!!#)","00","00","00","00","00","00","00","00","00","00","00","00","00","00","00"]}}},"13":{"887":{"2184":{"keys":[3,7],"grid":[" (!*","00","00","00","00","00","00","00","00","00","00","00","00","00","00","00"]},"2095":{"keys":[3,7],"grid":[" (!*","00","00","00","00","00","00","00","00","00","00","00","00","00","00","00"]},"2094":{"keys":[3,7],"grid":[" (!*","00","00","00","00","00","00","00","00","00","00","00","00","00","00","00"]},"2097":{"keys":[3,7],"grid":[" (!*","00","00","00","00","00","00","00","00","00","00","00","00","00","00","00"]},"2096":{"keys":[3,7],"grid":[" (!*","00","00","00","00","00","00","00","00","00","00","00","00","00","00","00"]},"2091":{"keys":[3,7],"grid":[" (!*","00","00","00","00","00","00","00","00","00","00","00","00","00","00","00"]},"2090":{"keys":[3,7],"grid":[" (!*","00","00","00","00","00","00","00","00","00","00","00","00","00","00","00"]},"2093":{"keys":[3,7],"grid":[" (!*","00","00","00","00","00","00","00","00","00","00","00","00","00","00","00"]},"2092":{"keys":[3,7],"grid":[" (!*","00","00","00","00","00","00","00","00","00","00","00","00","00","00","00"]},"2100":{"keys":[3,7],"grid":[" (!*","00","00","00","00","00","00","00","00","00","00","00","00","00","00","00"]},"2099":{"keys":[3,7],"grid":[" (!*","00","00","00","00","00","00","00","00","00","00","00","00","00","00","00"]},"2098":{"keys":[3,7],"grid":[" (!*","00","00","00","00","00","00","00","00","00","00","00","00","00","00","00"]},"2079":{"keys":[3,7],"grid":[" (!*","00","00","00","00","00","00","00","00","00","00","00","00","00","00","00"]},"2154":{"keys":[3,7],"grid":[" (!*","00","00","00","00","00","00","00","00","00","00","00","00","00","00","00"]},"2155":{"keys":[3,7],"grid":[" (!*","00","00","00","00","00","00","00","00","00","00","00","00","00","00","00"]},"2156":{"keys":[3,7],"grid":[" (!*","00","00","00","00","00","00","00","00","00","00","00","00","00","00","00"]},"2157":{"keys":[3,7],"grid":[" (!*","00","00","00","00","00","00","00","00","00","00","00","00","00","00","00"]},"2150":{"keys":[3,7],"grid":[" (!*","00","00","00","00","00","00","00","00","00","00","00","00","00","00","00"]},"2151":{"keys":[3,7],"grid":[" (!*","00","00","00","00","00","00","00","00","00","00","00","00","00","00","00"]},"2152":{"keys":[3,7],"grid":[" (!*","00","00","00","00","00","00","00","00","00","00","00","00","00","00","00"]},"2153":{"keys":[3,7],"grid":[" (!*","00","00","00","00","00","00","00","00","00","00","00","00","00","00","00"]},"2244":{"keys":[3,7],"grid":[" (!*","00","00","00","00","00","00","00","00","00","00","00","00","00","00","00"]},"2245":{"keys":[3,7],"grid":[" (!*","00","00","00","00","00","00","00","00","00","00","00","00","00","00","00"]},"2246":{"keys":[3,7],"grid":[" (!*","00","00","00","00","00","00","00","00","00","00","00","00","00","00","00"]},"2247":{"keys":[3,7],"grid":[" (!*","00","00","00","00","00","00","00","00","00","00","00","00","00","00","00"]},"2158":{"keys":[3,7],"grid":[" (!*","00","00","00","00","00","00","00","00","00","00","00","00","00","00","00"]},"2159":{"keys":[3,7],"grid":[" (!*","00","00","00","00","00","00","00","00","00","00","00","00","00","00","00"]},"2242":{"keys":[3,7],"grid":[" (!*","00","00","00","00","00","00","00","00","00","00","00","00","00","00","00"]},"2243":{"keys":[3,7],"grid":[" (!*","00","00","00","00","00","00","00","00","00","00","00","00","00","00","00"]},"2139":{"keys":[3,7],"grid":[" (!*","00","00","00","00","00","00","00","00","00","00","00","00","00","00","00"]},"2148":{"keys":[3,7],"grid":[" (!*","00","00","00","00","00","00","00","00","00","00","00","00","00","00","00"]},"2262":{"keys":[3,7],"grid":[" (!*","00","00","00","00","00","00","00","00","00","00","00","00","00","00","00"]},"2263":{"keys":[3,7],"grid":[" (!*","00","00","00","00","00","00","00","00","00","00","00","00","00","00","00"]},"2178":{"keys":[3,7],"grid":[" (!*","00","00","00","00","00","00","00","00","00","00","00","00","00","00","00"]},"2216":{"keys":[3,7],"grid":[" (!*","00","00","00","00","00","00","00","00","00","00","00","00","00","00","00"]},"2261":{"keys":[3,7],"grid":[" (!*","00","00","00","00","00","00","00","00","00","00","00","00","00","00","00"]},"2266":{"keys":[3,7],"grid":[" (!*","00","00","00","00","00","00","00","00","00","00","00","00","00","00","00"]},"2267":{"keys":[3,7],"grid":[" (!*","00","00","00","00","00","00","00","00","00","00","00","00","00","00","00"]},"2147":{"keys":[3,7],"grid":[" (!*","00","00","00","00","00","00","00","00","00","00","00","00","00","00","00"]},"2146":{"keys":[3,7],"grid":[" (!*","00","00","00","00","00","00","00","00","00","00","00","00","00","00","00"]},"2145":{"keys":[3,7],"grid":[" (!*","00","00","00","00","00","00","00","00","00","00","00","00","00","00","00"]},"2144":{"keys":[3,7],"grid":[" (!*","00","00","00","00","00","00","00","00","00","00","00","00","00","00","00"]},"2143":{"keys":[3,7],"grid":[" (!*","00","00","00","00","00","00","00","00","00","00","00","00","00","00","00"]},"2142":{"keys":[3,7],"grid":[" (!*","00","00","00","00","00","00","00","00","00","00","00","00","00","00","00"]},"2259":{"keys":[3,7],"grid":[" (!*","00","00","00","00","00","00","00","00","00","00","00","00","00","00","00"]},"2140":{"keys":[3,7],"grid":[" (!*","00","00","00","00","00","00","00","00","00","00","00","00","00","00","00"]},"2060":{"keys":[3,7],"grid":[" (!*","00","00","00","00","00","00","00","00","00","00","00","00","00","00","00"]},"2061":{"keys":[3,7],"grid":[" (!*","00","00","00","00","00","00","00","00","00","00","00","00","00","00","00"]},"2062":{"keys":[3,7],"grid":[" (!*","00","00","00","00","00","00","00","00","00","00","00","00","00","00","00"]},"2063":{"keys":[3,7],"grid":[" (!*","00","00","00","00","00","00","00","00","00","00","00","00","00","00","00"]},"2064":{"keys":[3,7],"grid":[" (!*","00","00","00","00","00","00","00","00","00","00","00","00","00","00","00"]},"2065":{"keys":[3,7],"grid":[" (!*","00","00","00","00","00","00","00","00","00","00","00","00","00","00","00"]},"2066":{"keys":[3,7],"grid":[" (!*","00","00","00","00","00","00","00","00","00","00","00","00","00","00","00"]},"2067":{"keys":[3,7],"grid":[" (!*","00","00","00","00","00","00","00","00","00","00","00","00","00","00","00"]},"2124":{"keys":[3,7],"grid":[" (!*","00","00","00","00","00","00","00","00","00","00","00","00","00","00","00"]},"2068":{"keys":[3,7],"grid":[" (!*","00","00","00","00","00","00","00","00","00","00","00","00","00","00","00"]},"2083":{"keys":[3,7],"grid":[" (!*","00","00","00","00","00","00","00","00","00","00","00","00","00","00","00"]},"2069":{"keys":[3,7],"grid":[" (!*","00","00","00","00","00","00","00","00","00","00","00","00","00","00","00"]},"2301":{"keys":[3,7],"grid":[" (!*","00","00","00","00","00","00","00","00","00","00","00","00","00","00","00"]},"2300":{"keys":[3,7],"grid":[" (!*","00","00","00","00","00","00","00","00","00","00","00","00","00","00","00"]},"2303":{"keys":[3,7],"grid":[" (!*","00","00","00","00","00","00","00","00","00","00","00","00","00","00","00"]},"2302":{"keys":[3,7],"grid":[" (!*","00","00","00","00","00","00","00","00","00","00","00","00","00","00","00"]},"2172":{"keys":[3,7],"grid":[" (!*","00","00","00","00","00","00","00","00","00","00","00","00","00","00","00"]},"2173":{"keys":[3,7],"grid":[" (!*","00","00","00","00","00","00","00","00","00","00","00","00","00","00","00"]},"2170":{"keys":[3,7],"grid":[" (!*","00","00","00","00","00","00","00","00","00","00","00","00","00","00","00"]},"2269":{"keys":[3,7],"grid":[" (!*","00","00","00","00","00","00","00","00","00","00","00","00","00","00","00"]},"2176":{"keys":[3,7],"grid":[" (!*","00","00","00","00","00","00","00","00","00","00","00","00","00","00","00"]},"2177":{"keys":[3,7],"grid":[" (!*","00","00","00","00","00","00","00","00","00","00","00","00","00","00","00"]},"2174":{"keys":[3,7],"grid":[" (!*","00","00","00","00","00","00","00","00","00","00","00","00","00","00","00"]},"2175":{"keys":[3,7],"grid":[" (!*","00","00","00","00","00","00","00","00","00","00","00","00","00","00","00"]},"2073":{"keys":[3,7],"grid":[" (!*","00","00","00","00","00","00","00","00","00","00","00","00","00","00","00"]},"2072":{"keys":[3,7],"grid":[" (!*","00","00","00","00","00","00","00","00","00","00","00","00","00","00","00"]},"2071":{"keys":[3,7],"grid":[" (!*","00","00","00","00","00","00","00","00","00","00","00","00","00","00","00"]},"2070":{"keys":[3,7],"grid":[" (!*","00","00","00","00","00","00","00","00","00","00","00","00","00","00","00"]},"2077":{"keys":[3,7],"grid":[" (!*","00","00","00","00","00","00","00","00","00","00","00","00","00","00","00"]},"2076":{"keys":[3,7],"grid":[" (!*","00","00","00","00","00","00","00","00","00","00","00","00","00","00","00"]},"2075":{"keys":[3,7],"grid":[" (!*","00","00","00","00","00","00","00","00","00","00","00","00","00","00","00"]},"2074":{"keys":[3,7],"grid":[" (!*","00","00","00","00","00","00","00","00","00","00","00","00","00","00","00"]},"2288":{"keys":[3,7],"grid":[" (!*","00","00","00","00","00","00","00","00","00","00","00","00","00","00","00"]},"2289":{"keys":[3,7],"grid":[" (!*","00","00","00","00","00","00","00","00","00","00","00","00","00","00","00"]},"2141":{"keys":[3,7],"grid":[" (!*","00","00","00","00","00","00","00","00","00","00","00","00","00","00","00"]},"2050":{"keys":[3,7],"grid":[" (!*","00","00","00","00","00","00","00","00","00","00","00","00","00","00","00"]},"2280":{"keys":[3,7],"grid":[" (!*","00","00","00","00","00","00","00","00","00","00","00","00","00","00","00"]},"2281":{"keys":[3,7],"grid":[" (!*","00","00","00","00","00","00","00","00","00","00","00","00","00","00","00"]},"2282":{"keys":[3,7],"grid":[" (!*","00","00","00","00","00","00","00","00","00","00","00","00","00","00","00"]},"2283":{"keys":[3,7],"grid":[" (!*","00","00","00","00","00","00","00","00","00","00","00","00","00","00","00"]},"2284":{"keys":[3,7],"grid":[" (!*","00","00","00","00","00","00","00","00","00","00","00","00","00","00","00"]},"2285":{"keys":[3,7],"grid":[" (!*","00","00","00","00","00","00","00","00","00","00","00","00","00","00","00"]},"2286":{"keys":[3,7],"grid":[" (!*","00","00","00","00","00","00","00","00","00","00","00","00","00","00","00"]},"2287":{"keys":[3,7],"grid":[" (!*","00","00","00","00","00","00","00","00","00","00","00","00","00","00","00"]},"2257":{"keys":[3,7],"grid":[" (!*","00","00","00","00","00","00","00","00","00","00","00","00","00","00","00"]},"2052":{"keys":[3,7],"grid":[" (!*","00","00","00","00","00","00","00","00","00","00","00","00","00","00","00"]},"2256":{"keys":[3,7],"grid":[" (!*","00","00","00","00","00","00","00","00","00","00","00","00","00","00","00"]},"2055":{"keys":[3,7],"grid":[" (!*","00","00","00","00","00","00","00","00","00","00","00","00","00","00","00"]},"2171":{"keys":[3,7],"grid":[" (!*","00","00","00","00","00","00","00","00","00","00","00","00","00","00","00"]},"2255":{"keys":[3,7],"grid":[" (!*","00","00","00","00","00","00","00","00","00","00","00","00","00","00","00"]},"2051":{"keys":[3,7],"grid":[" (!*","00","00","00","00","00","00","00","00","00","00","00","00","00","00","00"]},"2275":{"keys":[3,7],"grid":[" (!*","00","00","00","00","00","00","00","00","00","00","00","00","00","00","00"]},"2274":{"keys":[3,7],"grid":[" (!*","00","00","00","00","00","00","00","00","00","00","00","00","00","00","00"]},"2277":{"keys":[3,7],"grid":[" (!*","00","00","00","00","00","00","00","00","00","00","00","00","00","00","00"]},"2254":{"keys":[3,7],"grid":[" (!*","00","00","00","00","00","00","00","00","00","00","00","00","00","00","00"]},"2271":{"keys":[3,7],"grid":[" (!*","00","00","00","00","00","00","00","00","00","00","00","00","00","00","00"]},"2057":{"keys":[3,7],"grid":[" (!*","00","00","00","00","00","00","00","00","00","00","00","00","00","00","00"]},"2273":{"keys":[3,7],"grid":[" (!*","00","00","00","00","00","00","00","00","00","00","00","00","00","00","00"]},"2272":{"keys":[3,7],"grid":[" (!*","00","00","00","00","00","00","00","00","00","00","00","00","00","00","00"]},"2253":{"keys":[3,7],"grid":[" (!*","00","00","00","00","00","00","00","00","00","00","00","00","00","00","00"]},"2258":{"keys":[3,7],"grid":[" (!*","00","00","00","00","00","00","00","00","00","00","00","00","00","00","00"]},"2279":{"keys":[3,7],"grid":[" (!*","00","00","00","00","00","00","00","00","00","00","00","00","00","00","00"]},"2278":{"keys":[3,7],"grid":[" (!*","00","00","00","00","00","00","00","00","00","00","00","00","00","00","00"]},"2048":{"keys":[3,7],"grid":[" (!*","00","00","00","00","00","00","00","00","00","00","00","00","00","00","00"]},"2049":{"keys":[3,7],"grid":[" (!*","00","00","00","00","00","00","00","00","00","00","00","00","00","00","00"]},"2059":{"keys":[3,7],"grid":[" (!*","00","00","00","00","00","00","00","00","00","00","00","00","00","00","00"]},"2169":{"keys":[3,7],"grid":[" (!*","00","00","00","00","00","00","00","00","00","00","00","00","00","00","00"]},"2149":{"keys":[3,7],"grid":[" (!*","00","00","00","00","00","00","00","00","00","00","00","00","00","00","00"]},"2209":{"keys":[3,7],"grid":[" (!*","00","00","00","00","00","00","00","00","00","00","00","00","00","00","00"]},"2165":{"keys":[3,7],"grid":[" (!*","00","00","00","00","00","00","00","00","00","00","00","00","00","00","00"]},"2164":{"keys":[3,7],"grid":[" (!*","00","00","00","00","00","00","00","00","00","00","00","00","00","00","00"]},"2167":{"keys":[3,7],"grid":[" (!*","00","00","00","00","00","00","00","00","00","00","00","00","00","00","00"]},"2166":{"keys":[3,7],"grid":[" (!*","00","00","00","00","00","00","00","00","00","00","00","00","00","00","00"]},"2161":{"keys":[3,7],"grid":[" (!*","00","00","00","00","00","00","00","00","00","00","00","00","00","00","00"]},"2160":{"keys":[3,7],"grid":[" (!*","00","00","00","00","00","00","00","00","00","00","00","00","00","00","00"]},"2163":{"keys":[3,7],"grid":[" (!*","00","00","00","00","00","00","00","00","00","00","00","00","00","00","00"]},"2162":{"keys":[3,7],"grid":[" (!*","00","00","00","00","00","00","00","00","00","00","00","00","00","00","00"]},"2299":{"keys":[3,7],"grid":[" (!*","00","00","00","00","00","00","00","00","00","00","00","00","00","00","00"]},"2298":{"keys":[3,7],"grid":[" (!*","00","00","00","00","00","00","00","00","00","00","00","00","00","00","00"]},"2129":{"keys":[3,7],"grid":[" (!*","00","00","00","00","00","00","00","00","00","00","00","00","00","00","00"]},"2293":{"keys":[3,7],"grid":[" (!*","00","00","00","00","00","00","00","00","00","00","00","00","00","00","00"]},"2292":{"keys":[3,7],"grid":[" (!*","00","00","00","00","00","00","00","00","00","00","00","00","00","00","00"]},"2291":{"keys":[3,7],"grid":[" (!*","00","00","00","00","00","00","00","00","00","00","00","00","00","00","00"]},"2290":{"keys":[3,7],"grid":[" (!*","00","00","00","00","00","00","00","00","00","00","00","00","00","00","00"]},"2297":{"keys":[3,7],"grid":[" (!*","00","00","00","00","00","00","00","00","00","00","00","00","00","00","00"]},"2296":{"keys":[3,7],"grid":[" (!*","00","00","00","00","00","00","00","00","00","00","00","00","00","00","00"]},"2295":{"keys":[3,7],"grid":[" (!*","00","00","00","00","00","00","00","00","00","00","00","00","00","00","00"]},"2294":{"keys":[3,7],"grid":[" (!*","00","00","00","00","00","00","00","00","00","00","00","00","00","00","00"]},"2190":{"keys":[3,7],"grid":[" (!*","00","00","00","00","00","00","00","00","00","00","00","00","00","00","00"]},"2191":{"keys":[3,7],"grid":[" (!*","00","00","00","00","00","00","00","00","00","00","00","00","00","00","00"]},"2192":{"keys":[3,7],"grid":[" (!*","00","00","00","00","00","00","00","00","00","00","00","00","00","00","00"]},"2193":{"keys":[3,7],"grid":[" (!*","00","00","00","00","00","00","00","00","00","00","00","00","00","00","00"]},"2194":{"keys":[3,7],"grid":[" (!*","00","00","00","00","00","00","00","00","00","00","00","00","00","00","00"]},"2195":{"keys":[3,7],"grid":[" (!*","00","00","00","00","00","00","00","00","00","00","00","00","00","00","00"]},"2196":{"keys":[3,7],"grid":[" (!*","00","00","00","00","00","00","00","00","00","00","00","00","00","00","00"]},"2197":{"keys":[3,7],"grid":[" (!*","00","00","00","00","00","00","00","00","00","00","00","00","00","00","00"]},"2198":{"keys":[3,7],"grid":[" (!*","00","00","00","00","00","00","00","00","00","00","00","00","00","00","00"]},"2199":{"keys":[3,7],"grid":[" (!*","00","00","00","00","00","00","00","00","00","00","00","00","00","00","00"]},"2053":{"keys":[3,7],"grid":[" (!*","00","00","00","00","00","00","00","00","00","00","00","00","00","00","00"]},"2200":{"keys":[3,7],"grid":[" (!*","00","00","00","00","00","00","00","00","00","00","00","00","00","00","00"]},"2201":{"keys":[3,7],"grid":[" (!*","00","00","00","00","00","00","00","00","00","00","00","00","00","00","00"]},"2202":{"keys":[3,7],"grid":[" (!*","00","00","00","00","00","00","00","00","00","00","00","00","00","00","00"]},"2203":{"keys":[3,7],"grid":[" (!*","00","00","00","00","00","00","00","00","00","00","00","00","00","00","00"]},"2204":{"keys":[3,7],"grid":[" (!*","00","00","00","00","00","00","00","00","00","00","00","00","00","00","00"]},"2205":{"keys":[3,7],"grid":[" (!*","00","00","00","00","00","00","00","00","00","00","00","00","00","00","00"]},"2206":{"keys":[3,7],"grid":[" (!*","00","00","00","00","00","00","00","00","00","00","00","00","00","00","00"]},"2207":{"keys":[3,7],"grid":[" (!*","00","00","00","00","00","00","00","00","00","00","00","00","00","00","00"]},"2208":{"keys":[3,7],"grid":[" (!*","00","00","00","00","00","00","00","00","00","00","00","00","00","00","00"]},"2058":{"keys":[3,7],"grid":[" (!*","00","00","00","00","00","00","00","00","00","00","00","00","00","00","00"]},"2118":{"keys":[3,7],"grid":[" (!*","00","00","00","00","00","00","00","00","00","00","00","00","00","00","00"]},"2119":{"keys":[3,7],"grid":[" (!*","00","00","00","00","00","00","00","00","00","00","00","00","00","00","00"]},"2110":{"keys":[3,7],"grid":[" (!*","00","00","00","00","00","00","00","00","00","00","00","00","00","00","00"]},"2248":{"keys":[3,7],"grid":[" (!*","00","00","00","00","00","00","00","00","00","00","00","00","00","00","00"]},"2112":{"keys":[3,7],"grid":[" (!*","00","00","00","00","00","00","00","00","00","00","00","00","00","00","00"]},"2113":{"keys":[3,7],"grid":[" (!*","00","00","00","00","00","00","00","00","00","00","00","00","00","00","00"]},"2114":{"keys":[3,7],"grid":[" (!*","00","00","00","00","00","00","00","00","00","00","00","00","00","00","00"]},"2115":{"keys":[3,7],"grid":[" (!*","00","00","00","00","00","00","00","00","00","00","00","00","00","00","00"]},"2116":{"keys":[3,7],"grid":[" (!*","00","00","00","00","00","00","00","00","00","00","00","00","00","00","00"]},"2249":{"keys":[3,7],"grid":[" (!*","00","00","00","00","00","00","00","00","00","00","00","00","00","00","00"]},"2121":{"keys":[3,7],"grid":[" (!*","00","00","00","00","00","00","00","00","00","00","00","00","00","00","00"]},"2120":{"keys":[3,7],"grid":[" (!*","00","00","00","00","00","00","00","00","00","00","00","00","00","00","00"]},"2123":{"keys":[3,7],"grid":[" (!*","00","00","00","00","00","00","00","00","00","00","00","00","00","00","00"]},"2264":{"keys":[3,7],"grid":[" (!*","00","00","00","00","00","00","00","00","00","00","00","00","00","00","00"]},"2183":{"keys":[3,7],"grid":[" (!*","00","00","00","00","00","00","00","00","00","00","00","00","00","00","00"]},"2182":{"keys":[3,7],"grid":[" (!*","00","00","00","00","00","00","00","00","00","00","00","00","00","00","00"]},"2181":{"keys":[3,7],"grid":[" (!*","00","00","00","00","00","00","00","00","00","00","00","00","00","00","00"]},"2122":{"keys":[3,7],"grid":[" (!*","00","00","00","00","00","00","00","00","00","00","00","00","00","00","00"]},"2187":{"keys":[3,7],"grid":[" (!*","00","00","00","00","00","00","00","00","00","00","00","00","00","00","00"]},"2186":{"keys":[3,7],"grid":[" (!*","00","00","00","00","00","00","00","00","00","00","00","00","00","00","00"]},"2185":{"keys":[3,7],"grid":[" (!*","00","00","00","00","00","00","00","00","00","00","00","00","00","00","00"]},"2111":{"keys":[3,7],"grid":[" (!*","00","00","00","00","00","00","00","00","00","00","00","00","00","00","00"]},"2189":{"keys":[3,7],"grid":[" (!*","00","00","00","00","00","00","00","00","00","00","00","00","00","00","00"]},"2188":{"keys":[3,7],"grid":[" (!*","00","00","00","00","00","00","00","00","00","00","00","00","00","00","00"]},"2270":{"keys":[3,7],"grid":[" (!*","00","00","00","00","00","00","00","00","00","00","00","00","00","00","00"]},"2213":{"keys":[3,7],"grid":[" (!*","00","00","00","00","00","00","00","00","00","00","00","00","00","00","00"]},"2212":{"keys":[3,7],"grid":[" (!*","00","00","00","00","00","00","00","00","00","00","00","00","00","00","00"]},"2211":{"keys":[3,7],"grid":[" (!*","00","00","00","00","00","00","00","00","00","00","00","00","00","00","00"]},"2210":{"keys":[3,7],"grid":[" (!*","00","00","00","00","00","00","00","00","00","00","00","00","00","00","00"]},"2217":{"keys":[3,7],"grid":[" (!*","00","00","00","00","00","00","00","00","00","00","00","00","00","00","00"]},"2179":{"keys":[3,7],"grid":[" (!*","00","00","00","00","00","00","00","00","00","00","00","00","00","00","00"]},"2215":{"keys":[3,7],"grid":[" (!*","00","00","00","00","00","00","00","00","00","00","00","00","00","00","00"]},"2214":{"keys":[3,7],"grid":[" (!*","00","00","00","00","00","00","00","00","00","00","00","00","00","00","00"]},"2240":{"keys":[3,7],"grid":[" (!*","00","00","00","00","00","00","00","00","00","00","00","00","00","00","00"]},"2219":{"keys":[3,7],"grid":[" (!*","00","00","00","00","00","00","00","00","00","00","00","00","00","00","00"]},"2218":{"keys":[3,7],"grid":[" (!*","00","00","00","00","00","00","00","00","00","00","00","00","00","00","00"]},"2265":{"keys":[3,7],"grid":[" (!*","00","00","00","00","00","00","00","00","00","00","00","00","00","00","00"]},"2241":{"keys":[3,7],"grid":[" (!*","00","00","00","00","00","00","00","00","00","00","00","00","00","00","00"]},"2082":{"keys":[3,7],"grid":[" (!*","00","00","00","00","00","00","00","00","00","00","00","00","00","00","00"]},"2109":{"keys":[3,7],"grid":[" (!*","00","00","00","00","00","00","00","00","00","00","00","00","00","00","00"]},"2108":{"keys":[3,7],"grid":[" (!*","00","00","00","00","00","00","00","00","00","00","00","00","00","00","00"]},"2131":{"keys":[3,7],"grid":[" (!*","00","00","00","00","00","00","00","00","00","00","00","00","00","00","00"]},"2054":{"keys":[3,7],"grid":[" (!*","00","00","00","00","00","00","00","00","00","00","00","00","00","00","00"]},"2128":{"keys":[3,7],"grid":[" (!*","00","00","00","00","00","00","00","00","00","00","00","00","00","00","00"]},"2103":{"keys":[3,7],"grid":[" (!*","00","00","00","00","00","00","00","00","00","00","00","00","00","00","00"]},"2102":{"keys":[3,7],"grid":[" (!*","00","00","00","00","00","00","00","00","00","00","00","00","00","00","00"]},"2101":{"keys":[3,7],"grid":[" (!*","00","00","00","00","00","00","00","00","00","00","00","00","00","00","00"]},"2117":{"keys":[3,7],"grid":[" (!*","00","00","00","00","00","00","00","00","00","00","00","00","00","00","00"]},"2107":{"keys":[3,7],"grid":[" (!*","00","00","00","00","00","00","00","00","00","00","00","00","00","00","00"]},"2106":{"keys":[3,7],"grid":[" (!*","00","00","00","00","00","00","00","00","00","00","00","00","00","00","00"]},"2105":{"keys":[3,7],"grid":[" (!*","00","00","00","00","00","00","00","00","00","00","00","00","00","00","00"]},"2104":{"keys":[3,7],"grid":[" (!*","00","00","00","00","00","00","00","00","00","00","00","00","00","00","00"]},"2081":{"keys":[3,7],"grid":[" (!*","00","00","00","00","00","00","00","00","00","00","00","00","00","00","00"]},"2086":{"keys":[3,7],"grid":[" (!*","00","00","00","00","00","00","00","00","00","00","00","00","00","00","00"]},"2087":{"keys":[3,7],"grid":[" (!*","00","00","00","00","00","00","00","00","00","00","00","00","00","00","00"]},"2084":{"keys":[3,7],"grid":[" (!*","00","00","00","00","00","00","00","00","00","00","00","00","00","00","00"]},"2085":{"keys":[3,7],"grid":[" (!*","00","00","00","00","00","00","00","00","00","00","00","00","00","00","00"]},"2252":{"keys":[3,7],"grid":[" (!*","00","00","00","00","00","00","00","00","00","00","00","00","00","00","00"]},"2136":{"keys":[3,7],"grid":[" (!*","00","00","00","00","00","00","00","00","00","00","00","00","00","00","00"]},"2137":{"keys":[3,7],"grid":[" (!*","00","00","00","00","00","00","00","00","00","00","00","00","00","00","00"]},"2134":{"keys":[3,7],"grid":[" (!*","00","00","00","00","00","00","00","00","00","00","00","00","00","00","00"]},"2135":{"keys":[3,7],"grid":[" (!*","00","00","00","00","00","00","00","00","00","00","00","00","00","00","00"]},"2132":{"keys":[3,7],"grid":[" (!*","00","00","00","00","00","00","00","00","00","00","00","00","00","00","00"]},"2133":{"keys":[3,7],"grid":[" (!*","00","00","00","00","00","00","00","00","00","00","00","00","00","00","00"]},"2228":{"keys":[3,7],"grid":[" (!*","00","00","00","00","00","00","00","00","00","00","00","00","00","00","00"]},"2229":{"keys":[3,7],"grid":[" (!*","00","00","00","00","00","00","00","00","00","00","00","00","00","00","00"]},"2226":{"keys":[3,7],"grid":[" (!*","00","00","00","00","00","00","00","00","00","00","00","00","00","00","00"]},"2227":{"keys":[3,7],"grid":[" (!*","00","00","00","00","00","00","00","00","00","00","00","00","00","00","00"]},"2224":{"keys":[3,7],"grid":[" (!*","00","00","00","00","00","00","00","00","00","00","00","00","00","00","00"]},"2225":{"keys":[3,7],"grid":[" (!*","00","00","00","00","00","00","00","00","00","00","00","00","00","00","00"]},"2222":{"keys":[3,7],"grid":[" (!*","00","00","00","00","00","00","00","00","00","00","00","00","00","00","00"]},"2223":{"keys":[3,7],"grid":[" (!*","00","00","00","00","00","00","00","00","00","00","00","00","00","00","00"]},"2138":{"keys":[3,7],"grid":[" (!*","00","00","00","00","00","00","00","00","00","00","00","00","00","00","00"]},"2221":{"keys":[3,7],"grid":[" (!*","00","00","00","00","00","00","00","00","00","00","00","00","00","00","00"]},"2056":{"keys":[3,7],"grid":[" (!*","00","00","00","00","00","00","00","00","00","00","00","00","00","00","00"]},"2220":{"keys":[3,7],"grid":[" (!*","00","00","00","00","00","00","00","00","00","00","00","00","00","00","00"]},"2251":{"keys":[3,7],"grid":[" (!*","00","00","00","00","00","00","00","00","00","00","00","00","00","00","00"]},"2168":{"keys":[3,7],"grid":[" (!*","00","00","00","00","00","00","00","00","00","00","00","00","00","00","00"]},"2080":{"keys":[3,7],"grid":[" (!*","00","00","00","00","00","00","00","00","00","00","00","00","00","00","00"]},"2126":{"keys":[3,7],"grid":[" (!*","00","00","00","00","00","00","00","00","00","00","00","00","00","00","00"]},"2260":{"keys":[3,7],"grid":[" (!*","00","00","00","00","00","00","00","00","00","00","00","00","00","00","00"]},"2250":{"keys":[3,7],"grid":[" (!*","00","00","00","00","00","00","00","00","00","00","00","00","00","00","00"]},"2239":{"keys":[3,7],"grid":[" (!*","00","00","00","00","00","00","00","00","00","00","00","00","00","00","00"]},"2238":{"keys":[3,7],"grid":[" (!*","00","00","00","00","00","00","00","00","00","00","00","00","00","00","00"]},"2088":{"keys":[3,7],"grid":[" (!*","00","00","00","00","00","00","00","00","00","00","00","00","00","00","00"]},"2089":{"keys":[3,7],"grid":[" (!*","00","00","00","00","00","00","00","00","00","00","00","00","00","00","00"]},"2125":{"keys":[3,7],"grid":[" (!*","00","00","00","00","00","00","00","00","00","00","00","00","00","00","00"]},"2130":{"keys":[3,7],"grid":[" (!*","00","00","00","00","00","00","00","00","00","00","00","00","00","00","00"]},"2127":{"keys":[3,7],"grid":[" (!*","00","00","00","00","00","00","00","00","00","00","00","00","00","00","00"]},"2268":{"keys":[3,7],"grid":[" (!*","00","00","00","00","00","00","00","00","00","00","00","00","00","00","00"]},"2231":{"keys":[3,7],"grid":[" (!*","00","00","00","00","00","00","00","00","00","00","00","00","00","00","00"]},"2230":{"keys":[3,7],"grid":[" (!*","00","00","00","00","00","00","00","00","00","00","00","00","00","00","00"]},"2233":{"keys":[3,7],"grid":[" (!*","00","00","00","00","00","00","00","00","00","00","00","00","00","00","00"]},"2232":{"keys":[3,7],"grid":[" (!*","00","00","00","00","00","00","00","00","00","00","00","00","00","00","00"]},"2235":{"keys":[3,7],"grid":[" (!*","00","00","00","00","00","00","00","00","00","00","00","00","00","00","00"]},"2234":{"keys":[3,7],"grid":[" (!*","00","00","00","00","00","00","00","00","00","00","00","00","00","00","00"]},"2237":{"keys":[3,7],"grid":[" (!*","00","00","00","00","00","00","00","00","00","00","00","00","00","00","00"]},"2236":{"keys":[3,7],"grid":[" (!*","00","00","00","00","00","00","00","00","00","00","00","00","00","00","00"]},"2180":{"keys":[3,7],"grid":[" (!*","00","00","00","00","00","00","00","00","00","00","00","00","00","00","00"]},"2078":{"keys":[3,7],"grid":[" (!*","00","00","00","00","00","00","00","00","00","00","00","00","00","00","00"]},"2276":{"keys":[3,7],"grid":[" (!*","00","00","00","00","00","00","00","00","00","00","00","00","00","00","00"]}}}}