{"9":{"59":{"150":{"keys":[3,1,7],"grid":[" )!##'"," *!##&"," +!##%"," ,!##$"," -!###"," .!##!"," /!#"," 0!!","07"," "," "," "," "," "," "," "]},"149":{"keys":[7,1,3],"grid":[" "," "," "," "," "," "," ","!! 0","!# /","#!!# .","##!# -","#$!# ,","#%!# +","#&!# *","#'!# )","#(!# ("]}},"58":{"147":{"keys":[7,1,3],"grid":[" "," "," "," "," "," "," "," "," "," ","!% -","!!##!! -","#$!! -","##!# -","##!! .","14"]},"148":{"keys":[3,1,7],"grid":[" #!!#."," !!##."," !!!#/","02","!##/","!!#0","05","04","01","00"," #!##-"," $!$#+"," &!$#)"," (!$#'"," *!$#%"," ,!##$"]},"149":{"keys":[3,1,7],"grid":[" -!!#$","00","00"," -!###"," .!!##"," .!##!"," /!#"," 0!!"," "," "," "," "," "," "," "," "]}},"55":{"146":{"keys":[3,1,7],"grid":[" (!!#)","00","00","00","00","00","00","00","00","00","00","00","00","00","00","00"]},"147":{"keys":[3,1,7],"grid":[" (!!#)","00","00","00","00","00","00","00","00","00","00","00","00"," (!%#&"," +!$#$"," -!%"]},"144":{"keys":[3,1,7],"grid":[" (!!#)","00","00","00","00","00","00","00","00","00","00","00","00","00","00","00"]},"145":{"keys":[3,1,7],"grid":[" (!!#)","00","00","00","00","00","00","00","00","00","00","00","00","00","00","00"]},"148":{"keys":[3,1],"grid":[" 0!!"," "," "," "," "," "," "," "," "," "," "," "," "," "," "," "]}},"57":{"147":{"keys":[7,1,3],"grid":[" "," "," "," "," "," "," "," "," "," "," "," %!-"," $!##,"," #!##-"," #!!#."," !!##."]},"148":{"keys":[1,3],"grid":[" #!/"," !!0","!","!","!","!","!","!","!","!","!","!","!","!","!","!"]}},"56":{"147":{"keys":[7,1,3],"grid":[" "," "," "," "," "," "," "," "," "," "," "," "," $!# ,"," $!$ +"," $!!#!!$ )"," #!##$!$ '"]},"148":{"keys":[1,3,7],"grid":[" $!' $#%","!, $#! !","!. $","!","!","!","!","!","!","!","!","!","!","!","!","!"]}},"60":{"151":{"keys":[3,1,7],"grid":[" &!!#+"," &!##*"," '!!#*","02","02"," '!##(!!"," (!!#&!$"," (!!#%!# #"," (!!#$!# $"," (!!##!# %"," '!##!!# &"," '!% '"," "," "," "," "]},"150":{"keys":[7,1,3],"grid":[" "," "," "," "," "," "," "," ","!! 0","!# /","#!!# .","##!# -","#$!# ,","#%!# +","#&!! +","14"]}},"61":{"151":{"keys":[7,1,3],"grid":[" '!(#$"," %!$#*"," $!##,"," #!##-","!$#.","!!#0","#","#","#","#","#","#","#","#","#","#"]},"150":{"keys":[7,1,3],"grid":[" "," "," "," /!#"," /!!#!","04","04","04","04","04","04","04"," .!##!"," .!!##"," -!###"," -!!#$"]}},"62":{"150":{"keys":[7,1,3],"grid":[" $!!#-"," #!##-"," #!!#.","!$#.","#","#","#","#","#","#","#","#","#","#","#","#"]},"149":{"keys":[7,1,3],"grid":[" "," "," "," "," "," "," "," /!#"," -!$#!"," +!$#$"," &!'#&"," $!$#+"," !!$#-"," !!##."," #!##-"," $!!#-"]}},"63":{"150":{"keys":[3,1,7],"grid":[" 0!!","00","00"," /!#"," .!##!","03","00","00","00","00"," "," "," "," "," "," "]},"149":{"keys":[7,1,3],"grid":[" "," "," "," "," $!$ +"," !!$#!!# *","!##%!$ (","!!#(!# '","#*!# &","#+!! &","#+!# %","#,!$ #","#.!# !","#/!! !","#/!#","#0!!"]}}},"13":{"954":{"2402":{"keys":[3,7],"grid":[" $!."," %!-"," &!,"," '!+"," (!*"," )!)"," *!("," +!'"," ,!&"," -!%"," .!$"," /!#"," 0!!"," "," "," "]},"2401":{"keys":[7,3],"grid":[" "," "," "," "," "," "," "," "," "," "," "," "," ","!! 0","!# /","14"]}},"939":{"2383":{"keys":[3,7],"grid":[" ,!&"," /!#"," "," "," "," "," "," "," "," "," "," "," "," "," "," "]},"2382":{"keys":[7,3],"grid":[" "," "," "," "," "," "," "," "," "," "," ","!! 0","!$ .","!& ,","!( *","!* ("]}},"938":{"2382":{"keys":[7,3],"grid":[" "," "," ","!! 0","!$ .","!& ,","!( *","!* (","!, &","!. $","!0 !","!","!","!","!","!"]}},"933":{"2380":{"keys":[3,7],"grid":[" .!$"," 0!!"," "," "," "," "," "," "," "," "," "," "," "," "," "," "]},"2379":{"keys":[7,3],"grid":[" "," "," "," "," "," "," "," "," "," ","!! 0","!$ .","!& ,","!( *","!* (","!, &"]}},"932":{"2379":{"keys":[7,3],"grid":[" "," ","!! 0","!$ .","!& ,","!) )","!* (","!, &","!. $","!0 !","!","!","!","!","!","!"]}},"931":{"2378":{"keys":[7,3],"grid":[" ","!! 0","!# /","!$ .","!% -","04","!& ,","!' +","!( *","!) )","!* (","10","!+ '","!, &","!- %","!. $"]},"2379":{"keys":[3,7],"grid":[" /!#"," 0!!"," "," "," "," "," "," "," "," "," "," "," "," "," "," "]},"2365":{"keys":[3,7],"grid":[" #!/","00","00","00"," !!0","04","04","!","!","!","!","!","!","!","!","!"]},"2364":{"keys":[3,7],"grid":[" &!,","00","00","00","00","00","00","00","00"," %!-","09","09"," $!.","12","12","12"]},"2363":{"keys":[3,7],"grid":[" &!,","00","00","00","00","00","00","00","00","00","00","00","00","00","00","00"]},"2362":{"keys":[7,3],"grid":[" "," "," "," "," "," "," "," "," "," "," "," "," ","!% -","13","13"]}},"930":{"2362":{"keys":[7,3],"grid":[" "," "," "," "," "," "," "," "," "," "," "," "," "," 0!!","!","!"]},"2378":{"keys":[3],"grid":[" "," "," "," "," "," "," "," "," "," "," "," "," "," "," "," "]},"2369":{"keys":[3,7],"grid":[" !!0","00","!","!","!","!","!","!","!","!","!","!","!","!","!","!"]},"2368":{"keys":[3,7],"grid":[" &!,","00","00"," %!-","03","03","03"," $!.","07","07","07"," #!/","11","11","11"," !!0"]},"2367":{"keys":[3,7],"grid":[" +!'"," *!(","01","01","01"," )!)","05","05"," (!*","08","08","08"," '!+","12","12","12"]},"2366":{"keys":[3,7],"grid":[" /!#","00"," .!$","02","02","02"," -!%","06","06","06"," ,!&","10","10"," +!'","13","13"]},"2365":{"keys":[3,7],"grid":[" "," "," "," "," "," "," "," "," "," "," "," 0!!","11","11","11"," /!#"]},"2377":{"keys":[3,7],"grid":[" $!."," %!-"," &!,"," '!+","03"," (!*"," )!)"," *!("," +!'"," ,!&","09"," -!%"," .!$"," /!#"," 0!!"," "]},"2376":{"keys":[7,3],"grid":[" "," "," "," "," "," "," "," "," "," "," "," "," ","!! 0","13","!# /"]}},"937":{"2381":{"keys":[7,3],"grid":[" "," "," "," "," "," "," "," "," "," "," ","!# /","!% -","!' +","!) )","!+ '"]},"2382":{"keys":[3,7],"grid":[" -!%"," /!#"," "," "," "," "," "," "," "," "," "," "," "," "," "," "]}},"936":{"2381":{"keys":[7,3],"grid":[" "," "," ","!# /","!% -","!' +","!) )","!+ '","!- %","!/ #","!","!","!","!","!","!"]}},"935":{"2381":{"keys":[3,7],"grid":[" -!%"," /!#"," "," "," "," "," "," "," "," "," "," "," "," "," "," "]},"2380":{"keys":[7,3],"grid":[" "," "," "," "," "," "," "," "," "," "," ","!# /","!% -","!' +","!) )","!+ '"]}},"1019":{"2394":{"keys":[7,3],"grid":[" "," "," "," ","!! 0","!# /","05","!$ .","!% -","!& ,","!' +","!( *","!) )","12","!* (","!+ '"]},"2395":{"keys":[3,7],"grid":[" ,!&"," -!%"," .!$","02"," /!#"," 0!!"," "," "," "," "," "," "," "," "," "," "]}},"995":{"2396":{"keys":[7,3],"grid":[" !!0","!","!","!","!","!","!","!","!","!","!","!","!","!","!","!"]},"2395":{"keys":[7,3],"grid":[" "," "," "," "," "," "," "," "," "," 0!!"," .!$"," +!'"," )!)"," (!*"," &!,"," $!."]},"2400":{"keys":[7,3],"grid":[" /!#","00","00"," 0!!","03","03","03","00"," .!$","08"," -!%"," ,!&","11"," +!'","13"," *!("]},"2401":{"keys":[7,3],"grid":[" )!)","00"," (!*","02"," '!+"," &!,","05"," %!-","07"," $!."," #!/","10"," !!0","12","!","!"]},"2398":{"keys":[3,7],"grid":[" "," "," ","!! 0","!# /","!% -","!& ,","!' +","!) )","!* (","!+ '","!- %","!. $","12","12","12"]},"2399":{"keys":[7,3],"grid":[" .!$","00","00","00","00","00","00","00"," /!#","08","08","08","08","08","08","08"]}},"994":{"2396":{"keys":[7,3],"grid":[" "," 0!!"," .!$"," ,!&"," *!("," (!*"," &!,"," $!."," #!/"," !!0","!","!","!","!","!","!"]},"2397":{"keys":[3,7],"grid":[" "," "," "," "," "," "," "," ","!# /","!$ .","!% -","!' +","!( *","!* (","!+ '","!, &"]},"2402":{"keys":[7,3],"grid":[" 0!!"," /!#"," .!$","02"," -!%","04"," ,!&"," +!'","07"," *!(","09"," )!)"," (!*","12"," '!+","14"]},"2403":{"keys":[7,3],"grid":[" &!,"," %!-","01"," #!/","!","!","!","!","!","!","!","!","!","!","!","!"]},"2401":{"keys":[7,3],"grid":[" "," "," "," "," "," "," "," "," "," "," "," "," "," "," "," 0!!"]},"2398":{"keys":[7,3],"grid":[" .!$"," /!#"," 0!!"," "," "," "," "," "," "," "," "," "," "," "," "," "]}},"997":{"2394":{"keys":[7,3],"grid":[" "," "," "," "," "," "," "," "," "," "," "," "," "," "," .!$"," *!("]},"2395":{"keys":[7,3],"grid":[" '!+"," #!/","!","!","!","!","!","!","!","!","!","!","!","!","!","!"]}},"996":{"2395":{"keys":[7,3],"grid":[" "," "," "," ,!&"," )!)"," '!+"," %!-"," #!/","!","!","!","!","!","!","!","!"]}},"991":{"2403":{"keys":[7,3],"grid":[" "," "," "," ","!! 0","!% -","!) )","!, &","!0 !","!","!","!","!","!","!","!"]}},"990":{"2405":{"keys":[7,3],"grid":[" ,!&","00","00","00","00","00","00","00","00","00","00","00","00","00","00","00"]},"2406":{"keys":[7,3],"grid":[" ,!&","00","00","00","00","00","00","00","00","00","00","00","00","00","00","00"]},"2407":{"keys":[7,3],"grid":[" ,!&","00","00"," -!%","03","00","00","00","00","00","00","00","00","00","00","00"]},"2411":{"keys":[7,3],"grid":[" +!'","00"," *!(","02"," )!)"," '!+"," &!,","06"," %!-","08","08"," $!.","11","11","11","08"]},"2410":{"keys":[7,3],"grid":[" ,!&","00","00","00","00"," -!%","05","05","00","00","00","00","00","00","00","00"]},"2404":{"keys":[7,3],"grid":[" ,!&","00","00","00","00","00","00","00","00","00","00","00","00","00","00","00"]},"2412":{"keys":[7,3],"grid":[" %!-"," &!,","01","01","00","00"," $!.","06"," #!/","08"," !!0","10","!","!","!","!"]},"2403":{"keys":[7,3],"grid":[" "," '!! *"," (!$ '"," (!( #"," (!*","04"," )!)","06","06"," *!(","09","09","09"," +!'","13","13"]},"2408":{"keys":[7,3],"grid":[" ,!&","00","00","00","00","00","00","00","00","00","00","00","00","00","00","00"]},"2409":{"keys":[7,3],"grid":[" ,!&","00","00","00","00","00","00","00","00","00","00","00","00","00","00","00"]}},"993":{"2396":{"keys":[7,3],"grid":[" "," "," "," "," "," "," "," "," "," "," 0!!"," .!$"," ,!&"," *!("," (!*"," '!+"]},"2397":{"keys":[7,3],"grid":[" '!+"," (!*"," *!("," +!'"," -!%"," .!$"," 0!!"," "," "," "," "," "," "," "," "," "]},"2403":{"keys":[7,3],"grid":[" "," "," "," "," "," /!#"," -!%"," +!'"," )!)"," '!+"," $!."," !!0","!","!","!","!"]}},"992":{"2403":{"keys":[7,3],"grid":[" "," "," "," "," "," "," "," "," ","!# /","!& ,","!* (","!- $!!","!","!","!"]}},"999":{"2394":{"keys":[7,3],"grid":[" "," "," "," "," "," "," "," "," "," $!% *","!) )","!) %!%","!","!","!","!"]}},"998":{"2394":{"keys":[7,3],"grid":[" "," "," "," "," "," "," "," "," "," "," .!$"," )!)"," '!+"," #!/","!","!"]}},"1014":{"2389":{"keys":[7,3],"grid":[" ","!! 0","!# /","!$ .","!% -","!& ,","!' +","!( *","!) )","!* (","!+ '","!, &","!- %","!. $","!/ #","!0 !"]},"2390":{"keys":[3],"grid":[" "," "," "," "," "," "," "," "," "," "," "," "," "," "," "," "]}},"1015":{"2390":{"keys":[7,3],"grid":[" ","!! 0","!# /","!$ .","!% -","!& ,","!' +","!( *","!) )","!* (","!+ '","!, &","!- %","!. $","!/ #","!"]}},"960":{"2408":{"keys":[7,3],"grid":[" ","!! 0","!$ .","!% -","!& ,","!' +","!( *","!) )","07","!* (","!+ '","!, &","!- %","!. $","!/ #","!0 !"]},"2409":{"keys":[3],"grid":[" "," "," "," "," "," "," "," "," "," "," "," "," "," "," "," "]}},"1016":{"2390":{"keys":[7],"grid":[" "," "," "," "," "," "," "," "," "," "," "," "," "," "," "," "]},"2391":{"keys":[3,7],"grid":[" !!0"," #!/"," %!-"," &!,"," '!+"," )!)"," *!("," ,!&"," -!%"," .!$"," 0!!"," "," "," "," "," "]}},"961":{"2410":{"keys":[3,7],"grid":[" 0!!"," "," "," "," "," "," "," "," "," "," "," "," "," "," "," "]},"2409":{"keys":[7,3],"grid":[" ","!! 0","!# /","!$ .","!% -","!& ,","!' +","!( *","!) )","08","!* (","!+ '","!, &","!- %","!. $","!/ #"]}},"1017":{"2392":{"keys":[3,7],"grid":[" (!*"," )!)"," +!'"," ,!&"," -!%"," /!#"," 0!!"," "," "," "," "," "," "," "," "," "]},"2391":{"keys":[7,3],"grid":[" "," "," "," "," "," "," "," "," "," "," "," ","!! 0","!$ .","!% -","!' +"]}},"962":{"2411":{"keys":[3,7],"grid":[" 0!!"," "," "," "," "," "," "," "," "," "," "," "," "," "," "," "]},"2410":{"keys":[7,3],"grid":[" "," ","!! 0","!# /","!$ .","!% -","!& ,","!' +","!( *","!) )","!* (","!+ '","!, &","!- %","!. $","!/ #"]}},"1010":{"2389":{"keys":[7,3],"grid":[" "," "," "," "," "," 0!!"," .!$"," ,!&"," +!'"," )!)"," '!+"," %!-"," $!."," !!0","!","!"]}},"963":{"2411":{"keys":[7,3],"grid":[" "," ","!! 0","!# /","!$ .","!% -","!& ,","!' +","07","!( *","!) )","!* (","!+ '","!, &","!- %","!. $"]},"2412":{"keys":[3,7],"grid":[" /!#"," 0!!"," "," "," "," "," "," "," "," "," "," "," "," "," "," "]}},"1011":{"2389":{"keys":[7,3],"grid":[" )!)"," '!+"," %!-"," #!/"," !!0","!","!","!","!","!","!","!","!","!","!","!"]},"2388":{"keys":[7,3],"grid":[" "," "," "," "," "," "," "," "," "," "," "," "," 0!!"," .!$"," ,!&"," +!'"]}},"928":{"2374":{"keys":[3,7],"grid":[" ,!&","00","00"," +!'","03","03"," *!(","06","06","06"," )!)","10","10","10"," (!*","10"]},"2375":{"keys":[3,7],"grid":[" *!(","00"," +!'"," ,!&"," -!%"," .!$","05"," /!#"," 0!!"," "," "," "," "," "," "," "]},"2363":{"keys":[3],"grid":[" "," "," "," "," "," "," "," "," "," "," "," "," "," "," "," "]},"2362":{"keys":[7,3],"grid":[" "," "," "," "," "," "," "," "," "," "," "," "," "," "," "," -!%"]},"2372":{"keys":[3],"grid":[" "," "," "," "," "," "," "," "," "," "," "," "," "," "," "," "]},"2373":{"keys":[3,7],"grid":[" 0!!","00","00","00"," /!#","04","04","04"," .!$","08","08"," -!%","11","11","11"," ,!&"]}},"929":{"2371":{"keys":[3,7],"grid":[" )!)","00","00"," (!*","03","03","03"," '!+","07","07","07"," &!,","11","11"," %!-","14"]},"2369":{"keys":[3,7],"grid":[" "," "," "," "," "," "," 0!!","06","06","06"," /!#","10","10"," .!$","13","13"]},"2375":{"keys":[7,3],"grid":[" "," "," "," "," "," "," "," "," "," ","!! 0","!# /","11","!$ .","!% -","!& ,"]},"2376":{"keys":[3,7],"grid":[" '!+"," (!*","01"," )!)"," *!("," +!'"," ,!&"," -!%","07"," .!$"," /!#"," 0!!"," "," "," "," "]},"2370":{"keys":[3,7],"grid":[" .!$"," -!%","01","01","01"," ,!&","05","05"," +!'","08","08","08"," *!(","12","12","12"]},"2362":{"keys":[7,3],"grid":[" "," "," "," "," "," "," "," "," "," "," "," "," "," "," /!#","!"]},"2372":{"keys":[3,7],"grid":[" %!-","00"," $!.","02","02","02"," #!/","06","06"," !!0","09","09","09","!","!","!"]}},"1012":{"2388":{"keys":[7,3],"grid":[" "," "," "," 0!!"," .!$"," ,!&"," *!("," )!)"," '!+"," %!-"," #!/"," !!0","!","!","!","!"]}},"920":{"2363":{"keys":[7,3],"grid":[" "," "," "," "," "," "," ","!","!","!","!","!","!","!","!","!"]}},"921":{"2363":{"keys":[7,3],"grid":[" "," "," "," "," "," ","!","!","!","!","!","!","!","!","!","!"]}},"922":{"2363":{"keys":[7,3],"grid":[" "," "," "," "," "," #!/","!","!","!","!","!","!","!","!","!","!"]}},"923":{"2363":{"keys":[7,3],"grid":[" "," "," "," "," %!-","!","!","!","!","!","!","!","!","!","!","!"]}},"924":{"2363":{"keys":[7,3],"grid":[" "," "," "," &!,","!","!","!","!","!","!","!","!","!","!","!","!"]}},"925":{"2363":{"keys":[7,3],"grid":[" "," "," (!*","!","!","!","!","!","!","!","!","!","!","!","!","!"]}},"926":{"2363":{"keys":[7,3],"grid":[" "," *!(","!","!","!","!","!","!","!","!","!","!","!","!","!","!"]}},"927":{"2363":{"keys":[7,3],"grid":[" +!'","!","!","!","!","!","!","!","!","!","!","!","!","!","!","!"]}},"988":{"2415":{"keys":[7,3],"grid":[" .!$"," -!%","01"," ,!&","03"," +!'","05"," *!(","07"," )!)"," (!*","10"," '!+","12"," &!,"," %!-"]},"2414":{"keys":[7,3],"grid":[" "," "," "," "," "," "," "," "," "," "," "," "," 0!!"," /!#","13"," .!$"]},"2416":{"keys":[7,3],"grid":[" %!-"," $!.","01"," #!/","03"," !!0","05","!","!","!","!","!","!","!","!","!"]}},"989":{"2413":{"keys":[7,3],"grid":[" /!#","00"," .!$"," -!%","03"," ,!&","05"," +!'","07"," *!(","09"," )!)","11"," (!*"," '!+","14"]},"2412":{"keys":[7,3],"grid":[" "," "," "," "," "," "," "," "," "," "," "," "," "," "," 0!!","14"]},"2414":{"keys":[7,3],"grid":[" &!,","00"," %!-","02"," $!.","04"," #!/","06"," !!0","08","!","!","!","!","!","!"]}},"982":{"2417":{"keys":[7,3],"grid":[" #!/"," !!0","!","!","!","!","!","!","!","!","!","!","!","!","!","!"]},"2416":{"keys":[7,3],"grid":[" "," "," "," "," "," "," "," "," -!%"," ,!&"," +!'"," *!("," (!*"," '!+"," &!,"," %!-"]}},"983":{"2416":{"keys":[7,3],"grid":[" "," "," "," "," "," "," "," ","!","!","!","!","!","!","!","!"]}},"980":{"2418":{"keys":[7,3],"grid":[" 0!!"," .!$"," -!%"," ,!&"," *!("," )!)"," (!*"," '!+"," %!-"," $!."," #!/"," !!0","!","!","!","!"]},"2417":{"keys":[7],"grid":[" "," "," "," "," "," "," "," "," "," "," "," "," "," "," "," "]}},"981":{"2417":{"keys":[7,3],"grid":[" "," "," "," 0!!"," /!#"," -!%"," ,!&"," +!'"," *!("," )!)"," '!+"," &!,"," %!-"," $!."," !!0","!"]}},"986":{"2416":{"keys":[7,3],"grid":[" "," "," "," "," "," "," "," ","!","!","!","!","!","!","!","!"]}},"987":{"2416":{"keys":[7,3],"grid":[" "," "," "," "," "," "," "," ","!, &","!","!","!","!","!","!","!"]}},"984":{"2416":{"keys":[7,3],"grid":[" "," "," "," "," "," "," "," ","!","!","!","!","!","!","!","!"]}},"985":{"2416":{"keys":[7,3],"grid":[" "," "," "," "," "," "," "," ","!","!","!","!","!","!","!","!"]}},"919":{"2363":{"keys":[7,3],"grid":[" "," "," "," "," "," "," "," /!#","!","!","!","!","!","!","!","!"]}},"918":{"2363":{"keys":[7,3],"grid":[" "," "," "," "," "," "," "," "," .!$","!","!","!","!","!","!","!"]}},"915":{"2365":{"keys":[7,3],"grid":[" /!#"," .!$"," -!%"," ,!&","03"," +!'"," *!("," )!)"," (!*"," '!+"," &!,"," %!-"," $!."," #!/"," !!0","!"]},"2364":{"keys":[7,3],"grid":[" "," "," "," "," "," "," "," "," "," "," "," "," "," "," "," 0!!"]}},"914":{"2367":{"keys":[3],"grid":[" "," "," "," "," "," "," "," "," "," "," "," "," "," "," "," "]},"2366":{"keys":[7,3],"grid":[" 0!!"," /!#","01"," .!$"," -!%"," ,!&"," +!'"," *!("," )!)"," (!*"," '!+"," &!,"," %!-"," $!."," #!/"," !!0"]},"2365":{"keys":[7],"grid":[" "," "," "," "," "," "," "," "," "," "," "," "," "," "," "," "]}},"917":{"2363":{"keys":[7,3],"grid":[" "," "," "," "," "," "," "," "," "," ,!&"," $!."," #!/"," !!0","!","!","!"]}},"916":{"2364":{"keys":[7,3],"grid":[" .!$"," -!%"," ,!&"," +!'"," *!(","04"," )!)"," (!*"," '!+"," &!,"," %!-"," $!."," #!/"," !!0","!","!"]},"2363":{"keys":[7,3],"grid":[" "," "," "," "," "," "," "," "," "," "," "," "," "," "," 0!!"," /!#"]}},"911":{"2370":{"keys":[7,3],"grid":[" %!-"," $!."," #!/"," !!0","!","!","!","!","!","!","!","!","!","!","!","!"]},"2369":{"keys":[7,3],"grid":[" "," "," "," "," 0!!"," /!#"," .!$"," -!%"," ,!&"," +!'"," *!("," )!)"," (!*"," '!+","13"," &!,"]}},"910":{"2370":{"keys":[7,3],"grid":[" "," "," "," "," ","!! /!!","!$ ,!#","!& )!$","!( &!%","!* #!&","!","!","!","!","!","!"]}},"913":{"2367":{"keys":[7,3],"grid":[" "," "," 0!!"," /!#"," .!$"," -!%"," ,!&"," +!'"," *!("," )!)"," (!*"," '!+"," &!,"," %!-"," $!."," #!/"]},"2368":{"keys":[7,3],"grid":[" #!/"," !!0","!","!","!","!","!","!","!","!","!","!","!","!","!","!"]}},"912":{"2369":{"keys":[7,3],"grid":[" $!."," #!/"," !!0","!","!","!","!","!","!","!","!","!","!","!","!","!"]},"2368":{"keys":[7,3],"grid":[" "," "," "," 0!!"," /!#"," .!$"," -!%"," ,!&"," +!'"," *!("," )!)"," (!*"," '!+"," &!,"," %!-","14"]}},"902":{"2366":{"keys":[7,3],"grid":[" ","!! 0","!$ .","!& ,","!( *","!* (","!, &","!. $","!0 !","!","!","!","!","!","!","!"]}},"903":{"2367":{"keys":[3,7],"grid":[" /!#"," 0!!"," "," "," "," "," "," "," "," "," "," "," "," "," "," "]},"2366":{"keys":[7,3],"grid":[" "," "," "," "," "," "," "," "," "," ","!# /","!% -","!' +","!) )","!+ '","!- %"]}},"900":{"2365":{"keys":[3,7],"grid":[" #!/"," $!."," &!,"," (!*"," *!("," ,!&"," .!$"," 0!!"," "," "," "," "," "," "," "," "]},"2364":{"keys":[7],"grid":[" "," "," "," "," "," "," "," "," "," "," "," "," "," "," "," "]}},"901":{"2366":{"keys":[3],"grid":[" "," "," "," "," "," "," "," "," "," "," "," "," "," "," "," "]},"2365":{"keys":[7,3],"grid":[" "," "," "," "," "," "," "," ","!! 0","!# /","!% -","!' +","!) )","!+ '","!- %","!/ #"]}},"906":{"2368":{"keys":[7,3],"grid":[" "," "," ","!! 0","!$ .","!& ,","!( *","!* (","!, &","!. $","!/ #","!","!","!","!","!"]}},"907":{"2369":{"keys":[3,7],"grid":[" +!'"," -!%"," .!$"," 0!!"," "," "," "," "," "," "," "," "," "," "," "," "]},"2368":{"keys":[7,3],"grid":[" "," "," "," "," "," "," "," "," "," "," "," ","!# /","!% -","!' +","!) )"]}},"904":{"2367":{"keys":[7,3],"grid":[" "," ","!! 0","!$ .","!& ,","!( *","!* (","!, &","!. $","!/ #","!","!","!","!","!","!"]}},"905":{"2367":{"keys":[7,3],"grid":[" "," "," "," "," "," "," "," "," "," "," ","!# /","!% -","!' +","!) )","!+ '"]},"2368":{"keys":[3,7],"grid":[" -!%"," /!#"," 0!!"," "," "," "," "," "," "," "," "," "," "," "," "," "]}},"908":{"2369":{"keys":[7,3],"grid":[" "," "," "," ","!! 0","!$ .","!& ,","!( *","!* (","!, &","!- %","!/ #","!","!","!","!"]}},"909":{"2370":{"keys":[3,7],"grid":[" )!)"," +!'"," -!%"," .!$"," 0!!"," "," "," "," "," "," "," "," "," "," "," "]},"2369":{"keys":[7,3],"grid":[" "," "," "," "," "," "," "," "," "," "," "," "," ","!# /","!% -","!' +"]}},"1009":{"2389":{"keys":[7,3],"grid":[" "," "," "," "," "," "," "," "," "," "," "," "," "," "," 0!!"," .!$"]},"2390":{"keys":[7,3],"grid":[" -!%"," +!'"," )!)"," '!+"," %!-"," $!."," !!0","!","!","!","!","!","!","!","!","!"]}},"1008":{"2390":{"keys":[7,3],"grid":[" "," "," "," "," "," "," "," 0!!"," .!$"," -!%"," +!'"," )!)"," '!+"," &!,"," $!."," !!0"]},"2391":{"keys":[3],"grid":[" "," "," "," "," "," "," "," "," "," "," "," "," "," "," "," "]}},"1007":{"2391":{"keys":[7,3],"grid":[" 0!!"," /!#"," -!%"," +!'"," )!)"," (!*"," &!,"," $!."," !!0","!","!","!","!","!","!","!"]}},"1006":{"2392":{"keys":[7,3],"grid":[" $!."," #!/","!","!","!","!","!","!","!","!","!","!","!","!","!","!"]},"2391":{"keys":[7,3],"grid":[" "," "," "," "," "," "," "," "," "," "," /!#"," -!%"," +!'"," *!("," (!*"," &!,"]}},"1005":{"2392":{"keys":[7,3],"grid":[" "," "," "," /!#"," -!%"," ,!&"," *!("," (!*"," &!,"," %!-"," #!/","!","!","!","!","!"]}},"1004":{"2392":{"keys":[7,3],"grid":[" "," "," "," "," "," "," "," "," "," "," "," "," /!#"," .!$"," ,!&"," *!("]},"2393":{"keys":[7,3],"grid":[" (!*"," '!+"," %!-"," #!/","!","!","!","!","!","!","!","!","!","!","!","!"]}},"1003":{"2393":{"keys":[7,3],"grid":[" "," "," "," "," "," 0!!"," .!$"," ,!&"," +!'"," )!)"," '!+"," %!-"," $!."," !!0","!","!"]}},"1002":{"2394":{"keys":[7,3],"grid":[" -!%"," +!'"," )!)"," '!+"," $!.","!","!","!","!","!","!","!","!","!","!","!"]},"2393":{"keys":[7,3],"grid":[" "," "," "," "," "," "," "," "," "," "," "," "," "," "," 0!!"," .!$"]}},"1001":{"2394":{"keys":[7,3],"grid":[" "," "," "," "," "," /!#"," )!)"," #!/","!","!","!","!","!","!","!","!"]}},"1000":{"2394":{"keys":[7,3],"grid":[" "," "," "," "," "," "," "," "," .!$"," (!*"," !!0","!","!","!","!","!"]}},"977":{"2420":{"keys":[7,3],"grid":[" "," "," "," 0!!"," /!#"," -!%"," ,!&"," *!("," (!*"," '!+"," %!-"," $!."," !!0","!","!","!"]}},"976":{"2420":{"keys":[7,3],"grid":[" "," "," "," "," "," "," "," "," "," "," "," "," "," 0!!"," /!#"," -!%"]},"2421":{"keys":[7,3],"grid":[" ,!&"," *!("," )!)"," '!+"," &!,"," $!."," !!0","!","!","!","!","!","!","!","!","!"]}},"975":{"2421":{"keys":[7,3],"grid":[" "," "," "," "," "," "," "," "," /!#"," -!%"," ,!&"," *!("," )!)"," '!+"," &!,"," $!."]},"2422":{"keys":[7,3],"grid":[" #!/","!","!","!","!","!","!","!","!","!","!","!","!","!","!","!"]}},"974":{"2422":{"keys":[7,3],"grid":[" "," "," 0!!"," .!$"," -!%"," +!'"," *!("," (!*"," '!+"," %!-"," $!."," !!0","!","!","!","!"]}},"973":{"2422":{"keys":[7,3],"grid":[" "," "," "," "," "," "," "," "," "," "," "," "," 0!!"," /!#"," -!%"," +!'"]},"2423":{"keys":[7,3],"grid":[" *!("," (!*"," '!+"," %!-"," #!/"," !!0","!","!","!","!","!","!","!","!","!","!"]}},"972":{"2423":{"keys":[7,3],"grid":[" "," "," "," "," "," "," 0!!"," /!#"," -!%"," ,!&"," *!("," )!)"," '!+"," &!,"," %!-"," #!/"]},"2424":{"keys":[7,3],"grid":[" !!0","!","!","!","!","!","!","!","!","!","!","!","!","!","!","!"]}},"971":{"2424":{"keys":[7,3],"grid":[" "," 0!!"," /!#"," -!%"," ,!&"," +!'"," *!("," )!)"," (!*"," '!+"," &!,"," %!-","11"," $!."," #!/"," !!0"]},"2425":{"keys":[3],"grid":[" "," "," "," "," "," "," "," "," "," "," "," "," "," "," "," "]}},"970":{"2425":{"keys":[7,3],"grid":[" "," "," 0!!"," /!#"," .!$"," -!%"," ,!&","06"," +!'"," *!("," )!)"," (!*","11"," '!+"," &!,","14"]},"2426":{"keys":[7,3],"grid":[" %!-"," $!."," #!/","02"," !!0","!","!","!","!","!","!","!","!","!","!","!"]}},"979":{"2419":{"keys":[7,3],"grid":[" ,!&"," +!'"," *!("," (!*"," '!+"," &!,"," %!-"," #!/","!","!","!","!","!","!","!","!"]},"2418":{"keys":[7,3],"grid":[" "," "," "," "," "," "," "," "," "," "," "," "," "," 0!!"," /!#"," .!$"]}},"978":{"2419":{"keys":[7,3],"grid":[" "," "," "," "," "," "," "," "," "," 0!!"," .!$"," ,!&"," +!'"," )!)"," (!*"," &!,"]},"2420":{"keys":[7,3],"grid":[" %!-"," #!/"," !!0","!","!","!","!","!","!","!","!","!","!","!","!","!"]}},"964":{"2413":{"keys":[3,7],"grid":[" /!#"," 0!!"," "," "," "," "," "," "," "," "," "," "," "," "," "," "]},"2412":{"keys":[7,3],"grid":[" "," "," ","!! 0","!# /","!$ .","!% -","!& ,","!' +","!( *","!) )","!* (","!+ '","!, &","!- %","!. $"]}},"965":{"2413":{"keys":[7,3],"grid":[" "," "," ","!! 0","03","03","!# /","06","06","06","!$ .","10","10","10","10","!% -"]},"2415":{"keys":[3,7],"grid":[" )!)","00","00"," *!(","03","03","03"," +!'","07","07","07","07"," ,!&","12","12","12"]},"2414":{"keys":[3,7],"grid":[" %!-","00","00","00"," &!,","04","04","04"," '!+","08","08"," (!*","11","11","11"," )!)"]},"2417":{"keys":[3,7],"grid":[" 0!!"," "," "," "," "," "," "," "," "," "," "," "," "," "," "," "]},"2416":{"keys":[3,7],"grid":[" -!%","00","00","00","00"," .!$","05","05","05"," /!#","09","09","09","09"," 0!!","14"]}},"966":{"2420":{"keys":[3,7],"grid":[" ,!&","00","00","00","00"," -!%","05","05","05"," .!$","09","09","09"," /!#","13","13"]},"2421":{"keys":[3,7],"grid":[" /!#"," 0!!","01","01","01"," "," "," "," "," "," "," "," "," "," "," "]},"2426":{"keys":[3,7],"grid":[" "," "," "," "," "," "," 0!!","06","06","06","06","06","06","06","06","06"]},"2427":{"keys":[3,7],"grid":[" 0!!","00","00"," "," "," "," "," "," "," "," "," "," "," "," "," "]},"2417":{"keys":[7,3],"grid":[" "," "," "," "," ","!! 0","05","05","!# /","08","08","08","08","!$ .","13","13"]},"2419":{"keys":[3,7],"grid":[" (!*","00","00","00"," )!)","04","04","04"," *!(","08","08","08"," +!'","12","12","12"]},"2418":{"keys":[3,7],"grid":[" $!."," %!-","01","01","01","01","01"," &!,","07","07","07","07"," '!+","12","12","12"]}},"967":{"2421":{"keys":[7,3],"grid":[" "," "," "," "," "," "," "," "," ","!! 0","09","09","09","!# /","13","13"]},"2422":{"keys":[3,7],"grid":[" #!/"," $!.","01","01","01","01"," %!-","06","06","06"," &!,","10","10","10"," '!+","14"]},"2423":{"keys":[3,7],"grid":[" '!+","00"," (!*","02","02","02"," )!)","06","06","06","06"," *!(","11","11","11","11"]},"2424":{"keys":[3,7],"grid":[" )!)","00","00"," (!*","03","03","03","03"," '!+","08","08","08"," &!,","12","12","12"]},"2425":{"keys":[3,7],"grid":[" %!-","00","00"," $!.","03","03","03","03"," #!/","08","08","08","08","08"," !!0","14"]},"2426":{"keys":[3,7],"grid":[" !!0","00","!","!","!","!","!","!","!","!","!","!","!","!","!","!"]},"2427":{"keys":[7,3],"grid":[" "," "," "," "," "," ","!! 0","06","!# /","08","!$ .","!% -","!' +","!) )","!- %","!"]}},"1021":{"2396":{"keys":[3,7],"grid":[" &!,"," '!+"," (!*"," )!)","03"," *!("," +!'"," ,!&","07"," -!%"," .!$"," /!#","11"," 0!!"," "," "]},"2404":{"keys":[3,7],"grid":[" "," "," "," "," "," "," "," "," "," "," 0!!","10","10","10"," "," "]},"2395":{"keys":[7],"grid":[" "," "," "," "," "," "," "," "," "," "," "," "," "," "," "," "]}},"1020":{"2395":{"keys":[7,3],"grid":[" "," "," "," "," "," "," ","!! 0","!# /","!$ .","09","!% -","!& ,","!' +","!) )","!"]}},"1023":{"2406":{"keys":[3,7],"grid":[" +!'"," ,!&"," .!$"," /!#"," "," "," "," "," "," "," "," "," "," "," "," "]},"2407":{"keys":[3,7],"grid":[" "," "," "," "," 0!!","04","04"," /!#","07","07"," .!$","10","10"," -!%","13","13"]},"2405":{"keys":[7,3],"grid":[" "," "," "," "," "," "," "," "," "," ","!! 0","!$ .","!% -","!& ,","!( *","!) )"]},"2402":{"keys":[3,7],"grid":[" '!+","00","00","00","00","00","00","00","00","00","00"," &!,","11"," %!-"," $!."," #!/"]},"2403":{"keys":[3,7],"grid":[" !!0","!","!","!","!","!","!","!","!","!","!","!","!","!","!","!"]},"2400":{"keys":[3,7],"grid":[" '!+","00","00","00","00","00","00","00","00","00","00","00","00","00","00","00"]},"2401":{"keys":[3,7],"grid":[" '!+","00","00","00","00","00","00","00","00","00","00","00","00","00","00","00"]},"2409":{"keys":[3,7],"grid":[" 0!!"," "," "," "," "," "," "," "," "," "," "," "," "," "," "," "]},"2408":{"keys":[3,7],"grid":[" -!%"," ,!&","01","01"," +!'","04","01","01","00","00"," .!$","10","10"," /!#","13"," 0!!"]},"2398":{"keys":[7,3],"grid":[" "," "," "," ","!! 0","04","!# /","!$ .","!% -","08","!& ,","10","10","10","!' +","14"]},"2399":{"keys":[3,7],"grid":[" '!+","00","00","00","00","00","00","00","00","00","00","00","00","00","00","00"]}},"1022":{"2396":{"keys":[7,3],"grid":[" "," "," "," "," "," "," "," "," "," "," "," "," "," "," ","!! 0"]},"2397":{"keys":[3,7],"grid":[" !!0"," #!/"," $!."," %!-","03"," &!,"," '!+"," (!*"," )!)","08"," *!("," +!'"," ,!&","12"," -!%"," .!$"]},"2404":{"keys":[3,7],"grid":[" $!.","00"," #!/","02","02"," !!0","05","!","!","!","!","!","!","!","05","02"]},"2405":{"keys":[3,7],"grid":[" $!."," &!,"," '!+"," (!*"," *!("," +!'"," ,!&"," .!$"," /!#"," "," "," "," "," "," "," "]},"2403":{"keys":[3,7],"grid":[" "," "," 0!!"," /!#"," .!$"," ,!&"," *!("," )!)","07"," (!*","09"," '!+"," &!,","12"," %!-"," $!."]},"2398":{"keys":[3,7],"grid":[" /!#","00"," 0!!"," "," "," "," "," "," "," "," "," "," "," "," "," "]}},"968":{"2427":{"keys":[7,3],"grid":[" "," "," "," "," "," "," "," "," "," 0!!"," .!$"," ,!&"," )!)"," (!*"," $!.","!"]}},"969":{"2426":{"keys":[7,3],"grid":[" "," "," "," "," "," "," "," 0!!"," /!#"," .!$"," -!%","10"," ,!&"," +!'"," *!(","14"]},"2427":{"keys":[7,3],"grid":[" )!)"," (!*"," '!+"," &!,"," %!-"," $!."," !!0","!","!","!","!","!","!","!","!","!"]}},"934":{"2380":{"keys":[7,3],"grid":[" "," ","!! 0","!# /","!% -","!' +","!) )","!+ '","!- %","!/ #","!","!","!","!","!","!"]}},"887":{"2315":{"keys":[3,7],"grid":[" (!*","00","00","00","00","00","00","00","00","00","00","00","00","00","00","00"]},"2305":{"keys":[3,7],"grid":[" (!*","00","00","00","00","00","00","00","00","00","00","00","00","00","00","00"]},"2304":{"keys":[3,7],"grid":[" (!*","00","00","00","00","00","00","00","00","00","00","00","00","00","00","00"]},"2335":{"keys":[3,7],"grid":[" (!*","00","00","00","00","00","00","00","00","00","00","00","00","00","00","00"]},"2345":{"keys":[3,7],"grid":[" (!*","00","00","00","00","00","00","00","00","00","00","00","00","00","00","00"]},"2344":{"keys":[3,7],"grid":[" (!*","00","00","00","00","00","00","00","00","00","00","00","00","00","00","00"]},"2321":{"keys":[3,7],"grid":[" (!*","00","00","00","00","00","00","00","00","00","00","00","00","00","00","00"]},"2320":{"keys":[3,7],"grid":[" (!*","00","00","00","00","00","00","00","00","00","00","00","00","00","00","00"]},"2341":{"keys":[3,7],"grid":[" (!*","00","00","00","00","00","00","00","00","00","00","00","00","00","00","00"]},"2326":{"keys":[3,7],"grid":[" (!*","00","00","00","00","00","00","00","00","00","00","00","00","00","00","00"]},"2343":{"keys":[3,7],"grid":[" (!*","00","00","00","00","00","00","00","00","00","00","00","00","00","00","00"]},"2342":{"keys":[3,7],"grid":[" (!*","00","00","00","00","00","00","00","00","00","00","00","00","00","00","00"]},"2329":{"keys":[3,7],"grid":[" (!*","00","00","00","00","00","00","00","00","00","00","00","00","00","00","00"]},"2328":{"keys":[3,7],"grid":[" (!*","00","00","00","00","00","00","00","00","00","00","00","00","00","00","00"]},"2349":{"keys":[3,7],"grid":[" (!*","00","00","00","00","00","00","00","00","00","00","00","00","00","00","00"]},"2348":{"keys":[3,7],"grid":[" (!*","00","00","00","00","00","00","00","00","00","00","00","00","00","00","00"]},"2307":{"keys":[3,7],"grid":[" (!*","00","00","00","00","00","00","00","00","00","00","00","00","00","00","00"]},"2306":{"keys":[3,7],"grid":[" (!*","00","00","00","00","00","00","00","00","00","00","00","00","00","00","00"]},"2323":{"keys":[3,7],"grid":[" (!*","00","00","00","00","00","00","00","00","00","00","00","00","00","00","00"]},"2365":{"keys":[3,7],"grid":[" +!'"," .!$"," "," "," "," "," "," "," "," "," "," "," "," "," "," "]},"2364":{"keys":[3,7],"grid":[" (!*","00","00","00","00","00","00","00","00","00","00","00","00","00","00"," )!)"]},"2363":{"keys":[3,7],"grid":[" (!*","00","00","00","00","00","00","00","00","00","00","00","00","00","00","00"]},"2362":{"keys":[3,7],"grid":[" (!*","00","00","00","00","00","00","00","00","00","00","00","00","00","00","00"]},"2361":{"keys":[3,7],"grid":[" (!*","00","00","00","00","00","00","00","00","00","00","00","00","00","00","00"]},"2360":{"keys":[3,7],"grid":[" (!*","00","00","00","00","00","00","00","00","00","00","00","00","00","00","00"]},"2309":{"keys":[3,7],"grid":[" (!*","00","00","00","00","00","00","00","00","00","00","00","00","00","00","00"]},"2337":{"keys":[3,7],"grid":[" (!*","00","00","00","00","00","00","00","00","00","00","00","00","00","00","00"]},"2308":{"keys":[3,7],"grid":[" (!*","00","00","00","00","00","00","00","00","00","00","00","00","00","00","00"]},"2347":{"keys":[3,7],"grid":[" (!*","00","00","00","00","00","00","00","00","00","00","00","00","00","00","00"]},"2357":{"keys":[3,7],"grid":[" (!*","00","00","00","00","00","00","00","00","00","00","00","00","00","00","00"]},"2346":{"keys":[3,7],"grid":[" (!*","00","00","00","00","00","00","00","00","00","00","00","00","00","00","00"]},"2322":{"keys":[3,7],"grid":[" (!*","00","00","00","00","00","00","00","00","00","00","00","00","00","00","00"]},"2327":{"keys":[3,7],"grid":[" (!*","00","00","00","00","00","00","00","00","00","00","00","00","00","00","00"]},"2340":{"keys":[3,7],"grid":[" (!*","00","00","00","00","00","00","00","00","00","00","00","00","00","00","00"]},"2330":{"keys":[3,7],"grid":[" (!*","00","00","00","00","00","00","00","00","00","00","00","00","00","00","00"]},"2331":{"keys":[3,7],"grid":[" (!*","00","00","00","00","00","00","00","00","00","00","00","00","00","00","00"]},"2332":{"keys":[3,7],"grid":[" (!*","00","00","00","00","00","00","00","00","00","00","00","00","00","00","00"]},"2333":{"keys":[3,7],"grid":[" (!*","00","00","00","00","00","00","00","00","00","00","00","00","00","00","00"]},"2334":{"keys":[3,7],"grid":[" (!*","00","00","00","00","00","00","00","00","00","00","00","00","00","00","00"]},"2325":{"keys":[3,7],"grid":[" (!*","00","00","00","00","00","00","00","00","00","00","00","00","00","00","00"]},"2336":{"keys":[3,7],"grid":[" (!*","00","00","00","00","00","00","00","00","00","00","00","00","00","00","00"]},"2319":{"keys":[3,7],"grid":[" (!*","00","00","00","00","00","00","00","00","00","00","00","00","00","00","00"]},"2316":{"keys":[3,7],"grid":[" (!*","00","00","00","00","00","00","00","00","00","00","00","00","00","00","00"]},"2339":{"keys":[3,7],"grid":[" (!*","00","00","00","00","00","00","00","00","00","00","00","00","00","00","00"]},"2314":{"keys":[3,7],"grid":[" (!*","00","00","00","00","00","00","00","00","00","00","00","00","00","00","00"]},"2324":{"keys":[3,7],"grid":[" (!*","00","00","00","00","00","00","00","00","00","00","00","00","00","00","00"]},"2312":{"keys":[3,7],"grid":[" (!*","00","00","00","00","00","00","00","00","00","00","00","00","00","00","00"]},"2313":{"keys":[3,7],"grid":[" (!*","00","00","00","00","00","00","00","00","00","00","00","00","00","00","00"]},"2310":{"keys":[3,7],"grid":[" (!*","00","00","00","00","00","00","00","00","00","00","00","00","00","00","00"]},"2311":{"keys":[3,7],"grid":[" (!*","00","00","00","00","00","00","00","00","00","00","00","00","00","00","00"]},"2338":{"keys":[3,7],"grid":[" (!*","00","00","00","00","00","00","00","00","00","00","00","00","00","00","00"]},"2358":{"keys":[3,7],"grid":[" (!*","00","00","00","00","00","00","00","00","00","00","00","00","00","00","00"]},"2359":{"keys":[3,7],"grid":[" (!*","00","00","00","00","00","00","00","00","00","00","00","00","00","00","00"]},"2317":{"keys":[3,7],"grid":[" (!*","00","00","00","00","00","00","00","00","00","00","00","00","00","00","00"]},"2352":{"keys":[3,7],"grid":[" (!*","00","00","00","00","00","00","00","00","00","00","00","00","00","00","00"]},"2353":{"keys":[3,7],"grid":[" (!*","00","00","00","00","00","00","00","00","00","00","00","00","00","00","00"]},"2350":{"keys":[3,7],"grid":[" (!*","00","00","00","00","00","00","00","00","00","00","00","00","00","00","00"]},"2351":{"keys":[3,7],"grid":[" (!*","00","00","00","00","00","00","00","00","00","00","00","00","00","00","00"]},"2356":{"keys":[3,7],"grid":[" (!*","00","00","00","00","00","00","00","00","00","00","00","00","00","00","00"]},"2318":{"keys":[3,7],"grid":[" (!*","00","00","00","00","00","00","00","00","00","00","00","00","00","00","00"]},"2354":{"keys":[3,7],"grid":[" (!*","00","00","00","00","00","00","00","00","00","00","00","00","00","00","00"]},"2355":{"keys":[3,7],"grid":[" (!*","00","00","00","00","00","00","00","00","00","00","00","00","00","00","00"]}},"889":{"2365":{"keys":[7,3],"grid":[" "," "," "," "," "," "," "," "," ","!$ .","!& ,","!) )","!+ '","!- %","!0 !","!"]}},"888":{"2365":{"keys":[7,3],"grid":[" "," "," ","!$ .","!& ,","!) )","!, &","!/ #","!","!","!","!","!","!","!","!"]}},"959":{"2406":{"keys":[7],"grid":[" "," "," "," "," "," "," "," "," "," "," "," "," "," "," "," "]},"2407":{"keys":[3,7],"grid":[" !!0"," #!/"," $!."," %!-"," &!,"," '!+"," (!*","06"," )!)"," *!("," +!'"," ,!&"," -!%"," .!$"," /!#"," 0!!"]},"2408":{"keys":[3],"grid":[" "," "," "," "," "," "," "," "," "," "," "," "," "," "," "," "]}},"958":{"2406":{"keys":[3,7],"grid":[" #!/"," $!."," %!-","02"," &!,"," '!+"," (!*"," )!)"," *!("," +!'"," ,!&"," -!%"," .!$"," /!#"," 0!!"," "]},"2405":{"keys":[7,3],"grid":[" "," "," "," "," "," "," "," "," "," "," "," "," "," "," ","!! 0"]}},"951":{"2398":{"keys":[7,3],"grid":[" "," "," "," "," "," "," "," "," "," "," "," ","!! 0","!# /","!$ .","!% -"]},"2399":{"keys":[3,7],"grid":[" &!,"," '!+"," (!*"," )!)"," *!("," +!'"," ,!&","06"," -!%"," .!$"," /!#"," 0!!"," "," "," "," "]}},"950":{"2397":{"keys":[7,3],"grid":[" "," "," "," "," "," "," "," "," "," "," "," ","!! 0","!# /","!$ .","!% -"]},"2398":{"keys":[3,7],"grid":[" &!,"," '!+"," (!*"," )!)"," *!("," +!'"," ,!&"," -!%"," .!$"," /!#"," 0!!"," "," "," "," "," "]}},"953":{"2400":{"keys":[7,3],"grid":[" "," "," "," "," "," "," "," "," "," "," "," ","!! 0","!# /","!$ .","14"]},"2401":{"keys":[3,7],"grid":[" %!-"," &!,"," '!+"," (!*"," )!)"," *!("," +!'"," ,!&"," -!%"," .!$"," /!#"," 0!!"," "," "," "," "]}},"952":{"2400":{"keys":[3,7],"grid":[" %!-"," &!,"," '!+"," (!*"," )!)"," *!("," +!'"," ,!&"," -!%"," .!$"," 0!!"," "," "," "," "," "]},"2399":{"keys":[7,3],"grid":[" "," "," "," "," "," "," "," "," "," "," "," "," ","!! 0","!# /","!$ ."]}},"955":{"2402":{"keys":[7,3],"grid":[" "," "," "," "," "," "," "," "," "," "," "," "," "," ","!! 0","!# /"]},"2403":{"keys":[3,7],"grid":[" $!."," %!-"," &!,"," '!+"," (!*"," )!)"," *!("," +!'"," ,!&"," -!%"," .!$"," /!#"," 0!!"," "," "," "]}},"1013":{"2389":{"keys":[3],"grid":[" "," "," "," "," "," "," "," "," "," "," "," "," "," "," "," "]},"2388":{"keys":[7,3],"grid":[" "," ","!# /","!$ .","!% -","!& ,","!' +","!( *","!) )","!* (","!+ '","!, &","!- %","!. $","!/ #","!0 !"]}},"957":{"2404":{"keys":[7,3],"grid":[" "," "," "," "," "," "," "," "," "," "," "," "," "," "," ","!! 0"]},"2405":{"keys":[3,7],"grid":[" #!/"," $!."," %!-"," &!,"," '!+"," (!*"," )!)"," *!("," +!'"," ,!&"," -!%"," .!$"," /!#"," 0!!"," "," "]}},"956":{"2404":{"keys":[3,7],"grid":[" $!."," %!-"," &!,"," '!+","03"," (!*"," )!)"," *!("," +!'"," ,!&"," -!%"," .!$"," /!#"," 0!!"," "," "]},"2403":{"keys":[7,3],"grid":[" "," "," "," "," "," "," "," "," "," "," "," "," "," ","!! 0","!# /"]}},"890":{"2366":{"keys":[3,7],"grid":[" %!-"," '!+"," )!)"," ,!&"," .!$"," "," "," "," "," "," "," "," "," "," "," "]},"2365":{"keys":[7,3],"grid":[" "," "," "," "," "," "," "," "," "," "," "," "," "," "," ","!! 0"]}},"891":{"2366":{"keys":[7,3],"grid":[" "," "," "," "," "," ","!# /","!& ,","!( *","!* (","!- %","!/ #","!","!","!","!"]}},"892":{"2367":{"keys":[3,7],"grid":[" +!'"," .!$"," "," "," "," "," "," "," "," "," "," "," "," "," "," "]},"2366":{"keys":[7,3],"grid":[" "," "," "," "," "," "," "," "," "," "," "," ","!! 0","!$ .","!& ,","!) )"]}},"893":{"2367":{"keys":[7,3],"grid":[" "," "," ","!$ .","!' +","!* (","!- %","!0 !","!","!","!","!","!","!","!","!"]}},"894":{"2367":{"keys":[7,3],"grid":[" "," "," "," "," "," "," "," ","!# /","!& ,","!) )","!, &","!0 !","!","!","!"]}},"895":{"2367":{"keys":[7,3],"grid":[" "," "," "," "," "," "," "," "," "," "," "," "," ","!# /","!& ,","!) )"]},"2368":{"keys":[3,7],"grid":[" ,!&"," /!#"," "," "," "," "," "," "," "," "," "," "," "," "," "," "]}},"896":{"2368":{"keys":[7,3],"grid":[" "," ","!! 0","!% -","!( *","!+ '","!. $","!","!","!","!","!","!","!","!","!"]}},"897":{"2368":{"keys":[7,3],"grid":[" "," "," "," "," "," "," "," ","!$ .","!' +","!* (","!- %","!0 !","!","!","!"]}},"898":{"2367":{"keys":[7,3],"grid":[" "," "," "," "," 0!!","04"," /!#","06","06"," .!$","09","09"," -!%","12","12"," ,!&"]},"2368":{"keys":[7,3],"grid":[" ,!&","00"," +!'","02","02"," *!(","05","05"," )!)","08"," (!*","10","10","!# %!+","!& !!+","!"]}},"899":{"2367":{"keys":[7,3],"grid":[" !!0","!","!","!","!","!","!","!","!","!","!","!","!","!","!","!"]},"2366":{"keys":[7,3],"grid":[" '!+","00"," &!,","02","02"," %!-","05","05"," $!.","08","08"," #!/","11","11"," !!0","14"]},"2365":{"keys":[7,3],"grid":[" -!%"," ,!&","01","01"," +!'","04","04"," *!(","07","07"," )!)","10","10"," (!*","13","13"]},"2364":{"keys":[7,3],"grid":[" "," "," "," "," "," "," "," "," "," "," "," "," "," "," -!# #"," -!%"]}},"1018":{"2394":{"keys":[3,7],"grid":[" 0!!"," "," "," "," "," "," "," "," "," "," "," "," "," "," "," "]},"2392":{"keys":[7,3],"grid":[" "," "," "," "," "," "," ","!! 0","!# /","!$ .","!' +","!, &","11","11","!- %","14"]},"2393":{"keys":[3,7],"grid":[" -!%","00","00"," .!$","03","03","03","03"," /!#","08","08","08","08"," 0!!","13","13"]}},"948":{"2396":{"keys":[3,7],"grid":[" '!+"," (!*"," )!)"," *!("," +!'"," ,!&"," -!%"," .!$"," /!#"," 0!!"," "," "," "," "," "," "]},"2395":{"keys":[7,3],"grid":[" "," "," "," "," "," "," "," "," "," "," ","!! 0","!# /","!$ .","!% -","!& ,"]}},"949":{"2396":{"keys":[7,3],"grid":[" "," "," "," "," "," "," "," "," "," "," ","!! 0","!# /","!$ .","!% -","!& ,"]},"2397":{"keys":[3,7],"grid":[" &!,"," '!+"," (!*"," )!)"," *!("," +!'"," ,!&"," -!%"," .!$"," /!#"," 0!!"," "," "," "," "," "]}},"946":{"2394":{"keys":[3,7],"grid":[" (!*"," )!)","01"," *!("," +!'"," ,!&"," -!%"," .!$"," /!#"," 0!!"," "," "," "," "," "," "]},"2393":{"keys":[7,3],"grid":[" "," "," "," "," "," "," "," "," "," ","!! 0","!# /","!$ .","!% -","!& ,","!' +"]}},"947":{"2394":{"keys":[7,3],"grid":[" "," "," "," "," "," "," "," "," "," "," ","!! 0","!# /","!$ .","!% -","!& ,"]},"2395":{"keys":[3,7],"grid":[" '!+"," (!*"," )!)"," *!("," +!'"," ,!&"," -!%"," .!$"," /!#"," 0!!"," "," "," "," "," "," "]}},"944":{"2392":{"keys":[3,7],"grid":[" (!*"," )!)"," *!("," +!'"," ,!&"," -!%"," .!$"," /!#"," 0!!"," "," "," "," "," "," "," "]},"2391":{"keys":[7,3],"grid":[" "," "," "," "," "," "," "," "," ","!! 0","09","!# /","!$ .","!% -","!& ,","!' +"]}},"945":{"2392":{"keys":[7,3],"grid":[" "," "," "," "," "," "," "," "," "," ","!! 0","!# /","!$ .","!% -","!& ,","!' +"]},"2393":{"keys":[3,7],"grid":[" (!*"," )!)"," *!("," +!'"," ,!&"," -!%"," .!$"," /!#"," 0!!"," "," "," "," "," "," "," "]}},"942":{"2389":{"keys":[7,3],"grid":[" "," "," "," "," "," "," "," "," ","!! 0","!# /","!$ .","!% -","!& ,","!' +","!( *"]},"2390":{"keys":[3,7],"grid":[" )!)"," *!("," +!'"," ,!&"," -!%","04"," .!$"," /!#"," 0!!"," "," "," "," "," "," "," "]}},"943":{"2390":{"keys":[7,3],"grid":[" "," "," "," "," "," "," "," "," "," ","!! 0","!# /","!$ .","!% -","!& ,","!' +"]},"2391":{"keys":[3,7],"grid":[" (!*"," )!)"," *!("," +!'"," ,!&"," -!%"," .!$"," /!#"," 0!!"," "," "," "," "," "," "," "]}},"940":{"2383":{"keys":[7,3],"grid":[" "," "," "," "," "," ","!! 0","06","06","06","06","!# /","11","11","11","11"]},"2385":{"keys":[3,7],"grid":[" '!+","00","00"," (!*","03","03","03","03","03","03"," )!)","10","10","10","10","10"]},"2384":{"keys":[3,7],"grid":[" #!/"," $!.","01","01"," %!-","04","04"," &!,","07","07","07"," '!+","11","11","11","11"]},"2387":{"keys":[3,7],"grid":[" -!%","00"," .!$","02","02","02"," /!#","06"," 0!!","08","08"," "," "," "," "," "]},"2386":{"keys":[3,7],"grid":[" )!)","00","00"," *!(","03","03","03","03","03"," +!'","09","09"," ,!&","12","12"," -!%"]}},"941":{"2389":{"keys":[3,7],"grid":[" +!'"," ,!&","01"," -!%"," .!$"," /!#"," 0!!","06"," "," "," "," "," "," "," "," "]},"2388":{"keys":[3,7],"grid":[" #!/"," $!.","01"," %!-","03"," &!,","05"," '!+","07"," (!*","09"," )!)","11"," *!(","13"," +!'"]},"2387":{"keys":[7,3],"grid":[" "," "," "," "," "," "," "," "," "," "," "," "," ","!! 0","13","!# /"]}}}}